/*******************************************************************************
 * Size: 72 px
 * Bpp: 4
 * Opts: --font D:/My_STM32_Project/UIBUILDWER/first_ui_project/resources/font/AktivGroteskMedium.ttf --size 72 --bpp 4 -r 0x0020-0x007e -r 0x2191 -r 0x2193 -r 0x00b0 --format lvgl -o D:/My_STM32_Project/UIBUILDWER/first_ui_project/ui_builder/font/c_aktivgroteskmedium_72.c
 ******************************************************************************/

#ifdef __has_include
    #if __has_include("lvgl.h")
        #ifndef LV_LVGL_H_INCLUDE_SIMPLE
            #define LV_LVGL_H_INCLUDE_SIMPLE
        #endif
    #endif
#endif

#ifdef LV_LVGL_H_INCLUDE_SIMPLE
    #include "lvgl.h"
#else
    #include "lvgl/lvgl.h"
#endif

#ifndef C_AKTIVGROTESKMEDIUM_72
#define C_AKTIVGROTESKMEDIUM_72 1
#endif

#if C_AKTIVGROTESKMEDIUM_72

/*-----------------
 *    BITMAPS
 *----------------*/

/*Store the image of the glyphs*/
static LV_ATTRIBUTE_LARGE_CONST const uint8_t glyph_bitmap[] = {
    /* U+0020 " " */

    /* U+0021 "!" */
    0x3f, 0xff, 0xce, 0x1, 0xff, 0xc7, 0x10, 0xf,
    0xf0, 0x80, 0x7f, 0xf4, 0xc, 0x3, 0xfc, 0x60,
    0x1f, 0xfd, 0x1, 0x0, 0xff, 0x8, 0x7, 0xff,
    0x41, 0xc0, 0x3f, 0xfb, 0x62, 0x1, 0xff, 0x8,
    0x7, 0xff, 0x3c, 0xc0, 0x3f, 0xe3, 0x0, 0xff,
    0xe7, 0x88, 0x7, 0xfc, 0x20, 0x1f, 0xfd, 0xb7,
    0x0, 0xff, 0xe2, 0x8, 0x7, 0xff, 0x2a, 0x2a,
    0xbe, 0x0, 0x1a, 0xaf, 0x90, 0x3, 0xff, 0xba,
    0x3f, 0xff, 0x90, 0x3, 0xff, 0xfe, 0x1, 0xff,
    0xc2, 0x70,

    /* U+0022 "\"" */
    0x5f, 0xff, 0xb0, 0x2, 0x2f, 0xff, 0xc2, 0x1,
    0xff, 0xc7, 0x10, 0xf, 0xce, 0x1, 0x18, 0x7,
    0xff, 0x45, 0xc0, 0x3e, 0x10, 0x8, 0x40, 0x3e,
    0x30, 0xf, 0xfe, 0x48, 0x80, 0x7c, 0x60, 0x1f,
    0xf0, 0x80, 0x7f, 0xf2, 0x4c, 0x3, 0xff, 0x8e,
    0xe0, 0x1f, 0x84, 0x3, 0x8, 0x7, 0xc2, 0x1,
    0xff, 0xd0, 0xf0, 0xc, 0x60, 0x1e, 0x10, 0xf,
    0xfe, 0xb0, 0x80, 0x78, 0xc0, 0x3f, 0x8, 0x7,
    0xff, 0x4, 0x40, 0x3f, 0xf8, 0xc2, 0x1, 0xf8,
    0xc0, 0x33, 0x80, 0x7e, 0x30, 0xf, 0xfe, 0x78,
    0x80, 0x61, 0x0, 0xf7, 0x86, 0xf7, 0x79, 0x0,
    0x35, 0x77, 0x79, 0xc0,

    /* U+0023 "#" */
    0x0, 0xff, 0xe0, 0x37, 0xff, 0xac, 0x3, 0xfb,
    0x3f, 0xfc, 0x80, 0x1f, 0xfc, 0x4e, 0x0, 0xf1,
    0x80, 0x7f, 0x10, 0x7, 0x98, 0x3, 0xff, 0x88,
    0x60, 0x1e, 0xe0, 0xf, 0xc2, 0x20, 0xf, 0x10,
    0x7, 0xff, 0x11, 0x40, 0x3c, 0xa0, 0x1f, 0x94,
    0x3, 0xc6, 0x1, 0xff, 0xc5, 0x10, 0xf, 0x18,
    0x7, 0xe2, 0x0, 0xf3, 0x0, 0x7f, 0xf1, 0xc,
    0x3, 0xc2, 0x1, 0xfd, 0xe0, 0x1e, 0xd0, 0xf,
    0xfe, 0x23, 0x0, 0x79, 0x40, 0x3f, 0x88, 0x3,
    0xc4, 0x1, 0xff, 0xc4, 0xd0, 0xf, 0x18, 0x7,
    0xf2, 0x80, 0x79, 0xc0, 0x3f, 0xf8, 0x86, 0x1,
    0xee, 0x0, 0xfc, 0x22, 0x0, 0xf1, 0x0, 0x7f,
    0xf1, 0x18, 0x3, 0xca, 0x1, 0xf8, 0x80, 0x3c,
    0x40, 0x1f, 0xfc, 0x52, 0x0, 0xf1, 0x80, 0x7e,
    0x50, 0xf, 0x38, 0x7, 0xff, 0x10, 0x80, 0x3c,
    0x20, 0x1f, 0xdc, 0x1, 0xe2, 0x0, 0xfc, 0x9f,
    0xff, 0x68, 0x7, 0x87, 0xff, 0xf9, 0xc0, 0x3c,
    0xff, 0xfc, 0x20, 0x1f, 0xff, 0xf0, 0xf, 0xff,
    0xf8, 0x7, 0xff, 0xb5, 0x3b, 0xbd, 0x20, 0x1e,
    0x3e, 0xef, 0xe5, 0x0, 0xf4, 0x77, 0x78, 0x40,
    0x21, 0x1f, 0x80, 0x3c, 0xa2, 0x3f, 0xcc, 0x1,
    0xe3, 0x11, 0xf0, 0x7, 0xfb, 0x40, 0x3d, 0xc0,
    0x1f, 0xc6, 0x1, 0xe5, 0x0, 0xff, 0xe2, 0x38,
    0x7, 0x8c, 0x3, 0xf1, 0x0, 0x78, 0x44, 0x1,
    0xff, 0xc4, 0x20, 0xf, 0x28, 0x7, 0xe6, 0x0,
    0xf1, 0x0, 0x7f, 0xf1, 0x8, 0x3, 0xe1, 0x0,
    0xfc, 0x60, 0x1e, 0x50, 0xf, 0xfe, 0x23, 0x80,
    0x78, 0xc0, 0x3f, 0xb4, 0x3, 0xdc, 0x1, 0xff,
    0xc4, 0x20, 0xf, 0x28, 0x7, 0xf3, 0x80, 0x78,
    0xc0, 0x3f, 0xf8, 0x9a, 0x1, 0xee, 0x0, 0xfe,
    0x20, 0xf, 0x28, 0x7, 0xff, 0x11, 0x80, 0x3c,
    0x60, 0x1f, 0x88, 0x3, 0xe1, 0x0, 0xff, 0xe2,
    0x18, 0x7, 0x94, 0x3, 0xf3, 0x80, 0x78, 0xc0,
    0x3f, 0xf8, 0x84, 0x1, 0xe1, 0x10, 0x7, 0xed,
    0x0, 0xf3, 0x0, 0x7f, 0x8, 0xfc, 0xe0, 0x1e,
    0x21, 0x1f, 0xe3, 0x0, 0xf1, 0x8, 0xf8, 0x2,
    0xbe, 0xef, 0x50, 0x7, 0x8f, 0xbb, 0xf9, 0x0,
    0x3c, 0xfd, 0xdd, 0x0, 0x1f, 0xff, 0xf0, 0xf,
    0xff, 0xf8, 0x7, 0xff, 0xba, 0xbf, 0xfa, 0x0,
    0x3c, 0xdf, 0xff, 0xc4, 0x1, 0xec, 0xff, 0xf4,
    0x80, 0x7f, 0x70, 0x7, 0xb8, 0x3, 0xf8, 0x80,
    0x3c, 0x40, 0x1f, 0xfc, 0x45, 0x0, 0xf1, 0x80,
    0x7e, 0x20, 0xf, 0x8, 0x80, 0x3f, 0xf8, 0x86,
    0x1, 0xe5, 0x0, 0xfc, 0xc0, 0x1e, 0x50, 0xf,
    0xfe, 0x20, 0x80, 0x7c, 0x20, 0x1f, 0x8c, 0x3,
    0xc4, 0x1, 0xff, 0xc4, 0x50, 0xf, 0x18, 0x7,
    0xf6, 0x80, 0x7b, 0xc0, 0x3f, 0xf8, 0x84, 0x1,
    0xe6, 0x0, 0xfe, 0x60, 0xf, 0x10, 0x7, 0xff,
    0x13, 0xc0, 0x3d, 0xa0, 0x1f, 0xc6, 0x1, 0xe5,
    0x0, 0xff, 0xe2, 0x28, 0x7, 0x88, 0x3, 0xf0,
    0x80, 0x78, 0x44, 0x1, 0xff, 0xc4, 0x20, 0xf,
    0x38, 0x7, 0xe5, 0x0, 0xf1, 0x0, 0x7f, 0xf1,
    0x4, 0x40, 0x1e, 0x20, 0xf, 0xc6, 0x1, 0xe5,
    0x0, 0xff, 0xe2, 0x10, 0x7, 0x88, 0x3, 0xfb,
    0x80, 0x3d, 0xc0, 0x1f, 0xfc, 0x0,

    /* U+0024 "$" */
    0x0, 0xff, 0xe2, 0xa2, 0x61, 0x0, 0xff, 0xea,
    0xd, 0xde, 0x50, 0xf, 0xff, 0xf8, 0x7, 0xff,
    0xfc, 0x3, 0xff, 0xf0, 0x6f, 0x59, 0xe0, 0x1a,
    0xb2, 0x9c, 0xc0, 0x3f, 0xf9, 0x25, 0x3d, 0x90,
    0xa6, 0x20, 0x18, 0x4d, 0x63, 0x3a, 0x48, 0x3,
    0xff, 0x88, 0x57, 0xac, 0x20, 0x1f, 0xfc, 0x21,
    0x6d, 0x91, 0x0, 0xff, 0xe0, 0xb6, 0xa0, 0x7,
    0xff, 0x21, 0xbd, 0x0, 0x3f, 0xe8, 0x90, 0xf,
    0xfe, 0x58, 0xda, 0x80, 0x7f, 0x43, 0x80, 0x7f,
    0xf3, 0xa9, 0x0, 0x3e, 0x47, 0x0, 0xff, 0x1a,
    0x80, 0x63, 0x20, 0xf, 0xf5, 0x8, 0x7, 0xa8,
    0x3, 0xf1, 0x4f, 0xe5, 0x80, 0x68, 0xdd, 0x30,
    0x7, 0xe1, 0x80, 0xe, 0x61, 0x0, 0xf9, 0x75,
    0x80, 0x3f, 0x8a, 0x70, 0x3, 0xf3, 0x8, 0x6,
    0xb0, 0xf, 0x92, 0x80, 0x3f, 0xf8, 0x27, 0x40,
    0x1f, 0xa4, 0x2, 0x12, 0x0, 0xfa, 0x80, 0x3f,
    0xf8, 0x6a, 0x80, 0x1f, 0x28, 0x4, 0x80, 0x1f,
    0x20, 0x80, 0x7f, 0xf1, 0x20, 0x3, 0xe2, 0x20,
    0x0, 0x80, 0x3e, 0x30, 0xf, 0xfe, 0x29, 0x90,
    0x7, 0xc8, 0x0, 0xe0, 0xf, 0xbc, 0x3, 0xff,
    0x8c, 0xa0, 0x1f, 0x78, 0x7, 0xff, 0x46, 0xc0,
    0x2, 0x8d, 0x37, 0x0, 0x1f, 0xee, 0x0, 0xff,
    0xe3, 0x1e, 0xff, 0x5c, 0xb2, 0x8, 0x0, 0x40,
    0x3e, 0x40, 0xf, 0xfe, 0x39, 0x0, 0x7f, 0x70,
    0x7, 0xc4, 0x80, 0x1f, 0xfd, 0x5, 0x0, 0xfd,
    0x20, 0x1f, 0xfd, 0x3, 0x10, 0xf, 0x8b, 0x4,
    0x3, 0xff, 0x9e, 0xe0, 0x1f, 0x8f, 0xa4, 0xc0,
    0x3f, 0xf9, 0xb0, 0x1, 0xfe, 0x6c, 0xea, 0x0,
    0xff, 0xe5, 0x8b, 0x80, 0x7f, 0xc2, 0x80, 0x1b,
    0xdd, 0x0, 0x3f, 0xf8, 0xb0, 0x60, 0x1f, 0xfc,
    0x44, 0x8b, 0xfc, 0x82, 0x0, 0xff, 0xe1, 0x69,
    0x0, 0x7f, 0xf1, 0xcd, 0xf7, 0x14, 0x3, 0xff,
    0x80, 0x38, 0x80, 0x1f, 0xfc, 0x93, 0xac, 0x30,
    0xf, 0xf8, 0x6e, 0x44, 0x3, 0xff, 0x92, 0x78,
    0xe0, 0x1f, 0xfc, 0x6, 0xe9, 0x20, 0xf, 0xfe,
    0x4c, 0x50, 0x7, 0xff, 0x5, 0xb7, 0x50, 0x60,
    0x1f, 0xfc, 0x75, 0x70, 0xf, 0xfe, 0x11, 0x3e,
    0x7e, 0x40, 0x7, 0xff, 0x16, 0xc, 0x3, 0xff,
    0x8a, 0x6c, 0x1, 0x9d, 0x44, 0x3, 0xfe, 0x80,
    0xf, 0xfe, 0x5e, 0x57, 0x51, 0x0, 0x7f, 0x21,
    0x0, 0x7f, 0xf3, 0x57, 0x58, 0x3, 0xfa, 0x80,
    0x3f, 0xf9, 0xf2, 0xc0, 0x1f, 0x8c, 0x3, 0xff,
    0xa1, 0x22, 0x1, 0xf2, 0x0, 0x7f, 0xf4, 0x58,
    0x3, 0xf0, 0x9b, 0x37, 0xc6, 0x1, 0xff, 0xc7,
    0xc0, 0xf, 0xc6, 0x93, 0x3f, 0x80, 0x3f, 0xf8,
    0xec, 0x1, 0xf8, 0x48, 0x3, 0xe6, 0x0, 0xff,
    0xe8, 0xb, 0x0, 0x7c, 0x60, 0x1f, 0xfc, 0x71,
    0x0, 0xfc, 0x66, 0x0, 0xfc, 0xa0, 0x1f, 0xfc,
    0x65, 0x0, 0xfc, 0x20, 0x60, 0x1f, 0x48, 0x7,
    0xff, 0x1b, 0x40, 0x3e, 0x40, 0x5, 0x80, 0x7c,
    0x6a, 0x1, 0xff, 0xc4, 0x34, 0x0, 0xfb, 0x0,
    0xc, 0x1, 0xfa, 0x90, 0x3, 0xff, 0x84, 0x3c,
    0x1, 0xf9, 0x40, 0x2, 0xc0, 0x1f, 0xae, 0x4,
    0x3, 0xfe, 0x3c, 0x20, 0xf, 0x94, 0x80, 0x2b,
    0x0, 0xfe, 0x7e, 0xa6, 0x20, 0xc, 0x26, 0xd7,
    0x84, 0x1, 0xfa, 0x0, 0x31, 0x50, 0x7, 0xf9,
    0x67, 0x0, 0x35, 0x64, 0xa0, 0x7, 0xf4, 0x90,
    0x7, 0x2b, 0x0, 0x7f, 0xf4, 0x19, 0x80, 0x1f,
    0x4b, 0x80, 0x7f, 0xf3, 0x96, 0x40, 0x3f, 0xa2,
    0x80, 0x3f, 0xf9, 0x93, 0x40, 0x1f, 0xf2, 0xf3,
    0x0, 0x7f, 0xf2, 0x17, 0x58, 0x3, 0xff, 0x82,
    0x33, 0xae, 0x40, 0x1f, 0xfc, 0x22, 0x7d, 0xa2,
    0x0, 0xff, 0xe2, 0x14, 0x6f, 0x5c, 0xc3, 0x80,
    0x65, 0x89, 0xbe, 0xd8, 0x20, 0xf, 0xfe, 0x48,
    0xa3, 0x3c, 0x80, 0x6e, 0x76, 0x41, 0x0, 0xff,
    0xff, 0x80, 0x7f, 0xff, 0xc0, 0x3f, 0xff, 0xe0,
    0x1f, 0xfc, 0x30,

    /* U+0025 "%" */
    0x0, 0xfc, 0x2d, 0x5b, 0xdf, 0xd9, 0x2a, 0x1,
    0xff, 0xe8, 0x19, 0xe9, 0x52, 0x10, 0x13, 0x6a,
    0xf7, 0x0, 0xff, 0xe4, 0x46, 0x67, 0xc6, 0x1,
    0xff, 0xc8, 0x4e, 0x60, 0xf, 0xfa, 0x34, 0x80,
    0x3f, 0xf8, 0xa4, 0xe6, 0x7e, 0x13, 0x0, 0xff,
    0xe3, 0xb5, 0x80, 0x7f, 0xf0, 0x8b, 0xc, 0x3,
    0xff, 0x89, 0x0, 0x1f, 0x40, 0x7, 0xff, 0x1d,
    0x24, 0x3, 0xff, 0x88, 0x3a, 0x20, 0x1f, 0xfc,
    0x22, 0x50, 0xf, 0x12, 0x80, 0x7f, 0xf1, 0x86,
    0x80, 0x3f, 0xf8, 0xc3, 0x40, 0x1f, 0xfc, 0x28,
    0x0, 0xfa, 0x0, 0x3f, 0xf8, 0xf0, 0x20, 0x1e,
    0x2a, 0xde, 0xd8, 0x10, 0xf, 0x22, 0x80, 0x7f,
    0xf0, 0x9, 0x40, 0x3c, 0x4a, 0x1, 0xff, 0xc6,
    0x16, 0x0, 0xf2, 0xea, 0x90, 0x93, 0xf9, 0x0,
    0x7a, 0x40, 0x3f, 0xf8, 0x10, 0x1, 0xf4, 0x0,
    0x7f, 0xf1, 0xd8, 0x3, 0xc5, 0x40, 0x1e, 0x1f,
    0x0, 0xf1, 0x90, 0x7, 0xf8, 0x94, 0x3, 0xc4,
    0xa0, 0x1f, 0xfc, 0x7b, 0x0, 0xf4, 0x0, 0x7e,
    0x25, 0x0, 0xf2, 0x80, 0x7f, 0xa0, 0x3, 0xe8,
    0x0, 0xff, 0xe4, 0x18, 0x7, 0x94, 0x3, 0xfb,
    0xc0, 0x3d, 0x80, 0x1f, 0xc4, 0xa0, 0x1e, 0x25,
    0x0, 0xff, 0xe3, 0x98, 0x7, 0x8c, 0x3, 0xfc,
    0x80, 0x1e, 0x50, 0xf, 0xe8, 0x0, 0xfa, 0x0,
    0x3f, 0xf9, 0xa, 0x1, 0xe5, 0x0, 0xff, 0x8,
    0x80, 0x38, 0x44, 0x1, 0xf1, 0x28, 0x7, 0x89,
    0x40, 0x3f, 0xf9, 0x1c, 0x1, 0xee, 0x0, 0xff,
    0x88, 0x3, 0xc6, 0x1, 0xf5, 0x80, 0x7d, 0x0,
    0x1f, 0xfc, 0x91, 0x0, 0xf0, 0x80, 0x7f, 0xf1,
    0x84, 0x3, 0xc4, 0xc0, 0x1e, 0x25, 0x0, 0xff,
    0xee, 0x38, 0x7, 0x9c, 0x3, 0xd6, 0x1, 0xf4,
    0x0, 0x7f, 0xf4, 0x4c, 0x3, 0xff, 0x98, 0x4c,
    0x1, 0xe2, 0x50, 0xf, 0xfe, 0x89, 0x80, 0x7f,
    0xf3, 0x2c, 0x3, 0xe8, 0x0, 0xff, 0xe5, 0x88,
    0x7, 0x84, 0x3, 0xfe, 0x70, 0xf, 0x38, 0x6,
    0x26, 0x0, 0xf1, 0x28, 0x7, 0xff, 0x2f, 0xc0,
    0x3d, 0xc0, 0x1f, 0xf1, 0x0, 0x78, 0x80, 0x35,
    0x80, 0x7d, 0x60, 0x1f, 0xfc, 0xc3, 0x0, 0xf1,
    0x0, 0x7f, 0xc2, 0x1, 0xe1, 0x0, 0x85, 0x80,
    0x3c, 0x4c, 0x1, 0xff, 0xcc, 0x60, 0xf, 0x28,
    0x7, 0xf9, 0x0, 0x3c, 0x60, 0x1a, 0x0, 0x3e,
    0xb0, 0xf, 0x92, 0x73, 0xbf, 0xb6, 0xd8, 0x40,
    0x3f, 0x10, 0x80, 0x70, 0xa0, 0x7, 0xf6, 0x80,
    0x79, 0x0, 0x21, 0x60, 0xf, 0x13, 0x0, 0x73,
    0x75, 0xb1, 0x88, 0x9, 0x24, 0xf4, 0x88, 0x7,
    0xce, 0x1, 0xef, 0x0, 0xfc, 0x2c, 0x1, 0xeb,
    0x0, 0xa0, 0x3, 0xeb, 0x0, 0xc3, 0xb2, 0x20,
    0x1f, 0xe6, 0xe5, 0x0, 0xf6, 0x80, 0x79, 0x20,
    0x3, 0xed, 0x0, 0xf1, 0x18, 0x0, 0x58, 0x3,
    0xc4, 0xc0, 0x11, 0x79, 0x0, 0x7f, 0xf0, 0xa9,
    0x80, 0x39, 0xc, 0x3, 0xcf, 0x68, 0x20, 0x2d,
    0xc6, 0x1, 0xeb, 0x0, 0xa0, 0x3, 0xeb, 0x0,
    0x87, 0x4, 0x3, 0xff, 0x89, 0x2a, 0x1, 0xd0,
    0x1, 0xf2, 0x5f, 0x7f, 0x48, 0x80, 0x78, 0x98,
    0x0, 0x2c, 0x1, 0xe1, 0x60, 0xa, 0x84, 0x3,
    0xff, 0x8d, 0x62, 0x1, 0x91, 0xc0, 0x3f, 0xf8,
    0xfc, 0x1, 0x40, 0x7, 0xd0, 0x1, 0x22, 0x0,
    0x3c, 0x31, 0xbd, 0xb4, 0x40, 0x1e, 0x1b, 0x0,
    0xe8, 0x60, 0xf, 0xfe, 0x2d, 0x18, 0x0, 0x58,
    0x3, 0xc2, 0xc0, 0x17, 0x80, 0x78, 0xbd, 0xc8,
    0x49, 0x75, 0x40, 0x3c, 0xa2, 0x1, 0xd2, 0xe0,
    0x1f, 0xfc, 0x21, 0xb5, 0x0, 0xa0, 0x3, 0xe8,
    0x0, 0x89, 0x0, 0x3d, 0xe2, 0x1, 0xea, 0x20,
    0xf, 0x30, 0x7, 0xa3, 0x50, 0x3, 0xfe, 0x6f,
    0x40, 0x8, 0x58, 0x3, 0xc2, 0xc0, 0x12, 0x80,
    0x79, 0x48, 0x3, 0xf4, 0x0, 0x7a, 0xc0, 0x3e,
    0x2b, 0xd9, 0x42, 0x10, 0x23, 0x6a, 0xe9, 0x10,
    0xd, 0x0, 0x1f, 0x40, 0x6, 0xc0, 0xf, 0x70,
    0x7, 0xf2, 0x80, 0x78, 0xc0, 0x3f, 0x89, 0xaf,
    0x7b, 0xf7, 0x25, 0x44, 0x3, 0x85, 0x80, 0x3c,
    0x2c, 0x1, 0x94, 0x3, 0xc8, 0x1, 0xfe, 0x30,
    0xf, 0x18, 0x7, 0xff, 0x32, 0x0, 0x3e, 0x80,
    0xc, 0x22, 0x0, 0xe1, 0x0, 0xff, 0x98, 0x3,
    0xcc, 0x1, 0xff, 0xcb, 0x16, 0x0, 0xf0, 0xb0,
    0x6, 0x20, 0xf, 0x10, 0x7, 0xfc, 0x40, 0x1e,
    0x20, 0xf, 0xfe, 0x5c, 0x0, 0x7d, 0x0, 0x1c,
    0xe0, 0x1e, 0x70, 0xf, 0xfb, 0xc0, 0x3f, 0xfa,
    0x22, 0xc0, 0x1e, 0x16, 0x0, 0xe1, 0x0, 0xf0,
    0x80, 0x7f, 0xc2, 0x1, 0xef, 0x0, 0xff, 0xe5,
    0x48, 0x7, 0xd0, 0x1, 0xff, 0xd4, 0x10, 0xf,
    0xfe, 0x48, 0xb8, 0x7, 0x85, 0x80, 0x3c, 0x20,
    0x1e, 0x10, 0xf, 0xf8, 0x40, 0x3c, 0x20, 0x1f,
    0xfc, 0x99, 0x0, 0xfa, 0x0, 0x3e, 0x70, 0xf,
    0x38, 0x7, 0xff, 0x1b, 0xc0, 0x3f, 0xf9, 0x2,
    0xe0, 0x1e, 0x16, 0x0, 0xf8, 0x40, 0x3c, 0x20,
    0x1f, 0xf7, 0x0, 0x78, 0x40, 0x3f, 0xf9, 0x12,
    0x1, 0xf4, 0x0, 0x7e, 0x20, 0xf, 0x10, 0x7,
    0xfc, 0x40, 0x1e, 0x20, 0xf, 0xfe, 0x38, 0xb8,
    0x7, 0x85, 0x80, 0x3f, 0x88, 0x3, 0xc6, 0x1,
    0xfe, 0x40, 0xf, 0x28, 0x7, 0xff, 0x1e, 0x40,
    0x3e, 0x90, 0xf, 0xf2, 0x0, 0x7a, 0xc0, 0x3f,
    0x90, 0x3, 0xc4, 0x20, 0x1f, 0xfc, 0x61, 0x70,
    0xf, 0xb, 0x80, 0x7f, 0xb4, 0x3, 0xce, 0x20,
    0x1f, 0xa0, 0x3, 0xca, 0x1, 0xff, 0xc7, 0x90,
    0xf, 0xa4, 0x3, 0xfe, 0x41, 0x0, 0xf6, 0x80,
    0x7d, 0x6, 0x1, 0xea, 0x0, 0xff, 0xe3, 0xb,
    0x80, 0x78, 0x5c, 0x3, 0xff, 0x80, 0xc0, 0x1e,
    0x3d, 0x61, 0x1, 0x4b, 0x70, 0xf, 0x21, 0x0,
    0x7f, 0xf1, 0xa4, 0x3, 0xe9, 0x0, 0xff, 0xe0,
    0xc0, 0x80, 0x78, 0xa7, 0xbf, 0xad, 0x0, 0x3e,
    0x90, 0xf, 0xfe, 0x30, 0xb8, 0x7, 0x85, 0xc0,
    0x3f, 0xf8, 0x54, 0x1, 0xff, 0xc7, 0x82, 0x0,
    0xff, 0xe3, 0x48, 0x7, 0xd2, 0x1, 0xff, 0xc3,
    0x4a, 0x0, 0xff, 0xe2, 0xb3, 0x80, 0x7f, 0xf1,
    0x85, 0xc0, 0x3c, 0x2e, 0x1, 0xff, 0xc4, 0x5b,
    0x10, 0xf, 0xfe, 0x13, 0xc8, 0x7, 0xff, 0x1d,
    0x13, 0xf4, 0x0, 0x7f, 0xf1, 0x93, 0xdc, 0x3,
    0xfe, 0x4c, 0x80, 0xf, 0xfe, 0x42, 0xdd, 0xfc,
    0xc0, 0x1f, 0xfc, 0x71, 0x8e, 0xa5, 0x32, 0x1,
    0x25, 0x9d, 0xb3, 0x0, 0xf0,

    /* U+0026 "&" */
    0x0, 0xff, 0xe1, 0x8a, 0x33, 0xb9, 0x90, 0x40,
    0x3f, 0xfb, 0xf, 0x9d, 0x73, 0x10, 0x9b, 0xee,
    0x40, 0x80, 0x7f, 0xf4, 0xdf, 0xa0, 0xc0, 0x3f,
    0xb, 0xf4, 0x0, 0x7f, 0xf4, 0x6, 0xe0, 0x40,
    0x3f, 0xf8, 0x2f, 0x82, 0x1, 0xff, 0xce, 0xd4,
    0x0, 0xff, 0xe2, 0x1e, 0x0, 0x7f, 0xf3, 0x68,
    0xc0, 0x3f, 0xf8, 0xc5, 0x40, 0x1f, 0xfc, 0xb4,
    0x50, 0xf, 0xc8, 0xcc, 0x40, 0xf, 0xca, 0x80,
    0x1f, 0xfc, 0xa9, 0x0, 0xf9, 0xba, 0xe6, 0x57,
    0xca, 0x1, 0xf7, 0x80, 0x7f, 0xf2, 0x48, 0x80,
    0x1e, 0x59, 0x10, 0xc, 0x34, 0xa0, 0x1e, 0x40,
    0xf, 0xfe, 0x4a, 0x80, 0x7d, 0x0, 0x1f, 0xac,
    0x3, 0xe4, 0x0, 0xff, 0xe4, 0x68, 0x7, 0x88,
    0x80, 0x1f, 0x84, 0xc0, 0x3c, 0x60, 0x1f, 0xfc,
    0x86, 0x0, 0xf3, 0x80, 0x7f, 0x98, 0x3, 0xde,
    0x1, 0xff, 0xc8, 0x10, 0xf, 0xfe, 0x29, 0x80,
    0x7f, 0xf3, 0xc4, 0x3, 0xc2, 0x1, 0xfe, 0x20,
    0xf, 0x70, 0x7, 0xff, 0x21, 0xc0, 0x3c, 0xa0,
    0x1f, 0xe5, 0x0, 0xf2, 0x80, 0x7f, 0xf2, 0xc,
    0x3, 0xc2, 0x80, 0x1f, 0x90, 0x40, 0x38, 0x4c,
    0x3, 0xff, 0x91, 0x60, 0x1f, 0x40, 0x7, 0xe9,
    0x0, 0xf3, 0x80, 0x7f, 0xf2, 0x4c, 0x80, 0x3c,
    0x68, 0x1, 0xe9, 0x20, 0xf, 0x58, 0x7, 0xff,
    0x2a, 0xc0, 0x3e, 0xa1, 0x0, 0xd0, 0xc0, 0x1e,
    0x62, 0x0, 0xff, 0xe5, 0x31, 0x0, 0x78, 0x68,
    0x2, 0xa7, 0x0, 0xf1, 0x48, 0x7, 0xff, 0x33,
    0x80, 0x3e, 0x49, 0x4e, 0x50, 0xf, 0xf, 0x80,
    0x7f, 0xf3, 0x4d, 0x80, 0x3e, 0x6b, 0x10, 0xf,
    0xe, 0x10, 0x7, 0xff, 0x3a, 0x48, 0x3, 0xff,
    0x84, 0x9e, 0x40, 0x1f, 0xfd, 0xf, 0x0, 0xff,
    0xe0, 0xc5, 0x88, 0x7, 0xff, 0x45, 0xc4, 0x3,
    0xfc, 0x9a, 0xe0, 0x1f, 0xfd, 0x11, 0xaa, 0x8,
    0x7, 0xf0, 0xd9, 0x0, 0x7f, 0xf4, 0x5b, 0xd4,
    0x3, 0xfe, 0x1b, 0x0, 0xff, 0xe8, 0xd4, 0x88,
    0x7, 0xff, 0x5, 0x20, 0x3, 0xfc, 0x6a, 0xbe,
    0x30, 0xf, 0xec, 0x50, 0xf, 0xfe, 0x23, 0xb0,
    0x7, 0xf4, 0x55, 0x7a, 0x0, 0x3f, 0x61, 0x80,
    0x7c, 0x59, 0x60, 0x1f, 0xa5, 0x0, 0x3f, 0xf8,
    0x62, 0x1, 0xf5, 0x18, 0x7, 0xcb, 0xa6, 0x92,
    0x1, 0xfa, 0x88, 0x3, 0xe7, 0x0, 0xf1, 0x80,
    0x79, 0x94, 0x3, 0xe6, 0xa0, 0x9, 0x98, 0x1,
    0xf0, 0xf8, 0x80, 0x78, 0x80, 0x3d, 0xc0, 0x1e,
    0x80, 0xf, 0x9a, 0x40, 0x3a, 0x50, 0x3, 0xe2,
    0xd0, 0xf, 0x8, 0x7, 0x88, 0x3, 0x9c, 0x40,
    0x3c, 0x72, 0x1, 0xf5, 0x90, 0x7, 0xc7, 0x20,
    0x18, 0xc0, 0x3e, 0x70, 0xe, 0xa0, 0xf, 0xa0,
    0x3, 0xfb, 0xc4, 0x3, 0xe6, 0x70, 0x9, 0x40,
    0x3c, 0x24, 0x1, 0x88, 0x80, 0x1e, 0x14, 0x0,
    0xfe, 0x2d, 0x0, 0xfd, 0xa, 0x0, 0xc0, 0xf,
    0x20, 0x7, 0x20, 0x7, 0xca, 0x1, 0xff, 0x1c,
    0x80, 0x7e, 0xa3, 0x5, 0x0, 0xf7, 0x80, 0x70,
    0x80, 0x7c, 0x40, 0x1f, 0xfc, 0x6, 0x70, 0xf,
    0xda, 0xc0, 0x1f, 0x28, 0x7, 0x70, 0x7, 0xff,
    0x26, 0x10, 0x3, 0xe1, 0x90, 0xf, 0x30, 0x7,
    0xff, 0x8, 0xc0, 0x3f, 0xf8, 0x56, 0x60, 0x1f,
    0xfc, 0x2a, 0x0, 0xf0, 0x80, 0x7c, 0xe0, 0x1f,
    0xfc, 0x3d, 0x10, 0xf, 0xfe, 0x1, 0x98, 0x3,
    0xde, 0x1, 0xf1, 0x8, 0x7, 0xff, 0x8, 0x74,
    0x3, 0xff, 0x81, 0x0, 0x1f, 0x18, 0x7, 0xe6,
    0x0, 0xff, 0xe1, 0x9d, 0x0, 0x7f, 0x8d, 0x0,
    0x3e, 0x40, 0xf, 0xd2, 0x20, 0x1f, 0xfc, 0x35,
    0x80, 0xf, 0xe9, 0x0, 0xfe, 0x30, 0xf, 0x86,
    0x80, 0x3f, 0xf9, 0xd0, 0x1, 0xfd, 0x40, 0x1f,
    0x93, 0x48, 0x3, 0xff, 0x80, 0x35, 0x0, 0x1f,
    0xc5, 0x60, 0x1f, 0x98, 0x40, 0x3f, 0x16, 0xd2,
    0x0, 0x7e, 0x39, 0xe5, 0x0, 0xff, 0x92, 0x40,
    0x3f, 0x58, 0x7, 0xf9, 0x6f, 0xf6, 0xea, 0x97,
    0x9d, 0x8c, 0x1, 0xff, 0xc2, 0x66, 0x0, 0x7c,
    0xac, 0x1, 0xff, 0xc0, 0x24, 0x55, 0x21, 0x88,
    0x7, 0xff, 0x16, 0x50, 0x3, 0xe9, 0x60, 0xf,
    0xfe, 0x72, 0x40, 0x7, 0xea, 0x20, 0xf, 0xa6,
    0x40, 0x1f, 0xfc, 0xc8, 0xb7, 0x60, 0xf, 0x87,
    0xc4, 0x3, 0xe6, 0xd5, 0x0, 0xff, 0xe4, 0x2e,
    0xb8, 0x2, 0x50, 0x3, 0xe2, 0xa0, 0xf, 0xc5,
    0x5a, 0xc2, 0x1, 0xff, 0xc3, 0x5d, 0xa2, 0x0,
    0xd4, 0x40, 0x1f, 0x24, 0x80, 0x7f, 0x14, 0xf6,
    0x4b, 0x19, 0x8, 0x4, 0x24, 0x8f, 0x5f, 0x44,
    0x1, 0xe1, 0xdf, 0xff, 0xd2, 0x0,

    /* U+0027 "'" */
    0x5f, 0xff, 0xb0, 0x40, 0x3f, 0xf8, 0x8e, 0x1,
    0xfc, 0xe0, 0x1f, 0x8, 0x7, 0xf0, 0x80, 0x7c,
    0x60, 0x1f, 0xc6, 0x1, 0xff, 0xc4, 0x11, 0x0,
    0x7f, 0xf1, 0x3c, 0x3, 0xff, 0x9c, 0x20, 0x20,
    0x1f, 0xfc, 0x33, 0x3, 0x0, 0xff, 0xe1, 0x88,
    0x6f, 0x77, 0x90,

    /* U+0028 "(" */
    0x0, 0xfc, 0x2c, 0xdf, 0x18, 0x7, 0xeb, 0x99,
    0xf8, 0x80, 0x3e, 0x45, 0x0, 0xf3, 0x8, 0x7,
    0xd2, 0x1, 0xf4, 0x0, 0x7c, 0xa4, 0x1, 0xe6,
    0x10, 0xf, 0xa0, 0x3, 0xeb, 0x0, 0xf9, 0x48,
    0x3, 0xc8, 0x40, 0x1f, 0x48, 0x7, 0xde, 0x1,
    0xf1, 0x98, 0x3, 0xc4, 0x80, 0x1f, 0x50, 0x7,
    0xd4, 0x1, 0xf9, 0x80, 0x3e, 0x50, 0xf, 0x94,
    0x3, 0xe3, 0x20, 0xf, 0xbc, 0x3, 0xeb, 0x0,
    0xfc, 0xa0, 0x1f, 0x20, 0x7, 0xc8, 0x1, 0xf8,
    0xc0, 0x3e, 0xd0, 0xf, 0x94, 0x3, 0xf2, 0x0,
    0x7d, 0xa0, 0x1f, 0x9, 0x0, 0x7c, 0x60, 0x1f,
    0x28, 0x7, 0xe5, 0x0, 0xfb, 0x0, 0x3e, 0x11,
    0x0, 0x7c, 0x60, 0x1f, 0x28, 0x7, 0xe6, 0x0,
    0xf8, 0x80, 0x3f, 0x10, 0x7, 0xdc, 0x1, 0xf1,
    0x0, 0x7e, 0x20, 0xf, 0x98, 0x3, 0xf3, 0x0,
    0x7c, 0x20, 0x1f, 0x84, 0x3, 0xe2, 0x0, 0xfc,
    0x60, 0x1f, 0x78, 0x7, 0xe1, 0x0, 0xf8, 0x40,
    0x3f, 0xf9, 0x82, 0x1, 0xf8, 0xc0, 0x3f, 0xfe,
    0xe6, 0x1, 0xf0, 0x80, 0x7f, 0xf3, 0x44, 0x3,
    0xff, 0x89, 0xc0, 0x1f, 0x84, 0x3, 0xe3, 0x0,
    0xfc, 0x60, 0x1f, 0x30, 0x7, 0xe6, 0x0, 0xf8,
    0x80, 0x3f, 0x8, 0x7, 0xc2, 0x1, 0xfb, 0x40,
    0x3f, 0x18, 0x7, 0xc4, 0x1, 0xf9, 0x40, 0x3e,
    0x60, 0xf, 0xdc, 0x1, 0xf1, 0x0, 0x7e, 0x40,
    0xf, 0x84, 0x80, 0x3e, 0x30, 0xf, 0xce, 0x1,
    0xf9, 0x0, 0x3e, 0xd0, 0xf, 0xd8, 0x1, 0xf2,
    0x0, 0x7e, 0x50, 0xf, 0x8c, 0x3, 0xf1, 0x10,
    0x3, 0xe5, 0x0, 0xfc, 0xa0, 0x1f, 0x60, 0x7,
    0xeb, 0x0, 0xf9, 0xc0, 0x3f, 0x19, 0x0, 0x78,
    0x50, 0x3, 0xf5, 0x0, 0x7d, 0xc0, 0x1f, 0x98,
    0x3, 0xe5, 0x0, 0xfc, 0x2a, 0x1, 0xf3, 0x0,
    0x7e, 0x80, 0xf, 0xac, 0x3, 0xf1, 0x28, 0x7,
    0x89, 0x0, 0x3f, 0x40, 0x7, 0xd0, 0x1, 0xf8,
    0x98, 0x3, 0xc6, 0x80, 0x1f, 0xa0, 0x40, 0x3d,
    0x0, 0x1f, 0x86, 0x0, 0x3c, 0x6a,

    /* U+0029 ")" */
    0x26, 0x6f, 0x8c, 0x3, 0xf1, 0x44, 0xcf, 0xb8,
    0x3, 0xfa, 0x40, 0x3c, 0x4e, 0x1, 0xf9, 0xc4,
    0x3, 0xd0, 0x20, 0x1f, 0xa4, 0x3, 0xe9, 0x0,
    0xfc, 0xc0, 0x1f, 0x38, 0x80, 0x7c, 0x2c, 0x1,
    0xf4, 0x80, 0x7e, 0xb0, 0xf, 0x98, 0x3, 0xf1,
    0x18, 0x7, 0x85, 0x80, 0x3f, 0x50, 0x7, 0xd4,
    0x1, 0xf9, 0xc0, 0x3e, 0x32, 0x0, 0xf8, 0x50,
    0x3, 0xea, 0x0, 0xfd, 0xa0, 0x1f, 0x28, 0x7,
    0xe4, 0x0, 0xf8, 0x88, 0x1, 0xf1, 0x10, 0x3,
    0xe5, 0x0, 0xfc, 0x80, 0x1f, 0x60, 0x7, 0xec,
    0x0, 0xf9, 0x0, 0x3f, 0x38, 0x7, 0xe3, 0x0,
    0xf8, 0x84, 0x3, 0xe5, 0x0, 0xfc, 0xa0, 0x1f,
    0x60, 0x7, 0xe3, 0x0, 0xf9, 0xc0, 0x3f, 0x70,
    0x7, 0xc4, 0x1, 0xf8, 0x80, 0x3f, 0x10, 0x7,
    0xca, 0x1, 0xf9, 0x80, 0x3e, 0x10, 0xf, 0xc4,
    0x1, 0xff, 0xc4, 0x10, 0xf, 0xc4, 0x1, 0xf7,
    0x0, 0x7e, 0x10, 0xf, 0x88, 0x3, 0xf3, 0x80,
    0x7f, 0xf3, 0x1c, 0x3, 0xf0, 0x80, 0x7f, 0xf3,
    0x4, 0x3, 0xff, 0x9a, 0x20, 0x1f, 0x8, 0x7,
    0xff, 0x55, 0xc0, 0x3f, 0x38, 0x7, 0xc2, 0x1,
    0xf8, 0x80, 0x3e, 0x30, 0xf, 0xc2, 0x1, 0xf7,
    0x0, 0x7f, 0xf1, 0x8, 0x3, 0xe2, 0x0, 0xfc,
    0x20, 0x1f, 0x30, 0x7, 0xe5, 0x0, 0xf8, 0xc0,
    0x3e, 0x11, 0x0, 0x7d, 0xc0, 0x1f, 0x10, 0x7,
    0xe5, 0x0, 0xf9, 0x40, 0x3f, 0x18, 0x7, 0xd8,
    0x1, 0xf1, 0x0, 0x7e, 0x40, 0xf, 0x90, 0x3,
    0xe2, 0x10, 0xf, 0xb0, 0x3, 0xe7, 0x0, 0xfc,
    0x80, 0x1f, 0x78, 0x7, 0xc4, 0x20, 0x1f, 0x28,
    0x7, 0xca, 0x1, 0xf2, 0x0, 0x7e, 0xb0, 0xf,
    0xb8, 0x3, 0xe2, 0x30, 0xf, 0x94, 0x3, 0xea,
    0x0, 0xf9, 0x80, 0x3f, 0x28, 0x7, 0xd4, 0x1,
    0xf2, 0x10, 0x7, 0x8c, 0xc0, 0x1f, 0x78, 0x7,
    0xd0, 0x1, 0xf1, 0x20, 0x7, 0x89, 0x0, 0x3e,
    0x80, 0xf, 0xa0, 0x3, 0xe2, 0x50, 0xf, 0x1a,
    0x80, 0x7d, 0x0, 0x1f, 0x78, 0x7, 0xc4, 0xa0,
    0x1e, 0x53, 0x0, 0xf8,

    /* U+002A "*" */
    0x0, 0xfe, 0x3f, 0xff, 0x90, 0x3, 0xff, 0x8c,
    0x60, 0x1f, 0x28, 0x7, 0xff, 0x1c, 0x40, 0x3c,
    0x20, 0x1f, 0xfc, 0x75, 0x0, 0xe3, 0x0, 0xff,
    0xe4, 0x10, 0x7, 0x30, 0x7, 0xff, 0x6, 0x60,
    0x40, 0x37, 0x80, 0x76, 0x80, 0x73, 0xd0, 0x7,
    0xb, 0x3f, 0xb0, 0x4, 0x40, 0x1c, 0x40, 0x13,
    0x74, 0x29, 0x0, 0x66, 0x0, 0xc, 0xea, 0x82,
    0x80, 0x73, 0x82, 0x6c, 0x88, 0x2, 0x80, 0x34,
    0x80, 0x62, 0xac, 0x21, 0x0, 0xc3, 0x76, 0x20,
    0xc, 0xc0, 0x12, 0x88, 0x7, 0x8f, 0x4, 0x3,
    0x62, 0x0, 0x78, 0x54, 0x1, 0xc0, 0x1f, 0xfc,
    0xb9, 0x0, 0x38, 0x7, 0xff, 0x30, 0x43, 0x3e,
    0xdc, 0x80, 0x3f, 0xf8, 0x64, 0xd7, 0xf8, 0x20,
    0x12, 0x46, 0xf5, 0x30, 0x80, 0x7c, 0x2b, 0x5d,
    0xb2, 0x80, 0x1f, 0xc2, 0xb0, 0x60, 0x1f, 0xad,
    0x44, 0x3, 0xff, 0x85, 0xa4, 0x1, 0xf0, 0xe0,
    0x80, 0x7f, 0xf0, 0xb0, 0xc0, 0x3f, 0x8b, 0x4,
    0x3, 0xff, 0x81, 0x66, 0x1, 0xc6, 0x1, 0xc5,
    0xa0, 0x1f, 0xf5, 0xa0, 0x7, 0x16, 0x18, 0x7,
    0x1e, 0x0, 0x7f, 0x52, 0x0, 0x7a, 0x43, 0x80,
    0x3c, 0x76, 0x1, 0xf4, 0xa8, 0x7, 0x95, 0x0,
    0x9c, 0x3, 0xc9, 0x60, 0x1c, 0x28, 0x1, 0xe1,
    0xb0, 0xa, 0x4, 0x3, 0xcc, 0x40, 0x18, 0x75,
    0xc0, 0x3a, 0x4, 0x3, 0x58, 0x7, 0x2e, 0x90,
    0x7, 0xa2, 0xc4, 0x0, 0x6c, 0x1, 0xca, 0x80,
    0x1, 0xaa, 0x0, 0x7f, 0x27, 0xa0, 0x78, 0x7,
    0xd4, 0x7, 0xea, 0x1, 0xff, 0xd, 0xe1, 0x80,
    0x7c, 0x39, 0x81, 0x0, 0xf0,

    /* U+002B "+" */
    0x0, 0xff, 0xf2, 0x2f, 0xff, 0xc0, 0x1f, 0xff,
    0xf0, 0xf, 0xff, 0xf8, 0x7, 0xff, 0xfc, 0x3,
    0xff, 0xfe, 0x1, 0xff, 0xff, 0x0, 0xff, 0xff,
    0x80, 0x7f, 0xf1, 0xe7, 0xff, 0xff, 0x81, 0x40,
    0x1f, 0x7f, 0xff, 0xf0, 0x4c, 0x3, 0xff, 0xfe,
    0x1, 0xff, 0xff, 0x0, 0xff, 0xf8, 0x46, 0x67,
    0xff, 0x2, 0x0, 0x3e, 0xcc, 0xff, 0xe0, 0x98,
    0x99, 0xff, 0xf0, 0x8, 0x3, 0xe3, 0x3f, 0xfe,
    0x8, 0x7, 0xff, 0xfc, 0x3, 0xff, 0xfe, 0x1,
    0xff, 0xff, 0x0, 0xff, 0xff, 0x80, 0x7f, 0xff,
    0xc0, 0x3f, 0xff, 0xe0, 0x1e,

    /* U+002C "," */
    0x0, 0x84, 0x7f, 0x0, 0x47, 0xdd, 0xf8, 0x2,
    0x60, 0xf, 0x90, 0x2, 0x20, 0xf, 0xb0, 0x2,
    0xe0, 0xf, 0x90, 0x2, 0x20, 0xf, 0x8c, 0x2,
    0x60, 0xf, 0x20, 0x6, 0x20, 0xf, 0x60, 0x4,
    0x40, 0x1f, 0x20, 0x4, 0xc0, 0x1f, 0x18, 0x4,
    0x40, 0x1e, 0x30, 0xd, 0xc0, 0x1e, 0x40, 0xc,
    0x40, 0x1e, 0xc0, 0xc, 0xc0, 0x1e, 0x40, 0xc,
    0x40, 0x1c, 0x60, 0x18, 0x44, 0x1, 0xc8, 0x1,
    0x88, 0x3, 0xd8, 0x1, 0x98, 0x3, 0xc8, 0x1,
    0x80,

    /* U+002D "-" */
    0x23, 0x3f, 0xfe, 0x41, 0x5e, 0x67, 0xff, 0x22,
    0x40, 0x3f, 0xff, 0xe0, 0x1f, 0xff, 0xf0, 0xc,

    /* U+002E "." */
    0x1, 0x1f, 0xe0, 0xee, 0xfd, 0x60, 0x1f, 0xff,
    0xf0, 0xf, 0xfe, 0x18,

    /* U+002F "/" */
    0x0, 0xff, 0xe2, 0xc4, 0x7e, 0x10, 0xf, 0xfe,
    0x22, 0xbb, 0xfc, 0xc2, 0x1, 0xff, 0xc4, 0xf0,
    0xf, 0x9c, 0x3, 0xff, 0x8a, 0x80, 0x1f, 0x68,
    0x7, 0xff, 0x11, 0x4, 0x3, 0xe4, 0x0, 0xff,
    0xe2, 0x60, 0x7, 0xca, 0x1, 0xff, 0xc5, 0x50,
    0xf, 0xbc, 0x3, 0xff, 0x88, 0x44, 0x0, 0xf9,
    0x0, 0x3f, 0xf8, 0x8a, 0x1, 0xf2, 0x8, 0x7,
    0xff, 0x12, 0xc0, 0x3e, 0xd0, 0xf, 0xfe, 0x20,
    0x98, 0x7, 0xce, 0x1, 0xff, 0xc4, 0x70, 0xf,
    0x8c, 0x40, 0x3f, 0xf8, 0x9a, 0x1, 0xf2, 0x0,
    0x7f, 0xf1, 0x50, 0x3, 0xeb, 0x0, 0xff, 0xe2,
    0x28, 0x7, 0xc2, 0x60, 0x1f, 0xfc, 0x4f, 0x0,
    0xf9, 0xc0, 0x3f, 0xf8, 0xa8, 0x1, 0xf6, 0x80,
    0x7f, 0xf1, 0x10, 0x40, 0x3e, 0x40, 0xf, 0xfe,
    0x26, 0x80, 0x7c, 0xa0, 0x1f, 0xfc, 0x54, 0x0,
    0xfb, 0xc0, 0x3f, 0xf8, 0x84, 0x40, 0xf, 0x94,
    0x3, 0xff, 0x88, 0xa0, 0x1f, 0x20, 0x7, 0xff,
    0x16, 0xc0, 0x3e, 0xd0, 0xf, 0xfe, 0x20, 0x98,
    0x7, 0xce, 0x1, 0xff, 0xc4, 0x70, 0xf, 0x8c,
    0x40, 0x3f, 0xf8, 0x9a, 0x1, 0xf5, 0x80, 0x7f,
    0xf1, 0x50, 0x3, 0xe4, 0x0, 0xff, 0xe2, 0x28,
    0x7, 0xc2, 0x60, 0x1f, 0xfc, 0x4f, 0x0, 0xf9,
    0xc0, 0x3f, 0xf8, 0xa8, 0x1, 0xf6, 0x80, 0x7f,
    0xf1, 0x10, 0x40, 0x3e, 0x40, 0xf, 0xfe, 0x26,
    0x80, 0x7c, 0xa0, 0x1f, 0xfc, 0x54, 0x0, 0xfb,
    0xc0, 0x3f, 0xf8, 0x84, 0x40, 0xf, 0x94, 0x3,
    0xff, 0x88, 0xa0, 0x1f, 0x20, 0x7, 0xff, 0x16,
    0xc0, 0x3e, 0xd0, 0xf, 0xfe, 0x20, 0x98, 0x7,
    0xce, 0x1, 0xff, 0xc4, 0x70, 0xf, 0x8c, 0x40,
    0x3f, 0xf8, 0x9a, 0x1, 0xf5, 0x80, 0x7f, 0xf1,
    0x50, 0x3, 0xe5, 0x0, 0xff, 0xe2, 0x28, 0x7,
    0xc2, 0x40, 0x1f, 0xfc, 0x4f, 0x0, 0xf9, 0xc0,
    0x3f, 0xf8, 0xa8, 0x1, 0xf6, 0x80, 0x7f, 0xf1,
    0x10, 0x40, 0x3c, 0x28, 0x1, 0xff, 0xc4, 0xd0,
    0xf, 0x90, 0x3, 0xff, 0x8a, 0xe0, 0x1f, 0x78,
    0x7, 0xff, 0x10, 0xc4, 0x3, 0xe5, 0x0, 0xff,
    0xe2, 0x20, 0x7, 0xc8, 0x1, 0xff, 0xc5, 0xb0,
    0xf, 0xb4, 0x3, 0xff, 0x88, 0x26, 0x1, 0xf3,
    0x80, 0x7f, 0xf1, 0x1c, 0x3, 0xe3, 0x10, 0xf,
    0xfe, 0x26, 0x80, 0x7d, 0x60, 0x1f, 0xfc, 0x54,
    0x0, 0xf9, 0x40, 0x3f, 0xf8, 0x8a, 0x1, 0xf1,
    0x10, 0x3, 0xff, 0x88,

    /* U+0030 "0" */
    0x0, 0xff, 0xe0, 0x93, 0x56, 0x77, 0xfd, 0xd9,
    0x2a, 0x20, 0x1f, 0xfc, 0xb5, 0xcd, 0x95, 0x31,
    0x0, 0x84, 0xda, 0xba, 0x8c, 0x3, 0xff, 0x8e,
    0x79, 0x46, 0x1, 0xff, 0xc1, 0x5c, 0xa1, 0x0,
    0xff, 0xe2, 0x3e, 0x18, 0x7, 0xff, 0x15, 0x7d,
    0x0, 0x3f, 0xf8, 0x51, 0x0, 0xf, 0xfe, 0x40,
    0xda, 0x80, 0x7f, 0xf0, 0x21, 0xc0, 0x3f, 0xf9,
    0x74, 0x80, 0x1f, 0xe5, 0x70, 0xf, 0xfe, 0x6d,
    0x8, 0x7, 0xe1, 0xb0, 0xf, 0xf2, 0x45, 0x5d,
    0x39, 0x0, 0x7f, 0xd, 0x0, 0x7e, 0x81, 0x0,
    0xfc, 0x9d, 0x6e, 0xa8, 0xb1, 0xb4, 0x20, 0x1f,
    0x91, 0x40, 0x3c, 0x4c, 0x1, 0xf9, 0xec, 0x40,
    0x3e, 0x5c, 0x10, 0xf, 0xd0, 0x1, 0xeb, 0x0,
    0xfc, 0xb0, 0x1, 0xfe, 0x2d, 0x0, 0xfc, 0x48,
    0x1, 0xcc, 0x1, 0xf0, 0xd8, 0x7, 0xff, 0x0,
    0xe0, 0x3, 0xf7, 0x80, 0x65, 0x0, 0xfd, 0x22,
    0x1, 0xff, 0xc1, 0x71, 0x0, 0xf9, 0x4, 0x2,
    0xf0, 0xf, 0xcc, 0x1, 0xff, 0xc3, 0x60, 0xf,
    0xc8, 0x1, 0x20, 0x7, 0xc8, 0x20, 0x1f, 0xfc,
    0x3a, 0x0, 0xfd, 0x80, 0x2, 0x10, 0xf, 0xb4,
    0x3, 0xff, 0x88, 0x44, 0x0, 0xf9, 0x0, 0x8,
    0x1, 0xf9, 0x0, 0x3f, 0xf8, 0xae, 0x1, 0xf1,
    0x0, 0x3c, 0x3, 0xf1, 0x0, 0x7f, 0xf1, 0x70,
    0x3, 0xf1, 0x81, 0x0, 0x7c, 0x40, 0x1f, 0xfc,
    0x62, 0x0, 0xfc, 0xc0, 0xc0, 0x1f, 0x30, 0x7,
    0xff, 0x19, 0x80, 0x3f, 0x10, 0x10, 0x7, 0xc4,
    0x1, 0xff, 0xc6, 0x20, 0xf, 0xdc, 0x1, 0xfc,
    0x20, 0x1f, 0xfc, 0x71, 0x0, 0xf8, 0xc8, 0x3,
    0xf7, 0x0, 0x7f, 0xf1, 0xcc, 0x3, 0xe6, 0x10,
    0xf, 0xfe, 0x80, 0x80, 0x7c, 0x20, 0x1f, 0xc6,
    0x1, 0xff, 0xed, 0x70, 0xf, 0xce, 0x1, 0xf8,
    0x40, 0x3f, 0xf9, 0xe6, 0xe0, 0x1f, 0xfd, 0x83,
    0x0, 0xfe, 0x10, 0xf, 0xfe, 0x3b, 0x80, 0x7f,
    0xf8, 0x84, 0x3, 0xf1, 0x80, 0x7f, 0xf1, 0xc4,
    0x3, 0xe1, 0x30, 0xf, 0xc2, 0x1, 0xff, 0xc7,
    0x30, 0xf, 0x98, 0x40, 0x3f, 0x70, 0x7, 0xff,
    0x1c, 0x40, 0x3e, 0x30, 0x10, 0xf, 0x88, 0x3,
    0xff, 0x8c, 0x40, 0x1f, 0xb8, 0x14, 0x3, 0xe6,
    0x0, 0xff, 0xe3, 0x8, 0x7, 0xe2, 0x2, 0x0,
    0xf8, 0x80, 0x3f, 0xf8, 0xca, 0x1, 0xf9, 0x83,
    0xc0, 0x3f, 0x18, 0x7, 0xff, 0x17, 0xc0, 0x3f,
    0x18, 0x28, 0x7, 0xe4, 0x0, 0xff, 0xe2, 0xa0,
    0x7, 0xc4, 0x0, 0x30, 0xf, 0xd8, 0x1, 0xff,
    0xc4, 0x22, 0x0, 0x7c, 0x80, 0x12, 0x0, 0x7c,
    0x82, 0x1, 0xff, 0xc3, 0xa0, 0xf, 0xda, 0x1,
    0x68, 0x7, 0xe6, 0x0, 0xff, 0xe1, 0xb0, 0x7,
    0xe4, 0x0, 0x9c, 0x3, 0xf4, 0x80, 0x7f, 0xf0,
    0x9c, 0x40, 0x3e, 0x50, 0xc, 0x2a, 0x1, 0xf0,
    0xc8, 0x7, 0xff, 0x0, 0xa0, 0x3, 0xf7, 0x0,
    0x74, 0x80, 0x7e, 0x67, 0x0, 0xff, 0x16, 0x0,
    0x7e, 0x34, 0x0, 0xe3, 0x40, 0xf, 0xd1, 0x42,
    0x1, 0xf2, 0xe0, 0x80, 0x7e, 0x80, 0xf, 0xa4,
    0x3, 0xf9, 0x7a, 0x9d, 0x51, 0x63, 0x68, 0x40,
    0x3f, 0x22, 0x0, 0x3e, 0x28, 0x0, 0xff, 0x2c,
    0x55, 0xd3, 0x90, 0x7, 0xf0, 0xd0, 0x7, 0xf3,
    0xa0, 0x7, 0xff, 0x36, 0x84, 0x3, 0xfd, 0x66,
    0x1, 0xff, 0xcb, 0xa4, 0x0, 0xff, 0xe0, 0x62,
    0x80, 0x7f, 0xf2, 0x6, 0xd4, 0x3, 0xff, 0x85,
    0x52, 0x20, 0x1f, 0xfc, 0x55, 0xf4, 0x0, 0xff,
    0xe2, 0x37, 0x41, 0x0, 0x7f, 0xf0, 0x57, 0x28,
    0x40, 0x3f, 0xf8, 0xef, 0xb9, 0xa, 0x42, 0x1,
    0x12, 0x3d, 0x7d, 0x18, 0x7, 0xf8,

    /* U+0031 "1" */
    0x0, 0xff, 0xe1, 0x92, 0x27, 0xc0, 0x1f, 0xfc,
    0x27, 0xdb, 0xbf, 0x80, 0x3f, 0xf8, 0x7, 0xb0,
    0x1, 0xff, 0xc7, 0x9c, 0x20, 0xf, 0xfe, 0x32,
    0xf3, 0x0, 0x7f, 0xf1, 0x86, 0xe8, 0x40, 0x3f,
    0xf8, 0xcd, 0xc8, 0x1, 0xff, 0xc6, 0x2c, 0x90,
    0xf, 0xfe, 0x3c, 0x69, 0x80, 0x7f, 0xf1, 0x93,
    0x5c, 0x3, 0xff, 0x8e, 0xd6, 0x40, 0x1f, 0xe3,
    0x60, 0xf, 0xce, 0x1, 0xfe, 0x19, 0xcf, 0x0,
    0xfc, 0x30, 0x1, 0xf9, 0xbd, 0x80, 0x3f, 0xe7,
    0x20, 0xe, 0x3c, 0x91, 0x0, 0xff, 0xe0, 0xc8,
    0x4, 0x33, 0x86, 0x1, 0xff, 0xc3, 0x44, 0x2,
    0xfb, 0x0, 0x7f, 0xf1, 0xa7, 0x28, 0x40, 0x3f,
    0xf8, 0xe4, 0x60, 0x1f, 0xff, 0xf0, 0xf, 0xff,
    0xf8, 0x7, 0xff, 0xfc, 0x3, 0xff, 0xfe, 0x1,
    0xff, 0xff, 0x0, 0xff, 0xff, 0x80, 0x7f, 0xff,
    0xc0, 0x3f, 0xff, 0xe0, 0x1f, 0xff, 0xf0, 0xf,
    0xff, 0xf8, 0x7, 0xff, 0x3c,

    /* U+0032 "2" */
    0x0, 0xff, 0xe0, 0x24, 0x5e, 0xf7, 0xfd, 0xdb,
    0x70, 0x80, 0x1f, 0xfc, 0x82, 0x9f, 0xb7, 0x42,
    0x10, 0x8, 0x49, 0x1e, 0xfe, 0x48, 0x3, 0xff,
    0x86, 0x35, 0xac, 0x1, 0xff, 0xc3, 0x6d, 0x90,
    0xf, 0xfe, 0x9, 0xfa, 0x80, 0x7f, 0xf1, 0xdb,
    0x48, 0x3, 0xfc, 0xd8, 0x20, 0x1f, 0xfc, 0x92,
    0xc2, 0x0, 0xfc, 0xb2, 0x1, 0xff, 0xcc, 0x1f,
    0x0, 0xf8, 0xa8, 0x3, 0xff, 0x9c, 0x54, 0x1,
    0xee, 0x0, 0xff, 0x1b, 0xcd, 0x5d, 0x39, 0x80,
    0x7f, 0x94, 0xc0, 0x32, 0x98, 0x7, 0xe5, 0xdc,
    0x86, 0x54, 0x58, 0xcb, 0x20, 0xf, 0xe9, 0x0,
    0xd0, 0x1, 0xfa, 0x68, 0x80, 0x3f, 0x26, 0x18,
    0x7, 0xe5, 0x10, 0x1, 0x90, 0x7, 0xce, 0xc0,
    0x1f, 0xf0, 0xe8, 0x7, 0xf2, 0x0, 0x28, 0x3,
    0xe2, 0x80, 0xf, 0xfe, 0x8, 0xb8, 0x7, 0xed,
    0x0, 0x38, 0x7, 0xd6, 0x1, 0xff, 0xc3, 0xa0,
    0xf, 0xc6, 0x4, 0x20, 0x1f, 0x30, 0x7, 0xff,
    0xc, 0x84, 0x3, 0xe7, 0x1, 0x42, 0x0, 0xe4,
    0x0, 0xff, 0xe2, 0x90, 0x7, 0xc2, 0x7, 0x7b,
    0xfd, 0x72, 0xfe, 0x1, 0xff, 0xc5, 0x70, 0xf,
    0xfe, 0x8, 0xa3, 0x42, 0x0, 0x7f, 0xf1, 0x5c,
    0x3, 0xe1, 0x0, 0xff, 0xe7, 0x88, 0x7, 0xce,
    0x1, 0xff, 0xcf, 0x20, 0xf, 0x8c, 0x3, 0xff,
    0x9c, 0x80, 0x1f, 0xb4, 0x3, 0xff, 0x9d, 0xc0,
    0x1f, 0x90, 0x3, 0xff, 0x9a, 0x2a, 0x1, 0xf2,
    0x8, 0x7, 0xff, 0x36, 0x0, 0x3f, 0x70, 0x7,
    0xff, 0x34, 0xd8, 0x3, 0xe2, 0x50, 0xf, 0xfe,
    0x6f, 0x0, 0x7e, 0x80, 0xf, 0xfe, 0x6d, 0x10,
    0x7, 0xc8, 0xa0, 0x1f, 0xfc, 0xc7, 0x50, 0xf,
    0x86, 0x80, 0x3f, 0xf9, 0x8b, 0x0, 0x1f, 0xac,
    0x40, 0x3f, 0xf9, 0x69, 0x40, 0x1f, 0x9d, 0x40,
    0x3f, 0xf9, 0x69, 0x60, 0x1f, 0x96, 0x0, 0x3f,
    0xf9, 0x6b, 0x60, 0x1f, 0x92, 0x80, 0x3f, 0xf9,
    0x6b, 0x40, 0x1f, 0x92, 0xc0, 0x3f, 0xf9, 0x6f,
    0x40, 0x1f, 0x8e, 0xc0, 0x3f, 0xf9, 0x73, 0x0,
    0x1f, 0x93, 0x0, 0x3f, 0xf9, 0x76, 0xc0, 0x1f,
    0x96, 0xc0, 0x3f, 0xf9, 0x43, 0xa8, 0x1, 0xf9,
    0xa8, 0x3, 0xff, 0x94, 0x7e, 0x40, 0x1f, 0xa2,
    0x40, 0x3f, 0xf9, 0x4d, 0x82, 0x1, 0xfa, 0x9c,
    0x3, 0xff, 0x95, 0x12, 0x1, 0xfd, 0x6a, 0x1,
    0xff, 0xca, 0xb7, 0x0, 0xfc, 0x3a, 0x80, 0x1f,
    0xfc, 0x91, 0xd4, 0x0, 0xfc, 0x5e, 0x40, 0x1f,
    0xfc, 0x93, 0xf2, 0x0, 0xfc, 0x78, 0x20, 0x1f,
    0xfc, 0x94, 0xc1, 0x0, 0xfc, 0x98, 0x20, 0x1f,
    0xfc, 0x96, 0xb0, 0xf, 0xe5, 0xb0, 0xf, 0xfe,
    0x54, 0x48, 0x7, 0xf9, 0x7f, 0xff, 0xf9, 0x2e,
    0xe, 0x1, 0xff, 0xd5, 0x30, 0xf, 0xfe, 0xbb,
    0x0, 0x7f, 0xf5, 0xc8, 0x3, 0xff, 0xac, 0x20,
    0x1f, 0xfd, 0x72, 0x0, 0xff, 0xeb, 0xb0, 0x2,
    0xab, 0xff, 0xab, 0x0,

    /* U+0033 "3" */
    0x0, 0xff, 0x89, 0xa7, 0x37, 0xff, 0x76, 0x53,
    0x10, 0x7, 0xff, 0x21, 0x73, 0x65, 0x8c, 0x80,
    0x30, 0x9a, 0xce, 0xe9, 0xc0, 0x3f, 0xf8, 0x89,
    0xb4, 0x60, 0x1f, 0xfc, 0x22, 0x8e, 0x70, 0xf,
    0xfe, 0xc, 0xd9, 0x0, 0x7f, 0xf1, 0x86, 0x30,
    0x40, 0x3f, 0xd6, 0xc0, 0x1f, 0xfc, 0xa3, 0xf2,
    0x0, 0xfd, 0x48, 0x1, 0xff, 0xcc, 0x1f, 0x0,
    0xf9, 0xd4, 0x3, 0xff, 0x9c, 0x52, 0x1, 0xc3,
    0x0, 0x1f, 0xc2, 0xd5, 0x9b, 0xac, 0xa6, 0x10,
    0xf, 0xe6, 0x20, 0xd, 0x60, 0x1f, 0xd3, 0xd2,
    0xa6, 0x44, 0x35, 0x9e, 0x70, 0xf, 0xeb, 0x0,
    0x85, 0x40, 0x3e, 0x1d, 0x60, 0xf, 0xf4, 0x48,
    0x7, 0xe7, 0x0, 0x98, 0x3, 0xf5, 0x10, 0x7,
    0xff, 0x1, 0x90, 0x3, 0xe1, 0x30, 0x5, 0x0,
    0x7c, 0xa8, 0x1, 0xff, 0xc2, 0xf0, 0xf, 0xcc,
    0x2, 0x40, 0x1f, 0x40, 0x7, 0xff, 0xd, 0x0,
    0x3f, 0x18, 0x20, 0x7, 0xc6, 0x40, 0x1f, 0xfc,
    0xc1, 0x5, 0xec, 0xa7, 0x53, 0x1b, 0x0, 0xff,
    0xe8, 0x9, 0xac, 0x56, 0x73, 0x80, 0x7f, 0xf1,
    0x4, 0x3, 0xf1, 0x0, 0x7f, 0xf3, 0x94, 0x3,
    0xf3, 0x0, 0x7f, 0xf3, 0xb0, 0x3, 0xe1, 0x30,
    0xf, 0xfe, 0x72, 0x80, 0x7c, 0x80, 0x1f, 0xfc,
    0xe7, 0x20, 0xf, 0xa4, 0x3, 0xff, 0x9a, 0xd0,
    0x1, 0xf2, 0x98, 0x7, 0xff, 0x28, 0x9b, 0x24,
    0x3, 0xe1, 0xb0, 0xf, 0xfe, 0x18, 0xff, 0xfd,
    0xb2, 0x60, 0x1f, 0xe, 0x8, 0x7, 0xff, 0x50,
    0xb0, 0x80, 0x3f, 0xfa, 0x8f, 0xa4, 0x1, 0xff,
    0xd4, 0x1f, 0x0, 0xff, 0xeb, 0xc, 0x72, 0x80,
    0x7f, 0xf5, 0x86, 0xa4, 0x3, 0xff, 0xae, 0xd2,
    0x1, 0xff, 0xc3, 0x1a, 0xaf, 0x4b, 0xa0, 0x80,
    0x7f, 0x33, 0x0, 0x3f, 0xf8, 0x6a, 0xbe, 0x68,
    0xbe, 0xa1, 0x0, 0xfd, 0x22, 0x1, 0xff, 0xcc,
    0x5e, 0x30, 0xf, 0xd2, 0x1, 0xff, 0xce, 0xd1,
    0x0, 0xf9, 0x80, 0x3f, 0xf9, 0xc3, 0x20, 0x1f,
    0x9, 0x80, 0x7f, 0xf3, 0x94, 0x3, 0xf2, 0x80,
    0x7f, 0xf3, 0x88, 0x40, 0x3e, 0xe2, 0x33, 0xf8,
    0x40, 0x3f, 0xf8, 0xc6, 0x1, 0xf0, 0xfe, 0x67,
    0xcc, 0x1, 0xff, 0xc6, 0x10, 0xf, 0x8d, 0x80,
    0x3e, 0xd0, 0xf, 0xfe, 0x30, 0x80, 0x7c, 0x64,
    0x1, 0xf3, 0x80, 0x7f, 0xf1, 0x88, 0x3, 0xe1,
    0xc0, 0xf, 0x88, 0x80, 0x1f, 0xfc, 0x43, 0x0,
    0xfd, 0xc8, 0x1, 0xfa, 0x80, 0x3f, 0xf8, 0x96,
    0x1, 0xf9, 0x44, 0x80, 0x3e, 0x71, 0x0, 0xff,
    0xe1, 0xb, 0x80, 0x7c, 0x26, 0xa, 0x1, 0xfb,
    0x40, 0x3f, 0xf8, 0x23, 0x80, 0x1f, 0x90, 0x1,
    0x20, 0x1f, 0x8f, 0x4c, 0x3, 0xfc, 0xbe, 0x40,
    0x1f, 0xa4, 0x0, 0x2e, 0x1, 0xf8, 0xb3, 0x61,
    0x4c, 0x88, 0x6b, 0x1d, 0x42, 0x1, 0xf9, 0xc,
    0x2, 0x82, 0x0, 0xfe, 0x27, 0xac, 0xdd, 0x65,
    0x38, 0x80, 0x7f, 0xa4, 0x3, 0xbc, 0x3, 0xff,
    0xa1, 0x24, 0x1, 0xc5, 0x80, 0x1f, 0xfc, 0xe7,
    0x60, 0xf, 0x8f, 0x48, 0x3, 0xff, 0x97, 0x10,
    0x0, 0xfe, 0x2d, 0x70, 0xf, 0xfe, 0x41, 0xe3,
    0x80, 0x7f, 0xf0, 0x23, 0x9c, 0x80, 0x3f, 0xf8,
    0x69, 0x78, 0x60, 0x1f, 0xfc, 0x21, 0x8d, 0xc9,
    0x53, 0x10, 0xc, 0x24, 0x8f, 0x5f, 0x68, 0x1,
    0xf8,

    /* U+0034 "4" */
    0x0, 0xff, 0xe5, 0x92, 0x27, 0xc2, 0x1, 0xff,
    0xd0, 0x1c, 0xbb, 0xf9, 0x40, 0x3f, 0xfa, 0x14,
    0x20, 0x1f, 0xfd, 0x77, 0x40, 0xf, 0xfe, 0xb9,
    0x40, 0x7, 0xff, 0x63, 0xc0, 0x3f, 0xfb, 0x12,
    0x40, 0x1f, 0xfd, 0x74, 0x60, 0xf, 0xfe, 0xb8,
    0xd0, 0x7, 0xff, 0x62, 0x84, 0x3, 0xff, 0xae,
    0xe8, 0x1, 0xff, 0xd7, 0x38, 0x0, 0xf0, 0x80,
    0x7f, 0xf4, 0x78, 0x3, 0xc8, 0xe0, 0x1f, 0xfd,
    0x9, 0x20, 0xe, 0x1a, 0x0, 0xff, 0xe8, 0x2b,
    0x0, 0x7a, 0xc4, 0x3, 0xff, 0x9e, 0x36, 0x1,
    0xe6, 0x50, 0xf, 0xfe, 0x86, 0x88, 0x7, 0x14,
    0x80, 0x7f, 0xf4, 0x1c, 0xc0, 0x3d, 0xc0, 0x1f,
    0xfd, 0x3, 0x80, 0xf, 0x39, 0x80, 0x7f, 0xf4,
    0x38, 0x3, 0xc7, 0x0, 0x1f, 0xfd, 0xa, 0x20,
    0xf, 0x70, 0x7, 0xff, 0x41, 0x54, 0x1, 0xe9,
    0x20, 0xf, 0xfe, 0x79, 0x50, 0x7, 0x91, 0x80,
    0x3f, 0xfa, 0x1c, 0x1, 0xe1, 0xa0, 0xf, 0xfe,
    0x84, 0x18, 0x7, 0xa8, 0x40, 0x3f, 0xf9, 0xe6,
    0xe0, 0x1e, 0x64, 0x0, 0xff, 0xe7, 0x8e, 0x80,
    0x78, 0xa4, 0x3, 0xff, 0xa1, 0x62, 0x1, 0xee,
    0x0, 0xff, 0xe8, 0x32, 0x80, 0x7a, 0xc, 0x3,
    0xff, 0x9e, 0x52, 0x1, 0xe3, 0x70, 0xf, 0xfe,
    0x87, 0x0, 0x7d, 0xc0, 0x1f, 0xfd, 0x8, 0x30,
    0xf, 0x51, 0x0, 0x7f, 0xf3, 0xd1, 0xc0, 0x3e,
    0xeb, 0xbf, 0xfe, 0xa, 0x0, 0x7d, 0x17, 0x7d,
    0x1e, 0x1, 0xf9, 0x13, 0xff, 0x84, 0x40, 0x1f,
    0x1a, 0x27, 0x10, 0x7, 0xff, 0x67, 0x40, 0x3f,
    0xfb, 0x24, 0x1, 0xff, 0xd9, 0x70, 0xf, 0xfe,
    0xc9, 0x0, 0x7f, 0xf6, 0x4, 0x2f, 0xff, 0xff,
    0x94, 0xc0, 0x1f, 0x5f, 0xfe, 0xe0, 0xf, 0xff,
    0xf8, 0x7, 0xff, 0xfc, 0x3, 0xff, 0xfe, 0x1,
    0xff, 0xff, 0x0, 0xff, 0xff, 0x80, 0x7f, 0xf8,
    0x0,

    /* U+0035 "5" */
    0x0, 0x85, 0x13, 0xff, 0x9e, 0x40, 0x1e, 0x4b,
    0xbf, 0xfe, 0x80, 0x7, 0x88, 0x3, 0xff, 0xad,
    0xe0, 0x1f, 0xfd, 0x61, 0x0, 0xff, 0xeb, 0x10,
    0x7, 0xff, 0x59, 0xc0, 0x3f, 0xfa, 0xc4, 0x1,
    0xff, 0xd6, 0x10, 0xf, 0x4f, 0xff, 0xff, 0x22,
    0x40, 0x3f, 0xf8, 0x26, 0x1, 0xff, 0xce, 0x20,
    0xf, 0x98, 0x3, 0xff, 0x9c, 0x20, 0x1f, 0x8,
    0x7, 0xff, 0x39, 0xc0, 0x3e, 0x20, 0xf, 0xfe,
    0x71, 0x0, 0x7f, 0xf5, 0x84, 0x3, 0xc2, 0x1,
    0xff, 0xcf, 0xf0, 0xf, 0x10, 0x7, 0xff, 0x3c,
    0x80, 0x3c, 0xe0, 0x1f, 0xfc, 0xf1, 0x0, 0xf1,
    0x0, 0x7f, 0xf3, 0xd8, 0x3, 0xc2, 0x1, 0x13,
    0x56, 0xf7, 0xfb, 0xb6, 0xdc, 0xc0, 0x3f, 0xf8,
    0x6, 0x1, 0xee, 0x6, 0xcd, 0x95, 0x21, 0x0,
    0x9, 0x24, 0x66, 0xb0, 0x7, 0xf8, 0x40, 0x3d,
    0xfb, 0x26, 0x1, 0xff, 0xc0, 0x29, 0xd3, 0x0,
    0xf8, 0x40, 0x3e, 0x62, 0x0, 0xff, 0xe2, 0x16,
    0x28, 0x7, 0x8c, 0x3, 0xff, 0x9f, 0x4c, 0x1,
    0xc2, 0x1, 0xff, 0xd0, 0x93, 0x0, 0xcc, 0x1,
    0xff, 0xc1, 0x12, 0x32, 0x0, 0xff, 0xe0, 0x70,
    0x6, 0x30, 0xf, 0xf2, 0xd7, 0xf6, 0xe6, 0xfe,
    0xc0, 0x80, 0x7e, 0x27, 0x0, 0x84, 0x3, 0xf1,
    0xed, 0x28, 0x7, 0x89, 0xf9, 0x0, 0x3f, 0x48,
    0x5, 0xc0, 0x1f, 0x3e, 0x10, 0x7, 0xfd, 0x68,
    0x1, 0xf0, 0xa8, 0x3, 0xd5, 0x7d, 0x30, 0x1,
    0xff, 0xc2, 0xa0, 0xf, 0xde, 0x0, 0x6a, 0xaf,
    0x30, 0x7, 0xff, 0xc, 0x58, 0x3, 0xe7, 0x0,
    0xff, 0xe7, 0x50, 0x7, 0xc4, 0x20, 0x1f, 0xfc,
    0xd3, 0x0, 0xfc, 0xa0, 0x1f, 0xfc, 0xe2, 0x0,
    0xf8, 0x40, 0x3f, 0xf9, 0xc2, 0x1, 0xf1, 0x80,
    0x7f, 0xf3, 0x9c, 0x3, 0xe1, 0x0, 0xff, 0xe7,
    0x38, 0x7, 0xc2, 0x2, 0x3f, 0x0, 0x7f, 0xf3,
    0x8e, 0xbb, 0xbe, 0x80, 0xf, 0xfe, 0x29, 0x0,
    0x7c, 0x24, 0x1, 0xf1, 0x80, 0x7f, 0xf1, 0x8,
    0x40, 0x3e, 0x6e, 0x0, 0xf9, 0x0, 0x3f, 0xf8,
    0x88, 0x1, 0xf8, 0x94, 0x3, 0xf2, 0x80, 0x7f,
    0xf0, 0xec, 0x3, 0xe4, 0x3, 0x10, 0xf, 0xa0,
    0x3, 0xff, 0x84, 0xc4, 0x1, 0xf6, 0x80, 0x1c,
    0x3, 0xe2, 0x90, 0xf, 0xfe, 0x2, 0x48, 0x7,
    0xe7, 0x0, 0x68, 0x7, 0xe6, 0xb2, 0x0, 0xfe,
    0x7b, 0x0, 0xfc, 0xc2, 0x0, 0x44, 0x0, 0x7e,
    0x4d, 0xb7, 0x54, 0x34, 0x6a, 0xe8, 0x0, 0xfe,
    0xb0, 0xd, 0x20, 0x1f, 0xe4, 0x8a, 0xbc, 0xb9,
    0x51, 0x0, 0xfe, 0x82, 0x0, 0xc5, 0x0, 0x1f,
    0xfc, 0xe4, 0x70, 0xf, 0x3b, 0x80, 0x3f, 0xf9,
    0x87, 0x60, 0x1f, 0xa1, 0xc0, 0x3f, 0xf9, 0x49,
    0x80, 0x1f, 0xe8, 0xc2, 0x0, 0xff, 0xe3, 0xcd,
    0x80, 0x7f, 0xf0, 0xf, 0x6d, 0x40, 0x3f, 0xf8,
    0x42, 0xfc, 0xc0, 0x1f, 0xfc, 0x34, 0xae, 0xb8,
    0x53, 0x21, 0x0, 0x9, 0x2c, 0x67, 0x40, 0x80,
    0x7e,

    /* U+0036 "6" */
    0x0, 0xff, 0xe1, 0x13, 0x56, 0x77, 0xfb, 0xb7,
    0x25, 0x88, 0x3, 0xff, 0x94, 0xd9, 0xb2, 0xa6,
    0x20, 0x1, 0x23, 0x69, 0xdc, 0x60, 0xf, 0xfe,
    0x32, 0x6c, 0x98, 0x7, 0xff, 0x4, 0xe7, 0x4c,
    0x3, 0xff, 0x87, 0x16, 0x40, 0x1f, 0xfc, 0x52,
    0xc4, 0x0, 0xff, 0xe0, 0xcb, 0x80, 0x7f, 0xf2,
    0x6c, 0xc0, 0x3f, 0xe8, 0x60, 0xf, 0xfe, 0x5e,
    0x80, 0x7f, 0x95, 0xc0, 0x3f, 0xf9, 0x83, 0x0,
    0x1f, 0x86, 0x80, 0x3f, 0x92, 0x2a, 0xf2, 0xa0,
    0xc0, 0x3f, 0x9c, 0x40, 0x3e, 0xb0, 0xf, 0xc9,
    0xb6, 0xea, 0x86, 0xaf, 0x96, 0x20, 0x1f, 0x98,
    0x3, 0xc6, 0xa0, 0x1f, 0x35, 0x90, 0x7, 0xe4,
    0xf1, 0x0, 0xfa, 0x80, 0x3d, 0x0, 0x1f, 0x2c,
    0x80, 0x7f, 0xc3, 0x60, 0x1f, 0x10, 0x80, 0x61,
    0x40, 0xf, 0xd, 0x0, 0x7f, 0xf0, 0x54, 0xc0,
    0x3e, 0x40, 0xc, 0xc0, 0x1f, 0x48, 0x7, 0xff,
    0xe, 0x80, 0x22, 0x57, 0x97, 0x0, 0xd4, 0x1,
    0xf3, 0x80, 0x7f, 0xf0, 0xda, 0xfb, 0xf6, 0xa1,
    0x88, 0x2, 0x22, 0x0, 0x79, 0x80, 0x3f, 0xf8,
    0xa8, 0x20, 0x1f, 0xca, 0x1, 0xf6, 0x80, 0x7f,
    0xf4, 0x30, 0x3, 0xe4, 0x0, 0xff, 0xe8, 0x28,
    0x7, 0x8c, 0x3, 0xff, 0xa0, 0x42, 0x1, 0xe5,
    0x0, 0xff, 0xe8, 0x30, 0x7, 0xdc, 0x1, 0xe1,
    0x47, 0x89, 0x99, 0xd4, 0x80, 0x3f, 0xf8, 0x6,
    0x1, 0xf1, 0x80, 0x66, 0xce, 0xb8, 0x76, 0x6a,
    0x2b, 0x75, 0x2, 0x1, 0xfd, 0xc0, 0x1f, 0x30,
    0x1, 0xba, 0x4c, 0x3, 0xfc, 0x4f, 0xd0, 0x1,
    0xf8, 0x80, 0x3e, 0x30, 0xb9, 0x10, 0xf, 0xfe,
    0x1b, 0xe9, 0x0, 0x79, 0xc0, 0x3f, 0x62, 0x0,
    0x7f, 0xf1, 0x8b, 0x8, 0x3, 0x84, 0x3, 0xed,
    0x30, 0xf, 0xfe, 0x40, 0xf8, 0x7, 0x18, 0x7,
    0xc6, 0x1, 0xff, 0xca, 0x28, 0x0, 0xc2, 0x1,
    0xff, 0xc1, 0x6a, 0xdf, 0xf7, 0x64, 0x18, 0x7,
    0xf3, 0x90, 0x7, 0xff, 0xd, 0xba, 0x54, 0x80,
    0x2, 0x6f, 0x94, 0x1, 0xfd, 0x60, 0x1f, 0xfc,
    0x2a, 0x91, 0x0, 0xfe, 0x5c, 0x0, 0xfc, 0xc0,
    0x1f, 0xfc, 0x18, 0x50, 0xf, 0xfe, 0x1, 0xc0,
    0x7, 0xe5, 0x0, 0xff, 0x8d, 0xc0, 0x3f, 0xf8,
    0x4e, 0x20, 0x1f, 0x68, 0x7, 0xfd, 0x0, 0x1f,
    0xfc, 0x46, 0x0, 0xf9, 0x0, 0x2, 0x1, 0xf9,
    0x0, 0x3f, 0xf8, 0x96, 0x1, 0xf1, 0x80, 0x7f,
    0x8c, 0x3, 0xff, 0x8a, 0x60, 0x1f, 0xe2, 0x0,
    0xf9, 0x80, 0x3f, 0xf8, 0xc2, 0x1, 0xf0, 0x83,
    0x0, 0x7f, 0xf3, 0x8c, 0x3, 0xe3, 0x2, 0x0,
    0xf8, 0x40, 0x3f, 0xfa, 0x1a, 0x1, 0xf3, 0x80,
    0x7f, 0xf1, 0x88, 0x3, 0xe3, 0x7, 0x0, 0xf8,
    0x80, 0x3f, 0xf9, 0xc2, 0x4, 0x1, 0xf0, 0x90,
    0x7, 0xff, 0x11, 0x0, 0x3e, 0x20, 0x9, 0x40,
    0x3e, 0x50, 0xf, 0xfe, 0x26, 0x0, 0x7c, 0xe0,
    0x17, 0x80, 0x7d, 0x40, 0x1f, 0xfc, 0x46, 0x0,
    0xfb, 0x0, 0x25, 0x10, 0xf, 0x13, 0x80, 0x7f,
    0xf0, 0xa4, 0x40, 0x3e, 0x70, 0xc, 0xc0, 0x1f,
    0x42, 0x0, 0x7f, 0xf0, 0x19, 0x80, 0x1f, 0x28,
    0x80, 0x69, 0x0, 0xfd, 0x6a, 0x1, 0xfe, 0x89,
    0x0, 0xfd, 0x20, 0x1c, 0x30, 0x1, 0xfa, 0xad,
    0x40, 0x38, 0x9f, 0x9c, 0x3, 0xf2, 0x98, 0x7,
    0x9c, 0xc0, 0x3f, 0x25, 0x7f, 0x66, 0xf6, 0xc0,
    0x80, 0x7e, 0x1b, 0x0, 0xfd, 0xc2, 0x1, 0xfe,
    0x13, 0x21, 0x0, 0xff, 0xb4, 0x40, 0x3f, 0x16,
    0x88, 0x7, 0xff, 0x2e, 0xcc, 0x3, 0xfc, 0x78,
    0x20, 0x1f, 0xfc, 0x82, 0xd4, 0x0, 0xff, 0xe0,
    0x17, 0xa8, 0x7, 0xff, 0x19, 0xf4, 0x80, 0x3f,
    0xf8, 0x43, 0x58, 0x80, 0x1f, 0xfc, 0x11, 0x7e,
    0x80, 0xf, 0xfe, 0x31, 0xdf, 0x4b, 0x18, 0x80,
    0x42, 0x4b, 0x19, 0xd0, 0x20, 0x1f, 0xc0,

    /* U+0037 "7" */
    0x34, 0x4f, 0xfe, 0xa9, 0x75, 0xdf, 0xff, 0x56,
    0x0, 0x3f, 0xff, 0xe0, 0x1f, 0xff, 0xf0, 0xf,
    0xff, 0x79, 0x6f, 0xff, 0xff, 0x30, 0xc0, 0x3f,
    0x48, 0x7, 0xff, 0x31, 0xc, 0x3, 0xe7, 0x10,
    0xf, 0xfe, 0x64, 0x0, 0x7e, 0x90, 0xf, 0xfe,
    0x62, 0x18, 0x7, 0xd0, 0x20, 0x1f, 0xfc, 0xcf,
    0x0, 0xf8, 0x5c, 0x3, 0xff, 0x98, 0x68, 0x1,
    0xf4, 0x80, 0x7f, 0xf3, 0x60, 0x3, 0xe1, 0x70,
    0xf, 0xfe, 0x61, 0xa0, 0x7, 0xcc, 0x1, 0xff,
    0xcd, 0x80, 0xf, 0xd2, 0x1, 0xff, 0xcc, 0x24,
    0x0, 0xf9, 0xc4, 0x3, 0xff, 0x99, 0x0, 0x1f,
    0xa4, 0x3, 0xff, 0x98, 0x2a, 0x1, 0xf2, 0x88,
    0x7, 0xff, 0x31, 0x80, 0x3f, 0x40, 0x7, 0xff,
    0x36, 0x40, 0x3e, 0x42, 0x0, 0xff, 0xe6, 0x28,
    0x80, 0x7d, 0xe0, 0x1f, 0xfc, 0xd9, 0x0, 0xf8,
    0x90, 0x3, 0xff, 0x98, 0x66, 0x0, 0xfa, 0xc0,
    0x3f, 0xf9, 0xb2, 0x1, 0xf9, 0x80, 0x3f, 0xf9,
    0x82, 0xa0, 0x1f, 0x30, 0x7, 0xff, 0x35, 0x80,
    0x3f, 0x50, 0x7, 0xff, 0x36, 0x40, 0x3e, 0x33,
    0x0, 0x7f, 0xf3, 0x10, 0x40, 0x3e, 0xa0, 0xf,
    0xfe, 0x6f, 0x0, 0x7e, 0x60, 0xf, 0xfe, 0x60,
    0xa8, 0x7, 0xca, 0x1, 0xff, 0xcd, 0x70, 0xf,
    0xdc, 0x1, 0xff, 0xcd, 0xa0, 0xf, 0x85, 0x0,
    0x3f, 0xf9, 0x84, 0x60, 0x1f, 0x30, 0x7, 0xff,
    0x36, 0x80, 0x3f, 0x58, 0x7, 0xff, 0x35, 0x80,
    0x3e, 0x23, 0x0, 0xff, 0xe6, 0x20, 0x80, 0x7c,
    0xa0, 0x1f, 0xfc, 0xde, 0x0, 0xfd, 0x40, 0x1f,
    0xfc, 0xd5, 0x0, 0xf8, 0x88, 0x1, 0xff, 0xcc,
    0x50, 0xf, 0xca, 0x1, 0xff, 0xcd, 0xf0, 0xf,
    0xd6, 0x1, 0xff, 0xcd, 0x50, 0xf, 0x84, 0xc0,
    0x3f, 0xf9, 0x88, 0x1, 0xf9, 0xc0, 0x3f, 0xf9,
    0xbc, 0x1, 0xfb, 0x40, 0x3f, 0xf9, 0xa8, 0x1,
    0xf9, 0x0, 0x3f, 0xf9, 0x88, 0x20, 0x1f, 0x20,
    0x7, 0xff, 0x37, 0x40, 0x3f, 0x68, 0x7, 0xff,
    0x35, 0xc0, 0x3f, 0x20, 0x7, 0xff, 0x30, 0xc4,
    0x3, 0xe2, 0x20, 0x7, 0xff, 0x32, 0xc0, 0x3f,
    0x20, 0x7, 0xff, 0x14,

    /* U+0038 "8" */
    0x0, 0xff, 0xe0, 0x13, 0x4e, 0x6f, 0xfe, 0xed,
    0xb8, 0x50, 0xf, 0xfe, 0x48, 0xbe, 0xea, 0x58,
    0xc8, 0x3, 0x9, 0x23, 0xd7, 0xda, 0x0, 0x7f,
    0xf1, 0x5f, 0xa0, 0x80, 0x3f, 0xf8, 0x69, 0x7a,
    0x80, 0x1f, 0xfc, 0x12, 0xd8, 0x0, 0xff, 0xe4,
    0x15, 0xc0, 0x7, 0xfc, 0x7a, 0x40, 0x1f, 0xfc,
    0xb7, 0xb0, 0xf, 0xe2, 0xc0, 0xf, 0xfe, 0x72,
    0x48, 0x7, 0xef, 0x0, 0xff, 0x8d, 0x9e, 0x1d,
    0x48, 0x3, 0xfc, 0xca, 0x1, 0xe7, 0x20, 0xf,
    0xc5, 0x3f, 0x93, 0xf, 0x15, 0xbc, 0xe0, 0x1f,
    0xd6, 0x1, 0xe9, 0x0, 0xfc, 0xda, 0xc0, 0x1f,
    0x86, 0x34, 0x80, 0x3e, 0x15, 0x0, 0xc6, 0x20,
    0x1f, 0x34, 0x80, 0x7f, 0xf0, 0xb, 0x4, 0x3,
    0xee, 0x0, 0xd6, 0x1, 0xf1, 0x48, 0x7, 0xff,
    0x8, 0x6c, 0x3, 0xe4, 0x0, 0xc6, 0x1, 0xf5,
    0x80, 0x7f, 0xf1, 0x14, 0x40, 0x3e, 0x30, 0x9,
    0x80, 0x3e, 0x70, 0xf, 0xfe, 0x2a, 0x0, 0x7c,
    0xe0, 0x11, 0x80, 0x78, 0x44, 0x1, 0xff, 0xc5,
    0xd0, 0xf, 0x88, 0x2, 0x10, 0xf, 0x18, 0x7,
    0xff, 0x18, 0x40, 0x3f, 0xe1, 0x0, 0xff, 0xe6,
    0x88, 0x7, 0xfc, 0x40, 0x1e, 0x30, 0xf, 0xfe,
    0x37, 0x80, 0x7c, 0x60, 0x12, 0x80, 0x78, 0x48,
    0x3, 0xff, 0x8a, 0x80, 0x1f, 0x38, 0x5, 0xe0,
    0x1f, 0x20, 0x7, 0xff, 0x10, 0x4c, 0x3, 0xc2,
    0x40, 0x13, 0x80, 0x7d, 0x60, 0x1f, 0xfc, 0x49,
    0x0, 0xf9, 0xc0, 0x30, 0xb0, 0x7, 0x8a, 0x40,
    0x3f, 0xf8, 0x46, 0xe0, 0x1f, 0x50, 0x7, 0x40,
    0x80, 0x79, 0xac, 0x40, 0x3f, 0xe6, 0xc0, 0xf,
    0x94, 0xc0, 0x38, 0x6c, 0x3, 0xe4, 0xea, 0x63,
    0x10, 0x0, 0x92, 0x47, 0x48, 0x7, 0xc3, 0x60,
    0x1f, 0x2c, 0x80, 0x7e, 0x59, 0xce, 0xff, 0x76,
    0xdb, 0x88, 0x7, 0xc3, 0xa2, 0x1, 0xf9, 0xa8,
    0x3, 0xff, 0x98, 0x58, 0x60, 0x1f, 0xe5, 0xe5,
    0x0, 0xff, 0xe4, 0xbe, 0x90, 0x7, 0xff, 0x1,
    0xd0, 0x3, 0xff, 0x90, 0x3e, 0x1, 0xff, 0xc0,
    0x1c, 0x91, 0x0, 0xff, 0xe4, 0xc, 0x69, 0x80,
    0x7f, 0x1f, 0x98, 0x7, 0xff, 0x30, 0xb1, 0x80,
    0x3e, 0x2d, 0x10, 0xf, 0xf8, 0x8c, 0xc4, 0x20,
    0x1f, 0xf4, 0xb8, 0x7, 0xbc, 0x40, 0x3f, 0x1d,
    0x77, 0xee, 0x63, 0x7b, 0xf2, 0x8, 0x3, 0xf4,
    0x28, 0x6, 0x82, 0x0, 0xf8, 0xb3, 0xa, 0x20,
    0x1f, 0x1b, 0xed, 0x8, 0x7, 0xd4, 0x20, 0x1,
    0x70, 0xf, 0x8f, 0x4c, 0x3, 0xff, 0x82, 0xb8,
    0x20, 0x1f, 0x58, 0x2, 0x40, 0x3e, 0x1d, 0x0,
    0xff, 0xe2, 0x15, 0x0, 0x7c, 0xa2, 0x8, 0x1,
    0xf4, 0x88, 0x7, 0xff, 0x15, 0xc, 0x3, 0xe7,
    0x3, 0x0, 0xf9, 0x0, 0x3f, 0xf8, 0xf6, 0x1,
    0xf6, 0x10, 0x7, 0xe3, 0x0, 0xff, 0xe3, 0x98,
    0x7, 0xcc, 0x20, 0x1f, 0x8, 0x7, 0xff, 0x21,
    0xc0, 0x3e, 0x10, 0xf, 0xfe, 0xd0, 0x80, 0x7c,
    0x20, 0x1f, 0xfc, 0x86, 0x0, 0xfc, 0x40, 0x1f,
    0x8c, 0x3, 0xff, 0x8f, 0x80, 0x1f, 0x30, 0x8,
    0x7, 0xd6, 0x1, 0xff, 0xc7, 0x70, 0xf, 0x8c,
    0x10, 0x3, 0xe7, 0x10, 0xf, 0xfe, 0x2b, 0x88,
    0x7, 0xd8, 0x1e, 0x1, 0xfb, 0x40, 0x3f, 0xf8,
    0x89, 0x0, 0x1f, 0xa, 0x2, 0x88, 0x7, 0xc7,
    0x84, 0x1, 0xff, 0xc1, 0x6b, 0x0, 0xfc, 0xc0,
    0x14, 0x0, 0x7e, 0x3d, 0x93, 0x0, 0xfc, 0x2d,
    0x92, 0x1, 0xfd, 0x20, 0x13, 0x18, 0x7, 0xf3,
    0x67, 0xed, 0xd5, 0x2f, 0x3b, 0x92, 0x60, 0x1f,
    0xd2, 0x20, 0x1b, 0x44, 0x3, 0xfe, 0x24, 0x55,
    0x21, 0x88, 0x7, 0xfc, 0xcc, 0x0, 0xe1, 0xc1,
    0x0, 0xff, 0xe7, 0xac, 0x80, 0x7c, 0x58, 0x60,
    0x1f, 0xfc, 0xd8, 0xa0, 0xf, 0xe2, 0xc8, 0x10,
    0xf, 0xfe, 0x4a, 0x6b, 0x80, 0x7f, 0xf0, 0x1f,
    0xa4, 0xc0, 0x3f, 0xf8, 0x82, 0xd9, 0x64, 0x1,
    0xff, 0xc3, 0x6c, 0xea, 0x74, 0x31, 0x0, 0xc2,
    0x46, 0xd3, 0x9d, 0x26, 0x1, 0xf8,

    /* U+0039 "9" */
    0x0, 0xff, 0x85, 0xa7, 0x3b, 0xfe, 0xed, 0xa7,
    0x20, 0xf, 0xfe, 0x4a, 0xdf, 0x4b, 0x18, 0x80,
    0x42, 0x4b, 0x1b, 0x88, 0x1, 0xff, 0xc5, 0x4d,
    0xa4, 0x0, 0xff, 0xe0, 0x9d, 0xd8, 0x40, 0x3f,
    0xf8, 0x51, 0x64, 0x1, 0xff, 0xc5, 0x4f, 0x30,
    0xf, 0xfe, 0x5, 0xb8, 0x7, 0xff, 0x20, 0x71,
    0x0, 0x3f, 0xd6, 0x80, 0x1f, 0xfc, 0xbb, 0x30,
    0xf, 0xd2, 0x80, 0x1f, 0xf1, 0x19, 0x0, 0x7f,
    0xda, 0x20, 0x1e, 0x46, 0x0, 0xfe, 0x5b, 0xfd,
    0xcd, 0xfc, 0x60, 0xf, 0xc3, 0x0, 0x1e, 0x90,
    0xf, 0xc5, 0xb4, 0x80, 0x1c, 0x73, 0xa4, 0x1,
    0xf3, 0x18, 0x6, 0x52, 0x0, 0xf8, 0xf0, 0x80,
    0x3f, 0x8b, 0x8, 0x3, 0xe8, 0x0, 0xd2, 0x1,
    0xf0, 0xe8, 0x80, 0x7f, 0xc3, 0xc0, 0x1f, 0x21,
    0x0, 0x4, 0xc0, 0x3e, 0x91, 0x0, 0xff, 0xe0,
    0x9a, 0x80, 0x7d, 0x40, 0x4, 0x0, 0xfc, 0xe0,
    0x1f, 0xfc, 0x39, 0x0, 0xf9, 0x40, 0x18, 0x1,
    0xf2, 0x0, 0x7f, 0xf1, 0xc, 0x80, 0x3c, 0x44,
    0x2, 0x0, 0xfb, 0x0, 0x3f, 0xf8, 0xa8, 0x1,
    0xf2, 0x3, 0x0, 0x7c, 0x40, 0x1f, 0xfc, 0x5f,
    0x0, 0xfb, 0x0, 0xc0, 0x3e, 0x10, 0xf, 0xfe,
    0x29, 0x80, 0x7c, 0xc0, 0x1f, 0xfc, 0xf1, 0x0,
    0xf8, 0x80, 0xc0, 0x3e, 0x10, 0xf, 0xfe, 0x28,
    0x80, 0x7c, 0x23, 0x0, 0x7c, 0x60, 0x1f, 0xfc,
    0x52, 0x0, 0xfc, 0x4e, 0x1, 0xf7, 0x80, 0x7f,
    0xf1, 0x70, 0x3, 0xf3, 0x98, 0x7, 0xc8, 0x1,
    0xff, 0xc5, 0x50, 0xf, 0xc3, 0xa0, 0x1f, 0x11,
    0x80, 0x7f, 0xf0, 0xd8, 0x40, 0x3f, 0x1a, 0x0,
    0x7e, 0x80, 0xf, 0xfe, 0x1d, 0x80, 0x7f, 0x84,
    0xc0, 0x3e, 0x46, 0x0, 0xff, 0xe0, 0xd1, 0x0,
    0x7f, 0x8, 0x50, 0x7, 0xe9, 0x60, 0xf, 0xf0,
    0xda, 0x80, 0x7f, 0x84, 0x18, 0x3, 0xfa, 0x71,
    0x40, 0x3c, 0x51, 0xe8, 0x1, 0xff, 0xc2, 0x90,
    0xf, 0xe3, 0xaf, 0xdc, 0xbc, 0xed, 0x71, 0x0,
    0xff, 0xe1, 0xb1, 0x80, 0x7f, 0xc4, 0x68, 0x62,
    0x1, 0xf1, 0x0, 0x7c, 0x60, 0x17, 0x8, 0x7,
    0xff, 0x26, 0x9c, 0x3, 0xe1, 0x0, 0x8b, 0x44,
    0x3, 0xff, 0x8f, 0x4a, 0x1, 0xf9, 0xc0, 0x31,
    0xfa, 0x0, 0x7f, 0xf1, 0xb, 0x54, 0x4, 0x3,
    0xe1, 0x0, 0xe1, 0xba, 0x30, 0xf, 0xfe, 0x1,
    0x4e, 0x90, 0x1, 0xc0, 0x3e, 0x20, 0xf, 0x97,
    0x36, 0x14, 0xc4, 0x2, 0x24, 0x7c, 0xd6, 0x0,
    0xc4, 0x1, 0xe1, 0x0, 0xff, 0x13, 0xd6, 0x77,
    0xfd, 0xb7, 0x6, 0x1, 0xe1, 0x0, 0xf1, 0x0,
    0x7f, 0xf3, 0xc8, 0x3, 0xe5, 0x0, 0xff, 0xe7,
    0xb0, 0x7, 0xdc, 0x1, 0xff, 0xcf, 0xc0, 0xf,
    0x8c, 0x3, 0xff, 0x9e, 0x80, 0x1f, 0x20, 0x0,
    0x8b, 0xf0, 0x7, 0xff, 0x10, 0x4c, 0x3, 0xc6,
    0x1, 0x4e, 0xef, 0xc6, 0x1, 0xff, 0xc3, 0x70,
    0xf, 0xac, 0x2, 0x20, 0xf, 0x90, 0x3, 0xff,
    0x87, 0x60, 0x1f, 0x28, 0x5, 0xe0, 0x1f, 0x48,
    0x7, 0xff, 0x9, 0xc8, 0x3, 0xc6, 0x40, 0x12,
    0x0, 0x7c, 0x2e, 0x1, 0xff, 0xc0, 0x48, 0x0,
    0xfa, 0x80, 0x31, 0x10, 0x3, 0xe8, 0x60, 0xf,
    0xf3, 0x58, 0x7, 0xc2, 0xc0, 0x1d, 0x40, 0x1f,
    0xa7, 0x18, 0x80, 0x31, 0x36, 0xc8, 0x7, 0xe8,
    0x0, 0xf3, 0x88, 0x7, 0xe3, 0x9d, 0xff, 0x77,
    0xec, 0x90, 0x7, 0xe3, 0x60, 0xf, 0xac, 0x3,
    0xff, 0x82, 0x20, 0x1f, 0xf0, 0xe8, 0x7, 0xe5,
    0x70, 0xf, 0xfe, 0x66, 0x88, 0x7, 0xf4, 0x38,
    0x7, 0xff, 0x24, 0x6c, 0xc0, 0x3f, 0xe8, 0xb2,
    0x0, 0xff, 0xe3, 0x27, 0xa0, 0x7, 0xff, 0x5,
    0x36, 0x4c, 0x3, 0xff, 0x84, 0x97, 0x61, 0x0,
    0xff, 0xe2, 0x36, 0x6d, 0x3a, 0x10, 0x80, 0x42,
    0x6d, 0x3d, 0x68, 0x1, 0xfe,

    /* U+003A ":" */
    0xf, 0xff, 0xd4, 0x1, 0xff, 0xff, 0x0, 0xff,
    0xe2, 0x77, 0x7e, 0xb0, 0x11, 0xfe, 0x0, 0xff,
    0xff, 0x80, 0x7f, 0xff, 0xc0, 0x47, 0xf8, 0x3b,
    0xbf, 0x58, 0x7, 0xff, 0xfc, 0x3, 0xff, 0x86,

    /* U+003B ";" */
    0x0, 0x7f, 0xfe, 0xa0, 0xf, 0xff, 0xf8, 0x7,
    0xff, 0x63, 0xbb, 0xf5, 0x80, 0x42, 0x3f, 0xc0,
    0x1f, 0xff, 0xf0, 0xf, 0xff, 0xf8, 0x7, 0xff,
    0x58, 0x47, 0xf0, 0x4, 0x7d, 0xdf, 0x80, 0x26,
    0x0, 0xf9, 0x0, 0x22, 0x0, 0xfb, 0x0, 0x2e,
    0x0, 0xf9, 0x0, 0x22, 0x0, 0xf8, 0xc0, 0x26,
    0x0, 0xf2, 0x0, 0x62, 0x0, 0xf6, 0x0, 0x44,
    0x1, 0xf2, 0x0, 0x4c, 0x1, 0xf1, 0x80, 0x44,
    0x1, 0xe3, 0x0, 0xdc, 0x1, 0xe4, 0x0, 0xc4,
    0x1, 0xec, 0x0, 0xcc, 0x1, 0xe4, 0x0, 0xc4,
    0x1, 0xc6, 0x1, 0x84, 0x40, 0x1c, 0x80, 0x18,
    0x80, 0x3d, 0x80, 0x19, 0x80, 0x3c, 0x80, 0x18,

    /* U+003C "<" */
    0x0, 0xff, 0xe9, 0x8c, 0x0, 0x7f, 0xf4, 0x8a,
    0xb9, 0xc0, 0x3f, 0xfa, 0x9, 0x7a, 0xa0, 0x1f,
    0xfd, 0x5, 0xcb, 0x40, 0xf, 0xfe, 0x83, 0x6d,
    0x18, 0x7, 0xff, 0x3c, 0x63, 0xa4, 0x80, 0x3f,
    0xf9, 0xe5, 0x3c, 0xe2, 0x1, 0xff, 0xcf, 0x3a,
    0xd6, 0x0, 0xff, 0xe8, 0x26, 0x61, 0x40, 0x3f,
    0xf8, 0x2b, 0x80, 0x1f, 0xfc, 0x16, 0xdb, 0x30,
    0xf, 0xfe, 0xb, 0x6d, 0x18, 0x7, 0xf8, 0x5f,
    0xa4, 0x80, 0x3f, 0xf8, 0x3, 0x1f, 0x24, 0x1,
    0xfe, 0x18, 0xe8, 0x10, 0xf, 0xfe, 0x1, 0xd7,
    0x38, 0x7, 0xfc, 0x75, 0xce, 0x1, 0xff, 0xc1,
    0x5c, 0xc2, 0x80, 0x7f, 0xc9, 0x78, 0xa0, 0x1f,
    0xfc, 0x16, 0xda, 0x30, 0xf, 0xf9, 0x76, 0xd0,
    0x3, 0xff, 0x80, 0x31, 0xf2, 0x40, 0x1f, 0xfc,
    0x9, 0xa2, 0x0, 0xff, 0xe0, 0x1d, 0x73, 0x80,
    0x7f, 0xf4, 0x17, 0x30, 0xa0, 0x1f, 0xfd, 0x7,
    0xda, 0x30, 0xf, 0xfe, 0x8b, 0xc9, 0x0, 0x7f,
    0xf4, 0xdf, 0xa4, 0x80, 0x3f, 0xfa, 0x8d, 0xb6,
    0x80, 0x1f, 0xfc, 0x6f, 0x0, 0xff, 0xe0, 0xa5,
    0xe2, 0x80, 0x7f, 0xf1, 0x1b, 0xa0, 0x40, 0x3f,
    0xf8, 0x7, 0x5c, 0xe2, 0x1, 0xff, 0xc2, 0x17,
    0xe9, 0x20, 0xf, 0xfe, 0x0, 0xc7, 0x49, 0x0,
    0x7f, 0xf0, 0xdb, 0x68, 0xc0, 0x3f, 0xf8, 0x2d,
    0xb6, 0x80, 0x1f, 0xfc, 0x35, 0xcc, 0x20, 0x7,
    0xff, 0x5, 0x2f, 0x54, 0x3, 0xff, 0x86, 0x77,
    0xac, 0x1, 0xff, 0xc1, 0x2a, 0xe7, 0x10, 0xf,
    0xfe, 0x11, 0x4f, 0x38, 0x80, 0x7f, 0xf0, 0x6,
    0x3a, 0x48, 0x3, 0xff, 0x84, 0x31, 0xd0, 0x20,
    0x1f, 0xfc, 0x16, 0xdb, 0x0, 0xff, 0xe2, 0x3f,
    0x51, 0x80, 0x7f, 0xf0, 0x50, 0x3, 0xff, 0x8c,
    0xb9, 0x68, 0x1, 0xff, 0xd4, 0x4b, 0xd5, 0x0,
    0xff, 0xea, 0x15, 0x73, 0x80, 0x7f, 0xf5, 0x6,
    0x3a, 0x4, 0x3, 0xff, 0xa6, 0x2f, 0xd2, 0x40,
    0x1f, 0xfd, 0x46, 0xdb, 0x30, 0xf, 0xfe, 0xa2,
    0x66, 0x0,

    /* U+003D "=" */
    0x14, 0x4f, 0xfe, 0x98, 0x3d, 0xdf, 0xff, 0x4c,
    0x3, 0xff, 0xfe, 0x1, 0xff, 0xff, 0x0, 0xff,
    0xf2, 0xb7, 0xff, 0xff, 0x4c, 0x3, 0xff, 0xfe,
    0x1, 0xff, 0xff, 0x0, 0xff, 0xff, 0x80, 0x7c,
    0x28, 0x9f, 0xfd, 0x30, 0x7b, 0xbf, 0xfe, 0x98,
    0x7, 0xff, 0xfc, 0x3, 0xff, 0xfe, 0x1, 0xff,
    0xe5,

    /* U+003E ">" */
    0x45, 0x0, 0xff, 0xea, 0x15, 0x73, 0x80, 0x7f,
    0xf5, 0x6, 0x3e, 0x4, 0x3, 0xff, 0xa8, 0xfd,
    0x44, 0x1, 0xff, 0xd4, 0x5d, 0xb4, 0x0, 0xff,
    0xea, 0x25, 0xe2, 0x80, 0x7f, 0xf5, 0xe, 0xb5,
    0x80, 0x3f, 0xfa, 0x85, 0x3d, 0x2, 0x1, 0xff,
    0xc4, 0x78, 0x10, 0xf, 0xfe, 0x0, 0xbf, 0x49,
    0x0, 0x7f, 0xf0, 0x85, 0xfa, 0x48, 0x3, 0xff,
    0x82, 0xdb, 0x46, 0x1, 0xff, 0xc3, 0x6d, 0xb4,
    0x0, 0xff, 0xe0, 0xae, 0x61, 0x0, 0x3f, 0xf8,
    0x69, 0x78, 0xa0, 0x1f, 0xfc, 0x13, 0xbd, 0x60,
    0xf, 0xfe, 0x19, 0xd7, 0x38, 0x7, 0xff, 0x4,
    0xa7, 0x9c, 0x40, 0x3f, 0xf8, 0x43, 0x1f, 0x2,
    0x1, 0xff, 0xc0, 0x18, 0xe8, 0x10, 0xf, 0xfe,
    0x1b, 0xf5, 0x18, 0x7, 0xff, 0x5, 0xfa, 0x8c,
    0x3, 0xff, 0x86, 0xb9, 0x68, 0x1, 0xff, 0xc1,
    0x5c, 0x30, 0xf, 0xfe, 0x22, 0x5e, 0xb0, 0x7,
    0xff, 0x50, 0xa7, 0x9c, 0x40, 0x3f, 0xfa, 0x63,
    0x1e, 0x40, 0x1f, 0xfd, 0x22, 0x9e, 0x20, 0xf,
    0xfe, 0x82, 0x5e, 0xb0, 0x7, 0xff, 0x41, 0xb6,
    0xd0, 0x3, 0xff, 0x80, 0x42, 0x1, 0xff, 0xc1,
    0x18, 0xe9, 0x20, 0xf, 0xfe, 0x1, 0xd6, 0x90,
    0x7, 0xfc, 0x53, 0xce, 0x20, 0x1f, 0xfc, 0x4,
    0xcc, 0x28, 0x7, 0xfc, 0x97, 0xac, 0x1, 0xff,
    0xc1, 0x6d, 0xb3, 0x0, 0xff, 0x9b, 0x6d, 0x0,
    0x3f, 0xf8, 0x2, 0xfd, 0x24, 0x1, 0xfe, 0x28,
    0xf9, 0x20, 0xf, 0xfe, 0x0, 0xc7, 0x40, 0x80,
    0x7f, 0x8e, 0xb5, 0xc0, 0x3f, 0xf8, 0x27, 0x5c,
    0xe0, 0x1f, 0xf1, 0xe6, 0x14, 0x3, 0xff, 0x82,
    0x97, 0x8a, 0x1, 0xff, 0xc1, 0x53, 0x0, 0xff,
    0xe0, 0xae, 0xda, 0x0, 0x7f, 0xf4, 0x1f, 0xa8,
    0x80, 0x3f, 0xf9, 0xe3, 0x1d, 0x2, 0x1, 0xff,
    0xcf, 0x29, 0xe7, 0x10, 0xf, 0xfe, 0x79, 0xde,
    0xb0, 0x7, 0xff, 0x41, 0x73, 0x8, 0x1, 0xff,
    0xd0, 0x6d, 0xa3, 0x0, 0xff, 0xe8, 0x27, 0x49,
    0x0, 0x7f, 0xf4, 0x80,

    /* U+003F "?" */
    0x0, 0xff, 0xe0, 0x9a, 0xb3, 0xb9, 0x95, 0x4,
    0x3, 0xff, 0x90, 0x2f, 0x9f, 0x95, 0x31, 0x9,
    0xab, 0xee, 0x52, 0x80, 0x7f, 0xf0, 0xc6, 0x7a,
    0xc, 0x3, 0xfc, 0x2b, 0x5c, 0xe0, 0x1f, 0xfc,
    0x6, 0xe6, 0x0, 0xff, 0xe2, 0xc, 0x61, 0x0,
    0x7f, 0x4c, 0x80, 0x3f, 0xf9, 0x7, 0xa8, 0x1,
    0xf4, 0xb0, 0x7, 0xff, 0x2e, 0xcc, 0x3, 0x9d,
    0x80, 0x3f, 0xf9, 0xbc, 0x1, 0x8a, 0x0, 0x3f,
    0xc6, 0xce, 0xe6, 0x30, 0xf, 0xf1, 0x40, 0x5,
    0xc0, 0x1f, 0x8a, 0xbf, 0x26, 0x21, 0x39, 0xcc,
    0x1, 0xfc, 0xe0, 0x4, 0x30, 0xf, 0x93, 0x54,
    0x3, 0xe1, 0x99, 0x0, 0x7f, 0x28, 0x78, 0x7,
    0xc7, 0x60, 0x1f, 0xf3, 0x30, 0x3, 0xf6, 0xa,
    0x0, 0x7d, 0xe0, 0x1f, 0xfc, 0x18, 0x0, 0xfc,
    0xae, 0x1, 0xf2, 0x98, 0x7, 0xff, 0x4, 0x4c,
    0x3, 0xe2, 0xc0, 0xf, 0xb8, 0x3, 0xff, 0x86,
    0xa0, 0x1f, 0x9, 0x90, 0x7, 0x90, 0x3, 0xff,
    0x86, 0x20, 0x1f, 0xa7, 0x7f, 0xb2, 0xa2, 0x40,
    0x3f, 0xf9, 0x82, 0x1, 0x9, 0xab, 0xb0, 0x7,
    0xff, 0x10, 0x80, 0x3e, 0x20, 0xf, 0xfe, 0x63,
    0x80, 0x7c, 0xa0, 0x1f, 0xfc, 0xb3, 0x20, 0xf,
    0xb0, 0x3, 0xff, 0x97, 0x0, 0x1f, 0xa, 0x80,
    0x7f, 0xf2, 0x99, 0x0, 0x3e, 0x90, 0xf, 0xfe,
    0x52, 0x48, 0x7, 0xc2, 0xe0, 0x1f, 0xfc, 0x93,
    0xa0, 0xf, 0xda, 0x1, 0xff, 0xc9, 0x3d, 0x10,
    0xf, 0xa0, 0xc0, 0x3f, 0xf9, 0x7, 0xa2, 0x1,
    0xf3, 0xb8, 0x3, 0xff, 0x90, 0x5a, 0x20, 0x1f,
    0x3c, 0x0, 0x7f, 0xf2, 0xb, 0x4, 0x3, 0xe7,
    0x80, 0xf, 0xfe, 0x4f, 0x88, 0x7, 0xcf, 0x0,
    0x1f, 0xfc, 0x9a, 0x20, 0xf, 0x9a, 0x0, 0x3f,
    0xf9, 0x2e, 0xa0, 0x1f, 0x2c, 0x80, 0x7f, 0xf2,
    0x46, 0x0, 0x3e, 0x2a, 0x0, 0xff, 0xe5, 0x30,
    0x7, 0xef, 0x0, 0xff, 0xe5, 0xd0, 0x7, 0xce,
    0x40, 0x1f, 0xfc, 0xa1, 0x20, 0xf, 0xa8, 0x3,
    0xff, 0x96, 0xa0, 0x1f, 0x11, 0x0, 0x3f, 0xf9,
    0x62, 0x1, 0xf3, 0x0, 0x7f, 0xf3, 0xc, 0x3,
    0xe1, 0x0, 0xff, 0xe6, 0x24, 0xcf, 0xdc, 0x1,
    0xff, 0xcc, 0x26, 0x6f, 0x90, 0x3, 0xff, 0xfe,
    0x1, 0xff, 0xff, 0x0, 0xf4, 0xff, 0xfd, 0x80,
    0x1f, 0xfd, 0x41, 0x0, 0xff, 0xff, 0x80, 0x7f,
    0xff, 0xc0, 0x3f, 0xff, 0xe0, 0x1f, 0xfe, 0x70,

    /* U+0040 "@" */
    0x0, 0xff, 0xe7, 0x92, 0xc5, 0x66, 0x37, 0xb7,
    0x31, 0x50, 0xc6, 0x1, 0xff, 0xe2, 0x16, 0xbe,
    0xda, 0x75, 0x33, 0x10, 0x91, 0x99, 0x5e, 0x73,
    0xf6, 0x10, 0x3, 0xff, 0xb8, 0xb7, 0xd2, 0x82,
    0x1, 0xff, 0xc4, 0x27, 0xbe, 0x93, 0x0, 0xff,
    0xeb, 0xbf, 0x52, 0x0, 0x7f, 0xf2, 0xc5, 0xb2,
    0xcc, 0x3, 0xff, 0xa6, 0xdd, 0x2, 0x1, 0xff,
    0xd0, 0x4c, 0xb2, 0x0, 0xff, 0xe7, 0x96, 0xc8,
    0x80, 0x7f, 0xf5, 0x13, 0x5c, 0x3, 0xff, 0x9a,
    0xfa, 0x40, 0x1f, 0xe2, 0x69, 0xbd, 0xef, 0xfb,
    0xb6, 0xe5, 0x8c, 0x3, 0xfe, 0x8b, 0x10, 0xf,
    0xfe, 0x55, 0xc0, 0x7, 0xf1, 0xcf, 0x6c, 0xb2,
    0x10, 0x80, 0x42, 0x48, 0xd3, 0x9f, 0x6c, 0x1,
    0xfc, 0x98, 0x40, 0x1f, 0xfc, 0x72, 0xd4, 0x0,
    0xfc, 0xbb, 0x8c, 0x20, 0x1f, 0xfc, 0x44, 0x9f,
    0x92, 0x0, 0xf8, 0xb0, 0x80, 0x3f, 0xf8, 0xa5,
    0x84, 0x1, 0xf2, 0x6d, 0x10, 0x7, 0xff, 0x29,
    0xb6, 0x0, 0x3e, 0x1c, 0x10, 0xf, 0xfe, 0x19,
    0x60, 0x80, 0x78, 0x66, 0xc8, 0x3, 0xff, 0x9c,
    0xfc, 0x60, 0x1e, 0x1d, 0x0, 0xff, 0xe1, 0xf,
    0x88, 0x7, 0x8b, 0x18, 0x3, 0xff, 0xa2, 0x38,
    0xc0, 0x1e, 0x39, 0x0, 0xff, 0xe0, 0xd1, 0x0,
    0x79, 0x34, 0x80, 0x3f, 0xfa, 0x92, 0xc0, 0x1e,
    0x63, 0x0, 0xff, 0xa1, 0x0, 0x3c, 0xb6, 0x1,
    0xff, 0xd7, 0x95, 0x0, 0xf7, 0x0, 0x7f, 0x91,
    0xc0, 0x3c, 0x94, 0x1, 0xff, 0xd9, 0xa2, 0x0,
    0xe2, 0x60, 0xf, 0xe9, 0x0, 0xf1, 0x58, 0x7,
    0xff, 0x6e, 0x40, 0x3d, 0x0, 0x1f, 0xa0, 0x80,
    0x3d, 0xe0, 0x1f, 0xfc, 0x12, 0x7b, 0xdf, 0xf7,
    0x64, 0x10, 0x7, 0x19, 0xfc, 0x20, 0x19, 0x14,
    0x3, 0x85, 0x40, 0x3c, 0x4e, 0x1, 0xe9, 0x20,
    0xf, 0xf9, 0x73, 0x61, 0x8, 0x0, 0x26, 0xfb,
    0x42, 0x0, 0x2c, 0xcf, 0x88, 0x3, 0xa4, 0x3,
    0xdc, 0x1, 0xe8, 0x0, 0xf1, 0xb0, 0x7, 0xf8,
    0xae, 0x8c, 0x3, 0xfc, 0xbe, 0x40, 0xc0, 0x1f,
    0x18, 0x7, 0x1a, 0x0, 0x72, 0x8, 0x6, 0x25,
    0x0, 0xf7, 0x80, 0x7f, 0x93, 0x50, 0x3, 0xff,
    0x82, 0x38, 0x58, 0x1, 0xe1, 0x0, 0xfb, 0x40,
    0x3c, 0x80, 0x1a, 0xc0, 0x3c, 0xa6, 0x1, 0xfc,
    0xb6, 0x1, 0xff, 0xc4, 0x1e, 0x30, 0xf, 0x28,
    0x7, 0xce, 0x1, 0xec, 0x0, 0xcc, 0x1, 0xe8,
    0x0, 0xfe, 0x4a, 0x0, 0xff, 0xe3, 0x1a, 0x0,
    0x78, 0xc0, 0x3e, 0x12, 0x0, 0xe4, 0x0, 0x98,
    0x3, 0xc6, 0x40, 0x1f, 0x86, 0x80, 0x3f, 0x9a,
    0xf7, 0x56, 0xe0, 0x1f, 0xfc, 0xd, 0x0, 0xfc,
    0x80, 0x1c, 0x40, 0x15, 0x0, 0x7a, 0x40, 0x3f,
    0xa8, 0x40, 0x3e, 0x5e, 0x94, 0x22, 0x24, 0x71,
    0x0, 0x7f, 0x98, 0x3, 0xf7, 0x80, 0x78, 0x40,
    0x6, 0x1, 0xe5, 0x0, 0xfc, 0x88, 0x0, 0xfa,
    0x28, 0x40, 0x3c, 0x38, 0x20, 0x1f, 0xc6, 0x1,
    0xf8, 0x80, 0x3c, 0x40, 0x80, 0x1e, 0x50, 0xf,
    0xe8, 0x0, 0xf9, 0x9c, 0x3, 0xf8, 0x64, 0x3,
    0xf1, 0x0, 0x7f, 0x38, 0x7, 0x9c, 0x34, 0x3,
    0xd8, 0x1, 0xf9, 0xc, 0x3, 0xc3, 0x20, 0x1f,
    0xf2, 0x80, 0x7e, 0x70, 0xf, 0xe1, 0x0, 0xf0,
    0x82, 0x80, 0x79, 0x0, 0x3f, 0x70, 0x7, 0xd6,
    0x1, 0xff, 0xc0, 0x20, 0xf, 0xc4, 0x1, 0xfc,
    0x60, 0x1e, 0x30, 0x30, 0xf, 0x10, 0x7, 0xe5,
    0x0, 0xf0, 0xa8, 0x7, 0xff, 0x4, 0x80, 0x3e,
    0xd0, 0xf, 0xfe, 0x21, 0x88, 0x7, 0x8c, 0x3,
    0xf2, 0x0, 0x7c, 0xc0, 0x1f, 0xfc, 0xa7, 0x0,
    0xfe, 0x30, 0xf, 0x88, 0x3, 0xcc, 0x1, 0xfb,
    0x40, 0x3e, 0xb0, 0xf, 0xfe, 0x11, 0x80, 0x7c,
    0x40, 0x1f, 0xfc, 0x41, 0x60, 0xf, 0x10, 0x7,
    0xe5, 0x0, 0xf8, 0xc0, 0x3f, 0xf8, 0x42, 0x1,
    0xe2, 0x0, 0xff, 0x30, 0x7, 0x9c, 0xc0, 0x3d,
    0xc0, 0x1f, 0x8c, 0x3, 0xc4, 0x1, 0xff, 0xc2,
    0x10, 0xf, 0x9c, 0x3, 0xfc, 0x20, 0x1e, 0x21,
    0x0, 0xf1, 0x80, 0x7c, 0x20, 0x1f, 0x30, 0x7,
    0xff, 0x9, 0x40, 0x3e, 0xd0, 0xf, 0xf6, 0x80,
    0x78, 0x40, 0x3f, 0xf8, 0x66, 0x1, 0xf0, 0x80,
    0x7f, 0xf0, 0x88, 0x3, 0xe3, 0x0, 0xff, 0x18,
    0x7, 0x18, 0x78, 0x7, 0x84, 0x3, 0xe1, 0x0,
    0xf8, 0xc0, 0x3f, 0xf8, 0x58, 0x1, 0xf3, 0x0,
    0x7f, 0x94, 0x3, 0x94, 0x3, 0xf0, 0x80, 0x7c,
    0xe0, 0x1f, 0xfc, 0xa7, 0x0, 0xf8, 0x80, 0x3f,
    0x8c, 0x40, 0x3b, 0x3, 0xc0, 0x3f, 0xf8, 0x4e,
    0x1, 0xf1, 0x80, 0x7f, 0xf0, 0x48, 0x80, 0x1e,
    0x30, 0xf, 0xf5, 0x80, 0x79, 0x0, 0x40, 0x3c,
    0x40, 0x1f, 0x8, 0x7, 0xc2, 0x1, 0xff, 0xc1,
    0x50, 0xf, 0x94, 0x3, 0xfc, 0xc0, 0x1c, 0x62,
    0x6, 0x1, 0xee, 0x0, 0xf8, 0xc0, 0x3e, 0x50,
    0xf, 0xfe, 0xc, 0x80, 0x7d, 0xc0, 0x1f, 0xca,
    0x20, 0x1d, 0x40, 0x6, 0x0, 0xf1, 0x0, 0x7c,
    0x22, 0x0, 0xf0, 0x90, 0x7, 0xfc, 0xe2, 0x1,
    0xf1, 0x80, 0x7f, 0x40, 0x7, 0xb, 0x0, 0x8,
    0x3, 0xcc, 0x1, 0xf9, 0x40, 0x3e, 0xb0, 0xf,
    0xf1, 0xc0, 0x7, 0xe6, 0x0, 0xfd, 0x24, 0x1,
    0xd2, 0x1, 0x8, 0x80, 0x38, 0x84, 0x3, 0xec,
    0x0, 0xf9, 0x8c, 0x3, 0xf1, 0xe8, 0x7, 0xf3,
    0x0, 0x7c, 0xcc, 0x0, 0xe1, 0x70, 0xc, 0xa0,
    0x1e, 0x40, 0xf, 0x98, 0x3, 0xf6, 0x28, 0x7,
    0xc, 0x60, 0x80, 0x7f, 0x60, 0x7, 0xa2, 0x40,
    0x3d, 0x60, 0x1d, 0x80, 0x1e, 0xc0, 0xf, 0x85,
    0x0, 0x3f, 0x56, 0xcb, 0xcd, 0xf3, 0x80, 0x7f,
    0xce, 0xc2, 0x6, 0xfc, 0xe0, 0x1e, 0x65, 0x0,
    0xe4, 0x0, 0xf3, 0x80, 0x7e, 0x90, 0xf, 0xe2,
    0x68, 0x64, 0x0, 0xf4, 0x80, 0x7d, 0x3d, 0xf9,
    0x2, 0x1, 0xe4, 0x90, 0xf, 0x18, 0x80, 0x70,
    0xa8, 0x7, 0xc4, 0xe0, 0x1f, 0xfc, 0x67, 0x63,
    0x0, 0xff, 0xe2, 0xa5, 0x80, 0x7e, 0x70, 0xf,
    0x70, 0x7, 0xe8, 0x50, 0xf, 0xfe, 0x23, 0x40,
    0x40, 0x7, 0xff, 0x11, 0xac, 0x3, 0xfa, 0x80,
    0x3c, 0x86, 0x1, 0xfa, 0x98, 0x3, 0xff, 0x84,
    0xf2, 0x0, 0x47, 0x0, 0xff, 0xe0, 0x95, 0xc8,
    0x7, 0xf8, 0xcc, 0x1, 0xef, 0x0, 0xfe, 0x9b,
    0x20, 0xf, 0xf1, 0xe4, 0x0, 0x68, 0xb3, 0x0,
    0xfe, 0x4a, 0xd4, 0x0, 0xff, 0xe0, 0x48, 0x7,
    0x8d, 0x80, 0x3f, 0x93, 0x6d, 0x8c, 0x40, 0x2,
    0x8f, 0x98, 0x30, 0xf, 0x26, 0x75, 0x43, 0x35,
    0x17, 0xd6, 0xa0, 0x1f, 0xfc, 0x25, 0x30, 0xf,
    0x49, 0x0, 0x7f, 0x92, 0x73, 0xbf, 0xdd, 0x70,
    0x60, 0x1f, 0xe1, 0x57, 0x99, 0x9d, 0x4, 0x3,
    0xff, 0x8b, 0x0, 0x1f, 0x78, 0x80, 0x7f, 0xfa,
    0xd1, 0x40, 0x3c, 0x5a, 0x1, 0xff, 0xd6, 0x11,
    0xf8, 0x3, 0xff, 0x87, 0x62, 0x1, 0xe3, 0xc1,
    0x0, 0xff, 0xe9, 0xd7, 0x77, 0xca, 0x1, 0xff,
    0xc2, 0x1a, 0x0, 0xf8, 0xfc, 0xc0, 0x3f, 0xfa,
    0x34, 0xa0, 0x1e, 0x45, 0x0, 0xff, 0xe1, 0xa4,
    0x80, 0x7c, 0x39, 0x0, 0x1f, 0xfc, 0xe2, 0xc5,
    0x0, 0xf0, 0xd0, 0x7, 0xff, 0x15, 0xa0, 0x3,
    0xf3, 0xf3, 0x0, 0x7f, 0xf2, 0xdf, 0x4c, 0x3,
    0xed, 0x10, 0xf, 0xfe, 0x33, 0xc8, 0x7, 0xe1,
    0x9e, 0x93, 0x0, 0xff, 0xe2, 0x93, 0xf4, 0x0,
    0x7e, 0xb3, 0x0, 0xff, 0xe4, 0x35, 0x0, 0x7f,
    0xb, 0x67, 0x53, 0xa1, 0x0, 0x7c, 0x26, 0xd3,
    0xba, 0x81, 0x0, 0xf8, 0x71, 0x0, 0x3f, 0xf9,
    0x4b, 0xa6, 0x1, 0xfe, 0x15, 0x8b, 0xdf, 0xf7,
    0x75, 0xfe, 0xec, 0x96, 0x20, 0xf, 0xe2, 0xc3,
    0x0, 0xff, 0xe6, 0x16, 0x40, 0x80, 0x7f, 0xf0,
    0xc4, 0x60, 0xf, 0xfe, 0x1c, 0x69, 0x0, 0x7f,
    0xf3, 0xdf, 0xd8, 0x3, 0xff, 0xa4, 0xba, 0xe0,
    0x1f, 0xfd, 0x21, 0x9e, 0x81, 0x0, 0xff, 0xe6,
    0xb, 0xf5, 0x10, 0x7, 0xff, 0x54, 0x5f, 0xb1,
    0xc8, 0x3, 0xff, 0x8c, 0x4d, 0x7d, 0x2, 0x1,
    0xff, 0xda, 0x38, 0xde, 0xb8, 0x64, 0x21, 0x0,
    0x84, 0x44, 0x6b, 0x17, 0xdb, 0x28, 0x1, 0xff,
    0xca,

    /* U+0041 "A" */
    0x0, 0xff, 0xe4, 0x6f, 0xff, 0xe3, 0x0, 0xff,
    0xed, 0x19, 0x0, 0x7e, 0xa0, 0xf, 0xfe, 0xd5,
    0x0, 0x7f, 0x38, 0x7, 0xff, 0x69, 0xc0, 0x3f,
    0x85, 0x40, 0x3f, 0xfb, 0xa, 0x20, 0x1f, 0xee,
    0x0, 0xff, 0xec, 0x70, 0x7, 0xfc, 0x82, 0x1,
    0xff, 0xd6, 0x14, 0x0, 0xff, 0xe0, 0x30, 0x7,
    0xff, 0x59, 0x80, 0x3f, 0xf8, 0x34, 0x1, 0xff,
    0xd6, 0xa0, 0xf, 0xfe, 0x9, 0x18, 0x7, 0xff,
    0x50, 0xc8, 0x3, 0xff, 0x85, 0x40, 0x1f, 0xfd,
    0x4a, 0x0, 0xf9, 0x0, 0x3e, 0x70, 0xf, 0xfe,
    0xa3, 0x80, 0x7d, 0x40, 0x1f, 0xa, 0x80, 0x7f,
    0xf4, 0x94, 0x40, 0x3c, 0xa2, 0xa0, 0x1f, 0x70,
    0x7, 0xff, 0x4b, 0x80, 0x3e, 0xe0, 0xe0, 0xf,
    0x90, 0x40, 0x3f, 0xfa, 0x2, 0x80, 0x1e, 0x14,
    0x4, 0x10, 0xf, 0x98, 0x3, 0xff, 0xa0, 0xc0,
    0x1f, 0x38, 0x4, 0xe0, 0x1f, 0x50, 0x7, 0xff,
    0x42, 0x80, 0x3e, 0xa0, 0xa, 0x80, 0x3e, 0x23,
    0x0, 0xff, 0xe7, 0x19, 0x0, 0x78, 0x8c, 0x2,
    0x31, 0x0, 0xfa, 0x80, 0x3f, 0xf9, 0xd4, 0x1,
    0xf2, 0x80, 0x73, 0x0, 0x7c, 0xc0, 0x1f, 0xfc,
    0xe7, 0x0, 0xfa, 0x80, 0x3a, 0x80, 0x3f, 0x28,
    0x7, 0xff, 0x31, 0x44, 0x3, 0xc4, 0x40, 0xe,
    0x22, 0x0, 0x7d, 0xc0, 0x1f, 0xfc, 0xce, 0x0,
    0xfa, 0x80, 0x3e, 0xa0, 0xf, 0x90, 0x40, 0x3f,
    0xf9, 0x42, 0x80, 0x1f, 0x28, 0x7, 0xca, 0x1,
    0xf9, 0x80, 0x3f, 0xf9, 0x4c, 0x1, 0xf1, 0x90,
    0x7, 0xc4, 0x60, 0x1f, 0x50, 0x7, 0xff, 0x2a,
    0x80, 0x3e, 0xa0, 0xf, 0xea, 0x0, 0xf8, 0x8c,
    0x3, 0xff, 0x90, 0x64, 0x1, 0xf3, 0x80, 0x7f,
    0x38, 0x7, 0xea, 0x0, 0xff, 0xe4, 0x50, 0x7,
    0xc8, 0x20, 0x1f, 0xc2, 0x80, 0x1f, 0x30, 0x7,
    0xff, 0x21, 0x80, 0x3e, 0xe0, 0xf, 0xfb, 0x80,
    0x3f, 0x28, 0x7, 0xff, 0x19, 0x40, 0x3f, 0x28,
    0x7, 0xfc, 0xa0, 0x1f, 0xb8, 0x3, 0xff, 0x8d,
    0xc0, 0x1f, 0x28, 0x7, 0xff, 0x5, 0x40, 0x3e,
    0x42, 0x0, 0xff, 0xe2, 0xa, 0x0, 0x7d, 0xe0,
    0x1f, 0xfc, 0x1e, 0x0, 0xfc, 0xa0, 0x1f, 0xfc,
    0x46, 0x0, 0xfc, 0x6a, 0xbf, 0xfc, 0x12, 0x0,
    0xfd, 0x40, 0x1f, 0xfc, 0x4a, 0x0, 0xfd, 0x35,
    0x5f, 0xfc, 0x19, 0x0, 0xfc, 0x48, 0x1, 0xff,
    0xc2, 0x32, 0x0, 0xff, 0xea, 0x70, 0x7, 0xff,
    0xa, 0x80, 0x3f, 0xfa, 0xaa, 0x1, 0xff, 0xc2,
    0x60, 0xf, 0xfe, 0xb3, 0x0, 0x7f, 0xf0, 0x14,
    0x3, 0xff, 0xaf, 0x40, 0x1f, 0xfc, 0xe, 0x0,
    0xff, 0xeb, 0x99, 0x0, 0x7f, 0x89, 0x0, 0x3f,
    0xfb, 0x14, 0x1, 0xfe, 0xa0, 0xf, 0xd5, 0xff,
    0xff, 0xc7, 0xa0, 0xf, 0xcc, 0x1, 0xfe, 0x50,
    0xf, 0xca, 0x1, 0xff, 0xc7, 0x51, 0x0, 0xf8,
    0x50, 0x3, 0xf2, 0x10, 0x7, 0xca, 0x1, 0xff,
    0xc9, 0x70, 0xf, 0xdc, 0x1, 0xfb, 0x80, 0x3f,
    0x70, 0x7, 0xff, 0x26, 0x80, 0x3f, 0x28, 0x7,
    0xe5, 0x0, 0xf8, 0x50, 0x3, 0xff, 0x92, 0x64,
    0x1, 0xf9, 0x80, 0x3c, 0xc0, 0x1f, 0x98, 0x3,
    0xff, 0x97, 0x40, 0x1f, 0xa8, 0x3, 0xd4, 0x1,
    0xfa, 0x80, 0x3f, 0xf9, 0x6c, 0x1, 0xf8, 0xc8,
    0x3, 0x11, 0x80, 0x7c, 0x64, 0x1, 0xff, 0xcb,
    0x14, 0x0, 0xfd, 0x40, 0x1a, 0x80, 0x3f, 0x58,
    0x7, 0xff, 0x37, 0x80, 0x3f, 0x30, 0x6, 0x60,
    0xf, 0xcc, 0x1, 0xff, 0xcd, 0x50, 0xf, 0xc2,
    0x80, 0x4, 0x10, 0xf, 0x90, 0x40, 0x3f, 0xf9,
    0xcc, 0x1, 0xfb, 0x80, 0x1c, 0x1, 0xfb, 0x80,
    0x3f, 0xf9, 0xf4, 0x1, 0xf9, 0x40, 0xa, 0x1,
    0xf9, 0x40, 0x3f, 0xf9, 0xe6, 0x40, 0x1f, 0x98,

    /* U+0042 "B" */
    0x8f, 0xff, 0xfe, 0x47, 0x65, 0xcb, 0x10, 0x7,
    0xff, 0x54, 0x4d, 0x1a, 0x77, 0xa4, 0xc0, 0x3f,
    0xfb, 0x2, 0xd9, 0x84, 0x0, 0xff, 0xec, 0x9d,
    0xc8, 0x7, 0xff, 0x69, 0xac, 0x3, 0xff, 0xb4,
    0x94, 0x1, 0xff, 0xda, 0x55, 0x0, 0x7f, 0xc3,
    0xff, 0xff, 0x76, 0x53, 0x10, 0x7, 0xfa, 0x40,
    0x3f, 0xf9, 0x62, 0x6b, 0x3b, 0x62, 0x1, 0xf8,
    0xc8, 0x3, 0xff, 0x9e, 0x9e, 0x20, 0x1f, 0x90,
    0x3, 0xff, 0xa0, 0x36, 0x1, 0xfb, 0x0, 0x3f,
    0xfa, 0x2a, 0x20, 0x1f, 0x30, 0x7, 0xff, 0x49,
    0x40, 0x3e, 0x10, 0xf, 0xfe, 0x90, 0x80, 0x7c,
    0x60, 0x1f, 0xfd, 0xa3, 0x0, 0xff, 0xe9, 0x30,
    0x7, 0xcc, 0x1, 0xff, 0xd2, 0x30, 0xf, 0x8c,
    0x3, 0xff, 0xa2, 0xc0, 0x1f, 0xb0, 0x3, 0xff,
    0xa0, 0x50, 0x1, 0xf0, 0xa0, 0x7, 0xff, 0x3d,
    0x30, 0x40, 0x3e, 0x90, 0xf, 0xfe, 0x60, 0xa3,
    0xe5, 0x88, 0x7, 0xc6, 0xe0, 0x1f, 0xf0, 0xff,
    0xff, 0xf0, 0x3a, 0xe0, 0xc0, 0x3f, 0x16, 0x80,
    0x7f, 0xf6, 0x13, 0x4, 0x3, 0xff, 0xac, 0x55,
    0x62, 0x1, 0xff, 0xd7, 0x16, 0x0, 0xff, 0xec,
    0x9e, 0x50, 0x80, 0x7f, 0xf6, 0x57, 0xcc, 0x3,
    0xff, 0xb2, 0x38, 0x60, 0x1f, 0xf0, 0xe6, 0x7f,
    0xf0, 0x2e, 0x9d, 0x0, 0x3f, 0xda, 0x20, 0x1f,
    0xf1, 0x9f, 0xff, 0x1, 0x16, 0x2f, 0x9c, 0x3,
    0xf0, 0xd0, 0x7, 0xff, 0x3c, 0x62, 0xc0, 0x3f,
    0x21, 0x80, 0x7f, 0xf4, 0x12, 0x0, 0x3f, 0x48,
    0x7, 0xff, 0x45, 0xc4, 0x3, 0xe4, 0x0, 0xff,
    0xe9, 0x38, 0x7, 0xc2, 0x40, 0x1f, 0xfd, 0x1c,
    0x0, 0xfc, 0xc0, 0x1f, 0xfd, 0x16, 0x0, 0xfc,
    0x40, 0x1f, 0xfd, 0x11, 0x0, 0xff, 0xed, 0x8,
    0x7, 0xe3, 0x0, 0xff, 0xe8, 0xb0, 0x7, 0xe1,
    0x0, 0xff, 0xe8, 0xe8, 0x7, 0xe6, 0x0, 0xff,
    0xe8, 0xb0, 0x7, 0xc2, 0x40, 0x1f, 0xfd, 0x6,
    0x10, 0xf, 0x90, 0x3, 0xff, 0xa0, 0x92, 0x1,
    0xfb, 0x0, 0x3f, 0xf9, 0xc3, 0x16, 0x1, 0xfc,
    0xe0, 0x1f, 0xe1, 0x1f, 0xfe, 0x1, 0x23, 0xdf,
    0x38, 0x7, 0xf3, 0x88, 0x7, 0xf0, 0xf7, 0x7f,
    0xf0, 0x36, 0xe1, 0x0, 0x3f, 0xc5, 0x0, 0x1f,
    0xfd, 0x9e, 0x0, 0xff, 0xec, 0xe, 0x18, 0x7,
    0xff, 0x5c, 0xf0, 0xc0, 0x3f, 0xfa, 0xc3, 0x38,
    0x40, 0x1f, 0xfd, 0x54, 0xae, 0x60, 0xf, 0xfe,
    0x88, 0x9a, 0xbd, 0xfd, 0xa8, 0x7, 0xf0,

    /* U+0043 "C" */
    0x0, 0xff, 0xe3, 0x92, 0x3c, 0x42, 0x61, 0xd9,
    0x4, 0x3, 0xff, 0xa6, 0x2d, 0x7d, 0xb7, 0xe,
    0xe6, 0x78, 0x9b, 0xee, 0x4a, 0x80, 0x7f, 0xf3,
    0x8a, 0xba, 0x50, 0x40, 0x3f, 0xe1, 0x6a, 0xe7,
    0x0, 0xff, 0xe5, 0xd, 0x6a, 0x80, 0x7f, 0xf1,
    0x86, 0x39, 0x40, 0x3f, 0xf8, 0xeb, 0xea, 0x1,
    0xff, 0xca, 0x1a, 0x90, 0xf, 0xfe, 0x2c, 0x50,
    0x80, 0x7f, 0xf3, 0x5a, 0xc0, 0x3f, 0xf8, 0x74,
    0xe0, 0x1f, 0xfd, 0x4, 0xb0, 0xf, 0xfe, 0xc,
    0xa8, 0x7, 0xff, 0x49, 0x20, 0x3, 0xfe, 0x66,
    0x0, 0x7f, 0xc7, 0x17, 0xdf, 0xee, 0xd9, 0x50,
    0xf, 0xf9, 0xcc, 0x3, 0xf8, 0xe4, 0x3, 0xfc,
    0x9b, 0x8e, 0x82, 0x0, 0x12, 0x6a, 0xe7, 0x0,
    0xff, 0x70, 0x7, 0xf7, 0x0, 0x7f, 0xaa, 0xc8,
    0x3, 0xfc, 0x31, 0x82, 0x1, 0xf8, 0x94, 0x3,
    0xe7, 0x20, 0xf, 0xc3, 0x8a, 0x1, 0xff, 0xc2,
    0x3d, 0x0, 0xfe, 0x90, 0xf, 0xa4, 0x3, 0xfb,
    0x4c, 0x3, 0xff, 0x88, 0x72, 0x1, 0xf8, 0xc8,
    0x3, 0x9c, 0x40, 0x3f, 0x49, 0x80, 0x7f, 0xf1,
    0x98, 0x80, 0x3f, 0x50, 0x7, 0x50, 0x7, 0xe3,
    0x60, 0xf, 0xfe, 0x44, 0x0, 0x7e, 0x50, 0xc,
    0x84, 0x1, 0xfa, 0x0, 0x3f, 0xf9, 0x2a, 0x20,
    0x1f, 0x10, 0x80, 0x5a, 0x1, 0xf8, 0xd0, 0x3,
    0xff, 0x94, 0xe0, 0x1f, 0x90, 0x2, 0x70, 0xf,
    0xd4, 0x1, 0xff, 0xcb, 0xc0, 0xf, 0xc4, 0x0,
    0x21, 0x0, 0xfc, 0xe0, 0x1f, 0xfc, 0xb4, 0x2,
    0x46, 0x9b, 0xdf, 0x70, 0x2, 0x0, 0x7e, 0x31,
    0x0, 0xff, 0xe5, 0x8f, 0xed, 0xcb, 0x21, 0x0,
    0x6f, 0x0, 0xfc, 0xa0, 0x1f, 0xfd, 0x85, 0x0,
    0xfd, 0xe0, 0x1f, 0xfd, 0x82, 0x0, 0xfc, 0xa0,
    0x1f, 0xfd, 0x81, 0x0, 0xfc, 0x60, 0x1f, 0xfd,
    0x71, 0x0, 0xff, 0xf0, 0x98, 0x7, 0xe1, 0x0,
    0xff, 0xec, 0x8, 0x7, 0xff, 0xa8, 0xc0, 0x3f,
    0xff, 0xe0, 0x1f, 0xfc, 0x43, 0x0, 0xff, 0xec,
    0x8, 0x7, 0xe1, 0x0, 0xff, 0xec, 0x18, 0x7,
    0xff, 0x84, 0x40, 0x3f, 0x88, 0x3, 0xff, 0xb0,
    0x20, 0x1f, 0x9c, 0x3, 0xff, 0xb0, 0xa0, 0x1f,
    0xb4, 0x3, 0xff, 0xb0, 0x60, 0x1f, 0x8c, 0x3,
    0xff, 0xb1, 0xa0, 0x1f, 0x94, 0x3, 0xff, 0x9b,
    0x5b, 0xbf, 0x98, 0x10, 0x3, 0xf0, 0xa0, 0x7,
    0xff, 0x31, 0x48, 0xbf, 0x18, 0x9, 0x0, 0x7e,
    0xe0, 0xf, 0xfe, 0x59, 0x0, 0x7f, 0x38, 0x1,
    0x0, 0x3f, 0x28, 0x80, 0x7f, 0xf2, 0x94, 0x3,
    0xf8, 0x80, 0x14, 0x1, 0xfd, 0x0, 0x1f, 0xfc,
    0xab, 0x0, 0xfc, 0x80, 0x11, 0x90, 0x7, 0xe6,
    0x30, 0xf, 0xfe, 0x41, 0x98, 0x3, 0xf6, 0x80,
    0x6b, 0x0, 0xfe, 0xe0, 0xf, 0xfe, 0x44, 0x0,
    0x7f, 0x38, 0x6, 0x61, 0x0, 0xfc, 0x56, 0x1,
    0xff, 0xc6, 0x74, 0x0, 0xfc, 0xa2, 0x1, 0xd6,
    0x1, 0xfc, 0x96, 0x20, 0x1f, 0xfc, 0x35, 0x80,
    0xf, 0xe8, 0x0, 0xf2, 0x98, 0x7, 0xf2, 0x62,
    0x0, 0x7f, 0xf0, 0x62, 0x80, 0x3f, 0x94, 0x80,
    0x3e, 0xe1, 0x0, 0xfe, 0x2b, 0xb2, 0x80, 0x7e,
    0x27, 0xe7, 0x0, 0xfe, 0x1b, 0x0, 0xfc, 0x56,
    0x1, 0xff, 0x25, 0x7e, 0x54, 0xca, 0xaf, 0xb6,
    0x4, 0x3, 0xfd, 0x42, 0x1, 0xfc, 0xb2, 0x1,
    0xff, 0xc1, 0x35, 0x66, 0x2a, 0x8, 0x7, 0xff,
    0x2, 0x10, 0x3, 0xfe, 0x69, 0x0, 0xff, 0xe9,
    0x43, 0x80, 0x7f, 0xf0, 0x5a, 0xc4, 0x3, 0xff,
    0x9f, 0x2e, 0x1, 0xff, 0xc3, 0x4f, 0x50, 0xf,
    0xfe, 0x61, 0x6b, 0x0, 0x7f, 0xf1, 0x46, 0xac,
    0xc0, 0x3f, 0xf9, 0x3, 0x3a, 0x40, 0x1f, 0xfc,
    0x84, 0xcc, 0x30, 0x80, 0x7f, 0xf0, 0xd2, 0xb9,
    0x80, 0x3f, 0xf9, 0x87, 0x3d, 0x90, 0xc6, 0x22,
    0x0, 0x84, 0xd5, 0xef, 0xed, 0x40, 0x3f, 0xf8,
    0x0,

    /* U+0044 "D" */
    0x8f, 0xff, 0xfe, 0x47, 0x6d, 0xcb, 0x18, 0x7,
    0xff, 0x68, 0x49, 0x1a, 0x73, 0xa9, 0x40, 0x3f,
    0xfb, 0xa2, 0xb5, 0xd0, 0x1, 0xff, 0xde, 0x17,
    0xe6, 0x0, 0xff, 0xef, 0xc, 0xd8, 0x80, 0x7f,
    0xf7, 0x93, 0xc8, 0x3, 0xff, 0xbc, 0x38, 0x40,
    0x1f, 0xfc, 0x36, 0x77, 0xff, 0x94, 0xc4, 0x3,
    0xff, 0x80, 0x38, 0x20, 0x1f, 0xfc, 0x2a, 0x88,
    0xff, 0xab, 0x3b, 0x60, 0x80, 0x3f, 0xc3, 0xa0,
    0x1f, 0xfd, 0x12, 0x7d, 0xa1, 0x0, 0xfe, 0x37,
    0x0, 0xff, 0xe9, 0xaf, 0x98, 0x7, 0xf4, 0x8,
    0x7, 0xff, 0x4c, 0x70, 0xc0, 0x3f, 0xa0, 0x3,
    0xff, 0xab, 0xa2, 0x1, 0xf9, 0x84, 0x3, 0xff,
    0xa8, 0x30, 0x1, 0xfc, 0xc0, 0x1f, 0xfd, 0x56,
    0x30, 0xf, 0xd4, 0x1, 0xff, 0xd6, 0x90, 0xf,
    0xc4, 0x40, 0xf, 0xfe, 0xaa, 0x88, 0x7, 0xe5,
    0x0, 0xff, 0xeb, 0x38, 0x7, 0xed, 0x0, 0xff,
    0xeb, 0x68, 0x7, 0xe4, 0x0, 0xff, 0xeb, 0x28,
    0x7, 0xe1, 0x10, 0x7, 0xff, 0x54, 0x44, 0x1,
    0xf8, 0x80, 0x3f, 0xfa, 0xca, 0x1, 0xf9, 0xc0,
    0x3f, 0xfa, 0xc2, 0x1, 0xf8, 0x80, 0x3f, 0xfa,
    0xc6, 0x1, 0xf8, 0x40, 0x3f, 0xfa, 0xc2, 0x1,
    0xff, 0xdf, 0xf0, 0xf, 0xde, 0x1, 0xff, 0xd6,
    0xf0, 0xf, 0xfe, 0xf8, 0x80, 0x7e, 0xf0, 0xf,
    0xfe, 0xb1, 0x80, 0x7e, 0x10, 0xf, 0xfe, 0xf9,
    0x80, 0x7f, 0xf5, 0x9c, 0x3, 0xf3, 0x0, 0x7f,
    0xf5, 0x88, 0x3, 0xf1, 0x0, 0x7f, 0xf5, 0x4c,
    0x3, 0xf0, 0x88, 0x3, 0xff, 0xaa, 0xa0, 0x1f,
    0x94, 0x3, 0xff, 0xad, 0xa0, 0x1f, 0x8c, 0x3,
    0xff, 0xaa, 0x28, 0x1, 0xfa, 0xc0, 0x3f, 0xfa,
    0xb2, 0x1, 0xf8, 0x4c, 0x3, 0xff, 0xa8, 0x4e,
    0x1, 0xf9, 0x80, 0x3f, 0xfa, 0xb2, 0x1, 0xfd,
    0x40, 0x1f, 0xfd, 0x48, 0x40, 0xf, 0xca, 0x40,
    0x1f, 0xfd, 0x37, 0x70, 0x7, 0xf4, 0x0, 0x7f,
    0xf4, 0xe6, 0x0, 0x3f, 0x98, 0x80, 0x3f, 0xfa,
    0x2b, 0xcc, 0x1, 0xfc, 0x52, 0x1, 0xff, 0xcf,
    0x38, 0xda, 0x10, 0xf, 0xf7, 0x0, 0x7f, 0xf0,
    0xaa, 0x23, 0xfa, 0x6b, 0x3f, 0x1c, 0x80, 0x3f,
    0xeb, 0x30, 0xf, 0xfe, 0x13, 0x3b, 0xff, 0x32,
    0x98, 0x7, 0xff, 0xa, 0x90, 0x3, 0xff, 0xbb,
    0x6a, 0x1, 0xff, 0xdc, 0x4e, 0x40, 0xf, 0xfe,
    0xd8, 0xcd, 0x88, 0x7, 0xff, 0x68, 0xa7, 0x98,
    0x3, 0xff, 0xb2, 0x4d, 0x9a, 0xc0, 0x1f, 0xfd,
    0x41, 0x23, 0x57, 0xae, 0xd9, 0x30, 0xf, 0xfe,
    0x18,

    /* U+0045 "E" */
    0x8f, 0xff, 0xfe, 0xad, 0x0, 0x7f, 0xff, 0xc0,
    0x3f, 0xff, 0xe0, 0x1f, 0xff, 0xf0, 0xf, 0xca,
    0xcd, 0xff, 0xcc, 0xc0, 0xf, 0xfa, 0x67, 0xff,
    0x9a, 0xc0, 0x1f, 0xff, 0xf0, 0xf, 0xff, 0xf8,
    0x7, 0xff, 0xfc, 0x3, 0xff, 0xfe, 0x1, 0xff,
    0xff, 0x0, 0xff, 0xff, 0x80, 0x74, 0x55, 0x7f,
    0xf2, 0xc8, 0x3, 0xff, 0x80, 0x8a, 0xbf, 0xfc,
    0xb1, 0x0, 0xff, 0xff, 0x80, 0x7f, 0xff, 0xc0,
    0x3f, 0xff, 0xe0, 0x1f, 0xd9, 0xff, 0xff, 0xcb,
    0x30, 0xf, 0xff, 0xf8, 0x7, 0xff, 0xfc, 0x3,
    0xff, 0xfe, 0x1, 0xff, 0xff, 0x0, 0xff, 0xff,
    0x80, 0x7f, 0xff, 0xc0, 0x3f, 0xff, 0xe0, 0x1d,
    0x33, 0xff, 0xce, 0x80, 0xf, 0xf2, 0xb3, 0x7f,
    0xf3, 0x80, 0x3f, 0xfb, 0x4, 0x1, 0xff, 0xd8,
    0x60, 0xf, 0xfe, 0xc1, 0x0, 0x7f, 0xf6, 0x34,
    0x3, 0xff, 0xb0, 0xc0, 0x1f, 0xfd, 0x82, 0x0,

    /* U+0046 "F" */
    0x8f, 0xff, 0xfe, 0xa2, 0x0, 0x7f, 0xff, 0xc0,
    0x3f, 0xff, 0xe0, 0x1f, 0xff, 0x35, 0x66, 0xff,
    0xe6, 0x0, 0x7f, 0x4c, 0xff, 0xf3, 0x8, 0x3,
    0xff, 0xfe, 0x1, 0xff, 0xff, 0x0, 0xff, 0xff,
    0x80, 0x7f, 0xff, 0xc0, 0x3f, 0xff, 0xe0, 0x1f,
    0xff, 0xf0, 0x8a, 0xaf, 0xfe, 0x4c, 0x0, 0x7f,
    0xc8, 0xab, 0xff, 0xca, 0x0, 0xff, 0xff, 0x80,
    0x7f, 0xff, 0xc0, 0x3f, 0xfe, 0xb9, 0xff, 0xff,
    0xc9, 0xd0, 0xf, 0xff, 0xf8, 0x7, 0xff, 0xfc,
    0x3, 0xff, 0xfe, 0x1, 0xff, 0xff, 0x0, 0xff,
    0xff, 0x80, 0x7f, 0xff, 0xc0, 0x3f, 0xff, 0xe0,
    0x1f, 0xff, 0xf0, 0xf, 0xff, 0xf8, 0x7, 0xff,
    0x76, 0x3b, 0xbf, 0x18, 0x7, 0xff, 0x30,

    /* U+0047 "G" */
    0x0, 0xff, 0xe3, 0x89, 0xab, 0x3b, 0xcc, 0x84,
    0x1, 0xff, 0xd5, 0x5a, 0xee, 0x65, 0x4c, 0x45,
    0x37, 0xbf, 0x90, 0x60, 0x1f, 0xfc, 0xe2, 0x9f,
    0xa5, 0x10, 0xf, 0xf8, 0xdf, 0x30, 0xa0, 0x1f,
    0xfc, 0xa1, 0x9d, 0x60, 0xf, 0xfe, 0x31, 0xd6,
    0x98, 0x7, 0xff, 0x1d, 0x7d, 0x80, 0x3f, 0xf9,
    0x45, 0x90, 0x1, 0xff, 0xc5, 0x8a, 0x10, 0xf,
    0xfe, 0x6b, 0xd0, 0x7, 0xff, 0xe, 0x5c, 0x3,
    0xff, 0xa0, 0xb2, 0x1, 0xff, 0xc1, 0x96, 0x0,
    0xff, 0xe9, 0x33, 0x80, 0x7f, 0xcc, 0xc0, 0xf,
    0xf9, 0x27, 0x3b, 0xfd, 0xdb, 0x4c, 0x20, 0x1f,
    0xe8, 0x20, 0xf, 0xe3, 0x90, 0xf, 0xf3, 0x75,
    0xb1, 0x88, 0x0, 0x49, 0x67, 0xa8, 0x40, 0x3f,
    0xb8, 0x3, 0xfb, 0xc0, 0x3f, 0x87, 0x24, 0x40,
    0x3f, 0xe5, 0xf3, 0x0, 0xfc, 0x68, 0x1, 0xf3,
    0x18, 0x7, 0xe2, 0xf3, 0x0, 0xff, 0xe1, 0xe,
    0x90, 0x7, 0xef, 0x0, 0xfa, 0x0, 0x3f, 0xe,
    0x8, 0x7, 0xff, 0x10, 0x64, 0x3, 0xf2, 0x10,
    0x7, 0x30, 0x80, 0x7e, 0xa1, 0x0, 0xff, 0xe3,
    0x22, 0x0, 0x3f, 0x50, 0x7, 0x58, 0x7, 0xe5,
    0x40, 0xf, 0xfe, 0x47, 0x80, 0x7e, 0x40, 0xc,
    0x64, 0x1, 0xfa, 0xc0, 0x3f, 0xf9, 0x28, 0x20,
    0x1f, 0x10, 0x6, 0xa0, 0xf, 0xca, 0x20, 0x1f,
    0xfc, 0xa7, 0x3, 0x57, 0xac, 0xee, 0x0, 0x67,
    0x0, 0xfd, 0xc0, 0x1f, 0xfc, 0xb9, 0xfc, 0xa8,
    0x53, 0x10, 0xc, 0x42, 0x1, 0xf0, 0xa0, 0x7,
    0xff, 0x5d, 0x0, 0x3f, 0x20, 0x7, 0xff, 0x63,
    0xc0, 0x3f, 0x68, 0x7, 0xff, 0x61, 0x40, 0x3f,
    0x18, 0x7, 0xff, 0x60, 0x80, 0x3f, 0x30, 0x7,
    0xff, 0x60, 0x40, 0x3f, 0x10, 0x7, 0xff, 0x5c,
    0x40, 0x3f, 0x8, 0x7, 0xff, 0x60, 0xc0, 0x3f,
    0x18, 0x7, 0xff, 0x60, 0x40, 0x3f, 0x8, 0x7,
    0xff, 0xd, 0xbf, 0xff, 0xf8, 0xe0, 0x1f, 0xff,
    0xf0, 0xf, 0xfe, 0x78, 0x80, 0x7f, 0xf6, 0x4,
    0x3, 0xf1, 0x80, 0x7f, 0xf6, 0xc, 0x3, 0xff,
    0xc2, 0x20, 0x1f, 0x84, 0x3, 0xff, 0xb2, 0x20,
    0x1f, 0x8c, 0x3, 0xff, 0x84, 0x93, 0x3f, 0xe8,
    0x0, 0xff, 0x10, 0x7, 0xe6, 0x0, 0xff, 0xe1,
    0x13, 0x37, 0xf9, 0xc0, 0x3f, 0xca, 0x1, 0xfb,
    0x40, 0x3f, 0xfb, 0x1e, 0x1, 0xf9, 0x0, 0x3f,
    0xfb, 0x8, 0x1, 0xf8, 0xc0, 0x3f, 0xfb, 0x4,
    0x20, 0x1f, 0x98, 0x3, 0xff, 0xb0, 0xe0, 0x1f,
    0xa8, 0x3, 0xff, 0xb1, 0xa0, 0x1f, 0x8d, 0x0,
    0x3f, 0xfa, 0xe8, 0x20, 0x1f, 0xa4, 0x3, 0xff,
    0xb1, 0x0, 0x1f, 0x8a, 0x40, 0x3f, 0xfa, 0xec,
    0x20, 0x1f, 0x99, 0xc0, 0x3f, 0xfa, 0xf0, 0x1,
    0xfd, 0x10, 0x0, 0xff, 0xe3, 0x8d, 0x0, 0x7f,
    0xf0, 0x58, 0xc0, 0x3f, 0x9f, 0xc, 0x3, 0xff,
    0x88, 0xfc, 0xa0, 0x1f, 0xfc, 0x2e, 0x0, 0xff,
    0x1e, 0x5a, 0x0, 0x7f, 0x85, 0x27, 0xe0, 0x3,
    0xff, 0x88, 0x56, 0x1, 0xff, 0x25, 0xfe, 0x54,
    0x45, 0x35, 0x7d, 0xcb, 0x60, 0xf, 0xf8, 0x80,
    0x3e, 0x49, 0x0, 0xff, 0xe0, 0x9a, 0xbb, 0xcc,
    0xa8, 0x20, 0x1f, 0xfc, 0x13, 0xc0, 0xf, 0xcd,
    0x40, 0x1f, 0xfd, 0x57, 0xc1, 0x0, 0xfe, 0x5c,
    0x10, 0xf, 0xfe, 0x89, 0x64, 0x0, 0x7f, 0xf0,
    0xf, 0x98, 0x3, 0xff, 0x9c, 0x33, 0xa6, 0x1,
    0xff, 0xc3, 0x9c, 0x50, 0xf, 0xfe, 0x51, 0xd7,
    0x30, 0x7, 0xff, 0x18, 0xeb, 0x5c, 0x80, 0x3f,
    0xf8, 0x87, 0x1b, 0x8a, 0x1, 0xff, 0xca, 0x28,
    0xdd, 0x53, 0xa1, 0x8, 0x4, 0x24, 0x6b, 0x17,
    0xf8, 0xe4, 0x1, 0xfe,

    /* U+0048 "H" */
    0x8f, 0xff, 0xc6, 0x1, 0xff, 0xca, 0xbf, 0xff,
    0xc0, 0x1f, 0xff, 0xf0, 0xf, 0xff, 0xf8, 0x7,
    0xff, 0xfc, 0x3, 0xff, 0xfe, 0x1, 0xff, 0xff,
    0x0, 0xff, 0xff, 0x80, 0x7f, 0xff, 0xc0, 0x3f,
    0xff, 0xe0, 0x1f, 0xff, 0xf0, 0xf, 0xff, 0xf8,
    0x7, 0xff, 0xfc, 0x3, 0xff, 0x9b, 0x9f, 0xff,
    0xfc, 0xa4, 0x0, 0xff, 0xff, 0x80, 0x7f, 0xff,
    0xc0, 0x3f, 0xff, 0xe0, 0x1f, 0xff, 0xf0, 0xf,
    0xfe, 0x5, 0x6e, 0xff, 0xf2, 0x90, 0x3, 0xff,
    0x8c, 0xc4, 0x5f, 0xfc, 0xa0, 0xf, 0xff, 0xf8,
    0x7, 0xff, 0xfc, 0x3, 0xff, 0xfe, 0x1, 0xff,
    0xff, 0x0, 0xff, 0xff, 0x80, 0x7f, 0xff, 0xc0,
    0x3f, 0xff, 0xe0, 0x1f, 0xff, 0xf0, 0xf, 0xff,
    0xf8, 0x7, 0xff, 0xfc, 0x3, 0xff, 0xfe, 0x1,
    0xff, 0xd6, 0x10, 0xf, 0xfe, 0x50, 0x80, 0x7f,
    0x0,

    /* U+0049 "I" */
    0x8f, 0xff, 0xc6, 0x1, 0xff, 0xff, 0x0, 0xff,
    0xff, 0x80, 0x7f, 0xff, 0xc0, 0x3f, 0xff, 0xe0,
    0x1f, 0xff, 0xf0, 0xf, 0xff, 0xf8, 0x7, 0xff,
    0xbc, 0x40,

    /* U+004A "J" */
    0x0, 0xff, 0xe8, 0x27, 0xff, 0xe7, 0x0, 0xff,
    0xff, 0x80, 0x7f, 0xff, 0xc0, 0x3f, 0xff, 0xe0,
    0x1f, 0xff, 0xf0, 0xf, 0xff, 0xf8, 0x7, 0xff,
    0xfc, 0x3, 0xff, 0xfe, 0x1, 0xff, 0xff, 0x0,
    0xff, 0xff, 0x80, 0x7f, 0xff, 0xc0, 0x3f, 0xff,
    0xe0, 0x1f, 0xff, 0xf0, 0xf, 0xff, 0xf8, 0x7,
    0xff, 0xfc, 0x3, 0xff, 0xfe, 0x1, 0xff, 0xff,
    0x0, 0xff, 0xff, 0x80, 0x7f, 0xf1, 0x7b, 0xff,
    0xec, 0x0, 0xff, 0xe3, 0x88, 0x7, 0xe1, 0x30,
    0xf, 0x8c, 0x3, 0xff, 0x8e, 0x60, 0x1f, 0x8d,
    0x80, 0x3f, 0x10, 0x7, 0xff, 0x1b, 0xc0, 0x3f,
    0x9, 0x80, 0x7e, 0x40, 0xf, 0xfe, 0x32, 0x80,
    0x7e, 0x6d, 0x0, 0xfd, 0xa0, 0x1f, 0xfc, 0x51,
    0x30, 0xf, 0xc4, 0x80, 0x1f, 0x90, 0x80, 0x3f,
    0xf8, 0x8c, 0x1, 0xf8, 0xc0, 0x48, 0x3, 0xf4,
    0x0, 0x7f, 0xf1, 0x24, 0x3, 0xf5, 0x80, 0x28,
    0x3, 0xf2, 0xb0, 0x7, 0xff, 0xa, 0x44, 0x3,
    0xf2, 0x80, 0x18, 0x3, 0xfa, 0x5c, 0x3, 0xff,
    0x81, 0x2c, 0x1, 0xf8, 0xc8, 0x0, 0x2a, 0x1,
    0xfd, 0x1a, 0xa0, 0x1f, 0x97, 0x58, 0x3, 0xfa,
    0x0, 0x35, 0x80, 0x7f, 0x8a, 0xbf, 0x2a, 0x65,
    0x59, 0xf4, 0x40, 0x1f, 0xc6, 0x80, 0x18, 0x64,
    0x3, 0xff, 0x80, 0x6a, 0xcc, 0x53, 0x0, 0xff,
    0xe0, 0x70, 0x7, 0x99, 0x40, 0x3f, 0xfa, 0x16,
    0x40, 0x1f, 0x52, 0x80, 0x7f, 0xf3, 0xad, 0x0,
    0x3f, 0xaa, 0x0, 0x3f, 0xf9, 0x65, 0x88, 0x1,
    0xff, 0x3e, 0xa0, 0x7, 0xff, 0x21, 0xf4, 0xc0,
    0x3f, 0xf8, 0x25, 0x78, 0xc0, 0x1f, 0xfc, 0x31,
    0x7e, 0x80, 0xf, 0xfe, 0x29, 0xcf, 0xe4, 0x29,
    0x88, 0x6, 0x13, 0x58, 0xce, 0x81, 0x0, 0xfe,

    /* U+004B "K" */
    0x8f, 0xff, 0xc6, 0x1, 0xff, 0xc8, 0xbf, 0xff,
    0xda, 0x20, 0x1f, 0xfd, 0x3a, 0x40, 0xf, 0x87,
    0x4, 0x3, 0xff, 0xa5, 0x4a, 0x1, 0xf0, 0xe0,
    0x80, 0x7f, 0xf4, 0xa5, 0x40, 0x3f, 0x69, 0x0,
    0x7f, 0xf4, 0xa1, 0x80, 0x3f, 0x59, 0x80, 0x7f,
    0xf4, 0x9d, 0xc0, 0x1f, 0xa9, 0x0, 0x3f, 0xfa,
    0x4d, 0x0, 0x1f, 0xa1, 0x40, 0x3f, 0xfa, 0x4b,
    0x20, 0x1f, 0x9d, 0xc0, 0x1f, 0xfd, 0x24, 0xa0,
    0xf, 0xcb, 0x0, 0x1f, 0xfd, 0x24, 0xb0, 0xf,
    0xc9, 0x40, 0x1f, 0xfd, 0x23, 0xb0, 0xf, 0xc7,
    0x60, 0x1f, 0xfd, 0x22, 0xd0, 0xf, 0xc5, 0xa0,
    0x1f, 0xfd, 0x22, 0xc1, 0x0, 0xf8, 0x70, 0x40,
    0x3f, 0xfa, 0x23, 0x82, 0x1, 0xf0, 0xe0, 0x80,
    0x7f, 0xf4, 0x47, 0x4, 0x3, 0xf6, 0x90, 0x7,
    0xff, 0x44, 0x70, 0x80, 0x3f, 0x59, 0x80, 0x7f,
    0xf4, 0xb4, 0x80, 0x3f, 0x52, 0x0, 0x7f, 0xf4,
    0xac, 0xc0, 0x3f, 0x42, 0x80, 0x7f, 0xf4, 0xad,
    0x0, 0x3f, 0x3b, 0x80, 0x3f, 0xfa, 0x54, 0x80,
    0x1f, 0x8a, 0x0, 0x3f, 0xfa, 0x52, 0xa0, 0x1f,
    0xc4, 0x60, 0x1f, 0xfd, 0x18, 0x60, 0xf, 0xfb,
    0x80, 0x3f, 0xfa, 0x12, 0xe0, 0x1f, 0xfc, 0x2,
    0x70, 0xf, 0xfe, 0x7a, 0x80, 0x7f, 0xf0, 0xa0,
    0x40, 0x3f, 0xfb, 0xd6, 0x1, 0xff, 0xd5, 0x70,
    0xf, 0xca, 0x80, 0x1f, 0xfd, 0x3b, 0x85, 0x0,
    0xfd, 0x20, 0x1f, 0xfd, 0x2b, 0x40, 0x80, 0xf,
    0xc4, 0xe0, 0x1f, 0xfd, 0xb, 0x40, 0x1, 0x40,
    0x7, 0xe8, 0x20, 0xf, 0xfe, 0x75, 0x20, 0x6,
    0x72, 0x0, 0xfd, 0x20, 0x1f, 0xfc, 0xda, 0x50,
    0xf, 0x48, 0x7, 0xe4, 0x40, 0x7, 0xff, 0x2e,
    0x94, 0x3, 0xe4, 0x40, 0x7, 0xe9, 0x0, 0xff,
    0xe5, 0x4a, 0x80, 0x7f, 0x48, 0x7, 0xe2, 0x80,
    0xf, 0xfe, 0x4a, 0x80, 0x7f, 0x89, 0xc0, 0x3f,
    0x39, 0x0, 0x7f, 0xf5, 0x20, 0x40, 0x3f, 0x48,
    0x7, 0xff, 0x56, 0xc0, 0x3f, 0x22, 0x80, 0x7f,
    0xf5, 0x15, 0x0, 0x3f, 0x58, 0x7, 0xff, 0x56,
    0x40, 0x3f, 0xc, 0x0, 0x7f, 0xf5, 0x9, 0xc0,
    0x3f, 0x39, 0x0, 0x7f, 0xf5, 0x20, 0x40, 0x3f,
    0x70, 0x7, 0xff, 0x56, 0xc0, 0x3f, 0x1a, 0x80,
    0x7f, 0xf5, 0x14, 0xc0, 0x3f, 0x58, 0x7, 0xff,
    0x57, 0xc0, 0x3f, 0xc, 0x80, 0x7f, 0xf5, 0xd,
    0x80, 0x3f, 0x31, 0x80, 0x7f, 0xf5, 0x20, 0x40,
    0x3f, 0x78, 0x7, 0xff, 0x50, 0x60, 0x3, 0xf1,
    0xb0, 0x7, 0xff, 0x51, 0x8c, 0x3, 0xf4, 0x8,
    0x7, 0xff, 0x53, 0xc0, 0x3f, 0xc, 0x0, 0x7f,
    0xf5, 0xd, 0x80, 0x3f, 0x31, 0x80, 0x7f, 0xf5,
    0x20, 0x40, 0x3f, 0x78, 0x7, 0xff, 0x50, 0x60,
    0x3, 0xf1, 0xb0, 0x7, 0xf8, 0x40, 0x3f, 0xf9,
    0x2c, 0x60, 0x1f, 0xa0, 0x40,

    /* U+004C "L" */
    0x8f, 0xff, 0xc6, 0x1, 0xff, 0xff, 0x0, 0xff,
    0xff, 0x80, 0x7f, 0xff, 0xc0, 0x3f, 0xff, 0xe0,
    0x1f, 0xff, 0xf0, 0xf, 0xff, 0xf8, 0x7, 0xff,
    0xfc, 0x3, 0xff, 0xfe, 0x1, 0xff, 0xff, 0x0,
    0xff, 0xff, 0x80, 0x7f, 0xff, 0xc0, 0x3f, 0xff,
    0xe0, 0x1f, 0xff, 0xf0, 0xf, 0xff, 0xf8, 0x7,
    0xff, 0xfc, 0x3, 0xff, 0xfe, 0x1, 0xff, 0xff,
    0x0, 0xff, 0xff, 0x80, 0x7f, 0xff, 0xc0, 0x3f,
    0xff, 0xe0, 0x1f, 0xfd, 0xb8, 0xaa, 0xff, 0xe6,
    0x30, 0x7, 0xf2, 0x2a, 0xff, 0xf3, 0x38, 0x3,
    0xff, 0xad, 0xa0, 0x1f, 0xfd, 0x66, 0x0, 0xff,
    0xeb, 0x10, 0x7, 0xff, 0x58, 0x40, 0x3f, 0xfa,
    0xa6, 0x1, 0xff, 0xd6, 0x60,

    /* U+004D "M" */
    0x8f, 0xff, 0xf1, 0x80, 0x7f, 0xf4, 0x1f, 0xff,
    0xfc, 0x1, 0xff, 0x50, 0x7, 0xff, 0x42, 0x80,
    0x3f, 0xf9, 0x2e, 0x1, 0xff, 0xcf, 0x32, 0x0,
    0xff, 0xe4, 0x8a, 0x0, 0x7f, 0xf3, 0xac, 0x3,
    0xff, 0x97, 0xc0, 0x1f, 0xfc, 0xe6, 0x0, 0xff,
    0xe5, 0xa8, 0x7, 0xff, 0x35, 0x4, 0x3, 0xff,
    0x98, 0xa0, 0x1f, 0xfc, 0xce, 0x0, 0xff, 0xe6,
    0xf0, 0x7, 0xff, 0x31, 0x40, 0x3f, 0xf9, 0xa8,
    0x20, 0x1f, 0xfc, 0xa6, 0x0, 0xff, 0xe7, 0xb8,
    0x7, 0xff, 0x2b, 0x40, 0x3f, 0xf9, 0xf4, 0x1,
    0xff, 0xc9, 0x14, 0x0, 0xff, 0xe7, 0x99, 0x0,
    0x7f, 0xf2, 0x18, 0x3, 0xff, 0xa2, 0xa0, 0x1f,
    0xfc, 0x8a, 0x0, 0xff, 0xe8, 0xd0, 0x7, 0xff,
    0x1c, 0xc8, 0x3, 0xff, 0x94, 0x20, 0x1e, 0x22,
    0x0, 0x7f, 0xf1, 0xa8, 0x3, 0xc2, 0x1, 0xff,
    0xc4, 0x60, 0xf, 0xa8, 0x3, 0xff, 0x8c, 0xe0,
    0x1e, 0x60, 0xf, 0xfe, 0x26, 0x88, 0x7, 0x98,
    0x3, 0xff, 0x8a, 0x82, 0x1, 0xea, 0x0, 0xff,
    0xe2, 0xb0, 0x7, 0x84, 0xc0, 0x3f, 0xf8, 0x9c,
    0x1, 0xe4, 0x20, 0xf, 0xfe, 0x2d, 0x0, 0x7d,
    0x40, 0x1f, 0xfc, 0x45, 0x0, 0xf7, 0x0, 0x7f,
    0xf1, 0x88, 0xc0, 0x3c, 0xe0, 0x1f, 0xfc, 0x36,
    0x0, 0xf0, 0xa8, 0x7, 0xff, 0x1e, 0xc0, 0x3c,
    0x28, 0x1, 0xff, 0xc2, 0xd0, 0xf, 0x38, 0x7,
    0xff, 0x21, 0x80, 0x3e, 0xe0, 0xf, 0xfe, 0x8,
    0xa0, 0x7, 0xa8, 0x3, 0xff, 0x90, 0x28, 0x1,
    0xe5, 0x0, 0xff, 0xe0, 0xb0, 0x7, 0x88, 0xc0,
    0x3f, 0xf9, 0x3c, 0x1, 0xf2, 0x80, 0x7f, 0xf0,
    0x28, 0x3, 0xd4, 0x1, 0xff, 0xca, 0x50, 0xf,
    0xb8, 0x3, 0xfe, 0x32, 0x0, 0xf3, 0x0, 0x7f,
    0xf2, 0xd4, 0x3, 0xc8, 0x20, 0x1f, 0xea, 0x0,
    0xf2, 0x8, 0x7, 0xff, 0x2f, 0x80, 0x3e, 0x70,
    0xf, 0xf3, 0x80, 0x7b, 0x80, 0x3f, 0xf9, 0x88,
    0x20, 0x1e, 0xa0, 0xf, 0xe4, 0x10, 0xf, 0x28,
    0x7, 0xff, 0x35, 0x80, 0x3c, 0x64, 0x1, 0xfb,
    0x80, 0x3c, 0xc0, 0x1f, 0xfc, 0xeb, 0x0, 0xf9,
    0x40, 0x3f, 0x28, 0x7, 0xa8, 0x3, 0xff, 0x9c,
    0x64, 0x1, 0xea, 0x0, 0xf9, 0x80, 0x3c, 0x46,
    0x1, 0xff, 0xcf, 0xa0, 0xf, 0x11, 0x80, 0x7a,
    0x80, 0x3d, 0x40, 0x1f, 0xfd, 0x6, 0x0, 0xfa,
    0xc0, 0x38, 0x4c, 0x3, 0xcc, 0x1, 0xff, 0xd0,
    0x14, 0x0, 0xf3, 0x0, 0x73, 0x0, 0x79, 0x4,
    0x3, 0xff, 0xa3, 0xa0, 0x1e, 0x14, 0x0, 0xd4,
    0x1, 0xee, 0x0, 0xff, 0xe9, 0x30, 0x7, 0xda,
    0x1, 0x19, 0x0, 0x79, 0x40, 0x3f, 0xfa, 0x6a,
    0x1, 0xe7, 0x0, 0xa8, 0x3, 0xcc, 0x1, 0xff,
    0xd4, 0xe0, 0xf, 0xa, 0x80, 0x1c, 0x3, 0xd4,
    0x1, 0xff, 0xd4, 0x41, 0x0, 0xf7, 0x82, 0x8,
    0x7, 0x11, 0x80, 0x7f, 0xf5, 0x5c, 0x3, 0xca,
    0x1c, 0x1, 0xea, 0x0, 0xff, 0xeb, 0x50, 0x7,
    0xcc, 0xa0, 0x1e, 0x50, 0xf, 0xfe, 0xb1, 0x90,
    0x7, 0xa4, 0x3, 0xc8, 0x40, 0x1f, 0xfd, 0x7a,
    0x0, 0xff, 0xe0, 0xf0, 0x7, 0xff, 0x61, 0x40,
    0x3f, 0xf8, 0x2a, 0x1, 0xff, 0xd8, 0x23, 0x0,
    0xff, 0x94, 0x3, 0xff, 0xb5, 0x40, 0x1f, 0xf7,
    0x0, 0x7f, 0xf6, 0x9c, 0x3, 0xfc, 0x48, 0x1,
    0xff, 0xda, 0x14, 0x0, 0xfe, 0x50, 0xf, 0xfe,
    0xe7, 0x0, 0x7f, 0x50, 0x7, 0xff, 0x71, 0x44,
    0x3, 0xe3, 0x20, 0xf, 0xfe, 0xeb, 0x80, 0x7d,
    0x40, 0x1f, 0xfd, 0x11, 0x0, 0xff, 0xe0, 0x50,
    0x7, 0x85, 0x80, 0x3f, 0xf9, 0x2,

    /* U+004E "N" */
    0x8f, 0xff, 0xb4, 0x3, 0xff, 0x97, 0xbf, 0xff,
    0x50, 0x7, 0xe2, 0x70, 0xf, 0xfe, 0xe4, 0x10,
    0x7, 0xff, 0x72, 0x40, 0x3f, 0xfb, 0x88, 0xa0,
    0x1f, 0xfd, 0xcb, 0x10, 0xf, 0xfe, 0xd8, 0xc0,
    0x7, 0xff, 0x71, 0x90, 0x3, 0xff, 0xb9, 0x20,
    0x1f, 0xfd, 0xc2, 0x80, 0xf, 0xfe, 0xe3, 0x90,
    0x7, 0xff, 0x73, 0x80, 0x3f, 0xfb, 0x86, 0xc0,
    0x1f, 0xfd, 0xc8, 0x10, 0xf, 0xfe, 0xd8, 0xd8,
    0x7, 0xff, 0x4c, 0x5c, 0x3, 0xe5, 0x40, 0xf,
    0xfe, 0x9c, 0x10, 0x7, 0xd2, 0x1, 0xff, 0xd4,
    0xe0, 0xf, 0x8a, 0x0, 0x3f, 0xfa, 0x66, 0xc0,
    0x1f, 0x39, 0x0, 0x7f, 0xf4, 0xe0, 0x40, 0x3e,
    0xe0, 0xf, 0xfe, 0x98, 0xd8, 0x7, 0xc6, 0xc0,
    0x1f, 0xfd, 0x35, 0x40, 0xf, 0xa4, 0x40, 0x3f,
    0xfa, 0x74, 0x1, 0xfa, 0xc0, 0x3f, 0xfa, 0x63,
    0x0, 0x1f, 0x2a, 0x80, 0x3f, 0xfa, 0x6e, 0x60,
    0x1f, 0x58, 0x7, 0xff, 0x53, 0xc0, 0x3e, 0x19,
    0x0, 0xff, 0xe9, 0x9b, 0x80, 0x7c, 0xc6, 0x1,
    0xff, 0xd3, 0x82, 0x0, 0xfb, 0x80, 0x3f, 0xfa,
    0x92, 0x1, 0xf1, 0x38, 0x7, 0xff, 0x4d, 0x14,
    0x3, 0xe8, 0x20, 0xf, 0xfe, 0x9d, 0x88, 0x7,
    0xd2, 0x1, 0xff, 0xd3, 0x18, 0x0, 0xf9, 0x14,
    0x3, 0xff, 0xa6, 0xc8, 0x1, 0xf5, 0x88, 0x7,
    0xff, 0x4e, 0x40, 0x3e, 0x18, 0x0, 0xff, 0xe9,
    0x94, 0x0, 0x7c, 0xc6, 0x1, 0xff, 0xd3, 0x72,
    0x0, 0xfb, 0x80, 0x3f, 0xfa, 0x9c, 0x1, 0xf1,
    0x38, 0x7, 0xff, 0x4c, 0xd8, 0x3, 0xe8, 0x30,
    0xf, 0xfe, 0x9c, 0x88, 0x7, 0xc2, 0x1, 0xff,
    0xd4, 0xa0, 0xf, 0xfe, 0xe2, 0x28, 0x7, 0xff,
    0x72, 0xc0, 0x3f, 0xfb, 0x83, 0x20, 0x1f, 0xfd,
    0xc6, 0x30, 0xf, 0xfe, 0xe7, 0x0, 0x7f, 0xf7,
    0x9, 0xc0, 0x3f, 0xfb, 0x90, 0x40, 0x1f, 0xfd,
    0xce, 0x0, 0xff, 0xee, 0x1b, 0x0, 0x7f, 0xf7,
    0x20, 0x40, 0x3f, 0xfb, 0x63, 0x60, 0x1f, 0xfc,
    0x53, 0x0, 0xff, 0xe5, 0x2a, 0x0, 0x7c, 0x60,

    /* U+004F "O" */
    0x0, 0xff, 0xe3, 0x89, 0xab, 0xc4, 0x67, 0x53,
    0x0, 0xff, 0xeb, 0x9c, 0xef, 0x65, 0x43, 0xbe,
    0x8a, 0xcf, 0xc8, 0x20, 0xf, 0xfe, 0x8b, 0xf6,
    0x31, 0x0, 0x7f, 0xf0, 0xd, 0xf7, 0x4c, 0x1,
    0xff, 0xcd, 0x7f, 0x81, 0x0, 0xff, 0xe3, 0x14,
    0xf2, 0x80, 0x7f, 0xf2, 0x4f, 0x60, 0x3, 0xff,
    0x96, 0x35, 0x62, 0x1, 0xff, 0xc6, 0x5c, 0x20,
    0xf, 0xfe, 0x72, 0x79, 0x80, 0x7f, 0xf1, 0x1e,
    0x80, 0x3f, 0xfa, 0x23, 0x88, 0x1, 0xff, 0xc2,
    0x78, 0x0, 0xff, 0xea, 0x59, 0x80, 0x7f, 0xf0,
    0x12, 0x0, 0x3f, 0xe2, 0x6a, 0xde, 0xff, 0x76,
    0x4a, 0x80, 0x7f, 0xf0, 0x34, 0x40, 0x3f, 0xc5,
    0x60, 0x1f, 0xe3, 0xbd, 0x95, 0x21, 0x0, 0x9,
    0xb5, 0x74, 0x0, 0x7f, 0x87, 0x40, 0x3f, 0xd2,
    0x1, 0xfe, 0x8c, 0x40, 0xf, 0xf8, 0x5f, 0x90,
    0x3, 0xf8, 0xdc, 0x3, 0xf2, 0xa0, 0x7, 0xf6,
    0x38, 0x7, 0xff, 0xc, 0x6d, 0x80, 0x3f, 0xa0,
    0x40, 0x3e, 0xb0, 0xf, 0xec, 0x30, 0xf, 0xfe,
    0x34, 0xa8, 0x7, 0xf4, 0x0, 0x79, 0x84, 0x3,
    0xf4, 0x98, 0x7, 0xff, 0x22, 0x88, 0x3, 0xf3,
    0x8, 0x7, 0x58, 0x7, 0xe4, 0x60, 0xf, 0xfe,
    0x57, 0x0, 0x7f, 0x30, 0x6, 0x32, 0x0, 0xfd,
    0x0, 0x1f, 0xfc, 0xb3, 0x50, 0xf, 0xd4, 0x1,
    0xa8, 0x3, 0xf2, 0x18, 0x7, 0xff, 0x32, 0x40,
    0x3f, 0x11, 0x80, 0x4e, 0x1, 0xfb, 0xc0, 0x3f,
    0xf9, 0xa6, 0x60, 0xf, 0xd6, 0x0, 0x21, 0x0,
    0xfc, 0x80, 0x1f, 0xfc, 0xeb, 0x0, 0xfc, 0x80,
    0x4, 0x0, 0xfc, 0xa0, 0x1f, 0xfc, 0xf5, 0x0,
    0xfc, 0x60, 0xf, 0x0, 0xfd, 0xa0, 0x1f, 0xfc,
    0xf2, 0x0, 0xfe, 0x30, 0x50, 0xf, 0xc4, 0x1,
    0xff, 0xd0, 0x30, 0xf, 0xca, 0x4, 0x1, 0xf9,
    0xc0, 0x3f, 0xfa, 0xa, 0x1, 0xfb, 0x80, 0x40,
    0x3f, 0x10, 0x7, 0xff, 0x43, 0xc0, 0x3f, 0x8,
    0x80, 0x3f, 0x8, 0x7, 0xff, 0x44, 0xc0, 0x3f,
    0x11, 0x80, 0x7e, 0x30, 0xf, 0xfe, 0x88, 0x80,
    0x7e, 0x71, 0x0, 0xff, 0xed, 0x38, 0x7, 0xff,
    0x18, 0x40, 0x3f, 0xfa, 0x22, 0x1, 0xf8, 0x40,
    0x3f, 0xfb, 0x62, 0x1, 0xff, 0xc6, 0x10, 0xf,
    0xfe, 0x8b, 0x80, 0x7e, 0x11, 0x0, 0x7e, 0x30,
    0xf, 0xfe, 0x88, 0x80, 0x7e, 0x73, 0x0, 0xfc,
    0x20, 0x1f, 0xfd, 0xa1, 0x10, 0x7, 0xf0, 0x80,
    0x7f, 0xf4, 0x8, 0x3, 0xf1, 0x1, 0x0, 0x7e,
    0x20, 0xf, 0xfe, 0x86, 0x80, 0x7e, 0xf0, 0x60,
    0xf, 0xca, 0x1, 0xff, 0xd0, 0x70, 0xf, 0xc6,
    0x6, 0x1, 0xfb, 0xc0, 0x3f, 0xfa, 0x4, 0x1,
    0xf9, 0x43, 0x40, 0x3f, 0x38, 0x7, 0xff, 0x3d,
    0x40, 0x3f, 0x8, 0x81, 0x0, 0x3f, 0x9, 0x80,
    0x7f, 0xf3, 0xbc, 0x3, 0xf2, 0x0, 0x4, 0xc0,
    0x3f, 0x50, 0x7, 0xff, 0x34, 0x54, 0x3, 0xf7,
    0x80, 0x56, 0x1, 0xf9, 0xc4, 0x3, 0xff, 0x98,
    0xc0, 0x1f, 0xc8, 0x1, 0x30, 0x7, 0xe1, 0x80,
    0xf, 0xfe, 0x58, 0xc0, 0x7, 0xe5, 0x10, 0x8,
    0x50, 0x3, 0xf3, 0x10, 0x7, 0xff, 0x2a, 0x0,
    0x3f, 0xb8, 0x3, 0xa0, 0x3, 0xfb, 0x80, 0x3f,
    0xf9, 0x28, 0xc0, 0x1f, 0x89, 0x0, 0x38, 0xd0,
    0x3, 0xf1, 0xd0, 0x7, 0xff, 0x1c, 0xe8, 0x3,
    0xfa, 0x0, 0x3e, 0x90, 0xf, 0xe5, 0xa0, 0xf,
    0xfe, 0x2a, 0x68, 0x80, 0x7e, 0x35, 0x0, 0xf8,
    0xa0, 0x3, 0xf9, 0x75, 0x0, 0x3f, 0xf8, 0x23,
    0x16, 0x20, 0x1f, 0xdc, 0x1, 0xfc, 0xe8, 0x1,
    0xfc, 0x57, 0x8c, 0x20, 0x1f, 0x8e, 0x7d, 0xc0,
    0x3f, 0xd2, 0x40, 0x1f, 0xea, 0x20, 0xf, 0xf1,
    0xcf, 0x6d, 0xcc, 0xd5, 0x9f, 0x8c, 0x20, 0x1f,
    0xe5, 0x60, 0xf, 0xf8, 0x70, 0x80, 0x3f, 0xf8,
    0x4, 0x8c, 0xd2, 0x98, 0x7, 0xff, 0x5, 0x28,
    0x3, 0xff, 0x82, 0x38, 0x40, 0x1f, 0xfd, 0x25,
    0xb0, 0xf, 0xfe, 0x18, 0xea, 0x80, 0x7f, 0xf4,
    0x22, 0x80, 0x3f, 0xf8, 0xd5, 0x41, 0x0, 0xff,
    0xe6, 0x1e, 0x38, 0x7, 0xff, 0x21, 0x7a, 0x4,
    0x3, 0xff, 0x90, 0x55, 0x86, 0x1, 0xff, 0xcb,
    0x7e, 0xa4, 0x0, 0xff, 0xe2, 0x2d, 0xea, 0x80,
    0x7f, 0xf3, 0xd6, 0xfe, 0xdd, 0x4c, 0x40, 0x21,
    0x11, 0xac, 0x67, 0xd2, 0x0, 0x7f, 0xf0, 0x80,

    /* U+0050 "P" */
    0x8f, 0xff, 0xfe, 0x3f, 0x6e, 0x54, 0x28, 0x80,
    0x7f, 0xf4, 0xc4, 0x8d, 0x5e, 0xbb, 0x18, 0x40,
    0x3f, 0xfa, 0xe7, 0x3d, 0x2, 0x1, 0xff, 0xd8,
    0x7f, 0x50, 0xf, 0xfe, 0xc0, 0xd3, 0x80, 0x7f,
    0xf6, 0x61, 0x80, 0x3f, 0xfb, 0x32, 0x60, 0x1f,
    0xf5, 0x5d, 0xff, 0x54, 0xc2, 0x88, 0x7, 0xfd,
    0xc0, 0x1f, 0xf2, 0xa2, 0x7f, 0x2b, 0x3d, 0x76,
    0x28, 0x7, 0xf1, 0x28, 0x7, 0xff, 0x34, 0xea,
    0xc0, 0x3f, 0xb8, 0x3, 0xff, 0x9e, 0x96, 0x1,
    0xf9, 0x0, 0x3f, 0xfa, 0x8, 0x80, 0xf, 0xc6,
    0x1, 0xff, 0xd0, 0xe0, 0xf, 0xca, 0x1, 0xff,
    0xd0, 0x40, 0xf, 0xdc, 0x1, 0xff, 0xd0, 0x10,
    0xf, 0xc2, 0x1, 0xff, 0xd1, 0x10, 0xf, 0x8c,
    0x3, 0xff, 0xee, 0x20, 0x1f, 0x18, 0x7, 0xff,
    0x40, 0x40, 0x3f, 0x8, 0x7, 0xff, 0x41, 0x0,
    0x3f, 0x70, 0x7, 0xff, 0x43, 0x80, 0x3f, 0x20,
    0x7, 0xff, 0x3c, 0xd0, 0x3, 0xf1, 0x0, 0x7f,
    0xf3, 0x8b, 0x40, 0x3f, 0x20, 0x7, 0xff, 0x39,
    0xf4, 0x40, 0x3f, 0x70, 0x7, 0xff, 0x24, 0x4d,
    0x67, 0xe0, 0x3, 0xf8, 0x94, 0x3, 0xfd, 0xff,
    0xff, 0x76, 0x53, 0x0, 0x7f, 0xd2, 0x1, 0xff,
    0xd8, 0x74, 0x0, 0xff, 0xeb, 0xac, 0x0, 0x7f,
    0xf5, 0xde, 0x80, 0x3f, 0xfa, 0xc7, 0x90, 0x1,
    0xff, 0xd5, 0x4a, 0xc3, 0x0, 0xff, 0xe9, 0x12,
    0xcf, 0x5a, 0x80, 0x7f, 0xf1, 0x6a, 0xbf, 0xeb,
    0xcd, 0xfd, 0xa6, 0x10, 0xf, 0xfe, 0x3a, 0xaf,
    0xfc, 0x86, 0x40, 0x1f, 0xff, 0xf0, 0xf, 0xff,
    0xf8, 0x7, 0xff, 0xfc, 0x3, 0xff, 0xfe, 0x1,
    0xff, 0xff, 0x0, 0xff, 0xff, 0x80, 0x7f, 0xff,
    0xc0, 0x3f, 0xff, 0xe0, 0x1f, 0xff, 0x1e, 0x33,
    0xfc, 0x1, 0xff, 0xd1,

    /* U+0051 "Q" */
    0x0, 0xff, 0xe3, 0x89, 0xab, 0xc4, 0x67, 0x53,
    0x0, 0xff, 0xeb, 0xa4, 0xef, 0x65, 0x43, 0xbe,
    0x8a, 0xcf, 0xc8, 0x30, 0xf, 0xfe, 0x8b, 0xf5,
    0xb1, 0x0, 0x7f, 0xf0, 0xd, 0xf3, 0x58, 0x3,
    0xff, 0x9a, 0xfd, 0x2, 0x1, 0xff, 0xc6, 0x29,
    0xe5, 0x0, 0xff, 0xe4, 0x96, 0x40, 0x80, 0x7f,
    0xf2, 0x86, 0xac, 0x40, 0x3f, 0xf8, 0xcb, 0xa6,
    0x1, 0xff, 0xce, 0x4f, 0x30, 0xf, 0xfe, 0x23,
    0xd0, 0x7, 0xff, 0x44, 0x71, 0x0, 0x3f, 0xf8,
    0x4f, 0x0, 0x1f, 0xfd, 0x4b, 0x40, 0xf, 0xfe,
    0x2, 0x40, 0x7, 0xfc, 0x4d, 0x5b, 0xdf, 0xee,
    0xc9, 0x50, 0xf, 0xfe, 0x5, 0x8, 0x7, 0xf8,
    0xac, 0x3, 0xfc, 0x77, 0xb2, 0xa4, 0x20, 0x1,
    0x36, 0xaf, 0x81, 0x0, 0xfe, 0x1d, 0x0, 0xff,
    0x70, 0x7, 0xfa, 0x71, 0x0, 0x3f, 0xf8, 0xf,
    0xe8, 0x1, 0xfc, 0x6e, 0x1, 0xf9, 0x8c, 0x3,
    0xf0, 0xe3, 0x0, 0x7f, 0xf0, 0xc6, 0xdc, 0x3,
    0xfa, 0x4, 0x3, 0xe8, 0x0, 0xfe, 0xd3, 0x0,
    0xff, 0xe3, 0x43, 0x0, 0x7f, 0x40, 0x7, 0x98,
    0x40, 0x3f, 0x49, 0x80, 0x7f, 0xf2, 0x24, 0xc0,
    0x3f, 0x30, 0x80, 0x75, 0x80, 0x7e, 0x46, 0x0,
    0xff, 0xe5, 0x70, 0x7, 0xf3, 0x0, 0x63, 0x20,
    0xf, 0xd0, 0x1, 0xff, 0xcb, 0x26, 0x0, 0xfd,
    0x40, 0x1a, 0x80, 0x3f, 0x21, 0x80, 0x7f, 0xf3,
    0x2c, 0x3, 0xf1, 0x18, 0x4, 0xe0, 0x1f, 0xb8,
    0x3, 0xff, 0x9a, 0x48, 0x1, 0xfa, 0xc0, 0x4,
    0x20, 0x1f, 0x94, 0x3, 0xff, 0x9d, 0xa0, 0x1f,
    0x90, 0x0, 0x80, 0x1f, 0x90, 0x3, 0xff, 0x9e,
    0x80, 0x1f, 0x8c, 0x1, 0xe0, 0x1f, 0x8c, 0x3,
    0xff, 0x9e, 0x42, 0x1, 0xf8, 0xc1, 0x40, 0x3f,
    0x68, 0x7, 0xff, 0x41, 0x40, 0x3f, 0x28, 0x10,
    0x7, 0xe7, 0x0, 0xff, 0xe8, 0x18, 0x7, 0xee,
    0x1, 0x0, 0xfc, 0x40, 0x1f, 0xfd, 0xe, 0x0,
    0xfc, 0x22, 0x0, 0xfc, 0x20, 0x1f, 0xfd, 0x13,
    0x0, 0xfc, 0x46, 0x1, 0xf8, 0xc0, 0x3f, 0xfa,
    0x22, 0x1, 0xf9, 0xc4, 0x3, 0xff, 0xb4, 0xe0,
    0x1f, 0xfc, 0x61, 0x0, 0xff, 0xe8, 0x88, 0x7,
    0xe1, 0x0, 0xff, 0xed, 0x88, 0x7, 0xff, 0xb4,
    0x44, 0x1, 0xf8, 0x40, 0x3f, 0xfa, 0x2e, 0x1,
    0xf9, 0xcc, 0x3, 0xf1, 0x80, 0x7f, 0xf4, 0x44,
    0x3, 0xf0, 0x88, 0x3, 0xf0, 0x80, 0x7f, 0xf4,
    0x48, 0x3, 0xf1, 0x1, 0x0, 0x7e, 0x20, 0xf,
    0xfe, 0x86, 0x80, 0x7e, 0xf0, 0x60, 0xf, 0xce,
    0x1, 0xff, 0xc6, 0x4e, 0x30, 0xf, 0x98, 0x3,
    0xf1, 0x81, 0x80, 0x7e, 0xd0, 0xf, 0xfe, 0x2b,
    0x58, 0xe8, 0x80, 0x78, 0xc0, 0x3f, 0x28, 0x60,
    0x7, 0xe4, 0x0, 0xff, 0xe2, 0x4c, 0x80, 0x3,
    0xa0, 0x1c, 0x80, 0x1f, 0x84, 0x40, 0x80, 0x1f,
    0x8c, 0x40, 0x3f, 0xf8, 0x56, 0xc0, 0x18, 0xe8,
    0x3, 0x68, 0x7, 0xe4, 0x0, 0x8c, 0x3, 0xf3,
    0x80, 0x7f, 0xf0, 0x61, 0x0, 0x3c, 0xae, 0x1,
    0x38, 0x7, 0xef, 0x0, 0xac, 0x3, 0xf5, 0x80,
    0x7f, 0xf0, 0x60, 0xc0, 0x3e, 0x84, 0x6, 0x10,
    0xf, 0xc8, 0x1, 0x30, 0x7, 0xe2, 0x50, 0xf,
    0xfe, 0xe, 0x88, 0x7, 0xd4, 0x50, 0x1, 0xf9,
    0x44, 0x2, 0x15, 0x0, 0xfd, 0x0, 0x1f, 0xfc,
    0x11, 0xd0, 0xf, 0x87, 0x44, 0x3, 0xf7, 0x0,
    0x74, 0x80, 0x7e, 0x29, 0x0, 0xff, 0xe0, 0x9c,
    0x80, 0x7f, 0xf1, 0xd, 0x0, 0x38, 0xd0, 0x3,
    0xf3, 0x38, 0x7, 0xff, 0x5, 0x98, 0x1, 0xff,
    0xc3, 0x80, 0xf, 0xa4, 0x3, 0xfa, 0x20, 0x1,
    0xff, 0xc1, 0x94, 0x0, 0xff, 0xe0, 0xa2, 0x0,
    0x3e, 0x27, 0x0, 0xfe, 0x7c, 0x30, 0xf, 0xfe,
    0x5, 0x10, 0x7, 0xfc, 0x34, 0x1, 0xfd, 0x6,
    0x1, 0xfc, 0x79, 0x6a, 0x20, 0x1f, 0xce, 0x1,
    0xff, 0xc0, 0xa1, 0x0, 0xff, 0x68, 0x80, 0x7f,
    0x92, 0xbb, 0x6a, 0x1d, 0x9e, 0x2f, 0xe4, 0x80,
    0x3f, 0xd0, 0x80, 0x1f, 0xf0, 0xe0, 0x80, 0x7f,
    0xf0, 0x9, 0x5e, 0x26, 0x1d, 0x0, 0x3f, 0xf8,
    0x3e, 0x1, 0xff, 0xc1, 0x2c, 0x20, 0xf, 0xfe,
    0xa3, 0xa8, 0x7, 0xff, 0x4, 0xb1, 0x0, 0x3f,
    0xfa, 0x94, 0x60, 0x1f, 0xfc, 0x11, 0xb9, 0x10,
    0xf, 0xfe, 0x9e, 0x88, 0x7, 0xff, 0x9, 0xbd,
    0xc4, 0x3, 0xff, 0x90, 0x6e, 0x1, 0xf0, 0xe8,
    0x7, 0xff, 0xc, 0x63, 0xa5, 0x0, 0x3f, 0xf8,
    0x64, 0xfb, 0x90, 0xe0, 0x1f, 0x1c, 0x80, 0x7f,
    0xf1, 0x5a, 0xfe, 0xdd, 0x4c, 0x40, 0x21, 0x24,
    0x69, 0xdd, 0x41, 0x0, 0x21, 0x0, 0x3e, 0x66,
    0x0, 0x7f, 0xf1, 0xd2, 0x2b, 0x3b, 0xfe, 0xed,
    0xb9, 0x62, 0x0, 0xf5, 0x90, 0x7, 0xd2, 0x20,
    0x1f, 0xfd, 0xbf, 0x10, 0xf, 0x48, 0x80, 0x7f,
    0xf6, 0xca, 0x80, 0x3a, 0xd8, 0x3, 0xff, 0xba,
    0x90, 0x0, 0x1c, 0x40, 0xf, 0xfe, 0xfb, 0xa9,
    0x79, 0x80, 0x7f, 0xf8, 0x6b, 0x44, 0x3, 0x0,

    /* U+0052 "R" */
    0x8f, 0xff, 0xfe, 0x3f, 0x6d, 0xcb, 0x18, 0x7,
    0xff, 0x58, 0x49, 0x1a, 0x73, 0xa9, 0x0, 0x3f,
    0xfb, 0x22, 0xb7, 0xa8, 0x1, 0xff, 0xda, 0x2b,
    0xb0, 0x80, 0x7f, 0xf6, 0x93, 0xc8, 0x3, 0xff,
    0xb4, 0x38, 0x40, 0x1f, 0xfd, 0xa1, 0xf0, 0xf,
    0xfe, 0x15, 0x5d, 0xff, 0x54, 0xb9, 0x80, 0x7f,
    0xc5, 0x20, 0x1f, 0xfc, 0x15, 0x44, 0xfe, 0x56,
    0x8c, 0xe9, 0x10, 0xf, 0xe6, 0x20, 0xf, 0xfe,
    0x70, 0xb7, 0x28, 0x7, 0xf5, 0x0, 0x7f, 0xf4,
    0x69, 0x0, 0x3f, 0x28, 0x7, 0xff, 0x4a, 0x40,
    0x3f, 0x10, 0x80, 0x7f, 0xf4, 0x49, 0x0, 0x3f,
    0x28, 0x7, 0xff, 0x4b, 0x0, 0x3f, 0x10, 0x7,
    0xff, 0x48, 0x80, 0x3f, 0x8, 0x7, 0xff, 0x6f,
    0xc0, 0x3f, 0xfb, 0x7e, 0x1, 0xff, 0xd2, 0x20,
    0xf, 0xc2, 0x1, 0xff, 0xd2, 0xd0, 0xf, 0xc4,
    0x1, 0xff, 0xd1, 0x15, 0x0, 0xfc, 0xa0, 0x1f,
    0xfd, 0x19, 0x0, 0xfc, 0x42, 0x1, 0xff, 0xd0,
    0x47, 0x0, 0xfc, 0xa0, 0x1f, 0xfd, 0x8, 0xb0,
    0xf, 0xea, 0x0, 0xff, 0xe5, 0x89, 0x2c, 0xfb,
    0x80, 0x7f, 0x29, 0x0, 0x7f, 0xf0, 0x3f, 0xff,
    0xee, 0xda, 0x60, 0xf, 0xf0, 0xd8, 0x7, 0xff,
    0x6a, 0x84, 0x3, 0xff, 0xb3, 0x68, 0x1, 0xff,
    0xd8, 0x2c, 0x40, 0xf, 0xfe, 0xc3, 0xe9, 0x80,
    0x7f, 0xf6, 0x26, 0x0, 0x3f, 0xfb, 0x54, 0x1,
    0xff, 0xc7, 0x89, 0x9f, 0xf8, 0x80, 0x3e, 0x34,
    0x0, 0xff, 0xe3, 0x3b, 0x37, 0xfd, 0x0, 0x1f,
    0xbc, 0x3, 0xff, 0xa4, 0xa2, 0x1, 0xf2, 0x18,
    0x7, 0xff, 0x4a, 0x40, 0x3f, 0x40, 0x7, 0xff,
    0x49, 0xc0, 0x3f, 0x21, 0x0, 0x7f, 0xf4, 0x9c,
    0x3, 0xf4, 0x0, 0x7f, 0xf4, 0xa4, 0x3, 0xf2,
    0x90, 0x7, 0xff, 0x44, 0x54, 0x3, 0xf5, 0x80,
    0x7f, 0xf4, 0xa4, 0x3, 0xf3, 0x8, 0x7, 0xff,
    0x44, 0xd0, 0x3, 0xf4, 0x80, 0x7f, 0xf4, 0xbc,
    0x3, 0xf3, 0x80, 0x7f, 0xf4, 0x90, 0x80, 0x3f,
    0x38, 0x7, 0xff, 0x4a, 0xc0, 0x3f, 0x48, 0x7,
    0xff, 0x49, 0x84, 0x3, 0xe1, 0x60, 0xf, 0xfe,
    0x94, 0x80, 0x7e, 0xb0, 0xf, 0xfe, 0x93, 0x0,
    0x7e, 0x25, 0x0, 0xff, 0xe8, 0x8b, 0x0, 0x7e,
    0x80, 0xf, 0xfe, 0x95, 0x80, 0x7e, 0x24, 0x0,
    0xff, 0xe8, 0x92, 0x80, 0x7e, 0x80, 0xf, 0xfe,
    0x94, 0x80, 0x7e, 0x34, 0xe3, 0x3f, 0xc0, 0x1f,
    0xfc, 0x83, 0x53, 0x3f, 0xd8,

    /* U+0053 "S" */
    0x0, 0xff, 0xe2, 0x89, 0x1a, 0x20, 0xcc, 0x20,
    0x1f, 0xfd, 0x12, 0x69, 0xcf, 0xed, 0xcb, 0xb6,
    0x63, 0xbf, 0x69, 0x88, 0x3, 0xff, 0x92, 0x2f,
    0x9b, 0x2c, 0x60, 0x1f, 0xe2, 0x59, 0xdc, 0x60,
    0xf, 0xfe, 0x33, 0xf4, 0x18, 0x7, 0xff, 0x18,
    0xe7, 0x94, 0x3, 0xff, 0x84, 0x7d, 0x0, 0x1f,
    0xfc, 0xb1, 0xab, 0x10, 0xf, 0xf9, 0xb0, 0x40,
    0x3f, 0xf9, 0xc9, 0x82, 0x1, 0xfc, 0xb2, 0x1,
    0xff, 0xd1, 0x2c, 0x10, 0xf, 0x8a, 0x80, 0x3f,
    0xfa, 0x65, 0x40, 0x1f, 0x70, 0x7, 0xfc, 0xb3,
    0x9d, 0xff, 0x76, 0xdc, 0x10, 0x7, 0xf9, 0x14,
    0x3, 0x94, 0xc0, 0x3f, 0x9f, 0xa9, 0x8c, 0x40,
    0x21, 0x24, 0x7d, 0xc3, 0x0, 0xfe, 0x80, 0xe,
    0xe0, 0xf, 0xc3, 0x90, 0x20, 0x1f, 0xfc, 0x3,
    0xc5, 0x0, 0xfc, 0x48, 0x1, 0xa, 0x0, 0x7e,
    0xa3, 0x0, 0xff, 0xe2, 0x51, 0x80, 0x7e, 0xe0,
    0x9, 0x40, 0x3f, 0x22, 0x0, 0x3f, 0xf8, 0xdc,
    0x1, 0xf9, 0x40, 0x22, 0x0, 0xfd, 0xa0, 0x1f,
    0xfc, 0x72, 0x50, 0xf, 0xc6, 0x0, 0xe0, 0xf,
    0xc4, 0x1, 0xff, 0xc8, 0x90, 0xf, 0xc8, 0x1,
    0xff, 0xd4, 0x31, 0x0, 0x85, 0x1e, 0x54, 0x3,
    0xfe, 0x10, 0xf, 0xfe, 0x4d, 0xd6, 0x7f, 0x5c,
    0x31, 0x0, 0x3c, 0x3, 0xf6, 0x0, 0x7f, 0xf2,
    0x55, 0x46, 0x1, 0xf8, 0x80, 0x3f, 0x38, 0x7,
    0xff, 0x51, 0xc0, 0x3f, 0xd, 0x0, 0x7f, 0xf4,
    0xc8, 0x40, 0x3f, 0x2d, 0x8, 0x7, 0xff, 0x49,
    0x80, 0x3f, 0x97, 0xa4, 0xc0, 0x3f, 0xfa, 0x12,
    0x1, 0xff, 0x36, 0x75, 0x31, 0x80, 0x7f, 0xf3,
    0x6, 0x0, 0x3f, 0xf8, 0x2, 0xb3, 0x9f, 0xb2,
    0xc6, 0x1, 0xff, 0xc8, 0x74, 0x0, 0xff, 0xe2,
    0x13, 0x4e, 0x7e, 0xca, 0x88, 0x7, 0xff, 0x12,
    0xcc, 0x3, 0xff, 0x90, 0x4d, 0x5d, 0x8c, 0x20,
    0x1f, 0xfc, 0x2c, 0x50, 0xf, 0xfe, 0x59, 0xcf,
    0x48, 0x80, 0x7f, 0xf0, 0x6a, 0x84, 0x1, 0xff,
    0xcc, 0x6e, 0x70, 0xf, 0xfe, 0xa, 0xed, 0x18,
    0x7, 0xff, 0x32, 0x2c, 0x40, 0x3f, 0xf8, 0x2b,
    0x9d, 0x28, 0x1, 0xff, 0xca, 0x4c, 0x0, 0xff,
    0xe1, 0x8b, 0x5f, 0xe4, 0xa9, 0x0, 0x7f, 0xf1,
    0x8a, 0xc0, 0x3f, 0xf8, 0xc6, 0xd5, 0xbf, 0x92,
    0xc6, 0x1, 0xff, 0xc2, 0x46, 0x0, 0xff, 0xe5,
    0x1b, 0x4e, 0x7e, 0x41, 0x0, 0x7f, 0xd0, 0x1,
    0xff, 0xcf, 0x37, 0xdb, 0x20, 0xf, 0xe1, 0x60,
    0xf, 0xfe, 0x8a, 0x6a, 0x0, 0x7f, 0x68, 0x7,
    0xff, 0x4e, 0xcc, 0x3, 0xf2, 0x80, 0x7f, 0xf5,
    0x20, 0x3, 0xf0, 0x90, 0x8, 0xfe, 0x0, 0xff,
    0xe5, 0x20, 0x80, 0x7e, 0x69, 0xee, 0xfc, 0x80,
    0x1f, 0xfc, 0xa5, 0x0, 0xfc, 0x3c, 0x1, 0xf8,
    0xc0, 0x3f, 0xf9, 0x42, 0x1, 0xf8, 0xcc, 0x1,
    0xfb, 0x0, 0x3f, 0xf9, 0x42, 0x1, 0xfc, 0xa0,
    0x1f, 0x90, 0x40, 0x3f, 0xf9, 0x2a, 0x1, 0xf8,
    0x84, 0x40, 0x1f, 0xa4, 0x3, 0xff, 0x90, 0x42,
    0x1, 0xf9, 0x81, 0xc0, 0x3f, 0x39, 0x0, 0x7f,
    0xf1, 0xec, 0x3, 0xf8, 0x82, 0x80, 0x3f, 0xbc,
    0x80, 0x3f, 0xf8, 0xa8, 0xc0, 0x1f, 0x94, 0x0,
    0x66, 0x0, 0xfc, 0x58, 0xa0, 0x1f, 0xfc, 0x36,
    0xb0, 0xf, 0xee, 0x0, 0xbc, 0x3, 0xf8, 0x6b,
    0x18, 0x40, 0x3f, 0xcb, 0x92, 0x1, 0xfc, 0x48,
    0x1, 0x1b, 0x0, 0x7f, 0x8e, 0x7b, 0x6a, 0x1d,
    0xe8, 0x9c, 0xfa, 0x30, 0xf, 0xf4, 0x80, 0x74,
    0x90, 0x7, 0xff, 0x0, 0x95, 0xe2, 0x27, 0x63,
    0x0, 0xff, 0xe0, 0x32, 0x0, 0x7b, 0x8, 0x3,
    0xff, 0xa6, 0xb2, 0x1, 0xf0, 0xe2, 0x0, 0x7f,
    0xf4, 0x5a, 0x80, 0x3f, 0x86, 0xe0, 0x3, 0xff,
    0x9c, 0x35, 0x20, 0x1f, 0xfc, 0x7, 0xe6, 0x0,
    0xff, 0xe5, 0xbf, 0xa8, 0x7, 0xff, 0x8, 0x67,
    0xe5, 0x0, 0x3f, 0xf8, 0xa7, 0x1d, 0x2, 0x1,
    0xff, 0xc6, 0x6b, 0xfc, 0x86, 0x42, 0x10, 0xc,
    0x24, 0x8f, 0x5d, 0x8e, 0x20, 0x1f, 0xc0,

    /* U+0054 "T" */
    0xaf, 0xff, 0xfe, 0xe4, 0x0, 0x7f, 0xff, 0xc0,
    0x3f, 0xff, 0xe0, 0x1f, 0xff, 0xf0, 0xf, 0xfe,
    0x7e, 0x2a, 0xff, 0xf0, 0xcc, 0x3, 0xf1, 0xaa,
    0xff, 0xf0, 0xf5, 0xaa, 0xbf, 0xf8, 0x72, 0x1,
    0xfa, 0x6a, 0xbf, 0xf8, 0x6a, 0x1, 0xff, 0xff,
    0x0, 0xff, 0xff, 0x80, 0x7f, 0xff, 0xc0, 0x3f,
    0xff, 0xe0, 0x1f, 0xff, 0xf0, 0xf, 0xff, 0xf8,
    0x7, 0xff, 0xfc, 0x3, 0xff, 0xfe, 0x1, 0xff,
    0xff, 0x0, 0xff, 0xff, 0x80, 0x7f, 0xff, 0xc0,
    0x3f, 0xff, 0xe0, 0x1f, 0xff, 0xf0, 0xf, 0xff,
    0xf8, 0x7, 0xff, 0xfc, 0x3, 0xff, 0xfe, 0x1,
    0xff, 0xff, 0x0, 0xff, 0xff, 0x80, 0x7f, 0xff,
    0xc0, 0x3f, 0xff, 0xe0, 0x1f, 0xff, 0xf0, 0xf,
    0xff, 0xf8, 0x7, 0xff, 0xfc, 0x3, 0xff, 0xfe,
    0x1, 0xff, 0xca, 0x5d, 0xdf, 0xca, 0x1, 0xff,
    0xc4,

    /* U+0055 "U" */
    0x5f, 0xff, 0xca, 0x1, 0xff, 0xca, 0xdf, 0xff,
    0xb4, 0x3, 0xff, 0xfe, 0x1, 0xff, 0xff, 0x0,
    0xff, 0xff, 0x80, 0x7f, 0xff, 0xc0, 0x3f, 0xff,
    0xe0, 0x1f, 0xff, 0xf0, 0xf, 0xff, 0xf8, 0x7,
    0xff, 0xfc, 0x3, 0xff, 0xfe, 0x1, 0xff, 0xff,
    0x0, 0xff, 0xff, 0x80, 0x7f, 0xff, 0xc0, 0x3f,
    0xff, 0xe0, 0x1f, 0xff, 0xf0, 0xf, 0xff, 0xf8,
    0x7, 0xff, 0xd0, 0x40, 0x3f, 0xff, 0x86, 0x1,
    0xff, 0xc5, 0x30, 0xf, 0xfe, 0x90, 0xb8, 0x7,
    0xff, 0x4c, 0x40, 0x3f, 0x8, 0x7, 0xee, 0x0,
    0xff, 0xe9, 0x39, 0x0, 0x7e, 0x20, 0xf, 0xfe,
    0x49, 0x80, 0x7e, 0x20, 0xf, 0xe7, 0x0, 0xff,
    0xe4, 0xb0, 0x7, 0xee, 0x3, 0x0, 0xf8, 0x80,
    0x3f, 0xf9, 0x3a, 0x1, 0xf8, 0x81, 0x40, 0x3f,
    0x28, 0x7, 0xff, 0x21, 0x40, 0x3f, 0x38, 0x60,
    0x7, 0xef, 0x0, 0xff, 0xe3, 0x99, 0x0, 0x7c,
    0x24, 0x8, 0x1, 0xf9, 0x48, 0x3, 0xff, 0x8d,
    0x20, 0x1f, 0x9c, 0x0, 0x26, 0x1, 0xfa, 0x40,
    0x3f, 0xf8, 0xa6, 0xa0, 0x1f, 0xb4, 0x2, 0xa0,
    0xf, 0xc9, 0x20, 0x1f, 0xfc, 0x32, 0xd0, 0xf,
    0xc4, 0x80, 0x13, 0x8, 0x7, 0xe6, 0x91, 0x0,
    0xff, 0xe0, 0x1e, 0x8, 0x7, 0xeb, 0x0, 0xe9,
    0x0, 0xfe, 0x6f, 0x72, 0x0, 0xfc, 0x95, 0x82,
    0x1, 0xf8, 0x98, 0x3, 0x9c, 0x80, 0x3f, 0x86,
    0x37, 0xae, 0xa6, 0x57, 0x9f, 0x6a, 0x1, 0xfe,
    0x90, 0xf, 0xb8, 0x3, 0xff, 0x80, 0x28, 0xac,
    0xc4, 0x30, 0xf, 0xfe, 0x3, 0x20, 0x7, 0xc7,
    0x40, 0x1f, 0xfd, 0x14, 0x90, 0xf, 0xe5, 0xa0,
    0xf, 0xfe, 0x7a, 0xd8, 0x7, 0xfc, 0xb8, 0x40,
    0x1f, 0xfc, 0xc8, 0xa0, 0xf, 0xfe, 0x9, 0xec,
    0x0, 0x7f, 0xf2, 0x53, 0x5c, 0x3, 0xff, 0x88,
    0xff, 0x26, 0x1, 0xff, 0xc3, 0x16, 0xcb, 0x20,
    0xf, 0xfe, 0x3b, 0x67, 0x53, 0xa1, 0x8, 0x6,
    0x23, 0x58, 0xce, 0x93, 0x0, 0xff, 0x0,

    /* U+0056 "V" */
    0xf, 0xff, 0xeb, 0x0, 0xff, 0xe7, 0x9f, 0xff,
    0xf0, 0x82, 0x80, 0x7e, 0x41, 0x0, 0xff, 0xe7,
    0x50, 0x7, 0xe5, 0x10, 0xe0, 0xf, 0xe7, 0x0,
    0xff, 0xe7, 0x38, 0x7, 0xee, 0x0, 0x20, 0x80,
    0x7e, 0xd0, 0xf, 0xfe, 0x6a, 0x8, 0x7, 0xc2,
    0x80, 0x13, 0x0, 0x7e, 0x41, 0x0, 0xff, 0xe6,
    0x70, 0x7, 0xe6, 0x0, 0xd4, 0x1, 0xfc, 0xc0,
    0x1f, 0xfc, 0xc5, 0x0, 0xfd, 0x40, 0x18, 0x8c,
    0x3, 0xf5, 0x80, 0x7f, 0xf2, 0xd4, 0x3, 0xf1,
    0x90, 0x7, 0x50, 0x7, 0xe3, 0x20, 0xf, 0xfe,
    0x57, 0x0, 0x7e, 0xa0, 0xf, 0x30, 0x7, 0xf5,
    0x0, 0x7f, 0xf2, 0x45, 0x0, 0x3f, 0x38, 0x7,
    0xca, 0x1, 0xf9, 0x40, 0x3f, 0xf9, 0x2c, 0x1,
    0xf9, 0x44, 0x3, 0xee, 0x0, 0xfc, 0x46, 0x1,
    0xff, 0xc8, 0xb0, 0xf, 0xdc, 0x1, 0xf9, 0x8,
    0x3, 0xf5, 0x0, 0x7f, 0xf1, 0xc8, 0xc0, 0x3e,
    0x14, 0x0, 0xfe, 0x50, 0xf, 0xce, 0x1, 0xff,
    0xc7, 0xa0, 0xf, 0xcc, 0x1, 0xfe, 0xa0, 0xf,
    0xc2, 0x80, 0x1f, 0xfc, 0x65, 0x0, 0xfd, 0x40,
    0x1f, 0xe2, 0x40, 0xf, 0xda, 0x1, 0xff, 0xc5,
    0x32, 0x0, 0xf8, 0xc8, 0x3, 0xfe, 0xe0, 0xf,
    0xcc, 0x1, 0xff, 0xc5, 0xa0, 0xf, 0xd4, 0x1,
    0xff, 0xc0, 0x50, 0xf, 0xe5, 0x0, 0xff, 0xe2,
    0x38, 0x7, 0xe7, 0x0, 0xff, 0xe0, 0xb0, 0x7,
    0xef, 0x0, 0xff, 0xe1, 0xa0, 0x80, 0x7c, 0xa2,
    0x1, 0xff, 0xc1, 0xa0, 0xf, 0xca, 0x1, 0xff,
    0xc3, 0xe0, 0xf, 0xdc, 0x1, 0xff, 0xc2, 0x32,
    0x0, 0xfc, 0xc0, 0x1f, 0xfc, 0x25, 0x0, 0xf8,
    0x50, 0x3, 0xff, 0x87, 0x40, 0x1f, 0xb4, 0x3,
    0xff, 0x82, 0xc0, 0x1f, 0x98, 0x3, 0xff, 0x88,
    0xc0, 0x1f, 0x90, 0x40, 0x3f, 0xf8, 0x1a, 0x1,
    0xfa, 0x80, 0x3f, 0xf8, 0x82, 0x80, 0x1f, 0x98,
    0x3, 0xfe, 0x14, 0x0, 0xf8, 0xc8, 0x3, 0xff,
    0x8b, 0xc0, 0x1f, 0xac, 0x3, 0xfe, 0x60, 0xf,
    0xd4, 0x1, 0xff, 0xc6, 0x50, 0xf, 0xc6, 0x40,
    0x1f, 0xeb, 0x0, 0xfc, 0xe0, 0x1f, 0xfc, 0x76,
    0x0, 0xfc, 0xa0, 0x1f, 0xc4, 0x60, 0x1f, 0x28,
    0x80, 0x7f, 0xf1, 0xe8, 0x3, 0xf5, 0x0, 0x7f,
    0x50, 0x7, 0xee, 0x0, 0xff, 0xe4, 0x19, 0x0,
    0x7c, 0x46, 0x1, 0xf9, 0x80, 0x3e, 0x14, 0x0,
    0xff, 0xe4, 0xd0, 0x7, 0xeb, 0x0, 0xf8, 0xc4,
    0x3, 0xe6, 0x0, 0xff, 0xe5, 0x30, 0x7, 0xe6,
    0x0, 0xfa, 0x80, 0x3f, 0x50, 0x7, 0xff, 0x28,
    0x50, 0x3, 0xe1, 0x40, 0xf, 0x38, 0x7, 0xc6,
    0x40, 0x1f, 0xfc, 0xbe, 0x0, 0xfd, 0xa0, 0x1c,
    0xa2, 0x1, 0xf5, 0x0, 0x7f, 0xf3, 0x14, 0x40,
    0x3e, 0x70, 0xe, 0xf0, 0xf, 0xce, 0x1, 0xff,
    0xcd, 0x70, 0xf, 0x85, 0x40, 0x32, 0x80, 0x7c,
    0xa2, 0x1, 0xff, 0xcd, 0xa0, 0xf, 0xde, 0x1,
    0x30, 0x7, 0xee, 0x0, 0xff, 0xe7, 0x19, 0x0,
    0x7c, 0xa0, 0x16, 0x80, 0x7c, 0x28, 0x1, 0xff,
    0xcf, 0xa0, 0xf, 0xca, 0x2, 0x80, 0x1f, 0x30,
    0x7, 0xff, 0x41, 0x80, 0x3f, 0x70, 0x30, 0x7,
    0xea, 0x0, 0xff, 0xe8, 0xa, 0x0, 0x7c, 0x83,
    0x40, 0x1f, 0x19, 0x0, 0x7f, 0xf4, 0x78, 0x3,
    0xf4, 0x10, 0x7, 0xd4, 0x1, 0xff, 0xd2, 0x51,
    0x0, 0xf9, 0x80, 0x3f, 0x38, 0x7, 0xff, 0x4d,
    0xc0, 0x3f, 0xf8, 0x6a, 0x20, 0x1f, 0xfd, 0x3a,
    0x0, 0xff, 0xe1, 0xf0, 0x7, 0xff, 0x50, 0xc8,
    0x3, 0xff, 0x82, 0x28, 0x1, 0xff, 0xd5, 0xa0,
    0xf, 0xfe, 0xb, 0x0, 0x7f, 0xf5, 0x98, 0x3,
    0xff, 0x83, 0x40, 0x1f, 0xfd, 0x61, 0x40, 0xf,
    0xf8, 0xc8, 0x3, 0xff, 0xaf, 0xc0, 0x1f, 0xf5,
    0x0, 0x7f, 0xf6, 0x14, 0x40, 0x3f, 0xce, 0x1,
    0xff, 0xd9, 0x70, 0xf, 0xe5, 0x10, 0xf, 0xfe,
    0xcd, 0x0, 0x7f, 0x70, 0x7, 0xff, 0x68, 0xc8,
    0x3, 0xe1, 0x40, 0xf, 0xfe, 0x38,

    /* U+0057 "W" */
    0x1f, 0xff, 0xeb, 0x0, 0xff, 0xe3, 0x27, 0xff,
    0xf2, 0x0, 0x7f, 0xf1, 0xb3, 0xff, 0xf3, 0x89,
    0x80, 0x7e, 0x50, 0xf, 0xfe, 0x36, 0x0, 0x7f,
    0x60, 0x7, 0xff, 0x18, 0xc0, 0x3f, 0x20, 0x58,
    0x7, 0xe1, 0x20, 0xf, 0xfe, 0x2a, 0x0, 0x7f,
    0x20, 0x7, 0xff, 0x15, 0x0, 0x3f, 0x9, 0x82,
    0x0, 0x7f, 0x20, 0x7, 0xff, 0x14, 0xc0, 0x3f,
    0x8c, 0x40, 0x3f, 0xf8, 0x98, 0x1, 0xf9, 0x0,
    0x6, 0x20, 0x1f, 0xb0, 0x3, 0xff, 0x88, 0x80,
    0x1f, 0xf2, 0x0, 0x7f, 0xf1, 0x10, 0x3, 0xf7,
    0x80, 0x48, 0x1, 0xf9, 0x0, 0x3f, 0xf8, 0x98,
    0x1, 0xff, 0x60, 0x7, 0xff, 0x10, 0xc0, 0x3f,
    0x20, 0x5, 0xe0, 0x1f, 0x84, 0x80, 0x3f, 0xf8,
    0x68, 0x1, 0xff, 0x20, 0x7, 0xff, 0xc, 0xc0,
    0x3f, 0x10, 0x80, 0x48, 0x1, 0xfc, 0x80, 0x1f,
    0xfc, 0x33, 0x0, 0xff, 0x88, 0x40, 0x3f, 0xf8,
    0x48, 0x1, 0xf9, 0x40, 0x30, 0x98, 0x7, 0xec,
    0x0, 0xff, 0xe1, 0x20, 0x7, 0xff, 0x5, 0x0,
    0x3f, 0xf8, 0x58, 0x1, 0xfb, 0x0, 0x3a, 0xc0,
    0x3f, 0x20, 0x7, 0xff, 0xb, 0x0, 0x3f, 0xf8,
    0x38, 0x1, 0xff, 0xc2, 0x50, 0xf, 0xc8, 0x1,
    0xc8, 0x1, 0xf8, 0x48, 0x3, 0xff, 0x82, 0x80,
    0x1f, 0xfc, 0x14, 0x0, 0xff, 0xe0, 0x90, 0x80,
    0x7c, 0x80, 0x1e, 0x31, 0x0, 0xfc, 0x80, 0x1f,
    0xfc, 0x13, 0x0, 0xf3, 0x0, 0x78, 0x84, 0x3,
    0xff, 0x80, 0x80, 0x1f, 0xb0, 0x3, 0xe4, 0x0,
    0xfd, 0xe0, 0x1f, 0xfc, 0x4, 0x0, 0xf1, 0x68,
    0x7, 0xc8, 0x1, 0xff, 0xc0, 0xc0, 0xf, 0xca,
    0x1, 0xf7, 0x80, 0x7e, 0x40, 0xf, 0xfe, 0x6,
    0x0, 0x79, 0x10, 0x1, 0xf6, 0x0, 0x7f, 0xf0,
    0x10, 0x3, 0xe1, 0x20, 0xf, 0x90, 0x3, 0xf1,
    0x8, 0x7, 0xfc, 0x80, 0x1e, 0xc0, 0x30, 0xf,
    0x20, 0x7, 0xfc, 0x22, 0x0, 0xf9, 0xc0, 0x3f,
    0x9, 0x80, 0x7e, 0x40, 0xf, 0xf8, 0xc0, 0x3c,
    0x80, 0x80, 0x1e, 0x21, 0x0, 0xff, 0x20, 0x7,
    0xec, 0x0, 0xfe, 0xb0, 0xf, 0xd8, 0x1, 0xfe,
    0x40, 0xf, 0x18, 0x86, 0x0, 0x7c, 0xe0, 0x1f,
    0xec, 0x0, 0xfc, 0x80, 0x1f, 0xc8, 0x1, 0xf9,
    0x0, 0x3f, 0xd8, 0x1, 0xe4, 0x0, 0x20, 0x7,
    0xd8, 0x1, 0xfe, 0x40, 0xf, 0x8c, 0x40, 0x3f,
    0x8c, 0x40, 0x3e, 0x21, 0x0, 0xfe, 0x40, 0xf,
    0x60, 0x4, 0x80, 0x1e, 0x40, 0xf, 0xe1, 0x20,
    0xf, 0x90, 0x3, 0xfe, 0x70, 0xf, 0xc8, 0x1,
    0xfc, 0x60, 0x1e, 0x40, 0xb, 0x0, 0x3c, 0x24,
    0x1, 0xf9, 0x40, 0x3f, 0x58, 0x7, 0xfd, 0x80,
    0x1f, 0xb0, 0x3, 0xf2, 0x0, 0x78, 0xc0, 0x32,
    0x0, 0x7c, 0x80, 0x1f, 0xb0, 0x3, 0xf1, 0x80,
    0x7f, 0xc8, 0x1, 0xf9, 0x0, 0x3f, 0x60, 0x7,
    0x90, 0x3, 0x18, 0x7, 0xd8, 0x1, 0xf9, 0x0,
    0x3e, 0x50, 0xf, 0xfe, 0x0, 0x98, 0x7, 0xc4,
    0x20, 0x1f, 0x20, 0x7, 0xb0, 0x3, 0x90, 0x3,
    0xc8, 0x1, 0xf8, 0xc0, 0x3e, 0xc0, 0xf, 0xfe,
    0xd, 0x80, 0x7e, 0x50, 0xf, 0x8c, 0x3, 0xc8,
    0x1, 0xd8, 0x1, 0xe1, 0x20, 0xf, 0x18, 0x7,
    0xe4, 0x0, 0xff, 0xe0, 0xa0, 0x7, 0xec, 0x0,
    0xf2, 0x0, 0x78, 0xc0, 0x3c, 0x80, 0x1f, 0x20,
    0x7, 0x90, 0x3, 0xe2, 0x20, 0x7, 0xff, 0x4,
    0xc4, 0x3, 0xe4, 0x0, 0xf6, 0x0, 0x79, 0x0,
    0x3c, 0x62, 0x1, 0xec, 0x0, 0xf6, 0x0, 0x7c,
    0x80, 0x1f, 0xfc, 0x37, 0x0, 0xf8, 0xc0, 0x3c,
    0x80, 0x1e, 0xc0, 0xf, 0x94, 0x3, 0xc8, 0x1,
    0xe4, 0x0, 0xfb, 0x40, 0x3f, 0xf8, 0x78, 0x1,
    0xf9, 0x0, 0x38, 0xc0, 0x3c, 0x80, 0x1f, 0x60,
    0x7, 0x84, 0x80, 0x31, 0x80, 0x7e, 0x40, 0xf,
    0xfe, 0x1a, 0x80, 0x7e, 0xc0, 0xc, 0x80, 0x1e,
    0x30, 0xf, 0xca, 0x1, 0xf2, 0x80, 0x65, 0x0,
    0xf8, 0xc0, 0x3f, 0xf8, 0xa6, 0x1, 0xf2, 0x0,
    0x6c, 0x0, 0xf2, 0x0, 0x7e, 0x21, 0x0, 0xf6,
    0x0, 0x6c, 0x0, 0xfa, 0xc0, 0x3f, 0xf8, 0xb6,
    0x1, 0xf1, 0x80, 0x64, 0x0, 0xf6, 0x0, 0x7f,
    0x20, 0x7, 0x90, 0x3, 0x20, 0x7, 0xc8, 0x1,
    0xff, 0xc5, 0x50, 0xf, 0xc8, 0x1, 0x18, 0x7,
    0x90, 0x3, 0xfb, 0x0, 0x3e, 0x30, 0x1, 0x8,
    0x7, 0x84, 0xc0, 0x3f, 0xf8, 0xa4, 0x20, 0x1f,
    0x60, 0x1, 0x0, 0x3c, 0x60, 0x1f, 0xe4, 0x0,
    0xf9, 0x0, 0xe, 0x1, 0xf2, 0x0, 0x7f, 0xf1,
    0xdc, 0x3, 0xe3, 0x0, 0x60, 0x7, 0x90, 0x3,
    0xfc, 0x42, 0x1, 0xec, 0x0, 0x60, 0x7, 0xd8,
    0x1, 0xff, 0xc7, 0xc0, 0xf, 0x90, 0x0, 0x80,
    0x1e, 0xc0, 0xf, 0xf9, 0x0, 0x3c, 0x80, 0x4,
    0x0, 0xf9, 0xc0, 0x3f, 0xf8, 0xea, 0x1, 0xf8,
    0xc0, 0xc0, 0x3c, 0x80, 0x1f, 0xf6, 0x0, 0x7c,
    0x62, 0x40, 0x1e, 0x21, 0x0, 0xff, 0xe4, 0x18,
    0x7, 0xc8, 0x80, 0xf, 0x18, 0x7, 0xff, 0x1,
    0x0, 0x3e, 0x44, 0x0, 0x7c, 0xa0, 0x1f, 0xfc,
    0x9b, 0x0, 0xfb, 0x30, 0x1, 0xe4, 0x0, 0xff,
    0xe0, 0x11, 0x0, 0x3d, 0x9a, 0x1, 0xf6, 0x0,
    0x7f, 0xf2, 0x54, 0x3, 0xe4, 0x40, 0x7, 0xb0,
    0x3, 0xff, 0x82, 0x80, 0x1e, 0x45, 0x0, 0xf9,
    0x0, 0x3f, 0xf9, 0x24, 0x20, 0x1f, 0x18, 0x7,
    0x90, 0x3, 0xff, 0x83, 0x80, 0x1f, 0x10, 0x7,
    0x90, 0x3, 0xff, 0x96, 0xe0, 0x1f, 0xfc, 0x14,
    0x0, 0xff, 0xe1, 0x20, 0x7, 0xff, 0xb, 0x0,
    0x3f, 0xf9, 0x78, 0x1, 0xff, 0xc1, 0xc0, 0xf,
    0xfe, 0x10, 0x90, 0x7, 0xff, 0x5, 0x40, 0x3f,
    0xf9, 0x6a, 0x1, 0xff, 0xc1, 0x40, 0xf, 0xfe,
    0x1a, 0x0, 0x7f, 0xf0, 0x4, 0x80, 0x3f, 0xf9,
    0x88, 0x1, 0xff, 0xc0, 0x30, 0xf, 0xfe, 0x1e,
    0x0, 0x7f, 0xf0, 0x1c, 0x3, 0xff, 0x9b, 0x80,
    0x1f, 0xf2, 0x0, 0x7f, 0xf1, 0x10, 0x3, 0xff,
    0x81, 0x80, 0x1f, 0xfc, 0xd5, 0x0, 0xff, 0xb0,
    0x3, 0xff, 0x88, 0x24, 0x1, 0xff, 0x20, 0x7,
    0xff, 0x34, 0x84, 0x3, 0xfc, 0x80, 0x1f, 0xfc,
    0x54, 0x0, 0xff, 0x18, 0x80, 0x7f, 0xf3, 0x9c,
    0x3, 0xfc, 0x60, 0x1f, 0xfc, 0x5d, 0x0, 0xff,
    0x20, 0x7, 0xff, 0x3f, 0x0, 0x3f, 0x90, 0x3,
    0xff, 0x8c, 0xa0, 0x1f, 0xeb, 0x0, 0xff, 0xe7,
    0xa8, 0x7, 0xf6, 0x0, 0x7f, 0xf1, 0x84, 0xc0,
    0x3f, 0x8c, 0x3, 0xff, 0xa0, 0x80, 0x1f, 0x90,
    0x3, 0xff, 0x8e, 0x80, 0x1f, 0x90, 0x3, 0xff,
    0xa3, 0xee, 0xff, 0x41, 0x80, 0x7f, 0xf1, 0xe9,
    0xdf, 0xf4, 0x0, 0x7f, 0xf0, 0x80,

    /* U+0058 "X" */
    0x0, 0x5f, 0xff, 0xf1, 0x80, 0x7f, 0xf2, 0xaf,
    0xff, 0xf5, 0x0, 0x75, 0x8, 0x7, 0xee, 0x0,
    0xff, 0xe4, 0xaa, 0x0, 0x7c, 0x36, 0x1, 0xc3,
    0x60, 0x1f, 0x89, 0xc0, 0x3f, 0xf8, 0xe3, 0x60,
    0x1f, 0xac, 0x40, 0x3c, 0xaa, 0x0, 0xfd, 0x4,
    0x1, 0xff, 0xc6, 0xb1, 0x0, 0xf9, 0x54, 0x1,
    0xfa, 0xc4, 0x3, 0xf7, 0x0, 0x7f, 0xf1, 0x55,
    0x40, 0x1f, 0xd, 0x80, 0x7f, 0xd, 0x80, 0x7e,
    0x37, 0x0, 0xff, 0xe1, 0x8d, 0x80, 0x7e, 0xb1,
    0x0, 0xff, 0x2a, 0x80, 0x3f, 0x41, 0x0, 0x7f,
    0xf0, 0xac, 0x40, 0x3e, 0x55, 0x0, 0x7f, 0xf0,
    0x2c, 0x40, 0x3f, 0x48, 0x7, 0xff, 0x5, 0x14,
    0x3, 0xe1, 0xb0, 0xf, 0xfe, 0x8, 0xd0, 0x7,
    0xe4, 0x60, 0xf, 0xfe, 0x5, 0x0, 0x7e, 0xb1,
    0x0, 0xff, 0xe1, 0x23, 0x0, 0x7e, 0x91, 0x0,
    0xff, 0x48, 0x80, 0x7c, 0xaa, 0x0, 0xff, 0xe2,
    0x49, 0x0, 0x7e, 0xa0, 0xf, 0xe4, 0x60, 0xf,
    0x86, 0xc0, 0x3f, 0xf8, 0xdc, 0x1, 0xf9, 0x14,
    0x3, 0xf4, 0x80, 0x7e, 0xb1, 0x0, 0xff, 0xe3,
    0x1b, 0x80, 0x7e, 0xb1, 0x0, 0xf4, 0x90, 0x7,
    0xca, 0xa0, 0xf, 0xfe, 0x44, 0x10, 0x7, 0xc3,
    0x60, 0x1c, 0x6c, 0x1, 0xf0, 0xd8, 0x7, 0xff,
    0x2b, 0x80, 0x3f, 0x2a, 0x0, 0x6e, 0x0, 0xfd,
    0x62, 0x1, 0xff, 0xca, 0x37, 0x0, 0xfd, 0x40,
    0x14, 0x10, 0x7, 0xca, 0xa0, 0xf, 0xfe, 0x64,
    0x18, 0x7, 0xc3, 0x20, 0x6e, 0x1, 0xf0, 0xd8,
    0x7, 0xff, 0x3b, 0x80, 0x3f, 0x32, 0x70, 0x7,
    0xeb, 0x10, 0xf, 0xfe, 0x71, 0x40, 0x7, 0xeb,
    0x20, 0xf, 0x91, 0x40, 0x3f, 0xfa, 0xe, 0x60,
    0x1f, 0xfc, 0x31, 0xa0, 0xf, 0xfe, 0x97, 0x0,
    0x7f, 0xf0, 0xec, 0x40, 0x3f, 0xfa, 0x45, 0x20,
    0x1f, 0xfc, 0x14, 0x50, 0xf, 0xfe, 0xa3, 0x20,
    0x7, 0xfc, 0x34, 0x1, 0xff, 0xd6, 0xa0, 0xf,
    0xfa, 0xc4, 0x3, 0xff, 0xac, 0x2e, 0x1, 0xfc,
    0x8a, 0x1, 0xff, 0xd7, 0x16, 0x0, 0xfe, 0x60,
    0xf, 0xfe, 0xc5, 0x88, 0x7, 0xf1, 0x40, 0x7,
    0xff, 0x59, 0x54, 0x1, 0xff, 0x39, 0x80, 0x7f,
    0xf5, 0x6, 0xc0, 0x3f, 0xf8, 0x3c, 0x1, 0xff,
    0xd4, 0xb1, 0x0, 0xff, 0xe0, 0x94, 0x80, 0x7f,
    0xf4, 0x91, 0x40, 0x3f, 0xf8, 0x6c, 0x80, 0x1f,
    0xfd, 0x1a, 0x0, 0xfc, 0x60, 0x1f, 0xa8, 0x40,
    0x3f, 0xf9, 0xf2, 0x20, 0x1f, 0x2e, 0x88, 0x7,
    0xc3, 0x60, 0x1f, 0xfc, 0xe4, 0x60, 0xf, 0x86,
    0xc6, 0x80, 0x3f, 0x2a, 0x80, 0x3f, 0xf9, 0xb2,
    0x1, 0xfa, 0xc4, 0x11, 0x40, 0x3f, 0x58, 0x80,
    0x7f, 0xf2, 0xe4, 0x80, 0x3e, 0x45, 0x0, 0xac,
    0x40, 0x3e, 0x1a, 0x0, 0xff, 0xe5, 0x1b, 0x0,
    0x7e, 0xa0, 0xc, 0x34, 0x1, 0xf9, 0x18, 0x3,
    0xff, 0x93, 0xc0, 0x1f, 0xa4, 0x40, 0x39, 0x14,
    0x3, 0xf4, 0x90, 0x7, 0xff, 0x1e, 0x8, 0x3,
    0xe3, 0x60, 0xf, 0xac, 0x40, 0x3f, 0x70, 0x7,
    0xff, 0x18, 0xdc, 0x3, 0xf7, 0x0, 0x7e, 0x1a,
    0x0, 0xfc, 0x6e, 0x1, 0xff, 0xc5, 0xe0, 0xf,
    0xd0, 0x40, 0x1f, 0xc8, 0xa0, 0x1f, 0xa0, 0x80,
    0x3f, 0xf8, 0x70, 0x40, 0x1f, 0x1b, 0x80, 0x7f,
    0xd6, 0x20, 0x1f, 0xbc, 0x3, 0xff, 0x84, 0x4e,
    0x1, 0xfb, 0xc0, 0x3f, 0xf8, 0x3, 0x40, 0x1f,
    0x8a, 0x0, 0x3f, 0xf8, 0x3c, 0x1, 0xf9, 0xcc,
    0x3, 0xff, 0x82, 0x8a, 0x1, 0xf9, 0xcc, 0x3,
    0xfe, 0x73, 0x0, 0xf8, 0xa0, 0x3, 0xff, 0x87,
    0x62, 0x1, 0xfb, 0x80, 0x3f, 0xc5, 0x0, 0x1f,
    0xa4, 0x3, 0xff, 0x88, 0x34, 0x1, 0xf8, 0xa4,
    0x3, 0xfb, 0x80, 0x3f, 0x32, 0x0, 0x7f, 0xf1,
    0x51, 0x80, 0x3f, 0x32, 0x0, 0x7c, 0xe6, 0x1,
    0xf0, 0xc8, 0x7, 0xff, 0x1e, 0x4, 0x3, 0xf5,
    0x8, 0x7, 0x14, 0x0, 0x7e, 0xa0, 0xf, 0xfe,
    0x40, 0xd0, 0x7, 0xe1, 0xb0, 0xe, 0x90, 0xf,
    0xca, 0x80, 0x1f, 0xfc, 0x94, 0x60, 0xf, 0xca,
    0xa0, 0x9, 0x90, 0x3, 0xe1, 0xb0, 0xf, 0xfe,
    0x5c, 0x8, 0x7, 0xeb, 0x10, 0x18, 0x0, 0xfd,
    0x62, 0x1, 0xff, 0xcb, 0x1a, 0x0, 0xfc, 0x36,
    0x0,

    /* U+0059 "Y" */
    0xd, 0xff, 0xfd, 0xa0, 0x1f, 0xfc, 0xca, 0xff,
    0xfd, 0x21, 0x20, 0x1f, 0x89, 0x80, 0x3f, 0xf9,
    0x46, 0xa0, 0x1f, 0xc, 0x2, 0x28, 0x7, 0xe8,
    0x0, 0xff, 0xe5, 0x78, 0x7, 0xe8, 0x10, 0x5,
    0x80, 0x7e, 0x17, 0x0, 0xff, 0xe4, 0x29, 0x80,
    0x7c, 0x4c, 0x1, 0xc, 0x0, 0x7e, 0x81, 0x0,
    0xff, 0xe3, 0xc0, 0x7, 0xe9, 0x0, 0xe7, 0x20,
    0xf, 0xd0, 0x1, 0xff, 0xc6, 0x72, 0x0, 0xf9,
    0x10, 0x1, 0xe8, 0x0, 0xfc, 0xc4, 0x1, 0xff,
    0xc4, 0x19, 0x0, 0xfd, 0x20, 0x1f, 0x2a, 0x0,
    0x7e, 0x90, 0xf, 0xfe, 0x24, 0x8, 0x7, 0xce,
    0x40, 0x1f, 0xa4, 0x3, 0xf2, 0x18, 0x7, 0xff,
    0x8, 0x98, 0x3, 0xe1, 0x80, 0xf, 0xe2, 0x70,
    0xf, 0xde, 0x1, 0xff, 0xc2, 0x90, 0xf, 0xd0,
    0x1, 0xff, 0x40, 0x80, 0x7c, 0x6a, 0x1, 0xff,
    0xc0, 0x44, 0x0, 0x7c, 0x6c, 0x1, 0xff, 0xc0,
    0x80, 0xf, 0xd0, 0x1, 0xff, 0xc0, 0x80, 0xf,
    0xde, 0x1, 0xff, 0xc1, 0x63, 0x0, 0xf8, 0x98,
    0x3, 0xfc, 0xc6, 0x1, 0xf2, 0x98, 0x7, 0xff,
    0xb, 0xc0, 0x3f, 0x40, 0x7, 0xfa, 0x0, 0x3f,
    0x58, 0x7, 0xff, 0xc, 0xd8, 0x3, 0xe1, 0x80,
    0xf, 0xd0, 0x20, 0x1f, 0x38, 0x80, 0x7f, 0xf1,
    0x20, 0x3, 0xf3, 0x88, 0x7, 0x85, 0xc0, 0x3e,
    0x18, 0x0, 0xff, 0xe2, 0x8c, 0x0, 0x7e, 0xb0,
    0xf, 0x40, 0x7, 0xeb, 0x0, 0xff, 0xe3, 0xb9,
    0x0, 0x7c, 0xa6, 0x1, 0x8d, 0x80, 0x3e, 0x35,
    0x0, 0xff, 0xe4, 0x48, 0x7, 0xe8, 0x0, 0xd0,
    0x1, 0xfb, 0xc0, 0x3f, 0xf9, 0x28, 0xa0, 0x1f,
    0x22, 0x0, 0x8, 0x80, 0xf, 0x98, 0xc0, 0x3f,
    0xf9, 0x56, 0x1, 0xfa, 0x40, 0x12, 0x1, 0xfa,
    0x0, 0x3f, 0xf9, 0x62, 0xe0, 0x1f, 0x13, 0x30,
    0x80, 0x3e, 0x81, 0x0, 0xff, 0xe6, 0x40, 0x80,
    0x7d, 0x10, 0x0, 0xf8, 0x9c, 0x3, 0xff, 0x9d,
    0x60, 0x1f, 0x8, 0x80, 0x3e, 0x80, 0xf, 0xfe,
    0x7a, 0xa0, 0x7, 0xff, 0x9, 0x14, 0x3, 0xff,
    0xa1, 0x20, 0x1f, 0xfc, 0x29, 0x0, 0xff, 0xe8,
    0x93, 0x0, 0x7f, 0xf0, 0x18, 0x80, 0x3f, 0xfa,
    0x52, 0x20, 0x1f, 0xe1, 0x80, 0xf, 0xfe, 0xa4,
    0x0, 0x7f, 0xa4, 0x40, 0x3f, 0xfa, 0x8c, 0x60,
    0x1f, 0x89, 0xc0, 0x3f, 0xfa, 0xd2, 0x1, 0xfa,
    0xc0, 0x3f, 0xfa, 0xe2, 0x1, 0xf8, 0xc0, 0x3f,
    0xff, 0xe0, 0x1f, 0xff, 0xf0, 0xf, 0xff, 0xf8,
    0x7, 0xff, 0xfc, 0x3, 0xff, 0xfe, 0x1, 0xff,
    0xff, 0x0, 0xff, 0xff, 0x80, 0x7f, 0xff, 0xc0,
    0x3f, 0xff, 0xe0, 0x1f, 0xff, 0xf0, 0xf, 0xff,
    0xf8, 0x7, 0xff, 0xfc, 0x3, 0xff, 0x8a,

    /* U+005A "Z" */
    0x8, 0xff, 0xff, 0xec, 0x70, 0x7, 0xff, 0xfc,
    0x3, 0xff, 0xfe, 0x1, 0xff, 0xff, 0x0, 0xff,
    0xe1, 0x18, 0x3, 0x59, 0xbf, 0xf9, 0xc4, 0x1,
    0xfd, 0x20, 0x5, 0x99, 0xff, 0xe6, 0xd9, 0x0,
    0x7e, 0x74, 0x0, 0xff, 0xe8, 0x70, 0x7, 0xe3,
    0x80, 0xf, 0xfe, 0x84, 0x18, 0x7, 0xc3, 0xa0,
    0x1f, 0xfd, 0x4, 0x70, 0xf, 0xd6, 0x20, 0x1f,
    0xfc, 0xf1, 0xa0, 0xf, 0xcc, 0xa0, 0x1f, 0xfd,
    0xa, 0x10, 0xf, 0x8a, 0x40, 0x3f, 0xfa, 0xe,
    0x80, 0x1f, 0xbc, 0x3, 0xff, 0xa0, 0x70, 0x1,
    0xfa, 0x48, 0x3, 0xff, 0xa1, 0xc0, 0x1f, 0x95,
    0x80, 0x3f, 0xfa, 0x14, 0x40, 0x1f, 0xd, 0x80,
    0x7f, 0xf4, 0x19, 0x40, 0x3f, 0x68, 0x80, 0x7f,
    0xf3, 0xca, 0x40, 0x3f, 0x41, 0x80, 0x7f, 0xf4,
    0x3c, 0x3, 0xf2, 0x38, 0x7, 0xff, 0x42, 0x48,
    0x3, 0xe1, 0xa0, 0xf, 0xfe, 0x82, 0x30, 0x7,
    0xea, 0x10, 0xf, 0xfe, 0x78, 0xd0, 0x7, 0xe7,
    0x40, 0xf, 0xfe, 0x86, 0x88, 0x7, 0xc7, 0x0,
    0x1f, 0xfd, 0x7, 0x30, 0xf, 0xdc, 0x1, 0xff,
    0xd0, 0x38, 0x0, 0xfd, 0x44, 0x1, 0xff, 0xcf,
    0x1d, 0x0, 0xfc, 0xaa, 0x0, 0xff, 0xe8, 0x58,
    0x80, 0x7c, 0x54, 0x1, 0xff, 0xd0, 0x65, 0x0,
    0xfd, 0xc0, 0x1f, 0xfd, 0x2, 0x90, 0xf, 0xd0,
    0x60, 0x1f, 0xfd, 0xf, 0x0, 0xfc, 0x8e, 0x1,
    0xff, 0xd0, 0x92, 0x0, 0xf8, 0x68, 0x3, 0xff,
    0xa0, 0xac, 0x1, 0xfa, 0x84, 0x3, 0xff, 0x9e,
    0x54, 0x1, 0xf9, 0xd0, 0x3, 0xff, 0xa1, 0xc0,
    0x1f, 0x8e, 0x0, 0x3f, 0xfa, 0x10, 0x60, 0x1f,
    0xe, 0x80, 0x7f, 0xf4, 0x11, 0xc0, 0x3f, 0x58,
    0x80, 0x7f, 0xf3, 0xc6, 0x80, 0x3f, 0x32, 0x80,
    0x7f, 0xf4, 0x28, 0x40, 0x3e, 0x29, 0x0, 0xff,
    0xe8, 0x3a, 0x0, 0x7e, 0xf0, 0xf, 0xfe, 0x81,
    0xc0, 0x7, 0xe9, 0x20, 0xf, 0xfe, 0x87, 0x0,
    0x7e, 0x56, 0x0, 0xff, 0xe8, 0x51, 0x0, 0x7c,
    0x36, 0x1, 0xff, 0xd0, 0x55, 0x0, 0x7e, 0x2b,
    0xaa, 0xff, 0xe7, 0x40, 0x50, 0x7, 0xf1, 0xaa,
    0xff, 0xf3, 0xcc, 0x40, 0x3f, 0xfb, 0x44, 0x1,
    0xff, 0xdb, 0xe0, 0xf, 0xfe, 0xd9, 0x0, 0x7f,
    0xf6, 0xd8, 0x3, 0xff, 0xb6, 0x40, 0x1f, 0xfd,
    0xb1,

    /* U+005B "[" */
    0x1, 0x1f, 0xfe, 0x18, 0x57, 0x77, 0xff, 0xd,
    0xc0, 0x3f, 0xff, 0xe0, 0x1f, 0xfd, 0x76, 0xff,
    0xf9, 0xc0, 0x3f, 0xff, 0xe0, 0x1f, 0xff, 0xf0,
    0xf, 0xff, 0xf8, 0x7, 0xff, 0xfc, 0x3, 0xff,
    0xfe, 0x1, 0xff, 0xff, 0x0, 0xff, 0xff, 0x80,
    0x7f, 0xff, 0xc0, 0x3f, 0xff, 0xe0, 0x1f, 0xff,
    0xf0, 0xf, 0xfe, 0xe1, 0x80, 0x7f, 0xf1, 0x17,
    0xff, 0xe7, 0x0, 0xff, 0xff, 0x80, 0x7f, 0xf3,
    0xc0,

    /* U+005C "\\" */
    0x38, 0x8f, 0x94, 0x3, 0xff, 0x8c, 0xef, 0xf4,
    0x0, 0x7f, 0xf1, 0x4c, 0x40, 0x3c, 0x44, 0x0,
    0xff, 0xe2, 0xb8, 0x7, 0xca, 0x1, 0xff, 0xc5,
    0xd0, 0xf, 0xac, 0x3, 0xff, 0x8a, 0x82, 0x1,
    0xe3, 0x10, 0xf, 0xfe, 0x2a, 0x0, 0x7c, 0xe0,
    0x1f, 0xfc, 0x5f, 0x0, 0xfb, 0x40, 0x3f, 0xf8,
    0xaa, 0x1, 0xf2, 0x8, 0x7, 0xff, 0x15, 0x0,
    0x3e, 0x40, 0xf, 0xfe, 0x2e, 0x80, 0x7d, 0xe0,
    0x1f, 0xfc, 0x57, 0x0, 0xf9, 0x40, 0x3f, 0xf8,
    0xa2, 0x60, 0x1f, 0x20, 0x7, 0xff, 0x16, 0xc0,
    0x3e, 0xd0, 0xf, 0xfe, 0x2a, 0x80, 0x7c, 0xe0,
    0x1f, 0xfc, 0x52, 0x20, 0x7, 0x84, 0xc0, 0x3f,
    0xf8, 0xaa, 0x1, 0xf5, 0x80, 0x7f, 0xf1, 0x6c,
    0x3, 0xe5, 0x0, 0xff, 0xe2, 0x98, 0x80, 0x78,
    0x88, 0x1, 0xff, 0xc5, 0x70, 0xf, 0x94, 0x3,
    0xff, 0x8b, 0xa0, 0x1f, 0x58, 0x7, 0xff, 0x15,
    0x0, 0x3e, 0x31, 0x0, 0xff, 0xe2, 0xa0, 0x7,
    0xce, 0x1, 0xff, 0xc5, 0xd0, 0xf, 0xb4, 0x3,
    0xff, 0x8a, 0xe0, 0x1f, 0x20, 0x7, 0xff, 0x14,
    0x4c, 0x3, 0xe5, 0x0, 0xff, 0xe2, 0xd8, 0x7,
    0xde, 0x1, 0xff, 0xc5, 0x50, 0xf, 0x94, 0x3,
    0xff, 0x8a, 0x44, 0x0, 0xf9, 0x0, 0x3f, 0xf8,
    0xaa, 0x1, 0xf6, 0x80, 0x7f, 0xf1, 0x6c, 0x3,
    0xe7, 0x0, 0xff, 0xe2, 0x98, 0x80, 0x78, 0x4c,
    0x3, 0xff, 0x8a, 0xe0, 0x1f, 0x58, 0x7, 0xff,
    0x17, 0x40, 0x3e, 0x50, 0xf, 0xfe, 0x2a, 0x0,
    0x7c, 0x44, 0x0, 0xff, 0xe2, 0xa8, 0x7, 0xca,
    0x1, 0xff, 0xc5, 0xf0, 0xf, 0xac, 0x3, 0xff,
    0x8a, 0x80, 0x1f, 0x18, 0x80, 0x7f, 0xf1, 0x5,
    0x0, 0x3e, 0x70, 0xf, 0xfe, 0x2e, 0x80, 0x7d,
    0xa0, 0x1f, 0xfc, 0x57, 0x0, 0xf9, 0x0, 0x3f,
    0xf8, 0xa2, 0x60, 0x1f, 0x28, 0x7, 0xff, 0x15,
    0x0, 0x3e, 0xf0, 0xf, 0xfe, 0x2d, 0x80, 0x7c,
    0x80, 0x1f, 0xfc, 0x53, 0x10, 0xf, 0x9, 0x80,
    0x7f, 0xf1, 0x5c, 0x3, 0xeb, 0x0, 0xff, 0xe2,
    0xe8, 0x7, 0xca, 0x1, 0xff, 0xc5, 0x41, 0x0,
    0xf1, 0x10, 0x3, 0xff, 0x8a, 0x80, 0x1f, 0x28,
    0x7, 0xff, 0x17, 0xc0, 0x3e, 0xb0, 0xf, 0xfe,
    0x2a, 0x80, 0x7c, 0x62, 0x1, 0xff, 0xc5, 0x40,
    0xf, 0x9c, 0x3, 0xff, 0x8b, 0xa0, 0x1f, 0x68,
    0x7, 0xff, 0x15, 0xc0, 0x3e, 0x41,

    /* U+005D "]" */
    0x1, 0x1f, 0xfe, 0x18, 0x27, 0x77, 0xff, 0x10,
    0x3, 0xff, 0xfe, 0x1, 0xff, 0xcf, 0x4f, 0xff,
    0xa8, 0x3, 0xff, 0xfe, 0x1, 0xff, 0xff, 0x0,
    0xff, 0xff, 0x80, 0x7f, 0xff, 0xc0, 0x3f, 0xff,
    0xe0, 0x1f, 0xff, 0xf0, 0xf, 0xff, 0xf8, 0x7,
    0xff, 0xfc, 0x3, 0xff, 0xfe, 0x1, 0xff, 0xff,
    0x0, 0xff, 0xf2, 0x18, 0x7, 0xe4, 0xff, 0xfa,
    0x40, 0x3f, 0xff, 0xe0, 0x1f, 0xfd, 0x70,

    /* U+005E "^" */
    0x0, 0xff, 0xe1, 0x2f, 0xff, 0xb4, 0x3, 0xff,
    0xa3, 0x20, 0x1e, 0x25, 0x0, 0xff, 0xe7, 0xa1,
    0x80, 0x7d, 0x0, 0x1f, 0xfc, 0xf8, 0x0, 0xfc,
    0x4a, 0x1, 0xff, 0xcd, 0x43, 0x0, 0xfe, 0x90,
    0xf, 0xfe, 0x6c, 0x0, 0x7f, 0x8d, 0x0, 0x3f,
    0xf9, 0x66, 0x60, 0xf, 0xfa, 0x0, 0x3f, 0xf9,
    0x70, 0x1, 0xff, 0xc0, 0x34, 0x0, 0xff, 0xe4,
    0x9a, 0x0, 0x7f, 0xf0, 0x60, 0x3, 0xff, 0x93,
    0x0, 0x1f, 0xfc, 0x23, 0x30, 0x7, 0xff, 0x1c,
    0xd0, 0x3, 0xc5, 0x20, 0x1f, 0x40, 0x7, 0xff,
    0x1e, 0x40, 0x3e, 0xb6, 0x10, 0xf, 0x21, 0x80,
    0x7f, 0xf1, 0x49, 0x40, 0x3c, 0x2c, 0x12, 0x1,
    0xf4, 0x0, 0x7f, 0xf1, 0x60, 0x3, 0xe9, 0x0,
    0x30, 0x7, 0xc8, 0x60, 0x1f, 0xfc, 0x32, 0x50,
    0xf, 0x9c, 0x0, 0x2e, 0x1, 0xf4, 0x80, 0x7f,
    0xf0, 0xe0, 0x3, 0xe7, 0x0, 0xd2, 0x1, 0xf2,
    0x90, 0x7, 0xff, 0x4, 0x94, 0x3, 0xe9, 0x0,
    0xc2, 0xc0, 0x1f, 0x40, 0x7, 0xff, 0x6, 0xc0,
    0x3e, 0x61, 0x0, 0xeb, 0x0, 0xf9, 0x48, 0x3,
    0xfe, 0x16, 0x0, 0xfa, 0xc0, 0x3c, 0x4a, 0x1,
    0xf4, 0x0, 0x7f, 0xd0, 0x1, 0xf2, 0x90, 0x7,
    0xd2, 0x1, 0xf2, 0x90, 0x7, 0xf0, 0xb0, 0x7,
    0xd2, 0x1, 0xf8, 0xcc, 0x1, 0xf5, 0x80, 0x7f,
    0x48, 0x7, 0xc8, 0x60, 0x1f, 0xd0, 0x1, 0xf3,
    0x8, 0x7, 0xc2, 0xe0, 0x1f, 0x78, 0x7, 0xf9,
    0x8, 0x3, 0xe8, 0x0, 0xfa, 0x40, 0x3e, 0x34,
    0x0, 0xff, 0xa0, 0x3, 0xe6, 0x10, 0xe, 0x17,
    0x0, 0xfa, 0x40, 0x3f, 0xf8, 0xa, 0x20, 0x1f,
    0x48, 0x7, 0x30, 0x7, 0xc4, 0xa0, 0x1f, 0xfc,
    0x18, 0x0, 0xf9, 0xc4, 0x3, 0x48, 0x7, 0xd6,
    0x1, 0xff, 0xc2, 0x61, 0x0, 0xfa, 0x40, 0x27,
    0x10, 0xf, 0xb, 0x0, 0x7f, 0xf0, 0xe4, 0x3,
    0xe7, 0x10, 0x4, 0x80, 0x7d, 0x20, 0x1f, 0xfc,
    0x46, 0x0, 0xfd, 0x20, 0xe2, 0x1, 0xe1, 0x70,
    0xf, 0xfe, 0x20, 0xb0, 0x7, 0xcc, 0x0,

    /* U+005F "_" */
    0xcc, 0xff, 0xec, 0x19, 0xff, 0xf6, 0x0, 0x3f,
    0xff, 0x80,

    /* U+0060 "`" */
    0xa, 0xff, 0xfd, 0x80, 0x1f, 0xd4, 0x80, 0x1f,
    0x1c, 0x80, 0x7f, 0x59, 0x80, 0x7c, 0xca, 0x1,
    0xfd, 0x86, 0x1, 0xf5, 0x10, 0x7, 0xf6, 0x90,
    0x7, 0xde, 0x1, 0xfc, 0x38, 0x40, 0x1e, 0x2a,
    0x0, 0xfe, 0x1f, 0x10, 0xf, 0x2b, 0x0, 0x7f,
    0x16, 0x8, 0x7, 0xa4, 0xc0, 0x3f, 0x8b, 0x40,
    0x3e, 0xd1, 0x0, 0xfe, 0x3b, 0x0, 0xf0, 0xd0,
    0x7, 0xf9, 0x28, 0x3, 0xc8, 0xe0,

    /* U+0061 "a" */
    0x0, 0xff, 0x8d, 0xe7, 0x37, 0xbf, 0xee, 0xca,
    0x62, 0x0, 0xff, 0xe2, 0x8c, 0xf6, 0x43, 0x19,
    0x8, 0x4, 0x26, 0xb3, 0xb8, 0xa0, 0x1f, 0xfc,
    0x29, 0xe6, 0x10, 0xf, 0xfe, 0x11, 0xd6, 0x10,
    0x7, 0xf8, 0x71, 0x80, 0x3f, 0xf8, 0xe7, 0xa8,
    0x1, 0xf8, 0x70, 0xc0, 0x3f, 0xf9, 0x56, 0x60,
    0x1f, 0x51, 0x0, 0x7f, 0xf3, 0x34, 0x3, 0xc8,
    0x80, 0xf, 0xe5, 0x79, 0xa9, 0x84, 0x0, 0xfe,
    0x18, 0x0, 0xe8, 0x0, 0xfd, 0x1f, 0x50, 0xca,
    0xcf, 0x7c, 0xc0, 0x1f, 0x98, 0x3, 0x11, 0x80,
    0x7d, 0x6e, 0x1, 0xf8, 0x66, 0x0, 0x3e, 0x14,
    0x0, 0x90, 0x3, 0xe7, 0x40, 0xf, 0xf9, 0xcc,
    0x3, 0xec, 0x0, 0xb8, 0x40, 0x3d, 0x20, 0x1f,
    0xfc, 0x19, 0x0, 0xf8, 0xc0, 0x28, 0xef, 0xec,
    0xa8, 0x80, 0x80, 0x7f, 0xf0, 0x50, 0x3, 0xe5,
    0x0, 0xf0, 0x9a, 0xbb, 0x80, 0x3f, 0xf8, 0x42,
    0x20, 0xf, 0x8, 0x7, 0xff, 0x38, 0xc0, 0x3e,
    0x10, 0xf, 0xfe, 0x68, 0x80, 0x7c, 0x60, 0x1f,
    0xfd, 0x51, 0x0, 0xff, 0x89, 0xa2, 0xb3, 0x7b,
    0xff, 0xe3, 0x0, 0xff, 0xe2, 0x25, 0x76, 0xcb,
    0xa9, 0x90, 0x80, 0x7f, 0xf2, 0x9f, 0xad, 0x44,
    0x3, 0xff, 0x9e, 0x7d, 0x2, 0x1, 0xff, 0xd1,
    0x6c, 0x10, 0xf, 0xfe, 0x92, 0xc8, 0x7, 0xfc,
    0x26, 0xaa, 0x66, 0xf0, 0x80, 0x7f, 0xd, 0x0,
    0x7f, 0x2d, 0x77, 0x32, 0xa9, 0x33, 0xe2, 0x0,
    0xfe, 0xb0, 0xf, 0xc9, 0xd4, 0xa2, 0x1, 0xff,
    0xc7, 0x15, 0x0, 0xf9, 0x6c, 0x40, 0x3f, 0xf8,
    0x22, 0x1, 0xf9, 0x0, 0x3f, 0x58, 0x7, 0xff,
    0xc, 0xc0, 0x3f, 0x68, 0x7, 0xc8, 0x20, 0x1f,
    0xfc, 0x21, 0x10, 0x7, 0xe2, 0x0, 0xf8, 0x80,
    0x3f, 0xf8, 0x68, 0x1, 0xff, 0xc5, 0x10, 0xf,
    0xfe, 0x1c, 0x80, 0x7f, 0xf1, 0x48, 0x3, 0xff,
    0x84, 0x86, 0x1, 0xfc, 0x40, 0x1f, 0x20, 0x7,
    0xff, 0x4, 0x68, 0x3, 0xfd, 0xc0, 0x1f, 0xb,
    0x80, 0x7f, 0xc7, 0xe2, 0x1, 0xfe, 0x70, 0xf,
    0xd0, 0xe0, 0x1f, 0x8a, 0x70, 0x40, 0x3f, 0xe1,
    0x30, 0xf, 0xd1, 0xd4, 0xec, 0xf1, 0x5d, 0xac,
    0x1, 0xff, 0xc2, 0x80, 0xf, 0xe1, 0x58, 0x98,
    0x75, 0x10, 0xe, 0x24, 0x0, 0xfe, 0x45, 0x0,
    0xff, 0xe4, 0x16, 0x8, 0x7, 0xfa, 0x90, 0x3,
    0xff, 0x8c, 0x78, 0x20, 0x1f, 0xfc, 0xb, 0x60,
    0xf, 0xfe, 0x24, 0x60, 0x80, 0x7f, 0xf0, 0xa6,
    0xd0, 0x3, 0xff, 0x80, 0xba, 0xe0, 0x1f, 0xfc,
    0x54, 0xbd, 0x85, 0x21, 0x0, 0x9, 0x2c, 0xf5,
    0x10, 0x6, 0xaf, 0xff, 0x8c,

    /* U+0062 "b" */
    0x5f, 0xff, 0xb4, 0x3, 0xff, 0xfe, 0x1, 0xff,
    0xff, 0x0, 0xff, 0xff, 0x80, 0x7f, 0xff, 0xc0,
    0x3f, 0xff, 0xe0, 0x1f, 0xff, 0xf0, 0xf, 0xfe,
    0xc8, 0xb5, 0x6f, 0x7f, 0xbb, 0x29, 0x44, 0x3,
    0xff, 0x96, 0x55, 0xd2, 0xa4, 0x20, 0x1, 0x35,
    0xae, 0xa2, 0x0, 0xff, 0xe4, 0x46, 0xa8, 0x7,
    0xff, 0x1, 0x76, 0x0, 0x3f, 0xf8, 0xd6, 0xe0,
    0x1f, 0xfc, 0x47, 0xb0, 0xf, 0xfe, 0x26, 0x20,
    0x7, 0xff, 0x19, 0x30, 0x3, 0xff, 0x85, 0x46,
    0x1, 0xff, 0xc8, 0x39, 0x0, 0xff, 0xe0, 0x12,
    0x80, 0x7e, 0x11, 0x0, 0x7f, 0xf0, 0x19, 0x0,
    0x3f, 0xf8, 0xab, 0x5d, 0xfd, 0xcf, 0xb5, 0x0,
    0xff, 0x48, 0x7, 0xff, 0xc, 0xf6, 0x94, 0x40,
    0x32, 0x55, 0x88, 0x7, 0xe2, 0x60, 0xf, 0xfe,
    0xa, 0x61, 0x0, 0x7f, 0x26, 0x8, 0x7, 0xea,
    0x0, 0xff, 0xe0, 0x15, 0x80, 0x7f, 0xf0, 0xa,
    0xc0, 0x3f, 0x19, 0x0, 0x7f, 0xd2, 0x1, 0xff,
    0xc2, 0x53, 0x0, 0xfc, 0xa0, 0x1f, 0xe2, 0x40,
    0xf, 0xfe, 0x1c, 0x80, 0x7e, 0xc0, 0xf, 0xf5,
    0x0, 0x7f, 0xf1, 0x14, 0x40, 0x3e, 0x50, 0xf,
    0xf2, 0x0, 0x7f, 0xf1, 0x50, 0x3, 0xe1, 0x10,
    0x7, 0xf1, 0x80, 0x7f, 0xf1, 0x70, 0x3, 0xf2,
    0x80, 0x7e, 0x10, 0xf, 0xfe, 0x31, 0x0, 0x7e,
    0x10, 0xf, 0xc6, 0x1, 0xff, 0xc6, 0x60, 0xf,
    0xc6, 0x1, 0xf8, 0x40, 0x3f, 0xf8, 0xc6, 0x1,
    0xf8, 0x40, 0x3f, 0xf9, 0xe2, 0x1, 0xfb, 0xc0,
    0x3f, 0xfe, 0x82, 0x1, 0xfb, 0xc0, 0x3f, 0xf9,
    0xe6, 0x1, 0xf8, 0x40, 0x3f, 0x10, 0x7, 0xff,
    0x18, 0x40, 0x3f, 0x18, 0x7, 0xe1, 0x0, 0xff,
    0xe3, 0x28, 0x7, 0xe6, 0x0, 0xfe, 0x30, 0xf,
    0xfe, 0x2f, 0x80, 0x7e, 0x30, 0xf, 0xe4, 0x0,
    0xff, 0xe2, 0xb8, 0x7, 0xc4, 0x1, 0xfe, 0xb0,
    0xf, 0xfe, 0x22, 0x8, 0x7, 0xca, 0x1, 0xfe,
    0x34, 0x0, 0xff, 0xe1, 0xf0, 0x7, 0xec, 0x0,
    0xff, 0xa0, 0x3, 0xff, 0x84, 0x8a, 0x1, 0xf0,
    0xa0, 0x7, 0xfc, 0x70, 0x1, 0xff, 0xc0, 0x2a,
    0x0, 0xfc, 0xc0, 0x1f, 0xfc, 0x17, 0x90, 0xf,
    0xf1, 0xe0, 0x80, 0x7e, 0x90, 0xf, 0xfe, 0x13,
    0x6b, 0x90, 0x7, 0x25, 0x60, 0x80, 0x7e, 0x81,
    0x0, 0xff, 0xe1, 0x94, 0x6f, 0xee, 0x77, 0xda,
    0x80, 0x7f, 0x13, 0x80, 0x7f, 0xc4, 0x1, 0xf8,
    0x8c, 0x40, 0x3f, 0xe1, 0xf0, 0xf, 0xfe, 0x2,
    0x48, 0x7, 0xff, 0x27, 0x48, 0x3, 0xff, 0x82,
    0xd2, 0x1, 0xff, 0xc6, 0x1c, 0x30, 0xf, 0xfe,
    0x1b, 0x58, 0x80, 0x7f, 0xf0, 0xd3, 0xcc, 0x3,
    0xc2, 0x1, 0xfe, 0x4e, 0x71, 0x0, 0xff, 0x92,
    0xec, 0x20, 0x1f, 0x27, 0xff, 0xd2, 0x1, 0xa3,
    0xad, 0x8c, 0x40, 0x2, 0x4b, 0x3b, 0x68, 0x1,
    0xfc,

    /* U+0063 "c" */
    0x0, 0xff, 0xe0, 0xb, 0x4e, 0x77, 0xfd, 0xdb,
    0x4e, 0x60, 0x1f, 0xfc, 0x85, 0xce, 0x96, 0x31,
    0x0, 0x84, 0x96, 0x33, 0x54, 0x3, 0xff, 0x88,
    0x9b, 0x46, 0x1, 0xff, 0xc1, 0x2a, 0xd3, 0x0,
    0xff, 0xe0, 0xcd, 0x90, 0x7, 0xff, 0x14, 0xb1,
    0x40, 0x3f, 0xeb, 0x60, 0xf, 0xfe, 0x4d, 0x28,
    0x7, 0xf5, 0xa0, 0x7, 0xff, 0x2e, 0x8c, 0x3,
    0xe9, 0x40, 0xf, 0xf1, 0x1a, 0x18, 0x80, 0x7f,
    0xbc, 0x3, 0xc8, 0xc0, 0x1f, 0xd1, 0xdb, 0x97,
    0x9d, 0x88, 0x1, 0xf8, 0xd4, 0x3, 0xa4, 0x3,
    0xf1, 0x6b, 0x88, 0x7, 0x1d, 0xb0, 0x7, 0xe8,
    0x0, 0xcc, 0x40, 0x1f, 0x16, 0x10, 0x7, 0xf4,
    0x98, 0x7, 0xc4, 0x40, 0xa, 0xc0, 0x3f, 0x70,
    0x80, 0x7f, 0xde, 0x1, 0xfa, 0x80, 0x6, 0x40,
    0x1f, 0x31, 0x80, 0x7f, 0xf0, 0xc, 0xc0, 0x1f,
    0x20, 0x2, 0xc0, 0x3f, 0x58, 0x7, 0xff, 0xa,
    0xc0, 0x3e, 0x20, 0x2, 0x80, 0x7c, 0x64, 0x1,
    0xff, 0xc2, 0x40, 0x24, 0x79, 0xce, 0xe0, 0x0,
    0x80, 0x3e, 0x40, 0xf, 0xfe, 0x19, 0xfe, 0xdc,
    0x31, 0x88, 0x0, 0xc0, 0x3f, 0x60, 0x7, 0xff,
    0x35, 0x40, 0x3f, 0x30, 0x7, 0xff, 0x34, 0x40,
    0x3f, 0x10, 0x7, 0xff, 0x37, 0xc0, 0x3f, 0xfa,
    0xc2, 0x1, 0xf0, 0x80, 0x7f, 0xfe, 0x44, 0x3,
    0xff, 0x9c, 0x20, 0x1f, 0xfd, 0x6e, 0x0, 0xfc,
    0x20, 0x1f, 0xfc, 0xd3, 0x0, 0xfc, 0xa0, 0x1f,
    0xfc, 0xd7, 0x0, 0xfc, 0x60, 0x1f, 0xfc, 0x43,
    0x55, 0xf8, 0xc8, 0x3, 0xf6, 0x0, 0x7f, 0xf1,
    0x3e, 0xab, 0xeb, 0x4, 0x0, 0xf9, 0x4, 0x3,
    0xff, 0x86, 0x60, 0x1f, 0x68, 0x60, 0x7, 0xe9,
    0x0, 0xff, 0xe1, 0x28, 0x7, 0xe7, 0x6, 0x0,
    0xfc, 0xe2, 0x1, 0xff, 0xc1, 0x90, 0xf, 0x88,
    0x80, 0x28, 0x1, 0xfb, 0x40, 0x3f, 0xf8, 0xc,
    0x60, 0x1f, 0x28, 0x5, 0x0, 0x1f, 0x8f, 0x4,
    0x3, 0xf9, 0x64, 0x3, 0xf5, 0x0, 0x46, 0xa0,
    0x1f, 0x8f, 0xd8, 0x40, 0x38, 0xea, 0x80, 0x1f,
    0x98, 0x80, 0x35, 0x88, 0x7, 0xe1, 0x9e, 0xdb,
    0xb6, 0x76, 0x28, 0x7, 0xf4, 0x0, 0x70, 0xd0,
    0x7, 0xfc, 0x48, 0x83, 0x10, 0xf, 0xf5, 0x8,
    0x7, 0x92, 0x80, 0x3f, 0xf9, 0x90, 0xa0, 0x1f,
    0x97, 0x4, 0x3, 0xff, 0x93, 0xe, 0x1, 0xfe,
    0x3f, 0x50, 0xf, 0xfe, 0x31, 0x63, 0x80, 0x7f,
    0xf0, 0x6, 0xb5, 0x40, 0x3f, 0xf8, 0x47, 0x5a,
    0x60, 0x1f, 0xfc, 0x32, 0xaf, 0xb7, 0x42, 0x10,
    0x0, 0x91, 0xb4, 0xee, 0x28, 0x7, 0xe0,

    /* U+0064 "d" */
    0x0, 0xff, 0xe8, 0x7f, 0xfe, 0x20, 0xf, 0xff,
    0xf8, 0x7, 0xff, 0xfc, 0x3, 0xff, 0xfe, 0x1,
    0xff, 0xff, 0x0, 0xff, 0xff, 0x80, 0x7f, 0xff,
    0xc0, 0x30, 0xb5, 0x6f, 0x7f, 0xdd, 0x90, 0x80,
    0x1f, 0xfc, 0xb1, 0x9e, 0x95, 0x21, 0x0, 0x84,
    0xde, 0xfa, 0x0, 0x3f, 0xf9, 0xb, 0xec, 0x1,
    0xff, 0xc0, 0x17, 0xe4, 0x0, 0xff, 0xe2, 0xbd,
    0x8, 0x7, 0xff, 0xc, 0x6d, 0x80, 0x3f, 0xf8,
    0x6f, 0x0, 0x1f, 0xfc, 0x79, 0x60, 0xf, 0xfe,
    0xa, 0xc0, 0x7, 0xff, 0x26, 0x40, 0x3f, 0xf8,
    0x3, 0x60, 0x1f, 0xf2, 0x2b, 0x29, 0x80, 0x7f,
    0xf1, 0xe0, 0x40, 0x3f, 0xc, 0xfd, 0xd4, 0xd6,
    0x7d, 0x10, 0x7, 0xff, 0xc, 0xd8, 0x3, 0xf2,
    0x73, 0x0, 0x7c, 0xba, 0xc0, 0x1f, 0xfc, 0x29,
    0x0, 0xfc, 0x96, 0x1, 0xff, 0x4b, 0x80, 0x7f,
    0xf0, 0x54, 0x3, 0xf5, 0x0, 0x7f, 0xf0, 0x60,
    0xc0, 0x3f, 0xe5, 0x0, 0xfd, 0x2, 0x1, 0xff,
    0xc2, 0x80, 0xf, 0xfb, 0xc0, 0x3f, 0x30, 0x7,
    0xff, 0xd, 0x8, 0x3, 0xfc, 0x80, 0x1f, 0x20,
    0x80, 0x7f, 0xf1, 0x14, 0x3, 0xf8, 0x44, 0x1,
    0xf6, 0x0, 0x7f, 0xf1, 0x70, 0x3, 0xf9, 0x40,
    0x3f, 0x18, 0x7, 0xff, 0x15, 0x80, 0x3f, 0x88,
    0x3, 0xf3, 0x0, 0x7f, 0xf1, 0x48, 0x3, 0xf8,
    0x40, 0x3f, 0x18, 0x7, 0xff, 0x3f, 0xc0, 0x3f,
    0x8, 0x7, 0xff, 0x18, 0x40, 0x3f, 0x8, 0x7,
    0xff, 0xf4, 0x40, 0x3f, 0xfb, 0x1e, 0x1, 0xf8,
    0x40, 0x3f, 0xf8, 0xc2, 0x1, 0xf8, 0x40, 0x3f,
    0x18, 0x7, 0xff, 0x3c, 0x80, 0x3f, 0x30, 0x7,
    0xff, 0x14, 0x80, 0x3f, 0x94, 0x3, 0xf6, 0x0,
    0x7f, 0xf1, 0x50, 0x3, 0xf8, 0x44, 0x1, 0xf2,
    0x0, 0x7f, 0xf1, 0x7c, 0x3, 0xfc, 0xa0, 0x1f,
    0x19, 0x0, 0x7f, 0xf1, 0x18, 0x3, 0xfd, 0x80,
    0x1f, 0xac, 0x3, 0xff, 0x86, 0xe0, 0x1f, 0xf2,
    0x80, 0x7e, 0x63, 0x0, 0xff, 0xe0, 0x94, 0x0,
    0x7f, 0xc4, 0x60, 0x1f, 0xb8, 0x40, 0x3f, 0xe1,
    0xf0, 0xf, 0xfe, 0xd, 0x0, 0x7e, 0x2c, 0x20,
    0xf, 0xe4, 0xf2, 0x0, 0xff, 0xe0, 0xb1, 0x0,
    0x7e, 0x2d, 0x83, 0x0, 0xe5, 0xbb, 0x8, 0x7,
    0xff, 0xe, 0x40, 0x3f, 0xcf, 0x9d, 0xba, 0xef,
    0xa4, 0x0, 0xff, 0xe2, 0xa2, 0x80, 0x7f, 0xc2,
    0x44, 0x10, 0xf, 0xa0, 0x80, 0x3f, 0xf8, 0x14,
    0x60, 0x1f, 0xfc, 0x86, 0x70, 0xf, 0xfe, 0x16,
    0x18, 0x7, 0xff, 0x19, 0xa4, 0x3, 0xff, 0x89,
    0x8e, 0x1, 0xff, 0xc4, 0x99, 0x0, 0x7f, 0xf1,
    0xa3, 0x54, 0x3, 0xff, 0x80, 0xdc, 0xc0, 0x10,
    0x80, 0x7f, 0xf1, 0xa, 0xba, 0x54, 0xc4, 0x0,
    0x24, 0xb3, 0xd2, 0x20, 0x1b, 0x3f, 0xfe, 0x20,

    /* U+0065 "e" */
    0x0, 0xff, 0xe1, 0x89, 0xa2, 0xa1, 0x90, 0x7,
    0xff, 0x34, 0x5a, 0xfb, 0x99, 0x75, 0x79, 0xbf,
    0x90, 0x40, 0x1f, 0xfc, 0x72, 0xae, 0x94, 0x10,
    0xf, 0xc6, 0xfb, 0x88, 0x1, 0xff, 0xc4, 0x8d,
    0x50, 0xf, 0xfe, 0x19, 0xdd, 0x0, 0x7f, 0xf0,
    0x4b, 0x5c, 0x3, 0xff, 0x8e, 0xba, 0x40, 0x1f,
    0xe2, 0xc2, 0x0, 0xff, 0xe4, 0x96, 0x8, 0x7,
    0xe1, 0xc1, 0x0, 0xff, 0xe5, 0x8e, 0x80, 0x7e,
    0xd1, 0x0, 0xfc, 0xb3, 0xbd, 0xfd, 0xb2, 0x80,
    0x1f, 0x8e, 0x0, 0x3c, 0xe6, 0x1, 0xf1, 0xed,
    0x31, 0x8, 0x9, 0x35, 0xe1, 0x0, 0x7c, 0xe4,
    0x1, 0x86, 0x0, 0x3e, 0x4c, 0x20, 0xf, 0xe3,
    0xc2, 0x0, 0xfa, 0xc0, 0x34, 0x80, 0x7c, 0x34,
    0x1, 0xff, 0xc0, 0x1e, 0x0, 0xf9, 0x80, 0x33,
    0x0, 0x7d, 0x62, 0x1, 0xff, 0xc1, 0x35, 0x0,
    0xf9, 0x40, 0xa, 0x20, 0x1e, 0x25, 0x0, 0xff,
    0xe1, 0xf0, 0x7, 0xde, 0x0, 0xc0, 0xf, 0xa8,
    0x3, 0xff, 0x88, 0x80, 0x1f, 0x38, 0x1, 0xc0,
    0x3e, 0x50, 0xf, 0xfe, 0x29, 0x80, 0x78, 0x80,
    0x44, 0x1, 0xf1, 0x0, 0x7f, 0xf1, 0x58, 0x3,
    0xe3, 0x50, 0xf, 0x88, 0x3, 0xff, 0x8c, 0x60,
    0x1f, 0x39, 0x0, 0x7c, 0x59, 0x9f, 0xfc, 0x67,
    0x0, 0xf8, 0xb8, 0x3, 0xf1, 0x9f, 0xff, 0x18,
    0x40, 0x3f, 0xfb, 0xe2, 0x20, 0xf, 0xff, 0xf8,
    0x7, 0xff, 0x50, 0x40, 0x3e, 0x5f, 0xff, 0xfe,
    0x73, 0xf0, 0x7, 0xc2, 0x1, 0xff, 0xcf, 0x30,
    0xf, 0x98, 0x3, 0xff, 0x9e, 0xe0, 0x1f, 0x10,
    0x7, 0xff, 0x3c, 0x80, 0x3f, 0x20, 0x7, 0xff,
    0x3d, 0x0, 0x3e, 0xe0, 0xf, 0xfe, 0x2a, 0xaf,
    0xc8, 0x0, 0xd0, 0xf, 0x94, 0x40, 0x3f, 0xf8,
    0x67, 0x55, 0xf7, 0x80, 0x1c, 0x3, 0xf5, 0x80,
    0x7f, 0xf0, 0xe4, 0x3, 0xec, 0x0, 0xa, 0x80,
    0x7c, 0xaa, 0x0, 0xff, 0xe0, 0x9a, 0x80, 0x7c,
    0x80, 0x14, 0x80, 0x7e, 0xa5, 0x0, 0xff, 0x8b,
    0x40, 0x3e, 0x33, 0x0, 0x46, 0xa0, 0x1f, 0xaa,
    0xcc, 0x3, 0xe1, 0x7d, 0x10, 0xf, 0xa4, 0x3,
    0xac, 0x40, 0x3f, 0x26, 0x75, 0x4c, 0x42, 0x73,
    0xa0, 0x3, 0xf1, 0xa8, 0x7, 0xe, 0x80, 0x7f,
    0x85, 0x59, 0xdc, 0xc6, 0x1, 0xfe, 0xe0, 0xf,
    0x8e, 0xc0, 0x3f, 0xf9, 0xb6, 0x40, 0x1f, 0x93,
    0x4, 0x3, 0xff, 0x95, 0x68, 0x1, 0xfe, 0x3f,
    0x60, 0xf, 0xfe, 0x3a, 0x72, 0x0, 0x7f, 0xf0,
    0x6, 0x75, 0x84, 0x3, 0xff, 0x84, 0xb7, 0x61,
    0x0, 0xff, 0xe1, 0x94, 0xf5, 0xc2, 0x98, 0x80,
    0x42, 0x48, 0xf5, 0xd4, 0x80, 0x1f, 0x80,

    /* U+0066 "f" */
    0x0, 0xff, 0xe1, 0xa2, 0xbb, 0xcc, 0x84, 0x1,
    0xff, 0xc3, 0x6c, 0xfb, 0xa8, 0x8a, 0x6f, 0x7e,
    0xc4, 0x3, 0xfc, 0x9d, 0x26, 0x1, 0xfe, 0x40,
    0xf, 0xf3, 0xd8, 0x80, 0x7f, 0xf0, 0x4, 0x40,
    0x1f, 0x9a, 0x0, 0x3f, 0xf8, 0x4a, 0x1, 0xf8,
    0xa4, 0x3, 0xff, 0x87, 0x80, 0x1f, 0xa0, 0x3,
    0xff, 0x88, 0x60, 0x1f, 0x12, 0x80, 0x7e, 0x29,
    0xde, 0xe6, 0xd3, 0x28, 0x7, 0xc8, 0x1, 0xf9,
    0x75, 0x88, 0x44, 0x4b, 0x22, 0x1, 0xf6, 0x0,
    0x7c, 0x54, 0x1, 0xff, 0xc4, 0x70, 0xf, 0xa8,
    0x3, 0xff, 0x8a, 0x60, 0x1f, 0x18, 0x7, 0xff,
    0x14, 0x40, 0x3e, 0x70, 0xf, 0xff, 0x9e, 0xff,
    0xf0, 0x7, 0xec, 0xff, 0xfc, 0x80, 0x1f, 0xff,
    0xf0, 0xf, 0xff, 0x6d, 0x3b, 0xf0, 0x7, 0xe5,
    0x77, 0xfc, 0xc0, 0x7, 0x88, 0xe0, 0xf, 0xd3,
    0x11, 0xf8, 0x80, 0x3f, 0xff, 0xe0, 0x1f, 0xff,
    0xf0, 0xf, 0xff, 0xf8, 0x7, 0xff, 0xfc, 0x3,
    0xff, 0xfe, 0x1, 0xff, 0xff, 0x0, 0xff, 0xff,
    0x80, 0x7f, 0xff, 0xc0, 0x3f, 0xff, 0xe0, 0x1f,
    0xff, 0xf0, 0xf, 0xfe, 0xd7, 0xff, 0xe3, 0x0,
    0xff, 0x80,

    /* U+0067 "g" */
    0x0, 0xff, 0x8d, 0xef, 0x7f, 0xee, 0xb8, 0x30,
    0xf, 0xfe, 0x63, 0x6e, 0x42, 0x10, 0x4, 0x28,
    0xf9, 0xac, 0x1, 0xa7, 0x77, 0xe3, 0x0, 0xf8,
    0xf6, 0x48, 0x3, 0xfe, 0x29, 0xc1, 0x0, 0x29,
    0x17, 0xc0, 0x1f, 0x36, 0x10, 0x7, 0xff, 0xc,
    0xfc, 0xc0, 0x3f, 0xf8, 0x6f, 0x20, 0x1f, 0xfc,
    0x61, 0xc3, 0x0, 0xff, 0xe0, 0xac, 0x0, 0x7f,
    0xf2, 0x74, 0x40, 0x3f, 0xe2, 0xa0, 0xf, 0xfe,
    0x1, 0x19, 0x0, 0x7c, 0x24, 0x1, 0xff, 0x70,
    0x7, 0xf9, 0xb3, 0xf7, 0x37, 0xf1, 0xc0, 0x3f,
    0xf8, 0x8a, 0x60, 0x1f, 0x8b, 0x64, 0xc0, 0x38,
    0xe3, 0x94, 0x3, 0xff, 0x85, 0x20, 0x1f, 0x8b,
    0x8, 0x3, 0xf8, 0x69, 0x40, 0x3f, 0xf8, 0x6,
    0x60, 0xf, 0xde, 0x20, 0x1f, 0xfc, 0xa, 0x20,
    0xf, 0xfa, 0xc0, 0x3f, 0x41, 0x0, 0x7f, 0xf0,
    0xa4, 0x3, 0xfe, 0x50, 0xf, 0xcc, 0x1, 0xff,
    0xc3, 0x41, 0x0, 0xff, 0x10, 0x7, 0xc8, 0x20,
    0x1f, 0xfc, 0x46, 0x0, 0xfe, 0x30, 0xf, 0xd8,
    0x1, 0xff, 0xc5, 0xd0, 0xf, 0xe5, 0x0, 0xfc,
    0x80, 0x1f, 0xfc, 0x57, 0x0, 0xfe, 0x10, 0xf,
    0xc4, 0x1, 0xff, 0xc5, 0x20, 0xf, 0xef, 0x0,
    0xfc, 0x20, 0x1f, 0xfc, 0xf1, 0x0, 0xff, 0xe7,
    0x88, 0x7, 0xff, 0xfc, 0x3, 0xe1, 0x0, 0xfc,
    0x20, 0x1f, 0xfc, 0x61, 0x0, 0xfd, 0xc0, 0x1f,
    0x88, 0x3, 0xff, 0x8a, 0x20, 0x1f, 0xc6, 0x1,
    0xf9, 0x40, 0x3f, 0xf8, 0xaa, 0x1, 0xfc, 0xe0,
    0x1f, 0xb0, 0x3, 0xff, 0x8b, 0x80, 0x1f, 0xc4,
    0x1, 0xf9, 0x40, 0x3f, 0xf8, 0xaa, 0x1, 0xfe,
    0x40, 0xf, 0xcc, 0x1, 0xff, 0xc3, 0x42, 0x0,
    0xff, 0x68, 0x7, 0xe8, 0x0, 0xff, 0xe1, 0xc8,
    0x7, 0xfc, 0xe0, 0x1f, 0x86, 0x80, 0x3f, 0xf8,
    0x34, 0x40, 0x1f, 0xf0, 0xa8, 0x7, 0xe5, 0xa0,
    0xf, 0xf0, 0xda, 0x80, 0x7f, 0xf0, 0x60, 0x3,
    0xf9, 0x75, 0x40, 0x3c, 0x4f, 0xc8, 0x1, 0xff,
    0xc2, 0x26, 0x0, 0xfe, 0x2a, 0xfc, 0xaa, 0x5e,
    0xea, 0x0, 0x3f, 0xf8, 0xb2, 0x40, 0x1f, 0xf1,
    0xaa, 0x90, 0x80, 0x3c, 0xa0, 0x1f, 0xfc, 0x1f,
    0x10, 0xf, 0xfe, 0x41, 0xd0, 0x7, 0xff, 0x4,
    0xb0, 0x40, 0x3f, 0xf8, 0xc7, 0xa0, 0x1f, 0xfc,
    0x32, 0xf5, 0x0, 0xff, 0xe2, 0x36, 0x8, 0x7,
    0xf0, 0x80, 0x78, 0x6a, 0xcc, 0x3, 0xff, 0x80,
    0x99, 0x20, 0x1f, 0xfc, 0x84, 0xcd, 0x95, 0x21,
    0x0, 0x9, 0x2c, 0xf5, 0x98, 0x4, 0x20, 0x1f,
    0x88, 0x3, 0xfc, 0x4d, 0x5b, 0xdf, 0xee, 0xda,
    0x61, 0x0, 0xe3, 0x0, 0xff, 0xec, 0x30, 0x7,
    0xc4, 0x1, 0xff, 0xd0, 0x30, 0xf, 0x9c, 0x2,
    0x11, 0xfc, 0x1, 0xff, 0xc5, 0xc0, 0xf, 0xb4,
    0x2, 0xee, 0xfc, 0x80, 0x1f, 0xfc, 0x31, 0x40,
    0xf, 0x90, 0x2, 0x30, 0xf, 0xb4, 0x3, 0xff,
    0x86, 0xc0, 0x1f, 0x8c, 0x2, 0x50, 0xf, 0x98,
    0x40, 0x3f, 0xf8, 0x25, 0x0, 0x1f, 0x28, 0x6,
    0xd0, 0xf, 0xda, 0x1, 0xff, 0xc0, 0x2f, 0x0,
    0xfd, 0x20, 0x19, 0x4, 0x3, 0xe3, 0xd5, 0x0,
    0xfc, 0x2f, 0xa4, 0x1, 0xf1, 0x98, 0x3, 0xa4,
    0x3, 0xf1, 0x57, 0xed, 0x4c, 0xd5, 0xbd, 0x0,
    0x1f, 0xde, 0x1, 0xe7, 0x30, 0xf, 0xf1, 0x2b,
    0x34, 0xa4, 0x1, 0xfe, 0x73, 0x0, 0xfb, 0x84,
    0x3, 0xff, 0x9a, 0x90, 0x1, 0xf8, 0xb0, 0x80,
    0x3f, 0xf9, 0x6b, 0x60, 0x1f, 0xe2, 0xc5, 0x0,
    0xff, 0xe4, 0xd, 0x50, 0x3, 0xff, 0x80, 0x35,
    0xac, 0x20, 0x1f, 0xfc, 0x32, 0x9e, 0x50, 0xf,
    0xfe, 0x19, 0x4f, 0x64, 0xb2, 0x10, 0x80, 0x61,
    0x36, 0x9d, 0xd3, 0x0, 0x7f, 0x0,

    /* U+0068 "h" */
    0x5f, 0xff, 0xb4, 0x3, 0xff, 0xfe, 0x1, 0xff,
    0xff, 0x0, 0xff, 0xff, 0x80, 0x7f, 0xff, 0xc0,
    0x3f, 0xff, 0xe0, 0x1f, 0xff, 0xe4, 0x9c, 0xef,
    0xf7, 0x65, 0x28, 0x80, 0x7f, 0xf2, 0x63, 0xad,
    0x8c, 0x40, 0x2, 0x6b, 0x5d, 0x22, 0x1, 0xff,
    0xc5, 0x5e, 0x71, 0x0, 0xff, 0x9b, 0x90, 0x3,
    0xff, 0x87, 0x14, 0x20, 0x1f, 0xfc, 0x3b, 0x50,
    0xf, 0xfe, 0xc, 0xb8, 0x7, 0xff, 0x1a, 0x88,
    0x3, 0xfe, 0x76, 0x0, 0xff, 0xe4, 0x48, 0x7,
    0xf8, 0xa0, 0x3, 0xff, 0x92, 0x84, 0x1, 0xff,
    0xc3, 0x17, 0xce, 0xff, 0x6c, 0x8, 0x7, 0xf5,
    0x80, 0x7f, 0xf0, 0xa3, 0xa0, 0xc4, 0x0, 0x4f,
    0xc8, 0x1, 0xf9, 0x0, 0x3f, 0xf8, 0x5, 0xae,
    0x1, 0xfd, 0x62, 0x1, 0xf1, 0x8, 0x7, 0xf8,
    0x7c, 0x80, 0x3f, 0xe9, 0x0, 0xfc, 0xa0, 0x1f,
    0xea, 0x20, 0xf, 0xfe, 0x3, 0x0, 0x7e, 0x10,
    0xf, 0xe3, 0x40, 0xf, 0xfe, 0x8, 0x88, 0x3,
    0xe3, 0x0, 0xfe, 0x90, 0xf, 0xfe, 0x19, 0x0,
    0x7c, 0x20, 0x1f, 0xca, 0x1, 0xff, 0xc3, 0x70,
    0xf, 0xbc, 0x3, 0xf0, 0x80, 0x7f, 0xf5, 0x4c,
    0x3, 0xff, 0xfe, 0x1, 0xff, 0xff, 0x0, 0xff,
    0xff, 0x80, 0x7f, 0xff, 0xc0, 0x3f, 0xff, 0xe0,
    0x1f, 0xff, 0xf0, 0xf, 0xff, 0xf8, 0x7, 0xff,
    0xfc, 0x3, 0xff, 0xfe, 0x1, 0xff, 0xf4, 0x10,
    0xf, 0x84, 0x3, 0xff, 0x88, 0x20, 0x1f, 0x78,

    /* U+0069 "i" */
    0x6f, 0xff, 0xc2, 0x1, 0xff, 0xfa, 0x7c, 0xcf,
    0xc2, 0x23, 0x3f, 0xc0, 0x1f, 0xfd, 0xd3, 0xdd,
    0xfb, 0x1, 0xc8, 0xbe, 0x30, 0xf, 0xff, 0xf8,
    0x7, 0xff, 0xfc, 0x3, 0xff, 0xfe, 0x1, 0xff,
    0xff, 0x0, 0xff, 0xf8, 0x80,

    /* U+006A "j" */
    0x0, 0xff, 0x37, 0xff, 0xe1, 0x0, 0xff, 0xff,
    0x80, 0x7f, 0xff, 0xdf, 0x33, 0xf0, 0x80, 0x7f,
    0x84, 0xcf, 0xf0, 0x7, 0xff, 0xfc, 0x3, 0xff,
    0x88, 0x7d, 0xdf, 0x80, 0x3f, 0xe7, 0x11, 0xfc,
    0x1, 0xff, 0xff, 0x0, 0xff, 0xff, 0x80, 0x7f,
    0xff, 0xc0, 0x3f, 0xff, 0xe0, 0x1f, 0xff, 0xf0,
    0xf, 0xff, 0xf8, 0x7, 0xff, 0xfc, 0x3, 0xff,
    0xfe, 0x1, 0xff, 0xff, 0x0, 0xff, 0xfa, 0x8,
    0x7, 0xfc, 0x40, 0x1f, 0x18, 0x7, 0xfd, 0xc0,
    0x1f, 0x8, 0x7, 0xfc, 0xa0, 0x1f, 0x30, 0x7,
    0xf9, 0x8, 0x3, 0xed, 0x0, 0x1a, 0x8, 0x6,
    0x5a, 0x0, 0xfc, 0x60, 0xa, 0xbe, 0xfe, 0xdf,
    0xa1, 0x0, 0xf8, 0x50, 0x0, 0xa0, 0x10, 0x90,
    0x7, 0xf9, 0xc0, 0x23, 0x0, 0xff, 0xe1, 0xc0,
    0x0, 0x80, 0x3f, 0xf8, 0x72, 0x20, 0x7, 0x0,
    0xff, 0xe1, 0x43, 0x0, 0x5a, 0x1, 0xff, 0xc0,
    0x3b, 0x70, 0xd, 0x1b, 0x2a, 0x62, 0x1, 0x11,
    0xbd, 0xe2, 0x0, 0x70,

    /* U+006B "k" */
    0x5f, 0xff, 0xa8, 0x3, 0xff, 0xfe, 0x1, 0xff,
    0xff, 0x0, 0xff, 0xff, 0x80, 0x7f, 0xff, 0xc0,
    0x3f, 0xff, 0xe0, 0x1f, 0xff, 0xf0, 0xf, 0xff,
    0xcd, 0x77, 0x7e, 0xa0, 0xf, 0xfe, 0x60, 0xe2,
    0x88, 0xfc, 0xb4, 0x1, 0xff, 0xcb, 0x1c, 0x30,
    0xf, 0x92, 0xc0, 0x3f, 0xf9, 0x65, 0xe4, 0x1,
    0xf2, 0xd8, 0x7, 0xff, 0x2c, 0xf0, 0x40, 0x3e,
    0x6a, 0x0, 0xff, 0xe5, 0xa6, 0x8, 0x7, 0xcd,
    0x20, 0x1f, 0xfc, 0xb5, 0xb0, 0xf, 0xcf, 0x20,
    0x1f, 0xfc, 0xb6, 0xa0, 0xf, 0xd1, 0x0, 0xf,
    0xfe, 0x5b, 0xc8, 0x7, 0xe9, 0x70, 0xf, 0xfe,
    0x5c, 0xc0, 0x7, 0xe9, 0x60, 0xf, 0xfe, 0x5d,
    0x30, 0x7, 0xea, 0x60, 0xf, 0xfe, 0x5d, 0xa8,
    0x7, 0xeb, 0x50, 0xf, 0xfe, 0x50, 0xe2, 0x0,
    0x7e, 0xb4, 0x0, 0xff, 0xe5, 0xe, 0x18, 0x7,
    0xe1, 0x50, 0xf, 0xfe, 0x53, 0x79, 0x0, 0x7f,
    0xc, 0x0, 0x7f, 0xf2, 0x8c, 0x40, 0x3f, 0xe6,
    0x30, 0xf, 0xfe, 0xbf, 0x80, 0x7f, 0xf5, 0xcd,
    0x40, 0x3f, 0xf9, 0xa5, 0xc6, 0x1, 0xf5, 0x80,
    0x7f, 0xf3, 0xf, 0x7, 0xc0, 0x3e, 0x18, 0x0,
    0xff, 0xe5, 0x26, 0x8, 0x1b, 0x0, 0x7c, 0xe4,
    0x1, 0xff, 0xc8, 0x6b, 0x0, 0xd0, 0x1, 0xfa,
    0x40, 0x3f, 0xf8, 0xef, 0x20, 0x1c, 0x30, 0x1,
    0xf2, 0x28, 0x7, 0xff, 0x15, 0x20, 0x3, 0xe7,
    0x20, 0xf, 0xa0, 0x3, 0xff, 0x8a, 0x20, 0x1f,
    0xd2, 0x1, 0xf1, 0x38, 0x7, 0xff, 0x39, 0x10,
    0x1, 0xf4, 0x10, 0x7, 0xff, 0x3a, 0x40, 0x3f,
    0x40, 0x7, 0xff, 0x38, 0x98, 0x3, 0xe5, 0x40,
    0xf, 0xfe, 0x74, 0x8, 0x7, 0xd2, 0x1, 0xff,
    0xce, 0x18, 0x0, 0xf8, 0x9c, 0x3, 0xff, 0x9c,
    0xc4, 0x1, 0xf4, 0x8, 0x7, 0xff, 0x3a, 0x40,
    0x3f, 0x58, 0x7, 0xff, 0x39, 0x10, 0x1, 0xf2,
    0x98, 0x7, 0xff, 0x3a, 0x40, 0x3f, 0x78, 0x7,
    0xff, 0x38, 0x9c, 0x3, 0xe3, 0x60, 0xf, 0xfe,
    0x74, 0x8, 0x7, 0xd0, 0x20, 0x1f, 0xfc, 0xe8,
    0x0, 0xf8, 0x60, 0x4, 0x3, 0xff, 0x98, 0xc6,
    0x1, 0xf3, 0x10,

    /* U+006C "l" */
    0x4f, 0xff, 0xc0, 0x1f, 0xff, 0xf0, 0xf, 0xff,
    0xf8, 0x7, 0xff, 0xfc, 0x3, 0xff, 0xfe, 0x1,
    0xff, 0xff, 0x0, 0xff, 0xff, 0xb8, 0x7, 0xc2,

    /* U+006D "m" */
    0x0, 0xff, 0xe2, 0x2c, 0x56, 0x6e, 0x5c, 0x20,
    0x7, 0xff, 0x4, 0xde, 0xb3, 0x72, 0xe5, 0x44,
    0x3, 0xe4, 0xdd, 0xf9, 0xc0, 0x30, 0xcf, 0xd3,
    0xa9, 0x91, 0xa3, 0xde, 0xa0, 0x7, 0xf3, 0xf6,
    0x42, 0x99, 0x1a, 0x35, 0x74, 0x88, 0x7, 0x9,
    0x17, 0xdc, 0x1, 0x2f, 0xb0, 0x7, 0xf8, 0xad,
    0xc0, 0x3c, 0x9d, 0x2, 0x1, 0xfe, 0x6e, 0x40,
    0xf, 0xfe, 0x1c, 0xd0, 0x80, 0x7f, 0xf0, 0x61,
    0xc0, 0x33, 0xd8, 0x80, 0x7f, 0xf0, 0xad, 0x40,
    0x3f, 0xf8, 0x32, 0xc0, 0x1f, 0xfc, 0x48, 0x30,
    0x4, 0xc0, 0x7, 0xff, 0x16, 0xc4, 0x3, 0xfe,
    0x86, 0x0, 0xff, 0xe3, 0x78, 0x43, 0x0, 0x7f,
    0xf1, 0x86, 0x0, 0x3f, 0xc8, 0xe0, 0x1f, 0xfc,
    0x73, 0x87, 0x0, 0xff, 0xe4, 0x30, 0x7, 0xf8,
    0x80, 0x38, 0xe7, 0x7f, 0xad, 0x0, 0x3f, 0x9c,
    0x3, 0x8a, 0x33, 0xbf, 0xa8, 0xc0, 0x3f, 0x94,
    0x3, 0xff, 0x82, 0x59, 0x86, 0x20, 0x14, 0xb7,
    0x0, 0xff, 0xe0, 0xc6, 0xb9, 0x88, 0xa, 0xe2,
    0x0, 0x7e, 0xc0, 0xf, 0xfe, 0x2, 0x69, 0x80,
    0x7d, 0x6, 0x1, 0xff, 0x63, 0x80, 0x7e, 0x90,
    0xf, 0xca, 0x1, 0xff, 0x1d, 0x80, 0x7f, 0xa4,
    0x3, 0xfd, 0x46, 0x1, 0xfc, 0x48, 0x1, 0xf1,
    0x80, 0x7f, 0xdc, 0x1, 0xff, 0x20, 0x7, 0xf2,
    0x28, 0x7, 0xfd, 0x80, 0x1f, 0xfc, 0x66, 0x20,
    0xf, 0xf8, 0x44, 0x1, 0xfa, 0x0, 0x3f, 0xf8,
    0x6, 0x1, 0xf8, 0x40, 0x3f, 0xa8, 0x3, 0xff,
    0x82, 0x40, 0x1f, 0x9, 0x80, 0x7f, 0xf0, 0x18,
    0x3, 0xf1, 0x80, 0x7f, 0x18, 0x7, 0xff, 0x25,
    0x0, 0x3f, 0xf8, 0x26, 0x1, 0xff, 0xc5, 0x10,
    0xf, 0xfe, 0x13, 0x80, 0x7c, 0x40, 0x1f, 0xfc,
    0x11, 0x0, 0xff, 0xe2, 0x98, 0x7, 0xff, 0xfc,
    0x3, 0xff, 0xfe, 0x1, 0xff, 0xff, 0x0, 0xff,
    0xff, 0x80, 0x7f, 0xff, 0xc0, 0x3f, 0xff, 0xe0,
    0x1f, 0xff, 0xf0, 0xf, 0xff, 0xf8, 0x7, 0xff,
    0xfc, 0x3, 0xff, 0xfe, 0x1, 0xff, 0xff, 0x0,
    0xff, 0xff, 0x80, 0x7f, 0xff, 0xc0, 0x3f, 0xff,
    0xe0, 0x1f, 0xff, 0xf0, 0xf, 0xff, 0xf8, 0x7,
    0xff, 0xb0,

    /* U+006E "n" */
    0x0, 0xff, 0xe2, 0x24, 0xe7, 0x7f, 0xbb, 0x29,
    0x44, 0x3, 0xe4, 0xdd, 0xf9, 0xc0, 0x39, 0xfa,
    0xd8, 0xc4, 0x0, 0x26, 0xb5, 0xd2, 0x20, 0x1c,
    0x24, 0x5f, 0x70, 0x4, 0x9d, 0x2, 0x1, 0xff,
    0x37, 0x20, 0x7, 0xff, 0xd, 0xec, 0x40, 0x3f,
    0xf8, 0x76, 0xa0, 0x1f, 0xfc, 0x18, 0x80, 0x7,
    0xff, 0x1a, 0x88, 0x3, 0xfe, 0x77, 0x0, 0x7f,
    0xf2, 0x24, 0x3, 0xfc, 0x90, 0x1, 0xff, 0xc9,
    0x42, 0x0, 0xfe, 0x20, 0xe, 0x27, 0xce, 0xff,
    0x6c, 0x8, 0x7, 0xf5, 0x80, 0x7f, 0xf0, 0xa7,
    0x60, 0xc4, 0x0, 0x4f, 0xc8, 0x1, 0xf9, 0x0,
    0x3f, 0xf8, 0x5, 0xac, 0x1, 0xfd, 0x62, 0x1,
    0xf1, 0x8, 0x7, 0xf8, 0x7c, 0x80, 0x3f, 0xe9,
    0x0, 0xfc, 0xa0, 0x1f, 0xeb, 0x20, 0xf, 0xfe,
    0x3, 0x0, 0x7e, 0x10, 0xf, 0xe3, 0x50, 0xf,
    0xfe, 0x8, 0x88, 0x3, 0xe3, 0x0, 0xfe, 0x90,
    0xf, 0xfe, 0x19, 0x0, 0x7c, 0x20, 0x1f, 0xca,
    0x1, 0xff, 0xc3, 0x70, 0xf, 0xbc, 0x3, 0xf0,
    0x80, 0x7f, 0xf5, 0x4c, 0x3, 0xff, 0xfe, 0x1,
    0xff, 0xff, 0x0, 0xff, 0xff, 0x80, 0x7f, 0xff,
    0xc0, 0x3f, 0xff, 0xe0, 0x1f, 0xff, 0xf0, 0xf,
    0xff, 0xf8, 0x7, 0xff, 0xfc, 0x3, 0xff, 0xfe,
    0x1, 0xff, 0xff, 0x0, 0xff, 0xe5, 0x80,

    /* U+006F "o" */
    0x0, 0xff, 0xe0, 0xa, 0xc5, 0xef, 0x7f, 0xbb,
    0x6e, 0x10, 0x3, 0xff, 0x96, 0x95, 0xd4, 0xe8,
    0x42, 0x0, 0x12, 0x47, 0xbf, 0xa3, 0x0, 0xff,
    0xe3, 0x16, 0x5a, 0x80, 0x7f, 0xf0, 0x97, 0x2c,
    0x80, 0x3f, 0xf8, 0x6f, 0xa6, 0x1, 0xff, 0xc6,
    0x4d, 0x60, 0xf, 0xfe, 0xd, 0x40, 0x7, 0xff,
    0x2a, 0x64, 0x1, 0xff, 0x52, 0x80, 0x7f, 0xf3,
    0x1a, 0x40, 0x3f, 0xa1, 0x40, 0x3f, 0xe2, 0x43,
    0x20, 0xf, 0xf9, 0x98, 0x1, 0xf1, 0xb8, 0x7,
    0xf3, 0x67, 0xed, 0xe6, 0xfd, 0xa0, 0x7, 0xf4,
    0x90, 0x7, 0xb8, 0x3, 0xf1, 0x64, 0x98, 0x7,
    0x92, 0xec, 0x20, 0x1f, 0xa4, 0x3, 0x98, 0x80,
    0x3e, 0x1c, 0x30, 0xf, 0xf2, 0x68, 0x7, 0xe4,
    0x30, 0xd, 0x60, 0x1f, 0xb0, 0x40, 0x3f, 0xf8,
    0x7, 0x20, 0x1f, 0xa0, 0x2, 0x32, 0x0, 0xf9,
    0x88, 0x3, 0xff, 0x84, 0xc4, 0x1, 0xf2, 0x8,
    0x2, 0xc0, 0x3f, 0x58, 0x7, 0xff, 0x12, 0x0,
    0x3f, 0x38, 0x1, 0x40, 0x3e, 0x32, 0x0, 0xff,
    0xe2, 0x28, 0x7, 0xec, 0x1, 0x20, 0xf, 0xac,
    0x3, 0xff, 0x8c, 0x80, 0x1f, 0x38, 0x28, 0x7,
    0xe3, 0x0, 0xff, 0xe3, 0x18, 0x7, 0xc4, 0x4,
    0x1, 0xf9, 0x40, 0x3f, 0xf8, 0xda, 0x1, 0xf8,
    0x84, 0x3, 0xf0, 0x80, 0x7f, 0xf1, 0x98, 0x3,
    0xf3, 0x78, 0x7, 0xff, 0x3c, 0x40, 0x3f, 0x8,
    0x80, 0x3e, 0x10, 0xf, 0xfe, 0x81, 0x80, 0x7f,
    0xf6, 0x4c, 0x3, 0xf0, 0x80, 0x7f, 0xf1, 0xc4,
    0x3, 0xf8, 0x40, 0x3f, 0xfb, 0x3, 0xc0, 0x1f,
    0x88, 0x3, 0xff, 0x8c, 0xc0, 0x1f, 0x98, 0x80,
    0x3f, 0x30, 0x7, 0xff, 0x1b, 0x40, 0x3f, 0x13,
    0x0, 0x7e, 0x30, 0xf, 0xfe, 0x31, 0x80, 0x7c,
    0x40, 0x42, 0x1, 0xf5, 0x80, 0x7f, 0xf1, 0x45,
    0x0, 0x3e, 0x40, 0x2, 0x0, 0x7c, 0x64, 0x1,
    0xff, 0xc4, 0x70, 0xf, 0xd8, 0x0, 0xc0, 0xf,
    0xd6, 0x1, 0xff, 0xc4, 0xb0, 0xf, 0xca, 0x0,
    0x60, 0xf, 0xcc, 0x40, 0x1f, 0xfc, 0x26, 0x20,
    0xf, 0x98, 0x3, 0x30, 0x7, 0xef, 0x10, 0xf,
    0xfe, 0x1, 0xc8, 0x7, 0xeb, 0x0, 0xd6, 0x1,
    0xf8, 0xb4, 0x80, 0x3f, 0xcb, 0xa0, 0x1f, 0x98,
    0x80, 0x31, 0x38, 0x7, 0xe3, 0xd8, 0x30, 0xf,
    0x25, 0xd0, 0x80, 0x7c, 0x30, 0x1, 0xe8, 0x30,
    0xf, 0xe7, 0xce, 0xdb, 0xcd, 0xfb, 0x40, 0xf,
    0xea, 0x10, 0xf, 0xb4, 0x40, 0x3f, 0xc2, 0x48,
    0x64, 0x1, 0xff, 0x4a, 0x0, 0x7e, 0x1c, 0x10,
    0xf, 0xfe, 0x64, 0x30, 0x7, 0xf8, 0xbc, 0xc0,
    0x3f, 0xf9, 0x23, 0x6e, 0x1, 0xff, 0xc0, 0x1c,
    0x80, 0xf, 0xfe, 0x3a, 0xfa, 0x0, 0x7f, 0xf0,
    0xdf, 0xa0, 0x80, 0x3f, 0xf8, 0x4d, 0xb4, 0x20,
    0x1f, 0xfc, 0x51, 0x7d, 0xd4, 0xa9, 0x88, 0x4,
    0x24, 0x8f, 0x7f, 0x24, 0x1, 0xfe,

    /* U+0070 "p" */
    0x0, 0xff, 0xe1, 0x8b, 0x56, 0xf7, 0xfb, 0xb2,
    0x54, 0x40, 0x3f, 0xcb, 0xff, 0xf4, 0x0, 0x62,
    0xae, 0x95, 0x21, 0x0, 0x9, 0xb5, 0x75, 0x10,
    0x7, 0xe3, 0x0, 0xf8, 0x40, 0x27, 0xd5, 0x0,
    0xff, 0xe0, 0x2e, 0xb8, 0x7, 0xff, 0x1a, 0xa0,
    0x3, 0xff, 0x89, 0x16, 0x1, 0xff, 0xc4, 0xb5,
    0x0, 0xff, 0xe3, 0x26, 0x0, 0x7f, 0xf0, 0xa9,
    0x0, 0x3f, 0xf9, 0x7, 0x40, 0x1f, 0xfc, 0x7,
    0x50, 0xf, 0xc2, 0x20, 0xf, 0xfe, 0x2, 0xa8,
    0x3, 0xfe, 0x10, 0xe, 0x49, 0xef, 0xee, 0x7d,
    0xa8, 0x7, 0xfa, 0xc0, 0x3f, 0xf8, 0x63, 0x76,
    0x61, 0x0, 0xc9, 0x58, 0x20, 0x1f, 0x85, 0x80,
    0x3f, 0xf8, 0x27, 0xe8, 0x1, 0xfc, 0x78, 0x20,
    0x1f, 0xac, 0x3, 0xff, 0x80, 0x3a, 0x20, 0x1f,
    0xf1, 0x50, 0x7, 0xe2, 0x20, 0x7, 0xfd, 0x62,
    0x1, 0xff, 0xc1, 0x44, 0x0, 0x7e, 0x50, 0xf,
    0xf1, 0x28, 0x7, 0xff, 0xf, 0xc0, 0x3f, 0x60,
    0x7, 0xfa, 0x80, 0x3f, 0xf8, 0x88, 0x20, 0x1f,
    0x28, 0x7, 0xf9, 0x0, 0x3f, 0xf8, 0xae, 0x1,
    0xf0, 0x88, 0x3, 0xf8, 0xc0, 0x3f, 0xf8, 0xbe,
    0x1, 0xf9, 0x40, 0x3f, 0x8, 0x7, 0xff, 0x19,
    0x40, 0x3f, 0x8, 0x7, 0xe3, 0x0, 0xff, 0xe3,
    0x8, 0x7, 0xe3, 0x0, 0xfc, 0x20, 0x1f, 0xfc,
    0x63, 0x0, 0xfc, 0x20, 0x1f, 0xfc, 0xf1, 0x0,
    0xfd, 0xe0, 0x1f, 0xff, 0x41, 0x0, 0xfd, 0xe0,
    0x1f, 0xfc, 0xf3, 0x0, 0xfc, 0x20, 0x1f, 0x88,
    0x3, 0xff, 0x8c, 0xc0, 0x1f, 0x8c, 0x3, 0xf0,
    0x80, 0x7f, 0xf1, 0x88, 0x3, 0xf3, 0x80, 0x7f,
    0x18, 0x7, 0xff, 0x17, 0xc0, 0x3f, 0x10, 0x7,
    0xf2, 0x0, 0x7f, 0xf1, 0x5c, 0x3, 0xe3, 0x0,
    0xff, 0x50, 0x7, 0xff, 0x11, 0x4, 0x3, 0xe4,
    0x0, 0xff, 0x12, 0x0, 0x7f, 0xf0, 0xfc, 0x3,
    0xf5, 0x80, 0x7f, 0xd2, 0x1, 0xff, 0xc2, 0x54,
    0x0, 0xf8, 0x4c, 0x3, 0xfe, 0x29, 0x0, 0xff,
    0xe0, 0x15, 0x80, 0x7e, 0x90, 0xf, 0xfe, 0xb,
    0x50, 0x7, 0xf9, 0x30, 0x40, 0x3f, 0x30, 0x7,
    0xff, 0x9, 0x79, 0xc8, 0x3, 0x92, 0xac, 0x40,
    0x3f, 0x40, 0x80, 0x7f, 0xf0, 0xc6, 0x37, 0xf7,
    0x3b, 0xed, 0x40, 0x3f, 0x89, 0xc0, 0x3f, 0xe1,
    0x0, 0xfc, 0x46, 0x20, 0x1f, 0xfc, 0xf, 0x0,
    0xff, 0xe0, 0x1d, 0x0, 0x7f, 0xf2, 0x6c, 0x80,
    0x3f, 0xf8, 0x2b, 0x40, 0x1f, 0xfc, 0x61, 0xc4,
    0x0, 0xff, 0xe1, 0xae, 0x10, 0x7, 0xff, 0xd,
    0x3c, 0xc0, 0x3f, 0xf8, 0xa7, 0xb0, 0x20, 0x1f,
    0xf1, 0xdd, 0x84, 0x3, 0xff, 0x90, 0xfd, 0x6e,
    0x62, 0x0, 0x12, 0x58, 0xdc, 0x40, 0xf, 0xfe,
    0x62, 0x46, 0x77, 0xfb, 0xb6, 0x9c, 0x80, 0x3f,
    0xff, 0xe0, 0x1f, 0xff, 0xf0, 0xf, 0xff, 0xf8,
    0x7, 0xff, 0xfc, 0x3, 0xff, 0xfe, 0x1, 0xff,
    0xff, 0x0, 0xe0,

    /* U+0071 "q" */
    0x0, 0xff, 0x89, 0xeb, 0x7b, 0xfd, 0xd9, 0x8,
    0x1, 0xff, 0xcc, 0x5c, 0xd8, 0x52, 0x10, 0x0,
    0x9b, 0xde, 0xb0, 0x6, 0xbf, 0xff, 0x8c, 0x3,
    0xe2, 0xca, 0x30, 0xf, 0xf8, 0xa7, 0x8, 0x0,
    0xe0, 0x1f, 0xfc, 0x24, 0xc3, 0x0, 0xff, 0xe1,
    0x9e, 0x18, 0x7, 0xff, 0xd, 0x2c, 0x40, 0x3f,
    0xf8, 0xa3, 0x86, 0x1, 0xff, 0xc1, 0x3b, 0x0,
    0xff, 0xe4, 0xe8, 0x80, 0x7f, 0xf0, 0x38, 0x3,
    0xff, 0x80, 0x46, 0x40, 0x1f, 0x9, 0x0, 0x7f,
    0xd2, 0x40, 0x1f, 0xcb, 0x7f, 0xb9, 0xbf, 0x8e,
    0x1, 0xff, 0xc4, 0x26, 0x0, 0xfc, 0x39, 0x48,
    0x1, 0xc7, 0x1c, 0x60, 0x1f, 0xfc, 0x2b, 0x0,
    0xfc, 0x38, 0x60, 0x1f, 0xc3, 0x86, 0x1, 0xff,
    0xc1, 0x60, 0xf, 0xd4, 0x40, 0x1f, 0xfc, 0xd,
    0x10, 0xf, 0xf9, 0x40, 0x3f, 0x22, 0x0, 0x3f,
    0xf8, 0x23, 0x20, 0x1f, 0xf7, 0x80, 0x7e, 0xf0,
    0xf, 0xfe, 0x1b, 0x88, 0x7, 0xf9, 0x0, 0x3e,
    0x14, 0x0, 0xff, 0xe2, 0x38, 0x7, 0xf0, 0x88,
    0x3, 0xe7, 0x0, 0xff, 0xe2, 0xe8, 0x7, 0xf2,
    0x80, 0x7e, 0xf0, 0xf, 0xfe, 0x2a, 0x80, 0x7f,
    0x10, 0x7, 0xe2, 0x0, 0xff, 0xe2, 0x88, 0x7,
    0xf7, 0x0, 0x7e, 0x60, 0xf, 0xfe, 0x30, 0x80,
    0x7f, 0xf1, 0x4c, 0x3, 0xff, 0x8c, 0x60, 0x1f,
    0x84, 0x3, 0xf0, 0x80, 0x7f, 0xff, 0x44, 0x3,
    0xff, 0x9e, 0x20, 0x1f, 0x8c, 0x3, 0xff, 0x8c,
    0x60, 0x1f, 0xbc, 0x3, 0xf3, 0x0, 0x7f, 0xf1,
    0x84, 0x3, 0xf1, 0x0, 0x7e, 0x20, 0xf, 0xfe,
    0x28, 0x80, 0x7f, 0x30, 0x7, 0xef, 0x0, 0xff,
    0xe2, 0xa0, 0x7, 0xf1, 0x80, 0x7e, 0x70, 0xf,
    0xfe, 0x2e, 0x0, 0x7f, 0x8c, 0x3, 0xe1, 0x30,
    0xf, 0xfe, 0x23, 0x80, 0x7f, 0x90, 0x3, 0xf4,
    0x80, 0x7f, 0xf0, 0xdc, 0x40, 0x3f, 0xd6, 0x1,
    0xf9, 0x4c, 0x3, 0xff, 0x82, 0x50, 0x1, 0xff,
    0x18, 0x80, 0x7e, 0xd1, 0x0, 0xff, 0x87, 0x0,
    0x3f, 0xf8, 0x32, 0x1, 0xf8, 0x70, 0x80, 0x3f,
    0x93, 0xc4, 0x3, 0xff, 0x82, 0xe2, 0x1, 0xf8,
    0xb6, 0xc, 0x3, 0x92, 0xec, 0x20, 0x1f, 0xfc,
    0x38, 0x0, 0xff, 0x3e, 0x7e, 0xe7, 0x7d, 0xa0,
    0x7, 0xff, 0x15, 0x94, 0x3, 0xff, 0x80, 0x46,
    0x20, 0x1f, 0x40, 0x7, 0xff, 0x6, 0x8c, 0x3,
    0xff, 0x90, 0xce, 0x1, 0xff, 0xc2, 0xd3, 0x0,
    0xff, 0xe3, 0x34, 0x80, 0x7f, 0xf0, 0xc7, 0x18,
    0x3, 0xff, 0x86, 0x35, 0x20, 0x1f, 0xfc, 0x69,
    0xd5, 0x0, 0xff, 0xe0, 0x3f, 0xa8, 0x7, 0xff,
    0x20, 0xab, 0xa5, 0x4c, 0x40, 0x2, 0x6d, 0x5f,
    0x2, 0x1, 0xff, 0xcb, 0x16, 0xac, 0xef, 0xf7,
    0x64, 0xa8, 0x7, 0xff, 0xfc, 0x3, 0xff, 0xfe,
    0x1, 0xff, 0xff, 0x0, 0xff, 0xff, 0x80, 0x7f,
    0xff, 0xc0, 0x3f, 0xff, 0xe0, 0x1f, 0xe0,

    /* U+0072 "r" */
    0x0, 0xff, 0xe2, 0x12, 0xbb, 0xca, 0x49, 0xbb,
    0xf3, 0x80, 0x61, 0x7e, 0xda, 0x88, 0xaa, 0x44,
    0x8b, 0xee, 0x0, 0x97, 0xe0, 0x40, 0x3c, 0x40,
    0x1f, 0xf4, 0xd0, 0x80, 0x7e, 0xe0, 0xf, 0xf5,
    0x30, 0x7, 0xf8, 0x80, 0x3f, 0xa1, 0x40, 0x3f,
    0xe6, 0x0, 0xfc, 0x8e, 0x1, 0xff, 0xc0, 0x20,
    0xf, 0xc4, 0x1, 0xff, 0xc1, 0x10, 0xf, 0xfe,
    0x12, 0xd6, 0xff, 0xdb, 0x60, 0x1f, 0xfc, 0x14,
    0xda, 0x52, 0x0, 0x89, 0x0, 0x3f, 0xf8, 0xd,
    0x64, 0x1, 0xff, 0xc7, 0x59, 0x0, 0xff, 0xe4,
    0xd, 0x0, 0x7f, 0xf2, 0x64, 0x3, 0xff, 0x94,
    0xa0, 0x1f, 0xfc, 0x91, 0x20, 0xf, 0xfe, 0x49,
    0x80, 0x7f, 0xff, 0xc0, 0x3f, 0xff, 0xe0, 0x1f,
    0xff, 0xf0, 0xf, 0xff, 0xf8, 0x7, 0xff, 0xfc,
    0x3, 0xff, 0xfe, 0x1, 0xff, 0xfa,

    /* U+0073 "s" */
    0x0, 0xff, 0xe0, 0x89, 0x1a, 0x24, 0x64, 0x1,
    0xff, 0xca, 0x27, 0xbe, 0xe6, 0xe5, 0xdd, 0x9b,
    0xfb, 0x28, 0x1, 0xff, 0xc4, 0x4c, 0xd8, 0x41,
    0x0, 0xfe, 0x26, 0xbe, 0x70, 0xf, 0xfe, 0x1,
    0x5d, 0x8c, 0x3, 0xff, 0x88, 0x31, 0xa6, 0x1,
    0xfc, 0x78, 0x80, 0x1f, 0xfc, 0x82, 0xc3, 0x0,
    0xf8, 0xf0, 0x40, 0x3f, 0xf9, 0x78, 0x60, 0x1e,
    0xe0, 0xf, 0xfe, 0x77, 0x80, 0x74, 0x10, 0x7,
    0xe5, 0xad, 0xef, 0xf7, 0x6d, 0x28, 0x7, 0xe3,
    0x60, 0xc, 0xe0, 0x1f, 0x27, 0x52, 0x90, 0x80,
    0x4, 0x96, 0xb4, 0x40, 0x3e, 0xb0, 0x9, 0x40,
    0x3e, 0x3b, 0x10, 0xf, 0xf1, 0x60, 0x7, 0xc4,
    0x60, 0xd, 0x0, 0xfa, 0x40, 0x3f, 0xf8, 0x25,
    0x20, 0x1f, 0x58, 0x0, 0x80, 0x3e, 0x70, 0xf,
    0xfe, 0x13, 0x8, 0x7, 0x18, 0x7, 0xfc, 0x20,
    0x1f, 0xfc, 0x38, 0x7a, 0xce, 0xfc, 0x80, 0xf,
    0xf2, 0x80, 0x7f, 0xf0, 0xda, 0x14, 0xc4, 0x3,
    0x88, 0x3, 0xe8, 0x10, 0xf, 0xfe, 0x66, 0x80,
    0x7c, 0x3d, 0x4, 0x1, 0xff, 0xca, 0x40, 0xf,
    0xe7, 0xde, 0xa7, 0x42, 0x0, 0xff, 0xe2, 0x8b,
    0x0, 0x7f, 0x85, 0x62, 0xf7, 0xf2, 0x58, 0xc0,
    0x3f, 0xf8, 0x30, 0x20, 0x1f, 0xfc, 0x33, 0x69,
    0xcf, 0xb5, 0x0, 0xff, 0xe, 0x8, 0x7, 0xff,
    0x1d, 0x2b, 0xe0, 0x40, 0x3f, 0x17, 0xa0, 0x7,
    0xff, 0x25, 0xf9, 0x40, 0x3f, 0xd, 0xd9, 0x0,
    0x3f, 0xf9, 0x35, 0x0, 0x1f, 0xc9, 0x7d, 0x28,
    0x20, 0x1f, 0xfc, 0x67, 0x50, 0xf, 0xf0, 0xb5,
    0xf6, 0xd3, 0x18, 0x7, 0xff, 0xe, 0x84, 0x3,
    0xff, 0x82, 0x4b, 0x39, 0xfb, 0x4e, 0x80, 0x1f,
    0xf3, 0x0, 0x7f, 0xf1, 0x89, 0x62, 0xfe, 0x84,
    0x3, 0xf5, 0x80, 0x7f, 0xf2, 0xd7, 0xc8, 0x3,
    0xe3, 0x0, 0xff, 0xe6, 0xc, 0x0, 0x7e, 0x26,
    0xcc, 0xf9, 0x0, 0x3f, 0xf8, 0x6a, 0x1, 0xf8,
    0x40, 0xcf, 0xec, 0x0, 0xff, 0xe2, 0x8, 0x7,
    0xce, 0x40, 0x1f, 0x30, 0x7, 0xff, 0x10, 0x40,
    0x3e, 0x64, 0x0, 0xf8, 0x5c, 0x3, 0xff, 0x84,
    0x60, 0x1f, 0x8c, 0x10, 0x3, 0xe8, 0x50, 0xf,
    0xfe, 0xf, 0x80, 0x7c, 0x42, 0x1c, 0x1, 0xfa,
    0xa8, 0x40, 0x1f, 0xc9, 0xa6, 0x1, 0xf2, 0x80,
    0x14, 0xc0, 0x3f, 0x2e, 0xf5, 0xd4, 0x3c, 0x4d,
    0xf5, 0x90, 0x7, 0xe9, 0x0, 0xb4, 0x40, 0x3f,
    0x85, 0x15, 0xe1, 0xd9, 0x4, 0x3, 0xfa, 0x4,
    0x2, 0x1d, 0x0, 0xff, 0xe7, 0x2b, 0x80, 0x71,
    0xe9, 0x0, 0x7f, 0xf2, 0xd6, 0x80, 0x3e, 0x2d,
    0x70, 0xf, 0xfe, 0x40, 0xcd, 0x0, 0x7f, 0xa3,
    0x9c, 0x80, 0x3f, 0xf8, 0x65, 0x1e, 0xc0, 0x1f,
    0xfc, 0x1, 0x8d, 0xd4, 0xba, 0x10, 0x80, 0x42,
    0x46, 0xd3, 0xba, 0x71, 0x0, 0xf0,

    /* U+0074 "t" */
    0x0, 0xe1, 0xff, 0xfc, 0x1, 0xff, 0xff, 0x0,
    0xff, 0xff, 0x80, 0x7f, 0xff, 0xc0, 0x3f, 0xe8,
    0x8f, 0x0, 0x7e, 0x98, 0x8f, 0xc6, 0xe, 0xfc,
    0xc0, 0x1f, 0x99, 0xdf, 0xf3, 0x0, 0x7f, 0xff,
    0xc0, 0x3f, 0xfc, 0xff, 0xfd, 0xc0, 0x1f, 0xbf,
    0xff, 0x94, 0x3, 0xff, 0xfe, 0x1, 0xff, 0xff,
    0x0, 0xff, 0xff, 0x80, 0x7f, 0xff, 0xc0, 0x3f,
    0xff, 0xe0, 0x1f, 0xff, 0xf0, 0xf, 0xfe, 0x98,
    0x80, 0x7e, 0x10, 0xf, 0xfe, 0x61, 0x0, 0x7f,
    0xf1, 0x8, 0x3, 0xe5, 0x0, 0xff, 0xe2, 0x30,
    0x7, 0xd6, 0x1, 0xff, 0xc4, 0x30, 0xf, 0x8a,
    0xc8, 0x3, 0x88, 0x40, 0x3e, 0xb0, 0xf, 0xc9,
    0xba, 0xbb, 0x67, 0xeb, 0x80, 0x7c, 0x64, 0x1,
    0xfc, 0x48, 0x83, 0x0, 0x60, 0x7, 0xeb, 0x0,
    0xff, 0xe1, 0xb8, 0x7, 0xe6, 0x30, 0xf, 0xfe,
    0x11, 0x0, 0x7f, 0x69, 0x80, 0x7f, 0xf0, 0x8c,
    0x3, 0xf0, 0xe3, 0x80, 0x7f, 0xf0, 0x58, 0x3,
    0xfd, 0x1d, 0x2a, 0x42, 0x1, 0x11, 0xb4, 0xf2,
    0x80,

    /* U+0075 "u" */
    0x9f, 0xff, 0xa0, 0x3, 0xff, 0x86, 0xff, 0xff,
    0x58, 0x7, 0xff, 0xfc, 0x3, 0xff, 0xfe, 0x1,
    0xff, 0xff, 0x0, 0xff, 0xff, 0x80, 0x7f, 0xff,
    0xc0, 0x3f, 0xff, 0xe0, 0x1f, 0xff, 0xf0, 0xf,
    0xff, 0xf8, 0x7, 0xff, 0xfc, 0x3, 0xff, 0xff,
    0xc0, 0x1f, 0xfd, 0x42, 0x0, 0xff, 0xe2, 0x8,
    0x7, 0xff, 0xd, 0x0, 0x3f, 0x8, 0x7, 0xc4,
    0x1, 0xff, 0xc2, 0x60, 0xf, 0xef, 0x0, 0xf9,
    0x40, 0x3f, 0xf8, 0x23, 0x0, 0x1f, 0xc2, 0x1,
    0xf0, 0x90, 0x7, 0xff, 0x2, 0x84, 0x3, 0xf9,
    0x40, 0x3f, 0x58, 0x7, 0xfd, 0x48, 0x1, 0xfe,
    0x30, 0xf, 0xcc, 0xa0, 0x1f, 0x8f, 0x54, 0x3,
    0xff, 0x80, 0x60, 0x1f, 0xaa, 0xd4, 0x40, 0x49,
    0xb3, 0x4, 0x1, 0xff, 0xc1, 0xa0, 0xf, 0xe4,
    0xae, 0xfe, 0xd9, 0x30, 0xe, 0x30, 0xf, 0xe7,
    0x0, 0xff, 0xe4, 0xa4, 0x0, 0x7f, 0xc, 0x0,
    0x7f, 0xf1, 0xce, 0xc0, 0x3f, 0xe7, 0x30, 0xf,
    0xfe, 0x2a, 0x60, 0x7, 0xff, 0x7, 0x10, 0x3,
    0xff, 0x86, 0xf6, 0x1, 0xff, 0xc3, 0xb9, 0x20,
    0xf, 0xf9, 0x76, 0x0, 0x27, 0x22, 0xfc, 0x1,
    0xcd, 0xb6, 0xe6, 0x42, 0x0, 0x24, 0x8e, 0xa2,
    0x0, 0xc7, 0xbb, 0xf4, 0x80,

    /* U+0076 "v" */
    0x4f, 0xff, 0xe2, 0x0, 0xff, 0xe3, 0x4f, 0xff,
    0xe7, 0x41, 0x0, 0xfd, 0x40, 0x1f, 0xfc, 0x67,
    0x0, 0xfc, 0xc0, 0xc0, 0x1f, 0x94, 0x3, 0xff,
    0x8a, 0x82, 0x1, 0xf2, 0x88, 0x50, 0x7, 0xe2,
    0x30, 0xf, 0xfe, 0x26, 0x80, 0x7e, 0xe0, 0x1,
    0x20, 0x7, 0xeb, 0x0, 0xff, 0xe2, 0x38, 0x7,
    0xc2, 0x80, 0x17, 0x0, 0x7e, 0x60, 0xf, 0xfe,
    0x1a, 0x8, 0x7, 0xcc, 0x1, 0x94, 0x40, 0x3e,
    0x13, 0x0, 0xff, 0xe1, 0x70, 0x7, 0xe9, 0x0,
    0xe7, 0x0, 0xfd, 0x60, 0x1f, 0xfc, 0x25, 0x0,
    0xf9, 0x4, 0x3, 0xac, 0x3, 0xf3, 0x0, 0x7f,
    0xf0, 0x54, 0x3, 0xf7, 0x0, 0x78, 0x8c, 0x3,
    0xe1, 0x30, 0xf, 0xfe, 0x7, 0x80, 0x7c, 0x2a,
    0x1, 0xf5, 0x0, 0x7e, 0xa0, 0xf, 0xfe, 0x2,
    0x80, 0x7c, 0xc0, 0x1f, 0x98, 0x3, 0xf3, 0x80,
    0x7f, 0xca, 0x1, 0xfa, 0x80, 0x3f, 0x98, 0x3,
    0xe1, 0x40, 0xf, 0xf7, 0x0, 0x7c, 0x64, 0x1,
    0xfd, 0x40, 0x1f, 0xb4, 0x3, 0xf8, 0x50, 0x3,
    0xe9, 0x0, 0xff, 0x19, 0x0, 0x7c, 0xe0, 0x1f,
    0xce, 0x1, 0xf0, 0xa8, 0x7, 0xfd, 0x40, 0x1f,
    0xa, 0x0, 0x7e, 0xd0, 0xf, 0x9c, 0x3, 0xff,
    0x80, 0xc0, 0x1f, 0xb4, 0x3, 0xe1, 0x40, 0xf,
    0xa8, 0x3, 0xff, 0x80, 0x2a, 0x1, 0xf3, 0x80,
    0x7c, 0xe0, 0x1f, 0x19, 0x80, 0x3f, 0xf8, 0x3c,
    0x1, 0xf0, 0xa0, 0x7, 0xa8, 0x3, 0xea, 0x0,
    0xff, 0xe1, 0x20, 0x80, 0x7d, 0xc0, 0x1c, 0x26,
    0x1, 0xf3, 0x0, 0x7f, 0xf0, 0xe4, 0x3, 0xe5,
    0x0, 0xe6, 0x0, 0xf9, 0x80, 0x3f, 0xf8, 0x8c,
    0x1, 0xf9, 0x0, 0x35, 0x80, 0x7d, 0x40, 0x1f,
    0xfc, 0x41, 0x40, 0xf, 0xb8, 0x2, 0x23, 0x0,
    0xf1, 0x18, 0x7, 0xff, 0x17, 0x80, 0x3e, 0x50,
    0x9, 0x40, 0x3e, 0xa0, 0xf, 0xfe, 0x32, 0x88,
    0x7, 0xca, 0x0, 0xa0, 0xf, 0x98, 0x3, 0xff,
    0x8e, 0xc0, 0x1f, 0x78, 0x19, 0x0, 0x79, 0x44,
    0x3, 0xff, 0x8f, 0x40, 0x1f, 0x28, 0x58, 0x7,
    0xdc, 0x1, 0xff, 0xc8, 0x23, 0x0, 0xf9, 0x54,
    0x1, 0xe2, 0x40, 0xf, 0xfe, 0x4c, 0x80, 0x7d,
    0x4, 0x1, 0xea, 0x0, 0xff, 0xe5, 0x28, 0x7,
    0xc4, 0x1, 0xf3, 0x0, 0x7f, 0xf2, 0xd8, 0x3,
    0xff, 0x82, 0x82, 0x1, 0xff, 0xcb, 0xa0, 0xf,
    0xfe, 0xf, 0x80, 0x7f, 0xf3, 0xc, 0xc0, 0x1f,
    0xf0, 0xa0, 0x7, 0xff, 0x36, 0x80, 0x3f, 0xe6,
    0x0, 0xff, 0xe7, 0x38, 0x7, 0xfd, 0x40, 0x1f,
    0xfc, 0xe1, 0x50, 0xf, 0xe4, 0x20, 0xf, 0xfe,
    0x7c, 0x80, 0x7f, 0x70, 0x7, 0xff, 0x40, 0xc8,
    0x3, 0xe1, 0x50, 0xf, 0xfe, 0x10,

    /* U+0077 "w" */
    0x5f, 0xff, 0xd0, 0x1, 0xff, 0xc1, 0x38, 0x8f,
    0x84, 0x3, 0xff, 0x83, 0xff, 0xfa, 0x50, 0x3,
    0xf2, 0x0, 0x7f, 0xf0, 0x69, 0xdf, 0xe6, 0x0,
    0xff, 0xe0, 0x18, 0x7, 0xed, 0x13, 0x0, 0xf8,
    0xc0, 0x3f, 0xf8, 0x2e, 0x1, 0xf6, 0x0, 0x7f,
    0xf0, 0x14, 0x3, 0xf2, 0x2, 0x0, 0x7e, 0x30,
    0xf, 0xf8, 0x84, 0x3, 0xe4, 0x0, 0xff, 0xe0,
    0x60, 0x7, 0xc8, 0x0, 0xb0, 0xf, 0xc8, 0x1,
    0xff, 0x28, 0x7, 0xf2, 0x0, 0x7f, 0xc8, 0x1,
    0xf6, 0x80, 0xc, 0x40, 0x3e, 0xc0, 0xf, 0xfa,
    0xc0, 0x3f, 0xb4, 0x3, 0xfc, 0x22, 0x0, 0xf9,
    0x0, 0x24, 0x0, 0xf9, 0x40, 0x3f, 0xc2, 0x60,
    0x1f, 0xc8, 0x1, 0xfe, 0x40, 0xf, 0x88, 0x80,
    0x17, 0x80, 0x7c, 0x24, 0x1, 0xfc, 0x80, 0x1f,
    0xe2, 0x20, 0x7, 0xf6, 0x0, 0x7c, 0xa0, 0x19,
    0x0, 0x3f, 0x38, 0x7, 0xf7, 0x80, 0x7f, 0xc8,
    0x1, 0xfc, 0xa0, 0x1f, 0x60, 0x6, 0x13, 0x0,
    0xfb, 0x0, 0x3f, 0x90, 0x3, 0xfe, 0xc0, 0xf,
    0xe3, 0x0, 0xf9, 0x0, 0x3a, 0xc0, 0x3e, 0x40,
    0xf, 0xc6, 0x20, 0x1f, 0xf2, 0x80, 0x7e, 0x40,
    0xf, 0x90, 0x3, 0xc8, 0x1, 0xf1, 0x0, 0x7e,
    0xb0, 0xe, 0x35, 0x0, 0xf1, 0x80, 0x7c, 0x60,
    0x1f, 0x68, 0x7, 0x8c, 0x40, 0x3e, 0x40, 0xf,
    0x90, 0x3, 0x93, 0x0, 0x3d, 0x60, 0x1f, 0x60,
    0x7, 0xce, 0x1, 0xf2, 0x0, 0x7d, 0x80, 0x1e,
    0x13, 0x0, 0xec, 0x70, 0xf, 0x20, 0x7, 0xca,
    0x1, 0xe2, 0x10, 0xf, 0xbc, 0x3, 0xe3, 0x0,
    0xf2, 0x0, 0x79, 0x4, 0x80, 0x38, 0xc4, 0x3,
    0x88, 0x40, 0x3c, 0xa0, 0x1f, 0x90, 0x3, 0xe4,
    0x0, 0xf7, 0x80, 0x72, 0x0, 0x14, 0x3, 0xc8,
    0x1, 0xc8, 0x1, 0xf6, 0x0, 0x7e, 0x13, 0x0,
    0xf8, 0xc0, 0x39, 0x0, 0x3b, 0x40, 0x18, 0x1,
    0xef, 0x0, 0xef, 0x0, 0xf9, 0x0, 0x3f, 0xac,
    0x3, 0xe5, 0x0, 0xc6, 0x20, 0x1c, 0x80, 0x4,
    0x0, 0xf2, 0x0, 0x72, 0x0, 0x79, 0x40, 0x3f,
    0xc8, 0x1, 0xf6, 0x0, 0x6b, 0x0, 0xe2, 0x20,
    0x4, 0x80, 0x1c, 0x26, 0x1, 0x9, 0x0, 0x7b,
    0x0, 0x3f, 0xc6, 0x20, 0x1e, 0x70, 0xc, 0xa0,
    0x1c, 0x80, 0x1b, 0x0, 0x3c, 0x80, 0x12, 0x80,
    0x7c, 0xe0, 0x1f, 0xf2, 0x0, 0x78, 0x84, 0x0,
    0x24, 0x1, 0xda, 0x1, 0x94, 0x3, 0xd6, 0x1,
    0x60, 0x7, 0x8c, 0x40, 0x3f, 0xef, 0x0, 0xf9,
    0x0, 0xe, 0x1, 0xe4, 0x0, 0xc4, 0x20, 0x1c,
    0x60, 0x12, 0x0, 0x79, 0x0, 0x3f, 0xf8, 0x8,
    0x1, 0xf6, 0x80, 0x34, 0x3, 0x90, 0x3, 0xc8,
    0x1, 0xe5, 0x0, 0x18, 0x7, 0xac, 0x3, 0xff,
    0x80, 0x26, 0x1, 0xe4, 0x0, 0x20, 0x7, 0x60,
    0x7, 0xbc, 0x3, 0xd8, 0x6, 0x1, 0xe1, 0x30,
    0xf, 0xfe, 0xd, 0x80, 0x78, 0xc1, 0x0, 0x3c,
    0x80, 0x1e, 0x40, 0xf, 0x38, 0x28, 0x7, 0x90,
    0x3, 0xff, 0x84, 0x80, 0x1f, 0x1e, 0x80, 0x70,
    0x98, 0x7, 0x84, 0x80, 0x38, 0x4b, 0x0, 0x3d,
    0xe0, 0x1f, 0xfc, 0x23, 0x10, 0xf, 0x22, 0x0,
    0x39, 0x0, 0x3f, 0x28, 0x7, 0x95, 0x0, 0x3c,
    0x80, 0x1f, 0xfc, 0x34, 0x0, 0xf5, 0x10, 0x7,
    0x78, 0x7, 0xec, 0x0, 0xf5, 0x8, 0x7, 0x18,
    0x80, 0x7f, 0xf0, 0xfc, 0x3, 0xc4, 0x1, 0xe4,
    0x0, 0xfc, 0x80, 0x1e, 0x20, 0xf, 0x20, 0x7,
    0xff, 0x11, 0x0, 0x3f, 0xf8, 0x6, 0x20, 0x1f,
    0xc8, 0x1, 0xff, 0xc0, 0xb0, 0xf, 0xfe, 0x20,
    0x98, 0x7, 0xfc, 0x80, 0x1f, 0xec, 0x0, 0xff,
    0x84, 0xc0, 0x3f, 0xf8, 0xb6, 0x1, 0xff, 0x58,
    0x7, 0xf9, 0x40, 0x3f, 0xe4, 0x0, 0xff, 0xe3,
    0x20, 0x7, 0xfc, 0x60, 0x1f, 0xe2, 0x10, 0xf,
    0xf7, 0x80, 0x7f, 0xf1, 0x8c, 0x40, 0x3f, 0x90,
    0x3, 0xff, 0x80, 0xe0, 0x1f, 0xe4, 0x0, 0xff,
    0xe3, 0xa0, 0x7, 0xf6, 0x80, 0x7f, 0xf0, 0x30,
    0x3, 0xf8, 0xc4, 0x3, 0xff, 0x8f, 0xe0, 0x1f,
    0xc8, 0x1, 0xff, 0xc0, 0x40, 0xf, 0xeb, 0x0,
    0xff, 0xe4, 0x20, 0x7, 0xe2, 0x20, 0x7, 0xff,
    0x0, 0x4c, 0x3, 0xf2, 0x0, 0x7f, 0xf2, 0x4,
    0xc0, 0x3e, 0x40, 0xf, 0xfe, 0x12, 0x0, 0x7c,
    0x26, 0x1, 0xfe,

    /* U+0078 "x" */
    0x0, 0x56, 0xef, 0xeb, 0x0, 0xff, 0xe1, 0xd6,
    0xef, 0xd2, 0x1, 0xa0, 0x8b, 0xf2, 0x30, 0x7,
    0xff, 0x5, 0xd4, 0x8b, 0xeb, 0x0, 0xc5, 0x0,
    0x1f, 0xa4, 0x40, 0x3f, 0xe2, 0x80, 0xf, 0xa4,
    0x80, 0x39, 0xcc, 0x3, 0xf5, 0x0, 0x7f, 0xdc,
    0x1, 0xf2, 0x30, 0x7, 0xdc, 0x1, 0xf9, 0x14,
    0x3, 0xfa, 0xc, 0x3, 0xc3, 0x40, 0x1f, 0x8a,
    0x40, 0x3f, 0x58, 0x7, 0xe3, 0x70, 0xf, 0xac,
    0x40, 0x3f, 0x99, 0x0, 0x3e, 0x19, 0x0, 0xfb,
    0x80, 0x3e, 0x55, 0x0, 0x7f, 0xd2, 0x1, 0xf9,
    0x8c, 0x3, 0xa0, 0x80, 0x3c, 0x36, 0x1, 0xff,
    0xc0, 0x29, 0x0, 0xfd, 0xc0, 0x18, 0xdc, 0x3,
    0xeb, 0x10, 0xf, 0xfe, 0xb, 0x20, 0x7, 0xc4,
    0xe0, 0x17, 0x0, 0x7c, 0xaa, 0x0, 0xff, 0xe1,
    0xd0, 0x80, 0x7d, 0x4, 0x12, 0x40, 0x1e, 0x1a,
    0x0, 0xff, 0xe2, 0xd, 0x80, 0x7e, 0x94, 0x60,
    0xf, 0xa8, 0x3, 0xff, 0x8c, 0xaa, 0x0, 0xf9,
    0x2c, 0x3, 0xe6, 0x40, 0xf, 0xfe, 0x3d, 0x88,
    0x7, 0xff, 0x8, 0xa4, 0x3, 0xff, 0x90, 0x34,
    0x1, 0xff, 0xc2, 0xe0, 0xf, 0xfe, 0x52, 0x30,
    0x7, 0xff, 0x1, 0xcc, 0x3, 0xff, 0x97, 0x22,
    0x1, 0xfe, 0x28, 0x0, 0xff, 0xe6, 0xd0, 0x7,
    0xfb, 0x80, 0x3f, 0xf9, 0xc8, 0x40, 0x1f, 0xc2,
    0x1, 0xff, 0xce, 0x72, 0x0, 0xfe, 0xe0, 0xf,
    0xfe, 0x69, 0x40, 0x7, 0xf8, 0xdc, 0x3, 0xff,
    0x99, 0xe0, 0x1f, 0xfc, 0x8, 0x20, 0xf, 0xfe,
    0x54, 0x10, 0x7, 0xff, 0x7, 0x80, 0x3f, 0xf9,
    0x26, 0xe0, 0x1f, 0xfc, 0x23, 0x70, 0xf, 0xfe,
    0x47, 0x0, 0x7c, 0xc0, 0x1f, 0xa0, 0x80, 0x3f,
    0xf8, 0xd2, 0x40, 0x1e, 0x29, 0x90, 0x7, 0xee,
    0x0, 0xff, 0xe2, 0xab, 0x0, 0x7d, 0xc0, 0xc6,
    0x1, 0xf1, 0xb8, 0x7, 0xff, 0xc, 0x6c, 0x3,
    0xe7, 0x30, 0x7, 0x0, 0x7e, 0x82, 0x0, 0xff,
    0xe1, 0x50, 0x80, 0x78, 0xa0, 0x2, 0x28, 0x0,
    0xfd, 0xc0, 0x1f, 0xfc, 0x16, 0x40, 0xf, 0xb8,
    0x3, 0x9c, 0x80, 0x3e, 0x37, 0x0, 0xff, 0x8a,
    0x40, 0x3e, 0x63, 0x0, 0xf7, 0x0, 0x7e, 0x82,
    0x0, 0xff, 0x70, 0x7, 0xc5, 0x20, 0x1f, 0x1b,
    0x80, 0x7e, 0xe0, 0xf, 0xe7, 0x30, 0xf, 0xa4,
    0x3, 0xfa, 0x8, 0x3, 0xe3, 0x70, 0xf, 0x8e,
    0x0, 0x3e, 0x64, 0x0, 0xff, 0x48, 0x7, 0xe8,
    0x20, 0xf, 0x70, 0x7, 0xc3, 0x20, 0x1f, 0xf2,
    0x30, 0x7, 0xee, 0x0, 0xe8, 0x20, 0xf, 0xa8,
    0x3, 0xff, 0x83, 0x2, 0x1, 0xf1, 0xb8, 0x4,
    0x6e, 0x1, 0xf2, 0xa0, 0x7, 0xff, 0x4, 0x6c,
    0x3, 0xf4, 0x10, 0x3, 0x40, 0x3e, 0x1b, 0x0,
    0xff, 0xe1, 0xaa, 0x80, 0x3f, 0x70, 0x0,

    /* U+0079 "y" */
    0x4f, 0xff, 0xe3, 0x0, 0xff, 0xe3, 0x3f, 0xff,
    0xe7, 0x42, 0x0, 0xfd, 0x40, 0x1f, 0xfc, 0x6b,
    0x0, 0xfc, 0xc1, 0x60, 0x1f, 0x9c, 0x3, 0xff,
    0x8a, 0x46, 0x1, 0xf2, 0x88, 0x30, 0x7, 0xe1,
    0x50, 0xf, 0xfe, 0x22, 0x80, 0x7e, 0xe0, 0x9,
    0x80, 0x3f, 0x70, 0x7, 0xff, 0x12, 0x80, 0x3e,
    0x14, 0x0, 0xac, 0x3, 0xf2, 0x8, 0x7, 0xff,
    0x8, 0x88, 0x1, 0xf3, 0x0, 0x62, 0x40, 0xf,
    0xcc, 0x1, 0xff, 0xc2, 0xa0, 0xf, 0xd4, 0x1,
    0xde, 0x1, 0xfa, 0x80, 0x3f, 0xf8, 0x4a, 0x1,
    0xf2, 0x10, 0x7, 0x21, 0x0, 0x7c, 0x46, 0x1,
    0xff, 0xc0, 0x32, 0x0, 0xfb, 0x80, 0x3e, 0xb0,
    0xf, 0xd4, 0x1, 0xff, 0xc0, 0xb0, 0xf, 0x85,
    0x40, 0x3e, 0x61, 0x0, 0xf9, 0xc0, 0x3f, 0xf8,
    0xc, 0x1, 0xf3, 0x80, 0x7f, 0x30, 0x7, 0xc2,
    0xa0, 0x1f, 0xe3, 0x10, 0xf, 0xac, 0x3, 0xfa,
    0x40, 0x3f, 0x70, 0x7, 0xfa, 0x80, 0x3e, 0x32,
    0x0, 0xfe, 0x15, 0x0, 0xf9, 0x4, 0x3, 0xf9,
    0xc0, 0x3e, 0xa0, 0xf, 0xfb, 0x80, 0x3f, 0x30,
    0x7, 0xe4, 0x10, 0xf, 0x98, 0x3, 0xfe, 0x42,
    0x0, 0xfa, 0x80, 0x3f, 0x68, 0x7, 0xcc, 0x1,
    0xff, 0xc1, 0xb0, 0xf, 0x88, 0xc0, 0x3e, 0x60,
    0xf, 0xa8, 0x3, 0xff, 0x82, 0xc2, 0x1, 0xf5,
    0x0, 0x79, 0x40, 0x3e, 0x23, 0x0, 0xff, 0xe1,
    0x30, 0x7, 0xcc, 0x1, 0xef, 0x0, 0xfa, 0x80,
    0x3f, 0xf8, 0x72, 0x1, 0xf9, 0x40, 0x39, 0x40,
    0x3e, 0x60, 0xf, 0xfe, 0x18, 0xa8, 0x7, 0xdc,
    0x1, 0x94, 0x3, 0xe5, 0x10, 0xf, 0xfe, 0x24,
    0x80, 0x7c, 0x82, 0x1, 0x70, 0x7, 0xdc, 0x1,
    0xff, 0xc5, 0x33, 0x0, 0x7c, 0xc0, 0x1, 0x40,
    0xf, 0xa, 0x0, 0x7f, 0xf1, 0xa4, 0x3, 0xea,
    0x0, 0x38, 0x7, 0xcc, 0x1, 0xff, 0xc7, 0x51,
    0x0, 0xf1, 0x18, 0x68, 0x7, 0xd2, 0x1, 0xff,
    0xc8, 0x60, 0xf, 0xa8, 0x50, 0x3, 0xc8, 0x20,
    0x1f, 0xfc, 0x89, 0x0, 0xf9, 0x98, 0x1, 0xf7,
    0x0, 0x7f, 0xf2, 0x45, 0x40, 0x3e, 0x80, 0xf,
    0xa, 0x80, 0x7f, 0xf2, 0xa4, 0x3, 0xff, 0x84,
    0xc0, 0x1f, 0xfc, 0xb3, 0x30, 0x7, 0xff, 0x6,
    0x80, 0x3f, 0xf9, 0x92, 0x1, 0xff, 0xc0, 0x32,
    0x0, 0xff, 0xe6, 0x28, 0x80, 0x7f, 0xd4, 0x1,
    0xff, 0xce, 0x90, 0xf, 0xf9, 0x80, 0x3f, 0xf9,
    0xcc, 0x1, 0xfe, 0x60, 0xf, 0xfe, 0x78, 0xa8,
    0x7, 0xf5, 0x0, 0x7f, 0xf4, 0x24, 0x3, 0xf1,
    0x18, 0x7, 0xff, 0x40, 0xc8, 0x3, 0xea, 0x0,
    0xff, 0xe8, 0x89, 0x0, 0x7c, 0xc0, 0x1f, 0xfd,
    0x16, 0x0, 0xf9, 0x44, 0x3, 0xff, 0xa3, 0x40,
    0x1f, 0x70, 0x7, 0xff, 0x44, 0xc8, 0x3, 0xc4,
    0x80, 0x1f, 0xfd, 0x19, 0x0, 0xfa, 0x80, 0x3f,
    0xfa, 0x24, 0xa0, 0x1f, 0x30, 0x7, 0xff, 0x47,
    0x80, 0x3e, 0x61, 0x0, 0xff, 0xe4, 0xa0, 0x80,
    0x62, 0xc3, 0x0, 0xfa, 0xc0, 0x3f, 0xf9, 0x23,
    0x7d, 0xcd, 0xce, 0xd3, 0x0, 0xf9, 0x88, 0x3,
    0xff, 0x92, 0x80, 0x1, 0x23, 0x10, 0xf, 0xe8,
    0x0, 0xff, 0xe5, 0x60, 0x7, 0xff, 0xa, 0x44,
    0x3, 0xff, 0x94, 0x80, 0x1f, 0xfc, 0x16, 0x60,
    0x7, 0xff, 0x28, 0x48, 0x3, 0xff, 0x80, 0xd2,
    0x1, 0xff, 0xcb, 0x50, 0xf, 0xf8, 0x6a, 0x40,
    0x3f, 0xf9, 0x89, 0xb0, 0xa6, 0x20, 0x1, 0x25,
    0xae, 0x50, 0xf, 0xfe, 0x50,

    /* U+007A "z" */
    0x4f, 0xff, 0xfe, 0x8c, 0x80, 0x7f, 0xff, 0xc0,
    0x3f, 0xff, 0xe0, 0x1f, 0xf3, 0x3b, 0xff, 0xf1,
    0xc4, 0x3, 0xf0, 0xd8, 0x14, 0x47, 0xff, 0x1b,
    0x84, 0x3, 0xf5, 0x10, 0x7, 0xff, 0x1c, 0xe4,
    0x3, 0xf3, 0xa0, 0x7, 0xff, 0x1c, 0x74, 0x3,
    0xf2, 0x40, 0x7, 0xff, 0x23, 0x44, 0x3, 0xe1,
    0xa0, 0xf, 0xfe, 0x44, 0x18, 0x7, 0xed, 0x10,
    0xf, 0xfe, 0x3a, 0xb8, 0x7, 0xe9, 0x30, 0xf,
    0xfe, 0x39, 0x50, 0x7, 0xe5, 0x60, 0xf, 0xfe,
    0x47, 0x80, 0x7e, 0x2a, 0x0, 0xff, 0xe4, 0x51,
    0x0, 0x7e, 0xf0, 0xf, 0xfe, 0x43, 0xa8, 0x7,
    0xeb, 0x20, 0xf, 0xfe, 0x3a, 0x40, 0x7, 0xe7,
    0x40, 0xf, 0xfe, 0x38, 0xd0, 0x7, 0xe4, 0x80,
    0xf, 0xfe, 0x46, 0x88, 0x7, 0xc3, 0x40, 0x1f,
    0xfc, 0x89, 0x30, 0xf, 0xda, 0x20, 0x1f, 0xfc,
    0x75, 0x60, 0xf, 0xd2, 0x60, 0x1f, 0xfc, 0x72,
    0xa0, 0xf, 0xca, 0xc0, 0x1f, 0xfc, 0x8f, 0x0,
    0xfc, 0x54, 0x1, 0xff, 0xc8, 0xb2, 0x0, 0xfd,
    0xe0, 0x1f, 0xfc, 0x87, 0x40, 0xf, 0xd6, 0x40,
    0x1f, 0xfc, 0x74, 0x80, 0xf, 0xce, 0x80, 0x1f,
    0xfc, 0x71, 0xa0, 0xf, 0xc9, 0x0, 0x1f, 0xfc,
    0x8d, 0x10, 0xf, 0x86, 0x80, 0x3f, 0xf9, 0x12,
    0x60, 0x1f, 0xb4, 0x40, 0x3f, 0xf8, 0xec, 0xc0,
    0xf, 0xd2, 0x60, 0x1f, 0xfc, 0x73, 0x90, 0xf,
    0xc3, 0xd1, 0x1f, 0xfc, 0x75, 0x80, 0xf, 0xe1,
    0x77, 0xff, 0xe4, 0x10, 0x7, 0xff, 0x4c, 0x80,
    0x3f, 0xfa, 0x6e, 0x1, 0xff, 0xd3, 0x20, 0xf,
    0xfe, 0x90, 0x80, 0x7f, 0xf4, 0xc8, 0x0,

    /* U+007B "{" */
    0x0, 0xff, 0x8d, 0xeb, 0x3b, 0xff, 0x80, 0x3f,
    0x97, 0x72, 0x14, 0xc4, 0x3, 0xff, 0x83, 0x34,
    0x40, 0x1f, 0xfc, 0x57, 0x60, 0xf, 0xfe, 0x30,
    0xc0, 0x7, 0xff, 0x1e, 0x40, 0x3f, 0xf9, 0x8,
    0x1, 0xfe, 0x11, 0x88, 0x3, 0xc6, 0x1, 0xfa,
    0xbf, 0xba, 0xd0, 0xf, 0xfe, 0x14, 0xa8, 0x7,
    0xf8, 0x40, 0x3f, 0x30, 0x7, 0xff, 0x1c, 0x80,
    0x3f, 0xf9, 0xc, 0x1, 0xff, 0xff, 0x0, 0xff,
    0xff, 0x80, 0x7f, 0xff, 0xc, 0x3, 0xe1, 0x0,
    0xff, 0xe0, 0x30, 0x7, 0xff, 0x23, 0x0, 0x3e,
    0x20, 0xf, 0xf8, 0x9c, 0x3, 0xef, 0x0, 0xfe,
    0x16, 0xc0, 0xf, 0xca, 0x1, 0xf1, 0xff, 0x48,
    0x80, 0x7c, 0x44, 0x0, 0xff, 0xe3, 0xc8, 0x7,
    0xff, 0x18, 0x69, 0x0, 0x3f, 0xf8, 0xa7, 0xea,
    0x1, 0xff, 0xc6, 0x3f, 0x40, 0xf, 0xfe, 0x38,
    0xda, 0x0, 0x7f, 0xf2, 0x24, 0x3, 0xf1, 0xfe,
    0xc8, 0x80, 0x7c, 0x46, 0x1, 0xfc, 0x4d, 0xa0,
    0x1f, 0x90, 0x3, 0xfe, 0x35, 0x0, 0xfb, 0x80,
    0x3f, 0xf8, 0x1e, 0x1, 0xf1, 0x80, 0x7f, 0xf0,
    0x1c, 0x3, 0xe1, 0x0, 0xff, 0xe0, 0x18, 0x7,
    0xff, 0xfc, 0x3, 0xff, 0xfe, 0x1, 0xff, 0xff,
    0x0, 0xff, 0xeb, 0x30, 0x7, 0xff, 0x20, 0x84,
    0x3, 0xfe, 0x10, 0xf, 0xce, 0x1, 0xff, 0xc0,
    0x10, 0xf, 0xa5, 0x80, 0x3f, 0xe5, 0x0, 0xfd,
    0x3f, 0xdd, 0x68, 0x7, 0xb0, 0x3, 0xfc, 0x23,
    0x10, 0x7, 0x98, 0x40, 0x3f, 0xf8, 0xe3, 0x0,
    0x1f, 0xfc, 0x86, 0x80, 0xf, 0xfe, 0x43, 0xd9,
    0x80, 0x7f, 0xf1, 0xd3, 0x31, 0xa, 0x62, 0x1,
    0xc0,

    /* U+007C "|" */
    0x56, 0x6f, 0xa2, 0x67, 0xe0, 0xf, 0xff, 0xf8,
    0x7, 0xff, 0xfc, 0x3, 0xff, 0xfe, 0x1, 0xff,
    0xff, 0x0, 0xff, 0xff, 0x80, 0x7f, 0xff, 0xc0,
    0x3f, 0xfb, 0x40,

    /* U+007D "}" */
    0xaf, 0xfd, 0xdb, 0x72, 0x80, 0x1f, 0xfc, 0x41,
    0x24, 0x6b, 0xf7, 0x0, 0xff, 0xe4, 0x46, 0x8,
    0x7, 0xff, 0x1c, 0xf4, 0x3, 0xff, 0x90, 0x6c,
    0x1, 0xff, 0xc8, 0xb0, 0xf, 0x18, 0x8c, 0x1,
    0xfe, 0x21, 0x0, 0xe9, 0xee, 0xbf, 0xc, 0x3,
    0xf2, 0x80, 0x7f, 0x8f, 0x40, 0x3f, 0x8, 0x7,
    0xfc, 0x28, 0x1, 0xf1, 0x80, 0x7f, 0xf0, 0xc,
    0x3, 0xff, 0x91, 0xc0, 0x1f, 0xff, 0xf0, 0xf,
    0xff, 0xf8, 0x7, 0xff, 0xfc, 0x3, 0xff, 0x82,
    0x20, 0x1f, 0xfc, 0x3, 0x0, 0xfb, 0x80, 0x3f,
    0xf8, 0xc, 0x1, 0xf2, 0x0, 0x7f, 0xf0, 0x4,
    0x3, 0xe2, 0x60, 0xf, 0xf8, 0x88, 0x1, 0xf4,
    0xc1, 0x0, 0x7f, 0x94, 0x3, 0xf3, 0xef, 0xc0,
    0x7, 0xe9, 0x10, 0xf, 0xfe, 0x38, 0xe1, 0x80,
    0x7f, 0xf1, 0xcb, 0x1c, 0x3, 0xff, 0x8c, 0x38,
    0xe0, 0x1f, 0xfc, 0x6c, 0x30, 0xf, 0xfe, 0x34,
    0x10, 0x7, 0xff, 0x1d, 0x80, 0x3f, 0x36, 0x7c,
    0x0, 0x7c, 0x42, 0x1, 0xf4, 0x49, 0x80, 0x7f,
    0x30, 0x7, 0xc2, 0xe0, 0x1f, 0xf0, 0x80, 0x7c,
    0x80, 0x1f, 0xfc, 0x3, 0x0, 0xfb, 0x40, 0x3f,
    0xf9, 0x2, 0x1, 0xff, 0xff, 0x0, 0xff, 0xff,
    0x80, 0x7f, 0xff, 0xc0, 0x3f, 0xf8, 0xdc, 0x1,
    0xff, 0xc8, 0x30, 0xf, 0xfe, 0x38, 0xa0, 0x7,
    0xc6, 0x1, 0xfe, 0x3c, 0x0, 0xfc, 0xc0, 0x1d,
    0x3d, 0xd7, 0xe1, 0x0, 0x7e, 0x30, 0xe, 0x31,
    0x18, 0x3, 0xfc, 0x60, 0x1f, 0xfc, 0x88, 0x0,
    0xff, 0xe3, 0xa2, 0x0, 0x3f, 0xf8, 0xc9, 0x60,
    0x1f, 0xfc, 0x51, 0x8b, 0x0, 0xff, 0xe0, 0x89,
    0x23, 0xdf, 0x38, 0x7, 0xf0,

    /* U+007E "~" */
    0x0, 0xf9, 0x23, 0x37, 0xb9, 0x6e, 0x20, 0x1f,
    0xfc, 0x22, 0x66, 0xf2, 0x80, 0x72, 0xed, 0xb9,
    0x90, 0x89, 0x23, 0xa4, 0x40, 0x3f, 0xf8, 0x9,
    0x33, 0xe8, 0x0, 0xd3, 0x44, 0x1, 0xfc, 0xde,
    0xa0, 0x1f, 0xf7, 0x0, 0x7f, 0xa5, 0x80, 0x3f,
    0xf8, 0x3, 0x54, 0x10, 0xf, 0xe2, 0x0, 0xf0,
    0x80, 0x11, 0x80, 0x3f, 0xf8, 0x6b, 0xe8, 0x1,
    0xf9, 0x40, 0x3c, 0xc0, 0x8, 0x0, 0xff, 0xe2,
    0x8d, 0xc0, 0x7, 0xa0, 0x3, 0xe2, 0x3, 0x30,
    0x7, 0xff, 0x1d, 0xf5, 0x88, 0x4e, 0x9c, 0x3,
    0xed, 0xb, 0x0, 0xff, 0xe4, 0x94, 0xef, 0x62,
    0x80, 0x7e, 0x40, 0x50, 0xf, 0x86, 0x7b, 0xf5,
    0xc0, 0x3f, 0xf9, 0x26, 0x20, 0x40, 0x1f, 0x63,
    0x8, 0x14, 0x71, 0x80, 0x7f, 0xf1, 0xe8, 0x8,
    0x3, 0xe7, 0x20, 0xe, 0x1c, 0x70, 0xf, 0xfe,
    0x29, 0x30, 0x30, 0x7, 0xd6, 0x1, 0xfa, 0x2c,
    0x40, 0x3f, 0xf8, 0x7c, 0x0, 0x10, 0xf, 0x88,
    0x3, 0xf9, 0x3d, 0x0, 0x3f, 0xf8, 0x3, 0x86,
    0x0, 0x30, 0xf, 0x84, 0x3, 0xfc, 0x37, 0x62,
    0x0, 0xfe, 0x5c, 0x30, 0x9, 0x62, 0x3e, 0x0,
    0xff, 0xe0, 0xa6, 0xd2, 0x88, 0x0, 0x4e, 0x32,
    0x88, 0x3, 0x0,

    /* U+00B0 "°" */
    0x0, 0xf2, 0x4e, 0xf7, 0xf6, 0x38, 0x80, 0x7f,
    0x93, 0x6d, 0x88, 0x40, 0x4e, 0x3a, 0x0, 0x3f,
    0x3d, 0x90, 0x7, 0xf3, 0xe8, 0x80, 0x73, 0xc0,
    0x7, 0xff, 0x0, 0xb0, 0x3, 0x24, 0x0, 0x7f,
    0xf0, 0x8a, 0x80, 0x29, 0x0, 0xe2, 0xae, 0xfd,
    0x70, 0xe, 0x53, 0x4, 0x20, 0xc, 0x9a, 0xa2,
    0x5, 0x16, 0x1, 0xd0, 0x1a, 0x1, 0xd4, 0x1,
    0xe4, 0x60, 0xc, 0x80, 0xa0, 0x19, 0x44, 0x3,
    0xeb, 0x0, 0xe4, 0x20, 0xd, 0x80, 0x1f, 0x88,
    0x3, 0x88, 0x40, 0x31, 0x80, 0x7f, 0x8, 0x6,
    0x11, 0x0, 0x63, 0x0, 0xfe, 0x10, 0xc, 0x44,
    0x0, 0xd8, 0x1, 0xf8, 0x80, 0x38, 0x50, 0x3,
    0x28, 0x80, 0x7d, 0x60, 0x1c, 0x96, 0x1, 0xd4,
    0x1, 0xe5, 0x60, 0xc, 0x80, 0x66, 0x0, 0xc9,
    0xac, 0x42, 0x73, 0x40, 0x1d, 0xe0, 0xf, 0x0,
    0xe2, 0x9d, 0xec, 0x60, 0xe, 0x44, 0x0, 0xe,
    0x0, 0x3f, 0xf8, 0x43, 0x40, 0x19, 0xe0, 0x3,
    0xff, 0x80, 0x58, 0x20, 0x1c, 0xf6, 0x40, 0x1f,
    0xcd, 0xa4, 0x1, 0xf2, 0x6d, 0xb1, 0x8, 0xa,
    0x47, 0x48, 0x7, 0x0,

    /* U+2191 "↑" */
    0x0, 0xff, 0xe0, 0xb3, 0x0, 0x3f, 0xf9, 0xad,
    0x33, 0x0, 0x7f, 0xf2, 0xc6, 0x40, 0xc, 0x60,
    0x1f, 0xfc, 0xaa, 0x0, 0xdc, 0x1, 0xff, 0xc9,
    0x64, 0x0, 0xc5, 0x20, 0x1f, 0xfc, 0x71, 0x90,
    0xf, 0x32, 0x0, 0x7f, 0xf1, 0xa8, 0x3, 0xf4,
    0x80, 0x7f, 0xf1, 0x59, 0x0, 0x3f, 0x14, 0x80,
    0x7f, 0xf0, 0xca, 0x40, 0x3f, 0xcc, 0x80, 0x1f,
    0xfc, 0x29, 0x0, 0x98, 0x40, 0x27, 0x0, 0xa8,
    0x3, 0xff, 0x82, 0xc8, 0x0, 0x19, 0x0, 0xd2,
    0x80, 0x1, 0x90, 0xf, 0xf8, 0xa4, 0x2, 0xa0,
    0xf, 0x48, 0x4, 0xc8, 0x1, 0xfe, 0xe0, 0x9,
    0x90, 0x3, 0xc5, 0x20, 0x15, 0x0, 0x7f, 0x31,
    0x80, 0x6, 0x40, 0x3f, 0x31, 0x80, 0x6, 0x40,
    0x3e, 0x29, 0x0, 0xa8, 0x3, 0xfd, 0xc0, 0x13,
    0x20, 0x7, 0xb8, 0x2, 0x54, 0x0, 0xff, 0x14,
    0x0, 0x54, 0x20, 0x19, 0xcc, 0x0, 0x36, 0x1,
    0xff, 0xc0, 0x73, 0x0, 0xd, 0x80, 0x45, 0x0,
    0x15, 0x8, 0x7, 0xff, 0x7, 0x80, 0x25, 0x40,
    0x7, 0x0, 0x4a, 0x80, 0x1f, 0xfc, 0x22, 0x80,
    0xa, 0x84, 0x24, 0x40, 0x6c, 0x3, 0xff, 0x88,
    0xe6, 0x0, 0x91, 0x5, 0xf6, 0xb1, 0x0, 0xff,
    0xe2, 0xf2, 0x6b, 0x80, 0x43, 0x2a, 0x1, 0xff,
    0xc6, 0x2b, 0x20, 0xf, 0xff, 0xf8, 0x7, 0xff,
    0xfc, 0x3, 0xff, 0xfe, 0x1, 0xff, 0xff, 0x0,
    0xff, 0xff, 0x80, 0x7f, 0xff, 0xc0, 0x3f, 0xff,
    0xe0, 0x1f, 0xff, 0xf0, 0xf, 0xff, 0xf8, 0x7,
    0xff, 0xfc, 0x3, 0xff, 0xfe, 0x1, 0xff, 0xfd,

    /* U+2193 "↓" */
    0x0, 0xff, 0xe0, 0x2b, 0x34, 0x1, 0xff, 0xcc,
    0xb9, 0x98, 0x40, 0x3f, 0xff, 0xe0, 0x1f, 0xff,
    0xf0, 0xf, 0xff, 0xf8, 0x7, 0xff, 0xfc, 0x3,
    0xff, 0xfe, 0x1, 0xff, 0xff, 0x0, 0xff, 0xff,
    0x80, 0x7f, 0xff, 0xc0, 0x3f, 0xff, 0xe0, 0x1f,
    0xff, 0xf0, 0xf, 0xff, 0xf8, 0x7, 0xff, 0xb4,
    0x40, 0x3f, 0xf9, 0x4, 0x1, 0xcb, 0xf2, 0x1,
    0xff, 0xc6, 0x6d, 0x70, 0xa, 0xe8, 0x59, 0x0,
    0x3f, 0xf8, 0x83, 0x21, 0x1a, 0x20, 0x60, 0x14,
    0x80, 0x7f, 0xf1, 0x28, 0x2, 0x61, 0x8, 0x20,
    0x1, 0x48, 0x7, 0xff, 0x9, 0x90, 0x0, 0x34,
    0x1, 0x70, 0x4, 0xc6, 0x1, 0xff, 0xc0, 0x19,
    0x0, 0xac, 0x40, 0x23, 0x70, 0xb, 0x80, 0x3f,
    0xf8, 0x14, 0x1, 0x2a, 0x80, 0x3a, 0xc, 0x0,
    0x50, 0x1, 0xfe, 0x54, 0x0, 0xd, 0x80, 0x7d,
    0xc0, 0x13, 0x98, 0x7, 0xe1, 0xb0, 0xa, 0xc4,
    0x3, 0xe2, 0x80, 0xb, 0x80, 0x3f, 0x50, 0x80,
    0x15, 0x40, 0x1f, 0xce, 0x60, 0x2, 0x80, 0xf,
    0x2a, 0x0, 0x6, 0xc0, 0x3f, 0xee, 0x0, 0x9c,
    0xc0, 0x31, 0x58, 0x5, 0x62, 0x1, 0xff, 0x14,
    0x0, 0x5c, 0x20, 0x17, 0x88, 0x1, 0x54, 0x1,
    0xff, 0xc1, 0x73, 0x0, 0x10, 0x6, 0x30, 0x0,
    0xd8, 0x7, 0xff, 0xf, 0x80, 0x3f, 0xd6, 0x20,
    0x1f, 0xfc, 0x32, 0x80, 0xf, 0xca, 0xa0, 0xf,
    0xfe, 0x2b, 0x98, 0x7, 0x86, 0xc0, 0x3f, 0xf8,
    0xfc, 0x1, 0xea, 0x10, 0xf, 0xfe, 0x39, 0x40,
    0x6, 0x54, 0x0, 0xff, 0xe4, 0xb9, 0x80, 0x6,
    0xc0, 0x3f, 0xf9, 0x7c, 0x0, 0xa1, 0x0, 0xff,
    0xe5, 0x97, 0xf9, 0x0, 0x3f, 0xf8, 0x0
};


/*---------------------
 *  GLYPH DESCRIPTION
 *--------------------*/

static const lv_font_fmt_txt_glyph_dsc_t glyph_dsc[] = {
    {.bitmap_index = 0, .adv_w = 0, .box_w = 0, .box_h = 0, .ofs_x = 0, .ofs_y = 0} /* id = 0 reserved */,
    {.bitmap_index = 0, .adv_w = 257, .box_w = 0, .box_h = 0, .ofs_x = 0, .ofs_y = 0},
    {.bitmap_index = 0, .adv_w = 290, .box_w = 10, .box_h = 52, .ofs_x = 4, .ofs_y = 0},
    {.bitmap_index = 74, .adv_w = 410, .box_w = 21, .box_h = 20, .ofs_x = 2, .ofs_y = 32},
    {.bitmap_index = 166, .adv_w = 682, .box_w = 41, .box_h = 49, .ofs_x = 1, .ofs_y = 0},
    {.bitmap_index = 604, .adv_w = 682, .box_w = 38, .box_h = 67, .ofs_x = 2, .ofs_y = -8},
    {.bitmap_index = 1135, .adv_w = 1087, .box_w = 64, .box_h = 53, .ofs_x = 2, .ofs_y = -1},
    {.bitmap_index = 2004, .adv_w = 752, .box_w = 46, .box_h = 54, .ofs_x = 2, .ofs_y = -1},
    {.bitmap_index = 2626, .adv_w = 215, .box_w = 9, .box_h = 20, .ofs_x = 2, .ofs_y = 32},
    {.bitmap_index = 2669, .adv_w = 324, .box_w = 17, .box_h = 63, .ofs_x = 3, .ofs_y = -9},
    {.bitmap_index = 2947, .adv_w = 324, .box_w = 17, .box_h = 63, .ofs_x = 0, .ofs_y = -9},
    {.bitmap_index = 3231, .adv_w = 464, .box_w = 27, .box_h = 26, .ofs_x = 1, .ofs_y = 26},
    {.bitmap_index = 3452, .adv_w = 682, .box_w = 35, .box_h = 37, .ofs_x = 4, .ofs_y = 7},
    {.bitmap_index = 3537, .adv_w = 266, .box_w = 12, .box_h = 18, .ofs_x = 2, .ofs_y = -7},
    {.bitmap_index = 3610, .adv_w = 449, .box_w = 22, .box_h = 9, .ofs_x = 3, .ofs_y = 17},
    {.bitmap_index = 3626, .adv_w = 266, .box_w = 10, .box_h = 11, .ofs_x = 3, .ofs_y = 0},
    {.bitmap_index = 3638, .adv_w = 411, .box_w = 26, .box_h = 54, .ofs_x = 0, .ofs_y = 0},
    {.bitmap_index = 3970, .adv_w = 682, .box_w = 38, .box_h = 53, .ofs_x = 2, .ofs_y = -1},
    {.bitmap_index = 4464, .adv_w = 682, .box_w = 23, .box_h = 51, .ofs_x = 6, .ofs_y = 0},
    {.bitmap_index = 4597, .adv_w = 682, .box_w = 36, .box_h = 52, .ofs_x = 3, .ofs_y = 0},
    {.bitmap_index = 4993, .adv_w = 682, .box_w = 36, .box_h = 53, .ofs_x = 3, .ofs_y = -1},
    {.bitmap_index = 5442, .adv_w = 682, .box_w = 38, .box_h = 51, .ofs_x = 2, .ofs_y = 0},
    {.bitmap_index = 5699, .adv_w = 682, .box_w = 35, .box_h = 52, .ofs_x = 4, .ofs_y = -1},
    {.bitmap_index = 6100, .adv_w = 682, .box_w = 37, .box_h = 53, .ofs_x = 3, .ofs_y = -1},
    {.bitmap_index = 6619, .adv_w = 682, .box_w = 35, .box_h = 51, .ofs_x = 3, .ofs_y = 0},
    {.bitmap_index = 6911, .adv_w = 682, .box_w = 38, .box_h = 53, .ofs_x = 2, .ofs_y = -1},
    {.bitmap_index = 7453, .adv_w = 682, .box_w = 36, .box_h = 53, .ofs_x = 3, .ofs_y = -1},
    {.bitmap_index = 7970, .adv_w = 266, .box_w = 10, .box_h = 38, .ofs_x = 3, .ofs_y = 0},
    {.bitmap_index = 8002, .adv_w = 266, .box_w = 12, .box_h = 45, .ofs_x = 2, .ofs_y = -7},
    {.bitmap_index = 8098, .adv_w = 682, .box_w = 34, .box_h = 37, .ofs_x = 5, .ofs_y = 6},
    {.bitmap_index = 8372, .adv_w = 682, .box_w = 33, .box_h = 24, .ofs_x = 5, .ofs_y = 13},
    {.bitmap_index = 8421, .adv_w = 682, .box_w = 34, .box_h = 37, .ofs_x = 4, .ofs_y = 6},
    {.bitmap_index = 8697, .adv_w = 584, .box_w = 33, .box_h = 53, .ofs_x = 1, .ofs_y = 0},
    {.bitmap_index = 9025, .adv_w = 1128, .box_w = 65, .box_h = 66, .ofs_x = 3, .ofs_y = -16},
    {.bitmap_index = 10122, .adv_w = 790, .box_w = 49, .box_h = 52, .ofs_x = 0, .ofs_y = 0},
    {.bitmap_index = 10626, .adv_w = 737, .box_w = 39, .box_h = 52, .ofs_x = 5, .ofs_y = 0},
    {.bitmap_index = 10961, .adv_w = 820, .box_w = 46, .box_h = 55, .ofs_x = 3, .ofs_y = -1},
    {.bitmap_index = 11482, .adv_w = 836, .box_w = 44, .box_h = 52, .ofs_x = 5, .ofs_y = 0},
    {.bitmap_index = 11827, .adv_w = 690, .box_w = 37, .box_h = 52, .ofs_x = 5, .ofs_y = 0},
    {.bitmap_index = 11955, .adv_w = 661, .box_w = 34, .box_h = 53, .ofs_x = 5, .ofs_y = -1},
    {.bitmap_index = 12058, .adv_w = 831, .box_w = 46, .box_h = 55, .ofs_x = 3, .ofs_y = -1},
    {.bitmap_index = 12550, .adv_w = 824, .box_w = 42, .box_h = 52, .ofs_x = 5, .ofs_y = 0},
    {.bitmap_index = 12671, .adv_w = 313, .box_w = 10, .box_h = 52, .ofs_x = 5, .ofs_y = 0},
    {.bitmap_index = 12697, .adv_w = 711, .box_w = 38, .box_h = 53, .ofs_x = 2, .ofs_y = -1},
    {.bitmap_index = 12937, .adv_w = 763, .box_w = 43, .box_h = 52, .ofs_x = 5, .ofs_y = 0},
    {.bitmap_index = 13318, .adv_w = 660, .box_w = 35, .box_h = 52, .ofs_x = 5, .ofs_y = 0},
    {.bitmap_index = 13419, .adv_w = 983, .box_w = 51, .box_h = 52, .ofs_x = 5, .ofs_y = 0},
    {.bitmap_index = 13905, .adv_w = 818, .box_w = 41, .box_h = 52, .ofs_x = 5, .ofs_y = 0},
    {.bitmap_index = 14185, .adv_w = 889, .box_w = 49, .box_h = 55, .ofs_x = 3, .ofs_y = -1},
    {.bitmap_index = 14769, .adv_w = 729, .box_w = 38, .box_h = 52, .ofs_x = 5, .ofs_y = 0},
    {.bitmap_index = 15013, .adv_w = 890, .box_w = 49, .box_h = 61, .ofs_x = 3, .ofs_y = -7},
    {.bitmap_index = 15685, .adv_w = 741, .box_w = 40, .box_h = 52, .ofs_x = 5, .ofs_y = 0},
    {.bitmap_index = 16018, .adv_w = 742, .box_w = 42, .box_h = 55, .ofs_x = 2, .ofs_y = -1},
    {.bitmap_index = 16561, .adv_w = 703, .box_w = 42, .box_h = 53, .ofs_x = 1, .ofs_y = -1},
    {.bitmap_index = 16682, .adv_w = 793, .box_w = 41, .box_h = 53, .ofs_x = 4, .ofs_y = -1},
    {.bitmap_index = 16953, .adv_w = 786, .box_w = 49, .box_h = 52, .ofs_x = 0, .ofs_y = 0},
    {.bitmap_index = 17487, .adv_w = 1094, .box_w = 68, .box_h = 52, .ofs_x = 0, .ofs_y = 0},
    {.bitmap_index = 18381, .adv_w = 761, .box_w = 48, .box_h = 52, .ofs_x = 0, .ofs_y = 0},
    {.bitmap_index = 18950, .adv_w = 732, .box_w = 45, .box_h = 52, .ofs_x = 0, .ofs_y = 0},
    {.bitmap_index = 19317, .adv_w = 675, .box_w = 40, .box_h = 52, .ofs_x = 1, .ofs_y = 0},
    {.bitmap_index = 19630, .adv_w = 355, .box_w = 17, .box_h = 63, .ofs_x = 5, .ofs_y = -9},
    {.bitmap_index = 19695, .adv_w = 411, .box_w = 26, .box_h = 54, .ofs_x = 0, .ofs_y = 0},
    {.bitmap_index = 20021, .adv_w = 355, .box_w = 17, .box_h = 63, .ofs_x = 0, .ofs_y = -9},
    {.bitmap_index = 20084, .adv_w = 682, .box_w = 37, .box_h = 30, .ofs_x = 3, .ofs_y = 22},
    {.bitmap_index = 20363, .adv_w = 576, .box_w = 36, .box_h = 4, .ofs_x = 0, .ofs_y = -13},
    {.bitmap_index = 20373, .adv_w = 669, .box_w = 19, .box_h = 11, .ofs_x = 11, .ofs_y = 43},
    {.bitmap_index = 20435, .adv_w = 632, .box_w = 34, .box_h = 40, .ofs_x = 2, .ofs_y = -1},
    {.bitmap_index = 20792, .adv_w = 703, .box_w = 37, .box_h = 53, .ofs_x = 4, .ofs_y = -1},
    {.bitmap_index = 21177, .adv_w = 650, .box_w = 35, .box_h = 40, .ofs_x = 3, .ofs_y = -1},
    {.bitmap_index = 21528, .adv_w = 702, .box_w = 37, .box_h = 53, .ofs_x = 3, .ofs_y = -1},
    {.bitmap_index = 21904, .adv_w = 668, .box_w = 36, .box_h = 41, .ofs_x = 3, .ofs_y = -1},
    {.bitmap_index = 22263, .adv_w = 410, .box_w = 26, .box_h = 54, .ofs_x = 1, .ofs_y = -1},
    {.bitmap_index = 22425, .adv_w = 702, .box_w = 37, .box_h = 54, .ofs_x = 3, .ofs_y = -15},
    {.bitmap_index = 22927, .adv_w = 669, .box_w = 34, .box_h = 52, .ofs_x = 4, .ofs_y = 0},
    {.bitmap_index = 23127, .adv_w = 283, .box_w = 10, .box_h = 52, .ofs_x = 4, .ofs_y = 0},
    {.bitmap_index = 23164, .adv_w = 283, .box_w = 20, .box_h = 65, .ofs_x = -6, .ofs_y = -13},
    {.bitmap_index = 23304, .adv_w = 634, .box_w = 36, .box_h = 52, .ofs_x = 4, .ofs_y = 0},
    {.bitmap_index = 23595, .adv_w = 283, .box_w = 9, .box_h = 52, .ofs_x = 4, .ofs_y = 0},
    {.bitmap_index = 23619, .adv_w = 1000, .box_w = 55, .box_h = 39, .ofs_x = 4, .ofs_y = 0},
    {.bitmap_index = 23917, .adv_w = 669, .box_w = 34, .box_h = 39, .ofs_x = 4, .ofs_y = 0},
    {.bitmap_index = 24100, .adv_w = 702, .box_w = 38, .box_h = 40, .ofs_x = 3, .ofs_y = -1},
    {.bitmap_index = 24490, .adv_w = 703, .box_w = 37, .box_h = 53, .ofs_x = 4, .ofs_y = -14},
    {.bitmap_index = 24885, .adv_w = 703, .box_w = 37, .box_h = 53, .ofs_x = 3, .ofs_y = -14},
    {.bitmap_index = 25276, .adv_w = 453, .box_w = 23, .box_h = 39, .ofs_x = 4, .ofs_y = 0},
    {.bitmap_index = 25394, .adv_w = 611, .box_w = 34, .box_h = 41, .ofs_x = 2, .ofs_y = -1},
    {.bitmap_index = 25776, .adv_w = 418, .box_w = 25, .box_h = 49, .ofs_x = 1, .ofs_y = -1},
    {.bitmap_index = 25921, .adv_w = 661, .box_w = 33, .box_h = 39, .ofs_x = 4, .ofs_y = -1},
    {.bitmap_index = 26094, .adv_w = 627, .box_w = 39, .box_h = 38, .ofs_x = 0, .ofs_y = 0},
    {.bitmap_index = 26460, .adv_w = 867, .box_w = 54, .box_h = 38, .ofs_x = 0, .ofs_y = 0},
    {.bitmap_index = 27039, .adv_w = 605, .box_w = 38, .box_h = 38, .ofs_x = 0, .ofs_y = 0},
    {.bitmap_index = 27414, .adv_w = 628, .box_w = 39, .box_h = 52, .ofs_x = 0, .ofs_y = -14},
    {.bitmap_index = 27883, .adv_w = 558, .box_w = 32, .box_h = 38, .ofs_x = 2, .ofs_y = 0},
    {.bitmap_index = 28106, .adv_w = 357, .box_w = 21, .box_h = 62, .ofs_x = 1, .ofs_y = -9},
    {.bitmap_index = 28331, .adv_w = 290, .box_w = 8, .box_h = 63, .ofs_x = 5, .ofs_y = -9},
    {.bitmap_index = 28358, .adv_w = 357, .box_w = 21, .box_h = 62, .ofs_x = 0, .ofs_y = -9},
    {.bitmap_index = 28587, .adv_w = 682, .box_w = 38, .box_h = 15, .ofs_x = 2, .ofs_y = 17},
    {.bitmap_index = 28758, .adv_w = 392, .box_w = 21, .box_h = 21, .ofs_x = 2, .ofs_y = 31},
    {.bitmap_index = 28914, .adv_w = 970, .box_w = 28, .box_h = 54, .ofs_x = 16, .ofs_y = 0},
    {.bitmap_index = 29130, .adv_w = 970, .box_w = 28, .box_h = 55, .ofs_x = 16, .ofs_y = -3}
};

/*---------------------
 *  CHARACTER MAPPING
 *--------------------*/

static const uint16_t unicode_list_1[] = {
    0x0, 0x20e1, 0x20e3
};

/*Collect the unicode lists and glyph_id offsets*/
static const lv_font_fmt_txt_cmap_t cmaps[] =
{
    {
        .range_start = 32, .range_length = 95, .glyph_id_start = 1,
        .unicode_list = NULL, .glyph_id_ofs_list = NULL, .list_length = 0, .type = LV_FONT_FMT_TXT_CMAP_FORMAT0_TINY
    },
    {
        .range_start = 176, .range_length = 8420, .glyph_id_start = 96,
        .unicode_list = unicode_list_1, .glyph_id_ofs_list = NULL, .list_length = 3, .type = LV_FONT_FMT_TXT_CMAP_SPARSE_TINY
    }
};



/*--------------------
 *  ALL CUSTOM DATA
 *--------------------*/

#if LVGL_VERSION_MAJOR == 8
/*Store all the custom data of the font*/
static  lv_font_fmt_txt_glyph_cache_t cache;
#endif

#if LVGL_VERSION_MAJOR >= 8
static const lv_font_fmt_txt_dsc_t font_dsc = {
#else
static lv_font_fmt_txt_dsc_t font_dsc = {
#endif
    .glyph_bitmap = glyph_bitmap,
    .glyph_dsc = glyph_dsc,
    .cmaps = cmaps,
    .kern_dsc = NULL,
    .kern_scale = 0,
    .cmap_num = 2,
    .bpp = 4,
    .kern_classes = 0,
    .bitmap_format = 1,
#if LVGL_VERSION_MAJOR == 8
    .cache = &cache
#endif
};



/*-----------------
 *  PUBLIC FONT
 *----------------*/

/*Initialize a public general font descriptor*/
#if LVGL_VERSION_MAJOR >= 8
const lv_font_t c_aktivgroteskmedium_72 = {
#else
lv_font_t c_aktivgroteskmedium_72 = {
#endif
    .get_glyph_dsc = lv_font_get_glyph_dsc_fmt_txt,    /*Function pointer to get glyph's data*/
    .get_glyph_bitmap = lv_font_get_bitmap_fmt_txt,    /*Function pointer to get glyph's bitmap*/
    .line_height = 75,          /*The maximum line height required by the font*/
    .base_line = 16,             /*Baseline measured from the bottom of the line*/
#if !(LVGL_VERSION_MAJOR == 6 && LVGL_VERSION_MINOR == 0)
    .subpx = LV_FONT_SUBPX_NONE,
#endif
#if LV_VERSION_CHECK(7, 4, 0) || LVGL_VERSION_MAJOR >= 8
    .underline_position = -7,
    .underline_thickness = 5,
#endif
    .dsc = &font_dsc,          /*The custom font data. Will be accessed by `get_glyph_bitmap/dsc` */
#if LV_VERSION_CHECK(8, 2, 0) || LVGL_VERSION_MAJOR >= 9
    .fallback = NULL,
#endif
    .user_data = NULL,
};



#endif /*#if C_AKTIVGROTESKMEDIUM_72*/

