/*******************************************************************************
 * Size: 60 px
 * Bpp: 4
 * Opts: --font D:/My_STM32_Project/UIBUILDWER/first_ui_project/resources/font/AktivGroteskMedium.ttf --size 60 --bpp 4 -r 0x0020-0x007e --format lvgl -o D:/My_STM32_Project/UIBUILDWER/first_ui_project/ui_builder/font/c_aktivgroteskmedium_60.c
 ******************************************************************************/

#ifdef __has_include
    #if __has_include("lvgl.h")
        #ifndef LV_LVGL_H_INCLUDE_SIMPLE
            #define LV_LVGL_H_INCLUDE_SIMPLE
        #endif
    #endif
#endif

#ifdef LV_LVGL_H_INCLUDE_SIMPLE
    #include "lvgl.h"
#else
    #include "lvgl/lvgl.h"
#endif

#ifndef C_AKTIVGROTESKMEDIUM_60
#define C_AKTIVGROTESKMEDIUM_60 1
#endif

#if C_AKTIVGROTESKMEDIUM_60

/*-----------------
 *    BITMAPS
 *----------------*/

/*Store the image of the glyphs*/
static LV_ATTRIBUTE_LARGE_CONST const uint8_t glyph_bitmap[] = {
    /* U+0020 " " */

    /* U+0021 "!" */
    0xf, 0xff, 0x8c, 0x3, 0xff, 0x8a, 0x20, 0x1f,
    0xfd, 0x73, 0x1, 0x0, 0xff, 0xea, 0x88, 0x18,
    0x7, 0xff, 0x5c, 0x40, 0x3f, 0xf9, 0x62, 0x0,
    0x70, 0xf, 0xfe, 0xa1, 0x80, 0x4, 0x3, 0xff,
    0xa8, 0x20, 0x3, 0x0, 0xff, 0xe7, 0x71, 0x9f,
    0x28, 0x1, 0xf3, 0x3a, 0x40, 0x3f, 0xfa, 0x24,
    0x67, 0xe0, 0x6, 0x67, 0xc0, 0x1f, 0xff, 0x40,

    /* U+0022 "\"" */
    0xcf, 0xff, 0x0, 0x55, 0xff, 0xe2, 0x70, 0xf,
    0xe3, 0x0, 0xf1, 0x80, 0x78, 0x40, 0x3f, 0xf9,
    0x22, 0x1, 0xe1, 0x10, 0x7, 0xff, 0x2c, 0xc0,
    0x2f, 0x0, 0xf8, 0xc0, 0x3f, 0xf9, 0x62, 0x1,
    0xfc, 0x20, 0x20, 0x1f, 0xc2, 0x1, 0xff, 0xc1,
    0x70, 0xf, 0xfe, 0x49, 0x80, 0x71, 0x87, 0x80,
    0x7f, 0xf2, 0xc4, 0x2, 0x10, 0xe, 0x10, 0x10,
    0xf, 0xfe, 0x59, 0x80, 0x7f, 0x38, 0x2a, 0xfb,
    0xc0, 0x26, 0x55, 0xec, 0x0,

    /* U+0023 "#" */
    0x0, 0xff, 0x2c, 0x47, 0x10, 0x7, 0xcd, 0x11,
    0xc0, 0x1f, 0xfc, 0x29, 0x77, 0xe0, 0xf, 0xd0,
    0xef, 0xc0, 0x1f, 0xfc, 0x22, 0x0, 0xe2, 0x0,
    0xf0, 0x88, 0x3, 0x18, 0x7, 0xff, 0x4, 0x44,
    0x1, 0x8c, 0x3, 0xe5, 0x0, 0xe6, 0x0, 0xff,
    0xe0, 0xa8, 0x7, 0x30, 0x7, 0xc4, 0x1, 0xda,
    0x1, 0xff, 0xc1, 0x30, 0xe, 0xd0, 0xf, 0xbc,
    0x3, 0x8c, 0x3, 0xff, 0x83, 0xc0, 0x1c, 0x60,
    0x1f, 0x28, 0x7, 0x28, 0x7, 0xff, 0x5, 0x40,
    0x39, 0x40, 0x3e, 0x20, 0xe, 0x10, 0xf, 0xfe,
    0x9, 0x80, 0x61, 0x10, 0x7, 0x84, 0x40, 0x18,
    0xc0, 0x3f, 0xf8, 0x24, 0x1, 0xca, 0x1, 0xf2,
    0x80, 0x72, 0x80, 0x7d, 0xdf, 0xfd, 0xa0, 0x1c,
    0x9f, 0xff, 0x58, 0x7, 0x37, 0xfe, 0x40, 0xf,
    0xff, 0xf8, 0x7, 0xff, 0xcf, 0xbf, 0xf6, 0x80,
    0x71, 0xff, 0xfd, 0x80, 0x1c, 0xbf, 0xfc, 0x80,
    0x1f, 0x30, 0x7, 0x30, 0x7, 0xca, 0x1, 0xda,
    0x1, 0xff, 0xc1, 0x30, 0xe, 0xd0, 0xf, 0xb8,
    0x3, 0x88, 0x3, 0xff, 0x83, 0xc0, 0x1c, 0x60,
    0x1f, 0x18, 0x7, 0x38, 0x7, 0xff, 0x5, 0x40,
    0x39, 0x80, 0x3e, 0x50, 0xe, 0x20, 0xf, 0xfe,
    0x9, 0x0, 0x71, 0x0, 0x7c, 0x20, 0x18, 0x80,
    0x3f, 0xf8, 0x22, 0x20, 0xc, 0x40, 0x1f, 0x18,
    0x7, 0x30, 0x7, 0xff, 0x4, 0x80, 0x39, 0xc0,
    0x3e, 0x60, 0xe, 0x30, 0xf, 0xfe, 0xa, 0x80,
    0x76, 0x80, 0x7d, 0xa0, 0x1d, 0xc0, 0x1f, 0xfc,
    0x1f, 0x0, 0xe2, 0x0, 0xf8, 0xc0, 0x39, 0x40,
    0x3f, 0xf8, 0x24, 0x1, 0xce, 0x1, 0xf3, 0x0,
    0x71, 0x0, 0x7d, 0xbf, 0xfc, 0x80, 0x1d, 0xbf,
    0xff, 0x10, 0x7, 0x77, 0xfe, 0x20, 0xf, 0xff,
    0xf8, 0x7, 0xff, 0xcf, 0x7f, 0xf2, 0x0, 0x76,
    0xff, 0xfc, 0x40, 0x1d, 0xff, 0xe2, 0x0, 0xf9,
    0x40, 0x38, 0x80, 0x3e, 0x20, 0xc, 0x40, 0x1f,
    0xfc, 0x21, 0x0, 0xc4, 0x1, 0xf1, 0x80, 0x73,
    0x0, 0x7f, 0xf0, 0x4c, 0x3, 0x9c, 0x3, 0xe6,
    0x0, 0xe3, 0x0, 0xff, 0xe0, 0xa8, 0x7, 0x10,
    0x7, 0xda, 0x1, 0xda, 0x1, 0xff, 0xc1, 0xe0,
    0xe, 0xd0, 0xf, 0x88, 0x3, 0x98, 0x3, 0xff,
    0x82, 0x60, 0x1c, 0xe0, 0x1f, 0x38, 0x7, 0x18,
    0x7, 0xff, 0x5, 0x80, 0x38, 0x80, 0x3e, 0x20,
    0xc, 0x20, 0x1f, 0xfc, 0x22, 0x0, 0xc4, 0x1,
    0xf1, 0x0, 0x72, 0x80, 0x7f, 0xf0, 0x48, 0x3,
    0x98, 0x3, 0xe7, 0x0, 0xe2, 0x0, 0xff, 0x0,

    /* U+0024 "$" */
    0x0, 0xff, 0xe0, 0x8b, 0x34, 0x40, 0x1f, 0xfc,
    0xe2, 0x99, 0x90, 0x3, 0xff, 0xfe, 0x1, 0xff,
    0xe0, 0x60, 0x8, 0x44, 0x1, 0xff, 0xc8, 0x27,
    0xbe, 0xfa, 0x0, 0xa3, 0xb9, 0x6e, 0x20, 0x1f,
    0xfc, 0x23, 0xbd, 0x84, 0x10, 0xf, 0x85, 0x23,
    0xa8, 0x40, 0x3f, 0xe9, 0xc4, 0x0, 0xff, 0xe1,
    0xaf, 0x38, 0x7, 0xf6, 0x30, 0x7, 0xff, 0x1e,
    0x24, 0x3, 0xec, 0x30, 0xf, 0xfe, 0x4b, 0x40,
    0x7, 0x41, 0x80, 0x7c, 0xd5, 0x40, 0x9, 0xe5,
    0x0, 0x3e, 0x74, 0x0, 0x85, 0xc0, 0x3c, 0xbd,
    0x2a, 0xc0, 0x17, 0x35, 0xe0, 0x80, 0x7a, 0x0,
    0x26, 0x0, 0xf2, 0xd0, 0x80, 0x7f, 0x1e, 0x80,
    0x78, 0xcc, 0x0, 0xb0, 0xf, 0x58, 0x7, 0xff,
    0x0, 0xdc, 0x3, 0xd4, 0x0, 0x30, 0xe, 0x51,
    0x0, 0xff, 0xe0, 0xc8, 0x7, 0x9c, 0x4, 0x3,
    0xc4, 0x1, 0xff, 0xc2, 0x14, 0x0, 0xe1, 0x11,
    0x80, 0x78, 0x40, 0x3f, 0xf8, 0x7a, 0x0, 0x14,
    0x68, 0x0, 0xfc, 0x60, 0x1f, 0xfc, 0x37, 0xdf,
    0xeb, 0x97, 0x12, 0x0, 0xf2, 0x0, 0x7f, 0xf0,
    0xc4, 0x80, 0x3e, 0x10, 0xe, 0x16, 0x0, 0xff,
    0xe5, 0xa0, 0x7, 0xa5, 0x0, 0x3f, 0xf9, 0x5e,
    0x1, 0xf5, 0xd2, 0x0, 0x7f, 0xf2, 0x14, 0x80,
    0x3e, 0x5b, 0xef, 0x0, 0xff, 0xe3, 0xc8, 0x7,
    0xf0, 0x98, 0x5, 0x17, 0x8, 0x1, 0xff, 0xc0,
    0x49, 0x0, 0xff, 0xe0, 0x8a, 0x3d, 0xfd, 0x20,
    0x7, 0xf9, 0xa4, 0x3, 0xff, 0x8a, 0xb7, 0xaa,
    0x1, 0xfc, 0xda, 0x60, 0x1f, 0xfc, 0x52, 0xaa,
    0x0, 0x7f, 0x16, 0x61, 0x40, 0x3f, 0xf8, 0xab,
    0x80, 0x1f, 0xe3, 0xaf, 0xb7, 0x41, 0x0, 0xff,
    0xe0, 0x9d, 0x0, 0x7f, 0xf0, 0x12, 0x2f, 0x40,
    0x22, 0x10, 0xf, 0xe5, 0x40, 0xf, 0xfe, 0x35,
    0xf6, 0x28, 0x7, 0xe8, 0x0, 0xff, 0xe4, 0x1d,
    0x58, 0x7, 0xc6, 0x20, 0x1f, 0xfc, 0x94, 0xb0,
    0xf, 0x90, 0x3, 0xff, 0x94, 0x88, 0x0, 0xf6,
    0x99, 0xf8, 0x80, 0x3f, 0xf8, 0x9a, 0x1, 0xe1,
    0xdc, 0xce, 0xf0, 0xf, 0xfe, 0x21, 0x0, 0x78,
    0xc8, 0x3, 0x88, 0x3, 0xff, 0x98, 0xc0, 0x1e,
    0x40, 0xf, 0xfe, 0x19, 0x0, 0x78, 0xb0, 0x3,
    0xdc, 0x1, 0xff, 0xc3, 0xc0, 0xf, 0x73, 0x80,
    0x79, 0x4c, 0x3, 0xff, 0x82, 0x4a, 0x1, 0xe7,
    0x14, 0x0, 0xf6, 0x90, 0x7, 0xff, 0x3, 0x80,
    0x3c, 0x62, 0x10, 0x1, 0xe1, 0xd8, 0x10, 0xf,
    0xc9, 0xa6, 0x1, 0xe8, 0x0, 0x1a, 0x80, 0x7c,
    0xfd, 0xb0, 0x1, 0x6d, 0x75, 0x90, 0x7, 0x95,
    0x0, 0x2a, 0x20, 0xf, 0xc4, 0x80, 0x12, 0x28,
    0x80, 0x7c, 0x54, 0x1, 0xd8, 0x60, 0x1f, 0xfc,
    0x93, 0xc0, 0xf, 0xe, 0x38, 0x7, 0xff, 0x1d,
    0xb0, 0x40, 0x3f, 0x46, 0xa8, 0x7, 0xff, 0xd,
    0x76, 0x40, 0x3f, 0xe2, 0xae, 0xa6, 0x43, 0x10,
    0x8, 0x49, 0x1a, 0xba, 0x88, 0x3, 0xff, 0x84,
    0x2b, 0x37, 0x9a, 0x1, 0x46, 0xdc, 0xa8, 0x80,
    0x7f, 0xff, 0xc0, 0x3f, 0xff, 0xe0, 0x1f, 0xfc,
    0x10,

    /* U+0025 "%" */
    0x0, 0xf8, 0x9f, 0x3b, 0xfb, 0x69, 0x40, 0x3f,
    0xfb, 0xe3, 0x5b, 0x6, 0x20, 0x24, 0xb5, 0xcc,
    0x1, 0xff, 0xc4, 0xdf, 0xfe, 0xc0, 0xf, 0xfe,
    0x29, 0x7a, 0x80, 0x7f, 0xc, 0xd0, 0x7, 0xff,
    0x9, 0x48, 0x3, 0xa0, 0x3, 0xff, 0x88, 0x5a,
    0x20, 0x1f, 0xfc, 0x5, 0xb0, 0xf, 0xfe, 0xc,
    0x0, 0x71, 0xa0, 0x7, 0xff, 0x13, 0x80, 0x3f,
    0xf8, 0x68, 0xe0, 0x1f, 0xf3, 0x10, 0x7, 0x40,
    0x7, 0xff, 0x11, 0x8c, 0x3, 0x9f, 0x7f, 0xd6,
    0x60, 0x1d, 0x2, 0x1, 0xfe, 0xb0, 0xe, 0x34,
    0x0, 0xff, 0xe2, 0x58, 0x7, 0x4c, 0x10, 0x1,
    0x30, 0xc0, 0x39, 0x80, 0x3f, 0x98, 0x80, 0x3a,
    0x0, 0x3f, 0xf8, 0x86, 0x40, 0x19, 0x18, 0x3,
    0xdc, 0x1, 0xd4, 0x1, 0xfd, 0x0, 0x1c, 0x88,
    0x0, 0xff, 0xe2, 0x20, 0x7, 0x70, 0x7, 0xc4,
    0x60, 0x18, 0x84, 0x3, 0xe6, 0x10, 0xe, 0x80,
    0xf, 0xfe, 0x2e, 0x0, 0x72, 0x0, 0x7e, 0x40,
    0xe, 0x50, 0xf, 0xa0, 0x3, 0x90, 0xc0, 0x3f,
    0xf8, 0xac, 0x1, 0xc2, 0x1, 0xfb, 0x80, 0x38,
    0x80, 0x3c, 0xe2, 0x1, 0xd0, 0x1, 0xff, 0xc6,
    0x30, 0xc, 0x40, 0x1f, 0xc4, 0x1, 0xc2, 0x1,
    0xe9, 0x0, 0xe4, 0x30, 0xf, 0xfe, 0x30, 0x80,
    0x7f, 0xf2, 0x3c, 0x3, 0x9c, 0x40, 0x3a, 0x0,
    0x3f, 0xfc, 0x52, 0x1, 0xca, 0x60, 0x1f, 0xfc,
    0x71, 0x0, 0xff, 0xe6, 0xb8, 0x80, 0x74, 0x0,
    0x7f, 0xf2, 0xc, 0x3, 0x18, 0x7, 0xf1, 0x0,
    0x77, 0x80, 0x43, 0x20, 0x1c, 0xa4, 0x1, 0xff,
    0xc8, 0x60, 0xc, 0x22, 0x0, 0xfd, 0xc0, 0x1c,
    0x40, 0x14, 0x88, 0x7, 0x40, 0x7, 0xff, 0x24,
    0xc0, 0x39, 0x0, 0x3f, 0x20, 0x7, 0x38, 0x0,
    0x5c, 0x3, 0x94, 0x80, 0x30, 0xb5, 0xef, 0x73,
    0x29, 0x40, 0x3f, 0x68, 0x7, 0x78, 0x7, 0xc4,
    0x60, 0x18, 0x88, 0x0, 0x90, 0xf, 0x40, 0x6,
    0x8e, 0x94, 0x21, 0x11, 0xad, 0x73, 0x0, 0x79,
    0x44, 0x3, 0x2a, 0x80, 0x3d, 0x20, 0x1d, 0x40,
    0x1, 0x70, 0xe, 0x62, 0x0, 0xe, 0xb8, 0x7,
    0xf0, 0xcd, 0x80, 0x79, 0x80, 0x3a, 0xa0, 0x80,
    0x53, 0x10, 0x3, 0x98, 0x1, 0x20, 0x1e, 0xb0,
    0x0, 0xf9, 0x0, 0x7f, 0xf0, 0x13, 0x0, 0x3a,
    0x44, 0x3, 0x9f, 0x7f, 0xac, 0xc0, 0x3a, 0x4,
    0x5, 0xc0, 0x39, 0x88, 0x1, 0x42, 0x1, 0xff,
    0xc2, 0x38, 0x0, 0xc3, 0x40, 0x1f, 0xfc, 0x34,
    0x70, 0x4, 0x0, 0x7a, 0x0, 0x8, 0x80, 0xe,
    0x5c, 0xfe, 0xb3, 0x0, 0xe7, 0x20, 0xc, 0x96,
    0x1, 0xff, 0xc1, 0x4b, 0x0, 0xb, 0x0, 0x73,
    0x8, 0x3, 0xc0, 0x3a, 0x28, 0xc0, 0x53, 0x10,
    0x3, 0xa8, 0x3, 0x93, 0x54, 0x3, 0xf8, 0x66,
    0xc0, 0x28, 0x0, 0xf4, 0x0, 0x9, 0x0, 0x31,
    0x38, 0x7, 0xa4, 0x3, 0x98, 0x3, 0xc5, 0x5b,
    0x2a, 0x64, 0x43, 0x6b, 0xe6, 0x0, 0x89, 0x80,
    0x39, 0xc4, 0x0, 0x80, 0x1d, 0x40, 0x1f, 0x12,
    0x0, 0x61, 0x20, 0xf, 0x89, 0xab, 0x37, 0x59,
    0x28, 0x1, 0xd0, 0x1, 0xe9, 0x0, 0xbc, 0x3,
    0x94, 0x3, 0xf6, 0x0, 0x73, 0x80, 0x7f, 0xf2,
    0x9, 0x40, 0x39, 0xc4, 0x2, 0x50, 0xe, 0x20,
    0xf, 0xc4, 0x1, 0xc4, 0x1, 0xff, 0xc8, 0x80,
    0xf, 0x48, 0x6, 0x10, 0xc, 0x20, 0x1f, 0xcc,
    0x1, 0xde, 0x1, 0xff, 0xc7, 0x25, 0x0, 0xe7,
    0x10, 0xc, 0x60, 0x1f, 0xfc, 0x21, 0x0, 0xe1,
    0x0, 0xff, 0xe3, 0xc0, 0x7, 0xc, 0x0, 0x7f,
    0xf3, 0x8c, 0x3, 0xff, 0x8c, 0x6a, 0x1, 0xd2,
    0x1, 0xe3, 0x0, 0xff, 0xe1, 0x8, 0x7, 0x18,
    0x7, 0xff, 0x1a, 0x0, 0x38, 0x5c, 0x3, 0xc2,
    0x1, 0x84, 0x3, 0xf9, 0xc0, 0x38, 0x40, 0x3f,
    0xf8, 0xa6, 0x80, 0x1d, 0x20, 0x1f, 0x30, 0x7,
    0x10, 0x7, 0xe2, 0x0, 0xee, 0x0, 0xff, 0xe2,
    0xc0, 0x7, 0xb, 0x80, 0x7d, 0xa0, 0x1c, 0xe0,
    0x1f, 0xb0, 0x3, 0x94, 0x3, 0xff, 0x88, 0x68,
    0x1, 0xd0, 0x1, 0xf8, 0xc0, 0x3b, 0x80, 0x3e,
    0x15, 0x0, 0xe3, 0x0, 0xff, 0xe2, 0x40, 0x7,
    0xb, 0x0, 0x7e, 0x41, 0x0, 0xc8, 0xa0, 0x1e,
    0x80, 0xe, 0x60, 0xf, 0xfe, 0x22, 0x20, 0x3,
    0xa0, 0x3, 0xfc, 0xc0, 0x1d, 0x4e, 0x20, 0x2,
    0xa6, 0x0, 0xeb, 0x0, 0xff, 0xe2, 0x40, 0x7,
    0xb, 0x0, 0x7f, 0xa4, 0x40, 0x3a, 0x3b, 0x9f,
    0xaa, 0x1, 0xca, 0x40, 0x1f, 0xfc, 0x34, 0x30,
    0xe, 0x80, 0xf, 0xf8, 0x74, 0x3, 0xe1, 0x0,
    0xf8, 0xa8, 0x3, 0xff, 0x89, 0x0, 0x1c, 0x4c,
    0x1, 0xff, 0xc0, 0x3b, 0x0, 0xff, 0xe0, 0x97,
    0x80, 0x7f, 0xf1, 0x10, 0xc0, 0x3a, 0x0, 0x3f,
    0xf8, 0x49, 0xa8, 0x1, 0xfe, 0x6d, 0x20, 0xf,
    0xfe, 0x22, 0x7f, 0xf9, 0x40, 0x3f, 0xf8, 0x65,
    0x78, 0xe6, 0x20, 0x2, 0x48, 0xe9, 0x0, 0xe0,

    /* U+0026 "&" */
    0x0, 0xff, 0xe0, 0x2d, 0x6f, 0x7f, 0x6d, 0x30,
    0x80, 0x7f, 0xf3, 0xdf, 0xa9, 0x48, 0x40, 0x49,
    0x67, 0xa0, 0x3, 0xff, 0x98, 0x39, 0x2, 0x1,
    0xfe, 0x7d, 0x10, 0xf, 0xfe, 0x48, 0xe1, 0x80,
    0x7f, 0xf0, 0x4b, 0x4, 0x3, 0xff, 0x91, 0x64,
    0x1, 0xff, 0xc3, 0x2b, 0x0, 0xff, 0xe3, 0x9a,
    0x80, 0x71, 0x57, 0xfd, 0x44, 0x1, 0xca, 0x40,
    0x1f, 0xfc, 0x69, 0x0, 0xe2, 0xc5, 0x0, 0x97,
    0x8, 0x3, 0xa8, 0x3, 0xff, 0x8c, 0x80, 0x1d,
    0x62, 0x1, 0xc3, 0x0, 0x1c, 0x80, 0x1f, 0xfc,
    0x51, 0x10, 0x7, 0x20, 0x7, 0xc8, 0x1, 0xc4,
    0x1, 0xff, 0xc5, 0x20, 0xf, 0x10, 0x7, 0xc2,
    0x1, 0xc2, 0x1, 0xff, 0xc5, 0x10, 0xf, 0x8,
    0x7, 0xc2, 0x1, 0xc4, 0x1, 0xff, 0xc5, 0x30,
    0xf, 0x28, 0x7, 0xca, 0x1, 0xcc, 0x1, 0xff,
    0xc5, 0x12, 0x0, 0xee, 0x0, 0xfb, 0xc0, 0x3b,
    0x40, 0x3f, 0xf8, 0xca, 0x1, 0xca, 0x40, 0x1c,
    0xa8, 0x1, 0x85, 0x80, 0x3f, 0xf8, 0xd4, 0x1,
    0xee, 0x0, 0xc9, 0x40, 0x1d, 0x0, 0x1f, 0xfc,
    0x72, 0x60, 0xe, 0x39, 0x0, 0x35, 0x80, 0x72,
    0x30, 0x7, 0xff, 0x22, 0x44, 0x3, 0x9a, 0x72,
    0x40, 0x38, 0xe8, 0x3, 0xff, 0x95, 0x40, 0x1e,
    0x63, 0x0, 0xe4, 0xd1, 0x0, 0xff, 0xe5, 0x24,
    0x0, 0x7f, 0xd1, 0x62, 0x1, 0xff, 0xcc, 0x30,
    0xf, 0xe3, 0xd7, 0x0, 0xff, 0xe6, 0xd, 0x58,
    0x7, 0xe1, 0xd2, 0x0, 0xff, 0xe6, 0x2f, 0xa8,
    0x7, 0xf0, 0xe8, 0x7, 0xff, 0x32, 0x28, 0x40,
    0x3f, 0xe3, 0xa0, 0xf, 0xd3, 0x99, 0xca, 0x1,
    0xf4, 0xb8, 0x7, 0x8d, 0x80, 0x3c, 0xae, 0x1,
    0xf2, 0x99, 0xf8, 0x3, 0xd0, 0xc0, 0x1e, 0x8c,
    0x95, 0x0, 0xf4, 0x28, 0x7, 0x84, 0x3, 0x88,
    0x3, 0x8d, 0xc0, 0x3d, 0x4e, 0x0, 0xa3, 0x0,
    0xf5, 0x18, 0x7, 0x10, 0x7, 0x38, 0x7, 0x78,
    0x7, 0xa9, 0x40, 0x36, 0x88, 0x7, 0xb4, 0x80,
    0x21, 0x0, 0xf1, 0x80, 0x63, 0x30, 0x7, 0x2a,
    0x80, 0x38, 0x70, 0x3, 0xc3, 0xe0, 0x12, 0x80,
    0x71, 0x80, 0x75, 0x80, 0x7a, 0x40, 0x3e, 0x2b,
    0x0, 0xf1, 0x58, 0x0, 0xc0, 0x39, 0x40, 0x39,
    0x0, 0x3c, 0x60, 0x1f, 0x92, 0x40, 0x3c, 0x92,
    0x16, 0x1, 0xda, 0x1, 0xc4, 0x1, 0xc4, 0x1,
    0xfe, 0x66, 0x0, 0x79, 0xa4, 0xc0, 0x30, 0xa0,
    0x7, 0x8, 0x7, 0xff, 0x16, 0x50, 0x3, 0xcc,
    0x1, 0xce, 0x1, 0xff, 0xc0, 0x20, 0xf, 0xfe,
    0x5, 0x90, 0x7, 0xfd, 0x60, 0x1e, 0x10, 0xf,
    0x10, 0x7, 0xff, 0x3, 0x4, 0x3, 0xf9, 0x48,
    0x3, 0xca, 0x1, 0xea, 0x0, 0xff, 0xe0, 0xe,
    0x80, 0x7f, 0x40, 0x7, 0xd8, 0x1, 0xe7, 0x20,
    0xf, 0xfe, 0x1, 0xd0, 0x7, 0xc4, 0x40, 0xf,
    0x90, 0x3, 0xef, 0x20, 0xf, 0xfe, 0x7, 0x0,
    0x7c, 0x50, 0x1, 0xf1, 0x98, 0x3, 0xc5, 0xae,
    0x20, 0x1f, 0x9b, 0x90, 0x3, 0xf3, 0xb0, 0x7,
    0xde, 0x1, 0xfa, 0x3b, 0x26, 0x1d, 0xd3, 0x7f,
    0x22, 0x1, 0xfe, 0x94, 0x0, 0xf1, 0xc8, 0x7,
    0xf1, 0xb3, 0xc4, 0x19, 0x0, 0x3f, 0xf8, 0x56,
    0x60, 0x1e, 0x68, 0x0, 0xff, 0xe4, 0xb7, 0x10,
    0x7, 0xb4, 0x40, 0x3c, 0xf8, 0x40, 0x1f, 0xfc,
    0x51, 0xa9, 0x1c, 0x10, 0xe, 0x1c, 0x0, 0xf8,
    0xf6, 0x8c, 0x3, 0xff, 0x82, 0x33, 0xca, 0x0,
    0x1d, 0x0, 0xf1, 0x58, 0x7, 0xe5, 0xcd, 0x96,
    0x32, 0x0, 0xc4, 0x8f, 0x7c, 0xc0, 0x1c, 0x7f,
    0xff, 0x58, 0x0,

    /* U+0027 "'" */
    0xcf, 0xff, 0x38, 0x7, 0xff, 0x0, 0x40, 0x3e,
    0x10, 0xf, 0xfe, 0x1, 0x98, 0x3, 0xff, 0x80,
    0x22, 0x0, 0xff, 0xe0, 0x38, 0x7, 0xde, 0x1,
    0xff, 0xc0, 0x11, 0x0, 0x7f, 0xf0, 0xd, 0x57,
    0xde,

    /* U+0028 "(" */
    0x0, 0xfc, 0x67, 0xe0, 0xf, 0xd1, 0x99, 0xda,
    0x1, 0xf1, 0x38, 0x7, 0x40, 0x7, 0xd2, 0x1,
    0xc4, 0xc0, 0x1e, 0x34, 0x0, 0xeb, 0x0, 0xfa,
    0x0, 0x38, 0x58, 0x3, 0xc4, 0x80, 0x1c, 0xc0,
    0x1f, 0x58, 0x7, 0xa8, 0x3, 0xe6, 0x0, 0xe3,
    0x20, 0xf, 0x30, 0x7, 0xa8, 0x3, 0xed, 0x0,
    0xf3, 0x80, 0x7c, 0x80, 0x1c, 0x42, 0x1, 0xe5,
    0x0, 0xf2, 0x80, 0x7d, 0x80, 0x1e, 0xc0, 0xf,
    0x90, 0x3, 0xca, 0x1, 0xe1, 0x20, 0xe, 0x11,
    0x0, 0x79, 0x40, 0x3c, 0xa0, 0x1f, 0x18, 0x7,
    0x88, 0x3, 0xed, 0x0, 0xf7, 0x80, 0x7c, 0xc0,
    0x1e, 0x20, 0xf, 0x88, 0x3, 0xce, 0x1, 0xf0,
    0x80, 0x78, 0x80, 0x3c, 0x20, 0x1f, 0x8, 0x7,
    0x8c, 0x3, 0xff, 0xa2, 0x20, 0x1e, 0x10, 0xf,
    0xfe, 0xc8, 0x80, 0x78, 0x40, 0x3f, 0xf9, 0x46,
    0x1, 0xff, 0xc2, 0x10, 0xf, 0x88, 0x3, 0xe2,
    0x0, 0xf0, 0x80, 0x7c, 0x20, 0x1e, 0x70, 0xf,
    0x94, 0x3, 0xc6, 0x1, 0xf7, 0x80, 0x7b, 0x80,
    0x3e, 0x20, 0xf, 0x10, 0x7, 0xc8, 0x1, 0xe5,
    0x0, 0xfc, 0x60, 0x1c, 0x24, 0x1, 0xf2, 0x0,
    0x79, 0xc0, 0x3e, 0xc0, 0xf, 0x60, 0x7, 0xc8,
    0x1, 0xe4, 0x0, 0xfc, 0xa0, 0x1c, 0x44, 0x0,
    0xfb, 0x80, 0x3c, 0xa0, 0x1f, 0x20, 0x80, 0x75,
    0x0, 0x7e, 0x60, 0xe, 0x23, 0x0, 0xfa, 0x40,
    0x3d, 0x40, 0x1f, 0xb, 0x0, 0x73, 0x8, 0x7,
    0xd6, 0x1, 0xe9, 0x0, 0xf8, 0x98, 0x3, 0x98,
    0x40, 0x3e, 0x81, 0x0, 0xc3, 0x20, 0x1f, 0xc,
    0x0, 0x73, 0x88,

    /* U+0029 ")" */
    0x13, 0x3f, 0x0, 0x7e, 0x3c, 0xcf, 0x30, 0x7,
    0xc4, 0xa0, 0x1d, 0x0, 0x1f, 0xa0, 0x3, 0x86,
    0x0, 0x3e, 0x25, 0x0, 0xe7, 0x10, 0xf, 0xa4,
    0x3, 0xd2, 0x1, 0xf1, 0x98, 0x3, 0x9c, 0x3,
    0xf5, 0x0, 0x79, 0x80, 0x3e, 0x70, 0xf, 0x50,
    0x7, 0xc2, 0x80, 0x1c, 0x64, 0x1, 0xf7, 0x0,
    0x7a, 0x80, 0x3e, 0x40, 0xf, 0x28, 0x7, 0xc2,
    0x60, 0x1c, 0x44, 0x0, 0xf9, 0x0, 0x3c, 0x80,
    0x1f, 0x68, 0x7, 0xb0, 0x3, 0xe4, 0x0, 0xf3,
    0x80, 0x7c, 0x22, 0x0, 0xe2, 0x10, 0xf, 0x88,
    0x3, 0xc4, 0x1, 0xf2, 0x80, 0x79, 0x40, 0x3e,
    0xe0, 0xf, 0x78, 0x7, 0xc4, 0x1, 0xe3, 0x0,
    0xf8, 0x40, 0x3c, 0xc0, 0x1f, 0x30, 0x7, 0x88,
    0x3, 0xff, 0x84, 0x20, 0x1f, 0x18, 0x7, 0xff,
    0x44, 0x40, 0x3f, 0xf8, 0x42, 0x1, 0xff, 0xd1,
    0x30, 0xf, 0xfe, 0x10, 0x80, 0x78, 0x40, 0x3e,
    0x70, 0xf, 0x10, 0x7, 0xc2, 0x1, 0xe6, 0x0,
    0xf8, 0x80, 0x3c, 0x60, 0x1f, 0x70, 0x7, 0xbc,
    0x3, 0xe5, 0x0, 0xf2, 0x80, 0x7c, 0x40, 0x1e,
    0x30, 0xf, 0x8, 0x80, 0x38, 0x80, 0x3e, 0x40,
    0xf, 0x20, 0x7, 0xda, 0x1, 0xec, 0x0, 0xf9,
    0x0, 0x3c, 0x80, 0x1e, 0x13, 0x0, 0xe3, 0x10,
    0xf, 0x20, 0x7, 0xa8, 0x3, 0xee, 0x0, 0xf3,
    0x80, 0x78, 0x50, 0x3, 0x90, 0x40, 0x3c, 0xc0,
    0x1e, 0xf0, 0xf, 0xa8, 0x3, 0x89, 0x0, 0x3c,
    0x84, 0x1, 0xd6, 0x1, 0xf7, 0x80, 0x70, 0xb0,
    0x7, 0x8d, 0x0, 0x3a, 0x0, 0x3e, 0x80, 0xe,
    0x26, 0x0, 0xf2, 0x20, 0x3, 0xb8, 0x3, 0xe0,

    /* U+002A "*" */
    0x0, 0xfd, 0xff, 0xe3, 0x0, 0xff, 0xe1, 0x90,
    0x7, 0x18, 0x7, 0xff, 0xd, 0xc0, 0x30, 0x80,
    0x7f, 0xf1, 0x8, 0x3, 0x28, 0x7, 0xf9, 0x64,
    0x40, 0x2d, 0x0, 0xc4, 0x1, 0x9e, 0x0, 0x34,
    0xb7, 0x38, 0x1, 0xc0, 0x37, 0x80, 0x17, 0xa1,
    0xc0, 0x23, 0x30, 0x2, 0x39, 0x88, 0x3, 0x12,
    0x65, 0x8, 0x1, 0x80, 0x12, 0x1, 0x86, 0x74,
    0x3, 0x45, 0x98, 0x6, 0xb0, 0x15, 0x0, 0xf1,
    0x0, 0x63, 0x0, 0xf1, 0x21, 0x20, 0x7, 0xff,
    0x18, 0xc4, 0xef, 0xed, 0xcc, 0x3, 0xfc, 0x4d,
    0x5d, 0x8a, 0x1, 0x24, 0x67, 0xb8, 0x7, 0x93,
    0xb6, 0x54, 0x40, 0x3f, 0x1b, 0x80, 0x79, 0x1c,
    0x3, 0xfe, 0x3c, 0x0, 0xfd, 0x2c, 0x1, 0xfc,
    0x7a, 0x1, 0x84, 0xc0, 0x34, 0xa8, 0x7, 0xc5,
    0xa2, 0x1, 0xaf, 0x80, 0x3a, 0x94, 0x3, 0x8b,
    0x4, 0x3, 0x22, 0x94, 0x0, 0x75, 0x28, 0x6,
    0xb1, 0x0, 0xe9, 0x0, 0x39, 0x0, 0x74, 0x0,
    0x69, 0x80, 0xd, 0x4, 0x1, 0x70, 0x6, 0x6d,
    0x0, 0xe7, 0xd2, 0x2, 0x70, 0xc, 0x6c, 0x3,
    0x52, 0x1, 0xf1, 0x6b, 0xf0, 0x7, 0xa1, 0x7d,
    0x40, 0x30,

    /* U+002B "+" */
    0x0, 0xff, 0x8a, 0x67, 0x9c, 0x3, 0xff, 0x94,
    0xcd, 0xea, 0x0, 0xff, 0xff, 0x80, 0x7f, 0xff,
    0xc0, 0x3f, 0xff, 0xe0, 0x1f, 0xff, 0xf0, 0x4e,
    0xef, 0xf5, 0x0, 0x71, 0x77, 0x7f, 0xb0, 0x47,
    0xff, 0x80, 0x1, 0xe1, 0x1f, 0xf8, 0x3, 0xff,
    0xfe, 0x1, 0xff, 0xdd, 0x5f, 0xff, 0xf5, 0x80,
    0x71, 0x7f, 0xff, 0xb4, 0x3, 0xff, 0xfe, 0x1,
    0xff, 0xff, 0x0, 0xff, 0xff, 0x80, 0x7f, 0xff,
    0xc0, 0x3f, 0xf8, 0xe0,

    /* U+002C "," */
    0x0, 0xff, 0xbf, 0xfd, 0x80, 0x40, 0x1e, 0x40,
    0x60, 0xf, 0x60, 0x10, 0x7, 0x90, 0x38, 0x3,
    0x8c, 0x0, 0x40, 0x1c, 0x80, 0x7, 0x0, 0xec,
    0x0, 0x10, 0x7, 0x20, 0x8, 0x7, 0x18, 0x0,
    0x80, 0x39, 0x0, 0xc, 0x1, 0xd8, 0x0, 0xd0,
    0xe, 0x50, 0x1, 0x0, 0x63, 0x10, 0x3, 0x0,
    0x64, 0x0, 0x80,

    /* U+002D "-" */
    0x2c, 0xcf, 0xfe, 0x2b, 0x9, 0x9f, 0xff, 0x17,
    0xc0, 0x3f, 0xff, 0xe0, 0x1f, 0xfc, 0x80,

    /* U+002E "." */
    0x34, 0x4f, 0x14, 0x5d, 0xfc, 0x1, 0xff, 0xec,

    /* U+002F "/" */
    0x0, 0xff, 0xe1, 0x7f, 0xfb, 0x40, 0x3f, 0xf8,
    0x2a, 0x1, 0xe5, 0x0, 0xff, 0xe0, 0xf8, 0x7,
    0xac, 0x3, 0xff, 0x82, 0x80, 0x1c, 0x26, 0x1,
    0xff, 0xc0, 0x41, 0x0, 0xe7, 0x0, 0xff, 0xe0,
    0xe8, 0x7, 0xb4, 0x3, 0xff, 0x82, 0x80, 0x1e,
    0x40, 0xf, 0xfe, 0x1, 0x90, 0x7, 0x28, 0x7,
    0xff, 0x6, 0xc0, 0x3d, 0xe0, 0x1f, 0xfc, 0x15,
    0x0, 0xf2, 0x80, 0x7f, 0xf0, 0x4, 0x80, 0x39,
    0x0, 0x3f, 0xf8, 0x2e, 0x1, 0xed, 0x0, 0xff,
    0xe0, 0xe8, 0x7, 0x9c, 0x3, 0xff, 0x80, 0x28,
    0x1, 0xc6, 0x20, 0x1f, 0xfc, 0x4, 0x0, 0xf5,
    0x80, 0x7f, 0xf0, 0x7c, 0x3, 0xca, 0x1, 0xff,
    0xc1, 0x50, 0xe, 0x22, 0x0, 0x7f, 0xf0, 0x10,
    0x3, 0xca, 0x1, 0xff, 0xc1, 0xd0, 0xf, 0x58,
    0x7, 0xff, 0x5, 0xc0, 0x38, 0x4c, 0x3, 0xff,
    0x80, 0x62, 0x1, 0xce, 0x1, 0xff, 0xc1, 0xb0,
    0xf, 0x68, 0x7, 0xff, 0x5, 0x40, 0x3c, 0x80,
    0x1f, 0xfc, 0x2, 0x20, 0x7, 0x28, 0x7, 0xff,
    0x5, 0x40, 0x3d, 0xe0, 0x1f, 0xfc, 0x1b, 0x0,
    0xf2, 0x80, 0x7f, 0xf0, 0x4, 0xc0, 0x39, 0x0,
    0x3f, 0xf8, 0x2e, 0x1, 0xed, 0x0, 0xff, 0xe0,
    0xe8, 0x7, 0x9c, 0x3, 0xff, 0x80, 0x28, 0x1,
    0xc6, 0x20, 0x1f, 0xfc, 0x4, 0x0, 0xf5, 0x80,
    0x7f, 0xf0, 0x7c, 0x3, 0xca, 0x1, 0xff, 0xc1,
    0x50, 0xe, 0x22, 0x0, 0x7f, 0xf0, 0x10, 0x3,
    0xca, 0x1, 0xff, 0xc1, 0xd0, 0xf, 0x58, 0x7,
    0xff, 0x5, 0xc0, 0x38, 0x4c, 0x3, 0xff, 0x80,
    0x62, 0x1, 0xce, 0x1, 0xff, 0xc1, 0xb0, 0xf,
    0x68, 0x7, 0xff, 0x5, 0x40, 0x3c, 0x80, 0x1f,
    0xfc, 0x2, 0x20, 0x7, 0x28, 0x7, 0xff, 0x5,
    0x40, 0x3d, 0xe0, 0x1f, 0xfc, 0x1b, 0x0, 0xf2,
    0x0, 0x7f, 0xf0, 0x4, 0xc0, 0x39, 0x4, 0x3,
    0xff, 0x80, 0xe0, 0x1e, 0xd0, 0xf, 0xfe, 0x8,

    /* U+0030 "0" */
    0x0, 0xff, 0x13, 0xd6, 0xf7, 0xfb, 0xb2, 0x54,
    0x3, 0xff, 0x8e, 0x99, 0xb0, 0xa4, 0x20, 0x1,
    0x36, 0xaf, 0x91, 0x0, 0xff, 0xe1, 0xd5, 0x98,
    0x7, 0xff, 0x1, 0xb9, 0x80, 0x3f, 0xf8, 0x3,
    0xaa, 0x1, 0xff, 0xc4, 0x98, 0x0, 0xff, 0xe,
    0x10, 0x7, 0xff, 0x19, 0xe0, 0x3, 0xfa, 0x88,
    0x3, 0xff, 0x90, 0xea, 0x1, 0xf3, 0x20, 0x7,
    0xcb, 0x7d, 0xfe, 0xd8, 0x10, 0xf, 0xac, 0x40,
    0x3d, 0x0, 0x1f, 0x55, 0x10, 0x40, 0x4, 0xfe,
    0x60, 0x1e, 0x18, 0x0, 0xe7, 0x10, 0xf, 0x52,
    0x80, 0x7c, 0x38, 0x40, 0x1e, 0x61, 0x0, 0xd2,
    0x1, 0xe5, 0x50, 0x7, 0xfb, 0x80, 0x3e, 0x60,
    0x8, 0xc4, 0x3, 0xd0, 0x1, 0xff, 0x1a, 0x80,
    0x7a, 0xc0, 0x2b, 0x0, 0xf1, 0x90, 0x7, 0xff,
    0x3, 0x80, 0x3c, 0x62, 0x0, 0x40, 0xf, 0x50,
    0x7, 0xff, 0x5, 0x4, 0x3, 0xc8, 0x0, 0x30,
    0xf, 0x20, 0x7, 0xff, 0x9, 0x40, 0x3d, 0xa0,
    0x60, 0x1f, 0x10, 0x7, 0xff, 0xb, 0x0, 0x3c,
    0x60, 0xc0, 0x1e, 0x30, 0xf, 0xfe, 0x19, 0x0,
    0x79, 0x80, 0x80, 0x3c, 0xe0, 0x1f, 0xfc, 0x36,
    0x0, 0xf1, 0x7, 0x80, 0x78, 0x80, 0x3f, 0xf8,
    0x64, 0x1, 0xf0, 0x90, 0x7, 0x84, 0x3, 0xff,
    0x86, 0x20, 0x1f, 0x18, 0x7, 0xde, 0x1, 0xff,
    0xcc, 0x10, 0xf, 0xfe, 0x90, 0x80, 0x7c, 0x20,
    0x1f, 0xfc, 0x41, 0x0, 0xff, 0xe1, 0x8, 0x7,
    0xff, 0x10, 0x40, 0x3e, 0x10, 0xf, 0xfe, 0x90,
    0x80, 0x7d, 0xe0, 0x1f, 0xfc, 0xc2, 0x0, 0xf0,
    0x80, 0x7f, 0xf0, 0xc4, 0x3, 0xe3, 0xf0, 0xf,
    0x10, 0x7, 0xff, 0xc, 0x80, 0x3e, 0x12, 0x0,
    0xf3, 0x0, 0x7f, 0xf0, 0xdc, 0x3, 0xc4, 0xc,
    0x1, 0xe2, 0x0, 0xff, 0xe1, 0x98, 0x7, 0x98,
    0xc, 0x3, 0xe3, 0x0, 0xff, 0xe1, 0x60, 0x7,
    0x8c, 0x0, 0x40, 0x1e, 0x50, 0xf, 0xfe, 0x12,
    0x80, 0x7b, 0x40, 0x8, 0x1, 0xed, 0x0, 0xff,
    0xe0, 0xa0, 0x80, 0x79, 0x0, 0x1a, 0x1, 0xe4,
    0x10, 0xf, 0xfe, 0x7, 0x0, 0x78, 0xc4, 0x0,
    0x82, 0x1, 0xe8, 0x0, 0xff, 0x8d, 0x40, 0x3d,
    0x40, 0x19, 0x80, 0x3c, 0xc8, 0x1, 0xfe, 0xe0,
    0xf, 0x9c, 0x3, 0x48, 0x7, 0xd6, 0x80, 0x1f,
    0xe, 0x10, 0x7, 0x9c, 0x40, 0x30, 0xb8, 0x7,
    0xd7, 0x64, 0x10, 0x1, 0x3f, 0x98, 0x7, 0x86,
    0x40, 0x3d, 0x4, 0x1, 0xf2, 0x5f, 0x7f, 0xb6,
    0x4, 0x3, 0xeb, 0x10, 0xf, 0xbc, 0x3, 0xff,
    0x92, 0xea, 0x1, 0xf8, 0xb0, 0x3, 0xff, 0x8e,
    0xd0, 0x1, 0xfe, 0x3d, 0x30, 0xf, 0xfe, 0x24,
    0xc8, 0x3, 0xff, 0x80, 0x59, 0x24, 0x1, 0xff,
    0xc0, 0x6e, 0x60, 0xf, 0xfe, 0x1b, 0x6e, 0x3a,
    0x10, 0x4, 0x26, 0xd5, 0xf2, 0x20, 0x1f, 0x80,

    /* U+0031 "1" */
    0x0, 0xff, 0xe0, 0xa2, 0x78, 0x3, 0xff, 0x80,
    0x9b, 0x77, 0xe2, 0x0, 0xfe, 0x1a, 0xb2, 0x0,
    0xff, 0xe1, 0xb7, 0xa8, 0x7, 0xff, 0xc, 0xb2,
    0x44, 0x3, 0xff, 0x87, 0x1a, 0x60, 0x1f, 0xfc,
    0x34, 0xd7, 0x0, 0xff, 0xe1, 0x8d, 0x59, 0x0,
    0x7f, 0xf0, 0xd7, 0xd4, 0x3, 0xf1, 0x8, 0x7,
    0xc2, 0x20, 0xf, 0xd3, 0xa6, 0x1, 0xf2, 0x28,
    0x7, 0x97, 0x98, 0x3, 0xfd, 0x60, 0x18, 0xf2,
    0x84, 0x3, 0xfe, 0x18, 0x1, 0x9c, 0x30, 0xf,
    0xfe, 0x13, 0xbb, 0xd8, 0x3, 0xff, 0x8b, 0x2,
    0x1, 0xff, 0xff, 0x0, 0xff, 0xff, 0x80, 0x7f,
    0xff, 0xc0, 0x3f, 0xff, 0xe0, 0x1f, 0xff, 0xf0,
    0xf, 0xff, 0xf8, 0x7, 0xff, 0xfc, 0x3, 0xff,
    0xa4,

    /* U+0032 "2" */
    0x0, 0xff, 0x24, 0x5e, 0xff, 0xdd, 0xb6, 0xe6,
    0x1, 0xff, 0xc4, 0x17, 0xeb, 0x74, 0x20, 0x8,
    0x49, 0x23, 0x35, 0x80, 0x3f, 0xf8, 0x2b, 0xd0,
    0x20, 0x1f, 0xfc, 0x2, 0x9c, 0x20, 0xf, 0xf4,
    0xd0, 0x7, 0xff, 0x14, 0xf4, 0xc0, 0x3f, 0x4b,
    0x0, 0x7f, 0xf2, 0x34, 0x80, 0x3c, 0xcc, 0x0,
    0xff, 0xe4, 0x8f, 0x0, 0x70, 0xc0, 0x7, 0xc7,
    0x3b, 0xff, 0x6c, 0x90, 0x7, 0xc6, 0x80, 0x1a,
    0x44, 0x3, 0xd3, 0x8c, 0x40, 0x11, 0x36, 0xa8,
    0x7, 0xd0, 0x1, 0x98, 0x3, 0xd4, 0xc0, 0x1f,
    0xd4, 0x60, 0x1e, 0x30, 0x9, 0x44, 0x3, 0x91,
    0x40, 0x3f, 0xef, 0x0, 0xf9, 0x0, 0x1e, 0x1,
    0xe8, 0x0, 0xff, 0xe0, 0x18, 0x80, 0x78, 0x80,
    0x8, 0x1, 0xc4, 0x60, 0x1f, 0xfc, 0x14, 0x0,
    0xf7, 0x0, 0x3b, 0x6e, 0x5d, 0x68, 0x3, 0xff,
    0x84, 0x60, 0x1f, 0xe2, 0x46, 0x8a, 0x70, 0xf,
    0xfe, 0x11, 0x80, 0x7f, 0xf4, 0x84, 0x3, 0xdc,
    0x1, 0xff, 0xcb, 0x50, 0xf, 0x28, 0x7, 0xff,
    0x29, 0x4, 0x3, 0xc6, 0x1, 0xff, 0xca, 0xe0,
    0xf, 0x28, 0x7, 0xff, 0x28, 0xd4, 0x3, 0xd2,
    0x1, 0xff, 0xca, 0xe0, 0xf, 0x21, 0x80, 0x7f,
    0xf2, 0x64, 0x80, 0x3d, 0x20, 0x1f, 0xfc, 0x96,
    0x60, 0x7, 0xa0, 0x80, 0x3f, 0xf9, 0x9, 0x20,
    0x1e, 0x47, 0x0, 0xff, 0xe4, 0x25, 0x80, 0x78,
    0xa8, 0x3, 0xff, 0x90, 0x96, 0x1, 0xe1, 0xf1,
    0x0, 0xff, 0xe3, 0xad, 0x80, 0x78, 0x70, 0x80,
    0x3f, 0xf8, 0xef, 0x40, 0x1e, 0x1c, 0x20, 0xf,
    0xfe, 0x3c, 0xc0, 0x7, 0x8b, 0x8, 0x3, 0xff,
    0x8c, 0x36, 0xc0, 0x1e, 0x3c, 0x20, 0xf, 0xfe,
    0x31, 0x62, 0x0, 0x79, 0x30, 0x40, 0x3f, 0xf8,
    0xc9, 0xa4, 0x1, 0xe5, 0xb0, 0xf, 0xfe, 0x3b,
    0xd8, 0x7, 0xcf, 0x40, 0x1f, 0xfc, 0x7a, 0x80,
    0xf, 0xa6, 0x0, 0x3f, 0xf8, 0xc3, 0x8a, 0x1,
    0xf5, 0xb0, 0x7, 0xff, 0x18, 0xb0, 0xc0, 0x3c,
    0x38, 0x80, 0x1f, 0xfc, 0x64, 0xd2, 0x0, 0xf1,
    0x61, 0x80, 0x7f, 0xf1, 0x96, 0xc0, 0x3f, 0x16,
    0xff, 0xff, 0xf1, 0x40, 0x1e, 0x1, 0xff, 0xcf,
    0x10, 0xf, 0xfe, 0x92, 0x80, 0x7f, 0xf4, 0x88,
    0x3, 0xff, 0xa5, 0xc0, 0x1f, 0xfd, 0x22, 0x0,
    0x57, 0xff, 0xff, 0x3d, 0x40,

    /* U+0033 "3" */
    0x0, 0xfe, 0x16, 0xac, 0xef, 0xfb, 0x72, 0x98,
    0x80, 0x3f, 0xf8, 0x87, 0x7d, 0x2a, 0x62, 0x1,
    0x11, 0xac, 0xee, 0x20, 0x7, 0xff, 0x6, 0x71,
    0x0, 0x3f, 0xf8, 0x27, 0x76, 0x10, 0xf, 0xe1,
    0xd6, 0x0, 0xff, 0xe2, 0xa7, 0x98, 0x7, 0xc3,
    0x84, 0x1, 0xff, 0xc7, 0x1d, 0x20, 0xf, 0x59,
    0x0, 0x7f, 0x9, 0x8, 0x7, 0xf0, 0xf0, 0x7,
    0x22, 0x80, 0x7c, 0xd9, 0xfd, 0xbd, 0xf6, 0xa0,
    0x1f, 0x1a, 0x0, 0x68, 0x0, 0xf0, 0xec, 0x98,
    0x7, 0x25, 0x58, 0x7, 0xdc, 0x1, 0x19, 0x80,
    0x3d, 0x84, 0x1, 0xfc, 0x90, 0x1, 0xe5, 0x0,
    0xac, 0x3, 0xd0, 0x40, 0x1f, 0xf3, 0x0, 0x7c,
    0x40, 0x5, 0x0, 0xf3, 0x0, 0x7f, 0xf0, 0x4,
    0x80, 0x3c, 0x20, 0xa, 0x63, 0x10, 0x2, 0x88,
    0x7, 0xff, 0x4, 0x40, 0x3f, 0x9e, 0x73, 0xbf,
    0x60, 0x3, 0xff, 0x84, 0x40, 0x1e, 0x10, 0xf,
    0x88, 0x80, 0x1f, 0xfc, 0x11, 0x10, 0x7, 0x88,
    0x3, 0xff, 0x94, 0x80, 0x1e, 0x40, 0xf, 0xfe,
    0x5c, 0x80, 0x7b, 0x80, 0x3f, 0xf9, 0x50, 0x60,
    0x1c, 0x4a, 0x1, 0xff, 0xc7, 0x25, 0xc7, 0x0,
    0xf7, 0x0, 0x7f, 0xf0, 0xaf, 0xff, 0xb6, 0x8c,
    0x3, 0xd6, 0x60, 0x1f, 0xfc, 0xf2, 0xc4, 0x0,
    0xff, 0xe7, 0x96, 0x18, 0x7, 0xff, 0x40, 0xb9,
    0xc0, 0x3f, 0xfa, 0x51, 0x60, 0x1f, 0xfd, 0x24,
    0xc0, 0xf, 0xfe, 0x15, 0xff, 0xf7, 0x5b, 0x0,
    0x7c, 0x70, 0x1, 0xff, 0xc7, 0x14, 0x9e, 0x30,
    0xf, 0x38, 0x80, 0x7f, 0xf2, 0x47, 0x48, 0x3,
    0xd2, 0x1, 0xff, 0xca, 0x1b, 0x0, 0xf2, 0x80,
    0x7f, 0xf2, 0xdc, 0x3, 0xc4, 0x1, 0xff, 0xcb,
    0x11, 0x0, 0x78, 0x92, 0xab, 0xca, 0x1, 0xff,
    0xc3, 0x30, 0xf, 0x8, 0x2a, 0xfb, 0xc0, 0x3f,
    0xf9, 0x42, 0xc0, 0x1e, 0x70, 0xf, 0xfe, 0x19,
    0x80, 0x78, 0xc8, 0x40, 0x38, 0x88, 0x1, 0xff,
    0xc1, 0x21, 0x0, 0xf0, 0x82, 0x80, 0x7a, 0x80,
    0x3f, 0xf8, 0x34, 0x1, 0xe4, 0x0, 0x68, 0x7,
    0x9c, 0x80, 0x3f, 0xe3, 0x70, 0xf, 0x60, 0x1,
    0x84, 0x3, 0xd8, 0x60, 0x1f, 0xc9, 0xa0, 0x1f,
    0x28, 0x5, 0x20, 0x1e, 0x1c, 0xb5, 0x20, 0x8,
    0x9a, 0xec, 0x20, 0x1e, 0x62, 0x0, 0x9c, 0xc0,
    0x3e, 0x4a, 0xdf, 0xfb, 0x65, 0x0, 0x3e, 0x18,
    0x0, 0xee, 0x10, 0xf, 0xfe, 0x55, 0x8, 0x7,
    0x16, 0x10, 0x7, 0xff, 0x22, 0x90, 0x3, 0xe2,
    0xd6, 0x0, 0xff, 0xe2, 0x96, 0xa8, 0x7, 0xfa,
    0x75, 0x40, 0x3f, 0xf8, 0x27, 0x5a, 0x40, 0x1f,
    0xfc, 0x2, 0xaf, 0xb7, 0x53, 0x22, 0x1a, 0x2b,
    0xd7, 0x62, 0x80, 0x7c,

    /* U+0034 "4" */
    0x0, 0xff, 0xe4, 0x1a, 0x27, 0x18, 0x7, 0xff,
    0x35, 0x32, 0xef, 0xa0, 0x3, 0xff, 0x98, 0x34,
    0x1, 0xff, 0xd3, 0xa1, 0x0, 0xff, 0xe9, 0x32,
    0x0, 0x7f, 0xf4, 0x8a, 0x40, 0x3f, 0xfa, 0x7e,
    0x1, 0xff, 0xd3, 0x92, 0x0, 0xff, 0xe9, 0x23,
    0x0, 0x7f, 0xf4, 0x86, 0x80, 0x3f, 0xfa, 0x74,
    0x20, 0x19, 0x48, 0x3, 0xff, 0x98, 0xe8, 0x1,
    0x8a, 0x80, 0x3f, 0xf9, 0x87, 0x0, 0x1d, 0xc0,
    0x1f, 0xfc, 0xde, 0x0, 0xe7, 0x30, 0xf, 0xfe,
    0x64, 0x90, 0x6, 0x38, 0x0, 0xff, 0xe6, 0x2b,
    0x0, 0x77, 0x0, 0x7f, 0xf3, 0x6, 0xc0, 0x3a,
    0x48, 0x3, 0xff, 0x99, 0xa2, 0x1, 0x91, 0x80,
    0x3f, 0xf9, 0x8e, 0x60, 0x18, 0x68, 0x3, 0xff,
    0x98, 0x70, 0x1, 0xd4, 0x20, 0x1f, 0xfc, 0xce,
    0x0, 0xe6, 0x40, 0xf, 0xfe, 0x65, 0x10, 0x6,
    0x29, 0x0, 0xff, 0xe6, 0x2a, 0x80, 0x3b, 0x80,
    0x3f, 0xf9, 0x85, 0x40, 0x1d, 0x6, 0x1, 0xff,
    0xcc, 0xe0, 0xe, 0x37, 0x0, 0xff, 0xe6, 0x41,
    0x80, 0x76, 0x80, 0x7f, 0xf3, 0x11, 0xc0, 0x3a,
    0x84, 0x3, 0xff, 0x99, 0x40, 0x1e, 0xaf, 0xff,
    0xf8, 0x80, 0x39, 0x3f, 0xf8, 0x46, 0x0, 0xff,
    0xe9, 0x8, 0x7, 0xff, 0x4c, 0xc0, 0x3f, 0xfa,
    0x8c, 0x1, 0xff, 0xd4, 0xd0, 0x18, 0x8f, 0xfe,
    0x38, 0x80, 0x71, 0x44, 0x65, 0x0, 0x3b, 0xff,
    0xf1, 0xcc, 0x3, 0x99, 0xdf, 0x10, 0x7, 0xff,
    0xfc, 0x3, 0xff, 0xfe, 0x1, 0xff, 0xff, 0x0,
    0xff, 0xee, 0x0,

    /* U+0035 "5" */
    0x0, 0xab, 0xff, 0xff, 0x95, 0x40, 0x1e, 0x10,
    0xf, 0xfe, 0x8b, 0x80, 0x7f, 0xf4, 0x48, 0x3,
    0xff, 0xa2, 0x20, 0x1f, 0xfe, 0xe2, 0x0, 0xf7,
    0xff, 0xff, 0x16, 0x80, 0x38, 0x40, 0x38, 0x40,
    0x3f, 0xf9, 0x6c, 0x1, 0xc6, 0x1, 0xff, 0xcb,
    0x30, 0xe, 0x60, 0xf, 0xfe, 0x58, 0x80, 0x70,
    0x80, 0x7f, 0xf2, 0xf8, 0x3, 0x88, 0x3, 0xff,
    0x96, 0x60, 0x1d, 0xe0, 0x1f, 0xfc, 0xb6, 0x0,
    0xe2, 0x0, 0xff, 0xe5, 0x88, 0x7, 0x8, 0x1,
    0x22, 0xfb, 0xfe, 0xda, 0x61, 0x0, 0xff, 0x18,
    0x7, 0x3b, 0xba, 0xdd, 0x4, 0x2, 0x25, 0x9e,
    0x91, 0x0, 0xfc, 0x20, 0x1d, 0xb0, 0x20, 0x1f,
    0xf3, 0x7a, 0x80, 0x78, 0x40, 0x3c, 0x20, 0x1f,
    0xfc, 0x21, 0xa6, 0x0, 0xe2, 0x0, 0xff, 0xe5,
    0xca, 0x0, 0x67, 0x0, 0xff, 0x1a, 0xb3, 0x10,
    0x40, 0x3f, 0x50, 0x6, 0x10, 0xf, 0x86, 0x7b,
    0x2a, 0x65, 0x7d, 0x66, 0x1, 0xe1, 0x80, 0x8,
    0x80, 0x3c, 0xbc, 0xc2, 0x1, 0xe4, 0xc4, 0x0,
    0xf3, 0x0, 0x42, 0x89, 0xd1, 0x40, 0x1f, 0xf5,
    0x8, 0x7, 0xa, 0x0, 0x1a, 0xef, 0x9c, 0x3,
    0xff, 0x80, 0x32, 0x1, 0xec, 0x0, 0xff, 0xe5,
    0x30, 0x7, 0x90, 0x3, 0xff, 0x94, 0x22, 0x0,
    0xe2, 0x0, 0xff, 0xe5, 0x90, 0x7, 0x8, 0x7,
    0xff, 0xc4, 0x99, 0xbc, 0x40, 0x1f, 0xfc, 0x21,
    0x0, 0xf9, 0xe6, 0x7c, 0xa0, 0x1f, 0xfc, 0x22,
    0x0, 0xe2, 0x7, 0x0, 0xf6, 0x0, 0x7f, 0xf0,
    0x50, 0x3, 0xce, 0x4, 0x1, 0xe4, 0x10, 0xf,
    0xfe, 0x7, 0x0, 0x7b, 0x0, 0x8, 0x1, 0xeb,
    0x0, 0xff, 0x91, 0x40, 0x3c, 0x80, 0xd, 0x0,
    0xf2, 0xc0, 0x7, 0xf2, 0x58, 0x7, 0x90, 0x80,
    0xc, 0x20, 0x1e, 0x7c, 0x52, 0x0, 0xc9, 0x56,
    0x1, 0xf4, 0x0, 0x68, 0x0, 0xf8, 0xeb, 0x7f,
    0xf5, 0xa8, 0x7, 0xca, 0x60, 0x19, 0x90, 0x3,
    0xff, 0x92, 0x54, 0x1, 0xeb, 0x30, 0xf, 0xfe,
    0x39, 0x78, 0x7, 0xec, 0x70, 0xf, 0xfe, 0x2a,
    0xe9, 0x0, 0x7f, 0x46, 0xb0, 0x7, 0xff, 0x4,
    0xee, 0x80, 0x3f, 0xf8, 0x5, 0x3f, 0x4e, 0x84,
    0x20, 0x1, 0x25, 0x9d, 0xc4, 0x0, 0xf8,

    /* U+0036 "6" */
    0x0, 0xff, 0x92, 0x33, 0xbf, 0xdd, 0xcc, 0x95,
    0x0, 0xff, 0xe2, 0xbf, 0x5b, 0x98, 0x80, 0x4,
    0x46, 0xd5, 0xf2, 0x20, 0x1f, 0xfc, 0x3, 0xd8,
    0x10, 0xf, 0xfe, 0x3, 0x7a, 0x0, 0x7f, 0x97,
    0x8, 0x3, 0xff, 0x86, 0x36, 0x80, 0x1f, 0x92,
    0x80, 0x3f, 0xf8, 0xf4, 0x20, 0x1e, 0x2b, 0x0,
    0xfc, 0x26, 0x84, 0x1, 0xf8, 0x60, 0x3, 0xdc,
    0x1, 0xe1, 0x8e, 0xe6, 0x5e, 0xfd, 0x8, 0x7,
    0x98, 0x40, 0x32, 0x98, 0x7, 0x16, 0x38, 0x80,
    0x72, 0xf8, 0x80, 0x79, 0x80, 0x34, 0x0, 0x70,
    0xe1, 0x0, 0x7e, 0x1d, 0x0, 0xf6, 0x0, 0x48,
    0x40, 0x1d, 0x62, 0x1, 0xfe, 0x34, 0x0, 0xe5,
    0x0, 0xb8, 0x3, 0x89, 0x40, 0x3f, 0xf8, 0x1e,
    0xaf, 0x59, 0xdc, 0x0, 0x94, 0x3, 0xac, 0x3,
    0xff, 0x82, 0x95, 0xa, 0x62, 0x1, 0x28, 0x7,
    0x9c, 0x3, 0xff, 0x95, 0x80, 0x1c, 0x62, 0x1,
    0xff, 0xca, 0x50, 0xe, 0x50, 0xf, 0xfe, 0x59,
    0x80, 0x77, 0x80, 0x78, 0xd5, 0x98, 0x86, 0x1,
    0xfe, 0x20, 0xf, 0x28, 0x4, 0xd9, 0xf9, 0x53,
    0x2b, 0xcf, 0xc7, 0x0, 0xf9, 0x80, 0x3c, 0x20,
    0xbd, 0x26, 0x1, 0xf8, 0xe3, 0x98, 0x3, 0x88,
    0x3, 0xc7, 0x34, 0x20, 0x1f, 0xfc, 0x1, 0x99,
    0x0, 0x61, 0x0, 0xf4, 0x30, 0x7, 0xff, 0x11,
    0xa4, 0x2, 0xe0, 0xf, 0x30, 0x7, 0xff, 0x19,
    0x94, 0x0, 0x60, 0x1f, 0xe2, 0x8c, 0xef, 0xec,
    0x82, 0x0, 0xfa, 0xc0, 0x3f, 0xf8, 0x11, 0xae,
    0x62, 0x2, 0x6f, 0xac, 0x1, 0xe1, 0x60, 0xf,
    0xf4, 0xb8, 0x7, 0xf4, 0xa8, 0x7, 0xa8, 0x4,
    0x3, 0xe5, 0x60, 0xf, 0xfa, 0xc0, 0x3c, 0x60,
    0x20, 0x1f, 0x40, 0x7, 0xff, 0x0, 0x54, 0x3,
    0xc8, 0x60, 0x1e, 0x22, 0x0, 0x7f, 0xf0, 0x7c,
    0x3, 0xc6, 0x1, 0xf2, 0x0, 0x7f, 0xf0, 0x9c,
    0x3, 0xdf, 0xc0, 0x1f, 0xfc, 0x93, 0x0, 0xf0,
    0x90, 0x7, 0xff, 0x24, 0x40, 0x3c, 0x6e, 0x1,
    0xff, 0xc9, 0x10, 0xf, 0x19, 0x0, 0x78, 0x80,
    0x3f, 0xf8, 0x44, 0x1, 0xee, 0x4, 0x0, 0xe4,
    0x0, 0xff, 0xe1, 0x28, 0x7, 0x88, 0x30, 0x3,
    0xca, 0x1, 0xff, 0xc1, 0xd0, 0xf, 0x38, 0x28,
    0x7, 0xa4, 0x3, 0xff, 0x80, 0x68, 0x1, 0xc4,
    0x40, 0x25, 0x0, 0xe3, 0x80, 0xf, 0xf0, 0xe8,
    0x7, 0xa8, 0x2, 0x90, 0xf, 0x3c, 0x0, 0x7e,
    0x3c, 0x10, 0xe, 0x17, 0x0, 0x8d, 0x40, 0x3c,
    0xfa, 0xc4, 0x0, 0x15, 0xac, 0x20, 0xf, 0x40,
    0x7, 0x58, 0x80, 0x78, 0xa7, 0x7f, 0xdd, 0x4a,
    0x1, 0xf2, 0xb0, 0x7, 0xe, 0x80, 0x7f, 0xf2,
    0x12, 0x80, 0x3e, 0x3c, 0x10, 0xf, 0xfe, 0x2b,
    0x58, 0x7, 0xf1, 0xfa, 0x80, 0x7f, 0xf0, 0x8a,
    0xa4, 0x3, 0xfe, 0x1a, 0xc5, 0x0, 0xff, 0x25,
    0x6a, 0x80, 0x7f, 0xf0, 0x8e, 0xbf, 0x26, 0x1d,
    0xd1, 0x39, 0xf6, 0xa0, 0x1f, 0x80,

    /* U+0037 "7" */
    0x5f, 0xff, 0xfe, 0x82, 0x80, 0x7f, 0xf4, 0x4c,
    0x3, 0xff, 0xfe, 0x1, 0xff, 0xe0, 0x25, 0xff,
    0xff, 0xe4, 0x38, 0x7, 0x89, 0x0, 0x3f, 0xf9,
    0x2, 0xe0, 0x1e, 0x90, 0xf, 0xfe, 0x4c, 0x80,
    0x78, 0xd0, 0x3, 0xff, 0x90, 0x2e, 0x1, 0xe8,
    0x0, 0xff, 0xe4, 0xc8, 0x7, 0x8d, 0x0, 0x3f,
    0xf9, 0x2c, 0x1, 0xe8, 0x0, 0xff, 0xe4, 0xb8,
    0x80, 0x71, 0xa0, 0x7, 0xff, 0x26, 0x40, 0x3d,
    0x0, 0x1f, 0xfc, 0x97, 0x10, 0xe, 0x34, 0x0,
    0xff, 0xe4, 0xc8, 0x7, 0xa4, 0x3, 0xff, 0x92,
    0xa2, 0x1, 0xc2, 0xa0, 0x1f, 0xfc, 0x99, 0x0,
    0xf4, 0x80, 0x7f, 0xf2, 0x48, 0xc0, 0x3c, 0xe0,
    0x1f, 0xfc, 0x9b, 0x0, 0xf3, 0x0, 0x7f, 0xf2,
    0x45, 0x80, 0x3d, 0x60, 0x1f, 0xfc, 0x96, 0x0,
    0xf2, 0x10, 0x7, 0xff, 0x26, 0x40, 0x3d, 0xc0,
    0x1f, 0xfc, 0x95, 0x10, 0xe, 0x15, 0x0, 0xff,
    0xe4, 0xf0, 0x7, 0x9c, 0x3, 0xff, 0x92, 0x28,
    0x1, 0xea, 0x0, 0xff, 0xe4, 0xb0, 0x7, 0x88,
    0xc0, 0x3f, 0xf9, 0x34, 0x1, 0xea, 0x0, 0xff,
    0xe4, 0x99, 0x0, 0x79, 0x40, 0x3f, 0xf9, 0x34,
    0x1, 0xe3, 0x20, 0xf, 0xfe, 0x4b, 0x80, 0x7a,
    0x80, 0x3f, 0xf9, 0x2a, 0x20, 0x1e, 0x70, 0xf,
    0xfe, 0x4f, 0x80, 0x79, 0x4, 0x3, 0xff, 0x92,
    0xa0, 0x1e, 0xd0, 0xf, 0xfe, 0x4a, 0x80, 0x7c,
    0xe0, 0x1f, 0xfc, 0x9f, 0x0, 0xf1, 0x8, 0x7,
    0xff, 0x25, 0x40, 0x3c, 0xa0, 0x1f, 0xfc, 0x94,
    0x0, 0xfa, 0xc0, 0x3f, 0xf9, 0x3a, 0x1, 0xe1,
    0x30, 0xf, 0xfe, 0x4b, 0x80, 0x79, 0x0, 0x3f,
    0xf9, 0x28, 0x20, 0x1e, 0xf0, 0xf, 0xfe, 0x4b,
    0xbf, 0xe5, 0x0, 0xff, 0xe1, 0x0,

    /* U+0038 "8" */
    0x0, 0xfe, 0x26, 0xac, 0xef, 0xfb, 0xb6, 0xe1,
    0x0, 0x3f, 0xf8, 0xa9, 0x7b, 0x2a, 0x62, 0x1,
    0x9, 0x23, 0xdf, 0x40, 0x80, 0x7f, 0xf0, 0xb,
    0x2d, 0x0, 0x3f, 0xf8, 0x22, 0xfc, 0xe0, 0x1f,
    0xe4, 0xd3, 0x0, 0xff, 0xe3, 0x45, 0x80, 0x7e,
    0x3b, 0x0, 0xff, 0xe4, 0xa5, 0x0, 0x7d, 0xa0,
    0x1f, 0x8d, 0xe6, 0xa9, 0x2a, 0x20, 0x1f, 0x2b,
    0x80, 0x73, 0x88, 0x7, 0x97, 0x72, 0x19, 0x54,
    0xd5, 0xd4, 0x20, 0x1e, 0x90, 0xe, 0x90, 0xf,
    0x3d, 0x10, 0x7, 0xe5, 0xc1, 0x0, 0xe1, 0x50,
    0x8, 0xc4, 0x3, 0x92, 0x0, 0x3f, 0xe2, 0xa0,
    0xf, 0x78, 0x4, 0x80, 0x1e, 0xf0, 0xf, 0xfe,
    0xa, 0x10, 0x7, 0x38, 0x5, 0xe0, 0x1e, 0x40,
    0xf, 0xfe, 0x13, 0x80, 0x71, 0x0, 0x42, 0x1,
    0xc2, 0x1, 0xff, 0xc3, 0x20, 0xf, 0xfe, 0xef,
    0x0, 0x70, 0x80, 0x7f, 0xf0, 0xc8, 0x3, 0x84,
    0x2, 0x20, 0xf, 0x18, 0x7, 0xff, 0x9, 0x0,
    0x39, 0x40, 0x25, 0x0, 0xf4, 0x80, 0x7f, 0xf0,
    0x54, 0x40, 0x3b, 0x40, 0x32, 0x80, 0x72, 0xb0,
    0x7, 0xfc, 0x56, 0x1, 0xc2, 0xe0, 0x1a, 0x0,
    0x3d, 0x34, 0x60, 0x1f, 0xb, 0xe8, 0x80, 0x74,
    0x8, 0x6, 0x2a, 0x0, 0xf2, 0xe7, 0x5c, 0xcd,
    0x5b, 0xd0, 0x1, 0xe6, 0x60, 0x7, 0x96, 0x40,
    0x3e, 0x14, 0x66, 0x94, 0x80, 0x3e, 0x69, 0x0,
    0xfc, 0xd8, 0x40, 0x1f, 0xfc, 0x52, 0xb9, 0x0,
    0xff, 0x1a, 0x80, 0x7f, 0xf1, 0x4c, 0x80, 0x3f,
    0xc9, 0xce, 0x1, 0xff, 0xc5, 0x19, 0xc1, 0x0,
    0xf9, 0xac, 0x40, 0x3f, 0xf9, 0x7, 0xe4, 0x1,
    0xcb, 0x20, 0x1f, 0x35, 0x6f, 0x7f, 0xbb, 0x24,
    0xc0, 0x3c, 0x38, 0x20, 0x10, 0xd0, 0x7, 0x9b,
    0xe5, 0x48, 0x40, 0x2, 0x6d, 0x98, 0x20, 0xe,
    0x1a, 0x0, 0xac, 0x3, 0xd1, 0x20, 0x1f, 0xf1,
    0xe1, 0x0, 0x72, 0x20, 0x5, 0x40, 0x38, 0xdc,
    0x3, 0xff, 0x82, 0x3c, 0x1, 0xee, 0x7, 0x0,
    0xf5, 0x0, 0x7f, 0xf0, 0xcc, 0x80, 0x39, 0x43,
    0xc0, 0x3c, 0x80, 0x1f, 0xfc, 0x44, 0x0, 0xf1,
    0x18, 0x7, 0x8c, 0x3, 0xff, 0x88, 0x20, 0x1e,
    0x10, 0xf, 0xfe, 0x98, 0x98, 0x7, 0x88, 0x3,
    0xff, 0x88, 0x40, 0x1e, 0x3e, 0x0, 0xf2, 0x0,
    0x7f, 0xf1, 0x10, 0x3, 0xc2, 0x80, 0x1e, 0x90,
    0xf, 0xfe, 0x1b, 0x8, 0x7, 0x20, 0x18, 0x80,
    0x70, 0xc8, 0x7, 0xff, 0x4, 0xa4, 0x3, 0xda,
    0x0, 0x60, 0xf, 0x35, 0x0, 0x7f, 0xcb, 0x80,
    0x1e, 0x17, 0x0, 0x40, 0x80, 0x79, 0x7e, 0x54,
    0x84, 0x0, 0x26, 0xfb, 0x42, 0x1, 0xe8, 0x10,
    0xa, 0xc0, 0x3f, 0x35, 0x6f, 0x7f, 0xbb, 0x20,
    0x80, 0x3e, 0x46, 0x0, 0xcb, 0x20, 0x1f, 0xfc,
    0xb3, 0xb0, 0xf, 0x34, 0x80, 0x7f, 0xf2, 0x5b,
    0x0, 0x3f, 0x36, 0xa8, 0x7, 0xff, 0x14, 0xee,
    0x40, 0x3f, 0xc5, 0x5d, 0x8, 0x1, 0xff, 0x1b,
    0x66, 0x10, 0x3, 0xff, 0x82, 0x2f, 0x7f, 0xb7,
    0x53, 0x35, 0x5e, 0x7e, 0x49, 0x80, 0x7e,

    /* U+0039 "9" */
    0x0, 0xfe, 0x15, 0x9c, 0xef, 0xf7, 0x6d, 0xb9,
    0x0, 0x7f, 0xf1, 0x4a, 0x7a, 0x98, 0xc4, 0x0,
    0x24, 0x91, 0xb6, 0x60, 0x1f, 0xfc, 0x28, 0xd6,
    0x0, 0xff, 0xe0, 0x26, 0x38, 0x7, 0xfc, 0x38,
    0xe0, 0x1f, 0xfc, 0x48, 0xa0, 0xf, 0xf6, 0x18,
    0x7, 0xff, 0x19, 0x64, 0x3, 0xf5, 0x90, 0x7,
    0xe4, 0x66, 0x28, 0x80, 0x7c, 0xcc, 0x0, 0xf3,
    0x20, 0x7, 0x86, 0x7e, 0xe6, 0x55, 0xd6, 0x40,
    0x1e, 0x91, 0x0, 0xe8, 0x0, 0xf1, 0xfb, 0x0,
    0x79, 0x35, 0x0, 0x3d, 0x0, 0x19, 0x84, 0x3,
    0x87, 0x44, 0x3, 0xfa, 0xc4, 0x3, 0x98, 0x40,
    0x2d, 0x0, 0xf5, 0x88, 0x7, 0xfd, 0x60, 0x1e,
    0x60, 0x9, 0x0, 0x38, 0x54, 0x3, 0xff, 0x80,
    0xa2, 0x1, 0xd6, 0x0, 0x30, 0xf, 0x20, 0x7,
    0xff, 0x9, 0xc0, 0x38, 0xc4, 0x18, 0x3, 0xda,
    0x1, 0xff, 0xc2, 0xf0, 0xf, 0x28, 0x18, 0x7,
    0x84, 0x3, 0xff, 0x84, 0x40, 0x1e, 0x30, 0xf,
    0xfe, 0x97, 0x1, 0x80, 0x78, 0x40, 0x3f, 0xf8,
    0x42, 0x1, 0xe5, 0x1, 0x0, 0xf7, 0x0, 0x7f,
    0xf0, 0x88, 0x3, 0xc4, 0xc, 0x1, 0xe5, 0x0,
    0xff, 0xe1, 0x60, 0x7, 0x84, 0x8, 0x40, 0x38,
    0xc8, 0x3, 0xff, 0x80, 0x48, 0x1, 0xfc, 0xa0,
    0x1e, 0x80, 0xf, 0xfe, 0x4, 0x80, 0x7f, 0xb4,
    0x3, 0xca, 0xe0, 0x1f, 0xe8, 0x40, 0xf, 0xf3,
    0x8, 0x7, 0xa2, 0x84, 0x3, 0xc7, 0x6e, 0x1,
    0xff, 0xc0, 0x90, 0xf, 0x97, 0xb2, 0x62, 0x13,
    0xb8, 0x80, 0x1f, 0xfc, 0x17, 0x30, 0xf, 0xc6,
    0xce, 0xe6, 0x20, 0xe, 0x20, 0xf, 0xf7, 0x8,
    0x7, 0xff, 0x16, 0xd8, 0x3, 0x84, 0x3, 0x17,
    0x90, 0x7, 0xff, 0x8, 0x71, 0x1c, 0x3, 0x8c,
    0x3, 0x87, 0x64, 0x40, 0x3f, 0xe7, 0xe3, 0x0,
    0xf9, 0x80, 0x3e, 0x6e, 0xb7, 0x32, 0x0, 0x89,
    0x67, 0xe0, 0x2, 0x20, 0xe, 0x20, 0xf, 0xe4,
    0x8c, 0xdf, 0xfb, 0x69, 0x80, 0x38, 0x40, 0x3b,
    0x80, 0x3f, 0xf9, 0x64, 0x1, 0xe3, 0x0, 0xff,
    0xe5, 0xb8, 0x7, 0x98, 0x3, 0xff, 0x97, 0xa0,
    0x1c, 0x24, 0x0, 0x13, 0x3f, 0x0, 0x7f, 0xf0,
    0x94, 0x3, 0x90, 0x2, 0x7c, 0xcf, 0x18, 0x7,
    0xff, 0x0, 0xc8, 0x3, 0xbc, 0x2, 0x20, 0xf,
    0x58, 0x7, 0xff, 0x2, 0x0, 0x3c, 0xa0, 0x12,
    0x80, 0x79, 0x84, 0x3, 0xfc, 0xe8, 0x1, 0xca,
    0x1, 0x85, 0x0, 0x38, 0x68, 0x3, 0xf9, 0xe0,
    0x3, 0xd2, 0x1, 0xda, 0x1, 0xe4, 0xe7, 0x31,
    0x1, 0x26, 0xd8, 0x0, 0xf2, 0x98, 0x7, 0x31,
    0x0, 0x78, 0x63, 0x3b, 0xfb, 0x64, 0x80, 0x3c,
    0x36, 0x1, 0xf7, 0x0, 0x7f, 0xf2, 0x68, 0x40,
    0x3e, 0x3b, 0x0, 0xff, 0xe3, 0xd2, 0x0, 0x7f,
    0x26, 0x18, 0x7, 0xff, 0xc, 0xb1, 0x40, 0x3f,
    0xe3, 0xca, 0x50, 0xf, 0xf8, 0xe7, 0x4c, 0x3,
    0xff, 0x84, 0xb5, 0xf9, 0x2e, 0xca, 0xa6, 0x7a,
    0xec, 0x60, 0xf, 0xe0,

    /* U+003A ":" */
    0xbf, 0xff, 0x48, 0x7, 0xff, 0xb2, 0x2e, 0xfe,
    0x34, 0x4f, 0x10, 0x7, 0xff, 0xfc, 0x3, 0xff,
    0x92, 0x68, 0x9e, 0x28, 0xbb, 0xf8, 0x3, 0xff,
    0xd8,

    /* U+003B ";" */
    0xb, 0xff, 0xf4, 0x80, 0x7f, 0xfd, 0x22, 0xef,
    0xe0, 0x34, 0x4f, 0x10, 0x7, 0xff, 0xfc, 0x3,
    0xff, 0xc1, 0xff, 0xec, 0x2, 0x0, 0xf2, 0x3,
    0x0, 0x7b, 0x0, 0x80, 0x3c, 0x81, 0xc0, 0x1c,
    0x60, 0x2, 0x0, 0xe4, 0x0, 0x38, 0x7, 0x60,
    0x0, 0x80, 0x39, 0x0, 0x40, 0x38, 0xc0, 0x4,
    0x1, 0xc8, 0x0, 0x60, 0xe, 0xc0, 0x6, 0x80,
    0x72, 0x80, 0x8, 0x3, 0x18, 0x80, 0x18, 0x3,
    0x20, 0x4,

    /* U+003C "<" */
    0x0, 0xff, 0xf4, 0x94, 0xd0, 0x7, 0xff, 0x2c,
    0xeb, 0x58, 0x40, 0x3f, 0xf9, 0x2b, 0x98, 0x50,
    0xf, 0xfe, 0x53, 0x6d, 0x18, 0x7, 0xff, 0x24,
    0x63, 0xa4, 0x80, 0x3f, 0xf9, 0x25, 0x3c, 0xe2,
    0x1, 0xff, 0xc9, 0x4b, 0xd6, 0x0, 0xff, 0x1f,
    0x80, 0x7f, 0x97, 0x6d, 0x0, 0x3f, 0xcb, 0x98,
    0x40, 0xf, 0x85, 0xfa, 0x88, 0x3, 0xfc, 0xfb,
    0x46, 0x1, 0xf1, 0x4f, 0x40, 0x80, 0x7f, 0x14,
    0xfc, 0x10, 0x7, 0xc7, 0x5a, 0xc0, 0x1f, 0xe4,
    0xbd, 0x60, 0xf, 0xcb, 0x98, 0x50, 0xf, 0xf3,
    0x6d, 0xa0, 0x7, 0xf3, 0xd1, 0x80, 0x7f, 0xc,
    0x74, 0x90, 0x7, 0xfd, 0xe0, 0x1f, 0xc7, 0x5c,
    0xe2, 0x1, 0xff, 0xc9, 0x2c, 0xc2, 0x80, 0x7f,
    0xf3, 0xb, 0x98, 0x3, 0xff, 0x9c, 0x53, 0xd0,
    0x20, 0x1f, 0xfc, 0x2c, 0x20, 0xf, 0xe1, 0x7e,
    0xa3, 0x0, 0xff, 0xe0, 0x26, 0xda, 0x0, 0x7f,
    0x97, 0x30, 0xa0, 0x1f, 0xfc, 0x4, 0xbc, 0x50,
    0xf, 0xf1, 0xd7, 0x38, 0x80, 0x7f, 0xc7, 0x5c,
    0xe0, 0x1f, 0xe1, 0x8e, 0x92, 0x0, 0xff, 0x86,
    0x3e, 0x4, 0x3, 0xfc, 0xdb, 0x68, 0x1, 0xff,
    0xc0, 0x7e, 0xa3, 0x0, 0xff, 0x25, 0xeb, 0x0,
    0x7f, 0xf0, 0x17, 0x30, 0x80, 0x1f, 0xe2, 0x9a,
    0x0, 0xff, 0xe0, 0x9d, 0xeb, 0x0, 0x7f, 0x84,
    0x3, 0xff, 0x86, 0x53, 0xd0, 0x20, 0x1f, 0xfc,
    0xd1, 0x7e, 0x92, 0x0, 0xff, 0xe7, 0x36, 0xda,
    0x0, 0x7f, 0xf3, 0x92, 0xf1, 0x40, 0x3f, 0xf9,
    0xc7, 0x5d, 0xc0,

    /* U+003D "=" */
    0x5f, 0xff, 0xfe, 0x6e, 0x80, 0x7f, 0xff, 0xc0,
    0x3f, 0xfa, 0xa2, 0x1, 0xff, 0xce, 0x4f, 0xff,
    0xfe, 0x6e, 0x80, 0x7f, 0xff, 0xc0, 0x3f, 0xff,
    0xe0, 0x1f, 0xfc, 0x4, 0xff, 0xff, 0xe6, 0xe8,
    0x80, 0x7f, 0xff, 0xc0, 0x3f, 0xfd, 0xe0,

    /* U+003E ">" */
    0x0, 0xff, 0xe8, 0x96, 0x28, 0x7, 0xff, 0x3c,
    0xeb, 0x9c, 0x3, 0xff, 0x9e, 0x31, 0xf0, 0x40,
    0x1f, 0xfc, 0xf7, 0xda, 0x30, 0xf, 0xfe, 0x7a,
    0xe6, 0x10, 0x3, 0xff, 0x9e, 0x77, 0xac, 0x1,
    0xff, 0xc3, 0x25, 0x0, 0xff, 0x14, 0xf4, 0x8,
    0x7, 0xff, 0x6, 0xb9, 0xc4, 0x3, 0xf8, 0x5f,
    0xa4, 0x80, 0x3f, 0xf8, 0x3, 0x1d, 0x24, 0x1,
    0xfe, 0x6d, 0xb4, 0x0, 0xff, 0xe0, 0xb6, 0xda,
    0x0, 0x7f, 0x92, 0xf1, 0x40, 0x3f, 0xf8, 0x29,
    0x78, 0xa0, 0x1f, 0xe3, 0xae, 0x70, 0xf, 0xfe,
    0x9, 0xd7, 0x38, 0x80, 0x7f, 0xc, 0x7c, 0x8,
    0x7, 0xff, 0x0, 0x63, 0xa4, 0x80, 0x3f, 0xcf,
    0xc0, 0x1f, 0xfc, 0x36, 0xdb, 0x40, 0xf, 0xfe,
    0x7a, 0x5e, 0x28, 0x7, 0xff, 0x38, 0x51, 0x0,
    0x1f, 0xfc, 0xc2, 0x9e, 0x81, 0x0, 0xff, 0xe5,
    0x25, 0xeb, 0x0, 0x7f, 0x94, 0x3, 0xff, 0x80,
    0xdb, 0x68, 0x1, 0xfc, 0x2f, 0xd4, 0x1, 0xfc,
    0x53, 0xf2, 0x40, 0x1f, 0xc5, 0x3d, 0x2, 0x1,
    0xf9, 0x2f, 0x58, 0x3, 0xfc, 0x75, 0xac, 0x1,
    0xfc, 0xdb, 0x68, 0x1, 0xfe, 0x5c, 0xc2, 0x80,
    0x7e, 0x18, 0xe9, 0x20, 0xf, 0xf3, 0x6d, 0x18,
    0x7, 0xf1, 0x73, 0x88, 0x7, 0xf0, 0xc7, 0x49,
    0x0, 0x7f, 0xf2, 0x8a, 0x79, 0xc4, 0x3, 0xff,
    0x94, 0x97, 0xac, 0x1, 0xff, 0xcb, 0x5d, 0xb4,
    0x0, 0xff, 0xe5, 0xb, 0xf5, 0x10, 0x7, 0xff,
    0x28, 0xa7, 0xa0, 0x40, 0x3f, 0xf9, 0x47, 0x5a,
    0xc0, 0x1f, 0xfc, 0xd0,

    /* U+003F "?" */
    0x0, 0xfe, 0x26, 0xac, 0xef, 0xf7, 0x6d, 0xc2,
    0x0, 0x7f, 0xf0, 0xce, 0xf6, 0x54, 0xc4, 0x0,
    0x24, 0x8f, 0x7d, 0x2, 0x1, 0xff, 0x56, 0x20,
    0x7, 0xff, 0x0, 0x5f, 0xd0, 0x3, 0xf0, 0xea,
    0x80, 0x7f, 0xf1, 0x6, 0xd4, 0x3, 0xed, 0x20,
    0xf, 0xfe, 0x3d, 0x20, 0x7, 0x51, 0x80, 0x7e,
    0x23, 0x31, 0x0, 0x7f, 0x48, 0x6, 0x45, 0x0,
    0xf1, 0x57, 0xee, 0x63, 0x79, 0xc0, 0x3e, 0x26,
    0x0, 0xa0, 0x3, 0xcb, 0xaa, 0x1, 0xc3, 0x16,
    0x1, 0xf5, 0x0, 0xc, 0xc0, 0x1c, 0x54, 0x1,
    0xfc, 0x8e, 0x1, 0xe3, 0x10, 0xa0, 0xf, 0x70,
    0x7, 0xfd, 0x20, 0x1f, 0x18, 0x20, 0x7, 0x19,
    0x80, 0x3f, 0xe1, 0x20, 0xf, 0x30, 0x39, 0x0,
    0x6b, 0x0, 0xff, 0xe0, 0x88, 0x7, 0xea, 0xdf,
    0xec, 0xa6, 0x0, 0xff, 0xe0, 0x88, 0x7, 0x98,
    0x3, 0x9, 0xa8, 0x80, 0x7f, 0xf0, 0x48, 0x3,
    0xc6, 0x1, 0xff, 0xc8, 0x40, 0xf, 0x18, 0x80,
    0x7f, 0xf2, 0x3c, 0x3, 0xd6, 0x1, 0xff, 0xc8,
    0x64, 0x0, 0xf3, 0x0, 0x7f, 0xf1, 0xd2, 0x40,
    0x3d, 0x2, 0x1, 0xff, 0xc6, 0x3b, 0x0, 0xf2,
    0x38, 0x7, 0xff, 0x18, 0xf0, 0x3, 0xc7, 0x60,
    0x1f, 0xfc, 0x63, 0xc0, 0xf, 0x1e, 0x0, 0x7f,
    0xf1, 0x8f, 0x0, 0x3c, 0x78, 0x1, 0xff, 0xc6,
    0x1d, 0x0, 0xf1, 0xe0, 0x7, 0xff, 0x1f, 0x44,
    0x3, 0x8b, 0x40, 0x3f, 0xf8, 0xec, 0x60, 0x1c,
    0x38, 0x20, 0x1f, 0xfc, 0x78, 0x0, 0xf5, 0x8,
    0x7, 0xff, 0x1d, 0x4, 0x3, 0x91, 0x0, 0x1f,
    0xfc, 0x8c, 0x0, 0xf7, 0x0, 0x7f, 0xf2, 0x44,
    0x3, 0xce, 0x1, 0xff, 0xc9, 0x30, 0xf, 0x18,
    0x7, 0xff, 0x26, 0x67, 0xe1, 0x0, 0xff, 0xe4,
    0x9b, 0x37, 0x80, 0x3f, 0xff, 0xe0, 0x1f, 0xfd,
    0x6d, 0xff, 0xf1, 0x80, 0x7f, 0xff, 0xc0, 0x3f,
    0xff, 0xe0, 0x1f, 0xff, 0xef, 0xcc, 0xf1, 0x80,
    0x7f, 0x80,

    /* U+0040 "@" */
    0x0, 0xff, 0xe5, 0xa3, 0xcd, 0xe6, 0xeb, 0x2e,
    0xa1, 0x8c, 0x3, 0xff, 0xb4, 0x4f, 0x9f, 0x70,
    0xc8, 0x64, 0x43, 0x45, 0x79, 0xcf, 0xc8, 0x30,
    0xf, 0xfe, 0xa2, 0xe6, 0xc1, 0x80, 0x7f, 0xf0,
    0xcd, 0xf3, 0x58, 0x3, 0xff, 0xa0, 0xdd, 0x46,
    0x1, 0xff, 0xc9, 0x29, 0xe6, 0x0, 0xff, 0xe6,
    0x1e, 0xc8, 0x80, 0x7f, 0xf3, 0x46, 0x74, 0xc0,
    0x3f, 0xf9, 0x31, 0x84, 0x1, 0xf0, 0xac, 0xde,
    0xf7, 0xfd, 0xd9, 0x4e, 0x80, 0x1f, 0x8b, 0x18,
    0x3, 0xff, 0x8c, 0x38, 0xe0, 0x1f, 0x36, 0x75,
    0x32, 0x10, 0x80, 0x42, 0x6b, 0x17, 0xf6, 0xc0,
    0x1f, 0x4c, 0x80, 0x3f, 0xf8, 0x85, 0xe6, 0x1,
    0xe7, 0xe9, 0x30, 0xf, 0xfe, 0x1a, 0x4f, 0x38,
    0x7, 0x9a, 0x40, 0x3f, 0xf8, 0x45, 0x82, 0x1,
    0xc9, 0xb0, 0x20, 0x1f, 0xfc, 0x71, 0x8d, 0x30,
    0xe, 0x67, 0x0, 0xff, 0xe0, 0xe, 0x8, 0x7,
    0x45, 0x90, 0x7, 0xff, 0x2c, 0xb1, 0x80, 0x3a,
    0x10, 0x3, 0xfe, 0xd1, 0x0, 0xeb, 0x70, 0xf,
    0xfe, 0x7c, 0xb8, 0x7, 0x48, 0x7, 0xfa, 0x4c,
    0x3, 0xb1, 0x0, 0x3f, 0xfa, 0x30, 0xa0, 0x18,
    0xa0, 0x3, 0xf2, 0x30, 0x7, 0x59, 0x80, 0x7f,
    0xf4, 0xec, 0x40, 0x33, 0x88, 0x7, 0xd4, 0x1,
    0xd0, 0x80, 0x1f, 0xe5, 0xad, 0xff, 0x76, 0x30,
    0x80, 0x44, 0xab, 0xc6, 0x1, 0xd, 0x80, 0x73,
    0x0, 0x7a, 0x4, 0x3, 0x1b, 0x80, 0x7f, 0x3f,
    0x52, 0x90, 0x0, 0x4e, 0x79, 0x80, 0x11, 0x55,
    0xc8, 0x1, 0x94, 0x80, 0x35, 0x0, 0x70, 0xb8,
    0x7, 0x70, 0x7, 0xe2, 0xd8, 0x10, 0xf, 0xe9,
    0x80, 0x70, 0xe, 0x30, 0xe, 0xa0, 0xc, 0x46,
    0x1, 0xa4, 0x3, 0x9c, 0x80, 0x3e, 0x4d, 0x20,
    0xf, 0xfe, 0x3, 0xb1, 0x0, 0x73, 0x0, 0x73,
    0x0, 0x72, 0x0, 0x66, 0x0, 0xe9, 0x0, 0xf8,
    0xec, 0x3, 0xff, 0x87, 0x20, 0x1e, 0x20, 0xe,
    0x12, 0x0, 0xd8, 0x1, 0x28, 0x80, 0x66, 0x10,
    0xf, 0xb8, 0x3, 0xe6, 0xce, 0xfc, 0x60, 0xf,
    0xe3, 0x0, 0xf9, 0x0, 0x33, 0x0, 0x5c, 0x1,
    0xd4, 0x1, 0xf4, 0x10, 0x7, 0x16, 0xc9, 0x88,
    0x1c, 0xd8, 0x7, 0xe5, 0x0, 0xfb, 0x80, 0x31,
    0x0, 0x48, 0x1, 0x88, 0xc0, 0x3c, 0x4e, 0x1,
    0xc5, 0x84, 0x1, 0xe4, 0x60, 0xf, 0xb8, 0x3,
    0xe2, 0x0, 0xe1, 0x3, 0x0, 0xe5, 0x0, 0xfa,
    0xc0, 0x3d, 0xc2, 0x1, 0xfa, 0xc0, 0x3e, 0x30,
    0xf, 0x84, 0x3, 0xe4, 0x0, 0xed, 0x0, 0xf9,
    0x80, 0x39, 0x4c, 0x3, 0xf8, 0x80, 0x3e, 0x50,
    0xf, 0x9c, 0x3, 0x8c, 0x34, 0x3, 0x90, 0x3,
    0xcc, 0x1, 0xe9, 0x0, 0xff, 0x84, 0x3, 0x84,
    0x40, 0x1f, 0x38, 0x7, 0x18, 0x30, 0x6, 0x11,
    0x0, 0x7b, 0x0, 0x38, 0x8c, 0x3, 0xff, 0x8a,
    0x40, 0x1f, 0xfc, 0x42, 0x0, 0xc4, 0x1, 0xf2,
    0x0, 0x72, 0x0, 0x7f, 0xf1, 0x94, 0x3, 0xf1,
    0x0, 0x70, 0x80, 0x80, 0x66, 0x0, 0xf0, 0x88,
    0x3, 0xbc, 0x3, 0xff, 0x80, 0x20, 0x1d, 0xe0,
    0x1f, 0x84, 0x3, 0x8, 0x7, 0xff, 0x8, 0x80,
    0x3c, 0x40, 0x1f, 0xf1, 0x80, 0x79, 0x40, 0x3f,
    0x68, 0x6, 0x20, 0x10, 0xe, 0x30, 0xf, 0x30,
    0x7, 0x9c, 0x3, 0xfe, 0x50, 0xf, 0x10, 0x7,
    0xe7, 0x0, 0xc8, 0x1, 0xff, 0xc2, 0x30, 0xf,
    0x8, 0x7, 0xfd, 0x80, 0x1c, 0x22, 0x0, 0xf8,
    0x88, 0x1, 0xb4, 0x3, 0xe3, 0x0, 0xff, 0xe6,
    0xa0, 0x7, 0x28, 0x7, 0xea, 0x0, 0xe5, 0x1,
    0x0, 0xe1, 0x0, 0xf1, 0x80, 0x79, 0x80, 0x3f,
    0xc6, 0x20, 0x1c, 0x60, 0x1f, 0x98, 0x3, 0x28,
    0x4, 0x20, 0x19, 0x80, 0x3c, 0x20, 0x1e, 0x20,
    0xf, 0xf4, 0x80, 0x7b, 0x80, 0x3e, 0x71, 0x0,
    0xdc, 0x1, 0x10, 0x6, 0x20, 0xf, 0x28, 0x7,
    0xb4, 0x3, 0xf8, 0xd4, 0x3, 0xca, 0x1, 0xe2,
    0x80, 0xc, 0x68, 0x1, 0x30, 0x7, 0x10, 0x7,
    0x9, 0x0, 0x72, 0x18, 0x7, 0xc3, 0xc0, 0x1f,
    0x8, 0x7, 0xf, 0x80, 0x77, 0x80, 0x6d, 0x0,
    0xe4, 0x0, 0xf2, 0x80, 0x7b, 0x88, 0x3, 0x8f,
    0x8, 0x3, 0xe5, 0x0, 0xcb, 0xe4, 0x1, 0x98,
    0xc0, 0x32, 0x0, 0x76, 0x80, 0x7a, 0x80, 0x3c,
    0x5b, 0x2a, 0xa7, 0xcc, 0x10, 0x0, 0x80, 0x3a,
    0x32, 0x6f, 0xa8, 0x40, 0x31, 0xc8, 0x7, 0x18,
    0x80, 0x64, 0x10, 0xe, 0x26, 0x0, 0xf9, 0xaa,
    0x90, 0x60, 0x1b, 0xc4, 0x3, 0x8d, 0x90, 0x40,
    0x38, 0xf0, 0x3, 0xe4, 0x0, 0xe7, 0x0, 0xf4,
    0x10, 0x7, 0xff, 0xa, 0xca, 0x0, 0x3f, 0xf8,
    0x2d, 0x80, 0x1f, 0xb8, 0x3, 0xa0, 0x3, 0xc3,
    0xe4, 0x1, 0xff, 0xc0, 0xa4, 0x6, 0x70, 0xf,
    0xf1, 0xdc, 0x80, 0x7f, 0x21, 0x0, 0x61, 0x70,
    0xf, 0x16, 0x30, 0x7, 0xf1, 0x62, 0x80, 0x51,
    0xae, 0x62, 0x0, 0x13, 0x7c, 0xc2, 0x0, 0x7f,
    0xd6, 0x1, 0xd0, 0x40, 0x1e, 0x19, 0xd7, 0x31,
    0x0, 0x13, 0x5e, 0x98, 0x7, 0x14, 0x67, 0x7f,
    0xbb, 0x20, 0xc0, 0x3f, 0xf8, 0x2c, 0x40, 0x1d,
    0xc0, 0x1f, 0x8a, 0x33, 0xbf, 0xdb, 0x28, 0x1,
    0xff, 0xd3, 0xe0, 0xe, 0x3b, 0x0, 0xff, 0xf1,
    0x9b, 0x80, 0x72, 0x58, 0x7, 0xff, 0x38, 0x66,
    0xef, 0x9c, 0x3, 0xff, 0x83, 0x6, 0x1, 0xc9,
    0xa6, 0x1, 0xff, 0xcb, 0x1c, 0x64, 0x4e, 0x50,
    0xf, 0xfe, 0x16, 0x90, 0x7, 0x16, 0x40, 0x80,
    0x7f, 0xf2, 0x17, 0xc8, 0x3, 0xa4, 0x80, 0x3f,
    0xf8, 0x43, 0x84, 0x1, 0xe7, 0xe8, 0x20, 0xf,
    0xfe, 0x22, 0x5d, 0x8, 0x7, 0x3b, 0x0, 0x7f,
    0xf1, 0x7, 0x10, 0x3, 0xe7, 0xdd, 0x42, 0x90,
    0x7, 0xe2, 0x59, 0xeb, 0x40, 0xf, 0x44, 0x0,
    0x3f, 0xf8, 0xc3, 0x70, 0x1, 0xf8, 0x9e, 0xb7,
    0xfb, 0x76, 0xef, 0xf6, 0xd3, 0x8, 0x7, 0x86,
    0xdc, 0x3, 0xff, 0x92, 0xfa, 0x80, 0x1f, 0xf0,
    0x91, 0x42, 0x1, 0xff, 0x37, 0xa0, 0x7, 0xff,
    0x2c, 0xaf, 0x10, 0x3, 0xff, 0x96, 0xbb, 0x22,
    0x1, 0xff, 0xce, 0x3b, 0xd8, 0x30, 0xf, 0xfe,
    0x2a, 0x4f, 0x51, 0x0, 0x7f, 0xf4, 0x89, 0xf3,
    0xad, 0xd4, 0xc4, 0x40, 0x10, 0x91, 0xb4, 0x5f,
    0xdb, 0x8, 0x7, 0xff, 0x14,

    /* U+0041 "A" */
    0x0, 0xff, 0xe2, 0x1f, 0xff, 0xcc, 0x1, 0xff,
    0xd4, 0xa0, 0xf, 0xa8, 0x3, 0xff, 0xa8, 0xc0,
    0x1f, 0x19, 0x0, 0x7f, 0xf4, 0x94, 0x3, 0xfa,
    0x80, 0x3f, 0xfa, 0x5c, 0x1, 0xfc, 0xc0, 0x1f,
    0xfd, 0x12, 0x40, 0xf, 0xe1, 0x40, 0xf, 0xfe,
    0x85, 0x0, 0x7f, 0xdc, 0x1, 0xff, 0xd0, 0x60,
    0xf, 0xf9, 0x44, 0x3, 0xff, 0x9c, 0x82, 0x1,
    0xc6, 0x1, 0xe6, 0x0, 0xff, 0xe7, 0x70, 0x7,
    0xf, 0x0, 0x7a, 0x80, 0x3f, 0xf9, 0xa2, 0xa0,
    0x1c, 0xe4, 0x60, 0x1c, 0x46, 0x1, 0xff, 0xcc,
    0x70, 0xf, 0x50, 0x50, 0x7, 0xa8, 0x3, 0xff,
    0x99, 0x60, 0x1c, 0x26, 0xe, 0x1, 0xe6, 0x0,
    0xff, 0xe5, 0x99, 0x0, 0x73, 0x0, 0x5, 0x0,
    0x3c, 0xa0, 0x1f, 0xfc, 0xaa, 0x0, 0xf5, 0x0,
    0x5c, 0x1, 0xe9, 0x0, 0xff, 0xe5, 0x38, 0x7,
    0x11, 0x0, 0x25, 0x0, 0xf1, 0x90, 0x7, 0xff,
    0x21, 0x44, 0x3, 0xa8, 0x3, 0x94, 0x3, 0xd4,
    0x1, 0xff, 0xc8, 0xe0, 0xf, 0x30, 0x7, 0x70,
    0x7, 0x98, 0x3, 0xff, 0x8e, 0x48, 0x1, 0xc6,
    0x20, 0x1c, 0x82, 0x1, 0xc2, 0x80, 0x1f, 0xfc,
    0x6a, 0x0, 0xf5, 0x0, 0x7c, 0xc0, 0x1e, 0xe0,
    0xf, 0xfe, 0x33, 0x0, 0x79, 0xc0, 0x3e, 0xb0,
    0xf, 0x28, 0x80, 0x7f, 0xf1, 0x10, 0x40, 0x39,
    0x44, 0x3, 0xe3, 0x20, 0xf, 0x30, 0x7, 0xff,
    0x13, 0x80, 0x3d, 0xe0, 0x1f, 0xd4, 0x1, 0xea,
    0x0, 0xff, 0xe1, 0x8a, 0x80, 0x79, 0x40, 0x3f,
    0x94, 0x3, 0xc4, 0x60, 0x1f, 0xfc, 0x27, 0x0,
    0xf3, 0x0, 0x7f, 0x88, 0xc0, 0x3d, 0x40, 0x1f,
    0xfc, 0x2b, 0x0, 0xf6, 0x80, 0x7f, 0xd4, 0x1,
    0xe6, 0x0, 0xff, 0xe0, 0x99, 0x0, 0x7a, 0xff,
    0xff, 0xe9, 0x0, 0xf9, 0x40, 0x3f, 0xf8, 0x14,
    0x1, 0xff, 0xcf, 0xe0, 0xf, 0xfe, 0x3, 0x80,
    0x7f, 0xf3, 0xd0, 0x80, 0x3f, 0xca, 0x20, 0x1f,
    0xfd, 0xa, 0x0, 0xff, 0x70, 0x7, 0xff, 0x45,
    0x80, 0x3f, 0x89, 0x0, 0x3f, 0xfa, 0x22, 0x80,
    0x1f, 0xa8, 0x3, 0xc3, 0xff, 0xff, 0xc4, 0xe0,
    0xf, 0xb8, 0x3, 0xf3, 0x0, 0x79, 0x80, 0x3f,
    0xf8, 0x82, 0x80, 0x1e, 0x51, 0x0, 0xf2, 0x8,
    0x7, 0xa8, 0x3, 0xff, 0x8b, 0xe0, 0x1f, 0x38,
    0x7, 0xb8, 0x3, 0xc6, 0x40, 0x1f, 0xfc, 0x54,
    0x10, 0xf, 0x58, 0x7, 0xa, 0x80, 0x7a, 0x80,
    0x3f, 0xf8, 0xec, 0x1, 0xe2, 0x30, 0xc, 0xe0,
    0x1f, 0x38, 0x7, 0xff, 0x1e, 0x80, 0x3e, 0xa0,
    0xd, 0x40, 0x1e, 0x51, 0x0, 0xff, 0xe3, 0x91,
    0x80, 0x79, 0xc0, 0x23, 0x30, 0x7, 0xb8, 0x3,
    0xff, 0x93, 0x40, 0x1e, 0x15, 0x0, 0x50, 0x7,
    0x85, 0x0, 0x3f, 0xf9, 0x2c, 0x1, 0xf7, 0x0,
    0x1c, 0x3, 0xcc, 0x1, 0xff, 0xcb, 0x60, 0xf,
    0x20, 0x89, 0x9d, 0xfd, 0x40, 0x1f, 0xfc, 0xbb,
    0x77, 0xf8, 0x80,

    /* U+0042 "B" */
    0x7f, 0xff, 0xfe, 0x2f, 0x65, 0x42, 0x0, 0x7f,
    0xf4, 0x4, 0xd5, 0xef, 0xe9, 0x0, 0x3f, 0xfa,
    0x6b, 0x76, 0x10, 0xf, 0xfe, 0x9a, 0x79, 0x80,
    0x7f, 0xf4, 0xc7, 0x48, 0x3, 0xfc, 0x28, 0x9f,
    0x8c, 0x80, 0x3f, 0xc3, 0x20, 0x1f, 0xe7, 0xbb,
    0xfd, 0x9b, 0xfd, 0x24, 0x1, 0xf2, 0x10, 0x7,
    0xff, 0x24, 0x5b, 0x58, 0x3, 0xe5, 0x0, 0xff,
    0xe6, 0x49, 0x80, 0x7b, 0x40, 0x3f, 0xf9, 0xb4,
    0x1, 0xe6, 0x0, 0xff, 0xe6, 0xa8, 0x7, 0x88,
    0x3, 0xff, 0x9a, 0x20, 0x1f, 0xfd, 0x46, 0x0,
    0xf1, 0x0, 0x7f, 0xf3, 0x70, 0x3, 0xca, 0x1,
    0xff, 0xcd, 0x60, 0xf, 0x68, 0x7, 0xff, 0x2c,
    0x6c, 0x40, 0x38, 0x90, 0x3, 0xff, 0x90, 0x27,
    0x1e, 0x80, 0x1e, 0x90, 0xf, 0xf3, 0x77, 0x7f,
    0x7f, 0x63, 0x88, 0x7, 0xa1, 0x0, 0x3f, 0xe1,
    0x1f, 0xe0, 0xf, 0xe1, 0xb7, 0x0, 0xff, 0xe8,
    0x9f, 0x20, 0x7, 0xff, 0x48, 0xf0, 0xc0, 0x3f,
    0xfa, 0x67, 0x8e, 0x1, 0xff, 0xd4, 0x88, 0x0,
    0x7f, 0x9b, 0xff, 0xfd, 0xd9, 0x26, 0x1, 0xf3,
    0xa8, 0x7, 0xff, 0x20, 0x4d, 0xb2, 0xc4, 0x3,
    0xd6, 0x1, 0xff, 0xcc, 0x4d, 0x0, 0xf0, 0xb0,
    0x7, 0xff, 0x30, 0xd4, 0x3, 0xd4, 0x1, 0xff,
    0xcd, 0xe0, 0xf, 0x18, 0x7, 0xff, 0x35, 0x40,
    0x3e, 0x10, 0xf, 0xfe, 0x60, 0x80, 0x7c, 0x60,
    0x1f, 0xfe, 0xd1, 0x0, 0xf8, 0x80, 0x3f, 0xf9,
    0x8a, 0x1, 0xff, 0xd4, 0xe0, 0xf, 0x20, 0x7,
    0xff, 0x31, 0x54, 0x1, 0xec, 0x0, 0xff, 0xe5,
    0xb5, 0x0, 0x7c, 0xa0, 0x1f, 0xfc, 0x61, 0x24,
    0x8e, 0x90, 0xf, 0x94, 0x80, 0x3f, 0x37, 0xff,
    0xf7, 0x6d, 0xb8, 0x80, 0x7c, 0x36, 0x1, 0xff,
    0xd3, 0xd1, 0x0, 0xff, 0xe8, 0x8e, 0x18, 0x7,
    0xff, 0x45, 0xbc, 0xc0, 0x3f, 0xf9, 0xe2, 0xfb,
    0x22, 0x1, 0xc4, 0x67, 0xff, 0xc5, 0x45, 0x7a,
    0xde, 0x82, 0x0, 0xf8,

    /* U+0043 "C" */
    0x0, 0xff, 0xe0, 0x8a, 0xce, 0x77, 0xfd, 0xdb,
    0x70, 0x80, 0x1f, 0xfc, 0xb5, 0xce, 0xa6, 0x31,
    0x0, 0x84, 0x91, 0xef, 0xe4, 0x80, 0x3f, 0xf8,
    0xcb, 0xb4, 0x60, 0x1f, 0xfc, 0x26, 0xd9, 0x0,
    0xff, 0xe2, 0x55, 0x8, 0x3, 0xff, 0x8c, 0xda,
    0x40, 0x1f, 0xfc, 0x2, 0xd5, 0x0, 0xff, 0xe4,
    0x96, 0x10, 0x7, 0xf8, 0xb0, 0x80, 0x3f, 0xf9,
    0x63, 0x82, 0x1, 0xfd, 0xe2, 0x1, 0xf8, 0x5a,
    0x6f, 0x2e, 0x9c, 0x80, 0x3f, 0xd, 0x0, 0x7e,
    0xa2, 0x0, 0xf8, 0x67, 0xa5, 0x90, 0xd1, 0x63,
    0x6c, 0x80, 0x3e, 0x45, 0x0, 0xf2, 0xa8, 0x3,
    0xe4, 0xf6, 0x0, 0xfe, 0x4d, 0x50, 0xf, 0xac,
    0x3, 0xd6, 0x1, 0xf1, 0xd8, 0x80, 0x7f, 0xf0,
    0x28, 0xc0, 0x3c, 0x28, 0x1, 0x98, 0x40, 0x3c,
    0x58, 0x1, 0xff, 0xc3, 0xe0, 0xf, 0xb8, 0x3,
    0x58, 0x7, 0xd2, 0x1, 0xff, 0xc4, 0x25, 0x0,
    0xf2, 0x80, 0x48, 0x40, 0x1e, 0x44, 0x0, 0x7f,
    0xf1, 0x78, 0x3, 0xe4, 0x0, 0x68, 0x7, 0xd0,
    0x1, 0xff, 0xc6, 0x41, 0x0, 0xf6, 0x0, 0x10,
    0x3, 0xc2, 0x60, 0x1f, 0xfc, 0x74, 0x0, 0x9,
    0xac, 0x60, 0x11, 0x0, 0x3c, 0xc0, 0x1f, 0xfc,
    0x88, 0xce, 0xe6, 0x53, 0xa0, 0x38, 0x7, 0xda,
    0x1, 0xff, 0xc8, 0x23, 0x10, 0xf, 0x68, 0x7,
    0xce, 0x1, 0xff, 0xd1, 0x20, 0xf, 0x88, 0x3,
    0xff, 0xa2, 0x20, 0x1e, 0x20, 0xf, 0xfe, 0x93,
    0x80, 0x78, 0x40, 0x3f, 0xfa, 0x42, 0x1, 0xe7,
    0x0, 0xff, 0xff, 0x80, 0x7f, 0xf6, 0x9c, 0x3,
    0xff, 0xa4, 0x20, 0x1e, 0x10, 0xf, 0xfe, 0x93,
    0x0, 0x78, 0x80, 0x3f, 0xfa, 0x44, 0x1, 0xf1,
    0x0, 0x7f, 0xf4, 0x78, 0x3, 0xe7, 0x0, 0xff,
    0xe8, 0xa8, 0x7, 0xd8, 0x1, 0xff, 0xc8, 0x28,
    0x8f, 0x8c, 0xc0, 0x1f, 0x38, 0x7, 0xff, 0x21,
    0x5d, 0xfe, 0x0, 0x20, 0x7, 0x85, 0x0, 0x3f,
    0xf8, 0xfa, 0x1, 0xf1, 0x6, 0x80, 0x7d, 0xe0,
    0x1f, 0xfc, 0x74, 0x0, 0xf0, 0x88, 0x18, 0x3,
    0xe4, 0x40, 0x7, 0xff, 0x15, 0x44, 0x3, 0xce,
    0x1, 0x30, 0x7, 0xd2, 0x20, 0x1f, 0xfc, 0x48,
    0x0, 0xfa, 0x80, 0x2b, 0x0, 0xf8, 0xa8, 0x3,
    0xff, 0x87, 0x4, 0x1, 0xe2, 0x30, 0x8, 0x9c,
    0x3, 0xe4, 0xc1, 0x0, 0xff, 0xe0, 0x3b, 0x80,
    0x3e, 0x80, 0xe, 0x82, 0x0, 0xf8, 0xfd, 0x80,
    0x3f, 0x8a, 0xe0, 0x3, 0xe3, 0x50, 0xf, 0x70,
    0x7, 0xe1, 0x9e, 0x96, 0x43, 0x45, 0x8c, 0xd4,
    0x0, 0xfd, 0xc0, 0x1f, 0x1d, 0x0, 0x7f, 0xb,
    0x4d, 0xe5, 0xd3, 0x98, 0x7, 0xf5, 0x90, 0x7,
    0xe5, 0xa0, 0xf, 0xfe, 0x6d, 0x20, 0x7, 0xf9,
    0x70, 0x80, 0x3f, 0xf9, 0x23, 0x8a, 0x1, 0xff,
    0xc0, 0x3d, 0x70, 0xf, 0xfe, 0x3b, 0x79, 0x80,
    0x7f, 0xf0, 0xe3, 0x9c, 0x80, 0x3f, 0xf8, 0x4d,
    0xd2, 0x20, 0x1f, 0xfc, 0x51, 0x8d, 0xc8, 0x53,
    0x10, 0x8, 0x49, 0x1e, 0xfe, 0x44, 0x3, 0xf8,

    /* U+0044 "D" */
    0x7f, 0xff, 0xfe, 0x2f, 0x65, 0x3a, 0x0, 0x7f,
    0xf5, 0x4, 0xd6, 0x2f, 0xed, 0x40, 0x3f, 0xfa,
    0xe9, 0x5c, 0xc0, 0x1f, 0xfd, 0x71, 0x9c, 0x20,
    0xf, 0xfe, 0xb9, 0xe1, 0x80, 0x7f, 0xf5, 0xc7,
    0xc, 0x3, 0xff, 0x80, 0x5b, 0xbf, 0xd7, 0x50,
    0x80, 0x1f, 0xed, 0x20, 0xf, 0xfe, 0x1, 0x17,
    0xf2, 0x2b, 0xdf, 0xc0, 0x80, 0x7c, 0x3c, 0x1,
    0xff, 0xce, 0x7f, 0x40, 0xf, 0x8d, 0xc0, 0x3f,
    0xf9, 0xc3, 0x68, 0x1, 0xf4, 0x88, 0x7, 0xff,
    0x3e, 0xc8, 0x3, 0xc2, 0xc0, 0x1f, 0xfd, 0x9,
    0x0, 0xfa, 0x80, 0x3f, 0xfa, 0x8, 0x80, 0xf,
    0x11, 0x80, 0x7f, 0xf4, 0x38, 0x3, 0xeb, 0x0,
    0xff, 0xe8, 0x28, 0x7, 0xc6, 0x1, 0xff, 0xd1,
    0x40, 0xf, 0x20, 0x7, 0xff, 0x44, 0xc0, 0x3e,
    0x10, 0xf, 0xfe, 0x86, 0x80, 0x7c, 0x40, 0x1f,
    0xfd, 0x6, 0x0, 0xf9, 0x80, 0x3f, 0xfa, 0x2,
    0x1, 0xf1, 0x80, 0x7f, 0xf4, 0xc, 0x3, 0xff,
    0xfa, 0x60, 0x1f, 0xfd, 0x81, 0x0, 0xf8, 0xc0,
    0x3f, 0xfa, 0xe, 0x1, 0xf0, 0x80, 0x7f, 0xf4,
    0x8, 0x3, 0xe6, 0x0, 0xff, 0xe8, 0x78, 0x7,
    0xc4, 0x1, 0xff, 0xd0, 0x50, 0xf, 0x10, 0x7,
    0xff, 0x40, 0x8c, 0x3, 0xc8, 0x1, 0xff, 0xd0,
    0xa0, 0xf, 0xb4, 0x3, 0xff, 0xa0, 0xc0, 0x1f,
    0x20, 0x7, 0xff, 0x3e, 0x44, 0x3, 0xcc, 0x1,
    0xff, 0xcf, 0x46, 0x0, 0xfa, 0xc0, 0x3f, 0xf9,
    0xcb, 0x60, 0x1f, 0x31, 0x0, 0x7f, 0xf3, 0x5e,
    0x80, 0x3e, 0x18, 0x0, 0xff, 0xe6, 0x2e, 0xc0,
    0x7, 0xeb, 0x10, 0xf, 0xf8, 0x8b, 0xf1, 0xab,
    0xd7, 0xd1, 0x0, 0x7e, 0x75, 0x0, 0xff, 0x8b,
    0x77, 0xf6, 0x54, 0x28, 0x7, 0xf9, 0xe0, 0x3,
    0xff, 0xad, 0x10, 0x0, 0xff, 0xea, 0x96, 0x38,
    0x7, 0xff, 0x50, 0x67, 0x4c, 0x3, 0xff, 0xa6,
    0xb5, 0xcc, 0x1, 0xff, 0xce, 0x12, 0x35, 0x8c,
    0xfa, 0x50, 0xf, 0xfe, 0x0,

    /* U+0045 "E" */
    0x7f, 0xff, 0xfe, 0x80, 0x80, 0x7f, 0xff, 0xc0,
    0x3f, 0xff, 0xe0, 0x1f, 0xfc, 0x12, 0xcc, 0xff,
    0xe4, 0x88, 0x7, 0xf1, 0x9f, 0xff, 0x24, 0x3,
    0xff, 0xfe, 0x1, 0xff, 0xff, 0x0, 0xff, 0xff,
    0x80, 0x7f, 0xfd, 0x11, 0x3f, 0xf8, 0xe6, 0x1,
    0xfe, 0x2b, 0xbf, 0xfe, 0x3f, 0x0, 0x7f, 0xff,
    0xc0, 0x3f, 0xff, 0xe0, 0x1f, 0xfc, 0x32, 0xff,
    0xff, 0xe3, 0xe8, 0x7, 0xff, 0xfc, 0x3, 0xff,
    0xfe, 0x1, 0xff, 0xff, 0x0, 0xff, 0xff, 0x80,
    0x7f, 0xfa, 0xc, 0xff, 0xf9, 0x40, 0x1f, 0x8b,
    0x33, 0xff, 0x94, 0x20, 0x1f, 0xfd, 0x21, 0x0,
    0xff, 0xe8, 0x90, 0x7, 0xff, 0x49, 0x80, 0x3f,
    0xfa, 0x46, 0x1, 0xff, 0xd2, 0xe0,

    /* U+0046 "F" */
    0x7f, 0xff, 0xfe, 0x77, 0x0, 0x7f, 0xff, 0xc0,
    0x3f, 0xff, 0x85, 0x99, 0xff, 0xc8, 0x0, 0xfc,
    0x67, 0xff, 0xc7, 0x20, 0xf, 0xff, 0xf8, 0x7,
    0xff, 0xfc, 0x3, 0xff, 0xfe, 0x1, 0xff, 0xf2,
    0x2f, 0xff, 0xfe, 0x35, 0x80, 0x7f, 0xff, 0xc0,
    0x3f, 0xff, 0xa5, 0x77, 0xff, 0xc6, 0x80, 0xf,
    0xe4, 0x4f, 0xfe, 0x31, 0x80, 0x7f, 0xff, 0xc0,
    0x3f, 0xff, 0xe0, 0x1f, 0xff, 0xf0, 0xf, 0xff,
    0xf8, 0x7, 0xff, 0xfc, 0x3, 0xff, 0xfc, 0x68,
    0x9f, 0x0, 0x7f, 0xf2, 0x0,

    /* U+0047 "G" */
    0x0, 0xff, 0xe0, 0x93, 0x56, 0x77, 0xfb, 0xb7,
    0x29, 0xcc, 0x3, 0xff, 0x96, 0xd9, 0xb2, 0xa6,
    0x20, 0x1, 0x23, 0x58, 0xce, 0x81, 0x0, 0xff,
    0xe3, 0x37, 0x49, 0x80, 0x7f, 0xf0, 0x45, 0xfa,
    0x0, 0x3f, 0xf8, 0x63, 0x72, 0x20, 0x1f, 0xfc,
    0x67, 0xc2, 0x0, 0xff, 0xe0, 0x17, 0xa0, 0x7,
    0xff, 0x24, 0xf0, 0x80, 0x3f, 0xc5, 0x82, 0x1,
    0xff, 0xcb, 0x1c, 0x10, 0xf, 0xc3, 0xe2, 0x1,
    0xf8, 0x9e, 0xb3, 0x72, 0xe1, 0x0, 0x3f, 0xd,
    0x0, 0x7e, 0xa2, 0x0, 0xf8, 0xb3, 0x61, 0x4c,
    0x8d, 0x1e, 0xf9, 0x40, 0x3e, 0x46, 0x0, 0xf2,
    0xa0, 0x7, 0xcd, 0xa6, 0x1, 0xfc, 0x35, 0x0,
    0x1f, 0x58, 0x7, 0xac, 0x3, 0xe6, 0x90, 0xf,
    0xfe, 0xb, 0xb0, 0x7, 0x89, 0x40, 0x33, 0x8,
    0x7, 0x92, 0x40, 0x3f, 0xf8, 0x70, 0x1, 0xf7,
    0x0, 0x6b, 0x0, 0xfa, 0x40, 0x3f, 0xf8, 0x82,
    0xc0, 0x1e, 0x40, 0x8, 0xc8, 0x3, 0xce, 0x40,
    0x1f, 0xfc, 0x5a, 0x0, 0xe1, 0x42, 0x0, 0x50,
    0x7, 0xd2, 0x1, 0xff, 0xc6, 0x37, 0x8b, 0xdf,
    0xeb, 0x20, 0x2, 0x0, 0x78, 0xc4, 0x3, 0xff,
    0x8f, 0xe, 0x84, 0x1, 0xc4, 0x40, 0xf, 0x58,
    0x7, 0xff, 0x45, 0xc0, 0x3e, 0x40, 0xf, 0xfe,
    0x8e, 0x80, 0x7c, 0x60, 0x1f, 0xfd, 0x12, 0x0,
    0xf0, 0x80, 0x7f, 0xf4, 0x84, 0x3, 0xc4, 0x1,
    0xff, 0xd2, 0x70, 0xf, 0x38, 0x7, 0xff, 0x48,
    0x40, 0x3c, 0x20, 0x1f, 0xfc, 0x3, 0xff, 0xff,
    0xe2, 0x0, 0x7f, 0xff, 0xc0, 0x3f, 0x84, 0x3,
    0xff, 0xa4, 0x20, 0x1e, 0x70, 0xf, 0xfe, 0x93,
    0x0, 0x78, 0x40, 0x3f, 0xfa, 0x44, 0x1, 0xe2,
    0x0, 0xff, 0xe0, 0x1f, 0x77, 0xf2, 0x0, 0x7d,
    0xc0, 0x1f, 0x18, 0x7, 0xff, 0x0, 0x47, 0xf8,
    0x3, 0xf2, 0x80, 0x7c, 0xa0, 0x1f, 0xfd, 0x13,
    0x0, 0xfb, 0x40, 0x3f, 0xfa, 0x48, 0x1, 0xe4,
    0x10, 0xf, 0xfe, 0x8e, 0x80, 0x7d, 0x20, 0x1f,
    0xfd, 0x17, 0x0, 0xf9, 0xc4, 0x3, 0xff, 0xa0,
    0x2c, 0x1, 0xf5, 0x0, 0x7f, 0xf4, 0x6c, 0x3,
    0xe4, 0x90, 0xf, 0xfe, 0x81, 0x38, 0x7, 0xcd,
    0x42, 0x1, 0xff, 0xc3, 0x84, 0x0, 0xff, 0x41,
    0x0, 0x7c, 0xbe, 0xa0, 0x1f, 0xf0, 0xbf, 0x38,
    0x7, 0xff, 0x3, 0x80, 0x3f, 0xd, 0x74, 0xb2,
    0x19, 0x1a, 0x34, 0xe7, 0x40, 0x80, 0x7f, 0xf0,
    0x4e, 0xc0, 0x3f, 0x85, 0xa6, 0xf3, 0x72, 0xe5,
    0x8c, 0x3, 0xfd, 0x60, 0x1e, 0x4b, 0x0, 0xff,
    0xe7, 0x9e, 0xa0, 0x7, 0xc9, 0xa6, 0x1, 0xff,
    0xcb, 0x18, 0xc2, 0x0, 0xfe, 0x2c, 0x91, 0x0,
    0xff, 0xe3, 0x8b, 0xfb, 0x80, 0x7f, 0xf0, 0x5b,
    0xa4, 0xc0, 0x3f, 0xf8, 0x6b, 0x5d, 0x2, 0x1,
    0xff, 0xc4, 0x6c, 0xea, 0x64, 0x21, 0x0, 0x84,
    0xd6, 0x33, 0xe9, 0x40, 0x3f, 0x0,

    /* U+0048 "H" */
    0x7f, 0xff, 0x68, 0x7, 0xff, 0x1f, 0xbf, 0xfc,
    0xa0, 0x1f, 0xff, 0xf0, 0xf, 0xff, 0xf8, 0x7,
    0xff, 0xfc, 0x3, 0xff, 0xfe, 0x1, 0xff, 0xff,
    0x0, 0xff, 0xff, 0x80, 0x7f, 0xff, 0xc0, 0x3f,
    0xfb, 0xc5, 0x77, 0xff, 0xc7, 0x10, 0xf, 0xfe,
    0x1a, 0x27, 0xff, 0x1c, 0x3, 0xff, 0xfe, 0x1,
    0xff, 0xff, 0x0, 0xff, 0xee, 0x17, 0xff, 0xff,
    0x1c, 0x40, 0x3f, 0xff, 0xe0, 0x1f, 0xff, 0xf0,
    0xf, 0xff, 0xf8, 0x7, 0xff, 0xfc, 0x3, 0xff,
    0xfe, 0x1, 0xff, 0xff, 0x0, 0xff, 0xff, 0x80,
    0x7f, 0xff, 0xc0, 0x6, 0xab, 0xf0, 0x7, 0xff,
    0x1d, 0xd5, 0x7c, 0xc0,

    /* U+0049 "I" */
    0x7f, 0xff, 0x68, 0x7, 0xff, 0xfc, 0x3, 0xff,
    0xfe, 0x1, 0xff, 0xff, 0x0, 0xff, 0xff, 0x80,
    0x7f, 0xf4, 0xd, 0x57, 0xe0,

    /* U+004A "J" */
    0x0, 0xff, 0xe6, 0x37, 0xff, 0xb8, 0x3, 0xff,
    0xfe, 0x1, 0xff, 0xff, 0x0, 0xff, 0xff, 0x80,
    0x7f, 0xff, 0xc0, 0x3f, 0xff, 0xe0, 0x1f, 0xff,
    0xf0, 0xf, 0xff, 0xf8, 0x7, 0xff, 0xfc, 0x3,
    0xff, 0xfe, 0x1, 0xff, 0xff, 0x0, 0xff, 0xff,
    0x80, 0x7f, 0xfe, 0x8c, 0xdd, 0xde, 0xd0, 0xf,
    0xfe, 0x20, 0x80, 0x7c, 0x23, 0xf1, 0x10, 0x3,
    0xff, 0x87, 0xe0, 0x1e, 0x12, 0x0, 0xf9, 0x0,
    0x3f, 0xf8, 0x66, 0x1, 0xe6, 0x2, 0x0, 0xf6,
    0x0, 0x7f, 0xf0, 0xd4, 0x3, 0xc4, 0xe, 0x1,
    0xe5, 0x10, 0xf, 0xfe, 0xa, 0x8, 0x7, 0xb4,
    0x3c, 0x3, 0xe9, 0x0, 0xff, 0xe0, 0xc0, 0x7,
    0xc8, 0xa, 0x1, 0xf3, 0xa8, 0x7, 0xfc, 0xe6,
    0x1, 0xe4, 0x10, 0x3, 0x0, 0x7d, 0x50, 0x1,
    0xfd, 0x30, 0x1, 0xf7, 0x80, 0x50, 0x1, 0xf9,
    0xfa, 0x99, 0xd, 0x1a, 0xb9, 0x80, 0x3e, 0x34,
    0x0, 0x86, 0x40, 0x3f, 0xa, 0xcd, 0xe5, 0xca,
    0x88, 0x7, 0xee, 0x0, 0xe6, 0x50, 0xf, 0xfe,
    0x5d, 0x10, 0x7, 0xa9, 0x80, 0x3f, 0xf9, 0x3,
    0x6a, 0x1, 0xfa, 0x6c, 0x40, 0x3f, 0xf8, 0xa7,
    0x88, 0x1, 0xfe, 0x4e, 0x92, 0x0, 0xff, 0xe0,
    0x9d, 0xe1, 0x0, 0x7f, 0xf0, 0x5b, 0x72, 0x54,
    0xc8, 0x40, 0x4, 0x6b, 0x3b, 0x88, 0x1, 0xf0,

    /* U+004B "K" */
    0x7f, 0xff, 0x68, 0x7, 0xff, 0x16, 0xff, 0xfe,
    0x50, 0xf, 0xfe, 0x75, 0x20, 0x7, 0xa5, 0x40,
    0x3f, 0xf9, 0xb2, 0xa0, 0x1e, 0x86, 0x0, 0xff,
    0xe6, 0xcb, 0x0, 0x79, 0x9c, 0x3, 0xff, 0x9b,
    0xc, 0x1, 0xe5, 0x90, 0xf, 0xfe, 0x6c, 0x38,
    0x7, 0x92, 0x80, 0x3f, 0xf9, 0xae, 0xe0, 0xf,
    0x1d, 0x80, 0x7f, 0xf3, 0x5a, 0x0, 0x3c, 0x5a,
    0x1, 0xff, 0xcd, 0x69, 0x0, 0xf1, 0x60, 0x80,
    0x7f, 0xf3, 0x16, 0x40, 0x3c, 0x3e, 0x20, 0x1f,
    0xfc, 0xc4, 0xa0, 0xf, 0xe, 0x10, 0x7, 0xff,
    0x31, 0x2c, 0x3, 0xed, 0x20, 0xf, 0xfe, 0x61,
    0xd8, 0x7, 0xd6, 0x60, 0x1f, 0xfc, 0xc3, 0xc0,
    0xf, 0xa9, 0x0, 0x3f, 0xf9, 0x85, 0xa0, 0x1f,
    0x4a, 0x80, 0x7f, 0xf3, 0xb, 0x4, 0x3, 0xce,
    0xc0, 0x1f, 0xfc, 0xc2, 0xc1, 0x0, 0xfb, 0x40,
    0x3f, 0xf9, 0x83, 0x82, 0x1, 0xfa, 0xc0, 0x3f,
    0xf9, 0x67, 0x82, 0x1, 0xfc, 0x32, 0x1, 0xff,
    0xca, 0x12, 0x0, 0xff, 0x98, 0xc0, 0x3f, 0xf9,
    0xe2, 0x1, 0xf7, 0x80, 0x7f, 0xf3, 0x87, 0x1c,
    0x3, 0xc6, 0xc0, 0x1f, 0xfc, 0xc1, 0xc2, 0x81,
    0x0, 0xf4, 0x88, 0x7, 0xff, 0x28, 0x70, 0x80,
    0x16, 0x1, 0xf5, 0x80, 0x7f, 0xf2, 0x47, 0x48,
    0x2, 0x54, 0x0, 0xf2, 0xa0, 0x7, 0xff, 0x1c,
    0x74, 0xc0, 0x3a, 0x40, 0x3e, 0x90, 0xf, 0xfe,
    0x3e, 0x98, 0x7, 0x89, 0xc0, 0x3c, 0x50, 0x1,
    0xff, 0xc5, 0x23, 0x0, 0xfd, 0x2, 0x1, 0xe7,
    0x20, 0xf, 0xfe, 0x7d, 0x80, 0x7d, 0x20, 0x1f,
    0xfc, 0xf5, 0x40, 0xf, 0x22, 0x80, 0x7f, 0xf3,
    0xe4, 0x3, 0xeb, 0x0, 0xff, 0xe7, 0x93, 0x80,
    0x78, 0x64, 0x3, 0xff, 0x9f, 0x4, 0x1, 0xe6,
    0x30, 0xf, 0xfe, 0x7c, 0x80, 0x7d, 0xe0, 0x1f,
    0xfc, 0xf4, 0x40, 0x7, 0x8d, 0x80, 0x3f, 0xf9,
    0xf2, 0x1, 0xf4, 0x88, 0x7, 0xff, 0x38, 0xa0,
    0x3, 0xeb, 0x0, 0xff, 0xe7, 0xb9, 0x0, 0x79,
    0x50, 0x3, 0xff, 0x9f, 0x20, 0x1f, 0x48, 0x7,
    0xff, 0x3d, 0x14, 0x3, 0xc4, 0xe0, 0x1f, 0xfc,
    0xfb, 0x0, 0xfa, 0x8, 0x3, 0xff, 0x9c, 0x30,
    0x1, 0xf4, 0x81, 0xaa, 0xfc, 0x1, 0xff, 0xc6,
    0x76, 0x55, 0xf0, 0x90,

    /* U+004C "L" */
    0x7f, 0xff, 0x68, 0x7, 0xff, 0xfc, 0x3, 0xff,
    0xfe, 0x1, 0xff, 0xff, 0x0, 0xff, 0xff, 0x80,
    0x7f, 0xff, 0xc0, 0x3f, 0xff, 0xe0, 0x1f, 0xff,
    0xf0, 0xf, 0xff, 0xf8, 0x7, 0xff, 0xfc, 0x3,
    0xff, 0xfe, 0x1, 0xff, 0xff, 0x0, 0xff, 0xff,
    0x80, 0x7f, 0xff, 0xc0, 0x3f, 0xff, 0xe0, 0x1f,
    0xfd, 0x12, 0xff, 0xff, 0xe4, 0x80, 0x7f, 0xf4,
    0x48, 0x3, 0xff, 0xa2, 0xc0, 0x1f, 0xfd, 0x13,
    0x0, 0xff, 0xe8, 0xf0, 0x7, 0xff, 0x44, 0x81,
    0xae, 0xff, 0xf9, 0xe8, 0x0,

    /* U+004D "M" */
    0x7f, 0xff, 0xd0, 0x1, 0xff, 0xcb, 0x1f, 0xff,
    0xd4, 0x1, 0xfc, 0xc0, 0x1f, 0xfc, 0xb6, 0x0,
    0xff, 0xe3, 0xa, 0x0, 0x7f, 0xf2, 0xa8, 0x3,
    0xff, 0x8f, 0xc0, 0x1f, 0xfc, 0x93, 0x20, 0xf,
    0xfe, 0x3a, 0x80, 0x7f, 0xf2, 0x68, 0x3, 0xff,
    0x92, 0xa0, 0x1f, 0xfc, 0x87, 0x0, 0xff, 0xe4,
    0xf0, 0x7, 0xff, 0x1d, 0x4, 0x3, 0xff, 0x92,
    0x82, 0x1, 0xff, 0xc6, 0xe0, 0xf, 0xfe, 0x5b,
    0x80, 0x7f, 0xf1, 0x45, 0x40, 0x3f, 0xf9, 0x74,
    0x1, 0xff, 0xc5, 0x70, 0xf, 0xfe, 0x61, 0x90,
    0x7, 0xff, 0x12, 0x80, 0x3f, 0xf9, 0xb4, 0x1,
    0xff, 0xc3, 0x23, 0x0, 0xff, 0xe3, 0xa0, 0x7,
    0x28, 0x7, 0xff, 0xe, 0x80, 0x39, 0x40, 0x3f,
    0xf8, 0x5c, 0x1, 0xc4, 0x60, 0x1f, 0xfc, 0x26,
    0x0, 0xee, 0x0, 0xff, 0xe1, 0x20, 0x80, 0x75,
    0x0, 0x7f, 0xf0, 0x50, 0x40, 0x31, 0x20, 0x7,
    0xff, 0xd, 0x80, 0x39, 0xc0, 0x3f, 0xf8, 0x3c,
    0x1, 0xd4, 0x1, 0xff, 0xc4, 0xa0, 0xe, 0x14,
    0x0, 0xff, 0xe0, 0x28, 0x7, 0x30, 0x7, 0xff,
    0x10, 0x8c, 0x3, 0xb8, 0x3, 0xfe, 0x60, 0xe,
    0x41, 0x0, 0xff, 0xe2, 0xd0, 0x7, 0x28, 0x7,
    0xfd, 0xa0, 0x1d, 0xc0, 0x1f, 0xfc, 0x67, 0x0,
    0xf3, 0x0, 0x7f, 0xa, 0x0, 0x72, 0x80, 0x7f,
    0xf1, 0x85, 0x40, 0x3b, 0x40, 0x3f, 0x98, 0x3,
    0x98, 0x3, 0xff, 0x91, 0xe0, 0x1c, 0x82, 0x1,
    0xfa, 0x80, 0x3a, 0x80, 0x3f, 0xf9, 0xa, 0x20,
    0x1c, 0xc0, 0x1f, 0x19, 0x0, 0x62, 0x30, 0xf,
    0xfe, 0x4b, 0x80, 0x75, 0x0, 0x7d, 0x40, 0x1d,
    0x40, 0x1f, 0xfc, 0xaa, 0x0, 0xe2, 0x20, 0x7,
    0x9c, 0x3, 0x98, 0x3, 0xff, 0x94, 0x64, 0x1,
    0xd4, 0x1, 0xca, 0x20, 0x19, 0x4, 0x3, 0xff,
    0x97, 0x40, 0x1c, 0xc0, 0x1d, 0xc0, 0x1d, 0xc0,
    0x1f, 0xfc, 0xc6, 0x0, 0xe1, 0x40, 0x8, 0x50,
    0x3, 0xa, 0x80, 0x7f, 0xf3, 0x5, 0x0, 0x3b,
    0x40, 0x26, 0x0, 0xe6, 0x0, 0xff, 0xe7, 0x68,
    0x7, 0x30, 0x5, 0x60, 0x1d, 0x40, 0x1f, 0xfc,
    0xe6, 0x0, 0xf2, 0x81, 0x18, 0x6, 0x32, 0x0,
    0xff, 0xe7, 0xa8, 0x7, 0x70, 0x50, 0x7, 0x50,
    0x7, 0xff, 0x43, 0x80, 0x39, 0x5, 0x80, 0x39,
    0xc0, 0x3f, 0xfa, 0x8, 0x20, 0x1d, 0x42, 0x1,
    0x94, 0x40, 0x3f, 0xfa, 0x2c, 0x1, 0xc8, 0x1,
    0xdc, 0x1, 0xff, 0xd2, 0xa0, 0xf, 0xf0, 0xa0,
    0x7, 0xff, 0x48, 0x88, 0x1, 0xfc, 0xc0, 0x1f,
    0xfd, 0x4a, 0x0, 0xfe, 0xa0, 0xf, 0xfe, 0xa3,
    0x0, 0x7e, 0x32, 0x0, 0xff, 0xea, 0xa, 0x0,
    0x7d, 0x40, 0x1f, 0xfd, 0x6e, 0x0, 0xf9, 0x80,
    0x3f, 0xfa, 0xca, 0x1, 0xe5, 0x0, 0xff, 0xe3,
    0x1a, 0xaf, 0x84, 0x3, 0xfd, 0x2a, 0xbd, 0x20,
    0x1f, 0xf2, 0xaf, 0xb0,

    /* U+004E "N" */
    0x7f, 0xff, 0x48, 0x7, 0xff, 0x1f, 0xff, 0xe0,
    0xf, 0xcc, 0x60, 0x1f, 0xfd, 0x6e, 0x0, 0xff,
    0xeb, 0x14, 0x0, 0x7f, 0xf5, 0x9c, 0x80, 0x3f,
    0xfa, 0xdc, 0x1, 0xff, 0xd6, 0x36, 0x0, 0xff,
    0xeb, 0x48, 0x80, 0x7f, 0xf5, 0xa8, 0x3, 0xff,
    0xac, 0x8a, 0x1, 0xff, 0xd6, 0xb1, 0x0, 0xff,
    0xea, 0x8d, 0x80, 0x7f, 0xf3, 0xd0, 0x3, 0xca,
    0x80, 0x1f, 0xfc, 0xe2, 0x90, 0xf, 0x48, 0x7,
    0xff, 0x3d, 0x8c, 0x3, 0x8a, 0x0, 0x3f, 0xf9,
    0xfc, 0x1, 0xe7, 0x30, 0xf, 0xfe, 0x71, 0x40,
    0x7, 0xbc, 0x3, 0xff, 0x9e, 0xe4, 0x1, 0xc6,
    0xe0, 0x1f, 0xfc, 0xfe, 0x0, 0xf4, 0x10, 0x7,
    0xff, 0x38, 0xdc, 0x3, 0xd2, 0x1, 0xff, 0xcf,
    0x82, 0x0, 0xe4, 0x50, 0xf, 0xfe, 0x7c, 0x80,
    0x7a, 0xc4, 0x3, 0xff, 0x9c, 0x8a, 0x1, 0xc3,
    0x60, 0x1f, 0xfc, 0xfb, 0x10, 0xe, 0x54, 0x0,
    0xff, 0xe7, 0xd, 0x80, 0x7a, 0x80, 0x3f, 0xf9,
    0xea, 0x80, 0x1c, 0x32, 0x1, 0xff, 0xcf, 0xa0,
    0xf, 0x31, 0x80, 0x7f, 0xf3, 0x86, 0x40, 0x3d,
    0xc0, 0x1f, 0xfc, 0xf6, 0x30, 0xe, 0x27, 0x0,
    0xff, 0xe7, 0xf0, 0x7, 0xa0, 0xc0, 0x3f, 0xf9,
    0xc5, 0x0, 0x1e, 0xf0, 0xf, 0xfe, 0x7b, 0x90,
    0x7, 0x18, 0x7, 0xff, 0x43, 0x80, 0x3f, 0xfa,
    0xc6, 0xe0, 0x1f, 0xfd, 0x68, 0x20, 0xf, 0xfe,
    0xb4, 0x80, 0x7f, 0xf5, 0x91, 0x40, 0x3f, 0xfa,
    0xd6, 0x20, 0x1f, 0xfd, 0x51, 0xb0, 0xf, 0xfe,
    0xb2, 0xa0, 0x7, 0xff, 0x5a, 0x80, 0x3f, 0xfa,
    0xc3, 0x20, 0x1f, 0x8d, 0x57, 0xd8, 0x1, 0xff,
    0xc6, 0x67, 0x55, 0xf0, 0x0,

    /* U+004F "O" */
    0x0, 0xff, 0xe1, 0x24, 0x5e, 0xf7, 0xfd, 0xd9,
    0x2c, 0x40, 0x1f, 0xfc, 0xd3, 0xaf, 0xb7, 0x42,
    0x10, 0x8, 0x4d, 0xa7, 0x74, 0xe0, 0x1f, 0xfc,
    0x93, 0xcc, 0x28, 0x7, 0xff, 0x8, 0xa3, 0x9c,
    0x3, 0xff, 0x8d, 0x18, 0x60, 0x1f, 0xfc, 0x61,
    0x8d, 0x20, 0xf, 0xfe, 0x10, 0xe3, 0x80, 0x7f,
    0xf2, 0x8b, 0x54, 0x3, 0xff, 0x80, 0x3a, 0x60,
    0x1f, 0xfc, 0xda, 0x50, 0xf, 0xfb, 0x4c, 0x3,
    0xf9, 0x22, 0xf3, 0x17, 0x2c, 0x20, 0x1f, 0xd4,
    0x60, 0x1f, 0xd2, 0x60, 0x1f, 0xa3, 0xed, 0xd0,
    0xcc, 0x8d, 0x3d, 0x44, 0x1, 0xfb, 0x44, 0x3,
    0xe4, 0x60, 0xf, 0x8f, 0x5c, 0x3, 0xfc, 0xba,
    0xc0, 0x1f, 0xd, 0x80, 0x7d, 0x20, 0x1f, 0x1e,
    0x10, 0x7, 0xff, 0x6, 0x5c, 0x3, 0xe5, 0x40,
    0xe, 0x52, 0x0, 0xf1, 0x60, 0x7, 0xff, 0x12,
    0x18, 0x3, 0xe8, 0x0, 0xe8, 0x0, 0xfb, 0x80,
    0x3f, 0xf8, 0xd2, 0x20, 0x1e, 0x33, 0x0, 0x46,
    0x40, 0x1e, 0x53, 0x0, 0xff, 0xe3, 0xd8, 0x7,
    0xd4, 0x1, 0x58, 0x7, 0xd0, 0x1, 0xff, 0xc8,
    0x51, 0x0, 0xf3, 0x80, 0x4a, 0x1, 0xe2, 0x20,
    0x7, 0xff, 0x25, 0x80, 0x3c, 0x26, 0x2, 0x40,
    0x1e, 0xa0, 0xf, 0xfe, 0x55, 0x80, 0x7c, 0x80,
    0x80, 0x1f, 0x18, 0x7, 0xff, 0x28, 0xc0, 0x3e,
    0xd0, 0x20, 0xf, 0x94, 0x3, 0xff, 0x96, 0x60,
    0x1e, 0x70, 0xe0, 0xf, 0x8, 0x80, 0x3f, 0xf9,
    0x6a, 0x1, 0xe2, 0x2, 0x0, 0xf1, 0x0, 0x7f,
    0xf3, 0x38, 0x3, 0xe1, 0x70, 0xf, 0x38, 0x7,
    0xff, 0x30, 0x40, 0x3e, 0x31, 0x0, 0xf0, 0x80,
    0x7f, 0xf3, 0xc, 0x3, 0xff, 0xc8, 0x20, 0x1f,
    0xfd, 0xc1, 0x0, 0xf8, 0x40, 0x3f, 0xf9, 0x86,
    0x1, 0xf9, 0x80, 0x3c, 0xe0, 0x1f, 0xfc, 0xc1,
    0x0, 0xf8, 0xc4, 0x3, 0xc4, 0x1, 0xff, 0xcc,
    0xe0, 0xf, 0x84, 0x80, 0x3c, 0x22, 0x0, 0xff,
    0xe5, 0xa8, 0x7, 0x88, 0x34, 0x3, 0xe5, 0x0,
    0xff, 0xe5, 0x98, 0x7, 0x9c, 0x1c, 0x3, 0xe3,
    0x0, 0xff, 0xe5, 0x10, 0x7, 0xda, 0x4, 0x20,
    0x1e, 0xa0, 0xf, 0xfe, 0x55, 0x0, 0x7c, 0x80,
    0x7, 0x0, 0xf1, 0x18, 0x7, 0xff, 0x25, 0x80,
    0x3c, 0x26, 0x0, 0xd0, 0xf, 0xa4, 0x3, 0xff,
    0x90, 0xa2, 0x1, 0xe7, 0x0, 0x90, 0x40, 0x3c,
    0xa6, 0x1, 0xff, 0xc7, 0xb0, 0xf, 0xa8, 0x3,
    0x48, 0x7, 0xdc, 0x1, 0xff, 0xc6, 0x91, 0x0,
    0xf1, 0x98, 0x3, 0x38, 0x80, 0x78, 0xa8, 0x3,
    0xff, 0x88, 0xcc, 0x0, 0xfa, 0x0, 0x3d, 0x60,
    0x1f, 0x2d, 0x88, 0x7, 0xff, 0x6, 0x24, 0x3,
    0xe4, 0x40, 0x7, 0x95, 0x40, 0x1f, 0x27, 0xb0,
    0x7, 0xf9, 0x31, 0xc0, 0x3e, 0x1a, 0x0, 0xfd,
    0x44, 0x1, 0xf0, 0xcf, 0xd3, 0xa1, 0x99, 0x1a,
    0x7a, 0xcc, 0x3, 0xf5, 0x8, 0x7, 0xf6, 0x10,
    0x7, 0xf2, 0xc5, 0xe6, 0x2e, 0x58, 0x40, 0x3f,
    0xa5, 0x0, 0x3f, 0xc3, 0x86, 0x1, 0xff, 0xcd,
    0x96, 0x0, 0xff, 0xe0, 0xe, 0x30, 0x7, 0xff,
    0x28, 0xb1, 0x80, 0x3f, 0xf8, 0x73, 0x86, 0x1,
    0xff, 0xc7, 0x7d, 0x30, 0xf, 0xfe, 0x29, 0xe5,
    0xa8, 0x7, 0xff, 0x8, 0xa3, 0xa0, 0x3, 0xff,
    0x92, 0x95, 0xf6, 0xe8, 0x42, 0x1, 0x9, 0xac,
    0xee, 0x9c, 0x40, 0x3f, 0xe0,

    /* U+0050 "P" */
    0x7f, 0xff, 0xfe, 0x27, 0x6e, 0x4b, 0x10, 0x7,
    0xff, 0x38, 0x48, 0xda, 0x77, 0x4e, 0x20, 0x1f,
    0xfd, 0x12, 0x8e, 0x70, 0xf, 0xfe, 0x9c, 0x58,
    0x7, 0xff, 0x4d, 0x30, 0x3, 0xff, 0xa6, 0x72,
    0x1, 0xfc, 0x9f, 0xff, 0xdd, 0x92, 0x80, 0x1f,
    0x98, 0x80, 0x3f, 0xf8, 0xc2, 0x6d, 0x7a, 0x60,
    0x1f, 0x58, 0x7, 0xff, 0x28, 0xb0, 0x80, 0x3c,
    0xe0, 0x1f, 0xfc, 0xc9, 0x0, 0xf0, 0x90, 0x7,
    0xff, 0x2d, 0x4, 0x3, 0xce, 0x1, 0xff, 0xcc,
    0x50, 0xf, 0x10, 0x7, 0xff, 0x30, 0x80, 0x3d,
    0xe0, 0x1f, 0xfe, 0xc3, 0x0, 0xf7, 0x80, 0x7f,
    0xf3, 0x18, 0x3, 0xc2, 0x1, 0xff, 0xcc, 0x30,
    0xf, 0x10, 0x7, 0xff, 0x2d, 0x80, 0x3e, 0x40,
    0xf, 0xfe, 0x51, 0x40, 0x7, 0x88, 0x3, 0xff,
    0x94, 0xb8, 0x20, 0x1e, 0xa0, 0xf, 0xfe, 0x28,
    0x92, 0x46, 0xd0, 0x80, 0x7c, 0xc0, 0x1f, 0x93,
    0xff, 0xf7, 0x6d, 0xb9, 0x0, 0x7e, 0x91, 0x0,
    0xff, 0xe8, 0xb3, 0x0, 0x3f, 0xfa, 0x2d, 0x20,
    0x1f, 0xfd, 0x1, 0xa9, 0x0, 0xff, 0xe7, 0x94,
    0xf2, 0x80, 0x7f, 0xf2, 0xc8, 0xda, 0x77, 0x4c,
    0x1, 0xff, 0xc2, 0x4f, 0xff, 0xf6, 0xe4, 0xb1,
    0x0, 0x7f, 0xff, 0xc0, 0x3f, 0xff, 0xe0, 0x1f,
    0xff, 0xf0, 0xf, 0xff, 0xf8, 0x7, 0xff, 0xfc,
    0x3, 0xff, 0xfe, 0x1, 0xf2, 0x44, 0x7b, 0x80,
    0x3f, 0xf9, 0x80,

    /* U+0051 "Q" */
    0x0, 0xff, 0xe1, 0x24, 0x5e, 0xf7, 0xfd, 0xd9,
    0x4c, 0x40, 0x1f, 0xfc, 0xd3, 0xaf, 0xb7, 0x42,
    0x10, 0x8, 0x4d, 0x67, 0x74, 0xe2, 0x1, 0xff,
    0xc8, 0x3c, 0xc2, 0x80, 0x7f, 0xf0, 0x8a, 0x3a,
    0x0, 0x3f, 0xf8, 0xd1, 0x86, 0x1, 0xff, 0xc7,
    0x7d, 0x30, 0xf, 0xfe, 0x10, 0xe3, 0x80, 0x7f,
    0xf2, 0x8b, 0x14, 0x3, 0xff, 0x80, 0x3a, 0x60,
    0x1f, 0xfc, 0xda, 0x60, 0xf, 0xfb, 0x4c, 0x3,
    0xf9, 0x22, 0xf3, 0x17, 0x2c, 0x40, 0x1f, 0xd2,
    0x80, 0x1f, 0xd2, 0x60, 0x1f, 0xa3, 0xed, 0xd0,
    0xcc, 0x8d, 0x3b, 0x64, 0x1, 0xfa, 0x84, 0x3,
    0xe4, 0x60, 0xf, 0x8f, 0x5c, 0x3, 0xfc, 0x9a,
    0xe0, 0x1f, 0xd, 0x80, 0x7d, 0x20, 0x1f, 0x1e,
    0x10, 0x7, 0xff, 0x6, 0x20, 0x1, 0xf2, 0xa0,
    0x7, 0x31, 0x0, 0x78, 0xb0, 0x3, 0xff, 0x88,
    0xec, 0x1, 0xf4, 0x0, 0x75, 0x80, 0x7d, 0xc0,
    0x1f, 0xfc, 0x69, 0x10, 0xf, 0x19, 0x80, 0x23,
    0x20, 0xf, 0x29, 0x80, 0x7f, 0xf1, 0xec, 0x3,
    0xea, 0x0, 0xa8, 0x3, 0xe9, 0x0, 0xff, 0xe4,
    0x29, 0x0, 0x79, 0xc0, 0x24, 0x0, 0xf1, 0x18,
    0x7, 0xff, 0x25, 0x40, 0x3c, 0x26, 0x2, 0x40,
    0x1e, 0x50, 0xf, 0xfe, 0x55, 0x0, 0x7c, 0x80,
    0x80, 0x1f, 0x60, 0x7, 0xff, 0x28, 0x80, 0x3e,
    0xd0, 0xd0, 0xf, 0x94, 0x3, 0xff, 0x96, 0x60,
    0x1e, 0x70, 0x20, 0xf, 0x8, 0x80, 0x3f, 0xf9,
    0x6a, 0x1, 0xe2, 0x1, 0x0, 0xf1, 0x0, 0x7f,
    0xf3, 0x38, 0x3, 0xe1, 0x70, 0xf, 0x38, 0x7,
    0xff, 0x30, 0x40, 0x3e, 0x31, 0x0, 0xf0, 0x80,
    0x7f, 0xf3, 0xc, 0x3, 0xff, 0xb8, 0x20, 0x1f,
    0x8, 0x7, 0xff, 0x50, 0x40, 0x3e, 0x11, 0x0,
    0x78, 0x40, 0x3f, 0xf9, 0x86, 0x1, 0xf9, 0xc0,
    0x3c, 0xe0, 0x1f, 0xfc, 0xc1, 0x0, 0xf8, 0xc4,
    0x3, 0xc2, 0x1, 0xff, 0xcc, 0xe0, 0xf, 0x84,
    0x80, 0x3c, 0x40, 0x1f, 0xfc, 0x42, 0x10, 0xf,
    0x10, 0x7, 0x88, 0x34, 0x3, 0xe3, 0x0, 0xff,
    0xe1, 0x26, 0x68, 0x7, 0x94, 0x3, 0xce, 0xe,
    0x1, 0xf2, 0x80, 0x7f, 0xf0, 0x5a, 0xc4, 0xe8,
    0x3, 0x10, 0x80, 0x7b, 0x40, 0x84, 0x3, 0xd4,
    0x1, 0xff, 0xc0, 0x89, 0x0, 0x95, 0xc0, 0x25,
    0x0, 0xf9, 0x0, 0xe, 0x1, 0xe3, 0x10, 0xf,
    0xf1, 0xb8, 0x7, 0x42, 0x0, 0x28, 0x3, 0xc2,
    0x60, 0xd, 0x0, 0xfa, 0x40, 0x3f, 0xc7, 0x0,
    0x1e, 0xb2, 0x52, 0x0, 0xf3, 0x80, 0x48, 0x20,
    0x1e, 0x72, 0x0, 0xff, 0x3a, 0x80, 0x7b, 0xe0,
    0x3, 0xea, 0x0, 0xd2, 0x1, 0xf4, 0x80, 0x7f,
    0xd4, 0x60, 0x1c, 0x44, 0x0, 0xf1, 0x98, 0x3,
    0x38, 0x80, 0x79, 0x20, 0x3, 0xfe, 0xd1, 0x0,
    0xff, 0xe0, 0x78, 0x7, 0xac, 0x3, 0xe7, 0x90,
    0xf, 0xf0, 0xe8, 0x7, 0xfc, 0xa6, 0x1, 0xe5,
    0x40, 0xf, 0x9b, 0x54, 0x3, 0xf8, 0xdc, 0x3,
    0xf8, 0x6c, 0x3, 0xf5, 0x10, 0x7, 0xc5, 0x5d,
    0x4c, 0x84, 0x24, 0x6d, 0x8e, 0x1, 0xfd, 0xa2,
    0x1, 0xf8, 0x7c, 0x40, 0x3f, 0xa, 0xcd, 0xef,
    0x6e, 0x49, 0x80, 0x7f, 0x19, 0x80, 0x3f, 0xc5,
    0x84, 0x1, 0xff, 0xce, 0x3a, 0x0, 0xff, 0x8b,
    0x54, 0x3, 0xff, 0x9c, 0xae, 0x1, 0xff, 0xc0,
    0xab, 0x20, 0xf, 0xfe, 0x30, 0x80, 0x7a, 0x10,
    0x3, 0xff, 0x80, 0x9b, 0x68, 0x1, 0xff, 0xc2,
    0x39, 0xe8, 0x0, 0xf5, 0x90, 0x7, 0xff, 0x5,
    0x2f, 0xad, 0xd0, 0x84, 0x0, 0x22, 0x36, 0x9e,
    0xc6, 0x7, 0x50, 0xf, 0x78, 0x80, 0x7f, 0xf0,
    0x85, 0x22, 0xf7, 0xbf, 0xdd, 0xcc, 0x96, 0x10,
    0xd, 0x46, 0x1, 0xc5, 0x20, 0x1f, 0xfd, 0x5d,
    0x10, 0xc, 0xb0, 0x1, 0xff, 0xd5, 0x1d, 0x0,
    0x9e, 0x80, 0x3f, 0xfa, 0xe7, 0x41, 0x50, 0x1,
    0xff, 0xd9, 0x5d, 0x50, 0xc,

    /* U+0052 "R" */
    0x7f, 0xff, 0xfe, 0x27, 0x6d, 0xc2, 0x88, 0x7,
    0xff, 0x40, 0x49, 0x1e, 0xba, 0xd4, 0x3, 0xff,
    0xa8, 0x95, 0x86, 0x1, 0xff, 0xd4, 0x3c, 0x70,
    0xf, 0xfe, 0xac, 0x40, 0x3, 0xff, 0xaa, 0xea,
    0x1, 0xff, 0x27, 0xff, 0xf7, 0x5b, 0x88, 0x7,
    0xeb, 0x0, 0xff, 0xe4, 0x8a, 0x47, 0x48, 0x7,
    0xc2, 0xe0, 0x1f, 0xfc, 0xc6, 0xb0, 0xf, 0xac,
    0x3, 0xff, 0x9a, 0x8c, 0x1, 0xe3, 0x0, 0xff,
    0xe7, 0x50, 0x7, 0xc8, 0x1, 0xff, 0xcd, 0x30,
    0xf, 0x84, 0x3, 0xff, 0xaa, 0x60, 0x1f, 0xfe,
    0xf1, 0x0, 0xf8, 0xc0, 0x3f, 0xf9, 0xaa, 0x1,
    0xf3, 0x0, 0x7f, 0xf3, 0x78, 0x3, 0xe3, 0x0,
    0xff, 0xe6, 0x22, 0x80, 0x79, 0x0, 0x3f, 0xf9,
    0x8d, 0x60, 0x1f, 0x70, 0x7, 0xfc, 0x23, 0xfc,
    0x4b, 0x1d, 0x20, 0x1f, 0x12, 0x80, 0x7f, 0x93,
    0xbb, 0xfb, 0x69, 0xc4, 0x3, 0xf7, 0x0, 0x7f,
    0xf5, 0x28, 0xc0, 0x3f, 0xfa, 0x43, 0x6a, 0x1,
    0xff, 0xd2, 0x5f, 0x40, 0xf, 0xfe, 0x92, 0x50,
    0x80, 0x7f, 0xf4, 0xd0, 0x80, 0x3f, 0xf8, 0x69,
    0xff, 0xfe, 0x10, 0xf, 0x58, 0x7, 0xff, 0x3a,
    0x40, 0x3c, 0xc2, 0x1, 0xff, 0xcd, 0x60, 0xf,
    0xa0, 0x3, 0xff, 0x9a, 0x2c, 0x1, 0xe6, 0x10,
    0xf, 0xfe, 0x6c, 0x0, 0x7d, 0x20, 0x1f, 0xfc,
    0xd1, 0x50, 0xf, 0x38, 0x80, 0x7f, 0xf3, 0x60,
    0x3, 0xe9, 0x0, 0xff, 0xe6, 0x92, 0x0, 0x79,
    0xc4, 0x3, 0xff, 0x9b, 0x0, 0x1f, 0x30, 0x7,
    0xff, 0x34, 0xcc, 0x1, 0xe9, 0x0, 0xff, 0xe7,
    0x48, 0x7, 0x85, 0xc0, 0x3f, 0xf9, 0xaa, 0x40,
    0x1e, 0x90, 0xf, 0xfe, 0x75, 0x80, 0x78, 0x5c,
    0x3, 0xff, 0x9a, 0xc2, 0x1, 0xe9, 0x0, 0xff,
    0xe7, 0x48, 0x7, 0x85, 0x80, 0x3f, 0xf9, 0xae,
    0x1, 0xf4, 0x2, 0x44, 0x7b, 0x80, 0x3f, 0xf8,
    0xb7, 0x11, 0xe9, 0x10,

    /* U+0053 "S" */
    0x0, 0xff, 0x89, 0xa2, 0xf7, 0xb9, 0xfd, 0xb9,
    0x4e, 0x60, 0x1f, 0xfc, 0x71, 0x8d, 0xd4, 0xba,
    0x10, 0x88, 0x4, 0x8d, 0x63, 0x3a, 0x48, 0x3,
    0xff, 0x87, 0x1c, 0xe4, 0x1, 0xff, 0xc2, 0x16,
    0xd9, 0x10, 0xf, 0xf8, 0xb5, 0xc0, 0x3f, 0xf9,
    0xd, 0xe6, 0x1, 0xfc, 0x78, 0x40, 0x1f, 0xfc,
    0xa1, 0xd2, 0x0, 0xfd, 0xa2, 0x1, 0xff, 0xcc,
    0x1c, 0x10, 0xf, 0x50, 0x80, 0x7c, 0x2d, 0x5b,
    0xdf, 0xee, 0xda, 0x61, 0x0, 0xf8, 0x60, 0x3,
    0x89, 0x40, 0x3e, 0x8e, 0x95, 0x21, 0x0, 0x9,
    0x2c, 0xf3, 0x0, 0x7c, 0xc4, 0x1, 0xac, 0x3,
    0xea, 0x70, 0xf, 0xfe, 0x4, 0xb8, 0x7, 0xd4,
    0x1, 0x90, 0x3, 0xc8, 0xa0, 0x1f, 0xfc, 0x28,
    0x30, 0xf, 0x30, 0x6, 0x20, 0xf, 0x70, 0x7,
    0xff, 0x13, 0xc0, 0x3c, 0x24, 0x0, 0x10, 0xf,
    0x98, 0x3, 0xff, 0x88, 0x66, 0x0, 0xf2, 0x0,
    0x7f, 0x9c, 0x3, 0xff, 0x8b, 0x60, 0x6b, 0x15,
    0xac, 0x0, 0x10, 0xf, 0x88, 0x3, 0xff, 0x8a,
    0xff, 0x94, 0xea, 0x40, 0x1f, 0xf6, 0x80, 0x7f,
    0xf4, 0xc, 0x3, 0xc8, 0xa0, 0x1f, 0xfc, 0xf4,
    0x0, 0xfa, 0xa0, 0x3, 0xff, 0x9d, 0x40, 0x1f,
    0x9f, 0xa5, 0x0, 0x3f, 0xf9, 0x64, 0xa0, 0x1f,
    0x85, 0xaf, 0xf2, 0x58, 0xc0, 0x3f, 0xf8, 0xf6,
    0x20, 0x1f, 0xf1, 0xb4, 0xe7, 0xed, 0x31, 0x0,
    0x7f, 0xf0, 0x87, 0x40, 0x3f, 0xf8, 0x84, 0xb3,
    0xbd, 0x6, 0x1, 0xff, 0xc0, 0x3d, 0x30, 0xf,
    0xfe, 0x30, 0xbe, 0x59, 0x80, 0x7f, 0xc5, 0x92,
    0x20, 0x1f, 0xfc, 0x74, 0xc9, 0x0, 0xff, 0xe0,
    0x37, 0x52, 0x80, 0x7f, 0xf1, 0xdb, 0x4, 0x3,
    0xff, 0x80, 0xb5, 0xf9, 0x8, 0x20, 0x1f, 0xfc,
    0x33, 0xd0, 0xf, 0xfe, 0x19, 0xbd, 0xf7, 0x2e,
    0x14, 0x80, 0x3f, 0xe3, 0x80, 0xf, 0xfe, 0x30,
    0xa3, 0xd6, 0xf5, 0xa8, 0x7, 0xf3, 0x88, 0x7,
    0xff, 0x28, 0x52, 0xb9, 0x0, 0x3f, 0x30, 0x7,
    0xff, 0x34, 0x6d, 0x40, 0x3e, 0xc0, 0xf, 0xfe,
    0x7d, 0x0, 0x7c, 0x80, 0x2, 0x2f, 0x80, 0x3f,
    0xf8, 0xec, 0x1, 0xfd, 0xbb, 0xf3, 0x0, 0x7f,
    0xf1, 0xbc, 0x3, 0xe2, 0x2, 0x0, 0xf7, 0x80,
    0x7f, 0xf4, 0x1c, 0x3, 0xce, 0x1, 0xff, 0xc6,
    0x10, 0xf, 0x8c, 0x34, 0x3, 0xc2, 0xa0, 0x1f,
    0xfc, 0x5c, 0x0, 0xf8, 0x41, 0x40, 0x3e, 0xb0,
    0xf, 0xfe, 0x21, 0x20, 0x7, 0x90, 0x0, 0x46,
    0x1, 0xe1, 0xc0, 0xf, 0xfe, 0x1f, 0x0, 0x7d,
    0xa0, 0x14, 0x0, 0x7c, 0x7c, 0xa0, 0x1f, 0xf2,
    0x69, 0x80, 0x7c, 0xe0, 0x12, 0x20, 0x3, 0xe1,
    0xae, 0x96, 0x32, 0x12, 0x22, 0x46, 0xd9, 0x0,
    0x7c, 0xe2, 0x1, 0xa8, 0x40, 0x3f, 0xb, 0x4e,
    0x6f, 0x6e, 0xad, 0xc8, 0x3, 0xf1, 0x40, 0x7,
    0xe, 0x8, 0x7, 0xff, 0x34, 0x7c, 0x3, 0xe2,
    0xc3, 0x0, 0xff, 0xe5, 0xa7, 0x90, 0x7, 0xe2,
    0xca, 0x10, 0xf, 0xfe, 0x44, 0xd8, 0x80, 0x7f,
    0xcb, 0xd4, 0x80, 0x1f, 0xfc, 0x32, 0x9f, 0x60,
    0xf, 0xfe, 0x1a, 0xdf, 0x5c, 0x29, 0x90, 0x80,
    0x4, 0x8d, 0xa7, 0x74, 0xc0, 0x1f, 0x80,

    /* U+0054 "T" */
    0xdf, 0xff, 0xfe, 0xab, 0x80, 0x7f, 0xff, 0xc0,
    0x3f, 0xff, 0xe0, 0x1f, 0xfc, 0xde, 0xbb, 0xff,
    0xe0, 0x40, 0x7, 0xd7, 0x7f, 0xfc, 0x16, 0x34,
    0x4f, 0xfe, 0x1, 0x80, 0x7c, 0x89, 0xff, 0xc1,
    0x10, 0xf, 0xff, 0xf8, 0x7, 0xff, 0xfc, 0x3,
    0xff, 0xfe, 0x1, 0xff, 0xff, 0x0, 0xff, 0xff,
    0x80, 0x7f, 0xff, 0xc0, 0x3f, 0xff, 0xe0, 0x1f,
    0xff, 0xf0, 0xf, 0xff, 0xf8, 0x7, 0xff, 0xfc,
    0x3, 0xff, 0xfe, 0x1, 0xff, 0xff, 0x0, 0xff,
    0xff, 0x80, 0x7f, 0xff, 0xc0, 0x3f, 0xff, 0xe0,
    0x1f, 0xff, 0xf0, 0x9, 0xcc, 0xfc, 0x80, 0x1f,
    0xfc, 0x20,

    /* U+0055 "U" */
    0x1f, 0xff, 0x84, 0x3, 0xff, 0x8d, 0xdf, 0xfe,
    0x60, 0xf, 0xff, 0xf8, 0x7, 0xff, 0xfc, 0x3,
    0xff, 0xfe, 0x1, 0xff, 0xff, 0x0, 0xff, 0xff,
    0x80, 0x7f, 0xff, 0xc0, 0x3f, 0xff, 0xe0, 0x1f,
    0xff, 0xf0, 0xf, 0xff, 0xf8, 0x7, 0xff, 0xfc,
    0x3, 0xff, 0xfe, 0x1, 0xff, 0xe5, 0x30, 0xf,
    0xc6, 0x1, 0xff, 0xce, 0x10, 0xf, 0xfe, 0x70,
    0x80, 0x7f, 0xf0, 0xc4, 0x3, 0xff, 0x9a, 0x20,
    0x20, 0x1e, 0x50, 0xf, 0xfe, 0x29, 0x0, 0x7c,
    0xc0, 0x40, 0x1e, 0xe0, 0xf, 0xfe, 0x2b, 0x80,
    0x7c, 0x40, 0xa0, 0x1e, 0x40, 0xf, 0xfe, 0x2e,
    0x80, 0x78, 0x80, 0x1e, 0x1, 0xe3, 0x10, 0xf,
    0xfe, 0x23, 0x0, 0x79, 0xc0, 0xe, 0x1, 0xf4,
    0x80, 0x7f, 0xf0, 0xd0, 0x40, 0x3d, 0xe0, 0x1,
    0x30, 0xf, 0x39, 0x0, 0x7f, 0xf0, 0xa4, 0x3,
    0xe4, 0x0, 0xa8, 0x3, 0xef, 0x10, 0xf, 0xfe,
    0x5, 0x10, 0x7, 0x94, 0x40, 0x26, 0x10, 0xf,
    0x17, 0xa8, 0x7, 0xf1, 0xe2, 0x80, 0x7d, 0x0,
    0x1d, 0x0, 0x1f, 0xd, 0x74, 0xb2, 0x1a, 0x2c,
    0x66, 0xc, 0x3, 0xe6, 0x20, 0xe, 0x64, 0x0,
    0xfc, 0x2d, 0x37, 0x97, 0x4e, 0x60, 0x1f, 0x8a,
    0x40, 0x3e, 0xa2, 0x0, 0xff, 0xe5, 0x8f, 0x80,
    0x7e, 0x1c, 0x30, 0xf, 0xfe, 0x49, 0x61, 0x0,
    0x7f, 0xe, 0x40, 0x7, 0xff, 0x1d, 0xb4, 0x80,
    0x3f, 0xf8, 0xf, 0xce, 0x20, 0x1f, 0xfc, 0x26,
    0xd9, 0x0, 0xff, 0xe1, 0x8c, 0x76, 0x42, 0x98,
    0x80, 0x42, 0x69, 0x19, 0xf2, 0x40, 0x1f, 0x80,

    /* U+0056 "V" */
    0x2f, 0xff, 0xb8, 0x3, 0xff, 0x97, 0x7f, 0xff,
    0x1, 0x18, 0x7, 0x85, 0x0, 0x3f, 0xf9, 0x22,
    0x80, 0x1e, 0x50, 0x5, 0x0, 0x7d, 0xc0, 0x1f,
    0xfc, 0x96, 0x0, 0xfa, 0x40, 0xc, 0x1, 0xf2,
    0x80, 0x7f, 0xf2, 0x68, 0x3, 0xc4, 0x60, 0x13,
    0x0, 0x7c, 0xc0, 0x1f, 0xfc, 0x73, 0x20, 0xf,
    0x50, 0x6, 0xa0, 0xf, 0xb4, 0x3, 0xff, 0x8f,
    0x60, 0x1f, 0x30, 0x6, 0x32, 0x0, 0xf2, 0x8,
    0x7, 0xff, 0x19, 0x80, 0x3c, 0x82, 0x1, 0xd4,
    0x1, 0xf3, 0x0, 0x7f, 0xf1, 0x50, 0x40, 0x3d,
    0xc0, 0x1e, 0x60, 0xf, 0xa8, 0x3, 0xff, 0x8b,
    0xc0, 0x1e, 0x15, 0x0, 0xf0, 0xa0, 0x7, 0x88,
    0x80, 0x1f, 0xfc, 0x45, 0x0, 0xf3, 0x80, 0x7e,
    0xe0, 0xf, 0xa8, 0x3, 0xff, 0x86, 0xc0, 0x1f,
    0x58, 0x7, 0xe5, 0x10, 0xf, 0x30, 0x7, 0xff,
    0xf, 0x40, 0x3c, 0x64, 0x1, 0xfc, 0xc0, 0x1e,
    0x14, 0x0, 0xff, 0xe0, 0x8a, 0x0, 0x7a, 0x80,
    0x3f, 0xd4, 0x1, 0xf6, 0x80, 0x7f, 0xf0, 0x58,
    0x3, 0xe7, 0x0, 0xff, 0x11, 0x80, 0x79, 0x80,
    0x3f, 0xf8, 0x34, 0x1, 0xe5, 0x10, 0xf, 0xfa,
    0x80, 0x3e, 0x50, 0xf, 0xf8, 0xc8, 0x3, 0xdc,
    0x1, 0xff, 0xc0, 0x60, 0xf, 0xb8, 0x3, 0xfe,
    0xa0, 0xf, 0xa, 0x0, 0x7f, 0xf0, 0x58, 0x3,
    0xc8, 0x20, 0x1f, 0xe7, 0x0, 0xf3, 0x0, 0x7f,
    0xf0, 0xa8, 0x3, 0xe7, 0x0, 0xfe, 0x41, 0x0,
    0xf5, 0x0, 0x7f, 0xf0, 0x8c, 0x80, 0x3d, 0x40,
    0x1f, 0xdc, 0x1, 0xe4, 0x20, 0xf, 0xfe, 0x1d,
    0x0, 0x78, 0xc8, 0x3, 0xf2, 0x80, 0x7b, 0x80,
    0x3f, 0xf8, 0x8c, 0x1, 0xf2, 0x80, 0x7c, 0xc0,
    0x1f, 0x28, 0x7, 0xff, 0x10, 0x50, 0x3, 0xd4,
    0x1, 0xf5, 0x0, 0x79, 0x80, 0x3f, 0xf8, 0xdc,
    0x1, 0xe2, 0x30, 0xe, 0x13, 0x0, 0xf5, 0x0,
    0x7f, 0xf1, 0x94, 0x40, 0x3d, 0x60, 0x1c, 0xc0,
    0x1e, 0x23, 0x0, 0xff, 0xe3, 0xb0, 0x7, 0x98,
    0x3, 0xa8, 0x3, 0xd4, 0x1, 0xff, 0xc8, 0xa0,
    0xf, 0xa, 0x0, 0x46, 0x40, 0x1e, 0x60, 0xf,
    0xfe, 0x41, 0x18, 0x7, 0xb8, 0x2, 0xa0, 0xf,
    0x28, 0x80, 0x7f, 0xf2, 0x68, 0x3, 0xca, 0x1,
    0x38, 0x7, 0xb8, 0x3, 0xff, 0x94, 0xc0, 0x1f,
    0x28, 0x20, 0x80, 0x70, 0xa0, 0x7, 0xff, 0x2d,
    0x40, 0x3d, 0xc1, 0xc0, 0x1e, 0x60, 0xf, 0xfe,
    0x64, 0x80, 0x79, 0x9, 0x40, 0x3d, 0x40, 0x1f,
    0xfc, 0xc3, 0x20, 0xf, 0x70, 0x7, 0x8c, 0x80,
    0x3f, 0xf9, 0xb4, 0x1, 0xe3, 0x0, 0xf5, 0x0,
    0x7f, 0xf3, 0x98, 0x3, 0xff, 0x82, 0xc0, 0x1f,
    0xfc, 0xe1, 0x40, 0xf, 0xf9, 0x80, 0x3f, 0xfa,
    0x1c, 0x1, 0xff, 0x50, 0x7, 0xff, 0x41, 0x44,
    0x3, 0xf8, 0x8c, 0x3, 0xff, 0xa2, 0xc0, 0x1f,
    0xd4, 0x1, 0xff, 0xd2, 0xa0, 0xf, 0xe6, 0x0,
    0xff, 0xe9, 0x11, 0x80, 0x7c, 0x82, 0x1, 0xff,
    0xd3, 0xa0, 0xf, 0xb8, 0x3, 0xff, 0xa8, 0xce,
    0xfe, 0x85, 0x0, 0xff, 0xe2, 0x0,

    /* U+0057 "W" */
    0x3f, 0xff, 0xb8, 0x3, 0xff, 0x86, 0x7f, 0xff,
    0x60, 0x7, 0xff, 0xe, 0x3f, 0xfe, 0x33, 0x8,
    0x7, 0x84, 0x80, 0x3f, 0xf8, 0x48, 0x1, 0xf1,
    0x80, 0x7f, 0xf0, 0xd0, 0x3, 0xc2, 0x60, 0xe0,
    0x1f, 0x20, 0x7, 0xff, 0xb, 0x0, 0x3f, 0x20,
    0x7, 0xff, 0x8, 0xc0, 0x3c, 0x80, 0xc, 0x0,
    0xfb, 0x0, 0x3f, 0xf8, 0x48, 0x1, 0xfb, 0x0,
    0x3f, 0xf8, 0x26, 0x1, 0xf7, 0x80, 0x14, 0x3,
    0xe4, 0x0, 0xff, 0xe0, 0x98, 0x7, 0xf2, 0x0,
    0x7f, 0xf0, 0x50, 0x3, 0xe4, 0x0, 0x8c, 0x3,
    0xc2, 0x40, 0x1f, 0xfc, 0x4, 0x0, 0xfe, 0x31,
    0x0, 0xff, 0xe0, 0x60, 0x7, 0x8c, 0x40, 0x2b,
    0x0, 0xf9, 0x0, 0x3f, 0xf8, 0x18, 0x1, 0xfe,
    0x40, 0xf, 0xfe, 0x2, 0x0, 0x79, 0x0, 0x32,
    0x80, 0x7d, 0x80, 0x1f, 0xfc, 0x4, 0x0, 0xff,
    0x60, 0x7, 0xfc, 0x60, 0x1f, 0x60, 0x6, 0x21,
    0x0, 0xf2, 0x0, 0x7f, 0xc8, 0x1, 0xff, 0x20,
    0x7, 0xfc, 0xa0, 0x1f, 0x20, 0x7, 0x38, 0x7,
    0x84, 0x80, 0x3f, 0xd8, 0x1, 0xca, 0x1, 0xc4,
    0x20, 0x1f, 0xec, 0x0, 0xf2, 0x0, 0x7b, 0x40,
    0x3e, 0x40, 0xf, 0xf2, 0x0, 0x74, 0x0, 0x79,
    0x0, 0x3f, 0xc8, 0x1, 0xed, 0x0, 0xf2, 0x0,
    0x7d, 0x80, 0x1f, 0xe3, 0x0, 0xc2, 0x46, 0x1,
    0xd8, 0x1, 0xfc, 0x42, 0x1, 0xe4, 0x0, 0xf9,
    0x0, 0x3c, 0x80, 0x1f, 0xc8, 0x1, 0xc8, 0x16,
    0x1, 0xc8, 0x1, 0xfc, 0x80, 0x1e, 0x22, 0x0,
    0x7d, 0x80, 0x1e, 0x12, 0x0, 0xfd, 0x80, 0x1d,
    0x80, 0x80, 0x1c, 0x42, 0x1, 0xfb, 0x0, 0x3c,
    0x80, 0x1f, 0x94, 0x3, 0xe4, 0x0, 0xfc, 0x80,
    0x1c, 0xe0, 0x60, 0x1e, 0x70, 0xf, 0xce, 0x1,
    0xed, 0x0, 0xfc, 0x44, 0x0, 0xf7, 0x80, 0x7e,
    0x30, 0xc, 0x42, 0x0, 0x40, 0xe, 0xc0, 0xf,
    0x84, 0x80, 0x3c, 0x80, 0x1f, 0xc8, 0x1, 0xe4,
    0x0, 0xf9, 0x0, 0x39, 0x0, 0x2c, 0x0, 0xe4,
    0x0, 0xf9, 0x0, 0x3c, 0x60, 0x1f, 0xed, 0x0,
    0xf1, 0x8, 0x7, 0xb0, 0x3, 0xb0, 0x2, 0x40,
    0xe, 0x12, 0x0, 0xf6, 0x0, 0x7a, 0xc0, 0x3f,
    0xc8, 0x1, 0xf2, 0x0, 0x79, 0x0, 0x39, 0x0,
    0x23, 0x10, 0xe, 0x40, 0xf, 0x20, 0x7, 0x90,
    0x3, 0xfe, 0x40, 0xf, 0x60, 0x7, 0x8c, 0x3,
    0x10, 0x80, 0x65, 0x0, 0xec, 0x0, 0xe1, 0x20,
    0xe, 0x13, 0x0, 0xff, 0xb4, 0x3, 0xc8, 0x1,
    0xc8, 0x1, 0xc8, 0x1, 0xda, 0x1, 0xc8, 0x1,
    0xca, 0x1, 0xe4, 0x0, 0xff, 0xe0, 0x38, 0x7,
    0x88, 0x40, 0x36, 0x0, 0x76, 0x0, 0x72, 0x0,
    0x70, 0x90, 0x6, 0xc0, 0xf, 0x78, 0x7, 0xff,
    0x0, 0x48, 0x3, 0xc8, 0x1, 0x90, 0x3, 0x90,
    0x3, 0x88, 0x40, 0x39, 0x40, 0x32, 0x0, 0x79,
    0x0, 0x3f, 0xf8, 0x2a, 0x1, 0xec, 0x0, 0x84,
    0xc0, 0x31, 0x8, 0x7, 0x90, 0x3, 0xb0, 0x3,
    0x18, 0x7, 0x18, 0x80, 0x7f, 0xf0, 0x70, 0x3,
    0xc8, 0x1, 0x20, 0x7, 0x20, 0x7, 0xd8, 0x1,
    0xc8, 0x1, 0x20, 0x7, 0x90, 0x3, 0xff, 0x84,
    0x80, 0x1e, 0x21, 0x0, 0x60, 0x7, 0x60, 0x7,
    0xc8, 0x1, 0xe3, 0x0, 0x18, 0x7, 0xac, 0x3,
    0xff, 0x86, 0xa0, 0x1e, 0x40, 0x2, 0x0, 0x72,
    0x0, 0x7c, 0x42, 0x1, 0xc8, 0x0, 0xc0, 0xf,
    0x18, 0x7, 0xff, 0xf, 0x0, 0x3d, 0x80, 0x24,
    0x1, 0x8c, 0x40, 0x3f, 0x38, 0x7, 0x60, 0x1,
    0x0, 0x39, 0x0, 0x3f, 0xf8, 0x8e, 0x1, 0xe4,
    0x4, 0x0, 0xe4, 0x0, 0xfe, 0xc0, 0xe, 0x40,
    0x30, 0xf, 0x68, 0x7, 0xff, 0x10, 0x4c, 0x3,
    0x88, 0x70, 0x3, 0xb0, 0x3, 0xf9, 0x0, 0x3c,
    0x68, 0x1, 0xe4, 0x0, 0xff, 0xe2, 0xa0, 0x7,
    0x91, 0x0, 0x1c, 0x80, 0x1f, 0xc2, 0x40, 0x1c,
    0x98, 0x1, 0xc4, 0x40, 0xf, 0xfe, 0x2d, 0x80,
    0x7b, 0xc8, 0x3, 0x18, 0x7, 0xfc, 0x80, 0x1d,
    0x6a, 0x1, 0xc8, 0x1, 0xff, 0xc6, 0x31, 0x0,
    0xe5, 0x0, 0xe4, 0x0, 0xff, 0xb0, 0x3, 0x8c,
    0x40, 0x3b, 0x40, 0x3f, 0xf8, 0xe8, 0x1, 0xff,
    0x60, 0x7, 0xfc, 0x80, 0x1f, 0xfc, 0x4, 0x0,
    0xff, 0xe3, 0xf8, 0x7, 0xfc, 0x80, 0x1f, 0xf0,
    0x98, 0x7, 0xf9, 0x0, 0x3f, 0xf9, 0x8, 0x1,
    0xfe, 0x30, 0xf, 0xfe, 0xa, 0x0, 0x7f, 0xb0,
    0x3, 0xff, 0x90, 0x26, 0x1, 0xfc, 0x80, 0x1f,
    0xfc, 0x1c, 0x0, 0xff, 0x28, 0x7, 0xff, 0x26,
    0xc0, 0x3f, 0xb0, 0x3, 0xff, 0x82, 0x80, 0x1f,
    0xc2, 0x40, 0x1f, 0xfc, 0x94, 0x0, 0xfe, 0x40,
    0xf, 0xfe, 0x11, 0x80, 0x7e, 0x40, 0xf, 0xfe,
    0x51, 0x88, 0x7, 0xc8, 0x1, 0xff, 0xc3, 0x40,
    0xf, 0xde, 0x1, 0xff, 0xcb, 0x40, 0xf, 0xb0,
    0x3, 0xff, 0x87, 0x80, 0x1f, 0x90, 0x3, 0xff,
    0x97, 0xe0, 0x1f, 0x20, 0x7, 0xff, 0xd, 0x0,
    0x3e, 0x31, 0x0, 0xff, 0xe5, 0xab, 0xbf, 0xa0,
    0xc0, 0x3f, 0xf8, 0x92, 0xef, 0xe8, 0x0, 0xff,
    0xe0, 0x0,

    /* U+0058 "X" */
    0x1, 0xef, 0xff, 0x8c, 0x3, 0xff, 0x8d, 0x5f,
    0xff, 0x10, 0x4, 0x36, 0x1, 0xf7, 0x0, 0x7f,
    0xf1, 0x51, 0x40, 0x3d, 0x4, 0x1, 0x95, 0x40,
    0x1e, 0x28, 0x0, 0xff, 0xe1, 0x8d, 0x0, 0x78,
    0xdc, 0x3, 0xd6, 0x20, 0x1e, 0x73, 0x0, 0xff,
    0xe1, 0x58, 0x80, 0x7b, 0x80, 0x3e, 0x1a, 0x0,
    0xfb, 0x80, 0x3f, 0xf8, 0x28, 0xa0, 0x1e, 0x82,
    0x0, 0xfc, 0x8c, 0x1, 0xe2, 0x80, 0xf, 0xf8,
    0x68, 0x3, 0xc6, 0xe0, 0x1f, 0xe9, 0x20, 0xf,
    0x39, 0x80, 0x7f, 0xac, 0x40, 0x3d, 0xc0, 0x1f,
    0xfc, 0xe, 0x0, 0xfb, 0x80, 0x3f, 0x91, 0x40,
    0x3d, 0x24, 0x1, 0xff, 0xc0, 0x38, 0x0, 0xf1,
    0x40, 0x7, 0xc3, 0x40, 0x1e, 0x36, 0x0, 0xff,
    0xe1, 0x39, 0x80, 0x79, 0xc8, 0x3, 0xd6, 0x20,
    0x1e, 0xe0, 0xf, 0xfe, 0x27, 0x0, 0x7d, 0xc0,
    0x1c, 0xaa, 0x0, 0xf4, 0x90, 0x7, 0xff, 0x10,
    0xa4, 0x3, 0xc6, 0xe0, 0x10, 0xd8, 0x7, 0x91,
    0x80, 0x3f, 0xf8, 0xcc, 0x80, 0x1e, 0x82, 0x0,
    0x58, 0x80, 0x7a, 0x80, 0x3f, 0xf9, 0x14, 0x20,
    0x1e, 0xe0, 0x55, 0x0, 0x7a, 0x44, 0x3, 0xff,
    0x90, 0x36, 0x1, 0xe3, 0x8b, 0x0, 0xf2, 0x30,
    0x7, 0xff, 0x29, 0x54, 0x1, 0xe7, 0x10, 0xe,
    0x1a, 0x0, 0xff, 0xe6, 0x58, 0x80, 0x7f, 0xf0,
    0x2c, 0x40, 0x3f, 0xf9, 0x83, 0x40, 0x1f, 0xf2,
    0xa8, 0x3, 0xff, 0x9c, 0x8c, 0x1, 0xfc, 0x36,
    0x1, 0xff, 0xd0, 0x92, 0x0, 0xfd, 0x62, 0x1,
    0xff, 0xd1, 0x60, 0xf, 0x89, 0x40, 0x3f, 0xfa,
    0x2c, 0x80, 0x1f, 0x13, 0x80, 0x7f, 0xf4, 0x6,
    0x40, 0x3f, 0xa0, 0x80, 0x3f, 0xf9, 0xf4, 0x1,
    0xff, 0x78, 0x7, 0xff, 0x39, 0x90, 0x3, 0xfe,
    0x28, 0x0, 0xff, 0xe6, 0xc, 0x80, 0x7f, 0xf0,
    0x5c, 0xc0, 0x3f, 0xf9, 0x74, 0x1, 0xe1, 0xc0,
    0xf, 0xb4, 0x3, 0xff, 0x94, 0xc8, 0x1, 0xeb,
    0x39, 0x0, 0xf0, 0xd0, 0x7, 0xff, 0x20, 0x60,
    0x3, 0xca, 0xa0, 0x64, 0x0, 0xf2, 0xa8, 0x3,
    0xff, 0x8f, 0x42, 0x1, 0xc3, 0x60, 0x15, 0x0,
    0x7d, 0x62, 0x1, 0xff, 0xc5, 0x64, 0x0, 0xf5,
    0x88, 0x4, 0x32, 0x1, 0xe1, 0xa0, 0xf, 0xfe,
    0x20, 0xc0, 0x7, 0x91, 0x40, 0x39, 0x90, 0x3,
    0xc8, 0xc0, 0x1f, 0xfc, 0x3a, 0x10, 0xf, 0x50,
    0x7, 0xd4, 0x20, 0x1e, 0x92, 0x0, 0xff, 0xe0,
    0xb2, 0x0, 0x7a, 0x44, 0x3, 0xe1, 0xb0, 0xf,
    0xb8, 0x3, 0xff, 0x80, 0x30, 0x1, 0xe4, 0x60,
    0xf, 0xe5, 0x50, 0x7, 0x8e, 0x0, 0x3f, 0xea,
    0x10, 0xf, 0x50, 0x7, 0xfd, 0x62, 0x1, 0xe7,
    0x30, 0xf, 0xe6, 0x40, 0xf, 0x48, 0x80, 0x7f,
    0xc3, 0x40, 0x1f, 0x70, 0x7, 0xe1, 0x80, 0xf,
    0x1b, 0x0, 0x7f, 0xf0, 0x51, 0x40, 0x3c, 0x52,
    0x1, 0xf5, 0x8, 0x7, 0xb8, 0x3, 0xff, 0x87,
    0x62, 0x1, 0xe6, 0x40, 0xe, 0x54, 0x0, 0xf4,
    0x10, 0x7, 0xff, 0xc, 0x68, 0x3, 0xea, 0x10,
    0x8, 0x6c, 0x3, 0xc6, 0xe0, 0x1f, 0xfc, 0x54,
    0x60, 0xf, 0xd, 0x0, 0x54, 0x20, 0x1e, 0xe0,
    0xf, 0xfe, 0x3c, 0x90, 0x7, 0x91, 0x80, 0x85,
    0x57, 0xd2, 0x40, 0x1f, 0xfc, 0x8e, 0x55, 0xfb,
    0xc0,

    /* U+0059 "Y" */
    0x1e, 0xff, 0xf8, 0x40, 0x3f, 0xf8, 0xf3, 0xff,
    0xf0, 0x8a, 0x0, 0x3e, 0xb0, 0xf, 0xfe, 0x31,
    0x30, 0x7, 0xa0, 0x41, 0x8c, 0x3, 0xca, 0x60,
    0x1f, 0xfc, 0x59, 0x0, 0xf1, 0x38, 0x5, 0xe0,
    0x1f, 0x78, 0x7, 0xff, 0x11, 0x10, 0x1, 0xe8,
    0x0, 0xc6, 0xc0, 0x1e, 0x35, 0x0, 0xff, 0xe1,
    0xc8, 0x7, 0x91, 0x40, 0x3a, 0x4, 0x3, 0xd0,
    0x1, 0xff, 0xc2, 0x72, 0x0, 0xf4, 0x80, 0x78,
    0x60, 0x3, 0xc4, 0xe0, 0x1f, 0xfc, 0x1, 0x90,
    0xf, 0x39, 0x0, 0x7c, 0xc6, 0x1, 0xe9, 0x10,
    0xf, 0xfa, 0x4, 0x3, 0x86, 0x0, 0x3f, 0xbc,
    0x3, 0xc3, 0x0, 0x1f, 0xe2, 0x60, 0xf, 0x40,
    0x7, 0xf8, 0xd8, 0x3, 0xcc, 0x40, 0x1f, 0xd2,
    0x1, 0xe3, 0x60, 0xf, 0xfa, 0x4, 0x3, 0xd2,
    0x1, 0xf9, 0x10, 0x1, 0xef, 0x0, 0xff, 0xe0,
    0xc, 0x0, 0x79, 0xc, 0x3, 0xe9, 0x0, 0xf3,
    0x18, 0x7, 0xff, 0x5, 0x8c, 0x3, 0xde, 0x1,
    0xe7, 0x20, 0xf, 0x40, 0x7, 0xff, 0xf, 0xc0,
    0x3c, 0x6a, 0x1, 0x86, 0x0, 0x3d, 0x2, 0x1,
    0xff, 0xc3, 0x36, 0x0, 0xf5, 0x80, 0x68, 0x0,
    0xf1, 0x38, 0x7, 0xff, 0x16, 0x4, 0x3, 0x85,
    0xc0, 0x4, 0xc0, 0x1e, 0x90, 0xf, 0xfe, 0x30,
    0xc0, 0x7, 0xa0, 0x42, 0x40, 0x3c, 0xa8, 0x1,
    0xff, 0xc7, 0x63, 0x0, 0xf4, 0x2a, 0x0, 0x7a,
    0x0, 0x3f, 0xf9, 0x3e, 0x1, 0xe6, 0xb0, 0xf,
    0x39, 0x0, 0x7f, 0xf2, 0x4d, 0x80, 0x3c, 0x20,
    0x1c, 0x30, 0x1, 0xff, 0xcb, 0x81, 0x0, 0xff,
    0xac, 0x3, 0xff, 0x98, 0x30, 0x1, 0xfe, 0x45,
    0x0, 0xff, 0xe6, 0xb1, 0x80, 0x7f, 0x48, 0x7,
    0xff, 0x3f, 0xc0, 0x3f, 0x31, 0x0, 0x7f, 0xf3,
    0xcd, 0x80, 0x3c, 0x30, 0x1, 0xff, 0xd1, 0xf0,
    0xf, 0x10, 0x80, 0x7f, 0xff, 0xc0, 0x3f, 0xff,
    0xe0, 0x1f, 0xff, 0xf0, 0xf, 0xff, 0xf8, 0x7,
    0xff, 0xfc, 0x3, 0xff, 0xfe, 0x1, 0xff, 0xff,
    0x0, 0xff, 0xff, 0x80, 0x7f, 0xf6, 0x55, 0xdf,
    0xd4, 0x1, 0xff, 0xc3,

    /* U+005A "Z" */
    0xf, 0xff, 0xfe, 0x99, 0x80, 0x7f, 0xff, 0xc0,
    0x3f, 0xff, 0xe0, 0x1f, 0xfc, 0x71, 0x0, 0x66,
    0x7f, 0xf2, 0x90, 0x3, 0xe9, 0x20, 0x1, 0x9f,
    0xff, 0x25, 0x90, 0x3, 0xca, 0xc0, 0x1f, 0xfc,
    0xb2, 0xa0, 0xf, 0x15, 0x0, 0x7f, 0xf3, 0x38,
    0x3, 0xee, 0x0, 0xff, 0xe6, 0x49, 0x80, 0x7a,
    0x4c, 0x3, 0xff, 0x96, 0xac, 0x1, 0xe5, 0x60,
    0xf, 0xfe, 0x59, 0x50, 0x7, 0x8a, 0x80, 0x3f,
    0xf9, 0x9c, 0x1, 0xf7, 0x0, 0x7f, 0xf3, 0x24,
    0xc0, 0x3d, 0x26, 0x1, 0xff, 0xcb, 0x56, 0x0,
    0xf2, 0xb0, 0x7, 0xff, 0x2c, 0xa8, 0x3, 0xc5,
    0x40, 0x1f, 0xfc, 0xce, 0x0, 0xfb, 0x80, 0x3f,
    0xf9, 0x92, 0x60, 0x1e, 0x93, 0x0, 0xff, 0xe5,
    0xab, 0x0, 0x79, 0x58, 0x3, 0xff, 0x96, 0x54,
    0x1, 0xe2, 0xa0, 0xf, 0xfe, 0x67, 0x0, 0x7d,
    0xc0, 0x1f, 0xfc, 0xc9, 0x30, 0xf, 0x49, 0x80,
    0x7f, 0xf2, 0xd5, 0x80, 0x3c, 0xac, 0x1, 0xff,
    0xcb, 0x2a, 0x0, 0xf1, 0x50, 0x7, 0xff, 0x33,
    0x80, 0x3e, 0xf0, 0xf, 0xfe, 0x64, 0x98, 0x7,
    0xa4, 0x80, 0x3f, 0xf9, 0x6a, 0xc0, 0x1e, 0x56,
    0x0, 0xff, 0xe5, 0x95, 0x0, 0x78, 0xa8, 0x3,
    0xff, 0x99, 0xc0, 0x1f, 0x78, 0x7, 0xff, 0x32,
    0x4c, 0x3, 0xd2, 0x40, 0x1f, 0xfc, 0xb5, 0x60,
    0xf, 0x2b, 0x0, 0x7f, 0xf2, 0xca, 0x80, 0x3c,
    0x54, 0x1, 0xff, 0xcc, 0xe0, 0xf, 0xbc, 0x3,
    0xff, 0x99, 0x26, 0x1, 0xe9, 0x20, 0xf, 0xfe,
    0x5a, 0xb0, 0x7, 0x95, 0x80, 0x3f, 0xf9, 0x65,
    0x40, 0x1f, 0x2f, 0xff, 0xff, 0x2c, 0x10, 0x3,
    0xff, 0xa6, 0x20, 0x1f, 0xfd, 0x55, 0x0, 0xff,
    0xea, 0x90, 0x7, 0xff, 0x57, 0x80, 0x3f, 0xfa,
    0xa4, 0xf, 0x77, 0xff, 0xd3, 0x40,

    /* U+005B "[" */
    0x9f, 0xff, 0xfe, 0x7, 0x0, 0x7f, 0xfc, 0xc8,
    0xcf, 0x94, 0x3, 0xe8, 0xcc, 0xeb, 0x0, 0xff,
    0xff, 0x80, 0x7f, 0xff, 0xc0, 0x3f, 0xff, 0xe0,
    0x1f, 0xff, 0xf0, 0xf, 0xff, 0xf8, 0x7, 0xff,
    0xfc, 0x3, 0xff, 0xfe, 0x1, 0xff, 0xc2, 0x8c,
    0xce, 0xb0, 0xf, 0x88, 0xcf, 0x94, 0x3, 0xff,
    0xd8,

    /* U+005C "\\" */
    0x6f, 0xff, 0x20, 0x7, 0xff, 0x5, 0xc0, 0x3d,
    0xa0, 0x1f, 0xfc, 0x11, 0x30, 0xe, 0x70, 0xf,
    0xfe, 0x15, 0x80, 0x70, 0x98, 0x7, 0xff, 0x5,
    0x40, 0x3d, 0x60, 0x1f, 0xfc, 0x12, 0x20, 0x7,
    0x28, 0x7, 0xff, 0x9, 0x40, 0x38, 0x88, 0x1,
    0xff, 0xc1, 0xb0, 0xf, 0x50, 0x7, 0xff, 0x4,
    0xc4, 0x3, 0x94, 0x3, 0xff, 0x84, 0xe0, 0x1c,
    0x44, 0x0, 0xff, 0xe0, 0xe8, 0x7, 0x94, 0x3,
    0xff, 0x82, 0x80, 0x1e, 0xb0, 0xf, 0xfe, 0x12,
    0x80, 0x71, 0x88, 0x7, 0xff, 0x7, 0xc0, 0x3c,
    0xe0, 0x1f, 0xfc, 0x15, 0x0, 0xf6, 0x80, 0x7f,
    0xf0, 0x90, 0x3, 0x90, 0x3, 0xff, 0x85, 0xa0,
    0x1e, 0x50, 0xf, 0xfe, 0xb, 0x80, 0x7b, 0xc0,
    0x3f, 0xf8, 0x22, 0x60, 0x1c, 0xa0, 0x1f, 0xfc,
    0x2b, 0x0, 0xf2, 0x0, 0x7f, 0xf0, 0x54, 0x3,
    0xda, 0x1, 0xff, 0xc1, 0x22, 0x0, 0x73, 0x80,
    0x7f, 0xf0, 0x94, 0x3, 0x84, 0xc0, 0x3f, 0xf8,
    0x36, 0x1, 0xeb, 0x0, 0xff, 0xe0, 0x98, 0x80,
    0x72, 0x80, 0x7f, 0xf0, 0x9c, 0x3, 0x88, 0x80,
    0x1f, 0xfc, 0x1d, 0x0, 0xf2, 0x80, 0x7f, 0xf0,
    0x50, 0x40, 0x3a, 0xc0, 0x3f, 0xf8, 0x48, 0x1,
    0xc6, 0x20, 0x1f, 0xfc, 0x1f, 0x0, 0xf3, 0x80,
    0x7f, 0xf0, 0x54, 0x3, 0xda, 0x1, 0xff, 0xc2,
    0x40, 0xe, 0x41, 0x0, 0xff, 0xe0, 0xe8, 0x7,
    0x9c, 0x3, 0xff, 0x82, 0xe0, 0x1e, 0xd0, 0xf,
    0xfe, 0x8, 0x98, 0x7, 0x20, 0x7, 0xff, 0xa,
    0xc0, 0x3c, 0xa0, 0x1f, 0xfc, 0x15, 0x0, 0xf7,
    0x80, 0x7f, 0xf0, 0x48, 0x80, 0x1c, 0x80, 0x1f,
    0xfc, 0x25, 0x0, 0xe1, 0x40, 0xf, 0xfe, 0xd,
    0x80, 0x7b, 0x40, 0x3f, 0xf8, 0x26, 0x20, 0x1c,
    0xe0, 0x1f, 0xfc, 0x27, 0x0, 0xe1, 0x30, 0xf,
    0xfe, 0xe, 0x80, 0x7a, 0xc0, 0x3f, 0xf8, 0x28,
    0x20, 0x1c, 0xa0,

    /* U+005D "]" */
    0x6f, 0xff, 0xfe, 0x8, 0x80, 0x7f, 0xfc, 0xc,
    0xfe, 0x0, 0xfc, 0xb9, 0x9e, 0x30, 0xf, 0xff,
    0xf8, 0x7, 0xff, 0xfc, 0x3, 0xff, 0xfe, 0x1,
    0xff, 0xff, 0x0, 0xff, 0xff, 0x80, 0x7f, 0xff,
    0xc0, 0x3f, 0xff, 0xe0, 0x1f, 0xfe, 0x85, 0xcc,
    0xf1, 0x80, 0x7c, 0x67, 0xf0, 0x7, 0xff, 0xe0,

    /* U+005E "^" */
    0x0, 0xff, 0xe0, 0xc, 0x47, 0x28, 0x7, 0xff,
    0x32, 0x5d, 0xfa, 0x84, 0x3, 0xff, 0x94, 0x2e,
    0x1, 0xe9, 0x0, 0xff, 0xe5, 0x48, 0x7, 0xce,
    0x20, 0x1f, 0xfc, 0x81, 0x70, 0xf, 0xd2, 0x1,
    0xff, 0xc8, 0x90, 0xf, 0xe7, 0x10, 0xf, 0xfe,
    0x30, 0xb8, 0x7, 0xf9, 0x80, 0x3f, 0xf8, 0xd2,
    0x1, 0xff, 0x48, 0x7, 0xff, 0x14, 0x5c, 0x3,
    0x88, 0x3, 0x85, 0xc0, 0x3f, 0xf8, 0x92, 0x1,
    0xee, 0x30, 0xe, 0x90, 0xf, 0xfe, 0x18, 0xb8,
    0x7, 0x21, 0xc8, 0x7, 0xb, 0x80, 0x7f, 0xf0,
    0xa4, 0x3, 0xd0, 0xa, 0x40, 0x1d, 0x20, 0x1f,
    0xfc, 0x11, 0x70, 0xe, 0x33, 0x0, 0x2c, 0x3,
    0x85, 0xc0, 0x3f, 0xf8, 0x12, 0x1, 0xe8, 0x0,
    0x98, 0x40, 0x3a, 0x40, 0x3f, 0xe1, 0x70, 0xe,
    0x34, 0x0, 0xd0, 0x1, 0xc2, 0xe0, 0x1f, 0xe9,
    0x0, 0xf4, 0x80, 0x73, 0x8, 0x7, 0x48, 0x7,
    0xf0, 0xb8, 0x7, 0x12, 0x80, 0x7a, 0x40, 0x38,
    0x5c, 0x3, 0xf4, 0x80, 0x7a, 0x0, 0x3e, 0x70,
    0xf, 0x48, 0x7, 0xc2, 0xe0, 0x1c, 0x4a, 0x1,
    0xf9, 0xc0, 0x38, 0x5c, 0x3, 0xd2, 0x1, 0xeb,
    0x0, 0xfe, 0x90, 0xf, 0x48, 0x7, 0x9c, 0x3,
    0x85, 0x80, 0x3f, 0x85, 0x80, 0x38, 0x5c, 0x3,
    0x38, 0x7, 0xa4, 0x3, 0xfe, 0x80, 0xf, 0x48,
    0x6, 0x90, 0xe, 0x17, 0x0, 0xff, 0x85, 0x40,
    0x38, 0x5c, 0x0, 0xe2, 0x1, 0xd2, 0x1, 0xff,
    0xc1, 0x80, 0xf, 0x48, 0x2, 0x40, 0x3c, 0xc0,
    0x1f, 0xfc, 0x12, 0x50, 0xe, 0x17,

    /* U+005F "_" */
    0x11, 0xff, 0xe9, 0x77, 0x7f, 0xf4, 0x80, 0x3f,
    0xfe, 0x0,

    /* U+0060 "`" */
    0x9, 0xff, 0xf9, 0x0, 0x3e, 0x95, 0x0, 0xf5,
    0x8, 0x7, 0xd4, 0x80, 0x1c, 0x3a, 0x1, 0xfa,
    0xd0, 0x3, 0x8e, 0x40, 0x3f, 0x59, 0x80, 0x73,
    0x30, 0x3, 0xf6, 0x18, 0x7, 0x49, 0x80, 0x7e,
    0xd2, 0x0, 0xed, 0x10, 0xf, 0x87, 0x8, 0x3,
    0xd, 0x0, 0x7e, 0x1c, 0x10, 0xc, 0x90,

    /* U+0061 "a" */
    0x0, 0xfe, 0x26, 0x9c, 0xef, 0xfb, 0xb6, 0x9c,
    0x80, 0x3f, 0xf8, 0x4b, 0x9b, 0x2c, 0x62, 0x1,
    0x9, 0x2c, 0x6d, 0x98, 0x7, 0xf8, 0x6e, 0x8c,
    0x3, 0xff, 0x82, 0x99, 0x0, 0x1f, 0x87, 0x10,
    0x3, 0xff, 0x8a, 0xf2, 0x1, 0xf5, 0x10, 0x7,
    0xff, 0x1d, 0x94, 0x3, 0x95, 0x0, 0x3c, 0x2f,
    0x59, 0x8b, 0x94, 0x0, 0xfa, 0xc0, 0x3a, 0x40,
    0x3c, 0xfd, 0xa, 0x66, 0x46, 0xbb, 0x8, 0x7,
    0xa, 0x80, 0x42, 0x60, 0x1c, 0xb0, 0x1, 0xf9,
    0x28, 0x3, 0xdc, 0x1, 0x29, 0x0, 0x75, 0x80,
    0x7f, 0x90, 0xc0, 0x39, 0x40, 0x24, 0xdf, 0xed,
    0xba, 0x10, 0xf, 0xf9, 0x0, 0x38, 0x44, 0x1,
    0xc2, 0x48, 0xa0, 0x1f, 0xfc, 0xe, 0x0, 0xf1,
    0x0, 0x7f, 0xf2, 0x4c, 0x3, 0xce, 0x1, 0xff,
    0xd0, 0x10, 0xf, 0xe2, 0x59, 0xbc, 0xef, 0xff,
    0x50, 0x7, 0xff, 0x4, 0x5f, 0xb6, 0x99, 0xc,
    0x40, 0x3f, 0xf8, 0xf1, 0xd0, 0x20, 0x1f, 0xfc,
    0xb2, 0xd7, 0x0, 0xff, 0xe6, 0x8f, 0x90, 0x7,
    0xe2, 0x45, 0x66, 0xe4, 0x0, 0xfe, 0xd2, 0x0,
    0xf1, 0xcf, 0x6d, 0xd4, 0xcf, 0x70, 0x7, 0xe5,
    0x30, 0xf, 0x56, 0x30, 0x80, 0x7f, 0xf1, 0x7c,
    0x3, 0xd2, 0xa0, 0x1f, 0xf1, 0x80, 0x7e, 0x40,
    0xf, 0x30, 0x7, 0xff, 0x3, 0x80, 0x3f, 0x8,
    0x7, 0x10, 0x7, 0xff, 0x5, 0x0, 0x3f, 0xf8,
    0x42, 0x1, 0xff, 0xc0, 0x23, 0x0, 0xff, 0xe1,
    0x10, 0x7, 0xff, 0x2, 0x40, 0x3f, 0x84, 0x3,
    0x85, 0x0, 0x3f, 0xd0, 0x80, 0x1f, 0xc8, 0x1,
    0xea, 0x20, 0xf, 0x8a, 0xdc, 0x3, 0xfd, 0xe0,
    0x1e, 0x1d, 0xa6, 0x44, 0x2c, 0x66, 0xa0, 0x7,
    0xfc, 0xa4, 0x1, 0xf2, 0xcd, 0xda, 0x9c, 0xc0,
    0x32, 0x80, 0x7f, 0x70, 0x7, 0xff, 0x16, 0x24,
    0x3, 0xf8, 0xec, 0x3, 0xff, 0x84, 0x34, 0xe0,
    0x1f, 0xf2, 0x72, 0x80, 0x7f, 0xcd, 0xea, 0x1,
    0xff, 0xc1, 0x1a, 0xe8, 0x42, 0x0, 0x89, 0x27,
    0xa4, 0x40, 0x7, 0x99, 0xe4,

    /* U+0062 "b" */
    0x1f, 0xff, 0x58, 0x7, 0xff, 0xfc, 0x3, 0xff,
    0xfe, 0x1, 0xff, 0xff, 0x0, 0xff, 0xff, 0x80,
    0x7f, 0xf1, 0xd, 0xa2, 0x64, 0xea, 0x20, 0x1f,
    0xfc, 0x81, 0x8f, 0xc9, 0x76, 0x64, 0x57, 0x62,
    0x80, 0x7f, 0xf1, 0x5b, 0x9c, 0x3, 0xf8, 0xea,
    0xc8, 0x3, 0xff, 0x85, 0x12, 0x1, 0xff, 0xc1,
    0x4d, 0x30, 0xf, 0xfe, 0x4, 0x38, 0x7, 0xff,
    0x13, 0x48, 0x3, 0xfc, 0xae, 0x1, 0xff, 0xc5,
    0x1f, 0x0, 0xff, 0x8, 0x6, 0x5a, 0xdf, 0xf6,
    0xc0, 0x80, 0x7c, 0x4e, 0x1, 0xff, 0xc0, 0x3d,
    0xa5, 0x20, 0x1, 0x3f, 0x28, 0x7, 0xd0, 0x1,
    0xff, 0x16, 0x90, 0x7, 0xea, 0x50, 0xf, 0x94,
    0x3, 0xfd, 0xe2, 0x1, 0xfe, 0xb1, 0x0, 0xf7,
    0x0, 0x7f, 0x31, 0x0, 0x7f, 0xc2, 0xc0, 0x1e,
    0x40, 0xf, 0xed, 0x0, 0xff, 0xe0, 0xd0, 0x7,
    0xc6, 0x1, 0xf9, 0x0, 0x3f, 0xf8, 0x24, 0x40,
    0xf, 0x28, 0x7, 0xc6, 0x1, 0xff, 0xc3, 0x70,
    0xf, 0x78, 0x7, 0xce, 0x1, 0xff, 0xc3, 0x20,
    0xf, 0x18, 0x7, 0xc2, 0x1, 0xff, 0xc3, 0xf0,
    0xf, 0x8, 0x7, 0xff, 0x2c, 0x40, 0x3c, 0xe0,
    0x1f, 0xfd, 0x27, 0x0, 0xff, 0xe5, 0x88, 0x7,
    0x84, 0x3, 0xe1, 0x0, 0xff, 0xe1, 0xf8, 0x7,
    0x8c, 0x3, 0xe6, 0x0, 0xff, 0xe1, 0x90, 0x7,
    0x84, 0x3, 0xe2, 0x0, 0xff, 0xe1, 0xb8, 0x7,
    0xb4, 0x3, 0xf1, 0x80, 0x7f, 0xf0, 0x48, 0x80,
    0x1e, 0x40, 0xf, 0xd2, 0x1, 0xff, 0xc1, 0x50,
    0xf, 0x10, 0x80, 0x7e, 0x52, 0x0, 0xff, 0x86,
    0x40, 0x3c, 0xa0, 0x1f, 0xee, 0x0, 0xff, 0xac,
    0x40, 0x3d, 0x20, 0x1f, 0xe3, 0xb1, 0x0, 0xf8,
    0x69, 0x40, 0x3c, 0x82, 0x1, 0xff, 0x27, 0xc2,
    0x8, 0x9, 0xc7, 0xa8, 0x7, 0xd2, 0x1, 0xff,
    0xc1, 0x17, 0xbe, 0xfe, 0xc7, 0x10, 0xf, 0xa4,
    0x80, 0x3f, 0x98, 0x40, 0x3f, 0xf8, 0xac, 0xc0,
    0xf, 0xf0, 0xe1, 0x0, 0x7f, 0xf0, 0xde, 0x40,
    0x3f, 0xf8, 0x5, 0x88, 0x1, 0xff, 0xc0, 0x2b,
    0x80, 0xe, 0x15, 0x5f, 0x68, 0xd, 0xd9, 0x0,
    0x3f, 0x14, 0x6a, 0x0, 0x7d, 0x55, 0xe5, 0x0,
    0x92, 0xfa, 0xe1, 0xdd, 0x15, 0xba, 0x70, 0xf,
    0xc0,

    /* U+0063 "c" */
    0x0, 0xff, 0x13, 0x56, 0xf7, 0xfd, 0xb4, 0xe4,
    0x1, 0xff, 0xc4, 0x3b, 0xd9, 0x52, 0x10, 0x8,
    0x96, 0x36, 0x8c, 0x3, 0xff, 0x80, 0x35, 0x88,
    0x1, 0xff, 0xc0, 0x5c, 0x70, 0xf, 0xf1, 0x62,
    0x80, 0x7f, 0xf1, 0x22, 0x40, 0x3f, 0x16, 0x10,
    0x7, 0xff, 0x19, 0x9c, 0x3, 0xef, 0x10, 0xf,
    0x89, 0x5d, 0xca, 0x20, 0x1f, 0x41, 0x0, 0x74,
    0x90, 0x7, 0x8f, 0x36, 0xa2, 0x15, 0xce, 0x1,
    0xf4, 0x0, 0x62, 0x60, 0xf, 0x26, 0x18, 0x7,
    0xa1, 0x80, 0x3c, 0xa2, 0x1, 0x58, 0x7, 0x8a,
    0xc0, 0x3f, 0xa0, 0x40, 0x3c, 0xe0, 0x1, 0x60,
    0xf, 0x40, 0x7, 0xf8, 0x64, 0x3, 0xd8, 0x0,
    0x40, 0xf, 0x12, 0x80, 0x7f, 0xc8, 0x1, 0xc6,
    0x40, 0xf, 0x0, 0xf2, 0x80, 0x7f, 0xf0, 0xd,
    0xe7, 0x3b, 0xf2, 0x0, 0xe, 0x1, 0xec, 0x0,
    0xff, 0xe0, 0xc3, 0x18, 0x80, 0x71, 0x0, 0x79,
    0x80, 0x3f, 0xf9, 0x22, 0x1, 0xf1, 0x0, 0x7f,
    0xf2, 0x4c, 0x3, 0xff, 0xb0, 0x20, 0x1f, 0xfd,
    0x11, 0x0, 0xff, 0xe5, 0x18, 0x7, 0xff, 0x44,
    0x40, 0x3e, 0x10, 0xf, 0xfe, 0x50, 0x80, 0x79,
    0x40, 0x3f, 0xf9, 0x48, 0x1, 0xec, 0x0, 0xff,
    0xe0, 0xbe, 0xef, 0x8c, 0x34, 0x3, 0xc8, 0x1,
    0xff, 0xc1, 0xb2, 0x2f, 0x8, 0x20, 0x7, 0x8c,
    0xc0, 0x1f, 0xf0, 0x98, 0x7, 0x88, 0xc, 0xc0,
    0x1e, 0xf0, 0xf, 0xfa, 0x0, 0x3c, 0xa0, 0x15,
    0x0, 0x78, 0xe4, 0x3, 0xf9, 0x18, 0x3, 0xdc,
    0x1, 0x31, 0x0, 0x79, 0xac, 0x80, 0x3c, 0xd6,
    0x1, 0xe2, 0x40, 0xd, 0xc0, 0x1f, 0x26, 0xe4,
    0xc4, 0x2b, 0xa4, 0x3, 0xe9, 0x0, 0xe3, 0x80,
    0xf, 0xc6, 0xce, 0xe5, 0x10, 0xf, 0x99, 0x0,
    0x3c, 0xf0, 0x1, 0xff, 0xc7, 0x49, 0x0, 0xfc,
    0xf4, 0x20, 0x1f, 0xfc, 0x47, 0xb0, 0xf, 0xf2,
    0xf4, 0x0, 0x7f, 0xf0, 0x57, 0x20, 0x3, 0xff,
    0x82, 0xff, 0x4c, 0x62, 0x1, 0x9, 0xb4, 0xf5,
    0x18, 0x7, 0x80,

    /* U+0064 "d" */
    0x0, 0xff, 0xe5, 0x97, 0xff, 0xa8, 0x3, 0xff,
    0xfe, 0x1, 0xff, 0xff, 0x0, 0xff, 0xff, 0x80,
    0x7f, 0xfd, 0x49, 0x15, 0x63, 0x0, 0xff, 0xe5,
    0x1d, 0x7e, 0xdd, 0x55, 0x9f, 0x8c, 0x1, 0xff,
    0xc6, 0x9c, 0x50, 0xf, 0xc7, 0x3c, 0xa0, 0x1f,
    0xfc, 0x22, 0xd6, 0x0, 0xff, 0xe0, 0xd, 0x40,
    0x7, 0xff, 0x0, 0x70, 0x80, 0x3f, 0xf8, 0x6f,
    0x0, 0x1f, 0xf6, 0x8, 0x7, 0xff, 0x15, 0x40,
    0x3f, 0xd0, 0x40, 0x1f, 0x25, 0x6f, 0xfb, 0x64,
    0xc0, 0x3f, 0xf8, 0x24, 0xe0, 0x1f, 0x55, 0xa9,
    0x0, 0x9, 0xb2, 0x80, 0x3f, 0xf8, 0x14, 0x1,
    0xf5, 0xa8, 0x7, 0xe5, 0xb0, 0xf, 0xf9, 0x80,
    0x3c, 0xe8, 0x1, 0xfe, 0x47, 0x0, 0xfe, 0x41,
    0x0, 0xf4, 0x0, 0x7f, 0xf0, 0x24, 0x3, 0xfb,
    0x0, 0x3c, 0xa0, 0x1f, 0xfc, 0x11, 0x40, 0xf,
    0xc6, 0x1, 0xec, 0x0, 0xff, 0xe1, 0x60, 0x7,
    0xe5, 0x0, 0xf2, 0x80, 0x7f, 0xf0, 0x8c, 0x3,
    0xf0, 0x80, 0x78, 0x80, 0x3f, 0xf8, 0x4e, 0x1,
    0xf0, 0x80, 0x7c, 0x20, 0x1f, 0xfc, 0x21, 0x0,
    0xf8, 0xc0, 0x3f, 0xf9, 0x46, 0x1, 0xff, 0xda,
    0x30, 0xf, 0xfe, 0x90, 0x80, 0x7c, 0x20, 0x1f,
    0xfc, 0x23, 0x0, 0xff, 0xe1, 0x90, 0x7, 0xff,
    0x9, 0x80, 0x3f, 0x18, 0x7, 0x94, 0x3, 0xff,
    0x84, 0x60, 0x1f, 0x94, 0x3, 0xd8, 0x1, 0xff,
    0xc2, 0xc0, 0xf, 0xde, 0x1, 0xe5, 0x10, 0xf,
    0xfe, 0x0, 0xa0, 0x7, 0xe7, 0x0, 0xfa, 0x40,
    0x3f, 0xf8, 0x10, 0x1, 0xfc, 0x28, 0x1, 0xe7,
    0x30, 0xf, 0xf3, 0x30, 0x3, 0xfd, 0xc0, 0x1f,
    0x62, 0x0, 0x7e, 0x89, 0x0, 0xff, 0x94, 0xc0,
    0x3e, 0xba, 0x41, 0x1, 0x37, 0xe7, 0x0, 0xff,
    0xe0, 0xf8, 0x7, 0xe5, 0xbe, 0xfe, 0xc8, 0x10,
    0x8, 0xc0, 0x3f, 0xc7, 0x20, 0x1f, 0xfc, 0x51,
    0xd0, 0xf, 0xf9, 0xa0, 0x3, 0xff, 0x86, 0x58,
    0x20, 0x1f, 0xfc, 0x7, 0xb1, 0x0, 0xff, 0xe0,
    0x2e, 0x10, 0x7, 0xff, 0x9, 0x3a, 0x4, 0x3,
    0xf2, 0x5d, 0x8, 0x1, 0x57, 0xd8, 0x1, 0xf9,
    0xfb, 0x6a, 0x1d, 0xd1, 0x7d, 0x68, 0x1, 0xaa,
    0xbc, 0xc0,

    /* U+0065 "e" */
    0x0, 0xff, 0xb, 0x56, 0xf7, 0xfb, 0xb6, 0x9c,
    0x80, 0x3f, 0xf8, 0xa9, 0x7d, 0x2a, 0x42, 0x0,
    0x12, 0x58, 0xdc, 0x30, 0xf, 0xfe, 0x8, 0xd5,
    0xa0, 0x7, 0xff, 0x0, 0xf2, 0x80, 0x3f, 0xe2,
    0xf5, 0x0, 0xff, 0xe2, 0x2e, 0x8, 0x7, 0xe2,
    0xc1, 0x0, 0xff, 0xe3, 0x1e, 0x80, 0x7e, 0xe1,
    0x0, 0xf1, 0xc5, 0xe6, 0x29, 0xc8, 0x3, 0xc7,
    0x0, 0x1e, 0x93, 0x0, 0xe1, 0xbc, 0x74, 0x33,
    0x2c, 0x6c, 0x80, 0x79, 0xc8, 0x3, 0x13, 0x0,
    0x70, 0xfa, 0x0, 0x7e, 0x6a, 0x0, 0xf5, 0x80,
    0x6b, 0x0, 0xf5, 0x8, 0x7, 0xf9, 0x50, 0x3,
    0x98, 0x40, 0x2, 0xc0, 0x1c, 0x88, 0x0, 0xff,
    0xe0, 0x40, 0x7, 0x90, 0x0, 0x80, 0x1e, 0xe0,
    0xf, 0xfe, 0x9, 0x80, 0x7b, 0x40, 0x1e, 0x1,
    0xe4, 0x0, 0xff, 0xe1, 0x18, 0x7, 0x20, 0x1,
    0xc0, 0x38, 0x44, 0x1, 0xff, 0xc2, 0x60, 0xe,
    0x20, 0x1, 0x0, 0x70, 0xdd, 0xff, 0xf0, 0xd0,
    0x3, 0x84, 0x4, 0x3, 0xe4, 0x4f, 0xfe, 0x18,
    0x80, 0x7c, 0x60, 0x1f, 0xff, 0xf0, 0xf, 0xfe,
    0x29, 0x80, 0x79, 0x3f, 0xff, 0xf9, 0x40, 0x20,
    0x1e, 0x70, 0xf, 0xfe, 0x60, 0x80, 0x71, 0x0,
    0x7f, 0xf3, 0x14, 0x3, 0x84, 0x80, 0x3f, 0xf9,
    0x78, 0x1, 0xe5, 0x0, 0xff, 0xe1, 0x19, 0xf8,
    0x80, 0x8, 0x1, 0xe9, 0x0, 0xff, 0xe0, 0x9e,
    0x67, 0x94, 0x0, 0x64, 0x1, 0xc2, 0xe0, 0x1f,
    0xfc, 0xa, 0x0, 0xf2, 0x0, 0x56, 0x1, 0xe8,
    0x40, 0xf, 0xf2, 0x30, 0x7, 0x11, 0x80, 0x4c,
    0x40, 0x1e, 0xb7, 0x0, 0xfc, 0xb6, 0x1, 0xeb,
    0x0, 0xee, 0x0, 0xfa, 0x3a, 0x9d, 0x54, 0xd3,
    0xb4, 0x1, 0xe2, 0x60, 0xe, 0x38, 0x0, 0xf8,
    0x56, 0x2a, 0x92, 0xc4, 0x1, 0xf7, 0x0, 0x7c,
    0xee, 0x0, 0xff, 0xe4, 0x51, 0x80, 0x7e, 0x8a,
    0x10, 0xf, 0xfe, 0x20, 0xda, 0x80, 0x7f, 0x97,
    0xdc, 0x40, 0x3f, 0xf8, 0x2, 0xfc, 0x80, 0x1f,
    0xfc, 0x1, 0x8e, 0xb7, 0x42, 0x0, 0x84, 0x91,
    0xef, 0xa0, 0x3, 0xe0,

    /* U+0066 "f" */
    0x0, 0xff, 0x8e, 0x33, 0xbf, 0xdd, 0xb6, 0xe6,
    0x1, 0xfc, 0x57, 0x8e, 0x62, 0x0, 0x12, 0x48,
    0xf0, 0xf, 0xc9, 0xa8, 0x1, 0xfe, 0x50, 0xf,
    0x8e, 0xc0, 0x3f, 0xf8, 0x18, 0x1, 0xf7, 0x0,
    0x7f, 0xf0, 0x5c, 0x3, 0xca, 0x40, 0x1f, 0x2c,
    0xca, 0x18, 0xc8, 0x3, 0xde, 0x1, 0xe2, 0xda,
    0x66, 0x3c, 0xe0, 0x7, 0xc8, 0x1, 0xee, 0x20,
    0xf, 0xfe, 0x0, 0x88, 0x3, 0x88, 0xc0, 0x3f,
    0xf8, 0x26, 0x1, 0xe6, 0x0, 0xff, 0xe4, 0x88,
    0x7, 0xff, 0x8, 0x40, 0x3f, 0xf8, 0xbf, 0xfb,
    0x0, 0x3c, 0xbf, 0xff, 0x18, 0x7, 0xff, 0xfc,
    0x3, 0xff, 0x87, 0x33, 0xa0, 0x3, 0xc7, 0x33,
    0xf1, 0x0, 0x19, 0xb2, 0x0, 0x79, 0x9b, 0xf0,
    0x80, 0x7f, 0xff, 0xc0, 0x3f, 0xff, 0xe0, 0x1f,
    0xff, 0xf0, 0xf, 0xff, 0xf8, 0x7, 0xff, 0xfc,
    0x3, 0xff, 0xfe, 0x1, 0xff, 0xf2, 0x11, 0xf8,
    0xc0, 0x3f, 0x80,

    /* U+0067 "g" */
    0x0, 0xfe, 0x27, 0xbd, 0xff, 0xb6, 0x94, 0x3,
    0xff, 0x8e, 0x77, 0xb0, 0x84, 0x1, 0x12, 0xd7,
    0x30, 0x5, 0xff, 0xeb, 0x0, 0xf4, 0x62, 0x0,
    0x7f, 0x86, 0x70, 0x40, 0x3f, 0xf8, 0x36, 0xe0,
    0x1f, 0xfc, 0x23, 0xc1, 0x0, 0xff, 0xa9, 0x0,
    0x3f, 0xf8, 0x85, 0xa0, 0x1f, 0xe5, 0x50, 0x7,
    0xe1, 0x56, 0x62, 0x8, 0x6, 0x30, 0xf, 0xe1,
    0xb0, 0xf, 0x8e, 0xfa, 0xa6, 0x57, 0xd6, 0x60,
    0x1f, 0xfc, 0x9, 0x10, 0xf, 0x2e, 0x20, 0x7,
    0x93, 0x14, 0x3, 0xfe, 0x60, 0xf, 0x1d, 0x0,
    0x7f, 0xa8, 0xc0, 0x3f, 0x94, 0x40, 0x3d, 0xe0,
    0x1f, 0xfc, 0xf, 0x0, 0xfe, 0xd0, 0xf, 0x19,
    0x80, 0x3f, 0xf8, 0x6, 0x60, 0xf, 0xc8, 0x1,
    0xea, 0x0, 0xff, 0xe1, 0x58, 0x7, 0xe3, 0x0,
    0xf2, 0x80, 0x7f, 0xf0, 0x8c, 0x3, 0xff, 0x86,
    0x40, 0x1f, 0xfc, 0x26, 0x0, 0xf8, 0x40, 0x3e,
    0x10, 0xf, 0xfe, 0x11, 0x80, 0x7c, 0x60, 0x1f,
    0xff, 0x13, 0x0, 0xf8, 0x40, 0x3f, 0xf8, 0x46,
    0x1, 0xf0, 0x80, 0x7c, 0x40, 0x1f, 0xfc, 0x26,
    0x0, 0xfc, 0x40, 0x1e, 0x50, 0xf, 0xfe, 0x11,
    0x80, 0x7e, 0x70, 0xf, 0x68, 0x7, 0xff, 0xa,
    0xc0, 0x3f, 0x68, 0x7, 0x90, 0x80, 0x3f, 0xf8,
    0x6, 0x60, 0xf, 0xca, 0x1, 0xf4, 0x80, 0x7f,
    0xf0, 0x3c, 0x3, 0xf8, 0x90, 0x3, 0xc8, 0xe0,
    0x1f, 0xea, 0x30, 0xf, 0xf7, 0x0, 0x7d, 0x14,
    0x20, 0x1e, 0x3c, 0x50, 0xf, 0xf9, 0x50, 0x3,
    0xe5, 0xeb, 0x87, 0x74, 0xee, 0x18, 0x7, 0xff,
    0x6, 0x80, 0x3f, 0x91, 0xe2, 0xc, 0x40, 0x19,
    0x40, 0x3f, 0xc3, 0x60, 0x1f, 0xfc, 0x55, 0x80,
    0xf, 0xf9, 0x30, 0x40, 0x3f, 0xf8, 0x4d, 0x40,
    0x1f, 0x8, 0x7, 0x1f, 0x38, 0x7, 0xfc, 0x77,
    0x20, 0x1f, 0xfc, 0x48, 0xf9, 0x52, 0x10, 0x0,
    0x9b, 0xe6, 0x10, 0x0, 0x20, 0x1e, 0x20, 0xf,
    0xe6, 0xad, 0xef, 0xf7, 0x64, 0x18, 0x6, 0x60,
    0xf, 0x78, 0x7, 0xff, 0x2c, 0x80, 0x3c, 0x40,
    0x1f, 0xfc, 0xbd, 0x0, 0xf3, 0x80, 0x2f, 0x77,
    0xc0, 0x1f, 0xfc, 0x25, 0x0, 0xe1, 0x20, 0x0,
    0x91, 0x79, 0x40, 0x3f, 0xf8, 0xe, 0x1, 0xe4,
    0x0, 0xb0, 0x3, 0xd0, 0x1, 0xff, 0x1c, 0x0,
    0x7b, 0x80, 0x27, 0x0, 0xf1, 0x61, 0x0, 0x7e,
    0x5c, 0x0, 0xf1, 0x20, 0x4, 0x2a, 0x1, 0xe3,
    0xdc, 0x97, 0x66, 0x3c, 0xf5, 0x0, 0x7d, 0x0,
    0x1d, 0x62, 0x1, 0xf1, 0xb4, 0x4c, 0xa1, 0x84,
    0x3, 0xe5, 0x50, 0x7, 0xd, 0x0, 0x7f, 0xf2,
    0x56, 0x80, 0x3e, 0x4c, 0x20, 0xf, 0xfe, 0x33,
    0xd0, 0x7, 0xf1, 0xec, 0x90, 0x7, 0xff, 0x9,
    0x76, 0x0, 0x3f, 0xf8, 0xd, 0xba, 0x96, 0x31,
    0x10, 0x0, 0x48, 0xda, 0xba, 0x88, 0x3, 0xc0,

    /* U+0068 "h" */
    0x1f, 0xff, 0x58, 0x7, 0xff, 0xfc, 0x3, 0xff,
    0xfe, 0x1, 0xff, 0xff, 0x0, 0xff, 0xfd, 0xa4,
    0x55, 0xd4, 0xb9, 0x80, 0x7f, 0xf1, 0x86, 0x3a,
    0xdd, 0x51, 0x5a, 0x33, 0x9c, 0x3, 0xff, 0x86,
    0xbe, 0xe2, 0x1, 0xf8, 0x63, 0x4, 0x3, 0xff,
    0x81, 0x14, 0x20, 0x1f, 0xfc, 0x3, 0xc0, 0xf,
    0xf9, 0xdc, 0x1, 0xff, 0xc3, 0x29, 0x0, 0xfe,
    0x58, 0x0, 0xff, 0xe2, 0xb0, 0x80, 0x7e, 0x10,
    0xc, 0x93, 0xbf, 0xed, 0x80, 0xf, 0xcc, 0x1,
    0xff, 0xd, 0xd9, 0x88, 0x0, 0x4f, 0xa2, 0x1,
    0xeb, 0x0, 0xff, 0x17, 0xa0, 0x7, 0xc5, 0x0,
    0x1e, 0x30, 0xf, 0xf7, 0x88, 0x7, 0xf3, 0x0,
    0x7c, 0x20, 0x1f, 0x9c, 0x80, 0x3f, 0xe3, 0x0,
    0xf1, 0x80, 0x7e, 0x90, 0xf, 0xfe, 0x3, 0x0,
    0x78, 0x40, 0x3e, 0x21, 0x0, 0xff, 0xe0, 0x18,
    0x7, 0x9c, 0x3, 0xe6, 0x0, 0xff, 0xff, 0x80,
    0x7f, 0xff, 0xc0, 0x3f, 0xff, 0xe0, 0x1f, 0xff,
    0xf0, 0xf, 0xff, 0xf8, 0x7, 0xff, 0xfc, 0x3,
    0xff, 0xfe, 0x1, 0xff, 0xc6, 0x15, 0x5f, 0x68,
    0x7, 0xff, 0x7, 0x15, 0x7c, 0xc0,

    /* U+0069 "i" */
    0x2f, 0xff, 0x70, 0x7, 0xff, 0x70, 0xd1, 0x3e,
    0x1b, 0xbf, 0x50, 0x7, 0xff, 0x57, 0xff, 0xd8,
    0x1, 0xff, 0xff, 0x0, 0xff, 0xff, 0x80, 0x7f,
    0xff, 0xc0, 0x3f, 0xf8, 0x60,

    /* U+006A "j" */
    0x0, 0xfc, 0x5f, 0xfe, 0xe0, 0xf, 0xff, 0xf8,
    0x7, 0xff, 0x4, 0xd1, 0x3e, 0x0, 0xfc, 0x37,
    0x7e, 0xa0, 0xf, 0xff, 0x6b, 0x37, 0x94, 0x3,
    0xfa, 0x67, 0xe0, 0xf, 0xff, 0xf8, 0x7, 0xff,
    0xfc, 0x3, 0xff, 0xfe, 0x1, 0xff, 0xff, 0x0,
    0xff, 0xff, 0x80, 0x7f, 0xff, 0xc0, 0x3f, 0xfb,
    0x42, 0x1, 0xff, 0xc3, 0x20, 0xf, 0x38, 0x7,
    0xe5, 0x0, 0xf1, 0x0, 0x7e, 0xb0, 0xf, 0x78,
    0x2a, 0x8, 0x0, 0xa8, 0x80, 0x3c, 0xa1, 0x17,
    0xdf, 0xed, 0x50, 0xf, 0x11, 0x89, 0x0, 0x7f,
    0xf0, 0x2c, 0x14, 0x3, 0xff, 0x80, 0x6c, 0x6,
    0x1, 0xff, 0x16, 0x80, 0x42, 0x1, 0xfc, 0xfa,
    0x20, 0x7, 0xec, 0x98, 0x76, 0x78, 0xcf, 0x80,
    0xc,

    /* U+006B "k" */
    0x1f, 0xff, 0x48, 0x7, 0xff, 0xfc, 0x3, 0xff,
    0xfe, 0x1, 0xff, 0xff, 0x0, 0xff, 0xff, 0x80,
    0x7f, 0xf7, 0x89, 0x9b, 0xe4, 0x0, 0xff, 0xe4,
    0x1e, 0x4c, 0xfa, 0x94, 0x3, 0xff, 0x8e, 0x98,
    0x20, 0x1c, 0x78, 0x20, 0x1f, 0xfc, 0x66, 0xb0,
    0xf, 0x26, 0x0, 0x7f, 0xf1, 0xde, 0x40, 0x3c,
    0xb6, 0x1, 0xff, 0xc7, 0x98, 0x0, 0xf3, 0x50,
    0x7, 0xff, 0x1e, 0x98, 0x3, 0xcf, 0x20, 0x1f,
    0xfc, 0x7b, 0x50, 0xf, 0x44, 0x0, 0x3f, 0xf8,
    0xc3, 0xa8, 0x1, 0xe9, 0x70, 0xf, 0xfe, 0x31,
    0x61, 0x0, 0x7a, 0x98, 0x3, 0xff, 0x8c, 0x78,
    0x40, 0x1e, 0xb5, 0x0, 0xff, 0xe3, 0x26, 0x8,
    0x7, 0x8d, 0x0, 0x3f, 0xf8, 0xc9, 0x60, 0x1f,
    0x8d, 0x80, 0x3f, 0xf8, 0xc4, 0x1, 0xfe, 0x81,
    0x0, 0xff, 0xe8, 0xc, 0x0, 0x7f, 0xf2, 0x46,
    0x80, 0x3c, 0xc6, 0x1, 0xff, 0xc7, 0x2c, 0x58,
    0x0, 0xf7, 0x80, 0x7f, 0xf1, 0x8f, 0x8, 0x1c,
    0x80, 0x38, 0xd8, 0x3, 0xff, 0x88, 0x98, 0x20,
    0x14, 0x0, 0x7a, 0x4, 0x3, 0xff, 0x84, 0x96,
    0x1, 0xca, 0x80, 0x1c, 0x30, 0x1, 0xff, 0xc2,
    0x20, 0xf, 0xa4, 0x3, 0xcc, 0x60, 0x1f, 0xfc,
    0x92, 0x70, 0xf, 0x78, 0x7, 0xff, 0x2a, 0x4,
    0x3, 0x8d, 0x80, 0x3f, 0xf9, 0x50, 0x1, 0xe8,
    0x10, 0xf, 0xfe, 0x4b, 0x18, 0x7, 0xc, 0x0,
    0x7f, 0xf2, 0xbc, 0x3, 0xcc, 0x60, 0x1f, 0xfc,
    0x93, 0x50, 0xf, 0x78, 0x7, 0xff, 0x2a, 0xc0,
    0x3c, 0x6c, 0x1, 0xff, 0xc9, 0x18, 0x0, 0xf4,
    0x8, 0x7, 0xff, 0x25, 0xc8, 0x3, 0x86, 0x0,
    0x3f, 0xf9, 0x52, 0x1, 0xe6, 0x31, 0x55, 0xf6,
    0x0, 0x7f, 0xf0, 0x51, 0xd5, 0x7e,

    /* U+006C "l" */
    0xf, 0xff, 0x60, 0x7, 0xff, 0xfc, 0x3, 0xff,
    0xfe, 0x1, 0xff, 0xff, 0x0, 0xff, 0xff, 0x80,
    0x7f, 0xf4, 0x55, 0x7d, 0x60,

    /* U+006D "m" */
    0x0, 0xff, 0xe0, 0xad, 0x6f, 0x7f, 0xb6, 0x4c,
    0x3, 0xf8, 0xe3, 0x3b, 0xfd, 0xb6, 0xe4, 0x1,
    0xc3, 0xff, 0xe8, 0x0, 0x9b, 0xa9, 0x48, 0x40,
    0x4, 0xd9, 0x40, 0x1e, 0x2b, 0xc7, 0x31, 0x0,
    0x12, 0x46, 0xc8, 0x7, 0xff, 0x4, 0x6e, 0x44,
    0x3, 0xf9, 0x70, 0x3, 0x3e, 0xa0, 0x7, 0xf9,
    0xb0, 0x40, 0x3f, 0xc3, 0x88, 0x1, 0xff, 0xc0,
    0x39, 0x0, 0x4c, 0x0, 0x7f, 0xf0, 0x4e, 0xc0,
    0x3f, 0xda, 0x40, 0x1f, 0xfc, 0x26, 0x28, 0x60,
    0xf, 0xfe, 0x1a, 0x98, 0x7, 0xe7, 0x30, 0xc,
    0x28, 0xa4, 0x1, 0xfb, 0xdc, 0x3, 0x8d, 0x54,
    0x40, 0x1f, 0xa8, 0x3, 0xff, 0x80, 0xb9, 0xd7,
    0x5b, 0x62, 0x1, 0xe2, 0x0, 0xd1, 0xd9, 0x54,
    0xdc, 0x0, 0xf9, 0xc0, 0x3f, 0xea, 0xa1, 0x80,
    0x64, 0xa0, 0xf, 0xe1, 0xd7, 0x10, 0xc, 0x74,
    0x1, 0xe1, 0x10, 0x7, 0xf5, 0x28, 0x7, 0xc8,
    0x40, 0x1f, 0xb0, 0x80, 0x3e, 0x51, 0x0, 0xf2,
    0x80, 0x7e, 0x55, 0x0, 0x7f, 0x28, 0x7, 0xce,
    0x40, 0x1f, 0xc8, 0x1, 0xe2, 0x0, 0xfd, 0x20,
    0x1f, 0xee, 0x0, 0xfa, 0x40, 0x3f, 0xc4, 0x1,
    0xff, 0xc2, 0x13, 0x0, 0xff, 0x18, 0x7, 0x8c,
    0x40, 0x3f, 0xdc, 0x1, 0xe1, 0x0, 0xf8, 0x80,
    0x3f, 0xe1, 0x0, 0xf3, 0x0, 0x7f, 0xf3, 0x9c,
    0x3, 0xff, 0x8c, 0x60, 0x1f, 0xf1, 0x80, 0x7f,
    0xff, 0xc0, 0x3f, 0xff, 0xe0, 0x1f, 0xff, 0xf0,
    0xf, 0xff, 0xf8, 0x7, 0xff, 0xfc, 0x3, 0xff,
    0xfe, 0x1, 0xff, 0xff, 0x0, 0xff, 0xff, 0x80,
    0x7f, 0xff, 0xc0, 0x3f, 0xff, 0xe0, 0x1f, 0xff,
    0xf0, 0xf, 0xf0,

    /* U+006E "n" */
    0x0, 0xff, 0xe0, 0x9c, 0x67, 0x7f, 0xb7, 0x20,
    0xc0, 0x3c, 0x3f, 0xfe, 0x80, 0x9, 0x33, 0xe,
    0x62, 0x0, 0x23, 0x7c, 0xb2, 0x0, 0xff, 0xe1,
    0x4d, 0x98, 0x7, 0xf9, 0x35, 0x0, 0x3f, 0xf8,
    0x16, 0xc0, 0x1f, 0xfc, 0x2b, 0x20, 0xf, 0xf5,
    0x20, 0x7, 0xff, 0x13, 0x80, 0x3f, 0x99, 0x40,
    0x38, 0x8c, 0xc2, 0x1, 0xf8, 0xcc, 0x1, 0xf8,
    0x40, 0x21, 0x8e, 0xdc, 0xc7, 0x61, 0x80, 0x7d,
    0x40, 0x1f, 0xf2, 0xf3, 0x88, 0x6, 0x3c, 0x30,
    0xf, 0x20, 0x7, 0xf9, 0x68, 0x3, 0xfb, 0xc0,
    0x3c, 0x40, 0x1f, 0xc5, 0x40, 0x1f, 0xe3, 0x10,
    0xf, 0x10, 0x7, 0xe8, 0x0, 0xff, 0xe0, 0x28,
    0x7, 0x84, 0x3, 0xf2, 0x80, 0x7f, 0xf0, 0x4,
    0x3, 0xce, 0x1, 0xf1, 0x80, 0x7f, 0xf0, 0x4c,
    0x3, 0xff, 0x84, 0xe0, 0x1f, 0xff, 0xf0, 0xf,
    0xff, 0xf8, 0x7, 0xff, 0xfc, 0x3, 0xff, 0xfe,
    0x1, 0xff, 0xff, 0x0, 0xff, 0xff, 0x80, 0x7f,
    0xff, 0xc0, 0x3f, 0xf8, 0xc0,

    /* U+006F "o" */
    0x0, 0xff, 0xb, 0x4e, 0x77, 0xfd, 0xb7, 0x8,
    0x1, 0xff, 0xc6, 0x2a, 0xe9, 0x63, 0x10, 0x8,
    0x91, 0xef, 0x9c, 0x3, 0xff, 0x87, 0x3a, 0xa0,
    0x1f, 0xfc, 0x1, 0x8d, 0x50, 0xf, 0xf8, 0x71,
    0x80, 0x3f, 0xf8, 0x85, 0x4e, 0x1, 0xfc, 0x5e,
    0x60, 0x1f, 0xfc, 0x78, 0x90, 0xf, 0xdc, 0x20,
    0x1f, 0xa, 0xbb, 0x98, 0xc0, 0x3f, 0x33, 0x0,
    0x3d, 0x6, 0x1, 0xe2, 0xbe, 0xa8, 0x84, 0xe7,
    0x38, 0x7, 0xd2, 0x40, 0x18, 0x9c, 0x3, 0xc9,
    0xa8, 0x1, 0xe1, 0x8b, 0x0, 0xfa, 0x0, 0x35,
    0x80, 0x78, 0xac, 0x3, 0xfc, 0x92, 0x1, 0xe5,
    0x10, 0x0, 0xb0, 0x7, 0xa0, 0x3, 0xff, 0x80,
    0xc4, 0x1, 0xe9, 0x0, 0x20, 0x7, 0x85, 0x40,
    0x3f, 0xf8, 0x36, 0x1, 0xe5, 0x0, 0x78, 0x7,
    0x98, 0x3, 0xff, 0x84, 0xe0, 0x1e, 0x21, 0x7,
    0x0, 0xf6, 0x0, 0x7f, 0xf0, 0x84, 0x80, 0x3c,
    0xa0, 0x40, 0x1e, 0x60, 0xf, 0xfe, 0x1b, 0x80,
    0x78, 0xc4, 0x3, 0xe2, 0x0, 0xff, 0xe1, 0x90,
    0x7, 0xbc, 0xc0, 0x3f, 0xf9, 0x7e, 0x1, 0xe1,
    0x0, 0xf8, 0x40, 0x3f, 0xf8, 0x82, 0x1, 0xe3,
    0x30, 0x7, 0x84, 0x3, 0xff, 0x88, 0x20, 0x1e,
    0x31, 0x0, 0xff, 0xe5, 0xf8, 0x7, 0x84, 0x3,
    0xf1, 0x0, 0x7f, 0xf0, 0xc8, 0x3, 0xde, 0x4,
    0x1, 0xe6, 0x0, 0xff, 0xe1, 0xb8, 0x7, 0x8c,
    0x1c, 0x3, 0xd8, 0x1, 0xff, 0xc2, 0x12, 0x0,
    0xf2, 0x86, 0x0, 0x79, 0x40, 0x3f, 0xf8, 0x4e,
    0x1, 0xe2, 0x10, 0x40, 0xf, 0x12, 0x80, 0x7f,
    0xf0, 0x6c, 0x3, 0xca, 0x0, 0x24, 0x0, 0xf4,
    0x0, 0x7f, 0xf0, 0x1c, 0x80, 0x3d, 0x20, 0x17,
    0x80, 0x78, 0xa8, 0x3, 0xfc, 0x90, 0x1, 0xe7,
    0x10, 0x9, 0xc, 0x3, 0xcb, 0x86, 0x1, 0xe1,
    0x8b, 0x0, 0xf0, 0xc8, 0x7, 0x70, 0x80, 0x78,
    0xf3, 0xaa, 0x21, 0x39, 0xce, 0x1, 0xf5, 0x8,
    0x7, 0x15, 0x80, 0x7e, 0x15, 0x77, 0x31, 0x80,
    0x7e, 0x84, 0x0, 0xf9, 0x68, 0x3, 0xff, 0x91,
    0xe, 0x1, 0xfc, 0xb8, 0x40, 0x1f, 0xfc, 0x41,
    0xb7, 0x0, 0xff, 0x8f, 0x64, 0x80, 0x3f, 0xf8,
    0x3, 0x1c, 0x80, 0x1f, 0xfc, 0x26, 0xdc, 0x85,
    0x21, 0x0, 0x89, 0x1f, 0x39, 0xc0, 0x3f, 0x0,

    /* U+0070 "p" */
    0x0, 0xff, 0xe1, 0x1b, 0x44, 0xc9, 0xd4, 0x40,
    0x3f, 0x86, 0xab, 0xca, 0x1, 0xc, 0x76, 0x4b,
    0xb3, 0x22, 0xbb, 0x14, 0x3, 0xe3, 0x55, 0xf6,
    0x80, 0x17, 0xdc, 0x40, 0x3f, 0x1d, 0x59, 0x0,
    0x7f, 0xf0, 0xa2, 0x84, 0x3, 0xff, 0x80, 0x9a,
    0x60, 0x1f, 0xfc, 0x8, 0x70, 0xf, 0xfe, 0x26,
    0x90, 0x7, 0xf9, 0x5c, 0x3, 0xff, 0x8a, 0x3e,
    0x1, 0xfe, 0x20, 0xc, 0x95, 0xbf, 0xed, 0x92,
    0x0, 0xf8, 0x9c, 0x3, 0xff, 0x80, 0x39, 0x6a,
    0x40, 0x2, 0x6d, 0x60, 0xf, 0xa0, 0x3, 0xfe,
    0x2f, 0x30, 0xf, 0xd2, 0xa0, 0x1f, 0x30, 0x7,
    0xfb, 0x84, 0x3, 0xfd, 0x62, 0x1, 0xea, 0x0,
    0xfe, 0x53, 0x0, 0xff, 0x86, 0x40, 0x3c, 0x60,
    0x1f, 0xd2, 0x1, 0xff, 0xc1, 0x60, 0xf, 0x8c,
    0x3, 0xf1, 0x80, 0x7f, 0xf0, 0x44, 0x80, 0x3c,
    0xa0, 0x1f, 0x18, 0x7, 0xff, 0xd, 0xc0, 0x3d,
    0xe0, 0x1f, 0x38, 0x7, 0xff, 0xf, 0x40, 0x3c,
    0x60, 0x1f, 0x8, 0x7, 0xff, 0x28, 0x40, 0x3f,
    0xf9, 0x62, 0x1, 0xe7, 0x0, 0xff, 0xe9, 0x38,
    0x7, 0xff, 0x2c, 0x40, 0x3c, 0x20, 0x1f, 0x8,
    0x7, 0xff, 0xf, 0xc0, 0x3c, 0x60, 0x1f, 0x30,
    0x7, 0xff, 0xc, 0x80, 0x3c, 0x20, 0x1f, 0x10,
    0x7, 0xff, 0xd, 0xc0, 0x3d, 0x80, 0x1f, 0x90,
    0x3, 0xff, 0x82, 0x44, 0x0, 0xf2, 0x80, 0x7e,
    0xe0, 0xf, 0xfe, 0xd, 0x0, 0x78, 0x84, 0x3,
    0xf2, 0x90, 0x7, 0xfc, 0x2c, 0x1, 0xe5, 0x0,
    0xff, 0x70, 0x7, 0xfd, 0x42, 0x1, 0xe9, 0x0,
    0xff, 0x1e, 0x8, 0x7, 0xc3, 0x48, 0x1, 0xe5,
    0x10, 0xf, 0xf8, 0xfa, 0x10, 0x40, 0x4e, 0x3d,
    0x40, 0x3e, 0xb0, 0xf, 0xfe, 0x13, 0xdf, 0x7f,
    0x63, 0x88, 0x7, 0xd2, 0x20, 0x1f, 0xc6, 0x40,
    0x1f, 0xfc, 0x55, 0x60, 0xf, 0xf3, 0xe1, 0x0,
    0x7f, 0xf0, 0xda, 0x80, 0x3f, 0xf8, 0x3, 0x8a,
    0x1, 0xff, 0xc0, 0x19, 0x90, 0x7, 0xff, 0x8,
    0x6a, 0xd0, 0x3, 0xf1, 0x47, 0xb0, 0x7, 0xff,
    0x15, 0x2f, 0xee, 0x61, 0xe2, 0xb7, 0x4e, 0x20,
    0x1f, 0xfc, 0x94, 0x67, 0x87, 0x52, 0x0, 0xff,
    0xff, 0x80, 0x7f, 0xff, 0xc0, 0x3f, 0xff, 0xe0,
    0x1f, 0xff, 0x40,

    /* U+0071 "q" */
    0x0, 0xff, 0x8d, 0x9e, 0x1d, 0x8c, 0x3, 0xff,
    0x92, 0x75, 0xf9, 0x30, 0xf1, 0x39, 0xd0, 0x20,
    0x14, 0xd5, 0x73, 0x80, 0x78, 0x6b, 0x14, 0x3,
    0xf0, 0xbf, 0xa8, 0x1, 0x95, 0x7b, 0x0, 0x38,
    0xb1, 0x40, 0x3f, 0xf8, 0x3, 0x4e, 0x1, 0xff,
    0xc0, 0x2c, 0x20, 0xf, 0xfe, 0x1c, 0x38, 0x7,
    0xfd, 0xe2, 0x1, 0xff, 0xc5, 0x80, 0xf, 0xf4,
    0x10, 0x7, 0xc7, 0x3b, 0xfe, 0xd9, 0x30, 0xf,
    0xfe, 0x9, 0x38, 0x7, 0xd3, 0x8c, 0x40, 0x2,
    0x6c, 0xa0, 0xf, 0xfe, 0x5, 0x80, 0x7d, 0x4c,
    0x1, 0xf9, 0x68, 0x3, 0xfe, 0x70, 0xf, 0x2a,
    0x80, 0x3f, 0xca, 0xc0, 0x1f, 0xc8, 0x20, 0x1e,
    0x80, 0xf, 0xfe, 0x5, 0x80, 0x7f, 0x60, 0x7,
    0x8c, 0x80, 0x3f, 0xf8, 0x4, 0x80, 0x1f, 0x90,
    0x3, 0xd6, 0x1, 0xff, 0xc2, 0xc0, 0xf, 0xc4,
    0x1, 0xe3, 0x0, 0xff, 0xe1, 0x20, 0x7, 0xe1,
    0x0, 0xf3, 0x0, 0x7f, 0xf0, 0x84, 0x3, 0xe1,
    0x0, 0xf8, 0xc0, 0x3f, 0xf8, 0x46, 0x1, 0xf1,
    0x80, 0x7c, 0x20, 0x1f, 0xfc, 0x21, 0x0, 0xff,
    0xed, 0x18, 0x7, 0xc2, 0x1, 0xff, 0xca, 0x10,
    0xf, 0x8c, 0x3, 0xff, 0x84, 0x40, 0x1f, 0xfc,
    0x36, 0x0, 0xff, 0xe1, 0x8, 0x7, 0xe2, 0x0,
    0xf1, 0x80, 0x7f, 0xf0, 0x94, 0x3, 0xf3, 0x80,
    0x7a, 0xc0, 0x3f, 0xf8, 0x5a, 0x1, 0xfb, 0x0,
    0x3c, 0x62, 0x1, 0xff, 0xc0, 0x24, 0x0, 0xfc,
    0x80, 0x1f, 0x40, 0x7, 0xff, 0x2, 0x0, 0x3f,
    0x88, 0xc0, 0x3c, 0xc8, 0x1, 0xfe, 0x75, 0x0,
    0xff, 0x50, 0x7, 0xd6, 0x80, 0x1f, 0xa2, 0x0,
    0x1f, 0xf3, 0x10, 0x7, 0xd7, 0x48, 0x20, 0x26,
    0xfc, 0xe0, 0x1f, 0xfc, 0x1e, 0x0, 0xfc, 0xb7,
    0xdf, 0xd9, 0x2, 0x1, 0x8, 0x7, 0xf8, 0xdc,
    0x3, 0xff, 0x8a, 0x34, 0x1, 0xff, 0x43, 0x80,
    0x7f, 0xf0, 0xc7, 0x18, 0x3, 0xff, 0x81, 0x14,
    0x20, 0x1f, 0xfc, 0x5, 0xf2, 0x0, 0xff, 0xe1,
    0x2f, 0xc1, 0x0, 0x7e, 0x4c, 0xa1, 0x0, 0xff,
    0xe2, 0xb, 0xee, 0xaa, 0x1d, 0xd1, 0x7f, 0x66,
    0x1, 0xff, 0xc9, 0x25, 0x78, 0x83, 0xa0, 0x7,
    0xff, 0xfc, 0x3, 0xff, 0xfe, 0x1, 0xff, 0xff,
    0x0, 0xff, 0xfc, 0x0,

    /* U+0072 "r" */
    0x0, 0xff, 0xe1, 0x89, 0x14, 0x3, 0xff, 0xe8,
    0x0, 0xcd, 0x7f, 0xdb, 0xb1, 0x80, 0x7f, 0x93,
    0x65, 0x0, 0x38, 0x80, 0x3f, 0x9e, 0xc8, 0x3,
    0xe1, 0x0, 0xfc, 0xd0, 0x1, 0xf8, 0x40, 0x3f,
    0x1c, 0x80, 0x7f, 0x10, 0x7, 0xe4, 0x0, 0xff,
    0x30, 0x7, 0xff, 0x0, 0x5f, 0x3b, 0xfd, 0xb0,
    0x1, 0xff, 0x37, 0x41, 0x88, 0x0, 0x88, 0x1,
    0xfe, 0x89, 0x0, 0xff, 0xe2, 0xa3, 0x80, 0x7f,
    0xf1, 0xa0, 0x3, 0xff, 0x8c, 0x26, 0x1, 0xff,
    0xc6, 0x50, 0xf, 0xff, 0xf8, 0x7, 0xff, 0xfc,
    0x3, 0xff, 0xfe, 0x1, 0xff, 0xff, 0x0, 0xff,
    0xfe, 0x0,

    /* U+0073 "s" */
    0x0, 0xfc, 0xb1, 0x7b, 0xdf, 0xf6, 0xdc, 0x20,
    0x7, 0xff, 0x4, 0xa7, 0xe9, 0xd0, 0x84, 0x2,
    0x24, 0x7b, 0xe8, 0x10, 0xf, 0xe7, 0xd6, 0x0,
    0xff, 0xe0, 0x8b, 0xfa, 0x80, 0x7d, 0x50, 0x1,
    0xff, 0xc5, 0x1a, 0x50, 0xe, 0x85, 0x0, 0xff,
    0xe4, 0x51, 0x80, 0x46, 0xe0, 0x1e, 0x16, 0x9b,
    0xcc, 0x5c, 0xa0, 0x7, 0xde, 0x1, 0x48, 0x7,
    0x9b, 0xa5, 0x90, 0xcc, 0x8d, 0x78, 0x20, 0x1c,
    0x66, 0x0, 0x28, 0x7, 0x2c, 0x80, 0x7f, 0x1e,
    0x80, 0x7a, 0x80, 0x80, 0x3d, 0xe0, 0x1f, 0xf1,
    0xb0, 0x7, 0x38, 0x8, 0x7, 0xff, 0x1e, 0xd1,
    0xa2, 0xf7, 0x80, 0x40, 0x3d, 0xa0, 0x1f, 0xfc,
    0x2, 0xb9, 0x74, 0x20, 0x1, 0x80, 0x79, 0xd0,
    0x3, 0xff, 0x8e, 0x24, 0x1, 0xeb, 0xc7, 0x30,
    0xf, 0xfe, 0x2d, 0x0, 0x7c, 0x71, 0x9f, 0xb5,
    0xa, 0x40, 0x1f, 0xf3, 0x98, 0x7, 0xf8, 0x95,
    0xeb, 0x7e, 0xd8, 0x40, 0x3f, 0x69, 0x80, 0x7f,
    0xf0, 0xd2, 0x7a, 0x88, 0x3, 0xc3, 0x8e, 0x1,
    0xff, 0xc5, 0x5d, 0x60, 0xf, 0xa3, 0xe5, 0x0,
    0x3f, 0xf8, 0x92, 0xe0, 0x1f, 0x9a, 0xfe, 0xe1,
    0x48, 0x3, 0xff, 0x81, 0x6, 0x1, 0xfe, 0x47,
    0xad, 0xfc, 0x95, 0x20, 0xf, 0xd0, 0x1, 0xff,
    0xc3, 0x36, 0xad, 0xc2, 0x0, 0xf2, 0x0, 0x7f,
    0xf1, 0xcf, 0x0, 0x3e, 0x36, 0x77, 0xe4, 0x0,
    0xff, 0xe0, 0xb, 0x0, 0x79, 0xae, 0x23, 0xc0,
    0x1f, 0xfc, 0x1f, 0x0, 0xf1, 0xb0, 0x7, 0x19,
    0x0, 0x7f, 0xf0, 0x4, 0x3, 0xc5, 0x80, 0x1e,
    0x90, 0xf, 0xfe, 0x5, 0x0, 0x79, 0xd8, 0x3,
    0xc9, 0x64, 0x1, 0xf8, 0x68, 0x80, 0x38, 0x4c,
    0x58, 0x3, 0xc9, 0xb7, 0xc, 0xab, 0x3d, 0x72,
    0x80, 0x79, 0x80, 0x12, 0x60, 0x1f, 0x23, 0xcd,
    0x55, 0xa, 0x1, 0xf1, 0x40, 0x5, 0xa4, 0x1,
    0xff, 0xc8, 0x1f, 0x0, 0xc3, 0xaa, 0x1, 0xff,
    0xc6, 0x3c, 0x20, 0xf, 0x56, 0x28, 0x7, 0xff,
    0x8, 0xa7, 0x8, 0x3, 0xf1, 0xd7, 0xd3, 0xa1,
    0x8, 0x4, 0x24, 0xb1, 0x9a, 0xc0, 0x1c,

    /* U+0074 "t" */
    0x0, 0xe3, 0xff, 0xf4, 0x0, 0x7f, 0xff, 0xc0,
    0x3f, 0xff, 0xe0, 0x1f, 0xfc, 0x26, 0x6d, 0x60,
    0x1e, 0x36, 0x6f, 0x84, 0xa, 0x67, 0x38, 0x7,
    0x92, 0x67, 0xe5, 0x0, 0xff, 0xff, 0x80, 0x7f,
    0xf0, 0x8b, 0xff, 0x60, 0x7, 0x9f, 0xff, 0xe4,
    0x0, 0xff, 0xff, 0x80, 0x7f, 0xff, 0xc0, 0x3f,
    0xff, 0xe0, 0x1f, 0xff, 0xf0, 0xf, 0xfe, 0xc0,
    0x80, 0x78, 0x40, 0x3f, 0xf9, 0x26, 0x1, 0xff,
    0xc2, 0x20, 0xf, 0x20, 0x7, 0xff, 0xc, 0x80,
    0x38, 0x64, 0x3, 0xff, 0x84, 0x80, 0x1e, 0x6d,
    0x98, 0x85, 0x6a, 0x80, 0x7d, 0x40, 0x1f, 0x13,
    0x3b, 0x94, 0xb4, 0x3, 0xe3, 0x40, 0xf, 0xfe,
    0x1, 0x80, 0x7e, 0x91, 0x0, 0xff, 0x94, 0x3,
    0xf1, 0x61, 0x80, 0x7f, 0x84, 0x40, 0x1f, 0x8b,
    0x2d, 0x8c, 0x40, 0x2, 0x49, 0x18, 0x20,

    /* U+0075 "u" */
    0x5f, 0xff, 0x38, 0x7, 0xff, 0x0, 0xff, 0xfd,
    0x20, 0x1f, 0xff, 0xf0, 0xf, 0xff, 0xf8, 0x7,
    0xff, 0xfc, 0x3, 0xff, 0xfe, 0x1, 0xff, 0xff,
    0x0, 0xff, 0xff, 0x80, 0x7f, 0xff, 0x98, 0x3,
    0xff, 0x9f, 0xa0, 0x1f, 0x8, 0x7, 0xbc, 0x3,
    0xff, 0x80, 0xc0, 0x1f, 0x38, 0x7, 0x8c, 0x3,
    0xfe, 0x71, 0x0, 0xf8, 0x40, 0x3c, 0x80, 0x1f,
    0xe3, 0x80, 0xf, 0xc4, 0x1, 0xf4, 0x0, 0x7e,
    0x5c, 0x0, 0xff, 0x18, 0x7, 0x9e, 0x4, 0x3,
    0x25, 0xd0, 0x7, 0xfd, 0x40, 0x1f, 0x3f, 0x6e,
    0x63, 0xed, 0x0, 0x21, 0x0, 0xfc, 0xe0, 0x1f,
    0xc4, 0x66, 0x0, 0xf6, 0x80, 0x7e, 0x19, 0x0,
    0xff, 0xe2, 0x61, 0x0, 0x7f, 0x33, 0x0, 0x3f,
    0xf8, 0x25, 0xa6, 0x1, 0xff, 0x4c, 0x8, 0x7,
    0xf9, 0xf4, 0x80, 0x3f, 0xf8, 0x2f, 0xd2, 0xa4,
    0x20, 0x2, 0x49, 0xe8, 0x0, 0x87, 0xff, 0xd2,

    /* U+0076 "v" */
    0x6f, 0xff, 0xa0, 0x3, 0xff, 0x87, 0x1f, 0xff,
    0x3, 0x0, 0x7c, 0xa0, 0x1f, 0xfc, 0x35, 0x0,
    0xf3, 0x0, 0x18, 0x3, 0xc4, 0x60, 0x1f, 0xfc,
    0x13, 0x20, 0xf, 0x50, 0x2, 0xc0, 0x3e, 0xb0,
    0xf, 0xfe, 0xd, 0x0, 0x78, 0x8c, 0x0, 0x46,
    0x1, 0xe6, 0x0, 0xff, 0xe0, 0xb8, 0x7, 0xac,
    0x3, 0x50, 0x7, 0x84, 0xc0, 0x3f, 0xe4, 0x10,
    0xf, 0x30, 0x6, 0x60, 0xf, 0xa8, 0x3, 0xfe,
    0xe0, 0xf, 0x30, 0x7, 0x98, 0x3, 0xce, 0x1,
    0xff, 0x28, 0x7, 0xa8, 0x3, 0xd4, 0x1, 0xe1,
    0x40, 0xf, 0xe5, 0x0, 0xf1, 0x98, 0x3, 0xc6,
    0x60, 0xf, 0x70, 0x7, 0xf7, 0x0, 0x7a, 0x80,
    0x3f, 0x50, 0x7, 0x94, 0x3, 0xf0, 0xa0, 0x7,
    0x98, 0x3, 0xf3, 0x0, 0x7c, 0xa0, 0x1f, 0x38,
    0x7, 0x98, 0x3, 0xfc, 0xc0, 0x1e, 0xf0, 0xf,
    0xb4, 0x3, 0xd4, 0x1, 0xfe, 0xa0, 0xf, 0x28,
    0x7, 0x85, 0x0, 0x38, 0xcc, 0x1, 0xfe, 0x33,
    0x0, 0x79, 0x40, 0x39, 0x80, 0x3d, 0x40, 0x1f,
    0xfc, 0xa, 0x0, 0xf7, 0x0, 0x75, 0x80, 0x79,
    0x80, 0x3f, 0xf8, 0xc, 0x1, 0xe4, 0x10, 0x8,
    0x8c, 0x3, 0x98, 0x3, 0xff, 0x84, 0xc0, 0x1e,
    0x70, 0xa, 0x80, 0x3d, 0x40, 0x1f, 0xfc, 0x2a,
    0x0, 0xf6, 0x80, 0x4a, 0x1, 0xc6, 0x60, 0xf,
    0xfe, 0x11, 0x98, 0x3, 0x90, 0x40, 0xc8, 0x3,
    0xa8, 0x3, 0xff, 0x89, 0x40, 0x1e, 0x60, 0xb0,
    0xf, 0x30, 0x7, 0xff, 0x11, 0x80, 0x3d, 0x60,
    0xc0, 0x1c, 0xc0, 0x1f, 0xfc, 0x66, 0x0, 0xe3,
    0x61, 0x0, 0xea, 0x0, 0xff, 0xe3, 0x50, 0x7,
    0xa4, 0x3, 0x8c, 0xc0, 0x1f, 0xfc, 0x63, 0x30,
    0x7, 0xfd, 0x40, 0x1f, 0xfc, 0x8a, 0x0, 0xff,
    0x98, 0x3, 0xff, 0x90, 0xc0, 0x1f, 0xe6, 0x0,
    0xff, 0xe5, 0x30, 0x7, 0xf5, 0x0, 0x7f, 0xf2,
    0xa8, 0x3, 0xf1, 0x98, 0x3, 0xff, 0x94, 0x64,
    0x1, 0xf5, 0x0, 0x7f, 0xf3, 0x2c, 0x3, 0xe6,
    0x0, 0xff, 0xe0, 0x0,

    /* U+0077 "w" */
    0x6f, 0xff, 0x80, 0x3f, 0xe6, 0xff, 0xf1, 0x0,
    0x7f, 0x9f, 0xff, 0xd2, 0x80, 0x1f, 0x18, 0x7,
    0xfb, 0x40, 0x3c, 0x80, 0x1f, 0xec, 0x0, 0xf6,
    0x11, 0x0, 0x3c, 0x80, 0x1f, 0xe4, 0x0, 0xf6,
    0x80, 0x7f, 0x90, 0x3, 0xca, 0xa, 0x1, 0xed,
    0x0, 0xfe, 0x40, 0xf, 0x90, 0x3, 0xf8, 0xc0,
    0x3c, 0x80, 0xc, 0x0, 0xf2, 0x0, 0x7f, 0x68,
    0x7, 0xe4, 0x0, 0xfc, 0xa0, 0x1e, 0xc0, 0x2,
    0x0, 0x78, 0x48, 0x3, 0xf2, 0x0, 0x7e, 0xc0,
    0xf, 0xd8, 0x1, 0xe5, 0x0, 0x94, 0x3, 0xc8,
    0x1, 0xf1, 0x10, 0x3, 0xf2, 0x80, 0x7e, 0x40,
    0xe, 0x22, 0x0, 0x58, 0x1, 0xef, 0x0, 0xf9,
    0x40, 0x3f, 0x88, 0x40, 0x3c, 0x42, 0x1, 0xca,
    0x1, 0x9c, 0x3, 0xc8, 0x1, 0xf6, 0x0, 0x62,
    0x0, 0xe7, 0x0, 0xf3, 0x80, 0x7b, 0x0, 0x30,
    0x98, 0x7, 0x10, 0x80, 0x79, 0x0, 0x34, 0x0,
    0x76, 0x0, 0x7b, 0x0, 0x3c, 0x80, 0x1c, 0x80,
    0x1e, 0x40, 0xe, 0x50, 0xc, 0x2a, 0x40, 0x19,
    0x0, 0x3c, 0x80, 0x1c, 0xa0, 0x1e, 0xb0, 0xf,
    0x68, 0x7, 0x60, 0x6, 0x40, 0x50, 0xc, 0x26,
    0x1, 0x84, 0x80, 0x3b, 0x0, 0x3c, 0x62, 0x1,
    0xc8, 0x1, 0xce, 0x1, 0xb0, 0x30, 0x3, 0xac,
    0x3, 0x28, 0x7, 0x9c, 0x3, 0xe4, 0x0, 0xe3,
    0x0, 0xc6, 0x20, 0x19, 0xc1, 0x0, 0x39, 0x0,
    0x36, 0x0, 0x71, 0x88, 0x7, 0xde, 0x1, 0xe3,
    0x0, 0x90, 0x3, 0x10, 0x80, 0x10, 0x3, 0x18,
    0x80, 0x48, 0x1, 0xd6, 0x1, 0xf9, 0x0, 0x3c,
    0x80, 0x15, 0x80, 0x65, 0x0, 0xb0, 0x3, 0x90,
    0x2, 0x30, 0xe, 0x40, 0xf, 0xc2, 0x60, 0x1d,
    0x80, 0x1, 0x30, 0xd, 0x80, 0x12, 0x80, 0x77,
    0x80, 0xc, 0x3, 0x84, 0xc0, 0x3f, 0xac, 0x3,
    0x90, 0x0, 0xe0, 0x1c, 0x80, 0x11, 0x8, 0x6,
    0x40, 0x2, 0x0, 0x73, 0x80, 0x7f, 0x94, 0x3,
    0xc4, 0x18, 0x1, 0x90, 0x3, 0x9c, 0x3, 0x9,
    0x86, 0x0, 0x76, 0x0, 0x7f, 0x88, 0x40, 0x39,
    0x1, 0x40, 0x36, 0x80, 0x76, 0x0, 0x72, 0x2,
    0x80, 0x72, 0x80, 0x7f, 0xce, 0x1, 0xd8, 0x80,
    0x1c, 0x80, 0x1c, 0x80, 0x1d, 0x64, 0x20, 0x19,
    0x0, 0x3f, 0xf8, 0x1a, 0x1, 0xc9, 0x80, 0x18,
    0x88, 0x1, 0xc2, 0x60, 0x18, 0xd4, 0x3, 0xb4,
    0x3, 0xff, 0x80, 0x80, 0x1c, 0x2c, 0x1, 0x90,
    0x3, 0xe4, 0x0, 0xe9, 0x0, 0xe4, 0x0, 0xff,
    0xe0, 0xa0, 0x7, 0x8, 0x6, 0xd0, 0xf, 0xac,
    0x3, 0x84, 0x3, 0x11, 0x0, 0x3f, 0xf8, 0x3a,
    0x1, 0xfe, 0x40, 0xf, 0x8c, 0x40, 0x3f, 0x94,
    0x3, 0xff, 0x84, 0x80, 0x1f, 0xc8, 0x1, 0xfc,
    0x80, 0x1f, 0xd8, 0x1, 0xff, 0xc2, 0x22, 0x0,
    0x7e, 0xc0, 0xf, 0xec, 0x0, 0xfe, 0x40, 0xf,
    0xfe, 0x1a, 0x80, 0x7e, 0x50, 0xf, 0xe7, 0x0,
    0xfc, 0xa0, 0x1f, 0xfc, 0x4b, 0x0, 0xf8, 0x48,
    0x3, 0xf8, 0x48, 0x3, 0xec, 0x0, 0xff, 0xe2,
    0x18, 0x80, 0x79, 0xc0, 0x3f, 0xe5, 0x0, 0xf9,
    0xc0, 0x3f, 0xf8, 0xa8, 0x1, 0xec, 0x0, 0xff,
    0xb0, 0x3, 0xc6, 0x20, 0x1f, 0x80,

    /* U+0078 "x" */
    0x0, 0xff, 0xea, 0xf, 0x7f, 0xfb, 0x84, 0x3,
    0xfe, 0x8f, 0xff, 0x48, 0x0, 0x68, 0x3, 0xc3,
    0x60, 0x1f, 0xe3, 0x70, 0xe, 0x29, 0x0, 0x91,
    0x80, 0x3c, 0xa8, 0x1, 0xfd, 0xc0, 0x1e, 0xe0,
    0xe, 0x92, 0x0, 0xf5, 0x0, 0x7e, 0x92, 0x0,
    0xe7, 0x30, 0xf, 0x70, 0x7, 0x86, 0x40, 0x3c,
    0x8c, 0x1, 0xc5, 0x0, 0x1f, 0x1b, 0x80, 0x79,
    0x8c, 0x3, 0xd, 0x0, 0x7b, 0xc0, 0x3f, 0xa0,
    0x80, 0x3d, 0xc0, 0x1a, 0xc4, 0x3, 0xa0, 0x80,
    0x3f, 0xde, 0x1, 0xe2, 0x80, 0x2, 0xa8, 0x3,
    0x8d, 0xc0, 0x3f, 0xe2, 0x80, 0xf, 0x39, 0xd,
    0x80, 0x7b, 0x80, 0x3f, 0xf8, 0x2e, 0x60, 0x1e,
    0xea, 0x10, 0xe, 0x92, 0x0, 0xff, 0xe1, 0x70,
    0x7, 0x8d, 0x0, 0x39, 0x58, 0x3, 0xff, 0x86,
    0x52, 0x1, 0xff, 0xd, 0x80, 0x7f, 0xf1, 0x59,
    0x0, 0x3f, 0xd4, 0x20, 0x1f, 0xfc, 0x6a, 0x10,
    0xf, 0xcc, 0x80, 0x1f, 0xfc, 0x71, 0xb0, 0xf,
    0xd0, 0x1, 0xff, 0xc9, 0xd0, 0xf, 0xcc, 0x1,
    0xff, 0xc8, 0x37, 0x0, 0xfd, 0x4, 0x1, 0xff,
    0xc7, 0xe0, 0xf, 0xf7, 0x0, 0x7f, 0xf1, 0xa4,
    0x80, 0x3f, 0xc7, 0x0, 0x1f, 0xfc, 0x45, 0x60,
    0xe, 0x10, 0xf, 0x39, 0x80, 0x7f, 0xf0, 0x86,
    0xc0, 0x38, 0x70, 0x80, 0x3d, 0xc0, 0x1f, 0xfc,
    0x2a, 0x10, 0xe, 0xb2, 0xe0, 0xf, 0x14, 0x0,
    0x7f, 0xf0, 0x19, 0x0, 0x39, 0x14, 0xd, 0xc0,
    0x3c, 0xe6, 0x1, 0xfe, 0x29, 0x0, 0xe1, 0xa0,
    0xa, 0x8, 0x3, 0xdc, 0x1, 0xfe, 0xe0, 0xf,
    0x58, 0x80, 0x6e, 0x0, 0xf1, 0x40, 0x7, 0xe8,
    0x30, 0xe, 0x45, 0x0, 0xe3, 0x60, 0xf, 0x39,
    0x80, 0x78, 0xdc, 0x3, 0x86, 0x80, 0x3e, 0x92,
    0x0, 0xf7, 0x0, 0x7b, 0x40, 0x3d, 0x62, 0x1,
    0xfa, 0x40, 0x3c, 0x52, 0x1, 0xa8, 0x40, 0x39,
    0x14, 0x3, 0xf9, 0x18, 0x3, 0xcc, 0x80, 0x5,
    0x50, 0x7, 0xa8, 0x3, 0xfe, 0x91, 0x0, 0xf5,
    0x0, 0xd8, 0x7, 0xa4, 0x40, 0x3f, 0xf8, 0x14,
    0x1, 0xe1, 0x90,

    /* U+0079 "y" */
    0x38, 0x8f, 0x8c, 0x3, 0xff, 0x86, 0x51, 0x1f,
    0x0, 0xbb, 0xfd, 0x0, 0x1f, 0xfc, 0x3b, 0x77,
    0xf2, 0x81, 0x20, 0x7, 0x90, 0x40, 0x3f, 0xf8,
    0x4e, 0x1, 0xeb, 0x0, 0x78, 0x7, 0xcc, 0x1,
    0xff, 0xc1, 0x41, 0x0, 0xf3, 0x80, 0x10, 0x80,
    0x3d, 0x40, 0x1f, 0xfc, 0x1e, 0x0, 0xf2, 0x88,
    0x5, 0x60, 0x1e, 0x24, 0x0, 0xff, 0xe0, 0x28,
    0x7, 0xa4, 0x3, 0x30, 0x80, 0x7b, 0x80, 0x3f,
    0xe5, 0x0, 0xf1, 0x18, 0x7, 0x30, 0x7, 0x94,
    0x40, 0x3f, 0xdc, 0x1, 0xeb, 0x0, 0xf4, 0x80,
    0x7c, 0xe0, 0x1f, 0xc2, 0x80, 0x1e, 0x70, 0xf,
    0xb, 0x0, 0x7a, 0x80, 0x3f, 0x9c, 0x3, 0xca,
    0x20, 0x1f, 0x58, 0x7, 0x8c, 0x80, 0x3f, 0x68,
    0x7, 0xa4, 0x3, 0xf1, 0x20, 0x7, 0xac, 0x3,
    0xe1, 0x40, 0xe, 0x23, 0x0, 0xfe, 0xf0, 0xf,
    0x38, 0x7, 0xcc, 0x1, 0xea, 0x0, 0xff, 0x21,
    0x0, 0x70, 0xa8, 0x7, 0xac, 0x3, 0xcc, 0x1,
    0xff, 0x58, 0x7, 0xb8, 0x3, 0x88, 0xc0, 0x39,
    0x44, 0x3, 0xfe, 0x61, 0x0, 0xe4, 0x10, 0xd,
    0x40, 0x1e, 0xe0, 0xf, 0xfe, 0xb, 0x0, 0x79,
    0x80, 0x32, 0x80, 0x71, 0x20, 0x7, 0xff, 0x6,
    0x40, 0x3d, 0x40, 0x11, 0x90, 0x7, 0x50, 0x7,
    0xff, 0x8, 0x54, 0x3, 0x89, 0x0, 0x14, 0x1,
    0xe6, 0x0, 0xff, 0xe1, 0xc8, 0x7, 0xb8, 0x0,
    0xe0, 0x1c, 0xa2, 0x1, 0xff, 0xc3, 0x33, 0x0,
    0x72, 0x8a, 0x8, 0x7, 0x70, 0x7, 0xff, 0x16,
    0x40, 0x3c, 0xfa, 0x1, 0xc4, 0x80, 0x1f, 0xfc,
    0x55, 0x10, 0xe, 0xb6, 0x0, 0xea, 0x0, 0xff,
    0xe3, 0xc8, 0x7, 0x10, 0x7, 0x98, 0x3, 0xff,
    0x8e, 0xc0, 0x1f, 0xf2, 0x88, 0x7, 0xff, 0x1c,
    0x58, 0x3, 0xfd, 0xc0, 0x1f, 0xfc, 0x9b, 0x0,
    0xfe, 0x14, 0x0, 0xff, 0xe4, 0x92, 0x0, 0x7e,
    0x90, 0xf, 0xfe, 0x5f, 0x80, 0x7e, 0x60, 0xf,
    0xfe, 0x5a, 0x10, 0x7, 0x90, 0x40, 0x3f, 0xf9,
    0x8a, 0x1, 0xef, 0x0, 0xff, 0xe6, 0xa8, 0x7,
    0xa, 0x0, 0x7f, 0xf3, 0x10, 0x80, 0x3a, 0x40,
    0x3f, 0xf9, 0xbc, 0x1, 0xe6, 0x0, 0xff, 0xe6,
    0xa, 0x80, 0x72, 0x88, 0x7, 0xff, 0x32, 0xc0,
    0x3d, 0x20, 0x1f, 0xfc, 0xc7, 0x50, 0xe, 0x33,
    0x0, 0x7f, 0xf1, 0xb7, 0x2a, 0x6b, 0x60, 0x3,
    0xd0, 0x1, 0xff, 0xc6, 0x12, 0x35, 0x65, 0x20,
    0xf, 0x22, 0x0, 0x3f, 0xf8, 0xc8, 0x1, 0xff,
    0xd, 0x0, 0x7f, 0xf1, 0xf0, 0x3, 0xfe, 0xd1,
    0x0, 0xff, 0xe3, 0xa0, 0x7, 0xf1, 0xe1, 0x80,
    0x7f, 0xf2, 0x25, 0xd0, 0x84, 0x4, 0x96, 0xb0,
    0xc0, 0x3f, 0xf8, 0xc0,

    /* U+007A "z" */
    0xb, 0xff, 0xff, 0xe6, 0x18, 0x7, 0xff, 0xfc,
    0x3, 0xff, 0xb0, 0x20, 0xf, 0x99, 0xff, 0xe1,
    0x98, 0x7, 0xcc, 0x40, 0x4, 0x66, 0xff, 0xe1,
    0x11, 0x80, 0x78, 0xe4, 0x3, 0xff, 0x8a, 0x56,
    0x1, 0xe1, 0xd0, 0xf, 0xfe, 0x37, 0x80, 0x7d,
    0xa2, 0x1, 0xff, 0xc5, 0xb2, 0x0, 0xf4, 0x98,
    0x7, 0xff, 0x16, 0x10, 0x3, 0xca, 0xc0, 0x1f,
    0xfc, 0x54, 0x70, 0xf, 0x1d, 0x0, 0x7f, 0xf1,
    0x4a, 0xc0, 0x3c, 0x3a, 0x1, 0xff, 0xc6, 0xf0,
    0xf, 0xb4, 0x40, 0x3f, 0xf8, 0xb6, 0x40, 0x1e,
    0x93, 0x0, 0xff, 0xe2, 0xc2, 0x0, 0x79, 0x58,
    0x3, 0xff, 0x8a, 0x8e, 0x1, 0xe3, 0xa0, 0xf,
    0xfe, 0x29, 0x58, 0x7, 0x87, 0x40, 0x3f, 0xf8,
    0xde, 0x1, 0xf5, 0x8, 0x7, 0xff, 0x16, 0xc8,
    0x3, 0xd0, 0x80, 0x1f, 0xfc, 0x58, 0x40, 0xf,
    0x2b, 0x80, 0x7f, 0xf1, 0x51, 0xc0, 0x3c, 0x54,
    0x1, 0xff, 0xc5, 0x2b, 0x0, 0xf0, 0xf8, 0x7,
    0xff, 0x1b, 0xc0, 0x3e, 0xa2, 0x0, 0xff, 0xe2,
    0xd9, 0x0, 0x7a, 0x10, 0x3, 0xff, 0x8b, 0x8,
    0x1, 0xe1, 0x13, 0x37, 0xff, 0xd, 0x40, 0x5c,
    0x3, 0xe1, 0x99, 0xff, 0xe2, 0x58, 0x7, 0xff,
    0x3d, 0x40, 0x3f, 0xf9, 0xe4, 0x1, 0xff, 0xcf,
    0xe0, 0xf, 0xfe, 0x79, 0x80,

    /* U+007B "{" */
    0x0, 0xfc, 0x2d, 0x59, 0xdf, 0xf9, 0x0, 0x3e,
    0x7e, 0x95, 0x31, 0x0, 0xff, 0xa6, 0x0, 0x3f,
    0xf8, 0x68, 0xc0, 0x1f, 0xfc, 0x4f, 0x0, 0xff,
    0xe2, 0xa0, 0x7, 0xc6, 0xab, 0x38, 0x6, 0x20,
    0xf, 0xb3, 0x15, 0x51, 0x80, 0x61, 0x0, 0xf3,
    0x18, 0x7, 0xff, 0x13, 0x0, 0x3f, 0xf8, 0xa2,
    0x1, 0xff, 0xc5, 0x70, 0xf, 0xff, 0xf8, 0x7,
    0xff, 0xc5, 0xc0, 0x3f, 0xf8, 0xa4, 0x1, 0xe1,
    0x0, 0xff, 0x58, 0x7, 0x8c, 0x3, 0xfa, 0x8,
    0x3, 0x84, 0x40, 0x1e, 0x5c, 0xf7, 0x0, 0xf3,
    0x80, 0x7d, 0xa6, 0x1, 0xf0, 0xd8, 0x7, 0xff,
    0xd, 0x30, 0x80, 0x3f, 0xf8, 0x43, 0x84, 0x1,
    0xff, 0xc3, 0x18, 0xc0, 0xf, 0xfe, 0x29, 0xb8,
    0x7, 0xd1, 0xf6, 0x60, 0x1e, 0xa0, 0xf, 0xe4,
    0xc1, 0x0, 0xe2, 0x10, 0xf, 0xf3, 0x0, 0x78,
    0x80, 0x3f, 0xda, 0x1, 0xff, 0xc5, 0x60, 0xf,
    0xff, 0xf8, 0x7, 0xff, 0xfc, 0x3, 0xff, 0x8c,
    0xe0, 0x1f, 0xfc, 0x51, 0x0, 0xff, 0x8, 0x7,
    0xbc, 0x3, 0xfc, 0x60, 0x1e, 0x53, 0x0, 0xfe,
    0x11, 0x0, 0x7b, 0x31, 0x55, 0x18, 0x7, 0x20,
    0x7, 0xc6, 0xab, 0x38, 0x7, 0x48, 0x7, 0xff,
    0x14, 0xdc, 0x3, 0xff, 0x8b, 0x12, 0x20, 0x1f,
    0xfc, 0x46, 0xea, 0x53, 0x10, 0xe,

    /* U+007C "|" */
    0x23, 0x3e, 0x29, 0xcc, 0xee, 0x0, 0xff, 0xff,
    0x80, 0x7f, 0xff, 0xc0, 0x3f, 0xff, 0xe0, 0x1f,
    0xff, 0xf0, 0xf, 0xff, 0x30,

    /* U+007D "}" */
    0xbf, 0xfd, 0xb7, 0x8, 0x1, 0xff, 0xc2, 0x24,
    0x7b, 0xc2, 0x0, 0xff, 0xe2, 0x1e, 0x98, 0x7,
    0xff, 0x17, 0x80, 0x3f, 0xf8, 0xa4, 0x80, 0x1d,
    0x8a, 0xa4, 0x10, 0xf, 0xb4, 0x3, 0x9e, 0xa9,
    0x7c, 0xc0, 0x1e, 0x20, 0xf, 0xf4, 0x0, 0x79,
    0xc0, 0x3f, 0xc2, 0x60, 0x1c, 0x20, 0x1f, 0xf3,
    0x0, 0x7f, 0xff, 0xc0, 0x3f, 0xff, 0xe0, 0x1f,
    0xfc, 0x53, 0x0, 0xff, 0x8c, 0x3, 0x84, 0x3,
    0xfe, 0x10, 0xf, 0x30, 0x7, 0xfb, 0x40, 0x3d,
    0x8, 0x1, 0xfc, 0xa0, 0x1e, 0x1b, 0xec, 0x10,
    0xf, 0xa0, 0x3, 0xe1, 0x30, 0xf, 0xcf, 0x22,
    0x1, 0xff, 0xc4, 0x44, 0x0, 0x7f, 0xf0, 0xcf,
    0x54, 0x3, 0xff, 0x87, 0xc0, 0x1f, 0xfc, 0x44,
    0x20, 0xf, 0x3e, 0xf8, 0x80, 0x78, 0xc0, 0x3c,
    0xf0, 0x40, 0x1f, 0xb8, 0x3, 0xd4, 0x1, 0xfe,
    0x30, 0xe, 0x12, 0x0, 0xff, 0xe2, 0x18, 0x7,
    0xff, 0xfc, 0x3, 0xff, 0xfe, 0x1, 0xff, 0xcb,
    0x60, 0xf, 0xfe, 0x20, 0x98, 0x7, 0x8, 0x7,
    0xfa, 0x0, 0x3c, 0xe0, 0x1c, 0xf5, 0x4b, 0xe6,
    0x0, 0xf1, 0x80, 0x76, 0x2a, 0x90, 0x40, 0x3e,
    0xc0, 0xf, 0xfe, 0x21, 0xa0, 0x7, 0xff, 0xc,
    0x78, 0x3, 0xff, 0x86, 0x78, 0x40, 0x1f, 0xf1,
    0x23, 0xe6, 0x8, 0x3, 0xe0,

    /* U+007E "~" */
    0x0, 0xe5, 0xad, 0xef, 0xdb, 0x50, 0xf, 0xfe,
    0x3, 0xcc, 0xf1, 0x0, 0x47, 0xb4, 0xa4, 0x20,
    0x49, 0x5a, 0x80, 0x1f, 0xea, 0x66, 0xe0, 0x9,
    0x30, 0x80, 0x3f, 0x15, 0xd0, 0x80, 0x7e, 0x20,
    0xf, 0x86, 0x80, 0x3f, 0xf8, 0xb, 0xcc, 0x1,
    0xe5, 0x0, 0xf1, 0x4, 0x88, 0x7, 0xff, 0xa,
    0x6c, 0x80, 0x22, 0x80, 0xe, 0x20, 0x3, 0x0,
    0x7f, 0xf1, 0x13, 0x72, 0xaf, 0x48, 0x3, 0x9c,
    0x10, 0x40, 0x3c, 0x6e, 0xc4, 0x1, 0xf8, 0xd5,
    0x0, 0x3e, 0xf0, 0x30, 0xf, 0x4e, 0x44, 0xed,
    0x8, 0x7, 0xff, 0x11, 0x43, 0x40, 0x38, 0xd8,
    0x3, 0x2f, 0xa8, 0x7, 0xff, 0xa, 0x40, 0x2,
    0x1, 0xd6, 0x1, 0xe1, 0xaa, 0x8, 0x7, 0xfc,
    0xac, 0x0, 0x70, 0xe, 0x20, 0xf, 0xcb, 0xcc,
    0x1, 0xfd, 0x14, 0x1, 0x5b, 0x37, 0x38, 0x7,
    0xfa, 0x75, 0xc8, 0x40, 0x4e, 0x39, 0xc0, 0x30
};


/*---------------------
 *  GLYPH DESCRIPTION
 *--------------------*/

static const lv_font_fmt_txt_glyph_dsc_t glyph_dsc[] = {
    {.bitmap_index = 0, .adv_w = 0, .box_w = 0, .box_h = 0, .ofs_x = 0, .ofs_y = 0} /* id = 0 reserved */,
    {.bitmap_index = 0, .adv_w = 214, .box_w = 0, .box_h = 0, .ofs_x = 0, .ofs_y = 0},
    {.bitmap_index = 0, .adv_w = 242, .box_w = 9, .box_h = 43, .ofs_x = 3, .ofs_y = 0},
    {.bitmap_index = 56, .adv_w = 342, .box_w = 18, .box_h = 16, .ofs_x = 2, .ofs_y = 27},
    {.bitmap_index = 125, .adv_w = 568, .box_w = 34, .box_h = 41, .ofs_x = 1, .ofs_y = 0},
    {.bitmap_index = 469, .adv_w = 568, .box_w = 31, .box_h = 55, .ofs_x = 2, .ofs_y = -7},
    {.bitmap_index = 886, .adv_w = 906, .box_w = 54, .box_h = 43, .ofs_x = 1, .ofs_y = 0},
    {.bitmap_index = 1550, .adv_w = 627, .box_w = 39, .box_h = 44, .ofs_x = 1, .ofs_y = -1},
    {.bitmap_index = 2033, .adv_w = 180, .box_w = 7, .box_h = 16, .ofs_x = 2, .ofs_y = 27},
    {.bitmap_index = 2066, .adv_w = 270, .box_w = 15, .box_h = 52, .ofs_x = 2, .ofs_y = -7},
    {.bitmap_index = 2285, .adv_w = 270, .box_w = 15, .box_h = 52, .ofs_x = 0, .ofs_y = -7},
    {.bitmap_index = 2509, .adv_w = 387, .box_w = 22, .box_h = 21, .ofs_x = 1, .ofs_y = 22},
    {.bitmap_index = 2671, .adv_w = 568, .box_w = 29, .box_h = 30, .ofs_x = 3, .ofs_y = 6},
    {.bitmap_index = 2739, .adv_w = 222, .box_w = 9, .box_h = 15, .ofs_x = 2, .ofs_y = -6},
    {.bitmap_index = 2790, .adv_w = 374, .box_w = 19, .box_h = 7, .ofs_x = 2, .ofs_y = 14},
    {.bitmap_index = 2805, .adv_w = 222, .box_w = 8, .box_h = 9, .ofs_x = 3, .ofs_y = 0},
    {.bitmap_index = 2813, .adv_w = 343, .box_w = 21, .box_h = 44, .ofs_x = 0, .ofs_y = 0},
    {.bitmap_index = 3077, .adv_w = 568, .box_w = 32, .box_h = 43, .ofs_x = 2, .ofs_y = 0},
    {.bitmap_index = 3461, .adv_w = 568, .box_w = 20, .box_h = 42, .ofs_x = 5, .ofs_y = 0},
    {.bitmap_index = 3566, .adv_w = 568, .box_w = 31, .box_h = 43, .ofs_x = 2, .ofs_y = 0},
    {.bitmap_index = 3883, .adv_w = 568, .box_w = 31, .box_h = 44, .ofs_x = 2, .ofs_y = -1},
    {.bitmap_index = 4247, .adv_w = 568, .box_w = 33, .box_h = 42, .ofs_x = 1, .ofs_y = 0},
    {.bitmap_index = 4458, .adv_w = 568, .box_w = 30, .box_h = 42, .ofs_x = 3, .ofs_y = -1},
    {.bitmap_index = 4761, .adv_w = 568, .box_w = 30, .box_h = 44, .ofs_x = 3, .ofs_y = -1},
    {.bitmap_index = 5159, .adv_w = 568, .box_w = 30, .box_h = 42, .ofs_x = 2, .ofs_y = -1},
    {.bitmap_index = 5397, .adv_w = 568, .box_w = 32, .box_h = 44, .ofs_x = 2, .ofs_y = -1},
    {.bitmap_index = 5812, .adv_w = 568, .box_w = 31, .box_h = 44, .ofs_x = 2, .ofs_y = -1},
    {.bitmap_index = 6216, .adv_w = 222, .box_w = 8, .box_h = 31, .ofs_x = 3, .ofs_y = 0},
    {.bitmap_index = 6241, .adv_w = 222, .box_w = 9, .box_h = 37, .ofs_x = 2, .ofs_y = -6},
    {.bitmap_index = 6307, .adv_w = 568, .box_w = 28, .box_h = 31, .ofs_x = 4, .ofs_y = 5},
    {.bitmap_index = 6518, .adv_w = 568, .box_w = 27, .box_h = 19, .ofs_x = 4, .ofs_y = 11},
    {.bitmap_index = 6557, .adv_w = 568, .box_w = 29, .box_h = 31, .ofs_x = 3, .ofs_y = 5},
    {.bitmap_index = 6769, .adv_w = 487, .box_w = 29, .box_h = 44, .ofs_x = 0, .ofs_y = -1},
    {.bitmap_index = 7035, .adv_w = 940, .box_w = 55, .box_h = 54, .ofs_x = 2, .ofs_y = -13},
    {.bitmap_index = 7880, .adv_w = 659, .box_w = 41, .box_h = 43, .ofs_x = 0, .ofs_y = 0},
    {.bitmap_index = 8275, .adv_w = 614, .box_w = 33, .box_h = 43, .ofs_x = 4, .ofs_y = 0},
    {.bitmap_index = 8543, .adv_w = 684, .box_w = 38, .box_h = 45, .ofs_x = 3, .ofs_y = -1},
    {.bitmap_index = 8951, .adv_w = 697, .box_w = 37, .box_h = 43, .ofs_x = 4, .ofs_y = 0},
    {.bitmap_index = 9220, .adv_w = 575, .box_w = 31, .box_h = 43, .ofs_x = 4, .ofs_y = 0},
    {.bitmap_index = 9322, .adv_w = 551, .box_w = 28, .box_h = 43, .ofs_x = 4, .ofs_y = 0},
    {.bitmap_index = 9399, .adv_w = 692, .box_w = 38, .box_h = 45, .ofs_x = 3, .ofs_y = -1},
    {.bitmap_index = 9789, .adv_w = 686, .box_w = 35, .box_h = 43, .ofs_x = 4, .ofs_y = 0},
    {.bitmap_index = 9881, .adv_w = 261, .box_w = 8, .box_h = 43, .ofs_x = 4, .ofs_y = 0},
    {.bitmap_index = 9902, .adv_w = 592, .box_w = 32, .box_h = 44, .ofs_x = 1, .ofs_y = -1},
    {.bitmap_index = 10086, .adv_w = 636, .box_w = 36, .box_h = 43, .ofs_x = 4, .ofs_y = 0},
    {.bitmap_index = 10394, .adv_w = 550, .box_w = 30, .box_h = 43, .ofs_x = 4, .ofs_y = 0},
    {.bitmap_index = 10471, .adv_w = 819, .box_w = 43, .box_h = 43, .ofs_x = 4, .ofs_y = 0},
    {.bitmap_index = 10859, .adv_w = 682, .box_w = 35, .box_h = 43, .ofs_x = 4, .ofs_y = 0},
    {.bitmap_index = 11088, .adv_w = 741, .box_w = 41, .box_h = 45, .ofs_x = 3, .ofs_y = -1},
    {.bitmap_index = 11541, .adv_w = 608, .box_w = 32, .box_h = 43, .ofs_x = 4, .ofs_y = 0},
    {.bitmap_index = 11736, .adv_w = 742, .box_w = 41, .box_h = 50, .ofs_x = 3, .ofs_y = -6},
    {.bitmap_index = 12261, .adv_w = 617, .box_w = 34, .box_h = 43, .ofs_x = 4, .ofs_y = 0},
    {.bitmap_index = 12521, .adv_w = 618, .box_w = 36, .box_h = 45, .ofs_x = 1, .ofs_y = -1},
    {.bitmap_index = 12952, .adv_w = 586, .box_w = 35, .box_h = 43, .ofs_x = 1, .ofs_y = 0},
    {.bitmap_index = 13042, .adv_w = 660, .box_w = 35, .box_h = 44, .ofs_x = 3, .ofs_y = -1},
    {.bitmap_index = 13258, .adv_w = 655, .box_w = 41, .box_h = 43, .ofs_x = 0, .ofs_y = 0},
    {.bitmap_index = 13672, .adv_w = 912, .box_w = 57, .box_h = 43, .ofs_x = 0, .ofs_y = 0},
    {.bitmap_index = 14354, .adv_w = 635, .box_w = 40, .box_h = 43, .ofs_x = 0, .ofs_y = 0},
    {.bitmap_index = 14795, .adv_w = 610, .box_w = 38, .box_h = 43, .ofs_x = 0, .ofs_y = 0},
    {.bitmap_index = 15079, .adv_w = 563, .box_w = 34, .box_h = 43, .ofs_x = 1, .ofs_y = 0},
    {.bitmap_index = 15325, .adv_w = 296, .box_w = 14, .box_h = 51, .ofs_x = 4, .ofs_y = -7},
    {.bitmap_index = 15374, .adv_w = 343, .box_w = 21, .box_h = 44, .ofs_x = 0, .ofs_y = 0},
    {.bitmap_index = 15633, .adv_w = 296, .box_w = 15, .box_h = 51, .ofs_x = 0, .ofs_y = -7},
    {.bitmap_index = 15681, .adv_w = 568, .box_w = 31, .box_h = 25, .ofs_x = 2, .ofs_y = 18},
    {.bitmap_index = 15895, .adv_w = 480, .box_w = 30, .box_h = 4, .ofs_x = 0, .ofs_y = -10},
    {.bitmap_index = 15905, .adv_w = 558, .box_w = 16, .box_h = 9, .ofs_x = 9, .ofs_y = 35},
    {.bitmap_index = 15952, .adv_w = 527, .box_w = 29, .box_h = 33, .ofs_x = 1, .ofs_y = -1},
    {.bitmap_index = 16229, .adv_w = 586, .box_w = 31, .box_h = 44, .ofs_x = 3, .ofs_y = -1},
    {.bitmap_index = 16534, .adv_w = 541, .box_w = 30, .box_h = 33, .ofs_x = 2, .ofs_y = -1},
    {.bitmap_index = 16809, .adv_w = 585, .box_w = 31, .box_h = 44, .ofs_x = 2, .ofs_y = -1},
    {.bitmap_index = 17107, .adv_w = 557, .box_w = 31, .box_h = 33, .ofs_x = 2, .ofs_y = -1},
    {.bitmap_index = 17391, .adv_w = 342, .box_w = 22, .box_h = 43, .ofs_x = 0, .ofs_y = 0},
    {.bitmap_index = 17522, .adv_w = 585, .box_w = 31, .box_h = 44, .ofs_x = 2, .ofs_y = -12},
    {.bitmap_index = 17906, .adv_w = 558, .box_w = 29, .box_h = 43, .ofs_x = 3, .ofs_y = 0},
    {.bitmap_index = 18064, .adv_w = 236, .box_w = 8, .box_h = 43, .ofs_x = 3, .ofs_y = 0},
    {.bitmap_index = 18093, .adv_w = 236, .box_w = 16, .box_h = 54, .ofs_x = -5, .ofs_y = -11},
    {.bitmap_index = 18198, .adv_w = 528, .box_w = 30, .box_h = 43, .ofs_x = 3, .ofs_y = 0},
    {.bitmap_index = 18436, .adv_w = 236, .box_w = 8, .box_h = 43, .ofs_x = 3, .ofs_y = 0},
    {.bitmap_index = 18457, .adv_w = 833, .box_w = 46, .box_h = 32, .ofs_x = 3, .ofs_y = 0},
    {.bitmap_index = 18684, .adv_w = 558, .box_w = 29, .box_h = 32, .ofs_x = 3, .ofs_y = 0},
    {.bitmap_index = 18825, .adv_w = 585, .box_w = 32, .box_h = 33, .ofs_x = 2, .ofs_y = -1},
    {.bitmap_index = 19137, .adv_w = 586, .box_w = 31, .box_h = 44, .ofs_x = 3, .ofs_y = -12},
    {.bitmap_index = 19444, .adv_w = 586, .box_w = 31, .box_h = 44, .ofs_x = 2, .ofs_y = -12},
    {.bitmap_index = 19752, .adv_w = 377, .box_w = 20, .box_h = 32, .ofs_x = 3, .ofs_y = 0},
    {.bitmap_index = 19842, .adv_w = 509, .box_w = 28, .box_h = 33, .ofs_x = 2, .ofs_y = -1},
    {.bitmap_index = 20129, .adv_w = 348, .box_w = 22, .box_h = 40, .ofs_x = 0, .ofs_y = -1},
    {.bitmap_index = 20248, .adv_w = 551, .box_w = 28, .box_h = 32, .ofs_x = 3, .ofs_y = -1},
    {.bitmap_index = 20376, .adv_w = 522, .box_w = 33, .box_h = 31, .ofs_x = 0, .ofs_y = 0},
    {.bitmap_index = 20652, .adv_w = 723, .box_w = 45, .box_h = 31, .ofs_x = 0, .ofs_y = 0},
    {.bitmap_index = 21082, .adv_w = 504, .box_w = 31, .box_h = 32, .ofs_x = 0, .ofs_y = 0},
    {.bitmap_index = 21365, .adv_w = 523, .box_w = 33, .box_h = 43, .ofs_x = 0, .ofs_y = -12},
    {.bitmap_index = 21729, .adv_w = 465, .box_w = 28, .box_h = 31, .ofs_x = 1, .ofs_y = 0},
    {.bitmap_index = 21910, .adv_w = 298, .box_w = 18, .box_h = 51, .ofs_x = 1, .ofs_y = -7},
    {.bitmap_index = 22092, .adv_w = 242, .box_w = 7, .box_h = 52, .ofs_x = 4, .ofs_y = -7},
    {.bitmap_index = 22113, .adv_w = 298, .box_w = 18, .box_h = 51, .ofs_x = 0, .ofs_y = -7},
    {.bitmap_index = 22294, .adv_w = 568, .box_w = 32, .box_h = 12, .ofs_x = 2, .ofs_y = 14}
};

/*---------------------
 *  CHARACTER MAPPING
 *--------------------*/



/*Collect the unicode lists and glyph_id offsets*/
static const lv_font_fmt_txt_cmap_t cmaps[] =
{
    {
        .range_start = 32, .range_length = 95, .glyph_id_start = 1,
        .unicode_list = NULL, .glyph_id_ofs_list = NULL, .list_length = 0, .type = LV_FONT_FMT_TXT_CMAP_FORMAT0_TINY
    }
};



/*--------------------
 *  ALL CUSTOM DATA
 *--------------------*/

#if LVGL_VERSION_MAJOR == 8
/*Store all the custom data of the font*/
static  lv_font_fmt_txt_glyph_cache_t cache;
#endif

#if LVGL_VERSION_MAJOR >= 8
static const lv_font_fmt_txt_dsc_t font_dsc = {
#else
static lv_font_fmt_txt_dsc_t font_dsc = {
#endif
    .glyph_bitmap = glyph_bitmap,
    .glyph_dsc = glyph_dsc,
    .cmaps = cmaps,
    .kern_dsc = NULL,
    .kern_scale = 0,
    .cmap_num = 1,
    .bpp = 4,
    .kern_classes = 0,
    .bitmap_format = 1,
#if LVGL_VERSION_MAJOR == 8
    .cache = &cache
#endif
};



/*-----------------
 *  PUBLIC FONT
 *----------------*/

/*Initialize a public general font descriptor*/
#if LVGL_VERSION_MAJOR >= 8
const lv_font_t c_aktivgroteskmedium_60 = {
#else
lv_font_t c_aktivgroteskmedium_60 = {
#endif
    .get_glyph_dsc = lv_font_get_glyph_dsc_fmt_txt,    /*Function pointer to get glyph's data*/
    .get_glyph_bitmap = lv_font_get_bitmap_fmt_txt,    /*Function pointer to get glyph's bitmap*/
    .line_height = 61,          /*The maximum line height required by the font*/
    .base_line = 13,             /*Baseline measured from the bottom of the line*/
#if !(LVGL_VERSION_MAJOR == 6 && LVGL_VERSION_MINOR == 0)
    .subpx = LV_FONT_SUBPX_NONE,
#endif
#if LV_VERSION_CHECK(7, 4, 0) || LVGL_VERSION_MAJOR >= 8
    .underline_position = -6,
    .underline_thickness = 4,
#endif
    .dsc = &font_dsc,          /*The custom font data. Will be accessed by `get_glyph_bitmap/dsc` */
#if LV_VERSION_CHECK(8, 2, 0) || LVGL_VERSION_MAJOR >= 9
    .fallback = NULL,
#endif
    .user_data = NULL,
};



#endif /*#if C_AKTIVGROTESKMEDIUM_60*/

