/*******************************************************************************
 * Size: 125 px
 * Bpp: 4
 * Opts: --font D:/My_STM32_Project/UIBUILDWER/first_ui_project/resources/font/AktivGroteskMedium.ttf --size 125 --bpp 4 -r 0x0020-0x007e -r 0x2191 -r 0x2193 -r 0x00b0 --format lvgl -o D:/My_STM32_Project/UIBUILDWER/first_ui_project/ui_builder/font/c_aktivgroteskmedium_125.c
 ******************************************************************************/

#ifdef __has_include
    #if __has_include("lvgl.h")
        #ifndef LV_LVGL_H_INCLUDE_SIMPLE
            #define LV_LVGL_H_INCLUDE_SIMPLE
        #endif
    #endif
#endif

#ifdef LV_LVGL_H_INCLUDE_SIMPLE
    #include "lvgl.h"
#else
    #include "lvgl/lvgl.h"
#endif

#ifndef C_AKTIVGROTESKMEDIUM_125
#define C_AKTIVGROTESKMEDIUM_125 1
#endif

#if C_AKTIVGROTESKMEDIUM_125

/*-----------------
 *    BITMAPS
 *----------------*/

/*Store the image of the glyphs*/
static LV_ATTRIBUTE_LARGE_CONST const uint8_t glyph_bitmap[] = {
    /* U+0020 " " */

    /* U+0021 "!" */
    0x46, 0x6f, 0xfe, 0x11, 0x7c, 0xcf, 0xff, 0x9,
    0xc0, 0x3f, 0xfc, 0x82, 0x1, 0xff, 0xc2, 0x10,
    0xf, 0xff, 0x1b, 0x98, 0x7, 0xff, 0xc8, 0x44,
    0x1, 0xff, 0xe3, 0xf0, 0xf, 0xfe, 0x11, 0x80,
    0x7f, 0xf9, 0x4, 0x3, 0xff, 0x84, 0x20, 0x1f,
    0xfe, 0x43, 0x0, 0xff, 0xf9, 0x88, 0x7, 0xff,
    0x4, 0x40, 0x3f, 0xfc, 0xae, 0x1, 0xff, 0xc1,
    0x30, 0xf, 0xff, 0x28, 0x80, 0x7f, 0xf0, 0x44,
    0x3, 0xff, 0xca, 0x60, 0x1f, 0xfc, 0x17, 0x0,
    0xff, 0xf1, 0x88, 0x8, 0x7, 0xff, 0xc4, 0xc0,
    0x3f, 0xfe, 0x62, 0x0, 0x10, 0xf, 0xff, 0x19,
    0x80, 0x7f, 0xf0, 0x3c, 0x3, 0xff, 0xcc, 0x20,
    0x1f, 0xfc, 0x1, 0x0, 0xff, 0xf3, 0x67, 0xff,
    0xff, 0x1, 0x80, 0x3f, 0xff, 0xe0, 0x1f, 0xfe,
    0xa1, 0x22, 0xff, 0xe1, 0x4, 0xee, 0xff, 0xf0,
    0x80, 0x3f, 0xff, 0xe0, 0x1f, 0xff, 0xf0, 0xf,
    0xff, 0xf8, 0x7, 0xff, 0x50,

    /* U+0022 "\"" */
    0x4c, 0xcf, 0xfe, 0xc, 0x0, 0x78, 0xb3, 0x3f,
    0xf8, 0x34, 0x26, 0x7f, 0xfc, 0x20, 0xf, 0x9,
    0x9f, 0xff, 0x5, 0xc0, 0x3f, 0xfb, 0x2, 0x1,
    0xff, 0xc1, 0x10, 0xf, 0x8, 0x7, 0xff, 0x4,
    0x40, 0x3f, 0xfb, 0xe, 0x1, 0xff, 0xc1, 0x30,
    0xf, 0x18, 0x7, 0xff, 0x5, 0xc0, 0x3f, 0xfb,
    0x2, 0x1, 0xff, 0xc1, 0x10, 0xf, 0x8, 0x7,
    0xff, 0x4, 0x40, 0x3f, 0xff, 0x86, 0x1, 0xff,
    0xc1, 0xf0, 0xf, 0xfe, 0x41, 0x80, 0x7f, 0xf6,
    0x4, 0x3, 0xff, 0x82, 0x20, 0x1f, 0x8, 0x7,
    0xff, 0x0, 0x40, 0x3f, 0xfc, 0xc6, 0x1, 0xf1,
    0x80, 0x7f, 0xf0, 0x3c, 0x3, 0xff, 0xfa, 0x20,
    0x1f, 0xfc, 0x1, 0x0, 0xf8, 0x40, 0x3f, 0xf8,
    0x2, 0x1, 0xff, 0xd9, 0x30, 0xf, 0xfe, 0x3,
    0x80, 0x7c, 0xe0, 0x1f, 0xfc, 0x3, 0x0, 0xff,
    0xec, 0x88, 0x7, 0xff, 0x0, 0x40, 0x3e, 0x10,
    0xf, 0xfe, 0x0, 0x80, 0x7f, 0xff, 0x5c, 0x3,
    0xff, 0x80, 0x60, 0x1f, 0x18, 0x7, 0xff, 0x1,
    0xc0, 0x3f, 0xfb, 0x22, 0x1, 0xff, 0xc0, 0x10,
    0xf, 0x84, 0x3, 0xff, 0x80, 0x20, 0x1f, 0xfd,
    0x93, 0x0, 0xff, 0xe4, 0x78, 0x7, 0xff, 0x0,
    0xc0, 0x3f, 0xff, 0xa2, 0x1, 0xff, 0x8, 0x7,
    0xe1, 0x0, 0xff, 0xe0, 0x8, 0x7, 0xff, 0x60,

    /* U+0023 "#" */
    0x0, 0xff, 0xe4, 0xaf, 0xff, 0xff, 0x0, 0x3,
    0xff, 0x88, 0xff, 0xff, 0xf6, 0x0, 0x7f, 0xf4,
    0x8, 0x3, 0xfe, 0x20, 0xf, 0xfe, 0x27, 0x0,
    0x7f, 0xcc, 0x1, 0xff, 0xd0, 0xd0, 0xf, 0xf9,
    0x80, 0x3f, 0xf8, 0x8a, 0x1, 0xff, 0x68, 0x7,
    0xff, 0x41, 0xc0, 0x3f, 0xe3, 0x0, 0xff, 0xe2,
    0x10, 0x7, 0xfc, 0x60, 0x1f, 0xfd, 0x2, 0x0,
    0xff, 0xb4, 0x3, 0xff, 0x86, 0x22, 0x0, 0xff,
    0x98, 0x3, 0xff, 0x9e, 0x40, 0x1f, 0xfc, 0x6,
    0x0, 0xff, 0xe1, 0xa8, 0x7, 0xff, 0x0, 0x80,
    0x3f, 0xf9, 0xec, 0x1, 0xff, 0xc0, 0x30, 0xf,
    0xfe, 0x19, 0x0, 0x7f, 0xc4, 0x1, 0xff, 0xd0,
    0x30, 0xf, 0xf8, 0x80, 0x3f, 0xf8, 0x9e, 0x1,
    0xff, 0x38, 0x7, 0xff, 0x43, 0x80, 0x3f, 0xe6,
    0x0, 0xff, 0xe2, 0x10, 0x7, 0xfc, 0x40, 0x1f,
    0xfd, 0x5, 0x0, 0xff, 0x8c, 0x3, 0xff, 0x88,
    0xa0, 0x1f, 0xf6, 0x80, 0x7f, 0xf4, 0x8, 0x3,
    0xfe, 0xd0, 0xf, 0xfe, 0x18, 0x88, 0x3, 0xfe,
    0x70, 0xf, 0xfe, 0x78, 0x88, 0x3, 0xfe, 0x60,
    0xf, 0xfe, 0x19, 0x0, 0x7f, 0xf0, 0x8, 0x3,
    0xff, 0x9e, 0xa0, 0x1f, 0xfc, 0x3, 0x0, 0xff,
    0xe1, 0xa8, 0x7, 0xfc, 0x40, 0x1f, 0xfd, 0x2,
    0x0, 0xff, 0x88, 0x3, 0xff, 0x89, 0xc0, 0x1f,
    0xf3, 0x0, 0x7f, 0xf4, 0x3c, 0x3, 0xfe, 0x60,
    0xf, 0xfe, 0x21, 0x80, 0x7f, 0xc6, 0x1, 0xff,
    0xd0, 0x20, 0xf, 0xf8, 0xc0, 0x3f, 0xf8, 0x8c,
    0x1, 0xff, 0x70, 0x7, 0xff, 0x41, 0x40, 0x3f,
    0xed, 0x0, 0xff, 0xe2, 0x10, 0x7, 0xfc, 0xa0,
    0x1f, 0xfc, 0xf1, 0x10, 0x7, 0xfc, 0xc0, 0x1f,
    0xfc, 0x33, 0x0, 0xff, 0xe0, 0x10, 0x7, 0xff,
    0x3c, 0x80, 0x3f, 0xf8, 0x6, 0x1, 0xff, 0xc3,
    0x60, 0xf, 0xf8, 0x44, 0x1, 0xff, 0xcf, 0x50,
    0xf, 0xf8, 0x80, 0x3f, 0xf8, 0x9a, 0x1, 0xff,
    0x28, 0x7, 0xff, 0x43, 0x80, 0x3f, 0xe6, 0x0,
    0xff, 0xe2, 0x10, 0x7, 0xfc, 0x40, 0x1f, 0xfc,
    0x28, 0xff, 0xff, 0xe0, 0xb8, 0x7, 0xfc, 0x9f,
    0xff, 0xfc, 0x45, 0x0, 0xff, 0x9b, 0xff, 0xf9,
    0x80, 0x3f, 0xff, 0xe0, 0x1f, 0xff, 0xf0, 0xf,
    0xff, 0xf8, 0x7, 0xff, 0xfc, 0x3, 0xff, 0xfe,
    0x1, 0xff, 0xff, 0x0, 0xff, 0xff, 0x80, 0x7f,
    0xff, 0xc0, 0x3f, 0xfa, 0xd8, 0xef, 0xff, 0x20,
    0x7, 0xff, 0x1, 0xdf, 0xff, 0x88, 0x80, 0x1f,
    0xf0, 0xbb, 0xff, 0xca, 0x1, 0x92, 0x23, 0xfe,
    0x30, 0xf, 0xf8, 0xa2, 0x3f, 0xf8, 0x86, 0x1,
    0xff, 0x2c, 0x47, 0xfc, 0x60, 0x1f, 0xfc, 0x43,
    0x0, 0xff, 0x9c, 0x3, 0xff, 0x88, 0x60, 0x1f,
    0xf1, 0x80, 0x7f, 0xf4, 0x18, 0x3, 0xfe, 0xd0,
    0xf, 0xfe, 0x22, 0x80, 0x7f, 0xdc, 0x1, 0xff,
    0xd0, 0x20, 0xf, 0xf8, 0x80, 0x3f, 0xf8, 0x82,
    0x1, 0xff, 0x28, 0x7, 0xff, 0x3c, 0xc0, 0x3f,
    0xf8, 0xe, 0x1, 0xff, 0xc3, 0x30, 0xf, 0xfe,
    0x1, 0x80, 0x7f, 0xf3, 0xd8, 0x3, 0xff, 0x80,
    0x40, 0x1f, 0xfc, 0x35, 0x0, 0xff, 0x84, 0x3,
    0xff, 0xa1, 0xa0, 0x1f, 0xf1, 0x80, 0x7f, 0xf1,
    0x3c, 0x3, 0xfe, 0x50, 0xf, 0xfe, 0x81, 0x80,
    0x7f, 0xcc, 0x1, 0xff, 0xc4, 0x20, 0xf, 0xf8,
    0xc0, 0x3f, 0xfa, 0xc, 0x1, 0xff, 0x68, 0x7,
    0xff, 0x11, 0x40, 0x3f, 0xee, 0x0, 0xff, 0xe8,
    0x10, 0x7, 0xfc, 0x60, 0x1f, 0xfc, 0x31, 0x10,
    0x7, 0xfc, 0xa0, 0x1f, 0xfc, 0xf3, 0x0, 0xff,
    0xe0, 0x28, 0x7, 0xff, 0xd, 0x40, 0x3f, 0xf8,
    0x4, 0x1, 0xff, 0xcf, 0x60, 0xf, 0xfe, 0x0,
    0x80, 0x7f, 0xf0, 0xc8, 0x3, 0xfe, 0x11, 0x0,
    0x7f, 0xf3, 0xf4, 0x3, 0xfe, 0x30, 0xf, 0xfe,
    0x27, 0x80, 0x7f, 0xca, 0x1, 0xff, 0xd0, 0x20,
    0xf, 0xf9, 0x40, 0x3f, 0xf8, 0x8a, 0x1, 0xff,
    0x10, 0x7, 0xff, 0x41, 0xc0, 0x3f, 0xee, 0x0,
    0xff, 0xe2, 0x10, 0x7, 0xfd, 0xe0, 0x1f, 0xfd,
    0x2, 0x0, 0xff, 0x8c, 0x3, 0xff, 0x86, 0x22,
    0x0, 0xff, 0x94, 0x3, 0xff, 0x9e, 0x40, 0x1f,
    0xfc, 0x5, 0x0, 0xff, 0xe1, 0xa8, 0x7, 0xff,
    0x0, 0x80, 0x3f, 0xf9, 0xee, 0x1, 0xff, 0x8,
    0x80, 0x3f, 0xf8, 0x66, 0x1, 0xff, 0x8, 0x80,
    0x3f, 0xf9, 0xfa, 0x1, 0xff, 0x10, 0x7, 0xff,
    0x13, 0x80, 0x3f, 0xe5, 0x0, 0xff, 0xe8, 0x10,
    0x7, 0xfc, 0xa0, 0x1f, 0xfc, 0x45, 0x0, 0xff,
    0x88, 0x3, 0xff, 0xa0, 0xe0, 0x1f, 0xf7, 0x80,
    0x7f, 0xf1, 0xc, 0x3, 0xfe, 0xf0, 0xf, 0xfe,
    0x1a, 0xc4, 0x7f, 0xf0, 0x8, 0x3, 0xfe, 0xc8,
    0x8f, 0xfe, 0x20, 0x7, 0xff, 0x3, 0x22, 0x3f,
    0xc0, 0x1d, 0xee, 0xff, 0xfc, 0x0, 0xf, 0xfe,
    0x2, 0xbb, 0xff, 0xf1, 0x0, 0x3f, 0xf8, 0xa,
    0xef, 0xfe, 0x0, 0xff, 0xff, 0x80, 0x7f, 0xff,
    0xc0, 0x3f, 0xff, 0xe0, 0x1f, 0xff, 0xf0, 0xf,
    0xff, 0xf8, 0x7, 0xff, 0xfc, 0x3, 0xff, 0xfe,
    0x1, 0xff, 0xff, 0x0, 0xff, 0xeb, 0xd7, 0xff,
    0xf8, 0x80, 0x3f, 0xe9, 0xff, 0xff, 0xe2, 0x0,
    0x7f, 0xf0, 0x2f, 0xff, 0xff, 0x80, 0x1, 0xff,
    0xc4, 0x20, 0xf, 0xf8, 0x80, 0x3f, 0xf8, 0x62,
    0x1, 0xff, 0xc0, 0x60, 0xf, 0xfe, 0x79, 0x0,
    0x7f, 0xf0, 0x14, 0x3, 0xff, 0x86, 0xa0, 0x1f,
    0xfc, 0x2, 0x0, 0xff, 0xe7, 0xb8, 0x7, 0xfc,
    0x22, 0x0, 0xff, 0xe1, 0x98, 0x7, 0xfc, 0x60,
    0x1f, 0xfd, 0x2, 0x0, 0xff, 0x88, 0x3, 0xff,
    0x89, 0xc0, 0x1f, 0xf3, 0x0, 0x7f, 0xf4, 0x34,
    0x3, 0xfe, 0x50, 0xf, 0xfe, 0x22, 0x80, 0x7f,
    0xda, 0x1, 0xff, 0xd0, 0x60, 0xf, 0xfb, 0x80,
    0x3f, 0xf8, 0x84, 0x1, 0xff, 0x10, 0x7, 0xff,
    0x40, 0xc0, 0x3f, 0xe3, 0x0, 0xff, 0xe1, 0x88,
    0x80, 0x3f, 0xe7, 0x0, 0xff, 0xe7, 0x88, 0x7,
    0xff, 0x1, 0x80, 0x3f, 0xf8, 0x64, 0x1, 0xff,
    0xc0, 0x20, 0xf, 0xfe, 0x7a, 0x80, 0x7f, 0xf0,
    0x8, 0x3, 0xff, 0x86, 0xa0, 0x1f, 0xf1, 0x0,
    0x7f, 0xf4, 0xc, 0x3, 0xfe, 0x30, 0xf, 0xfe,
    0x27, 0x80, 0x7f, 0xce, 0x1, 0xff, 0xd0, 0xe0,
    0xf, 0xf9, 0x80, 0x3f, 0xf8, 0x84, 0x1, 0xff,
    0x10, 0x7, 0xff, 0x41, 0x40, 0x3f, 0xed, 0x0,
    0xff, 0xe2, 0x28, 0x7, 0xfd, 0xa0, 0x1f, 0xfd,
    0x2, 0x0, 0xff, 0x88, 0x3, 0xff, 0x88, 0x20,
    0x1f, 0xf3, 0x0, 0x7f, 0xf3, 0xc4, 0x40, 0x1f,
    0xf3, 0x80, 0x7f, 0xf0, 0xcc, 0x3, 0xff, 0x80,
    0x60, 0x1f, 0xfc, 0xf2, 0x0, 0xff, 0xe0, 0x10,
    0x7, 0xff, 0xd, 0x80, 0x3f, 0xe1, 0x0, 0xff,
    0xe8, 0x28, 0x7, 0xfc, 0x40, 0x1f, 0xfc, 0x4d,
    0x0, 0xff, 0x94, 0x3, 0xff, 0xa1, 0xe0, 0x1f,
    0xf3, 0x80, 0x7f, 0xf1, 0xc, 0x3, 0xfe, 0x30,
    0xf, 0xfe, 0x81, 0x0, 0x7f, 0xc4, 0x1, 0xff,
    0xc4, 0x60, 0xf, 0xfb, 0x80, 0x3f, 0xfa, 0xa,
    0x1, 0xff, 0x68, 0x7, 0xff, 0x10, 0x80, 0x3f,
    0xe5, 0x0, 0xff, 0xe8, 0x8, 0x7, 0xfc, 0xc0,
    0x1f, 0xfc, 0x32, 0x0, 0xff, 0xe0, 0x10, 0x7,
    0xff, 0x20,

    /* U+0024 "$" */
    0x0, 0xff, 0xe8, 0xf, 0x77, 0xca, 0x1, 0xff,
    0xec, 0x31, 0x1f, 0x8c, 0x3, 0xff, 0xfe, 0x1,
    0xff, 0xff, 0x0, 0xff, 0xff, 0x80, 0x7f, 0xff,
    0xc0, 0x3f, 0xff, 0xe0, 0x1f, 0xff, 0xf0, 0xf,
    0xff, 0xf8, 0x7, 0xff, 0xfc, 0x3, 0xff, 0xae,
    0x2a, 0xf5, 0x9b, 0xa0, 0xf, 0xa7, 0x72, 0x9d,
    0x4, 0x3, 0xff, 0xba, 0xb5, 0xdc, 0xa8, 0x53,
    0x20, 0xf, 0xe2, 0x35, 0x8b, 0xed, 0x94, 0x0,
    0xff, 0xeb, 0xa5, 0x7d, 0x28, 0x80, 0x7f, 0xf2,
    0x49, 0xaf, 0xa0, 0x80, 0x3f, 0xfa, 0x4b, 0xb6,
    0xa0, 0x1f, 0xfd, 0x1, 0x7d, 0xa2, 0x0, 0xff,
    0xe7, 0x1e, 0xd1, 0x0, 0x7f, 0xf5, 0x57, 0x60,
    0x3, 0xff, 0x99, 0x18, 0x40, 0x1f, 0xfd, 0x97,
    0xd3, 0x0, 0xff, 0xe4, 0xe, 0x38, 0x7, 0xff,
    0x70, 0xb1, 0x80, 0x3f, 0xf8, 0xc5, 0x86, 0x1,
    0xff, 0xdf, 0x98, 0x0, 0xff, 0xe2, 0x16, 0x10,
    0x7, 0xff, 0x85, 0xdc, 0x1, 0xff, 0xc2, 0x1f,
    0x10, 0xf, 0xff, 0x1c, 0x28, 0x7, 0xff, 0x6,
    0x88, 0x3, 0xff, 0xcb, 0x44, 0x1, 0xff, 0x3a,
    0x0, 0x7f, 0xf1, 0x91, 0xea, 0xc0, 0x3e, 0x68,
    0x51, 0x0, 0xff, 0xe3, 0x70, 0x7, 0xf8, 0x60,
    0x3, 0xff, 0x88, 0x75, 0xf7, 0xa, 0xc0, 0x1f,
    0x7b, 0xd7, 0x5a, 0x80, 0x7f, 0xf1, 0xd, 0xc0,
    0x3f, 0xa0, 0x3, 0xff, 0x86, 0x57, 0x8a, 0x1,
    0xff, 0xc4, 0x4a, 0xc2, 0x0, 0xff, 0xe1, 0xc8,
    0x80, 0x7c, 0x2c, 0x1, 0xff, 0xc2, 0x4d, 0x40,
    0xf, 0xfe, 0x41, 0xea, 0x0, 0x7f, 0xf0, 0x85,
    0x80, 0x3e, 0x90, 0xf, 0xfe, 0x12, 0xd8, 0x7,
    0xff, 0x32, 0xd0, 0x3, 0xff, 0x85, 0x20, 0x1f,
    0x28, 0x7, 0xff, 0x4, 0xa8, 0x3, 0xff, 0x9d,
    0x42, 0x1, 0xff, 0xc1, 0x14, 0x0, 0xe2, 0x20,
    0x7, 0xff, 0x6, 0x40, 0x3f, 0xf9, 0xe3, 0x0,
    0x1f, 0xfc, 0x2d, 0x0, 0xe4, 0x0, 0xff, 0xe0,
    0xa2, 0x0, 0x3f, 0xfa, 0xc, 0x40, 0x1f, 0xfc,
    0x17, 0x0, 0xec, 0x0, 0xff, 0xe0, 0xf0, 0x7,
    0xff, 0x4a, 0xc0, 0x3f, 0xf8, 0x22, 0x60, 0x19,
    0x80, 0x3f, 0xf8, 0x28, 0x1, 0xff, 0xd2, 0x61,
    0x0, 0xff, 0xe0, 0xa0, 0x6, 0x20, 0xf, 0xfe,
    0x8, 0x80, 0x7f, 0xf4, 0xdc, 0x3, 0xff, 0x83,
    0x80, 0x18, 0x40, 0x3f, 0xf8, 0x2, 0x1, 0xff,
    0xd4, 0xa0, 0xf, 0xfe, 0xa, 0x80, 0x42, 0x1,
    0xff, 0xe2, 0x31, 0x0, 0xff, 0xe0, 0x8, 0x80,
    0x3f, 0xfc, 0xc8, 0x1, 0xf8, 0x95, 0xe7, 0x4,
    0x3, 0xff, 0x88, 0x20, 0x1f, 0xfd, 0x5c, 0x2,
    0x46, 0x9b, 0xdf, 0xda, 0x86, 0x30, 0xf, 0xfe,
    0x31, 0x0, 0x7f, 0xf5, 0x1b, 0xf6, 0xe5, 0x90,
    0x80, 0x3f, 0x84, 0x3, 0xff, 0x84, 0xe0, 0x1f,
    0xfe, 0x61, 0x0, 0xff, 0xe0, 0xf8, 0x7, 0xff,
    0x98, 0x80, 0x3f, 0xf8, 0x2a, 0x20, 0x1f, 0xfe,
    0x56, 0x0, 0xff, 0xe1, 0x48, 0x7, 0xff, 0x97,
    0x0, 0x3f, 0xf8, 0x4e, 0x60, 0x1f, 0xfe, 0x44,
    0x0, 0xff, 0xe1, 0xe9, 0x0, 0x7f, 0xf8, 0xc8,
    0x40, 0x3f, 0xf8, 0x43, 0x88, 0x1, 0xff, 0xe3,
    0x60, 0xf, 0xfe, 0x18, 0xdd, 0x10, 0x7, 0xff,
    0x86, 0x80, 0x3f, 0xf8, 0xab, 0xb6, 0xc2, 0x1,
    0xff, 0xde, 0x25, 0x0, 0xff, 0xe3, 0x24, 0xf6,
    0x42, 0x0, 0x7f, 0xf7, 0x20, 0x3, 0xff, 0x92,
    0x6f, 0x20, 0x1f, 0xfd, 0xc2, 0x70, 0xf, 0xfe,
    0x95, 0x43, 0x18, 0x7, 0xff, 0x4a, 0x8, 0x3,
    0xff, 0xa2, 0x6f, 0x39, 0xf9, 0x8, 0x1, 0xff,
    0xcf, 0xf0, 0xf, 0xfe, 0xb1, 0xbd, 0xfd, 0xb0,
    0x80, 0x7f, 0xf2, 0xca, 0xc0, 0x3f, 0xfb, 0x29,
    0x3d, 0x48, 0x1, 0xff, 0xca, 0x4b, 0x0, 0xff,
    0xed, 0xad, 0xea, 0x80, 0x7f, 0xf2, 0x53, 0x4,
    0x3, 0xff, 0xb6, 0x55, 0x86, 0x1, 0xff, 0xc8,
    0x3f, 0x50, 0xf, 0xfe, 0xe1, 0xe4, 0x80, 0x7f,
    0xf2, 0x6, 0xa8, 0x40, 0x1f, 0xfd, 0xc6, 0xd2,
    0x0, 0xff, 0xe4, 0x2e, 0xc8, 0x80, 0x7f, 0xf6,
    0xcb, 0xc, 0x3, 0xff, 0x92, 0xdd, 0x68, 0x1,
    0xff, 0xda, 0x1c, 0x40, 0xf, 0xfe, 0x52, 0x5f,
    0x4a, 0x0, 0x7f, 0xf6, 0x6c, 0x80, 0x3f, 0xf9,
    0x62, 0xd7, 0xf6, 0xe8, 0x1, 0xff, 0xd6, 0xf0,
    0xf, 0xfe, 0x7a, 0x45, 0xfe, 0xd3, 0x0, 0x7f,
    0xf4, 0x8a, 0x40, 0x3f, 0xfa, 0x44, 0xb6, 0x1,
    0xff, 0xd3, 0x62, 0x0, 0xff, 0xed, 0xce, 0x41,
    0x80, 0x7f, 0xf2, 0x60, 0x3, 0xff, 0xb8, 0x6f,
    0x9d, 0x2, 0x1, 0xff, 0xc6, 0x51, 0x0, 0xff,
    0xef, 0xb, 0xf4, 0x0, 0x7f, 0xf1, 0x98, 0x3,
    0xff, 0xc2, 0xfa, 0x60, 0x1f, 0xfc, 0x4a, 0x0,
    0xff, 0xf1, 0x16, 0x20, 0x7, 0xff, 0xc, 0x84,
    0x3, 0xff, 0xc7, 0x64, 0x1, 0xff, 0xc3, 0x40,
    0xf, 0xff, 0x27, 0x0, 0x7f, 0xf0, 0xf4, 0x3,
    0xff, 0xc8, 0x6c, 0x1, 0xff, 0xc2, 0x30, 0xf,
    0xff, 0x2d, 0x0, 0x7f, 0xf0, 0x98, 0x3, 0xff,
    0xca, 0x62, 0x1, 0xff, 0xc1, 0x20, 0x24, 0x4f,
    0xfe, 0x8, 0x80, 0x7f, 0xf5, 0x90, 0x3, 0xff,
    0x87, 0x37, 0x7f, 0xfc, 0x14, 0x0, 0xff, 0xeb,
    0x10, 0x7, 0xff, 0x8, 0x48, 0x3, 0xff, 0x82,
    0x40, 0x1f, 0xfd, 0x6e, 0x0, 0xff, 0xe1, 0x88,
    0x7, 0xff, 0x7, 0x80, 0x3f, 0xfc, 0xdc, 0x1,
    0xff, 0xc1, 0x50, 0xf, 0xfe, 0xb0, 0x80, 0x7f,
    0xf0, 0x84, 0x80, 0x3f, 0xf8, 0x26, 0x1, 0xff,
    0xd6, 0xf0, 0xf, 0xfe, 0x1a, 0x80, 0x7f, 0xf0,
    0x90, 0x3, 0xff, 0xaa, 0x40, 0x1f, 0xfc, 0x11,
    0x1, 0x10, 0x7, 0xff, 0x7, 0x80, 0x3f, 0xfa,
    0xa8, 0x1, 0xff, 0xc1, 0x50, 0x2, 0x0, 0x7f,
    0xf0, 0x54, 0x40, 0x3f, 0xfa, 0x64, 0x20, 0x1f,
    0xfc, 0x13, 0x0, 0x60, 0x7, 0xff, 0xa, 0x40,
    0x3f, 0xfa, 0x76, 0x1, 0xff, 0xc2, 0xd0, 0x3,
    0x80, 0x7f, 0xf0, 0x9c, 0x80, 0x3f, 0xfa, 0x22,
    0xc0, 0x1f, 0xfc, 0x24, 0x0, 0xa, 0x0, 0x7f,
    0xf0, 0xb8, 0x3, 0xff, 0xa3, 0x60, 0x1f, 0xfc,
    0x24, 0x10, 0xb, 0x80, 0x3f, 0xf8, 0x47, 0x62,
    0x1, 0xff, 0xce, 0x55, 0x0, 0x7f, 0xf0, 0xb8,
    0x3, 0x28, 0x80, 0x7f, 0xf0, 0x93, 0x8, 0x3,
    0xff, 0x98, 0xb4, 0x1, 0xff, 0xc2, 0x15, 0x0,
    0xe8, 0x0, 0xff, 0xe1, 0x96, 0xc0, 0x80, 0x7f,
    0xf2, 0x66, 0x80, 0x3f, 0xf8, 0x72, 0x1, 0xe6,
    0x20, 0xf, 0xfe, 0x23, 0xf4, 0xa0, 0x7, 0xff,
    0x10, 0xa3, 0x98, 0x3, 0xff, 0x86, 0x2e, 0x1,
    0xf4, 0x80, 0x7f, 0xf1, 0x9a, 0xfa, 0xe1, 0x0,
    0x3e, 0x14, 0x69, 0xdd, 0x38, 0x80, 0x7f, 0xf1,
    0x2c, 0x3, 0xf2, 0x30, 0x7, 0xff, 0x1c, 0x51,
    0xe4, 0x3, 0xe8, 0xb9, 0x62, 0x0, 0xff, 0xe3,
    0x2a, 0x80, 0x3f, 0xa4, 0xc0, 0x3f, 0xfc, 0xe3,
    0x60, 0x1f, 0xf6, 0x90, 0x7, 0xff, 0x9b, 0x4,
    0x3, 0xfe, 0x1c, 0x20, 0xf, 0xff, 0x26, 0x10,
    0x7, 0xff, 0x4, 0x70, 0xc0, 0x3f, 0xfc, 0x23,
    0x86, 0x1, 0xff, 0xc3, 0x1c, 0x70, 0xf, 0xfe,
    0xf9, 0xe1, 0x80, 0x7f, 0xf1, 0xa2, 0xc8, 0x3,
    0xff, 0xb8, 0xf8, 0x40, 0x1f, 0xfc, 0x84, 0xd8,
    0x0, 0xff, 0xec, 0x9e, 0xc0, 0x7, 0xff, 0x31,
    0xfa, 0x4, 0x3, 0xff, 0xa8, 0x77, 0x84, 0x1,
    0xff, 0xce, 0x17, 0xea, 0x50, 0xf, 0xfe, 0x78,
    0xb6, 0x61, 0x0, 0x3f, 0xfa, 0x6b, 0x5f, 0x90,
    0xc6, 0x20, 0x1f, 0xfc, 0x51, 0x48, 0xce, 0x93,
    0x0, 0xff, 0xec, 0x1b, 0xce, 0x77, 0xfb, 0xb0,
    0x3, 0xe6, 0xab, 0xcd, 0xfe, 0xb7, 0x30, 0xf,
    0xff, 0x10, 0x88, 0x3, 0xef, 0x54, 0x32, 0x0,
    0xff, 0xff, 0x80, 0x7f, 0xff, 0xc0, 0x3f, 0xff,
    0xe0, 0x1f, 0xff, 0xf0, 0xf, 0xff, 0xf8, 0x7,
    0xff, 0xfc, 0x3, 0xff, 0xfe, 0x1, 0xff, 0xff,
    0x0, 0xff, 0xff, 0x80, 0x7f, 0xfd, 0x0,

    /* U+0025 "%" */
    0x0, 0xff, 0xe3, 0x92, 0x2a, 0xc8, 0x62, 0x1,
    0xff, 0xff, 0x0, 0xff, 0xe5, 0xa4, 0xef, 0xed,
    0xd5, 0x57, 0x9d, 0xca, 0x71, 0x0, 0xff, 0xff,
    0x80, 0x7f, 0xf1, 0xa, 0x7a, 0xd8, 0x80, 0x3f,
    0x85, 0x63, 0xad, 0x0, 0x3f, 0xfb, 0x2, 0x89,
    0xff, 0xc1, 0x20, 0xf, 0xfe, 0xc0, 0xce, 0xb0,
    0x80, 0x7f, 0xf1, 0x12, 0xf0, 0xc0, 0x3f, 0xfa,
    0xd7, 0x7f, 0xfc, 0x21, 0x0, 0xff, 0xeb, 0xa7,
    0xb0, 0x7, 0xff, 0x24, 0xf2, 0x40, 0x3f, 0xfa,
    0x84, 0xa0, 0x1f, 0xfc, 0x4, 0x30, 0xf, 0xfe,
    0xb3, 0xd8, 0x80, 0x7f, 0xf3, 0x1b, 0x4, 0x3,
    0xff, 0xa5, 0x0, 0x1f, 0xfc, 0x18, 0x0, 0xff,
    0xeb, 0x44, 0x0, 0x3f, 0xf9, 0xe7, 0x82, 0x1,
    0xff, 0xd0, 0x25, 0x0, 0xff, 0xe0, 0x21, 0x80,
    0x7f, 0xf5, 0x61, 0xc0, 0x3f, 0xfa, 0x25, 0xe2,
    0x1, 0xff, 0xcf, 0x80, 0xf, 0xfe, 0xc, 0x0,
    0x7f, 0xf5, 0x55, 0xc0, 0x3f, 0xfa, 0x63, 0xa0,
    0x1f, 0xfc, 0xe2, 0x50, 0xf, 0xfe, 0x2, 0x18,
    0x7, 0xff, 0x50, 0x68, 0x3, 0xff, 0xaa, 0x70,
    0x1, 0xff, 0xcd, 0x80, 0xf, 0xfe, 0xc, 0x0,
    0x7f, 0xf5, 0x68, 0x3, 0xff, 0xae, 0xe6, 0x1,
    0xff, 0xcb, 0x25, 0x0, 0xff, 0xe0, 0x21, 0x80,
    0x7f, 0xf5, 0x11, 0x0, 0x1f, 0xfc, 0x12, 0x7c,
    0xef, 0xec, 0x93, 0x0, 0xff, 0xe1, 0x78, 0x7,
    0xff, 0x2e, 0x0, 0x3f, 0xf8, 0x30, 0x1, 0xff,
    0xd5, 0x80, 0xf, 0xfe, 0xc, 0x6c, 0x18, 0x80,
    0x9b, 0x66, 0x8, 0x3, 0xff, 0x80, 0x68, 0x1,
    0xff, 0xc9, 0x35, 0x0, 0xff, 0xe0, 0x29, 0x80,
    0x7f, 0xf5, 0x10, 0xc0, 0x3f, 0xf8, 0x18, 0xe0,
    0x1f, 0xc7, 0xa6, 0x1, 0xff, 0xc0, 0xf0, 0xf,
    0xfe, 0x4c, 0x0, 0x7f, 0xf0, 0x60, 0x3, 0xff,
    0xab, 0xc0, 0x1f, 0xfc, 0xb, 0x30, 0xf, 0xfe,
    0x6, 0x90, 0x7, 0xfc, 0x82, 0x1, 0xff, 0xc7,
    0x34, 0x0, 0xff, 0xe0, 0x29, 0x0, 0x7f, 0xf5,
    0x5, 0x40, 0x3f, 0xe7, 0x40, 0xf, 0xfe, 0x8,
    0xc8, 0x7, 0xff, 0x1, 0x80, 0x3f, 0xf8, 0xf0,
    0x1, 0xff, 0xc1, 0x80, 0xf, 0xfe, 0xaa, 0x0,
    0x7f, 0xf0, 0x24, 0x3, 0xff, 0x86, 0x86, 0x1,
    0xff, 0x60, 0x7, 0xff, 0x18, 0xd0, 0x3, 0xff,
    0x80, 0xa4, 0x1, 0xff, 0xd5, 0xf0, 0xf, 0xf9,
    0x44, 0x3, 0xff, 0x89, 0x20, 0x1f, 0xf2, 0x0,
    0x7f, 0xf1, 0xa0, 0x3, 0xff, 0x83, 0x0, 0x1f,
    0xfd, 0x64, 0x0, 0xff, 0xb8, 0x3, 0xff, 0x8a,
    0xa0, 0x1f, 0xfc, 0x4, 0x0, 0xff, 0xe2, 0x1a,
    0x0, 0x7f, 0xf0, 0x14, 0x80, 0x3f, 0xfa, 0xa2,
    0x20, 0xf, 0xf9, 0x0, 0x3f, 0xf8, 0xc6, 0x1,
    0xff, 0x10, 0x7, 0xff, 0x12, 0x0, 0x3f, 0xf8,
    0x30, 0x1, 0xff, 0xd6, 0x50, 0xf, 0xf8, 0x80,
    0x3f, 0xf8, 0xea, 0x1, 0xff, 0x78, 0x7, 0xff,
    0xc, 0xd0, 0x3, 0xff, 0x80, 0xa4, 0x1, 0xff,
    0xd6, 0x30, 0xf, 0xf9, 0xc0, 0x3f, 0xf8, 0xfe,
    0x1, 0xff, 0x28, 0x7, 0xff, 0xe, 0x0, 0x3f,
    0xf8, 0x30, 0x1, 0xff, 0xd7, 0xe0, 0xf, 0xf8,
    0x80, 0x3f, 0xf8, 0xe4, 0x1, 0xff, 0x8, 0x7,
    0xff, 0x9, 0x10, 0x1, 0xff, 0xc0, 0x62, 0x0,
    0xff, 0xeb, 0x98, 0x7, 0xfd, 0xc0, 0x1f, 0xfc,
    0x76, 0x0, 0xff, 0x88, 0x3, 0xff, 0x85, 0x0,
    0x1f, 0xfc, 0x1b, 0x0, 0xff, 0xec, 0x30, 0x7,
    0xfc, 0x60, 0x1f, 0xfc, 0x73, 0x0, 0xff, 0xe6,
    0xa1, 0x80, 0x7f, 0xf0, 0x18, 0x80, 0x3f, 0xfc,
    0x82, 0x1, 0xff, 0xc7, 0x10, 0xf, 0xfe, 0x0,
    0x80, 0x7f, 0xf0, 0x20, 0x3, 0xff, 0x83, 0x0,
    0x1f, 0xfd, 0x91, 0x0, 0xff, 0xf6, 0x21, 0x80,
    0x7f, 0xf0, 0x18, 0x40, 0x3f, 0xff, 0xe0, 0x1f,
    0xfc, 0x78, 0x0, 0xff, 0xe0, 0xc0, 0x7, 0xff,
    0xfc, 0x3, 0xff, 0x8e, 0x86, 0x1, 0xff, 0xc0,
    0x61, 0x0, 0xff, 0xff, 0x80, 0x7f, 0xf1, 0xe0,
    0x3, 0xff, 0x83, 0x0, 0x1f, 0xfd, 0xb1, 0x0,
    0xff, 0x84, 0x3, 0xff, 0x8e, 0x20, 0x1f, 0xfc,
    0x1, 0x0, 0xfe, 0x43, 0x0, 0xff, 0xe0, 0x30,
    0x80, 0x7f, 0xf6, 0xdc, 0x3, 0xfe, 0x30, 0xf,
    0xfe, 0x39, 0x80, 0x7f, 0xf2, 0xa0, 0x3, 0xff,
    0x83, 0x0, 0x1f, 0xfd, 0xc1, 0x0, 0xff, 0x84,
    0x3, 0xff, 0x8e, 0x20, 0x1f, 0xf1, 0x0, 0x7f,
    0x29, 0x80, 0x7f, 0xf0, 0x1c, 0x40, 0x3f, 0xfb,
    0x84, 0x1, 0xff, 0x70, 0x7, 0xff, 0x1d, 0x80,
    0x3f, 0xe1, 0x0, 0xfe, 0x80, 0xf, 0xfe, 0xc,
    0x80, 0x7f, 0xf7, 0x78, 0x3, 0xfe, 0x50, 0xf,
    0xfe, 0x3e, 0x80, 0x7f, 0xcc, 0x1, 0xf9, 0x48,
    0x3, 0xff, 0x80, 0xe2, 0x1, 0xff, 0xdd, 0x50,
    0xf, 0xf8, 0xc0, 0x3f, 0xf8, 0xe6, 0x1, 0xff,
    0x68, 0x7, 0xe8, 0x0, 0xff, 0xe0, 0xc8, 0x7,
    0xff, 0x78, 0xc0, 0x3f, 0xf8, 0x6, 0x1, 0xff,
    0xc6, 0x40, 0xf, 0xf8, 0xc0, 0x3e, 0x52, 0x0,
    0xff, 0xe0, 0x38, 0x80, 0x7f, 0xf1, 0xd, 0x15,
    0x64, 0x20, 0xf, 0xfe, 0x41, 0x0, 0x7f, 0xd6,
    0x1, 0xff, 0xc5, 0x40, 0xf, 0xfe, 0x2, 0x80,
    0x7d, 0x0, 0x1f, 0xfc, 0x19, 0x0, 0xff, 0xe0,
    0xb, 0x57, 0x7e, 0x5d, 0x55, 0x7b, 0xfb, 0x2a,
    0x1, 0xff, 0xc4, 0x40, 0xf, 0xf9, 0x40, 0x3f,
    0xf8, 0xbc, 0x1, 0xff, 0x18, 0x80, 0x79, 0x48,
    0x3, 0xff, 0x80, 0xe2, 0x1, 0xfe, 0x3a, 0xe9,
    0x51, 0x0, 0xfe, 0x26, 0xaf, 0x92, 0x0, 0xff,
    0xe0, 0xe8, 0x7, 0xfc, 0x4a, 0x1, 0xff, 0xc3,
    0x25, 0x0, 0xff, 0xac, 0x3, 0xe8, 0x0, 0xff,
    0xe0, 0xc8, 0x7, 0xf1, 0x5e, 0x28, 0x7, 0xff,
    0x15, 0xb6, 0x84, 0x3, 0xfe, 0x41, 0x0, 0xff,
    0xac, 0x80, 0x3f, 0xf8, 0x5c, 0x1, 0xff, 0xc0,
    0x50, 0xf, 0x29, 0x0, 0x7f, 0xf0, 0x1c, 0x40,
    0x3f, 0x36, 0xa0, 0x7, 0xff, 0x25, 0x7d, 0x40,
    0x3f, 0xe7, 0x0, 0xff, 0x87, 0xc4, 0x3, 0xff,
    0x81, 0x46, 0x1, 0xff, 0x21, 0x0, 0x7a, 0x0,
    0x3f, 0xf8, 0x3, 0x0, 0x1f, 0xaa, 0x40, 0x3f,
    0xf9, 0x83, 0x50, 0x1, 0xfe, 0xb0, 0xf, 0xfe,
    0x1, 0x7a, 0x80, 0x7f, 0x16, 0x28, 0x7, 0xff,
    0x3, 0xc0, 0x3c, 0xc4, 0x1, 0xff, 0xc0, 0x90,
    0xf, 0xd6, 0xa0, 0x1f, 0xfc, 0xf7, 0xa0, 0xf,
    0xe2, 0x50, 0xf, 0xfe, 0x0, 0xd6, 0x39, 0x88,
    0x9, 0x35, 0xe9, 0x80, 0x7f, 0xf0, 0xd, 0x0,
    0x3d, 0x60, 0x1f, 0xfc, 0x1, 0x70, 0xf, 0xad,
    0x0, 0x3f, 0xfa, 0x2b, 0x40, 0x1f, 0xd0, 0x1,
    0xff, 0xc2, 0x38, 0xce, 0xfe, 0xd9, 0x40, 0xf,
    0xfe, 0x14, 0x0, 0x79, 0x88, 0x3, 0xff, 0x81,
    0x20, 0x1f, 0x42, 0x0, 0x7f, 0xf4, 0xd5, 0xc0,
    0x3f, 0x14, 0x0, 0x7f, 0xf5, 0xd9, 0x0, 0x3d,
    0x0, 0x1f, 0xfc, 0x1, 0x70, 0xf, 0x1b, 0x80,
    0x7f, 0xf5, 0x60, 0xc0, 0x3f, 0x3a, 0x0, 0x7f,
    0xf5, 0x4a, 0x40, 0x3c, 0xc2, 0x1, 0xff, 0xc0,
    0x90, 0xf, 0xb8, 0x3, 0xff, 0xaf, 0xc0, 0x1f,
    0xd4, 0x40, 0x1f, 0xfd, 0x31, 0xf0, 0xf, 0xa0,
    0x3, 0xff, 0x80, 0x2e, 0x1, 0xe7, 0x20, 0xf,
    0xfe, 0x9, 0xc6, 0x77, 0xf6, 0x39, 0x0, 0x7f,
    0xf0, 0x49, 0xc0, 0x3f, 0xe, 0x10, 0x7, 0xff,
    0x4b, 0x48, 0x3, 0xcc, 0x20, 0x1f, 0xfc, 0x9,
    0x0, 0xfa, 0x40, 0x3f, 0xf8, 0x3, 0x78, 0xe6,
    0x20, 0x27, 0x1b, 0x20, 0x1f, 0xfc, 0x19, 0x0,
    0xfe, 0x1c, 0x40, 0xf, 0xfe, 0x78, 0xe9, 0x80,
    0x7d, 0x0, 0x1f, 0xfc, 0x1, 0x70, 0xf, 0x30,
    0x80, 0x7f, 0xc5, 0xe8, 0x1, 0xfc, 0xda, 0x1,
    0xff, 0xc0, 0x16, 0x0, 0xfe, 0x1b, 0x70, 0xf,
    0xfe, 0x6a, 0x79, 0x0, 0x7c, 0xe2, 0x1, 0xff,
    0xc0, 0x80, 0xf, 0xac, 0x3, 0xfe, 0x1f, 0x10,
    0xf, 0xf8, 0xac, 0x3, 0xff, 0x81, 0x40, 0x1f,
    0xf4, 0x6a, 0x0, 0x7f, 0xf2, 0x4a, 0xac, 0x40,
    0x3f, 0x48, 0x7, 0xff, 0x0, 0x58, 0x3, 0xc6,
    0x40, 0x1f, 0xf5, 0x90, 0x7, 0xff, 0x5, 0x18,
    0x3, 0xfe, 0x32, 0x0, 0xff, 0x8a, 0xf1, 0x40,
    0x3f, 0xf8, 0xa9, 0x5a, 0xa0, 0x1f, 0xce, 0x20,
    0x1f, 0xfc, 0x8, 0x0, 0xfa, 0xc0, 0x3f, 0xe2,
    0x50, 0xf, 0xfe, 0x1c, 0x0, 0x7f, 0xf0, 0x14,
    0x3, 0xff, 0x82, 0x75, 0xf4, 0xc6, 0x1, 0xfc,
    0x6d, 0x5d, 0x6a, 0x1, 0xff, 0x48, 0x7, 0xff,
    0x0, 0x58, 0x3, 0xe5, 0x0, 0xff, 0xac, 0x3,
    0xff, 0x88, 0x2a, 0x1, 0xff, 0x60, 0x7, 0xff,
    0x11, 0x67, 0x3f, 0xb7, 0x32, 0xde, 0xfc, 0x95,
    0x10, 0xf, 0xfe, 0x3, 0x88, 0x7, 0xff, 0x2,
    0x0, 0x3e, 0x12, 0x0, 0xff, 0x9c, 0x3, 0xff,
    0x8b, 0xe0, 0x1f, 0xf2, 0x0, 0x7f, 0xf2, 0x4,
    0x8c, 0xe2, 0x10, 0xf, 0xfe, 0x2c, 0x80, 0x7f,
    0xf0, 0x5, 0x80, 0x3e, 0x40, 0xf, 0xf8, 0x84,
    0x3, 0xff, 0x8a, 0x80, 0x1f, 0xfc, 0x2, 0x0,
    0xff, 0xef, 0x38, 0x80, 0x7f, 0xf0, 0x20, 0x3,
    0xf6, 0x80, 0x7f, 0xc8, 0x1, 0xff, 0xc6, 0x12,
    0x0, 0xff, 0x98, 0x3, 0xff, 0xbd, 0x20, 0x1f,
    0xfc, 0x2, 0x60, 0xf, 0xc4, 0x1, 0xff, 0x70,
    0x7, 0xff, 0x1d, 0xc0, 0x3f, 0xe3, 0x0, 0xff,
    0xee, 0xb8, 0x80, 0x7f, 0xf0, 0x2c, 0x3, 0xf9,
    0x80, 0x3f, 0xe3, 0x0, 0xff, 0xe3, 0x90, 0x7,
    0xfd, 0xc0, 0x1f, 0xfd, 0xd9, 0x0, 0xff, 0xe0,
    0x13, 0x0, 0x7f, 0x10, 0x7, 0xfc, 0xe0, 0x1f,
    0xfc, 0x7f, 0x0, 0xff, 0x8c, 0x3, 0xff, 0xb9,
    0x2, 0x1, 0xff, 0xc0, 0x80, 0xf, 0xf0, 0x80,
    0x7f, 0xc4, 0x1, 0xff, 0xc7, 0x20, 0xf, 0xf9,
    0x80, 0x3f, 0xfb, 0x62, 0xe0, 0x1f, 0xfc, 0x2,
    0x50, 0xf, 0xfe, 0x50, 0x80, 0x7f, 0xf1, 0xc4,
    0x3, 0xff, 0xcf, 0x20, 0x1f, 0xfc, 0x18, 0x0,
    0xff, 0x8, 0x7, 0xff, 0x80, 0x40, 0x3f, 0xfb,
    0x42, 0xe0, 0x1f, 0xfc, 0x2, 0x50, 0xf, 0xff,
    0xf8, 0x7, 0xff, 0x1e, 0x40, 0x3f, 0xf8, 0x30,
    0x1, 0xff, 0xff, 0x0, 0xff, 0xe3, 0x8b, 0x80,
    0x7f, 0xf0, 0x9, 0x40, 0x3f, 0xff, 0xe0, 0x1f,
    0xfc, 0x79, 0x0, 0xff, 0xe0, 0xc0, 0x7, 0xff,
    0x0, 0x40, 0x3f, 0xfa, 0x82, 0x1, 0xff, 0x8,
    0x7, 0xff, 0x60, 0x5c, 0x3, 0xff, 0x80, 0x4a,
    0x1, 0xff, 0xcd, 0x10, 0xf, 0xff, 0xc4, 0x80,
    0x7f, 0xf0, 0x60, 0x3, 0xff, 0x84, 0x20, 0x1f,
    0xf1, 0x0, 0x7f, 0xf1, 0xc8, 0x3, 0xfe, 0x60,
    0xf, 0xfe, 0xb8, 0xb8, 0x7, 0xff, 0x0, 0xd4,
    0x3, 0xff, 0x84, 0x60, 0x1f, 0xf3, 0x80, 0x7f,
    0xf1, 0xfc, 0x3, 0xfe, 0x20, 0xf, 0xfe, 0xbc,
    0x0, 0x7f, 0xf0, 0x60, 0x3, 0xff, 0x86, 0xc0,
    0x1f, 0xf1, 0x0, 0x7f, 0xf1, 0xc8, 0x3, 0xfe,
    0xf0, 0xf, 0xfe, 0xb0, 0xb0, 0x7, 0xff, 0x0,
    0xd0, 0x3, 0xff, 0x86, 0x60, 0x1f, 0xf7, 0x80,
    0x7f, 0xf1, 0xdc, 0x3, 0xfe, 0x30, 0xf, 0xfe,
    0xb4, 0x0, 0x7f, 0xf0, 0x60, 0x3, 0xff, 0x89,
    0xc0, 0x1f, 0xf2, 0x80, 0x7f, 0xf1, 0x84, 0x80,
    0x3f, 0xe5, 0x0, 0xff, 0xea, 0x8b, 0x0, 0x7f,
    0xf0, 0xd, 0x0, 0x3f, 0xf8, 0x8a, 0x1, 0xff,
    0x18, 0x80, 0x7f, 0xf1, 0x50, 0x3, 0xfe, 0x11,
    0x0, 0x7f, 0xf5, 0x60, 0x3, 0xff, 0x83, 0x0,
    0x1f, 0xfc, 0x53, 0x0, 0xff, 0xe0, 0x38, 0x7,
    0xff, 0x17, 0xc0, 0x3f, 0xe4, 0x0, 0xff, 0xea,
    0x8b, 0x0, 0x7f, 0xf0, 0xd, 0x0, 0x3f, 0xf8,
    0xc8, 0x1, 0xff, 0x50, 0x7, 0xff, 0x10, 0x54,
    0x3, 0xfe, 0xc0, 0xf, 0xfe, 0xac, 0x0, 0x7f,
    0xf0, 0x60, 0x3, 0xff, 0x8f, 0xa0, 0x1f, 0xf1,
    0xa8, 0x7, 0xff, 0xe, 0x0, 0x3f, 0xf8, 0xe,
    0x1, 0xff, 0xd4, 0x26, 0x0, 0xff, 0xe0, 0x1a,
    0x0, 0x7f, 0xf1, 0xdc, 0x3, 0xff, 0x81, 0x64,
    0x1, 0xff, 0xc1, 0x56, 0x0, 0xff, 0x90, 0x40,
    0x3f, 0xfa, 0x96, 0x1, 0xff, 0xc1, 0x80, 0xf,
    0xfe, 0x40, 0xa8, 0x7, 0xfc, 0x3e, 0x40, 0x1f,
    0xf2, 0x50, 0x7, 0xff, 0x3, 0xc0, 0x3f, 0xfa,
    0x84, 0xc0, 0x1f, 0xfc, 0x4, 0x40, 0x7, 0xff,
    0x26, 0x40, 0x3f, 0xf8, 0x5, 0xae, 0x1, 0xf8,
    0x66, 0xc0, 0x3f, 0xf8, 0x4, 0x80, 0x1f, 0xfd,
    0x48, 0x0, 0xff, 0xe0, 0xc0, 0x7, 0xff, 0x28,
    0xd0, 0x3, 0xff, 0x83, 0x1f, 0x4c, 0xa8, 0xaf,
    0x7c, 0xc0, 0x1f, 0xfc, 0x18, 0x0, 0xff, 0xea,
    0x12, 0x80, 0x7f, 0xf0, 0x10, 0xc0, 0x3f, 0xf9,
    0x72, 0x1, 0xff, 0xc3, 0x59, 0xab, 0xa8, 0x40,
    0xf, 0xfe, 0x11, 0xa8, 0x7, 0xff, 0x52, 0x0,
    0x3f, 0xf8, 0x30, 0x1, 0xff, 0xcc, 0x28, 0x0,
    0xff, 0xeb, 0xf0, 0x7, 0xff, 0x50, 0x94, 0x3,
    0xff, 0x80, 0x86, 0x1, 0xff, 0xcd, 0x74, 0x0,
    0xff, 0xea, 0xc9, 0x0, 0x7f, 0xf5, 0x20, 0x3,
    0xff, 0x83, 0x0, 0x1f, 0xfc, 0xfb, 0x30, 0xf,
    0xfe, 0x9b, 0xb0, 0x7, 0xff, 0x50, 0x94, 0x3,
    0xff, 0x80, 0x86, 0x1, 0xff, 0xd0, 0xd3, 0x0,
    0xff, 0xe8, 0xb4, 0x0, 0x7f, 0xf5, 0x60, 0x3,
    0xff, 0x83, 0x0, 0x1f, 0xfd, 0x11, 0xc5, 0x0,
    0xff, 0xe7, 0xc4, 0x80, 0x7f, 0xf5, 0x49, 0x40,
    0x3f, 0xf8, 0x8, 0x60, 0x1f, 0xfd, 0x3a, 0x91,
    0x0, 0xff, 0xe5, 0x96, 0x38, 0x7, 0xff, 0x5a,
    0xc4, 0x7f, 0xf8, 0x30, 0x1, 0xff, 0xd5, 0x6f,
    0x60, 0xf, 0xfe, 0x40, 0xc6, 0x98, 0x7, 0xff,
    0x5e, 0x7b, 0xbf, 0xf8, 0x26, 0x1, 0xff, 0xd6,
    0x19, 0xe8, 0x20, 0xf, 0xfe, 0x1a, 0x57, 0x38,
    0x7, 0xff, 0xfc, 0x3, 0xff, 0x82, 0x2f, 0xba,
    0xa6, 0x42, 0x10, 0x8, 0x4d, 0x62, 0xfe, 0xd4,
    0x3, 0xff, 0x82,

    /* U+0026 "&" */
    0x0, 0xff, 0xe6, 0x92, 0xcd, 0xef, 0x7f, 0xdd,
    0xb7, 0x2c, 0x40, 0x1f, 0xff, 0x2, 0x8d, 0xd5,
    0x32, 0x10, 0x80, 0x42, 0x48, 0xd3, 0xbd, 0x26,
    0x1, 0xff, 0xeb, 0x2a, 0xd7, 0x20, 0xf, 0xfe,
    0x18, 0xb6, 0x61, 0x0, 0x3f, 0xfc, 0xe3, 0x3a,
    0xa0, 0x1f, 0xfc, 0x93, 0xbb, 0x8, 0x7, 0xff,
    0x91, 0x3d, 0x80, 0x3f, 0xf9, 0xa9, 0xe8, 0x1,
    0xff, 0xe2, 0x6b, 0x10, 0xf, 0xfe, 0x78, 0xdb,
    0x0, 0x7f, 0xf8, 0x1a, 0x40, 0x3f, 0xfa, 0x72,
    0xc0, 0x1f, 0xfd, 0xe5, 0x90, 0xf, 0xfe, 0xac,
    0x98, 0x7, 0xff, 0x70, 0xa8, 0x3, 0xff, 0xaf,
    0xa2, 0x1, 0xff, 0xdb, 0xe0, 0xf, 0xfe, 0xc0,
    0xc0, 0x7, 0xff, 0x69, 0x8c, 0x3, 0xff, 0x86,
    0x6f, 0x13, 0xe, 0x60, 0x1f, 0xfc, 0x36, 0x20,
    0xf, 0xfe, 0xcd, 0x80, 0x7f, 0xf0, 0xa3, 0xf2,
    0x1d, 0x9e, 0x33, 0x9c, 0x3, 0xff, 0x85, 0x0,
    0x1f, 0xfd, 0x85, 0x20, 0xf, 0xfe, 0x1, 0x6b,
    0x80, 0x7e, 0x18, 0xc1, 0x0, 0xff, 0xe0, 0x28,
    0x7, 0xff, 0x63, 0x80, 0x3f, 0xf8, 0x3e, 0x40,
    0x1f, 0xf1, 0xe0, 0x7, 0xff, 0x5, 0x40, 0x3f,
    0xfa, 0xe8, 0x1, 0xff, 0xc0, 0x92, 0x0, 0xff,
    0xe0, 0x94, 0x80, 0x7f, 0xf0, 0x30, 0x3, 0xff,
    0xac, 0x80, 0x1f, 0xfc, 0x16, 0x0, 0xff, 0xe1,
    0xb0, 0x80, 0x7f, 0xc8, 0x1, 0xff, 0xd6, 0xc0,
    0xf, 0xfe, 0x2, 0x80, 0x7f, 0xf1, 0x5c, 0x3,
    0xfe, 0x20, 0xf, 0xfe, 0xb1, 0x0, 0x7f, 0xf0,
    0x30, 0x3, 0xff, 0x8b, 0xe0, 0x1f, 0xfc, 0x1,
    0x0, 0xff, 0xea, 0xb0, 0x7, 0xff, 0x0, 0x80,
    0x3f, 0xf8, 0xaa, 0x1, 0xff, 0xc0, 0x20, 0xf,
    0xfe, 0xa8, 0x80, 0x7f, 0xf0, 0x1c, 0x3, 0xff,
    0x8a, 0x20, 0x1f, 0xfc, 0x7, 0x0, 0xff, 0xf1,
    0x8, 0x7, 0xff, 0x49, 0xc0, 0x3f, 0xfa, 0xa2,
    0x1, 0xff, 0xc0, 0x10, 0xf, 0xfe, 0x28, 0x80,
    0x7f, 0xf0, 0x4, 0x3, 0xff, 0xaa, 0xe0, 0x1f,
    0xfc, 0x7, 0x0, 0xff, 0xe2, 0xb0, 0x7, 0xff,
    0x0, 0x80, 0x3f, 0xfa, 0xa2, 0x1, 0xff, 0xc0,
    0x30, 0xf, 0xfe, 0x2e, 0x0, 0x7f, 0xc4, 0x1,
    0xff, 0xd6, 0xd0, 0xf, 0xfe, 0x5, 0x80, 0x7f,
    0xf1, 0x5c, 0x3, 0xfe, 0x70, 0xf, 0xfe, 0xb1,
    0x80, 0x7f, 0xf0, 0xc, 0x40, 0x3f, 0xf8, 0x68,
    0x20, 0x1f, 0xf7, 0x80, 0x7f, 0xf5, 0x94, 0x3,
    0xff, 0x83, 0x20, 0x1f, 0xfc, 0x38, 0x0, 0xff,
    0xe0, 0x28, 0x7, 0xff, 0x58, 0x50, 0x3, 0xff,
    0x80, 0xe2, 0x1, 0xff, 0xc1, 0x63, 0x0, 0xff,
    0x98, 0x3, 0xff, 0xb1, 0xa0, 0x1f, 0xfc, 0x18,
    0x0, 0xff, 0xe0, 0x14, 0x80, 0x7f, 0xf0, 0x20,
    0x3, 0xff, 0xb0, 0xc2, 0x1, 0xff, 0xc0, 0x64,
    0x0, 0xff, 0xf, 0x80, 0x7f, 0xf0, 0x1c, 0x40,
    0x3f, 0xfb, 0x32, 0x1, 0xff, 0xc1, 0xa1, 0x0,
    0xfc, 0x3a, 0x40, 0x1f, 0xf0, 0xc0, 0x7, 0xff,
    0x69, 0xc4, 0x3, 0xff, 0x80, 0x34, 0x1, 0xf0,
    0xe1, 0x80, 0x7f, 0xf0, 0x28, 0x3, 0xff, 0xb9,
    0x0, 0x1f, 0xfc, 0x14, 0x80, 0xe, 0x4f, 0x20,
    0xf, 0xfe, 0x3, 0xa0, 0x7, 0xff, 0x71, 0x8c,
    0x3, 0xff, 0x82, 0xec, 0x1, 0x4d, 0x88, 0x7,
    0xff, 0x1, 0x20, 0x3, 0xff, 0xbd, 0xe0, 0x1f,
    0xfc, 0x29, 0x56, 0xe6, 0x0, 0xff, 0xe0, 0x9d,
    0x80, 0x7f, 0xf7, 0xcd, 0xc0, 0x3f, 0xf8, 0x55,
    0x22, 0x1, 0xff, 0xc1, 0x3c, 0x0, 0xff, 0xf0,
    0xc1, 0x80, 0x7f, 0xf4, 0x17, 0x0, 0x3f, 0xfc,
    0x7c, 0x1, 0xff, 0xcf, 0x8a, 0x0, 0xff, 0xf2,
    0x15, 0x0, 0x7f, 0xf3, 0xb, 0x1c, 0x3, 0xff,
    0xcc, 0xb0, 0x1, 0xff, 0xca, 0x7d, 0x30, 0xf,
    0xff, 0x42, 0x80, 0x7f, 0xf2, 0xb, 0x20, 0x3,
    0xff, 0xd3, 0x1a, 0x1, 0xff, 0xc7, 0x8d, 0x30,
    0xf, 0xff, 0x41, 0xeb, 0x80, 0x7f, 0xf1, 0xe5,
    0xc0, 0x3f, 0xfd, 0x33, 0x84, 0x1, 0xff, 0xc8,
    0x82, 0x0, 0xff, 0xf3, 0xaf, 0x30, 0x7, 0xff,
    0x28, 0x7c, 0x40, 0x3f, 0xfc, 0xb3, 0x42, 0x1,
    0xff, 0xcc, 0x2a, 0x0, 0xff, 0xf1, 0x8e, 0x30,
    0x7, 0xff, 0x3d, 0x24, 0x3, 0xff, 0x8c, 0xf1,
    0x1f, 0xf3, 0x80, 0x7f, 0xf0, 0x8f, 0xcc, 0x3,
    0xff, 0xa2, 0xce, 0x1, 0xff, 0xc5, 0x97, 0x7f,
    0xfa, 0x0, 0x3f, 0xf8, 0x27, 0xa2, 0x1, 0xff,
    0xc3, 0x20, 0xf, 0xfe, 0x1c, 0x28, 0x7, 0xff,
    0x10, 0x40, 0x3f, 0xe1, 0x0, 0xff, 0xe0, 0x1e,
    0x88, 0x7, 0xff, 0x8, 0x67, 0x5c, 0x3, 0xff,
    0x87, 0x46, 0x1, 0xff, 0xcf, 0x30, 0xf, 0xf8,
    0xb4, 0x40, 0x3f, 0xf8, 0x47, 0xec, 0x10, 0xa0,
    0x1f, 0xfc, 0x3d, 0x10, 0xf, 0xfe, 0x8, 0x80,
    0x7f, 0xf0, 0x4, 0x3, 0xfe, 0xf1, 0x0, 0xff,
    0xe1, 0x3e, 0x8, 0x5, 0x46, 0x1, 0xff, 0xc2,
    0x1d, 0x0, 0xff, 0xe0, 0x98, 0x7, 0xff, 0x1,
    0x80, 0x3f, 0xd2, 0x40, 0x1f, 0xfc, 0x2a, 0x80,
    0xf, 0x69, 0x0, 0x7f, 0xf0, 0x8e, 0xc0, 0x3f,
    0xf8, 0xc, 0x1, 0xff, 0xc0, 0x20, 0xf, 0xe4,
    0x60, 0xf, 0xfe, 0x15, 0xa8, 0x7, 0xc3, 0xe0,
    0x1f, 0xfc, 0x34, 0x80, 0xf, 0xf8, 0x80, 0x3f,
    0xf8, 0x1e, 0x1, 0xfd, 0x20, 0x1f, 0xfc, 0x2b,
    0x40, 0xf, 0xe2, 0xb0, 0xf, 0xfe, 0x1b, 0xb0,
    0x7, 0xfb, 0x80, 0x3f, 0xf8, 0x6, 0x1, 0xf9,
    0x88, 0x3, 0xff, 0x83, 0x28, 0x1, 0xff, 0x24,
    0x80, 0x7f, 0xf0, 0xe5, 0x0, 0x3f, 0x88, 0x3,
    0xff, 0x80, 0xa0, 0x1f, 0xac, 0x3, 0xff, 0x82,
    0x8c, 0x1, 0xff, 0xc1, 0x66, 0x0, 0x7f, 0xf0,
    0xe8, 0x80, 0x3f, 0x38, 0x7, 0xfc, 0x22, 0x0,
    0xf9, 0x8, 0x3, 0xff, 0x83, 0x40, 0x1f, 0xfc,
    0x39, 0x40, 0xf, 0xfe, 0x10, 0xf8, 0x80, 0x7c,
    0x40, 0x1f, 0xf2, 0x80, 0x7e, 0xe0, 0xf, 0xfe,
    0xb, 0x8, 0x7, 0xff, 0x12, 0xc8, 0x3, 0xff,
    0x84, 0x5a, 0x1, 0xe3, 0x0, 0xff, 0xe0, 0x60,
    0x7, 0xe5, 0x0, 0xff, 0xe0, 0xd8, 0x7, 0xff,
    0x1b, 0x4, 0x3, 0xff, 0x84, 0x74, 0x1, 0xc8,
    0x1, 0xff, 0xc0, 0x40, 0xf, 0x8c, 0x3, 0xff,
    0x82, 0x24, 0x1, 0xff, 0xc6, 0x1d, 0x0, 0xff,
    0xe1, 0xab, 0x80, 0x6b, 0x0, 0xff, 0x84, 0xc0,
    0x3e, 0x40, 0xf, 0xfe, 0xa, 0x0, 0x7f, 0xf2,
    0xe, 0x80, 0x3f, 0xf8, 0x70, 0xa0, 0x1, 0x30,
    0xf, 0xf9, 0x0, 0x3f, 0x70, 0x7, 0xff, 0x4,
    0x80, 0x3f, 0xf9, 0x2b, 0x0, 0x1f, 0xfc, 0x3a,
    0x30, 0x70, 0xf, 0xfe, 0x7, 0x80, 0x7e, 0x20,
    0xf, 0xfe, 0xf, 0x80, 0x7f, 0xf2, 0x9d, 0x40,
    0x3f, 0xf8, 0x7a, 0x34, 0x1, 0xff, 0xc0, 0x50,
    0xf, 0xce, 0x1, 0xff, 0xc1, 0x10, 0xf, 0xfe,
    0x5d, 0x18, 0x7, 0xff, 0x8, 0x70, 0xc0, 0x3f,
    0xe5, 0x0, 0xfe, 0x10, 0xf, 0xfe, 0x8, 0x80,
    0x7f, 0xf3, 0x34, 0x80, 0x3f, 0xf8, 0x44, 0x1,
    0xff, 0xc0, 0xe0, 0xf, 0xfe, 0x5f, 0x80, 0x7f,
    0xf3, 0x7, 0xc4, 0x3, 0xff, 0x9a, 0x48, 0x1,
    0xff, 0xcb, 0x10, 0xf, 0xfe, 0x69, 0x50, 0x7,
    0xff, 0x36, 0x80, 0x3f, 0xc2, 0x1, 0xff, 0xc1,
    0x50, 0xf, 0xfe, 0x72, 0x48, 0x7, 0xff, 0x2c,
    0x5c, 0x3, 0xfc, 0xc0, 0x1f, 0xfc, 0x13, 0x0,
    0xff, 0xe7, 0xb3, 0x80, 0x7f, 0xf2, 0x98, 0x3,
    0xfe, 0x30, 0xf, 0xfe, 0x11, 0x80, 0x7f, 0xf3,
    0xe1, 0x40, 0x3f, 0xf9, 0x32, 0x1, 0xff, 0x78,
    0x7, 0xff, 0xa, 0xc0, 0x3f, 0xfa, 0x14, 0x60,
    0x1f, 0xfc, 0x78, 0x10, 0xf, 0xf9, 0x40, 0x3f,
    0xf8, 0x4c, 0x1, 0xff, 0xd1, 0xd1, 0x0, 0xff,
    0xe2, 0x8b, 0x80, 0x7f, 0xf0, 0xc, 0x3, 0xff,
    0x84, 0x2e, 0x1, 0xff, 0xd0, 0x1d, 0x0, 0xff,
    0xe2, 0xd8, 0x7, 0xff, 0x9, 0x0, 0x3f, 0xf8,
    0x50, 0x40, 0x1f, 0xfd, 0x3, 0xb0, 0xf, 0xfe,
    0x9e, 0x0, 0x7f, 0xf0, 0xf0, 0x40, 0x3f, 0xfa,
    0x4, 0x1, 0xff, 0xc4, 0xa3, 0x0, 0xff, 0xe0,
    0xb0, 0x7, 0xff, 0xc, 0x70, 0x80, 0x3f, 0xf9,
    0xd3, 0x20, 0xf, 0xfe, 0x2e, 0x90, 0x7, 0xff,
    0x0, 0x50, 0x3, 0xff, 0x86, 0x5a, 0xc0, 0x1f,
    0xfc, 0xb3, 0xd6, 0x0, 0xff, 0xe3, 0xf, 0x80,
    0x7f, 0xf0, 0x60, 0x3, 0xff, 0x8b, 0x38, 0xa0,
    0x1f, 0xfc, 0x72, 0xac, 0x20, 0xf, 0xfe, 0x41,
    0x58, 0x7, 0xff, 0x0, 0xd0, 0x3, 0xff, 0x8a,
    0x75, 0xd0, 0x60, 0x1f, 0xfc, 0x11, 0x6c, 0xd5,
    0x0, 0xff, 0xe5, 0xa4, 0x80, 0x7f, 0xf0, 0x24,
    0x3, 0xff, 0x8e, 0x2f, 0x9f, 0xb5, 0xe, 0xcd,
    0x9e, 0x6f, 0xb9, 0x26, 0x1, 0xff, 0xce, 0x67,
    0x0, 0xff, 0x8a, 0x80, 0x3f, 0xf9, 0x44, 0xaf,
    0x13, 0x3a, 0x19, 0x4, 0x3, 0xff, 0xa5, 0xa,
    0x1, 0xff, 0x2b, 0x0, 0x7f, 0xfd, 0x28, 0xc0,
    0x3f, 0xe9, 0x50, 0xf, 0xff, 0x23, 0x0, 0x7f,
    0xf0, 0xf4, 0x80, 0x3f, 0xea, 0x60, 0xf, 0xff,
    0x8, 0xe4, 0xb8, 0x7, 0xff, 0x8, 0x7c, 0x40,
    0x3f, 0xe9, 0x90, 0x7, 0xff, 0x7d, 0x3c, 0xc2,
    0x10, 0x3, 0xff, 0x84, 0x54, 0x1, 0xff, 0xc0,
    0x6d, 0x30, 0xf, 0xfe, 0xd8, 0xcd, 0x88, 0x5,
    0x66, 0x1, 0xff, 0xc2, 0x49, 0x0, 0xff, 0xe0,
    0x16, 0x48, 0x80, 0x7f, 0xf6, 0x1b, 0xd8, 0x3,
    0xda, 0x20, 0x1f, 0xfc, 0x26, 0x70, 0xf, 0xfe,
    0xb, 0x74, 0x8, 0x7, 0xff, 0x51, 0x76, 0x44,
    0x3, 0xe1, 0xd0, 0xf, 0xfe, 0x1c, 0x28, 0x7,
    0xff, 0x9, 0xfa, 0x90, 0x3, 0xff, 0x9e, 0x2f,
    0xd4, 0x40, 0x1f, 0xe3, 0xb0, 0xf, 0xfe, 0x1d,
    0x18, 0x7, 0xff, 0xd, 0x6f, 0xa9, 0x44, 0x3,
    0xff, 0x90, 0x4d, 0x7d, 0x2, 0x1, 0xff, 0xc1,
    0x4f, 0xff, 0xfe, 0x21, 0x80, 0x7f, 0xf1, 0x45,
    0x6b, 0xb9, 0x72, 0xea, 0x64, 0x22, 0x0, 0xc2,
    0x46, 0xd1, 0x5d, 0xb2, 0x80, 0x1f, 0xfd, 0x60,

    /* U+0027 "'" */
    0x4c, 0xcf, 0xfe, 0xc, 0x9, 0x9f, 0xff, 0x8,
    0x3, 0xff, 0x86, 0x20, 0x1f, 0xfc, 0x11, 0x0,
    0xff, 0xe1, 0xb8, 0x7, 0xff, 0x4, 0xc0, 0x3f,
    0xf8, 0x62, 0x1, 0xff, 0xc1, 0x10, 0xf, 0xfe,
    0x91, 0x80, 0x7f, 0xf0, 0x7c, 0x3, 0xff, 0x86,
    0x20, 0x1f, 0xfc, 0x11, 0x0, 0xff, 0xe8, 0x98,
    0x7, 0xff, 0x4c, 0x40, 0x3f, 0xf8, 0x2, 0x1,
    0xff, 0xc4, 0x30, 0xf, 0xfe, 0x3, 0x80, 0x7f,
    0xf1, 0x4, 0x3, 0xff, 0x80, 0x20, 0x1f, 0xfd,
    0x37, 0x0, 0xff, 0xe0, 0x18, 0x7, 0xff, 0x10,
    0x40, 0x3f, 0xf8, 0x2, 0x1, 0xff, 0xc4, 0x30,
    0xf, 0xff, 0x0, 0x80, 0x7f, 0xc2, 0x1, 0xff,
    0xc4,

    /* U+0028 "(" */
    0x0, 0xff, 0xe1, 0x8a, 0x27, 0xff, 0x0, 0xc0,
    0x3f, 0xf8, 0x7b, 0x77, 0xff, 0xc0, 0xa0, 0xf,
    0xfe, 0x13, 0x18, 0x7, 0xff, 0x2, 0x0, 0x3f,
    0xf8, 0x23, 0x0, 0x1f, 0xfc, 0x8, 0x10, 0xf,
    0xfe, 0xc, 0x8, 0x7, 0xfc, 0x2e, 0x1, 0xff,
    0xc1, 0x36, 0x0, 0xff, 0xe0, 0x48, 0x7, 0xff,
    0xb, 0xc0, 0x3f, 0xf8, 0x2, 0xe0, 0x1f, 0xfc,
    0x14, 0x30, 0xf, 0xfe, 0x4, 0x80, 0x7f, 0xf0,
    0xa0, 0x3, 0xff, 0x82, 0xc0, 0x1f, 0xfc, 0x14,
    0x30, 0xf, 0xfe, 0x3, 0x88, 0x7, 0xff, 0x7,
    0xc0, 0x3f, 0xf8, 0x32, 0x1, 0xff, 0xc1, 0x34,
    0x0, 0xff, 0xe0, 0x28, 0x80, 0x7f, 0xf0, 0x60,
    0x3, 0xff, 0x83, 0xc0, 0x1f, 0xfc, 0x12, 0x40,
    0xf, 0xfe, 0x1, 0x20, 0x7, 0xff, 0x6, 0x80,
    0x3f, 0xf8, 0x34, 0x1, 0xff, 0xc2, 0x60, 0xf,
    0xfe, 0xb, 0x0, 0x7f, 0xf0, 0x50, 0x40, 0x3f,
    0xf8, 0x8, 0x20, 0x1f, 0xfc, 0x1f, 0x0, 0xff,
    0xe0, 0xf0, 0x7, 0xff, 0x4, 0x50, 0x3, 0xff,
    0x82, 0xa0, 0x1f, 0xfc, 0x16, 0x0, 0xff, 0xe0,
    0xa8, 0x7, 0xff, 0xa, 0xc0, 0x3f, 0xf8, 0x3e,
    0x1, 0xff, 0xc1, 0x13, 0x0, 0xff, 0xe0, 0xa0,
    0x7, 0xff, 0x5, 0xc0, 0x3f, 0xf8, 0x26, 0x20,
    0x1f, 0xfc, 0x1d, 0x0, 0xff, 0xe0, 0xd8, 0x7,
    0xff, 0x4, 0x50, 0x3, 0xff, 0x82, 0x80, 0x1f,
    0xfc, 0x14, 0x0, 0xff, 0xe1, 0x18, 0x7, 0xff,
    0x7, 0xc0, 0x3f, 0xf8, 0x28, 0x1, 0xff, 0xc2,
    0x40, 0xf, 0xfe, 0x9, 0x80, 0x7f, 0xf0, 0x48,
    0x40, 0x3f, 0xf8, 0x38, 0x1, 0xff, 0xc1, 0x70,
    0xf, 0xfe, 0x12, 0x80, 0x7f, 0xf0, 0x70, 0x3,
    0xff, 0x82, 0x22, 0x0, 0xff, 0xe0, 0xa0, 0x7,
    0xff, 0x5, 0x40, 0x3f, 0xf8, 0x22, 0x40, 0x1f,
    0xfc, 0x13, 0x0, 0xff, 0xe0, 0xa8, 0x7, 0xff,
    0xb, 0x40, 0x3f, 0xf8, 0x26, 0x1, 0xff, 0xc2,
    0x70, 0xf, 0xfe, 0xf, 0x0, 0x7f, 0xf0, 0x88,
    0x3, 0xff, 0x82, 0xa0, 0x1f, 0xfc, 0x11, 0x0,
    0xff, 0xe1, 0x10, 0x7, 0xff, 0x4, 0x80, 0x3f,
    0xf8, 0x22, 0x20, 0xf, 0xfe, 0xa, 0x80, 0x7f,
    0xf0, 0x48, 0x3, 0xff, 0x85, 0xc0, 0x1f, 0xfc,
    0x15, 0x0, 0xff, 0xe1, 0x10, 0x7, 0xff, 0x4,
    0x40, 0x3f, 0xf8, 0x42, 0x1, 0xff, 0xc1, 0xe0,
    0xf, 0xfe, 0x13, 0x80, 0x7f, 0xf0, 0x4c, 0x3,
    0xff, 0x84, 0x40, 0x1f, 0xfc, 0x16, 0x0, 0xff,
    0xe1, 0x8, 0x7, 0xff, 0x4, 0x40, 0x3f, 0xfa,
    0x4, 0x1, 0xff, 0xc1, 0x20, 0xf, 0xfe, 0x80,
    0x80, 0x7f, 0xf0, 0x44, 0x3, 0xff, 0xda, 0x60,
    0x1f, 0xfc, 0x27, 0x0, 0xff, 0xef, 0x8, 0x7,
    0xff, 0x8, 0x40, 0x3f, 0xff, 0xe0, 0x1f, 0xfc,
    0xd1, 0x0, 0xff, 0xef, 0x88, 0x7, 0xff, 0x4,
    0xc0, 0x3f, 0xfb, 0xee, 0x1, 0xff, 0xc1, 0x10,
    0xf, 0xfe, 0xf8, 0x80, 0x7f, 0xf4, 0xc, 0x3,
    0xff, 0x84, 0x40, 0x1f, 0xfc, 0x11, 0x0, 0xff,
    0xe1, 0x30, 0x7, 0xff, 0x40, 0x40, 0x3f, 0xf8,
    0x44, 0x1, 0xff, 0xc1, 0x20, 0xf, 0xfe, 0x10,
    0x80, 0x7f, 0xf0, 0x7c, 0x3, 0xff, 0x84, 0xe0,
    0x1f, 0xfc, 0x12, 0x0, 0xff, 0xe1, 0x8, 0x7,
    0xff, 0x5, 0x80, 0x3f, 0xf8, 0x44, 0x1, 0xff,
    0xc1, 0x30, 0xf, 0xfe, 0x16, 0x80, 0x7f, 0xf0,
    0x84, 0x3, 0xff, 0x82, 0xc0, 0x1f, 0xfc, 0x25,
    0x0, 0xff, 0xe0, 0x90, 0x7, 0xff, 0x8, 0xc0,
    0x3f, 0xf8, 0x22, 0x1, 0xff, 0xc2, 0xe0, 0xf,
    0xfe, 0x11, 0x0, 0x7f, 0xf0, 0x54, 0x3, 0xff,
    0x84, 0xe0, 0x1f, 0xfc, 0x13, 0x0, 0xff, 0xe1,
    0x68, 0x7, 0xff, 0x8, 0xc0, 0x3f, 0xf8, 0x26,
    0x1, 0xff, 0xc2, 0x40, 0xf, 0xfe, 0xa, 0x80,
    0x7f, 0xf0, 0xb0, 0x3, 0xff, 0x82, 0x24, 0x1,
    0xff, 0xc1, 0x50, 0xf, 0xfe, 0x13, 0x80, 0x7f,
    0xf0, 0x44, 0x80, 0x3f, 0xf8, 0x3a, 0x1, 0xff,
    0xc2, 0x40, 0xf, 0xfe, 0x9, 0x80, 0x7f, 0xf0,
    0xb4, 0x3, 0xff, 0x82, 0x80, 0x1f, 0xfc, 0x24,
    0x0, 0xff, 0xe1, 0x20, 0x7, 0xff, 0x9, 0x40,
    0x3f, 0xf8, 0x38, 0x1, 0xff, 0xc2, 0xf0, 0xf,
    0xfe, 0xa, 0x0, 0x7f, 0xf0, 0x90, 0x3, 0xff,
    0x82, 0x62, 0x1, 0xff, 0xc1, 0x14, 0x0, 0xff,
    0xe0, 0xb8, 0x7, 0xff, 0xb, 0x40, 0x3f, 0xf8,
    0x3a, 0x1, 0xff, 0xc2, 0x70, 0xf, 0xfe, 0xa,
    0x8, 0x7, 0xff, 0x4, 0x54, 0x3, 0xff, 0x82,
    0xe0, 0x1f, 0xfc, 0x29, 0x0, 0xff, 0xe0, 0xd0,
    0x7, 0xff, 0x8, 0xc8, 0x3, 0xff, 0x80, 0x64,
    0x1, 0xff, 0xc2, 0xa0, 0xf, 0xfe, 0xd, 0x0,
    0x7f, 0xf0, 0x98, 0x3, 0xff, 0x82, 0xc0, 0x1f,
    0xfc, 0x21, 0x50, 0xf, 0xfe, 0x0, 0xa8, 0x7,
    0xff, 0xa, 0x0, 0x3f, 0xf8, 0x32, 0x1, 0xff,
    0xc2, 0x25, 0x0, 0xff, 0xe0, 0x19, 0x80, 0x3f,
    0xf8, 0x50, 0x1, 0xff, 0xc1, 0x90, 0xf, 0xfe,
    0x11, 0x28, 0x7, 0xff, 0x1, 0x48, 0x3, 0xff,
    0x85, 0x0, 0x1f, 0xfc, 0x1b, 0x0, 0xff, 0xe1,
    0x12, 0x80, 0x7f, 0xf0, 0x18, 0x40, 0x3f, 0xf8,
    0x56, 0x1, 0xff, 0xc1, 0x80, 0xf, 0xfe, 0x10,
    0xc0, 0x7, 0xff, 0x1, 0x84, 0x3, 0xff, 0x84,
    0xe4, 0x1, 0xff, 0xc0, 0xb0, 0xf, 0xfe, 0x1c,
    0x80, 0x7f, 0xf0, 0x14, 0x80, 0x3f, 0xf8, 0x48,
    0xa0, 0x1f, 0xfc, 0x9,

    /* U+0029 ")" */
    0x34, 0x4f, 0xfe, 0x1, 0x0, 0x7f, 0xf0, 0xea,
    0xef, 0xff, 0x81, 0x80, 0x1f, 0xfc, 0x3b, 0x0,
    0xff, 0xe0, 0xc, 0x0, 0x7f, 0xf0, 0x89, 0x80,
    0x3f, 0xf8, 0xe, 0x40, 0x1f, 0xfc, 0x2b, 0x0,
    0xff, 0xe0, 0xc0, 0x7, 0xff, 0x8, 0x98, 0x3,
    0xff, 0x80, 0xa8, 0x1, 0xff, 0xc2, 0x80, 0xf,
    0xfe, 0xc, 0x80, 0x7f, 0xf0, 0x85, 0x80, 0x3f,
    0xf8, 0x4, 0xa0, 0x1f, 0xfc, 0x2b, 0x0, 0xff,
    0xe0, 0xc0, 0x7, 0xff, 0x8, 0x90, 0x3, 0xff,
    0x80, 0x48, 0x1, 0xff, 0xc2, 0xf0, 0xf, 0xfe,
    0xc, 0x0, 0x7f, 0xf0, 0x90, 0x80, 0x3f, 0xf8,
    0x6, 0x80, 0x1f, 0xfc, 0x2a, 0x0, 0xff, 0xe0,
    0xf8, 0x7, 0xff, 0x9, 0xc0, 0x3f, 0xf8, 0x28,
    0x40, 0x1f, 0xfc, 0x25, 0x0, 0xff, 0xe0, 0xd0,
    0x7, 0xff, 0xb, 0x80, 0x3f, 0xf8, 0x2c, 0x1,
    0xff, 0xc2, 0x41, 0x0, 0xff, 0xe0, 0xa, 0x80,
    0x7f, 0xf0, 0x98, 0x3, 0xff, 0x83, 0xc0, 0x1f,
    0xfc, 0x2b, 0x0, 0xff, 0xe0, 0xa0, 0x80, 0x7f,
    0xf0, 0x4c, 0x80, 0x3f, 0xf8, 0x2c, 0x1, 0xff,
    0xc2, 0xa0, 0xf, 0xfe, 0xd, 0x80, 0x7f, 0xf0,
    0x90, 0x3, 0xff, 0x82, 0x62, 0x1, 0xff, 0xc1,
    0x31, 0x0, 0xff, 0xe0, 0xb8, 0x7, 0xff, 0x9,
    0x0, 0x3f, 0xf8, 0x3a, 0x1, 0xff, 0xc2, 0xf0,
    0xf, 0xfe, 0xa, 0x0, 0x7f, 0xf0, 0x90, 0x3,
    0xff, 0x84, 0xa0, 0x1f, 0xfc, 0x11, 0x30, 0xf,
    0xfe, 0xe, 0x0, 0x7f, 0xf0, 0x90, 0x3, 0xff,
    0x82, 0x80, 0x1f, 0xfc, 0x2d, 0x0, 0xff, 0xe0,
    0x90, 0x80, 0x7f, 0xf0, 0x5c, 0x3, 0xff, 0x84,
    0x80, 0x1f, 0xfc, 0x12, 0x10, 0xf, 0xfe, 0xe,
    0x80, 0x7f, 0xf0, 0x94, 0x3, 0xff, 0x82, 0x80,
    0x1f, 0xfc, 0x23, 0x0, 0xff, 0xe0, 0x98, 0x7,
    0xff, 0xb, 0x0, 0x3f, 0xf8, 0x46, 0x1, 0xff,
    0xc1, 0x60, 0xf, 0xfe, 0x12, 0x80, 0x7f, 0xf0,
    0x48, 0x3, 0xff, 0x85, 0xc0, 0x1f, 0xfc, 0x22,
    0x0, 0xff, 0xe0, 0x98, 0x7, 0xff, 0x9, 0x80,
    0x3f, 0xf8, 0x2a, 0x1, 0xff, 0xc2, 0x30, 0xf,
    0xfe, 0x8, 0x80, 0x7f, 0xf0, 0xb8, 0x3, 0xff,
    0x84, 0x60, 0x1f, 0xfc, 0x12, 0x0, 0xff, 0xe1,
    0x30, 0x7, 0xff, 0x5, 0xc0, 0x3f, 0xf8, 0x44,
    0x1, 0xff, 0xc1, 0x20, 0xf, 0xfe, 0x17, 0x80,
    0x7f, 0xf0, 0x44, 0x3, 0xff, 0x84, 0x40, 0x1f,
    0xfc, 0x21, 0x0, 0xff, 0xe0, 0x88, 0x7, 0xff,
    0x8, 0xc0, 0x3f, 0xf8, 0x2c, 0x1, 0xff, 0xc2,
    0x10, 0xf, 0xfe, 0x9, 0x0, 0x7f, 0xf0, 0x9c,
    0x3, 0xff, 0xa0, 0x20, 0x1f, 0xfd, 0xf1, 0x0,
    0xff, 0xe0, 0x98, 0x7, 0xff, 0x7c, 0xc0, 0x3f,
    0xf8, 0x22, 0x1, 0xff, 0xc2, 0x10, 0xf, 0xff,
    0xf8, 0x7, 0xff, 0x70, 0x40, 0x3f, 0xf8, 0x22,
    0x1, 0xff, 0xdf, 0x30, 0xf, 0xfe, 0x9, 0x80,
    0x7f, 0xf7, 0xc4, 0x3, 0xff, 0x82, 0x20, 0x1f,
    0xfd, 0x7, 0x0, 0xff, 0xe8, 0x8, 0x7, 0xff,
    0x4, 0x80, 0x3f, 0xf8, 0x44, 0x1, 0xff, 0xc1,
    0x60, 0xf, 0xfe, 0x80, 0x80, 0x7f, 0xf0, 0x44,
    0x3, 0xff, 0x84, 0x40, 0x1f, 0xfc, 0x12, 0x0,
    0xff, 0xe1, 0x78, 0x7, 0xff, 0x5, 0xc0, 0x3f,
    0xf8, 0x44, 0x1, 0xff, 0xc1, 0x20, 0xf, 0xfe,
    0x13, 0x0, 0x7f, 0xf0, 0x78, 0x3, 0xff, 0x84,
    0x40, 0x1f, 0xfc, 0x13, 0x0, 0xff, 0xe0, 0x88,
    0x80, 0x3f, 0xf8, 0x2c, 0x1, 0xff, 0xc1, 0x50,
    0xf, 0xfe, 0x11, 0x0, 0x7f, 0xf0, 0x4c, 0x3,
    0xff, 0x82, 0x40, 0x1f, 0xfc, 0x2e, 0x0, 0xff,
    0xe0, 0xb0, 0x7, 0xff, 0x9, 0x40, 0x3f, 0xf8,
    0x26, 0x1, 0xff, 0xc2, 0x30, 0xf, 0xfe, 0xe,
    0x0, 0x7f, 0xf0, 0x4c, 0x3, 0xff, 0x84, 0xa0,
    0x1f, 0xfc, 0x14, 0x0, 0xff, 0xe0, 0x88, 0x80,
    0x3f, 0xf8, 0x38, 0x1, 0xff, 0xc1, 0x40, 0xf,
    0xfe, 0x12, 0x0, 0x7f, 0xf0, 0x74, 0x3, 0xff,
    0x82, 0x60, 0x1f, 0xfc, 0x24, 0x0, 0xff, 0xe0,
    0xa0, 0x7, 0xff, 0x8, 0xc0, 0x3f, 0xf8, 0x38,
    0x1, 0xff, 0xc1, 0x40, 0xf, 0xfe, 0x12, 0x0,
    0x7f, 0xf0, 0x70, 0x3, 0xff, 0x82, 0xa0, 0x1f,
    0xfc, 0x25, 0x0, 0xff, 0xe0, 0xf8, 0x7, 0xff,
    0x4, 0x88, 0x1, 0xff, 0xc1, 0x50, 0xf, 0xfe,
    0xa, 0x80, 0x7f, 0xf0, 0x54, 0x3, 0xff, 0x85,
    0x60, 0x1f, 0xfc, 0x1f, 0x0, 0xff, 0xe0, 0x91,
    0x80, 0x7f, 0xf0, 0x54, 0x3, 0xff, 0x82, 0xa0,
    0x1f, 0xfc, 0x16, 0x0, 0xff, 0xe1, 0x50, 0x7,
    0xff, 0x6, 0x80, 0x3f, 0xf8, 0x26, 0x40, 0x1f,
    0xfc, 0x3, 0x30, 0x7, 0xff, 0x6, 0x80, 0x3f,
    0xf8, 0x34, 0x1, 0xff, 0xc2, 0x60, 0xf, 0xfe,
    0xb, 0x0, 0x7f, 0xf0, 0x58, 0x3, 0xff, 0x82,
    0xc0, 0x1f, 0xfc, 0x2b, 0x0, 0xff, 0xe0, 0xd8,
    0x7, 0xff, 0x5, 0x8, 0x3, 0xff, 0x80, 0xa4,
    0x1, 0xff, 0xc1, 0xf0, 0xf, 0xfe, 0xc, 0x0,
    0x7f, 0xf0, 0x49, 0x0, 0x3f, 0xf8, 0xa, 0x40,
    0x1f, 0xfc, 0x18, 0x0, 0xff, 0xe0, 0xc0, 0x7,
    0xff, 0x4, 0x94, 0x3, 0xff, 0x80, 0xa4, 0x1,
    0xff, 0xc1, 0x80, 0xf, 0xfe, 0xc, 0x0, 0x7f,
    0xf0, 0x49, 0x40, 0x3f, 0xf8, 0xe, 0x40, 0x1f,
    0xfc, 0x18, 0x0, 0xff, 0xe0, 0xc, 0x0, 0x7f,
    0xf0, 0x4d, 0x40, 0x3f, 0xf8, 0x16, 0x1, 0xff,
    0xc2, 0x80, 0xf, 0xfe, 0x1, 0xa8, 0x7, 0xff,
    0x8,

    /* U+002A "*" */
    0x0, 0xff, 0xe1, 0xa7, 0xff, 0xff, 0x3, 0x0,
    0x3f, 0xfa, 0x6c, 0x1, 0xff, 0xc0, 0x60, 0xf,
    0xfe, 0x99, 0x0, 0x7f, 0xf0, 0x34, 0x3, 0xff,
    0xa8, 0x40, 0x1f, 0xf1, 0x0, 0x7f, 0xf5, 0x1c,
    0x3, 0xfe, 0x70, 0xf, 0xfe, 0xa1, 0x0, 0x7f,
    0xc4, 0x1, 0xff, 0xd4, 0xd0, 0xf, 0xf1, 0x0,
    0x7f, 0xf5, 0x5c, 0x3, 0xfc, 0xe0, 0x1f, 0xfc,
    0xa3, 0x0, 0xff, 0x10, 0x7, 0xf8, 0x80, 0x3f,
    0xe3, 0x0, 0xfe, 0x6c, 0xa2, 0x0, 0xfe, 0x20,
    0xf, 0xed, 0x0, 0xfe, 0x6e, 0xd0, 0xf, 0xeb,
    0x5, 0xd9, 0x10, 0xf, 0x98, 0x3, 0xf9, 0x80,
    0x3e, 0x4d, 0x91, 0x12, 0x80, 0x7c, 0x84, 0x1,
    0x37, 0xb8, 0x7, 0x8c, 0x3, 0xf8, 0xc0, 0x38,
    0xee, 0xc4, 0x1, 0x48, 0x7, 0xde, 0x1, 0xc3,
    0x1c, 0xa0, 0x1b, 0x80, 0x3f, 0x8, 0x6, 0x1a,
    0xc4, 0x0, 0xe3, 0x20, 0xe, 0x24, 0x0, 0xf8,
    0x6b, 0x10, 0x0, 0xa0, 0x1f, 0x94, 0x2, 0x8e,
    0x50, 0xf, 0xd6, 0x1, 0xd6, 0x1, 0xfe, 0x3b,
    0xb1, 0x10, 0x3, 0xf1, 0x3, 0x73, 0x80, 0x7f,
    0x98, 0x3, 0x98, 0x3, 0xff, 0x80, 0x9b, 0x0,
    0x1f, 0x8f, 0x64, 0x40, 0x3f, 0xf8, 0xc, 0x1,
    0x30, 0x7, 0xff, 0xd, 0x80, 0x3f, 0x29, 0x0,
    0x7f, 0xf0, 0xac, 0x2, 0xb0, 0xf, 0xfe, 0xe1,
    0x20, 0x21, 0x0, 0x7f, 0xf7, 0x78, 0x38, 0x3,
    0xff, 0xbc, 0xa3, 0x59, 0x6, 0x1, 0xff, 0xd8,
    0x26, 0xae, 0x10, 0x37, 0xcf, 0xb7, 0x30, 0xf,
    0xfe, 0x80, 0xac, 0xf6, 0xca, 0x88, 0x7, 0x92,
    0x33, 0xa9, 0x88, 0x3, 0xff, 0x92, 0x93, 0xbd,
    0x4c, 0x20, 0x1f, 0xfc, 0x11, 0x59, 0xde, 0xa6,
    0x10, 0xf, 0xfe, 0x9, 0xc6, 0x7d, 0xb1, 0x0,
    0x7f, 0xf2, 0x45, 0x6c, 0x3, 0xff, 0x84, 0xae,
    0x60, 0x1f, 0xfc, 0xe2, 0xc1, 0x0, 0xff, 0xe0,
    0xb4, 0x0, 0x7f, 0xf3, 0x8b, 0x4, 0x3, 0xff,
    0x86, 0xf0, 0x1, 0xff, 0xcc, 0x1f, 0x10, 0xf,
    0xfe, 0x2b, 0xb8, 0x3, 0xff, 0x94, 0x38, 0x40,
    0x1f, 0xfc, 0x78, 0x70, 0xf, 0xfe, 0x40, 0xe1,
    0x0, 0x7f, 0xf2, 0x61, 0x80, 0x3f, 0xf8, 0xfa,
    0x40, 0x1f, 0xe2, 0x90, 0xf, 0xfa, 0x54, 0x3,
    0xff, 0x8b, 0x86, 0x1, 0xff, 0x73, 0x20, 0x7,
    0xfd, 0x4a, 0x1, 0xff, 0xc3, 0xb3, 0x0, 0xff,
    0x98, 0xc2, 0x40, 0x3f, 0xf8, 0x14, 0x80, 0x1f,
    0xfc, 0x1b, 0x40, 0xf, 0xf8, 0x60, 0x0, 0x50,
    0x1, 0xff, 0xc0, 0xb4, 0x0, 0xff, 0xa9, 0x0,
    0x3f, 0xf8, 0x16, 0x20, 0x13, 0x90, 0x7, 0xff,
    0x2, 0xcc, 0x3, 0xfa, 0x94, 0x3, 0xff, 0x80,
    0x6a, 0x1, 0xd2, 0x1, 0xff, 0xc1, 0xc3, 0x0,
    0xf9, 0x54, 0x1, 0xff, 0xc1, 0xe0, 0xf, 0x22,
    0x80, 0x7f, 0xf0, 0x78, 0x3, 0xe5, 0xb1, 0x0,
    0xff, 0x9c, 0x80, 0x3e, 0xb1, 0x0, 0xff, 0x97,
    0x40, 0x3f, 0x27, 0xa0, 0x7, 0xf1, 0x40, 0x7,
    0xe1, 0x80, 0xf, 0xf5, 0x50, 0x3, 0xfc, 0x37,
    0x20, 0x1f, 0xa4, 0x3, 0xfc, 0xc6, 0x1, 0xf1,
    0xf2, 0x80, 0x7f, 0xf0, 0x5b, 0x4c, 0x3, 0x95,
    0x0, 0x3f, 0xee, 0x0, 0xf4, 0x60, 0x80, 0x7f,
    0xf0, 0xcb, 0x1c, 0x2, 0x1b, 0x0, 0xff, 0xe0,
    0x13, 0x80, 0x45, 0x8e, 0x1, 0xff, 0xc7, 0x8b,
    0x10, 0x81, 0x0, 0xff, 0xe0, 0xc1, 0x3, 0x69,
    0x80, 0x7f, 0xf2, 0x53, 0xe1, 0x80, 0x3f, 0xf8,
    0x73, 0x72, 0x1, 0xff, 0xc0,

    /* U+002B "+" */
    0x0, 0xff, 0xe5, 0xaf, 0x77, 0xff, 0x1, 0x40,
    0x3f, 0xfc, 0x46, 0x23, 0xff, 0xc0, 0x30, 0xf,
    0xff, 0xf8, 0x7, 0xff, 0xfc, 0x3, 0xff, 0xfe,
    0x1, 0xff, 0xff, 0x0, 0xff, 0xff, 0x80, 0x7f,
    0xff, 0xc0, 0x3f, 0xff, 0xe0, 0x1f, 0xff, 0xf0,
    0xf, 0xff, 0xf8, 0x7, 0xff, 0xfc, 0x3, 0xff,
    0xfe, 0x1, 0xff, 0xff, 0x0, 0xff, 0xff, 0x80,
    0x7f, 0xff, 0xc0, 0x3f, 0xff, 0xe0, 0x1f, 0xff,
    0xf0, 0xf, 0xff, 0xf8, 0x7, 0xff, 0xfc, 0x3,
    0xff, 0xd2, 0xdf, 0xff, 0xfc, 0xa9, 0x0, 0xff,
    0xe0, 0x4f, 0xff, 0xff, 0x29, 0x80, 0x3f, 0xff,
    0xe0, 0x1f, 0xff, 0xf0, 0xf, 0xff, 0xf8, 0x7,
    0xff, 0xfc, 0x3, 0xff, 0xfe, 0x1, 0xff, 0xff,
    0x0, 0xff, 0xff, 0x80, 0x7f, 0xff, 0xc0, 0x3f,
    0xfe, 0x9, 0x33, 0xff, 0xca, 0x60, 0xf, 0xfe,
    0x3, 0x4c, 0xff, 0xf2, 0x90, 0x99, 0xbf, 0xf9,
    0x5e, 0x1, 0xff, 0xc0, 0xf6, 0x6f, 0xfe, 0x51,
    0x0, 0x7f, 0xff, 0xc0, 0x3f, 0xff, 0xe0, 0x1f,
    0xff, 0xf0, 0xf, 0xff, 0xf8, 0x7, 0xff, 0xfc,
    0x3, 0xff, 0xfe, 0x1, 0xff, 0xff, 0x0, 0xff,
    0xff, 0x80, 0x7f, 0xff, 0xc0, 0x3f, 0xff, 0xe0,
    0x1f, 0xff, 0xf0, 0xf, 0xff, 0xf8, 0x7, 0xff,
    0xfc, 0x3, 0xff, 0xfe, 0x1, 0xff, 0xff, 0x0,
    0xff, 0xff, 0x80, 0x7f, 0xff, 0xc0, 0x3f, 0xff,
    0xe0, 0x1f, 0xfd, 0x20,

    /* U+002C "," */
    0x0, 0xc6, 0xcd, 0xff, 0xc1, 0x40, 0xd, 0x53,
    0x3f, 0xfc, 0x1c, 0x0, 0xca, 0x1, 0xff, 0xc1,
    0xc0, 0xc, 0x40, 0x1f, 0xfc, 0x14, 0x0, 0xc2,
    0x1, 0xff, 0xc0, 0x30, 0xc, 0x40, 0x1f, 0xfc,
    0x14, 0x0, 0xcc, 0x1, 0xff, 0xc1, 0xc0, 0xc,
    0x60, 0x1f, 0xfc, 0x15, 0x0, 0xdc, 0x1, 0xff,
    0xc0, 0x31, 0x0, 0xc4, 0x1, 0xff, 0xc0, 0x40,
    0xe, 0x60, 0xf, 0xfe, 0x6, 0x0, 0x71, 0x0,
    0x7f, 0xf0, 0x14, 0x3, 0x8, 0x7, 0xff, 0x0,
    0x84, 0x3, 0x28, 0x7, 0xff, 0x1, 0x0, 0x38,
    0x80, 0x3f, 0xf8, 0x18, 0x1, 0xdc, 0x1, 0xff,
    0xc0, 0x40, 0xe, 0x20, 0xf, 0xf8, 0x84, 0x3,
    0x98, 0x3, 0xfe, 0x40, 0xf, 0x10, 0x7, 0xfd,
    0x80, 0x1c, 0x22, 0x0, 0xff, 0x90, 0x3, 0x88,
    0x3, 0xfe, 0x21, 0x0, 0xe6, 0x0, 0xff, 0x90,
    0x3, 0xc4, 0x1, 0xff, 0x60, 0x7, 0xb8, 0x3,
    0xfe, 0x40, 0xf, 0x28, 0x7, 0xf8, 0x84, 0x3,
    0xc4, 0x1, 0xfe, 0x40, 0xf, 0x84, 0x3, 0xfd,
    0x80, 0x1e, 0x20, 0xf, 0xf9, 0x0, 0x3c, 0xc0,
    0x1f, 0xe2, 0x10, 0xf, 0x10, 0x7, 0xf9, 0x0,
    0x3e,

    /* U+002D "-" */
    0x2, 0x2f, 0xfe, 0xc0, 0x96, 0xef, 0xff, 0x63,
    0xc0, 0x3f, 0xff, 0xe0, 0x1f, 0xff, 0xf0, 0xf,
    0xff, 0xf8, 0x7, 0xff, 0xfc, 0x3, 0xff, 0xfe,
    0x1, 0xff, 0xff, 0x0, 0xff, 0xf0, 0x0,

    /* U+002E "." */
    0x6, 0x6f, 0xfe, 0x19, 0x4c, 0xff, 0xf0, 0xc0,
    0x3f, 0xff, 0xe0, 0x1f, 0xff, 0xf0, 0xf, 0xff,
    0xf8, 0x7, 0xff, 0x4c,

    /* U+002F "/" */
    0x0, 0xff, 0xe8, 0xd7, 0xff, 0xff, 0x6, 0x40,
    0x3f, 0xfa, 0x2a, 0x1, 0xff, 0xc1, 0xd0, 0xf,
    0xfe, 0x82, 0x0, 0x7f, 0xf0, 0x90, 0x3, 0xff,
    0xa1, 0xa0, 0x1f, 0xfc, 0x15, 0x0, 0xff, 0xe8,
    0xb8, 0x7, 0xff, 0x7, 0xc0, 0x3f, 0xfa, 0x6,
    0x20, 0x1f, 0xfc, 0x15, 0x0, 0xff, 0xe8, 0x58,
    0x7, 0xff, 0x5, 0x0, 0x3f, 0xfa, 0x2a, 0x1,
    0xff, 0xc1, 0xd0, 0xf, 0xfe, 0x81, 0x10, 0x3,
    0xff, 0x82, 0xe0, 0x1f, 0xfd, 0x5, 0x0, 0xff,
    0xe0, 0x98, 0x80, 0x7f, 0xf4, 0x2c, 0x3, 0xff,
    0x83, 0x60, 0x1f, 0xfd, 0x1, 0x30, 0xf, 0xfe,
    0xa, 0x80, 0x7f, 0xf4, 0x1c, 0x3, 0xff, 0x82,
    0x44, 0x0, 0xff, 0xe8, 0x68, 0x7, 0xff, 0x5,
    0x40, 0x3f, 0xfa, 0x28, 0x1, 0xff, 0xc1, 0xb0,
    0xf, 0xfe, 0x82, 0x80, 0x7f, 0xf0, 0x44, 0xc0,
    0x3f, 0xfa, 0x1e, 0x1, 0xff, 0xc1, 0x70, 0xf,
    0xfe, 0x8a, 0x0, 0x7f, 0xf0, 0x74, 0x3, 0xff,
    0xa0, 0x82, 0x1, 0xff, 0xc1, 0x40, 0xf, 0xfe,
    0x86, 0x80, 0x7f, 0xf0, 0x54, 0x3, 0xff, 0xa2,
    0xe0, 0x1f, 0xfc, 0x1f, 0x0, 0xff, 0xe8, 0x18,
    0x80, 0x7f, 0xf0, 0x50, 0x3, 0xff, 0xa1, 0x60,
    0x1f, 0xfc, 0x14, 0x10, 0xf, 0xfe, 0x82, 0x80,
    0x7f, 0xf0, 0x74, 0x3, 0xff, 0xa0, 0x44, 0x0,
    0xff, 0xe0, 0xa0, 0x7, 0xff, 0x41, 0x0, 0x3f,
    0xf8, 0x24, 0x40, 0xf, 0xfe, 0x86, 0x80, 0x7f,
    0xf0, 0x54, 0x3, 0xff, 0xa0, 0x28, 0x1, 0xff,
    0xc1, 0xb0, 0xf, 0xfe, 0x82, 0x0, 0x7f, 0xf0,
    0x44, 0xc0, 0x3f, 0xfa, 0x1e, 0x1, 0xff, 0xc1,
    0x70, 0xf, 0xfe, 0x8a, 0x80, 0x7f, 0xf0, 0x74,
    0x3, 0xff, 0xa0, 0x80, 0x1f, 0xfc, 0x11, 0x40,
    0xf, 0xfe, 0x86, 0x80, 0x7f, 0xf0, 0x50, 0x3,
    0xff, 0xa2, 0xe0, 0x1f, 0xfc, 0x1f, 0x0, 0xff,
    0xe8, 0x18, 0x80, 0x7f, 0xf0, 0x54, 0x3, 0xff,
    0xa1, 0x60, 0x1f, 0xfc, 0x14, 0x0, 0xff, 0xe8,
    0xa8, 0x7, 0xff, 0x7, 0x40, 0x3f, 0xfa, 0x4,
    0x40, 0xf, 0xfe, 0xb, 0x80, 0x7f, 0xf4, 0x14,
    0x3, 0xff, 0x82, 0x62, 0x1, 0xff, 0xd0, 0xb0,
    0xf, 0xfe, 0xd, 0x80, 0x7f, 0xf4, 0x4, 0xc0,
    0x3f, 0xf8, 0x2a, 0x1, 0xff, 0xd0, 0x70, 0xf,
    0xfe, 0x9, 0x10, 0x3, 0xff, 0xa1, 0xa0, 0x1f,
    0xfc, 0x15, 0x0, 0xff, 0xe8, 0xa0, 0x7, 0xff,
    0x6, 0xc0, 0x3f, 0xfa, 0xa, 0x1, 0xff, 0xc1,
    0x13, 0x0, 0xff, 0xe8, 0x78, 0x7, 0xff, 0x5,
    0xc0, 0x3f, 0xfa, 0x2a, 0x1, 0xff, 0xc1, 0xd0,
    0xf, 0xfe, 0x82, 0x0, 0x7f, 0xf0, 0x90, 0x3,
    0xff, 0xa1, 0xa0, 0x1f, 0xfc, 0x15, 0x0, 0xff,
    0xe8, 0xb8, 0x7, 0xff, 0x7, 0xc0, 0x3f, 0xfa,
    0x6, 0x20, 0x1f, 0xfc, 0x15, 0x0, 0xff, 0xe8,
    0x58, 0x7, 0xff, 0x5, 0x0, 0x3f, 0xfa, 0x2a,
    0x1, 0xff, 0xc1, 0xd0, 0xf, 0xfe, 0x81, 0x10,
    0x3, 0xff, 0x82, 0xe0, 0x1f, 0xfd, 0x5, 0x0,
    0xff, 0xe0, 0x98, 0x80, 0x7f, 0xf4, 0x2c, 0x3,
    0xff, 0x83, 0x60, 0x1f, 0xfd, 0x1, 0x30, 0xf,
    0xfe, 0xa, 0x80, 0x7f, 0xf4, 0x1c, 0x3, 0xff,
    0x82, 0x44, 0x0, 0xff, 0xe8, 0x68, 0x7, 0xff,
    0x5, 0x40, 0x3f, 0xfa, 0x28, 0x1, 0xff, 0xc1,
    0xb0, 0xf, 0xfe, 0x82, 0x80, 0x7f, 0xf0, 0x44,
    0xc0, 0x3f, 0xfa, 0x1e, 0x1, 0xff, 0xc1, 0x70,
    0xf, 0xfe, 0x8a, 0x0, 0x7f, 0xf0, 0x74, 0x3,
    0xff, 0xa0, 0x82, 0x1, 0xff, 0xc1, 0x40, 0xf,
    0xfe, 0x86, 0x80, 0x7f, 0xf0, 0x54, 0x3, 0xff,
    0xa2, 0xe0, 0x1f, 0xfc, 0x1f, 0x0, 0xff, 0xe8,
    0x18, 0x80, 0x7f, 0xf0, 0x50, 0x3, 0xff, 0xa1,
    0x60, 0x1f, 0xfc, 0x14, 0x10, 0xf, 0xfe, 0x82,
    0x80, 0x7f, 0xf0, 0x74, 0x3, 0xff, 0xa0, 0x44,
    0x0, 0xff, 0xe0, 0xa0, 0x7, 0xff, 0x41, 0x40,
    0x3f, 0xf8, 0x24, 0x40, 0xf, 0xfe, 0x86, 0x0,
    0x7f, 0xf0, 0x54, 0x3, 0xff, 0xa0, 0x28, 0x1,
    0xff, 0xc1, 0xb0, 0xf, 0xfe, 0x82, 0x0, 0x7f,
    0xf0, 0x44, 0xc0, 0x3f, 0xfa, 0x1e, 0x1, 0xff,
    0xc1, 0x70, 0xf, 0xfe, 0x8a, 0x80, 0x7f, 0xf0,
    0x74, 0x3, 0xff, 0xa0, 0x80, 0x1f, 0xfc, 0x11,
    0x40, 0xf, 0xfe, 0x86, 0x80, 0x7f, 0xf0, 0x50,
    0x3, 0xff, 0xa2, 0xe0, 0x1f, 0xfc, 0x1f, 0x0,
    0xff, 0xe8, 0x18, 0x80, 0x7f, 0xf0, 0x54, 0x3,
    0xff, 0xa1, 0x60, 0x1f, 0xfc, 0x14, 0x0, 0xff,
    0xe8, 0xa8, 0x7, 0xff, 0x7, 0x40, 0x3f, 0xfa,
    0x4, 0x40, 0xf, 0xfe, 0xb, 0x80, 0x7f, 0xf4,
    0x14, 0x3, 0xff, 0x82, 0x62, 0x1, 0xff, 0xd0,
    0xb0, 0xf, 0xfe, 0xd, 0x80, 0x7f, 0xf4, 0x4,
    0xc0, 0x3f, 0xf8, 0x2a, 0x1, 0xff, 0xd0, 0x70,
    0xf, 0xfe, 0x9, 0x10, 0x3, 0xff, 0xa1, 0xa0,
    0x1f, 0xfc, 0x15, 0x0, 0xff, 0xe8, 0xa0, 0x7,
    0xff, 0x6, 0xc0, 0x3f, 0xfa, 0xa, 0x1, 0xff,
    0xc1, 0x13, 0x0, 0xff, 0xe8, 0x78, 0x7, 0xff,
    0x5, 0xc0, 0x3f, 0xfa, 0x2a, 0x1, 0xff, 0xc1,
    0xd0, 0xf, 0xfe, 0x80,

    /* U+0030 "0" */
    0x0, 0xff, 0xe6, 0x9b, 0x45, 0x66, 0xf7, 0xfd,
    0xdb, 0x72, 0xe8, 0x1, 0xff, 0xe3, 0x6a, 0xec,
    0x97, 0x53, 0x21, 0x0, 0x84, 0x91, 0xa2, 0xfe,
    0xdc, 0x40, 0x3f, 0xfb, 0x87, 0x3f, 0x2a, 0x20,
    0x1f, 0xfc, 0x54, 0x8e, 0xb4, 0x0, 0xff, 0xec,
    0x15, 0x63, 0x0, 0x7f, 0xf3, 0x12, 0xf0, 0xc0,
    0x3f, 0xfa, 0xb1, 0xaa, 0x1, 0xff, 0xd0, 0x3c,
    0xa1, 0x0, 0xff, 0xe8, 0x96, 0x38, 0x7, 0xff,
    0x51, 0x7d, 0x0, 0x3f, 0xf9, 0xeb, 0xa6, 0x1,
    0xff, 0xd6, 0x1b, 0x70, 0xf, 0xfe, 0x6a, 0xd0,
    0x7, 0xff, 0x6a, 0x20, 0x1, 0xff, 0xcb, 0x6a,
    0x0, 0xff, 0xee, 0x3c, 0x80, 0x7f, 0xf2, 0x52,
    0x40, 0x3f, 0xfb, 0xcc, 0xe0, 0x1f, 0xfc, 0x72,
    0xb0, 0xf, 0xff, 0x4, 0x28, 0x7, 0xff, 0x1b,
    0xc0, 0x3f, 0xfc, 0x54, 0x40, 0x1f, 0xfc, 0x49,
    0x20, 0xf, 0xfe, 0x39, 0x2b, 0x3b, 0x99, 0x4,
    0x3, 0xff, 0x91, 0xc0, 0x1f, 0xfc, 0x34, 0x60,
    0xf, 0xfe, 0x29, 0x4f, 0x6d, 0x4c, 0x42, 0x6f,
    0xb5, 0xc4, 0x3, 0xff, 0x8a, 0x6e, 0x1, 0xff,
    0xc2, 0x90, 0xf, 0xfe, 0x20, 0xce, 0xb0, 0x80,
    0x7e, 0x28, 0xe8, 0x0, 0xff, 0xe2, 0xc0, 0x80,
    0x7f, 0xf0, 0x18, 0x80, 0x3f, 0xf8, 0x65, 0xec,
    0x1, 0xff, 0xc2, 0x7c, 0x10, 0xf, 0xfe, 0x24,
    0x80, 0x7f, 0xf0, 0x20, 0x3, 0xff, 0x86, 0x7a,
    0x20, 0x1f, 0xfc, 0x43, 0xf1, 0x0, 0xff, 0xe1,
    0xb8, 0x80, 0x7f, 0x98, 0x40, 0x3f, 0xf8, 0x45,
    0xa0, 0x1f, 0xfc, 0x71, 0xc1, 0x0, 0xff, 0xe1,
    0xc8, 0x7, 0xfa, 0xc0, 0x3f, 0xf8, 0x7c, 0x20,
    0x1f, 0xfc, 0x82, 0xb0, 0xf, 0xfe, 0x1b, 0x0,
    0x7f, 0x19, 0x0, 0x7f, 0xf0, 0xa0, 0xc0, 0x3f,
    0xf9, 0x4a, 0xa0, 0xf, 0xfe, 0x10, 0xa8, 0x7,
    0xea, 0x0, 0xff, 0xe1, 0xb, 0x80, 0x7f, 0xf3,
    0x2c, 0x3, 0xff, 0x87, 0xc0, 0x1f, 0x98, 0x3,
    0xff, 0x85, 0x0, 0x1f, 0xfc, 0xd1, 0x70, 0xf,
    0xfe, 0x12, 0x8, 0x7, 0x90, 0x3, 0xff, 0x86,
    0xc0, 0x1f, 0xfc, 0xea, 0x0, 0xff, 0xe1, 0xa0,
    0x7, 0xb0, 0x3, 0xff, 0x84, 0xc0, 0x1f, 0xfc,
    0xf2, 0x40, 0xf, 0xfe, 0x17, 0x80, 0x79, 0x40,
    0x3f, 0xf8, 0x54, 0x1, 0xff, 0xd0, 0xe0, 0xf,
    0xfe, 0x12, 0x0, 0x71, 0x10, 0x3, 0xff, 0x82,
    0x26, 0x1, 0xff, 0xd0, 0x50, 0xf, 0xfe, 0x10,
    0x98, 0x6, 0x70, 0xf, 0xfe, 0x13, 0x80, 0x7f,
    0xf4, 0x90, 0x3, 0xff, 0x84, 0xa0, 0x1b, 0x40,
    0x3f, 0xf8, 0x58, 0x1, 0xff, 0xd2, 0xc0, 0xf,
    0xfe, 0x17, 0x80, 0x64, 0x0, 0xff, 0xe1, 0x38,
    0x7, 0xff, 0x49, 0x0, 0x3f, 0xf8, 0x48, 0x1,
    0x8c, 0x3, 0xff, 0x82, 0x24, 0x1, 0xff, 0xd2,
    0x30, 0xf, 0xfe, 0x11, 0x0, 0x44, 0x1, 0xff,
    0xc2, 0x50, 0xf, 0xfe, 0xa1, 0x0, 0x7f, 0xf0,
    0x88, 0x0, 0xc0, 0x1f, 0xfc, 0x22, 0x0, 0xff,
    0xea, 0x38, 0x7, 0xff, 0x9, 0x80, 0x4, 0x1,
    0xff, 0xc2, 0xf0, 0xf, 0xfe, 0xa6, 0x80, 0x7f,
    0xf0, 0x8c, 0x1, 0xc0, 0x1f, 0xfc, 0x22, 0x0,
    0xff, 0xea, 0x10, 0x7, 0xff, 0xb, 0x80, 0x4,
    0x1, 0xff, 0xc2, 0x60, 0xf, 0xfe, 0xa3, 0x0,
    0x7f, 0xf0, 0x88, 0x0, 0xc0, 0x1f, 0xfc, 0x23,
    0x0, 0xff, 0xea, 0x10, 0x7, 0xff, 0x9, 0xc0,
    0x2, 0x1, 0xff, 0xc2, 0x10, 0xf, 0xfe, 0xa0,
    0x80, 0x7f, 0xf0, 0x84, 0x0, 0x60, 0x1f, 0xfc,
    0x11, 0x0, 0xff, 0xeb, 0x8, 0x7, 0xff, 0x4,
    0x80, 0x2, 0x1, 0xff, 0xc1, 0x30, 0xf, 0xfe,
    0xb1, 0x80, 0x7f, 0xf0, 0xc4, 0x3, 0xff, 0x84,
    0x20, 0x1f, 0xfd, 0x61, 0x0, 0xff, 0xe1, 0x9,
    0x80, 0x7f, 0xf0, 0x9c, 0x3, 0xff, 0xca, 0x60,
    0x1f, 0xfe, 0x67, 0x0, 0xff, 0xe9, 0x8, 0x7,
    0xff, 0x58, 0x40, 0x3f, 0xf8, 0x62, 0x1, 0xff,
    0xf4, 0x10, 0xf, 0xff, 0xf8, 0x7, 0xff, 0xfc,
    0x3, 0xff, 0xfe, 0x1, 0xff, 0xdb, 0x10, 0xf,
    0xff, 0xa0, 0x80, 0x7f, 0xf0, 0xc4, 0x3, 0xff,
    0xac, 0x20, 0x1f, 0xff, 0xf0, 0xf, 0x18, 0x7,
    0xff, 0x9, 0xc0, 0x3f, 0xfa, 0xce, 0x1, 0xff,
    0xc2, 0x31, 0x0, 0xff, 0xe1, 0x8, 0x7, 0xff,
    0x58, 0x40, 0x3f, 0xf8, 0x42, 0x1, 0xff, 0xc3,
    0x30, 0xf, 0xfe, 0xb1, 0x80, 0x7f, 0xf1, 0x8,
    0x3, 0xff, 0x82, 0x20, 0x1f, 0xfd, 0x61, 0x0,
    0xff, 0xe0, 0x90, 0x0, 0x40, 0x3f, 0xf8, 0x42,
    0x1, 0xff, 0xd4, 0x10, 0xf, 0xfe, 0x10, 0x80,
    0x1c, 0x3, 0xff, 0x84, 0x60, 0x1f, 0xfd, 0x42,
    0x0, 0xff, 0xe1, 0x38, 0x0, 0x80, 0x3f, 0xf8,
    0x4e, 0x1, 0xff, 0xd4, 0x60, 0xf, 0xfe, 0x11,
    0x0, 0x3c, 0x3, 0xff, 0x84, 0x40, 0x1f, 0xfd,
    0x42, 0x0, 0xff, 0xe1, 0x78, 0x0, 0x80, 0x3f,
    0xf8, 0x5c, 0x1, 0xff, 0xd4, 0xe0, 0xf, 0xfe,
    0x11, 0x0, 0x18, 0x3, 0xff, 0x84, 0xa0, 0x1f,
    0xfd, 0x45, 0x0, 0xff, 0xe1, 0x30, 0x0, 0x80,
    0x3f, 0xf8, 0x46, 0x1, 0xff, 0xd4, 0x30, 0xf,
    0xfe, 0x11, 0x0, 0x46, 0x1, 0xff, 0xc2, 0x20,
    0xf, 0xfe, 0x91, 0x0, 0x7f, 0xf0, 0x8c, 0x3,
    0x28, 0x7, 0xff, 0x9, 0x0, 0x3f, 0xfa, 0x48,
    0x1, 0xff, 0xc2, 0x50, 0xd, 0xe0, 0x1f, 0xfc,
    0x2c, 0x0, 0xff, 0xe9, 0x60, 0x7, 0xff, 0xb,
    0x0, 0x32, 0x0, 0x7f, 0xf0, 0x90, 0x3, 0xff,
    0xa4, 0xa0, 0x1f, 0xfc, 0x27, 0x0, 0xc4, 0x20,
    0x1f, 0xfc, 0x11, 0x30, 0xf, 0xfe, 0x82, 0x0,
    0x7f, 0xf0, 0x84, 0x80, 0x39, 0xc0, 0x3f, 0xf8,
    0x56, 0x1, 0xff, 0xd0, 0xe0, 0xf, 0xfe, 0x13,
    0x80, 0x7b, 0x0, 0x3f, 0xf8, 0x4c, 0x1, 0xff,
    0xcf, 0x15, 0x0, 0xff, 0xe1, 0x68, 0x7, 0x94,
    0x3, 0xff, 0x84, 0x2a, 0x1, 0xff, 0xce, 0x90,
    0xf, 0xfe, 0x1a, 0x0, 0x7c, 0x80, 0x1f, 0xfc,
    0x28, 0x0, 0xff, 0xe6, 0x8b, 0x80, 0x7f, 0xf0,
    0x94, 0x3, 0xf7, 0x0, 0x7f, 0xf0, 0x89, 0x40,
    0x3f, 0xf9, 0x90, 0x1, 0xff, 0xc3, 0xe0, 0xf,
    0xca, 0x20, 0x1f, 0xfc, 0x2b, 0x10, 0xf, 0xfe,
    0x52, 0x30, 0x7, 0xff, 0x8, 0x90, 0x3, 0xf9,
    0x80, 0x3f, 0xf8, 0x43, 0x40, 0x1f, 0xfc, 0x92,
    0xa0, 0xf, 0xfe, 0x1d, 0x0, 0x7f, 0xa4, 0x3,
    0xff, 0x86, 0x92, 0x1, 0xff, 0xc7, 0x1f, 0x10,
    0xf, 0xfe, 0x10, 0xb8, 0x7, 0xf8, 0x58, 0x3,
    0xff, 0x86, 0xd4, 0x1, 0xff, 0xc5, 0x3f, 0x20,
    0xf, 0xfe, 0x1c, 0x80, 0x7f, 0xf0, 0x20, 0x3,
    0xff, 0x88, 0xba, 0x80, 0x1f, 0xfc, 0x27, 0xc1,
    0x0, 0xff, 0xe1, 0x8b, 0x80, 0x7f, 0xf0, 0x5,
    0xc0, 0x3f, 0xf8, 0x85, 0x78, 0xc2, 0x1, 0xf8,
    0x9f, 0xa0, 0x3, 0xff, 0x8b, 0x0, 0x1f, 0xfc,
    0x28, 0x20, 0xf, 0xfe, 0x29, 0xcf, 0x6d, 0x4c,
    0x42, 0x6f, 0xb6, 0x4, 0x3, 0xff, 0x8a, 0x8c,
    0x1, 0xff, 0xc3, 0xe0, 0xf, 0xfe, 0x41, 0x2b,
    0x3b, 0x99, 0x4, 0x3, 0xff, 0x91, 0x40, 0x1f,
    0xfc, 0x43, 0x80, 0xf, 0xff, 0x15, 0x8, 0x7,
    0xff, 0x15, 0xd4, 0x3, 0xff, 0xc1, 0xa, 0x1,
    0xff, 0xc7, 0xa3, 0x0, 0xff, 0xef, 0x33, 0x80,
    0x7f, 0xf2, 0x70, 0xc0, 0x3f, 0xfb, 0x8f, 0x20,
    0x1f, 0xfc, 0xbc, 0x40, 0xf, 0xfe, 0xd4, 0x40,
    0x3, 0xff, 0x9b, 0x70, 0x1, 0xff, 0xd7, 0x1b,
    0x70, 0xf, 0xfe, 0x7b, 0xe1, 0x0, 0x7f, 0xf5,
    0x17, 0xd0, 0x3, 0xff, 0xa2, 0x7b, 0x22, 0x1,
    0xff, 0xd0, 0x3c, 0xa1, 0x0, 0xff, 0xea, 0x37,
    0x41, 0x0, 0x7f, 0xf3, 0x16, 0xf0, 0xc0, 0x3f,
    0xfb, 0xf, 0xb8, 0xe6, 0x1, 0xff, 0xc5, 0x14,
    0x9e, 0xa4, 0x0, 0xff, 0xee, 0x1c, 0x67, 0x5c,
    0x31, 0x90, 0x80, 0x42, 0x22, 0x57, 0x9c, 0xeb,
    0x61, 0x0, 0xff, 0xe4, 0x80,

    /* U+0031 "1" */
    0x0, 0xff, 0xe7, 0x1b, 0x37, 0xff, 0x0, 0x40,
    0x3f, 0xf9, 0xb3, 0x93, 0x3f, 0xfc, 0x5, 0x0,
    0xff, 0xe5, 0xaf, 0x30, 0x7, 0xff, 0x5c, 0xae,
    0x84, 0x3, 0xff, 0xae, 0xfa, 0x80, 0x1f, 0xfd,
    0x73, 0xd8, 0x0, 0xff, 0xec, 0x4e, 0x10, 0x7,
    0xff, 0x5d, 0x79, 0x80, 0x3f, 0xfa, 0xe3, 0x74,
    0x20, 0x1f, 0xfd, 0x77, 0xe4, 0x0, 0xff, 0xeb,
    0x9e, 0x40, 0x7, 0xff, 0x62, 0x70, 0xc0, 0x3f,
    0xfa, 0xeb, 0xcc, 0x1, 0xff, 0xd7, 0x1b, 0xa1,
    0x0, 0xff, 0xeb, 0xbf, 0x20, 0x7, 0xff, 0x5c,
    0xf2, 0x0, 0x3f, 0xfb, 0x13, 0x86, 0x1, 0xff,
    0xd8, 0xc6, 0x0, 0xff, 0xe4, 0xbd, 0x80, 0x7f,
    0xf0, 0xe4, 0x3, 0xff, 0x90, 0x9b, 0x0, 0x1f,
    0xfc, 0x45, 0x40, 0xf, 0xfe, 0x29, 0x5d, 0x88,
    0x3, 0xff, 0x8d, 0x20, 0x1f, 0xfc, 0x47, 0xd4,
    0x0, 0xff, 0xe4, 0x13, 0x80, 0x7f, 0xf0, 0x53,
    0x60, 0x3, 0xff, 0x97, 0x2, 0x1, 0xfe, 0x1a,
    0xb2, 0x0, 0xff, 0xe6, 0xd8, 0x7, 0xf3, 0xf2,
    0x80, 0x7f, 0xf3, 0xd4, 0xc0, 0x3c, 0x9b, 0x0,
    0x1f, 0xfd, 0x2e, 0x0, 0xc3, 0x56, 0x40, 0x1f,
    0xfd, 0x32, 0x60, 0x3, 0xf2, 0x80, 0x7f, 0xf5,
    0xa5, 0x76, 0x0, 0x3f, 0xfb, 0x34, 0x40, 0x1f,
    0xff, 0xf0, 0xf, 0xff, 0xf8, 0x7, 0xff, 0xfc,
    0x3, 0xff, 0xfe, 0x1, 0xff, 0xff, 0x0, 0xff,
    0xff, 0x80, 0x7f, 0xff, 0xc0, 0x3f, 0xff, 0xe0,
    0x1f, 0xff, 0xf0, 0xf, 0xff, 0xf8, 0x7, 0xff,
    0xfc, 0x3, 0xff, 0xfe, 0x1, 0xff, 0xff, 0x0,
    0xff, 0xff, 0x80, 0x7f, 0xff, 0xc0, 0x3f, 0xff,
    0xe0, 0x1f, 0xff, 0xf0, 0xf, 0xff, 0xf8, 0x7,
    0xff, 0xfc, 0x3, 0xff, 0xfe, 0x1, 0xff, 0xff,
    0x0, 0xff, 0xff, 0x80, 0x7f, 0xff, 0xc0, 0x3f,
    0xff, 0xe0, 0x1f, 0xff, 0xf0, 0xf, 0xff, 0xf8,
    0x7, 0xff, 0xfc, 0x3, 0xff, 0xfe, 0x1, 0xff,
    0xff, 0x0, 0xff, 0xff, 0x80, 0x7f, 0xff, 0xc0,
    0x3f, 0xf9, 0xe0,

    /* U+0032 "2" */
    0x0, 0xff, 0xe5, 0x12, 0xc5, 0x5e, 0xf7, 0x3f,
    0xee, 0xe6, 0x5c, 0xba, 0x8, 0x7, 0xff, 0x6d,
    0x6b, 0xb6, 0x9d, 0x50, 0x84, 0x40, 0x10, 0x88,
    0xd1, 0xa2, 0xfb, 0x60, 0xc0, 0x3f, 0xfa, 0xa7,
    0x5f, 0x4a, 0x20, 0x1f, 0xfc, 0x72, 0x7c, 0xd7,
    0x10, 0xf, 0xfe, 0x81, 0xe6, 0x14, 0x3, 0xff,
    0x9c, 0x51, 0xd0, 0x1, 0xff, 0xcd, 0x1b, 0xc3,
    0x0, 0xff, 0xe9, 0xbf, 0x20, 0x7, 0xff, 0x29,
    0xb9, 0x0, 0x3f, 0xfa, 0xc3, 0x72, 0x1, 0xff,
    0xc8, 0xa9, 0x0, 0xff, 0xed, 0x35, 0x88, 0x7,
    0xff, 0x17, 0x14, 0x3, 0xff, 0xb8, 0x9a, 0x1,
    0xff, 0xc4, 0xc3, 0x0, 0xff, 0xef, 0x1e, 0x0,
    0x7f, 0xf0, 0xb0, 0xc0, 0x3f, 0xfc, 0x7, 0x20,
    0x1f, 0xfc, 0x9, 0x30, 0xf, 0xff, 0x13, 0x28,
    0x7, 0xf9, 0x58, 0x3, 0xff, 0xc9, 0x62, 0x1,
    0xf8, 0x6c, 0x3, 0xff, 0x90, 0x28, 0xac, 0xee,
    0x64, 0x20, 0xf, 0xfe, 0x40, 0xc0, 0x7, 0xe8,
    0x10, 0xf, 0xfe, 0x2a, 0xd7, 0x72, 0xea, 0x62,
    0x13, 0x7b, 0xd4, 0x60, 0x1f, 0xfc, 0x66, 0x10,
    0xf, 0x13, 0x0, 0x7f, 0xf1, 0x1f, 0xa9, 0x44,
    0x3, 0xf8, 0x57, 0x28, 0x80, 0x3f, 0xf8, 0xb2,
    0x1, 0xe8, 0x0, 0xff, 0xe1, 0x96, 0xc0, 0x80,
    0x7f, 0xf0, 0xd7, 0x10, 0x3, 0xff, 0x88, 0xe0,
    0x1c, 0x2a, 0x1, 0xff, 0xc2, 0x3d, 0x20, 0xf,
    0xfe, 0x30, 0xda, 0x80, 0x7f, 0xf1, 0x10, 0x3,
    0x38, 0x7, 0xff, 0x8, 0xb4, 0x3, 0xff, 0x95,
    0x44, 0x1, 0xff, 0xc3, 0xe0, 0xd, 0x60, 0x1f,
    0xfc, 0x2e, 0x10, 0xf, 0xfe, 0x5f, 0x0, 0x7f,
    0xf0, 0xd0, 0x2, 0x32, 0x0, 0xff, 0xe0, 0xb1,
    0x80, 0x7f, 0xf3, 0xd, 0x0, 0x3f, 0xf8, 0x42,
    0x20, 0x5, 0x0, 0x7f, 0xf0, 0xa0, 0x3, 0xff,
    0x9d, 0x0, 0x1f, 0xfc, 0x35, 0x0, 0x20, 0x7,
    0xff, 0x5, 0x84, 0x3, 0xff, 0x9c, 0x62, 0x1,
    0xff, 0xc2, 0x30, 0x22, 0x0, 0x7f, 0xf0, 0x6c,
    0x3, 0xff, 0xa0, 0x80, 0x1f, 0xfc, 0x2e, 0x4,
    0x0, 0xff, 0xe0, 0x99, 0x0, 0x7f, 0xf4, 0x30,
    0x3, 0xff, 0x84, 0x61, 0xa0, 0x1f, 0xfc, 0x1b,
    0x0, 0xff, 0xe8, 0x90, 0x7, 0xff, 0x8, 0x42,
    0x29, 0xd4, 0xc4, 0x3, 0xf2, 0x80, 0x7f, 0xf4,
    0x5c, 0x3, 0xff, 0x88, 0x6b, 0x15, 0x9d, 0xf9,
    0x50, 0xc6, 0x22, 0x20, 0xf, 0xfe, 0x88, 0x80,
    0x7f, 0xf2, 0xcd, 0x5e, 0x73, 0xb8, 0x1, 0xff,
    0xe1, 0x10, 0xf, 0xff, 0x8, 0x80, 0x7f, 0xfc,
    0x1c, 0x3, 0xff, 0x84, 0x60, 0x1f, 0xfe, 0x12,
    0x0, 0xff, 0xe1, 0x70, 0x7, 0xff, 0x87, 0xc0,
    0x3f, 0xf8, 0x46, 0x1, 0xff, 0xe1, 0x40, 0xf,
    0xfe, 0x13, 0x0, 0x7f, 0xf8, 0x4, 0x80, 0x3f,
    0xf8, 0x22, 0x40, 0x1f, 0xfe, 0x7, 0x0, 0xff,
    0xe1, 0x20, 0x7, 0xff, 0x86, 0x80, 0x3f, 0xf8,
    0x58, 0x1, 0xff, 0xe0, 0x23, 0x0, 0xff, 0xe1,
    0x38, 0x7, 0xff, 0x82, 0x0, 0x3f, 0xf8, 0x48,
    0x20, 0x1f, 0xfd, 0xf2, 0x50, 0xf, 0xfe, 0x17,
    0x0, 0x7f, 0xf8, 0x24, 0x3, 0xff, 0x84, 0x2a,
    0x1, 0xff, 0xdf, 0x64, 0x0, 0xff, 0xe1, 0x40,
    0x7, 0xff, 0x7c, 0x60, 0x3, 0xff, 0x84, 0x4c,
    0x1, 0xff, 0xdf, 0xa1, 0x0, 0xff, 0xe1, 0x40,
    0x7, 0xff, 0x7d, 0xd0, 0x3, 0xff, 0x84, 0x8a,
    0x1, 0xff, 0xde, 0x38, 0x0, 0xff, 0xe1, 0xc8,
    0x7, 0xff, 0x78, 0xb4, 0x3, 0xff, 0x87, 0x24,
    0x1, 0xff, 0xdd, 0x1f, 0x10, 0xf, 0xfe, 0x12,
    0x30, 0x7, 0xff, 0x7a, 0x88, 0x3, 0xff, 0x84,
    0x34, 0x1, 0xff, 0xde, 0xa4, 0x0, 0xff, 0xe1,
    0xe8, 0x80, 0x7f, 0xf7, 0x69, 0x40, 0x3f, 0xf8,
    0x72, 0x60, 0x1f, 0xfd, 0xd9, 0x50, 0xf, 0xfe,
    0x1b, 0x30, 0x3, 0xff, 0xbb, 0x2c, 0x1, 0xff,
    0xc3, 0x59, 0x0, 0xff, 0xee, 0xd3, 0x0, 0x7f,
    0xf0, 0xd2, 0x80, 0x3f, 0xfb, 0xb4, 0xa0, 0x1f,
    0xfc, 0x33, 0xb0, 0xf, 0xfe, 0xed, 0xa8, 0x7,
    0xff, 0xc, 0xf4, 0x3, 0xff, 0xb8, 0x38, 0x80,
    0x1f, 0xfc, 0x32, 0xd1, 0x0, 0xff, 0xed, 0x8e,
    0x18, 0x7, 0xff, 0xc, 0xb0, 0x40, 0x3f, 0xfb,
    0x67, 0xe4, 0x1, 0xff, 0xc3, 0x3c, 0x10, 0xf,
    0xfe, 0xda, 0x60, 0x80, 0x7f, 0xf0, 0xcf, 0x4,
    0x3, 0xff, 0xb6, 0xd6, 0x1, 0xff, 0xc4, 0x4c,
    0x0, 0xff, 0xee, 0x44, 0x80, 0x7f, 0xf1, 0x16,
    0xc0, 0x3f, 0xfb, 0x96, 0xe0, 0x1f, 0xfc, 0x47,
    0xa0, 0xf, 0xfe, 0xd9, 0x6a, 0x0, 0x7f, 0xf1,
    0x22, 0x0, 0x1f, 0xfd, 0xb4, 0xc2, 0x0, 0xff,
    0xe2, 0x53, 0x80, 0x7f, 0xf6, 0xda, 0xc4, 0x3,
    0xff, 0x86, 0x38, 0xa0, 0x1f, 0xfd, 0xb9, 0x90,
    0x7, 0xff, 0x10, 0x70, 0xc0, 0x3f, 0xfb, 0x43,
    0x6c, 0x1, 0xff, 0xc4, 0x2f, 0x20, 0xf, 0xfe,
    0xd1, 0x62, 0x0, 0x7f, 0xf1, 0x13, 0x44, 0x3,
    0xff, 0xb4, 0x78, 0x40, 0x1f, 0xfc, 0x45, 0xb0,
    0xf, 0xfe, 0xdb, 0x60, 0x80, 0x7f, 0xf1, 0x1e,
    0x80, 0x3f, 0xfb, 0x71, 0x20, 0x1f, 0xfc, 0x58,
    0x80, 0x7, 0xff, 0x6e, 0x9c, 0x3, 0xff, 0x8b,
    0x4e, 0x1, 0xff, 0xda, 0x1c, 0x50, 0xf, 0xfe,
    0x2d, 0xa8, 0x7, 0xff, 0x68, 0xb0, 0xc0, 0x3f,
    0xf8, 0x83, 0x88, 0x1, 0xff, 0xda, 0x3c, 0x20,
    0xf, 0xfe, 0x20, 0xe1, 0x80, 0x7f, 0xf6, 0x97,
    0x4, 0x3, 0xff, 0x88, 0x5e, 0x40, 0x1f, 0xfd,
    0xa7, 0xa0, 0xf, 0xfe, 0x33, 0x5d, 0x57, 0xff,
    0x62, 0x2, 0x60, 0x3, 0xff, 0x8e, 0x8a, 0xbf,
    0xfd, 0x93, 0x6, 0x0, 0xff, 0xf7, 0x10, 0x7,
    0xff, 0xc3, 0x80, 0x3f, 0xfe, 0x6, 0x1, 0xff,
    0xf0, 0x60, 0xf, 0xff, 0x81, 0x0, 0x7f, 0xfb,
    0xc4, 0x3, 0xff, 0xe0, 0xa0, 0x1f, 0xff, 0x2,
    0x0, 0xff, 0xf8, 0x70, 0x7, 0xff, 0xc0, 0x80,
    0x3f, 0xfe, 0xc, 0x0,

    /* U+0033 "3" */
    0x0, 0xff, 0xe5, 0xa, 0x3c, 0xde, 0xf7, 0x3f,
    0xf7, 0x6d, 0xd4, 0x29, 0x0, 0x7f, 0xf7, 0x56,
    0x7b, 0x97, 0xc, 0x84, 0x22, 0x0, 0xc2, 0x48,
    0xaf, 0x5b, 0xf4, 0xc2, 0x1, 0xff, 0xd6, 0x39,
    0xfa, 0x61, 0x0, 0xff, 0xe4, 0x2c, 0xf5, 0x20,
    0x7, 0xff, 0x48, 0xef, 0x18, 0x3, 0xff, 0x9e,
    0xb7, 0xaa, 0x1, 0xff, 0xce, 0x1a, 0xc4, 0x0,
    0xff, 0xe9, 0x95, 0x61, 0x80, 0x7f, 0xf2, 0xd3,
    0xd4, 0x3, 0xff, 0xae, 0x79, 0x0, 0x1f, 0xfc,
    0x97, 0xb1, 0x0, 0xff, 0xed, 0x3d, 0x88, 0x7,
    0xff, 0x1a, 0x60, 0x3, 0xff, 0xba, 0x98, 0x20,
    0x1f, 0xfc, 0x49, 0x60, 0xf, 0xfe, 0xf9, 0x60,
    0x80, 0x7f, 0xf0, 0x9d, 0x80, 0x3f, 0xfc, 0x25,
    0x40, 0x1f, 0xfc, 0x14, 0x80, 0xf, 0xff, 0x1a,
    0x38, 0x7, 0xfc, 0x34, 0x1, 0xff, 0xe5, 0x82,
    0x0, 0xff, 0x58, 0x80, 0x7f, 0xf1, 0xcd, 0xa6,
    0xa9, 0x76, 0xa9, 0x63, 0x0, 0xff, 0xe4, 0x48,
    0x7, 0xf1, 0xa8, 0x7, 0xff, 0x15, 0x73, 0xf2,
    0x59, 0x54, 0x88, 0x56, 0x9c, 0xea, 0x30, 0xf,
    0xfe, 0x2a, 0x10, 0x7, 0xe8, 0x0, 0xff, 0xe2,
    0x2f, 0x51, 0x80, 0x7f, 0xf0, 0x5, 0x72, 0xc8,
    0x3, 0xff, 0x89, 0x60, 0x1f, 0x1a, 0x0, 0x7f,
    0xf0, 0xee, 0x84, 0x3, 0xff, 0x8a, 0x98, 0x80,
    0x1f, 0xfc, 0x37, 0x0, 0xfa, 0x40, 0x3f, 0xf8,
    0x76, 0x80, 0x1f, 0xfc, 0x81, 0xb2, 0x0, 0xff,
    0xe1, 0xa, 0x0, 0x70, 0xa8, 0x7, 0xff, 0xa,
    0x90, 0x3, 0xff, 0x97, 0xe0, 0x1f, 0xfc, 0x3c,
    0x0, 0xe7, 0x0, 0xff, 0xe1, 0x2a, 0x80, 0x3f,
    0xf9, 0x84, 0xa0, 0x1f, 0xfc, 0x23, 0x0, 0xed,
    0x0, 0xff, 0xe1, 0x58, 0x7, 0xff, 0x3a, 0x40,
    0x3f, 0xf8, 0x4a, 0x1, 0x85, 0x0, 0x3f, 0xf8,
    0x2e, 0x20, 0x1f, 0xfc, 0xe3, 0x10, 0xf, 0xfe,
    0x8, 0x80, 0x64, 0x0, 0xff, 0xe1, 0x48, 0x7,
    0xff, 0x41, 0x40, 0x3f, 0xf8, 0x42, 0x1, 0x60,
    0x7, 0xff, 0x5, 0x44, 0x3, 0xff, 0xa0, 0x40,
    0x1f, 0xfc, 0x63, 0x0, 0xff, 0xe0, 0xf0, 0x7,
    0xff, 0x44, 0x40, 0x3f, 0xf8, 0xd5, 0xfd, 0x94,
    0xea, 0x62, 0x1, 0xc8, 0x1, 0xff, 0xe0, 0x10,
    0xe, 0x13, 0x58, 0xac, 0xef, 0xda, 0x89, 0x0,
    0xff, 0xe9, 0x8, 0x7, 0xff, 0x40, 0x95, 0xd8,
    0x3, 0xff, 0xa4, 0xa0, 0x1f, 0xfc, 0x12, 0x0,
    0xff, 0xf2, 0x18, 0x7, 0xff, 0x5, 0xc0, 0x3f,
    0xfc, 0x68, 0x1, 0xff, 0xc2, 0xd0, 0xf, 0xff,
    0x19, 0x80, 0x7f, 0xf0, 0x90, 0x3, 0xff, 0xc7,
    0x60, 0x1f, 0xfc, 0x11, 0x30, 0xf, 0xff, 0x11,
    0x98, 0x3, 0xff, 0x82, 0xe0, 0x1f, 0xfe, 0x38,
    0x0, 0xff, 0xe1, 0x58, 0x7, 0xff, 0x89, 0x90,
    0x3, 0xff, 0x82, 0xa4, 0x1, 0xff, 0xe1, 0x69,
    0x0, 0xff, 0xe1, 0x40, 0x7, 0xff, 0x80, 0x6a,
    0x40, 0x3f, 0xf8, 0x50, 0x40, 0x1f, 0xfd, 0xe4,
    0x9e, 0x50, 0xf, 0xfe, 0x12, 0x38, 0x7, 0xff,
    0x40, 0xea, 0xbf, 0xeb, 0xdf, 0xb6, 0x0, 0xff,
    0xe1, 0x9d, 0x0, 0x7f, 0xf4, 0x55, 0x7f, 0xf8,
    0x8, 0x40, 0x1f, 0xfc, 0x52, 0xd1, 0x0, 0xff,
    0xf7, 0xa6, 0x8, 0x7, 0xff, 0xbd, 0xec, 0x40,
    0x3f, 0xfd, 0xc7, 0x90, 0x1, 0xff, 0xef, 0x6c,
    0x30, 0xf, 0xff, 0x83, 0x59, 0x80, 0x7f, 0xfc,
    0x53, 0x2c, 0x80, 0x3f, 0xfe, 0x29, 0xac, 0x1,
    0xff, 0xf2, 0x9a, 0x0, 0xff, 0xf9, 0x2e, 0x8,
    0x7, 0xff, 0xc4, 0xf4, 0x3, 0xff, 0xe4, 0x74,
    0x1, 0xff, 0xcf, 0x6f, 0xff, 0xf7, 0x6e, 0x4b,
    0x18, 0x7, 0xff, 0x19, 0x58, 0x3, 0xff, 0xb2,
    0x24, 0x6d, 0x39, 0xae, 0x20, 0x1f, 0xfc, 0x48,
    0x10, 0xf, 0xfe, 0xf1, 0x47, 0x30, 0x7, 0xff,
    0xc, 0x64, 0x3, 0xff, 0xc3, 0x36, 0x1, 0xff,
    0xc3, 0x71, 0x0, 0xff, 0xf0, 0xa5, 0x80, 0x7f,
    0xf0, 0xd8, 0x3, 0xff, 0xc4, 0x8e, 0x1, 0xff,
    0xc2, 0xb0, 0xf, 0xff, 0x1c, 0x8, 0x7, 0xff,
    0x4, 0xc8, 0x3, 0xff, 0xc6, 0xc0, 0x1f, 0xfc,
    0x24, 0x0, 0xff, 0xf1, 0xd8, 0x7, 0xff, 0xb,
    0xc0, 0x3f, 0xfc, 0x66, 0x1, 0xff, 0xc2, 0x50,
    0xf, 0xff, 0x21, 0x80, 0x7f, 0xf0, 0x4c, 0x3,
    0xff, 0xc8, 0xc0, 0x1f, 0xff, 0x22, 0x0, 0xff,
    0xe1, 0xc, 0xff, 0xff, 0xf0, 0x74, 0x3, 0xff,
    0xc8, 0x20, 0x1f, 0xfc, 0x12, 0x0, 0xff, 0xf2,
    0x70, 0x7, 0xff, 0x8, 0x40, 0x3f, 0xfc, 0x42,
    0x40, 0x1f, 0xfc, 0x25, 0x0, 0xff, 0xe9, 0x90,
    0x7, 0xff, 0xd, 0x40, 0x3f, 0xf8, 0x58, 0x1,
    0xff, 0xd3, 0x60, 0xf, 0xfe, 0x8, 0x80, 0x88,
    0x3, 0xff, 0x82, 0x80, 0x1f, 0xfd, 0x33, 0x0,
    0xff, 0xe0, 0x90, 0x1, 0x40, 0x3f, 0xf8, 0x26,
    0x20, 0x1f, 0xfd, 0x13, 0x0, 0xff, 0xe1, 0x30,
    0x3, 0x0, 0x3f, 0xf8, 0x4c, 0x1, 0xff, 0xd1,
    0xb0, 0xf, 0xfe, 0x16, 0x80, 0x10, 0x3, 0xff,
    0x85, 0x40, 0x1f, 0xfd, 0x16, 0x0, 0xff, 0xe1,
    0x20, 0x0, 0xc4, 0x3, 0xff, 0x82, 0x4c, 0x1,
    0xff, 0xcf, 0x71, 0x0, 0xff, 0xe1, 0x18, 0x4,
    0xe0, 0x1f, 0xfc, 0x28, 0x10, 0xf, 0xfe, 0x69,
    0x40, 0x7, 0xff, 0x9, 0x40, 0x35, 0x0, 0x7f,
    0xf0, 0x87, 0x40, 0x3f, 0xf9, 0x85, 0xe0, 0x1f,
    0xfc, 0x3f, 0x0, 0xc6, 0x40, 0x1f, 0xfc, 0x23,
    0xc1, 0x0, 0xff, 0xe4, 0xa6, 0x10, 0x7, 0xff,
    0xd, 0x40, 0x3a, 0x0, 0x3f, 0xf8, 0x67, 0xea,
    0x1, 0xff, 0xc6, 0x19, 0xb1, 0x0, 0xff, 0xe1,
    0xb8, 0x7, 0x94, 0x80, 0x3f, 0xf8, 0x63, 0x5a,
    0xe4, 0x1, 0xff, 0xc1, 0x4a, 0xe6, 0x0, 0xff,
    0xe2, 0xc8, 0x7, 0xdc, 0x1, 0xff, 0xc5, 0x28,
    0xdd, 0x54, 0x32, 0xa2, 0x4a, 0xd1, 0x9f, 0x6a,
    0x1, 0xff, 0xc6, 0x71, 0x0, 0xf8, 0xd8, 0x3,
    0xff, 0x8e, 0x4a, 0xf3, 0x57, 0x75, 0x4b, 0x98,
    0x7, 0xff, 0x20, 0x60, 0x3, 0xfa, 0x48, 0x3,
    0xff, 0xcd, 0xa0, 0x1f, 0xf7, 0x88, 0x7, 0xff,
    0x92, 0xc, 0x3, 0xfe, 0x2d, 0x10, 0xf, 0xff,
    0x13, 0x38, 0x7, 0xff, 0x4, 0xf4, 0x40, 0x3f,
    0xfc, 0xb, 0x20, 0x1f, 0xfc, 0x33, 0xc3, 0x0,
    0xff, 0xef, 0x35, 0x0, 0x7f, 0xf1, 0x4b, 0x18,
    0x3, 0xff, 0xb9, 0x32, 0x0, 0xff, 0xe4, 0x4e,
    0x18, 0x7, 0xff, 0x61, 0x35, 0x80, 0x3f, 0xf9,
    0x47, 0x94, 0x40, 0x1f, 0xfd, 0x43, 0xbb, 0x10,
    0x7, 0xff, 0x35, 0x76, 0xd0, 0x3, 0xff, 0xa0,
    0xb7, 0x88, 0x1, 0xff, 0xd1, 0x4b, 0xe9, 0x51,
    0x0, 0xff, 0xe4, 0x13, 0x57, 0xd2, 0x0, 0x7f,
    0xf5, 0x45, 0xab, 0xb6, 0xa1, 0x90, 0x84, 0x40,
    0x18, 0x44, 0x68, 0xd1, 0x7d, 0xb2, 0xa0, 0x1f,
    0xfc, 0x60,

    /* U+0034 "4" */
    0x0, 0xff, 0xee, 0x23, 0x37, 0xff, 0x1, 0x0,
    0x3f, 0xfc, 0xe9, 0x73, 0x3f, 0xfc, 0x8, 0x0,
    0xff, 0xf3, 0xd, 0x0, 0x7f, 0xfd, 0x28, 0x40,
    0x3f, 0xfe, 0x6c, 0x80, 0x1f, 0xff, 0x32, 0x90,
    0xf, 0xff, 0xa7, 0x80, 0x7f, 0xfd, 0x24, 0x80,
    0x3f, 0xfe, 0x6a, 0xc0, 0x1f, 0xff, 0x31, 0xb0,
    0xf, 0xff, 0xa6, 0x88, 0x7, 0xff, 0xce, 0xc,
    0x3, 0xff, 0xe6, 0x6e, 0x1, 0xff, 0xf3, 0x1d,
    0x0, 0xff, 0xfa, 0x58, 0x80, 0x7f, 0xfc, 0xd9,
    0x40, 0x3f, 0xfe, 0x65, 0x20, 0x1f, 0xff, 0x4f,
    0x0, 0xff, 0xfa, 0x49, 0x0, 0x7f, 0xfc, 0xd1,
    0x80, 0x3f, 0xe2, 0x10, 0xf, 0xff, 0x30, 0xd0,
    0x7, 0xff, 0x3, 0x80, 0x3f, 0xfc, 0xf4, 0x20,
    0x1f, 0xf4, 0x18, 0x7, 0xff, 0x99, 0xd0, 0x3,
    0xfe, 0x37, 0x0, 0xff, 0xf3, 0x1c, 0x0, 0x7f,
    0xf0, 0x38, 0x3, 0xff, 0xcf, 0xc0, 0x1f, 0xfc,
    0xa, 0x20, 0xf, 0xff, 0x35, 0x10, 0x7, 0xfc,
    0xaa, 0x0, 0xff, 0xf3, 0x2a, 0x80, 0x3f, 0xe1,
    0xb0, 0xf, 0xff, 0x31, 0x50, 0x7, 0xff, 0x2,
    0x84, 0x3, 0xff, 0xcd, 0xc0, 0x1f, 0xfc, 0x7,
    0x40, 0xf, 0xff, 0x34, 0x18, 0x7, 0xfc, 0x70,
    0x1, 0xff, 0xe6, 0x47, 0x0, 0xff, 0xe0, 0x70,
    0x7, 0xff, 0x98, 0x68, 0x3, 0xff, 0x81, 0x24,
    0x1, 0xff, 0xe6, 0xa1, 0x0, 0xff, 0x91, 0x80,
    0x3f, 0xfc, 0xcc, 0x80, 0x1f, 0xf0, 0xd0, 0x7,
    0xff, 0x98, 0xa4, 0x3, 0xff, 0x81, 0x42, 0x1,
    0xff, 0xe6, 0xf0, 0xf, 0xfe, 0x3, 0x20, 0x7,
    0xff, 0x9a, 0x48, 0x3, 0xfe, 0x29, 0x0, 0xff,
    0xf3, 0x2b, 0x0, 0x7f, 0xf0, 0x3c, 0x3, 0xff,
    0xcc, 0x36, 0x1, 0xff, 0xc0, 0x82, 0x0, 0xff,
    0xf3, 0x68, 0x80, 0x7f, 0xc8, 0xe0, 0x1f, 0xfe,
    0x68, 0x30, 0xf, 0xf8, 0x68, 0x3, 0xff, 0xcc,
    0x6e, 0x1, 0xff, 0xc0, 0xb1, 0x0, 0xff, 0xf2,
    0x8e, 0x80, 0x7f, 0xf0, 0x19, 0x40, 0x3f, 0xfc,
    0xd6, 0x20, 0x1f, 0xf1, 0x48, 0x7, 0xff, 0x99,
    0x94, 0x3, 0xff, 0x81, 0xc0, 0x1f, 0xfe, 0x62,
    0x90, 0xf, 0xfe, 0x4, 0x18, 0x7, 0xff, 0x9b,
    0xc0, 0x3f, 0xf8, 0x6, 0xe0, 0x1f, 0xfe, 0x69,
    0x20, 0xf, 0xfe, 0x6, 0x80, 0x7f, 0xf9, 0x91,
    0x80, 0x3f, 0xf8, 0x14, 0x20, 0x1f, 0xfe, 0x51,
    0xa0, 0xf, 0xfe, 0x2, 0xa8, 0x3, 0xff, 0xcd,
    0x42, 0x1, 0xff, 0xd, 0x0, 0x7f, 0xf9, 0x9d,
    0x0, 0x3f, 0xf8, 0x1a, 0x1, 0xff, 0xe6, 0x38,
    0x0, 0xff, 0xe0, 0x39, 0x80, 0x7f, 0xf9, 0xb8,
    0x3, 0xff, 0x80, 0x70, 0x1, 0xff, 0xe6, 0xa2,
    0x0, 0xff, 0xe0, 0x70, 0x7, 0xff, 0x99, 0x54,
    0x1, 0xff, 0xc1, 0xdf, 0xff, 0xfe, 0x60, 0x80,
    0x7f, 0xf0, 0xf, 0xff, 0xfe, 0xa, 0x0, 0xff,
    0xf9, 0x88, 0x7, 0xff, 0xd5, 0x40, 0x3f, 0xfe,
    0xa4, 0x1, 0xff, 0xf5, 0xe0, 0xf, 0xff, 0xa9,
    0x80, 0x7f, 0xfd, 0x58, 0x3, 0xff, 0xea, 0x40,
    0x1f, 0xff, 0x42, 0x0, 0xff, 0xfa, 0xb8, 0x7,
    0xff, 0xd4, 0x80, 0xe, 0xff, 0xfd, 0xc0, 0xf,
    0xfe, 0x8, 0xbb, 0xff, 0x58, 0x2, 0x23, 0xff,
    0xb8, 0x20, 0x1f, 0xfc, 0x2, 0x88, 0xfe, 0x30,
    0xf, 0xff, 0xf8, 0x7, 0xff, 0xfc, 0x3, 0xff,
    0xfe, 0x1, 0xff, 0xff, 0x0, 0xff, 0xff, 0x80,
    0x7f, 0xff, 0xc0, 0x3f, 0xff, 0xe0, 0x1f, 0xff,
    0xf0, 0xf, 0xff, 0xf8, 0x7, 0xff, 0xfc, 0x3,
    0xff, 0xfe, 0x1, 0xff, 0xff, 0x0, 0xff, 0xff,
    0x80, 0x7f, 0xff, 0xc0, 0x3f, 0xff, 0xe0, 0x1f,
    0xff, 0xf0, 0xf, 0xff, 0x60,

    /* U+0035 "5" */
    0x0, 0xf2, 0xc4, 0x7f, 0xf8, 0xd8, 0x3, 0xfe,
    0xe7, 0x7f, 0xff, 0x1d, 0x0, 0x7f, 0xce, 0x1,
    0xff, 0xef, 0x20, 0xf, 0xff, 0x78, 0x80, 0x7f,
    0xff, 0xc0, 0x3f, 0xfb, 0xe4, 0x1, 0xff, 0xef,
    0x10, 0xf, 0xff, 0x7b, 0x0, 0x7f, 0xfb, 0xcc,
    0x3, 0xff, 0xde, 0x20, 0x1f, 0xfe, 0xfe, 0x0,
    0xff, 0xf7, 0x98, 0x7, 0xff, 0xbc, 0x40, 0x3f,
    0xf8, 0x1d, 0xff, 0xff, 0xd7, 0xc0, 0xf, 0xf3,
    0x0, 0x7f, 0xf0, 0x4, 0x3, 0xff, 0xc4, 0x60,
    0x1f, 0xf0, 0x80, 0x7f, 0xf8, 0xc4, 0x3, 0xfe,
    0x20, 0xf, 0xff, 0x10, 0x80, 0x7f, 0xf0, 0x1c,
    0x3, 0xff, 0xc4, 0x60, 0x1f, 0xfc, 0x1, 0x0,
    0xff, 0xf1, 0x30, 0x7, 0xff, 0x0, 0x80, 0x3f,
    0xfc, 0x42, 0x1, 0xff, 0xc0, 0xf0, 0xf, 0xff,
    0x11, 0x80, 0x7f, 0xf0, 0x8, 0x3, 0xff, 0xc5,
    0xc0, 0x1f, 0xfc, 0x1, 0x0, 0xff, 0xf1, 0x8,
    0x7, 0xff, 0x1, 0x80, 0x3f, 0xfc, 0x46, 0x1,
    0xff, 0xc0, 0x30, 0xf, 0xff, 0x13, 0x0, 0x7f,
    0xf0, 0x4, 0x3, 0xff, 0xc4, 0x20, 0x1f, 0xf0,
    0x80, 0x7f, 0xf8, 0xc8, 0x3, 0xfe, 0x30, 0xf,
    0xff, 0x7b, 0x0, 0x7f, 0xf8, 0x84, 0x3, 0xff,
    0x80, 0x20, 0x1f, 0xfe, 0x22, 0x0, 0xff, 0xe0,
    0x10, 0x7, 0xf8, 0x95, 0xa2, 0x66, 0x88, 0x3a,
    0x90, 0x7, 0xff, 0x31, 0xc0, 0x3f, 0xf8, 0x1e,
    0x1, 0xe3, 0x8c, 0xfd, 0xa9, 0x76, 0x69, 0xdd,
    0x15, 0xbf, 0x90, 0x80, 0x1f, 0xfc, 0x81, 0x0,
    0xff, 0xe0, 0x10, 0x4, 0x51, 0xd8, 0xe6, 0x1,
    0xff, 0xc2, 0x37, 0xbe, 0x81, 0x0, 0xff, 0xe2,
    0x90, 0x7, 0xff, 0x0, 0x40, 0xab, 0x5c, 0x40,
    0x3f, 0xf9, 0x2, 0xfd, 0x22, 0x1, 0xff, 0xc3,
    0xf0, 0xf, 0xfe, 0xc, 0xea, 0x80, 0x7f, 0xf3,
    0x9b, 0x98, 0x3, 0xff, 0x84, 0x40, 0x1f, 0xfc,
    0xb, 0x60, 0xf, 0xfe, 0x94, 0xd8, 0x80, 0x7f,
    0xf0, 0x4, 0x3, 0xff, 0xc2, 0x98, 0x40, 0x1f,
    0xf3, 0x80, 0x7f, 0xf8, 0x8b, 0x8, 0x3, 0xfc,
    0x40, 0x1f, 0xfe, 0x31, 0xc2, 0x0, 0xfe, 0x10,
    0xf, 0xff, 0x20, 0xf8, 0x7, 0xff, 0xbc, 0xa4,
    0x3, 0xe2, 0x0, 0xff, 0xf3, 0xb2, 0x0, 0x78,
    0x40, 0x3f, 0xf9, 0x4, 0xd3, 0x7b, 0xdf, 0xf7,
    0x64, 0xa8, 0x80, 0x7f, 0xf1, 0xa4, 0x3, 0xce,
    0x1, 0xff, 0xc6, 0x6d, 0xd4, 0xb2, 0x10, 0x80,
    0x42, 0x6d, 0x5d, 0x66, 0x1, 0xff, 0xc4, 0x27,
    0x0, 0xe2, 0x0, 0xff, 0xe2, 0x3f, 0x49, 0x0,
    0x7f, 0xf0, 0x93, 0x28, 0x40, 0x3f, 0xf8, 0x72,
    0x1, 0xc2, 0x1, 0xff, 0xc2, 0x2c, 0x81, 0x0,
    0xff, 0xe3, 0x2e, 0x10, 0x7, 0xff, 0x8, 0x54,
    0x3, 0x70, 0x7, 0xff, 0x5, 0x74, 0xc0, 0x3f,
    0xf9, 0x25, 0x82, 0x1, 0xff, 0xc2, 0xe0, 0xc,
    0x60, 0x1f, 0xfc, 0x7, 0xa0, 0xf, 0xfe, 0x60,
    0xd8, 0x7, 0xff, 0x9, 0x4, 0x2, 0xd5, 0x5f,
    0xfa, 0x20, 0x1, 0xff, 0xce, 0x55, 0x0, 0x7f,
    0xf0, 0x90, 0x2, 0x7a, 0xaf, 0xf9, 0xc0, 0x3f,
    0xfa, 0x10, 0x1, 0xff, 0xc2, 0xc0, 0xf, 0xff,
    0x1, 0x18, 0x7, 0xff, 0x5, 0x0, 0x3f, 0xfc,
    0x32, 0x1, 0xff, 0xc1, 0x21, 0x0, 0xff, 0xf0,
    0x38, 0x7, 0xff, 0x8, 0x80, 0x3f, 0xfc, 0x4,
    0x20, 0x1f, 0xfc, 0x15, 0x0, 0xff, 0xf0, 0xa8,
    0x7, 0xff, 0x7, 0x80, 0x3f, 0xfc, 0x24, 0x1,
    0xff, 0xc1, 0x10, 0xf, 0xff, 0x8, 0x80, 0x7f,
    0xf0, 0x4c, 0x3, 0xff, 0xc3, 0xe0, 0x1f, 0xfc,
    0x11, 0x0, 0xff, 0xf0, 0x88, 0x7, 0xff, 0xfc,
    0x3, 0xff, 0xdc, 0x20, 0x1f, 0xfe, 0x11, 0x0,
    0xff, 0xf7, 0xf0, 0x7, 0xff, 0x4, 0xe3, 0xff,
    0xff, 0x83, 0x20, 0x1f, 0xfd, 0x22, 0x0, 0xff,
    0xe0, 0xf7, 0x80, 0x7f, 0xf0, 0x54, 0x3, 0xff,
    0xa4, 0xc0, 0x1f, 0xfc, 0x12, 0x20, 0x7, 0xff,
    0x4, 0xc0, 0x3f, 0xfa, 0x44, 0x1, 0xff, 0xc1,
    0x66, 0x0, 0x7f, 0xf0, 0x8c, 0x3, 0xff, 0xa0,
    0x80, 0x1f, 0xfc, 0x22, 0x30, 0xf, 0xfe, 0x15,
    0x80, 0x7f, 0xf4, 0x34, 0x3, 0xff, 0x82, 0x42,
    0x4, 0x1, 0xff, 0xc1, 0x60, 0xf, 0xfe, 0x83,
    0x80, 0x7f, 0xf0, 0x5c, 0x0, 0xe0, 0x1f, 0xfc,
    0x11, 0x50, 0xf, 0xfe, 0x73, 0x8, 0x7, 0xff,
    0x7, 0x0, 0x1e, 0x1, 0xff, 0xc2, 0x80, 0xf,
    0xfe, 0x68, 0xc0, 0x7, 0xff, 0x9, 0xc0, 0x8,
    0x1, 0xff, 0xc2, 0x27, 0x0, 0xff, 0xe6, 0x58,
    0x80, 0x7f, 0xf0, 0x4c, 0x40, 0x2, 0x60, 0x1f,
    0xfc, 0x28, 0x40, 0xf, 0xfe, 0x54, 0x28, 0x7,
    0xff, 0xa, 0x80, 0x35, 0x0, 0x7f, 0xf0, 0xed,
    0x0, 0x3f, 0xf9, 0x14, 0xe0, 0x1f, 0xfc, 0x21,
    0x60, 0xc, 0xc0, 0x1f, 0xfc, 0x4b, 0x91, 0x0,
    0xff, 0xe2, 0x26, 0xa8, 0x7, 0xff, 0xd, 0x80,
    0x3c, 0xe0, 0x1f, 0xfc, 0x46, 0xe9, 0x30, 0xf,
    0xfe, 0x2, 0xe5, 0x90, 0x7, 0xff, 0xc, 0x64,
    0x3, 0xd2, 0x1, 0xff, 0xc6, 0x6c, 0xfc, 0x98,
    0x66, 0xcf, 0x39, 0xf4, 0x60, 0x1f, 0xfc, 0x58,
    0x10, 0xf, 0xc, 0x80, 0x7f, 0xf2, 0xd, 0x9e,
    0x67, 0x43, 0x18, 0x7, 0xff, 0x1c, 0xd8, 0x3,
    0xf3, 0x18, 0x7, 0xff, 0x93, 0x80, 0x3f, 0xda,
    0x20, 0x1f, 0xfe, 0x29, 0x20, 0xf, 0xf0, 0xe8,
    0x7, 0xff, 0x86, 0x18, 0x3, 0xff, 0x80, 0x76,
    0x1, 0xff, 0xdf, 0x67, 0x0, 0xff, 0xe1, 0x26,
    0x8, 0x7, 0xff, 0x72, 0x24, 0x3, 0xff, 0x88,
    0x7e, 0x60, 0x1f, 0xfd, 0x91, 0xa7, 0x0, 0xff,
    0xe3, 0xe, 0x40, 0x7, 0xff, 0x5d, 0x3d, 0x40,
    0x3f, 0xf9, 0x2f, 0xcc, 0x1, 0xff, 0xd3, 0x2b,
    0xb0, 0x80, 0x7f, 0xf2, 0xc6, 0x7a, 0x8, 0x3,
    0xff, 0x9c, 0x97, 0xa8, 0x1, 0xff, 0xcf, 0x17,
    0xdd, 0x42, 0x0, 0x7f, 0xf2, 0x12, 0x7a, 0xd0,
    0x3, 0xff, 0xa8, 0x4f, 0x7f, 0xb4, 0xea, 0x84,
    0x22, 0x0, 0xc2, 0x48, 0xd3, 0x9f, 0x6c, 0x20,
    0x1f, 0xfc, 0x50,

    /* U+0036 "6" */
    0x0, 0xff, 0xe7, 0xa, 0xbd, 0x66, 0xf7, 0xfd,
    0xdc, 0xcb, 0x96, 0x40, 0xf, 0xfe, 0xf1, 0xce,
    0xf5, 0x42, 0x99, 0x8, 0x4, 0x22, 0x34, 0x69,
    0xbf, 0xd8, 0x30, 0xf, 0xfe, 0xb8, 0xbe, 0xe3,
    0x10, 0x7, 0xff, 0x18, 0x9f, 0x35, 0x80, 0x3f,
    0xfa, 0x8f, 0xd0, 0x40, 0x1f, 0xfc, 0xc2, 0x9e,
    0x60, 0xf, 0xfe, 0x82, 0xf4, 0x0, 0x7f, 0xf4,
    0x46, 0x6c, 0x40, 0x3f, 0xf9, 0xb3, 0x42, 0x1,
    0xff, 0xd4, 0x4f, 0x20, 0xf, 0xfe, 0x50, 0xeb,
    0x0, 0x7f, 0xf5, 0xc7, 0x4c, 0x3, 0xff, 0x90,
    0x58, 0x40, 0x1f, 0xfd, 0xad, 0x20, 0xf, 0xfe,
    0x31, 0x61, 0x0, 0x7f, 0xf6, 0xc7, 0xc0, 0x3f,
    0xf8, 0xde, 0x20, 0x1f, 0xfd, 0xd2, 0x80, 0xf,
    0xfe, 0x25, 0x90, 0x7, 0xff, 0x7d, 0xc8, 0x3,
    0xff, 0x85, 0x8, 0x1, 0xff, 0xe1, 0x90, 0xf,
    0xfe, 0x9, 0xb8, 0x7, 0xff, 0x14, 0x55, 0xe6,
    0xaf, 0x2e, 0x5c, 0xc0, 0x3f, 0xf8, 0xc8, 0x60,
    0x1f, 0xfc, 0xe, 0x0, 0xff, 0xe2, 0x2e, 0x75,
    0x43, 0x2a, 0x1a, 0x34, 0x67, 0xc9, 0x0, 0x7f,
    0xf1, 0x20, 0x3, 0xfe, 0x72, 0x0, 0xff, 0xe1,
    0x26, 0xd1, 0x80, 0x7f, 0xf0, 0x1b, 0x60, 0x3,
    0xff, 0x86, 0x82, 0x1, 0xfc, 0x30, 0x1, 0xff,
    0xc2, 0x7b, 0x20, 0xf, 0xfe, 0x23, 0xd8, 0x7,
    0xff, 0xd, 0x80, 0x3f, 0xa4, 0x3, 0xff, 0x85,
    0x30, 0x1, 0xff, 0xc7, 0x4a, 0x0, 0xff, 0xe1,
    0x58, 0x7, 0xe1, 0x70, 0xf, 0xfe, 0xc, 0x30,
    0x7, 0xff, 0x25, 0x54, 0x1, 0xff, 0xc1, 0x31,
    0x0, 0xfa, 0x40, 0x3f, 0xf8, 0x28, 0xe0, 0x1f,
    0xfc, 0xb8, 0x0, 0xff, 0xe1, 0x20, 0x7, 0xcc,
    0x1, 0xff, 0xc1, 0xa0, 0xf, 0xfe, 0x61, 0x28,
    0x7, 0xff, 0x7, 0x0, 0x3c, 0xa2, 0x1, 0xff,
    0xc0, 0x81, 0x0, 0xff, 0xe6, 0xc8, 0x7, 0xff,
    0x4, 0x80, 0x3d, 0xc0, 0x1f, 0xfc, 0x1, 0x70,
    0xf, 0xfe, 0x71, 0x98, 0x3, 0x84, 0xd5, 0xeb,
    0x3a, 0xc0, 0x38, 0x50, 0x3, 0xff, 0x81, 0x20,
    0x1f, 0xfd, 0x8, 0x57, 0xac, 0xee, 0x65, 0x42,
    0x98, 0x80, 0x79, 0xc0, 0x3f, 0xf8, 0x2c, 0x1,
    0xff, 0xd0, 0x4a, 0x85, 0x31, 0x0, 0xff, 0xe0,
    0xe8, 0x7, 0xff, 0x1, 0x44, 0x3, 0xff, 0xc6,
    0x80, 0x1f, 0xfc, 0xf, 0x0, 0xff, 0xf1, 0xa8,
    0x7, 0xff, 0x5, 0x40, 0x3f, 0xfc, 0x78, 0x1,
    0xff, 0xc0, 0x40, 0xf, 0xff, 0x22, 0x0, 0x7f,
    0xf0, 0x30, 0x3, 0xff, 0xc6, 0x24, 0x1, 0xff,
    0xc0, 0x40, 0xf, 0xff, 0x1a, 0x80, 0x7f, 0xf0,
    0x4c, 0x3, 0xff, 0xc7, 0x80, 0x1f, 0xfc, 0x2,
    0x0, 0xff, 0xf2, 0x18, 0x7, 0xff, 0x1, 0xc0,
    0x3f, 0xfc, 0x8c, 0x1, 0xff, 0xc0, 0x20, 0xf,
    0xfe, 0x1, 0xbc, 0xde, 0xf7, 0xfd, 0xdc, 0xca,
    0x86, 0x20, 0xf, 0xfe, 0x41, 0x0, 0x7f, 0xf0,
    0x38, 0x3, 0xf9, 0x6f, 0xf2, 0x19, 0x8, 0x40,
    0x21, 0x11, 0xab, 0xce, 0xf4, 0xa0, 0x7, 0xff,
    0x10, 0x80, 0x3f, 0xf8, 0x2a, 0x1, 0xe1, 0x9f,
    0xa4, 0x0, 0xff, 0xe2, 0x8b, 0x5f, 0x38, 0x7,
    0xff, 0x9, 0x80, 0x3f, 0xf8, 0x22, 0x1, 0xd1,
    0xcc, 0x1, 0xff, 0xcb, 0x18, 0xe6, 0x0, 0xff,
    0xe0, 0x10, 0x7, 0xff, 0x4, 0x80, 0x24, 0xd7,
    0x0, 0xff, 0xe7, 0x8c, 0xe0, 0x80, 0x7f, 0xb8,
    0x3, 0xff, 0x88, 0xf6, 0x40, 0x1f, 0xfd, 0x23,
    0xf4, 0x0, 0xfe, 0x10, 0xf, 0xfe, 0x0, 0x80,
    0x26, 0x0, 0x3f, 0xfa, 0xa3, 0x68, 0x1, 0xf8,
    0x80, 0x3f, 0xf8, 0x6, 0x14, 0xc0, 0x1f, 0xfd,
    0x8b, 0x40, 0xf, 0x9c, 0x3, 0xff, 0x80, 0x32,
    0xa0, 0x1f, 0xfd, 0xab, 0x20, 0xf, 0x8, 0x7,
    0xff, 0x0, 0xd8, 0x3, 0xff, 0xb9, 0xe0, 0x1e,
    0x30, 0xf, 0xff, 0x51, 0x40, 0x7, 0x8, 0x7,
    0xff, 0x38, 0xda, 0x26, 0x68, 0x75, 0x10, 0xf,
    0xfe, 0x3b, 0x90, 0x7, 0xff, 0x41, 0xaf, 0xf2,
    0x5d, 0x9a, 0x78, 0xae, 0xd8, 0x10, 0xf, 0xfe,
    0x2c, 0x0, 0x7f, 0xf3, 0x9f, 0xe5, 0x0, 0x3f,
    0xe2, 0x7e, 0x80, 0xf, 0xfe, 0x22, 0x90, 0x0,
    0x40, 0x3f, 0xf9, 0x7, 0xb0, 0x1, 0xff, 0xc5,
    0x7d, 0x10, 0xf, 0xfe, 0x1d, 0x80, 0x7f, 0xf2,
    0x93, 0x8, 0x3, 0xff, 0x8e, 0x5e, 0x20, 0x1f,
    0xfc, 0x27, 0x0, 0xff, 0xe4, 0xa5, 0x80, 0x7f,
    0xf2, 0x86, 0x80, 0x3f, 0xf8, 0x42, 0x80, 0x1f,
    0xfc, 0x71, 0xa0, 0xf, 0xfe, 0x62, 0x28, 0x7,
    0xff, 0xb, 0x40, 0x3f, 0xf8, 0xf4, 0x20, 0x1f,
    0xfc, 0xdb, 0x0, 0xff, 0xe1, 0x20, 0x7, 0xff,
    0x19, 0x10, 0x1, 0xff, 0xce, 0x16, 0x0, 0xff,
    0xe0, 0x90, 0x80, 0x7f, 0xf1, 0x60, 0x3, 0xff,
    0xa1, 0x40, 0x1f, 0xfc, 0x25, 0x10, 0xf, 0xfe,
    0x19, 0x18, 0x7, 0xff, 0x40, 0xc8, 0x3, 0xff,
    0x82, 0x60, 0x1f, 0xfc, 0x45, 0x0, 0xff, 0xe9,
    0x20, 0x7, 0xff, 0x7, 0x80, 0x40, 0x3f, 0xf8,
    0x58, 0x1, 0xff, 0xd2, 0xf0, 0xf, 0xfe, 0x9,
    0x1, 0x80, 0x7f, 0xf0, 0x94, 0x3, 0xff, 0xa4,
    0xa0, 0x1f, 0xfc, 0x16, 0x1, 0x0, 0xff, 0xe1,
    0x8, 0x7, 0xff, 0x48, 0x80, 0x3f, 0xf8, 0x26,
    0xc, 0x1, 0xff, 0xe1, 0x10, 0xf, 0xfe, 0x19,
    0x0, 0x7f, 0xf0, 0x44, 0x3, 0xff, 0xc2, 0x21,
    0xc0, 0x1f, 0xfc, 0x11, 0x0, 0xff, 0xea, 0x8,
    0x7, 0xff, 0x8, 0x80, 0x3f, 0xfe, 0x2a, 0x1,
    0xff, 0xc2, 0x10, 0xf, 0xfe, 0x98, 0x80, 0x7f,
    0xf0, 0x4, 0x4, 0x40, 0x1f, 0xfc, 0x13, 0x0,
    0xff, 0xf0, 0x18, 0x1, 0x40, 0x3f, 0xf8, 0x2c,
    0x1, 0xff, 0xd2, 0x20, 0xf, 0xfe, 0x8, 0x80,
    0xc, 0x3, 0xff, 0x82, 0x60, 0x1f, 0xfd, 0x26,
    0x0, 0xff, 0xe0, 0xb0, 0x3, 0x0, 0x3f, 0xf8,
    0x38, 0x1, 0xff, 0xd2, 0xc0, 0xf, 0xfe, 0x9,
    0x0, 0x14, 0x3, 0xff, 0x82, 0x80, 0x1f, 0xfd,
    0x24, 0x0, 0xff, 0xe0, 0xe8, 0x0, 0x50, 0x3,
    0xff, 0x82, 0xa0, 0x1f, 0xfd, 0x1, 0x30, 0xf,
    0xfe, 0xa, 0x0, 0x5a, 0x1, 0xff, 0xc1, 0x90,
    0xf, 0xfe, 0x83, 0x0, 0x7f, 0xf0, 0x48, 0x40,
    0x27, 0x0, 0xff, 0xe0, 0x99, 0x80, 0x3f, 0xf9,
    0xf2, 0x1, 0xff, 0xc1, 0x40, 0xc, 0x28, 0x1,
    0xff, 0xc1, 0xe0, 0xf, 0xfe, 0x74, 0x8, 0x7,
    0xff, 0x6, 0x80, 0x3b, 0xc0, 0x3f, 0xf8, 0x25,
    0x0, 0x1f, 0xfc, 0xc3, 0x70, 0xf, 0xfe, 0x8,
    0x98, 0x7, 0x21, 0x0, 0x7f, 0xf0, 0x5d, 0x40,
    0x3f, 0xf9, 0x45, 0xa0, 0x1f, 0xfc, 0x29, 0x0,
    0xfa, 0xc0, 0x3f, 0xf8, 0x54, 0xa0, 0x1f, 0xfc,
    0x83, 0xc1, 0x0, 0xff, 0xe1, 0x30, 0x7, 0xcc,
    0x40, 0x1f, 0xfc, 0x2a, 0x70, 0xf, 0xfe, 0x33,
    0xe0, 0x80, 0x7f, 0xf0, 0x9c, 0x40, 0x3f, 0x40,
    0x7, 0xff, 0xe, 0x34, 0xc0, 0x3f, 0xf8, 0x49,
    0xb0, 0x1, 0xff, 0xc3, 0x18, 0x0, 0xfe, 0x54,
    0x0, 0xff, 0xe1, 0x96, 0x5a, 0x88, 0x7, 0xe3,
    0x8d, 0xb2, 0x0, 0xff, 0xe2, 0x58, 0x7, 0xfd,
    0x42, 0x1, 0xff, 0xc4, 0x4a, 0xee, 0x5d, 0x55,
    0x7b, 0xf8, 0xe4, 0x1, 0xff, 0xc5, 0x55, 0x0,
    0x7f, 0xc3, 0x60, 0x1f, 0xfc, 0x71, 0x45, 0x59,
    0x8, 0x3, 0xff, 0x90, 0x54, 0x1, 0xff, 0xc1,
    0x57, 0x0, 0xff, 0xf0, 0xf, 0x80, 0x7f, 0xf0,
    0xe1, 0x40, 0x3f, 0xfb, 0xc3, 0xa4, 0x1, 0xff,
    0xc4, 0xa5, 0x0, 0xff, 0xee, 0xe, 0x98, 0x7,
    0xff, 0x1a, 0x9c, 0x3, 0xff, 0xb4, 0x5e, 0x60,
    0x1f, 0xfc, 0x88, 0x90, 0xf, 0xfe, 0xc3, 0x68,
    0x80, 0x7f, 0xf2, 0x9b, 0x4c, 0x3, 0xff, 0xa8,
    0x57, 0x20, 0x1f, 0xfc, 0xd2, 0xc8, 0x10, 0xf,
    0xfe, 0x80, 0xce, 0xa0, 0x7, 0xff, 0x41, 0xfa,
    0x4, 0x3, 0xff, 0x98, 0x95, 0xcc, 0x1, 0xff,
    0xd4, 0x7e, 0xb6, 0x10, 0xf, 0xfe, 0x32, 0x4e,
    0xda, 0x80, 0x7f, 0xf6, 0x12, 0x7b, 0x6a, 0x14,
    0xc8, 0x40, 0x21, 0x11, 0xa3, 0x4e, 0x7d, 0xb1,
    0x0, 0x7f, 0xf1, 0x80,

    /* U+0037 "7" */
    0x48, 0x8f, 0xff, 0x79, 0xe3, 0xbf, 0xff, 0xbd,
    0x40, 0x3f, 0xff, 0xe0, 0x1f, 0xff, 0xf0, 0xf,
    0xff, 0xf8, 0x7, 0xff, 0xfc, 0x3, 0xff, 0xfe,
    0x1, 0xff, 0xff, 0x0, 0xff, 0xff, 0x80, 0x7f,
    0xff, 0xc0, 0x3f, 0x8c, 0x3, 0xff, 0xe0, 0x91,
    0xff, 0xff, 0xdf, 0x20, 0xf, 0xfe, 0x13, 0x88,
    0x7, 0xff, 0x7d, 0x88, 0x3, 0xff, 0x82, 0x32,
    0x1, 0xff, 0xe0, 0xb0, 0xf, 0xfe, 0x14, 0x88,
    0x7, 0xff, 0x7d, 0x88, 0x3, 0xff, 0x82, 0x2e,
    0x1, 0xff, 0xe0, 0x80, 0xf, 0xfe, 0x14, 0x0,
    0x7f, 0xf8, 0x18, 0x40, 0x3f, 0xf8, 0x24, 0xc0,
    0x1f, 0xfe, 0x8, 0x0, 0xff, 0xe1, 0x40, 0x7,
    0xff, 0x81, 0x84, 0x3, 0xff, 0x82, 0x4a, 0x1,
    0xff, 0xe0, 0x80, 0xf, 0xfe, 0x14, 0x0, 0x7f,
    0xf8, 0x18, 0x40, 0x3f, 0xf8, 0x24, 0xa0, 0x1f,
    0xfe, 0xb, 0x0, 0xff, 0xe1, 0x40, 0x7, 0xff,
    0x81, 0x48, 0x3, 0xff, 0x82, 0x4a, 0x1, 0xff,
    0xe0, 0x80, 0xf, 0xfe, 0x15, 0x80, 0x7f, 0xf8,
    0x10, 0x80, 0x3f, 0xf8, 0x24, 0xc0, 0x1f, 0xfe,
    0x8, 0x0, 0xff, 0xe1, 0x58, 0x7, 0xff, 0x80,
    0xcc, 0x1, 0xff, 0xc1, 0x16, 0x0, 0xff, 0xf0,
    0x40, 0x7, 0xff, 0xa, 0x0, 0x3f, 0xfc, 0x6,
    0x80, 0x1f, 0xfc, 0x11, 0x60, 0xf, 0xff, 0x4,
    0x80, 0x7f, 0xf0, 0xa4, 0x3, 0xff, 0xc0, 0x2a,
    0x1, 0xff, 0xc2, 0x60, 0xf, 0xff, 0x4, 0x80,
    0x7f, 0xf0, 0x98, 0x40, 0x3f, 0xfc, 0xc, 0x1,
    0xff, 0xc2, 0xb0, 0xf, 0xff, 0x3, 0x8, 0x7,
    0xff, 0x5, 0x48, 0x3, 0xff, 0xc1, 0x60, 0x1f,
    0xfc, 0x29, 0x0, 0xff, 0xf0, 0x21, 0x0, 0x7f,
    0xf0, 0x4c, 0xc0, 0x1f, 0xfe, 0x8, 0x0, 0xff,
    0xe1, 0x48, 0x7, 0xff, 0x80, 0xcc, 0x1, 0xff,
    0xc1, 0x25, 0x0, 0xff, 0xf0, 0x50, 0x7, 0xff,
    0xa, 0x80, 0x3f, 0xfc, 0x2, 0xc0, 0x1f, 0xfc,
    0x26, 0x0, 0xff, 0xf0, 0x30, 0x7, 0xff, 0x9,
    0x44, 0x3, 0xff, 0xc1, 0x40, 0x1f, 0xfc, 0x29,
    0x0, 0xff, 0xf0, 0x21, 0x0, 0x7f, 0xf0, 0x4c,
    0xc0, 0x1f, 0xfe, 0xf, 0x0, 0xff, 0xe1, 0x50,
    0x7, 0xff, 0x80, 0x50, 0x3, 0xff, 0x82, 0x2c,
    0x1, 0xff, 0xe0, 0x90, 0xf, 0xfe, 0x13, 0x0,
    0x7f, 0xf8, 0x58, 0x3, 0xff, 0x85, 0x40, 0x1f,
    0xfe, 0x5, 0x10, 0xf, 0xfe, 0x9, 0x90, 0x7,
    0xff, 0x83, 0x80, 0x3f, 0xf8, 0x54, 0x1, 0xff,
    0xe0, 0x24, 0x0, 0xff, 0xe1, 0x30, 0x7, 0xff,
    0x82, 0x80, 0x3f, 0xf8, 0x4c, 0x1, 0xff, 0xe1,
    0x60, 0xf, 0xfe, 0x15, 0x0, 0x7f, 0xf8, 0x10,
    0x40, 0x3f, 0xf8, 0x24, 0x60, 0x1f, 0xfe, 0xe,
    0x0, 0xff, 0xe1, 0x50, 0x7, 0xff, 0x80, 0x54,
    0x3, 0xff, 0x84, 0xc0, 0x1f, 0xfe, 0x6, 0x0,
    0xff, 0xe1, 0x20, 0x80, 0x7f, 0xf8, 0x28, 0x3,
    0xff, 0x85, 0xc0, 0x1f, 0xfe, 0x3, 0x20, 0xf,
    0xfe, 0x12, 0x80, 0x7f, 0xf8, 0x2c, 0x3, 0xff,
    0x84, 0xa0, 0x1f, 0xfe, 0x16, 0x0, 0xff, 0xe1,
    0x78, 0x7, 0xff, 0x81, 0x4, 0x3, 0xff, 0x84,
    0xa0, 0x1f, 0xfe, 0xe, 0x0, 0xff, 0xe1, 0x28,
    0x7, 0xff, 0x85, 0x40, 0x3f, 0xf8, 0x5c, 0x1,
    0xff, 0xe0, 0x50, 0xf, 0xfe, 0x10, 0xa0, 0x7,
    0xff, 0x83, 0x80, 0x3f, 0xf8, 0x4e, 0x1, 0xff,
    0xe0, 0x14, 0x0, 0xff, 0xe1, 0x68, 0x7, 0xff,
    0x81, 0xc0, 0x3f, 0xf8, 0x42, 0x80, 0x1f, 0xfe,
    0xa, 0x0, 0xff, 0xe1, 0x20, 0x7, 0xff, 0x80,
    0x4c, 0x3, 0xff, 0x85, 0xe0, 0x1f, 0xfe, 0x7,
    0x0, 0xff, 0xe1, 0xa8, 0x7, 0xff, 0x82, 0x80,
    0x3f, 0xf8, 0x48, 0x1, 0xff, 0xe0, 0x13, 0x0,
    0xff, 0xe1, 0x68, 0x7, 0xff, 0x81, 0xc0, 0x3f,
    0xf8, 0x6e, 0x1, 0xff, 0xe0, 0xa0, 0xf, 0xfe,
    0x11, 0x88, 0x7, 0xff, 0x7c, 0x4c, 0x3, 0xff,
    0x85, 0x60, 0x1f, 0xfe, 0x7, 0x0, 0xff, 0xe1,
    0xa8, 0x7, 0xff, 0x83, 0x40, 0x3f, 0xf8, 0x42,
    0x40, 0x1f, 0xfd, 0xf1, 0x40, 0xf, 0xfe, 0x13,
    0x80, 0x7f, 0xf8, 0x10, 0x3, 0xff, 0x87, 0x80,
    0x1f, 0xfe, 0xf, 0x0, 0xff, 0xe1, 0xa8, 0x7,
    0xff, 0x81, 0x40, 0x3f, 0xf8, 0x46, 0x1, 0xff,
    0xe0, 0x40, 0xf, 0xfe, 0x1d, 0x80, 0x7f, 0xf8,
    0x34, 0x3, 0xff, 0x86, 0x80, 0x1f, 0xfe, 0x7,
    0x0, 0xff, 0xe1, 0x9, 0x80, 0x7f, 0xf7, 0xcc,
    0x40, 0x3f, 0xf8, 0x48, 0x1, 0xff, 0xd2,

    /* U+0038 "8" */
    0x0, 0xff, 0xe5, 0x8a, 0x3c, 0xde, 0x77, 0x3f,
    0xf7, 0x73, 0x2e, 0x5d, 0x4, 0x3, 0xff, 0xbc,
    0x2b, 0x5d, 0xcb, 0x86, 0x43, 0x11, 0x0, 0x61,
    0x11, 0xa3, 0x45, 0xf7, 0x29, 0x44, 0x3, 0xff,
    0xb0, 0x95, 0xd4, 0xa2, 0x1, 0xff, 0xc8, 0x15,
    0xae, 0xa4, 0x0, 0xff, 0xea, 0x2e, 0xda, 0x80,
    0x7f, 0xf4, 0x16, 0xf5, 0x80, 0x3f, 0xfa, 0x9,
    0xb4, 0x40, 0x1f, 0xfd, 0x42, 0x9d, 0x40, 0xf,
    0xfe, 0x6d, 0x59, 0x0, 0x7f, 0xf6, 0xa, 0xe8,
    0x3, 0xff, 0x94, 0x5a, 0xa0, 0x1f, 0xfd, 0xc5,
    0xd2, 0x0, 0xff, 0xe3, 0x9e, 0x90, 0x7, 0xff,
    0x78, 0xb0, 0xc0, 0x3f, 0xf8, 0xa7, 0x80, 0x1f,
    0xfe, 0x11, 0xd3, 0x0, 0xff, 0xe1, 0x96, 0x80,
    0x7f, 0xf8, 0xc7, 0x44, 0x3, 0xff, 0x85, 0xe2,
    0x1, 0xff, 0xe4, 0x1a, 0x0, 0xff, 0xe0, 0xc1,
    0x0, 0x7f, 0xf1, 0x85, 0x22, 0xb3, 0x77, 0x65,
    0x42, 0x88, 0x7, 0xff, 0x19, 0x18, 0x3, 0xfe,
    0x27, 0x0, 0xff, 0xe2, 0xad, 0xf5, 0xba, 0x99,
    0x16, 0x35, 0x7a, 0xeb, 0x50, 0xf, 0xfe, 0x2c,
    0x8, 0x7, 0xfa, 0x0, 0x3f, 0xf8, 0x89, 0xb4,
    0x80, 0x1f, 0xfc, 0x24, 0xad, 0x40, 0xf, 0xfe,
    0x18, 0xb0, 0x7, 0xf0, 0xa8, 0x7, 0xff, 0xe,
    0xac, 0x80, 0x3f, 0xf8, 0xc5, 0x72, 0x1, 0xff,
    0xc3, 0x90, 0xf, 0xe6, 0x0, 0xff, 0xe1, 0xe2,
    0x80, 0x7f, 0xf2, 0x9a, 0xc0, 0x3f, 0xf8, 0x42,
    0x80, 0x1f, 0xa8, 0x3, 0xff, 0x85, 0x66, 0x1,
    0xff, 0xcc, 0x49, 0x0, 0xff, 0xe1, 0x68, 0x7,
    0xc2, 0x40, 0x1f, 0xfc, 0x16, 0x40, 0xf, 0xfe,
    0x73, 0x20, 0x7, 0xff, 0x5, 0xc0, 0x3e, 0x40,
    0xf, 0xfe, 0x8, 0xc0, 0x7, 0xff, 0x42, 0x40,
    0x3f, 0xf8, 0x22, 0x20, 0xf, 0x60, 0x7, 0xff,
    0x5, 0x84, 0x3, 0xff, 0xa0, 0x46, 0x1, 0xff,
    0xc1, 0x40, 0xf, 0x10, 0x7, 0xff, 0x6, 0xc0,
    0x3f, 0xfa, 0x56, 0x1, 0xff, 0xc1, 0x20, 0xf,
    0x30, 0x7, 0xff, 0x4, 0xc0, 0x3f, 0xfa, 0x46,
    0x1, 0xff, 0xc1, 0xe0, 0xf, 0x18, 0x7, 0xff,
    0x1, 0x0, 0x3f, 0xfa, 0x6a, 0x1, 0xff, 0xc1,
    0x30, 0xf, 0x8, 0x7, 0xff, 0x0, 0x40, 0x3f,
    0xfa, 0x62, 0x1, 0xff, 0xc1, 0x10, 0xf, 0xfe,
    0x39, 0x0, 0x7f, 0xf5, 0x4, 0x3, 0xff, 0x8e,
    0x20, 0x1f, 0xff, 0xf0, 0x8, 0x40, 0x3f, 0xfa,
    0x82, 0x1, 0xff, 0xc0, 0x10, 0xf, 0x18, 0x7,
    0xff, 0x0, 0xc0, 0x3f, 0xfc, 0x26, 0x1, 0xe7,
    0x0, 0xff, 0xe0, 0x30, 0x7, 0xff, 0x4c, 0x80,
    0x3f, 0xf8, 0x3c, 0x1, 0xed, 0x0, 0xff, 0xe0,
    0x18, 0x7, 0xff, 0x4d, 0x0, 0x3f, 0xf8, 0x26,
    0x1, 0xe3, 0x0, 0xff, 0xe0, 0xa0, 0x7, 0xff,
    0x4b, 0x0, 0x3f, 0xf8, 0x2a, 0x1, 0xe5, 0x0,
    0xff, 0xe0, 0xe0, 0x7, 0xff, 0x44, 0x54, 0x3,
    0xff, 0x80, 0x42, 0x1, 0xe1, 0x40, 0xf, 0xfe,
    0x3, 0x88, 0x7, 0xff, 0x41, 0x80, 0x3f, 0xf8,
    0x2a, 0x1, 0xfb, 0x40, 0x3f, 0xf8, 0x30, 0x1,
    0xff, 0xcf, 0x19, 0x0, 0xff, 0xe0, 0xd0, 0x7,
    0xe6, 0x10, 0xf, 0xfe, 0x3, 0x30, 0x3, 0xff,
    0x9d, 0xa2, 0x1, 0xff, 0xc0, 0x32, 0x0, 0xfe,
    0x90, 0xf, 0xfe, 0xc, 0xa8, 0x7, 0xff, 0x32,
    0x8c, 0x3, 0xff, 0x83, 0xe0, 0x1f, 0xe7, 0x10,
    0xf, 0xfe, 0xd, 0x48, 0x7, 0xff, 0x24, 0xb1,
    0x40, 0x3f, 0xf8, 0x28, 0x60, 0x1f, 0xf5, 0x0,
    0x7f, 0xf0, 0x9b, 0xa0, 0x80, 0x3f, 0xf8, 0x87,
    0x5a, 0x60, 0x1f, 0xfc, 0x11, 0xa0, 0xf, 0xfe,
    0x2, 0x40, 0x7, 0xff, 0x8, 0x5f, 0x75, 0x2c,
    0x84, 0x20, 0x18, 0x49, 0x1e, 0xbb, 0x14, 0x3,
    0xff, 0x87, 0x42, 0x1, 0xff, 0xc1, 0x75, 0x0,
    0xff, 0xe2, 0x13, 0x4d, 0xef, 0x7f, 0xee, 0xdb,
    0x85, 0x10, 0xf, 0xfe, 0x24, 0xa0, 0x7, 0xff,
    0xe, 0x94, 0x3, 0xff, 0xc5, 0x4c, 0x1, 0xff,
    0xc5, 0xa7, 0x0, 0xff, 0xef, 0x8d, 0xa8, 0x7,
    0xff, 0x1e, 0x2c, 0x40, 0x3f, 0xfb, 0x89, 0xe8,
    0x1, 0xff, 0xc9, 0x4f, 0x60, 0xf, 0xfe, 0xc9,
    0x55, 0x88, 0x7, 0xff, 0x2c, 0x65, 0xc0, 0x3f,
    0xfb, 0x10, 0xa0, 0x1f, 0xfc, 0xd5, 0xd7, 0x0,
    0xff, 0xec, 0x56, 0xa0, 0x7, 0xff, 0x28, 0x6e,
    0x88, 0x3, 0xff, 0xb4, 0x57, 0x42, 0x1, 0xff,
    0xc7, 0x5e, 0x40, 0xf, 0xfe, 0xf2, 0xfa, 0x80,
    0x7f, 0xf1, 0x62, 0x80, 0x3f, 0xfc, 0x23, 0x4e,
    0x1, 0xff, 0xc3, 0xa7, 0x0, 0xff, 0xf2, 0x45,
    0x0, 0x7f, 0xf0, 0x65, 0x40, 0x3f, 0xf9, 0x2,
    0x68, 0xab, 0x90, 0xc8, 0x3, 0xff, 0x90, 0xb2,
    0x1, 0xff, 0x3b, 0x0, 0x7f, 0xf1, 0x52, 0x73,
    0xfb, 0x2e, 0xab, 0x5e, 0x6f, 0xec, 0xa8, 0x7,
    0xff, 0x15, 0xa0, 0x3, 0xf8, 0xe0, 0x3, 0xff,
    0x86, 0x31, 0xd6, 0xc6, 0x1, 0xff, 0xc0, 0x26,
    0xaf, 0xa2, 0x0, 0xff, 0xe1, 0xba, 0x0, 0x7e,
    0xe0, 0xf, 0xfe, 0x1c, 0x73, 0x88, 0x7, 0xff,
    0x1d, 0x76, 0x84, 0x3, 0xff, 0x85, 0x42, 0x1,
    0xe8, 0x20, 0xf, 0xfe, 0x8, 0xe3, 0x80, 0x7f,
    0xf3, 0x17, 0xcc, 0x3, 0xff, 0x82, 0x30, 0x1,
    0xe7, 0x0, 0xff, 0xe0, 0x8e, 0x18, 0x7, 0xff,
    0x38, 0x70, 0xc0, 0x3f, 0xf8, 0x2c, 0x20, 0x19,
    0xc0, 0x3f, 0xf8, 0x5a, 0x40, 0x1f, 0xfd, 0x1d,
    0x10, 0xf, 0xfe, 0xc, 0x80, 0x69, 0x0, 0xff,
    0xe0, 0xb9, 0x80, 0x7f, 0xf4, 0x86, 0x0, 0x3f,
    0xf8, 0x2e, 0x1, 0x20, 0x80, 0x7f, 0xf0, 0x64,
    0x3, 0xff, 0xa8, 0xc2, 0x1, 0xff, 0xc1, 0x50,
    0x6, 0x80, 0x7f, 0xf0, 0x50, 0x40, 0x3f, 0xfa,
    0xae, 0x1, 0xff, 0xc1, 0xf0, 0x2, 0x0, 0x7f,
    0xf0, 0x70, 0x3, 0xff, 0xad, 0xa0, 0x1f, 0xfc,
    0x17, 0x0, 0x10, 0x7, 0xff, 0x5, 0x0, 0x3f,
    0xfa, 0xc8, 0x1, 0xff, 0xc1, 0x20, 0x10, 0xf,
    0xfe, 0x11, 0x80, 0x7f, 0xf5, 0xc4, 0x3, 0xff,
    0x82, 0x24, 0x1, 0xff, 0xe6, 0x30, 0xf, 0xfe,
    0x9, 0x0, 0x7f, 0xf0, 0x84, 0x3, 0xff, 0xb0,
    0x20, 0x1f, 0xff, 0xf0, 0xe, 0x10, 0xf, 0xfe,
    0x8, 0x80, 0x7f, 0xf6, 0x4, 0x3, 0xff, 0x82,
    0x20, 0x1f, 0xfe, 0x72, 0x0, 0xff, 0xe1, 0x10,
    0x7, 0xff, 0x8, 0xc0, 0x3f, 0xfa, 0xc4, 0x1,
    0xff, 0xc2, 0x20, 0x10, 0xf, 0xfe, 0xa, 0x0,
    0x7f, 0xf5, 0x90, 0x3, 0xff, 0x82, 0x20, 0x5,
    0x0, 0xff, 0xe0, 0xd8, 0x7, 0xff, 0x5b, 0x40,
    0x3f, 0xf8, 0x2a, 0x0, 0x30, 0xf, 0xfe, 0x9,
    0x90, 0x7, 0xff, 0x50, 0x90, 0x3, 0xff, 0x82,
    0x60, 0xc, 0x0, 0xff, 0xe1, 0x40, 0x7, 0xff,
    0x52, 0x40, 0x3f, 0xf8, 0x58, 0x0, 0x40, 0xf,
    0xfe, 0x12, 0xa0, 0x7, 0xff, 0x49, 0x50, 0x3,
    0xff, 0x84, 0x80, 0x12, 0x80, 0x7f, 0xf0, 0xa8,
    0x80, 0x3f, 0xfa, 0x7, 0x40, 0x1f, 0xfc, 0x25,
    0x0, 0xdc, 0x1, 0xff, 0xc2, 0x1f, 0x20, 0xf,
    0xfe, 0x71, 0xe8, 0x7, 0xff, 0xf, 0x80, 0x32,
    0x10, 0x7, 0xff, 0x8, 0xb1, 0x0, 0x3f, 0xf9,
    0x8d, 0x82, 0x1, 0xff, 0xc2, 0x34, 0x0, 0xe8,
    0x0, 0xff, 0xe1, 0x8d, 0xd1, 0x80, 0x7f, 0xf2,
    0x13, 0x24, 0x3, 0xff, 0x89, 0x0, 0x1e, 0x53,
    0x0, 0xff, 0xe2, 0x2e, 0x61, 0xc8, 0x3, 0xff,
    0x84, 0x71, 0xb6, 0x60, 0x1f, 0xfc, 0x44, 0x40,
    0x7, 0xdc, 0x1, 0xff, 0xc6, 0x38, 0xdf, 0xca,
    0x87, 0x66, 0xcf, 0x15, 0x9f, 0x8e, 0x40, 0x1f,
    0xfc, 0x6a, 0x0, 0xfc, 0x52, 0x1, 0xff, 0xc9,
    0x35, 0x78, 0x99, 0xd0, 0xea, 0x60, 0x1f, 0xfc,
    0x9a, 0x10, 0xf, 0xe6, 0x50, 0xf, 0xff, 0x43,
    0xa8, 0x7, 0xfd, 0x48, 0x1, 0xff, 0xe6, 0x68,
    0x0, 0xff, 0xe0, 0xda, 0x0, 0x7f, 0xf9, 0x1a,
    0x40, 0x3f, 0xf8, 0x76, 0xc0, 0x1f, 0xfe, 0x29,
    0x90, 0x7, 0xff, 0x16, 0x68, 0x40, 0x3f, 0xfb,
    0xc5, 0x8c, 0x1, 0xff, 0xc7, 0x5f, 0x50, 0xf,
    0xfe, 0xe4, 0x69, 0x80, 0x7f, 0xf2, 0x46, 0xb5,
    0x40, 0x3f, 0xfb, 0xf, 0xce, 0x1, 0xff, 0xcd,
    0x2a, 0xe8, 0x20, 0xf, 0xfe, 0x92, 0x4f, 0xc0,
    0x80, 0x7f, 0xf4, 0x5, 0xf7, 0x52, 0xa2, 0x1,
    0xff, 0xca, 0x26, 0xae, 0xb6, 0x0, 0xff, 0xeb,
    0x13, 0x57, 0x72, 0xe1, 0x94, 0xc8, 0x44, 0x1,
    0x84, 0x44, 0x8a, 0xf3, 0x9d, 0xb2, 0xa2, 0x1,
    0xff, 0xc6,

    /* U+0039 "9" */
    0x0, 0xff, 0xe5, 0xa, 0x3c, 0xde, 0xf7, 0xfd,
    0xdb, 0x97, 0x2c, 0x60, 0x1f, 0xfd, 0xe3, 0x8d,
    0xeb, 0x86, 0x42, 0x10, 0x8, 0x48, 0xd1, 0xa7,
    0x3e, 0xd4, 0x3, 0xff, 0xb0, 0x2f, 0xb8, 0xe4,
    0x1, 0xff, 0xc6, 0x4a, 0xf9, 0x10, 0xf, 0xfe,
    0x98, 0xc7, 0x41, 0x0, 0x7f, 0xf3, 0x1b, 0xa0,
    0x40, 0x3f, 0xfa, 0xd, 0xee, 0x1, 0xff, 0xd1,
    0x7f, 0x40, 0xf, 0xfe, 0x69, 0x64, 0x88, 0x7,
    0xff, 0x4c, 0x6e, 0x0, 0x3f, 0xf9, 0x6b, 0xa6,
    0x1, 0xff, 0xd7, 0x7a, 0x0, 0xff, 0xe4, 0xb5,
    0x0, 0x7f, 0xf6, 0x96, 0xc0, 0x3f, 0xf8, 0xf1,
    0x20, 0x1f, 0xfd, 0xc4, 0xc0, 0xf, 0xfe, 0x2b,
    0x38, 0x7, 0xff, 0x78, 0xe8, 0x3, 0xff, 0x86,
    0xb2, 0x1, 0xff, 0xe0, 0x57, 0x0, 0xff, 0xe0,
    0x8d, 0x80, 0x7f, 0xf2, 0x4, 0xd1, 0x54, 0x84,
    0x1, 0xff, 0xc7, 0x83, 0x0, 0xff, 0xe0, 0x68,
    0x80, 0x7f, 0xf1, 0x52, 0x77, 0xb2, 0xea, 0x97,
    0xbf, 0x8e, 0x20, 0x1f, 0xfc, 0x4e, 0x0, 0xff,
    0x98, 0xc0, 0x3f, 0xf8, 0x8b, 0xb6, 0xc4, 0x1,
    0xf8, 0xe3, 0xa0, 0x3, 0xff, 0x86, 0x50, 0x1,
    0xfe, 0x80, 0xf, 0xfe, 0x18, 0xe5, 0x10, 0x7,
    0xff, 0x9, 0xf4, 0x80, 0x3f, 0xf8, 0x4e, 0x20,
    0x1f, 0x9c, 0x40, 0x3f, 0xf8, 0x47, 0xe6, 0x1,
    0xff, 0xc5, 0x2d, 0x30, 0xf, 0xfe, 0x14, 0x0,
    0x7e, 0x90, 0xf, 0xfe, 0x11, 0xe0, 0x80, 0x7f,
    0xf2, 0x30, 0x80, 0x3f, 0xf8, 0x2c, 0x20, 0x1e,
    0x61, 0x0, 0xff, 0xe0, 0x8e, 0x80, 0x7f, 0xf2,
    0xfc, 0x3, 0xff, 0x85, 0x20, 0x1e, 0xa0, 0xf,
    0xfe, 0x16, 0x88, 0x7, 0xff, 0x2c, 0xa0, 0x3,
    0xff, 0x82, 0xc0, 0x1c, 0x26, 0x1, 0xff, 0xc1,
    0x53, 0x0, 0xff, 0xe6, 0xb9, 0x0, 0x7f, 0xf0,
    0x5, 0x40, 0x33, 0x80, 0x7f, 0xf0, 0xa0, 0x3,
    0xff, 0x9f, 0x60, 0x1f, 0xfc, 0x1e, 0x0, 0xd8,
    0x1, 0xff, 0xc1, 0x32, 0x0, 0xff, 0xe7, 0xb0,
    0x7, 0xff, 0x5, 0x0, 0x32, 0x0, 0x7f, 0xf0,
    0x68, 0x3, 0xff, 0xa2, 0xc0, 0x1f, 0xfc, 0x15,
    0x0, 0x8, 0x80, 0x3f, 0xf8, 0x28, 0x1, 0xff,
    0xd1, 0xc0, 0xf, 0xfe, 0xf, 0x80, 0x8, 0x3,
    0xff, 0x84, 0x40, 0x1f, 0xfd, 0x14, 0x0, 0xff,
    0xe0, 0xa0, 0x1, 0x80, 0x3f, 0xf8, 0x26, 0x1,
    0xff, 0xd2, 0x12, 0x0, 0xff, 0xe0, 0x8, 0x80,
    0x80, 0x3f, 0xf8, 0x2c, 0x1, 0xff, 0xd3, 0x70,
    0xf, 0xfe, 0xa, 0x7, 0x80, 0x7f, 0xf0, 0x4c,
    0x3, 0xff, 0xa6, 0x60, 0x1f, 0xfc, 0x1d, 0x1,
    0x0, 0xff, 0xe0, 0x88, 0x7, 0xff, 0x4f, 0x80,
    0x3f, 0xf8, 0x24, 0x1, 0xff, 0xe3, 0x10, 0xf,
    0xfe, 0xb, 0x80, 0x7f, 0xfc, 0x48, 0x3, 0xff,
    0x86, 0x20, 0x1f, 0xfd, 0x31, 0x0, 0xff, 0xe1,
    0x8, 0x80, 0x3f, 0xf8, 0x26, 0x1, 0xff, 0xd3,
    0xf0, 0xf, 0xfe, 0x11, 0x78, 0x7, 0xff, 0x5,
    0x80, 0x3f, 0xfa, 0x64, 0x1, 0xff, 0xc2, 0x62,
    0x0, 0xff, 0xe0, 0x98, 0x7, 0xff, 0x4d, 0xc0,
    0x3f, 0xf8, 0x44, 0x20, 0x1f, 0xfc, 0x22, 0x0,
    0xff, 0xe8, 0x89, 0x0, 0x7f, 0xf0, 0xbd, 0x40,
    0x3f, 0xf8, 0x48, 0x1, 0xff, 0xd1, 0x70, 0xf,
    0xfe, 0x18, 0x8c, 0x1, 0xff, 0xc1, 0xd0, 0xf,
    0xfe, 0x8e, 0x80, 0x7f, 0xf0, 0xcc, 0x8, 0x3,
    0xff, 0x82, 0x82, 0x1, 0xff, 0xcf, 0x24, 0x0,
    0xff, 0xe1, 0x88, 0x20, 0x7, 0xff, 0xa, 0x40,
    0x3f, 0xf9, 0xf0, 0x1, 0xff, 0xc6, 0xc0, 0xf,
    0xfe, 0x13, 0x90, 0x7, 0xff, 0x35, 0x14, 0x3,
    0xff, 0x8c, 0x80, 0x1f, 0xfc, 0x39, 0x0, 0xff,
    0xe6, 0xd, 0x0, 0x7f, 0xf2, 0x14, 0x3, 0xff,
    0x84, 0x8e, 0x1, 0xff, 0xcb, 0xd1, 0x0, 0xff,
    0xe4, 0x70, 0x7, 0xff, 0xe, 0x1c, 0x3, 0xff,
    0x90, 0x38, 0x60, 0x1f, 0xfc, 0x94, 0x20, 0xf,
    0xfe, 0x1c, 0x58, 0x80, 0x7f, 0xf1, 0x57, 0xcc,
    0x3, 0xff, 0x97, 0x60, 0x1f, 0xfc, 0x44, 0xe8,
    0x10, 0xf, 0xfe, 0xa, 0xe5, 0x8, 0x7, 0xff,
    0x20, 0x40, 0x26, 0x20, 0xf, 0xfe, 0x2b, 0xf5,
    0xba, 0x10, 0x80, 0x4, 0x91, 0xef, 0xe8, 0xc0,
    0x3f, 0xf9, 0xf2, 0x1, 0xff, 0xc7, 0x48, 0xbd,
    0xef, 0xf7, 0x6d, 0xc2, 0x0, 0x7f, 0xf3, 0x4c,
    0x3, 0x22, 0x80, 0x7f, 0xfc, 0x6c, 0x40, 0x3f,
    0xfb, 0x63, 0x20, 0x1f, 0xfc, 0x11, 0x0, 0xe1,
    0xd0, 0xf, 0xfe, 0xde, 0x90, 0x7, 0xff, 0x7,
    0xc0, 0x3c, 0x76, 0x1, 0xff, 0xd9, 0xb3, 0x10,
    0xf, 0xfe, 0x8, 0x80, 0x7c, 0x94, 0x1, 0xff,
    0xd6, 0x1c, 0x40, 0xf, 0xfe, 0x19, 0x80, 0x7e,
    0x5c, 0x10, 0xf, 0xfe, 0x9a, 0x79, 0x80, 0xc,
    0x3, 0xff, 0x82, 0x20, 0x1f, 0xc7, 0xea, 0x1,
    0xff, 0xd1, 0x8b, 0x10, 0x8, 0x40, 0x3f, 0xf8,
    0x2c, 0x1, 0xfe, 0x1a, 0xc3, 0x0, 0xff, 0xe6,
    0xb7, 0x38, 0x7, 0x78, 0x7, 0xff, 0x4, 0x80,
    0x3f, 0xf8, 0x7, 0x98, 0x50, 0xf, 0xfe, 0x40,
    0xbe, 0xc8, 0x80, 0x78, 0x40, 0x3f, 0xfa, 0x7,
    0x5f, 0x6e, 0x60, 0x1f, 0xfc, 0x13, 0x7b, 0xe8,
    0x20, 0xf, 0xc4, 0x1, 0xff, 0xc0, 0x20, 0xf,
    0xfe, 0x32, 0x46, 0x7f, 0x65, 0x4c, 0x45, 0x32,
    0xbd, 0xfc, 0x84, 0x0, 0xff, 0x9c, 0x3, 0xff,
    0x80, 0xc0, 0x1f, 0xfc, 0xa1, 0x35, 0x67, 0x79,
    0x98, 0x84, 0x1, 0xff, 0xc3, 0x20, 0xf, 0xfe,
    0x1, 0x0, 0x7f, 0xf8, 0xc4, 0x40, 0x1f, 0xfc,
    0xf, 0x0, 0xff, 0xf1, 0x90, 0x7, 0xff, 0x5,
    0x40, 0x3f, 0xfc, 0x6a, 0x1, 0xff, 0xc1, 0x20,
    0xf, 0xff, 0x1f, 0x80, 0x7f, 0xf0, 0x8, 0x40,
    0x3f, 0xfc, 0x6a, 0x1, 0xff, 0xc0, 0x70, 0xf,
    0xff, 0x21, 0x80, 0x7f, 0xf0, 0x30, 0x3, 0xff,
    0xc6, 0xa0, 0x1f, 0xfc, 0x14, 0x0, 0xff, 0xf1,
    0xe0, 0x7, 0xff, 0x0, 0x48, 0x3, 0x34, 0xcf,
    0xff, 0x2, 0x0, 0x3f, 0xfa, 0x2c, 0x1, 0xff,
    0xc0, 0x40, 0xe, 0xf6, 0x6f, 0xfe, 0x3, 0x90,
    0x7, 0xff, 0x3d, 0x40, 0x3f, 0xf8, 0x3e, 0x1,
    0xc2, 0x1, 0xff, 0xc1, 0x40, 0xf, 0xfe, 0x7c,
    0x80, 0x7f, 0xf0, 0x54, 0x3, 0xb4, 0x3, 0xff,
    0x83, 0xa0, 0x1f, 0xfc, 0xe4, 0x30, 0xf, 0xfe,
    0x2, 0x80, 0x79, 0xc0, 0x3f, 0xf8, 0x28, 0x40,
    0x1f, 0xfc, 0xd9, 0x0, 0xff, 0xe0, 0xf8, 0x7,
    0x88, 0x3, 0xff, 0x85, 0x0, 0x1f, 0xfc, 0xc9,
    0x20, 0xf, 0xfe, 0x0, 0xa8, 0x7, 0xc8, 0x1,
    0xff, 0xc1, 0x54, 0x0, 0xff, 0xe5, 0x33, 0x0,
    0x3f, 0xf8, 0x32, 0x1, 0xfb, 0x40, 0x3f, 0xf8,
    0x54, 0x40, 0x1f, 0xfc, 0x86, 0x90, 0xf, 0xfe,
    0x13, 0x0, 0x7e, 0x70, 0xf, 0xfe, 0x10, 0xf9,
    0x0, 0x7f, 0xf1, 0xa6, 0x40, 0x1f, 0xfc, 0x26,
    0x10, 0xf, 0xc2, 0x80, 0x1f, 0xfc, 0x22, 0xd8,
    0x10, 0xf, 0xfe, 0x13, 0x73, 0x0, 0x7f, 0xf0,
    0xe0, 0x3, 0xfd, 0xe0, 0x1f, 0xfc, 0x47, 0xeb,
    0x74, 0x10, 0xf, 0x12, 0xd7, 0x48, 0x80, 0x7f,
    0xf0, 0xe0, 0x40, 0x3f, 0xc8, 0x60, 0x1f, 0xfc,
    0x54, 0x8b, 0xef, 0xf7, 0x73, 0xfd, 0xb4, 0xa2,
    0x1, 0xff, 0xc4, 0x27, 0x0, 0xff, 0xe0, 0x78,
    0x7, 0xff, 0x2c, 0x44, 0x1, 0xff, 0xca, 0xe0,
    0xf, 0xfe, 0x9, 0xb8, 0x7, 0xff, 0x86, 0x4c,
    0x3, 0xff, 0x85, 0x6, 0x1, 0xff, 0xdf, 0x56,
    0x0, 0xff, 0xe2, 0x69, 0x0, 0x7f, 0xf7, 0x56,
    0x80, 0x3f, 0xf8, 0xa3, 0xe4, 0x1, 0xff, 0xdb,
    0x5a, 0x0, 0xff, 0xe3, 0x96, 0x20, 0x7, 0xff,
    0x66, 0x28, 0x3, 0xff, 0x92, 0x37, 0x0, 0x1f,
    0xfd, 0x61, 0xb7, 0x0, 0xff, 0xe6, 0x3f, 0x30,
    0x7, 0xff, 0x4d, 0xf9, 0x0, 0x3f, 0xf9, 0xc3,
    0x3c, 0xe2, 0x1, 0xff, 0xcd, 0x17, 0xe8, 0x0,
    0xff, 0xe9, 0xc, 0x76, 0x39, 0x80, 0x7f, 0xf1,
    0xc5, 0x6f, 0xa0, 0x40, 0x3f, 0xfa, 0xc7, 0x19,
    0xf9, 0x2e, 0xa6, 0x42, 0x1, 0x84, 0x8d, 0x5e,
    0xb7, 0xa9, 0x0, 0x3f, 0xf9, 0x0,

    /* U+003A ":" */
    0x2f, 0xff, 0xfe, 0x18, 0x7, 0xff, 0xfc, 0x3,
    0xff, 0xfe, 0x1, 0xff, 0xff, 0x0, 0xff, 0xe9,
    0x94, 0xcf, 0xff, 0xc, 0x19, 0xbf, 0xf8, 0x60,
    0x1f, 0xff, 0xf0, 0xf, 0xff, 0xf8, 0x7, 0xff,
    0xfc, 0x3, 0xff, 0xfe, 0x1, 0xff, 0xff, 0x0,
    0xff, 0xff, 0x33, 0x7f, 0xf0, 0xca, 0x67, 0xff,
    0x86, 0x1, 0xff, 0xff, 0x0, 0xff, 0xff, 0x80,
    0x7f, 0xff, 0xc0, 0x3f, 0xfa, 0x60,

    /* U+003B ";" */
    0x0, 0x17, 0xff, 0xff, 0xc, 0x3, 0xff, 0xfe,
    0x1, 0xff, 0xff, 0x0, 0xff, 0xff, 0x80, 0x7f,
    0xff, 0xc0, 0x3e, 0x29, 0x9f, 0xfe, 0x18, 0x6,
    0x66, 0xff, 0xe1, 0x80, 0x7f, 0xff, 0xc0, 0x3f,
    0xff, 0xe0, 0x1f, 0xff, 0xf0, 0xf, 0xff, 0xf8,
    0x7, 0xff, 0xfc, 0x3, 0xff, 0xfe, 0x1, 0xff,
    0xff, 0x0, 0xff, 0xe0, 0x1b, 0x37, 0xff, 0x5,
    0x0, 0x35, 0x4c, 0xff, 0xf0, 0x70, 0x3, 0x28,
    0x7, 0xff, 0x7, 0x0, 0x31, 0x0, 0x7f, 0xf0,
    0x50, 0x3, 0x8, 0x7, 0xff, 0x0, 0xc0, 0x31,
    0x0, 0x7f, 0xf0, 0x50, 0x3, 0x30, 0x7, 0xff,
    0x7, 0x0, 0x31, 0x80, 0x7f, 0xf0, 0x54, 0x3,
    0x70, 0x7, 0xff, 0x0, 0xc4, 0x3, 0x10, 0x7,
    0xff, 0x1, 0x0, 0x39, 0x80, 0x3f, 0xf8, 0x18,
    0x1, 0xc4, 0x1, 0xff, 0xc0, 0x50, 0xc, 0x20,
    0x1f, 0xfc, 0x2, 0x10, 0xc, 0xa0, 0x1f, 0xfc,
    0x4, 0x0, 0xe2, 0x0, 0xff, 0xe0, 0x60, 0x7,
    0x70, 0x7, 0xff, 0x1, 0x0, 0x38, 0x80, 0x3f,
    0xe2, 0x10, 0xe, 0x60, 0xf, 0xf9, 0x0, 0x3c,
    0x40, 0x1f, 0xf6, 0x0, 0x70, 0x88, 0x3, 0xfe,
    0x40, 0xe, 0x20, 0xf, 0xf8, 0x84, 0x3, 0x98,
    0x3, 0xfe, 0x40, 0xf, 0x10, 0x7, 0xfd, 0x80,
    0x1e, 0xe0, 0xf, 0xf9, 0x0, 0x3c, 0xa0, 0x1f,
    0xe2, 0x10, 0xf, 0x10, 0x7, 0xf9, 0x0, 0x3e,
    0x10, 0xf, 0xf6, 0x0, 0x78, 0x80, 0x3f, 0xe4,
    0x0, 0xf3, 0x0, 0x7f, 0x88, 0x40, 0x3c, 0x40,
    0x1f, 0xe4, 0x0, 0xf8,

    /* U+003C "<" */
    0x0, 0xff, 0xf6, 0x20, 0x7, 0xff, 0xa9, 0x76,
    0xc0, 0x3f, 0xfd, 0xf, 0xd4, 0x40, 0x1f, 0xfe,
    0x61, 0x8f, 0x81, 0x0, 0xff, 0xf3, 0x1d, 0x73,
    0x80, 0x7f, 0xf9, 0xd2, 0xf1, 0x40, 0x3f, 0xfc,
    0xed, 0xb6, 0x80, 0x1f, 0xfe, 0x61, 0x7e, 0x92,
    0x0, 0xff, 0xf3, 0x14, 0xf4, 0x8, 0x7, 0xff,
    0x98, 0xeb, 0x58, 0x3, 0xff, 0xce, 0xb9, 0x85,
    0x0, 0xff, 0xf3, 0xb6, 0xd1, 0x80, 0x7f, 0xf9,
    0x86, 0x3a, 0x48, 0x3, 0xff, 0xcc, 0x53, 0xce,
    0x20, 0x1f, 0xfe, 0x63, 0xbd, 0x60, 0xf, 0xfe,
    0x68, 0xbf, 0x0, 0x7f, 0xf2, 0xd7, 0x30, 0x80,
    0x1f, 0xfc, 0xd2, 0x9e, 0x81, 0x0, 0xff, 0xe4,
    0xb6, 0xd1, 0x80, 0x7f, 0xf3, 0x52, 0xf5, 0x80,
    0x3f, 0xf9, 0x23, 0x1d, 0x24, 0x1, 0xff, 0xcd,
    0x6d, 0xb4, 0x0, 0xff, 0xe4, 0x94, 0xf3, 0x88,
    0x7, 0xff, 0x30, 0x63, 0xa4, 0x80, 0x3f, 0xf9,
    0x29, 0x7a, 0xc0, 0x1f, 0xfc, 0xd3, 0xae, 0x71,
    0x0, 0xff, 0xe4, 0xae, 0x5a, 0x0, 0x7f, 0xf3,
    0x57, 0x30, 0xa0, 0x1f, 0xfc, 0xa7, 0xea, 0x30,
    0xf, 0xfe, 0x6b, 0x6d, 0x18, 0x7, 0xff, 0x24,
    0x63, 0xe0, 0x40, 0x3f, 0xf9, 0x85, 0x1f, 0x24,
    0x1, 0xff, 0xc9, 0x3a, 0xe7, 0x0, 0xff, 0xe6,
    0x9d, 0x6b, 0x80, 0x7f, 0xf2, 0x92, 0xf1, 0x40,
    0x3f, 0xf9, 0xab, 0x98, 0x50, 0xf, 0xfe, 0x53,
    0x6d, 0xa0, 0x7, 0xff, 0x30, 0x5f, 0xa8, 0xc0,
    0x3f, 0xf9, 0x73, 0x22, 0x0, 0xff, 0xe6, 0x14,
    0xf4, 0x8, 0x7, 0xff, 0x34, 0xc0, 0x3f, 0xf9,
    0x89, 0x7a, 0xc0, 0x1f, 0xfe, 0x76, 0xdb, 0x40,
    0xf, 0xff, 0x30, 0xc7, 0x49, 0x0, 0x7f, 0xf9,
    0x8e, 0xb9, 0xc4, 0x3, 0xff, 0xcf, 0x18, 0xa0,
    0x1f, 0xfe, 0xa8, 0xc5, 0x0, 0xff, 0xf5, 0x9d,
    0x73, 0x88, 0x7, 0xff, 0xa8, 0x63, 0xa4, 0x80,
    0x3f, 0xfd, 0x6d, 0xb6, 0x80, 0x1f, 0xfe, 0xb4,
    0xbd, 0x60, 0xf, 0xfe, 0x84, 0x28, 0x7, 0xff,
    0x34, 0xa7, 0xa0, 0x40, 0x3f, 0xf9, 0xa5, 0x5c,
    0xe0, 0x1f, 0xfc, 0xd1, 0x7e, 0xa3, 0x0, 0xff,
    0xe6, 0x8c, 0x7c, 0x8, 0x7, 0xff, 0x35, 0x73,
    0xa, 0x1, 0xff, 0xce, 0x7e, 0xa3, 0x0, 0xff,
    0xe6, 0x9d, 0x6b, 0x80, 0x7f, 0xf3, 0x97, 0x2d,
    0x0, 0x3f, 0xf9, 0xa5, 0x1f, 0x4, 0x1, 0xff,
    0xcd, 0x4b, 0xd6, 0x0, 0xff, 0xe7, 0x3e, 0xd1,
    0x80, 0x7f, 0xf3, 0x4a, 0x79, 0xc4, 0x3, 0xff,
    0x9a, 0xb9, 0x85, 0x0, 0xff, 0xe6, 0x8c, 0x74,
    0x90, 0x7, 0xff, 0x34, 0xeb, 0x9c, 0x40, 0x3f,
    0xf9, 0xad, 0xb4, 0x60, 0x1f, 0xfc, 0xd1, 0x8e,
    0x92, 0x0, 0xff, 0xe6, 0xae, 0x61, 0x0, 0x3f,
    0xf9, 0xcd, 0xb6, 0x80, 0x1f, 0xfc, 0xd3, 0xbd,
    0x60, 0xf, 0xfe, 0x72, 0x5e, 0xb0, 0x7, 0xff,
    0x34, 0xa7, 0xa0, 0x40, 0x3f, 0xf9, 0xa5, 0x3d,
    0x2, 0x1, 0xff, 0xcc, 0x17, 0xe9, 0x20, 0xf,
    0xfe, 0x68, 0xbf, 0x0, 0x7f, 0xf3, 0xdb, 0x6c,
    0xc0, 0x3f, 0xfd, 0x69, 0x98, 0x50, 0xf, 0xff,
    0x59, 0xd6, 0xb0, 0x7, 0xff, 0xac, 0xa7, 0xa0,
    0x40, 0x3f, 0xfd, 0x42, 0xfd, 0x24, 0x1, 0xff,
    0xeb, 0x6d, 0xb4, 0x0, 0xff, 0xf5, 0xa5, 0xe2,
    0x80, 0x7f, 0xfa, 0xce, 0xb9, 0xc0, 0x3f, 0xfd,
    0x63, 0x1f, 0x2, 0x1, 0xff, 0xeb, 0x7e, 0xa3,
    0x0, 0xff, 0xf5, 0xae, 0x5a, 0x0, 0x7f, 0xfa,
    0xd2, 0xf5, 0x80, 0x3f, 0xfd, 0x65, 0x3c, 0xe0,

    /* U+003D "=" */
    0x4f, 0xff, 0xff, 0x52, 0x0, 0x7f, 0xff, 0xc0,
    0x3f, 0xff, 0xe0, 0x1f, 0xff, 0xf0, 0xf, 0xff,
    0xf8, 0x7, 0xff, 0xfc, 0x3, 0xff, 0xfe, 0x1,
    0xff, 0xff, 0x0, 0xff, 0xff, 0x80, 0x7f, 0xf1,
    0x19, 0xdf, 0xff, 0xd4, 0xc5, 0x11, 0xff, 0xea,
    0x20, 0xf, 0xff, 0xf8, 0x7, 0xff, 0xfc, 0x3,
    0xff, 0xfe, 0x1, 0xff, 0xff, 0x0, 0xff, 0xff,
    0x80, 0x7f, 0xff, 0xc0, 0x3f, 0xff, 0xe0, 0x1f,
    0xff, 0xf0, 0xf, 0xff, 0xf8, 0x7, 0xff, 0xa4,
    0xa2, 0x3f, 0xfd, 0x44, 0xce, 0xff, 0xfe, 0xa6,
    0x0, 0xff, 0xff, 0x80, 0x7f, 0xff, 0xc0, 0x3f,
    0xff, 0xe0, 0x1f, 0xff, 0xf0, 0xf, 0xff, 0xf8,
    0x7, 0xff, 0xfc, 0x3, 0xff, 0xfe, 0x1, 0xff,
    0xff, 0x0, 0xff, 0xe2, 0x0,

    /* U+003E ">" */
    0x40, 0xf, 0xff, 0x65, 0xea, 0x80, 0x7f, 0xfa,
    0xca, 0xb9, 0xc0, 0x3f, 0xfd, 0x63, 0x1f, 0x2,
    0x1, 0xff, 0xeb, 0x7e, 0xa3, 0x0, 0xff, 0xf5,
    0xae, 0x5a, 0x0, 0x7f, 0xfa, 0xd2, 0xf5, 0x80,
    0x3f, 0xfd, 0x65, 0x3c, 0xe2, 0x1, 0xff, 0xea,
    0x18, 0xe9, 0x20, 0xf, 0xff, 0x5b, 0x6d, 0x18,
    0x7, 0xff, 0xad, 0x73, 0xa, 0x1, 0xff, 0xeb,
    0x3a, 0xd6, 0x0, 0xff, 0xf5, 0x94, 0xf4, 0x8,
    0x7, 0xff, 0xa8, 0x5f, 0xa4, 0x80, 0x3f, 0xf9,
    0xf8, 0xa0, 0x1f, 0xfc, 0xe6, 0xdb, 0x30, 0xf,
    0xfe, 0x69, 0xd6, 0xb0, 0x7, 0xff, 0x39, 0x33,
    0xa, 0x1, 0xff, 0xcd, 0x29, 0xe8, 0x10, 0xf,
    0xfe, 0x69, 0xd6, 0xb0, 0x7, 0xff, 0x34, 0x5f,
    0xa8, 0xc0, 0x3f, 0xf9, 0xa5, 0x3d, 0x2, 0x1,
    0xff, 0xcd, 0x5c, 0xc2, 0x0, 0x7f, 0xf3, 0x45,
    0xfa, 0x48, 0x3, 0xff, 0x9a, 0x77, 0xac, 0x1,
    0xff, 0xce, 0x6d, 0xb4, 0x0, 0xff, 0xe6, 0x94,
    0xf4, 0x8, 0x7, 0xff, 0x35, 0x2f, 0x14, 0x3,
    0xff, 0x9a, 0x2f, 0xd2, 0x40, 0x1f, 0xfc, 0xd3,
    0xae, 0x70, 0xf, 0xfe, 0x73, 0x6d, 0xa0, 0x7,
    0xff, 0x34, 0x63, 0xe0, 0x40, 0x3f, 0xf9, 0xa9,
    0x7a, 0xc0, 0x1f, 0xfc, 0xe7, 0xea, 0x30, 0xf,
    0xfe, 0x69, 0x4f, 0x38, 0x80, 0x7f, 0xf3, 0x57,
    0x2d, 0x0, 0x3f, 0xf9, 0xa3, 0x1d, 0x24, 0x1,
    0xff, 0xcd, 0x4b, 0xd6, 0x0, 0xff, 0xe7, 0x36,
    0xda, 0x0, 0x7f, 0xf3, 0x4a, 0x64, 0x1, 0xff,
    0xcf, 0x4b, 0xd5, 0x0, 0xff, 0xe6, 0x98, 0x7,
    0xff, 0x44, 0xab, 0x9c, 0x40, 0x3f, 0xfd, 0x43,
    0x1d, 0x24, 0x1, 0xff, 0xeb, 0x6d, 0xa3, 0x0,
    0xff, 0xf5, 0xae, 0x61, 0x40, 0x3f, 0xfd, 0x42,
    0x88, 0x0, 0xff, 0xf4, 0x14, 0xf4, 0x8, 0x7,
    0xff, 0x99, 0x2f, 0x58, 0x3, 0xff, 0xce, 0xdb,
    0x68, 0x1, 0xff, 0xe6, 0x28, 0xf9, 0x20, 0xf,
    0xff, 0x32, 0x5e, 0xb8, 0x7, 0xff, 0x35, 0x60,
    0x3, 0xff, 0x98, 0xdb, 0x68, 0x1, 0xff, 0xcd,
    0x7e, 0xa2, 0x0, 0xff, 0xe4, 0x8c, 0x74, 0x90,
    0x7, 0xff, 0x30, 0x63, 0xe0, 0x40, 0x3f, 0xf9,
    0x27, 0x5c, 0xe2, 0x1, 0xff, 0xcc, 0x3a, 0xe7,
    0x0, 0xff, 0xe5, 0x2e, 0x61, 0x40, 0x3f, 0xf9,
    0xa9, 0x78, 0xa0, 0x1f, 0xfc, 0x91, 0x7e, 0xa3,
    0x0, 0xff, 0xe6, 0xb6, 0xda, 0x0, 0x7f, 0xf2,
    0x4a, 0x7a, 0x4, 0x3, 0xff, 0x98, 0x2f, 0xd2,
    0x40, 0x1f, 0xfc, 0x94, 0xbd, 0x60, 0xf, 0xfe,
    0x69, 0x4f, 0x40, 0x80, 0x7f, 0xf2, 0x5f, 0x6d,
    0x0, 0x3f, 0xf9, 0xa7, 0x5a, 0xc0, 0x1f, 0xfc,
    0x92, 0x9f, 0x82, 0x0, 0xff, 0xe6, 0xa6, 0x61,
    0x40, 0x3f, 0xf9, 0x29, 0x7a, 0xc0, 0x1f, 0xfc,
    0xe6, 0xdb, 0x30, 0xf, 0xfe, 0x4b, 0x6d, 0xa0,
    0x7, 0xff, 0x34, 0x63, 0xa4, 0x80, 0x3f, 0xf9,
    0x5d, 0x24, 0x1, 0xff, 0xcd, 0x29, 0xe7, 0x10,
    0xf, 0xfe, 0x60, 0x80, 0x7f, 0xf3, 0x4e, 0xf5,
    0x80, 0x3f, 0xfc, 0xeb, 0x98, 0x40, 0xf, 0xff,
    0x3b, 0x6d, 0x18, 0x7, 0xff, 0x98, 0x63, 0xa4,
    0x80, 0x3f, 0xfc, 0xc5, 0x3c, 0xe2, 0x1, 0xff,
    0xe6, 0x4b, 0xd6, 0x0, 0xff, 0xf3, 0xae, 0x5a,
    0x0, 0x7f, 0xf9, 0xdf, 0xa8, 0xc0, 0x3f, 0xfc,
    0xc3, 0x1f, 0x2, 0x1, 0xff, 0xe6, 0x3a, 0xe7,
    0x0, 0xff, 0xf3, 0xa5, 0xe2, 0x80, 0x7f, 0xf9,
    0xdb, 0x6d, 0x0, 0x3f, 0xfc, 0xef, 0xd2, 0x40,
    0x1f, 0xfe, 0x90,

    /* U+003F "?" */
    0x0, 0xff, 0xe5, 0x1b, 0x4d, 0x67, 0x73, 0xff,
    0x76, 0xdd, 0x3a, 0x90, 0x7, 0xff, 0x60, 0x5a,
    0xff, 0x25, 0x94, 0xc4, 0x40, 0x18, 0x49, 0x16,
    0x2b, 0x7a, 0x54, 0x3, 0xff, 0xa6, 0x97, 0xd2,
    0x80, 0x1f, 0xfc, 0x71, 0x6a, 0xe9, 0x20, 0xf,
    0xfe, 0x72, 0x6d, 0xa0, 0x7, 0xff, 0x34, 0x5b,
    0x68, 0x40, 0x3f, 0xf9, 0x43, 0x76, 0x20, 0xf,
    0xfe, 0x92, 0xf3, 0x80, 0x7f, 0xf2, 0x17, 0x90,
    0x3, 0xff, 0xad, 0x16, 0x20, 0x1f, 0xfc, 0x58,
    0xa0, 0xf, 0xfe, 0xca, 0x61, 0x0, 0x7f, 0xf0,
    0xe9, 0xc0, 0x3f, 0xfb, 0x65, 0x84, 0x1, 0xff,
    0xc1, 0x95, 0x0, 0xff, 0xee, 0x8e, 0x8, 0x7,
    0xfd, 0xc, 0x1, 0xff, 0xdf, 0x1d, 0x0, 0xff,
    0x2b, 0x80, 0x7f, 0xf8, 0x4d, 0xc0, 0x3f, 0xd,
    0x80, 0x7f, 0xf8, 0xe0, 0x80, 0x3e, 0xb1, 0x0,
    0xff, 0xe2, 0x9b, 0xd6, 0x6f, 0x7f, 0x6e, 0x42,
    0x0, 0x7f, 0xf1, 0xe0, 0x3, 0xc8, 0xa0, 0x1f,
    0xfc, 0x31, 0x7e, 0xc8, 0x53, 0x21, 0x1, 0x23,
    0x7b, 0xe6, 0x0, 0xff, 0xe2, 0xa9, 0x0, 0x74,
    0x0, 0x7f, 0xf0, 0xd7, 0xa0, 0x40, 0x3f, 0xf8,
    0x3, 0x38, 0x20, 0x1f, 0xfc, 0x4a, 0x0, 0xc8,
    0x60, 0x1f, 0xfc, 0x2a, 0xa0, 0x7, 0xff, 0x14,
    0xfc, 0x80, 0x3f, 0xf8, 0x6c, 0x1, 0xbc, 0x3,
    0xff, 0x85, 0x2a, 0x1, 0xff, 0xc7, 0x1f, 0x0,
    0xff, 0xe1, 0x89, 0x0, 0x9, 0x0, 0x3f, 0xf8,
    0x2c, 0xc0, 0xf, 0xfe, 0x49, 0x40, 0x7, 0xff,
    0xd, 0x0, 0x14, 0x1, 0xff, 0xc1, 0x19, 0x0,
    0xff, 0xe5, 0xb8, 0x80, 0x7f, 0xf0, 0xbc, 0x0,
    0xc0, 0x1f, 0xfc, 0x1b, 0x0, 0xff, 0xe6, 0xb0,
    0x7, 0xff, 0x9, 0x40, 0x84, 0x3, 0xff, 0x80,
    0x4a, 0x1, 0xff, 0xcd, 0xc0, 0xf, 0xfe, 0x11,
    0x2, 0x80, 0x7f, 0xf0, 0x68, 0x3, 0xff, 0x9c,
    0x80, 0x1f, 0xfc, 0x4c, 0x0, 0xff, 0xe0, 0xb0,
    0x7, 0xff, 0x3c, 0x40, 0x3f, 0xf8, 0x22, 0xa,
    0x1, 0xff, 0xc0, 0x41, 0x0, 0xff, 0xe7, 0x98,
    0x7, 0xff, 0xd, 0x94, 0xc4, 0x3, 0xfb, 0x0,
    0x3f, 0xfa, 0x2, 0x1, 0xff, 0xc3, 0x8a, 0xce,
    0xfd, 0xa8, 0x64, 0x20, 0x2, 0x80, 0x7f, 0xf7,
    0x84, 0x3, 0xc4, 0xaf, 0x37, 0xbf, 0xc4, 0x1,
    0xff, 0xd0, 0x10, 0xf, 0xfe, 0x9, 0x0, 0x7f,
    0xf0, 0x44, 0x3, 0xff, 0xa2, 0x40, 0x1f, 0xfc,
    0x16, 0x0, 0xff, 0xef, 0x8, 0x7, 0xff, 0x8,
    0x80, 0x3f, 0xfb, 0xc8, 0x1, 0xff, 0xc2, 0xd0,
    0xf, 0xfe, 0xf7, 0x80, 0x7f, 0xf0, 0x90, 0x3,
    0xff, 0xba, 0x4a, 0x1, 0xff, 0xc1, 0x31, 0x0,
    0xff, 0xee, 0xc0, 0x7, 0xff, 0xa, 0x80, 0x3f,
    0xfb, 0xa8, 0xa0, 0x1f, 0xfc, 0x26, 0x0, 0xff,
    0xee, 0xd, 0x0, 0x7f, 0xf0, 0x9c, 0x3, 0xff,
    0xbb, 0x62, 0x1, 0xff, 0xc1, 0x19, 0x0, 0xff,
    0xee, 0x4a, 0x80, 0x7f, 0xf0, 0xa0, 0x40, 0x3f,
    0xfb, 0x6e, 0xc0, 0x1f, 0xfc, 0x23, 0x60, 0xf,
    0xfe, 0xdb, 0x40, 0x7, 0xff, 0xf, 0x80, 0x3f,
    0xfb, 0x6d, 0x20, 0x1f, 0xfc, 0x3b, 0x20, 0xf,
    0xfe, 0xd3, 0x48, 0x7, 0xff, 0xe, 0x50, 0x3,
    0xff, 0xb4, 0xd2, 0x1, 0xff, 0xc3, 0x96, 0x0,
    0xff, 0xed, 0x2c, 0x80, 0x7f, 0xf0, 0xe5, 0x80,
    0x3f, 0xfb, 0x49, 0x40, 0x1f, 0xfc, 0x39, 0x60,
    0xf, 0xfe, 0xd2, 0x58, 0x7, 0xff, 0xe, 0x58,
    0x3, 0xff, 0xb4, 0x76, 0x1, 0xff, 0xc3, 0x96,
    0x0, 0xff, 0xed, 0x16, 0x80, 0x7f, 0xf0, 0xe5,
    0x80, 0x3f, 0xfb, 0x43, 0xe2, 0x1, 0xff, 0xc2,
    0x96, 0x0, 0xff, 0xed, 0xd9, 0x0, 0x7f, 0xf0,
    0xa1, 0x80, 0x3f, 0xfb, 0x6c, 0xa0, 0x1f, 0xfc,
    0x27, 0x70, 0x7, 0xff, 0x6c, 0xa4, 0x3, 0xff,
    0x84, 0xb0, 0x1, 0xff, 0xdc, 0x80, 0xf, 0xfe,
    0x11, 0xd0, 0x7, 0xff, 0x70, 0xd4, 0x3, 0xff,
    0x82, 0x3c, 0x1, 0xff, 0xdd, 0x90, 0xf, 0xfe,
    0x15, 0x90, 0x7, 0xff, 0x70, 0x54, 0x3, 0xff,
    0x82, 0x8a, 0x1, 0xff, 0xdd, 0x60, 0xf, 0xfe,
    0x14, 0x80, 0x7f, 0xf7, 0xb0, 0x3, 0xff, 0x82,
    0x84, 0x1, 0xff, 0xde, 0x50, 0xf, 0xfe, 0xf,
    0x0, 0x7f, 0xf7, 0x88, 0x40, 0x3f, 0xf8, 0x28,
    0x1, 0xff, 0xde, 0x10, 0xf, 0xfe, 0x9, 0x8,
    0x7, 0xff, 0x79, 0xc0, 0x3f, 0xf8, 0x2c, 0x1,
    0xff, 0xdf, 0x10, 0xf, 0xfe, 0x8, 0x80, 0x7f,
    0xf7, 0xcc, 0x3, 0xff, 0xfe, 0x1, 0xff, 0xdc,
    0x6e, 0xef, 0xfe, 0xd, 0x0, 0x7f, 0xf8, 0x4,
    0x7f, 0xf8, 0x20, 0x1f, 0xff, 0xf0, 0xf, 0xff,
    0xf8, 0x7, 0xff, 0xfc, 0x3, 0xff, 0xfe, 0x1,
    0xff, 0xff, 0x0, 0xff, 0xff, 0x89, 0x17, 0xff,
    0x4, 0x40, 0x3f, 0xfb, 0xfb, 0xbf, 0xfc, 0x2f,
    0x0, 0xff, 0xff, 0x80, 0x7f, 0xff, 0xc0, 0x3f,
    0xff, 0xe0, 0x1f, 0xff, 0xf0, 0xf, 0xff, 0xf8,
    0x7, 0xff, 0xfc, 0x3, 0xff, 0xfe, 0x1, 0xff,
    0xff, 0x0, 0xff, 0xff, 0x80, 0x7f, 0xff, 0xc0,
    0x3f, 0xff, 0xe0, 0x1f, 0xff, 0xf0, 0xf, 0xff,
    0x28,

    /* U+0040 "@" */
    0x0, 0xff, 0xf6, 0x88, 0xc0, 0x1f, 0xff, 0xf0,
    0xf, 0xfe, 0x61, 0xab, 0xd6, 0x77, 0xfd, 0xdd,
    0x7f, 0xee, 0xca, 0x87, 0x52, 0x0, 0xff, 0xff,
    0x80, 0x7e, 0x15, 0x8c, 0xfc, 0xa8, 0x53, 0x10,
    0xf, 0xf0, 0x9a, 0xbc, 0x56, 0xfe, 0x4a, 0x88,
    0x7, 0xff, 0xfc, 0xa3, 0x7a, 0x9c, 0xc0, 0x3f,
    0xf9, 0xa6, 0xd5, 0xdb, 0x8, 0x1, 0xff, 0xf9,
    0x38, 0xdd, 0x39, 0x0, 0x7f, 0xf5, 0x49, 0xef,
    0xe5, 0x0, 0x3f, 0xfe, 0x8b, 0x98, 0x72, 0x0,
    0xff, 0xee, 0x35, 0xf4, 0x8, 0x7, 0xff, 0xb8,
    0x63, 0xa8, 0xc0, 0x3f, 0xfc, 0x22, 0xfd, 0x24,
    0x1, 0xff, 0xeb, 0x8e, 0x71, 0x0, 0xff, 0xf3,
    0x36, 0xd1, 0x0, 0x7f, 0xf9, 0xdf, 0x9c, 0x3,
    0xff, 0xd6, 0xbb, 0x0, 0x1f, 0xfe, 0x45, 0xe8,
    0x10, 0xf, 0xff, 0x73, 0xf2, 0x80, 0x7f, 0xf8,
    0x6, 0xa8, 0x20, 0x1f, 0xff, 0x11, 0xaa, 0x0,
    0x7f, 0xf7, 0x93, 0xd4, 0x3, 0xff, 0x94, 0x4a,
    0xf3, 0x79, 0xbd, 0xff, 0x77, 0x37, 0x2e, 0x5d,
    0x4c, 0x3, 0xff, 0x96, 0xba, 0x60, 0x1f, 0xfd,
    0xb9, 0xb1, 0x0, 0xff, 0xe3, 0x9b, 0xdf, 0xed,
    0x43, 0x21, 0x90, 0x80, 0x42, 0x22, 0x34, 0x68,
    0xac, 0xfd, 0xa6, 0x20, 0xf, 0xfe, 0x39, 0x63,
    0x0, 0x7f, 0xf6, 0x7, 0x18, 0x3, 0xff, 0x8c,
    0x73, 0xf9, 0x8, 0x1, 0xff, 0xca, 0x25, 0x9d,
    0xe9, 0x30, 0xf, 0xfe, 0x34, 0xc0, 0x7, 0xff,
    0x58, 0xfc, 0xc0, 0x3f, 0xf8, 0x83, 0x1d, 0x8c,
    0x1, 0xff, 0xd2, 0x16, 0xce, 0x82, 0x0, 0xff,
    0xe2, 0x3c, 0x80, 0x7f, 0xf5, 0x17, 0x4, 0x3,
    0xff, 0x86, 0x33, 0xce, 0x20, 0x1f, 0xfd, 0x71,
    0x7d, 0xa3, 0x0, 0xff, 0xe1, 0xb5, 0x0, 0x7f,
    0xf4, 0x9a, 0x80, 0x3f, 0xf8, 0x63, 0x3c, 0xc0,
    0x1f, 0xfd, 0xd5, 0xcb, 0x20, 0xf, 0xfe, 0x12,
    0xd0, 0x7, 0xff, 0x41, 0xa4, 0x3, 0xff, 0x86,
    0xfc, 0xc0, 0x1f, 0xfe, 0x14, 0xd8, 0x0, 0xff,
    0xe1, 0x2b, 0x80, 0x7f, 0xf3, 0x9a, 0x40, 0x3f,
    0xf8, 0x47, 0xb0, 0x1, 0xff, 0xe5, 0x7d, 0x30,
    0xf, 0xfe, 0xc, 0x28, 0x7, 0xff, 0x31, 0xa4,
    0x3, 0xff, 0x85, 0x18, 0x40, 0x1f, 0xfe, 0x72,
    0xc6, 0x0, 0xff, 0xe0, 0xd1, 0x80, 0x7f, 0xf2,
    0x96, 0x40, 0x3f, 0xf8, 0x23, 0x6e, 0x1, 0xff,
    0xeb, 0x9a, 0x0, 0xff, 0xe0, 0xf0, 0x7, 0xff,
    0x24, 0xa8, 0x3, 0xff, 0x82, 0x7e, 0x80, 0x1f,
    0xfe, 0xd5, 0xa0, 0xf, 0xfe, 0x1, 0x40, 0x7,
    0xff, 0x1c, 0x7c, 0x3, 0xff, 0x82, 0x98, 0x20,
    0x1f, 0xfe, 0xf5, 0xb0, 0xf, 0xfe, 0x3, 0x98,
    0x7, 0xff, 0x1a, 0x88, 0x3, 0xff, 0x80, 0x96,
    0x1, 0xff, 0xf2, 0x49, 0x0, 0xff, 0xe0, 0x70,
    0x7, 0xff, 0x16, 0x10, 0x3, 0xff, 0x80, 0xb6,
    0x1, 0xff, 0xf4, 0x67, 0x0, 0xff, 0x89, 0x80,
    0x3f, 0xf8, 0x66, 0xe0, 0x1f, 0xfc, 0x4, 0xa0,
    0xf, 0xff, 0xb4, 0x18, 0x7, 0xfd, 0x0, 0x1f,
    0xfc, 0x3e, 0x0, 0xff, 0xe0, 0x15, 0x80, 0x7f,
    0xfe, 0x38, 0x3, 0xfe, 0x16, 0x0, 0xff, 0xe0,
    0xb9, 0x0, 0x7f, 0xc3, 0x80, 0x1f, 0xff, 0x92,
    0x80, 0xf, 0xfa, 0x0, 0x3f, 0xf8, 0x5, 0x0,
    0x1f, 0xfc, 0xd, 0x10, 0xf, 0xfe, 0x60, 0xac,
    0x56, 0xf7, 0xfd, 0xd7, 0x8, 0x1, 0xff, 0xd5,
    0x72, 0x0, 0xff, 0xa, 0x80, 0x7f, 0xdc, 0x1,
    0xff, 0xc0, 0x83, 0x0, 0xff, 0xe5, 0xb, 0xe7,
    0x53, 0xa9, 0x8, 0x4, 0x28, 0xf7, 0xf2, 0x40,
    0x1f, 0xa6, 0xab, 0xfe, 0x80, 0xf, 0xf4, 0x0,
    0x7f, 0xdc, 0x1, 0xfe, 0x53, 0x0, 0xff, 0x8d,
    0xc0, 0x3f, 0xf9, 0x27, 0x5d, 0x6, 0x1, 0xff,
    0xc2, 0x6d, 0x91, 0x0, 0xe1, 0x65, 0x5f, 0xf8,
    0x80, 0x3f, 0xca, 0x40, 0x1f, 0xe4, 0x20, 0xf,
    0xe8, 0x0, 0xff, 0xe0, 0x70, 0x7, 0xff, 0x20,
    0x67, 0x14, 0x3, 0xff, 0x8e, 0xde, 0x60, 0x19,
    0x40, 0x3f, 0xf8, 0x1a, 0x1, 0xff, 0x40, 0x7,
    0xfd, 0x40, 0x1f, 0x94, 0x80, 0x3f, 0xe8, 0x20,
    0xf, 0xfe, 0x3b, 0x73, 0x0, 0x7f, 0xf2, 0x87,
    0x14, 0x2, 0x30, 0xf, 0xfe, 0x1, 0x0, 0x7f,
    0xca, 0x1, 0xff, 0x28, 0x7, 0xe8, 0x0, 0xff,
    0x89, 0xc0, 0x3f, 0xf8, 0xc3, 0x52, 0x1, 0xff,
    0xce, 0xa4, 0x0, 0x68, 0x7, 0xff, 0x1, 0xc0,
    0x3f, 0xf8, 0xc, 0x1, 0xfe, 0x21, 0x0, 0xf3,
    0x10, 0x7, 0xfd, 0x0, 0x1f, 0xfc, 0x61, 0xc5,
    0x0, 0xff, 0xe8, 0x59, 0x83, 0x80, 0x7f, 0xf0,
    0x8, 0x3, 0xff, 0x81, 0xa0, 0x1f, 0xf2, 0x0,
    0x7a, 0x0, 0x3f, 0xe3, 0x50, 0xf, 0xfe, 0x29,
    0x79, 0x0, 0x7f, 0xf4, 0xb8, 0x48, 0x3, 0xfe,
    0x30, 0xf, 0xfe, 0xa, 0x8, 0x7, 0xfb, 0x0,
    0x39, 0x44, 0x3, 0xfe, 0x80, 0xf, 0xfe, 0x29,
    0x60, 0x80, 0x7f, 0xf4, 0xcb, 0x40, 0x3f, 0xf8,
    0xa, 0x1, 0xff, 0xc2, 0x40, 0xf, 0xf2, 0x0,
    0x74, 0x80, 0x7f, 0xc4, 0x80, 0x1f, 0xfc, 0x41,
    0xf1, 0x0, 0xff, 0xea, 0x98, 0x7, 0xff, 0x3,
    0xc0, 0x3f, 0xf8, 0x58, 0x1, 0xfe, 0x21, 0x0,
    0x88, 0xc0, 0x3f, 0xeb, 0x0, 0xff, 0xe2, 0xd1,
    0x0, 0x7f, 0xf1, 0x49, 0x59, 0xd9, 0x48, 0x3,
    0xff, 0x96, 0x40, 0x1f, 0xfc, 0x25, 0x0, 0xff,
    0x88, 0x2, 0xa0, 0xf, 0xf8, 0x58, 0x3, 0xff,
    0x88, 0xe8, 0x1, 0xff, 0xc3, 0x18, 0xdd, 0x54,
    0xc4, 0xd6, 0xf4, 0x8, 0x7, 0xff, 0x21, 0x40,
    0x3f, 0xf8, 0x46, 0x1, 0xff, 0x30, 0x4, 0xa0,
    0x1f, 0xf3, 0x0, 0x7f, 0xf1, 0xe, 0x0, 0x3f,
    0xf8, 0x71, 0xce, 0x40, 0x1f, 0xb, 0xfa, 0x0,
    0x7f, 0xf1, 0x84, 0x40, 0x1f, 0xfc, 0x32, 0x0,
    0xff, 0x68, 0x0, 0xc8, 0x3, 0xfe, 0xa0, 0xf,
    0xfe, 0x27, 0x80, 0x7f, 0xf0, 0x8b, 0x5c, 0x3,
    0xff, 0x80, 0x36, 0xa0, 0x1f, 0xfc, 0x55, 0x0,
    0xff, 0xe2, 0x30, 0x7, 0xf8, 0x80, 0x8, 0x1,
    0xff, 0x11, 0x0, 0x3f, 0xf8, 0x6c, 0x60, 0x1f,
    0xfc, 0x13, 0xc2, 0x0, 0xff, 0xe1, 0xd1, 0x80,
    0x7f, 0xf1, 0xc, 0x3, 0xff, 0x88, 0x40, 0x1f,
    0xe6, 0x0, 0x58, 0x7, 0xfd, 0x40, 0x1f, 0xfc,
    0x48, 0x0, 0xff, 0xe0, 0x96, 0x88, 0x7, 0xff,
    0x17, 0xc0, 0x3f, 0xf8, 0x9c, 0x1, 0xff, 0xc4,
    0xe0, 0xf, 0xfe, 0x9, 0x80, 0x7f, 0xca, 0x1,
    0xff, 0xc3, 0x61, 0x0, 0xff, 0xe0, 0xf8, 0x80,
    0x7f, 0xf1, 0x8c, 0xc0, 0x1f, 0xfc, 0x35, 0x0,
    0xff, 0xe2, 0x8, 0x7, 0xf8, 0x41, 0x0, 0x3f,
    0xe2, 0x20, 0x7, 0xff, 0xe, 0x0, 0x3f, 0xf8,
    0x32, 0x40, 0x1f, 0xfc, 0x8a, 0x0, 0xff, 0xe1,
    0x98, 0x7, 0xff, 0x10, 0xc0, 0x3f, 0xc6, 0x18,
    0x1, 0xff, 0x20, 0x7, 0xff, 0xd, 0x44, 0x3,
    0xff, 0x80, 0x8c, 0x1, 0xff, 0xc9, 0x40, 0xf,
    0xfe, 0x11, 0x0, 0x7f, 0xf4, 0x4, 0xc, 0x3,
    0xfe, 0xf0, 0xf, 0xfe, 0x1f, 0x0, 0x7f, 0xf0,
    0x60, 0x3, 0xff, 0x94, 0x40, 0x1f, 0xfc, 0x27,
    0x0, 0xff, 0xe2, 0x88, 0x7, 0xff, 0x1, 0x40,
    0x3f, 0xe4, 0x0, 0xff, 0xe1, 0xa, 0x0, 0x7f,
    0xf0, 0x10, 0xc0, 0x3f, 0xf9, 0x64, 0x1, 0xff,
    0xc1, 0xd0, 0xf, 0xfe, 0x88, 0x88, 0x3, 0xfc,
    0x24, 0x1, 0xff, 0xc2, 0x70, 0xf, 0xfe, 0xf,
    0x80, 0x7f, 0xf6, 0x88, 0x3, 0xff, 0xa2, 0x40,
    0x1f, 0xf2, 0x80, 0x7f, 0xf0, 0xf4, 0x3, 0xff,
    0x80, 0x28, 0x1, 0xff, 0xda, 0x70, 0xf, 0xfe,
    0x28, 0x80, 0x7f, 0x85, 0x80, 0x3f, 0xe2, 0x0,
    0xff, 0xe1, 0xa0, 0x7, 0xff, 0x1, 0xc0, 0x3f,
    0xf9, 0xa6, 0x1, 0xff, 0xc1, 0x20, 0xf, 0xfe,
    0x89, 0x0, 0x7f, 0xdc, 0x1, 0xff, 0xc2, 0x40,
    0xf, 0xfe, 0xe, 0x80, 0x7f, 0xf3, 0x44, 0x3,
    0xff, 0x80, 0x60, 0x1f, 0xfc, 0x63, 0x0, 0xff,
    0x1f, 0x0, 0x7f, 0xc4, 0x1, 0xff, 0xc2, 0x30,
    0xf, 0xfe, 0xa, 0x0, 0x7f, 0xf6, 0x94, 0x3,
    0xff, 0x8c, 0x20, 0x1f, 0xe6, 0x20, 0xf, 0xf9,
    0x80, 0x3f, 0xf8, 0x5a, 0x1, 0xff, 0xc0, 0x30,
    0xf, 0xfe, 0xdf, 0x80, 0x7f, 0xf1, 0xb8, 0x3,
    0xfc, 0x2e, 0x1, 0xff, 0x10, 0x7, 0xff, 0x9,
    0xc0, 0x3f, 0xf8, 0xc, 0x1, 0xff, 0xcd, 0x20,
    0xf, 0xfe, 0x9, 0x0, 0x7f, 0xf1, 0x8c, 0x3,
    0xfc, 0x42, 0x1, 0xff, 0x8, 0x7, 0xff, 0x8,
    0x80, 0x3f, 0xf8, 0x1a, 0x1, 0xff, 0xcd, 0x70,
    0xf, 0xfe, 0xa, 0x80, 0x7f, 0xf1, 0x9c, 0x3,
    0xfd, 0xc6, 0x1, 0xff, 0xcd, 0x20, 0xf, 0xfe,
    0x9, 0x0, 0x7f, 0xf3, 0x74, 0x3, 0xff, 0x80,
    0x22, 0x0, 0xff, 0xe3, 0x10, 0x7, 0xf8, 0x84,
    0x3, 0xff, 0x9a, 0x20, 0x1f, 0xfc, 0x11, 0x0,
    0xff, 0xe6, 0x98, 0x7, 0xff, 0x1, 0x40, 0x3f,
    0xf8, 0xc4, 0x1, 0xff, 0x28, 0x7, 0xfc, 0x20,
    0x1f, 0xfc, 0x26, 0x0, 0xff, 0xe0, 0xb8, 0x7,
    0xff, 0x35, 0x80, 0x3f, 0xf8, 0x6, 0x1, 0xff,
    0xc6, 0x70, 0xf, 0xf0, 0x88, 0x3, 0xff, 0x9c,
    0x60, 0x1f, 0xfc, 0x11, 0x0, 0xff, 0xe6, 0x9,
    0x0, 0x7f, 0xf0, 0x34, 0x3, 0xff, 0x8d, 0x80,
    0x1f, 0xe5, 0x0, 0xff, 0xfb, 0x20, 0x7, 0xff,
    0x5, 0x80, 0x3f, 0xf8, 0xc8, 0x1, 0xfe, 0x30,
    0xf, 0xfe, 0x78, 0x80, 0x7f, 0xf6, 0xb4, 0x3,
    0xff, 0x82, 0x60, 0x1f, 0xfc, 0x52, 0x20, 0x7,
    0xfb, 0x0, 0x40, 0x3f, 0xc2, 0x1, 0xff, 0xd0,
    0x10, 0xf, 0xfe, 0x62, 0x80, 0x7f, 0xf0, 0x8,
    0x3, 0xff, 0x8c, 0xa0, 0x1f, 0xf2, 0x1, 0x80,
    0x7f, 0xf6, 0xdc, 0x3, 0xff, 0x96, 0x44, 0x0,
    0xff, 0xe0, 0x38, 0x7, 0xff, 0x1a, 0x80, 0x3f,
    0xca, 0x1, 0xff, 0xc2, 0x10, 0xf, 0xfe, 0x8,
    0x80, 0x7f, 0xf0, 0x44, 0x3, 0xff, 0x97, 0x40,
    0x1f, 0xfc, 0x1d, 0x0, 0xff, 0xe2, 0x99, 0x0,
    0x7f, 0xbc, 0x0, 0x20, 0x1f, 0xf1, 0x80, 0x7f,
    0xf0, 0x4c, 0x3, 0xff, 0x83, 0xa0, 0x1f, 0xfc,
    0xb6, 0x0, 0xff, 0xe0, 0x98, 0x7, 0xff, 0x16,
    0x40, 0x3f, 0xe5, 0x0, 0x38, 0x7, 0xfc, 0xc0,
    0x1f, 0xfc, 0x16, 0x0, 0xff, 0xe0, 0x98, 0x7,
    0xff, 0x29, 0x84, 0x3, 0xff, 0x82, 0xc0, 0x1f,
    0xfc, 0x41, 0x50, 0xf, 0xf3, 0x0, 0x44, 0x1,
    0xff, 0x10, 0x7, 0xff, 0x4, 0x80, 0x3f, 0xf8,
    0x2a, 0x1, 0xff, 0xca, 0xb0, 0xf, 0xfe, 0x11,
    0x0, 0x7f, 0xf1, 0x20, 0x3, 0xfe, 0xa0, 0xb,
    0x80, 0x3f, 0xee, 0x0, 0xff, 0xe0, 0x88, 0x80,
    0x3f, 0xf8, 0x2, 0x80, 0x1f, 0xfc, 0x88, 0x20,
    0xf, 0xfe, 0x9, 0x80, 0x7f, 0xf1, 0xd, 0x80,
    0x3f, 0xc8, 0x60, 0x11, 0x0, 0x7f, 0xc6, 0x1,
    0xff, 0xc2, 0x50, 0xf, 0xfe, 0xf, 0x0, 0x7f,
    0xf1, 0xcd, 0xc0, 0x3f, 0xf8, 0x4c, 0x1, 0xff,
    0xc4, 0xe0, 0xf, 0xfb, 0xc0, 0x33, 0x0, 0x7f,
    0xca, 0x1, 0xff, 0xc2, 0xc0, 0xf, 0xfe, 0xa,
    0x98, 0x7, 0xff, 0x14, 0xb4, 0x3, 0xff, 0xa7,
    0x24, 0x1, 0xfe, 0x34, 0x0, 0xc6, 0x1, 0xff,
    0x9, 0x0, 0x7f, 0xf0, 0x50, 0x3, 0xff, 0x85,
    0xc0, 0x1f, 0xfc, 0x43, 0xc1, 0x0, 0xff, 0xe1,
    0x88, 0x7, 0xff, 0x9, 0xd8, 0x3, 0xfe, 0xf0,
    0xf, 0x18, 0x7, 0xfc, 0xe0, 0x1f, 0xfc, 0x13,
    0x10, 0xf, 0xfe, 0x9, 0x60, 0x80, 0x7f, 0xf0,
    0x5f, 0x4, 0x3, 0xff, 0x88, 0xc0, 0x1f, 0xfc,
    0x17, 0x80, 0xf, 0xf9, 0x8c, 0x3, 0xca, 0x1,
    0xff, 0x60, 0x7, 0xff, 0x9, 0x80, 0x3f, 0xf8,
    0x47, 0x88, 0x1, 0xfe, 0x4c, 0x80, 0xf, 0xfe,
    0x31, 0x18, 0x7, 0xf8, 0x6a, 0x0, 0x3f, 0xe1,
    0x80, 0xf, 0xb0, 0x3, 0xfe, 0x70, 0xf, 0xfe,
    0x15, 0x0, 0x7f, 0xf0, 0xca, 0xec, 0xc4, 0x20,
    0x2, 0x48, 0xdb, 0x30, 0xf, 0xfe, 0x47, 0x80,
    0x7f, 0x3f, 0xa8, 0x7, 0xff, 0x2, 0x84, 0x3,
    0xe7, 0x0, 0xff, 0x84, 0xc0, 0x3f, 0xf8, 0x24,
    0xa0, 0x1f, 0xfc, 0x44, 0x9d, 0xef, 0xf6, 0xdb,
    0x90, 0x7, 0xff, 0x28, 0xf5, 0x44, 0x0, 0x4b,
    0x5f, 0x2, 0x1, 0xff, 0xc0, 0x84, 0x0, 0xfc,
    0x42, 0x1, 0xff, 0x20, 0x7, 0xff, 0xa, 0x0,
    0x3f, 0xfa, 0xe3, 0x20, 0x1f, 0xfc, 0x2, 0xae,
    0xff, 0x6d, 0x28, 0x7, 0xff, 0x9, 0x5c, 0x3,
    0xfc, 0xe0, 0x1f, 0xf5, 0x0, 0x7f, 0xf0, 0x8a,
    0x0, 0x3f, 0xfa, 0xda, 0xe0, 0x1f, 0xfd, 0x55,
    0xa0, 0xf, 0xfb, 0x40, 0x3f, 0xe2, 0x40, 0xf,
    0xfe, 0x13, 0x98, 0x7, 0xff, 0x52, 0x4c, 0x50,
    0x3, 0xff, 0xa6, 0xb4, 0x1, 0xff, 0xc0, 0x41,
    0x0, 0xff, 0xb8, 0x3, 0xff, 0x87, 0xa4, 0x1,
    0xff, 0xd2, 0x96, 0x0, 0x78, 0x7, 0xff, 0x49,
    0xe8, 0x3, 0xff, 0x84, 0xe0, 0x1f, 0xf2, 0x88,
    0x7, 0xff, 0x8, 0x7c, 0x40, 0x3f, 0xfa, 0x10,
    0xc0, 0x12, 0x20, 0x3, 0xff, 0x9e, 0x35, 0x0,
    0x1f, 0xfc, 0x3a, 0x0, 0xff, 0xe0, 0x40, 0x7,
    0xff, 0xc, 0xbc, 0x80, 0x3f, 0xf9, 0xd4, 0xe0,
    0x1d, 0x44, 0x1, 0xff, 0xcd, 0x4f, 0x50, 0xf,
    0xfe, 0x21, 0x98, 0x3, 0xfe, 0x62, 0x0, 0xff,
    0xe1, 0x8e, 0xb0, 0x7, 0xff, 0x2c, 0xb1, 0x40,
    0x3c, 0x3e, 0x60, 0x1f, 0xfc, 0xa3, 0xbb, 0x8,
    0x7, 0xff, 0x1a, 0x80, 0x3f, 0xf8, 0x10, 0x1,
    0xff, 0xc5, 0x9b, 0x20, 0xf, 0xfe, 0x38, 0xce,
    0x98, 0x7, 0xe2, 0xc8, 0x10, 0xf, 0xfe, 0x32,
    0x5e, 0x20, 0x7, 0xff, 0x21, 0x84, 0x3, 0xfe,
    0x54, 0x0, 0xff, 0xe2, 0xa6, 0xd2, 0x0, 0x7f,
    0xf0, 0xce, 0x79, 0x80, 0x3f, 0xf8, 0xf, 0xd4,
    0xa2, 0x1, 0xff, 0xc0, 0x49, 0xeb, 0x40, 0xf,
    0xfe, 0x5b, 0x0, 0x7f, 0xf0, 0x28, 0x40, 0x3f,
    0xf8, 0xcb, 0x7d, 0x2a, 0x60, 0x1f, 0x1b, 0x4f,
    0x63, 0x0, 0x7f, 0xf1, 0x16, 0xbb, 0x6e, 0x1d,
    0x9a, 0x78, 0xad, 0xfb, 0x61, 0x0, 0xff, 0xe6,
    0xc0, 0x80, 0x7f, 0xc3, 0x60, 0x1f, 0xfc, 0x81,
    0x6a, 0xcf, 0xf7, 0x75, 0xfe, 0xc9, 0x61, 0x0,
    0xff, 0xe4, 0x92, 0x3c, 0x4c, 0xd0, 0xea, 0x40,
    0x1f, 0xfd, 0x28, 0x0, 0xff, 0xe0, 0x2b, 0x0,
    0x7f, 0xf3, 0x44, 0x60, 0xf, 0xff, 0xc3, 0x10,
    0x7, 0xff, 0x2, 0x50, 0x3, 0xff, 0xfe, 0x1,
    0xff, 0xc9, 0x90, 0xf, 0xfe, 0xd, 0x10, 0x7,
    0xff, 0xfc, 0x3, 0xff, 0x90, 0x8a, 0x1, 0xff,
    0xc0, 0x1c, 0x20, 0xf, 0xff, 0xf8, 0x7, 0xff,
    0x22, 0xc4, 0x3, 0xff, 0x80, 0x38, 0x40, 0x1f,
    0xfe, 0xc1, 0xcd, 0xdf, 0xfe, 0x4, 0x0, 0x7f,
    0xf2, 0xc6, 0x80, 0x3f, 0xf8, 0x23, 0x86, 0x1,
    0xff, 0xea, 0x1c, 0x32, 0x2f, 0xfe, 0x5, 0x0,
    0x7f, 0xf3, 0x11, 0xc0, 0x3f, 0xf8, 0x23, 0x8e,
    0x1, 0xff, 0xe8, 0x1c, 0x20, 0xf, 0xfe, 0x3,
    0x90, 0x7, 0xff, 0x36, 0x10, 0x3, 0xff, 0x85,
    0x16, 0x20, 0x1f, 0xfe, 0x53, 0xf2, 0x0, 0xff,
    0xe0, 0x14, 0x0, 0x7f, 0xf3, 0xec, 0xc0, 0x3f,
    0xf8, 0x49, 0xec, 0x1, 0xff, 0xe3, 0x5c, 0x10,
    0xf, 0xfe, 0xf, 0x80, 0x7f, 0xf4, 0x74, 0x80,
    0x3f, 0xf8, 0x43, 0x38, 0x60, 0x1f, 0xfd, 0xf1,
    0xba, 0x0, 0xff, 0xe1, 0x51, 0x0, 0x7f, 0xf4,
    0x47, 0xc4, 0x3, 0xff, 0x86, 0x79, 0x68, 0x1,
    0xff, 0xdc, 0x7f, 0x40, 0xf, 0xfe, 0x14, 0x28,
    0x7, 0xff, 0x4c, 0xbc, 0x80, 0x3f, 0xf8, 0x89,
    0x78, 0xa0, 0x1f, 0xfd, 0x87, 0xe8, 0x10, 0xf,
    0xfe, 0x13, 0xb8, 0x3, 0xff, 0xaa, 0x38, 0x60,
    0x1f, 0xfc, 0x53, 0xaf, 0xa5, 0x0, 0xff, 0xe9,
    0x1c, 0xfc, 0x8, 0x7, 0xff, 0xd, 0xe0, 0x3,
    0xff, 0xae, 0x38, 0x80, 0x1f, 0xfc, 0x75, 0xaf,
    0xb8, 0x41, 0x0, 0xff, 0xe4, 0x93, 0x57, 0x63,
    0x0, 0x7f, 0xf1, 0x62, 0x0, 0x1f, 0xfd, 0xab,
    0x90, 0xf, 0xfe, 0x4a, 0x3d, 0xf6, 0xdc, 0xba,
    0xa2, 0xc, 0x8b, 0x8d, 0x15, 0xa2, 0xb3, 0xf6,
    0x54, 0x40, 0x3f, 0xf8, 0xd4, 0xe0, 0x1f, 0xfd,
    0xc6, 0xd2, 0x0, 0xff, 0xe5, 0x92, 0x34, 0x55,
    0xdb, 0x37, 0x7b, 0x2e, 0xa5, 0xd4, 0xc0, 0x3f,
    0xf9, 0x25, 0xaa, 0x1, 0xff, 0xde, 0x2d, 0x60,
    0xf, 0xff, 0x93, 0xe9, 0x0, 0x7f, 0xf8, 0x67,
    0x50, 0x3, 0xff, 0xdc, 0x79, 0x0, 0x1f, 0xfe,
    0x42, 0xbb, 0x10, 0x7, 0xff, 0xa8, 0x67, 0xc,
    0x3, 0xff, 0xce, 0x9b, 0x46, 0x1, 0xff, 0xe6,
    0x18, 0xe6, 0x0, 0xff, 0xf5, 0xae, 0x61, 0x40,
    0x3f, 0xfc, 0x47, 0x3c, 0xe0, 0x1f, 0xfe, 0xf3,
    0xae, 0x83, 0x0, 0xff, 0xee, 0xb, 0xee, 0x30,
    0x7, 0xff, 0xcc, 0x5f, 0x3a, 0xc, 0x3, 0xff,
    0xac, 0x6f, 0x9d, 0x4, 0x1, 0xff, 0xf8, 0x17,
    0xcf, 0xc8, 0x51, 0x0, 0xff, 0xe6, 0x9b, 0xd7,
    0x64, 0x18, 0x7, 0xff, 0xfc, 0xde, 0xbb, 0x99,
    0x50, 0xc8, 0x64, 0x41, 0x10, 0x6, 0x11, 0x1a,
    0x2b, 0xcd, 0xef, 0xe4, 0x28, 0x80, 0x7f, 0xf7,
    0x40,

    /* U+0041 "A" */
    0x0, 0xff, 0xeb, 0x2c, 0x47, 0xff, 0x8, 0xc0,
    0x3f, 0xff, 0x14, 0xef, 0xff, 0xc2, 0xf0, 0xf,
    0xff, 0xbb, 0x0, 0x7f, 0xf0, 0xcc, 0x80, 0x3f,
    0xfe, 0xd4, 0x1, 0xff, 0xc4, 0xa0, 0xf, 0xff,
    0xa9, 0x18, 0x7, 0xff, 0x11, 0x80, 0x3f, 0xfe,
    0xb4, 0x1, 0xff, 0xc5, 0x14, 0x0, 0xff, 0xfa,
    0x30, 0x7, 0xff, 0x1b, 0x80, 0x3f, 0xfe, 0x68,
    0x20, 0x1f, 0xfc, 0x65, 0x10, 0xf, 0xff, 0x97,
    0x0, 0x7f, 0xf2, 0x1c, 0x3, 0xff, 0xe2, 0x2a,
    0x1, 0xff, 0xc8, 0xa0, 0xf, 0xff, 0x8b, 0x0,
    0x7f, 0xf2, 0x4c, 0xc0, 0x1f, 0xff, 0xa, 0x0,
    0xff, 0xe5, 0x50, 0x7, 0xff, 0xbc, 0xc8, 0x3,
    0xff, 0x94, 0xe0, 0x1f, 0xfe, 0xfa, 0x0, 0xff,
    0xe5, 0x8a, 0x80, 0x7f, 0xfb, 0x98, 0x3, 0xff,
    0x99, 0xc0, 0x1f, 0xfe, 0xd5, 0x0, 0xff, 0xe6,
    0xa0, 0x80, 0x7f, 0xfb, 0x38, 0x3, 0xff, 0x9c,
    0xc0, 0x1f, 0xfe, 0xb2, 0x40, 0xf, 0xfe, 0x75,
    0x0, 0x7f, 0xfa, 0xe8, 0x3, 0xff, 0x83, 0x40,
    0x1f, 0xfc, 0x12, 0x40, 0xf, 0xff, 0x53, 0x0,
    0x7f, 0xf0, 0x9, 0x48, 0x3, 0xff, 0x83, 0xc0,
    0x1f, 0xfe, 0x94, 0x10, 0xf, 0xfe, 0x5, 0x5,
    0x0, 0x7f, 0xf0, 0x54, 0x3, 0xff, 0xd3, 0xc0,
    0x1f, 0xfc, 0x16, 0x6, 0x0, 0xff, 0xe1, 0x30,
    0x7, 0xff, 0x9c, 0x54, 0x3, 0xff, 0x80, 0x62,
    0x2, 0x80, 0x1f, 0xfc, 0x1a, 0x0, 0xff, 0xf3,
    0xb8, 0x7, 0xff, 0x6, 0x80, 0x2d, 0x0, 0xff,
    0xe0, 0x99, 0x0, 0x7f, 0xf9, 0xa8, 0x3, 0xff,
    0x82, 0xe0, 0x13, 0x0, 0x7f, 0xf0, 0xa8, 0x3,
    0xff, 0xca, 0x46, 0x1, 0xff, 0xc0, 0x51, 0x0,
    0xca, 0x1, 0xff, 0xc1, 0x60, 0xf, 0xff, 0x2d,
    0x0, 0x7f, 0xf0, 0x7c, 0x3, 0xb8, 0x3, 0xff,
    0x82, 0x28, 0x1, 0xff, 0xe4, 0x60, 0xf, 0xfe,
    0xa, 0x80, 0x72, 0x8, 0x7, 0xff, 0x7, 0xc0,
    0x3f, 0xfc, 0x6a, 0x20, 0x1f, 0xfc, 0x6, 0x0,
    0xf9, 0xc0, 0x3f, 0xf8, 0x28, 0x20, 0x1f, 0xfe,
    0x2e, 0x0, 0xff, 0xe0, 0xe8, 0x7, 0xd4, 0x1,
    0xff, 0xc2, 0x60, 0xf, 0xff, 0x8, 0xa0, 0x7,
    0xff, 0x0, 0x50, 0x3, 0xe3, 0x20, 0xf, 0xfe,
    0xd, 0x0, 0x7f, 0xf8, 0x58, 0x3, 0xff, 0x82,
    0xc0, 0x1f, 0xca, 0x1, 0xff, 0xc1, 0x23, 0x0,
    0xff, 0xf0, 0x50, 0x7, 0xff, 0x6, 0x80, 0x3f,
    0xa8, 0x3, 0xff, 0x85, 0x40, 0x1f, 0xfd, 0xf3,
    0x20, 0xf, 0xfe, 0x1, 0x10, 0x3, 0xf8, 0x8c,
    0x3, 0xff, 0x82, 0xc0, 0x1f, 0xfd, 0xfa, 0x0,
    0xff, 0xe0, 0xd0, 0x7, 0xfd, 0x40, 0x1f, 0xfc,
    0x25, 0x0, 0xff, 0xef, 0x30, 0x7, 0xff, 0x5,
    0x80, 0x3f, 0xe7, 0x0, 0xff, 0xe1, 0x70, 0x7,
    0xff, 0x75, 0x80, 0x3f, 0xf8, 0x26, 0x20, 0x1f,
    0xf0, 0xa0, 0x7, 0xff, 0x5, 0x8, 0x3, 0xff,
    0xb9, 0x40, 0x1f, 0xfc, 0x1a, 0x0, 0xff, 0xe0,
    0xf0, 0x7, 0xff, 0xa, 0x80, 0x3f, 0xfb, 0x64,
    0x60, 0x1f, 0xfc, 0x17, 0x0, 0xff, 0xe0, 0xa8,
    0x7, 0xff, 0x9, 0x80, 0x3f, 0xfb, 0x74, 0x1,
    0xff, 0xc1, 0x51, 0x0, 0xff, 0xe1, 0x30, 0x7,
    0xff, 0x4, 0x50, 0x3, 0xff, 0xb4, 0xc0, 0x1f,
    0xfc, 0x1f, 0x0, 0xff, 0xe1, 0xe8, 0x7, 0xff,
    0xb, 0x80, 0x3f, 0xfb, 0x28, 0x20, 0x1f, 0xfc,
    0x15, 0x0, 0xff, 0xe1, 0xa0, 0x80, 0x7f, 0xf0,
    0x54, 0x40, 0x3f, 0xfb, 0x1c, 0x1, 0xff, 0xc1,
    0x60, 0xf, 0xfe, 0x2b, 0x0, 0x7f, 0xf0, 0x9c,
    0x3, 0xff, 0xae, 0x2a, 0x1, 0xff, 0xc1, 0xd0,
    0xf, 0xfe, 0x2d, 0x0, 0x7f, 0xf0, 0xa8, 0x3,
    0xff, 0xae, 0xc0, 0x1f, 0xfc, 0x11, 0x40, 0xf,
    0xfe, 0x29, 0x10, 0x3, 0xff, 0x82, 0x64, 0x1,
    0xff, 0xd6, 0xa0, 0xf, 0xfe, 0xb, 0x0, 0x7f,
    0xf1, 0xe8, 0x3, 0xff, 0x85, 0x60, 0x1f, 0xfd,
    0x53, 0x20, 0xf, 0xfe, 0xd, 0x0, 0x7f, 0xf1,
    0xd8, 0x3, 0xff, 0x84, 0xe0, 0x1f, 0xfd, 0x5a,
    0x0, 0xff, 0xe0, 0x91, 0x0, 0x3f, 0xf8, 0xe2,
    0x80, 0x1f, 0xfc, 0x11, 0x50, 0xf, 0xfe, 0xa3,
    0x80, 0x7f, 0xf0, 0x68, 0x3, 0xff, 0x93, 0xc0,
    0x1f, 0xfc, 0x2e, 0x0, 0xff, 0xe9, 0xa8, 0x80,
    0x7f, 0xf0, 0x58, 0x3, 0xff, 0x92, 0xa0, 0x1f,
    0xfc, 0x24, 0x10, 0xf, 0xfe, 0x97, 0x0, 0x7f,
    0xf0, 0x4c, 0x40, 0x3f, 0xf9, 0x4a, 0x1, 0xff,
    0xc2, 0x60, 0xf, 0xfe, 0x88, 0xa0, 0x7, 0xff,
    0x6, 0x80, 0x3f, 0xf9, 0x7c, 0x1, 0xff, 0xc2,
    0xa0, 0xf, 0xfe, 0x8b, 0x0, 0x7f, 0xf0, 0x9c,
    0x3, 0xff, 0x96, 0x82, 0x1, 0xff, 0xc1, 0x23,
    0x0, 0xff, 0xe8, 0x50, 0x7, 0xff, 0x5, 0x44,
    0x3, 0xff, 0x98, 0xe0, 0x1f, 0xfc, 0x2a, 0x0,
    0xff, 0xe7, 0xa1, 0x0, 0x7f, 0xf0, 0x5a, 0xab,
    0xff, 0x9a, 0x40, 0x1f, 0xfc, 0x26, 0x0, 0xff,
    0xe7, 0xf0, 0x7, 0xff, 0x8, 0xd5, 0x7f, 0xf9,
    0xa8, 0x1, 0xff, 0xc3, 0x60, 0xf, 0xfe, 0x72,
    0x80, 0x7f, 0xfb, 0x28, 0x3, 0xff, 0x9a, 0xc0,
    0x1f, 0xfe, 0xd3, 0x20, 0xf, 0xfe, 0x65, 0x0,
    0x7f, 0xfb, 0xa8, 0x3, 0xff, 0x96, 0x46, 0x1,
    0xff, 0xee, 0x60, 0xf, 0xfe, 0x5d, 0x0, 0x7f,
    0xfb, 0xc5, 0x0, 0x3f, 0xf9, 0x4c, 0x1, 0xff,
    0xf0, 0xe0, 0xf, 0xfe, 0x4a, 0x88, 0x7, 0xff,
    0xc1, 0x44, 0x3, 0xff, 0x91, 0xc0, 0x1f, 0xff,
    0x26, 0x0, 0xff, 0xe3, 0x8a, 0x0, 0x7f, 0xfc,
    0xa8, 0x3, 0xff, 0x8e, 0xc0, 0x1f, 0xff, 0x32,
    0x30, 0xf, 0xfe, 0x35, 0x0, 0x7f, 0xfd, 0x28,
    0x3, 0xff, 0x8a, 0x64, 0x1, 0xff, 0xc2, 0xef,
    0xff, 0xfe, 0xb0, 0x80, 0x7f, 0xf0, 0x9c, 0x3,
    0xff, 0x8b, 0x40, 0x1f, 0xfc, 0x24, 0x10, 0xf,
    0xfe, 0xb3, 0x80, 0x7f, 0xf0, 0x85, 0x40, 0x3f,
    0xf8, 0x8c, 0x1, 0xff, 0xc2, 0xe0, 0xf, 0xfe,
    0xbd, 0x0, 0x7f, 0xf0, 0xf8, 0x3, 0xff, 0x86,
    0xa0, 0x1f, 0xfc, 0x21, 0x50, 0xf, 0xfe, 0xb9,
    0x90, 0x7, 0xff, 0x9, 0x4, 0x3, 0xff, 0x85,
    0x20, 0x1f, 0xfc, 0x27, 0x0, 0xff, 0xec, 0xd0,
    0x7, 0xff, 0xd, 0x80, 0x3f, 0xf8, 0x24, 0x60,
    0x1f, 0xfc, 0x2a, 0x0, 0xff, 0xec, 0xb0, 0x7,
    0xff, 0xe, 0x80, 0x3f, 0xf8, 0x34, 0x1, 0xff,
    0xc2, 0x23, 0x0, 0xff, 0xec, 0x8a, 0x0, 0x7f,
    0xf0, 0x89, 0x0, 0x3f, 0xf8, 0xc, 0x1, 0xff,
    0xc2, 0xa0, 0xf, 0xfe, 0xdf, 0x0, 0x7f, 0xf0,
    0xf8, 0x3, 0xfe, 0x41, 0x0, 0xff, 0xe1, 0x28,
    0x7, 0xff, 0x6d, 0x44, 0x3, 0xff, 0x84, 0xa0,
    0x1f, 0xf7, 0x0, 0x7f, 0xf0, 0x8c, 0x80, 0x3f,
    0xfb, 0x8e, 0x1, 0xff, 0xc3, 0x60, 0xf, 0xe1,
    0x50, 0xf, 0xfe, 0x15, 0x0, 0x7f, 0xf7, 0x68,
    0x3, 0xff, 0x87, 0x40, 0x1f, 0xce, 0x1, 0xff,
    0xc3, 0x70, 0xf, 0xfe, 0xe9, 0x90, 0x7, 0xff,
    0x8, 0xc8, 0x3, 0xf5, 0x0, 0x7f, 0xf0, 0x94,
    0x40, 0x3f, 0xfb, 0xd4, 0x1, 0xff, 0xc3, 0xa0,
    0xf, 0x88, 0xc0, 0x3f, 0xf8, 0x5c, 0x1, 0xff,
    0xdf, 0x60, 0xf, 0xfe, 0x1b, 0x0, 0x7d, 0x60,
    0x1f, 0xfc, 0x21, 0x40, 0xf, 0xfe, 0xf8, 0xa0,
    0x7, 0xff, 0x8, 0x54, 0x3, 0xce, 0x1, 0xff,
    0xc2, 0x70, 0xf, 0xff, 0xf, 0x0, 0x7f, 0xf0,
    0xf8, 0x3, 0x94, 0x40, 0x3f, 0xf8, 0x54, 0x1,
    0xff, 0xe1, 0x50, 0xf, 0xfe, 0x1a, 0x8, 0x6,
    0xe0, 0xf, 0xfe, 0x11, 0x18, 0x7, 0xff, 0x89,
    0x80, 0x3f, 0xf8, 0x6c, 0x1, 0xa, 0x0, 0x7f,
    0xf0, 0xa8, 0x3, 0xff, 0xc7, 0x40, 0x1f, 0xfc,
    0x3a, 0x0, 0x98, 0x3, 0xff, 0x86, 0xc0, 0x1f,
    0xfe, 0x33, 0x20, 0xf, 0xfe, 0x11, 0x18, 0x2,
    0x80, 0x3f, 0xf8, 0x48, 0x20, 0x1f, 0xfe, 0x4a,
    0x0, 0xff, 0xe1, 0xd0, 0x19, 0x0, 0x7f, 0xf0,
    0xb8, 0x3, 0xff, 0xca, 0xa0, 0x1f, 0xfc, 0x36,
    0x7, 0x7f, 0xfe, 0x22, 0x80, 0x7f, 0xf9, 0x4a,
    0x5d, 0xff, 0xf8, 0x64,

    /* U+0042 "B" */
    0x8f, 0xff, 0xfe, 0xaf, 0x73, 0x72, 0xa6, 0x14,
    0xc0, 0x3f, 0xfd, 0xc2, 0x22, 0x35, 0x67, 0xac,
    0xfd, 0xa6, 0x20, 0xf, 0xff, 0x99, 0x2c, 0xee,
    0x39, 0x0, 0x7f, 0xfd, 0xe, 0x36, 0x8c, 0x3,
    0xff, 0xea, 0xb9, 0x64, 0x1, 0xff, 0xf5, 0x4d,
    0x80, 0xf, 0xff, 0xb3, 0xe0, 0x80, 0x7f, 0xfd,
    0x4f, 0xc8, 0x3, 0xff, 0xea, 0x38, 0x20, 0x1f,
    0xff, 0x51, 0xd0, 0xf, 0xff, 0xb1, 0xc0, 0x7,
    0xff, 0xd9, 0xc8, 0x3, 0xff, 0x91, 0xbf, 0xff,
    0xfc, 0x6e, 0xdb, 0x97, 0x40, 0xf, 0xfe, 0x4c,
    0x0, 0x7f, 0xf6, 0xc4, 0x91, 0xa2, 0xff, 0x18,
    0x3, 0xff, 0x8c, 0xa2, 0x1, 0xff, 0xe1, 0x39,
    0xe7, 0x0, 0xff, 0xe2, 0xb8, 0x7, 0xff, 0x8c,
    0x62, 0xc0, 0x3f, 0xf8, 0x9a, 0x1, 0xff, 0xe5,
    0x4b, 0x0, 0xff, 0xe1, 0xa0, 0x7, 0xff, 0x99,
    0x18, 0x3, 0xff, 0x86, 0x40, 0x1f, 0xfe, 0x68,
    0x0, 0xff, 0xe1, 0xb8, 0x7, 0xff, 0x98, 0x54,
    0x3, 0xff, 0x84, 0x40, 0x1f, 0xfe, 0x7c, 0x0,
    0xff, 0xe1, 0x70, 0x7, 0xff, 0x9d, 0x40, 0x3f,
    0xf8, 0x46, 0x1, 0xff, 0xe7, 0x20, 0xf, 0xfe,
    0x10, 0x80, 0x7f, 0xf9, 0xc4, 0x3, 0xff, 0xfe,
    0x1, 0xff, 0xee, 0x10, 0xf, 0xfe, 0x10, 0x80,
    0x7f, 0xf9, 0xc8, 0x3, 0xff, 0x84, 0x40, 0x1f,
    0xfe, 0x75, 0x0, 0xff, 0xe1, 0x68, 0x7, 0xff,
    0x9f, 0x0, 0x3f, 0xf8, 0x4c, 0x1, 0xff, 0xe7,
    0x40, 0xf, 0xfe, 0x8, 0x98, 0x7, 0xff, 0x99,
    0x84, 0x3, 0xff, 0x82, 0x80, 0x1f, 0xfe, 0x61,
    0x80, 0xf, 0xfe, 0x17, 0x80, 0x7f, 0xf9, 0xa8,
    0x40, 0x3f, 0xf8, 0x24, 0xa0, 0x1f, 0xfe, 0x5a,
    0x40, 0xf, 0xfe, 0x15, 0x0, 0x7f, 0xf9, 0x13,
    0x54, 0x3, 0xff, 0x84, 0x2e, 0x1, 0xff, 0xe1,
    0x27, 0xcb, 0x20, 0xf, 0xfe, 0x1d, 0x0, 0x7f,
    0xf2, 0x55, 0x9b, 0xff, 0x8e, 0xf1, 0x39, 0xdb,
    0x6, 0x1, 0xff, 0xc4, 0x74, 0x0, 0xff, 0xe4,
    0xc4, 0xcf, 0xff, 0x1e, 0x1d, 0x8c, 0x40, 0x3f,
    0xf8, 0xcd, 0x0, 0x1f, 0xff, 0x48, 0x90, 0xf,
    0xff, 0x98, 0xdb, 0x80, 0x7f, 0xfc, 0xdb, 0xd0,
    0x3, 0xff, 0xe4, 0x9b, 0x22, 0x1, 0xff, 0xf3,
    0x55, 0x0, 0x7f, 0xfd, 0x46, 0x39, 0x80, 0x3f,
    0xfe, 0xa3, 0x38, 0x40, 0x1f, 0xff, 0x53, 0xd6,
    0x0, 0xff, 0xfb, 0x4c, 0x0, 0x7f, 0xfd, 0x9e,
    0x40, 0x3f, 0xfe, 0xcd, 0x0, 0x1f, 0xfc, 0x8d,
    0xff, 0xff, 0xe4, 0xf6, 0x54, 0x28, 0x80, 0x7f,
    0xf1, 0x9d, 0x40, 0x3f, 0xfb, 0xa2, 0x6a, 0xf5,
    0xd8, 0xc0, 0x1f, 0xfc, 0x5a, 0x10, 0xf, 0xff,
    0x11, 0xcf, 0x28, 0x7, 0xff, 0x12, 0xc0, 0x3f,
    0xfc, 0x83, 0x52, 0x1, 0xff, 0xc3, 0x52, 0x0,
    0xff, 0xf2, 0xb4, 0x0, 0x7f, 0xf0, 0xe0, 0x3,
    0xff, 0xcc, 0xea, 0x1, 0xff, 0xc2, 0x51, 0x0,
    0xff, 0xf3, 0x40, 0x7, 0xff, 0xd, 0x0, 0x3f,
    0xfc, 0xc4, 0xa0, 0x1f, 0xfc, 0x2f, 0x0, 0xff,
    0xf3, 0xf0, 0x7, 0xff, 0x9, 0xc0, 0x3f, 0xfc,
    0xe8, 0x1, 0xff, 0xc2, 0x20, 0xf, 0xff, 0x41,
    0x80, 0x7f, 0xf0, 0x88, 0x3, 0xff, 0xce, 0xc0,
    0x1f, 0xfc, 0x26, 0x0, 0xff, 0xf3, 0x98, 0x7,
    0xff, 0x8, 0x40, 0x3f, 0xfc, 0xe2, 0x1, 0xff,
    0xff, 0x0, 0xff, 0xf7, 0x10, 0x7, 0xff, 0x8,
    0x40, 0x3f, 0xfc, 0xe2, 0x1, 0xff, 0xc2, 0x70,
    0xf, 0xff, 0x3a, 0x80, 0x7f, 0xf0, 0x84, 0x3,
    0xff, 0xcc, 0x22, 0x0, 0xff, 0xe1, 0x10, 0x7,
    0xff, 0x99, 0x0, 0x3f, 0xf8, 0x44, 0x1, 0xff,
    0xe7, 0x90, 0xf, 0xfe, 0x13, 0x80, 0x7f, 0xf9,
    0x90, 0xc0, 0x3f, 0xf8, 0x58, 0x1, 0xff, 0xe5,
    0x19, 0x0, 0xff, 0xe1, 0xa0, 0x7, 0xff, 0x96,
    0x88, 0x3, 0xff, 0x84, 0x44, 0x0, 0xff, 0xf1,
    0x8e, 0x20, 0x7, 0xff, 0xe, 0x80, 0x3f, 0xfc,
    0x6f, 0xc6, 0x1, 0xff, 0xc4, 0x60, 0xf, 0xff,
    0x2, 0x4f, 0xc0, 0x7, 0xff, 0x15, 0x84, 0x3,
    0xff, 0x8a, 0x24, 0x5f, 0xfc, 0x83, 0x56, 0x9c,
    0xfb, 0x60, 0xf, 0xfe, 0x3c, 0x0, 0x7f, 0xf1,
    0xb3, 0x77, 0xff, 0x91, 0x95, 0x2c, 0x60, 0x1f,
    0xfc, 0x99, 0x10, 0xf, 0xff, 0xa2, 0xb0, 0x7,
    0xff, 0xd0, 0xac, 0x3, 0xff, 0xe8, 0x58, 0x20,
    0x1f, 0xff, 0x32, 0xc1, 0x0, 0xff, 0xf9, 0xae,
    0x88, 0x7, 0xff, 0xc8, 0x66, 0x80, 0x3f, 0xfe,
    0x6d, 0xec, 0x1, 0xff, 0xf2, 0x6e, 0x91, 0x0,
    0xff, 0xf8, 0x1c, 0xfc, 0x88, 0x7, 0xff, 0xb8,
    0x56, 0xbb, 0x18, 0x3, 0xff, 0xd0, 0x22, 0x24,
    0x57, 0x9c, 0xfe, 0xa5, 0x10, 0xf, 0xfe, 0x30,

    /* U+0043 "C" */
    0x0, 0xff, 0xea, 0x12, 0xbc, 0xe6, 0xf7, 0x3f,
    0xee, 0xe6, 0xdc, 0xc2, 0x90, 0x7, 0xff, 0xb0,
    0xde, 0xff, 0x6a, 0x18, 0xc8, 0x44, 0x1, 0x8,
    0x89, 0x19, 0xeb, 0x7f, 0x1c, 0x80, 0x3f, 0xfc,
    0xa2, 0xfb, 0x90, 0x80, 0x1f, 0xfc, 0x93, 0x8d,
    0xe8, 0x10, 0xf, 0xff, 0x1, 0xdf, 0x41, 0x0,
    0x7f, 0xf3, 0xc5, 0xfa, 0xcc, 0x3, 0xff, 0xb8,
    0x99, 0x84, 0x0, 0xff, 0xea, 0xa6, 0x59, 0x0,
    0x7f, 0xf6, 0x6, 0xec, 0x60, 0x1f, 0xfd, 0x94,
    0xd7, 0x0, 0xff, 0xeb, 0x37, 0x20, 0x7, 0xff,
    0x76, 0x30, 0x80, 0x3f, 0xfa, 0x43, 0x72, 0x1,
    0xff, 0xe0, 0x3c, 0x40, 0xf, 0xfe, 0x81, 0x62,
    0x0, 0x7f, 0xf8, 0x86, 0xd4, 0x3, 0xff, 0x9c,
    0xba, 0x40, 0x1f, 0xfe, 0x5a, 0x50, 0xf, 0xfe,
    0x62, 0xd0, 0x7, 0xff, 0xa2, 0x90, 0x3, 0xff,
    0x94, 0xb4, 0x1, 0xff, 0xea, 0xb2, 0x0, 0xff,
    0xe4, 0x25, 0x0, 0x7f, 0xfb, 0x3c, 0x3, 0xff,
    0x8e, 0x54, 0x1, 0xff, 0xca, 0x16, 0x9b, 0xde,
    0xff, 0xbb, 0x29, 0xd0, 0x3, 0xff, 0x92, 0x50,
    0x1, 0xff, 0xc6, 0xf1, 0x0, 0xff, 0xe3, 0x8b,
    0xef, 0x4b, 0x21, 0x8, 0x4, 0x26, 0xb1, 0x7f,
    0x46, 0x1, 0xff, 0xc7, 0x73, 0x0, 0xff, 0xe2,
    0x51, 0x0, 0x7f, 0xf1, 0x86, 0x7a, 0x8, 0x3,
    0xff, 0x86, 0xb9, 0x83, 0x0, 0xff, 0xe3, 0x78,
    0x7, 0xff, 0xd, 0x14, 0x3, 0xff, 0x8c, 0xde,
    0xc0, 0x1f, 0xfc, 0x83, 0xc8, 0x0, 0xff, 0xe2,
    0x9a, 0x80, 0x7f, 0xf0, 0xa8, 0x3, 0xff, 0x8d,
    0x72, 0x20, 0x1f, 0xfc, 0xb7, 0xb0, 0xf, 0xfe,
    0x2c, 0x0, 0x7f, 0xf0, 0x64, 0x40, 0x3f, 0xf8,
    0x83, 0xa8, 0x1, 0xff, 0xce, 0x4c, 0x0, 0xff,
    0xe2, 0x12, 0x0, 0x7f, 0xc4, 0xc0, 0x1f, 0xfc,
    0x41, 0xc2, 0x0, 0xff, 0xe8, 0x1d, 0x0, 0x7f,
    0xf1, 0x3c, 0x3, 0xfe, 0x80, 0xf, 0xfe, 0x20,
    0xe1, 0x0, 0x7f, 0xf4, 0x95, 0x80, 0x3f, 0xf8,
    0x68, 0x40, 0x1f, 0xc4, 0xa0, 0x1f, 0xfc, 0x4a,
    0x20, 0xf, 0xfe, 0xa4, 0x88, 0x7, 0xff, 0xd,
    0x40, 0x3f, 0xa0, 0x3, 0xff, 0x88, 0xe8, 0x1,
    0xff, 0xd6, 0xb0, 0xf, 0xfe, 0x1d, 0x0, 0x7e,
    0x15, 0x0, 0xff, 0xe1, 0x94, 0x0, 0x7f, 0xf5,
    0xd4, 0x80, 0x3f, 0xf8, 0x44, 0x40, 0xf, 0x98,
    0x3, 0xff, 0x89, 0xc0, 0x1f, 0xfd, 0x9a, 0x0,
    0xff, 0xe1, 0xa8, 0x7, 0xd4, 0x1, 0xff, 0xc3,
    0x43, 0x0, 0xff, 0xec, 0xb0, 0x7, 0xff, 0xf,
    0x0, 0x3c, 0x64, 0x1, 0xff, 0xc3, 0x80, 0xf,
    0xfe, 0xd0, 0xa0, 0x7, 0xff, 0x9, 0x0, 0x3d,
    0x40, 0x1f, 0xfc, 0x34, 0x30, 0xf, 0xfe, 0xdf,
    0x0, 0x7f, 0xf0, 0xcc, 0x3, 0x9c, 0x3, 0xff,
    0x87, 0xc0, 0x1f, 0xfd, 0xc4, 0x0, 0xff, 0xe1,
    0xa0, 0x6, 0x21, 0x0, 0xff, 0xe1, 0xa, 0x80,
    0x7f, 0xf7, 0x4, 0xc0, 0x3f, 0xf8, 0x5a, 0x1,
    0x94, 0x3, 0xff, 0x86, 0xe0, 0x1f, 0xfd, 0xe4,
    0x0, 0xfc, 0x48, 0xf3, 0x7d, 0x40, 0x1b, 0x0,
    0x3f, 0xf8, 0x7a, 0x1, 0xff, 0xde, 0xc0, 0x24,
    0x79, 0xbe, 0xfd, 0xb8, 0x64, 0x10, 0xe, 0x40,
    0xf, 0xfe, 0x1a, 0x0, 0x7f, 0xf7, 0x93, 0xf6,
    0xe1, 0x90, 0x40, 0x3f, 0xe2, 0x0, 0xff, 0xe1,
    0x98, 0x7, 0xff, 0xc9, 0xc0, 0x3f, 0xf8, 0x68,
    0x1, 0xff, 0xf2, 0xd0, 0xf, 0xfe, 0x1e, 0x80,
    0x7f, 0xfc, 0x8c, 0x3, 0xff, 0x86, 0x80, 0x1f,
    0xff, 0x26, 0x0, 0xff, 0xe1, 0x88, 0x7, 0xff,
    0xc8, 0x80, 0x3f, 0xf8, 0x44, 0x1, 0xff, 0xf2,
    0x10, 0xf, 0xfe, 0x1b, 0x80, 0x7f, 0xfc, 0x8c,
    0x3, 0xff, 0x86, 0x60, 0x1f, 0xff, 0x26, 0x0,
    0xff, 0xe1, 0xf0, 0x7, 0xff, 0xc8, 0x40, 0x3f,
    0xf8, 0x62, 0x1, 0xff, 0xf2, 0x30, 0xf, 0xfe,
    0x19, 0x80, 0x7f, 0xff, 0xc0, 0x3f, 0xfe, 0xc2,
    0x1, 0xff, 0xc3, 0x10, 0xf, 0xff, 0xf8, 0x7,
    0xff, 0xfc, 0x3, 0xff, 0xfe, 0x1, 0xff, 0xfe,
    0x10, 0xf, 0xfe, 0x18, 0x80, 0x7f, 0xff, 0xc0,
    0x3f, 0xfe, 0xc6, 0x1, 0xff, 0xc3, 0x30, 0xf,
    0xff, 0xf8, 0x4, 0x20, 0x1f, 0xff, 0x26, 0x0,
    0xff, 0xe1, 0xf0, 0x7, 0xff, 0xc8, 0x80, 0x3f,
    0xf8, 0x66, 0x1, 0xff, 0xf2, 0x10, 0xf, 0xfe,
    0x1b, 0x80, 0x7f, 0xfc, 0xc4, 0x3, 0xff, 0x84,
    0x40, 0x1f, 0xff, 0x32, 0x0, 0xff, 0xe1, 0x90,
    0x7, 0xff, 0xc9, 0x80, 0x3f, 0xf8, 0x6e, 0x1,
    0xff, 0xf2, 0xd0, 0xf, 0xfe, 0x1e, 0x80, 0x7f,
    0xfc, 0x8c, 0x3, 0xff, 0x86, 0x80, 0x1f, 0xff,
    0x25, 0x0, 0xff, 0xe1, 0x98, 0x7, 0xff, 0x81,
    0x5d, 0xff, 0xf8, 0x62, 0x2, 0x20, 0xf, 0xfe,
    0x1a, 0x80, 0x7f, 0xf7, 0xee, 0x23, 0xff, 0x86,
    0x1, 0x20, 0x7, 0xff, 0xf, 0xc0, 0x3f, 0xfb,
    0xc4, 0x20, 0x1f, 0xfc, 0x31, 0x0, 0x78, 0x7,
    0xff, 0xd, 0x40, 0x3f, 0xfb, 0xce, 0x1, 0xff,
    0xc3, 0x20, 0x9, 0x0, 0x3f, 0xf8, 0x8c, 0x1,
    0xff, 0xdd, 0xd0, 0xf, 0xfe, 0x1b, 0x80, 0x42,
    0x40, 0x1f, 0xfc, 0x3a, 0x0, 0xff, 0xee, 0xa0,
    0x7, 0xff, 0xf, 0x0, 0x32, 0x80, 0x7f, 0xf0,
    0xcd, 0x0, 0x3f, 0xfb, 0x62, 0x60, 0x1f, 0xfc,
    0x35, 0x0, 0xd4, 0x1, 0xff, 0xc4, 0x80, 0xf,
    0xfe, 0xdb, 0x0, 0x7f, 0xf1, 0xc, 0x3, 0x11,
    0x80, 0x7f, 0xf0, 0xcd, 0x40, 0x3f, 0xfb, 0x56,
    0x1, 0xff, 0xc3, 0x50, 0xf, 0x50, 0x7, 0xff,
    0x12, 0xc0, 0x3f, 0xfb, 0x26, 0x60, 0xf, 0xfe,
    0x1f, 0x80, 0x79, 0x84, 0x3, 0xff, 0x86, 0x32,
    0x1, 0xff, 0xd8, 0x90, 0xf, 0xfe, 0x22, 0x0,
    0x7c, 0xc0, 0x1f, 0xfc, 0x46, 0x50, 0xf, 0xfe,
    0xb2, 0x28, 0x7, 0xff, 0xd, 0x44, 0x3, 0xe9,
    0x0, 0xff, 0xe2, 0xd1, 0x80, 0x7f, 0xf5, 0x64,
    0x3, 0xff, 0x89, 0xc0, 0x1f, 0x85, 0x80, 0x3f,
    0xf8, 0xba, 0x40, 0x1f, 0xfd, 0x3a, 0x20, 0xf,
    0xfe, 0x19, 0x20, 0x7, 0xf4, 0x8, 0x7, 0xff,
    0x10, 0x70, 0xc0, 0x3f, 0xfa, 0x30, 0xa0, 0x1f,
    0xfc, 0x48, 0x0, 0xff, 0xc, 0x0, 0x7f, 0xf1,
    0x47, 0x14, 0x3, 0xff, 0x9f, 0x2e, 0x1, 0xff,
    0xc4, 0x25, 0x0, 0xff, 0x98, 0xc0, 0x3f, 0xf8,
    0xd5, 0x22, 0x1, 0xff, 0xcb, 0x2c, 0x60, 0xf,
    0xfe, 0x2c, 0x80, 0x7f, 0xf0, 0x78, 0x3, 0xff,
    0x8e, 0xde, 0xc0, 0x1f, 0xfc, 0x98, 0xd3, 0x0,
    0xff, 0xe2, 0xaa, 0x0, 0x7f, 0xf0, 0x4a, 0x40,
    0x3f, 0xf8, 0xe3, 0x3d, 0x4, 0x1, 0xff, 0xc3,
    0x39, 0xf7, 0x0, 0xff, 0xe3, 0xd8, 0x7, 0xff,
    0xd, 0x94, 0x3, 0xff, 0x90, 0x2f, 0xbd, 0x2c,
    0x84, 0x20, 0x10, 0x92, 0x3d, 0x76, 0x30, 0x7,
    0xff, 0x22, 0x84, 0x3, 0xff, 0x89, 0x46, 0x1,
    0xff, 0xca, 0x16, 0x9b, 0xde, 0xff, 0xbb, 0x6e,
    0x14, 0x40, 0x3f, 0xf9, 0x2e, 0xa0, 0x1f, 0xfc,
    0x6d, 0x20, 0xf, 0xff, 0x62, 0x40, 0x7, 0xff,
    0x1c, 0x70, 0x80, 0x3f, 0xfd, 0x47, 0x60, 0x1f,
    0xfc, 0x91, 0xc3, 0x0, 0xff, 0xf4, 0x1e, 0x0,
    0x7f, 0xf2, 0xc7, 0x14, 0x3, 0xff, 0xcc, 0xb8,
    0x1, 0xff, 0xce, 0xa8, 0x0, 0xff, 0xf2, 0x3d,
    0x0, 0x7f, 0xf4, 0x1f, 0x8, 0x3, 0xff, 0xc0,
    0x37, 0x0, 0x1f, 0xfd, 0x23, 0xd7, 0x0, 0xff,
    0xef, 0x37, 0x20, 0x7, 0xff, 0x56, 0x39, 0x80,
    0x3f, 0xfb, 0x49, 0xb2, 0x1, 0xff, 0xd8, 0x19,
    0xe6, 0x0, 0xff, 0xeb, 0x2e, 0x59, 0x0, 0x7f,
    0xf6, 0xc6, 0x7e, 0x90, 0x3, 0xff, 0xa0, 0x4f,
    0xd4, 0x60, 0x1f, 0xfe, 0x5, 0xbe, 0xa6, 0x20,
    0xf, 0xfe, 0x40, 0xa4, 0x6e, 0xa0, 0x40, 0x3f,
    0xfc, 0x82, 0xb3, 0xbd, 0x72, 0xea, 0x64, 0x22,
    0x0, 0x84, 0x44, 0x8d, 0x15, 0xbd, 0x6e, 0x40,
    0x1f, 0xfc, 0xc0,

    /* U+0044 "D" */
    0x8f, 0xff, 0xfe, 0xaf, 0x73, 0x75, 0x73, 0xc,
    0x82, 0x1, 0xff, 0xf6, 0x11, 0x11, 0x11, 0x9e,
    0x6f, 0xb6, 0x9c, 0x80, 0x3f, 0xff, 0x84, 0xb1,
    0xbd, 0x28, 0x1, 0xff, 0xfd, 0x16, 0xbe, 0x81,
    0x0, 0xff, 0xfe, 0x8b, 0xf5, 0x10, 0x7, 0xff,
    0xf9, 0x76, 0x44, 0x3, 0xff, 0xfc, 0xdc, 0xe0,
    0x1f, 0xff, 0xf8, 0xb1, 0x0, 0xff, 0xff, 0x27,
    0xa0, 0x7, 0xff, 0xf8, 0x6d, 0x80, 0x3f, 0xff,
    0xf2, 0xe0, 0x1f, 0xff, 0xf8, 0x70, 0xf, 0xfe,
    0x78, 0x8f, 0xff, 0x18, 0x3, 0xff, 0xa5, 0xa,
    0x1, 0xff, 0xcd, 0x5e, 0xef, 0xfe, 0x37, 0xfd,
    0xb7, 0x2c, 0x40, 0x1f, 0xfc, 0xba, 0x40, 0xf,
    0xff, 0x11, 0x23, 0x4e, 0xf4, 0xa0, 0x7, 0xff,
    0x26, 0x84, 0x3, 0xff, 0xcc, 0x2d, 0x7a, 0xc0,
    0x1f, 0xfc, 0x71, 0xb0, 0xf, 0xff, 0x49, 0x4e,
    0xa0, 0x7, 0xff, 0x19, 0x54, 0x1, 0xff, 0xea,
    0x2b, 0x90, 0xf, 0xfe, 0x35, 0x80, 0x7f, 0xfb,
    0x1b, 0x4, 0x3, 0xff, 0x88, 0x30, 0x1, 0xff,
    0xec, 0x3c, 0x10, 0xf, 0xfe, 0x23, 0x88, 0x7,
    0xff, 0xb0, 0xb4, 0x3, 0xff, 0x8b, 0x0, 0x1f,
    0xfe, 0xd3, 0x90, 0xf, 0xfe, 0x23, 0x8, 0x7,
    0xff, 0xb5, 0x90, 0x3, 0xff, 0x88, 0xc0, 0x1f,
    0xfe, 0xea, 0x0, 0xff, 0xe2, 0x50, 0x7, 0xff,
    0xb8, 0x5c, 0x3, 0xff, 0x86, 0x48, 0x1, 0xff,
    0xee, 0x91, 0x0, 0xff, 0xe1, 0xe8, 0x7, 0xff,
    0xb8, 0x58, 0x3, 0xff, 0x86, 0x80, 0x1f, 0xfe,
    0xfa, 0x0, 0xff, 0xe1, 0x91, 0x0, 0x3f, 0xfd,
    0xc4, 0x80, 0x1f, 0xfc, 0x35, 0x0, 0xff, 0xf7,
    0xe8, 0x7, 0xff, 0xf, 0x0, 0x3f, 0xfd, 0xee,
    0x1, 0xff, 0xc3, 0x50, 0xf, 0xff, 0x78, 0x90,
    0x7, 0xff, 0x8, 0x44, 0x1, 0xff, 0xef, 0x40,
    0xf, 0xfe, 0x1a, 0x80, 0x7f, 0xfb, 0xf0, 0x3,
    0xff, 0x86, 0x60, 0x1f, 0xfe, 0xf7, 0x0, 0xff,
    0xe1, 0xf0, 0x7, 0xff, 0xbc, 0x80, 0x3f, 0xf8,
    0x64, 0x1, 0xff, 0xf0, 0x20, 0xf, 0xfe, 0x13,
    0x0, 0x7f, 0xfc, 0x18, 0x3, 0xff, 0x84, 0x40,
    0x1f, 0xff, 0x1, 0x0, 0xff, 0xff, 0x98, 0x7,
    0xff, 0xc, 0x40, 0x3f, 0xfd, 0xfc, 0x1, 0xff,
    0xc3, 0x30, 0xf, 0xff, 0xf8, 0x7, 0xff, 0xc0,
    0x40, 0x3f, 0xf8, 0x62, 0x1, 0xff, 0xff, 0x0,
    0xff, 0xff, 0x80, 0x7f, 0xff, 0xc0, 0x3f, 0xfe,
    0x42, 0x1, 0xff, 0xc3, 0x10, 0xf, 0xff, 0xf9,
    0x80, 0x7f, 0xfb, 0xfc, 0x3, 0xff, 0xfe, 0x40,
    0x1f, 0xfc, 0x31, 0x0, 0xff, 0xf7, 0x88, 0x7,
    0xff, 0x8, 0x40, 0x3f, 0xfe, 0xc, 0x1, 0xff,
    0xc2, 0x20, 0xf, 0xff, 0x81, 0x0, 0x7f, 0xf0,
    0x9c, 0x3, 0xff, 0xde, 0x40, 0x1f, 0xfc, 0x32,
    0x0, 0xff, 0xf7, 0xb8, 0x7, 0xff, 0xf, 0x80,
    0x3f, 0xfd, 0xf8, 0x1, 0xff, 0xc3, 0x40, 0xf,
    0xff, 0x7a, 0x80, 0x7f, 0xf0, 0xcc, 0x3, 0xff,
    0xdc, 0x26, 0x1, 0xff, 0xc2, 0x20, 0xf, 0xff,
    0x7b, 0x80, 0x7f, 0xf0, 0xd0, 0x3, 0xff, 0xdf,
    0xa0, 0x1f, 0xfc, 0x3f, 0x0, 0xff, 0xf7, 0xa,
    0x0, 0x7f, 0xf0, 0xdc, 0x3, 0xff, 0xdd, 0x20,
    0x1f, 0xfc, 0x33, 0x10, 0xf, 0xff, 0x73, 0x80,
    0x7f, 0xf0, 0xec, 0x3, 0xff, 0xdd, 0x0, 0x1f,
    0xfc, 0x46, 0x0, 0xff, 0xf6, 0x93, 0x80, 0x7f,
    0xf0, 0xd0, 0x40, 0x3f, 0xfd, 0xb2, 0x1, 0xff,
    0xc4, 0xf0, 0xf, 0xff, 0x6c, 0x20, 0x7, 0xff,
    0xc, 0x90, 0x3, 0xff, 0xd8, 0x8e, 0x1, 0xff,
    0xc4, 0xb0, 0xf, 0xff, 0x62, 0x58, 0x7, 0xff,
    0x10, 0x98, 0x3, 0xff, 0xd6, 0x96, 0x1, 0xff,
    0xc5, 0x90, 0xf, 0xff, 0x5b, 0xd8, 0x7, 0xff,
    0x15, 0x10, 0x1, 0xff, 0xe9, 0x1b, 0x80, 0xf,
    0xfe, 0x34, 0x80, 0x7f, 0xfa, 0x5f, 0x90, 0x3,
    0xff, 0x8d, 0x24, 0x1, 0xff, 0xe6, 0x17, 0xe8,
    0x0, 0xff, 0xe3, 0xab, 0x0, 0x7f, 0xf9, 0x5,
    0xaf, 0xa0, 0x40, 0x3f, 0xf8, 0xe5, 0x60, 0x1f,
    0xfd, 0xf1, 0x24, 0x7a, 0xde, 0x94, 0x0, 0xff,
    0xe4, 0x8f, 0x88, 0x7, 0xff, 0x31, 0x7b, 0xbf,
    0xf8, 0x9f, 0xee, 0xdb, 0x85, 0x20, 0xf, 0xfe,
    0x66, 0x90, 0x7, 0xff, 0x38, 0x47, 0xff, 0x88,
    0x1, 0xff, 0xd3, 0xc3, 0x0, 0xff, 0xfe, 0xe,
    0x98, 0x7, 0xff, 0xf0, 0xfc, 0x80, 0x3f, 0xff,
    0x8d, 0x82, 0x1, 0xff, 0xfb, 0x1b, 0x90, 0xf,
    0xff, 0xe3, 0x7a, 0x0, 0x7f, 0xfe, 0xd7, 0x64,
    0x40, 0x3f, 0xff, 0x4b, 0x94, 0x40, 0x1f, 0xff,
    0x92, 0x8e, 0xa3, 0x0, 0xff, 0xfc, 0x1b, 0xe6,
    0xb8, 0x80, 0x7f, 0xfd, 0x8d, 0xab, 0xb2, 0xc,
    0x3, 0xff, 0xde, 0x22, 0x23, 0x57, 0x9a, 0xdf,
    0xc9, 0x51, 0x0, 0xff, 0xe9, 0x0,

    /* U+0045 "E" */
    0x8f, 0xff, 0xff, 0x77, 0x0, 0x7f, 0xff, 0xc0,
    0x3f, 0xff, 0xe0, 0x1f, 0xff, 0xf0, 0xf, 0xff,
    0xf8, 0x7, 0xff, 0xfc, 0x3, 0xff, 0xfe, 0x1,
    0xff, 0xff, 0x0, 0xff, 0xff, 0x80, 0x7f, 0xff,
    0xc0, 0x3f, 0xff, 0xe0, 0x1f, 0xfc, 0xc5, 0xff,
    0xff, 0xef, 0xf0, 0x7, 0xff, 0xfc, 0x3, 0xff,
    0xfe, 0x1, 0xff, 0xff, 0x0, 0xff, 0xff, 0x80,
    0x7f, 0xff, 0xc0, 0x3f, 0xff, 0xe0, 0x1f, 0xff,
    0xf0, 0xf, 0xff, 0xf8, 0x7, 0xff, 0xfc, 0x3,
    0xff, 0xfe, 0x1, 0xff, 0xff, 0x0, 0xff, 0xff,
    0x80, 0x7f, 0xff, 0xc0, 0x3f, 0xff, 0xe0, 0x1f,
    0xff, 0xf0, 0xf, 0xff, 0xf8, 0x7, 0xff, 0xfc,
    0x3, 0xff, 0xfe, 0x1, 0xff, 0xeb, 0x22, 0xff,
    0xee, 0x80, 0x7f, 0xf2, 0x57, 0x77, 0xff, 0xba,
    0xc0, 0x1f, 0xff, 0xf0, 0xf, 0xff, 0xf8, 0x7,
    0xff, 0xfc, 0x3, 0xff, 0xfe, 0x1, 0xff, 0xff,
    0x0, 0xff, 0xff, 0x80, 0x7f, 0xff, 0xc0, 0x3f,
    0xff, 0xe0, 0x1f, 0xff, 0xf0, 0xf, 0xff, 0xf8,
    0x7, 0xff, 0x39, 0x7f, 0xff, 0xfb, 0xac, 0x1,
    0xff, 0xff, 0x0, 0xff, 0xff, 0x80, 0x7f, 0xff,
    0xc0, 0x3f, 0xff, 0xe0, 0x1f, 0xff, 0xf0, 0xf,
    0xff, 0xf8, 0x7, 0xff, 0xfc, 0x3, 0xff, 0xfe,
    0x1, 0xff, 0xff, 0x0, 0xff, 0xff, 0x80, 0x7f,
    0xff, 0xc0, 0x3f, 0xff, 0xe0, 0x1f, 0xff, 0xf0,
    0xf, 0xff, 0xf8, 0x7, 0xff, 0xfc, 0x3, 0xff,
    0xfe, 0x1, 0xff, 0xff, 0x0, 0xff, 0xff, 0x80,
    0x7f, 0xff, 0xc0, 0x3f, 0xff, 0xe0, 0x1f, 0xff,
    0xf0, 0xf, 0xfe, 0x42, 0xff, 0xff, 0xf8, 0x88,
    0x3, 0xff, 0xe4, 0x40, 0x1f, 0xff, 0x11, 0x0,
    0xff, 0xf9, 0x10, 0x7, 0xff, 0xc9, 0x80, 0x3f,
    0xfe, 0x44, 0x1, 0xff, 0xf2, 0xd0, 0xf, 0xff,
    0x93, 0x0, 0x7f, 0xfc, 0x88, 0x3, 0xff, 0xe4,
    0x20, 0x1f, 0xff, 0x12, 0x0, 0xff, 0xf9, 0x30,
    0x7, 0xff, 0xc8, 0x80, 0x0,

    /* U+0046 "F" */
    0x8f, 0xff, 0xff, 0x64, 0x0, 0x7f, 0xff, 0xc0,
    0x3f, 0xff, 0xe0, 0x1f, 0xff, 0xf0, 0xf, 0xff,
    0xf8, 0x7, 0xff, 0xfc, 0x3, 0xff, 0xfe, 0x1,
    0xff, 0xff, 0x0, 0xff, 0xff, 0x80, 0x7f, 0xff,
    0xc0, 0x3f, 0xfb, 0xb, 0xff, 0xff, 0xdd, 0x80,
    0xf, 0xff, 0xf8, 0x7, 0xff, 0xfc, 0x3, 0xff,
    0xfe, 0x1, 0xff, 0xff, 0x0, 0xff, 0xff, 0x80,
    0x7f, 0xff, 0xc0, 0x3f, 0xff, 0xe0, 0x1f, 0xff,
    0xf0, 0xf, 0xff, 0xf8, 0x7, 0xff, 0xfc, 0x3,
    0xff, 0xfe, 0x1, 0xff, 0xff, 0x0, 0xff, 0xff,
    0x80, 0x7f, 0xff, 0xc0, 0x3f, 0xff, 0xe0, 0x1f,
    0xff, 0xf0, 0xf, 0xff, 0xf8, 0x7, 0xff, 0xfc,
    0x8b, 0xff, 0xb6, 0x1, 0xff, 0xc6, 0x5d, 0xdf,
    0xfe, 0xd8, 0x7, 0xff, 0xfc, 0x3, 0xff, 0xfe,
    0x1, 0xff, 0xff, 0x0, 0xff, 0xff, 0x80, 0x7f,
    0xff, 0xc0, 0x3f, 0xff, 0xe0, 0x1f, 0xff, 0xf0,
    0xf, 0xff, 0xf8, 0x7, 0xff, 0xfc, 0x3, 0xff,
    0xb6, 0xbf, 0xff, 0xfd, 0xb0, 0xf, 0xff, 0xf8,
    0x7, 0xff, 0xfc, 0x3, 0xff, 0xfe, 0x1, 0xff,
    0xff, 0x0, 0xff, 0xff, 0x80, 0x7f, 0xff, 0xc0,
    0x3f, 0xff, 0xe0, 0x1f, 0xff, 0xf0, 0xf, 0xff,
    0xf8, 0x7, 0xff, 0xfc, 0x3, 0xff, 0xfe, 0x1,
    0xff, 0xff, 0x0, 0xff, 0xff, 0x80, 0x7f, 0xff,
    0xc0, 0x3f, 0xff, 0xe0, 0x1f, 0xff, 0xf0, 0xf,
    0xff, 0xf8, 0x7, 0xff, 0xfc, 0x3, 0xff, 0xfe,
    0x1, 0xff, 0xff, 0x0, 0xff, 0xff, 0x80, 0x7f,
    0xff, 0xc0, 0x3f, 0xff, 0xe0, 0x1f, 0xff, 0xf0,
    0xf, 0xff, 0xf8, 0x7, 0xff, 0xfc, 0x3, 0xff,
    0xfe, 0x1, 0xff, 0xff, 0x0, 0xff, 0xf2, 0x80,

    /* U+0047 "G" */
    0x0, 0xff, 0xea, 0x9, 0xb4, 0x55, 0xe6, 0x37,
    0x6c, 0xc5, 0x4b, 0xa9, 0x80, 0x7f, 0xfb, 0x9,
    0xab, 0xb9, 0x92, 0xea, 0x86, 0x62, 0x28, 0xcc,
    0xad, 0x15, 0x9f, 0xb2, 0x80, 0x1f, 0xfe, 0x51,
    0x7c, 0xd9, 0x51, 0x0, 0xff, 0xe3, 0x93, 0x5f,
    0xda, 0x0, 0x7f, 0xf8, 0xe, 0xfa, 0xc, 0x3,
    0xff, 0x9e, 0x97, 0xce, 0x1, 0xff, 0xdc, 0x3b,
    0xc4, 0x0, 0xff, 0xea, 0xc, 0x73, 0x80, 0x7f,
    0xf6, 0x6, 0xf1, 0x0, 0x3f, 0xfb, 0x3, 0x1a,
    0x80, 0x1f, 0xfd, 0x56, 0xe4, 0x0, 0xff, 0xee,
    0x15, 0xc8, 0x7, 0xff, 0x48, 0x6e, 0x40, 0x3f,
    0xfc, 0xd, 0xa4, 0x1, 0xff, 0xcf, 0x2f, 0x40,
    0xf, 0xff, 0x11, 0x61, 0x0, 0x7f, 0xf3, 0x53,
    0x44, 0x3, 0xff, 0xc8, 0x38, 0x60, 0x1f, 0xfc,
    0xb5, 0xb0, 0xf, 0xff, 0x38, 0xe9, 0x0, 0x7f,
    0xf2, 0x52, 0x80, 0x3f, 0xfd, 0x23, 0xe2, 0x1,
    0xff, 0xc7, 0x4b, 0x0, 0xff, 0xf5, 0x95, 0x0,
    0x7f, 0xf1, 0x86, 0x80, 0x3f, 0xf9, 0x46, 0xf3,
    0x9b, 0xdf, 0xf7, 0x6d, 0xc2, 0x88, 0x7, 0xff,
    0x21, 0x1c, 0x3, 0xff, 0x8b, 0xa2, 0x1, 0xff,
    0xc7, 0x29, 0xec, 0x86, 0x32, 0x10, 0x8, 0x49,
    0x1e, 0xbb, 0x18, 0x3, 0xff, 0x8f, 0x4, 0x1,
    0xff, 0xc3, 0x93, 0x0, 0xff, 0xe3, 0x1d, 0xeb,
    0x8, 0x7, 0xff, 0xc, 0xe7, 0x9c, 0x3, 0xff,
    0x8d, 0x20, 0x1f, 0xfc, 0x24, 0x60, 0xf, 0xfe,
    0x28, 0xce, 0x20, 0x7, 0xff, 0x20, 0x63, 0x48,
    0x3, 0xff, 0x88, 0x88, 0x0, 0xff, 0xe0, 0xc8,
    0x7, 0xff, 0x14, 0xf1, 0x80, 0x3f, 0xf9, 0x85,
    0xa6, 0x1, 0xff, 0xc4, 0x80, 0xf, 0xfe, 0x4,
    0x10, 0x7, 0xff, 0x11, 0x70, 0x80, 0x3f, 0xf9,
    0xfa, 0x40, 0x1f, 0xfc, 0x33, 0x30, 0x7, 0xf8,
    0x9c, 0x3, 0xff, 0x88, 0xb4, 0x1, 0xff, 0xd1,
    0x1c, 0x10, 0xf, 0xfe, 0x1c, 0x80, 0x7f, 0xac,
    0x3, 0xff, 0x88, 0x94, 0x1, 0xff, 0xd3, 0x18,
    0x0, 0xff, 0xe1, 0xa8, 0x80, 0x7e, 0x16, 0x0,
    0xff, 0xe1, 0x8d, 0x0, 0x7f, 0xf5, 0x58, 0xc0,
    0x3f, 0xf8, 0x6c, 0x1, 0xfa, 0x0, 0x3f, 0xf8,
    0x9a, 0x20, 0x1f, 0xfd, 0x68, 0x0, 0xff, 0xe1,
    0xd8, 0x7, 0xc2, 0xc0, 0x1f, 0xfc, 0x36, 0x30,
    0xf, 0xfe, 0xba, 0x10, 0x7, 0xff, 0x8, 0xc4,
    0x3, 0xcc, 0x1, 0xff, 0xc3, 0x19, 0x0, 0xff,
    0xec, 0xd8, 0x7, 0xff, 0xd, 0x0, 0x3d, 0x40,
    0x1f, 0xfc, 0x38, 0x0, 0xff, 0xed, 0x30, 0x7,
    0xff, 0xf, 0x0, 0x38, 0xc8, 0x3, 0xff, 0x84,
    0x2c, 0x1, 0xff, 0xdb, 0x40, 0xf, 0xfe, 0x9,
    0x8, 0x7, 0x50, 0x7, 0xff, 0xe, 0x40, 0x3f,
    0xfb, 0x9a, 0x1, 0xe2, 0x57, 0x9b, 0xef, 0xd8,
    0x0, 0xe7, 0x0, 0xff, 0xe1, 0xb0, 0x7, 0xff,
    0x71, 0xd5, 0xe6, 0xfb, 0xf6, 0xa1, 0x90, 0x40,
    0x3e, 0x21, 0x0, 0xff, 0xe1, 0x20, 0x80, 0x7f,
    0xf7, 0x6, 0xa1, 0x90, 0x40, 0x3f, 0xf8, 0x4a,
    0x1, 0xff, 0xc3, 0xd0, 0xf, 0xff, 0x8e, 0x0,
    0x7f, 0xf0, 0xdc, 0x3, 0xff, 0xe2, 0x80, 0x1f,
    0xfc, 0x22, 0x10, 0xf, 0xff, 0x81, 0x0, 0x7f,
    0xf0, 0xd4, 0x3, 0xff, 0xe2, 0xe0, 0x1f, 0xfc,
    0x3d, 0x0, 0xff, 0xf8, 0xe8, 0x7, 0xff, 0xd,
    0xc0, 0x3f, 0xfe, 0x26, 0x1, 0xff, 0xc3, 0x20,
    0xf, 0xff, 0x8b, 0x0, 0x7f, 0xf0, 0x88, 0x3,
    0xff, 0xe4, 0x40, 0x1f, 0xfc, 0x27, 0x0, 0xff,
    0xf8, 0x88, 0x7, 0xff, 0xc, 0x80, 0x3f, 0xfe,
    0x26, 0x1, 0xff, 0xc3, 0xf0, 0xf, 0xff, 0x8b,
    0x0, 0x7f, 0xf0, 0xc8, 0x3, 0xff, 0xe2, 0x20,
    0x1f, 0xfc, 0x31, 0x0, 0xff, 0xf8, 0x98, 0x7,
    0xff, 0xd, 0xc0, 0x3f, 0xff, 0xe0, 0x1f, 0xfd,
    0x14, 0xcc, 0xff, 0xea, 0xa0, 0x80, 0x7f, 0xf0,
    0xc4, 0x3, 0xff, 0x9c, 0x46, 0x7f, 0xfd, 0x52,
    0x0, 0xff, 0xff, 0x80, 0x7f, 0xff, 0xc0, 0x3f,
    0xff, 0xe0, 0x1f, 0xc2, 0x1, 0xff, 0xff, 0x0,
    0xff, 0xe3, 0x8, 0x7, 0xff, 0xc4, 0xc0, 0x3f,
    0xf8, 0x6e, 0x1, 0xff, 0xff, 0x0, 0x8, 0x7,
    0xff, 0xc5, 0x80, 0x3f, 0xf8, 0x66, 0x1, 0xff,
    0xf1, 0x10, 0xf, 0xfe, 0x1f, 0x0, 0x7f, 0xfc,
    0x48, 0x3, 0xff, 0x86, 0x40, 0x1f, 0xff, 0x21,
    0x0, 0xff, 0xe1, 0x30, 0x7, 0xff, 0xc8, 0xc0,
    0x3f, 0xf8, 0x44, 0x1, 0xff, 0xce, 0x6f, 0xff,
    0xfe, 0x3a, 0x80, 0x7f, 0xf0, 0xdc, 0x3, 0xff,
    0x84, 0x22, 0x0, 0xff, 0xf8, 0xe8, 0x7, 0xff,
    0xd, 0x40, 0x3f, 0xfe, 0x26, 0x1, 0xff, 0xc3,
    0x30, 0xf, 0xff, 0x8b, 0x0, 0x7f, 0xf0, 0xf0,
    0x3, 0xff, 0xe2, 0x42, 0x1, 0xff, 0xc2, 0x40,
    0xf, 0xff, 0x92, 0x0, 0x7f, 0xf0, 0xd0, 0x3,
    0xff, 0xe3, 0x80, 0x1f, 0xfc, 0x3d, 0x0, 0xff,
    0xf8, 0xa0, 0x7, 0xff, 0xd, 0xc0, 0x3f, 0xfe,
    0x24, 0x20, 0x1f, 0xfc, 0x21, 0x50, 0xf, 0xff,
    0x8b, 0x0, 0x7f, 0xf0, 0xe4, 0x3, 0xff, 0xe3,
    0x60, 0x1f, 0xfc, 0x33, 0x40, 0xf, 0xff, 0x81,
    0x90, 0x7, 0xff, 0xe, 0x40, 0x3f, 0xfe, 0x34,
    0x1, 0xff, 0xc3, 0x27, 0x0, 0xff, 0xf8, 0x30,
    0x7, 0xff, 0x12, 0x8, 0x3, 0xff, 0xde, 0x2c,
    0x1, 0xff, 0xc4, 0xe0, 0xf, 0xff, 0x84, 0x0,
    0x7f, 0xf1, 0xe, 0x80, 0x3f, 0xfd, 0xe2, 0xc0,
    0x1f, 0xfc, 0x45, 0x90, 0xf, 0xff, 0x7c, 0x0,
    0x7f, 0xf1, 0x5a, 0x80, 0x3f, 0xfb, 0x6, 0xe0,
    0x1f, 0xfc, 0x81, 0x90, 0xf, 0xfe, 0x2a, 0xe1,
    0x0, 0x7f, 0xf5, 0x67, 0x8, 0x3, 0xff, 0x92,
    0xc4, 0x1, 0xff, 0xc5, 0x3d, 0x60, 0xf, 0xfe,
    0x93, 0xf3, 0x0, 0x7f, 0xf3, 0x38, 0x3, 0xff,
    0x8f, 0x3a, 0x80, 0x1f, 0xfc, 0xd1, 0x8e, 0x81,
    0x0, 0xff, 0xe6, 0x9c, 0x80, 0x7f, 0xf1, 0xca,
    0xf5, 0xc4, 0x3, 0xff, 0x8e, 0x4d, 0x7c, 0xe2,
    0x1, 0xff, 0xd0, 0x66, 0x0, 0x7f, 0xf2, 0xa,
    0x3b, 0x65, 0x90, 0x40, 0x3f, 0x9, 0xac, 0x57,
    0x6c, 0xa0, 0x7, 0xff, 0x52, 0x4c, 0x3, 0xff,
    0x94, 0x4d, 0x37, 0xdf, 0xee, 0xed, 0xfe, 0xec,
    0xa7, 0x51, 0x0, 0xff, 0xe5, 0x9b, 0x80, 0x7f,
    0xd8, 0x60, 0x1f, 0xfd, 0x1, 0x1c, 0x1, 0xff,
    0xd2, 0x5c, 0x10, 0xf, 0xfe, 0x6, 0x18, 0x7,
    0xff, 0xc1, 0xe8, 0x3, 0xff, 0x87, 0xa8, 0x1,
    0xff, 0xed, 0x1b, 0x80, 0xf, 0xfe, 0x20, 0xdb,
    0x80, 0x7f, 0xfa, 0xd7, 0xd0, 0x3, 0xff, 0x8f,
    0x14, 0x1, 0xff, 0xe8, 0x1b, 0xa1, 0x0, 0xff,
    0xe4, 0xaf, 0x20, 0x7, 0xff, 0x90, 0x63, 0x90,
    0x3, 0xff, 0x98, 0x37, 0x42, 0x1, 0xff, 0xe1,
    0x8e, 0x70, 0xf, 0xfe, 0x82, 0xf4, 0x88, 0x7,
    0xff, 0x70, 0xe7, 0xdc, 0x3, 0xff, 0xa8, 0xdd,
    0x24, 0x1, 0xff, 0xd7, 0x16, 0xcc, 0x30, 0x7,
    0xff, 0x61, 0xb7, 0x1c, 0x40, 0x3f, 0xfa, 0x24,
    0xf9, 0xd2, 0x60, 0x1f, 0xfd, 0xc3, 0x8e, 0xc8,
    0x41, 0x0, 0xff, 0xe4, 0x9b, 0x56, 0xea, 0xc,
    0x3, 0xff, 0xc4, 0x6f, 0x7d, 0xb7, 0x2c, 0x86,
    0x42, 0x20, 0x8, 0x48, 0x88, 0xd1, 0x59, 0xf9,
    0x2a, 0x40, 0x1f, 0xfc, 0x90,

    /* U+0048 "H" */
    0x24, 0x4f, 0xfe, 0x11, 0x0, 0x7f, 0xf6, 0xc5,
    0x13, 0xff, 0x84, 0x75, 0x77, 0xff, 0xc2, 0x80,
    0xf, 0xfe, 0xda, 0xdd, 0xff, 0xf0, 0xb4, 0x3,
    0xff, 0xfe, 0x1, 0xff, 0xff, 0x0, 0xff, 0xff,
    0x80, 0x7f, 0xff, 0xc0, 0x3f, 0xff, 0xe0, 0x1f,
    0xff, 0xf0, 0xf, 0xff, 0xf8, 0x7, 0xff, 0xfc,
    0x3, 0xff, 0xfe, 0x1, 0xff, 0xff, 0x0, 0xff,
    0xff, 0x80, 0x7f, 0xff, 0xc0, 0x3f, 0xff, 0xe0,
    0x1f, 0xff, 0xf0, 0xf, 0xff, 0xf8, 0x7, 0xff,
    0xfc, 0x3, 0xff, 0xfe, 0x1, 0xff, 0xff, 0x0,
    0xff, 0xff, 0x80, 0x7f, 0xff, 0xc0, 0x3f, 0xff,
    0xe0, 0x1f, 0xff, 0xf0, 0xf, 0xff, 0xf8, 0x7,
    0xff, 0xfc, 0x3, 0xff, 0xfe, 0x1, 0xff, 0xff,
    0x0, 0xff, 0xff, 0x80, 0x7f, 0xff, 0xc0, 0x3f,
    0xff, 0xe0, 0x1f, 0xff, 0xf0, 0xf, 0xff, 0xf8,
    0x7, 0xff, 0xfc, 0x3, 0xff, 0xfe, 0x1, 0xff,
    0xcd, 0x5f, 0xff, 0xfe, 0xdd, 0x80, 0x7f, 0xff,
    0xc0, 0x3f, 0xff, 0xe0, 0x1f, 0xff, 0xf0, 0xf,
    0xff, 0xf8, 0x7, 0xff, 0xfc, 0x3, 0xff, 0xfe,
    0x1, 0xff, 0xff, 0x0, 0xff, 0xff, 0x80, 0x7f,
    0xff, 0xc0, 0x3f, 0xff, 0xe0, 0x1f, 0xff, 0xf0,
    0xf, 0xff, 0xf8, 0x7, 0xff, 0xa5, 0x7f, 0xff,
    0xfb, 0x76, 0x1, 0xff, 0xff, 0x0, 0xff, 0xff,
    0x80, 0x7f, 0xff, 0xc0, 0x3f, 0xff, 0xe0, 0x1f,
    0xff, 0xf0, 0xf, 0xff, 0xf8, 0x7, 0xff, 0xfc,
    0x3, 0xff, 0xfe, 0x1, 0xff, 0xff, 0x0, 0xff,
    0xff, 0x80, 0x7f, 0xff, 0xc0, 0x3f, 0xff, 0xe0,
    0x1f, 0xff, 0xf0, 0xf, 0xff, 0xf8, 0x7, 0xff,
    0xfc, 0x3, 0xff, 0xfe, 0x1, 0xff, 0xff, 0x0,
    0xff, 0xff, 0x80, 0x7f, 0xff, 0xc0, 0x3f, 0xff,
    0xe0, 0x1f, 0xff, 0xf0, 0xf, 0xff, 0xf8, 0x7,
    0xff, 0xfc, 0x3, 0xff, 0xfe, 0x1, 0xff, 0xff,
    0x0, 0xff, 0xff, 0x80, 0x7f, 0xff, 0xc0, 0x3f,
    0xff, 0xe0, 0x1f, 0xff, 0xf0, 0xf, 0xff, 0xf8,
    0x7, 0xff, 0xfc, 0x3, 0xff, 0xfe, 0x1, 0xff,
    0xff, 0x0, 0xff, 0xff, 0x80, 0x7f, 0xff, 0xc0,
    0x3f, 0xff, 0xe0, 0x1f, 0xfc, 0x10,

    /* U+0049 "I" */
    0x24, 0x4f, 0xfe, 0x11, 0x55, 0xdf, 0xff, 0xa,
    0x0, 0x3f, 0xff, 0xe0, 0x1f, 0xff, 0xf0, 0xf,
    0xff, 0xf8, 0x7, 0xff, 0xfc, 0x3, 0xff, 0xfe,
    0x1, 0xff, 0xff, 0x0, 0xff, 0xff, 0x80, 0x7f,
    0xff, 0xc0, 0x3f, 0xff, 0xe0, 0x1f, 0xff, 0xf0,
    0xf, 0xff, 0xf8, 0x7, 0xff, 0xfc, 0x3, 0xff,
    0xfe, 0x1, 0xff, 0xff, 0x0, 0xff, 0xff, 0x80,
    0x7f, 0xff, 0xc0, 0x3f, 0xff, 0xe0, 0x1f, 0xff,
    0xf0, 0xf, 0xff, 0x70,

    /* U+004A "J" */
    0x0, 0xff, 0xf3, 0x2c, 0x47, 0xff, 0x9, 0x0,
    0x3f, 0xfc, 0xde, 0xef, 0xff, 0xc2, 0xc0, 0xf,
    0xff, 0xf8, 0x7, 0xff, 0xfc, 0x3, 0xff, 0xfe,
    0x1, 0xff, 0xff, 0x0, 0xff, 0xff, 0x80, 0x7f,
    0xff, 0xc0, 0x3f, 0xff, 0xe0, 0x1f, 0xff, 0xf0,
    0xf, 0xff, 0xf8, 0x7, 0xff, 0xfc, 0x3, 0xff,
    0xfe, 0x1, 0xff, 0xff, 0x0, 0xff, 0xff, 0x80,
    0x7f, 0xff, 0xc0, 0x3f, 0xff, 0xe0, 0x1f, 0xff,
    0xf0, 0xf, 0xff, 0xf8, 0x7, 0xff, 0xfc, 0x3,
    0xff, 0xfe, 0x1, 0xff, 0xff, 0x0, 0xff, 0xff,
    0x80, 0x7f, 0xff, 0xc0, 0x3f, 0xff, 0xe0, 0x1f,
    0xff, 0xf0, 0xf, 0xff, 0xf8, 0x7, 0xff, 0xfc,
    0x3, 0xff, 0xfe, 0x1, 0xff, 0xff, 0x0, 0xff,
    0xff, 0x80, 0x7f, 0xff, 0xc0, 0x3f, 0xff, 0xe0,
    0x1f, 0xff, 0xf0, 0xf, 0xff, 0xf8, 0x7, 0xff,
    0xfc, 0x3, 0xff, 0xfe, 0x1, 0xff, 0xff, 0x0,
    0xff, 0xff, 0x80, 0x7f, 0xff, 0xc0, 0x3f, 0xff,
    0xe0, 0x1f, 0xff, 0xf0, 0xf, 0xff, 0xf8, 0x7,
    0xff, 0xfc, 0x3, 0xff, 0xfe, 0x1, 0xff, 0xff,
    0x0, 0xff, 0xff, 0x80, 0x7f, 0xff, 0xc0, 0x3f,
    0xff, 0xe0, 0x1f, 0xff, 0xf0, 0xf, 0xff, 0xf8,
    0x7, 0xff, 0xfc, 0x3, 0xff, 0xfe, 0x0, 0xf0,
    0xf, 0xff, 0xb3, 0xff, 0xff, 0xf0, 0xac, 0x3,
    0xff, 0xac, 0x20, 0x1f, 0xfc, 0x21, 0x20, 0xf,
    0xfe, 0x13, 0x0, 0x7f, 0xf5, 0x9c, 0x3, 0xff,
    0x86, 0xc0, 0x1f, 0xfc, 0x22, 0x0, 0xff, 0xeb,
    0x10, 0x7, 0xff, 0x8, 0xc4, 0x3, 0xff, 0x86,
    0x60, 0x1f, 0xfd, 0x51, 0x0, 0xff, 0xe1, 0x9,
    0x0, 0x7f, 0xf0, 0xd4, 0x3, 0xff, 0xa8, 0x60,
    0x1f, 0xfc, 0x36, 0x2, 0x0, 0xff, 0xe1, 0x60,
    0x7, 0xff, 0x51, 0x40, 0x3f, 0xf8, 0x64, 0xe,
    0x1, 0xff, 0xc2, 0x40, 0xf, 0xfe, 0xa6, 0x0,
    0x7f, 0xf0, 0x84, 0x1, 0xa0, 0x1f, 0xfc, 0x21,
    0x30, 0xf, 0xfe, 0x9a, 0x0, 0x7f, 0xf0, 0x94,
    0x0, 0x80, 0x1f, 0xfc, 0x39, 0x0, 0xff, 0xe9,
    0x20, 0x80, 0x7f, 0xf0, 0x8c, 0x0, 0x60, 0x1f,
    0xfc, 0x35, 0x10, 0xf, 0xfe, 0x8f, 0x0, 0x7f,
    0xf0, 0xf4, 0x2, 0x40, 0xf, 0xfe, 0x1c, 0x80,
    0x7f, 0xf4, 0x9, 0x40, 0x3f, 0xf8, 0x6a, 0x1,
    0x68, 0x7, 0xff, 0xd, 0xcc, 0x3, 0xff, 0x9f,
    0x20, 0x1f, 0xfc, 0x34, 0x0, 0xce, 0x1, 0xff,
    0xc4, 0xe0, 0xf, 0xfe, 0x72, 0xa0, 0x7, 0xff,
    0xf, 0x0, 0x30, 0xa0, 0x7, 0xff, 0xc, 0xac,
    0x3, 0xff, 0x98, 0x74, 0x1, 0xff, 0xc4, 0x60,
    0xe, 0xf0, 0xf, 0xfe, 0x22, 0x60, 0x80, 0x7f,
    0xf2, 0x4f, 0x40, 0x3f, 0xf8, 0x8a, 0x20, 0x1c,
    0x86, 0x1, 0xff, 0xc4, 0x3f, 0x50, 0xf, 0xfe,
    0x3b, 0xe0, 0x80, 0x7f, 0xf1, 0x24, 0x3, 0xe9,
    0x0, 0xff, 0xe2, 0x8d, 0x62, 0x80, 0x7f, 0xf0,
    0x85, 0xb6, 0x0, 0x3f, 0xf8, 0xa8, 0x60, 0x1f,
    0x29, 0x80, 0x7f, 0xf1, 0x8e, 0xbe, 0xdd, 0x8,
    0x40, 0x21, 0x24, 0x7b, 0xe9, 0x20, 0xf, 0xfe,
    0x34, 0x80, 0x7f, 0x70, 0x7, 0xff, 0x25, 0x22,
    0xf7, 0xbf, 0xee, 0xdb, 0x84, 0x0, 0xff, 0xe4,
    0x39, 0x0, 0x7f, 0x13, 0x80, 0x7f, 0xfa, 0xe,
    0x0, 0x3f, 0xe8, 0x40, 0xf, 0xff, 0x3f, 0x0,
    0x7f, 0xf0, 0x68, 0x80, 0x3f, 0xfc, 0xb8, 0x40,
    0x1f, 0xfc, 0x11, 0xc2, 0x0, 0xff, 0xf1, 0xd9,
    0x80, 0x7f, 0xf0, 0xc7, 0x8, 0x3, 0xff, 0xc0,
    0x36, 0x80, 0x1f, 0xfc, 0x51, 0xd4, 0x0, 0xff,
    0xef, 0x16, 0x20, 0x7, 0xff, 0x22, 0xe0, 0x3,
    0xff, 0xb8, 0xda, 0x40, 0x1f, 0xfc, 0xa7, 0xe4,
    0x0, 0xff, 0xec, 0x15, 0xc8, 0x7, 0xff, 0x34,
    0x6f, 0x10, 0x3, 0xff, 0xa8, 0x53, 0xa8, 0x1,
    0xff, 0xd0, 0x3b, 0xd7, 0x10, 0xf, 0xfe, 0x7a,
    0x5e, 0xb0, 0x7, 0xff, 0x50, 0xa3, 0xb2, 0xc,
    0x3, 0xff, 0x90, 0x2b, 0x3d, 0x68, 0x1, 0xff,
    0xd9, 0x37, 0xcf, 0xda, 0x75, 0x42, 0x11, 0x0,
    0x61, 0x24, 0x57, 0xad, 0xea, 0x61, 0x0, 0xff,
    0xe3, 0x80,

    /* U+004B "K" */
    0x24, 0x4f, 0xfe, 0x11, 0x0, 0x7f, 0xf6, 0x51,
    0x3f, 0xf8, 0x84, 0x1, 0xaa, 0xef, 0xff, 0x85,
    0x0, 0x1f, 0xfd, 0x8b, 0xbf, 0xfe, 0x25, 0x0,
    0x7f, 0xfb, 0x29, 0x0, 0x3f, 0xf8, 0x7a, 0x40,
    0x1f, 0xfe, 0xa9, 0x50, 0xf, 0xfe, 0x1d, 0x98,
    0x7, 0xff, 0xaa, 0x58, 0x3, 0xff, 0x87, 0x48,
    0x1, 0xff, 0xea, 0x86, 0x0, 0xff, 0xe1, 0xca,
    0x80, 0x7f, 0xfa, 0x9d, 0xc0, 0x1f, 0xfc, 0x38,
    0x60, 0xf, 0xff, 0x53, 0x40, 0x7, 0xff, 0xd,
    0xdc, 0x1, 0xff, 0xea, 0x69, 0x0, 0xff, 0xe1,
    0xac, 0x0, 0x7f, 0xfa, 0x96, 0x40, 0x3f, 0xf8,
    0x69, 0x40, 0x1f, 0xfe, 0xa4, 0xa0, 0xf, 0xfe,
    0x19, 0xd8, 0x7, 0xff, 0xa9, 0x2c, 0x3, 0xff,
    0x86, 0x5a, 0x1, 0xff, 0xea, 0x3b, 0x0, 0xff,
    0xe1, 0x96, 0x8, 0x7, 0xff, 0xa4, 0xf0, 0x3,
    0xff, 0x86, 0x3e, 0x20, 0x1f, 0xfe, 0x92, 0xd0,
    0xf, 0xfe, 0x26, 0x90, 0x7, 0xff, 0xa4, 0xb0,
    0x40, 0x3f, 0xf8, 0x78, 0x60, 0x1f, 0xfe, 0x91,
    0xc1, 0x0, 0xff, 0xe1, 0xd9, 0x80, 0x7f, 0xfa,
    0x47, 0x4, 0x3, 0xff, 0x87, 0x28, 0x1, 0xff,
    0xe9, 0x1c, 0x20, 0xf, 0xfe, 0x1c, 0x30, 0x7,
    0xff, 0xab, 0x48, 0x3, 0xff, 0x86, 0xee, 0x0,
    0xff, 0xf5, 0x61, 0x80, 0x7f, 0xf0, 0xda, 0x0,
    0x3f, 0xfd, 0x56, 0x60, 0x1f, 0xfc, 0x34, 0x90,
    0xf, 0xff, 0x55, 0xa0, 0x7, 0xff, 0xc, 0xec,
    0x3, 0xff, 0xd5, 0x48, 0x1, 0xff, 0xc3, 0x3c,
    0x0, 0xff, 0xf5, 0x4a, 0x80, 0x7f, 0xf0, 0xcb,
    0x40, 0x3f, 0xfd, 0x52, 0xc0, 0x1f, 0xfc, 0x31,
    0xf1, 0x0, 0xff, 0xf4, 0xc3, 0x0, 0x7f, 0xf0,
    0xc7, 0x8, 0x3, 0xff, 0xd2, 0xee, 0x0, 0xff,
    0xe2, 0x69, 0x0, 0x7f, 0xfa, 0x5a, 0x0, 0x3f,
    0xf8, 0x96, 0x60, 0x1f, 0xfe, 0x96, 0x90, 0xf,
    0xfe, 0x25, 0x20, 0x7, 0xff, 0xa5, 0x64, 0x3,
    0xff, 0x89, 0xa, 0x1, 0xff, 0xe9, 0x4a, 0x0,
    0xff, 0xe2, 0x3b, 0x80, 0x3f, 0xfd, 0x29, 0x60,
    0x1f, 0xfc, 0x46, 0x80, 0xf, 0xff, 0x49, 0xd8,
    0x7, 0xff, 0x11, 0x64, 0x3, 0xff, 0xd2, 0x78,
    0x1, 0xff, 0xc5, 0x90, 0xf, 0xff, 0x49, 0x68,
    0x7, 0xff, 0x1b, 0xc0, 0x3f, 0xfd, 0x5, 0x82,
    0x1, 0xff, 0xc6, 0x36, 0x0, 0xff, 0xf3, 0xe,
    0x8, 0x7, 0xff, 0x22, 0x4, 0x3, 0xff, 0xc8,
    0x38, 0x20, 0x1f, 0xfc, 0x91, 0x80, 0xf, 0xff,
    0x18, 0xe1, 0x0, 0x7f, 0xf2, 0xd8, 0xc0, 0x3f,
    0xfc, 0x48, 0x40, 0x1f, 0xfc, 0xdf, 0x0, 0xff,
    0xfe, 0x9b, 0x0, 0x7f, 0xff, 0x64, 0x40, 0x3f,
    0xff, 0xb6, 0x1, 0xff, 0xec, 0x39, 0x0, 0xff,
    0xe1, 0xaa, 0x0, 0x7f, 0xfa, 0x8b, 0x59, 0x0,
    0x3f, 0xf8, 0x72, 0x1, 0xff, 0xe9, 0x2c, 0x10,
    0x90, 0xf, 0xfe, 0x19, 0x38, 0x7, 0xff, 0x9c,
    0xb0, 0x40, 0x4, 0xe0, 0x1f, 0xfc, 0x38, 0x20,
    0xf, 0xff, 0x29, 0x60, 0x80, 0x68, 0x10, 0xf,
    0xfe, 0x1c, 0x80, 0x7f, 0xf9, 0xb, 0x4, 0x3,
    0xd6, 0x1, 0xff, 0xc3, 0x45, 0x0, 0xff, 0xf1,
    0x16, 0x8, 0x7, 0xca, 0x80, 0x1f, 0xfc, 0x3b,
    0x0, 0xff, 0xf0, 0x96, 0x8, 0x7, 0xf4, 0x80,
    0x7f, 0xf0, 0xc6, 0x0, 0x3f, 0xfb, 0xe5, 0x82,
    0x1, 0xfe, 0x27, 0x0, 0xff, 0xe1, 0xb9, 0x0,
    0x7f, 0xf7, 0x4b, 0x4, 0x3, 0xff, 0x81, 0x2,
    0x1, 0xff, 0xc3, 0xe0, 0xf, 0xfe, 0xe1, 0x60,
    0x80, 0x7f, 0xf0, 0xac, 0x3, 0xff, 0x86, 0x6c,
    0x1, 0xff, 0xda, 0x2c, 0x10, 0xf, 0xfe, 0x1a,
    0xa0, 0x7, 0xff, 0xe, 0x4, 0x3, 0xff, 0xb0,
    0x38, 0x20, 0x1f, 0xfc, 0x59, 0x0, 0xff, 0xe1,
    0x8c, 0x0, 0x7f, 0xf6, 0x10, 0x40, 0x3f, 0xf8,
    0xc4, 0xe0, 0x1f, 0xfc, 0x36, 0x30, 0xf, 0xff,
    0x64, 0x8, 0x7, 0xff, 0xf, 0x80, 0x3f, 0xfd,
    0xb6, 0x1, 0xff, 0xc3, 0x27, 0x0, 0xff, 0xf6,
    0x2a, 0x0, 0x7f, 0xf0, 0xe0, 0x40, 0x3f, 0xfd,
    0x92, 0x1, 0xff, 0xc4, 0xb0, 0xf, 0xff, 0x61,
    0x38, 0x7, 0xff, 0xd, 0x50, 0x3, 0xff, 0xd9,
    0x2, 0x1, 0xff, 0xc3, 0x90, 0xf, 0xff, 0x6d,
    0x80, 0x7f, 0xf0, 0xca, 0x0, 0x3f, 0xfd, 0x8a,
    0x80, 0x1f, 0xfc, 0x37, 0x20, 0xf, 0xff, 0x64,
    0x80, 0x7f, 0xf1, 0x24, 0x3, 0xff, 0xd8, 0x4e,
    0x1, 0xff, 0xc3, 0x45, 0x0, 0xff, 0xf6, 0x40,
    0x80, 0x7f, 0xf0, 0xec, 0x3, 0xff, 0xdb, 0x60,
    0x1f, 0xfc, 0x31, 0x90, 0xf, 0xff, 0x62, 0xa0,
    0x7, 0xff, 0xd, 0x8c, 0x3, 0xff, 0xd9, 0x20,
    0x1f, 0xfc, 0x4f, 0x0, 0xff, 0xf6, 0x13, 0x80,
    0x7f, 0xf0, 0xcd, 0x80, 0x3f, 0xfd, 0x90, 0x40,
    0x1f, 0xfc, 0x38, 0x10, 0xf, 0xff, 0x64, 0x80,
    0x7f, 0xf0, 0xc6, 0xc0, 0x3f, 0xfd, 0x88, 0x80,
    0xf, 0xfe, 0x1a, 0xa0, 0x7, 0xff, 0xb2, 0x40,
    0x3f, 0xf8, 0x92, 0x1, 0xff, 0xec, 0x27, 0x0,
    0xff, 0xe1, 0x93, 0x80, 0x7f, 0xfb, 0x20, 0x80,
    0x3f, 0xf8, 0x70, 0x20, 0x1f, 0xfe, 0xc9, 0x0,
    0xff, 0xe2, 0x50, 0x7, 0xff, 0xb1, 0x10, 0x1,
    0xff, 0xc3, 0x44, 0x0, 0x7f, 0xfb, 0x24, 0x3,
    0xff, 0x89, 0x40, 0x1f, 0xfe, 0xc2, 0x70, 0xf,
    0xfe, 0x18, 0xc0, 0x7, 0xff, 0xb2, 0x8, 0x3,
    0xff, 0x86, 0xe4, 0x1, 0xff, 0xec, 0x90, 0xf,
    0xfe, 0x27, 0x0, 0x7f, 0xfb, 0x11, 0x0, 0x1f,
    0xfc, 0x33, 0x50, 0xf, 0xff, 0x64, 0x80, 0x7f,
    0xf1, 0x2c, 0x40, 0x3f, 0xfd, 0x64, 0xe0, 0x1f,
    0xfc, 0x31, 0x80, 0xf, 0xff, 0x64, 0x10, 0x7,
    0xff, 0xd, 0x8c, 0x3, 0xff, 0xd9, 0x20, 0x1f,
    0xfc, 0x4f, 0x0,

    /* U+004C "L" */
    0x48, 0x8f, 0xfe, 0x12, 0x80, 0x7f, 0xf8, 0x31,
    0xdf, 0xff, 0x85, 0xe0, 0x1f, 0xff, 0xf0, 0xf,
    0xff, 0xf8, 0x7, 0xff, 0xfc, 0x3, 0xff, 0xfe,
    0x1, 0xff, 0xff, 0x0, 0xff, 0xff, 0x80, 0x7f,
    0xff, 0xc0, 0x3f, 0xff, 0xe0, 0x1f, 0xff, 0xf0,
    0xf, 0xff, 0xf8, 0x7, 0xff, 0xfc, 0x3, 0xff,
    0xfe, 0x1, 0xff, 0xff, 0x0, 0xff, 0xff, 0x80,
    0x7f, 0xff, 0xc0, 0x3f, 0xff, 0xe0, 0x1f, 0xff,
    0xf0, 0xf, 0xff, 0xf8, 0x7, 0xff, 0xfc, 0x3,
    0xff, 0xfe, 0x1, 0xff, 0xff, 0x0, 0xff, 0xff,
    0x80, 0x7f, 0xff, 0xc0, 0x3f, 0xff, 0xe0, 0x1f,
    0xff, 0xf0, 0xf, 0xff, 0xf8, 0x7, 0xff, 0xfc,
    0x3, 0xff, 0xfe, 0x1, 0xff, 0xff, 0x0, 0xff,
    0xff, 0x80, 0x7f, 0xff, 0xc0, 0x3f, 0xff, 0xe0,
    0x1f, 0xff, 0xf0, 0xf, 0xff, 0xf8, 0x7, 0xff,
    0xfc, 0x3, 0xff, 0xfe, 0x1, 0xff, 0xff, 0x0,
    0xff, 0xff, 0x80, 0x7f, 0xff, 0xc0, 0x3f, 0xff,
    0xe0, 0x1f, 0xff, 0xf0, 0xf, 0xff, 0xf8, 0x7,
    0xff, 0xfc, 0x3, 0xff, 0xfe, 0x1, 0xff, 0xff,
    0x0, 0xff, 0xff, 0x80, 0x7f, 0xff, 0xc0, 0x3f,
    0xff, 0xe0, 0x1f, 0xff, 0xf0, 0xf, 0xff, 0xf8,
    0x7, 0xff, 0xfc, 0x3, 0xff, 0xfe, 0x1, 0xff,
    0xff, 0x0, 0xff, 0xff, 0x80, 0x7f, 0xff, 0xc0,
    0x3f, 0xff, 0xe0, 0x1f, 0xff, 0xf0, 0xf, 0xff,
    0xf8, 0x7, 0xff, 0xfc, 0x3, 0xff, 0xfe, 0x45,
    0xff, 0xdf, 0x10, 0xf, 0xfe, 0x1a, 0xee, 0xff,
    0xf8, 0x0, 0x3f, 0xfd, 0xec, 0x1, 0xff, 0xef,
    0xd0, 0xf, 0xff, 0x79, 0x0, 0x7f, 0xfb, 0xd8,
    0x3, 0xff, 0xde, 0x40, 0x1f, 0xfe, 0xe1, 0x10,
    0x7, 0xff, 0xb8, 0x80, 0x3f, 0xfd, 0xec, 0x1,
    0xff, 0xef, 0xd0, 0xf, 0xff, 0x79, 0x0, 0x7f,
    0xfb, 0xd8, 0x3, 0xff, 0xde, 0x40,

    /* U+004D "M" */
    0x24, 0x4f, 0xfe, 0x29, 0x80, 0x7f, 0xf9, 0xc9,
    0x13, 0xff, 0x8a, 0x15, 0x77, 0xff, 0xc5, 0xc2,
    0x0, 0xff, 0xf3, 0x65, 0xdf, 0xff, 0x14, 0x80,
    0x3f, 0xf8, 0xea, 0x1, 0xff, 0xe5, 0x41, 0x0,
    0xff, 0xec, 0xd0, 0x7, 0xff, 0x97, 0x80, 0x3f,
    0xfb, 0x44, 0x60, 0x1f, 0xfe, 0x45, 0x0, 0xff,
    0xed, 0xd0, 0x7, 0xff, 0x8d, 0x80, 0x3f, 0xfb,
    0x8e, 0x1, 0xff, 0xe3, 0xd0, 0xf, 0xfe, 0xe0,
    0xa0, 0x7, 0xff, 0x84, 0x50, 0x3, 0xff, 0xbb,
    0xc0, 0x1f, 0xfe, 0x16, 0x0, 0xff, 0xef, 0x28,
    0x7, 0xff, 0x86, 0x80, 0x3f, 0xfb, 0xea, 0x1,
    0xff, 0xdf, 0x32, 0x0, 0xff, 0xef, 0xf0, 0x7,
    0xff, 0x7e, 0x80, 0x3f, 0xfc, 0x8, 0x20, 0x1f,
    0xfd, 0xe7, 0x0, 0xff, 0xf0, 0xb8, 0x7, 0xff,
    0x75, 0x44, 0x3, 0xff, 0xc3, 0x40, 0x1f, 0xfd,
    0xde, 0x0, 0xff, 0xf1, 0x19, 0x0, 0x7f, 0xf6,
    0xc5, 0x0, 0x3f, 0xfc, 0x74, 0x1, 0xff, 0xdb,
    0x70, 0xf, 0xff, 0x22, 0x80, 0x7f, 0xf6, 0xe8,
    0x3, 0xff, 0xc8, 0x46, 0x1, 0xff, 0xd9, 0x23,
    0x0, 0xff, 0xf2, 0xd0, 0x7, 0xff, 0x66, 0x80,
    0x3f, 0xfc, 0xce, 0x1, 0xff, 0xd9, 0x60, 0xf,
    0xff, 0x30, 0xa0, 0x7, 0xff, 0x5d, 0x4, 0x3,
    0xff, 0xcf, 0xc0, 0x1f, 0xfd, 0x7e, 0x0, 0xff,
    0xf4, 0x28, 0x7, 0xff, 0x5d, 0x40, 0x3f, 0xfd,
    0x2a, 0x1, 0xff, 0xd5, 0x50, 0xf, 0xfe, 0xe8,
    0x80, 0x7f, 0xf0, 0x38, 0x3, 0xff, 0xab, 0xc0,
    0x1f, 0xfc, 0x2, 0x0, 0xff, 0xe8, 0x30, 0x7,
    0xff, 0x1, 0x4, 0x3, 0xff, 0xa6, 0x28, 0x1,
    0xff, 0x20, 0x80, 0x7f, 0xf4, 0x2c, 0x3, 0xff,
    0x82, 0xe0, 0x1f, 0xfd, 0x36, 0x0, 0xff, 0xe0,
    0x70, 0x7, 0xff, 0x44, 0x50, 0x3, 0xff, 0x81,
    0x40, 0x1f, 0xfd, 0x3a, 0x0, 0xff, 0xe0, 0x28,
    0x7, 0xff, 0x4b, 0x80, 0x3f, 0xf8, 0x6, 0x40,
    0x1f, 0xfd, 0x13, 0x20, 0xf, 0xf9, 0x80, 0x3f,
    0xfa, 0x6a, 0x20, 0x1f, 0xfc, 0xa, 0x0, 0xff,
    0xe8, 0xd0, 0x7, 0xff, 0x2, 0x80, 0x3f, 0xfa,
    0x8e, 0x1, 0xff, 0xc0, 0x50, 0xf, 0xfe, 0x8b,
    0x80, 0x7f, 0xc4, 0x60, 0x1f, 0xfd, 0x4a, 0x0,
    0xff, 0xe0, 0x11, 0x80, 0x7f, 0xf3, 0xd0, 0x40,
    0x3f, 0xea, 0x0, 0xff, 0xea, 0x99, 0x0, 0x7f,
    0xf0, 0x28, 0x3, 0xff, 0x9f, 0xc0, 0x1f, 0xfc,
    0x6, 0x0, 0xff, 0xeb, 0x28, 0x7, 0xff, 0x1,
    0xc0, 0x3f, 0xf9, 0xc2, 0xa0, 0x1f, 0xf2, 0x8,
    0x7, 0xff, 0x5a, 0x80, 0x3f, 0xf8, 0x2, 0x80,
    0x1f, 0xfc, 0xd7, 0x0, 0xff, 0xe0, 0x70, 0x7,
    0xff, 0x5c, 0x8c, 0x3, 0xff, 0x81, 0xc0, 0x1f,
    0xfc, 0xda, 0x0, 0xff, 0x85, 0x40, 0x3f, 0xfb,
    0x14, 0x1, 0xff, 0xc0, 0x50, 0xf, 0xfe, 0x61,
    0x18, 0x7, 0xfc, 0xe0, 0x1f, 0xfd, 0x97, 0x0,
    0xff, 0xe0, 0xa8, 0x7, 0xff, 0x2e, 0x80, 0x3f,
    0xf8, 0x14, 0x1, 0xff, 0xd9, 0x15, 0x0, 0xff,
    0xe0, 0x70, 0x7, 0xff, 0x2d, 0x80, 0x3f, 0xe2,
    0x30, 0xf, 0xfe, 0xd7, 0x80, 0x7f, 0xf0, 0x10,
    0x40, 0x3f, 0xf9, 0x28, 0x20, 0x1f, 0xf5, 0x0,
    0x7f, 0xf6, 0xd4, 0x40, 0x3f, 0xf8, 0xc, 0x1,
    0xff, 0xc9, 0xd0, 0xf, 0xfe, 0x3, 0x0, 0x7f,
    0xf7, 0x1c, 0x3, 0xff, 0x81, 0x60, 0x1f, 0xfc,
    0x96, 0x0, 0xff, 0x94, 0x40, 0x3f, 0xfb, 0x94,
    0x1, 0xff, 0xc0, 0x32, 0x0, 0xff, 0xe3, 0xa8,
    0x7, 0xff, 0x3, 0x80, 0x3f, 0xfb, 0xa6, 0x40,
    0x1f, 0xfc, 0xa, 0x0, 0xff, 0xe3, 0xf0, 0x7,
    0xfc, 0x28, 0x1, 0xff, 0xde, 0xa0, 0xf, 0xfe,
    0x2, 0x80, 0x7f, 0xf1, 0x85, 0x0, 0x3f, 0xe6,
    0x0, 0xff, 0xef, 0xa8, 0x7, 0xff, 0x0, 0x8c,
    0x3, 0xff, 0x8a, 0xc0, 0x1f, 0xfc, 0xa, 0x0,
    0xff, 0xef, 0x91, 0x80, 0x7f, 0xf0, 0x28, 0x3,
    0xff, 0x8b, 0x40, 0x1f, 0xf1, 0x90, 0x7, 0xff,
    0x82, 0x80, 0x3f, 0xf8, 0xe, 0x1, 0xff, 0xc4,
    0x32, 0x0, 0xff, 0xa8, 0x3, 0xff, 0xc2, 0xc0,
    0x1f, 0xfc, 0x1, 0x40, 0xf, 0xfe, 0x1d, 0x0,
    0x7f, 0xf0, 0x1c, 0x3, 0xff, 0xc4, 0xa0, 0x1f,
    0xfc, 0xe, 0x0, 0xff, 0xe1, 0xb8, 0x7, 0xfc,
    0xa2, 0x1, 0xff, 0xe2, 0xe0, 0xf, 0xfe, 0x2,
    0x80, 0x7f, 0xf0, 0x90, 0x40, 0x3f, 0xee, 0x0,
    0xff, 0xf1, 0xa0, 0x80, 0x7f, 0xf0, 0x14, 0x3,
    0xff, 0x83, 0xc0, 0x1f, 0xf0, 0xa0, 0x7, 0xff,
    0x91, 0xc0, 0x3f, 0xf8, 0x1c, 0x1, 0xff, 0xc0,
    0x15, 0x0, 0xff, 0x98, 0x3, 0xff, 0xcb, 0x40,
    0x1f, 0xfc, 0x4, 0x10, 0xf, 0xf9, 0xc0, 0x3f,
    0xf8, 0x14, 0x1, 0xff, 0xe5, 0x32, 0x0, 0xff,
    0xe0, 0x30, 0x7, 0xfd, 0x40, 0x1f, 0xf1, 0x90,
    0x7, 0xff, 0x9a, 0x80, 0x3f, 0xf8, 0x16, 0x1,
    0xfe, 0x23, 0x0, 0xff, 0xa8, 0x3, 0xff, 0xce,
    0xc0, 0x1f, 0xfc, 0x3, 0x20, 0xf, 0xea, 0x0,
    0xff, 0xe0, 0x30, 0x7, 0xff, 0x9c, 0x50, 0x3,
    0xff, 0x81, 0x40, 0x1f, 0xca, 0x1, 0xff, 0x28,
    0x7, 0xff, 0xa7, 0x40, 0x3f, 0xf8, 0xa, 0x1,
    0xf8, 0xc8, 0x3, 0xfe, 0xe0, 0xf, 0xff, 0x4b,
    0x0, 0x7f, 0xf0, 0x8, 0xc0, 0x3e, 0xa0, 0xf,
    0xf8, 0x50, 0x3, 0xff, 0xd4, 0xa0, 0x1f, 0xfc,
    0xa, 0x0, 0xf9, 0x80, 0x3f, 0xe6, 0x0, 0xff,
    0xf5, 0xf0, 0x7, 0xff, 0x1, 0xc0, 0x3c, 0xa0,
    0x1f, 0xfc, 0xa, 0x0, 0xff, 0xf5, 0xa0, 0x80,
    0x7f, 0xc2, 0x80, 0x1d, 0xc0, 0x1f, 0xf1, 0x90,
    0x7, 0xff, 0xb1, 0x80, 0x3f, 0xf8, 0x1c, 0x1,
    0x85, 0x0, 0x3f, 0xea, 0x0, 0xff, 0xf6, 0xd8,
    0x7, 0xff, 0x1, 0x40, 0x33, 0x0, 0x7f, 0xf0,
    0x18, 0x3, 0xff, 0xda, 0x64, 0x1, 0xff, 0xc0,
    0x50, 0xa, 0x80, 0x3f, 0xe6, 0x0, 0xff, 0xf7,
    0xd0, 0x7, 0xff, 0x3, 0x80, 0x6, 0x40, 0x1f,
    0xf5, 0x0, 0x7f, 0xfb, 0xd8, 0x3, 0xff, 0x80,
    0x82, 0x16, 0x1, 0xff, 0x11, 0x80, 0x7f, 0xfb,
    0xc5, 0x0, 0x3f, 0xf8, 0xc, 0xc, 0x1, 0xff,
    0x50, 0x7, 0xff, 0xc7, 0x80, 0x3f, 0xf8, 0x16,
    0x82, 0x1, 0xff, 0x30, 0x7, 0xff, 0xc5, 0x40,
    0x3f, 0xf8, 0x7, 0x0, 0x1f, 0xf2, 0x8, 0x7,
    0xff, 0xc9, 0x40, 0x3f, 0xf8, 0x6, 0x1, 0xff,
    0x70, 0x7, 0xff, 0xcf, 0x80, 0x3f, 0xf9, 0x8a,
    0x1, 0xff, 0xf3, 0x41, 0x0, 0xff, 0xe5, 0x30,
    0x7, 0xff, 0xd5, 0x80, 0x3f, 0xf9, 0x54, 0x1,
    0xff, 0xf5, 0xa0, 0xf, 0xfe, 0x49, 0x18, 0x7,
    0xff, 0xd4, 0x88, 0x1, 0xff, 0xc8, 0xa0, 0xf,
    0xff, 0xbd, 0x0, 0x7f, 0xf2, 0x18, 0x3, 0xff,
    0xee, 0xc0, 0x1f, 0xfc, 0x74, 0x10, 0xf, 0xff,
    0xb8, 0xa0, 0x7, 0xff, 0x1b, 0x80, 0x3f, 0xff,
    0x3c, 0x1, 0xff, 0xc5, 0x15, 0x0, 0xff, 0xfc,
    0xa8, 0x7, 0xff, 0x15, 0xc0, 0x3f, 0xff, 0x6c,
    0x1, 0xff, 0xc4, 0xa0, 0xf, 0xff, 0xde, 0x80,
    0x7f, 0xf0, 0xc8, 0xc0, 0x3f, 0xff, 0x68, 0x20,
    0x1f, 0xfc, 0x2a, 0x0, 0xff, 0xfe, 0xb0, 0x7,
    0xff, 0x9, 0x80, 0x3f, 0xff, 0xb4, 0x1, 0xff,
    0xc1, 0x41, 0x0, 0xff, 0xfe, 0x91, 0x80, 0x7f,
    0xf0, 0x38, 0x3, 0xff, 0xff, 0x40, 0x1f, 0xf0,
    0xa8, 0x7, 0xff, 0x68,

    /* U+004E "N" */
    0x24, 0x4f, 0xfe, 0x9, 0x0, 0x7f, 0xf7, 0x9,
    0x13, 0xff, 0x84, 0x35, 0x77, 0xff, 0xc1, 0xc1,
    0x0, 0xff, 0xed, 0xd5, 0xdf, 0xff, 0x9, 0x40,
    0x3f, 0xf8, 0x43, 0x0, 0x1f, 0xff, 0xa6, 0x30,
    0xf, 0xff, 0xd7, 0x0, 0x7f, 0xfe, 0x8a, 0x0,
    0x3f, 0xff, 0x4e, 0x40, 0x1f, 0xff, 0xae, 0x0,
    0xff, 0xfd, 0x1b, 0x0, 0x7f, 0xfe, 0xa4, 0x40,
    0x3f, 0xff, 0x54, 0x1, 0xff, 0xfa, 0x45, 0x0,
    0xff, 0xfd, 0x58, 0x80, 0x7f, 0xfe, 0x46, 0x0,
    0x3f, 0xff, 0x4c, 0x60, 0x1f, 0xff, 0xae, 0x0,
    0xff, 0xfd, 0x14, 0x0, 0x7f, 0xfe, 0x9c, 0x80,
    0x3f, 0xff, 0x5c, 0x1, 0xff, 0xfa, 0x36, 0x0,
    0xff, 0xfd, 0x48, 0x80, 0x7f, 0xfe, 0xa8, 0x3,
    0xff, 0xf4, 0x8a, 0x1, 0xff, 0xfa, 0xb0, 0xf,
    0xff, 0xd0, 0xc8, 0x7, 0xff, 0xe9, 0x8c, 0x3,
    0xff, 0xd6, 0xe0, 0x1f, 0xfc, 0x2e, 0x0, 0xff,
    0xf5, 0xd1, 0x80, 0x7f, 0xf0, 0x4a, 0x0, 0x3f,
    0xfd, 0x7c, 0x1, 0xff, 0xc2, 0x72, 0x0, 0xff,
    0xf5, 0x14, 0x0, 0x7f, 0xf0, 0xb8, 0x3, 0xff,
    0xd6, 0xe4, 0x1, 0xff, 0xc1, 0x36, 0x0, 0xff,
    0xf5, 0xf0, 0x7, 0xff, 0xa, 0x44, 0x3, 0xff,
    0xd4, 0x6e, 0x1, 0xff, 0xc2, 0xb0, 0xf, 0xff,
    0x5c, 0x10, 0x7, 0xff, 0x5, 0x54, 0x1, 0xff,
    0xeb, 0x90, 0xf, 0xfe, 0x15, 0x80, 0x7f, 0xfa,
    0xd1, 0x40, 0x3f, 0xf8, 0x23, 0x20, 0x1f, 0xfe,
    0xbb, 0x10, 0xf, 0xfe, 0xb, 0x18, 0x7, 0xff,
    0xa8, 0x6c, 0x3, 0xff, 0x85, 0xc0, 0x1f, 0xfe,
    0xb5, 0x40, 0xf, 0xfe, 0x9, 0x38, 0x7, 0xff,
    0xae, 0x80, 0x3f, 0xf8, 0x50, 0x40, 0x1f, 0xfe,
    0xa1, 0x90, 0xf, 0xfe, 0x17, 0x0, 0x7f, 0xfa,
    0xd8, 0xc0, 0x3f, 0xf8, 0x26, 0xc0, 0x1f, 0xfe,
    0xbe, 0x0, 0xff, 0xe1, 0x48, 0x80, 0x7f, 0xfa,
    0x89, 0xc0, 0x3f, 0xf8, 0x56, 0x1, 0xff, 0xeb,
    0x82, 0x0, 0xff, 0xe0, 0xaa, 0x0, 0x7f, 0xfa,
    0xf8, 0x3, 0xff, 0x85, 0x40, 0x1f, 0xfe, 0xb3,
    0x60, 0xf, 0xfe, 0x8, 0xc8, 0x7, 0xff, 0xae,
    0x44, 0x3, 0xff, 0x82, 0xc6, 0x1, 0xff, 0xeb,
    0xb0, 0xf, 0xfe, 0x17, 0x0, 0x7f, 0xfa, 0xd5,
    0x40, 0x1f, 0xfc, 0x12, 0x70, 0xf, 0xff, 0x5d,
    0x88, 0x7, 0xff, 0x6, 0x8, 0x3, 0xff, 0xd4,
    0x30, 0x1, 0xff, 0xc2, 0xe0, 0xf, 0xff, 0x5b,
    0x20, 0x7, 0xff, 0x4, 0xd8, 0x3, 0xff, 0xd7,
    0x20, 0x1f, 0xfc, 0x28, 0x10, 0xf, 0xff, 0x51,
    0x40, 0x7, 0xff, 0x4, 0x6c, 0x3, 0xff, 0xd6,
    0xe4, 0x1, 0xff, 0xc1, 0x54, 0x0, 0xff, 0xf5,
    0xf0, 0x7, 0xff, 0xa, 0x80, 0x3f, 0xfd, 0x66,
    0xe0, 0x1f, 0xfc, 0x11, 0x90, 0xf, 0xff, 0x5c,
    0x10, 0x7, 0xff, 0x5, 0x8c, 0x3, 0xff, 0xd7,
    0x20, 0x1f, 0xfc, 0x2e, 0x0, 0xff, 0xf5, 0xa2,
    0x80, 0x7f, 0xf0, 0x49, 0xc0, 0x3f, 0xfd, 0x76,
    0x20, 0x1f, 0xfc, 0x18, 0x20, 0xf, 0xff, 0x50,
    0xd8, 0x7, 0xff, 0xa, 0x40, 0x3f, 0xfd, 0x6a,
    0x80, 0x1f, 0xfc, 0x14, 0x60, 0xf, 0xff, 0x5d,
    0x0, 0x7f, 0xf0, 0xa0, 0x40, 0x3f, 0xfd, 0x43,
    0x20, 0x1f, 0xfc, 0x11, 0x60, 0xf, 0xff, 0x5b,
    0x18, 0x7, 0xff, 0xeb, 0x80, 0x3f, 0xff, 0x44,
    0xe0, 0x1f, 0xff, 0xa8, 0x20, 0xf, 0xff, 0xd7,
    0x0, 0x7f, 0xfe, 0x8d, 0x80, 0x3f, 0xff, 0x52,
    0x20, 0x1f, 0xff, 0xab, 0x0, 0xff, 0xfd, 0x2a,
    0x80, 0x3f, 0xff, 0x56, 0x20, 0x1f, 0xff, 0x91,
    0x80, 0xf, 0xff, 0xd3, 0x20, 0x7, 0xff, 0xea,
    0x40, 0x3f, 0xff, 0x45, 0x0, 0x1f, 0xff, 0xa7,
    0x20, 0xf, 0xff, 0xd7, 0x0, 0x7f, 0xfe, 0x8d,
    0xc0, 0x3f, 0xff, 0x50, 0x40, 0x1f, 0xff, 0xa9,
    0x0, 0xff, 0xfd, 0x22, 0x80, 0x7f, 0xfe, 0xac,
    0x40, 0x3f, 0xff, 0x23, 0x60, 0x1f, 0xff, 0xa5,
    0x40, 0xf, 0xff, 0xd5, 0x0, 0x7f, 0xf0, 0xc0,

    /* U+004F "O" */
    0x0, 0xff, 0xea, 0x9a, 0xbc, 0xe6, 0xeb, 0xbf,
    0xee, 0xdd, 0x5c, 0xba, 0x90, 0x7, 0xff, 0xc5,
    0x22, 0xff, 0x2a, 0x18, 0xc8, 0x82, 0x1, 0x9,
    0x11, 0x1a, 0x2b, 0x7a, 0xdc, 0xc0, 0x3f, 0xfd,
    0x47, 0x3d, 0x6e, 0x80, 0x1f, 0xfc, 0x81, 0x48,
    0xce, 0x83, 0x0, 0xff, 0xf2, 0xbf, 0x63, 0x8,
    0x7, 0xff, 0x3c, 0x5f, 0x35, 0x80, 0x3f, 0xfc,
    0x2, 0xfd, 0x2, 0x1, 0xff, 0xd5, 0x29, 0xe6,
    0x0, 0xff, 0xee, 0xb7, 0xc0, 0x80, 0x7f, 0xf6,
    0x46, 0x79, 0x40, 0x3f, 0xfb, 0x25, 0x92, 0x20,
    0x1f, 0xfd, 0xd1, 0xab, 0x10, 0xf, 0xfe, 0xb3,
    0xe9, 0x80, 0x7f, 0xf8, 0x53, 0x94, 0x3, 0xff,
    0xa9, 0x50, 0x1, 0xff, 0xe5, 0xa8, 0x0, 0xff,
    0xe8, 0x8e, 0xa8, 0x7, 0xff, 0x9d, 0xec, 0x3,
    0xff, 0x9e, 0x5e, 0x40, 0x1f, 0xfe, 0x94, 0xc0,
    0xf, 0xfe, 0x69, 0x60, 0x80, 0x7f, 0xfa, 0xcf,
    0x0, 0x3f, 0xf9, 0x63, 0x82, 0x1, 0xff, 0xed,
    0x3c, 0x0, 0xff, 0xe5, 0x68, 0x80, 0x7f, 0xf2,
    0x8d, 0xe7, 0x37, 0xbf, 0xdd, 0xcd, 0xa8, 0x51,
    0x0, 0xff, 0xe5, 0x1c, 0x80, 0x7f, 0xf2, 0x28,
    0xc0, 0x3f, 0xf9, 0x9, 0x5d, 0x90, 0xc6, 0x42,
    0x0, 0x11, 0x12, 0xbd, 0x76, 0x38, 0x80, 0x7f,
    0xf2, 0x19, 0x80, 0x1f, 0xfc, 0x67, 0x50, 0xf,
    0xfe, 0x3b, 0x6d, 0xa8, 0x80, 0x7f, 0xf0, 0xce,
    0x3a, 0x88, 0x3, 0xff, 0x8f, 0x26, 0x1, 0xff,
    0xc4, 0x28, 0x0, 0xff, 0xe3, 0x26, 0xc9, 0x0,
    0x7f, 0xf2, 0x57, 0x60, 0x3, 0xff, 0x8f, 0xc0,
    0x1f, 0xfc, 0x4e, 0x0, 0xff, 0xe3, 0x45, 0x90,
    0x7, 0xff, 0x35, 0xf4, 0xc0, 0x3f, 0xf8, 0xa4,
    0xe0, 0x1f, 0xfc, 0x26, 0x30, 0xf, 0xfe, 0x20,
    0xe3, 0x80, 0x7f, 0xf4, 0xb, 0x14, 0x3, 0xff,
    0x8b, 0x4, 0x1, 0xff, 0xc0, 0x19, 0x0, 0xff,
    0xe2, 0xe, 0x18, 0x7, 0xff, 0x4e, 0x98, 0x3,
    0xff, 0x8b, 0x20, 0x1f, 0xfc, 0x9, 0x0, 0xff,
    0xe2, 0xe, 0x10, 0x7, 0xff, 0x56, 0x54, 0x3,
    0xff, 0x88, 0x86, 0x1, 0xfe, 0x17, 0x0, 0xff,
    0xe2, 0x51, 0x0, 0x7f, 0xf5, 0xe8, 0xc0, 0x3f,
    0xf8, 0x90, 0x1, 0xfe, 0x90, 0xf, 0xfe, 0x24,
    0x20, 0x7, 0xff, 0x67, 0x44, 0x3, 0xff, 0x86,
    0x86, 0x1, 0xfc, 0xe0, 0x1f, 0xfc, 0x33, 0x70,
    0xf, 0xfe, 0xd0, 0xd8, 0x7, 0xff, 0x12, 0x40,
    0x3f, 0x30, 0x7, 0xff, 0x13, 0x80, 0x3f, 0xfb,
    0x8a, 0x80, 0x1f, 0xfc, 0x35, 0x10, 0xf, 0xa8,
    0x3, 0xff, 0x86, 0xc4, 0x1, 0xff, 0xdd, 0x80,
    0xf, 0xfe, 0x23, 0x80, 0x78, 0x8c, 0x3, 0xff,
    0x87, 0x0, 0x1f, 0xfd, 0xe3, 0x50, 0xf, 0xfe,
    0x1d, 0x0, 0x7a, 0x80, 0x3f, 0xf8, 0x6c, 0x20,
    0x1f, 0xfd, 0xf9, 0x0, 0xff, 0xe1, 0x99, 0x0,
    0x72, 0x80, 0x7f, 0xf0, 0xe8, 0x3, 0xff, 0xc0,
    0x66, 0x0, 0xff, 0xe1, 0xa8, 0x6, 0x22, 0x0,
    0x7f, 0xf0, 0x8c, 0xc0, 0x1f, 0xfe, 0x1a, 0x0,
    0xff, 0xe1, 0xe0, 0x6, 0x40, 0xf, 0xfe, 0x1d,
    0x80, 0x7f, 0xf8, 0x98, 0x3, 0xff, 0x86, 0x80,
    0x1b, 0x40, 0x3f, 0xf8, 0x6a, 0x1, 0xff, 0xe3,
    0x40, 0xf, 0xfe, 0x1a, 0x0, 0x4a, 0x1, 0xff,
    0xc2, 0x22, 0x0, 0x7f, 0xf8, 0xf4, 0x3, 0xff,
    0x87, 0x80, 0x2, 0x10, 0xf, 0xfe, 0x12, 0x0,
    0x7f, 0xf9, 0x10, 0x3, 0xff, 0x86, 0x60, 0x7,
    0x0, 0xff, 0xe1, 0xf8, 0x7, 0xff, 0x90, 0x84,
    0x3, 0xff, 0x84, 0xa0, 0xd, 0x0, 0xff, 0xe1,
    0xa0, 0x7, 0xff, 0x95, 0x40, 0x3f, 0xf8, 0x42,
    0x20, 0x30, 0xf, 0xfe, 0x19, 0x0, 0x7f, 0xf9,
    0x4c, 0x3, 0xff, 0x86, 0xa0, 0xc0, 0x1f, 0xfc,
    0x22, 0x0, 0xff, 0xf3, 0x68, 0x7, 0xff, 0xc,
    0x80, 0x80, 0x3f, 0xf8, 0x4e, 0x1, 0xff, 0xe6,
    0x60, 0xf, 0xfe, 0x18, 0x88, 0x3, 0xff, 0x86,
    0x40, 0x1f, 0xfe, 0x63, 0x0, 0xff, 0xe1, 0xf1,
    0x80, 0x7f, 0xf0, 0xfc, 0x3, 0xff, 0xec, 0x4c,
    0x1, 0xff, 0xc3, 0x20, 0xf, 0xff, 0x38, 0x80,
    0x7f, 0xf0, 0x9c, 0x40, 0x3f, 0xf8, 0x62, 0x1,
    0xff, 0xe7, 0x20, 0xf, 0xfe, 0x10, 0x98, 0x7,
    0xff, 0xd, 0xc0, 0x3f, 0xfc, 0xee, 0x1, 0xff,
    0xc2, 0x30, 0xf, 0xff, 0xf8, 0x7, 0xf0, 0x80,
    0x7f, 0xf0, 0xc4, 0x3, 0xff, 0xce, 0x20, 0x1f,
    0xfc, 0x21, 0x0, 0xff, 0xff, 0x80, 0x7f, 0xff,
    0xc0, 0x3f, 0xff, 0xe0, 0x1f, 0xfc, 0xf1, 0x0,
    0xff, 0xe1, 0x88, 0x7, 0xff, 0x9c, 0x40, 0x3f,
    0xf8, 0x42, 0x1, 0xff, 0xff, 0x0, 0xfe, 0x30,
    0xf, 0xfe, 0x1b, 0x80, 0x7f, 0xf9, 0xdc, 0x3,
    0xff, 0x84, 0x62, 0x1, 0xff, 0xc3, 0x10, 0xf,
    0xff, 0x38, 0x80, 0x7f, 0xf0, 0x85, 0xc0, 0x3f,
    0xf8, 0x64, 0x1, 0xff, 0xe7, 0x20, 0xf, 0xfe,
    0x13, 0x90, 0x7, 0xff, 0xf, 0xc0, 0x3f, 0xfe,
    0xc4, 0x20, 0x1f, 0xfc, 0x32, 0x0, 0xff, 0xf3,
    0x18, 0x7, 0xff, 0xf, 0x80, 0x40, 0x3f, 0xf8,
    0x4e, 0x1, 0xff, 0xe6, 0x60, 0xf, 0xfe, 0x18,
    0x81, 0x0, 0x7f, 0xf0, 0x88, 0x3, 0xff, 0xcc,
    0x40, 0x1f, 0xfc, 0x32, 0x5, 0x0, 0xff, 0xe1,
    0x90, 0x7, 0xff, 0x97, 0x0, 0x3f, 0xf8, 0x6a,
    0x1e, 0x1, 0xff, 0xc3, 0x40, 0xf, 0xff, 0x2a,
    0x80, 0x7f, 0xf0, 0x84, 0x40, 0xa0, 0x1f, 0xfc,
    0x3f, 0x0, 0xff, 0xf2, 0x10, 0x80, 0x7f, 0xf0,
    0x94, 0x0, 0x60, 0x1f, 0xfc, 0x37, 0x0, 0xff,
    0xf2, 0x20, 0x7, 0xff, 0xc, 0xc0, 0x23, 0x0,
    0xff, 0xe1, 0x9, 0x0, 0x7f, 0xf8, 0xf4, 0x3,
    0xff, 0x87, 0x80, 0x12, 0x0, 0x7f, 0xf0, 0xd4,
    0x3, 0xff, 0xc6, 0x80, 0x1f, 0xfc, 0x34, 0x0,
    0xac, 0x3, 0xff, 0x87, 0x40, 0x1f, 0xfe, 0x25,
    0x0, 0xff, 0xe1, 0x98, 0x6, 0x30, 0xf, 0xfe,
    0x19, 0x18, 0x7, 0xff, 0x86, 0x40, 0x3f, 0xf8,
    0x76, 0x1, 0xca, 0x1, 0xff, 0xc3, 0x90, 0xf,
    0xff, 0x1, 0x18, 0x7, 0xff, 0xd, 0x0, 0x3b,
    0xc0, 0x3f, 0xf8, 0x6a, 0x40, 0x1f, 0xfd, 0xf8,
    0x0, 0xff, 0xe1, 0x91, 0x80, 0x72, 0x88, 0x7,
    0xff, 0xe, 0xc0, 0x3f, 0xfb, 0xc4, 0xa0, 0x1f,
    0xfc, 0x3a, 0x0, 0xf9, 0x80, 0x3f, 0xf8, 0x6c,
    0x40, 0x1f, 0xfd, 0xd9, 0x0, 0xff, 0xe2, 0x30,
    0x7, 0xd4, 0x1, 0xff, 0xc4, 0xe0, 0xf, 0xfe,
    0xe2, 0xa0, 0x7, 0xff, 0xd, 0x4, 0x3, 0xe2,
    0x40, 0xf, 0xfe, 0x19, 0xb0, 0x7, 0xff, 0x68,
    0x6c, 0x3, 0xff, 0x89, 0xe0, 0x1f, 0xd0, 0x1,
    0xff, 0xc4, 0x93, 0x0, 0xff, 0xec, 0xd0, 0x80,
    0x7f, 0xf0, 0xcd, 0x0, 0x3f, 0x8d, 0x0, 0x3f,
    0xf8, 0x9a, 0x20, 0x1f, 0xfd, 0x79, 0x40, 0xf,
    0xfe, 0x24, 0x0, 0x7f, 0xd0, 0x1, 0xff, 0xc4,
    0x1c, 0x10, 0xf, 0xfe, 0xab, 0xb0, 0x7, 0xff,
    0x10, 0xd0, 0x3, 0xfe, 0x36, 0x0, 0xff, 0xe2,
    0x16, 0x8, 0x7, 0xff, 0x4e, 0x20, 0x1, 0xff,
    0xc5, 0xf0, 0xf, 0xfe, 0xc, 0x88, 0x7, 0xff,
    0x10, 0xbd, 0x0, 0x3f, 0xfa, 0x3, 0x6e, 0x1,
    0xff, 0xc5, 0x73, 0x0, 0xff, 0xe1, 0x50, 0x7,
    0xff, 0x14, 0x6e, 0x44, 0x3, 0xff, 0x9a, 0xbe,
    0x80, 0x1f, 0xfc, 0x51, 0x80, 0xf, 0xfe, 0x1a,
    0x28, 0x7, 0xff, 0x19, 0xb9, 0xc0, 0x3f, 0xf9,
    0x49, 0x94, 0x20, 0x1f, 0xfc, 0x6a, 0x0, 0xff,
    0xe2, 0xd1, 0x80, 0x7f, 0xf1, 0xe3, 0xe9, 0x0,
    0x3f, 0xf8, 0x84, 0xfb, 0x66, 0x1, 0xff, 0xc7,
    0x84, 0x0, 0xff, 0xe3, 0x68, 0x80, 0x7f, 0xf2,
    0x16, 0xfe, 0xe1, 0x4c, 0x44, 0x1, 0x9, 0x23,
    0xcf, 0x6c, 0x10, 0x7, 0xff, 0x21, 0x5c, 0x3,
    0xff, 0x8e, 0x3a, 0x1, 0xff, 0xcb, 0x47, 0xac,
    0xee, 0x7f, 0xdd, 0xb7, 0xc, 0x20, 0x1f, 0xfc,
    0xa2, 0xa0, 0xf, 0xfe, 0x49, 0xe0, 0x7, 0xff,
    0xb8, 0xb0, 0x3, 0xff, 0x96, 0x78, 0x1, 0xff,
    0xec, 0x2c, 0x10, 0xf, 0xfe, 0x61, 0xe0, 0x80,
    0x7f, 0xfa, 0x4f, 0x4, 0x3, 0xff, 0x9c, 0x7e,
    0x60, 0x1f, 0xfe, 0x75, 0xc1, 0x0, 0xff, 0xe8,
    0xe, 0x30, 0x7, 0xff, 0x96, 0x68, 0x3, 0xff,
    0xa9, 0x36, 0x40, 0x1f, 0xfe, 0x13, 0xd6, 0x0,
    0xff, 0xeb, 0x26, 0xb8, 0x7, 0xff, 0x7e, 0x70,
    0x80, 0x3f, 0xfb, 0x31, 0xcc, 0x1, 0xff, 0xdb,
    0x7e, 0x60, 0xf, 0xfe, 0xe0, 0xcf, 0x38, 0x7,
    0xff, 0x58, 0x63, 0xe0, 0x40, 0x3f, 0xfb, 0xe3,
    0x1f, 0x4a, 0x1, 0xff, 0xd1, 0x5b, 0xe7, 0x0,
    0xff, 0xf2, 0xad, 0x7d, 0x39, 0x80, 0x7f, 0xf2,
    0x4d, 0xef, 0xe9, 0x0, 0x3f, 0xfd, 0x4b, 0x19,
    0xf9, 0x2e, 0xa6, 0x42, 0x20, 0x8, 0x48, 0x86,
    0xd1, 0x59, 0xf9, 0x8, 0x1, 0xff, 0xd0,

    /* U+0050 "P" */
    0x8f, 0xff, 0xfe, 0xa7, 0x75, 0xb7, 0x50, 0xe8,
    0x20, 0x1f, 0xfe, 0xc1, 0x18, 0x91, 0x5e, 0x2f,
    0xb9, 0x6e, 0x60, 0x1f, 0xff, 0x21, 0x48, 0xce,
    0x92, 0x0, 0xff, 0xf9, 0x8b, 0x6e, 0x28, 0x7,
    0xff, 0xd0, 0xeb, 0x54, 0x3, 0xff, 0xe8, 0x55,
    0x64, 0x1, 0xff, 0xf4, 0x4d, 0x50, 0xf, 0xff,
    0xad, 0x40, 0x7, 0xff, 0xd5, 0xe4, 0x3, 0xff,
    0xea, 0xce, 0x1, 0xff, 0xf5, 0x85, 0x0, 0xff,
    0xfa, 0xd8, 0x80, 0x7f, 0xf1, 0xd1, 0xdf, 0xff,
    0x8c, 0xc8, 0x62, 0x1, 0xff, 0xca, 0x1b, 0x0,
    0xff, 0xe3, 0xec, 0x47, 0xff, 0x1a, 0x6f, 0x3b,
    0x96, 0xe4, 0x1, 0xff, 0xc7, 0x53, 0x0, 0xff,
    0xee, 0x8a, 0x46, 0xe3, 0x0, 0x7f, 0xf1, 0xa0,
    0x3, 0xff, 0xc2, 0x73, 0xa6, 0x1, 0xff, 0xc4,
    0x41, 0x0, 0xff, 0xf1, 0x16, 0x30, 0x7, 0xff,
    0x11, 0x80, 0x3f, 0xfc, 0x92, 0xc0, 0x1f, 0xfc,
    0x3b, 0x0, 0xff, 0xf2, 0xc9, 0x0, 0x7f, 0xf0,
    0x8c, 0x3, 0xff, 0xcd, 0x20, 0x1f, 0xfc, 0x34,
    0x0, 0xff, 0xf2, 0xa1, 0x0, 0x7f, 0xf0, 0x8c,
    0x3, 0xff, 0xcc, 0xa0, 0x1f, 0xfc, 0x2d, 0x0,
    0xff, 0xf3, 0x68, 0x7, 0xff, 0x9, 0x80, 0x3f,
    0xfc, 0xc8, 0x1, 0xff, 0xc2, 0x20, 0xf, 0xff,
    0x30, 0x80, 0x7f, 0xf0, 0x84, 0x3, 0xff, 0xce,
    0x20, 0x1f, 0xff, 0x53, 0x0, 0xff, 0xe1, 0x8,
    0x7, 0xff, 0x98, 0x40, 0x3f, 0xff, 0xe0, 0x1f,
    0xfe, 0xc1, 0x0, 0xff, 0xe1, 0x8, 0x7, 0xff,
    0x98, 0xc0, 0x3f, 0xfe, 0xa2, 0x1, 0xff, 0xc1,
    0x10, 0xf, 0xff, 0x31, 0x80, 0x7f, 0xf0, 0x88,
    0x3, 0xff, 0xcc, 0x80, 0x1f, 0xfc, 0x26, 0x0,
    0xff, 0xf3, 0x60, 0x7, 0xff, 0xb, 0x40, 0x3f,
    0xfc, 0xa2, 0x80, 0x1f, 0xfc, 0x23, 0x0, 0xff,
    0xf2, 0xc8, 0x7, 0xff, 0xd, 0x40, 0x3f, 0xfc,
    0x86, 0xe0, 0x1f, 0xfc, 0x23, 0x10, 0xf, 0xff,
    0x18, 0xe8, 0x7, 0xff, 0xd, 0x0, 0x3f, 0xfc,
    0x65, 0x82, 0x1, 0xff, 0xc3, 0xa0, 0xf, 0xff,
    0x13, 0x69, 0x0, 0x7f, 0xf0, 0xc8, 0x80, 0x1f,
    0xfd, 0xf1, 0x6d, 0x90, 0xf, 0xfe, 0x2d, 0x80,
    0x7f, 0xf7, 0x4, 0xde, 0xfa, 0x48, 0x3, 0xff,
    0x8a, 0x4c, 0x1, 0xff, 0xc6, 0xaa, 0xff, 0xe3,
    0xde, 0xf7, 0x32, 0x10, 0x3, 0xff, 0x91, 0x0,
    0x1f, 0xfc, 0x73, 0x55, 0xff, 0xe3, 0x21, 0x8,
    0x7, 0xff, 0x2d, 0x54, 0x1, 0xff, 0xf3, 0x1b,
    0x0, 0xff, 0xfa, 0x60, 0x80, 0x7f, 0xfc, 0xec,
    0x80, 0x3f, 0xfe, 0x43, 0x88, 0x1, 0xff, 0xf2,
    0x3c, 0x30, 0xf, 0xff, 0x93, 0xe1, 0x0, 0x7f,
    0xfc, 0x57, 0x60, 0x3, 0xff, 0xe2, 0xb9, 0x44,
    0x1, 0xff, 0xef, 0x28, 0xea, 0x30, 0xf, 0xff,
    0x68, 0xa4, 0xee, 0x9c, 0x40, 0x3f, 0xfc, 0xc2,
    0x22, 0x45, 0x79, 0xbe, 0xe5, 0xb1, 0x0, 0x7f,
    0xf5, 0xa7, 0xff, 0xff, 0x8d, 0xdc, 0xdb, 0xa8,
    0x64, 0x10, 0xf, 0xff, 0xf8, 0x7, 0xff, 0xfc,
    0x3, 0xff, 0xfe, 0x1, 0xff, 0xff, 0x0, 0xff,
    0xff, 0x80, 0x7f, 0xff, 0xc0, 0x3f, 0xff, 0xe0,
    0x1f, 0xff, 0xf0, 0xf, 0xff, 0xf8, 0x7, 0xff,
    0xfc, 0x3, 0xff, 0xfe, 0x1, 0xff, 0xff, 0x0,
    0xff, 0xff, 0x80, 0x7f, 0xff, 0xc0, 0x3f, 0xff,
    0xe0, 0x1f, 0xff, 0xf0, 0xf, 0xff, 0xf8, 0x7,
    0xff, 0xfc, 0x3, 0xff, 0xfe, 0x1, 0xff, 0xff,
    0x0, 0xff, 0xff, 0x80, 0x7f, 0xff, 0xc0, 0x3f,
    0xff, 0xe0, 0x1f, 0xff, 0xf0, 0xf, 0xff, 0xf8,
    0x7, 0xff, 0xfc, 0x3, 0xff, 0xfe, 0x1, 0xff,
    0xff, 0x0, 0xff, 0xeb, 0x80,

    /* U+0051 "Q" */
    0x0, 0xff, 0xea, 0x9a, 0xbd, 0x66, 0xeb, 0xbf,
    0xee, 0xdd, 0x5c, 0xba, 0x98, 0x7, 0xff, 0xc5,
    0x23, 0x3f, 0x2a, 0x14, 0xc8, 0x82, 0x1, 0x9,
    0x11, 0x1a, 0x2b, 0x3e, 0xdc, 0xc0, 0x3f, 0xfd,
    0x49, 0x3f, 0x6e, 0x60, 0x1f, 0xfc, 0x94, 0x8c,
    0xe9, 0x30, 0xf, 0xff, 0x2b, 0xf5, 0xb0, 0x7,
    0xff, 0x40, 0x5b, 0x35, 0x80, 0x3f, 0xfc, 0x2f,
    0xd0, 0x20, 0x1f, 0xfd, 0x52, 0x9e, 0x70, 0xf,
    0xfe, 0xeb, 0x74, 0x8, 0x7, 0xff, 0x64, 0x63,
    0x94, 0x3, 0xff, 0xb2, 0x59, 0x22, 0x1, 0xff,
    0xdd, 0x1a, 0xb2, 0x0, 0xff, 0xeb, 0x3e, 0x98,
    0x7, 0xff, 0x85, 0x35, 0x80, 0x3f, 0xfa, 0x95,
    0x0, 0x1f, 0xfe, 0x59, 0x90, 0x7, 0xff, 0x44,
    0x75, 0x40, 0x3f, 0xfc, 0xed, 0x62, 0x1, 0xff,
    0xce, 0x2f, 0x20, 0xf, 0xff, 0x4a, 0x68, 0x80,
    0x7f, 0xf3, 0xb, 0x4, 0x3, 0xff, 0xd6, 0x7a,
    0x1, 0xff, 0xcb, 0x2c, 0x10, 0xf, 0xff, 0x69,
    0xe0, 0x7, 0xff, 0x2b, 0xc4, 0x3, 0xff, 0x94,
    0x6f, 0x37, 0xbd, 0xff, 0x76, 0xdc, 0x30, 0x80,
    0x7f, 0xf2, 0x8e, 0x80, 0x3f, 0xf9, 0x14, 0x40,
    0x1f, 0xfc, 0x84, 0xaf, 0xc8, 0x64, 0x21, 0x0,
    0x84, 0x91, 0xe7, 0xb6, 0x8, 0x3, 0xff, 0x90,
    0xac, 0x1, 0xff, 0xc6, 0x75, 0x0, 0xff, 0xe3,
    0xb7, 0x5a, 0x80, 0x7f, 0xf1, 0x9, 0xf6, 0xcc,
    0x3, 0xff, 0x8f, 0x26, 0x1, 0xff, 0xc4, 0x28,
    0x0, 0xff, 0xe3, 0x26, 0xc8, 0x80, 0x7f, 0xf2,
    0x53, 0x24, 0x40, 0x3f, 0xf8, 0xdc, 0x1, 0xff,
    0xc4, 0xe0, 0xf, 0xfe, 0x34, 0xd9, 0x0, 0x7f,
    0xf3, 0x5b, 0xd0, 0x3, 0xff, 0x8a, 0x4e, 0x1,
    0xff, 0xc2, 0x73, 0x0, 0xff, 0xe2, 0xe, 0xb0,
    0x7, 0xff, 0x40, 0x6d, 0xc0, 0x3f, 0xf8, 0xb0,
    0x40, 0x1f, 0xfc, 0x1, 0x80, 0xf, 0xfe, 0x20,
    0xe1, 0x0, 0x7f, 0xf4, 0xe1, 0xc0, 0x3f, 0xf8,
    0xb2, 0x1, 0xff, 0xc0, 0x80, 0xf, 0xfe, 0x20,
    0xe1, 0x0, 0x7f, 0xf5, 0x61, 0xc0, 0x3f, 0xf8,
    0x88, 0x60, 0x1f, 0xe1, 0x60, 0xf, 0xfe, 0x26,
    0x90, 0x7, 0xff, 0x5e, 0x10, 0x3, 0xff, 0x89,
    0x0, 0x1f, 0xe8, 0x0, 0xff, 0xe2, 0x41, 0x80,
    0x7f, 0xf6, 0x6c, 0x40, 0x3f, 0xf8, 0x68, 0x60,
    0x1f, 0x85, 0x80, 0x3f, 0xf8, 0x66, 0xe0, 0x1f,
    0xfd, 0xba, 0x0, 0xff, 0xe2, 0x48, 0x7, 0xe7,
    0x0, 0xff, 0xe2, 0x70, 0x7, 0xff, 0x71, 0x14,
    0x3, 0xff, 0x86, 0xa0, 0x1f, 0xa8, 0x3, 0xff,
    0x86, 0xc4, 0x1, 0xff, 0xdd, 0x80, 0xf, 0xfe,
    0x23, 0x0, 0x78, 0xcc, 0x1, 0xff, 0xc3, 0xb0,
    0xf, 0xfe, 0xf1, 0x30, 0x7, 0xff, 0xe, 0x80,
    0x3d, 0x40, 0x1f, 0xfc, 0x35, 0x20, 0xf, 0xfe,
    0xfd, 0x80, 0x7f, 0xf0, 0xcc, 0x80, 0x39, 0x0,
    0x3f, 0xf8, 0x72, 0x1, 0xff, 0xe0, 0x24, 0x0,
    0xff, 0xe1, 0xa0, 0x6, 0x22, 0x0, 0x7f, 0xf0,
    0x88, 0xc0, 0x3f, 0xfc, 0x3c, 0x1, 0xff, 0xc3,
    0xd0, 0xc, 0x80, 0x1f, 0xfc, 0x3a, 0x0, 0xff,
    0xf1, 0x28, 0x7, 0xff, 0xd, 0x0, 0x36, 0x80,
    0x7f, 0xf0, 0xd0, 0x3, 0xff, 0xc6, 0x80, 0x1f,
    0xfc, 0x34, 0x0, 0x90, 0x3, 0xff, 0x84, 0x26,
    0x1, 0xff, 0xe3, 0xd0, 0xf, 0xfe, 0x19, 0x80,
    0x8, 0x3, 0xff, 0x86, 0x80, 0x1f, 0xfe, 0x44,
    0x0, 0xff, 0xe1, 0xe8, 0x1, 0xc0, 0x3f, 0xf8,
    0x78, 0x1, 0xff, 0xe4, 0x21, 0x0, 0xff, 0xe1,
    0x20, 0x3, 0x40, 0x3f, 0xf8, 0x6a, 0x1, 0xff,
    0xe5, 0x50, 0xf, 0xfe, 0x10, 0x88, 0xc, 0x3,
    0xff, 0x86, 0x60, 0x1f, 0xfe, 0x5c, 0x0, 0xff,
    0xe1, 0xa8, 0x30, 0x7, 0xff, 0x8, 0x80, 0x3f,
    0xfc, 0xc4, 0x1, 0xff, 0xc3, 0x10, 0x20, 0xf,
    0xfe, 0x13, 0x0, 0x7f, 0xf9, 0x98, 0x3, 0xff,
    0x86, 0x42, 0x1, 0xff, 0xc3, 0x30, 0xf, 0xff,
    0x31, 0x80, 0x7f, 0xf0, 0xf8, 0xc0, 0x3f, 0xf8,
    0x7e, 0x1, 0xff, 0xf6, 0x26, 0x0, 0xff, 0xe1,
    0x90, 0x7, 0xff, 0x9c, 0x80, 0x3f, 0xf8, 0x4e,
    0x20, 0x1f, 0xfc, 0x31, 0x0, 0xff, 0xf3, 0x88,
    0x7, 0xff, 0x8, 0x4c, 0x3, 0xff, 0x86, 0xe0,
    0x1f, 0xfe, 0x77, 0x0, 0xff, 0xe1, 0x18, 0x7,
    0xff, 0xfc, 0x3, 0xf8, 0x40, 0x3f, 0xf8, 0x62,
    0x1, 0xff, 0xe7, 0x10, 0xf, 0xfe, 0x10, 0x80,
    0x7f, 0xff, 0xc0, 0x3f, 0xff, 0xe0, 0x1f, 0xff,
    0xf0, 0xf, 0xfe, 0x78, 0x80, 0x7f, 0xf0, 0xc4,
    0x3, 0xff, 0xce, 0x20, 0x1f, 0xfc, 0x21, 0x0,
    0xff, 0xff, 0x80, 0x7f, 0x18, 0x7, 0xff, 0xd,
    0xc0, 0x3f, 0xfc, 0xee, 0x1, 0xff, 0xc2, 0x31,
    0x0, 0xff, 0xe1, 0x88, 0x7, 0xff, 0x9c, 0x40,
    0x3f, 0xf8, 0x42, 0xe0, 0x1f, 0xfc, 0x33, 0x0,
    0xff, 0xf3, 0x98, 0x7, 0xff, 0x9, 0xc8, 0x3,
    0xff, 0x87, 0xc0, 0x1f, 0xfe, 0x71, 0x0, 0xff,
    0xe1, 0x10, 0x80, 0x7f, 0xf0, 0xc8, 0x3, 0xff,
    0xcc, 0x40, 0x1f, 0xfc, 0x3e, 0x1, 0x0, 0xff,
    0xe1, 0x30, 0x7, 0xff, 0x99, 0x80, 0x3f, 0xf8,
    0x62, 0x4, 0x1, 0xff, 0xc2, 0x20, 0xf, 0xfe,
    0xba, 0x0, 0x7f, 0xf0, 0x8c, 0x3, 0xff, 0x86,
    0x40, 0xa0, 0x1f, 0xfc, 0x21, 0x10, 0x7, 0xff,
    0x50, 0x72, 0xd0, 0x3, 0xff, 0x83, 0xa0, 0x1f,
    0xfc, 0x35, 0xf, 0x0, 0xff, 0xe1, 0xa8, 0x7,
    0xff, 0x4c, 0xfc, 0xc2, 0x88, 0x3, 0xff, 0x80,
    0xe0, 0x1f, 0xfc, 0x21, 0x10, 0x28, 0x7, 0xff,
    0xf, 0x0, 0x3f, 0xfa, 0x4b, 0x82, 0x0, 0x1f,
    0x0, 0xff, 0x84, 0x80, 0x3f, 0xf8, 0x4a, 0x0,
    0x30, 0xf, 0xfe, 0x19, 0x80, 0x7f, 0xf4, 0x5e,
    0x80, 0x38, 0xa8, 0x3, 0xfc, 0x80, 0x1f, 0xfc,
    0x33, 0x0, 0x8c, 0x3, 0xff, 0x84, 0x80, 0x1f,
    0xfd, 0xa, 0x80, 0xf, 0x95, 0xc0, 0x3f, 0xb0,
    0x3, 0xff, 0x87, 0xa0, 0x12, 0x0, 0x7f, 0xf0,
    0xd4, 0x3, 0xff, 0x9a, 0x38, 0xa0, 0x1f, 0xd0,
    0xa0, 0x1f, 0x9c, 0x3, 0xff, 0x86, 0x80, 0x15,
    0x80, 0x7f, 0xf0, 0xfc, 0x3, 0xff, 0x98, 0x58,
    0x60, 0x1f, 0xf5, 0x10, 0x7, 0x90, 0x40, 0x3f,
    0xf8, 0x46, 0x20, 0x11, 0x88, 0x7, 0xff, 0x9,
    0x44, 0x3, 0xff, 0x97, 0x24, 0x1, 0xff, 0xc1,
    0xf1, 0x0, 0xee, 0x0, 0xff, 0xe1, 0xd8, 0x7,
    0x20, 0x7, 0xff, 0xd, 0x80, 0x3f, 0xf9, 0x74,
    0x20, 0x1f, 0xfc, 0x12, 0xa0, 0xc, 0x2a, 0x1,
    0xff, 0xc3, 0x50, 0xe, 0xe0, 0xf, 0xfe, 0x1d,
    0x0, 0x7f, 0xf2, 0xc7, 0x40, 0x3f, 0xf8, 0x49,
    0x20, 0x14, 0x80, 0x7f, 0xf0, 0xc8, 0x80, 0x1c,
    0x82, 0x1, 0xff, 0xc2, 0x25, 0x0, 0xff, 0xe5,
    0x9c, 0x80, 0x7f, 0xf0, 0x99, 0x80, 0x2e, 0x1,
    0xff, 0xc3, 0xa0, 0xf, 0x98, 0x3, 0xff, 0x87,
    0x0, 0x1f, 0xfc, 0xc6, 0x60, 0x7, 0xff, 0xa,
    0x4e, 0xc0, 0x3f, 0xf8, 0x8c, 0x1, 0xf5, 0x0,
    0x7f, 0xf0, 0xc9, 0xc0, 0x3f, 0xf9, 0x92, 0x80,
    0x1f, 0xfc, 0x2d, 0x50, 0xf, 0xfe, 0x1a, 0x88,
    0x7, 0xc4, 0x80, 0x1f, 0xfc, 0x38, 0x30, 0xf,
    0xfe, 0x65, 0x10, 0x7, 0xff, 0x4, 0x40, 0x3f,
    0xf8, 0x92, 0x1, 0xfd, 0x0, 0x1f, 0xfc, 0x4e,
    0x0, 0xff, 0xe6, 0xf, 0x80, 0x7f, 0xf4, 0x50,
    0xc0, 0x3f, 0x8d, 0x0, 0x3f, 0xf8, 0x65, 0x60,
    0x1f, 0xfc, 0xc2, 0xb0, 0xf, 0xfe, 0x84, 0x0,
    0x7f, 0xd0, 0x1, 0xff, 0xc4, 0x49, 0x0, 0xff,
    0xe6, 0x24, 0x0, 0x7f, 0xf3, 0x94, 0xc0, 0x3f,
    0xe3, 0x60, 0xf, 0xfe, 0x23, 0x58, 0x7, 0xff,
    0x31, 0xd4, 0x3, 0xff, 0x9b, 0x0, 0x1f, 0xfc,
    0x18, 0x10, 0xf, 0xfe, 0x22, 0x61, 0x0, 0x7f,
    0xf2, 0xe8, 0xc0, 0x3f, 0xf9, 0x72, 0x40, 0x1f,
    0xfc, 0x11, 0xb0, 0xf, 0xfe, 0x29, 0xeb, 0x80,
    0x7f, 0xf2, 0xf4, 0x40, 0x3f, 0xf9, 0x26, 0xc0,
    0x1f, 0xfc, 0x35, 0x50, 0x7, 0xff, 0x1a, 0x39,
    0x80, 0x3f, 0xf9, 0x23, 0x40, 0x1f, 0xfc, 0x9e,
    0x0, 0xff, 0xe2, 0xd1, 0x0, 0x7f, 0xf1, 0x86,
    0x7a, 0x4c, 0x3, 0xff, 0x8a, 0x53, 0x60, 0x1f,
    0xfc, 0x8b, 0x20, 0xf, 0xfe, 0x37, 0x80, 0x7f,
    0xf2, 0x5, 0xb3, 0xa9, 0xd0, 0x80, 0x3f, 0xa,
    0x46, 0xe9, 0x80, 0x3f, 0xf9, 0x12, 0x80, 0x1f,
    0xfc, 0x72, 0xb0, 0xf, 0xfe, 0x50, 0xac, 0x5e,
    0xff, 0x6e, 0x65, 0xbd, 0xcb, 0x72, 0x0, 0xff,
    0xe4, 0xb3, 0x0, 0x3f, 0xf9, 0x29, 0x40, 0x1f,
    0xfc, 0xf1, 0x23, 0x38, 0x84, 0x3, 0xff, 0x9a,
    0x40, 0x1f, 0xfc, 0xb5, 0xa0, 0xf, 0xff, 0x72,
    0x48, 0x7, 0xff, 0x2d, 0x6c, 0x3, 0xff, 0xdc,
    0xcc, 0x0, 0xff, 0xe5, 0xa6, 0x90, 0x7, 0xff,
    0xb6, 0x4c, 0x3, 0xff, 0x96, 0x5a, 0xa0, 0x1f,
    0xfe, 0xdd, 0x20, 0xf, 0xfe, 0x65, 0x50, 0x40,
    0x3f, 0xfd, 0x63, 0xe0, 0x1f, 0xfc, 0xd5, 0xf6,
    0x0, 0xff, 0xf5, 0x95, 0x0, 0x7f, 0xf3, 0x46,
    0x75, 0x40, 0x3f, 0xfb, 0x44, 0xe0, 0x1f, 0xfc,
    0x25, 0x80, 0xf, 0xfe, 0x71, 0x56, 0xb0, 0x7,
    0xff, 0x59, 0x2b, 0x62, 0x0, 0x1f, 0xfc, 0x27,
    0x50, 0xf, 0xfe, 0x79, 0x4f, 0xd2, 0x0, 0x7f,
    0xf4, 0xa, 0x36, 0xd4, 0x0, 0xea, 0x1, 0xff,
    0xc2, 0xa3, 0x0, 0xff, 0xe8, 0xad, 0xf5, 0x31,
    0x80, 0x7f, 0xf2, 0x5, 0x67, 0x74, 0xe4, 0x1,
    0xd4, 0x60, 0x1f, 0xfc, 0x2d, 0x10, 0xf, 0xfe,
    0x90, 0xac, 0xe7, 0xe4, 0xba, 0x99, 0x8, 0x80,
    0x30, 0x92, 0x34, 0x57, 0x72, 0x98, 0x80, 0x3f,
    0xb4, 0x40, 0x3f, 0xf8, 0x23, 0xa0, 0x1f, 0xfd,
    0x73, 0x68, 0xac, 0xde, 0xe7, 0xfe, 0xed, 0xb9,
    0x75, 0x10, 0xf, 0xfe, 0x8, 0xe8, 0x7, 0xff,
    0x8, 0xe4, 0x3, 0xff, 0xee, 0x74, 0x1, 0xff,
    0xc2, 0x30, 0xf, 0xff, 0xc2, 0xb8, 0x7, 0xff,
    0x1, 0xe8, 0x3, 0xff, 0xf3, 0x8, 0x1, 0xfe,
    0x98, 0x0, 0xff, 0xfd, 0xd1, 0x0, 0x7e, 0xb6,
    0x0, 0xff, 0xfe, 0xf, 0x80, 0x78, 0x75, 0x0,
    0x3f, 0xff, 0xc5, 0x60, 0x18, 0xfc, 0x80, 0x3f,
    0xff, 0xe0, 0x90, 0x0, 0x4c, 0x10, 0xf, 0xff,
    0xf8, 0x4, 0xea, 0xd6, 0x1, 0xff, 0xff, 0x0,
    0xf5, 0x48, 0x7, 0xf0,

    /* U+0052 "R" */
    0x8f, 0xff, 0xfe, 0xa7, 0x73, 0x72, 0xa5, 0xd4,
    0x80, 0x3f, 0xfe, 0x2, 0x22, 0x35, 0x68, 0xad,
    0xfc, 0x94, 0x0, 0xff, 0xfb, 0x1b, 0x5f, 0xd2,
    0x0, 0x7f, 0xfd, 0xd6, 0xf5, 0xc0, 0x3f, 0xfe,
    0xe5, 0x1c, 0xe0, 0x1f, 0xff, 0x71, 0x8e, 0x40,
    0xf, 0xff, 0xb8, 0xdc, 0x80, 0x7f, 0xfe, 0x1b,
    0x4, 0x3, 0xff, 0xee, 0x78, 0x20, 0x1f, 0xff,
    0x72, 0xc1, 0x0, 0xff, 0xfb, 0x96, 0x80, 0x7f,
    0xfe, 0xe, 0x0, 0x3f, 0xf9, 0x68, 0xef, 0xff,
    0xc5, 0x65, 0x31, 0x0, 0xff, 0xe5, 0xb9, 0x80,
    0x7f, 0xf2, 0xb6, 0x23, 0xff, 0x8b, 0x35, 0x9d,
    0xf9, 0x6, 0x1, 0xff, 0xc8, 0xf0, 0xf, 0xff,
    0x9, 0xbe, 0x6b, 0x80, 0x7f, 0xf1, 0x8d, 0x40,
    0x3f, 0xfc, 0x65, 0x1c, 0xa0, 0x1f, 0xfc, 0x59,
    0x0, 0xff, 0xf2, 0x8d, 0x48, 0x7, 0xff, 0x10,
    0xc8, 0x3, 0xff, 0xcc, 0xd4, 0x1, 0xff, 0xc4,
    0xa0, 0xf, 0xff, 0x3a, 0xb0, 0x7, 0xff, 0xd,
    0x0, 0x3f, 0xfd, 0x12, 0x20, 0x1f, 0xfc, 0x23,
    0x10, 0xf, 0xff, 0x43, 0x0, 0x7f, 0xf0, 0xd4,
    0x3, 0xff, 0xd1, 0x60, 0x1f, 0xfc, 0x33, 0x0,
    0xff, 0xf4, 0x18, 0x7, 0xff, 0xf, 0x80, 0x3f,
    0xfd, 0x28, 0x1, 0xff, 0xc2, 0x20, 0xf, 0xff,
    0x48, 0x80, 0x7f, 0xf0, 0x9c, 0x3, 0xff, 0xd2,
    0x60, 0x1f, 0xfc, 0x21, 0x0, 0xff, 0xf4, 0x88,
    0x7, 0xff, 0xe0, 0x40, 0x3f, 0xf8, 0x42, 0x1,
    0xff, 0xe9, 0x30, 0xf, 0xff, 0xc0, 0x80, 0x7f,
    0xf0, 0x9c, 0x3, 0xff, 0xd2, 0xa0, 0x1f, 0xfc,
    0x22, 0x0, 0xff, 0xf4, 0x8, 0x80, 0x3f, 0xf8,
    0x5c, 0x1, 0xff, 0xe8, 0x40, 0xf, 0xfe, 0x19,
    0x80, 0x7f, 0xfa, 0x3c, 0x3, 0xff, 0x86, 0xa0,
    0x1f, 0xfe, 0x72, 0x50, 0xf, 0xfe, 0x10, 0x88,
    0x3, 0xff, 0xcf, 0x20, 0x1f, 0xfc, 0x37, 0x0,
    0xff, 0xf3, 0xba, 0x0, 0x7f, 0xf0, 0xf4, 0x3,
    0xff, 0xcc, 0xd0, 0x1, 0xff, 0xc4, 0x40, 0xf,
    0xff, 0x20, 0xd4, 0x80, 0x7f, 0xf1, 0x1c, 0x3,
    0xff, 0xc6, 0x51, 0xca, 0x1, 0xff, 0xc5, 0x90,
    0xf, 0xfe, 0xf9, 0x24, 0x66, 0xb8, 0x7, 0xff,
    0x19, 0xc4, 0x3, 0xff, 0x93, 0x79, 0x9f, 0xfc,
    0x6d, 0xef, 0xdb, 0x73, 0x0, 0xff, 0xe3, 0x8c,
    0x0, 0x7f, 0xf2, 0x88, 0xcf, 0xff, 0x8c, 0x42,
    0x1, 0xff, 0xcc, 0xa0, 0xf, 0xff, 0xbc, 0x20,
    0x7, 0xff, 0xd9, 0x9c, 0x3, 0xff, 0xec, 0xf2,
    0x1, 0xff, 0xf6, 0x98, 0x0, 0xff, 0xfa, 0x96,
    0x30, 0x7, 0xff, 0xd5, 0xf4, 0xc0, 0x3f, 0xfe,
    0x8b, 0xb0, 0x1, 0xff, 0xf5, 0x6a, 0x20, 0xf,
    0xff, 0xb3, 0x80, 0x7f, 0xfe, 0x5, 0xc0, 0x3f,
    0xfd, 0x2, 0x1, 0xff, 0xc3, 0x90, 0xf, 0xfe,
    0xa4, 0xff, 0xff, 0xf1, 0xfa, 0x80, 0x3f, 0xf8,
    0x42, 0xc0, 0x1f, 0xfe, 0x85, 0x20, 0xf, 0xfe,
    0x15, 0x80, 0x7f, 0xfa, 0x6c, 0x3, 0xff, 0x84,
    0x4a, 0x1, 0xff, 0xe8, 0x61, 0x0, 0xff, 0xe1,
    0x40, 0x7, 0xff, 0xa5, 0x80, 0x3f, 0xf8, 0x44,
    0xa0, 0x1f, 0xfe, 0x89, 0x0, 0xff, 0xe1, 0xc8,
    0x7, 0xff, 0xa0, 0x58, 0x3, 0xff, 0x84, 0x68,
    0x1, 0xff, 0xe8, 0xb0, 0xf, 0xfe, 0x1f, 0x80,
    0x7f, 0xfa, 0x9, 0x0, 0x3f, 0xf8, 0x48, 0x60,
    0x1f, 0xfe, 0x88, 0x0, 0xff, 0xe1, 0xc0, 0x7,
    0xff, 0xa0, 0xcc, 0x1, 0xff, 0xc2, 0x42, 0x0,
    0xff, 0xf4, 0x48, 0x7, 0xff, 0xe, 0x0, 0x3f,
    0xfd, 0xa, 0x40, 0x1f, 0xfc, 0x25, 0x20, 0xf,
    0xff, 0x45, 0x80, 0x7f, 0xf0, 0xec, 0x3, 0xff,
    0xd0, 0xc2, 0x1, 0xff, 0xc2, 0x61, 0x0, 0xff,
    0xf4, 0x30, 0x7, 0xff, 0xe, 0x0, 0x3f, 0xfd,
    0x12, 0x1, 0xff, 0xc3, 0x61, 0x0, 0xff, 0xf3,
    0x8b, 0x0, 0x7f, 0xf0, 0xe4, 0x3, 0xff, 0xd1,
    0x60, 0x1f, 0xfc, 0x37, 0x0, 0xff, 0xf4, 0x12,
    0x0, 0x7f, 0xf0, 0xdc, 0x3, 0xff, 0xd1, 0x0,
    0x1f, 0xfc, 0x39, 0x0, 0xff, 0xf4, 0x19, 0x80,
    0x3f, 0xf8, 0x42, 0xc0, 0x1f, 0xfe, 0x89, 0x0,
    0xff, 0xe1, 0xc0, 0x7, 0xff, 0xa1, 0x48, 0x3,
    0xff, 0x84, 0x2c, 0x1, 0xff, 0xe8, 0xb0, 0xf,
    0xfe, 0x1d, 0x80, 0x7f, 0xfa, 0x18, 0x40, 0x3f,
    0xf8, 0x44, 0xa0, 0x1f, 0xfe, 0x89, 0x0, 0xff,
    0xe1, 0xc0, 0x7, 0xff, 0xa1, 0x80, 0x3f, 0xf8,
    0x64, 0x80, 0x1f, 0xfe, 0x71, 0x60, 0xf, 0xfe,
    0x1c, 0x0, 0x7f, 0xfa, 0x2c, 0x3, 0xff, 0x86,
    0x66, 0x0, 0xff, 0xf3, 0x92, 0x80, 0x7f, 0xf0,
    0xe0, 0x3, 0xff, 0xd1, 0x20, 0x1f, 0xfc, 0x34,
    0x30, 0xf, 0xff, 0x39, 0x98, 0x3, 0xff, 0x87,
    0x20, 0x1f, 0xfe, 0x88, 0x0, 0xff, 0xe1, 0xa9,
    0x0, 0x7f, 0xf9, 0xd0, 0x80, 0x3f, 0xf8, 0x70,

    /* U+0053 "S" */
    0x0, 0xff, 0xe6, 0x8a, 0x34, 0xd6, 0x6f, 0x73,
    0xff, 0x77, 0x36, 0xea, 0x18, 0xc0, 0x3f, 0xfc,
    0x64, 0xf5, 0xdc, 0xb9, 0x65, 0x32, 0x11, 0x0,
    0x61, 0x11, 0x22, 0xbc, 0xe7, 0xed, 0x28, 0x80,
    0x7f, 0xf6, 0xce, 0x7b, 0x61, 0x44, 0x3, 0xff,
    0x94, 0x4b, 0x5d, 0x8c, 0x1, 0xff, 0xd7, 0x6d,
    0xc6, 0x10, 0xf, 0xfe, 0x91, 0xcf, 0xc8, 0x80,
    0x7f, 0xf4, 0x9b, 0xa4, 0x80, 0x3f, 0xfb, 0xd,
    0xd2, 0x20, 0x1f, 0xfc, 0xe3, 0xd9, 0x10, 0xf,
    0xfe, 0xe3, 0x73, 0x0, 0x7f, 0xf3, 0x23, 0x8,
    0x3, 0xff, 0xc1, 0x38, 0x20, 0x1f, 0xfc, 0x81,
    0xb7, 0x0, 0xff, 0xf1, 0x9f, 0x98, 0x7, 0xff,
    0x18, 0x71, 0x0, 0x3f, 0xfc, 0xa3, 0x86, 0x1,
    0xff, 0xc4, 0x1c, 0x20, 0xf, 0xff, 0x46, 0x18,
    0x7, 0xff, 0xf, 0x48, 0x3, 0xff, 0xd5, 0xa2,
    0x1, 0xff, 0xc1, 0xa3, 0x0, 0xff, 0xf5, 0x8e,
    0x80, 0x7f, 0xf0, 0x15, 0x40, 0x1f, 0xfc, 0xb2,
    0x45, 0x67, 0x7c, 0xca, 0x62, 0x1, 0xff, 0xca,
    0x37, 0x0, 0xff, 0xac, 0x3, 0xff, 0x8e, 0x2d,
    0x5b, 0xfb, 0x75, 0x31, 0x1a, 0x6b, 0x3b, 0x96,
    0xe4, 0x1, 0xff, 0xc7, 0x82, 0x0, 0xfe, 0x81,
    0x0, 0xff, 0xe2, 0xa5, 0xf4, 0xa9, 0x0, 0x7f,
    0xf0, 0x45, 0x23, 0x6d, 0x0, 0x3f, 0xf8, 0xd0,
    0x1, 0xfc, 0xc0, 0x1f, 0xfc, 0x41, 0xbb, 0x20,
    0x7, 0xff, 0x25, 0x2e, 0xc2, 0x1, 0xff, 0xc4,
    0x52, 0x0, 0xf9, 0x84, 0x3, 0xff, 0x86, 0x7e,
    0x80, 0x1f, 0xfc, 0xd4, 0xf2, 0x0, 0xff, 0xe2,
    0x58, 0x7, 0xd4, 0x1, 0xff, 0xc3, 0x3c, 0x10,
    0xf, 0xfe, 0x78, 0xe0, 0x80, 0x7f, 0xf0, 0xd8,
    0x3, 0xc2, 0x60, 0x1f, 0xfc, 0x21, 0xd0, 0xf,
    0xfe, 0x90, 0xe0, 0x7, 0xff, 0x11, 0x40, 0x39,
    0x0, 0x3f, 0xf8, 0x70, 0x20, 0x1f, 0xfd, 0x32,
    0x80, 0xf, 0xfe, 0x1f, 0x0, 0x76, 0x80, 0x7f,
    0xf0, 0xd8, 0x3, 0xff, 0xaa, 0xe6, 0x1, 0xff,
    0xc2, 0x40, 0xe, 0x30, 0xf, 0xfe, 0x12, 0x0,
    0x7f, 0xf5, 0xe0, 0x3, 0xff, 0x86, 0x80, 0x19,
    0x80, 0x3f, 0xf8, 0x58, 0x1, 0xff, 0xd7, 0x42,
    0x0, 0xff, 0xe1, 0x60, 0x6, 0x30, 0xf, 0xfe,
    0x11, 0x0, 0x7f, 0xf6, 0x2c, 0x3, 0xff, 0x84,
    0x60, 0x18, 0x40, 0x3f, 0xf8, 0x42, 0x1, 0xff,
    0xd8, 0x70, 0xf, 0xfe, 0x12, 0x80, 0x7f, 0xf1,
    0xc4, 0x3, 0xff, 0xb0, 0x26, 0x1, 0xf8, 0x4d,
    0xa2, 0xf0, 0x3, 0xff, 0x8e, 0x60, 0x1f, 0xfd,
    0x9b, 0x0, 0x12, 0x3c, 0xe7, 0x73, 0x25, 0xd0,
    0x80, 0x30, 0x80, 0x7f, 0xf0, 0xb8, 0x3, 0xff,
    0xb2, 0xdb, 0xfb, 0x70, 0xc6, 0x20, 0x1f, 0xfc,
    0xd4, 0x0, 0xff, 0xec, 0x89, 0x0, 0x7f, 0xf1,
    0x48, 0x3, 0xff, 0x84, 0x60, 0x1f, 0xfe, 0xc6,
    0x0, 0xff, 0xe1, 0xb8, 0x7, 0xff, 0xac, 0x80,
    0x3f, 0xf8, 0x72, 0x1, 0xff, 0xeb, 0xc0, 0xf,
    0xfe, 0x18, 0xd8, 0x7, 0xff, 0xa9, 0x40, 0x3f,
    0xf8, 0x89, 0x40, 0x1f, 0xfe, 0x91, 0x30, 0xf,
    0xfe, 0x22, 0xe9, 0x80, 0x7f, 0xfa, 0x2c, 0x3,
    0xff, 0x8a, 0x59, 0x68, 0x1, 0xff, 0xe6, 0x60,
    0xf, 0xfe, 0x3a, 0x5e, 0xc1, 0x80, 0x7f, 0xf8,
    0xc5, 0x80, 0x3f, 0xf9, 0x4, 0xf9, 0xd4, 0xc6,
    0x1, 0xff, 0xe0, 0xb0, 0xf, 0xfe, 0x58, 0xac,
    0xe7, 0xe4, 0xb1, 0x80, 0x7f, 0xf6, 0xc9, 0xc0,
    0x3f, 0xf9, 0xe6, 0xd3, 0x9f, 0xb4, 0xe8, 0x20,
    0x1f, 0xfd, 0x68, 0x20, 0xf, 0xfe, 0x99, 0x2c,
    0x5f, 0x72, 0xdd, 0x0, 0x3f, 0xfa, 0x7e, 0x20,
    0x1f, 0xfd, 0x71, 0x48, 0xbf, 0xc8, 0x40, 0xf,
    0xfe, 0x79, 0x68, 0x7, 0xff, 0x70, 0xde, 0xfa,
    0x90, 0x3, 0xff, 0x9a, 0x78, 0x20, 0x1f, 0xfd,
    0xd1, 0x5b, 0xe8, 0x20, 0xf, 0xfe, 0x59, 0xe1,
    0x80, 0x7f, 0xf7, 0xc5, 0xf6, 0x88, 0x3, 0xff,
    0x94, 0x58, 0xe0, 0x1f, 0xfe, 0x15, 0xd9, 0x10,
    0xf, 0xfe, 0x54, 0x61, 0x80, 0x7f, 0xf8, 0x5b,
    0x98, 0x3, 0xff, 0x94, 0x79, 0x66, 0x1, 0xff,
    0xe1, 0x9a, 0x10, 0xf, 0xfe, 0x52, 0x66, 0xb0,
    0x80, 0x7f, 0xf7, 0xd7, 0x8, 0x3, 0xff, 0x96,
    0x53, 0xd6, 0xc2, 0x1, 0xff, 0xdd, 0x2c, 0x20,
    0xf, 0xfe, 0x6a, 0x4f, 0x6c, 0x20, 0x7, 0xff,
    0x6c, 0x7c, 0x40, 0x3f, 0xf9, 0xe4, 0xf7, 0xf9,
    0x2c, 0x60, 0x1f, 0xfd, 0x72, 0xd0, 0xf, 0xfe,
    0x99, 0xb4, 0xe7, 0xe4, 0xb1, 0x80, 0x7f, 0xf4,
    0xce, 0x0, 0x3f, 0xfa, 0xe6, 0xd3, 0x9f, 0xb4,
    0xe8, 0x20, 0x1f, 0xfc, 0xe7, 0x20, 0xf, 0xfe,
    0xd9, 0x2c, 0x5f, 0x72, 0xe1, 0x0, 0x3f, 0xf9,
    0x70, 0x1, 0xff, 0xe0, 0x14, 0x7b, 0xfa, 0x40,
    0xf, 0xfe, 0x42, 0x90, 0x7, 0xff, 0x91, 0x6f,
    0x50, 0x3, 0xff, 0x8f, 0x40, 0x1f, 0xfe, 0x62,
    0xba, 0x10, 0xf, 0xfe, 0x2b, 0x0, 0x7f, 0xfa,
    0x17, 0x8, 0x3, 0xff, 0x88, 0x26, 0x1, 0xff,
    0xe8, 0x2c, 0x10, 0xf, 0xfe, 0x22, 0x0, 0x7f,
    0xfa, 0x46, 0x80, 0x3f, 0xf8, 0x98, 0x1, 0xff,
    0xea, 0x45, 0x0, 0xff, 0xe1, 0xa8, 0x7, 0xff,
    0xae, 0x40, 0x3f, 0xf8, 0x62, 0x1, 0xff, 0xeb,
    0x31, 0x0, 0xff, 0xe1, 0x93, 0xcc, 0xff, 0xf0,
    0x8c, 0x3, 0xff, 0xb6, 0x80, 0x1f, 0xfc, 0x36,
    0xb6, 0x6f, 0xfe, 0x15, 0x80, 0x7f, 0xf6, 0xc8,
    0x3, 0xff, 0x88, 0xc0, 0x1f, 0xfc, 0x23, 0x0,
    0xff, 0xed, 0xf0, 0x7, 0xff, 0xc, 0x48, 0x3,
    0xff, 0x84, 0xa0, 0x1f, 0xfe, 0xce, 0x0, 0xff,
    0xe1, 0x9, 0x0, 0x7f, 0xf6, 0x84, 0x3, 0xff,
    0x88, 0xa0, 0x1f, 0xfc, 0x35, 0x0, 0xff, 0xed,
    0x78, 0x7, 0xff, 0xc, 0x4c, 0x3, 0xff, 0x87,
    0x60, 0x1f, 0xfd, 0xa3, 0x0, 0xff, 0xe1, 0xb8,
    0x10, 0x7, 0xff, 0x8, 0xcc, 0x1, 0xff, 0xd9,
    0x40, 0xf, 0xfe, 0x19, 0x82, 0x80, 0x7f, 0xf0,
    0xe0, 0x3, 0xff, 0xb0, 0x60, 0x1f, 0xfc, 0x31,
    0x0, 0x58, 0x7, 0xff, 0xd, 0x10, 0x1, 0xff,
    0xd7, 0xa0, 0xf, 0xfe, 0x1a, 0x80, 0xc, 0x40,
    0x3f, 0xf8, 0x74, 0x20, 0x1f, 0xfd, 0x52, 0x60,
    0xf, 0xfe, 0x1e, 0x0, 0x4c, 0x1, 0xff, 0xc3,
    0x1d, 0x0, 0xff, 0xea, 0xf0, 0x7, 0xff, 0x11,
    0x40, 0x2a, 0x0, 0xff, 0xe2, 0x1e, 0x8, 0x7,
    0xff, 0x4a, 0x4c, 0x3, 0xff, 0x86, 0x44, 0x0,
    0x89, 0x0, 0x3f, 0xf8, 0x87, 0x86, 0x1, 0xff,
    0xd0, 0xa6, 0x0, 0xff, 0xe2, 0x50, 0x7, 0x40,
    0x7, 0xff, 0x14, 0xb2, 0x44, 0x3, 0xff, 0x98,
    0xbc, 0xa0, 0x1f, 0xfc, 0x56, 0x0, 0xe3, 0x50,
    0xf, 0xfe, 0x33, 0x75, 0x20, 0x7, 0xff, 0x21,
    0xb6, 0x84, 0x3, 0xff, 0x8a, 0xe2, 0x1, 0xeb,
    0x10, 0xf, 0xfe, 0x3a, 0xdf, 0xdb, 0xa1, 0x0,
    0x7f, 0x85, 0x1e, 0xfe, 0x48, 0x3, 0xff, 0x8c,
    0x30, 0x1, 0xf0, 0xd8, 0x7, 0xff, 0x29, 0x22,
    0xf7, 0xfb, 0x73, 0x3b, 0x7f, 0xae, 0x10, 0x3,
    0xff, 0x93, 0x40, 0x1f, 0xca, 0xc0, 0x1f, 0xfc,
    0xe1, 0x23, 0x3e, 0x20, 0xf, 0xfe, 0x6b, 0x20,
    0x7, 0xfa, 0x50, 0x3, 0xff, 0xda, 0x72, 0x1,
    0xff, 0xc0, 0xb4, 0x0, 0xff, 0xf5, 0x96, 0x80,
    0x7f, 0xf0, 0xad, 0x40, 0x3f, 0xfd, 0x27, 0x82,
    0x1, 0xff, 0xc3, 0xa8, 0x0, 0xff, 0xf3, 0xae,
    0x8, 0x7, 0xff, 0x15, 0xf0, 0x80, 0x3f, 0xfc,
    0x93, 0x40, 0x1f, 0xfc, 0x83, 0xd7, 0x0, 0xff,
    0xf0, 0xa6, 0xb0, 0x7, 0xff, 0x2e, 0x39, 0x80,
    0x3f, 0xfb, 0xa5, 0x56, 0x40, 0x1f, 0xfc, 0xd1,
    0x9e, 0x81, 0x0, 0xff, 0xec, 0x1d, 0x6a, 0x80,
    0x7f, 0xf4, 0x45, 0xfa, 0xd8, 0x40, 0x3f, 0xfa,
    0x42, 0xfb, 0x8a, 0x1, 0xff, 0xd6, 0x49, 0xec,
    0x95, 0x10, 0xf, 0xfe, 0x5a, 0x46, 0x74, 0x10,
    0x7, 0xff, 0x6c, 0xda, 0xbb, 0x99, 0x2e, 0xa8,
    0x62, 0x20, 0xe, 0x11, 0x1a, 0x34, 0x56, 0xfd,
    0xb9, 0x80, 0x7f, 0xf2, 0x0,

    /* U+0054 "T" */
    0x12, 0x2f, 0xff, 0xd0, 0xde, 0xef, 0xff, 0xeb,
    0xc0, 0x3f, 0xff, 0xe0, 0x1f, 0xff, 0xf0, 0xf,
    0xff, 0xf8, 0x7, 0xff, 0xfc, 0x3, 0xff, 0xfe,
    0x1, 0xff, 0xff, 0x0, 0xff, 0xff, 0x80, 0x7f,
    0xff, 0xc0, 0x3f, 0xff, 0xe0, 0x1f, 0xff, 0xf0,
    0xf, 0xff, 0xf8, 0x7, 0xff, 0x6e, 0xbf, 0xff,
    0xf9, 0xf2, 0x1, 0xff, 0xc2, 0x3f, 0xff, 0xfe,
    0x7f, 0x0, 0x7f, 0xff, 0xc0, 0x3f, 0xff, 0xe0,
    0x1f, 0xff, 0xf0, 0xf, 0xff, 0xf8, 0x7, 0xff,
    0xfc, 0x3, 0xff, 0xfe, 0x1, 0xff, 0xff, 0x0,
    0xff, 0xff, 0x80, 0x7f, 0xff, 0xc0, 0x3f, 0xff,
    0xe0, 0x1f, 0xff, 0xf0, 0xf, 0xff, 0xf8, 0x7,
    0xff, 0xfc, 0x3, 0xff, 0xfe, 0x1, 0xff, 0xff,
    0x0, 0xff, 0xff, 0x80, 0x7f, 0xff, 0xc0, 0x3f,
    0xff, 0xe0, 0x1f, 0xff, 0xf0, 0xf, 0xff, 0xf8,
    0x7, 0xff, 0xfc, 0x3, 0xff, 0xfe, 0x1, 0xff,
    0xff, 0x0, 0xff, 0xff, 0x80, 0x7f, 0xff, 0xc0,
    0x3f, 0xff, 0xe0, 0x1f, 0xff, 0xf0, 0xf, 0xff,
    0xf8, 0x7, 0xff, 0xfc, 0x3, 0xff, 0xfe, 0x1,
    0xff, 0xff, 0x0, 0xff, 0xff, 0x80, 0x7f, 0xff,
    0xc0, 0x3f, 0xff, 0xe0, 0x1f, 0xff, 0xf0, 0xf,
    0xff, 0xf8, 0x7, 0xff, 0xfc, 0x3, 0xff, 0xfe,
    0x1, 0xff, 0xff, 0x0, 0xff, 0xff, 0x80, 0x7f,
    0xff, 0xc0, 0x3f, 0xff, 0xe0, 0x1f, 0xff, 0xf0,
    0xf, 0xff, 0xf8, 0x7, 0xff, 0xfc, 0x3, 0xff,
    0xfe, 0x1, 0xff, 0xff, 0x0, 0xff, 0xff, 0x80,
    0x7f, 0xff, 0xc0, 0x3f, 0xff, 0xe0, 0x1f, 0xff,
    0xf0, 0xf, 0xff, 0xf8, 0x7, 0xff, 0xfc, 0x3,
    0xff, 0xfe, 0x1, 0xff, 0xff, 0x0, 0xff, 0xff,
    0x80, 0x7f, 0xff, 0xc0, 0x3f, 0xff, 0xe0, 0x1f,
    0xff, 0xf0, 0xf, 0xff, 0xf8, 0x7, 0xff, 0xfc,
    0x3, 0xff, 0xfe, 0x1, 0xff, 0xff, 0x0, 0xff,
    0xff, 0x80, 0x7f, 0xff, 0xc0, 0x3f, 0xff, 0xe0,
    0x1f, 0xff, 0xf0, 0xf, 0xff, 0xf8, 0x7, 0xff,
    0xfc, 0x3, 0xff, 0xfe, 0x1, 0xff, 0xff, 0x0,
    0xff, 0xff, 0x80,

    /* U+0055 "U" */
    0x78, 0x8f, 0xfe, 0x10, 0x80, 0x7f, 0xf6, 0x8a,
    0x23, 0xff, 0x84, 0xf2, 0xef, 0xff, 0xc2, 0x30,
    0xf, 0xfe, 0xd3, 0x3b, 0xff, 0xf0, 0xa4, 0x3,
    0xff, 0xfe, 0x1, 0xff, 0xff, 0x0, 0xff, 0xff,
    0x80, 0x7f, 0xff, 0xc0, 0x3f, 0xff, 0xe0, 0x1f,
    0xff, 0xf0, 0xf, 0xff, 0xf8, 0x7, 0xff, 0xfc,
    0x3, 0xff, 0xfe, 0x1, 0xff, 0xff, 0x0, 0xff,
    0xff, 0x80, 0x7f, 0xff, 0xc0, 0x3f, 0xff, 0xe0,
    0x1f, 0xff, 0xf0, 0xf, 0xff, 0xf8, 0x7, 0xff,
    0xfc, 0x3, 0xff, 0xfe, 0x1, 0xff, 0xff, 0x0,
    0xff, 0xff, 0x80, 0x7f, 0xff, 0xc0, 0x3f, 0xff,
    0xe0, 0x1f, 0xff, 0xf0, 0xf, 0xff, 0xf8, 0x7,
    0xff, 0xfc, 0x3, 0xff, 0xfe, 0x1, 0xff, 0xff,
    0x0, 0xff, 0xff, 0x80, 0x7f, 0xff, 0xc0, 0x3f,
    0xff, 0xe0, 0x1f, 0xff, 0xf0, 0xf, 0xff, 0xf8,
    0x7, 0xff, 0xfc, 0x3, 0xff, 0xfe, 0x1, 0xff,
    0xff, 0x0, 0xff, 0xff, 0x80, 0x7f, 0xff, 0xc0,
    0x3f, 0xff, 0xe0, 0x1f, 0xff, 0xf0, 0xf, 0xff,
    0xf8, 0x7, 0xff, 0xfc, 0x3, 0xff, 0xfe, 0x1,
    0xff, 0xff, 0x0, 0xff, 0xff, 0x80, 0x7f, 0xff,
    0xc0, 0x3f, 0xff, 0xe0, 0x1f, 0xff, 0xf0, 0xf,
    0xff, 0xf8, 0x7, 0xff, 0x84, 0xc0, 0x3f, 0xff,
    0xe0, 0x1f, 0xff, 0x33, 0x0, 0xff, 0xfd, 0x8,
    0x7, 0xff, 0xe0, 0x40, 0x3f, 0xf8, 0x62, 0x1,
    0xff, 0xda, 0x10, 0xf, 0xfe, 0x1b, 0x80, 0x7f,
    0xf0, 0x9c, 0x3, 0xff, 0xb4, 0x60, 0x1f, 0xfc,
    0x27, 0x10, 0xf, 0xfe, 0x11, 0x0, 0x7f, 0xf6,
    0x84, 0x3, 0xff, 0x84, 0x24, 0x1, 0xff, 0xc2,
    0x10, 0xf, 0xfe, 0xd7, 0x0, 0x7f, 0xf0, 0x8f,
    0xc0, 0x3f, 0xf8, 0x5c, 0x1, 0xff, 0xda, 0x20,
    0xf, 0xfe, 0x17, 0x10, 0x7, 0xff, 0x9, 0x40,
    0x3f, 0xfb, 0x4c, 0x1, 0xff, 0xc2, 0x26, 0x0,
    0xff, 0xe1, 0x18, 0x7, 0xff, 0x64, 0x48, 0x3,
    0xff, 0x84, 0xc4, 0x1, 0xff, 0xc3, 0x20, 0xf,
    0xfe, 0xc2, 0x80, 0x7f, 0xf0, 0xc8, 0x44, 0x1,
    0xff, 0xc2, 0x40, 0xf, 0xfe, 0xc1, 0x80, 0x7f,
    0xf0, 0x84, 0x40, 0xa0, 0x1f, 0xfc, 0x2c, 0x0,
    0xff, 0xec, 0x58, 0x7, 0xff, 0x9, 0x40, 0x6,
    0x1, 0xff, 0xc2, 0x50, 0xf, 0xfe, 0xb8, 0x98,
    0x7, 0xff, 0x8, 0xc0, 0x18, 0x1, 0xff, 0xc3,
    0x60, 0xf, 0xfe, 0xb3, 0x0, 0x7f, 0xf0, 0xf0,
    0x0, 0x80, 0x1f, 0xfc, 0x3a, 0x0, 0xff, 0xeb,
    0x50, 0x7, 0xff, 0xd, 0x0, 0x23, 0x0, 0xff,
    0xe1, 0x1a, 0x0, 0x7f, 0xf5, 0x14, 0x80, 0x3f,
    0xf8, 0x4a, 0x1, 0xac, 0x3, 0xff, 0x87, 0x20,
    0x1f, 0xfd, 0x48, 0x0, 0xff, 0xe1, 0xe0, 0x6,
    0x60, 0xf, 0xfe, 0x19, 0x38, 0x7, 0xff, 0x49,
    0xc8, 0x3, 0xff, 0x86, 0xc0, 0x18, 0x50, 0x3,
    0xff, 0x87, 0x8, 0x1, 0xff, 0xd0, 0x48, 0x0,
    0xff, 0xe1, 0xb0, 0x7, 0xb8, 0x3, 0xff, 0x89,
    0x68, 0x1, 0xff, 0xce, 0x3b, 0x0, 0xff, 0xe2,
    0x50, 0x7, 0x94, 0x80, 0x3f, 0xf8, 0x96, 0xc0,
    0x1f, 0xfc, 0xc5, 0xc0, 0xf, 0xfe, 0x22, 0x18,
    0x7, 0xd6, 0x1, 0xff, 0xc5, 0x9b, 0x20, 0xf,
    0xfe, 0x41, 0x55, 0x0, 0x3f, 0xf8, 0xb0, 0x1,
    0xf9, 0x88, 0x3, 0xff, 0x8a, 0x9b, 0x6a, 0x1,
    0xff, 0xc4, 0x4a, 0xd5, 0x0, 0xff, 0xe2, 0xa9,
    0x80, 0x7f, 0x48, 0x7, 0xff, 0x1d, 0x2b, 0xee,
    0x14, 0xc4, 0x3, 0x9, 0xa3, 0xdf, 0x5a, 0x80,
    0x7f, 0xf1, 0xec, 0x3, 0xfc, 0x8a, 0x1, 0xff,
    0xc9, 0x47, 0xac, 0xef, 0xfd, 0xd9, 0x70, 0x82,
    0x1, 0xff, 0xc8, 0xa1, 0x0, 0xff, 0xac, 0x80,
    0x3f, 0xfd, 0x4a, 0xa0, 0xf, 0xfe, 0x0, 0xf8,
    0x7, 0xff, 0xa4, 0xe8, 0x3, 0xff, 0x84, 0x56,
    0x1, 0xff, 0xe7, 0x1d, 0x0, 0xff, 0xe2, 0x25,
    0x80, 0x7f, 0xf9, 0x47, 0x4, 0x3, 0xff, 0x8a,
    0x98, 0x20, 0x1f, 0xfe, 0x23, 0xf2, 0x0, 0xff,
    0xe3, 0x9e, 0x18, 0x7, 0xff, 0x81, 0x70, 0x40,
    0x3f, 0xf9, 0x25, 0x8e, 0x1, 0xff, 0xdd, 0x1a,
    0xa0, 0x7, 0xff, 0x36, 0x35, 0x0, 0x3f, 0xfb,
    0x4d, 0xea, 0x1, 0xff, 0xcf, 0x2b, 0xc4, 0x0,
    0xff, 0xeb, 0x2e, 0xc8, 0x80, 0x7f, 0xf4, 0x8e,
    0xf9, 0xc8, 0x3, 0xff, 0xa0, 0x51, 0xd4, 0x40,
    0x1f, 0xfd, 0x61, 0x8d, 0xd4, 0x20, 0x7, 0xff,
    0x24, 0x52, 0x77, 0x4e, 0x20, 0x1f, 0xfd, 0xb2,
    0x7b, 0xfd, 0xa8, 0x64, 0x21, 0x10, 0x6, 0x11,
    0x1a, 0x34, 0x5f, 0x72, 0xd8, 0x80, 0x3f, 0xf9,
    0x20,

    /* U+0056 "V" */
    0x48, 0x8f, 0xfe, 0x21, 0x0, 0x7f, 0xf9, 0xe,
    0x23, 0xff, 0x86, 0xae, 0xff, 0xfc, 0x5b, 0x0,
    0xff, 0xf2, 0x43, 0xbf, 0xff, 0xc, 0xc, 0x80,
    0x3f, 0xf8, 0x6e, 0x1, 0xff, 0xe3, 0x14, 0x0,
    0xff, 0xe1, 0xa8, 0x50, 0x7, 0xff, 0xc, 0x54,
    0x3, 0xff, 0xc4, 0xc0, 0x1f, 0xfc, 0x36, 0x0,
    0x30, 0x7, 0xff, 0x13, 0xc0, 0x3f, 0xfc, 0x54,
    0x1, 0xff, 0xc3, 0xa0, 0x0, 0xa0, 0x7, 0xff,
    0xd, 0x40, 0x3f, 0xfc, 0x24, 0x40, 0xf, 0xfe,
    0x11, 0x18, 0x5, 0xc0, 0x1f, 0xfc, 0x46, 0x0,
    0xff, 0xf0, 0x50, 0x7, 0xff, 0xe, 0x80, 0x32,
    0x88, 0x7, 0xff, 0xf, 0x40, 0x3f, 0xfc, 0xc,
    0x1, 0xff, 0xc3, 0x60, 0xe, 0x70, 0xf, 0xfe,
    0x1a, 0x8, 0x7, 0xff, 0x79, 0x4, 0x3, 0xff,
    0x84, 0x82, 0x1, 0xd4, 0x1, 0xff, 0xc4, 0x60,
    0xf, 0xfe, 0xf7, 0x0, 0x7f, 0xf0, 0xf8, 0x3,
    0xc6, 0x40, 0x1f, 0xfc, 0x3b, 0x0, 0xff, 0xef,
    0x28, 0x7, 0xff, 0x8, 0x54, 0x3, 0xea, 0x0,
    0xff, 0xe1, 0x99, 0x0, 0x7f, 0xf7, 0x14, 0x3,
    0xff, 0x86, 0xe0, 0x1f, 0x98, 0x3, 0xff, 0x89,
    0x40, 0x1f, 0xfd, 0xce, 0x0, 0xff, 0xe1, 0xd0,
    0x7, 0xe1, 0x40, 0xf, 0xfe, 0x1a, 0x80, 0x7f,
    0xf6, 0xc5, 0x0, 0x3f, 0xf8, 0x44, 0x60, 0x1f,
    0xde, 0x1, 0xff, 0xc3, 0x23, 0x0, 0xff, 0xed,
    0x38, 0x7, 0xff, 0xe, 0x80, 0x3f, 0xc8, 0x20,
    0x1f, 0xfc, 0x3a, 0x0, 0xff, 0xed, 0x50, 0x7,
    0xff, 0xd, 0x80, 0x3f, 0xe6, 0x0, 0xff, 0xe1,
    0xb8, 0x7, 0xff, 0x64, 0x8c, 0x3, 0xff, 0x84,
    0x82, 0x1, 0xff, 0x50, 0x7, 0xff, 0xc, 0x50,
    0x3, 0xff, 0xb1, 0x40, 0x1f, 0xfc, 0x3e, 0x0,
    0xff, 0xe0, 0x11, 0x80, 0x7f, 0xf0, 0xf8, 0x3,
    0xff, 0xb0, 0xa0, 0x1f, 0xfc, 0x21, 0x50, 0xf,
    0xfe, 0xd, 0x0, 0x7f, 0xf0, 0xd4, 0x3, 0xff,
    0xae, 0x64, 0x1, 0xff, 0xc2, 0x60, 0xf, 0xfe,
    0x13, 0x80, 0x7f, 0xf1, 0x14, 0x3, 0xff, 0xad,
    0x40, 0x1f, 0xfc, 0x3a, 0x0, 0xff, 0xe1, 0xa,
    0x80, 0x7f, 0xf0, 0xf8, 0x3, 0xff, 0xac, 0xe0,
    0x1f, 0xfc, 0x23, 0x20, 0xf, 0xfe, 0x1f, 0x0,
    0x7f, 0xf0, 0xd0, 0x40, 0x3f, 0xfa, 0x8a, 0x20,
    0x1f, 0xfc, 0x2a, 0x0, 0xff, 0xe2, 0x20, 0x80,
    0x7f, 0xf0, 0xdc, 0x3, 0xff, 0xa9, 0xe0, 0x1f,
    0xfc, 0x37, 0x0, 0xff, 0xe2, 0xb0, 0x7, 0xff,
    0xe, 0x80, 0x3f, 0xfa, 0x62, 0xa0, 0x1f, 0xfc,
    0x25, 0x10, 0xf, 0xfe, 0x2d, 0x0, 0x7f, 0xf0,
    0xcc, 0x80, 0x3f, 0xfa, 0x4e, 0x1, 0xff, 0xc3,
    0xe0, 0xf, 0xfe, 0x31, 0x18, 0x7, 0xff, 0xd,
    0x40, 0x3f, 0xfa, 0x54, 0x1, 0xff, 0xc2, 0x14,
    0x0, 0xff, 0xe3, 0xc8, 0x7, 0xff, 0xe, 0x80,
    0x3f, 0xfa, 0x22, 0x60, 0x1f, 0xfc, 0x26, 0x0,
    0xff, 0xe4, 0x28, 0x7, 0xff, 0xc, 0x8c, 0x3,
    0xff, 0xa0, 0xc0, 0x1f, 0xfc, 0x3a, 0x0, 0xff,
    0xe4, 0xb0, 0x7, 0xff, 0xe, 0xc0, 0x3f, 0xfa,
    0x14, 0x1, 0xff, 0xc2, 0x32, 0x0, 0xff, 0xe4,
    0xd0, 0x7, 0xff, 0xd, 0x80, 0x3f, 0xf9, 0xe6,
    0x40, 0x1f, 0xfc, 0x2a, 0x0, 0xff, 0xe5, 0x19,
    0x0, 0x7f, 0xf0, 0x85, 0x0, 0x3f, 0xf9, 0xd4,
    0x1, 0xff, 0xc3, 0x60, 0xf, 0xfe, 0x5d, 0x0,
    0x7f, 0xf0, 0xf4, 0x3, 0xff, 0x9c, 0xe0, 0x1f,
    0xfc, 0x25, 0x0, 0xff, 0xe6, 0x30, 0x7, 0xff,
    0xd, 0x80, 0x3f, 0xf9, 0xa8, 0x20, 0x1f, 0xfc,
    0x2e, 0x0, 0xff, 0xe6, 0xa, 0x0, 0x7f, 0xf0,
    0xd4, 0x3, 0xff, 0x99, 0xc0, 0x1f, 0xfc, 0x22,
    0x40, 0xf, 0xfe, 0x6f, 0x0, 0x7f, 0xf0, 0xfc,
    0x3, 0xff, 0x98, 0xa0, 0x1f, 0xfc, 0x25, 0x0,
    0xff, 0xe7, 0x28, 0x80, 0x7f, 0xf0, 0x94, 0x40,
    0x3f, 0xf9, 0x4a, 0x1, 0xff, 0xc3, 0xa0, 0xf,
    0xfe, 0x7b, 0x80, 0x7f, 0xf0, 0xdc, 0x3, 0xff,
    0x95, 0xc0, 0x1f, 0xfc, 0x24, 0x20, 0xf, 0xfe,
    0x7d, 0x0, 0x7f, 0xf0, 0xe8, 0x3, 0xff, 0x92,
    0x28, 0x1, 0xff, 0xc2, 0xe0, 0xf, 0xfe, 0x81,
    0x98, 0x3, 0xff, 0x84, 0x62, 0x1, 0xff, 0xc8,
    0x60, 0xf, 0xfe, 0x1a, 0x80, 0x7f, 0xf4, 0x68,
    0x3, 0xff, 0x86, 0xc0, 0x1f, 0xfc, 0x8b, 0x0,
    0xff, 0xe1, 0x30, 0x7, 0xff, 0x49, 0xc0, 0x3f,
    0xf8, 0x74, 0x1, 0xff, 0xc7, 0x23, 0x0, 0xff,
    0xe1, 0x50, 0x7, 0xff, 0x48, 0x54, 0x3, 0xff,
    0x84, 0x44, 0x0, 0xff, 0xe3, 0x50, 0x7, 0xff,
    0x8, 0x8c, 0x3, 0xff, 0xa7, 0xc0, 0x1f, 0xfc,
    0x3a, 0x0, 0xff, 0xe3, 0x30, 0x7, 0xff, 0xa,
    0x80, 0x3f, 0xfa, 0x88, 0x20, 0x1f, 0xfc, 0x26,
    0x0, 0xff, 0xe2, 0xa0, 0x80, 0x7f, 0xf0, 0x98,
    0x3, 0xff, 0xaa, 0xc0, 0x1f, 0xfc, 0x21, 0x30,
    0xf, 0xfe, 0x26, 0x80, 0x7f, 0xf0, 0x90, 0x40,
    0x3f, 0xfa, 0xb4, 0x1, 0xff, 0xc3, 0xa0, 0xf,
    0xfe, 0x23, 0x0, 0x7f, 0xf0, 0xb8, 0x3, 0xff,
    0xac, 0x46, 0x1, 0xff, 0xc2, 0x70, 0xf, 0xfe,
    0x1a, 0x80, 0x7f, 0xf0, 0x85, 0x40, 0x3f, 0xfa,
    0xf4, 0x1, 0xff, 0xc2, 0x14, 0x0, 0xff, 0xe1,
    0x70, 0x7, 0xff, 0x9, 0xc0, 0x3f, 0xfb, 0xc,
    0x1, 0xff, 0xc3, 0xe0, 0xf, 0xfe, 0x8, 0xa0,
    0x7, 0xff, 0xa, 0x80, 0x3f, 0xfb, 0x2a, 0x1,
    0xff, 0xc2, 0x50, 0xf, 0xfe, 0xb, 0x80, 0x7f,
    0xf0, 0x88, 0xc0, 0x3f, 0xfb, 0x3c, 0x1, 0xff,
    0xc3, 0x50, 0xf, 0xfe, 0x5, 0x0, 0x7f, 0xf0,
    0xa8, 0x3, 0xff, 0xb4, 0x84, 0x1, 0xff, 0xc2,
    0xe0, 0xf, 0xf8, 0x8c, 0x3, 0xff, 0x84, 0xc0,
    0x1f, 0xfd, 0xba, 0x0, 0xff, 0xe1, 0x20, 0x80,
    0x7f, 0xa8, 0x3, 0xff, 0x84, 0x82, 0x1, 0xff,
    0xdb, 0x60, 0xf, 0xfe, 0x1b, 0x0, 0x7f, 0x94,
    0x3, 0xff, 0x85, 0xe0, 0x1f, 0xfd, 0xc1, 0x40,
    0xf, 0xfe, 0x15, 0x80, 0x7f, 0x19, 0x0, 0x7f,
    0xf0, 0x45, 0x0, 0x3f, 0xfb, 0xbc, 0x1, 0xff,
    0xc2, 0x32, 0x0, 0xfd, 0x40, 0x1f, 0xfc, 0x26,
    0x0, 0xff, 0xef, 0x28, 0x7, 0xff, 0xe, 0x80,
    0x3f, 0x38, 0x7, 0xff, 0xa, 0x80, 0x3f, 0xfb,
    0xec, 0x1, 0xff, 0xc2, 0x50, 0xf, 0x90, 0x40,
    0x3f, 0xf8, 0x26, 0x40, 0x1f, 0xfd, 0xfa, 0x0,
    0xff, 0xe1, 0x11, 0x80, 0x7b, 0x80, 0x3f, 0xf8,
    0x54, 0x1, 0xff, 0xe0, 0x32, 0x0, 0xff, 0xe1,
    0x50, 0x7, 0x94, 0x3, 0xff, 0x84, 0xe0, 0x1f,
    0xfe, 0x1a, 0x0, 0xff, 0xe1, 0x38, 0x7, 0x30,
    0x7, 0xff, 0x9, 0x44, 0x3, 0xff, 0xc2, 0xc0,
    0x1f, 0xfc, 0x21, 0x40, 0xd, 0xa0, 0x1f, 0xfc,
    0x2e, 0x0, 0xff, 0xf1, 0xa, 0x0, 0x7f, 0xf0,
    0xb8, 0x2, 0x14, 0x0, 0xff, 0xe0, 0x8a, 0x0,
    0x7f, 0xf8, 0xf8, 0x3, 0xff, 0x84, 0xa0, 0x13,
    0x0, 0x7f, 0xf0, 0x98, 0x3, 0xff, 0xc8, 0xa2,
    0x1, 0xff, 0xc2, 0x50, 0x5, 0x0, 0x7f, 0xf0,
    0xa8, 0x3, 0xff, 0xca, 0xc0, 0x1f, 0xfc, 0x2e,
    0x3, 0x20, 0xf, 0xfe, 0x9, 0x90, 0x7, 0xff,
    0x96, 0x80, 0x3f, 0xf8, 0x48, 0x36, 0x1, 0xff,
    0xc2, 0xa0, 0xf, 0xff, 0x31, 0x18, 0x7, 0xff,
    0x9, 0xd8, 0x3, 0xff, 0x84, 0xc0, 0x1f, 0xfe,
    0x7a, 0x0, 0xff, 0xe1, 0x40, 0x80, 0x7f, 0xf0,
    0x54, 0x3, 0xff, 0xd0, 0xe0, 0x1f, 0xfc, 0x21,
    0x0, 0xff, 0xe1, 0x70, 0x7, 0xff, 0xa0, 0x54,
    0x3, 0xff, 0x9e, 0x48, 0x1, 0xff, 0xe9, 0xe0,
    0xf, 0xfe, 0x7d, 0x0, 0x7f, 0xfa, 0x90, 0x40,
    0x3f, 0xf9, 0xca, 0x1, 0xff, 0xeb, 0x60, 0xf,
    0xfe, 0x6a, 0x10, 0x7, 0xff, 0xae, 0x80, 0x3f,
    0xf9, 0xbc, 0x1, 0xff, 0xec, 0x23, 0x0, 0xff,
    0xe6, 0x28, 0x7, 0xff, 0xb6, 0x80, 0x3f, 0xf9,
    0x6c, 0x1, 0xff, 0xee, 0x60, 0xf, 0xfe, 0x5d,
    0x0, 0x7f, 0xfb, 0xd8, 0x3, 0xff, 0x92, 0x46,
    0x1, 0xff, 0xef, 0xa0, 0xf, 0xfe, 0x4d, 0x0,
    0x7f, 0xfc, 0xc, 0x80, 0x3f, 0xf9, 0xc, 0x1,
    0xff, 0xf1, 0xa0, 0xf, 0xfe, 0x3a, 0x8, 0x7,
    0xff, 0xc5, 0x80, 0x3f, 0xf8, 0xfc, 0x1, 0xff,
    0xf2, 0x14, 0x0, 0xff, 0xe2, 0x8a, 0x80, 0x7f,
    0xfc, 0xf8, 0x3, 0xff, 0x8a, 0xe0, 0x1f, 0xff,
    0x45, 0x10, 0xf, 0xfe, 0x25, 0x0, 0x7f, 0xfd,
    0x5c, 0x3, 0xff, 0x86, 0x46, 0x1, 0xff, 0xf5,
    0xa0, 0xf, 0xfe, 0x1d, 0x0, 0x7f, 0xfd, 0x8c,
    0x80, 0x3f, 0xf8, 0x4c, 0x1, 0xff, 0xd5,

    /* U+0057 "W" */
    0x48, 0x8f, 0xfe, 0x21, 0x80, 0x7f, 0xff, 0xc0,
    0x3e, 0x68, 0x8f, 0xfe, 0x19, 0xb, 0xbf, 0xff,
    0x12, 0x80, 0x3f, 0xfa, 0x89, 0xff, 0xff, 0xc4,
    0x20, 0xf, 0xfe, 0xa4, 0xbb, 0xff, 0xf0, 0xcd,
    0x0, 0x3f, 0xf8, 0x88, 0x1, 0xff, 0xd4, 0xc0,
    0xf, 0xfe, 0x22, 0x0, 0x7f, 0xf4, 0xcc, 0x3,
    0xff, 0x86, 0x42, 0x23, 0x0, 0xff, 0xe1, 0x90,
    0x80, 0x7f, 0xf4, 0xd0, 0x3, 0xff, 0x89, 0x80,
    0x1f, 0xfd, 0x34, 0x0, 0xff, 0xe1, 0xa8, 0x2,
    0xc0, 0x3f, 0xf8, 0x88, 0x1, 0xff, 0xd3, 0x30,
    0xf, 0xfe, 0x22, 0x0, 0x7f, 0xf4, 0xf0, 0x3,
    0xff, 0x87, 0x80, 0x4, 0x0, 0xff, 0xe2, 0x60,
    0x7, 0xff, 0x49, 0x0, 0x3f, 0xf8, 0xa2, 0x40,
    0x1f, 0xfd, 0x25, 0x0, 0xff, 0xe1, 0xa0, 0x0,
    0xc4, 0x3, 0xff, 0x86, 0x80, 0x1f, 0xfd, 0x2c,
    0x0, 0xff, 0xe3, 0x20, 0x7, 0xff, 0x44, 0x84,
    0x3, 0xff, 0x84, 0x80, 0x19, 0xc0, 0x3f, 0xf8,
    0x64, 0x20, 0x1f, 0xfd, 0x14, 0x0, 0xff, 0xe3,
    0x60, 0x7, 0xff, 0x45, 0x0, 0x3f, 0xf8, 0x78,
    0x1, 0xb0, 0x3, 0xff, 0x88, 0x80, 0x1f, 0xfd,
    0x13, 0x0, 0xff, 0xe3, 0x20, 0x7, 0xff, 0x47,
    0x0, 0x3f, 0xf8, 0x6a, 0x1, 0x90, 0x3, 0xff,
    0x89, 0xa0, 0x1f, 0xfd, 0x4, 0x0, 0xff, 0xe3,
    0x89, 0x0, 0x7f, 0xf4, 0x10, 0x3, 0xff, 0x84,
    0x24, 0x1, 0x84, 0xc0, 0x3f, 0xf8, 0x68, 0x1,
    0xff, 0xd0, 0xc0, 0xf, 0xfe, 0x42, 0x0, 0x7f,
    0xf3, 0xc4, 0x40, 0x1f, 0xfc, 0x27, 0x0, 0xf5,
    0x80, 0x7f, 0xf0, 0xcc, 0x3, 0xff, 0xa0, 0x80,
    0x1f, 0xfc, 0x8d, 0x0, 0xff, 0xe7, 0xa0, 0x7,
    0xff, 0xf, 0x0, 0x3c, 0x80, 0x1f, 0xfc, 0x44,
    0x0, 0xff, 0xe7, 0x98, 0x7, 0xff, 0x21, 0x40,
    0x3f, 0xf9, 0xf8, 0x1, 0xff, 0xc3, 0x40, 0xf,
    0x18, 0x80, 0x7f, 0xf0, 0xf0, 0x3, 0xff, 0x9c,
    0x80, 0x1f, 0xfc, 0x91, 0x30, 0xf, 0xfe, 0x72,
    0x0, 0x7f, 0xf0, 0x8c, 0x40, 0x3e, 0x70, 0xf,
    0xfe, 0x1a, 0x0, 0x7f, 0xf3, 0xb0, 0x3, 0xff,
    0x94, 0x80, 0x1f, 0xfc, 0xe2, 0x0, 0xff, 0xe1,
    0x20, 0x7, 0xec, 0x0, 0xff, 0xe1, 0x98, 0x7,
    0xff, 0x39, 0x0, 0x3f, 0xf9, 0x58, 0x1, 0xff,
    0xcd, 0x40, 0xf, 0xfe, 0x1d, 0x80, 0x7e, 0x50,
    0xf, 0xfe, 0x22, 0x0, 0x7f, 0xf3, 0x4c, 0x3,
    0xff, 0x94, 0x80, 0x1f, 0xfc, 0xdc, 0x0, 0xff,
    0xe1, 0x98, 0x7, 0xf1, 0x80, 0x7f, 0xf0, 0xf0,
    0x3, 0xff, 0x98, 0x80, 0x1f, 0xfc, 0xc3, 0x0,
    0xff, 0xe6, 0x20, 0x7, 0xff, 0x9, 0x0, 0x3f,
    0xd6, 0x1, 0xff, 0xc3, 0x30, 0xf, 0xfe, 0x66,
    0x0, 0x7f, 0xf3, 0x10, 0x3, 0xff, 0x98, 0x60,
    0x1f, 0xfc, 0x2d, 0x0, 0xff, 0x20, 0x7, 0xff,
    0xd, 0x0, 0x3f, 0xf9, 0x88, 0x1, 0xff, 0xcc,
    0xc0, 0xf, 0xfe, 0x59, 0x80, 0x7f, 0xf0, 0xd0,
    0x3, 0xfc, 0x62, 0x1, 0xff, 0xc3, 0x30, 0xf,
    0xfe, 0x59, 0x80, 0x7f, 0xce, 0x1, 0xff, 0xc0,
    0x40, 0xf, 0xfe, 0x5a, 0x0, 0x7f, 0xf0, 0x88,
    0x80, 0x1f, 0xf3, 0x80, 0x7f, 0xf0, 0xd0, 0x3,
    0xff, 0x94, 0x80, 0x1f, 0xfc, 0x9, 0x0, 0xff,
    0xe0, 0xa0, 0x7, 0xff, 0x2b, 0x0, 0x3f, 0xf8,
    0x48, 0x1, 0xff, 0xc0, 0xc0, 0xf, 0xfe, 0x1e,
    0x0, 0x7f, 0xf2, 0xb0, 0x3, 0xfe, 0x41, 0x40,
    0xf, 0xfe, 0x6, 0x0, 0x7f, 0xf2, 0x94, 0x3,
    0xff, 0x85, 0x80, 0x1f, 0xfc, 0x5, 0x0, 0xff,
    0xe1, 0xa0, 0x7, 0xff, 0x29, 0x0, 0x3f, 0xec,
    0xc, 0x0, 0xff, 0xe0, 0x20, 0x7, 0xff, 0x24,
    0x84, 0x3, 0xff, 0x84, 0xa0, 0x1f, 0xfc, 0x13,
    0x0, 0xff, 0xe1, 0x98, 0x7, 0xff, 0x24, 0xc0,
    0x3f, 0xe4, 0x4, 0x0, 0xff, 0xe0, 0x18, 0x7,
    0xff, 0x25, 0x0, 0x3f, 0xf8, 0x46, 0x1, 0xff,
    0xc2, 0xb0, 0xf, 0xfe, 0x1a, 0x0, 0x7f, 0xf2,
    0x10, 0x3, 0xff, 0x80, 0x60, 0x60, 0x1f, 0xfc,
    0x14, 0x0, 0xff, 0xe4, 0x60, 0x7, 0xff, 0xa,
    0xc0, 0x3f, 0xf8, 0x4a, 0x1, 0xff, 0xc3, 0xc0,
    0xf, 0xfe, 0x46, 0x0, 0x7f, 0xc8, 0x1, 0x20,
    0x7, 0xff, 0x3, 0x0, 0x3f, 0xf9, 0x8, 0x1,
    0xff, 0xc2, 0x40, 0xf, 0xfe, 0x11, 0x8, 0x7,
    0xff, 0x9, 0x40, 0x3f, 0xf9, 0x8, 0x1, 0xff,
    0x60, 0x5, 0x80, 0x1f, 0xfc, 0x4, 0x0, 0xff,
    0xe3, 0x88, 0x80, 0x3f, 0xf8, 0x22, 0x60, 0x1f,
    0xfc, 0x37, 0x0, 0xff, 0xe1, 0x9, 0x0, 0x7f,
    0xf1, 0x84, 0xc0, 0x3f, 0xe4, 0x0, 0x90, 0x3,
    0xff, 0x80, 0x60, 0x1f, 0xfc, 0x74, 0x0, 0xff,
    0xe1, 0x20, 0x7, 0xff, 0x13, 0x0, 0x3f, 0xf8,
    0x68, 0x1, 0xff, 0xc6, 0x50, 0xf, 0xfe, 0x1,
    0x80, 0x46, 0x20, 0x1f, 0xfc, 0x4, 0x0, 0xff,
    0xe3, 0x60, 0x7, 0xff, 0xb, 0x0, 0x3f, 0xf8,
    0x8a, 0x1, 0xff, 0xc3, 0xc0, 0xf, 0xfe, 0x36,
    0x80, 0x7f, 0xc8, 0x1, 0xc8, 0x1, 0xff, 0xc0,
    0xc0, 0xf, 0xfe, 0x32, 0x0, 0x7f, 0xf0, 0x9c,
    0x3, 0xff, 0x8a, 0x60, 0x1f, 0xfc, 0x24, 0x0,
    0xff, 0xe3, 0x20, 0x7, 0xfd, 0x80, 0x1d, 0x80,
    0x1f, 0xfc, 0x5, 0x0, 0xff, 0xe2, 0x89, 0x0,
    0x7f, 0xf0, 0x48, 0x40, 0x3f, 0xf8, 0xb6, 0x1,
    0xff, 0xc2, 0x12, 0x0, 0xff, 0xe2, 0x9, 0x0,
    0x7f, 0xc8, 0x1, 0xc8, 0x1, 0xff, 0xc0, 0x21,
    0x0, 0xff, 0xe2, 0x28, 0x7, 0xff, 0x9, 0x0,
    0x3f, 0xf8, 0xca, 0x1, 0xff, 0xc3, 0x40, 0xf,
    0xfe, 0x22, 0x0, 0x7f, 0xf0, 0xc, 0x3, 0x88,
    0x40, 0x3f, 0xf8, 0x8, 0x1, 0xff, 0xc4, 0xc0,
    0xf, 0xfe, 0x16, 0x80, 0x7f, 0xf1, 0x88, 0x40,
    0x3f, 0xf8, 0x58, 0x1, 0xff, 0xc4, 0xc0, 0xf,
    0xf9, 0x0, 0x3e, 0x40, 0xf, 0xfe, 0x6, 0x0,
    0x7f, 0xf1, 0x10, 0x3, 0xff, 0x84, 0x80, 0x1f,
    0xfc, 0x77, 0x0, 0xff, 0xe1, 0x20, 0x7, 0xff,
    0x11, 0x0, 0x3f, 0xec, 0x0, 0xfb, 0x0, 0x3f,
    0xf8, 0x8, 0x1, 0xff, 0xc4, 0x30, 0xf, 0xfe,
    0xa, 0x0, 0x7f, 0xf2, 0x30, 0x3, 0xff, 0x84,
    0x22, 0x0, 0xff, 0xe1, 0x9, 0x0, 0x7f, 0xc8,
    0x1, 0xf2, 0x0, 0x7f, 0xf0, 0x8, 0x40, 0x3f,
    0xf8, 0x46, 0x1, 0xff, 0xc2, 0xc0, 0xf, 0xfe,
    0x42, 0x80, 0x7f, 0xf0, 0xd0, 0x3, 0xff, 0x84,
    0x80, 0x1f, 0xf0, 0x98, 0x7, 0xc4, 0x20, 0x1f,
    0xfc, 0x4, 0x0, 0xff, 0xe1, 0x20, 0x7, 0xff,
    0x9, 0x0, 0x3f, 0xf9, 0x28, 0x1, 0xff, 0xc2,
    0xc0, 0xf, 0xfe, 0x16, 0x0, 0x7f, 0xca, 0x1,
    0xfc, 0x80, 0x1f, 0xfc, 0xc, 0x0, 0xff, 0xe1,
    0x60, 0x7, 0xff, 0x4, 0x4c, 0x3, 0xff, 0x93,
    0x80, 0x1f, 0xfc, 0x24, 0x0, 0xff, 0xe1, 0x20,
    0x7, 0xfd, 0xa0, 0x1f, 0xde, 0x1, 0xff, 0xc0,
    0x40, 0xf, 0xfe, 0x12, 0x0, 0x7f, 0xf0, 0x50,
    0x3, 0xff, 0x94, 0xa0, 0x1f, 0xfc, 0x22, 0x10,
    0xf, 0xfe, 0x0, 0x90, 0x7, 0xfc, 0x80, 0x1f,
    0xc8, 0x1, 0xff, 0xc0, 0x21, 0x0, 0xff, 0xe0,
    0x18, 0x7, 0xff, 0xb, 0xc0, 0x3f, 0xf9, 0x44,
    0x20, 0x1f, 0xfc, 0x24, 0x0, 0xff, 0xe0, 0x20,
    0x7, 0xfc, 0x24, 0x1, 0xfc, 0x24, 0x1, 0xff,
    0xc0, 0x70, 0xf, 0xfe, 0x2, 0x80, 0x7f, 0xf0,
    0x90, 0x3, 0xff, 0x96, 0xe0, 0x1f, 0xfc, 0x2c,
    0x0, 0xff, 0xe0, 0x60, 0x7, 0xfc, 0x80, 0x1f,
    0xf2, 0x0, 0x7f, 0xf0, 0x30, 0x3, 0xff, 0x81,
    0x80, 0x1f, 0xfc, 0x12, 0x10, 0xf, 0xfe, 0x5e,
    0x0, 0x7f, 0xf0, 0x90, 0x3, 0xff, 0x80, 0x80,
    0x1f, 0xf6, 0x0, 0x7f, 0xd8, 0x1, 0xff, 0xc0,
    0x40, 0xf, 0xfe, 0x2, 0x0, 0x7f, 0xf0, 0x54,
    0x3, 0xff, 0x98, 0xa0, 0x1f, 0xfc, 0x22, 0x10,
    0xf, 0xf0, 0x90, 0x7, 0xfc, 0x80, 0x1f, 0xf2,
    0x0, 0x7f, 0xf0, 0x4, 0x80, 0x3f, 0xc4, 0x20,
    0x1f, 0xfc, 0x1c, 0x0, 0xff, 0xe6, 0xa0, 0x7,
    0xff, 0x9, 0x40, 0x3f, 0xc8, 0x1, 0xff, 0x9,
    0x0, 0x7f, 0xc2, 0x40, 0x1f, 0xfc, 0x4, 0x0,
    0xff, 0x38, 0x7, 0xff, 0x9, 0x0, 0x3f, 0xf9,
    0xb8, 0x1, 0xff, 0xc2, 0xc0, 0xf, 0xf6, 0x0,
    0x7f, 0xc8, 0x1, 0xff, 0xc1, 0x40, 0xf, 0xfe,
    0x6, 0x0, 0x7f, 0xb0, 0x3, 0xff, 0x82, 0x80,
    0x1f, 0xfc, 0xe5, 0x0, 0xff, 0xe1, 0x20, 0x7,
    0xf9, 0x0, 0x3f, 0xec, 0x0, 0xff, 0xe0, 0xe8,
    0x7, 0xff, 0x1, 0x0, 0x3f, 0xc8, 0x1, 0xff,
    0xc1, 0xc0, 0xf, 0xfe, 0x71, 0x8, 0x7, 0xff,
    0x4, 0xc0, 0x3f, 0x84, 0x80, 0x3f, 0xe4, 0x0,
    0xff, 0xe0, 0xa8, 0x7, 0xff, 0x0, 0x48, 0x3,
    0xf0, 0x90, 0x7, 0xff, 0x5, 0x40, 0x3f, 0xf9,
    0xee, 0x1, 0xff, 0xc2, 0x40, 0xf, 0xc8, 0x1,
    0xff, 0x9, 0x0, 0x7f, 0xf0, 0x44, 0xc0, 0x3f,
    0xf8, 0x8, 0x1, 0xf9, 0x0, 0x3f, 0xf8, 0x22,
    0x40, 0x1f, 0xfc, 0xfd, 0x0, 0xff, 0xe1, 0x60,
    0x7, 0xec, 0x0, 0xff, 0x90, 0x3, 0xff, 0x86,
    0x80, 0x1f, 0xfc, 0xc, 0x0, 0xfd, 0xa0, 0x1f,
    0xfc, 0x17, 0x0, 0xff, 0xe8, 0x20, 0x7, 0xff,
    0x9, 0x0, 0x3f, 0x20, 0x7, 0xfd, 0x80, 0x1f,
    0xfc, 0x3c, 0x0, 0xff, 0xe0, 0x20, 0x7, 0xe4,
    0x0, 0xff, 0xe0, 0xe0, 0x7, 0xff, 0x45, 0x0,
    0x3f, 0xf8, 0x26, 0x1, 0xf0, 0x90, 0x7, 0xfc,
    0x80, 0x1f, 0xfc, 0x34, 0x0, 0xff, 0xe0, 0x9,
    0x80, 0x7c, 0x60, 0x1f, 0xfc, 0x14, 0x0, 0xff,
    0xe8, 0xe0, 0x7, 0xff, 0x8, 0xc0, 0x3c, 0x80,
    0x1f, 0xf0, 0x90, 0x7, 0xff, 0x10, 0xc0, 0x3f,
    0xf8, 0x8, 0x1, 0xe4, 0x0, 0xff, 0xe0, 0x98,
    0x80, 0x7f, 0xf4, 0x54, 0x3, 0xff, 0x84, 0x80,
    0x1e, 0xc0, 0xf, 0xf9, 0x0, 0x3f, 0xf8, 0xa8,
    0x1, 0xff, 0xc0, 0xc0, 0xf, 0x18, 0x7, 0xff,
    0x5, 0x0, 0x3f, 0xfa, 0x44, 0x20, 0x1f, 0xfc,
    0x1c, 0x0, 0xf2, 0x0, 0x7f, 0xd8, 0x1, 0xff,
    0xc5, 0xc0, 0xf, 0xfe, 0x2, 0x0, 0x7b, 0x0,
    0x3f, 0xf8, 0x36, 0x1, 0xff, 0xd3, 0x70, 0xf,
    0xfe, 0xa, 0x0, 0x70, 0x90, 0x7, 0xfc, 0xe0,
    0x1f, 0xfc, 0x54, 0x0, 0xff, 0xe0, 0x98, 0x7,
    0x20, 0x7, 0xff, 0x4, 0xc0, 0x3f, 0xfa, 0x7a,
    0x1, 0xff, 0xc2, 0x30, 0xc, 0x80, 0x1f, 0xf1,
    0x8, 0x7, 0xff, 0x19, 0x0, 0x3f, 0xf8, 0x8,
    0x1, 0x8c, 0x3, 0xff, 0x82, 0x80, 0x1f, 0xfd,
    0x44, 0x0, 0xff, 0xe1, 0x20, 0x6, 0xc0, 0xf,
    0xf9, 0x0, 0x3f, 0xf8, 0xf8, 0x1, 0xff, 0xc0,
    0xc0, 0xc, 0x80, 0x1f, 0xfc, 0x1d, 0x0, 0xff,
    0xea, 0xa0, 0x7, 0xff, 0x7, 0x0, 0x32, 0x0,
    0x7f, 0xd8, 0x1, 0xff, 0xc7, 0x40, 0xf, 0xfe,
    0x2, 0x0, 0x6d, 0x0, 0xff, 0xe0, 0xa0, 0x7,
    0xff, 0x57, 0x0, 0x3f, 0xf8, 0x2a, 0x1, 0x11,
    0x0, 0x3f, 0xe4, 0x0, 0xff, 0xe3, 0x98, 0x7,
    0xff, 0x4, 0xc0, 0x24, 0x0, 0xff, 0xe0, 0x11,
    0x0, 0x3f, 0xfa, 0xaa, 0x1, 0xff, 0xc1, 0x13,
    0x0, 0x20, 0x7, 0xfc, 0x42, 0x1, 0xff, 0xc8,
    0x40, 0xf, 0xfe, 0x5, 0x80, 0x8, 0x40, 0x3f,
    0xf8, 0x8, 0x1, 0xff, 0xd6, 0x22, 0x0, 0x7f,
    0xf0, 0x54, 0x1, 0x80, 0x1f, 0xf2, 0x0, 0x7f,
    0xf2, 0x70, 0x3, 0xff, 0x80, 0x80, 0x4, 0x0,
    0xff, 0xe0, 0xe0, 0x7, 0xff, 0x5d, 0x0, 0x3f,
    0xf8, 0x38, 0x0, 0x40, 0xf, 0xfb, 0x0, 0x3f,
    0xf9, 0x28, 0x1, 0xff, 0xc0, 0x30, 0x7, 0x80,
    0x7f, 0xf0, 0x54, 0x3, 0xff, 0xaf, 0xa0, 0x1f,
    0xfc, 0x14, 0x2, 0x10, 0xf, 0xf9, 0x0, 0x3f,
    0xf9, 0x26, 0x20, 0x1f, 0xfc, 0x4, 0x4, 0x0,
    0xff, 0xe0, 0x18, 0x7, 0xff, 0x61, 0x0, 0x3f,
    0xf8, 0x22, 0x48, 0x1, 0xff, 0x10, 0x80, 0x7f,
    0xf2, 0x90, 0x3, 0xff, 0x81, 0x82, 0x40, 0x1f,
    0xfc, 0xb, 0x0, 0xff, 0xec, 0xa0, 0x7, 0xff,
    0x5, 0x30, 0x3, 0xfe, 0x40, 0xf, 0xfe, 0x5e,
    0x0, 0x7f, 0xf0, 0x11, 0x0, 0x1f, 0xfc, 0x14,
    0x0, 0xff, 0xec, 0xe0, 0x7, 0xff, 0x7, 0x10,
    0x3, 0xfe, 0xc0, 0xf, 0xfe, 0x5a, 0x0, 0x7f,
    0xf0, 0xf, 0x0, 0x3f, 0xf8, 0x2, 0x60, 0x1f,
    0xfd, 0x95, 0x0, 0xff, 0xe0, 0xa8, 0x80, 0x7f,
    0xc8, 0x1, 0xff, 0xcb, 0x21, 0x0, 0xff, 0xe0,
    0x30, 0x7, 0xff, 0x1, 0x0, 0x3f, 0xfb, 0x44,
    0x40, 0xf, 0xfe, 0x61, 0x8, 0x7, 0xff, 0x31,
    0x0, 0x3f, 0xf9, 0xb8, 0x1, 0xff, 0xdb, 0x40,
    0xf, 0xfe, 0x62, 0x0, 0x7f, 0xf3, 0x70, 0x3,
    0xff, 0x9a, 0xe0, 0x1f, 0xfd, 0xbd, 0x0, 0xff,
    0xe6, 0x60, 0x7, 0xff, 0x35, 0x0, 0x3f, 0xf9,
    0x84, 0x20, 0x1f, 0xfd, 0xb4, 0x0, 0xff, 0xe6,
    0x20, 0x7, 0xff, 0x34, 0x84, 0x3, 0xff, 0x96,
    0x80, 0x1f, 0xfd, 0xd4, 0x0, 0xff, 0xe5, 0x18,
    0x80, 0x7f, 0xf3, 0x9c, 0x3, 0xff, 0x97, 0xa0,
    0x1f, 0xfd, 0xdc, 0x0, 0xff, 0xe5, 0x20, 0x7,
    0xff, 0x3f, 0x0, 0x3f, 0xf9, 0x68, 0x1, 0xff,
    0xdd, 0x50, 0xf, 0xfe, 0x56, 0x0, 0x7f, 0xf3,
    0xd0, 0x3, 0xff, 0x94, 0x80, 0x1f, 0xfd, 0xe2,
    0x20, 0x7, 0xff, 0x25, 0x0, 0x3f, 0xf9, 0xe2,
    0x40, 0x1f, 0xfc, 0x9c, 0x0, 0xff, 0xef, 0xa0,
    0x7, 0xff, 0x20, 0xc0, 0x3f, 0xfa, 0x28, 0x1,
    0xff, 0xc9, 0x40, 0xf, 0xfe, 0xfe, 0x80, 0x7f,
    0xf2, 0x10, 0x3, 0xff, 0xa3, 0x80, 0x1f, 0xfc,
    0x81, 0x30, 0xf, 0xfe, 0xfa, 0x0, 0x7f, 0xf2,
    0x30, 0x3, 0xff, 0xa2, 0x80, 0x1f, 0xfc, 0x84,
    0x0, 0xff, 0xf0, 0xa0, 0x7, 0xff, 0x1d, 0x0,
    0x3f, 0xfa, 0x22, 0x40, 0x1f, 0xfc, 0x7f, 0x0,
    0xff, 0xf0, 0xe8, 0x7, 0xff, 0x18, 0xc0, 0x3f,
    0xfa, 0x68, 0x1, 0xff, 0xc7, 0x40, 0xf, 0xff,
    0xa, 0x0, 0x7f, 0xf1, 0x90, 0x3, 0xff, 0xa7,
    0xa0, 0x1f, 0xfc, 0x62, 0x10, 0xf, 0xff, 0x9,
    0x10, 0x3, 0xff, 0x8b, 0x80, 0x1f, 0xfd, 0x34,
    0x0, 0xff, 0xe3, 0x28, 0x7, 0xff, 0x8d, 0x0,
    0x3f, 0xf8, 0xa8, 0x1, 0xff, 0xd4, 0x30, 0xf,
    0xfe, 0x2e, 0x0, 0x7f, 0xf8, 0xf4, 0x3, 0xff,
    0x88, 0x60, 0x1f, 0xfd, 0x54, 0x0, 0xff, 0xe2,
    0xa0, 0x7, 0xff, 0x8d, 0x0, 0x3f, 0xf8, 0x88,
    0x1, 0xff, 0xd5, 0xc0, 0xf, 0xfe, 0x22, 0x0,
    0x7f, 0xf9, 0x50, 0x3, 0xff, 0x87, 0x80, 0x1f,
    0xfd, 0x54, 0x0, 0xff, 0xe2, 0x68, 0x7, 0xff,
    0x97, 0x40, 0x3f, 0xf8, 0x68, 0x1, 0xff, 0xd6,
    0x30, 0xf, 0xfe, 0x1a, 0x0, 0x7f, 0xf9, 0x50,
    0x3, 0xff, 0x84, 0x60, 0x1f, 0xfd, 0x74, 0x0,
    0xff, 0xe1, 0x9, 0x0, 0x7f, 0xf3, 0x0,

    /* U+0058 "X" */
    0x0, 0x12, 0x27, 0xff, 0x10, 0x80, 0x3f, 0xfb,
    0xa8, 0x9f, 0xfc, 0x33, 0x0, 0xfa, 0xef, 0xff,
    0x89, 0xa4, 0x1, 0xff, 0xdb, 0xab, 0xbf, 0xfe,
    0x1d, 0x0, 0x78, 0xa4, 0x3, 0xff, 0x89, 0xc0,
    0x1f, 0xfd, 0xa4, 0x50, 0xf, 0xfe, 0x10, 0xc8,
    0x7, 0xcc, 0x80, 0x1f, 0xfc, 0x33, 0x60, 0xf,
    0xfe, 0xcd, 0x0, 0x7f, 0xf0, 0xe8, 0x3, 0xfa,
    0x84, 0x3, 0xff, 0x87, 0x24, 0x1, 0xff, 0xd7,
    0x91, 0x0, 0xff, 0xe1, 0x32, 0x0, 0x7f, 0xd,
    0x80, 0x7f, 0xf1, 0x24, 0x3, 0xff, 0xac, 0x8c,
    0x1, 0xff, 0xc2, 0x19, 0x0, 0xff, 0x95, 0x40,
    0x1f, 0xfc, 0x34, 0x60, 0xf, 0xfe, 0xad, 0x0,
    0x7f, 0xf0, 0xe8, 0x3, 0xff, 0x83, 0x62, 0x1,
    0xff, 0xc3, 0x91, 0x0, 0xff, 0xe9, 0xc8, 0x80,
    0x7f, 0xf0, 0x99, 0x0, 0x3f, 0xf8, 0x23, 0x40,
    0x1f, 0xfc, 0x4a, 0x0, 0xff, 0xe9, 0x23, 0x0,
    0x7f, 0xf0, 0x8a, 0x40, 0x3f, 0xf8, 0x68, 0xc0,
    0x1f, 0xfc, 0x34, 0x50, 0xf, 0xfe, 0x8d, 0x0,
    0x7f, 0xf0, 0xf8, 0x3, 0xff, 0x8b, 0x24, 0x1,
    0xff, 0xc3, 0xb1, 0x0, 0xff, 0xe7, 0xc8, 0x80,
    0x7f, 0xf0, 0x98, 0xc0, 0x3f, 0xf8, 0xdc, 0x1,
    0xff, 0xc3, 0x1b, 0x0, 0xff, 0xe7, 0x23, 0x0,
    0x7f, 0xf0, 0x8a, 0x40, 0x3f, 0xf8, 0xe6, 0xe0,
    0x1f, 0xfc, 0x35, 0x50, 0x7, 0xff, 0x36, 0x80,
    0x3f, 0xf8, 0x7c, 0x1, 0xff, 0xc9, 0x82, 0x0,
    0xff, 0xe1, 0xd8, 0x80, 0x7f, 0xf2, 0xe4, 0x40,
    0x3f, 0xf8, 0x4e, 0x60, 0x1f, 0xfc, 0xaf, 0x0,
    0xff, 0xe1, 0x8d, 0x80, 0x7f, 0xf2, 0x91, 0x80,
    0x3f, 0xf8, 0x45, 0x0, 0x1f, 0xfc, 0xb2, 0x80,
    0xf, 0xfe, 0x1a, 0xa0, 0x7, 0xff, 0x26, 0x40,
    0x3f, 0xf8, 0x7c, 0x1, 0xff, 0xcd, 0x73, 0x0,
    0xff, 0xe1, 0xd0, 0x7, 0xff, 0x22, 0x48, 0x3,
    0xff, 0x84, 0xe6, 0x1, 0xff, 0xce, 0xe0, 0xf,
    0xfe, 0x18, 0xc8, 0x7, 0xff, 0x19, 0x18, 0x3,
    0xff, 0x84, 0x50, 0x1, 0xff, 0xcf, 0x29, 0x0,
    0xff, 0xe1, 0xb2, 0x0, 0x7f, 0xf1, 0x64, 0x3,
    0xff, 0x87, 0xc0, 0x1f, 0xfd, 0x16, 0x40, 0xf,
    0xfe, 0x1c, 0x80, 0x7f, 0xf1, 0x24, 0x80, 0x3f,
    0xf8, 0x4e, 0x60, 0x1f, 0xfd, 0x2a, 0x10, 0xf,
    0xfe, 0x11, 0x48, 0x7, 0xff, 0x8, 0xd8, 0x3,
    0xff, 0x84, 0x50, 0x1, 0xff, 0xd3, 0x1b, 0x0,
    0xff, 0xe1, 0xb1, 0x80, 0x7f, 0xf0, 0x78, 0x3,
    0xff, 0x87, 0xc0, 0x1f, 0xfd, 0x55, 0x50, 0x7,
    0xff, 0xf, 0x80, 0x3f, 0xf8, 0x12, 0x40, 0x1f,
    0xfc, 0x28, 0x30, 0xf, 0xfe, 0xb5, 0x88, 0x7,
    0xff, 0x8, 0xa0, 0x3, 0xfc, 0x6c, 0x1, 0xff,
    0xc2, 0x37, 0x0, 0xff, 0xeb, 0x8d, 0x0, 0x7f,
    0xf0, 0xdc, 0xc0, 0x3f, 0xb8, 0x3, 0xff, 0x87,
    0xc0, 0x1f, 0xfd, 0x94, 0x60, 0xf, 0xfe, 0x1f,
    0x0, 0x7e, 0x92, 0x0, 0xff, 0xe1, 0x41, 0x0,
    0x7f, 0xf6, 0xa4, 0x80, 0x3f, 0xf8, 0x45, 0x0,
    0x1e, 0x36, 0x0, 0xff, 0xe1, 0x1b, 0x80, 0x7f,
    0xf7, 0x38, 0x3, 0xff, 0x86, 0xe6, 0x1, 0xdc,
    0x1, 0xff, 0xc3, 0xe0, 0xf, 0xfe, 0xe9, 0xb8,
    0x7, 0xff, 0xf, 0xc0, 0x34, 0x10, 0x7, 0xff,
    0xa, 0x8, 0x3, 0xff, 0xbd, 0x6, 0x1, 0xff,
    0xc2, 0x37, 0x0, 0x1b, 0x80, 0x7f, 0xf0, 0x8d,
    0xc0, 0x3f, 0xfc, 0x1c, 0x1, 0xff, 0xc3, 0x82,
    0xe, 0x0, 0xff, 0xe1, 0xf0, 0x7, 0xff, 0x84,
    0xa0, 0x3, 0xff, 0x87, 0xd0, 0x40, 0x1f, 0xfc,
    0x28, 0x20, 0xf, 0xff, 0x13, 0x98, 0x7, 0xff,
    0x8, 0xdc, 0x3, 0xff, 0x84, 0x6e, 0x1, 0xff,
    0xe4, 0xe0, 0xf, 0xfe, 0x97, 0x0, 0x7f, 0xf9,
    0x4a, 0x40, 0x3f, 0xfa, 0x12, 0x40, 0x1f, 0xfe,
    0x66, 0x40, 0xf, 0xfe, 0x72, 0x30, 0x7, 0xff,
    0xa2, 0x84, 0x3, 0xff, 0x9b, 0x20, 0x1f, 0xfe,
    0x91, 0xb0, 0xf, 0xfe, 0x64, 0x90, 0x7, 0xff,
    0xa9, 0x54, 0x1, 0xff, 0xca, 0x46, 0x0, 0xff,
    0xf6, 0x50, 0x80, 0x7f, 0xf2, 0x68, 0x3, 0xff,
    0xdd, 0x40, 0x1f, 0xfc, 0x89, 0x10, 0xf, 0xff,
    0x72, 0x30, 0x7, 0xff, 0x19, 0x18, 0x3, 0xff,
    0xe1, 0x24, 0x1, 0xff, 0xc5, 0xa0, 0xf, 0xff,
    0x88, 0x98, 0x7, 0xff, 0x11, 0xc4, 0x3, 0xff,
    0xe3, 0x42, 0x1, 0xff, 0xc4, 0x71, 0x0, 0xff,
    0xf8, 0x2a, 0x0, 0x7f, 0xf1, 0xb4, 0x3, 0xff,
    0xde, 0x36, 0x1, 0xff, 0xc7, 0x37, 0x0, 0xff,
    0xf7, 0x50, 0x80, 0x7f, 0xf2, 0x20, 0x80, 0x3f,
    0xfd, 0x8a, 0x80, 0x1f, 0xfc, 0xaf, 0x0, 0xff,
    0xf5, 0x8d, 0x80, 0x7f, 0xf2, 0xca, 0x0, 0x3f,
    0xfd, 0x56, 0x20, 0x1f, 0xfc, 0xc7, 0x30, 0xf,
    0xff, 0x42, 0xa8, 0x3, 0xff, 0x9d, 0xc0, 0x1f,
    0xfe, 0x71, 0xb0, 0xf, 0xfe, 0x79, 0x48, 0x7,
    0xff, 0x9a, 0xc4, 0x3, 0xff, 0xa0, 0xc8, 0x1,
    0xff, 0xe4, 0x55, 0x0, 0x7f, 0xf4, 0xa8, 0x40,
    0x3f, 0xfc, 0x43, 0x60, 0x1f, 0xfc, 0x21, 0xd1,
    0x0, 0xff, 0xe1, 0xd, 0x0, 0x7f, 0xf8, 0xac,
    0x40, 0x3f, 0xf8, 0x56, 0x56, 0x1, 0xff, 0xc3,
    0x46, 0x0, 0xff, 0xf0, 0x2a, 0x80, 0x3f, 0xf8,
    0x48, 0xa0, 0xaa, 0x0, 0xff, 0xe1, 0xc9, 0x0,
    0x7f, 0xf7, 0x86, 0xc0, 0x3f, 0xf8, 0x74, 0x1,
    0x58, 0x80, 0x7f, 0xf0, 0xf8, 0x3, 0xff, 0xbd,
    0x62, 0x1, 0xff, 0xc2, 0x91, 0x0, 0x86, 0x80,
    0x3f, 0xf8, 0x66, 0xe0, 0x1f, 0xfd, 0xc4, 0x50,
    0xf, 0xfe, 0x12, 0x30, 0x7, 0x22, 0x80, 0x7f,
    0xf0, 0xe0, 0xc0, 0x3f, 0xfb, 0x43, 0x40, 0x1f,
    0xfc, 0x39, 0x0, 0xfa, 0x84, 0x3, 0xff, 0x87,
    0xc0, 0x1f, 0xfd, 0xab, 0x10, 0xf, 0xfe, 0x14,
    0x10, 0x7, 0xea, 0x0, 0xff, 0xe1, 0x94, 0x0,
    0x7f, 0xf6, 0x11, 0x40, 0x3f, 0xf8, 0x46, 0xe0,
    0x1f, 0xc8, 0xc0, 0x1f, 0xfc, 0x37, 0x40, 0xf,
    0xfe, 0xb0, 0xd0, 0x7, 0xff, 0xf, 0x80, 0x3f,
    0xe9, 0x10, 0xf, 0xfe, 0x1d, 0x0, 0x7f, 0xf5,
    0xac, 0x40, 0x3f, 0xf8, 0x50, 0x40, 0x1f, 0xfc,
    0xa, 0x0, 0xff, 0xe1, 0x8d, 0x0, 0x7f, 0xf5,
    0x11, 0x40, 0x3f, 0xf8, 0x44, 0xe0, 0x1f, 0xfc,
    0x14, 0x60, 0xf, 0xfe, 0x1a, 0xa8, 0x3, 0xff,
    0xa7, 0x40, 0x1f, 0xfc, 0x3e, 0x0, 0xff, 0xe1,
    0xc9, 0x0, 0x7f, 0xf0, 0xec, 0x40, 0x3f, 0xfa,
    0x32, 0x20, 0x1f, 0xfc, 0x27, 0x30, 0xf, 0xfe,
    0x27, 0x0, 0x7f, 0xf0, 0xc6, 0x80, 0x3f, 0xfa,
    0x8, 0xc0, 0x1f, 0xfc, 0x22, 0x80, 0xf, 0xfe,
    0x29, 0xb0, 0x7, 0xff, 0xd, 0x18, 0x3, 0xff,
    0x9f, 0x40, 0x1f, 0xfc, 0x3e, 0x0, 0xff, 0xe3,
    0xc9, 0x0, 0x7f, 0xf0, 0xe4, 0x80, 0x3f, 0xf9,
    0xb2, 0x20, 0x1f, 0xfc, 0x26, 0x30, 0xf, 0xfe,
    0x47, 0x0, 0x7f, 0xf1, 0x38, 0x3, 0xff, 0x98,
    0x8c, 0x1, 0xff, 0xc2, 0x29, 0x0, 0xff, 0xe4,
    0x9b, 0x80, 0x7f, 0xf0, 0xcd, 0xc0, 0x3f, 0xf9,
    0x74, 0x1, 0xff, 0xc3, 0x90, 0xf, 0xfe, 0x5c,
    0x10, 0x7, 0xff, 0xe, 0xc, 0x3, 0xff, 0x93,
    0x22, 0x1, 0xff, 0xc2, 0x64, 0x0, 0xff, 0xe6,
    0x70, 0x7, 0xff, 0x13, 0x80, 0x3f, 0xf9, 0x8,
    0xc0, 0x1f, 0xfc, 0x21, 0x80, 0xf, 0xfe, 0x69,
    0xb8, 0x7, 0xff, 0xc, 0xa4, 0x3, 0xff, 0x8f,
    0x20, 0x1f, 0xfc, 0x3a, 0x10, 0xf, 0xfe, 0x74,
    0x10, 0x7, 0xff, 0xd, 0x90, 0x3, 0xff, 0x8b,
    0x24, 0x1, 0xff, 0xc2, 0x54, 0x0, 0xff, 0xe8,
    0x70, 0x7, 0xff, 0x12, 0x84, 0x3, 0xff, 0x86,
    0x8c, 0x1, 0xff, 0xc2, 0x1b, 0x0, 0xff, 0xe8,
    0x9b, 0x80, 0x7f, 0xf0, 0xc6, 0xc0, 0x3f, 0xf8,
    0x72, 0x1, 0xff, 0xc3, 0xb1, 0x0, 0xff, 0xe9,
    0x41, 0x80, 0x7f, 0xf0, 0xd5, 0x40, 0x1f, 0xfc,
    0x19, 0x20, 0xf, 0xfe, 0x12, 0x28, 0x7, 0xff,
    0x53, 0x80, 0x3f, 0xf8, 0x96, 0x20, 0x1f, 0xf1,
    0xb0, 0x7, 0xff, 0xe, 0x80, 0x3f, 0xfa, 0xa5,
    0x0, 0x1f, 0xfc, 0x31, 0xa0, 0xf, 0xfb, 0x80,
    0x3f, 0xf8, 0x72, 0x20, 0x1f, 0xfd, 0x67, 0x30,
    0xf, 0xfe, 0x1a, 0x30, 0x7, 0xf4, 0x90, 0x7,
    0xff, 0x9, 0x18, 0x3, 0xff, 0xb1, 0xc0, 0x1f,
    0xfc, 0x49, 0x20, 0xf, 0x8d, 0x80, 0x3f, 0xf8,
    0x72, 0x1, 0xff, 0xd9, 0x28, 0x0, 0xff, 0xe2,
    0x70, 0x7, 0xdc, 0x1, 0xff, 0xc3, 0x92, 0x0,
    0xff, 0xed, 0x39, 0x80, 0x7f, 0xf0, 0xce, 0x0,
    0x3a, 0x8, 0x3, 0xff, 0x84, 0x6c, 0x1, 0xff,
    0xdc, 0xe0, 0xf, 0xfe, 0x23, 0x98, 0x4, 0x6e,
    0x1, 0xff, 0xc3, 0xe0, 0xf, 0xfe, 0xe9, 0x48,
    0x7, 0xff, 0x13, 0x80, 0x2e, 0x0, 0xff, 0xe1,
    0xc1, 0x0, 0x7f, 0xf7, 0x98, 0xc0, 0x3f, 0xf8,
    0x65, 0x21, 0x4, 0x1, 0xff, 0xc2, 0x37, 0x0,
    0xff, 0xf0, 0x70, 0x7, 0xff, 0x11, 0x90,

    /* U+0059 "Y" */
    0x28, 0x8f, 0xfe, 0x22, 0x0, 0x7f, 0xf7, 0x8a,
    0x23, 0xff, 0x86, 0xa4, 0xae, 0xff, 0xfc, 0x3a,
    0x0, 0xff, 0xef, 0x4b, 0xbf, 0xff, 0xc, 0x42,
    0x0, 0x3f, 0xf8, 0x62, 0xe0, 0x1f, 0xfd, 0xc4,
    0x40, 0x7, 0xff, 0x9, 0x10, 0xa, 0x80, 0x1f,
    0xfc, 0x38, 0x10, 0xf, 0xfe, 0xdc, 0x80, 0x7f,
    0xf0, 0xe4, 0x2, 0x90, 0xf, 0xfe, 0x24, 0x0,
    0x7f, 0xf6, 0x98, 0x80, 0x3f, 0xf8, 0x4e, 0x40,
    0x11, 0x38, 0x7, 0xff, 0xd, 0x88, 0x3, 0xff,
    0xb3, 0x0, 0x1f, 0xfc, 0x21, 0x80, 0xe, 0x81,
    0x0, 0xff, 0xe1, 0xc8, 0x7, 0xff, 0x62, 0x4,
    0x3, 0xff, 0x85, 0x0, 0x1f, 0x58, 0x7, 0xff,
    0xd, 0xc, 0x3, 0xff, 0xac, 0x2e, 0x1, 0xff,
    0xc2, 0x36, 0x0, 0xf9, 0x4c, 0x3, 0xff, 0x87,
    0xe0, 0x1f, 0xfd, 0x6b, 0x0, 0xff, 0xe1, 0xf8,
    0x7, 0xf7, 0x0, 0x7f, 0xf0, 0xcd, 0x40, 0x3f,
    0xfa, 0x86, 0xa0, 0x1f, 0xfc, 0x25, 0x30, 0xf,
    0xe2, 0x60, 0xf, 0xfe, 0x1d, 0x80, 0x7f, 0xf5,
    0x3c, 0x3, 0xff, 0x87, 0x60, 0x1f, 0xf4, 0x8,
    0x7, 0xff, 0x8, 0x5c, 0x3, 0xff, 0xa4, 0xa6,
    0x1, 0xff, 0xc2, 0x81, 0x0, 0xff, 0x86, 0x0,
    0x3f, 0xf8, 0x72, 0x20, 0x1f, 0xfd, 0x1b, 0x0,
    0xff, 0xe1, 0x13, 0x80, 0x7f, 0xf0, 0x58, 0xc0,
    0x3f, 0xf8, 0x43, 0x0, 0x1f, 0xfd, 0x7, 0x10,
    0xf, 0xfe, 0x14, 0x0, 0x7f, 0xf0, 0xfc, 0x3,
    0xff, 0x86, 0xc4, 0x1, 0xff, 0xce, 0x18, 0x0,
    0xff, 0xe1, 0x22, 0x80, 0x7f, 0xf0, 0xcd, 0x80,
    0x3f, 0xf8, 0x70, 0x1, 0xff, 0xce, 0x80, 0xf,
    0xfe, 0x1c, 0x80, 0x7f, 0xf1, 0x60, 0x40, 0x3f,
    0xf8, 0x4a, 0x60, 0x1f, 0xfc, 0xc3, 0x60, 0xf,
    0xfe, 0x13, 0x10, 0x7, 0xff, 0x14, 0x60, 0x3,
    0xff, 0x87, 0xe0, 0x1f, 0xfc, 0xc8, 0x0, 0xff,
    0xe1, 0xc, 0x0, 0x7f, 0xf1, 0xd8, 0xc0, 0x3f,
    0xf8, 0x46, 0xa0, 0x1f, 0xfc, 0xa5, 0x40, 0xf,
    0xfe, 0x14, 0x8, 0x7, 0xff, 0x23, 0xc0, 0x3f,
    0xf8, 0x70, 0x1, 0xff, 0xca, 0x80, 0xf, 0xfe,
    0x11, 0x30, 0x7, 0xff, 0x24, 0xd4, 0x3, 0xff,
    0x84, 0x4e, 0x1, 0xff, 0xc8, 0x72, 0x0, 0xff,
    0xe1, 0x48, 0x7, 0xff, 0x2e, 0xc0, 0x3f, 0xf8,
    0x72, 0x20, 0x1f, 0xfc, 0x61, 0x90, 0xf, 0xfe,
    0x12, 0xa0, 0x7, 0xff, 0x2c, 0x60, 0x3, 0xff,
    0x84, 0x32, 0x1, 0xff, 0xc6, 0x81, 0x0, 0xff,
    0xe1, 0x58, 0x7, 0xff, 0x35, 0xc8, 0x3, 0xff,
    0x84, 0xe4, 0x1, 0xff, 0xc4, 0x26, 0x0, 0xff,
    0xe1, 0x38, 0x80, 0x7f, 0xf3, 0xa4, 0x3, 0xff,
    0x87, 0x0, 0x1f, 0xfc, 0x49, 0x0, 0xff, 0xe1,
    0xc, 0x0, 0x7f, 0xf3, 0xd1, 0x40, 0x3f, 0xf8,
    0x4a, 0x60, 0x1f, 0xfc, 0x24, 0x40, 0x7, 0xff,
    0xa, 0xc0, 0x3f, 0xfa, 0x36, 0x1, 0xff, 0xc3,
    0xf0, 0xf, 0xfe, 0x14, 0x80, 0x7f, 0xf0, 0x8d,
    0x40, 0x3f, 0xfa, 0x23, 0x0, 0x1f, 0xfc, 0x23,
    0x50, 0xf, 0xfe, 0x3, 0x10, 0x7, 0xff, 0xb,
    0xc0, 0x3f, 0xfa, 0x6e, 0x40, 0x1f, 0xfc, 0x28,
    0x0, 0xff, 0xe0, 0x40, 0x7, 0xff, 0x9, 0x8c,
    0x3, 0xff, 0xa9, 0x20, 0x1f, 0xfc, 0x22, 0x60,
    0xf, 0xf4, 0x8, 0x7, 0xff, 0xa, 0x0, 0x3f,
    0xfa, 0xa8, 0x80, 0xf, 0xfe, 0x14, 0x0, 0x7f,
    0x13, 0x80, 0x7f, 0xf0, 0xa0, 0x40, 0x3f, 0xfa,
    0xd2, 0x1, 0xff, 0xc2, 0x18, 0x0, 0xfd, 0x0,
    0x1f, 0xfc, 0x22, 0x70, 0xf, 0xfe, 0xb9, 0x38,
    0x7, 0xff, 0x9, 0xc4, 0x3, 0xc6, 0xa0, 0x1f,
    0xfc, 0x29, 0x0, 0xff, 0xec, 0xc0, 0x80, 0x7f,
    0xf0, 0xac, 0x3, 0xde, 0x1, 0xff, 0xc2, 0x44,
    0x0, 0x7f, 0xf6, 0xac, 0x3, 0xff, 0x84, 0xa6,
    0x1, 0x98, 0xc0, 0x3f, 0xf8, 0x52, 0x1, 0xff,
    0xdb, 0x54, 0x0, 0xff, 0xe1, 0x40, 0x6, 0x80,
    0xf, 0xfe, 0x13, 0x90, 0x7, 0xff, 0x72, 0x40,
    0x3f, 0xf8, 0x48, 0x80, 0x4, 0x8, 0x7, 0xff,
    0x4, 0x60, 0x3, 0xff, 0xba, 0x4e, 0x1, 0xff,
    0xc2, 0x90, 0x17, 0x0, 0xff, 0xe1, 0x58, 0x7,
    0xff, 0x7e, 0x4, 0x3, 0xff, 0x82, 0x4d, 0x60,
    0x1f, 0xfc, 0x23, 0x50, 0xf, 0xff, 0x5, 0x80,
    0x7f, 0xf0, 0xa1, 0x40, 0x3f, 0xf8, 0x5e, 0x1,
    0xff, 0xe1, 0x53, 0x0, 0xff, 0xe0, 0x88, 0x7,
    0xff, 0x9, 0x4c, 0x3, 0xff, 0xc5, 0xe0, 0x1f,
    0xfd, 0xb, 0x0, 0xff, 0xf1, 0x9b, 0x0, 0x7f,
    0xf3, 0xa0, 0x40, 0x3f, 0xfc, 0x90, 0x20, 0x1f,
    0xfc, 0xc2, 0x70, 0xf, 0xff, 0x28, 0xc0, 0x7,
    0xff, 0x32, 0x40, 0x3f, 0xfc, 0xec, 0x60, 0x1f,
    0xfc, 0xa4, 0x40, 0x7, 0xff, 0xa3, 0xc0, 0x3f,
    0xf9, 0x52, 0x1, 0xff, 0xe9, 0x35, 0x0, 0xff,
    0xe4, 0x39, 0x0, 0x7f, 0xfa, 0xac, 0x3, 0xff,
    0x8e, 0x32, 0x1, 0xff, 0xeb, 0x18, 0x0, 0xff,
    0xe3, 0x40, 0x80, 0x7f, 0xfb, 0x1c, 0x80, 0x3f,
    0xf8, 0x86, 0xc0, 0x1f, 0xfe, 0xe9, 0x0, 0xff,
    0xe2, 0x78, 0x7, 0xff, 0xbd, 0x14, 0x3, 0xff,
    0x84, 0xa6, 0x1, 0xff, 0xf0, 0x20, 0xf, 0xfe,
    0x11, 0x0, 0x7f, 0xff, 0xc0, 0x3f, 0xff, 0xe0,
    0x1f, 0xff, 0xf0, 0xf, 0xff, 0xf8, 0x7, 0xff,
    0xfc, 0x3, 0xff, 0xfe, 0x1, 0xff, 0xff, 0x0,
    0xff, 0xff, 0x80, 0x7f, 0xff, 0xc0, 0x3f, 0xff,
    0xe0, 0x1f, 0xff, 0xf0, 0xf, 0xff, 0xf8, 0x7,
    0xff, 0xfc, 0x3, 0xff, 0xfe, 0x1, 0xff, 0xff,
    0x0, 0xff, 0xff, 0x80, 0x7f, 0xff, 0xc0, 0x3f,
    0xff, 0xe0, 0x1f, 0xff, 0xf0, 0xf, 0xff, 0xf8,
    0x7, 0xff, 0xfc, 0x3, 0xff, 0xfe, 0x1, 0xff,
    0xff, 0x0, 0xff, 0xff, 0x80, 0x7f, 0xff, 0xc0,
    0x3f, 0xff, 0xe0, 0x1f, 0xff, 0xf0, 0xf, 0xff,
    0xf8, 0x7, 0xff, 0xfc, 0x3, 0xff, 0xfe, 0x1,
    0xff, 0xff, 0x0, 0xff, 0xff, 0x80, 0x7f, 0xff,
    0xc0, 0x3f, 0xff, 0xe0, 0x1f, 0xff, 0xf0, 0xf,
    0xff, 0xf8, 0x7, 0xff, 0xfc, 0x3, 0xff, 0x9e,

    /* U+005A "Z" */
    0xc, 0xff, 0xff, 0xfa, 0x20, 0x7, 0xff, 0xfc,
    0x3, 0xff, 0xfe, 0x1, 0xff, 0xff, 0x0, 0xff,
    0xff, 0x80, 0x7f, 0xff, 0xc0, 0x3f, 0xff, 0xe0,
    0x1f, 0xff, 0xf0, 0xf, 0xff, 0xf8, 0x7, 0xff,
    0xfc, 0x3, 0xff, 0xf8, 0xc0, 0x1f, 0xff, 0x69,
    0x20, 0x6, 0x7f, 0xff, 0xf8, 0x78, 0x40, 0x3f,
    0xf8, 0x6a, 0xc0, 0x1f, 0xfe, 0x5a, 0x10, 0xf,
    0xfe, 0x11, 0x50, 0x7, 0xff, 0x95, 0xd0, 0x3,
    0xff, 0x87, 0xc0, 0x1f, 0xfe, 0x53, 0x80, 0xf,
    0xfe, 0x1c, 0x18, 0x7, 0xff, 0x90, 0x74, 0x3,
    0xff, 0x86, 0x8e, 0x1, 0xff, 0xe5, 0xa1, 0x0,
    0xff, 0xe1, 0xd, 0x0, 0x7f, 0xf9, 0x5d, 0x0,
    0x3f, 0xf8, 0x7a, 0x20, 0x1f, 0xfe, 0x43, 0x80,
    0xf, 0xfe, 0x1c, 0x18, 0x7, 0xff, 0x97, 0x80,
    0x3f, 0xf8, 0x68, 0xe0, 0x1f, 0xfe, 0x5a, 0x20,
    0xf, 0xfe, 0x10, 0xd0, 0x7, 0xff, 0x95, 0x94,
    0x3, 0xff, 0x87, 0x42, 0x1, 0xff, 0xe4, 0x29,
    0x0, 0xff, 0xe1, 0xba, 0x0, 0x7f, 0xf9, 0x7c,
    0x3, 0xff, 0x86, 0x70, 0x1, 0xff, 0xe5, 0xa2,
    0x0, 0xff, 0xe1, 0xe, 0x80, 0x7f, 0xf9, 0x59,
    0x40, 0x3f, 0xf8, 0x74, 0x20, 0x1f, 0xfe, 0x42,
    0x90, 0xf, 0xfe, 0x1b, 0xa0, 0x7, 0xff, 0x97,
    0xc0, 0x3f, 0xf8, 0x67, 0x0, 0x1f, 0xfe, 0x59,
    0x20, 0xf, 0xfe, 0x10, 0xe8, 0x7, 0xff, 0x95,
    0x58, 0x3, 0xff, 0x87, 0x62, 0x1, 0xff, 0xe4,
    0x2a, 0x0, 0xff, 0xe1, 0xb2, 0x80, 0x7f, 0xf9,
    0x78, 0x3, 0xff, 0x86, 0x72, 0x1, 0xff, 0xe5,
    0x93, 0x0, 0xff, 0xe1, 0xf0, 0x7, 0xff, 0x95,
    0x18, 0x3, 0xff, 0x87, 0x44, 0x1, 0xff, 0xe4,
    0x1a, 0x0, 0xff, 0xe1, 0xb2, 0x80, 0x7f, 0xf9,
    0x74, 0x40, 0x3f, 0xf8, 0x45, 0x20, 0x1f, 0xfe,
    0x58, 0x30, 0xf, 0xfe, 0x1f, 0x80, 0x7f, 0xf9,
    0x51, 0xc0, 0x3f, 0xf8, 0x74, 0x40, 0x1f, 0xfe,
    0x41, 0xa0, 0xf, 0xfe, 0x1a, 0xa8, 0x3, 0xff,
    0xcb, 0x42, 0x1, 0xff, 0xc2, 0x2a, 0x0, 0xff,
    0xf2, 0xba, 0x0, 0x7f, 0xf0, 0xfc, 0x3, 0xff,
    0xca, 0x70, 0x1, 0xff, 0xc3, 0x92, 0x0, 0xff,
    0xf2, 0xe, 0x80, 0x7f, 0xf0, 0xd5, 0x80, 0x3f,
    0xfc, 0xb4, 0x20, 0x1f, 0xfc, 0x22, 0xa0, 0xf,
    0xff, 0x2b, 0xa0, 0x7, 0xff, 0xf, 0x80, 0x3f,
    0xfc, 0xa7, 0x0, 0x1f, 0xfc, 0x39, 0x30, 0xf,
    0xff, 0x20, 0xe8, 0x7, 0xff, 0xd, 0x18, 0x3,
    0xff, 0xcb, 0x62, 0x1, 0xff, 0xc2, 0x1a, 0x0,
    0xff, 0xf2, 0xb2, 0x80, 0x7f, 0xf0, 0xf4, 0x40,
    0x3f, 0xfc, 0x87, 0x20, 0x1f, 0xfc, 0x38, 0x30,
    0xf, 0xff, 0x2f, 0x0, 0x7f, 0xf0, 0xd1, 0xc0,
    0x3f, 0xfc, 0xb4, 0x40, 0x1f, 0xfc, 0x21, 0xa0,
    0xf, 0xff, 0x2b, 0x28, 0x7, 0xff, 0xe, 0x84,
    0x3, 0xff, 0xc8, 0x52, 0x1, 0xff, 0xc3, 0x84,
    0x0, 0xff, 0xf2, 0xf8, 0x7, 0xff, 0xd, 0x1c,
    0x3, 0xff, 0xcb, 0x24, 0x1, 0xff, 0xc2, 0x1a,
    0x0, 0xff, 0xf2, 0xab, 0x0, 0x7f, 0xf0, 0xe8,
    0x40, 0x3f, 0xfc, 0x85, 0x40, 0x1f, 0xfc, 0x37,
    0x40, 0xf, 0xff, 0x2f, 0x0, 0x7f, 0xf0, 0xce,
    0x0, 0x3f, 0xfc, 0xb2, 0x60, 0x1f, 0xfc, 0x21,
    0xd0, 0xf, 0xff, 0x2a, 0xb0, 0x7, 0xff, 0xe,
    0x84, 0x3, 0xff, 0xc8, 0x56, 0x1, 0xff, 0xc3,
    0x74, 0x0, 0xff, 0xf2, 0xf0, 0x80, 0x7f, 0xf0,
    0x8e, 0x0, 0x3f, 0xfc, 0xb0, 0x60, 0x1f, 0xfc,
    0x3e, 0x0, 0xff, 0xf2, 0xa3, 0x80, 0x7f, 0xf0,
    0xe8, 0x80, 0x3f, 0xfc, 0x83, 0x40, 0x1f, 0xfc,
    0x36, 0x50, 0xf, 0xff, 0x2e, 0x88, 0x7, 0xff,
    0x8, 0xa4, 0x3, 0xff, 0xcb, 0x6, 0x1, 0xff,
    0xc3, 0xf0, 0xf, 0xff, 0x2a, 0x38, 0x7, 0xff,
    0xe, 0x88, 0x3, 0xff, 0xc8, 0x34, 0x1, 0xff,
    0xc3, 0x65, 0x0, 0xff, 0xf2, 0xd0, 0x80, 0x7f,
    0xf0, 0x8a, 0x40, 0x3f, 0xfc, 0xae, 0x80, 0x1f,
    0xfc, 0x3f, 0x0, 0xff, 0xf2, 0x9c, 0x0, 0x7f,
    0xf0, 0xe4, 0x80, 0x3f, 0xfc, 0x83, 0xa0, 0x1f,
    0xfc, 0x34, 0x41, 0x17, 0xff, 0x8c, 0x42, 0x84,
    0x3, 0xff, 0x86, 0x9b, 0xbf, 0xfe, 0x4f, 0x64,
    0x0, 0xff, 0xfa, 0x96, 0x0, 0x7f, 0xfd, 0x98,
    0x3, 0xff, 0xee, 0x40, 0x1f, 0xff, 0x7e, 0x0,
    0xff, 0xfb, 0xa8, 0x7, 0xff, 0xdc, 0x80, 0x3f,
    0xfe, 0xe2, 0x1, 0xff, 0xf6, 0x20, 0xf, 0xff,
    0xbb, 0x0, 0x7f, 0xfd, 0xc8, 0x3, 0xff, 0xef,
    0xc0, 0x1f, 0xff, 0x72, 0x0,

    /* U+005B "[" */
    0x12, 0x2f, 0xfe, 0x78, 0x6e, 0xff, 0xf4, 0x10,
    0x3, 0xff, 0xfe, 0x1, 0xff, 0xff, 0x0, 0xff,
    0xff, 0x80, 0x7f, 0xff, 0xc0, 0x3f, 0xfa, 0xab,
    0xff, 0xff, 0xc1, 0x40, 0xf, 0xff, 0xf8, 0x7,
    0xff, 0xfc, 0x3, 0xff, 0xfe, 0x1, 0xff, 0xff,
    0x0, 0xff, 0xff, 0x80, 0x7f, 0xff, 0xc0, 0x3f,
    0xff, 0xe0, 0x1f, 0xff, 0xf0, 0xf, 0xff, 0xf8,
    0x7, 0xff, 0xfc, 0x3, 0xff, 0xfe, 0x1, 0xff,
    0xff, 0x0, 0xff, 0xff, 0x80, 0x7f, 0xff, 0xc0,
    0x3f, 0xff, 0xe0, 0x1f, 0xff, 0xf0, 0xf, 0xff,
    0xf8, 0x7, 0xff, 0xfc, 0x3, 0xff, 0xfe, 0x1,
    0xff, 0xff, 0x0, 0xff, 0xff, 0x80, 0x7f, 0xff,
    0xc0, 0x3f, 0xff, 0xe0, 0x1f, 0xff, 0xf0, 0xf,
    0xff, 0xf8, 0x7, 0xff, 0xfc, 0x3, 0xff, 0xfe,
    0x1, 0xff, 0xff, 0x0, 0xff, 0xff, 0x80, 0x7f,
    0xff, 0xc0, 0x3f, 0xff, 0xe0, 0x1f, 0xfd, 0xb2,
    0x2f, 0xfe, 0x8, 0x7, 0xff, 0xd, 0x77, 0x7f,
    0xf8, 0x28, 0x1, 0xff, 0xff, 0x0, 0xff, 0xff,
    0x80, 0x7f, 0xff, 0xc0, 0x3f, 0xff, 0xe0, 0x1f,
    0xfc, 0x70,

    /* U+005C "\\" */
    0xf, 0xff, 0xfe, 0x10, 0x7, 0xff, 0x49, 0x40,
    0x3f, 0xf8, 0x2a, 0x1, 0xff, 0xd1, 0xf0, 0xf,
    0xfe, 0xf, 0x80, 0x7f, 0xf4, 0x54, 0x3, 0xff,
    0x82, 0xa0, 0x1f, 0xfd, 0x24, 0x0, 0xff, 0xe0,
    0xa0, 0x7, 0xff, 0x47, 0x40, 0x3f, 0xf8, 0x3a,
    0x1, 0xff, 0xd1, 0x70, 0xf, 0xfe, 0xb, 0x80,
    0x7f, 0xf4, 0x44, 0xc0, 0x3f, 0xf8, 0x2, 0x60,
    0x1f, 0xfd, 0x1b, 0x0, 0xff, 0xe0, 0xd8, 0x7,
    0xff, 0x45, 0x40, 0x3f, 0xf8, 0x2a, 0x1, 0xff,
    0xd1, 0x22, 0x0, 0x7f, 0xf0, 0x8, 0x80, 0x1f,
    0xfd, 0x15, 0x0, 0xff, 0xe0, 0xa8, 0x7, 0xff,
    0x46, 0xc0, 0x3f, 0xf8, 0x36, 0x1, 0xff, 0xd1,
    0x31, 0x0, 0xff, 0xe0, 0x18, 0x80, 0x7f, 0xf4,
    0x5c, 0x3, 0xff, 0x82, 0xe0, 0x1f, 0xfd, 0x1d,
    0x0, 0xff, 0xe0, 0xe8, 0x7, 0xff, 0x45, 0x0,
    0x3f, 0xf8, 0x28, 0x20, 0x1f, 0xfd, 0x15, 0x0,
    0xff, 0xe0, 0xa0, 0x7, 0xff, 0x47, 0xc0, 0x3f,
    0xf8, 0x3e, 0x1, 0xff, 0xd1, 0x50, 0xf, 0xfe,
    0xa, 0x80, 0x7f, 0xf4, 0x90, 0x3, 0xff, 0x82,
    0x80, 0x1f, 0xfd, 0x1d, 0x0, 0xff, 0xe0, 0xe8,
    0x7, 0xff, 0x45, 0xc0, 0x3f, 0xf8, 0x2e, 0x1,
    0xff, 0xd1, 0x13, 0x0, 0xff, 0xe0, 0x9, 0x80,
    0x7f, 0xf4, 0x6c, 0x3, 0xff, 0x83, 0x40, 0x1f,
    0xfd, 0x15, 0x0, 0xff, 0xe0, 0xa0, 0x7, 0xff,
    0x44, 0x88, 0x1, 0xff, 0xc0, 0x23, 0x0, 0xff,
    0xe8, 0xa8, 0x7, 0xff, 0x6, 0xc0, 0x3f, 0xfa,
    0x36, 0x1, 0xff, 0xc1, 0x50, 0xf, 0xfe, 0x89,
    0x88, 0x7, 0xff, 0x0, 0x88, 0x1, 0xff, 0xd1,
    0x70, 0xf, 0xfe, 0xa, 0x80, 0x7f, 0xf4, 0x74,
    0x3, 0xff, 0x83, 0x60, 0x1f, 0xfd, 0x14, 0x0,
    0xff, 0xe0, 0x98, 0x80, 0x7f, 0xf4, 0x54, 0x3,
    0xff, 0x82, 0xe0, 0x1f, 0xfd, 0x1f, 0x0, 0xff,
    0xe0, 0xe8, 0x7, 0xff, 0x45, 0x40, 0x3f, 0xf8,
    0x28, 0x1, 0xff, 0xd2, 0x40, 0xf, 0xfe, 0xa,
    0x80, 0x7f, 0xf4, 0x74, 0x3, 0xff, 0x83, 0xe0,
    0x1f, 0xfd, 0x17, 0x0, 0xff, 0xe0, 0xa0, 0x7,
    0xff, 0x44, 0x4c, 0x3, 0xff, 0x80, 0x28, 0x1,
    0xff, 0xd1, 0xb0, 0xf, 0xfe, 0xe, 0x80, 0x7f,
    0xf4, 0x54, 0x3, 0xff, 0x82, 0xe0, 0x1f, 0xfd,
    0x12, 0x20, 0x7, 0xff, 0x0, 0x4c, 0x3, 0xff,
    0xa2, 0xa0, 0x1f, 0xfc, 0x1b, 0x0, 0xff, 0xe8,
    0xd8, 0x7, 0xff, 0x5, 0x40, 0x3f, 0xfa, 0x26,
    0x20, 0x1f, 0xfc, 0x2, 0x20, 0x7, 0xff, 0x45,
    0xc0, 0x3f, 0xf8, 0x2a, 0x1, 0xff, 0xd1, 0xd0,
    0xf, 0xfe, 0xd, 0x80, 0x7f, 0xf4, 0x50, 0x3,
    0xff, 0x82, 0x62, 0x1, 0xff, 0xd1, 0x50, 0xf,
    0xfe, 0xb, 0x80, 0x7f, 0xf4, 0x7c, 0x3, 0xff,
    0x83, 0xa0, 0x1f, 0xfd, 0x15, 0x0, 0xff, 0xe0,
    0xa0, 0x7, 0xff, 0x49, 0x0, 0x3f, 0xf8, 0x2a,
    0x1, 0xff, 0xd1, 0xd0, 0xf, 0xfe, 0xf, 0x80,
    0x7f, 0xf4, 0x5c, 0x3, 0xff, 0x82, 0xa0, 0x1f,
    0xfd, 0x11, 0x30, 0xf, 0xfe, 0xa, 0x0, 0x7f,
    0xf4, 0x6c, 0x3, 0xff, 0x83, 0xa0, 0x1f, 0xfd,
    0x15, 0x0, 0xff, 0xe0, 0xb8, 0x7, 0xff, 0x44,
    0x88, 0x1, 0xff, 0xc0, 0x13, 0x0, 0xff, 0xe8,
    0xa8, 0x7, 0xff, 0x6, 0xc0, 0x3f, 0xfa, 0x36,
    0x1, 0xff, 0xc1, 0x50, 0xf, 0xfe, 0x89, 0x88,
    0x7, 0xff, 0x0, 0x88, 0x1, 0xff, 0xd1, 0x70,
    0xf, 0xfe, 0xa, 0x80, 0x7f, 0xf4, 0x74, 0x3,
    0xff, 0x83, 0x60, 0x1f, 0xfd, 0x14, 0x0, 0xff,
    0xe0, 0x98, 0x80, 0x7f, 0xf4, 0x54, 0x3, 0xff,
    0x82, 0xe0, 0x1f, 0xfd, 0x1f, 0x0, 0xff, 0xe0,
    0xe8, 0x7, 0xff, 0x45, 0x40, 0x3f, 0xf8, 0x28,
    0x20, 0x1f, 0xfd, 0x14, 0x0, 0xff, 0xe0, 0xa0,
    0x7, 0xff, 0x47, 0x40, 0x3f, 0xf8, 0x3e, 0x1,
    0xff, 0xd1, 0x70, 0xf, 0xfe, 0xa, 0x80, 0x7f,
    0xf4, 0x44, 0xc0, 0x3f, 0xf8, 0x2a, 0x1, 0xff,
    0xd1, 0xb0, 0xf, 0xfe, 0xf, 0x80, 0x7f, 0xf4,
    0x54, 0x3, 0xff, 0x82, 0x80, 0x1f, 0xfd, 0x12,
    0x20, 0x7, 0xff, 0x0, 0x50, 0x3, 0xff, 0xa2,
    0xa0, 0x1f, 0xfc, 0x1d, 0x0, 0xff, 0xe8, 0xd8,
    0x7, 0xff, 0x5, 0xc0, 0x3f, 0xfa, 0x26, 0x20,
    0x1f, 0xfc, 0x1, 0x30, 0xf, 0xfe, 0x8b, 0x80,
    0x7f, 0xf0, 0x6c, 0x3, 0xff, 0xa3, 0xa0, 0x1f,
    0xfc, 0x15, 0x0, 0xff, 0xe8, 0xa0, 0x7, 0xff,
    0x4, 0x88, 0x1, 0xff, 0xd1, 0x50, 0xf, 0xfe,
    0xa, 0x80, 0x7f, 0xf4, 0x7c, 0x3, 0xff, 0x83,
    0x60, 0x1f, 0xfd, 0x15, 0x0, 0xff, 0xe0, 0x98,
    0x80, 0x7f, 0xf4, 0x50, 0x3, 0xff, 0x82, 0xe0,
    0x1f, 0xfd, 0x1d, 0x0, 0xff, 0xe0, 0xe8, 0x7,
    0xff, 0x45, 0xc0, 0x3f, 0xf8, 0x28, 0x1, 0xff,
    0xd1, 0x13, 0x0, 0xff, 0xe0, 0xa8, 0x7, 0xff,
    0x46, 0xc0, 0x3f, 0xf8, 0x3e, 0x1, 0xff, 0xd1,
    0x50, 0xf, 0xfe, 0xa, 0x80, 0x7f, 0xf4, 0x48,
    0x80, 0x1f, 0xfc, 0x14, 0x0, 0xff, 0xe8, 0xa8,
    0x7, 0xff, 0x7, 0x40,

    /* U+005D "]" */
    0x12, 0x2f, 0xfe, 0x78, 0x6e, 0xff, 0xf4, 0x18,
    0x3, 0xff, 0xfe, 0x1, 0xff, 0xff, 0x0, 0xff,
    0xff, 0x80, 0x7f, 0xff, 0xc0, 0x3f, 0xf8, 0xf9,
    0xff, 0xff, 0xc1, 0x0, 0xff, 0xff, 0x80, 0x7f,
    0xff, 0xc0, 0x3f, 0xff, 0xe0, 0x1f, 0xff, 0xf0,
    0xf, 0xff, 0xf8, 0x7, 0xff, 0xfc, 0x3, 0xff,
    0xfe, 0x1, 0xff, 0xff, 0x0, 0xff, 0xff, 0x80,
    0x7f, 0xff, 0xc0, 0x3f, 0xff, 0xe0, 0x1f, 0xff,
    0xf0, 0xf, 0xff, 0xf8, 0x7, 0xff, 0xfc, 0x3,
    0xff, 0xfe, 0x1, 0xff, 0xff, 0x0, 0xff, 0xff,
    0x80, 0x7f, 0xff, 0xc0, 0x3f, 0xff, 0xe0, 0x1f,
    0xff, 0xf0, 0xf, 0xff, 0xf8, 0x7, 0xff, 0xfc,
    0x3, 0xff, 0xfe, 0x1, 0xff, 0xff, 0x0, 0xff,
    0xff, 0x80, 0x7f, 0xff, 0xc0, 0x3f, 0xff, 0xe0,
    0x1f, 0xff, 0xf0, 0xf, 0xff, 0xf8, 0x7, 0xff,
    0xfc, 0x3, 0xff, 0xfe, 0x1, 0xff, 0xdb, 0x12,
    0x2f, 0xfe, 0x8, 0x7, 0xff, 0xf, 0x77, 0xff,
    0x84, 0x1, 0xff, 0xff, 0x0, 0xff, 0xff, 0x80,
    0x7f, 0xff, 0xc0, 0x3f, 0xff, 0xe0, 0x1f, 0xfd,
    0x60,

    /* U+005E "^" */
    0x0, 0xff, 0xe7, 0x3c, 0x47, 0xf9, 0x80, 0x3f,
    0xfc, 0xeb, 0xe, 0xff, 0xe9, 0x30, 0xf, 0xff,
    0x34, 0x0, 0x7f, 0xf0, 0x20, 0x3, 0xff, 0xca,
    0xa4, 0x1, 0xff, 0xc0, 0x43, 0x0, 0xff, 0xf2,
    0x40, 0x7, 0xff, 0xa, 0x0, 0x3f, 0xfc, 0x6a,
    0x40, 0x1f, 0xfc, 0x24, 0x30, 0xf, 0xff, 0x14,
    0x0, 0x7f, 0xf1, 0x20, 0x3, 0xff, 0xc2, 0xa4,
    0x1, 0xff, 0xc4, 0x43, 0x0, 0xff, 0xf0, 0x40,
    0x7, 0xff, 0x1a, 0x0, 0x3f, 0xfb, 0xea, 0x40,
    0x1f, 0xfc, 0x64, 0x20, 0xf, 0xfe, 0xf4, 0x80,
    0x7f, 0xf2, 0x20, 0x3, 0xff, 0xba, 0x86, 0x1,
    0xff, 0xc8, 0x52, 0x0, 0xff, 0xee, 0x40, 0x7,
    0xff, 0x2a, 0x0, 0x3f, 0xfb, 0x68, 0x60, 0x1f,
    0xfc, 0xa5, 0x20, 0xf, 0xfe, 0xd4, 0x0, 0x7f,
    0xf3, 0x20, 0x3, 0xff, 0xb2, 0x86, 0x1, 0xff,
    0xcc, 0x52, 0x0, 0xff, 0xec, 0x40, 0x7, 0xff,
    0x3a, 0x0, 0x3f, 0xfa, 0xe8, 0x60, 0x1f, 0xfc,
    0x3, 0x10, 0xf, 0xfe, 0x2, 0x90, 0x7, 0xff,
    0x5b, 0xc0, 0x3f, 0xf8, 0x30, 0xc0, 0x1f, 0xfc,
    0x1b, 0x0, 0xff, 0xea, 0x9a, 0x0, 0x7f, 0xf0,
    0xd, 0x24, 0x3, 0xff, 0x82, 0xc4, 0x1, 0xff,
    0xd4, 0x80, 0xf, 0xfe, 0xc, 0x0, 0xb0, 0x7,
    0xff, 0x6, 0xc0, 0x3f, 0xfa, 0x66, 0x80, 0x1f,
    0xfc, 0x2, 0x40, 0x4, 0x0, 0x7f, 0xf0, 0x58,
    0x40, 0x3f, 0xfa, 0x50, 0x1, 0xff, 0xc1, 0x80,
    0x8, 0x54, 0x3, 0xff, 0x83, 0x0, 0x1f, 0xfd,
    0x13, 0x40, 0xf, 0xfe, 0x1, 0x28, 0x6, 0x80,
    0xf, 0xfe, 0xb, 0x8, 0x7, 0xff, 0x42, 0x0,
    0x3f, 0xf8, 0x36, 0x1, 0xc4, 0x80, 0x1f, 0xfc,
    0x18, 0x0, 0xff, 0xe7, 0x9a, 0x0, 0x7f, 0xf0,
    0x5, 0x80, 0x3d, 0x0, 0x1f, 0xfc, 0x16, 0x10,
    0xf, 0xfe, 0x74, 0x0, 0x7f, 0xf0, 0x64, 0x3,
    0xe3, 0x30, 0x7, 0xff, 0x6, 0x40, 0x3f, 0xf9,
    0xa4, 0x80, 0x1f, 0xfc, 0x1, 0x70, 0xf, 0xd0,
    0x1, 0xff, 0xc1, 0x71, 0x0, 0xff, 0xe6, 0x40,
    0x7, 0xff, 0x5, 0x80, 0x3f, 0x90, 0xc0, 0x3f,
    0xf8, 0x32, 0x1, 0xff, 0xcb, 0x25, 0x0, 0xff,
    0xe0, 0xc8, 0x7, 0xfa, 0x40, 0x3f, 0xf8, 0x2e,
    0x20, 0x1f, 0xfc, 0xa8, 0x0, 0xff, 0xe0, 0xb0,
    0x80, 0x7f, 0x94, 0x80, 0x3f, 0xf8, 0x32, 0x1,
    0xff, 0xc9, 0x25, 0x0, 0xff, 0xe0, 0xc0, 0x7,
    0xff, 0x2, 0xc0, 0x3f, 0xf8, 0x2e, 0x20, 0x1f,
    0xfc, 0x88, 0x0, 0xff, 0xe0, 0xb0, 0x80, 0x7f,
    0xf0, 0x18, 0x40, 0x3f, 0xf8, 0x32, 0x1, 0xff,
    0xc7, 0x25, 0x0, 0xff, 0xe0, 0xd8, 0x7, 0xff,
    0xa, 0x40, 0x3f, 0xf8, 0x2e, 0x20, 0x1f, 0xfc,
    0x68, 0x0, 0xff, 0xe0, 0xa9, 0x0, 0x7f, 0xf0,
    0x9c, 0x40, 0x3f, 0xf8, 0x32, 0x1, 0xff, 0xc5,
    0x25, 0x0, 0xff, 0xe0, 0xc8, 0x7, 0xff, 0x11,
    0x80, 0x3f, 0xf8, 0x2c, 0x1, 0xff, 0xc5, 0xb0,
    0xf, 0xfe, 0xa, 0x18, 0x7, 0xff, 0x12, 0x40,
    0x3f, 0xf8, 0x22, 0xe0, 0x1f, 0xfc, 0x32, 0x60,
    0xf, 0xfe, 0xc, 0x0, 0x7f, 0xf1, 0x45, 0x80,
    0x3f, 0xf8, 0x32, 0x1, 0xff, 0xc3, 0xb0, 0xf,
    0xfe, 0x9, 0x98, 0x3, 0xff, 0x8d, 0x0, 0x1f,
    0xfc, 0x11, 0x70, 0xf, 0xfe, 0x8, 0xb0, 0x7,
    0xff, 0x6, 0x0, 0x3f, 0xf8, 0xe2, 0xa0, 0x1f,
    0xfc, 0x19, 0x0, 0xff, 0xe0, 0xc0, 0x7, 0xff,
    0x4, 0x90, 0x3, 0xff, 0x91, 0x0, 0x1f, 0xfc,
    0x11, 0x70, 0xf, 0xf8, 0x58, 0x3, 0xff, 0x83,
    0x0, 0x1f, 0xfc, 0x92, 0x40, 0xf, 0xfe, 0xc,
    0x80, 0x7f, 0xd0, 0x1, 0xff, 0xc1, 0x25, 0x0,
    0xff, 0xe5, 0x40, 0x7, 0xff, 0x4, 0x5c, 0x3,
    0xf8, 0x58, 0x3, 0xff, 0x83, 0x60, 0x1f, 0xfc,
    0xb3, 0x30, 0x7, 0xff, 0x6, 0x40, 0x3f, 0xa4,
    0x3, 0xff, 0x82, 0x2c, 0x1, 0xff, 0xcc, 0x80,
    0xf, 0xfe, 0x8, 0xb0, 0x7, 0xc2, 0xe0, 0x1f,
    0xfc, 0x19, 0x0, 0xff, 0xe6, 0xa1, 0x80, 0x7f,
    0xf0, 0x60, 0x3, 0xe9, 0x0, 0xff, 0xe0, 0x8b,
    0x80, 0x7f, 0xf3, 0xa4, 0x3, 0xff, 0x82, 0x2c,
    0x1, 0xc2, 0xe0, 0x1f, 0xfc, 0x16, 0x0, 0xff,
    0xe7, 0xa9, 0x0, 0x7f, 0xf0, 0x60, 0x3, 0xa4,
    0x3, 0xff, 0x85, 0x20, 0x1f, 0xfd, 0xb, 0x0,
    0xff, 0xe0, 0x8b, 0x0, 0x42, 0xe0, 0x1f, 0xfc,
    0x17, 0x10, 0xf, 0xfe, 0x83, 0x8, 0x7, 0xff,
    0x6, 0xc0, 0x29, 0x0, 0xff, 0xe1, 0x48, 0x7,
    0xff, 0x4a, 0x40, 0x3f, 0xf8, 0x24, 0xc0, 0x2e,
    0x1, 0xff, 0xc1, 0x61, 0x0, 0xff, 0xe9, 0x38,
    0x80, 0x7f, 0xf0, 0x6c, 0x0,

    /* U+005F "_" */
    0x88, 0xff, 0xf9, 0x23, 0xbf, 0xff, 0xcb, 0x0,
    0x3f, 0xff, 0xe0, 0x1f, 0xff, 0xf0, 0xf, 0xff,
    0xf8, 0x7, 0xff, 0xfc, 0x3, 0xff, 0x86,

    /* U+0060 "`" */
    0x17, 0x88, 0xff, 0xe1, 0x98, 0x7, 0xff, 0x8,
    0x44, 0xef, 0xff, 0xc3, 0xd1, 0x0, 0xff, 0xe1,
    0x34, 0x0, 0x7f, 0xf0, 0x87, 0x40, 0x3f, 0xf8,
    0x6f, 0x0, 0x1f, 0xfc, 0x23, 0x90, 0xf, 0xfe,
    0x1b, 0xb8, 0x3, 0xff, 0x84, 0xcc, 0x0, 0xff,
    0xe1, 0xc3, 0x80, 0x7f, 0xf0, 0xa4, 0xc0, 0x3f,
    0xf8, 0x70, 0xc0, 0x1f, 0xfc, 0x2d, 0x10, 0xf,
    0xfe, 0x1c, 0xb0, 0x7, 0xff, 0x4, 0x74, 0x3,
    0xff, 0x89, 0x2a, 0x1, 0xff, 0xc1, 0x39, 0x0,
    0xff, 0xe2, 0x52, 0x80, 0x7f, 0xf0, 0x59, 0x40,
    0x3f, 0xf8, 0x94, 0x80, 0x1f, 0xfc, 0x1a, 0x30,
    0xf, 0xfe, 0x25, 0xa0, 0x7, 0xff, 0x7, 0x84,
    0x3, 0xff, 0x89, 0x68, 0x1, 0xff, 0xc0, 0x2a,
    0x0, 0xff, 0xe2, 0xd9, 0x80, 0x7f, 0xf0, 0x12,
    0x0, 0x3f, 0xf8, 0xb8, 0x60, 0x1f, 0xfc, 0x7,
    0x50, 0xf, 0xfe, 0x2e, 0x90, 0x7, 0xff, 0x2,
    0x88, 0x3, 0xff, 0x88, 0x38, 0x40, 0x1f, 0xfc,
    0xf, 0x0, 0xff, 0xe2, 0x8e, 0x10, 0x7, 0xfc,
    0x54, 0x1, 0xff, 0xc5, 0x1c, 0x20, 0xf, 0xf9,
    0x5c,

    /* U+0061 "a" */
    0x0, 0xff, 0xe5, 0x1a, 0xc4, 0xde, 0x6e, 0xf6,
    0x5d, 0x43, 0x20, 0x7, 0xff, 0x65, 0x67, 0x7f,
    0x29, 0xd9, 0xc, 0x8b, 0x8d, 0x15, 0xe6, 0xff,
    0x64, 0xc0, 0x3f, 0xfa, 0x49, 0x5f, 0x4c, 0x40,
    0x1f, 0xfc, 0x72, 0x6c, 0xe7, 0x10, 0xf, 0xfe,
    0x6a, 0xed, 0xa8, 0x7, 0xff, 0x38, 0x63, 0xa0,
    0x3, 0xff, 0x94, 0x59, 0x44, 0x1, 0xff, 0xd3,
    0x7e, 0x40, 0xf, 0xfe, 0x3b, 0x69, 0x80, 0x7f,
    0xf5, 0x86, 0xdc, 0x3, 0xff, 0x8b, 0x12, 0x1,
    0xff, 0xda, 0x89, 0x0, 0xff, 0xe1, 0xc3, 0x80,
    0x7f, 0xf7, 0x1a, 0x40, 0x3f, 0xf8, 0x2a, 0xe0,
    0x1f, 0xfd, 0xe6, 0x60, 0x7, 0xfc, 0x54, 0x1,
    0xff, 0xe0, 0x92, 0x0, 0xff, 0x48, 0x7, 0xff,
    0x8a, 0x40, 0x3f, 0x91, 0x0, 0x1f, 0xfc, 0x41,
    0x69, 0xbd, 0xef, 0xf7, 0x6d, 0xc2, 0x0, 0x7f,
    0xf1, 0x51, 0x0, 0x1f, 0xa0, 0x3, 0xff, 0x86,
    0x77, 0xd2, 0xc8, 0x42, 0x0, 0x12, 0x47, 0xbd,
    0x70, 0xf, 0xfe, 0x27, 0x80, 0x7c, 0x66, 0x0,
    0xff, 0xe1, 0x4e, 0x20, 0x7, 0xff, 0x4, 0xa3,
    0x4c, 0x3, 0xff, 0x84, 0x84, 0x1, 0xea, 0x0,
    0xff, 0xe1, 0x5b, 0x0, 0x7f, 0xf1, 0x4b, 0x10,
    0x3, 0xff, 0x84, 0xa0, 0x1e, 0x70, 0xf, 0xfe,
    0xc, 0xa0, 0x7, 0xff, 0x22, 0xc8, 0x3, 0xff,
    0x83, 0x60, 0x1c, 0x42, 0x1, 0xff, 0xc0, 0x46,
    0x0, 0xff, 0xe5, 0x48, 0x7, 0xff, 0x4, 0xc0,
    0x39, 0x0, 0x3f, 0xf8, 0x30, 0x1, 0xff, 0xcb,
    0x42, 0x0, 0xff, 0xe0, 0xa0, 0x6, 0x26, 0x42,
    0x10, 0xf, 0xc6, 0x60, 0xf, 0xfe, 0x62, 0x80,
    0x7f, 0xf0, 0x4c, 0x3, 0x24, 0xde, 0xf7, 0xed,
    0xd4, 0x32, 0x1d, 0x80, 0x7f, 0xf3, 0x70, 0x3,
    0xff, 0x83, 0xc0, 0x1f, 0xe2, 0x45, 0x79, 0xbc,
    0x70, 0xf, 0xfe, 0x6a, 0x80, 0x7f, 0xf0, 0x48,
    0x3, 0xff, 0xbe, 0x22, 0x0, 0xff, 0xe0, 0x30,
    0x7, 0xff, 0x80, 0xc0, 0x3f, 0xf8, 0x4, 0x1,
    0xff, 0xe0, 0x10, 0xf, 0xff, 0xd8, 0x80, 0x7f,
    0xff, 0xc0, 0x3f, 0xfe, 0xc4, 0x8a, 0xcf, 0x10,
    0x99, 0x55, 0x7f, 0x10, 0x7, 0xff, 0x4, 0xc0,
    0x3f, 0xf8, 0xc2, 0x8f, 0x59, 0xdf, 0xb7, 0x53,
    0xe, 0xe6, 0x62, 0xaf, 0xf0, 0x80, 0x7f, 0xf4,
    0x4e, 0x33, 0xae, 0x14, 0xc4, 0x3, 0xff, 0xc4,
    0x31, 0xb8, 0xe6, 0x1, 0xff, 0xe6, 0x2a, 0xe7,
    0x20, 0xf, 0xff, 0x38, 0xce, 0xa8, 0x7, 0xff,
    0xa5, 0x3d, 0x80, 0x3f, 0xfd, 0x4f, 0x62, 0x1,
    0xff, 0xea, 0x88, 0x0, 0x7f, 0xfa, 0xe1, 0xc0,
    0x3f, 0xfd, 0x6a, 0xe0, 0x1f, 0xfc, 0x71, 0x57,
    0xac, 0xde, 0xff, 0xff, 0xe0, 0x18, 0x7, 0xff,
    0x10, 0xa8, 0x3, 0xff, 0x8a, 0x93, 0xdc, 0xa8,
    0x53, 0x21, 0x0, 0xff, 0xe8, 0xc8, 0x7, 0xff,
    0x11, 0xb6, 0xd8, 0x40, 0x3f, 0xfa, 0xe8, 0x80,
    0xf, 0xfe, 0x11, 0xec, 0x90, 0x7, 0xff, 0x6b,
    0x80, 0x3f, 0xf8, 0x49, 0x84, 0x1, 0xff, 0xdc,
    0x50, 0xf, 0xfe, 0x9, 0x58, 0x7, 0xff, 0x38,
    0x40, 0x3f, 0xf8, 0x4a, 0x1, 0xff, 0xc2, 0x90,
    0xf, 0xfe, 0x79, 0x80, 0x7f, 0xf0, 0xb4, 0x3,
    0xff, 0x82, 0x28, 0x1, 0xff, 0xcf, 0x10, 0xf,
    0xfe, 0x11, 0x80, 0x7f, 0xf0, 0x50, 0x3, 0xff,
    0x9e, 0x60, 0x1f, 0xfc, 0x36, 0x0, 0xff, 0xe0,
    0xe8, 0x7, 0xff, 0x3d, 0x0, 0x3f, 0xf8, 0x66,
    0x1, 0xff, 0xc1, 0x20, 0xf, 0xfe, 0x7d, 0x80,
    0x7f, 0xf0, 0xc4, 0x3, 0xff, 0x82, 0x20, 0x1f,
    0xfc, 0xe2, 0x30, 0xf, 0xff, 0x65, 0x80, 0x7f,
    0xf4, 0x88, 0x3, 0xff, 0x9a, 0x4c, 0x1, 0xff,
    0xc4, 0x10, 0xf, 0xfe, 0xf, 0x80, 0x7f, 0xf3,
    0x78, 0x3, 0xff, 0x8a, 0x40, 0x1f, 0xfc, 0x17,
    0x0, 0xff, 0xe6, 0x41, 0x80, 0x7f, 0xf1, 0x58,
    0x3, 0xff, 0x82, 0x2a, 0x1, 0xff, 0xca, 0x67,
    0x0, 0xff, 0xe3, 0x68, 0x7, 0xff, 0xa, 0xc4,
    0x3, 0xff, 0x91, 0x12, 0x1, 0xff, 0xc7, 0x40,
    0xf, 0xfe, 0x10, 0xe0, 0x80, 0x7f, 0xf1, 0x4f,
    0x1c, 0x3, 0xff, 0x90, 0x62, 0x1, 0xff, 0xc2,
    0x2f, 0x50, 0xf, 0xfe, 0x12, 0xde, 0x18, 0x7,
    0xff, 0x29, 0x80, 0x3f, 0xf8, 0x63, 0x5d, 0xa,
    0x42, 0x1, 0x9, 0xac, 0x5f, 0xd2, 0x0, 0x7f,
    0xf3, 0x28, 0x3, 0xff, 0x8a, 0x2f, 0x5b, 0xdf,
    0xf7, 0x65, 0x3a, 0x0, 0x7f, 0xf3, 0xc9, 0x80,
    0x3f, 0xfb, 0x64, 0xc0, 0x1f, 0xfc, 0x48, 0x10,
    0xf, 0xfe, 0xc8, 0xe0, 0x80, 0x7f, 0xf1, 0x6,
    0x80, 0x3f, 0xfb, 0x5, 0x82, 0x1, 0xff, 0xc6,
    0x48, 0x0, 0xff, 0xeb, 0x1e, 0x10, 0x7, 0xff,
    0x21, 0xe0, 0x3, 0xff, 0xa8, 0xd8, 0x20, 0x1f,
    0xfc, 0xa7, 0xa0, 0xf, 0xfe, 0x88, 0xd4, 0x80,
    0x7f, 0xf3, 0x57, 0x50, 0x3, 0xff, 0x9c, 0xde,
    0xa0, 0x1f, 0xfc, 0xf2, 0xbb, 0x18, 0x7, 0xff,
    0x29, 0x76, 0x44, 0x3, 0xff, 0xa4, 0x99, 0x87,
    0x20, 0xf, 0xfe, 0x21, 0xc7, 0x51, 0x0, 0x7e,
    0xb9, 0x9f, 0xfe, 0x9, 0x0, 0x7f, 0xc7, 0x1b,
    0xaa, 0x74, 0x21, 0x0, 0x84, 0x8d, 0x62, 0xbb,
    0x1c, 0x40, 0x3f, 0xc6, 0xcd, 0xff, 0xc1, 0x0,

    /* U+0062 "b" */
    0x34, 0x4f, 0xfe, 0x8, 0x80, 0x7f, 0xf9, 0x36,
    0xef, 0xff, 0x82, 0xa0, 0x1f, 0xff, 0xf0, 0xf,
    0xff, 0xf8, 0x7, 0xff, 0xfc, 0x3, 0xff, 0xfe,
    0x1, 0xff, 0xff, 0x0, 0xff, 0xff, 0x80, 0x7f,
    0xff, 0xc0, 0x3f, 0xff, 0xe0, 0x1f, 0xff, 0xf0,
    0xf, 0xff, 0xf8, 0x7, 0xff, 0xfc, 0x3, 0xff,
    0xfe, 0x1, 0xff, 0xff, 0x0, 0xff, 0xff, 0x80,
    0x7f, 0xff, 0xc0, 0x3f, 0xff, 0xe0, 0x1f, 0xff,
    0xf0, 0xf, 0xff, 0xf8, 0x7, 0xff, 0x95, 0x1e,
    0xb3, 0x7b, 0xfd, 0xdc, 0xda, 0x85, 0x10, 0xf,
    0xff, 0xa, 0xd7, 0xdc, 0x29, 0x90, 0x80, 0x4,
    0x44, 0xaf, 0x5d, 0xb0, 0x40, 0x1f, 0xfd, 0xc7,
    0xea, 0x50, 0xf, 0xfe, 0x21, 0x3e, 0xe2, 0x0,
    0x7f, 0xf6, 0x13, 0x60, 0x40, 0x3f, 0xf9, 0x27,
    0x76, 0x20, 0xf, 0xfe, 0xad, 0x59, 0x0, 0x7f,
    0xf3, 0x53, 0x5c, 0x3, 0xff, 0xa4, 0x5a, 0xa0,
    0x1f, 0xfd, 0x18, 0xb0, 0xf, 0xfe, 0x81, 0x61,
    0x0, 0x7f, 0xf4, 0xd3, 0x4, 0x3, 0xff, 0x9a,
    0x78, 0x20, 0x1f, 0xfd, 0x53, 0xc1, 0x0, 0xff,
    0xe5, 0x96, 0x88, 0x7, 0xff, 0x5c, 0xb4, 0x3,
    0xff, 0x94, 0x3e, 0x20, 0x1f, 0xfd, 0x93, 0x90,
    0xf, 0xfe, 0x4d, 0x90, 0x7, 0xff, 0x6d, 0x90,
    0x3, 0xff, 0x90, 0x20, 0x1f, 0xfc, 0x22, 0x33,
    0x84, 0x3, 0xff, 0x95, 0x42, 0x1, 0xff, 0xd1,
    0x16, 0xae, 0xfd, 0xcc, 0xbb, 0xed, 0x84, 0x3,
    0xff, 0x8c, 0x32, 0x1, 0xff, 0xcf, 0x2a, 0xe9,
    0x51, 0x0, 0xf9, 0x27, 0xa4, 0x40, 0x3f, 0xf8,
    0xae, 0x20, 0x1f, 0xfc, 0xd8, 0xd5, 0x0, 0xff,
    0xe1, 0x37, 0xa0, 0x7, 0xff, 0x16, 0x0, 0x3f,
    0xf9, 0x63, 0x8e, 0x1, 0xff, 0xc5, 0x1b, 0x60,
    0xf, 0xfe, 0x23, 0x0, 0x7f, 0xf2, 0xf0, 0xc0,
    0x3f, 0xf9, 0x12, 0xa0, 0x1f, 0xfc, 0x46, 0x0,
    0xff, 0xe4, 0xd9, 0x0, 0x7f, 0xf2, 0xa8, 0x80,
    0x3f, 0xf8, 0x74, 0x1, 0xff, 0xc8, 0x74, 0x0,
    0xff, 0xe6, 0x70, 0x7, 0xff, 0xc, 0xc4, 0x3,
    0xff, 0x8c, 0x30, 0x1, 0xff, 0xcd, 0x36, 0x0,
    0xff, 0xe1, 0xb8, 0x7, 0xff, 0x1a, 0x0, 0x3f,
    0xf9, 0xf6, 0x1, 0xff, 0xc3, 0xd0, 0xf, 0xfe,
    0x33, 0x0, 0x7f, 0xf3, 0xc9, 0x0, 0x3f, 0xf8,
    0x48, 0x1, 0xff, 0xc5, 0x60, 0xf, 0xfe, 0x8f,
    0x80, 0x7f, 0xf0, 0xc8, 0x3, 0xff, 0x89, 0xa0,
    0x1f, 0xfd, 0x14, 0x10, 0xf, 0xfe, 0x12, 0x0,
    0x7f, 0xf1, 0x10, 0x3, 0xff, 0xa4, 0x80, 0x1f,
    0xfc, 0x2f, 0x0, 0xff, 0xe1, 0x90, 0x7, 0xff,
    0x4f, 0x0, 0x3f, 0xf8, 0x44, 0x1, 0xff, 0xc3,
    0x70, 0xf, 0xfe, 0x9a, 0x80, 0x7f, 0xf0, 0x94,
    0x3, 0xff, 0x87, 0xa0, 0x1f, 0xfd, 0x33, 0x0,
    0xff, 0xe1, 0x8, 0x7, 0xff, 0xc, 0x80, 0x3f,
    0xfa, 0x84, 0x1, 0xff, 0xc2, 0x10, 0xf, 0xfe,
    0x10, 0x80, 0x7f, 0xf5, 0x4, 0x3, 0xff, 0x84,
    0x60, 0x1f, 0xfc, 0x27, 0x0, 0xff, 0xea, 0x30,
    0x7, 0xff, 0x9, 0x80, 0x3f, 0xf8, 0x42, 0x1,
    0xff, 0xd4, 0x30, 0xf, 0xff, 0x90, 0x80, 0x7f,
    0xf0, 0x84, 0x3, 0xff, 0xfe, 0x1, 0xff, 0xff,
    0x0, 0xff, 0xff, 0x80, 0x7f, 0xf3, 0x84, 0x3,
    0xff, 0xc6, 0x20, 0x1f, 0xfd, 0x11, 0x0, 0xff,
    0xea, 0x18, 0x7, 0xff, 0x9, 0xc0, 0x3f, 0xf8,
    0x4e, 0x1, 0xff, 0xd4, 0x60, 0xf, 0xfe, 0x11,
    0x0, 0x7f, 0xf0, 0x84, 0x3, 0xff, 0xa8, 0x20,
    0x1f, 0xfc, 0x21, 0x0, 0xff, 0xe1, 0x10, 0x7,
    0xff, 0x50, 0x80, 0x3f, 0xf8, 0x22, 0x1, 0xff,
    0xc3, 0xe0, 0xf, 0xfe, 0x99, 0x0, 0x7f, 0xf0,
    0x88, 0x3, 0xff, 0x86, 0xa0, 0x1f, 0xfd, 0x37,
    0x0, 0xff, 0xe1, 0x28, 0x7, 0xff, 0xc, 0xc0,
    0x3f, 0xfa, 0x78, 0x1, 0xff, 0xc2, 0xf0, 0xf,
    0xfe, 0x22, 0x0, 0x7f, 0xf4, 0x90, 0x3, 0xff,
    0x84, 0xa0, 0x1f, 0xfc, 0x4d, 0x0, 0xff, 0xe8,
    0x99, 0x0, 0x7f, 0xf0, 0x8c, 0x3, 0xff, 0x88,
    0xe0, 0x1f, 0xfd, 0x1a, 0x0, 0xff, 0xe1, 0x28,
    0x7, 0xff, 0x14, 0x54, 0x3, 0xff, 0xa0, 0xc0,
    0x1f, 0xfc, 0x2c, 0x0, 0xff, 0xe3, 0x40, 0x7,
    0xff, 0x3d, 0xc0, 0x3f, 0xf8, 0x6e, 0x1, 0xff,
    0xc6, 0x26, 0x0, 0xff, 0xe6, 0x8c, 0x0, 0x7f,
    0xf0, 0x90, 0x40, 0x3f, 0xf8, 0xf0, 0x20, 0x1f,
    0xfc, 0xca, 0x0, 0xff, 0xe1, 0xf0, 0x7, 0xff,
    0x20, 0x74, 0x3, 0xff, 0x97, 0x8, 0x1, 0xff,
    0xc2, 0x15, 0x0, 0xff, 0xe4, 0x9d, 0x80, 0x7f,
    0xf2, 0x61, 0xc0, 0x3f, 0xf8, 0x72, 0x1, 0xff,
    0xcb, 0x4c, 0x10, 0xf, 0xfe, 0x35, 0x38, 0x7,
    0xff, 0xc, 0x5c, 0x3, 0xff, 0x98, 0x7e, 0xe0,
    0x1f, 0xfc, 0x35, 0xe5, 0x0, 0xff, 0xe2, 0x40,
    0x7, 0xff, 0x38, 0x63, 0xa5, 0x44, 0x3, 0xf1,
    0xc7, 0x50, 0x80, 0x7f, 0xf1, 0x9, 0x80, 0x3f,
    0xfa, 0x2, 0xd5, 0xdc, 0xcb, 0xaa, 0x5e, 0xfe,
    0x38, 0x80, 0x7f, 0xf1, 0xb8, 0x3, 0xff, 0xaa,
    0x26, 0x8a, 0xa4, 0x20, 0xf, 0xfe, 0x4c, 0x18,
    0x7, 0xff, 0x1c, 0x48, 0x3, 0xff, 0xb6, 0x8e,
    0x1, 0xff, 0xc9, 0xf1, 0x0, 0xff, 0xec, 0x9d,
    0x80, 0x7f, 0xf2, 0x8b, 0x40, 0x3f, 0xfb, 0x7,
    0xa0, 0x1f, 0xfc, 0xc3, 0xc1, 0x0, 0xff, 0xea,
    0xa6, 0x8, 0x7, 0xff, 0x34, 0xf0, 0x40, 0x3f,
    0xfa, 0x6d, 0x60, 0x1f, 0xfd, 0x2, 0xf5, 0x0,
    0xff, 0xe8, 0xd, 0xc8, 0x7, 0xff, 0x48, 0x6a,
    0x44, 0x3, 0xff, 0x9a, 0xde, 0x80, 0x1f, 0xfd,
    0x56, 0xe8, 0x10, 0xf, 0xfe, 0x4b, 0x74, 0x88,
    0x7, 0xff, 0xb, 0xbf, 0xff, 0xf8, 0x1c, 0x1,
    0xf9, 0xfa, 0x90, 0x3, 0xff, 0x88, 0x93, 0xf2,
    0x20, 0x1f, 0xfd, 0xc5, 0xbf, 0xb8, 0x53, 0x11,
    0x0, 0x4, 0x46, 0xb1, 0x7f, 0x6c, 0x1, 0xff,
    0xc7,

    /* U+0063 "c" */
    0x0, 0xff, 0xe6, 0x13, 0x45, 0x66, 0xf7, 0xfd,
    0xdc, 0xcb, 0x96, 0x30, 0xf, 0xfe, 0xea, 0xd7,
    0x6c, 0xba, 0x99, 0x8, 0x4, 0x22, 0x34, 0x69,
    0xcf, 0xb6, 0x10, 0xf, 0xfe, 0xb1, 0xd7, 0xd2,
    0x88, 0x7, 0xff, 0x19, 0x27, 0xa4, 0x80, 0x3f,
    0xfa, 0x47, 0x78, 0xa0, 0x1f, 0xfc, 0xd6, 0xd9,
    0x10, 0xf, 0xfe, 0x70, 0xce, 0x20, 0x7, 0xff,
    0x45, 0xbd, 0x40, 0x3f, 0xf9, 0x8b, 0xec, 0x1,
    0xff, 0xd4, 0x1a, 0x90, 0xf, 0xfe, 0x54, 0x50,
    0x80, 0x7f, 0xf5, 0xda, 0xc0, 0x3f, 0xf9, 0x16,
    0xe0, 0x1f, 0xfd, 0xa4, 0xb0, 0xf, 0xfe, 0x35,
    0xa0, 0x7, 0xff, 0x71, 0x28, 0x3, 0xff, 0x89,
    0x68, 0x1, 0xff, 0xde, 0x56, 0x0, 0xff, 0xe1,
    0x4a, 0x0, 0x7f, 0xf8, 0x24, 0x80, 0x3f, 0xf8,
    0xa, 0xc0, 0x1f, 0xfc, 0x72, 0x56, 0x77, 0x32,
    0x90, 0x7, 0xff, 0x1e, 0x40, 0x3f, 0xe1, 0xa0,
    0xf, 0xfe, 0x29, 0xcf, 0x6d, 0x4c, 0x42, 0x6b,
    0x7a, 0x48, 0x3, 0xff, 0x88, 0x88, 0x0, 0xff,
    0x50, 0x7, 0xff, 0x10, 0x6f, 0x18, 0x40, 0x3f,
    0xb, 0x6c, 0x80, 0x7f, 0xf1, 0x3c, 0x3, 0xf9,
    0x50, 0x3, 0xff, 0x86, 0x9e, 0x80, 0x1f, 0xfc,
    0x26, 0xb0, 0xf, 0xfe, 0x1a, 0x10, 0x7, 0xe8,
    0x0, 0xff, 0xe1, 0xb5, 0x88, 0x7, 0xff, 0x11,
    0x28, 0x3, 0xff, 0x87, 0x40, 0x1f, 0x29, 0x0,
    0x7f, 0xf0, 0x92, 0x40, 0x3f, 0xf8, 0xea, 0xa0,
    0xf, 0xfe, 0x13, 0x0, 0x7d, 0x0, 0x1f, 0xfc,
    0x22, 0xb0, 0xf, 0xfe, 0x4d, 0x80, 0x7f, 0xf0,
    0x84, 0xc0, 0x38, 0xc8, 0x3, 0xff, 0x85, 0x20,
    0x1f, 0xfc, 0xa1, 0x70, 0xf, 0xfe, 0x15, 0x80,
    0x75, 0x0, 0x7f, 0xf0, 0x91, 0x0, 0x1f, 0xfc,
    0xb9, 0x0, 0xff, 0xe1, 0x20, 0x7, 0x30, 0x7,
    0xff, 0xa, 0x0, 0x3f, 0xf9, 0x82, 0x60, 0x1f,
    0xfc, 0x13, 0x0, 0xc8, 0x1, 0xff, 0xc2, 0x33,
    0x0, 0x7f, 0xf3, 0x68, 0x3, 0xff, 0x84, 0x60,
    0x16, 0x0, 0x7f, 0xf0, 0xa8, 0x3, 0xff, 0x9c,
    0x80, 0x1f, 0xc4, 0x8f, 0x36, 0x60, 0x12, 0x80,
    0x7f, 0xf0, 0x9c, 0x3, 0xff, 0x9c, 0x42, 0x2,
    0x6d, 0x15, 0xbf, 0xb7, 0xc, 0x80, 0x18, 0x80,
    0x3f, 0xf8, 0x26, 0x20, 0x1f, 0xfc, 0xfc, 0xee,
    0x64, 0xba, 0x90, 0x7, 0xf1, 0x80, 0x7f, 0xf0,
    0x90, 0x3, 0xff, 0xa0, 0x42, 0x1, 0xff, 0xc3,
    0x50, 0xf, 0xfe, 0x16, 0x80, 0x7f, 0xf8, 0x7c,
    0x3, 0xff, 0x84, 0xc0, 0x1f, 0xfe, 0x12, 0x0,
    0xff, 0xe1, 0x10, 0x7, 0xff, 0x85, 0x80, 0x3f,
    0xf8, 0x22, 0x20, 0xf, 0xff, 0x9, 0x0, 0x7f,
    0xf0, 0x48, 0x3, 0xff, 0xfe, 0x1, 0xff, 0xe2,
    0x70, 0xf, 0xff, 0x8, 0x80, 0x7f, 0xf0, 0x84,
    0x3, 0xff, 0xfe, 0x1, 0xff, 0xff, 0x0, 0xff,
    0xea, 0x8, 0x7, 0xff, 0x84, 0x40, 0x3f, 0xf8,
    0x4e, 0x1, 0xff, 0xf0, 0x10, 0xf, 0xff, 0x10,
    0x80, 0x7f, 0xf0, 0x4c, 0x3, 0xff, 0xc4, 0x60,
    0x1f, 0xfc, 0x11, 0x0, 0xff, 0xf1, 0x30, 0x7,
    0xff, 0x8, 0xc0, 0x3f, 0xfc, 0x24, 0x1, 0xff,
    0xc2, 0x60, 0xf, 0xff, 0xf, 0x80, 0x7f, 0xf0,
    0xb4, 0x3, 0xff, 0xc2, 0x40, 0x1f, 0xfc, 0x23,
    0x0, 0xff, 0xe8, 0xe6, 0x7f, 0xf0, 0x8c, 0x14,
    0x3, 0xff, 0x84, 0x80, 0x1f, 0xfd, 0x3, 0x3f,
    0xfe, 0x18, 0x0, 0x48, 0x3, 0xff, 0x84, 0x80,
    0x1f, 0xfc, 0xf4, 0x0, 0xff, 0xe1, 0x18, 0x1,
    0x0, 0x3f, 0xf8, 0x5c, 0x1, 0xff, 0xcf, 0xd0,
    0xf, 0xfe, 0x8, 0x80, 0x58, 0x1, 0xff, 0xc2,
    0x51, 0x0, 0xff, 0xe7, 0x28, 0x7, 0xff, 0x5,
    0x0, 0x25, 0x0, 0xff, 0xe1, 0xc8, 0x7, 0xff,
    0x35, 0x40, 0x3f, 0xf8, 0x58, 0x1, 0x94, 0x3,
    0xff, 0x84, 0xe2, 0x1, 0xff, 0xcc, 0x80, 0xf,
    0xfe, 0x12, 0x0, 0x6e, 0x0, 0xff, 0xe1, 0xd0,
    0x7, 0xff, 0x2d, 0x48, 0x3, 0xff, 0x82, 0x44,
    0x0, 0xc8, 0x40, 0x1f, 0xfc, 0x24, 0x70, 0xf,
    0xfe, 0x48, 0xd8, 0x7, 0xff, 0x9, 0x40, 0x3d,
    0x60, 0x1f, 0xfc, 0x38, 0x60, 0xf, 0xfe, 0x46,
    0x88, 0x7, 0xff, 0xa, 0x80, 0x3c, 0xc2, 0x1,
    0xff, 0xc3, 0x98, 0x0, 0xff, 0xe2, 0x8d, 0x98,
    0x7, 0xff, 0x9, 0x8, 0x3, 0xe8, 0x0, 0xff,
    0xe2, 0x3e, 0x18, 0x7, 0xff, 0x9, 0x31, 0x0,
    0x3f, 0xf8, 0x70, 0x1, 0xf9, 0x8c, 0x3, 0xff,
    0x88, 0x79, 0x6a, 0x1, 0xfc, 0x2b, 0x96, 0x40,
    0x1f, 0xfc, 0x34, 0x30, 0xf, 0xee, 0x0, 0xff,
    0xe3, 0x25, 0x7e, 0xd4, 0xc4, 0x26, 0xb7, 0xa8,
    0xc0, 0x3f, 0xf8, 0xb2, 0x1, 0xfe, 0x2a, 0x0,
    0xff, 0xe4, 0x12, 0xb3, 0xb9, 0x94, 0x80, 0x3f,
    0xf8, 0xf0, 0x40, 0x1f, 0xf2, 0xb0, 0x7, 0xff,
    0x85, 0x1c, 0x3, 0xff, 0x83, 0x2a, 0x1, 0xff,
    0xdf, 0x2b, 0x0, 0xff, 0xe1, 0xd2, 0x80, 0x7f,
    0xf7, 0x4b, 0x0, 0x3f, 0xf8, 0xb4, 0xe0, 0x1f,
    0xfd, 0xb2, 0xc1, 0x0, 0xff, 0xe3, 0x45, 0x8,
    0x7, 0xff, 0x61, 0x34, 0x40, 0x3f, 0xf9, 0xb,
    0xea, 0x1, 0xff, 0xd6, 0x9b, 0x0, 0xff, 0xe5,
    0x8d, 0x5a, 0x0, 0x7f, 0xf4, 0x97, 0x58, 0x3,
    0xff, 0x9c, 0x97, 0x8a, 0x1, 0xff, 0xce, 0x6d,
    0xa2, 0x0, 0xff, 0xe8, 0x9d, 0x7c, 0xa0, 0x80,
    0x7f, 0xf1, 0x85, 0x6b, 0xe4, 0x80, 0x3f, 0xfa,
    0xcd, 0x7d, 0xb2, 0xea, 0x64, 0x20, 0x18, 0x48,
    0xd5, 0xeb, 0x7a, 0x94, 0x3, 0xff, 0x8a,

    /* U+0064 "d" */
    0x0, 0xff, 0xf2, 0xa2, 0x7f, 0xf0, 0x80, 0x3f,
    0xfc, 0x85, 0x77, 0xff, 0xc2, 0x0, 0xff, 0xff,
    0x80, 0x7f, 0xff, 0xc0, 0x3f, 0xff, 0xe0, 0x1f,
    0xff, 0xf0, 0xf, 0xff, 0xf8, 0x7, 0xff, 0xfc,
    0x3, 0xff, 0xfe, 0x1, 0xff, 0xff, 0x0, 0xff,
    0xff, 0x80, 0x7f, 0xff, 0xc0, 0x3f, 0xff, 0xe0,
    0x1f, 0xff, 0xf0, 0xf, 0xff, 0xf8, 0x7, 0xff,
    0xfc, 0x3, 0xff, 0xfe, 0x1, 0xff, 0xff, 0x0,
    0xff, 0xff, 0x80, 0x7f, 0xfe, 0x51, 0xeb, 0x7b,
    0xff, 0xbb, 0x6e, 0x54, 0x80, 0x3f, 0xfc, 0xb,
    0x7f, 0x70, 0xa4, 0x20, 0x1c, 0x24, 0x8d, 0x5b,
    0xa8, 0x20, 0xf, 0xfe, 0xdb, 0x75, 0x20, 0x7,
    0xff, 0x14, 0x9f, 0x6c, 0xc0, 0x3f, 0xfa, 0xe7,
    0xb2, 0x20, 0x1f, 0xfc, 0xa4, 0xca, 0x10, 0xf,
    0xfe, 0xa4, 0x61, 0x0, 0x7f, 0xf3, 0x97, 0xd4,
    0x3, 0xff, 0xa2, 0x38, 0xe0, 0x1f, 0xfd, 0x11,
    0xa8, 0x0, 0xff, 0xe7, 0x8e, 0x18, 0x7, 0xff,
    0x51, 0xe4, 0x3, 0xff, 0x9a, 0x58, 0x40, 0x1f,
    0xfd, 0x66, 0x90, 0xf, 0xfe, 0x67, 0x90, 0x7,
    0xff, 0x61, 0xa0, 0x3, 0xff, 0x95, 0x64, 0x1,
    0xff, 0xda, 0x50, 0xf, 0xfe, 0x4b, 0xa0, 0x7,
    0xff, 0xc0, 0xa0, 0x3, 0xff, 0x8e, 0x2b, 0x15,
    0x77, 0x4b, 0xa0, 0x7, 0xff, 0x53, 0x80, 0x3f,
    0xf8, 0xcd, 0x9d, 0x4e, 0xa8, 0x93, 0x45, 0xfd,
    0xa8, 0x7, 0xff, 0x41, 0x4c, 0x3, 0xff, 0x88,
    0xbd, 0x26, 0x1, 0xff, 0x25, 0x6a, 0x0, 0x7f,
    0xf3, 0xa0, 0x3, 0xff, 0x89, 0x34, 0x20, 0x1f,
    0xfc, 0x32, 0xb8, 0x0, 0xff, 0xe6, 0x29, 0x0,
    0x7f, 0xf0, 0xe9, 0x80, 0x3f, 0xf8, 0xef, 0x40,
    0x1f, 0xfc, 0xb9, 0x0, 0xff, 0xe1, 0xca, 0x80,
    0x7f, 0xf2, 0x56, 0x40, 0x3f, 0xf9, 0x26, 0x60,
    0xf, 0xfe, 0x12, 0xb0, 0x7, 0xff, 0x2d, 0x94,
    0x3, 0xff, 0x91, 0x40, 0x1f, 0xfc, 0x3b, 0x0,
    0xff, 0xe6, 0xd8, 0x7, 0xff, 0x21, 0xc0, 0x3f,
    0xf8, 0x4e, 0x20, 0x1f, 0xfc, 0xd1, 0x70, 0xf,
    0xfe, 0x31, 0x88, 0x7, 0xff, 0xa, 0x40, 0x3f,
    0xf9, 0xf2, 0x1, 0xff, 0xc6, 0xb0, 0xf, 0xfe,
    0x12, 0x88, 0x7, 0xff, 0x3c, 0x54, 0x3, 0xff,
    0x8a, 0x60, 0x1f, 0xfc, 0x2e, 0x0, 0xff, 0xe8,
    0xf8, 0x7, 0xff, 0x15, 0x0, 0x3f, 0xf8, 0x48,
    0x1, 0xff, 0xd1, 0x40, 0xf, 0xfe, 0x21, 0x80,
    0x7f, 0xf0, 0x90, 0x3, 0xff, 0xa4, 0x26, 0x1,
    0xff, 0xc3, 0x60, 0xf, 0xfe, 0x11, 0x80, 0x7f,
    0xf4, 0xd4, 0x3, 0xff, 0x87, 0xa0, 0x1f, 0xfc,
    0x2d, 0x0, 0xff, 0xe9, 0xf0, 0x7, 0xff, 0xc,
    0xc0, 0x3f, 0xf8, 0x4c, 0x1, 0xff, 0xd3, 0x30,
    0xf, 0xfe, 0x1b, 0x80, 0x7f, 0xf0, 0x8c, 0x3,
    0xff, 0xa6, 0xe0, 0x1f, 0xfc, 0x32, 0x0, 0xff,
    0xf1, 0x8, 0x7, 0xff, 0xc, 0x40, 0x3f, 0xf8,
    0x22, 0x1, 0xff, 0xd4, 0x30, 0xf, 0xfe, 0x89,
    0x80, 0x7f, 0xf5, 0x4, 0x3, 0xff, 0x84, 0x20,
    0x1f, 0xfc, 0x21, 0x0, 0xff, 0xff, 0x80, 0x7f,
    0xff, 0xc0, 0x3f, 0xff, 0xe0, 0x1f, 0xff, 0xe1,
    0x0, 0xff, 0xe1, 0x8, 0x7, 0xff, 0xc8, 0xc0,
    0x3f, 0xfa, 0x82, 0x1, 0xff, 0xc3, 0x10, 0xf,
    0xfe, 0x8, 0x80, 0x7f, 0xf5, 0xc, 0x3, 0xff,
    0x86, 0x60, 0x1f, 0xfc, 0x21, 0x0, 0xff, 0xe9,
    0x88, 0x7, 0xff, 0xd, 0x80, 0x3f, 0xf8, 0x4a,
    0x1, 0xff, 0xd3, 0x60, 0xf, 0xfe, 0x19, 0x0,
    0x7f, 0xf0, 0x88, 0x3, 0xff, 0xa6, 0x40, 0x1f,
    0xfc, 0x3f, 0x0, 0xff, 0xe1, 0x78, 0x7, 0xff,
    0x4f, 0x40, 0x3f, 0xf8, 0x64, 0x1, 0xff, 0xc2,
    0x40, 0xf, 0xfe, 0x9a, 0x0, 0x7f, 0xf0, 0xd4,
    0x3, 0xff, 0x84, 0x42, 0x1, 0xff, 0xd1, 0x21,
    0x0, 0xff, 0xe1, 0x88, 0x80, 0x3f, 0xf8, 0x4e,
    0x1, 0xff, 0xd1, 0x50, 0xf, 0xfe, 0x2a, 0x0,
    0x7f, 0xf0, 0xa8, 0x3, 0xff, 0xa3, 0x40, 0x1f,
    0xfc, 0x5c, 0x0, 0xff, 0xe1, 0x19, 0x80, 0x3f,
    0xf9, 0xe8, 0x40, 0x1f, 0xfc, 0x57, 0x0, 0xff,
    0xe1, 0xc0, 0x7, 0xff, 0x3e, 0x0, 0x3f, 0xf8,
    0xc2, 0x60, 0x1f, 0xfc, 0x24, 0x30, 0xf, 0xfe,
    0x6b, 0x18, 0x7, 0xff, 0x1e, 0xc0, 0x3f, 0xf8,
    0x7c, 0x1, 0xff, 0xcc, 0x39, 0x0, 0xff, 0xe4,
    0x30, 0x7, 0xff, 0xc, 0xa8, 0x3, 0xff, 0x94,
    0x5a, 0x1, 0xff, 0xc9, 0x15, 0x0, 0xff, 0xe1,
    0xac, 0x80, 0x7f, 0xf2, 0xf, 0x4, 0x3, 0xff,
    0x95, 0x20, 0x1f, 0xfc, 0x46, 0xa0, 0xf, 0xfe,
    0x33, 0xe0, 0x80, 0x7f, 0xf2, 0xcd, 0x0, 0x3f,
    0xf8, 0x8b, 0xca, 0x1, 0xff, 0xc2, 0x4c, 0x80,
    0xf, 0xfe, 0x74, 0x0, 0x7f, 0xf1, 0x46, 0xb5,
    0xc8, 0x3, 0xf1, 0xc6, 0xd9, 0x80, 0x7f, 0xf3,
    0xcd, 0x80, 0x3f, 0xf8, 0xc5, 0x1b, 0xd9, 0x55,
    0x5e, 0xfe, 0x39, 0x0, 0x7f, 0xf4, 0xa4, 0x40,
    0x3f, 0xf9, 0x2, 0x6a, 0xb2, 0x10, 0x7, 0xff,
    0x5, 0x4, 0x3, 0xff, 0x91, 0x40, 0x1f, 0xfd,
    0xb2, 0xa0, 0xf, 0xfe, 0x4a, 0x40, 0x7, 0xff,
    0x64, 0x7c, 0x40, 0x3f, 0xf9, 0x4e, 0xc0, 0x1f,
    0xfd, 0x8d, 0x20, 0xf, 0xfe, 0x64, 0xb0, 0x7,
    0xff, 0x5b, 0xc, 0x3, 0xff, 0x9d, 0x30, 0x1,
    0xff, 0xd3, 0x2d, 0x30, 0xf, 0xfe, 0x83, 0xe0,
    0x80, 0x7f, 0xf4, 0x13, 0x8, 0x3, 0xff, 0xa4,
    0x7e, 0xc0, 0x1f, 0xfc, 0xd1, 0xab, 0x10, 0xf,
    0xfe, 0xa0, 0xce, 0xa8, 0x7, 0xff, 0x24, 0x5f,
    0xd4, 0x3, 0xff, 0xb0, 0x55, 0xd0, 0x60, 0x1f,
    0xfc, 0x44, 0x9e, 0x81, 0x0, 0xfd, 0xdf, 0xff,
    0xfc, 0x10, 0xf, 0xfe, 0x28, 0xbe, 0x7d, 0xc2,
    0x98, 0x88, 0x0, 0x22, 0x25, 0x8a, 0xfb, 0x60,
    0xf, 0xfe, 0x68,

    /* U+0065 "e" */
    0x0, 0xff, 0xe6, 0xa, 0xc5, 0x66, 0xf7, 0xfd,
    0xdc, 0xca, 0x86, 0x30, 0xf, 0xfe, 0xf2, 0x57,
    0x72, 0x9d, 0x4c, 0x84, 0x2, 0x11, 0x1a, 0xbc,
    0xe7, 0xdb, 0x8, 0x7, 0xff, 0x5c, 0xa7, 0xad,
    0x44, 0x3, 0xff, 0x8c, 0x93, 0xd4, 0x60, 0x1f,
    0xfd, 0x32, 0xad, 0x61, 0x0, 0xff, 0xe6, 0x2e,
    0x59, 0x80, 0x7f, 0xf4, 0x27, 0x54, 0x3, 0xff,
    0xa2, 0x99, 0x0, 0x1f, 0xfc, 0xd4, 0xe6, 0x0,
    0xff, 0xea, 0xbe, 0x90, 0x7, 0xff, 0x29, 0xec,
    0x40, 0x3f, 0xfa, 0xe5, 0xaa, 0x1, 0xff, 0xc8,
    0xa8, 0x0, 0xff, 0xed, 0xd2, 0x80, 0x7f, 0xf1,
    0xad, 0x40, 0x3f, 0xfb, 0xb4, 0xa0, 0x1f, 0xfc,
    0x4a, 0x40, 0xf, 0xfe, 0xfd, 0x18, 0x7, 0xff,
    0xa, 0x14, 0x3, 0xff, 0x92, 0x23, 0x0, 0x7f,
    0xf2, 0x78, 0x40, 0x3f, 0xf8, 0xa, 0xe0, 0x1f,
    0xfc, 0x41, 0x6a, 0xdf, 0xf7, 0x75, 0xfd, 0x70,
    0x60, 0x1f, 0xfc, 0x42, 0x80, 0xf, 0xf8, 0x6c,
    0x3, 0xff, 0x86, 0x55, 0xd2, 0xa4, 0x1, 0xe1,
    0x47, 0xcd, 0x60, 0xf, 0xfe, 0x1b, 0x18, 0x7,
    0xfa, 0xc4, 0x3, 0xff, 0x85, 0x1a, 0xa0, 0x1f,
    0xfc, 0x22, 0x9c, 0x20, 0xf, 0xfe, 0x17, 0x80,
    0x7f, 0x22, 0x80, 0x7f, 0xf0, 0xad, 0xc0, 0x3f,
    0xf8, 0xc7, 0x86, 0x1, 0xff, 0xc1, 0x34, 0x0,
    0xfd, 0x0, 0x1f, 0xfc, 0x2c, 0x40, 0xf, 0xfe,
    0x40, 0xe9, 0x0, 0x7f, 0xf0, 0x60, 0x3, 0xe5,
    0x30, 0xf, 0xfe, 0xc, 0x18, 0x7, 0xff, 0x28,
    0x78, 0x3, 0xff, 0x82, 0x64, 0x1, 0xe9, 0x0,
    0xff, 0xe0, 0xa3, 0x80, 0x7f, 0xf3, 0xd, 0x80,
    0x3f, 0xf8, 0x34, 0x1, 0xc6, 0x60, 0xf, 0xfe,
    0xd, 0x0, 0x7f, 0xf3, 0xa0, 0x3, 0xff, 0x82,
    0xc0, 0x1d, 0x40, 0x1f, 0xfc, 0x16, 0x10, 0xf,
    0xfe, 0x70, 0xa8, 0x7, 0xff, 0x0, 0x48, 0x3,
    0x30, 0x7, 0xff, 0x6, 0xc0, 0x3f, 0xfa, 0x12,
    0x1, 0xff, 0xc1, 0x40, 0x9, 0x0, 0x3f, 0xf8,
    0x28, 0x40, 0x1f, 0xfd, 0x3, 0x0, 0xff, 0xe0,
    0xe0, 0x5, 0xa0, 0x1f, 0xfc, 0x1c, 0x0, 0xff,
    0xe9, 0x20, 0x7, 0xff, 0x1, 0x0, 0x24, 0x0,
    0xff, 0xe0, 0xa8, 0x7, 0xff, 0x48, 0xc0, 0x3f,
    0xf8, 0x2, 0x1, 0x10, 0x7, 0xff, 0x0, 0x48,
    0x3, 0xff, 0xa5, 0xa0, 0x1f, 0xfc, 0x13, 0x4,
    0x0, 0xff, 0xe0, 0xa8, 0x7, 0xff, 0x4c, 0x40,
    0x3f, 0xf8, 0x2c, 0x6, 0x1, 0xff, 0xc1, 0x20,
    0xf, 0xfe, 0x9b, 0x80, 0x7f, 0xf0, 0x48, 0x38,
    0x3, 0xff, 0x83, 0xc0, 0x1f, 0xfd, 0x31, 0x0,
    0xff, 0xe0, 0xf0, 0x10, 0x7, 0xff, 0x6, 0x7b,
    0xbf, 0xfa, 0x78, 0x1, 0xff, 0xc1, 0x30, 0x60,
    0xf, 0xfe, 0x8, 0x8f, 0xff, 0x54, 0x3, 0xff,
    0x86, 0x40, 0x1f, 0xfe, 0xf1, 0x0, 0xff, 0xff,
    0x80, 0x7f, 0xf9, 0x1c, 0x40, 0x3f, 0xff, 0xe0,
    0x1f, 0xff, 0xf0, 0xf, 0xff, 0xf8, 0x7, 0xff,
    0x28, 0x40, 0x3f, 0xff, 0xe1, 0xbf, 0xff, 0xfe,
    0x1c, 0x1, 0x0, 0xff, 0xe0, 0xb0, 0x7, 0xff,
    0x8c, 0xc0, 0x3f, 0xf8, 0x22, 0x1, 0xff, 0xe3,
    0x60, 0xf, 0xfe, 0x9, 0x80, 0x7f, 0xf8, 0xc8,
    0x3, 0xff, 0x83, 0xe0, 0x1f, 0xfe, 0x3e, 0x0,
    0xff, 0xe0, 0xa8, 0x7, 0xff, 0x8c, 0xc0, 0x3f,
    0xf8, 0x26, 0x1, 0xff, 0xe3, 0x50, 0xf, 0xfe,
    0x12, 0x0, 0x7f, 0xf8, 0x84, 0x80, 0x3f, 0xf8,
    0x3a, 0x1, 0xff, 0xe3, 0x40, 0xf, 0xfe, 0xb,
    0x80, 0x7f, 0xf4, 0x8d, 0x13, 0xff, 0x80, 0x60,
    0x16, 0x0, 0x7f, 0xf0, 0x45, 0x80, 0x3f, 0xfa,
    0x3, 0x97, 0x7f, 0xfc, 0x8, 0x0, 0x94, 0x3,
    0xff, 0x85, 0x40, 0x1f, 0xfd, 0x7, 0x0, 0xff,
    0xe0, 0x98, 0x6, 0x50, 0xf, 0xfe, 0x9, 0xb0,
    0x7, 0xff, 0x3e, 0x80, 0x3f, 0xf8, 0x38, 0x1,
    0xb8, 0x3, 0xff, 0x85, 0x22, 0x1, 0xff, 0xcd,
    0x43, 0x0, 0xff, 0xe0, 0xa0, 0x6, 0x42, 0x0,
    0xff, 0xe1, 0x50, 0x7, 0xff, 0x36, 0x40, 0x3f,
    0xf8, 0x2a, 0x1, 0xeb, 0x0, 0xff, 0xe1, 0x24,
    0x80, 0x7f, 0xf2, 0xe4, 0x80, 0x3f, 0xf8, 0x3c,
    0x1, 0xe6, 0x10, 0xf, 0xfe, 0x13, 0x50, 0x7,
    0xff, 0x26, 0x58, 0x3, 0xff, 0x82, 0x28, 0x1,
    0xf5, 0x80, 0x7f, 0xf0, 0xd7, 0x50, 0x3, 0xff,
    0x8a, 0x36, 0xc0, 0x1f, 0xfc, 0x29, 0x0, 0xfc,
    0xa8, 0x1, 0xff, 0xc3, 0x2b, 0xb2, 0x0, 0x7f,
    0xf0, 0x4a, 0x39, 0x0, 0x3f, 0xf8, 0x42, 0xe0,
    0x1f, 0xd2, 0x1, 0xff, 0xc5, 0x4b, 0xeb, 0x75,
    0x32, 0x28, 0xd1, 0xe7, 0x74, 0xe0, 0x1f, 0xfc,
    0x4b, 0x0, 0xff, 0x15, 0x0, 0x7f, 0xf1, 0x85,
    0x22, 0xb3, 0x76, 0xcb, 0x86, 0x20, 0xf, 0xfe,
    0x2a, 0x28, 0x7, 0xfc, 0xae, 0x1, 0xff, 0xe2,
    0x1a, 0x0, 0xff, 0xe0, 0xc3, 0x0, 0x7f, 0xf8,
    0x68, 0x40, 0x3f, 0xf8, 0x52, 0xc0, 0x1f, 0xfd,
    0xfa, 0x40, 0xf, 0xfe, 0x24, 0xc0, 0x7, 0xff,
    0x76, 0x94, 0x3, 0xff, 0x8c, 0xf6, 0x20, 0x1f,
    0xfd, 0x91, 0xc5, 0x0, 0xff, 0xe4, 0x27, 0xb0,
    0x7, 0xff, 0x5d, 0x7c, 0xc0, 0x3f, 0xf9, 0x43,
    0x38, 0x80, 0x1f, 0xfd, 0x32, 0xba, 0x10, 0xf,
    0xfe, 0x69, 0xde, 0xb0, 0x7, 0xff, 0x3d, 0x2f,
    0x50, 0x3, 0xff, 0xa2, 0x53, 0xf6, 0xc4, 0x1,
    0xff, 0xc7, 0x14, 0x9e, 0xb4, 0x0, 0xff, 0xeb,
    0x24, 0xef, 0x5c, 0x32, 0x10, 0x88, 0x3, 0x9,
    0x22, 0xbd, 0x6f, 0x5b, 0x8, 0x7, 0xff, 0x10,

    /* U+0066 "f" */
    0x0, 0xff, 0xe8, 0x9, 0x19, 0xc4, 0x40, 0xf,
    0xfe, 0xa1, 0x3d, 0x6f, 0xf6, 0xe6, 0x5b, 0xaf,
    0xf6, 0xd3, 0xa0, 0x80, 0x7f, 0xf2, 0x85, 0xf7,
    0x50, 0xa4, 0x1, 0xfe, 0x25, 0x8b, 0xec, 0x50,
    0xf, 0xfe, 0x3b, 0xf4, 0x10, 0x7, 0xff, 0x1c,
    0xcc, 0x1, 0xff, 0xc5, 0x3d, 0x80, 0xf, 0xfe,
    0x5a, 0x80, 0x7f, 0xf1, 0x17, 0x8, 0x3, 0xff,
    0x98, 0x60, 0x1f, 0xfc, 0x36, 0xa0, 0xf, 0xfe,
    0x69, 0x0, 0x7f, 0xf0, 0xd6, 0x40, 0x3f, 0xf9,
    0xc8, 0x1, 0xff, 0xc2, 0x2a, 0x0, 0xff, 0xe7,
    0xf8, 0x7, 0xff, 0xb, 0x80, 0x3f, 0xfa, 0xa,
    0x1, 0xff, 0xc1, 0x53, 0x0, 0xff, 0xe8, 0x18,
    0x7, 0xff, 0x6, 0x0, 0x3f, 0xfa, 0x4, 0x1,
    0xff, 0xc1, 0x32, 0x0, 0xff, 0xe2, 0x1c, 0x67,
    0x7f, 0xdb, 0x72, 0xc4, 0x80, 0x1f, 0xfc, 0x1a,
    0x0, 0xff, 0xe1, 0x8d, 0xe3, 0x98, 0x80, 0x44,
    0x8d, 0x3b, 0x20, 0x1f, 0xfc, 0x17, 0x0, 0xff,
    0xe1, 0x1f, 0xa0, 0x7, 0xff, 0x34, 0x84, 0x3,
    0xff, 0x82, 0x3a, 0x20, 0x1f, 0xfc, 0xe4, 0x0,
    0xff, 0xe1, 0x48, 0x80, 0x7f, 0xf3, 0xf8, 0x3,
    0xff, 0x84, 0xe0, 0x1f, 0xfd, 0x2, 0x0, 0xff,
    0xe0, 0x98, 0x7, 0xff, 0x45, 0x80, 0x3f, 0xf8,
    0x28, 0x1, 0xff, 0xd1, 0x10, 0xf, 0xfe, 0xf,
    0x80, 0x7f, 0xf7, 0xc4, 0x3, 0xff, 0xa2, 0x60,
    0x1f, 0xff, 0xf0, 0xf, 0xff, 0x12, 0x27, 0xf8,
    0x3, 0xff, 0x85, 0xc8, 0x9f, 0xfc, 0x30, 0xd,
    0x77, 0xfe, 0x10, 0xf, 0xfe, 0xb, 0xdd, 0xff,
    0xf0, 0xc8, 0x3, 0xff, 0xfe, 0x1, 0xff, 0xff,
    0x0, 0xff, 0xff, 0x80, 0x7f, 0xff, 0xc0, 0x3f,
    0xff, 0xe0, 0x1f, 0xff, 0x8f, 0xff, 0xf0, 0x80,
    0x7f, 0xf0, 0x67, 0xff, 0xff, 0x86, 0x40, 0x1f,
    0xff, 0xf0, 0xf, 0xff, 0xf8, 0x7, 0xff, 0xfc,
    0x3, 0xff, 0xfe, 0x1, 0xff, 0xff, 0x0, 0xff,
    0xff, 0x80, 0x7f, 0xff, 0xc0, 0x3f, 0xff, 0xe0,
    0x1f, 0xff, 0xf0, 0xf, 0xff, 0xf8, 0x7, 0xff,
    0xfc, 0x3, 0xff, 0xfe, 0x1, 0xff, 0xff, 0x0,
    0xff, 0xff, 0x80, 0x7f, 0xff, 0xc0, 0x3f, 0xff,
    0xe0, 0x1f, 0xff, 0xf0, 0xf, 0xff, 0xf8, 0x7,
    0xff, 0xfc, 0x3, 0xff, 0xfe, 0x1, 0xff, 0xff,
    0x0, 0xff, 0xff, 0x80, 0x7f, 0xff, 0xc0, 0x3f,
    0xff, 0xe0, 0x1f, 0xff, 0xf0, 0xf, 0xff, 0xf8,
    0x7, 0xff, 0xfc, 0x3, 0xff, 0xfe, 0x1, 0xff,
    0xff, 0x0, 0xff, 0xff, 0x80, 0x7f, 0xf9, 0xe5,
    0xdf, 0xff, 0x82, 0xa0, 0x1f, 0xfc, 0x70,

    /* U+0067 "g" */
    0x0, 0xff, 0xe5, 0x89, 0xb3, 0xc4, 0xcd, 0xe,
    0x82, 0x1, 0xff, 0xe4, 0x16, 0xae, 0xe6, 0x4c,
    0x3b, 0x34, 0xf1, 0x7d, 0xca, 0x50, 0xf, 0xfe,
    0xfa, 0x57, 0x4a, 0x88, 0x7, 0xff, 0x0, 0x56,
    0xbe, 0x48, 0x3, 0xf3, 0xd5, 0x7f, 0xf0, 0x44,
    0x3, 0xff, 0x86, 0x99, 0x6a, 0x1, 0xff, 0xc8,
    0x6d, 0x81, 0x0, 0xf5, 0xaa, 0xff, 0xf0, 0x4c,
    0x3, 0xff, 0x82, 0x35, 0x66, 0x1, 0xff, 0xcc,
    0x7f, 0x40, 0xf, 0xfe, 0xa2, 0x7a, 0x80, 0x7f,
    0xf3, 0xc6, 0xe0, 0x3, 0xff, 0xa4, 0xd6, 0x20,
    0x1f, 0xfd, 0x27, 0xb0, 0xf, 0xfe, 0x84, 0x48,
    0x7, 0xff, 0x55, 0x30, 0x3, 0xff, 0x9d, 0xe,
    0x1, 0xff, 0xd7, 0x3b, 0x0, 0xff, 0xe6, 0x33,
    0x80, 0x7f, 0xf6, 0x52, 0x40, 0x3f, 0xf9, 0x47,
    0x20, 0x1f, 0xfd, 0xb6, 0x30, 0xf, 0xfe, 0x40,
    0xe8, 0x7, 0xff, 0xca, 0xc4, 0x3, 0xff, 0x8c,
    0x2d, 0x39, 0xdf, 0xf7, 0x64, 0xa8, 0x80, 0x7f,
    0xf4, 0x91, 0x40, 0x3f, 0xf8, 0xa7, 0x5d, 0x2c,
    0x62, 0x1, 0x9, 0xb5, 0x75, 0x18, 0x7, 0xff,
    0x42, 0x40, 0x3f, 0xf8, 0xb3, 0x8a, 0x1, 0xff,
    0xc1, 0x5c, 0xa1, 0x0, 0xff, 0xe6, 0xa9, 0x0,
    0x7f, 0xf0, 0xc7, 0x58, 0x3, 0xff, 0x8a, 0xb8,
    0x40, 0x1f, 0xfc, 0xc8, 0x0, 0xff, 0xe1, 0x8f,
    0x90, 0x7, 0xff, 0x1c, 0xb0, 0x80, 0x3f, 0xf9,
    0x48, 0x40, 0x1f, 0xfc, 0x3c, 0x10, 0xf, 0xfe,
    0x48, 0xe0, 0x80, 0x7f, 0xf2, 0x78, 0x3, 0xff,
    0x87, 0x24, 0x1, 0xff, 0xcb, 0x1b, 0x0, 0xff,
    0xe4, 0xa, 0x80, 0x7f, 0xf0, 0x8d, 0x80, 0x3f,
    0xf9, 0xaa, 0x60, 0x1f, 0xfc, 0x74, 0x0, 0xff,
    0xe1, 0xf8, 0x7, 0xff, 0x3f, 0xc0, 0x3f, 0xf8,
    0xfe, 0x1, 0xff, 0xc2, 0x33, 0x0, 0x7f, 0xf3,
    0xcc, 0xc0, 0x1f, 0xfc, 0x64, 0x0, 0xff, 0xe1,
    0x50, 0x7, 0xff, 0x46, 0xc0, 0x3f, 0xf8, 0xa4,
    0x20, 0x1f, 0xfc, 0x27, 0x0, 0xff, 0xe8, 0xa8,
    0x7, 0xff, 0x15, 0xc0, 0x3f, 0xf8, 0x46, 0x20,
    0x1f, 0xfd, 0x12, 0x20, 0x7, 0xff, 0x10, 0x80,
    0x3f, 0xf8, 0x48, 0x1, 0xff, 0xd3, 0x70, 0xf,
    0xfe, 0x26, 0x80, 0x7f, 0xf0, 0xb4, 0x3, 0xff,
    0xa7, 0xa0, 0x1f, 0xfc, 0x46, 0x0, 0xff, 0xe1,
    0x38, 0x7, 0xff, 0x4c, 0x80, 0x3f, 0xf8, 0x84,
    0x1, 0xff, 0xc2, 0x20, 0xf, 0xfe, 0x9b, 0x0,
    0x7f, 0xf1, 0x4, 0x3, 0xff, 0x82, 0x20, 0x1f,
    0xfd, 0x41, 0x0, 0xff, 0xe9, 0x18, 0x7, 0xff,
    0x50, 0x80, 0x3f, 0xf8, 0x62, 0x1, 0xff, 0xc2,
    0x10, 0xf, 0xff, 0xf8, 0x7, 0xff, 0xfc, 0x3,
    0xff, 0xfe, 0x1, 0xff, 0xff, 0x0, 0xc2, 0x1,
    0xff, 0xc2, 0x20, 0xf, 0xff, 0x98, 0x80, 0x7f,
    0xf5, 0x8, 0x3, 0xff, 0x88, 0x20, 0x1f, 0xfc,
    0x21, 0x0, 0xff, 0xe9, 0x88, 0x7, 0xff, 0x10,
    0x80, 0x3f, 0xf8, 0x44, 0x1, 0xff, 0xd3, 0x60,
    0xf, 0xfe, 0x23, 0x0, 0x7f, 0xf0, 0x94, 0x3,
    0xff, 0xa7, 0xa0, 0x1f, 0xfc, 0x42, 0x0, 0xff,
    0xe1, 0x78, 0x7, 0xff, 0x4c, 0xc0, 0x3f, 0xf8,
    0x9a, 0x1, 0xff, 0xc2, 0x40, 0xf, 0xfe, 0x9a,
    0x0, 0x7f, 0xf1, 0x18, 0x3, 0xff, 0x84, 0x44,
    0x0, 0xff, 0xe8, 0xa0, 0x7, 0xff, 0x14, 0xc0,
    0x3f, 0xf8, 0x74, 0x1, 0xff, 0xd1, 0xe0, 0xf,
    0xfe, 0x32, 0x0, 0x7f, 0xf0, 0x98, 0x3, 0xff,
    0xa0, 0x2a, 0x1, 0xff, 0xc6, 0xc0, 0xf, 0xfe,
    0x10, 0xb0, 0x7, 0xff, 0x3e, 0x0, 0x3f, 0xf8,
    0xea, 0x1, 0xff, 0xc3, 0x80, 0xf, 0xfe, 0x71,
    0x30, 0x7, 0xff, 0x1c, 0x88, 0x1, 0xff, 0xc2,
    0x19, 0x0, 0xff, 0xe6, 0xf8, 0x7, 0xff, 0x26,
    0x80, 0x3f, 0xf8, 0x6c, 0xa0, 0x1f, 0xfc, 0xba,
    0x20, 0xf, 0xfe, 0x4b, 0x0, 0x7f, 0xf1, 0x29,
    0x0, 0x3f, 0xf9, 0x34, 0xa0, 0x1f, 0xfc, 0xa1,
    0x60, 0xf, 0xfe, 0x25, 0xa8, 0x7, 0xff, 0x18,
    0x71, 0x40, 0x3f, 0xf9, 0x96, 0x1, 0xff, 0xc5,
    0xa9, 0x10, 0xf, 0xfe, 0x1b, 0x71, 0x80, 0x7f,
    0xf3, 0x49, 0x80, 0x3f, 0xf8, 0xad, 0xd0, 0x40,
    0x1f, 0xe2, 0x8e, 0x90, 0xf, 0xfe, 0x84, 0x8,
    0x7, 0xff, 0x19, 0xf7, 0xaa, 0x19, 0xa7, 0x9b,
    0xed, 0x71, 0x0, 0xff, 0xe8, 0x8d, 0x80, 0x7f,
    0xf2, 0x5, 0x5e, 0x66, 0x86, 0x41, 0x0, 0xff,
    0xea, 0xab, 0x0, 0x7f, 0xf7, 0x24, 0x3, 0xff,
    0x95, 0x26, 0x1, 0xff, 0xda, 0x84, 0x0, 0xff,
    0xe1, 0x18, 0x7, 0xed, 0x20, 0xf, 0xfe, 0xc3,
    0x38, 0x7, 0xff, 0x30, 0x70, 0x80, 0x3f, 0xfa,
    0xcd, 0x20, 0x1f, 0xfc, 0xe1, 0xc4, 0x0, 0xff,
    0xea, 0x44, 0x80, 0x7f, 0xf1, 0x44, 0x3, 0xfc,
    0x36, 0xe0, 0x1f, 0xfd, 0x11, 0xb7, 0x0, 0xff,
    0xe9, 0xc6, 0x18, 0x7, 0xff, 0x39, 0xbd, 0x0,
    0x30, 0x80, 0x7f, 0xf4, 0xf, 0x2c, 0xc0, 0x3f,
    0xf9, 0x4b, 0xb2, 0x20, 0x1f, 0xfc, 0x71, 0x0,
    0xff, 0xe2, 0x26, 0x6b, 0x90, 0x7, 0xff, 0x10,
    0xe3, 0xa8, 0x80, 0x3e, 0x70, 0xf, 0xfe, 0x9,
    0x80, 0x7f, 0xf1, 0x8a, 0x37, 0xa9, 0xd4, 0xc4,
    0x40, 0x10, 0x92, 0xbd, 0x76, 0x38, 0x80, 0x7f,
    0x8, 0x7, 0xff, 0x5, 0x80, 0x3f, 0xf9, 0x22,
    0xb1, 0x59, 0xdc, 0xff, 0xbb, 0x6a, 0x14, 0x40,
    0x3f, 0xf8, 0x4, 0x1, 0xff, 0xc1, 0x10, 0xf,
    0xff, 0x2f, 0x80, 0x7f, 0xf0, 0x48, 0x3, 0xff,
    0xca, 0x60, 0x1f, 0xfc, 0x1d, 0x0, 0xff, 0xf2,
    0xa8, 0x7, 0xff, 0x5, 0x80, 0x3f, 0xfc, 0x82,
    0x20, 0xf, 0xfe, 0x9, 0x80, 0x7f, 0xf9, 0x10,
    0x3, 0xff, 0x82, 0x40, 0x1c, 0x6e, 0xff, 0xfc,
    0x16, 0x0, 0xff, 0xe8, 0xf8, 0x7, 0xff, 0x5,
    0x0, 0x39, 0xa2, 0x3f, 0xf8, 0x32, 0x1, 0xff,
    0xd1, 0x50, 0xf, 0xfe, 0xe, 0x0, 0x73, 0x0,
    0x7f, 0xf0, 0x94, 0x3, 0xff, 0x9e, 0xe0, 0x1f,
    0xfc, 0x24, 0x0, 0xe3, 0x0, 0xff, 0xe1, 0x70,
    0x7, 0xff, 0x38, 0x64, 0x3, 0xff, 0x82, 0x62,
    0x1, 0xe3, 0x0, 0xff, 0xe0, 0xa1, 0x80, 0x7f,
    0xf3, 0x60, 0x40, 0x3f, 0xf8, 0x36, 0x1, 0xf5,
    0x80, 0x7f, 0xf0, 0xb8, 0x3, 0xff, 0x98, 0xcc,
    0x0, 0xff, 0xe1, 0x30, 0x7, 0xca, 0x1, 0xff,
    0xc2, 0x2a, 0x0, 0xff, 0xe5, 0x3c, 0x80, 0x7f,
    0xf0, 0x94, 0x40, 0x3e, 0x22, 0x0, 0x7f, 0xf0,
    0x97, 0x8, 0x3, 0xff, 0x8c, 0x35, 0x0, 0x1f,
    0xfc, 0x39, 0x0, 0xfe, 0xb0, 0xf, 0xfe, 0x19,
    0xed, 0x20, 0x7, 0xff, 0x8, 0xe7, 0x94, 0x3,
    0xff, 0x86, 0x86, 0x1, 0xfc, 0xc2, 0x1, 0xff,
    0xc4, 0x5b, 0xfc, 0x97, 0x65, 0x44, 0x95, 0xa2,
    0xbb, 0x18, 0x3, 0xff, 0x8b, 0x20, 0x1f, 0xf5,
    0x80, 0x7f, 0xf1, 0xcd, 0xa2, 0x6a, 0xee, 0xa9,
    0x75, 0x10, 0xf, 0xfe, 0x33, 0x90, 0x7, 0xfc,
    0xa8, 0x1, 0xff, 0xe4, 0x38, 0x0, 0xff, 0xe0,
    0xd0, 0x80, 0x7f, 0xf8, 0x87, 0x40, 0x3f, 0xf8,
    0x43, 0xa2, 0x1, 0xff, 0xe0, 0x1c, 0x10, 0xf,
    0xfe, 0x19, 0xe8, 0x80, 0x7f, 0xf7, 0x87, 0x8,
    0x3, 0xff, 0x8a, 0x78, 0x60, 0x1f, 0xfd, 0xc4,
    0xf2, 0x0, 0xff, 0xe3, 0x96, 0x38, 0x7, 0xff,
    0x6a, 0x2c, 0x40, 0x3f, 0xf9, 0x51, 0xaa, 0x1,
    0xff, 0xd6, 0x6e, 0x70, 0xf, 0xfe, 0x69, 0x57,
    0x39, 0x0, 0x7f, 0xf4, 0x5, 0xfa, 0x44, 0x3,
    0xff, 0xa0, 0x31, 0xb9, 0x8, 0x1, 0xff, 0xca,
    0x27, 0xce, 0x81, 0x0, 0xff, 0xea, 0x9b, 0xdf,
    0xed, 0x43, 0x21, 0x90, 0x80, 0x70, 0x88, 0xd5,
    0xa7, 0x3f, 0x60, 0xc0, 0x3f, 0xf8, 0xc0,

    /* U+0068 "h" */
    0x34, 0x4f, 0xfe, 0x8, 0x80, 0x7f, 0xf7, 0xf6,
    0xef, 0xff, 0x82, 0xa0, 0x1f, 0xff, 0xf0, 0xf,
    0xff, 0xf8, 0x7, 0xff, 0xfc, 0x3, 0xff, 0xfe,
    0x1, 0xff, 0xff, 0x0, 0xff, 0xff, 0x80, 0x7f,
    0xff, 0xc0, 0x3f, 0xff, 0xe0, 0x1f, 0xff, 0xf0,
    0xf, 0xff, 0xf8, 0x7, 0xff, 0xfc, 0x3, 0xff,
    0xfe, 0x1, 0xff, 0xff, 0x0, 0xff, 0xff, 0x80,
    0x7f, 0xff, 0xc0, 0x3f, 0xff, 0xe0, 0x1f, 0xff,
    0xf0, 0xf, 0xfe, 0x10, 0xac, 0x56, 0xf7, 0xfd,
    0xdb, 0x72, 0xc6, 0x1, 0xff, 0xdc, 0x17, 0xce,
    0xa7, 0x52, 0x10, 0x8, 0x49, 0x1a, 0x73, 0xa4,
    0xc0, 0x3f, 0xfa, 0xe5, 0x3d, 0x6, 0x1, 0xff,
    0xc3, 0x16, 0xcc, 0x20, 0x7, 0xff, 0x52, 0x35,
    0x80, 0x3f, 0xf9, 0x27, 0x74, 0x20, 0x1f, 0xfd,
    0x4, 0xe7, 0x0, 0xff, 0xe6, 0xaf, 0x98, 0x7,
    0xff, 0x3a, 0x2c, 0x40, 0x3f, 0xf9, 0xe3, 0x86,
    0x1, 0xff, 0xcc, 0xa7, 0x0, 0xff, 0xe9, 0xe1,
    0x0, 0x7f, 0xf2, 0xad, 0x40, 0x3f, 0xfa, 0xbe,
    0x1, 0xff, 0xc9, 0xb4, 0x0, 0xff, 0xeb, 0x14,
    0x0, 0x7f, 0xf1, 0xe1, 0x0, 0x3f, 0xfb, 0xe,
    0x40, 0x1f, 0xfc, 0x5d, 0x70, 0xf, 0xfe, 0xd5,
    0x80, 0x7f, 0xf1, 0x58, 0x3, 0xff, 0xb6, 0xc2,
    0x1, 0xff, 0xd0, 0x59, 0xce, 0xff, 0x76, 0xdb,
    0x90, 0x7, 0xff, 0x19, 0xc0, 0x3f, 0xf9, 0xa5,
    0x5f, 0x4c, 0x62, 0x0, 0x12, 0x48, 0xda, 0x20,
    0xf, 0xfe, 0x25, 0x0, 0x7f, 0xf2, 0xc6, 0x75,
    0x40, 0x3f, 0xf8, 0xb, 0xa8, 0x1, 0xff, 0xc3,
    0x30, 0xf, 0xfe, 0x51, 0xfb, 0x0, 0x7f, 0xf1,
    0x2d, 0x0, 0x3f, 0xf8, 0x68, 0x1, 0xff, 0xc8,
    0x6c, 0x10, 0xf, 0xfe, 0x35, 0x0, 0x7f, 0xf0,
    0xcc, 0x3, 0xff, 0x8e, 0xd2, 0x1, 0xff, 0xc8,
    0x16, 0x0, 0xff, 0xe1, 0x68, 0x7, 0xff, 0x19,
    0x24, 0x3, 0xff, 0x95, 0x60, 0x1f, 0xfc, 0x26,
    0x0, 0xff, 0xe2, 0x8d, 0x0, 0x7f, 0xf2, 0xc8,
    0x80, 0x1f, 0xfc, 0x12, 0x0, 0xff, 0xe2, 0xc0,
    0x80, 0x7f, 0xf3, 0x1c, 0x3, 0xff, 0x82, 0x20,
    0x1f, 0xfc, 0x42, 0x60, 0xf, 0xfe, 0x6e, 0x80,
    0x7f, 0xf4, 0xac, 0x3, 0xff, 0x9c, 0x40, 0x1f,
    0xfc, 0x21, 0x0, 0xff, 0xe1, 0xb0, 0x7, 0xff,
    0x39, 0x80, 0x3f, 0xfa, 0x28, 0x1, 0xff, 0xcf,
    0x10, 0xf, 0xfe, 0x11, 0x80, 0x7f, 0xf0, 0x8c,
    0x3, 0xff, 0xdb, 0xa0, 0x1f, 0xfe, 0xd1, 0x0,
    0xff, 0xff, 0x80, 0x7f, 0xff, 0xc0, 0x3f, 0xff,
    0xe0, 0x1f, 0xff, 0xf0, 0xf, 0xff, 0xf8, 0x7,
    0xff, 0xfc, 0x3, 0xff, 0xfe, 0x1, 0xff, 0xff,
    0x0, 0xff, 0xff, 0x80, 0x7f, 0xff, 0xc0, 0x3f,
    0xff, 0xe0, 0x1f, 0xff, 0xf0, 0xf, 0xff, 0xf8,
    0x7, 0xff, 0xfc, 0x3, 0xff, 0xfe, 0x1, 0xff,
    0xff, 0x0, 0xff, 0xff, 0x80, 0x7f, 0xff, 0xc0,
    0x3f, 0xff, 0xe0, 0x1f, 0xff, 0xf0, 0xf, 0xff,
    0xf8, 0x7, 0xff, 0xfc, 0x3, 0xff, 0xfe, 0x1,
    0xff, 0xff, 0x0, 0xff, 0xff, 0x80, 0x7f, 0xff,
    0xc0, 0x3f, 0xff, 0xe0, 0x1f, 0xff, 0xf0, 0xf,
    0xff, 0xf8, 0x7, 0xff, 0xfc, 0x3, 0xff, 0xd6,

    /* U+0069 "i" */
    0x22, 0xff, 0xe1, 0xe, 0xef, 0xff, 0xc, 0x3,
    0xff, 0xfe, 0x1, 0xff, 0xff, 0x0, 0xff, 0xf0,
    0xff, 0xff, 0xf0, 0xb0, 0x3, 0xff, 0xfe, 0x1,
    0xff, 0xf0, 0xcf, 0xff, 0xfe, 0xc, 0x0, 0x7f,
    0xff, 0xc0, 0x3f, 0xff, 0xe0, 0x1f, 0xff, 0xf0,
    0xf, 0xff, 0xf8, 0x7, 0xff, 0xfc, 0x3, 0xff,
    0xfe, 0x1, 0xff, 0xff, 0x0, 0xff, 0xff, 0x80,
    0x7f, 0xff, 0xc0, 0x3f, 0xff, 0xe0, 0x1f, 0xff,
    0xf0, 0xf, 0xff, 0xf8, 0x7, 0xff, 0xc0,

    /* U+006A "j" */
    0x0, 0xff, 0xe3, 0x11, 0x7f, 0xf0, 0x84, 0x3,
    0xff, 0x8d, 0xbb, 0xff, 0xc3, 0x0, 0xff, 0xff,
    0x80, 0x7f, 0xff, 0xc0, 0x3f, 0xff, 0xe0, 0x1f,
    0xff, 0xf0, 0xf, 0xff, 0xf8, 0x7, 0xff, 0xf3,
    0xff, 0xff, 0x85, 0x80, 0x1f, 0xff, 0xf0, 0xf,
    0xff, 0xf8, 0x7, 0xff, 0xfc, 0x3, 0xff, 0xfe,
    0x1, 0xff, 0xc3, 0xae, 0xef, 0xfe, 0xb, 0x80,
    0x7f, 0xf1, 0x98, 0x47, 0xff, 0x83, 0xe0, 0x1f,
    0xff, 0xf0, 0xf, 0xff, 0xf8, 0x7, 0xff, 0xfc,
    0x3, 0xff, 0xfe, 0x1, 0xff, 0xff, 0x0, 0xff,
    0xff, 0x80, 0x7f, 0xff, 0xc0, 0x3f, 0xff, 0xe0,
    0x1f, 0xff, 0xf0, 0xf, 0xff, 0xf8, 0x7, 0xff,
    0xfc, 0x3, 0xff, 0xfe, 0x1, 0xff, 0xff, 0x0,
    0xff, 0xff, 0x80, 0x7f, 0xff, 0xc0, 0x3f, 0xff,
    0xe0, 0x1f, 0xff, 0xf0, 0xf, 0xff, 0xf8, 0x7,
    0xff, 0xfc, 0x3, 0xff, 0xfe, 0x1, 0xff, 0xff,
    0x0, 0xff, 0xff, 0x80, 0x7f, 0xff, 0xc0, 0x3f,
    0xff, 0xe0, 0x1f, 0xff, 0xf0, 0xf, 0xff, 0xf8,
    0x7, 0xff, 0xfc, 0x3, 0xff, 0xfe, 0x1, 0xff,
    0x78, 0x7, 0xff, 0x18, 0x40, 0x3f, 0xfa, 0x86,
    0x1, 0xff, 0xd4, 0x10, 0xf, 0xfe, 0x8, 0x80,
    0x7f, 0xf1, 0x4c, 0x3, 0xff, 0x84, 0x40, 0x1f,
    0xfc, 0x55, 0x0, 0xff, 0xe1, 0x38, 0x7, 0xff,
    0x17, 0x0, 0x3f, 0xf8, 0x44, 0x1, 0xff, 0xc4,
    0x15, 0x0, 0xff, 0xe0, 0x88, 0x80, 0x3f, 0xf8,
    0x90, 0x1, 0xff, 0xc2, 0x50, 0xf, 0xfe, 0x23,
    0x30, 0x3, 0xff, 0x85, 0x80, 0x14, 0xc9, 0x48,
    0x3, 0xe4, 0xa9, 0x0, 0xff, 0xe1, 0xa0, 0x4,
    0xed, 0x5b, 0xfd, 0xb9, 0x8d, 0xfb, 0x50, 0xf,
    0xfe, 0x18, 0x98, 0x0, 0x44, 0x1, 0x84, 0x8c,
    0xc4, 0x1, 0xff, 0xc6, 0x60, 0x9, 0x40, 0x3f,
    0xfa, 0x14, 0x1, 0x18, 0x7, 0xff, 0x3d, 0x48,
    0x2, 0xd0, 0xf, 0xfe, 0x7c, 0x0, 0x67, 0x0,
    0xff, 0xe7, 0x49, 0x0, 0x42, 0x40, 0x1f, 0xfc,
    0xd5, 0x60, 0xc, 0xa0, 0x1f, 0xfc, 0xd4, 0xa0,
    0xe, 0x30, 0xf, 0xfe, 0x63, 0xd8, 0x7, 0xb4,
    0x3, 0xff, 0x94, 0x79, 0x0, 0x1f, 0x5d, 0x28,
    0x80, 0x7f, 0xf1, 0x56, 0xf0, 0xc0, 0x3f, 0xa,
    0xd7, 0x72, 0x9d, 0x50, 0x84, 0x3, 0x9, 0xac,
    0x5f, 0xd2, 0x0, 0x7f, 0x80,

    /* U+006B "k" */
    0x34, 0x4f, 0xfe, 0x8, 0x7, 0xff, 0x8f, 0x6e,
    0xff, 0xf8, 0x20, 0x1f, 0xff, 0xf0, 0xf, 0xff,
    0xf8, 0x7, 0xff, 0xfc, 0x3, 0xff, 0xfe, 0x1,
    0xff, 0xff, 0x0, 0xff, 0xff, 0x80, 0x7f, 0xff,
    0xc0, 0x3f, 0xff, 0xe0, 0x1f, 0xff, 0xf0, 0xf,
    0xff, 0xf8, 0x7, 0xff, 0xfc, 0x3, 0xff, 0xfe,
    0x1, 0xff, 0xff, 0x0, 0xff, 0xff, 0x80, 0x7f,
    0xff, 0xc0, 0x3f, 0xff, 0xe0, 0x1f, 0xff, 0xf0,
    0xf, 0xff, 0xf8, 0x7, 0xff, 0xfc, 0x3, 0xff,
    0xed, 0x7f, 0xff, 0xfc, 0x3c, 0x10, 0xf, 0xfe,
    0xe8, 0xe2, 0x0, 0x7f, 0xf0, 0x93, 0x4, 0x3,
    0xff, 0xb8, 0x58, 0x60, 0x1f, 0xfc, 0x24, 0xb0,
    0xf, 0xfe, 0xe9, 0xe1, 0x0, 0x7f, 0xf0, 0x96,
    0xc0, 0x3f, 0xfb, 0xa9, 0x82, 0x1, 0xff, 0xc2,
    0x6a, 0x0, 0xff, 0xee, 0xad, 0x80, 0x7f, 0xf0,
    0xde, 0x40, 0x3f, 0xfb, 0xad, 0x40, 0x1f, 0xfc,
    0x38, 0x80, 0x7, 0xff, 0x76, 0x24, 0x3, 0xff,
    0x87, 0x2e, 0x1, 0xff, 0xdd, 0x97, 0x0, 0xff,
    0xe1, 0xd3, 0x0, 0x7f, 0xf7, 0x6d, 0x80, 0x3f,
    0xf8, 0x74, 0xa0, 0x1f, 0xfd, 0xc1, 0xc4, 0x0,
    0xff, 0xe1, 0xda, 0x80, 0x7f, 0xf7, 0x7, 0xc,
    0x3, 0xff, 0x84, 0x38, 0x80, 0x1f, 0xfd, 0xc2,
    0xf2, 0x0, 0xff, 0xe1, 0xe, 0x18, 0x7, 0xff,
    0x70, 0xf0, 0x40, 0x3f, 0xf8, 0x43, 0x84, 0x1,
    0xff, 0xdc, 0x4c, 0x10, 0xf, 0xfe, 0x11, 0x79,
    0x0, 0x7f, 0xf7, 0x1a, 0xc0, 0x3f, 0xf8, 0x65,
    0x82, 0x1, 0xff, 0xdc, 0x79, 0x0, 0xff, 0xe1,
    0x9e, 0x8, 0x7, 0xff, 0x72, 0x60, 0x3, 0xff,
    0x86, 0x98, 0x20, 0x1f, 0xfd, 0xca, 0x60, 0xf,
    0xfe, 0x1a, 0x58, 0x7, 0xff, 0x76, 0xd4, 0x3,
    0xff, 0x86, 0xb6, 0x1, 0xff, 0xdc, 0x1c, 0x40,
    0xf, 0xfe, 0x1b, 0x50, 0x7, 0xff, 0x70, 0xb0,
    0xc0, 0x3f, 0xf8, 0x6f, 0x20, 0x1f, 0xfd, 0xc3,
    0xc2, 0x0, 0xff, 0xe2, 0x50, 0x7, 0xff, 0x71,
    0x30, 0x40, 0x3f, 0xf8, 0xb2, 0x1, 0xff, 0xdb,
    0x5b, 0x0, 0xff, 0xe3, 0xa2, 0x0, 0x3f, 0xfb,
    0x54, 0x1, 0xff, 0xc9, 0x90, 0xf, 0xff, 0x81,
    0x38, 0x7, 0xff, 0xc2, 0x4, 0x3, 0xff, 0xe1,
    0x60, 0x1f, 0xff, 0x5, 0x40, 0xf, 0xff, 0xb,
    0x80, 0x7f, 0xf0, 0xa4, 0x3, 0xff, 0xc1, 0x70,
    0xa0, 0x1f, 0xfc, 0x12, 0x70, 0xf, 0xfe, 0xe8,
    0xe2, 0x5, 0x80, 0x7f, 0xf0, 0xa0, 0x40, 0x3f,
    0xfb, 0x65, 0x86, 0x0, 0x18, 0x0, 0xff, 0xe1,
    0x58, 0x7, 0xff, 0x68, 0xf0, 0x80, 0x33, 0x90,
    0x7, 0xff, 0x5, 0x50, 0x3, 0xff, 0xb0, 0x98,
    0x20, 0x1e, 0x80, 0xf, 0xfe, 0x14, 0x80, 0x7f,
    0xf5, 0xda, 0xc0, 0x3f, 0x2a, 0x0, 0x7f, 0xf0,
    0x49, 0xc0, 0x3f, 0xfa, 0xaf, 0x20, 0x1f, 0xe9,
    0x0, 0xff, 0xe1, 0x40, 0x80, 0x7f, 0xf4, 0xe6,
    0x0, 0x3f, 0xe2, 0x60, 0xf, 0xfe, 0x15, 0x80,
    0x7f, 0xf4, 0xa9, 0x80, 0x3f, 0xf8, 0x30, 0x20,
    0x1f, 0xfc, 0x15, 0x40, 0xf, 0xfe, 0x8a, 0x80,
    0x7f, 0xf0, 0x86, 0x0, 0x3f, 0xf8, 0x52, 0x1,
    0xff, 0xe1, 0x63, 0x0, 0xff, 0xe0, 0x93, 0x80,
    0x7f, 0xf8, 0x7c, 0x3, 0xff, 0x85, 0x2, 0x1,
    0xff, 0xe0, 0x35, 0x0, 0xff, 0xe1, 0x58, 0x7,
    0xff, 0x86, 0xc0, 0x3f, 0xf8, 0x4a, 0x60, 0x1f,
    0xfe, 0x1, 0x80, 0xf, 0xfe, 0x17, 0x0, 0x7f,
    0xf8, 0x5c, 0x80, 0x3f, 0xf8, 0x24, 0xe0, 0x1f,
    0xfe, 0x18, 0x0, 0xff, 0xe1, 0x40, 0x80, 0x7f,
    0xf8, 0x15, 0x0, 0x3f, 0xf8, 0x56, 0x1, 0xff,
    0xe1, 0x90, 0xf, 0xfe, 0x12, 0x98, 0x7, 0xff,
    0x80, 0x98, 0x3, 0xff, 0x85, 0xc0, 0x1f, 0xfe,
    0x18, 0x10, 0xf, 0xfe, 0x9, 0x30, 0x7, 0xff,
    0x80, 0x60, 0x3, 0xff, 0x85, 0x22, 0x1, 0xff,
    0xe0, 0x62, 0x0, 0xff, 0xe1, 0x40, 0x7, 0xff,
    0x87, 0x80, 0x3f, 0xf8, 0x4c, 0x60, 0x1f, 0xfe,
    0x3, 0x50, 0xf, 0xfe, 0x17, 0x80, 0x7f, 0xf8,
    0x6c, 0x3, 0xff, 0x84, 0x6c, 0x1, 0xff, 0xe0,
    0x18, 0x0, 0xff, 0xe1, 0x40, 0x80, 0x7f, 0xf8,
    0x1c, 0x40, 0x3f, 0xf8, 0x23, 0x0, 0x1f, 0xfe,
    0x1b, 0x0, 0xff, 0xe1, 0x31, 0x80, 0x7f, 0xf8,
    0x15, 0x0, 0x3f, 0xf8, 0x5e, 0x1, 0xff, 0xe1,
    0x90, 0xf, 0xfe, 0x11, 0xb0, 0x7, 0xff, 0x80,
    0x98, 0x3, 0xff, 0x85, 0x2, 0x1, 0xff, 0xe0,
    0x81, 0x0, 0xff, 0xe0, 0x8c, 0x0, 0x7f, 0xf8,
    0x6, 0x0, 0x3f, 0xf8, 0x4c, 0x60,

    /* U+006C "l" */
    0x34, 0x4f, 0xfe, 0x9, 0x7d, 0xdf, 0xff, 0x6,
    0x80, 0x3f, 0xff, 0xe0, 0x1f, 0xff, 0xf0, 0xf,
    0xff, 0xf8, 0x7, 0xff, 0xfc, 0x3, 0xff, 0xfe,
    0x1, 0xff, 0xff, 0x0, 0xff, 0xff, 0x80, 0x7f,
    0xff, 0xc0, 0x3f, 0xff, 0xe0, 0x1f, 0xff, 0xf0,
    0xf, 0xff, 0xf8, 0x7, 0xff, 0xfc, 0x3, 0xff,
    0xfe, 0x1, 0xff, 0xff, 0x0, 0xff, 0xff, 0x80,
    0x7f, 0xff, 0xc0, 0x3f, 0xff, 0xe0, 0x1f, 0xfe,
    0x10,

    /* U+006D "m" */
    0x0, 0xff, 0xe8, 0xa, 0x3c, 0x55, 0xdd, 0x52,
    0xe8, 0x1, 0xff, 0xce, 0x26, 0x9c, 0xde, 0xff,
    0xbb, 0x29, 0xd0, 0x3, 0xff, 0xb4, 0x51, 0xbd,
    0x70, 0xea, 0x89, 0x2b, 0x45, 0xfd, 0xa8, 0x7,
    0xff, 0x20, 0xa3, 0x75, 0x2c, 0x64, 0x20, 0x10,
    0x9a, 0xc5, 0xfd, 0x20, 0x7, 0xfb, 0xbf, 0xff,
    0xf8, 0x1c, 0x1, 0xfc, 0x97, 0xae, 0x40, 0x1f,
    0xfc, 0x14, 0xae, 0x50, 0xf, 0xfe, 0x21, 0x56,
    0xb9, 0x0, 0x7f, 0xf0, 0xd6, 0xf5, 0x0, 0x3f,
    0xfa, 0x25, 0x76, 0x40, 0xf, 0xfe, 0x30, 0xd5,
    0x80, 0x7f, 0xf0, 0xa7, 0x54, 0x3, 0xff, 0x90,
    0x57, 0x40, 0x1f, 0xfc, 0xf6, 0xd4, 0x0, 0xff,
    0xe5, 0x26, 0x88, 0x7, 0xf9, 0x39, 0x80, 0x3f,
    0xf9, 0x8b, 0x82, 0x1, 0xff, 0xcc, 0xa9, 0x0,
    0xff, 0xe6, 0x96, 0x8, 0x7, 0xe7, 0xb1, 0x0,
    0xff, 0xe7, 0x1e, 0x0, 0x7f, 0xf2, 0xed, 0x40,
    0x3f, 0xf9, 0xe5, 0xa0, 0x1f, 0x54, 0x0, 0x7f,
    0xf4, 0x4a, 0x80, 0x3f, 0xf9, 0x38, 0x80, 0x1f,
    0xfd, 0x13, 0x70, 0xe, 0xa5, 0x0, 0xff, 0xe9,
    0xaa, 0x80, 0x3f, 0xf8, 0xf6, 0x60, 0x1f, 0xfd,
    0x38, 0x20, 0xa, 0x94, 0x3, 0xff, 0xab, 0x60,
    0x1f, 0xfc, 0x6a, 0x40, 0xf, 0xfe, 0xac, 0x0,
    0x25, 0x40, 0x3f, 0xfa, 0xc2, 0xe0, 0x1f, 0xfc,
    0x47, 0x50, 0xf, 0xfe, 0xb2, 0x8a, 0xb0, 0x7,
    0xff, 0x62, 0x80, 0x3f, 0xf8, 0x63, 0x0, 0x1f,
    0xfd, 0x8b, 0xa0, 0xf, 0xfe, 0xc9, 0x18, 0x7,
    0xff, 0x38, 0xde, 0xf7, 0xfb, 0x65, 0x0, 0x3f,
    0xf8, 0xaa, 0x1, 0xff, 0xb, 0x56, 0x77, 0xfb,
    0xb2, 0xc, 0x3, 0xff, 0x8b, 0x60, 0x1f, 0xfc,
    0xb1, 0x8e, 0xc8, 0x42, 0x1, 0x26, 0xbc, 0x20,
    0xf, 0xfe, 0x69, 0x57, 0x4a, 0x98, 0x80, 0x4,
    0xdf, 0x28, 0x3, 0xff, 0x88, 0xa0, 0x1f, 0xfc,
    0xa6, 0xf7, 0x10, 0xf, 0xe3, 0xd3, 0x0, 0xff,
    0xe5, 0xbe, 0xa8, 0x7, 0xfc, 0xb8, 0x1, 0xff,
    0xc3, 0x21, 0x0, 0xff, 0xe3, 0x8d, 0xc8, 0x80,
    0x7f, 0xf0, 0x70, 0x80, 0x3f, 0xf9, 0x3, 0x90,
    0x1, 0xff, 0xc2, 0x37, 0x0, 0xff, 0xe1, 0xa8,
    0x7, 0xff, 0x18, 0x71, 0x0, 0x3f, 0xf8, 0x90,
    0x1, 0xff, 0xc7, 0x1c, 0x30, 0xf, 0xfe, 0x24,
    0x0, 0x7f, 0xf0, 0xcc, 0x3, 0xff, 0x8a, 0x38,
    0x40, 0x1f, 0xfc, 0x55, 0x10, 0xf, 0xfe, 0x36,
    0x90, 0x7, 0xff, 0x19, 0x80, 0x3f, 0xf8, 0x5c,
    0x1, 0xff, 0xc5, 0xa2, 0x0, 0xff, 0xe3, 0xb0,
    0x7, 0xff, 0x16, 0xc, 0x3, 0xff, 0x8f, 0xa0,
    0x1f, 0xfc, 0x22, 0x0, 0xff, 0xe2, 0x32, 0x0,
    0x7f, 0xf2, 0x30, 0x3, 0xff, 0x88, 0x4e, 0x1,
    0xff, 0xc8, 0x40, 0xf, 0xfe, 0x13, 0x80, 0x7f,
    0xf1, 0x20, 0x3, 0xff, 0x92, 0xa0, 0x1f, 0xfc,
    0x48, 0x0, 0xff, 0xe5, 0x10, 0x7, 0xff, 0x4,
    0x40, 0x3f, 0xf8, 0x6e, 0x20, 0x1f, 0xfc, 0x91,
    0x0, 0xff, 0xe1, 0x92, 0x80, 0x7f, 0xf2, 0x9c,
    0x3, 0xff, 0x82, 0x60, 0x1f, 0xfc, 0x3a, 0x0,
    0xff, 0xe5, 0x90, 0x7, 0xff, 0x9, 0x40, 0x3f,
    0xf9, 0x64, 0x1, 0xff, 0xc1, 0x10, 0xf, 0xfe,
    0x11, 0x10, 0x3, 0xff, 0x96, 0xc0, 0x1f, 0xfc,
    0x2b, 0x0, 0xff, 0xe5, 0xf0, 0x7, 0xff, 0x41,
    0x0, 0x3f, 0xf9, 0x82, 0x1, 0xff, 0xc2, 0x30,
    0xf, 0xfe, 0x59, 0x80, 0x7f, 0xf4, 0x3c, 0x3,
    0xff, 0xb4, 0x40, 0x1f, 0xfc, 0xc1, 0x0, 0xff,
    0xe8, 0x18, 0x7, 0xff, 0x69, 0x80, 0x3f, 0xfd,
    0x22, 0x1, 0xff, 0xda, 0x10, 0xf, 0xff, 0xf8,
    0x7, 0xff, 0xfc, 0x3, 0xff, 0xfe, 0x1, 0xff,
    0xff, 0x0, 0xff, 0xff, 0x80, 0x7f, 0xff, 0xc0,
    0x3f, 0xff, 0xe0, 0x1f, 0xff, 0xf0, 0xf, 0xff,
    0xf8, 0x7, 0xff, 0xfc, 0x3, 0xff, 0xfe, 0x1,
    0xff, 0xff, 0x0, 0xff, 0xff, 0x80, 0x7f, 0xff,
    0xc0, 0x3f, 0xff, 0xe0, 0x1f, 0xff, 0xf0, 0xf,
    0xff, 0xf8, 0x7, 0xff, 0xfc, 0x3, 0xff, 0xfe,
    0x1, 0xff, 0xff, 0x0, 0xff, 0xff, 0x80, 0x7f,
    0xff, 0xc0, 0x3f, 0xff, 0xe0, 0x1f, 0xff, 0xf0,
    0xf, 0xff, 0xf8, 0x7, 0xff, 0xfc, 0x3, 0xff,
    0xfe, 0x1, 0xff, 0xff, 0x0, 0xff, 0xff, 0x80,
    0x7f, 0xff, 0xc0, 0x3f, 0xff, 0xe0, 0x1f, 0xff,
    0xf0, 0xf, 0xff, 0xf8, 0x7, 0xff, 0xfc, 0x3,
    0xff, 0xfe, 0x1, 0xff, 0xff, 0x0, 0xff, 0xff,
    0x80, 0x7f, 0xff, 0xc0, 0x3f, 0xff, 0xe0, 0x1f,
    0xff, 0xf0, 0xf, 0xff, 0xf8, 0x7, 0xff, 0xfc,
    0x3, 0xff, 0xfe, 0x1, 0xff, 0xff, 0x0, 0xff,
    0xff, 0x80, 0x7f, 0xff, 0xc0, 0x3f, 0xff, 0xe0,
    0x1f, 0xff, 0xf0, 0xf, 0xff, 0xb0,

    /* U+006E "n" */
    0x0, 0xff, 0xe8, 0xa, 0xc5, 0xef, 0x7f, 0xdd,
    0xb7, 0x2c, 0x60, 0x1f, 0xfd, 0xc1, 0x7c, 0xea,
    0x74, 0x21, 0x0, 0x84, 0x91, 0xa7, 0x3a, 0x4c,
    0x3, 0xff, 0x81, 0xdf, 0xff, 0xfc, 0xe, 0x0,
    0xfe, 0x29, 0xe8, 0x30, 0xf, 0xfe, 0x18, 0xb6,
    0x61, 0x0, 0x3f, 0xfa, 0x91, 0xac, 0x1, 0xff,
    0xc9, 0x3b, 0xa1, 0x0, 0xff, 0xe8, 0x27, 0x38,
    0x7, 0xff, 0x35, 0x7c, 0xc0, 0x3f, 0xf9, 0xcf,
    0x62, 0x1, 0xff, 0xcf, 0x1c, 0x30, 0xf, 0xfe,
    0x65, 0x40, 0x7, 0xff, 0x4f, 0x8, 0x3, 0xff,
    0x95, 0x4a, 0x1, 0xff, 0xd5, 0xf0, 0xf, 0xfe,
    0x4d, 0x28, 0x7, 0xff, 0x58, 0xa0, 0x3, 0xff,
    0x8f, 0xa, 0x1, 0xff, 0xd8, 0x72, 0x0, 0xff,
    0xe2, 0xab, 0x80, 0x7f, 0xf6, 0xac, 0x3, 0xff,
    0x88, 0x34, 0x1, 0xff, 0xdb, 0x61, 0x0, 0xff,
    0xe8, 0x2c, 0xe7, 0x7f, 0xbb, 0x6d, 0xc8, 0x3,
    0xff, 0x8c, 0xe0, 0x1f, 0xfc, 0xd2, 0xaf, 0xa6,
    0x31, 0x0, 0x9, 0x24, 0x6d, 0x10, 0x7, 0xff,
    0x12, 0x80, 0x3f, 0xf9, 0x63, 0x3a, 0xa0, 0x1f,
    0xfc, 0x5, 0xd4, 0x0, 0xff, 0xe1, 0x98, 0x7,
    0xff, 0x29, 0x3d, 0x80, 0x3f, 0xf8, 0x96, 0x80,
    0x1f, 0xfc, 0x34, 0x0, 0xff, 0xe4, 0x35, 0x88,
    0x7, 0xff, 0x1a, 0x80, 0x3f, 0xf8, 0x66, 0x1,
    0xff, 0xc7, 0x69, 0x0, 0xff, 0xe4, 0xb, 0x0,
    0x7f, 0xf0, 0xb4, 0x3, 0xff, 0x8c, 0x72, 0x1,
    0xff, 0xca, 0xb0, 0xf, 0xfe, 0x13, 0x0, 0x7f,
    0xf1, 0x47, 0x40, 0x3f, 0xf9, 0x64, 0x40, 0xf,
    0xfe, 0x9, 0x0, 0x7f, 0xf1, 0x60, 0x40, 0x3f,
    0xf9, 0x8e, 0x1, 0xff, 0xc1, 0x10, 0xf, 0xfe,
    0x21, 0x30, 0x7, 0xff, 0x37, 0x40, 0x3f, 0xfa,
    0x56, 0x1, 0xff, 0xce, 0x20, 0xf, 0xfe, 0x10,
    0x80, 0x7f, 0xf0, 0xd8, 0x3, 0xff, 0x9c, 0xc0,
    0x1f, 0xfd, 0x14, 0x0, 0xff, 0xe7, 0x88, 0x7,
    0xff, 0x8, 0xc0, 0x3f, 0xf8, 0x46, 0x1, 0xff,
    0xed, 0xd0, 0xf, 0xff, 0x68, 0x80, 0x7f, 0xff,
    0xc0, 0x3f, 0xff, 0xe0, 0x1f, 0xff, 0xf0, 0xf,
    0xff, 0xf8, 0x7, 0xff, 0xfc, 0x3, 0xff, 0xfe,
    0x1, 0xff, 0xff, 0x0, 0xff, 0xff, 0x80, 0x7f,
    0xff, 0xc0, 0x3f, 0xff, 0xe0, 0x1f, 0xff, 0xf0,
    0xf, 0xff, 0xf8, 0x7, 0xff, 0xfc, 0x3, 0xff,
    0xfe, 0x1, 0xff, 0xff, 0x0, 0xff, 0xff, 0x80,
    0x7f, 0xff, 0xc0, 0x3f, 0xff, 0xe0, 0x1f, 0xff,
    0xf0, 0xf, 0xff, 0xf8, 0x7, 0xff, 0xfc, 0x3,
    0xff, 0xfe, 0x1, 0xff, 0xff, 0x0, 0xff, 0xff,
    0x80, 0x7f, 0xff, 0xc0, 0x3f, 0xff, 0xe0, 0x1f,
    0xff, 0xf0, 0xf, 0xff, 0xf8, 0x7, 0xff, 0xfc,
    0x3, 0xff, 0xfe, 0x1, 0xff, 0xeb,

    /* U+006F "o" */
    0x0, 0xff, 0xe6, 0xa3, 0xcd, 0xef, 0x73, 0xfe,
    0xed, 0xc9, 0x75, 0x10, 0xf, 0xff, 0x9, 0xc6,
    0x7d, 0xc3, 0x21, 0x8, 0x80, 0x21, 0x23, 0x68,
    0xae, 0xd9, 0x40, 0xf, 0xfe, 0xd8, 0xbe, 0xe3,
    0x98, 0x7, 0xff, 0x18, 0x9a, 0xfa, 0x48, 0x3,
    0xff, 0xac, 0x31, 0xd0, 0x40, 0x1f, 0xfc, 0xc1,
    0x6d, 0xa2, 0x0, 0xff, 0xe9, 0xbf, 0x38, 0x7,
    0xff, 0x49, 0x76, 0x40, 0x3f, 0xfa, 0x5, 0x90,
    0x1, 0xff, 0xd6, 0x6e, 0x40, 0xf, 0xfe, 0x6a,
    0xe9, 0x80, 0x7f, 0xf6, 0x6, 0xe0, 0x3, 0xff,
    0x97, 0x14, 0x1, 0xff, 0xdc, 0x7b, 0x0, 0xff,
    0xe4, 0xcb, 0x80, 0x7f, 0xf7, 0x93, 0x0, 0x3f,
    0xf8, 0xf2, 0xc0, 0x1f, 0xfe, 0x3, 0xc0, 0xf,
    0xfe, 0x2b, 0xb0, 0x7, 0xff, 0x88, 0xe8, 0x3,
    0xff, 0x86, 0x90, 0x1, 0xff, 0xc8, 0x35, 0x67,
    0x73, 0x29, 0x80, 0x7f, 0xf2, 0x15, 0xc0, 0x3f,
    0xf8, 0x23, 0x40, 0x1f, 0xfc, 0x51, 0x7c, 0xfc,
    0xa9, 0x88, 0x4d, 0x67, 0xe3, 0x88, 0x7, 0xff,
    0x16, 0x8, 0x3, 0xff, 0x81, 0x62, 0x1, 0xff,
    0xc3, 0x18, 0xe8, 0x30, 0xf, 0xf1, 0xc7, 0x48,
    0x80, 0x7f, 0xf1, 0x38, 0x3, 0xfe, 0x45, 0x0,
    0xff, 0xe1, 0x9f, 0xb8, 0x7, 0xff, 0x11, 0xbd,
    0x0, 0x3f, 0xf8, 0x66, 0xc0, 0x1f, 0xe8, 0x0,
    0xff, 0xe1, 0xae, 0x8, 0x7, 0xff, 0x18, 0x6d,
    0x40, 0x3f, 0xf8, 0x70, 0x1, 0xfc, 0x86, 0x1,
    0xff, 0xc2, 0x4a, 0x0, 0xff, 0xe5, 0x52, 0x0,
    0x7f, 0xf0, 0x85, 0xc0, 0x3f, 0x40, 0x7, 0xff,
    0x8, 0x68, 0x3, 0xff, 0x99, 0x64, 0x1, 0xff,
    0xc2, 0x90, 0xf, 0x8c, 0xc0, 0x1f, 0xfc, 0x2b,
    0x10, 0xf, 0xfe, 0x6c, 0x80, 0x7f, 0xf0, 0x85,
    0x40, 0x3d, 0x40, 0x1f, 0xfc, 0x24, 0x50, 0xf,
    0xfe, 0x72, 0x20, 0x3, 0xff, 0x85, 0xc0, 0x1e,
    0x60, 0xf, 0xfe, 0x14, 0x0, 0x7f, 0xf4, 0x20,
    0x3, 0xff, 0x84, 0x82, 0x1, 0x90, 0x3, 0xff,
    0x84, 0x66, 0x0, 0xff, 0xe8, 0x19, 0x80, 0x3f,
    0xf8, 0x48, 0x1, 0xb0, 0x3, 0xff, 0x85, 0x40,
    0x1f, 0xfd, 0x2a, 0x0, 0xff, 0xe1, 0x78, 0x6,
    0x50, 0xf, 0xfe, 0x13, 0x80, 0x7f, 0xf4, 0x9c,
    0x3, 0xff, 0x84, 0x80, 0x10, 0x90, 0x7, 0xff,
    0x4, 0xc4, 0x3, 0xff, 0xa4, 0x26, 0x1, 0xff,
    0xc1, 0x11, 0x0, 0x14, 0x3, 0xff, 0x84, 0x80,
    0x1f, 0xfd, 0x44, 0x0, 0xff, 0xe1, 0x20, 0x0,
    0xc0, 0x3f, 0xf8, 0x5a, 0x1, 0xff, 0xd4, 0xd0,
    0xf, 0xfe, 0x16, 0x80, 0x34, 0x3, 0xff, 0x84,
    0xe0, 0x1f, 0xfd, 0x47, 0x0, 0xff, 0xe1, 0x10,
    0x0, 0x40, 0x3f, 0xf8, 0x44, 0x1, 0xff, 0xd4,
    0x20, 0xf, 0xfe, 0x13, 0x0, 0x18, 0x3, 0xff,
    0x82, 0x20, 0x1f, 0xfd, 0x61, 0x0, 0xff, 0xe0,
    0x90, 0x0, 0x80, 0x3f, 0xf8, 0x24, 0x1, 0xff,
    0xd6, 0x20, 0xf, 0xfe, 0x8, 0x80, 0x7f, 0xf1,
    0x1c, 0x3, 0xff, 0xac, 0xe0, 0x1f, 0xfd, 0x21,
    0x0, 0xff, 0xeb, 0x8, 0x7, 0xff, 0xc, 0x40,
    0x3f, 0xfe, 0x82, 0x1, 0xff, 0xff, 0x0, 0xff,
    0xff, 0x80, 0x7f, 0xf8, 0xc4, 0x40, 0x1f, 0xfc,
    0x21, 0x0, 0xff, 0xeb, 0x8, 0x7, 0xff, 0x49,
    0xc0, 0x3f, 0xfa, 0xcc, 0x1, 0xff, 0xc4, 0x10,
    0xf, 0xfe, 0x9, 0x0, 0x7f, 0xf5, 0x8c, 0x3,
    0xff, 0x82, 0x40, 0x2, 0x0, 0xff, 0xe0, 0x88,
    0x7, 0xff, 0x58, 0x40, 0x3f, 0xf8, 0x2c, 0x0,
    0x60, 0xf, 0xfe, 0x11, 0x0, 0x7f, 0xf5, 0x8,
    0x3, 0xff, 0x84, 0x40, 0x2, 0x0, 0xff, 0xe1,
    0x38, 0x7, 0xff, 0x51, 0xc0, 0x3f, 0xf8, 0x5c,
    0x0, 0xe0, 0xf, 0xfe, 0x16, 0x80, 0x7f, 0xf5,
    0x30, 0x3, 0xff, 0x84, 0x60, 0x5, 0x0, 0xff,
    0xe1, 0x20, 0x7, 0xff, 0x51, 0x0, 0x3f, 0xf8,
    0x4a, 0x0, 0x30, 0xf, 0xfe, 0x11, 0x88, 0x7,
    0xff, 0x48, 0x48, 0x3, 0xff, 0x82, 0x42, 0x1,
    0x18, 0x7, 0xff, 0x9, 0xc0, 0x3f, 0xfa, 0x4c,
    0x1, 0xff, 0xc2, 0x40, 0xd, 0x60, 0x1f, 0xfc,
    0x2a, 0x0, 0xff, 0xe9, 0x50, 0x7, 0xff, 0xb,
    0x40, 0x32, 0x0, 0x7f, 0xf0, 0x8c, 0xc0, 0x1f,
    0xfd, 0x4, 0x20, 0xf, 0xfe, 0x12, 0x0, 0x63,
    0x10, 0xf, 0xfe, 0x14, 0x80, 0x7f, 0xf4, 0x3c,
    0x3, 0xff, 0x84, 0xc0, 0x1e, 0x60, 0xf, 0xfe,
    0x12, 0x98, 0x7, 0xff, 0x39, 0x50, 0x3, 0xff,
    0x85, 0x40, 0x1e, 0xa0, 0xf, 0xfe, 0x1f, 0x0,
    0x7f, 0xf3, 0x46, 0xc0, 0x3f, 0xf8, 0x46, 0x60,
    0xf, 0x12, 0x0, 0x7f, 0xf0, 0x8a, 0x80, 0x3f,
    0xf9, 0x94, 0x20, 0x1f, 0xfc, 0x29, 0x0, 0xfd,
    0x0, 0x1f, 0xfc, 0x35, 0x80, 0xf, 0xfe, 0x55,
    0x20, 0x7, 0xff, 0x8, 0xd4, 0x3, 0xf1, 0xa0,
    0x7, 0xff, 0xd, 0xe8, 0x3, 0xff, 0x8e, 0x36,
    0xa0, 0x1f, 0xfc, 0x3f, 0x0, 0xff, 0x48, 0x7,
    0xff, 0x11, 0x79, 0x40, 0x3f, 0xf8, 0x8d, 0xe8,
    0x1, 0xff, 0xc3, 0x53, 0x0, 0xff, 0x14, 0x0,
    0x7f, 0xf1, 0x6, 0xb9, 0xcc, 0x3, 0xfc, 0x71,
    0xd2, 0x20, 0x1f, 0xfc, 0x31, 0xa0, 0xf, 0xfe,
    0x3, 0x98, 0x7, 0xff, 0x14, 0x63, 0x3b, 0x2a,
    0x62, 0x13, 0x59, 0xf8, 0xe2, 0x1, 0xff, 0xc5,
    0xa0, 0xf, 0xfe, 0x16, 0x88, 0x7, 0xff, 0x1c,
    0x4d, 0x59, 0xdc, 0xca, 0x60, 0x1f, 0xfc, 0x89,
    0x40, 0xf, 0xfe, 0x10, 0xe8, 0x7, 0xff, 0x8d,
    0xd8, 0x3, 0xff, 0x88, 0x76, 0x1, 0xff, 0xe1,
    0x68, 0x0, 0xff, 0xe3, 0x26, 0x0, 0x7f, 0xf7,
    0xde, 0x40, 0x3f, 0xf9, 0x7, 0xa4, 0x1, 0xff,
    0xdc, 0xa8, 0x0, 0xff, 0xe5, 0x16, 0xa8, 0x7,
    0xff, 0x64, 0xb5, 0x40, 0x3f, 0xf9, 0xb5, 0x42,
    0x0, 0xff, 0xeb, 0x46, 0x90, 0x7, 0xff, 0x3d,
    0x76, 0x4, 0x3, 0xff, 0xa4, 0xdc, 0xe0, 0x1f,
    0xfd, 0x37, 0xe9, 0x30, 0xf, 0xfe, 0x69, 0x47,
    0x48, 0x80, 0x7f, 0xf5, 0x9b, 0x36, 0x10, 0x3,
    0xff, 0x8e, 0x4f, 0x9a, 0xe2, 0x1, 0xff, 0xda,
    0x27, 0xbf, 0xd9, 0x75, 0x32, 0x10, 0xc, 0x24,
    0x8d, 0x17, 0xfb, 0x6, 0x1, 0xff, 0xc9,

    /* U+0070 "p" */
    0x0, 0xff, 0xe8, 0x1b, 0xce, 0x6f, 0x7f, 0xbb,
    0x9b, 0x50, 0xa2, 0x1, 0xff, 0xc8, 0x44, 0xff,
    0xe0, 0x98, 0x7, 0xfc, 0x95, 0xd9, 0xc, 0x64,
    0x20, 0x1, 0x11, 0x2b, 0xd7, 0x6c, 0x10, 0x7,
    0xff, 0x16, 0xef, 0xff, 0x83, 0xa0, 0x1f, 0xcd,
    0xb6, 0xa2, 0x1, 0xff, 0xc3, 0x27, 0xdc, 0x40,
    0xf, 0xfe, 0xc1, 0xec, 0x90, 0x7, 0xff, 0x24,
    0xef, 0xc, 0x3, 0xff, 0xab, 0x38, 0x40, 0x1f,
    0xfc, 0xd3, 0xc7, 0x0, 0xff, 0xe9, 0xe, 0x30,
    0x7, 0xff, 0x46, 0x30, 0x40, 0x3f, 0xf9, 0xe5,
    0xe6, 0x1, 0xff, 0xd3, 0x3c, 0x10, 0xf, 0xfe,
    0x69, 0x60, 0x80, 0x7f, 0xf5, 0x4b, 0xc4, 0x3,
    0xff, 0x96, 0x58, 0x20, 0x1f, 0xfd, 0x71, 0xd0,
    0xf, 0xfe, 0x5f, 0x88, 0x7, 0xff, 0x64, 0xe8,
    0x3, 0xff, 0x93, 0x64, 0x1, 0xff, 0xdb, 0x55,
    0x0, 0x7f, 0xf1, 0xc5, 0x0, 0x3f, 0xf8, 0x44,
    0x67, 0x10, 0x7, 0xff, 0x2a, 0x84, 0x3, 0xff,
    0xa4, 0x93, 0xbf, 0xb9, 0x96, 0xfe, 0x41, 0x0,
    0x7f, 0xf1, 0xe0, 0x3, 0xff, 0xa0, 0xfd, 0x6c,
    0x40, 0x1f, 0x1b, 0xed, 0x90, 0x7, 0xff, 0x15,
    0x88, 0x3, 0xff, 0x9a, 0x9d, 0x2, 0x1, 0xff,
    0xc1, 0x4d, 0x70, 0xf, 0xfe, 0x2c, 0x0, 0x7f,
    0xf3, 0x22, 0xc4, 0x3, 0xff, 0x8b, 0x12, 0x1,
    0xff, 0xc4, 0x51, 0x0, 0xff, 0xe5, 0x53, 0x80,
    0x7f, 0xf2, 0x1a, 0x0, 0x3f, 0xf8, 0x92, 0x1,
    0xff, 0xc9, 0x95, 0x0, 0xff, 0xe5, 0x3a, 0x0,
    0x7f, 0xf0, 0xd4, 0x3, 0xff, 0x90, 0xcc, 0x0,
    0xff, 0xe6, 0x50, 0x7, 0xff, 0xc, 0x8c, 0x3,
    0xff, 0x8c, 0x32, 0x1, 0xff, 0xcd, 0x18, 0x0,
    0xff, 0xe1, 0xd8, 0x7, 0xff, 0x1a, 0x0, 0x3f,
    0xf9, 0xee, 0x1, 0xff, 0xc3, 0x40, 0xf, 0xfe,
    0x28, 0xb0, 0x7, 0xff, 0x41, 0xc0, 0x3f, 0xf8,
    0x46, 0x1, 0xff, 0xc5, 0x70, 0xf, 0xfe, 0x8d,
    0x80, 0x7f, 0xf0, 0xcc, 0x3, 0xff, 0x89, 0xa0,
    0x1f, 0xfd, 0x13, 0x20, 0xf, 0xfe, 0x12, 0x0,
    0x7f, 0xf1, 0x10, 0x3, 0xff, 0xa4, 0x80, 0x1f,
    0xfc, 0x2e, 0x0, 0xff, 0xe1, 0x98, 0x7, 0xff,
    0x4f, 0x0, 0x3f, 0xf8, 0x4a, 0x1, 0xff, 0xc3,
    0x50, 0xf, 0xfe, 0x9b, 0x80, 0x7f, 0xf0, 0x88,
    0x3, 0xff, 0x87, 0xe0, 0x1f, 0xfd, 0x32, 0x0,
    0xff, 0xe1, 0x8, 0x7, 0xff, 0xc, 0xc0, 0x3f,
    0xfa, 0x84, 0x1, 0xff, 0xc2, 0x10, 0xf, 0xfe,
    0x13, 0x0, 0x7f, 0xf5, 0x18, 0x3, 0xff, 0x84,
    0x40, 0x1f, 0xfc, 0x21, 0x0, 0xff, 0xea, 0x8,
    0x7, 0xff, 0x9, 0xc0, 0x3f, 0xfc, 0x66, 0x1,
    0xff, 0xf2, 0x10, 0xf, 0xfe, 0x10, 0x80, 0x7f,
    0xff, 0xc0, 0x3f, 0xff, 0xe0, 0x1f, 0xff, 0xf0,
    0xf, 0xf8, 0x40, 0x3f, 0xf8, 0x42, 0x1, 0xff,
    0xff, 0x0, 0x8, 0x7, 0xff, 0x50, 0x80, 0x3f,
    0xf8, 0x4c, 0x1, 0xff, 0xc2, 0x70, 0xf, 0xfe,
    0xa3, 0x80, 0x7f, 0xf0, 0x8c, 0x3, 0xff, 0x84,
    0x40, 0x1f, 0xfd, 0x42, 0x0, 0xff, 0xe1, 0x8,
    0x7, 0xff, 0xb, 0x80, 0x3f, 0xfa, 0x82, 0x1,
    0xff, 0xc1, 0x20, 0xf, 0xfe, 0x19, 0x80, 0x7f,
    0xf4, 0xcc, 0x3, 0xff, 0x84, 0xc0, 0x1f, 0xfc,
    0x36, 0x0, 0xff, 0xe9, 0xa0, 0x7, 0xff, 0x8,
    0xc0, 0x3f, 0xf8, 0x64, 0x20, 0x1f, 0xfd, 0x2c,
    0x0, 0xff, 0xe1, 0x68, 0x7, 0xff, 0x11, 0xc0,
    0x3f, 0xfa, 0x48, 0x1, 0xff, 0xc2, 0x40, 0xf,
    0xfe, 0x26, 0x80, 0x7f, 0xf4, 0x54, 0x3, 0xff,
    0x84, 0x42, 0x1, 0xff, 0xc4, 0x41, 0x0, 0xff,
    0xe8, 0x70, 0x7, 0xff, 0x9, 0x0, 0x3f, 0xf8,
    0xd2, 0x1, 0xff, 0xcf, 0x24, 0x0, 0xff, 0xe1,
    0x68, 0x7, 0xff, 0x19, 0xc4, 0x3, 0xff, 0x9d,
    0x20, 0x1f, 0xfc, 0x21, 0x40, 0xf, 0xfe, 0x3d,
    0x80, 0x7f, 0xf3, 0x55, 0x0, 0x3f, 0xf8, 0x4e,
    0x1, 0xff, 0xc8, 0x55, 0x0, 0x7f, 0xf2, 0xc6,
    0xc0, 0x3f, 0xf8, 0x74, 0x1, 0xff, 0xc9, 0xa3,
    0x0, 0xff, 0xe4, 0x8e, 0x8, 0x7, 0xff, 0x8,
    0xcc, 0x1, 0xff, 0xca, 0xc4, 0x0, 0xff, 0xe3,
    0x8e, 0x10, 0x7, 0xff, 0xe, 0x0, 0x3f, 0xf9,
    0x96, 0xe0, 0x1f, 0xfc, 0x54, 0xf2, 0x0, 0xff,
    0xe1, 0x9a, 0x0, 0x7f, 0xf3, 0x63, 0x58, 0x3,
    0xff, 0x82, 0x97, 0x61, 0x0, 0xff, 0xe2, 0x78,
    0x7, 0xff, 0x3c, 0xa7, 0xf2, 0x10, 0x84, 0x0,
    0x24, 0xb3, 0xb6, 0x80, 0x1f, 0xfc, 0x55, 0x30,
    0xf, 0xfe, 0x91, 0xbd, 0xef, 0x7f, 0xbb, 0x69,
    0x88, 0x3, 0xff, 0x8c, 0x36, 0x1, 0xff, 0xf1,
    0xd1, 0x0, 0xff, 0xe4, 0x20, 0x7, 0xff, 0x6e,
    0xc, 0x3, 0xff, 0x93, 0xea, 0x1, 0xff, 0xd9,
    0x77, 0x0, 0x7f, 0xf2, 0xe9, 0x0, 0x3f, 0xfa,
    0xed, 0x0, 0x1f, 0xfc, 0xdb, 0x50, 0xf, 0xfe,
    0xac, 0x48, 0x7, 0xff, 0x3e, 0x9c, 0x3, 0xff,
    0xa4, 0x34, 0xe0, 0x1f, 0xfd, 0x18, 0xb1, 0x0,
    0xff, 0xe7, 0xa7, 0xa8, 0x7, 0xff, 0x4d, 0x3d,
    0x80, 0x3f, 0xf9, 0x87, 0x76, 0x10, 0xf, 0xfe,
    0xa8, 0xcf, 0x38, 0x80, 0x7f, 0xf1, 0xd2, 0xf1,
    0x0, 0x3f, 0xfb, 0x23, 0x1d, 0x6c, 0x40, 0x1f,
    0xfc, 0x1, 0x59, 0xeb, 0x40, 0xf, 0xfe, 0xf2,
    0x4e, 0xf6, 0x4b, 0xb3, 0x4e, 0xe9, 0xbe, 0xe5,
    0x30, 0x80, 0x7f, 0xf8, 0xc4, 0xda, 0x26, 0x68,
    0x83, 0x20, 0x80, 0x7f, 0xff, 0xc0, 0x3f, 0xff,
    0xe0, 0x1f, 0xff, 0xf0, 0xf, 0xff, 0xf8, 0x7,
    0xff, 0xfc, 0x3, 0xff, 0xfe, 0x1, 0xff, 0xff,
    0x0, 0xff, 0xff, 0x80, 0x7f, 0xff, 0xc0, 0x3f,
    0xff, 0xe0, 0x1f, 0xff, 0xf0, 0xf, 0xff, 0xf8,
    0x7, 0xff, 0xfc, 0x3, 0xff, 0xfe, 0x1, 0xff,
    0xff, 0x0, 0xff, 0xff, 0x80, 0x7f, 0xff, 0xc0,
    0x3f, 0xff, 0x60,

    /* U+0071 "q" */
    0x0, 0xff, 0xe5, 0x1b, 0xce, 0x6f, 0x7f, 0xdd,
    0xb5, 0xa, 0x1, 0xff, 0xe3, 0x5b, 0xfc, 0x86,
    0x32, 0x10, 0x8, 0x49, 0x5e, 0xbe, 0xd8, 0x3,
    0xfc, 0x68, 0x9f, 0xfc, 0x10, 0xf, 0xfe, 0x28,
    0xc7, 0x52, 0x0, 0x7f, 0xf1, 0x12, 0x7a, 0x0,
    0x3f, 0x7d, 0xdf, 0xff, 0x4, 0x80, 0x3f, 0xf8,
    0x71, 0xce, 0x20, 0x1f, 0xfc, 0x81, 0x7e, 0x60,
    0xf, 0xfe, 0xb1, 0xeb, 0x80, 0x7f, 0xf3, 0x46,
    0x6c, 0x40, 0x3f, 0xfa, 0x6d, 0x84, 0x1, 0xff,
    0xd0, 0x4f, 0x30, 0xf, 0xfe, 0x8c, 0xc8, 0x3,
    0xff, 0xa6, 0x38, 0x60, 0x1f, 0xfc, 0xfa, 0x60,
    0xf, 0xfe, 0xb6, 0x20, 0x7, 0xff, 0x36, 0x54,
    0x3, 0xff, 0xb1, 0x64, 0x1, 0xff, 0xcb, 0x86,
    0x0, 0xff, 0xed, 0x78, 0x80, 0x7f, 0xf2, 0x4d,
    0xc0, 0x3f, 0xfb, 0x64, 0x40, 0xf, 0xfe, 0x4e,
    0x80, 0x7f, 0xf2, 0x49, 0x15, 0x48, 0x62, 0x1,
    0xff, 0xd6, 0xa1, 0x0, 0xff, 0xe3, 0x35, 0xfe,
    0xdd, 0x52, 0xf3, 0xb9, 0x4c, 0x1, 0xff, 0xd2,
    0x35, 0x0, 0xff, 0xe2, 0xbf, 0xca, 0x0, 0x7e,
    0x15, 0x9e, 0x70, 0xf, 0xfe, 0x84, 0x0, 0x7f,
    0xf1, 0xb, 0x60, 0x3, 0xff, 0x84, 0x31, 0xa4,
    0x1, 0xff, 0xcd, 0x34, 0x0, 0xff, 0xe1, 0x9e,
    0x10, 0x7, 0xff, 0x14, 0xb5, 0x0, 0x3f, 0xf9,
    0x90, 0x1, 0xff, 0xc3, 0x2c, 0x10, 0xf, 0xfe,
    0x45, 0x98, 0x7, 0xff, 0x28, 0x50, 0x3, 0xff,
    0x87, 0xe0, 0x1f, 0xfc, 0xbd, 0x10, 0xf, 0xfe,
    0x4b, 0x0, 0x7f, 0xf0, 0xe0, 0x80, 0x3f, 0xf9,
    0x63, 0x60, 0x1f, 0xfc, 0x9a, 0x0, 0xff, 0xe1,
    0x13, 0x80, 0x7f, 0xf3, 0x55, 0x0, 0x3f, 0xf8,
    0xe6, 0x40, 0x1f, 0xfc, 0x28, 0x0, 0xff, 0xe7,
    0xc0, 0x7, 0xff, 0x1d, 0x0, 0x3f, 0xf8, 0x42,
    0xa0, 0x1f, 0xfc, 0xf3, 0x30, 0x7, 0xff, 0x1b,
    0x0, 0x3f, 0xf8, 0x4c, 0x1, 0xff, 0xd1, 0xa0,
    0xf, 0xfe, 0x32, 0x0, 0x7f, 0xf0, 0xac, 0x3,
    0xff, 0xa2, 0xe0, 0x1f, 0xfc, 0x53, 0x0, 0xff,
    0xe1, 0x98, 0x7, 0xff, 0x44, 0x4c, 0x3, 0xff,
    0x88, 0xc0, 0x1f, 0xfc, 0x24, 0x0, 0xff, 0xe9,
    0xa8, 0x7, 0xff, 0x13, 0x40, 0x3f, 0xf8, 0x46,
    0x1, 0xff, 0xd3, 0xf0, 0xf, 0xfe, 0x21, 0x0,
    0x7f, 0xf0, 0xb4, 0x3, 0xff, 0xa6, 0xa0, 0x1f,
    0xfc, 0x46, 0x0, 0xff, 0xe1, 0x30, 0x7, 0xff,
    0x4c, 0x80, 0x3f, 0xf8, 0x84, 0x1, 0xff, 0xc2,
    0x20, 0xf, 0xfe, 0x98, 0x80, 0x7f, 0xf1, 0x4,
    0x3, 0xff, 0x84, 0x20, 0x1f, 0xff, 0xf0, 0xf,
    0xfe, 0x48, 0x80, 0x7f, 0xf4, 0x44, 0x3, 0xff,
    0xc8, 0x20, 0x1f, 0xff, 0xf0, 0xf, 0xff, 0xf8,
    0x7, 0xff, 0xfc, 0x3, 0xff, 0xa4, 0x20, 0x1f,
    0xfc, 0x21, 0x0, 0xff, 0xff, 0x80, 0x7f, 0xf2,
    0x84, 0x3, 0xff, 0x86, 0x20, 0x1f, 0xfc, 0x22,
    0x0, 0xff, 0xf2, 0x18, 0x7, 0xff, 0x9, 0x80,
    0x3f, 0xfa, 0x64, 0x1, 0xff, 0xc4, 0x60, 0xf,
    0xfe, 0x11, 0x0, 0x7f, 0xf4, 0xc4, 0x3, 0xff,
    0x88, 0x40, 0x1f, 0xfc, 0x2f, 0x0, 0xff, 0xe9,
    0xa8, 0x7, 0xff, 0x13, 0x80, 0x3f, 0xf8, 0x4a,
    0x1, 0xff, 0xd3, 0xc0, 0xf, 0xfe, 0x21, 0x80,
    0x7f, 0xf0, 0x8c, 0x3, 0xff, 0xa6, 0xe0, 0x1f,
    0xfc, 0x46, 0x0, 0xff, 0xe1, 0xa8, 0x7, 0xff,
    0x44, 0x88, 0x1, 0xff, 0xc4, 0x21, 0x0, 0xff,
    0xe1, 0x78, 0x7, 0xff, 0x46, 0x80, 0x3f, 0xf8,
    0xc8, 0x1, 0xff, 0xc2, 0x51, 0x0, 0xff, 0xe8,
    0x30, 0x7, 0xff, 0x1b, 0x0, 0x3f, 0xf8, 0x6c,
    0x1, 0xff, 0xcf, 0x61, 0x0, 0xff, 0xe3, 0x38,
    0x7, 0xff, 0xe, 0x40, 0x3f, 0xf9, 0xc3, 0x0,
    0x1f, 0xfc, 0x71, 0x30, 0xf, 0xfe, 0x10, 0xc8,
    0x7, 0xff, 0x36, 0xc4, 0x3, 0xff, 0x91, 0x60,
    0x1f, 0xfc, 0x36, 0x40, 0xf, 0xfe, 0x5b, 0xa8,
    0x7, 0xff, 0x25, 0x80, 0x3f, 0xf8, 0x94, 0x40,
    0x1f, 0xfc, 0x97, 0x80, 0xf, 0xfe, 0x50, 0xa8,
    0x7, 0xff, 0xc, 0x70, 0x80, 0x3f, 0xf8, 0xf1,
    0x0, 0xf, 0xfe, 0x64, 0x0, 0x7f, 0xf1, 0x7,
    0x54, 0x3, 0xff, 0x88, 0x78, 0xe0, 0x1f, 0xfc,
    0xd2, 0x50, 0xf, 0xfe, 0x2d, 0x59, 0x80, 0x7f,
    0xf0, 0xe, 0xb0, 0xc0, 0x3f, 0xf9, 0xf6, 0x1,
    0xff, 0xc6, 0x4c, 0xd8, 0x42, 0x0, 0x88, 0xd6,
    0x77, 0x14, 0x3, 0xff, 0xa2, 0x30, 0x1, 0xff,
    0xc7, 0x27, 0xbd, 0xff, 0xb7, 0x29, 0x88, 0x3,
    0xff, 0xa8, 0xe6, 0x1, 0xff, 0xdc, 0x60, 0xf,
    0xfe, 0x57, 0x8, 0x7, 0xff, 0x69, 0x6c, 0x3,
    0xff, 0x94, 0x5a, 0x1, 0xff, 0xd9, 0x3a, 0x0,
    0xff, 0xe6, 0x1d, 0x0, 0x7f, 0xf5, 0xcf, 0x40,
    0x3f, 0xf9, 0xcb, 0x60, 0x1f, 0xfd, 0x53, 0xd1,
    0x0, 0xff, 0xe7, 0xa6, 0x8, 0x7, 0xff, 0x49,
    0xf0, 0x40, 0x3f, 0xfa, 0x27, 0xca, 0x1, 0xff,
    0xcf, 0x2b, 0x80, 0xf, 0xfe, 0xad, 0x59, 0x80,
    0x7f, 0xf3, 0x1f, 0x50, 0x3, 0xff, 0xae, 0x99,
    0x68, 0x1, 0xff, 0xc7, 0x18, 0xe8, 0x0, 0xff,
    0xed, 0xa5, 0xf4, 0xa8, 0x80, 0x7f, 0xf0, 0x5,
    0xaf, 0x9c, 0x40, 0x3f, 0xfb, 0xc2, 0xd5, 0xdc,
    0xb9, 0x87, 0x66, 0x9e, 0x6f, 0xb9, 0x28, 0x1,
    0xff, 0xe5, 0x14, 0x67, 0x89, 0x9a, 0x19, 0x4,
    0x3, 0xff, 0xfe, 0x1, 0xff, 0xff, 0x0, 0xff,
    0xff, 0x80, 0x7f, 0xff, 0xc0, 0x3f, 0xff, 0xe0,
    0x1f, 0xff, 0xf0, 0xf, 0xff, 0xf8, 0x7, 0xff,
    0xfc, 0x3, 0xff, 0xfe, 0x1, 0xff, 0xff, 0x0,
    0xff, 0xff, 0x80, 0x7f, 0xff, 0xc0, 0x3f, 0xff,
    0xe0, 0x1f, 0xff, 0xf0, 0xf, 0xff, 0xf8, 0x7,
    0xff, 0xfc, 0x3, 0xff, 0xfe, 0x1, 0xff, 0xff,
    0x0, 0xff, 0xe6, 0x0,

    /* U+0072 "r" */
    0x0, 0xff, 0xe7, 0x13, 0x56, 0xf7, 0xfe, 0xec,
    0xa4, 0xef, 0xff, 0xfe, 0x7, 0x0, 0x7f, 0x9f,
    0x75, 0x2a, 0x42, 0x1, 0x84, 0xd4, 0x40, 0x3f,
    0xf9, 0x4f, 0xd0, 0x40, 0x1f, 0xfc, 0x6, 0x0,
    0xff, 0xe4, 0x26, 0xc0, 0x80, 0x7f, 0xf0, 0x88,
    0x3, 0xff, 0x8f, 0x16, 0x40, 0x1f, 0xfc, 0x41,
    0x0, 0xff, 0xe3, 0x53, 0x80, 0x7f, 0xf1, 0x48,
    0x3, 0xff, 0x8d, 0x6a, 0x1, 0xff, 0xc6, 0x60,
    0xf, 0xfe, 0x2d, 0x20, 0x7, 0xff, 0x1c, 0x80,
    0x3f, 0xf8, 0x90, 0xa0, 0x1f, 0xfc, 0x8e, 0x0,
    0xff, 0xe1, 0xa3, 0x80, 0x7f, 0xf2, 0x48, 0x3,
    0xff, 0x87, 0x40, 0x1f, 0xfc, 0xa6, 0x0, 0xff,
    0xe1, 0x8, 0x80, 0x3f, 0xf9, 0x44, 0x1, 0xff,
    0xd2, 0x11, 0x80, 0x38, 0x40, 0x3f, 0xf9, 0xa4,
    0xf7, 0xdf, 0xdd, 0x7f, 0xba, 0xe4, 0x3, 0xff,
    0x98, 0x99, 0xb0, 0x82, 0x1, 0xe1, 0x46, 0x0,
    0xff, 0xe5, 0x15, 0xd8, 0xc0, 0x3f, 0xfa, 0xc9,
    0xa8, 0x1, 0xff, 0xd7, 0x6b, 0x0, 0xff, 0xec,
    0x24, 0x80, 0x7f, 0xf6, 0xa, 0x80, 0x3f, 0xfb,
    0x32, 0x20, 0x1f, 0xfd, 0x83, 0x40, 0xf, 0xfe,
    0xcc, 0x0, 0x7f, 0xf6, 0x45, 0x0, 0x3f, 0xfb,
    0x28, 0x1, 0xff, 0xda, 0xd0, 0xf, 0xfe, 0xd1,
    0x0, 0x7f, 0xf6, 0x84, 0x3, 0xff, 0xfe, 0x1,
    0xff, 0xff, 0x0, 0xff, 0xff, 0x80, 0x7f, 0xff,
    0xc0, 0x3f, 0xff, 0xe0, 0x1f, 0xff, 0xf0, 0xf,
    0xff, 0xf8, 0x7, 0xff, 0xfc, 0x3, 0xff, 0xfe,
    0x1, 0xff, 0xff, 0x0, 0xff, 0xff, 0x80, 0x7f,
    0xff, 0xc0, 0x3f, 0xff, 0xe0, 0x1f, 0xff, 0xf0,
    0xf, 0xff, 0xf8, 0x7, 0xff, 0xfc, 0x3, 0xff,
    0xfe, 0x1, 0xff, 0xff, 0x0, 0xff, 0xff, 0x80,
    0x7f, 0xff, 0xc0, 0x3c,

    /* U+0073 "s" */
    0x0, 0xff, 0xe4, 0x1b, 0x4d, 0xe7, 0x73, 0xff,
    0x77, 0x32, 0xe5, 0xd0, 0x80, 0x3f, 0xfa, 0xe7,
    0x19, 0xf9, 0x2c, 0x86, 0x22, 0x0, 0xc2, 0x23,
    0x46, 0x8b, 0xde, 0xa5, 0x0, 0xff, 0xe8, 0x8b,
    0xee, 0x39, 0x80, 0x7f, 0xf2, 0x5, 0x6b, 0xe8,
    0xc0, 0x3f, 0xf9, 0x83, 0x3d, 0x4, 0x1, 0xff,
    0xcf, 0x5c, 0xc1, 0x80, 0x7f, 0xf2, 0x5f, 0x98,
    0x3, 0xff, 0xa8, 0x79, 0x40, 0x1f, 0xfc, 0x61,
    0xc8, 0x0, 0xff, 0xec, 0x2e, 0x98, 0x7, 0xff,
    0xc, 0xfc, 0xc0, 0x3f, 0xfb, 0x45, 0x86, 0x1,
    0xff, 0xc1, 0x3c, 0x10, 0xf, 0xfe, 0xee, 0x18,
    0x7, 0xfc, 0x58, 0x1, 0xff, 0xe0, 0xd1, 0x0,
    0xff, 0x78, 0x7, 0xff, 0x84, 0x68, 0x3, 0xfa,
    0x48, 0x3, 0xff, 0x92, 0x23, 0x80, 0x3f, 0xf9,
    0x28, 0xc0, 0x1f, 0x1b, 0x0, 0x7f, 0xf1, 0x9,
    0xab, 0x7f, 0xdd, 0xdb, 0xfd, 0xb4, 0xc4, 0x1,
    0xff, 0xc4, 0x80, 0xf, 0xa4, 0x3, 0xff, 0x86,
    0xb9, 0xb2, 0xa4, 0x1, 0xf8, 0x96, 0x76, 0xcc,
    0x3, 0xff, 0x84, 0x2a, 0x1, 0xc4, 0xa0, 0x1f,
    0xfc, 0x11, 0xca, 0x30, 0xf, 0xfe, 0x22, 0x63,
    0x80, 0x7f, 0xf0, 0xa4, 0x3, 0x94, 0x3, 0xff,
    0x82, 0x5e, 0x60, 0x1f, 0xfc, 0x88, 0x70, 0xf,
    0xfe, 0x9, 0x98, 0x3, 0x60, 0x7, 0xff, 0x6,
    0x44, 0x3, 0xff, 0x95, 0x8, 0x1, 0xff, 0xc1,
    0xb0, 0xc, 0xa0, 0x1f, 0xfc, 0x3, 0x40, 0xf,
    0xfe, 0x65, 0x0, 0x7f, 0xf0, 0x54, 0x2, 0x11,
    0x0, 0x7f, 0xf0, 0x10, 0x3, 0xff, 0x9a, 0x30,
    0x1, 0xff, 0xc0, 0x22, 0x0, 0xc, 0x3, 0xff,
    0x83, 0xc0, 0x1f, 0xfc, 0xe7, 0x0, 0xff, 0xe0,
    0xb, 0x0, 0x4, 0x3, 0xff, 0xba, 0xc0, 0x18,
    0x91, 0xa2, 0xf7, 0xf9, 0x0, 0x3f, 0xf8, 0x82,
    0x1, 0xff, 0xcf, 0xb9, 0xbe, 0xfd, 0xb9, 0x74,
    0x20, 0xe, 0x10, 0xf, 0xfe, 0xe, 0x0, 0x7f,
    0xf3, 0xc9, 0x90, 0x40, 0x3f, 0xf8, 0x6, 0x1,
    0xff, 0xc1, 0x41, 0x0, 0xff, 0xef, 0x8, 0x7,
    0xff, 0xa, 0xc0, 0x3f, 0xfb, 0xe4, 0x1, 0xff,
    0xc1, 0x5a, 0x10, 0xf, 0xfe, 0xea, 0x0, 0x7f,
    0xf0, 0x97, 0xa5, 0x0, 0x3f, 0xfb, 0x78, 0x1,
    0xff, 0xc4, 0x6b, 0xea, 0x73, 0x0, 0xff, 0xeb,
    0xa8, 0x80, 0x7f, 0xf1, 0x45, 0x63, 0x3f, 0x69,
    0xd0, 0x80, 0x3f, 0xfa, 0x4c, 0x1, 0xff, 0xca,
    0x25, 0x8b, 0xdf, 0xca, 0x74, 0x10, 0xf, 0xfe,
    0x64, 0x88, 0x7, 0xff, 0x3c, 0xd6, 0x2f, 0xb9,
    0x4e, 0x60, 0x1f, 0xfc, 0x81, 0xa0, 0xf, 0xfe,
    0xa0, 0xac, 0x67, 0x52, 0x80, 0x7f, 0xf1, 0x92,
    0x40, 0x3f, 0xfa, 0xe2, 0xb5, 0xf2, 0x60, 0x1f,
    0xfc, 0x46, 0x90, 0xf, 0xfe, 0xd3, 0x65, 0x98,
    0x7, 0xff, 0xd, 0xb0, 0x80, 0x3f, 0xfb, 0x49,
    0x94, 0x20, 0x1f, 0xfc, 0x23, 0xd7, 0x0, 0xff,
    0xed, 0xaf, 0xa0, 0x7, 0xff, 0xe, 0x39, 0xc4,
    0x3, 0xff, 0xb2, 0x36, 0xa0, 0x1f, 0xfc, 0x31,
    0x8e, 0xa4, 0x0, 0xff, 0xec, 0xd2, 0x0, 0x7f,
    0xf1, 0x56, 0xfe, 0x98, 0x80, 0x3f, 0xfa, 0xd6,
    0x40, 0x1f, 0xfc, 0x75, 0x9d, 0xeb, 0x74, 0x10,
    0xf, 0xfe, 0x97, 0x0, 0x7f, 0xf2, 0x85, 0x22,
    0xfb, 0x94, 0xe8, 0x20, 0x1f, 0xfc, 0xd3, 0x50,
    0xf, 0xfe, 0x70, 0xac, 0x5f, 0x72, 0xe5, 0x8c,
    0x3, 0xff, 0x93, 0x20, 0x1f, 0xfd, 0x31, 0x46,
    0x9c, 0xfc, 0x83, 0x0, 0xff, 0xe2, 0x99, 0x0,
    0x7f, 0xf6, 0xd, 0xf3, 0xa, 0x1, 0xff, 0xc4,
    0x40, 0xf, 0xfe, 0xd9, 0xd5, 0x0, 0x3f, 0xf8,
    0x7e, 0x1, 0xff, 0xdd, 0x58, 0x0, 0xff, 0xe1,
    0x20, 0x7, 0xff, 0x79, 0xc8, 0x3, 0xff, 0x82,
    0x40, 0x1f, 0xfd, 0xfb, 0x0, 0xff, 0xe1, 0xc,
    0xf7, 0x7f, 0xf0, 0x34, 0x3, 0xff, 0xa0, 0xe0,
    0x1f, 0xfc, 0x23, 0x1, 0x1f, 0xfe, 0x1, 0x8,
    0x7, 0xff, 0x3c, 0x40, 0x3f, 0xf8, 0x43, 0xc0,
    0x1f, 0xfc, 0x14, 0x0, 0xff, 0xe8, 0x8, 0x7,
    0xff, 0x8, 0x80, 0x3f, 0xf8, 0x3e, 0x1, 0xff,
    0xd0, 0x10, 0xf, 0xfe, 0x13, 0x80, 0x7f, 0xf0,
    0x54, 0x80, 0x3f, 0xf9, 0xc2, 0x1, 0xff, 0xc2,
    0x22, 0x8, 0x7, 0xff, 0x6, 0x40, 0x3f, 0xf9,
    0xcc, 0x1, 0xff, 0xc2, 0x10, 0x40, 0xf, 0xfe,
    0xa, 0x40, 0x7, 0xff, 0x36, 0x80, 0x3f, 0xf8,
    0x26, 0x0, 0xe0, 0xf, 0xfe, 0x13, 0xb8, 0x3,
    0xff, 0x97, 0x44, 0x1, 0xff, 0xc1, 0x40, 0x2,
    0x8, 0x7, 0xff, 0xa, 0x28, 0x40, 0x3f, 0xf9,
    0x14, 0xa0, 0x1f, 0xfc, 0x2c, 0x0, 0xa0, 0x3,
    0xff, 0x86, 0xbd, 0x24, 0x1, 0xff, 0xc3, 0x17,
    0xe5, 0x0, 0xff, 0xe1, 0x12, 0x0, 0x4c, 0x40,
    0x1f, 0xfc, 0x46, 0xde, 0xa7, 0x54, 0x32, 0x28,
    0xcc, 0xaf, 0x3b, 0xd0, 0x20, 0x1f, 0xfc, 0x3b,
    0x0, 0xe9, 0x0, 0xff, 0xe3, 0xa, 0xc5, 0x5e,
    0x6e, 0xd9, 0x8a, 0x86, 0x20, 0xf, 0xfe, 0x29,
    0x30, 0x7, 0x23, 0x80, 0x7f, 0xf9, 0x64, 0x3,
    0xe8, 0x40, 0xf, 0xff, 0x1b, 0xa0, 0x7, 0xeb,
    0x40, 0xf, 0xff, 0xa, 0xc0, 0x7, 0xfa, 0xd4,
    0x3, 0xff, 0xbe, 0xb4, 0x1, 0xff, 0xc0, 0xa9,
    0x0, 0xff, 0xee, 0xbd, 0x0, 0x7f, 0xf0, 0x9b,
    0x50, 0x3, 0xff, 0xb2, 0x37, 0x0, 0x1f, 0xfc,
    0x42, 0xbb, 0x18, 0x7, 0xff, 0x59, 0xf9, 0x0,
    0x3f, 0xf8, 0xe9, 0x9a, 0xc2, 0x1, 0xff, 0xd0,
    0x28, 0xe8, 0x0, 0xff, 0xe5, 0x94, 0xf5, 0xb9,
    0x80, 0x7f, 0xf2, 0x8e, 0x37, 0x4e, 0x20, 0x1f,
    0xfc, 0xf4, 0x8c, 0xfd, 0xa8, 0x64, 0x31, 0x0,
    0xf0, 0x92, 0x2b, 0xd6, 0x7e, 0x39, 0x0, 0x7f,
    0xf0, 0x80,

    /* U+0074 "t" */
    0x0, 0xff, 0xbf, 0xff, 0xf8, 0x44, 0x1, 0xff,
    0xff, 0x0, 0xff, 0xff, 0x80, 0x7f, 0xff, 0xc0,
    0x3f, 0xff, 0xe0, 0x1f, 0xff, 0xf0, 0xf, 0xff,
    0xf8, 0x7, 0xff, 0xfc, 0x3, 0xff, 0xfe, 0x1,
    0xff, 0xff, 0x0, 0xff, 0xf1, 0x8a, 0x27, 0xf8,
    0x3, 0xff, 0x84, 0xe8, 0x9f, 0xfc, 0x31, 0x0,
    0x2d, 0xdf, 0xf8, 0x3, 0xff, 0x85, 0x57, 0x7f,
    0xfc, 0x35, 0x0, 0xff, 0xff, 0x80, 0x7f, 0xff,
    0xc0, 0x3f, 0xff, 0xe0, 0x1f, 0xff, 0xf0, 0xf,
    0xff, 0xf8, 0x7, 0xff, 0xdd, 0x3f, 0xff, 0xc0,
    0x1f, 0xfc, 0x2d, 0xff, 0xff, 0xe1, 0xa0, 0x7,
    0xff, 0xfc, 0x3, 0xff, 0xfe, 0x1, 0xff, 0xff,
    0x0, 0xff, 0xff, 0x80, 0x7f, 0xff, 0xc0, 0x3f,
    0xff, 0xe0, 0x1f, 0xff, 0xf0, 0xf, 0xff, 0xf8,
    0x7, 0xff, 0xfc, 0x3, 0xff, 0xfe, 0x1, 0xff,
    0xff, 0x0, 0xff, 0xff, 0x80, 0x7f, 0xff, 0xc0,
    0x3f, 0xff, 0xe0, 0x1f, 0xff, 0xf0, 0xf, 0xff,
    0xf8, 0x7, 0xff, 0xfc, 0x3, 0xff, 0xfe, 0x1,
    0xff, 0xff, 0x0, 0xff, 0xff, 0x80, 0x7f, 0x8,
    0x7, 0xff, 0x4, 0x40, 0x3f, 0xfa, 0x26, 0x1,
    0xff, 0xc1, 0x70, 0xf, 0xfe, 0x88, 0x80, 0x7f,
    0xf0, 0x4c, 0x3, 0xff, 0xa2, 0xc0, 0x1f, 0xfc,
    0x1c, 0x0, 0xff, 0xe8, 0x90, 0x7, 0xff, 0x5,
    0x4, 0x3, 0xff, 0xa1, 0xa0, 0x1f, 0xfc, 0x2b,
    0x0, 0xff, 0xe8, 0x38, 0x7, 0xff, 0x9, 0x5c,
    0x3, 0xff, 0x9e, 0x42, 0x1, 0xff, 0xc2, 0x8b,
    0x30, 0xf, 0xe2, 0x71, 0x0, 0xff, 0xe1, 0x20,
    0x7, 0xff, 0xd, 0x33, 0x6a, 0x21, 0x35, 0x79,
    0xfb, 0x8, 0x1, 0xff, 0xc2, 0xf0, 0xf, 0xfe,
    0x29, 0x2b, 0xb9, 0x95, 0xc, 0x2, 0xd0, 0xf,
    0xfe, 0x12, 0x88, 0x7, 0xff, 0x3c, 0xc0, 0x3f,
    0xf8, 0x6c, 0x1, 0xff, 0xcf, 0x40, 0xf, 0xfe,
    0x1c, 0x8, 0x7, 0xff, 0x3c, 0x80, 0x3f, 0xf8,
    0x70, 0x1, 0xff, 0xcf, 0x70, 0xf, 0xfe, 0x1b,
    0x28, 0x7, 0xff, 0x3b, 0x40, 0x3f, 0xf8, 0x94,
    0x60, 0x1f, 0xfc, 0xd3, 0x0, 0xff, 0xe2, 0xe2,
    0x80, 0x7f, 0xf3, 0x10, 0x3, 0xff, 0x8d, 0x54,
    0x20, 0xf, 0xfe, 0x59, 0x0, 0x7f, 0xf1, 0x97,
    0x69, 0x0, 0x3f, 0xf8, 0xc6, 0xf8, 0x40, 0x1f,
    0xfc, 0x85, 0xbf, 0xb8, 0x53, 0x10, 0xc, 0x22,
    0x35, 0x79, 0xcf, 0xc8, 0x30,

    /* U+0075 "u" */
    0x6f, 0xff, 0xfe, 0xe, 0x0, 0x7f, 0xf3, 0xe3,
    0xff, 0xff, 0x83, 0x80, 0x1f, 0xff, 0xf0, 0xf,
    0xff, 0xf8, 0x7, 0xff, 0xfc, 0x3, 0xff, 0xfe,
    0x1, 0xff, 0xff, 0x0, 0xff, 0xff, 0x80, 0x7f,
    0xff, 0xc0, 0x3f, 0xff, 0xe0, 0x1f, 0xff, 0xf0,
    0xf, 0xff, 0xf8, 0x7, 0xff, 0xfc, 0x3, 0xff,
    0xfe, 0x1, 0xff, 0xff, 0x0, 0xff, 0xff, 0x80,
    0x7f, 0xff, 0xc0, 0x3f, 0xff, 0xe0, 0x1f, 0xff,
    0xf0, 0xf, 0xff, 0xf8, 0x7, 0xff, 0xfc, 0x3,
    0xff, 0xfe, 0x1, 0xff, 0xff, 0x0, 0xff, 0xff,
    0x80, 0x7f, 0xff, 0xc0, 0x3f, 0xff, 0xe0, 0x1f,
    0xff, 0xf0, 0xf, 0xff, 0xf8, 0x7, 0xff, 0xfc,
    0x3, 0xff, 0xfe, 0x1, 0xff, 0xff, 0x0, 0xff,
    0xff, 0x80, 0x7f, 0xf0, 0xc4, 0x3, 0xff, 0xd8,
    0x40, 0x1f, 0xfe, 0xc5, 0x0, 0xff, 0xe1, 0x18,
    0x7, 0xff, 0x4, 0x40, 0x3f, 0xf9, 0xc6, 0x20,
    0x1f, 0xfd, 0x3, 0x0, 0xff, 0xe7, 0x50, 0x7,
    0xff, 0x44, 0x40, 0x3f, 0xf9, 0xa2, 0xc0, 0x1f,
    0xfc, 0x31, 0x0, 0xff, 0xe1, 0x10, 0x7, 0xff,
    0x32, 0x0, 0x3f, 0xf8, 0x8c, 0x1, 0xff, 0xc2,
    0x40, 0xf, 0xfe, 0x59, 0xb0, 0x7, 0xff, 0x10,
    0xc0, 0x3f, 0xf8, 0x58, 0x1, 0xff, 0xca, 0x1e,
    0x0, 0xff, 0xe2, 0x88, 0x7, 0xff, 0x9, 0x40,
    0x3f, 0xf9, 0x5a, 0x40, 0x1f, 0xfc, 0x62, 0x0,
    0xff, 0xe1, 0x38, 0x7, 0xff, 0x22, 0xcc, 0x3,
    0xff, 0x8e, 0xe0, 0x1f, 0xfc, 0x29, 0x10, 0xf,
    0xfe, 0x29, 0xea, 0x0, 0x7f, 0xf2, 0x30, 0x3,
    0xff, 0x84, 0x38, 0x40, 0x1f, 0xfc, 0x37, 0xc2,
    0x0, 0xff, 0xe4, 0xa0, 0x7, 0xff, 0xc, 0xb1,
    0x80, 0x3f, 0xe1, 0x8e, 0x80, 0xf, 0xfe, 0x59,
    0x8, 0x7, 0xff, 0xc, 0x67, 0xa5, 0x48, 0x40,
    0x2, 0x8f, 0x7c, 0xe2, 0x1, 0xff, 0xcd, 0x60,
    0xf, 0xfe, 0x28, 0xb5, 0x6f, 0x7f, 0xba, 0xe1,
    0x0, 0x3f, 0xe1, 0x0, 0xff, 0xe2, 0x50, 0x7,
    0xff, 0x68, 0x68, 0x3, 0xff, 0x88, 0x48, 0x1,
    0xff, 0xd9, 0xa6, 0x0, 0xff, 0xe2, 0xc0, 0x7,
    0xff, 0x62, 0x50, 0x3, 0xff, 0x8c, 0x6c, 0x1,
    0xff, 0xd6, 0x96, 0x0, 0xff, 0xe4, 0x49, 0x0,
    0x7f, 0xf5, 0x25, 0x80, 0x3f, 0xf9, 0x5e, 0x20,
    0x1f, 0xfd, 0x11, 0xb6, 0x0, 0xff, 0xe5, 0x96,
    0x8, 0x7, 0xff, 0x3c, 0xfd, 0x0, 0x3f, 0xf9,
    0xa5, 0xe8, 0x1, 0xff, 0xcc, 0x19, 0xc1, 0x0,
    0xff, 0xe7, 0x8d, 0xd1, 0x0, 0x7f, 0xf2, 0x5,
    0xfd, 0x80, 0x3f, 0xfa, 0x6b, 0xb6, 0xa2, 0x1,
    0xff, 0xc3, 0x39, 0xe8, 0x10, 0xf, 0xc5, 0xff,
    0xff, 0xc1, 0xc0, 0xf, 0xf9, 0x2b, 0xb2, 0x59,
    0x8, 0x40, 0x21, 0x24, 0x7a, 0xec, 0x60, 0xf,
    0xfe, 0x70,

    /* U+0076 "v" */
    0xe, 0xff, 0xff, 0xe1, 0xc0, 0x7, 0xff, 0x57,
    0x3f, 0xff, 0xf8, 0x5c, 0x0, 0x60, 0xf, 0xfe,
    0x1b, 0x0, 0x7f, 0xf5, 0x8, 0xc0, 0x3f, 0xf8,
    0x4c, 0x0, 0xa0, 0xf, 0xfe, 0x18, 0x98, 0x7,
    0xff, 0x4e, 0x80, 0x3f, 0xf8, 0x74, 0x0, 0x24,
    0x0, 0xff, 0xe1, 0xd0, 0x7, 0xff, 0x4d, 0x40,
    0x3f, 0xf8, 0x48, 0x40, 0x17, 0x0, 0x7f, 0xf0,
    0xdc, 0x3, 0xff, 0xa4, 0x64, 0x1, 0xff, 0xc2,
    0xe0, 0xc, 0xa2, 0x1, 0xff, 0xc2, 0x14, 0x0,
    0xff, 0xe8, 0xd8, 0x7, 0xff, 0x8, 0x54, 0x3,
    0x98, 0x3, 0xff, 0x87, 0xa0, 0x1f, 0xfd, 0x16,
    0x0, 0xff, 0xe1, 0x30, 0x7, 0xa8, 0x3, 0xff,
    0x86, 0xe0, 0x1f, 0xfd, 0x3, 0x10, 0xf, 0xfe,
    0x15, 0x0, 0x78, 0x8c, 0x3, 0xff, 0x84, 0x28,
    0x1, 0xff, 0xcf, 0xa0, 0xf, 0xfe, 0x12, 0x10,
    0x7, 0xd2, 0x1, 0xff, 0xc3, 0xe0, 0xf, 0xfe,
    0x7b, 0x80, 0x7f, 0xf0, 0xb8, 0x3, 0xf2, 0x88,
    0x7, 0xff, 0x9, 0x40, 0x3f, 0xf9, 0xc8, 0x20,
    0x1f, 0xfc, 0x11, 0x50, 0xf, 0xe7, 0x0, 0xff,
    0xe1, 0xa8, 0x7, 0xff, 0x37, 0x80, 0x3f, 0xf8,
    0x4c, 0x1, 0xfe, 0xb0, 0xf, 0xfe, 0x1f, 0x80,
    0x7f, 0xf3, 0x54, 0x3, 0xff, 0x85, 0x40, 0x1f,
    0xe2, 0x30, 0xf, 0xfe, 0x12, 0x80, 0x7f, 0xf3,
    0x14, 0x3, 0xff, 0x84, 0x64, 0x1, 0xff, 0x50,
    0x7, 0xff, 0xd, 0x40, 0x3f, 0xf9, 0x7c, 0x1,
    0xff, 0xc2, 0x90, 0xf, 0xfe, 0x3, 0x0, 0x7f,
    0xf0, 0xf8, 0x3, 0xff, 0x94, 0x28, 0x1, 0xff,
    0xc1, 0x15, 0x0, 0xff, 0xe0, 0xb0, 0x7, 0xff,
    0x9, 0x4, 0x3, 0xff, 0x92, 0xe0, 0x1f, 0xfc,
    0x26, 0x0, 0xff, 0xe1, 0x50, 0x7, 0xff, 0xd,
    0xc0, 0x3f, 0xf9, 0x3a, 0x1, 0xff, 0xc2, 0xa0,
    0xf, 0xfe, 0x11, 0x98, 0x3, 0xff, 0x85, 0xa0,
    0x1f, 0xfc, 0x81, 0x40, 0xf, 0xfe, 0x9, 0x90,
    0x7, 0xff, 0xe, 0x80, 0x3f, 0xf8, 0x48, 0x20,
    0x1f, 0xfc, 0x76, 0x0, 0xff, 0xe1, 0x48, 0x7,
    0xff, 0x11, 0x80, 0x3f, 0xf8, 0x6e, 0x1, 0xff,
    0xc7, 0xb0, 0xf, 0xfe, 0x8, 0xa8, 0x7, 0xff,
    0x15, 0x80, 0x3f, 0xf8, 0x54, 0x1, 0xff, 0xc6,
    0x23, 0x0, 0xff, 0xe0, 0xb8, 0x7, 0xff, 0x1a,
    0x80, 0x3f, 0xf8, 0x46, 0x40, 0x1f, 0xfc, 0x55,
    0x0, 0xff, 0xe1, 0x58, 0x7, 0xff, 0x18, 0xc8,
    0x3, 0xff, 0x84, 0xa0, 0x1f, 0xfc, 0x5a, 0x0,
    0xff, 0xe0, 0x99, 0x0, 0x7f, 0xf1, 0xec, 0x3,
    0xff, 0x85, 0x60, 0x1f, 0xfc, 0x43, 0x20, 0xf,
    0xfe, 0xc, 0x80, 0x7f, 0xf2, 0x18, 0x3, 0xff,
    0x84, 0x64, 0x1, 0xff, 0xc3, 0xb0, 0xf, 0xfe,
    0x8, 0xa8, 0x7, 0xff, 0x25, 0x40, 0x3f, 0xf8,
    0x54, 0x1, 0xff, 0xc3, 0x60, 0xf, 0xfe, 0xb,
    0x80, 0x7f, 0xf2, 0xa4, 0x3, 0xff, 0x84, 0xa0,
    0x1f, 0xfc, 0x23, 0x10, 0xf, 0xfe, 0xd, 0x80,
    0x7f, 0xf2, 0x8c, 0x80, 0x3f, 0xf8, 0x24, 0x60,
    0x1f, 0xfc, 0x1a, 0x0, 0xff, 0xe0, 0x99, 0x0,
    0x7f, 0xf2, 0xe8, 0x3, 0xff, 0x85, 0x60, 0x1f,
    0xfc, 0x17, 0x0, 0xff, 0xe0, 0xd0, 0x7, 0xff,
    0x31, 0x80, 0x3f, 0xf8, 0x4a, 0x1, 0xff, 0xc0,
    0x41, 0x0, 0xff, 0xe0, 0xb0, 0x7, 0xff, 0x30,
    0x54, 0x3, 0xff, 0x82, 0x46, 0x1, 0xff, 0x70,
    0x7, 0xff, 0x5, 0x80, 0x3f, 0xf9, 0xdc, 0x1,
    0xff, 0xc2, 0xa0, 0xf, 0xf9, 0x40, 0x3f, 0xf8,
    0x36, 0x1, 0xff, 0xce, 0x42, 0x0, 0xff, 0xe0,
    0xb8, 0x7, 0xf9, 0x40, 0x3f, 0xf8, 0x26, 0x40,
    0x1f, 0xfc, 0xfa, 0x0, 0xff, 0xe0, 0x8a, 0x0,
    0x7f, 0x78, 0x7, 0xff, 0x6, 0x80, 0x3f, 0xfa,
    0xc, 0x1, 0xff, 0xc2, 0xd0, 0xf, 0xe5, 0x0,
    0xff, 0xe0, 0xb0, 0x7, 0xff, 0x40, 0x54, 0x3,
    0xff, 0x82, 0xe0, 0x1f, 0x98, 0x3, 0xff, 0x82,
    0xc0, 0x1f, 0xfd, 0x2e, 0x0, 0xff, 0xe0, 0x8a,
    0x0, 0x7d, 0xa0, 0x1f, 0xfc, 0x1a, 0x0, 0xff,
    0xe9, 0x21, 0x0, 0x7f, 0xf0, 0x78, 0x3, 0xc2,
    0x80, 0x1f, 0xfc, 0x3, 0x30, 0x7, 0xff, 0x4e,
    0x80, 0x3f, 0xf8, 0x2a, 0x1, 0xe7, 0x0, 0xff,
    0xe0, 0xd0, 0x7, 0xff, 0x51, 0x80, 0x3f, 0xf8,
    0x4a, 0x1, 0xd4, 0x1, 0xff, 0xc1, 0x60, 0xf,
    0xfe, 0xa0, 0xa8, 0x7, 0xff, 0x7, 0xc0, 0x31,
    0x18, 0x7, 0xff, 0x1, 0x80, 0x3f, 0xfa, 0xdc,
    0x1, 0xff, 0xc1, 0x50, 0xc, 0xa0, 0x1f, 0xfc,
    0x1a, 0x0, 0xff, 0xeb, 0x20, 0x80, 0x7f, 0xf0,
    0x54, 0x2, 0xa0, 0xf, 0xfe, 0x1, 0x98, 0x3,
    0xff, 0xaf, 0x20, 0x1f, 0xfc, 0x1e, 0x0, 0x11,
    0x0, 0x3f, 0xf8, 0x14, 0x1, 0xff, 0xd8, 0x60,
    0xf, 0xfe, 0xa, 0x8, 0x50, 0x7, 0xff, 0x5,
    0x80, 0x3f, 0xfb, 0x2, 0x80, 0x1f, 0xfc, 0x17,
    0x5, 0x0, 0xff, 0xe0, 0x30, 0x7, 0xff, 0x6b,
    0xc0, 0x3f, 0xf8, 0x3a, 0x64, 0x1, 0xff, 0xc0,
    0xa0, 0xf, 0xfe, 0xd2, 0x8, 0x7, 0xff, 0x1,
    0x24, 0x3, 0xff, 0x80, 0x46, 0x1, 0xff, 0xdb,
    0x60, 0xf, 0xfe, 0xa, 0x80, 0x7f, 0xf0, 0x2c,
    0x3, 0xff, 0xb9, 0x40, 0x1f, 0xfc, 0xe6, 0x0,
    0xff, 0xee, 0x12, 0x0, 0x7f, 0xf3, 0x18, 0x3,
    0xff, 0xbd, 0xc0, 0x1f, 0xfc, 0xca, 0x0, 0xff,
    0xef, 0x28, 0x80, 0x7f, 0xf2, 0x88, 0xc0, 0x3f,
    0xfb, 0xec, 0x1, 0xff, 0xca, 0xb0, 0xf, 0xff,
    0x5, 0x0, 0x7f, 0xf2, 0x9c, 0x3, 0xff, 0xc0,
    0x48, 0x1, 0xff, 0xc8, 0x51, 0x0, 0xff, 0xf0,
    0xf0, 0x7, 0xff, 0x22, 0x40, 0x3f, 0xfc, 0x4a,
    0x20, 0x1f, 0xfc, 0x62, 0x30, 0xf, 0xff, 0x1b,
    0x0, 0x7f, 0xf1, 0xa8, 0x3, 0xff, 0xc9, 0x40,
    0x1f, 0xfc, 0x66, 0x0, 0xff, 0xf2, 0x11, 0x80,
    0x7f, 0xf1, 0x14, 0x40, 0x3f, 0xfc, 0xb2, 0x1,
    0xff, 0xc4, 0x90, 0xf, 0xff, 0x32, 0x88, 0x7,
    0xff, 0x8, 0x8c, 0x3, 0xff, 0xce, 0xe0, 0x1f,
    0xfc, 0x2a, 0x0, 0xff, 0xe7, 0x0,

    /* U+0077 "w" */
    0xf, 0xff, 0xfe, 0x1b, 0x80, 0x7f, 0xf3, 0x1e,
    0x23, 0xff, 0x80, 0x20, 0x1f, 0xfc, 0xbb, 0xff,
    0xff, 0xe1, 0x8, 0x20, 0x7, 0xff, 0xb, 0x0,
    0x3f, 0xf9, 0x65, 0xe, 0xff, 0xfc, 0x10, 0xf,
    0xfe, 0x5a, 0x0, 0x7f, 0xf0, 0x4c, 0x43, 0x40,
    0x3f, 0xf8, 0x48, 0x1, 0xff, 0xcb, 0x50, 0xf,
    0xfe, 0xe, 0x80, 0x7f, 0xf2, 0x8c, 0x3, 0xff,
    0x84, 0x80, 0x7, 0x0, 0xff, 0xe1, 0x90, 0x7,
    0xff, 0x2a, 0xc0, 0x3f, 0xf8, 0x28, 0x1, 0xff,
    0xca, 0x40, 0xf, 0xfe, 0x15, 0x80, 0x4, 0x80,
    0x3f, 0xf8, 0x48, 0x1, 0xff, 0xc9, 0x13, 0x0,
    0xff, 0xe1, 0x20, 0x7, 0xff, 0x27, 0x40, 0x3f,
    0xf8, 0x22, 0x60, 0x12, 0x80, 0x7f, 0xf0, 0xb0,
    0x3, 0xff, 0x92, 0x80, 0x1f, 0xfc, 0x3c, 0x0,
    0xff, 0xe4, 0xa0, 0x7, 0xff, 0x5, 0x0, 0x35,
    0x80, 0x7f, 0xf0, 0x90, 0x3, 0xff, 0x93, 0xe0,
    0x1f, 0xfc, 0x35, 0x0, 0xff, 0xe4, 0x10, 0x80,
    0x7f, 0xf0, 0x7c, 0x3, 0x18, 0x80, 0x7f, 0xf0,
    0x44, 0x40, 0x1f, 0xfc, 0x84, 0x0, 0xff, 0xe1,
    0x90, 0x80, 0x7f, 0xf1, 0xdc, 0x3, 0xff, 0x84,
    0x80, 0x1c, 0x80, 0x1f, 0xfc, 0x24, 0x0, 0xff,
    0xe3, 0x98, 0x80, 0x7f, 0xf1, 0x1c, 0x3, 0xff,
    0x8f, 0x80, 0x1f, 0xfc, 0x13, 0x10, 0xe, 0xf0,
    0xf, 0xfe, 0x16, 0x0, 0x7f, 0xf1, 0xec, 0x3,
    0xff, 0x8b, 0x80, 0x1f, 0xfc, 0x74, 0x0, 0xff,
    0xe0, 0xd8, 0x7, 0x90, 0x3, 0xff, 0x84, 0xa0,
    0x1f, 0xfc, 0x74, 0x0, 0xff, 0xe2, 0xa0, 0x7,
    0xff, 0x18, 0x48, 0x3, 0xff, 0x82, 0xa0, 0x1e,
    0x13, 0x0, 0xff, 0xe0, 0x98, 0x7, 0xff, 0x18,
    0x4c, 0x3, 0xff, 0x8a, 0x26, 0x1, 0xff, 0xc5,
    0x50, 0xf, 0xfe, 0x8, 0x90, 0x7, 0xd6, 0x1,
    0xff, 0xc2, 0x40, 0xf, 0xfe, 0x2b, 0x80, 0x7f,
    0xf1, 0xec, 0x3, 0xff, 0x8b, 0x80, 0x1f, 0xfc,
    0x17, 0x0, 0xfc, 0x80, 0x1f, 0xfc, 0x23, 0x0,
    0xff, 0xe2, 0xe0, 0x7, 0xff, 0x1d, 0x0, 0x3f,
    0xf8, 0xa8, 0x1, 0xff, 0xc1, 0xd0, 0xf, 0xc6,
    0x20, 0x1f, 0xfc, 0x1c, 0x0, 0xff, 0xe2, 0xa8,
    0x7, 0xff, 0x1c, 0xc4, 0x3, 0xff, 0x88, 0x60,
    0x1f, 0xfc, 0x14, 0x0, 0xfe, 0x40, 0xf, 0xfe,
    0xa, 0x0, 0x7f, 0xf1, 0x10, 0x3, 0xff, 0x92,
    0x80, 0x1f, 0xfc, 0x33, 0x0, 0xff, 0xe0, 0xa0,
    0x7, 0xfb, 0xc0, 0x3f, 0xf8, 0x46, 0x1, 0xff,
    0xc3, 0xc0, 0xf, 0xfe, 0x4f, 0x80, 0x7f, 0xf0,
    0xd0, 0x3, 0xff, 0x83, 0xa0, 0x1f, 0xe5, 0x0,
    0xff, 0xe1, 0x28, 0x7, 0xff, 0xd, 0x40, 0x3f,
    0xf9, 0x28, 0x1, 0xff, 0xc3, 0xd0, 0xf, 0xfe,
    0xa, 0x0, 0x7f, 0xc6, 0x1, 0xff, 0xc1, 0xc0,
    0xf, 0xfe, 0x11, 0x10, 0x3, 0xf8, 0xcc, 0x1,
    0xfe, 0x13, 0x0, 0xff, 0xe1, 0x20, 0x7, 0xff,
    0x0, 0x88, 0x1, 0xff, 0x58, 0x7, 0xff, 0x5,
    0x0, 0x3f, 0xf8, 0x48, 0x1, 0xfe, 0x44, 0x0,
    0x7f, 0xc8, 0x1, 0xff, 0xc1, 0x21, 0x0, 0xff,
    0xe0, 0x28, 0x7, 0xff, 0x1, 0x40, 0x3f, 0xf8,
    0x22, 0x20, 0xf, 0xfe, 0xe, 0x80, 0x7f, 0xae,
    0xc0, 0x1f, 0xf5, 0x80, 0x7f, 0xf0, 0x5c, 0x3,
    0xff, 0x83, 0x80, 0x1f, 0xfc, 0x2, 0x10, 0xf,
    0xfe, 0xa, 0x0, 0x7f, 0xf0, 0x50, 0x3, 0xf8,
    0x4c, 0xc0, 0x1f, 0xf1, 0x80, 0x7f, 0xf0, 0x70,
    0x3, 0xff, 0x82, 0x80, 0x1f, 0xfc, 0x17, 0x0,
    0xff, 0xe0, 0xe0, 0x7, 0xff, 0x1, 0x40, 0x3f,
    0xc8, 0x0, 0x50, 0xf, 0xf9, 0x40, 0x3f, 0xf8,
    0x8, 0x1, 0xff, 0xc0, 0x50, 0xf, 0xfe, 0x16,
    0x80, 0x7f, 0xf0, 0x50, 0x3, 0xff, 0x81, 0x80,
    0x1f, 0xec, 0x0, 0x60, 0x7, 0xfd, 0x80, 0x1f,
    0xf0, 0x90, 0x7, 0xff, 0x3, 0x0, 0x3f, 0xf8,
    0x48, 0x1, 0xff, 0xc1, 0x20, 0xf, 0xfe, 0x3,
    0x80, 0x7f, 0x9c, 0x0, 0x80, 0x1f, 0xf3, 0x80,
    0x7f, 0xca, 0x1, 0xff, 0xc1, 0x70, 0xf, 0xfe,
    0x1a, 0x0, 0x7f, 0xf0, 0x50, 0x3, 0xfc, 0x62,
    0x1, 0xfc, 0x42, 0x0, 0x22, 0x0, 0x7f, 0x84,
    0x80, 0x3f, 0xd8, 0x1, 0xff, 0xc0, 0x31, 0x0,
    0xff, 0xe1, 0xe8, 0x7, 0xff, 0x7, 0x0, 0x3f,
    0xc8, 0x1, 0xfe, 0x50, 0xc, 0x80, 0x1f, 0xf2,
    0x80, 0x7f, 0x90, 0x3, 0xff, 0x80, 0x80, 0x1f,
    0xfc, 0x44, 0x0, 0xff, 0xe0, 0x98, 0x7, 0xfa,
    0xc0, 0x3f, 0xd8, 0x1, 0xb4, 0x3, 0xfe, 0xc0,
    0xf, 0xf1, 0x80, 0x7f, 0xf0, 0x2c, 0x3, 0xff,
    0x88, 0x44, 0x0, 0xff, 0xe0, 0x20, 0x7, 0xf0,
    0x98, 0x7, 0xf9, 0x0, 0x32, 0x0, 0x7f, 0xc8,
    0x1, 0xfc, 0x60, 0x1f, 0xfc, 0x1, 0x30, 0xf,
    0xfe, 0x2a, 0x80, 0x7f, 0xf0, 0x4c, 0x3, 0xf2,
    0x0, 0x7f, 0x90, 0x3, 0xc8, 0x1, 0xff, 0x20,
    0x7, 0xe4, 0x0, 0xff, 0xe0, 0x20, 0x7, 0xff,
    0x1b, 0x0, 0x3f, 0xf8, 0x2a, 0x1, 0xfb, 0xc0,
    0x3f, 0xda, 0x1, 0xec, 0x0, 0xff, 0xb4, 0x3,
    0xf6, 0x0, 0x7f, 0xf0, 0x3c, 0x3, 0xff, 0x8c,
    0x80, 0x1f, 0xfc, 0x1c, 0x0, 0xfc, 0x80, 0x1f,
    0xe4, 0x0, 0xf2, 0x80, 0x7f, 0xc8, 0x1, 0xf9,
    0x40, 0x3f, 0xf8, 0xa, 0x1, 0xff, 0xc7, 0x40,
    0xf, 0xfe, 0x2, 0x0, 0x7c, 0x62, 0x1, 0xfc,
    0x44, 0x0, 0xf1, 0x8, 0x7, 0xf8, 0x88, 0x1,
    0xe2, 0x10, 0xf, 0xf9, 0x0, 0x3f, 0xf9, 0x1a,
    0x1, 0xff, 0xc0, 0x12, 0x0, 0xf5, 0x80, 0x7f,
    0x90, 0x3, 0xf2, 0x0, 0x7f, 0xc8, 0x1, 0xe4,
    0x0, 0xff, 0xe0, 0x60, 0x7, 0xff, 0x21, 0xc0,
    0x3f, 0xf8, 0x2e, 0x1, 0xe5, 0x0, 0xff, 0x68,
    0x7, 0xef, 0x0, 0xff, 0xb4, 0x3, 0xde, 0x1,
    0xff, 0xc0, 0x50, 0xf, 0xfe, 0x40, 0x90, 0x7,
    0xff, 0x3, 0x0, 0x38, 0x48, 0x3, 0xfc, 0x80,
    0x1f, 0x90, 0x3, 0xfe, 0x40, 0xf, 0x20, 0x7,
    0xfc, 0x44, 0x0, 0xff, 0xe4, 0xa8, 0x7, 0xff,
    0x1, 0x0, 0x39, 0xc0, 0x3f, 0xc8, 0x1, 0xfc,
    0x26, 0x1, 0xff, 0x20, 0x6, 0x12, 0x0, 0xff,
    0x90, 0x3, 0xff, 0x95, 0x60, 0x1f, 0xfc, 0x2,
    0x10, 0xd, 0xa0, 0x1f, 0xec, 0x0, 0xff, 0x20,
    0x7, 0xfd, 0x80, 0x19, 0x40, 0x3f, 0xf8, 0x1a,
    0x1, 0xff, 0xca, 0x31, 0x0, 0xff, 0xe0, 0x28,
    0x6, 0x40, 0xf, 0xf2, 0x80, 0x7f, 0xac, 0x3,
    0xfe, 0x50, 0xd, 0x80, 0x1f, 0xfc, 0x4, 0x0,
    0xff, 0xe5, 0xa0, 0x7, 0xff, 0x3, 0x0, 0x24,
    0x0, 0xff, 0x9, 0x0, 0x7f, 0x8c, 0x3, 0xfe,
    0x21, 0x0, 0x90, 0x3, 0xfe, 0x40, 0xf, 0xfe,
    0x67, 0x80, 0x7f, 0xf0, 0x10, 0x2, 0xd0, 0xf,
    0xf3, 0x80, 0x7f, 0xf0, 0x14, 0x3, 0xfe, 0x70,
    0x8, 0xc0, 0x3f, 0xed, 0x0, 0xff, 0xe6, 0x20,
    0x7, 0xff, 0x0, 0xc0, 0x24, 0x0, 0xff, 0x60,
    0x7, 0xff, 0x3, 0x0, 0x3f, 0xec, 0x0, 0x18,
    0x7, 0xff, 0x1, 0xc0, 0x3f, 0xf9, 0x82, 0x60,
    0x1f, 0xfc, 0x3, 0x2, 0x20, 0x7, 0xf9, 0x0,
    0x3f, 0xf8, 0x8, 0x1, 0xff, 0x28, 0x1, 0x0,
    0x3f, 0xe2, 0x10, 0xf, 0xfe, 0x6d, 0x80, 0x7f,
    0xf0, 0x10, 0x14, 0x3, 0xfc, 0x62, 0x1, 0xff,
    0xc0, 0x22, 0x0, 0x7f, 0xc6, 0x18, 0x1, 0xff,
    0x28, 0x7, 0xff, 0x39, 0x0, 0x3f, 0xf8, 0x1a,
    0x18, 0x1, 0xfe, 0xb0, 0xf, 0xfe, 0x12, 0x0,
    0x7f, 0xd6, 0xa, 0x1, 0xff, 0x58, 0x7, 0xff,
    0x38, 0xc4, 0x3, 0xfe, 0x40, 0x40, 0xf, 0xf2,
    0x0, 0x7f, 0xf0, 0xb4, 0x3, 0xfe, 0x42, 0x10,
    0xf, 0xf0, 0x98, 0x7, 0xff, 0x3d, 0x0, 0x3f,
    0xe1, 0x70, 0xf, 0xf0, 0x98, 0x7, 0xff, 0x9,
    0x0, 0x3f, 0xe3, 0x50, 0xf, 0xf9, 0x0, 0x3f,
    0xfa, 0x1e, 0x1, 0xff, 0xc0, 0x90, 0xf, 0xf2,
    0x0, 0x7f, 0xf1, 0x10, 0x3, 0xfe, 0x90, 0xf,
    0xfb, 0xc0, 0x3f, 0xfa, 0xa, 0x1, 0xff, 0xc0,
    0x10, 0xf, 0xf6, 0x0, 0x7f, 0xf1, 0x30, 0x3,
    0xfe, 0x10, 0xf, 0xf9, 0x0, 0x3f, 0xfa, 0x26,
    0x1, 0xff, 0xca, 0x70, 0xf, 0xfe, 0x22, 0x80,
    0x7f, 0xf2, 0x8c, 0x40, 0x3f, 0xfa, 0x36, 0x1,
    0xff, 0xc9, 0x21, 0x0, 0xff, 0xe2, 0x10, 0x80,
    0x7f, 0xf2, 0x6c, 0x3, 0xff, 0xa4, 0xa0, 0x1f,
    0xfc, 0x95, 0x0, 0xff, 0xe3, 0x20, 0x7, 0xff,
    0x25, 0x0, 0x3f, 0xfa, 0x44, 0x20, 0x1f, 0xfc,
    0x8c, 0x0, 0xff, 0xe3, 0x78, 0x7, 0xff, 0x20,
    0x4c, 0x3, 0xff, 0xa6, 0xe0, 0x1f, 0xfc, 0x84,
    0x0, 0xff, 0xe3, 0x20, 0x7, 0xff, 0x21, 0xc0,
    0x3f, 0xfa, 0x9a, 0x1, 0xff, 0xc7, 0x40, 0xf,
    0xfe, 0x38, 0x98, 0x7, 0xff, 0x1f, 0x0, 0x3f,
    0xfa, 0x88, 0x1, 0xff, 0xc7, 0xd0, 0xf, 0xfe,
    0x42, 0x0, 0x7f, 0xf1, 0xd4, 0x3, 0xff, 0xaa,
    0x80, 0x1f, 0xfc, 0x64, 0x0, 0xff, 0xe4, 0x58,
    0x7, 0xff, 0x19, 0x0, 0x3f, 0xfa, 0xda, 0x1,
    0xff, 0xc5, 0x22, 0x0, 0x7f, 0xf2, 0xc, 0x3,
    0xff, 0x8d, 0x80, 0x1f, 0xfd, 0x64, 0x0, 0xff,
    0xe2, 0xa0, 0x7, 0xff, 0x29, 0x40, 0x3f, 0xf8,
    0xaa, 0x1, 0xff, 0xd6, 0x22, 0x0, 0x7f, 0xf1,
    0x34, 0x3, 0xff, 0x95, 0x80, 0x1f, 0xfc, 0x42,
    0x20, 0x7, 0xff, 0x5d, 0x40, 0x3f, 0xf8, 0x88,
    0x1, 0xff, 0xca, 0x40, 0xf, 0xfe, 0x22, 0x0,
    0x7f, 0xf6, 0x30, 0x3, 0xff, 0x86, 0x80, 0x1f,
    0xfc, 0xb2, 0x20, 0x7, 0xff, 0xf, 0x40, 0x3f,
    0xfb, 0x8, 0x1, 0xff, 0xc3, 0xc0, 0xf, 0xfe,
    0x62, 0x0, 0x7f, 0xf0, 0xd0, 0x3, 0xff, 0xb2,
    0x80, 0x1f, 0xfc, 0x25, 0x0, 0xff, 0xe6, 0x68,
    0x7, 0xff, 0x9, 0x40, 0x3f, 0xfb, 0x5a, 0x1,
    0xff, 0xc1, 0x12, 0x0, 0xff, 0xe6, 0x20, 0x7,
    0xff, 0xb, 0x0, 0x3f, 0xf8, 0xe0,

    /* U+0078 "x" */
    0x0, 0x27, 0xff, 0xff, 0x11, 0xc0, 0x3f, 0xf9,
    0xd7, 0xff, 0xff, 0xc2, 0x20, 0xc, 0x8c, 0x1,
    0xff, 0xc3, 0x82, 0x0, 0xff, 0xe6, 0x32, 0x0,
    0x7f, 0xf0, 0x60, 0x80, 0x3a, 0x48, 0x3, 0xff,
    0x87, 0x20, 0x1f, 0xfc, 0xb2, 0x90, 0xf, 0xfe,
    0x9, 0xb8, 0x7, 0xdc, 0x1, 0xff, 0xc3, 0x45,
    0x0, 0xff, 0xe5, 0x70, 0x7, 0xff, 0xb, 0x80,
    0x3f, 0x1b, 0x80, 0x7f, 0xf0, 0xec, 0x40, 0x3f,
    0xf9, 0xe, 0x60, 0x1f, 0xfc, 0x19, 0x20, 0xf,
    0xe8, 0x20, 0xf, 0xfe, 0x10, 0xd8, 0x7, 0xff,
    0x1c, 0xa0, 0x3, 0xff, 0x82, 0x8c, 0x1, 0xff,
    0x78, 0x7, 0xff, 0xd, 0x50, 0x3, 0xff, 0x8d,
    0xe0, 0x1f, 0xfc, 0x11, 0xa0, 0xf, 0xfe, 0x1,
    0x40, 0x7, 0xff, 0xe, 0x40, 0x3f, 0xf8, 0xb0,
    0x40, 0x1f, 0xfc, 0x1b, 0x10, 0xf, 0xfe, 0xb,
    0x98, 0x7, 0xff, 0x8, 0xa0, 0x3, 0xff, 0x86,
    0x6e, 0x1, 0xff, 0xc1, 0x55, 0x0, 0x7f, 0xf0,
    0xf8, 0x3, 0xff, 0x86, 0xe6, 0x1, 0xff, 0xc2,
    0xe0, 0xf, 0xfe, 0x8, 0xd0, 0x7, 0xff, 0x10,
    0xa4, 0x3, 0xff, 0x87, 0xe0, 0x1f, 0xfc, 0x19,
    0x20, 0xf, 0xfe, 0xd, 0x0, 0x7f, 0xf1, 0x99,
    0x0, 0x3f, 0xf8, 0x46, 0xe0, 0x1f, 0xf2, 0x30,
    0x7, 0xff, 0x5, 0x90, 0x3, 0xff, 0x8f, 0x42,
    0x1, 0xff, 0xc2, 0x82, 0x0, 0xfe, 0x1a, 0x0,
    0xff, 0xe0, 0x94, 0x80, 0x7f, 0xf2, 0x6, 0xc0,
    0x3f, 0xf8, 0x72, 0x1, 0xfd, 0x62, 0x1, 0xff,
    0xc1, 0xe0, 0xf, 0xfe, 0x52, 0xa8, 0x3, 0xff,
    0x84, 0x8c, 0x1, 0xf2, 0xa8, 0x3, 0xff, 0x83,
    0x6, 0x1, 0xff, 0xcb, 0xb1, 0x0, 0xff, 0xe1,
    0x40, 0x80, 0x70, 0xd8, 0x7, 0xff, 0x4, 0xdc,
    0x3, 0xff, 0x98, 0x34, 0x1, 0xff, 0xc2, 0x1b,
    0x0, 0xea, 0x10, 0xf, 0xfe, 0xf, 0x0, 0x7f,
    0xf3, 0x91, 0x80, 0x3f, 0xf8, 0x4a, 0x80, 0x13,
    0x20, 0x7, 0xff, 0x6, 0x48, 0x3, 0xff, 0x9f,
    0x24, 0x1, 0xff, 0xc2, 0xa0, 0x1, 0x48, 0x7,
    0xff, 0x5, 0x18, 0x3, 0xff, 0xa3, 0xc0, 0x1f,
    0xfc, 0x21, 0x90, 0xe0, 0xf, 0xfe, 0x8, 0xd0,
    0x7, 0xff, 0x48, 0xdc, 0x3, 0xff, 0x84, 0xd4,
    0x60, 0x1f, 0xfc, 0x1b, 0x10, 0xf, 0xfe, 0x9c,
    0x18, 0x7, 0xff, 0x9, 0x40, 0x3f, 0xf8, 0x2a,
    0xa0, 0xf, 0xfe, 0xaf, 0x0, 0x7f, 0xf3, 0xc6,
    0xc0, 0x3f, 0xfa, 0xc5, 0x0, 0x1f, 0xfc, 0xea,
    0x10, 0xf, 0xfe, 0xbb, 0x98, 0x7, 0xff, 0x31,
    0x90, 0x3, 0xff, 0xb3, 0xc0, 0x1f, 0xfc, 0xb2,
    0x90, 0xf, 0xfe, 0xd1, 0x48, 0x7, 0xff, 0x2b,
    0x80, 0x3f, 0xfb, 0x8c, 0x80, 0x1f, 0xfc, 0x87,
    0x30, 0xf, 0xfe, 0xed, 0x8, 0x7, 0xff, 0x18,
    0xa0, 0x3, 0xff, 0xbc, 0x36, 0x1, 0xff, 0xc6,
    0xf0, 0xf, 0xff, 0x2, 0xa8, 0x3, 0xff, 0x88,
    0xe4, 0x1, 0xff, 0xe1, 0xf0, 0xf, 0xfe, 0x23,
    0x8, 0x7, 0xff, 0x80, 0x6c, 0x3, 0xff, 0x88,
    0x36, 0x1, 0xff, 0xe0, 0xa1, 0x0, 0xff, 0xe2,
    0xaa, 0x0, 0x7f, 0xf7, 0x99, 0x0, 0x3f, 0xf8,
    0xf4, 0x20, 0x1f, 0xfd, 0xc2, 0x90, 0xf, 0xfe,
    0x40, 0xd8, 0x7, 0xff, 0x73, 0x80, 0x3f, 0xf9,
    0x4a, 0xa0, 0xf, 0xfe, 0xd4, 0x18, 0x7, 0xff,
    0x2e, 0xc4, 0x3, 0xff, 0xb0, 0x6e, 0x1, 0xff,
    0xcc, 0x1b, 0x0, 0xff, 0xec, 0x70, 0x7, 0xff,
    0x39, 0x54, 0x1, 0xff, 0xd6, 0x92, 0x0, 0xff,
    0xe7, 0xd8, 0x80, 0x7f, 0xf5, 0x11, 0x80, 0x3f,
    0xf8, 0x2a, 0x1, 0xff, 0xc2, 0x1a, 0x0, 0xff,
    0xe9, 0x8d, 0x0, 0x7f, 0xf0, 0x56, 0x94, 0x3,
    0xff, 0x84, 0x8a, 0x1, 0xff, 0xd2, 0xa1, 0x0,
    0xff, 0xe0, 0xd, 0x85, 0x88, 0x7, 0xff, 0xa,
    0xc4, 0x3, 0xff, 0xa0, 0xc8, 0x1, 0xff, 0xc1,
    0xb1, 0x1, 0x80, 0xf, 0xfe, 0x10, 0xd0, 0x7,
    0xff, 0x3c, 0xa4, 0x3, 0xff, 0x82, 0xaa, 0x0,
    0x99, 0x0, 0x3f, 0xf8, 0x48, 0xc0, 0x1f, 0xfc,
    0xee, 0x0, 0xff, 0xe0, 0x8d, 0x80, 0x75, 0x0,
    0x7f, 0xf0, 0xe4, 0x40, 0x3f, 0xf9, 0x90, 0x60,
    0x1f, 0xfc, 0x1b, 0x10, 0xe, 0x19, 0x0, 0xff,
    0xe1, 0xd0, 0x7, 0xff, 0x2c, 0xdc, 0x3, 0xff,
    0x82, 0x8a, 0x1, 0xf3, 0x18, 0x7, 0xff, 0x9,
    0x18, 0x3, 0xff, 0x95, 0xc0, 0x1f, 0xfc, 0x11,
    0xa0, 0xf, 0xee, 0x0, 0xff, 0xe1, 0xc8, 0x80,
    0x7f, 0xf2, 0x24, 0x80, 0x3f, 0xf8, 0x36, 0x20,
    0x1f, 0xc5, 0x0, 0x1f, 0xfc, 0x3a, 0x0, 0xff,
    0xe3, 0xa3, 0x0, 0x7f, 0xf0, 0x51, 0x40, 0x3f,
    0xe7, 0x30, 0xf, 0xfe, 0x12, 0x30, 0x7, 0xff,
    0x14, 0x68, 0x3, 0xff, 0x82, 0x34, 0x1, 0xff,
    0xc1, 0xe0, 0xf, 0xfe, 0x1c, 0x90, 0x7, 0xff,
    0x12, 0x84, 0x3, 0xff, 0x83, 0x2, 0x1, 0xff,
    0xc1, 0x27, 0x0, 0xff, 0xe1, 0xf0, 0x7, 0xff,
    0xd, 0x90, 0x3, 0xff, 0x82, 0x8c, 0x1, 0xff,
    0xc3, 0x82, 0x0, 0xff, 0xe1, 0x1b, 0x0, 0x7f,
    0xf0, 0x4a, 0x40, 0x3f, 0xf8, 0x54, 0x1, 0xff,
    0xc5, 0xe0, 0xf, 0xfe, 0x1c, 0x90, 0x7, 0xff,
    0x3, 0x80, 0x3f, 0xf8, 0x52, 0x20, 0x1f, 0xfc,
    0x53, 0x70, 0xf, 0xfe, 0x1f, 0x0, 0x7f, 0xd0,
    0x60, 0x1f, 0xfc, 0x14, 0x60, 0xf, 0xfe, 0x3c,
    0x10, 0x7, 0xff, 0x8, 0xdc, 0x3, 0xf8, 0xdc,
    0x3, 0xff, 0x85, 0x40, 0x1f, 0xfc, 0x9e, 0x0,
    0xff, 0xe1, 0xc1, 0x0, 0x7e, 0xe0, 0xf, 0xfe,
    0x14, 0x88, 0x7, 0xff, 0x24, 0xd8, 0x3, 0xff,
    0x87, 0xc0, 0x1f, 0x49, 0x0, 0x7f, 0xf0, 0x51,
    0x80, 0x3f, 0xf9, 0x72, 0x20, 0x1f, 0xfc, 0x23,
    0x70, 0xe, 0x46, 0x0, 0xff, 0xe1, 0x50, 0x7,
    0xff, 0x36, 0x80, 0x3f, 0xf8, 0x70, 0x40, 0x10,
    0xd0, 0x7, 0xff, 0xa, 0x44, 0x3, 0xff, 0x9a,
    0x8a, 0x1, 0xff, 0xc3, 0xe0, 0xa, 0x84, 0x3,
    0xff, 0x82, 0x8c, 0x1, 0xff, 0xcf, 0xb1, 0x0,
    0xff, 0xe1, 0x1b, 0x83, 0x20, 0x7, 0xff, 0xa,
    0x40, 0x3f, 0xfa, 0x3, 0x60, 0x1f, 0xfc, 0x38,
    0x20,

    /* U+0079 "y" */
    0x7, 0x88, 0xff, 0xe1, 0x98, 0x7, 0xff, 0x54,
    0xe2, 0x3f, 0xf8, 0x4e, 0x0, 0xc7, 0x7f, 0xfe,
    0x1f, 0x80, 0x7f, 0xf5, 0x61, 0xdf, 0xff, 0x85,
    0x80, 0xf, 0x0, 0xff, 0xe1, 0x99, 0x0, 0x7f,
    0xf4, 0xc5, 0x0, 0x3f, 0xf8, 0x5c, 0x0, 0x42,
    0x0, 0xff, 0xe1, 0xd0, 0x7, 0xff, 0x4d, 0xc0,
    0x3f, 0xf8, 0x42, 0xa0, 0x15, 0x80, 0x7f, 0xf0,
    0xd8, 0x3, 0xff, 0xa7, 0x40, 0x1f, 0xfc, 0x26,
    0x0, 0xcc, 0x20, 0x1f, 0xfc, 0x21, 0x40, 0xf,
    0xfe, 0x88, 0x98, 0x7, 0xff, 0xa, 0x80, 0x39,
    0x80, 0x3f, 0xf8, 0x7c, 0x1, 0xff, 0xd1, 0x60,
    0xf, 0xfe, 0x11, 0x90, 0x7, 0x48, 0x7, 0xff,
    0xd, 0x44, 0x3, 0xff, 0xa1, 0x40, 0x1f, 0xfc,
    0x29, 0x0, 0xf0, 0xa8, 0x7, 0xff, 0xd, 0xc0,
    0x3f, 0xf9, 0xe4, 0x40, 0xf, 0xfe, 0x12, 0x80,
    0x7d, 0x20, 0x1f, 0xfc, 0x3a, 0x0, 0xff, 0xe7,
    0xd0, 0x7, 0xff, 0x9, 0x80, 0x3f, 0x19, 0x80,
    0x3f, 0xf8, 0x46, 0x40, 0x1f, 0xfc, 0xe5, 0x0,
    0xff, 0xe1, 0x50, 0x7, 0xf4, 0x80, 0x7f, 0xf0,
    0xe8, 0x3, 0xff, 0x9a, 0x64, 0x1, 0xff, 0xc1,
    0x33, 0x0, 0x7f, 0x28, 0x80, 0x7f, 0xf0, 0x98,
    0x3, 0xff, 0x9b, 0x60, 0x1f, 0xfc, 0x2a, 0x0,
    0xff, 0xa4, 0x3, 0xff, 0x84, 0x2a, 0x1, 0xff,
    0xcc, 0x60, 0xf, 0xfe, 0x13, 0x0, 0x7f, 0xcc,
    0x1, 0xff, 0xc3, 0xe0, 0xf, 0xfe, 0x5a, 0x8,
    0x7, 0xff, 0x5, 0x80, 0x3f, 0xf8, 0x2, 0xc0,
    0x1f, 0xfc, 0x24, 0x10, 0xf, 0xfe, 0x56, 0x80,
    0x7f, 0xf0, 0xa8, 0x3, 0xff, 0x83, 0x60, 0x1f,
    0xfc, 0x36, 0x0, 0xff, 0xe5, 0x38, 0x7, 0xff,
    0x4, 0x8c, 0x3, 0xff, 0x82, 0x48, 0x1, 0xff,
    0xc2, 0xa0, 0xf, 0xfe, 0x4a, 0x8, 0x7, 0xff,
    0x6, 0x80, 0x3f, 0xf8, 0x7e, 0x1, 0xff, 0xc2,
    0x23, 0x0, 0xff, 0xe4, 0x70, 0x7, 0xff, 0x9,
    0x80, 0x3f, 0xf8, 0x68, 0x40, 0x1f, 0xfc, 0x2a,
    0x0, 0xff, 0xe4, 0x28, 0x7, 0xff, 0x5, 0x44,
    0x3, 0xff, 0x89, 0x60, 0x1f, 0xfc, 0x26, 0x0,
    0xff, 0xe3, 0xa8, 0x7, 0xff, 0xb, 0x80, 0x3f,
    0xf8, 0xac, 0x1, 0xff, 0xc3, 0x50, 0xf, 0xfe,
    0x37, 0x0, 0x7f, 0xf0, 0x49, 0x0, 0x3f, 0xf8,
    0xce, 0x1, 0xff, 0xc2, 0xe0, 0xf, 0xfe, 0x28,
    0xa0, 0x7, 0xff, 0x6, 0x80, 0x3f, 0xf8, 0xf4,
    0x1, 0xff, 0xc2, 0x41, 0x0, 0xff, 0xe2, 0x38,
    0x7, 0xff, 0x9, 0x80, 0x3f, 0xf8, 0xe4, 0x80,
    0x1f, 0xfc, 0x26, 0x0, 0xff, 0xe2, 0x68, 0x7,
    0xff, 0x5, 0x4, 0x3, 0xff, 0x91, 0xe0, 0x1f,
    0xfc, 0x2a, 0x0, 0xff, 0xe1, 0x8a, 0x0, 0x7f,
    0xf0, 0x7c, 0x3, 0xff, 0x92, 0x84, 0x1, 0xff,
    0xc1, 0x24, 0x0, 0xff, 0xe1, 0x38, 0x7, 0xff,
    0x4, 0x50, 0x3, 0xff, 0x95, 0x60, 0x1f, 0xfc,
    0x2e, 0x0, 0xff, 0xe1, 0x50, 0x7, 0xff, 0x5,
    0x80, 0x3f, 0xf9, 0x6c, 0x20, 0x1f, 0xfc, 0x15,
    0x0, 0xff, 0xe0, 0x91, 0x80, 0x7f, 0xf0, 0x64,
    0x3, 0xff, 0x98, 0xc0, 0x1f, 0xfc, 0x26, 0x0,
    0xff, 0xe0, 0x28, 0x7, 0xff, 0x5, 0x4, 0x3,
    0xff, 0x99, 0x20, 0x1f, 0xfc, 0x2a, 0x0, 0xff,
    0xe0, 0x50, 0x7, 0xff, 0x7, 0x80, 0x3f, 0xf9,
    0xa2, 0xa0, 0x1f, 0xfc, 0x13, 0x20, 0xf, 0xf1,
    0x10, 0x3, 0xff, 0x80, 0x2a, 0x1, 0xff, 0xce,
    0x90, 0xf, 0xfe, 0x15, 0x0, 0x7f, 0xa8, 0x3,
    0xff, 0x82, 0xc0, 0x1f, 0xfc, 0xf3, 0x30, 0x7,
    0xff, 0x5, 0x80, 0x3f, 0xca, 0x1, 0xff, 0xc1,
    0xa0, 0xf, 0xfe, 0x84, 0x80, 0x7f, 0xf0, 0x45,
    0x0, 0x3f, 0x19, 0x0, 0x7f, 0xf0, 0xc, 0x80,
    0x3f, 0xfa, 0xa, 0x20, 0x1f, 0xfc, 0x1e, 0x0,
    0xfd, 0x40, 0x1f, 0xfc, 0x19, 0x0, 0xff, 0xe9,
    0x48, 0x7, 0xff, 0x5, 0x44, 0x3, 0xe7, 0x0,
    0xff, 0xe0, 0xa, 0x80, 0x7f, 0xf4, 0x98, 0x3,
    0xff, 0x84, 0xe0, 0x1e, 0x41, 0x0, 0xff, 0xe0,
    0x38, 0x7, 0xff, 0x4c, 0x58, 0x3, 0xff, 0x83,
    0x60, 0x1e, 0xd0, 0xf, 0xfe, 0xd, 0x80, 0x7f,
    0xf5, 0x2c, 0x3, 0xff, 0x82, 0x46, 0x1, 0xce,
    0x1, 0xff, 0xc0, 0x32, 0x0, 0xff, 0xea, 0x12,
    0x0, 0x7f, 0xf0, 0x68, 0x3, 0x20, 0x80, 0x7f,
    0xf0, 0x28, 0x3, 0xff, 0xad, 0xe0, 0x1f, 0xfc,
    0x17, 0x0, 0xdc, 0x1, 0xff, 0xc1, 0x60, 0xf,
    0xfe, 0xb2, 0x10, 0x7, 0xff, 0x0, 0x54, 0x2,
    0x50, 0xf, 0xfe, 0x3, 0x0, 0x7f, 0xf6, 0x2c,
    0x3, 0xff, 0x83, 0xc0, 0x5, 0x0, 0xff, 0xe0,
    0xd0, 0x7, 0xff, 0x61, 0x80, 0x3f, 0xf8, 0x28,
    0x21, 0xc0, 0x1f, 0xfc, 0x2, 0x30, 0xf, 0xfe,
    0xcb, 0x80, 0x7f, 0xf0, 0x58, 0x50, 0x3, 0xff,
    0x81, 0x60, 0x1f, 0xfd, 0xaa, 0x0, 0xff, 0xe0,
    0xd3, 0x80, 0x7f, 0xf0, 0x5c, 0x3, 0xff, 0xb4,
    0x48, 0x1, 0xff, 0xc0, 0x28, 0x0, 0xff, 0xe0,
    0x28, 0x80, 0x7f, 0xf6, 0xfc, 0x3, 0xff, 0x82,
    0x20, 0x1f, 0xfc, 0xe, 0x0, 0xff, 0xee, 0x21,
    0x0, 0x7f, 0xf3, 0x9, 0x0, 0x3f, 0xfb, 0xb6,
    0x1, 0xff, 0xcc, 0xa0, 0xf, 0xfe, 0xf3, 0x8,
    0x7, 0xff, 0x2d, 0x80, 0x3f, 0xfb, 0xec, 0x1,
    0xff, 0xca, 0x51, 0x0, 0xff, 0xef, 0xc8, 0x7,
    0xff, 0x2b, 0x80, 0x3f, 0xfc, 0x2, 0xa0, 0x1f,
    0xfc, 0x81, 0x40, 0xf, 0xff, 0xc, 0x80, 0x7f,
    0xf2, 0x24, 0x3, 0xff, 0xc4, 0x66, 0x0, 0xff,
    0xe3, 0xb0, 0x7, 0xff, 0x8e, 0x40, 0x3f, 0xf8,
    0xc8, 0x20, 0x1f, 0xfe, 0x35, 0x10, 0xf, 0xfe,
    0x2f, 0x0, 0x7f, 0xf9, 0x64, 0x3, 0xff, 0x88,
    0x2a, 0x1, 0xff, 0xe5, 0x60, 0xf, 0xfe, 0x23,
    0x0, 0x7f, 0xf9, 0x85, 0x80, 0x3f, 0xf8, 0x74,
    0x1, 0xff, 0xe7, 0xb0, 0xf, 0xfe, 0x12, 0x10,
    0x7, 0xff, 0x9c, 0x88, 0x1, 0xff, 0xc1, 0xe0,
    0xf, 0xff, 0x41, 0x10, 0x3, 0xff, 0x80, 0x2a,
    0x1, 0xff, 0xe8, 0xa0, 0xf, 0xfe, 0xb, 0x80,
    0x7f, 0xfa, 0x58, 0x3, 0xff, 0x83, 0x60, 0x1f,
    0xfe, 0x84, 0x10, 0xf, 0xfe, 0x1, 0x90, 0x7,
    0xff, 0xa3, 0x80, 0x3f, 0xf8, 0x34, 0x1, 0xff,
    0xe8, 0x15, 0x0, 0xff, 0xe0, 0xb0, 0x7, 0xff,
    0xa1, 0x80, 0x3f, 0xf8, 0x2c, 0x1, 0xff, 0xe9,
    0xa0, 0xf, 0xfe, 0xd, 0x80, 0x7f, 0xfa, 0x14,
    0x80, 0x3f, 0xf8, 0x8, 0x40, 0x1f, 0xfe, 0x88,
    0x0, 0xff, 0xe0, 0xf8, 0x7, 0xff, 0xa1, 0xc8,
    0x3, 0xff, 0x80, 0x48, 0x1, 0xff, 0xe7, 0x38,
    0x0, 0xff, 0xe0, 0xd8, 0x7, 0xff, 0x9c, 0xf4,
    0x3, 0xff, 0x82, 0x2c, 0x1, 0xff, 0xda, 0x28,
    0x40, 0xf, 0xc5, 0x38, 0x20, 0x1f, 0xfc, 0x19,
    0x0, 0xff, 0xed, 0xa3, 0xdf, 0xf6, 0x55, 0x57,
    0xda, 0xc0, 0x1f, 0xfc, 0x21, 0x60, 0xf, 0xfe,
    0xde, 0x0, 0x42, 0x6a, 0xb2, 0x8, 0x7, 0xff,
    0x12, 0x44, 0x3, 0xff, 0xb6, 0x80, 0x1f, 0xfc,
    0xd2, 0x70, 0xf, 0xfe, 0xd9, 0x8, 0x7, 0xff,
    0x37, 0x80, 0x3f, 0xfb, 0x88, 0x1, 0xff, 0xcd,
    0x73, 0x0, 0xff, 0xee, 0x60, 0x7, 0xff, 0x30,
    0xe0, 0x3, 0xff, 0xba, 0x80, 0x1f, 0xfc, 0xb2,
    0xd0, 0xf, 0xfe, 0xe8, 0x88, 0x3, 0xff, 0x94,
    0x58, 0x20, 0x1f, 0xfd, 0xd4, 0x0, 0xff, 0xe5,
    0x2e, 0x88, 0x7, 0xff, 0x7b, 0x0, 0x3f, 0xf9,
    0x3, 0x54, 0x0, 0xff, 0xf0, 0x5c, 0x18, 0x7,
    0xff, 0x10, 0xa3, 0x94, 0x3, 0xff, 0xc2, 0x4f,
    0x9f, 0x90, 0xc8, 0x42, 0x1, 0x84, 0xd6, 0x77,
    0x4e, 0x1, 0xff, 0xdd,

    /* U+007A "z" */
    0x4f, 0xff, 0xff, 0x3d, 0x0, 0x7f, 0xff, 0xc0,
    0x3f, 0xff, 0xe0, 0x1f, 0xff, 0xf0, 0xf, 0xff,
    0xf8, 0x7, 0xff, 0xfc, 0x3, 0xff, 0xfe, 0x1,
    0xff, 0xff, 0x0, 0xff, 0xe6, 0x48, 0x1, 0x6e,
    0xff, 0xfa, 0xaa, 0x1, 0xff, 0xc4, 0x93, 0x0,
    0xa, 0x27, 0xff, 0x50, 0x14, 0x3, 0xff, 0x86,
    0xac, 0x1, 0xff, 0xd7, 0x1a, 0x0, 0xff, 0xe1,
    0x95, 0x0, 0x7f, 0xf6, 0x34, 0x40, 0x3f, 0xf8,
    0x43, 0xe0, 0x1f, 0xfd, 0x8a, 0x30, 0xf, 0xfe,
    0x1d, 0x10, 0x7, 0xff, 0x5d, 0x94, 0x3, 0xff,
    0x87, 0x8, 0x1, 0xff, 0xd7, 0x39, 0x0, 0xff,
    0xe1, 0xab, 0x80, 0x7f, 0xf5, 0xc7, 0x40, 0x3f,
    0xf8, 0x65, 0x40, 0x1f, 0xfd, 0x8d, 0x10, 0xf,
    0xfe, 0x1f, 0x80, 0x7f, 0xf6, 0x24, 0xc0, 0x3f,
    0xf8, 0x74, 0x40, 0x1f, 0xfd, 0x76, 0x60, 0x7,
    0xff, 0xd, 0xd4, 0x3, 0xff, 0xae, 0x72, 0x1,
    0xff, 0xc3, 0x48, 0x0, 0xff, 0xeb, 0x8e, 0x80,
    0x7f, 0xf0, 0xca, 0x80, 0x3f, 0xfb, 0x1a, 0x20,
    0x1f, 0xfc, 0x3e, 0x10, 0xf, 0xfe, 0xbc, 0x98,
    0x7, 0xff, 0xe, 0x8c, 0x3, 0xff, 0xae, 0xac,
    0x1, 0xff, 0xc3, 0x65, 0x0, 0xff, 0xeb, 0x9d,
    0x0, 0x7f, 0xf0, 0xce, 0x40, 0x3f, 0xfa, 0xe3,
    0xc0, 0x1f, 0xfc, 0x31, 0xd0, 0xf, 0xfe, 0xc5,
    0x10, 0x7, 0xff, 0xf, 0x44, 0x3, 0xff, 0xaf,
    0x8, 0x1, 0xff, 0xc3, 0x93, 0x0, 0xff, 0xeb,
    0xab, 0x80, 0x7f, 0xf0, 0xd9, 0x80, 0x1f, 0xfd,
    0x72, 0xa0, 0xf, 0xfe, 0x19, 0xc8, 0x7, 0xff,
    0x5c, 0x7c, 0x3, 0xff, 0x86, 0x3a, 0x1, 0xff,
    0xd8, 0xa2, 0x0, 0xff, 0xe1, 0xd0, 0x80, 0x7f,
    0xf5, 0xe1, 0x0, 0x3f, 0xf8, 0x70, 0x80, 0x1f,
    0xfd, 0x74, 0x70, 0xf, 0xfe, 0x1a, 0xb8, 0x7,
    0xff, 0x5c, 0xac, 0x3, 0xff, 0x86, 0x54, 0x1,
    0xff, 0xd8, 0xf0, 0xf, 0xfe, 0x18, 0xf8, 0x7,
    0xff, 0x62, 0x88, 0x3, 0xff, 0x87, 0x44, 0x1,
    0xff, 0xd7, 0x75, 0x0, 0xff, 0xe1, 0xc2, 0x0,
    0x7f, 0xf5, 0xd2, 0x0, 0x3f, 0xf8, 0x68, 0xe0,
    0x1f, 0xfd, 0x72, 0xa0, 0xf, 0xfe, 0x19, 0x58,
    0x7, 0xff, 0x63, 0xc4, 0x3, 0xff, 0x87, 0xe0,
    0x1f, 0xfd, 0x8a, 0x20, 0xf, 0xfe, 0x1d, 0x10,
    0x7, 0xff, 0x5d, 0xd4, 0x3, 0xff, 0x86, 0xea,
    0x1, 0xff, 0xd7, 0x48, 0x0, 0xff, 0xe1, 0xa4,
    0x0, 0x7f, 0xf5, 0xc6, 0x80, 0x3f, 0xf8, 0x65,
    0x40, 0x1f, 0xfd, 0x8d, 0x10, 0xf, 0xfe, 0x1f,
    0x8, 0x7, 0xff, 0x5e, 0x8c, 0x3, 0xff, 0x87,
    0x46, 0x1, 0xff, 0xd7, 0x65, 0x0, 0xff, 0xe1,
    0xb2, 0x80, 0x7f, 0xf5, 0xce, 0x40, 0x3f, 0xf8,
    0x67, 0x20, 0x1f, 0xfd, 0x71, 0xd0, 0xf, 0xfe,
    0x18, 0xe8, 0x7, 0xff, 0x63, 0x44, 0x3, 0xff,
    0x87, 0x2a, 0x89, 0xff, 0xd6, 0x19, 0x30, 0xf,
    0xfe, 0x24, 0x5d, 0xff, 0xf5, 0xd5, 0x80, 0x3f,
    0xfd, 0x2a, 0x1, 0xff, 0xea, 0x10, 0xf, 0xff,
    0x49, 0x0, 0x7f, 0xfa, 0x9c, 0x3, 0xff, 0xd4,
    0x40, 0x1f, 0xfe, 0xae, 0x0, 0xff, 0xf5, 0x10,
    0x7, 0xff, 0xa9, 0x40, 0x3f, 0xfd, 0x42, 0x1,
    0xff, 0xe9, 0x20, 0x0,

    /* U+007B "{" */
    0x0, 0xff, 0xe4, 0x12, 0xbc, 0xde, 0xf7, 0x3f,
    0xfe, 0x20, 0xf, 0xfe, 0x2a, 0x57, 0x6d, 0x43,
    0x21, 0x8, 0x80, 0x3f, 0xf9, 0x69, 0xb6, 0xa2,
    0x1, 0xff, 0xd2, 0xab, 0x20, 0xf, 0xfe, 0x98,
    0xea, 0x80, 0x7f, 0xf5, 0x74, 0x80, 0x3f, 0xfa,
    0xb0, 0x60, 0x1f, 0xfd, 0x52, 0x70, 0xf, 0xfe,
    0xb5, 0x80, 0x7f, 0xf5, 0xd8, 0x3, 0xff, 0xac,
    0x80, 0x1f, 0xfd, 0x7c, 0x0, 0xff, 0xe3, 0x88,
    0xf8, 0xc0, 0x3f, 0x8c, 0x3, 0xff, 0x86, 0x97,
    0xfe, 0xee, 0xf0, 0x80, 0x7f, 0x30, 0x7, 0xff,
    0xa, 0x2d, 0x0, 0x3f, 0xf8, 0xc6, 0x1, 0xff,
    0xc1, 0x37, 0x0, 0xff, 0xe4, 0x8, 0x7, 0xff,
    0x6, 0x0, 0x3f, 0xfa, 0xe8, 0x1, 0xff, 0xd6,
    0x30, 0xf, 0xfe, 0xba, 0x80, 0x7f, 0xf5, 0xc4,
    0x3, 0xff, 0xfe, 0x1, 0xff, 0xff, 0x0, 0xff,
    0xff, 0x80, 0x7f, 0xff, 0xc0, 0x3f, 0xff, 0xe0,
    0x1f, 0xff, 0xf0, 0xf, 0xff, 0xf8, 0x7, 0xff,
    0xfc, 0x3, 0xff, 0xfe, 0x1, 0xff, 0xd2, 0x10,
    0xf, 0xfe, 0xf, 0x80, 0x7f, 0xf2, 0x48, 0x3,
    0xff, 0xae, 0xa0, 0x1f, 0xfc, 0x11, 0x0, 0xff,
    0xe4, 0xd0, 0x7, 0xff, 0x4, 0xc0, 0x3f, 0xf9,
    0x6, 0x60, 0xf, 0xfe, 0xb, 0x0, 0x7f, 0xf2,
    0x3c, 0x3, 0xff, 0x84, 0x40, 0x1f, 0xfc, 0x61,
    0xc3, 0x0, 0xff, 0xe0, 0x90, 0x80, 0x7f, 0xf0,
    0xc5, 0x27, 0x8c, 0x3, 0xff, 0x84, 0x80, 0x1f,
    0xfc, 0x2e, 0xfe, 0xb6, 0x0, 0xff, 0xe2, 0x50,
    0x7, 0xff, 0x59, 0xc, 0x3, 0xff, 0xad, 0x20,
    0x1f, 0xfd, 0x6b, 0x20, 0xf, 0xfe, 0xa1, 0xea,
    0x0, 0x7f, 0xf4, 0xd2, 0xb0, 0x80, 0x3f, 0xff,
    0x9, 0x58, 0x40, 0x1f, 0xfd, 0x63, 0xd3, 0x0,
    0xff, 0xeb, 0xe0, 0x80, 0x7f, 0xf5, 0xe8, 0x3,
    0xff, 0xae, 0x86, 0x1, 0xff, 0xc2, 0xef, 0xdb,
    0x60, 0xf, 0xfe, 0x25, 0x0, 0x7f, 0xf1, 0x9,
    0x27, 0x8c, 0x3, 0xff, 0x84, 0xe0, 0x1f, 0xfc,
    0x71, 0xc2, 0x0, 0xff, 0xe0, 0x89, 0x0, 0x7f,
    0xf2, 0x24, 0x3, 0xff, 0x84, 0xe0, 0x1f, 0xfc,
    0x84, 0x20, 0xf, 0xfe, 0x9, 0x80, 0x7f, 0xf2,
    0x54, 0x3, 0xff, 0x82, 0x20, 0x1f, 0xfc, 0x9c,
    0x0, 0xff, 0xe0, 0xf8, 0x7, 0xff, 0x25, 0x80,
    0x3f, 0xfa, 0xe6, 0x1, 0xff, 0xd7, 0x10, 0xf,
    0xff, 0xf8, 0x7, 0xff, 0xfc, 0x3, 0xff, 0xfe,
    0x1, 0xff, 0xff, 0x0, 0xff, 0xff, 0x80, 0x7f,
    0xff, 0xc0, 0x3f, 0xff, 0xe0, 0x1f, 0xff, 0xf0,
    0xf, 0xff, 0xf8, 0x7, 0xff, 0xb8, 0x80, 0x3f,
    0xfa, 0xec, 0x1, 0xff, 0xd7, 0x30, 0xf, 0xfe,
    0xc2, 0x80, 0x7f, 0xf2, 0x44, 0x3, 0xff, 0x83,
    0x20, 0x1f, 0xfc, 0x92, 0x0, 0xff, 0xe0, 0x9c,
    0x0, 0x7f, 0xf2, 0x18, 0x3, 0xff, 0x84, 0xf6,
    0x80, 0x1f, 0xfc, 0x6d, 0x0, 0xff, 0xe1, 0xa5,
    0xff, 0xbb, 0xbc, 0x20, 0x1f, 0xc8, 0x1, 0xff,
    0xc7, 0x11, 0xf1, 0x80, 0x7f, 0x18, 0x80, 0x7f,
    0xf5, 0xd8, 0x3, 0xff, 0xaf, 0x20, 0x1f, 0xfd,
    0x71, 0x80, 0xf, 0xfe, 0xbb, 0xa0, 0x7, 0xff,
    0x5e, 0xcc, 0x3, 0xff, 0xaf, 0x8c, 0x1, 0xff,
    0xd7, 0x9b, 0x30, 0xf, 0xfe, 0xb2, 0x66, 0x18,
    0x40, 0x3f, 0xfa, 0xa7, 0x3d, 0xb5, 0xc, 0x84,
    0x22, 0x0, 0xfc,

    /* U+007C "|" */
    0x44, 0xff, 0xe0, 0x95, 0xdf, 0xff, 0x6, 0x80,
    0x3f, 0xff, 0xe0, 0x1f, 0xff, 0xf0, 0xf, 0xff,
    0xf8, 0x7, 0xff, 0xfc, 0x3, 0xff, 0xfe, 0x1,
    0xff, 0xff, 0x0, 0xff, 0xff, 0x80, 0x7f, 0xff,
    0xc0, 0x3f, 0xff, 0xe0, 0x1f, 0xff, 0xf0, 0xf,
    0xff, 0xf8, 0x7, 0xff, 0xfc, 0x3, 0xff, 0xfe,
    0x1, 0xff, 0xff, 0x0, 0xff, 0xff, 0x80, 0x7f,
    0xff, 0xc0, 0x3f, 0xff, 0xe0, 0x1f, 0xff, 0xf0,
    0xf, 0xff, 0xf8, 0x7, 0xff, 0xbc,

    /* U+007D "}" */
    0x6f, 0xff, 0xbb, 0x75, 0x72, 0xe8, 0x20, 0x1f,
    0xfd, 0x1, 0x22, 0x23, 0x45, 0xf6, 0xc1, 0x0,
    0x7f, 0xf5, 0x49, 0xf6, 0xc8, 0x3, 0xff, 0xac,
    0x9a, 0xe0, 0x1f, 0xfd, 0x78, 0xa0, 0xf, 0xfe,
    0xba, 0xc8, 0x7, 0xff, 0x5d, 0x90, 0x3, 0xff,
    0xaf, 0x20, 0x1f, 0xfd, 0x72, 0x50, 0xf, 0xfe,
    0xbf, 0x0, 0x7f, 0xf5, 0xd0, 0x3, 0xfc, 0x62,
    0x3e, 0x0, 0xff, 0xe3, 0xa0, 0x7, 0xf2, 0xf7,
    0x7b, 0xfa, 0x48, 0x3, 0xff, 0x86, 0x60, 0x1f,
    0xfc, 0x51, 0x6d, 0x40, 0xf, 0xfe, 0x17, 0x80,
    0x7f, 0xf2, 0x28, 0x3, 0xff, 0x84, 0x40, 0x1f,
    0xfc, 0x81, 0x70, 0xf, 0xfe, 0x8, 0x80, 0x7f,
    0xf2, 0x6c, 0x3, 0xff, 0xae, 0x60, 0x1f, 0xfc,
    0x17, 0x0, 0xff, 0xe5, 0x10, 0x7, 0xff, 0x5c,
    0x40, 0x3f, 0xff, 0xe0, 0x1f, 0xff, 0xf0, 0xf,
    0xff, 0xf8, 0x7, 0xff, 0xfc, 0x3, 0xff, 0xfe,
    0x1, 0xff, 0xff, 0x0, 0xff, 0xff, 0x80, 0x7f,
    0xff, 0xc0, 0x3f, 0xff, 0xe0, 0x1f, 0xfe, 0x7,
    0x0, 0xff, 0xe0, 0x8, 0x7, 0xff, 0x5c, 0x80,
    0x3f, 0xf9, 0x42, 0x1, 0xff, 0xc1, 0x20, 0xf,
    0xfe, 0x49, 0x80, 0x7f, 0xf0, 0x54, 0x3, 0xff,
    0x93, 0xc0, 0x1f, 0xfc, 0x19, 0x0, 0xff, 0xe4,
    0x90, 0x7, 0xff, 0x4, 0x64, 0x3, 0xff, 0x90,
    0x80, 0x1f, 0xfc, 0x26, 0x90, 0xf, 0xfe, 0x38,
    0x90, 0x7, 0xff, 0x9, 0xba, 0xc, 0x40, 0x3f,
    0xf8, 0x94, 0x1, 0xff, 0xc3, 0x17, 0xce, 0xfa,
    0x0, 0xff, 0xe1, 0x30, 0x80, 0x7f, 0xf5, 0x86,
    0x0, 0x3f, 0xfa, 0xed, 0x0, 0x1f, 0xfd, 0x77,
    0xb1, 0x0, 0xff, 0xeb, 0x27, 0x49, 0x0, 0x7f,
    0xfe, 0x13, 0xa4, 0x80, 0x3f, 0xfa, 0x6d, 0x62,
    0x1, 0xff, 0xd4, 0x59, 0x0, 0xff, 0xeb, 0x58,
    0x7, 0xff, 0x59, 0xc4, 0x3, 0xff, 0xad, 0x40,
    0x1f, 0xfc, 0x31, 0x7c, 0xef, 0xa0, 0xf, 0xfe,
    0x9, 0x10, 0x3, 0xff, 0x84, 0xdd, 0x6, 0x20,
    0x1f, 0xfc, 0x34, 0x0, 0xff, 0xe1, 0x2c, 0x80,
    0x7f, 0xf1, 0xfc, 0x3, 0xff, 0x82, 0x36, 0x1,
    0xff, 0xc8, 0x30, 0xf, 0xfe, 0xb, 0x88, 0x7,
    0xff, 0x20, 0x40, 0x3f, 0xf8, 0x3a, 0x1, 0xff,
    0xc9, 0x70, 0xf, 0xfe, 0xa, 0x0, 0x7f, 0xf5,
    0x84, 0x3, 0xff, 0xae, 0x60, 0x1f, 0xfd, 0x71,
    0x0, 0xff, 0xff, 0x80, 0x7f, 0xff, 0xc0, 0x3f,
    0xff, 0xe0, 0x1f, 0xff, 0xf0, 0xf, 0xff, 0xf8,
    0x7, 0xff, 0xfc, 0x3, 0xff, 0xfe, 0x1, 0xff,
    0xff, 0x0, 0xff, 0xff, 0x80, 0x7f, 0xf4, 0xc8,
    0x3, 0xff, 0xae, 0x20, 0x1f, 0xfc, 0x7, 0x0,
    0xff, 0xe4, 0xa0, 0x7, 0xff, 0x5f, 0x40, 0x3f,
    0xfa, 0xc2, 0xc0, 0x1f, 0xfc, 0x11, 0x0, 0xff,
    0xe4, 0x50, 0x7, 0xff, 0x8, 0x80, 0x3f, 0xf8,
    0xa2, 0xda, 0x80, 0x1f, 0xfc, 0x2e, 0x0, 0xfe,
    0x5e, 0xef, 0x7f, 0x49, 0x0, 0x7f, 0xf0, 0xd4,
    0x3, 0xf8, 0xc4, 0x7c, 0x1, 0xff, 0xc7, 0x30,
    0xf, 0xfe, 0xb2, 0x80, 0x7f, 0xf5, 0xf8, 0x3,
    0xff, 0xac, 0x68, 0x1, 0xff, 0xd6, 0xf0, 0xf,
    0xfe, 0xb4, 0x18, 0x7, 0xff, 0x55, 0x9c, 0x3,
    0xff, 0xab, 0x32, 0x0, 0xff, 0xea, 0x2e, 0xb0,
    0x7, 0xff, 0x48, 0x9f, 0x68, 0x80, 0x3f, 0xf9,
    0x62, 0x44, 0x46, 0x8b, 0xed, 0x82, 0x0, 0xff,
    0xe2, 0x80,

    /* U+007E "~" */
    0x0, 0xff, 0xe0, 0xa3, 0xd6, 0x77, 0xfd, 0xd9,
    0x2a, 0x1, 0xff, 0xd0, 0x22, 0xff, 0xe0, 0x0,
    0x7f, 0xc7, 0x5f, 0x70, 0xa6, 0x20, 0x10, 0x9b,
    0x57, 0xc9, 0x0, 0x7f, 0xf3, 0x1b, 0x77, 0xff,
    0x80, 0x60, 0x1f, 0x8a, 0xf1, 0x40, 0x3f, 0xf8,
    0x4d, 0xb2, 0x20, 0x1f, 0xfc, 0xa1, 0x0, 0xff,
    0xe4, 0x2e, 0xa0, 0x7, 0xff, 0x19, 0xb9, 0xc0,
    0x3f, 0xf9, 0x3e, 0x1, 0xff, 0xc0, 0x10, 0xf,
    0x3d, 0x0, 0x7f, 0xf2, 0xa3, 0x4c, 0x3, 0xff,
    0x8e, 0x40, 0x1f, 0xfc, 0x66, 0x80, 0xf, 0xfe,
    0x61, 0x64, 0x80, 0x7f, 0xf1, 0x9c, 0x3, 0xff,
    0x80, 0x40, 0x18, 0xe4, 0x3, 0xff, 0x9e, 0xdc,
    0x80, 0x1f, 0xfc, 0x32, 0x20, 0x7, 0xff, 0x17,
    0x80, 0x3f, 0xfa, 0x23, 0x72, 0x1, 0xff, 0xc2,
    0xa0, 0xf, 0xfe, 0x1, 0x0, 0x66, 0x20, 0xf,
    0xfe, 0x9b, 0x72, 0x0, 0x7f, 0xc4, 0xe0, 0x1f,
    0xfc, 0x6, 0x0, 0xd0, 0x1, 0xff, 0xd5, 0x1b,
    0xa1, 0x0, 0xfc, 0x5e, 0x1, 0xff, 0xc1, 0x30,
    0x9, 0x44, 0x3, 0xff, 0xae, 0xbd, 0x28, 0x1,
    0x8e, 0x34, 0x80, 0x3f, 0xf8, 0x3a, 0x1, 0x70,
    0x7, 0xff, 0x69, 0xaf, 0xfb, 0x9f, 0x8e, 0x1,
    0xff, 0xc3, 0x70, 0x0, 0xa0, 0x7, 0xff, 0x74,
    0x44, 0x1, 0xff, 0xc5, 0x22, 0x0, 0x10, 0x3,
    0xff, 0x8a, 0x6a, 0xa3, 0x0, 0xff, 0xee, 0x28,
    0x5, 0xa0, 0x1f, 0xfc, 0x22, 0xbf, 0xca, 0xa6,
    0x7d, 0x10, 0x7, 0xff, 0x66, 0xc0, 0x24, 0x0,
    0xff, 0xe0, 0xa6, 0xa0, 0x7, 0x97, 0x64, 0x3,
    0xff, 0xae, 0x66, 0x0, 0x8c, 0x3, 0xff, 0x80,
    0x36, 0x1, 0xfe, 0x6d, 0x30, 0xf, 0xfe, 0xac,
    0x0, 0x42, 0x1, 0xff, 0xc1, 0xb0, 0xf, 0xfe,
    0x1, 0x64, 0x0, 0x7f, 0xf4, 0xd1, 0x0, 0x11,
    0x0, 0x7f, 0xf0, 0x54, 0x3, 0xff, 0x84, 0xfa,
    0x40, 0x1f, 0xfd, 0x1, 0xa0, 0xc, 0xe0, 0x1f,
    0xfc, 0x4, 0x0, 0xff, 0xe2, 0x16, 0xb8, 0x7,
    0xff, 0x3e, 0x84, 0x3, 0x10, 0x7, 0xff, 0x0,
    0xc0, 0x3f, 0xf8, 0xd1, 0x84, 0x1, 0xff, 0xcc,
    0xb4, 0x0, 0xff, 0xe3, 0x70, 0x7, 0xff, 0x1c,
    0xf5, 0xc0, 0x3f, 0xf9, 0x25, 0xa8, 0x1, 0xe1,
    0x0, 0xff, 0xe0, 0x18, 0x7, 0xff, 0x26, 0x39,
    0x40, 0x3f, 0xf8, 0xcf, 0xa4, 0x1, 0xff, 0xc8,
    0x10, 0xf, 0xfe, 0x50, 0xd6, 0xb0, 0x7, 0xff,
    0x4, 0x5f, 0xa0, 0x3, 0xf9, 0xb7, 0x7f, 0xf8,
    0x8, 0x1, 0xff, 0xcc, 0x29, 0xfa, 0x63, 0x10,
    0x8, 0x4d, 0x63, 0x3a, 0x4, 0x3, 0xfc,

    /* U+00B0 "°" */
    0x0, 0xff, 0xe0, 0xb, 0x4e, 0x77, 0xfd, 0xd7,
    0x8, 0x1, 0xff, 0xca, 0x4b, 0xe9, 0x63, 0x10,
    0x8, 0x51, 0xef, 0xe4, 0x80, 0x3f, 0xf8, 0xa7,
    0x96, 0x80, 0x1f, 0xfc, 0x16, 0xd9, 0x10, 0xf,
    0xfe, 0x14, 0x61, 0x80, 0x7f, 0xf1, 0x5b, 0xd0,
    0x3, 0xfe, 0x1b, 0x70, 0xf, 0xfe, 0x40, 0xda,
    0x80, 0x7f, 0xe, 0x20, 0x7, 0xff, 0x2e, 0x94,
    0x3, 0xf6, 0x90, 0x7, 0xff, 0x36, 0x8c, 0x3,
    0xd0, 0x60, 0x1f, 0xfc, 0xfd, 0x0, 0xe3, 0x70,
    0xf, 0xfe, 0x1, 0xa2, 0xa0, 0x80, 0x7f, 0xc3,
    0x0, 0x1a, 0x0, 0x3f, 0xc3, 0x3d, 0x97, 0x57,
    0xda, 0xa0, 0x1f, 0xe7, 0x10, 0x1, 0x20, 0x7,
    0xf2, 0x73, 0x8, 0x7, 0x15, 0x58, 0x7, 0xfa,
    0x0, 0x14, 0x1, 0xfc, 0x96, 0x1, 0xfe, 0x4b,
    0x0, 0xfe, 0x60, 0x2, 0x80, 0x7f, 0x50, 0x7,
    0xff, 0x1, 0x1c, 0x3, 0xf9, 0x44, 0x80, 0x3f,
    0x38, 0x80, 0x7f, 0xf0, 0x64, 0x3, 0xfb, 0x14,
    0x3, 0xfa, 0x80, 0x3f, 0xf8, 0x42, 0xa0, 0x1f,
    0x94, 0x80, 0x3f, 0x9, 0x0, 0x7f, 0xf0, 0xf0,
    0x3, 0xf1, 0x8, 0x7, 0xe3, 0x0, 0xff, 0xe2,
    0x18, 0x7, 0xe1, 0x0, 0xfe, 0x10, 0xf, 0xfe,
    0x20, 0x80, 0x7f, 0xf1, 0x84, 0x3, 0xff, 0x88,
    0x20, 0x1f, 0xc4, 0x1, 0xf8, 0xc0, 0x3f, 0xf8,
    0x84, 0x1, 0xf8, 0x58, 0x3, 0xf0, 0x90, 0x7,
    0xff, 0xf, 0x0, 0x3f, 0x29, 0x80, 0x7f, 0x50,
    0x7, 0xff, 0x8, 0x50, 0x3, 0xf1, 0x1, 0x80,
    0x7e, 0x61, 0x0, 0xff, 0xe0, 0xc0, 0x7, 0xf6,
    0x5, 0x80, 0x7e, 0x1a, 0x0, 0xff, 0xe0, 0x23,
    0x0, 0x7f, 0x20, 0x30, 0x7, 0xf2, 0x58, 0x80,
    0x7f, 0x2d, 0x80, 0x7f, 0x28, 0x80, 0xa8, 0x7,
    0xf2, 0x7b, 0x90, 0x7, 0x25, 0xd0, 0x7, 0xfa,
    0x40, 0x28, 0x0, 0xff, 0xc, 0x6f, 0x6e, 0x6f,
    0xda, 0x0, 0x7f, 0x94, 0xc0, 0x22, 0x80, 0xf,
    0xfe, 0x0, 0x91, 0x90, 0x7, 0xff, 0x6, 0xc0,
    0x39, 0xd0, 0x3, 0xff, 0x9f, 0x42, 0x1, 0xeb,
    0x20, 0xf, 0xfe, 0x6c, 0x28, 0x7, 0xed, 0x40,
    0xf, 0xfe, 0x5c, 0xb8, 0x7, 0xfa, 0xd8, 0x3,
    0xff, 0x90, 0x58, 0xc0, 0x1f, 0xfc, 0x9, 0xc3,
    0x0, 0xff, 0xe2, 0xbe, 0x18, 0x7, 0xff, 0x8,
    0xf2, 0x8c, 0x3, 0xff, 0x80, 0x2f, 0xd0, 0x20,
    0x1f, 0xfc, 0x55, 0xcd, 0x95, 0x31, 0x0, 0x89,
    0x1e, 0xfa, 0x4, 0x3, 0xf8,

    /* U+2191 "↑" */
    0x0, 0xff, 0xe4, 0x95, 0xe6, 0xc, 0x3, 0xff,
    0xbd, 0xc8, 0x66, 0xe0, 0xf, 0xfe, 0xeb, 0x18,
    0x4, 0x52, 0x1, 0xff, 0xdb, 0x29, 0x0, 0xe6,
    0x40, 0xf, 0xfe, 0xd7, 0x0, 0x7d, 0x40, 0x1f,
    0xfd, 0x97, 0x30, 0xf, 0x86, 0x40, 0x3f, 0xfa,
    0xe5, 0x0, 0x1f, 0xcc, 0x80, 0x1f, 0xfd, 0x6e,
    0x0, 0xff, 0xa8, 0x3, 0xff, 0xaa, 0xe6, 0x1,
    0xff, 0xc, 0x80, 0x7f, 0xf4, 0xca, 0x0, 0x3f,
    0xf8, 0x2c, 0x80, 0x1f, 0xfd, 0x2e, 0x0, 0xff,
    0xe1, 0xd0, 0x7, 0xff, 0x45, 0xcc, 0x3, 0xff,
    0x86, 0x32, 0x1, 0xff, 0xcf, 0x28, 0x0, 0xff,
    0xe2, 0xb2, 0x0, 0x7f, 0xf3, 0xb8, 0x3, 0xff,
    0x8f, 0x42, 0x1, 0xff, 0xcc, 0x73, 0x0, 0xff,
    0xe0, 0x88, 0x7, 0xd, 0x80, 0x7f, 0xf2, 0xca,
    0x0, 0x3d, 0x22, 0x1, 0xeb, 0x0, 0xf2, 0xa0,
    0x7, 0xff, 0x2b, 0x80, 0x3c, 0x8c, 0x1, 0xf2,
    0x30, 0x7, 0xa8, 0x40, 0x3f, 0xf9, 0xe, 0x60,
    0x1e, 0x90, 0xf, 0xe9, 0x10, 0xe, 0x1b, 0x0,
    0xff, 0xe3, 0x94, 0x0, 0x7a, 0x48, 0x3, 0xfd,
    0x40, 0x1e, 0x55, 0x0, 0x7f, 0xf1, 0xb8, 0x3,
    0xc6, 0xc0, 0x1f, 0xf2, 0x30, 0x7, 0xac, 0x40,
    0x3f, 0xf8, 0x90, 0x60, 0x1e, 0xe0, 0xf, 0xfe,
    0xc, 0x88, 0x7, 0xd, 0x80, 0x7f, 0xf0, 0xcd,
    0xc0, 0x3d, 0x4, 0x1, 0xff, 0xc2, 0xa0, 0xf,
    0x2a, 0x80, 0x3f, 0xf8, 0x5c, 0x1, 0xe3, 0x70,
    0xf, 0xfe, 0x1a, 0x30, 0x7, 0xac, 0x40, 0x3f,
    0xf8, 0x10, 0x40, 0x1e, 0xe0, 0xf, 0xfe, 0x2c,
    0x8, 0x7, 0xd, 0x80, 0x7f, 0xc6, 0xe0, 0x1e,
    0x82, 0x0, 0xff, 0xe2, 0x8d, 0x0, 0x79, 0x54,
    0x1, 0xfe, 0xe0, 0xf, 0x1b, 0x80, 0x7f, 0xf1,
    0xd1, 0x40, 0x3d, 0x62, 0x1, 0xfa, 0x8, 0x3,
    0xdc, 0x1, 0xff, 0xc9, 0xb1, 0x0, 0xe1, 0xb0,
    0xf, 0x8d, 0xc0, 0x3d, 0x4, 0x1, 0xff, 0xc9,
    0x1a, 0x0, 0xf2, 0xa8, 0x3, 0xdc, 0x1, 0xe3,
    0x70, 0xf, 0xfe, 0x5a, 0x28, 0x7, 0xac, 0x40,
    0x34, 0x10, 0x7, 0xb8, 0x3, 0xff, 0x9b, 0x62,
    0x1, 0xc3, 0x40, 0x11, 0xb8, 0x7, 0xa0, 0x80,
    0x3f, 0xf9, 0xa3, 0x60, 0x1e, 0x45, 0x0, 0x70,
    0x7, 0x8d, 0xc0, 0x3f, 0xf9, 0xea, 0xa0, 0xf,
    0x58, 0x83, 0x80, 0x7b, 0x80, 0x3f, 0xfa, 0x36,
    0x20, 0x1c, 0xa0, 0xa, 0xb1, 0x0, 0xa0, 0x80,
    0x3f, 0xfa, 0x23, 0x60, 0x1a, 0x6c, 0x40, 0x9,
    0xcc, 0x6, 0xe0, 0x1f, 0xfd, 0x35, 0x50, 0x27,
    0x30, 0x7, 0xa6, 0xf8, 0x3, 0xff, 0xab, 0x75,
    0x62, 0x1, 0xf9, 0x8, 0x3, 0xff, 0xaa, 0x2a,
    0x1, 0xff, 0xff, 0x0, 0xff, 0xff, 0x80, 0x7f,
    0xff, 0xc0, 0x3f, 0xff, 0xe0, 0x1f, 0xff, 0xf0,
    0xf, 0xff, 0xf8, 0x7, 0xff, 0xfc, 0x3, 0xff,
    0xfe, 0x1, 0xff, 0xff, 0x0, 0xff, 0xff, 0x80,
    0x7f, 0xff, 0xc0, 0x3f, 0xff, 0xe0, 0x1f, 0xff,
    0xf0, 0xf, 0xff, 0xf8, 0x7, 0xff, 0xfc, 0x3,
    0xff, 0xfe, 0x1, 0xff, 0xff, 0x0, 0xff, 0xff,
    0x80, 0x7f, 0xff, 0xc0, 0x3f, 0xff, 0xe0, 0x1f,
    0xff, 0xf0, 0xf, 0xff, 0xf8, 0x7, 0xff, 0xfc,
    0x3, 0xff, 0xfe, 0x1, 0xff, 0xff, 0x0, 0xff,
    0xff, 0x80, 0x7f, 0xff, 0xc0, 0x3f, 0xff, 0xe0,
    0x1f, 0xff, 0xf0, 0xf, 0xff, 0xf8, 0x7, 0xff,
    0xfc, 0x3, 0xff, 0xfe, 0x1, 0xff, 0xff, 0x0,
    0xff, 0xff, 0x80, 0x7f, 0xff, 0xc0, 0x3f, 0xf8,
    0x0,

    /* U+2193 "↓" */
    0x0, 0xff, 0xfb, 0xf7, 0xff, 0x84, 0x3, 0xff,
    0xfe, 0x1, 0xff, 0xff, 0x0, 0xff, 0xff, 0x80,
    0x7f, 0xff, 0xc0, 0x3f, 0xff, 0xe0, 0x1f, 0xff,
    0xf0, 0xf, 0xff, 0xf8, 0x7, 0xff, 0xfc, 0x3,
    0xff, 0xfe, 0x1, 0xff, 0xff, 0x0, 0xff, 0xff,
    0x80, 0x7f, 0xff, 0xc0, 0x3f, 0xff, 0xe0, 0x1f,
    0xff, 0xf0, 0xf, 0xff, 0xf8, 0x7, 0xff, 0xfc,
    0x3, 0xff, 0xfe, 0x1, 0xff, 0xff, 0x0, 0xff,
    0xff, 0x80, 0x7f, 0xff, 0xc0, 0x3f, 0xff, 0xe0,
    0x1f, 0xff, 0xf0, 0xf, 0xff, 0xf8, 0x7, 0xff,
    0xfc, 0x3, 0xff, 0xfe, 0x1, 0xff, 0xff, 0x0,
    0xff, 0xff, 0x80, 0x7f, 0xff, 0xc0, 0x3f, 0xff,
    0xe0, 0x1f, 0xff, 0xf0, 0xf, 0xff, 0xf8, 0x7,
    0xff, 0xfc, 0x3, 0xff, 0xfe, 0x1, 0xff, 0xff,
    0x0, 0xff, 0xff, 0x80, 0x7f, 0xf4, 0xd0, 0xc0,
    0x3f, 0xfa, 0xa2, 0xc0, 0x1f, 0x86, 0xaf, 0x80,
    0x3f, 0xfa, 0xb5, 0x36, 0x40, 0x1c, 0xbe, 0xa0,
    0x50, 0x1, 0xff, 0xd3, 0x54, 0x4, 0xd7, 0x0,
    0xd, 0xd0, 0x80, 0x4e, 0x60, 0x1f, 0xfd, 0x11,
    0xb0, 0xd, 0x18, 0x42, 0xc0, 0x1e, 0xe0, 0xf,
    0xfe, 0x8d, 0x88, 0x7, 0x11, 0x87, 0x0, 0x78,
    0xa0, 0x3, 0xff, 0x9e, 0xaa, 0x0, 0xf5, 0x88,
    0x1b, 0x80, 0x79, 0xc8, 0x3, 0xff, 0x9a, 0x36,
    0x1, 0xe5, 0x50, 0x5, 0x4, 0x1, 0xee, 0x0,
    0xff, 0xe6, 0xd8, 0x80, 0x70, 0xd8, 0x7, 0x78,
    0x7, 0x8d, 0xc0, 0x3f, 0xf9, 0x6a, 0xa0, 0xf,
    0x58, 0x80, 0x71, 0x40, 0x7, 0xa0, 0x80, 0x3f,
    0xf9, 0x23, 0x60, 0x1e, 0x55, 0x0, 0x7c, 0xe6,
    0x1, 0xee, 0x0, 0xff, 0xe4, 0xd8, 0x80, 0x70,
    0xd8, 0x7, 0xf7, 0x0, 0x78, 0xdc, 0x3, 0xff,
    0x8e, 0xaa, 0x0, 0xf5, 0x8, 0x7, 0xf1, 0x40,
    0x7, 0xa0, 0x80, 0x3f, 0xf8, 0xa3, 0x60, 0x1e,
    0x54, 0x0, 0xff, 0x9c, 0xc0, 0x3d, 0xc0, 0x1f,
    0xfc, 0x5b, 0x10, 0xe, 0x1b, 0x0, 0xff, 0xe0,
    0xf0, 0x7, 0x8d, 0xc0, 0x3f, 0xf8, 0x6a, 0xa0,
    0xf, 0x50, 0x80, 0x7f, 0xf0, 0x4a, 0x0, 0x3d,
    0x4, 0x1, 0xff, 0xc1, 0x1b, 0x0, 0xf2, 0xa0,
    0x7, 0xff, 0xd, 0xcc, 0x3, 0xdc, 0x1, 0xff,
    0xc1, 0xb1, 0x0, 0xe1, 0xb0, 0xf, 0xfe, 0x2f,
    0x0, 0x78, 0xdc, 0x3, 0xfe, 0x45, 0x0, 0xf5,
    0x8, 0x7, 0xff, 0x14, 0xa0, 0x3, 0xd0, 0x40,
    0x1f, 0xc3, 0x40, 0x1e, 0x64, 0x0, 0xff, 0xe3,
    0xb9, 0x80, 0x7b, 0x80, 0x3f, 0xac, 0x40, 0x38,
    0x64, 0x3, 0xff, 0x93, 0xc0, 0x1e, 0x37, 0x0,
    0xf9, 0x14, 0x3, 0xd4, 0x1, 0xff, 0xca, 0x28,
    0x0, 0xf4, 0x8, 0x7, 0xac, 0x3, 0xcc, 0x80,
    0x1f, 0xfc, 0xb7, 0x30, 0xf, 0xfe, 0x8, 0x80,
    0x70, 0xc8, 0x7, 0xff, 0x37, 0x80, 0x3f, 0xf8,
    0xf4, 0x1, 0xff, 0xce, 0x28, 0x0, 0xff, 0xe2,
    0xb2, 0x0, 0x7f, 0xf3, 0xdc, 0xc0, 0x3f, 0xf8,
    0x65, 0x20, 0x1f, 0xfd, 0x1e, 0x0, 0xff, 0xe1,
    0xc8, 0x7, 0xff, 0x48, 0xa4, 0x3, 0xff, 0x82,
    0xc8, 0x1, 0xff, 0xd3, 0x64, 0x0, 0xff, 0x8a,
    0x40, 0x3f, 0xfa, 0xb2, 0x1, 0xff, 0x70, 0x7,
    0xff, 0x58, 0xa4, 0x3, 0xf9, 0x8c, 0x3, 0xff,
    0xae, 0xc8, 0x1, 0xf1, 0x48, 0x7, 0xff, 0x66,
    0x80, 0x3e, 0xe0, 0xf, 0xfe, 0xd0, 0xc8, 0x7,
    0x39, 0x80, 0x7f, 0xf6, 0xd9, 0x0, 0x22, 0x80,
    0xf, 0xfe, 0xed, 0x22, 0x5c, 0x1, 0xff, 0xc9
};


/*---------------------
 *  GLYPH DESCRIPTION
 *--------------------*/

static const lv_font_fmt_txt_glyph_dsc_t glyph_dsc[] = {
    {.bitmap_index = 0, .adv_w = 0, .box_w = 0, .box_h = 0, .ofs_x = 0, .ofs_y = 0} /* id = 0 reserved */,
    {.bitmap_index = 0, .adv_w = 446, .box_w = 0, .box_h = 0, .ofs_x = 0, .ofs_y = 0},
    {.bitmap_index = 0, .adv_w = 504, .box_w = 16, .box_h = 90, .ofs_x = 8, .ofs_y = 0},
    {.bitmap_index = 133, .adv_w = 712, .box_w = 36, .box_h = 33, .ofs_x = 4, .ofs_y = 56},
    {.bitmap_index = 317, .adv_w = 1184, .box_w = 70, .box_h = 85, .ofs_x = 2, .ofs_y = 0},
    {.bitmap_index = 1287, .adv_w = 1184, .box_w = 65, .box_h = 114, .ofs_x = 4, .ofs_y = -14},
    {.bitmap_index = 2350, .adv_w = 1888, .box_w = 110, .box_h = 91, .ofs_x = 4, .ofs_y = -2},
    {.bitmap_index = 4201, .adv_w = 1306, .box_w = 78, .box_h = 92, .ofs_x = 4, .ofs_y = -2},
    {.bitmap_index = 5537, .adv_w = 374, .box_w = 15, .box_h = 33, .ofs_x = 4, .ofs_y = 56},
    {.bitmap_index = 5634, .adv_w = 562, .box_w = 29, .box_h = 108, .ofs_x = 5, .ofs_y = -15},
    {.bitmap_index = 6366, .adv_w = 562, .box_w = 29, .box_h = 108, .ofs_x = 1, .ofs_y = -15},
    {.bitmap_index = 7103, .adv_w = 806, .box_w = 45, .box_h = 44, .ofs_x = 3, .ofs_y = 45},
    {.bitmap_index = 7572, .adv_w = 1184, .box_w = 60, .box_h = 62, .ofs_x = 7, .ofs_y = 12},
    {.bitmap_index = 7768, .adv_w = 462, .box_w = 19, .box_h = 30, .ofs_x = 4, .ofs_y = -12},
    {.bitmap_index = 7929, .adv_w = 780, .box_w = 38, .box_h = 15, .ofs_x = 5, .ofs_y = 30},
    {.bitmap_index = 7960, .adv_w = 462, .box_w = 16, .box_h = 18, .ofs_x = 6, .ofs_y = 0},
    {.bitmap_index = 7980, .adv_w = 714, .box_w = 44, .box_h = 92, .ofs_x = 0, .ofs_y = 0},
    {.bitmap_index = 8672, .adv_w = 1184, .box_w = 66, .box_h = 91, .ofs_x = 4, .ofs_y = -2},
    {.bitmap_index = 9733, .adv_w = 1184, .box_w = 40, .box_h = 87, .ofs_x = 11, .ofs_y = 0},
    {.bitmap_index = 10008, .adv_w = 1184, .box_w = 61, .box_h = 89, .ofs_x = 6, .ofs_y = 0},
    {.bitmap_index = 10804, .adv_w = 1184, .box_w = 63, .box_h = 91, .ofs_x = 5, .ofs_y = -2},
    {.bitmap_index = 11718, .adv_w = 1184, .box_w = 66, .box_h = 87, .ofs_x = 4, .ofs_y = 0},
    {.bitmap_index = 12211, .adv_w = 1184, .box_w = 60, .box_h = 89, .ofs_x = 7, .ofs_y = -2},
    {.bitmap_index = 13022, .adv_w = 1184, .box_w = 62, .box_h = 91, .ofs_x = 6, .ofs_y = -2},
    {.bitmap_index = 14106, .adv_w = 1184, .box_w = 61, .box_h = 87, .ofs_x = 5, .ofs_y = 0},
    {.bitmap_index = 14713, .adv_w = 1184, .box_w = 66, .box_h = 91, .ofs_x = 4, .ofs_y = -2},
    {.bitmap_index = 15851, .adv_w = 1184, .box_w = 62, .box_h = 91, .ofs_x = 5, .ofs_y = -2},
    {.bitmap_index = 16937, .adv_w = 462, .box_w = 16, .box_h = 65, .ofs_x = 6, .ofs_y = 0},
    {.bitmap_index = 16999, .adv_w = 462, .box_w = 19, .box_h = 77, .ofs_x = 4, .ofs_y = -12},
    {.bitmap_index = 17211, .adv_w = 1184, .box_w = 57, .box_h = 63, .ofs_x = 9, .ofs_y = 11},
    {.bitmap_index = 17683, .adv_w = 1184, .box_w = 56, .box_h = 40, .ofs_x = 9, .ofs_y = 23},
    {.bitmap_index = 17792, .adv_w = 1184, .box_w = 57, .box_h = 63, .ofs_x = 8, .ofs_y = 11},
    {.bitmap_index = 18267, .adv_w = 1014, .box_w = 58, .box_h = 91, .ofs_x = 1, .ofs_y = 0},
    {.bitmap_index = 18956, .adv_w = 1958, .box_w = 111, .box_h = 113, .ofs_x = 6, .ofs_y = -27},
    {.bitmap_index = 21245, .adv_w = 1372, .box_w = 84, .box_h = 90, .ofs_x = 1, .ofs_y = 0},
    {.bitmap_index = 22329, .adv_w = 1280, .box_w = 67, .box_h = 89, .ofs_x = 9, .ofs_y = 0},
    {.bitmap_index = 22961, .adv_w = 1424, .box_w = 79, .box_h = 94, .ofs_x = 6, .ofs_y = -2},
    {.bitmap_index = 24020, .adv_w = 1452, .box_w = 76, .box_h = 89, .ofs_x = 9, .ofs_y = 0},
    {.bitmap_index = 24666, .adv_w = 1198, .box_w = 63, .box_h = 89, .ofs_x = 9, .ofs_y = 0},
    {.bitmap_index = 24935, .adv_w = 1148, .box_w = 58, .box_h = 89, .ofs_x = 9, .ofs_y = 0},
    {.bitmap_index = 25167, .adv_w = 1442, .box_w = 78, .box_h = 94, .ofs_x = 6, .ofs_y = -2},
    {.bitmap_index = 26140, .adv_w = 1430, .box_w = 71, .box_h = 90, .ofs_x = 9, .ofs_y = 0},
    {.bitmap_index = 26434, .adv_w = 544, .box_w = 16, .box_h = 90, .ofs_x = 9, .ofs_y = 0},
    {.bitmap_index = 26502, .adv_w = 1234, .box_w = 66, .box_h = 92, .ofs_x = 3, .ofs_y = -2},
    {.bitmap_index = 27056, .adv_w = 1324, .box_w = 74, .box_h = 90, .ofs_x = 9, .ofs_y = 0},
    {.bitmap_index = 27827, .adv_w = 1146, .box_w = 60, .box_h = 90, .ofs_x = 9, .ofs_y = 0},
    {.bitmap_index = 28081, .adv_w = 1706, .box_w = 89, .box_h = 90, .ofs_x = 9, .ofs_y = 0},
    {.bitmap_index = 29069, .adv_w = 1420, .box_w = 71, .box_h = 90, .ofs_x = 9, .ofs_y = 0},
    {.bitmap_index = 29605, .adv_w = 1544, .box_w = 84, .box_h = 94, .ofs_x = 6, .ofs_y = -2},
    {.bitmap_index = 30788, .adv_w = 1266, .box_w = 66, .box_h = 89, .ofs_x = 9, .ofs_y = 0},
    {.bitmap_index = 31281, .adv_w = 1546, .box_w = 84, .box_h = 104, .ofs_x = 6, .ofs_y = -12},
    {.bitmap_index = 32661, .adv_w = 1286, .box_w = 69, .box_h = 89, .ofs_x = 9, .ofs_y = 0},
    {.bitmap_index = 33309, .adv_w = 1288, .box_w = 72, .box_h = 94, .ofs_x = 4, .ofs_y = -2},
    {.bitmap_index = 34386, .adv_w = 1220, .box_w = 72, .box_h = 90, .ofs_x = 2, .ofs_y = 0},
    {.bitmap_index = 34669, .adv_w = 1376, .box_w = 70, .box_h = 92, .ofs_x = 8, .ofs_y = -2},
    {.bitmap_index = 35286, .adv_w = 1364, .box_w = 83, .box_h = 90, .ofs_x = 1, .ofs_y = 0},
    {.bitmap_index = 36437, .adv_w = 1900, .box_w = 117, .box_h = 90, .ofs_x = 1, .ofs_y = 0},
    {.bitmap_index = 38428, .adv_w = 1322, .box_w = 81, .box_h = 90, .ofs_x = 1, .ofs_y = 0},
    {.bitmap_index = 39627, .adv_w = 1270, .box_w = 77, .box_h = 90, .ofs_x = 1, .ofs_y = 0},
    {.bitmap_index = 40443, .adv_w = 1172, .box_w = 68, .box_h = 89, .ofs_x = 3, .ofs_y = 0},
    {.bitmap_index = 41056, .adv_w = 616, .box_w = 29, .box_h = 108, .ofs_x = 9, .ofs_y = -15},
    {.bitmap_index = 41210, .adv_w = 714, .box_w = 44, .box_h = 92, .ofs_x = 0, .ofs_y = 0},
    {.bitmap_index = 41894, .adv_w = 616, .box_w = 29, .box_h = 108, .ofs_x = 1, .ofs_y = -15},
    {.bitmap_index = 42047, .adv_w = 1184, .box_w = 64, .box_h = 52, .ofs_x = 5, .ofs_y = 37},
    {.bitmap_index = 42676, .adv_w = 1000, .box_w = 63, .box_h = 7, .ofs_x = 0, .ofs_y = -22},
    {.bitmap_index = 42699, .adv_w = 1162, .box_w = 32, .box_h = 19, .ofs_x = 20, .ofs_y = 74},
    {.bitmap_index = 42852, .adv_w = 1098, .box_w = 58, .box_h = 69, .ofs_x = 4, .ofs_y = -2},
    {.bitmap_index = 43556, .adv_w = 1220, .box_w = 63, .box_h = 92, .ofs_x = 8, .ofs_y = -2},
    {.bitmap_index = 44349, .adv_w = 1128, .box_w = 61, .box_h = 69, .ofs_x = 5, .ofs_y = -2},
    {.bitmap_index = 45092, .adv_w = 1218, .box_w = 63, .box_h = 92, .ofs_x = 5, .ofs_y = -2},
    {.bitmap_index = 45871, .adv_w = 1160, .box_w = 62, .box_h = 69, .ofs_x = 5, .ofs_y = -2},
    {.bitmap_index = 46615, .adv_w = 712, .box_w = 44, .box_h = 91, .ofs_x = 2, .ofs_y = 0},
    {.bitmap_index = 46966, .adv_w = 1218, .box_w = 64, .box_h = 93, .ofs_x = 5, .ofs_y = -26},
    {.bitmap_index = 47997, .adv_w = 1162, .box_w = 58, .box_h = 90, .ofs_x = 8, .ofs_y = 0},
    {.bitmap_index = 48429, .adv_w = 492, .box_w = 15, .box_h = 90, .ofs_x = 8, .ofs_y = 0},
    {.bitmap_index = 48500, .adv_w = 492, .box_w = 33, .box_h = 113, .ofs_x = -10, .ofs_y = -23},
    {.bitmap_index = 48817, .adv_w = 1100, .box_w = 61, .box_h = 90, .ofs_x = 8, .ofs_y = 0},
    {.bitmap_index = 49431, .adv_w = 492, .box_w = 15, .box_h = 90, .ofs_x = 8, .ofs_y = 0},
    {.bitmap_index = 49496, .adv_w = 1736, .box_w = 93, .box_h = 67, .ofs_x = 8, .ofs_y = 0},
    {.bitmap_index = 50134, .adv_w = 1162, .box_w = 58, .box_h = 67, .ofs_x = 8, .ofs_y = 0},
    {.bitmap_index = 50508, .adv_w = 1218, .box_w = 66, .box_h = 69, .ofs_x = 5, .ofs_y = -2},
    {.bitmap_index = 51339, .adv_w = 1220, .box_w = 63, .box_h = 91, .ofs_x = 8, .ofs_y = -24},
    {.bitmap_index = 52126, .adv_w = 1220, .box_w = 64, .box_h = 91, .ofs_x = 5, .ofs_y = -24},
    {.bitmap_index = 52906, .adv_w = 786, .box_w = 39, .box_h = 66, .ofs_x = 8, .ofs_y = 0},
    {.bitmap_index = 53150, .adv_w = 1060, .box_w = 58, .box_h = 69, .ofs_x = 4, .ofs_y = -2},
    {.bitmap_index = 53920, .adv_w = 726, .box_w = 44, .box_h = 84, .ofs_x = 1, .ofs_y = -1},
    {.bitmap_index = 54245, .adv_w = 1148, .box_w = 57, .box_h = 67, .ofs_x = 7, .ofs_y = -2},
    {.bitmap_index = 54623, .adv_w = 1088, .box_w = 68, .box_h = 65, .ofs_x = 0, .ofs_y = 0},
    {.bitmap_index = 55437, .adv_w = 1506, .box_w = 94, .box_h = 65, .ofs_x = 0, .ofs_y = 0},
    {.bitmap_index = 56763, .adv_w = 1050, .box_w = 64, .box_h = 65, .ofs_x = 1, .ofs_y = 0},
    {.bitmap_index = 57588, .adv_w = 1090, .box_w = 68, .box_h = 90, .ofs_x = 0, .ofs_y = -24},
    {.bitmap_index = 58616, .adv_w = 968, .box_w = 55, .box_h = 65, .ofs_x = 4, .ofs_y = 0},
    {.bitmap_index = 59052, .adv_w = 620, .box_w = 36, .box_h = 107, .ofs_x = 3, .ofs_y = -15},
    {.bitmap_index = 59503, .adv_w = 504, .box_w = 14, .box_h = 108, .ofs_x = 9, .ofs_y = -15},
    {.bitmap_index = 59573, .adv_w = 620, .box_w = 36, .box_h = 107, .ofs_x = 0, .ofs_y = -15},
    {.bitmap_index = 60031, .adv_w = 1184, .box_w = 66, .box_h = 25, .ofs_x = 4, .ofs_y = 29},
    {.bitmap_index = 60382, .adv_w = 680, .box_w = 36, .box_h = 35, .ofs_x = 3, .ofs_y = 54},
    {.bitmap_index = 60715, .adv_w = 1684, .box_w = 47, .box_h = 93, .ofs_x = 29, .ofs_y = 0},
    {.bitmap_index = 61188, .adv_w = 1684, .box_w = 47, .box_h = 94, .ofs_x = 29, .ofs_y = -4}
};

/*---------------------
 *  CHARACTER MAPPING
 *--------------------*/

static const uint16_t unicode_list_1[] = {
    0x0, 0x20e1, 0x20e3
};

/*Collect the unicode lists and glyph_id offsets*/
static const lv_font_fmt_txt_cmap_t cmaps[] =
{
    {
        .range_start = 32, .range_length = 95, .glyph_id_start = 1,
        .unicode_list = NULL, .glyph_id_ofs_list = NULL, .list_length = 0, .type = LV_FONT_FMT_TXT_CMAP_FORMAT0_TINY
    },
    {
        .range_start = 176, .range_length = 8420, .glyph_id_start = 96,
        .unicode_list = unicode_list_1, .glyph_id_ofs_list = NULL, .list_length = 3, .type = LV_FONT_FMT_TXT_CMAP_SPARSE_TINY
    }
};



/*--------------------
 *  ALL CUSTOM DATA
 *--------------------*/

#if LVGL_VERSION_MAJOR == 8
/*Store all the custom data of the font*/
static  lv_font_fmt_txt_glyph_cache_t cache;
#endif

#if LVGL_VERSION_MAJOR >= 8
static const lv_font_fmt_txt_dsc_t font_dsc = {
#else
static lv_font_fmt_txt_dsc_t font_dsc = {
#endif
    .glyph_bitmap = glyph_bitmap,
    .glyph_dsc = glyph_dsc,
    .cmaps = cmaps,
    .kern_dsc = NULL,
    .kern_scale = 0,
    .cmap_num = 2,
    .bpp = 4,
    .kern_classes = 0,
    .bitmap_format = 1,
#if LVGL_VERSION_MAJOR == 8
    .cache = &cache
#endif
};



/*-----------------
 *  PUBLIC FONT
 *----------------*/

/*Initialize a public general font descriptor*/
#if LVGL_VERSION_MAJOR >= 8
const lv_font_t c_aktivgroteskmedium_125 = {
#else
lv_font_t c_aktivgroteskmedium_125 = {
#endif
    .get_glyph_dsc = lv_font_get_glyph_dsc_fmt_txt,    /*Function pointer to get glyph's data*/
    .get_glyph_bitmap = lv_font_get_bitmap_fmt_txt,    /*Function pointer to get glyph's bitmap*/
    .line_height = 127,          /*The maximum line height required by the font*/
    .base_line = 27,             /*Baseline measured from the bottom of the line*/
#if !(LVGL_VERSION_MAJOR == 6 && LVGL_VERSION_MINOR == 0)
    .subpx = LV_FONT_SUBPX_NONE,
#endif
#if LV_VERSION_CHECK(7, 4, 0) || LVGL_VERSION_MAJOR >= 8
    .underline_position = -12,
    .underline_thickness = 9,
#endif
    .dsc = &font_dsc,          /*The custom font data. Will be accessed by `get_glyph_bitmap/dsc` */
#if LV_VERSION_CHECK(8, 2, 0) || LVGL_VERSION_MAJOR >= 9
    .fallback = NULL,
#endif
    .user_data = NULL,
};



#endif /*#if C_AKTIVGROTESKMEDIUM_125*/

