/*******************************************************************************
 * Size: 24 px
 * Bpp: 4
 * Opts: --font D:/My_STM32_Project/UIBUILDWER/first_ui_project/resources/font/TaiwanPearl_Regular.ttf --size 24 --bpp 4 -r 0x0020-0x007e -r 0x6e05 -r 0x6d01 -r 0x70ed -r 0x89e3 -r 0x81ea -r 0x7279 -r 0x6b8a -r 0x529f -r 0x80fd -r 0x70f9 -r 0x996a -r 0x83dc -r 0x5355 -r 0x4e0a -r 0x4e0b -r 0x70e7 -r 0x70e4 -r 0x9876 -r 0x90e8 -r 0x5e95 -r 0x98ce -r 0x8282 -r 0x96c6 -r 0x4e2d -r 0x5bf9 -r 0x6d41 -r 0x9884 -r 0x2103 -r 0x997c -r 0x5e72 -r 0x897f -r 0x5f0f -r 0x5854 -r 0x62ab -r 0x8428 -r 0x7a7a -r 0x6c14 -r 0x70b8 -r 0x6162 -r 0x716e -r 0x51bb -r 0x53d1 -r 0x9175 -r 0x679c -r 0x4fdd -r 0x6e29 -r 0x51b7 -r 0x70d8 -r 0x7119 -r 0x5343 -r 0x5c42 -r 0x9762 -r 0x9985 -r 0x5377 -r 0x5305 -r 0x85af -r 0x6761 -r 0x5b9a -r 0x4e49 -r 0x957f -r 0x6309 -r 0x65cb -r 0x94ae -r 0x79d2 -r 0x8fdb -r 0x884c -r 0x9501 -r 0x591a -r 0x6bb5 -r 0x6a21 -r 0x5ea6 -r 0x2191 -r 0x00b0 -r 0x2193 -r 0x65f6 -r 0x95f4 -r 0x5c0f -r 0x5206 -r 0x949f -r 0x4e00 -r 0x4e09 -r 0x4e3b -r 0x4e8c -r 0x4e94 -r 0x4eca -r 0x5165 -r 0x516d -r 0x51fa -r 0x5230 -r 0x52a0 -r 0x5374 -r 0x56db -r 0x56de -r 0x5916 -r 0x5929 -r 0x5947 -r 0x59cb -r 0x5b8c -r 0x5df2 -r 0x5e74 -r 0x5f00 -r 0x5f3a -r 0x6210 -r 0x62d4 -r 0x63a2 -r 0x63d2 -r 0x653e -r 0x65e5 -r 0x660e -r 0x661f -r 0x66f2 -r 0x6708 -r 0x671f -r 0x6750 -r 0x6b65 -r 0x7389 -r 0x7c73 -r 0x7ea6 -r 0x8272 -r 0x8bf7 -r 0x9488 -r 0x9875 -r 0x989d -r 0x98df -r 0x9aa4 -r 0xff01 -r 0x8be5 -r 0x4e0d -r 0x652f -r 0x6301 -r 0xff0c -r 0x8bbe -r 0x3001 -r 0x7f6e -r 0x5173 -r 0x5168 -r 0x7b80 -r 0x4f53 -r 0x6587 -r 0x5feb -r 0x901f -r 0x9ea6 -r 0x571f -r 0x53f8 -r 0x53ef -r 0x9882 -r 0x914d -r 0x7f51 -r 0x5bb9 -r 0x628a -r 0x5c55 -r 0x745e -r 0x58eb -r 0x739b -r 0x5fb7 -r 0x7433 -r 0x6d77 -r 0x7ef5 -r 0x86cb -r 0x7cd5 -r 0x7eb8 -r 0x676f -r 0x5de7 -r 0x514b -r 0x529b -r 0x6ce1 -r 0x8299 -r 0x631e -r 0x9165 -r 0x677e -r 0x7cca -r 0x5177 -r 0x7cd6 -r 0x7c89 -r 0x76ae -r 0x51b0 -r 0x5976 -r 0x6cb9 -r 0x6c64 -r 0x5319 -r 0x5398 -r 0x62b9 -r 0x6d82 -r 0x5012 -r 0x538b -r 0x586b -r 0x6492 -r 0x5747 -r 0x5300 -r 0x4e2a -r 0x4e86 -r 0x516b -r 0x5237 -r 0x53f3 -r 0x540e -r 0x5668 -r 0x5927 -r 0x5b83 -r 0x5de6 -r 0x63a5 -r 0x65b9 -r 0x65e0 -r 0x6765 -r 0x6bcf -r 0x6db2 -r 0x6ee1 -r 0x7136 -r 0x7167 -r 0x72b6 -r 0x767d -r 0x76f4 -r 0x79fb -r 0x8102 -r 0x81f3 -r 0x8ba9 -r 0x8c03 -r 0x94fa -r 0x3002 -r 0x4e32 -r 0x4e4b -r 0x4eba -r 0x4ee5 -r 0x4efb -r 0x4efd -r 0x4f60 -r 0x4f7f -r 0x4fbf -r 0x505c -r 0x5185 -r 0x5220 -r 0x523a -r 0x524d -r 0x5de5 -r 0x52a1 -r 0x52a8 -r 0x52a9 -r 0x5361 -r 0x53bb -r 0x53c9 -r 0x5417 -r 0x5426 -r 0x542f -r 0x5473 -r 0x548c -r 0x559c -r 0x55b7 -r 0x5728 -r 0x589e -r 0x5907 -r 0x597d -r 0x5b50 -r 0x5b5c -r 0x5c06 -r 0x5c3c -r 0x5e03 -r 0x5e26 -r 0x5e76 -r 0x5f53 -r 0x60a8 -r 0x610f -r 0x611f -r 0x624e -r 0x6253 -r 0x636e -r 0x6389 -r 0x6392 -r 0x6548 -r 0x6599 -r 0x6682 -r 0x6709 -r 0x671d -r 0x675f -r 0x67b6 -r 0x6839 -r 0x6912 -r 0x6b21 -r 0x6b22 -r 0x6ca1 -r 0x6d45 -r 0x6d46 -r 0x6d47 -r 0x6df1 -r 0x70eb -r 0x719f -r 0x725b -r 0x8089 -r 0x7269 -r 0x732a -r 0x73b0 -r 0x7528 -r 0x7684 -r 0x76bf -r 0x76d0 -r 0x76d8 -r 0x7802 -r 0x786e -r 0x788e -r 0x79cd -r 0x7a0b -r 0x7b2c -r 0x7b49 -r 0x7bb1 -r 0x7c7b -r 0x7c97 -r 0x7ea2 -r 0x7ed3 -r 0x7f13 -r 0x7f57 -r 0x7f8a -r 0x7f8e -r 0x80a0 -r 0x80e1 -r 0x80f8 -r 0x810a -r 0x812f -r 0x817f -r 0x82b1 -r 0x8349 -r 0x849c -r 0x852c -r 0x8584 -r 0x8868 -r 0x8981 -r 0x8ba1 -r 0x8bf4 -r 0x8c31 -r 0x8c46 -r 0x8fd8 -r 0x916a -r 0x91cc -r 0x91cf -r 0x9505 -r 0x95e8 -r 0x95ee -r 0x9898 -r 0x9632 -r 0x9636 -r 0x96f6 -r 0x9700 -r 0x987b -r 0x9999 -r 0x9aa8 -r 0x9ad8 -r 0x9c7c -r 0x9c9c -r 0x9cd5 -r 0x9e21 -r 0x9e2d -r 0x9ed1 -r 0xff1a -r 0x00d7 -r 0x2014 -r 0x2026 -r 0x2192 -r 0x23ce -r 0x4e03 -r 0x4e22 -r 0x4e24 -r 0x4e8e -r 0x4eae -r 0x4ec5 -r 0x4ece -r 0x4ed6 -r 0x4ef6 -r 0x4f20 -r 0x4f4d -r 0x4f4e -r 0x4f4f -r 0x4fa7 -r 0x4fe1 -r 0x503c -r 0x505a -r 0x5145 -r 0x5176 -r 0x518d -r 0x51c6 -r 0x51c9 -r 0x51e0 -r 0x51fb -r 0x5207 -r 0x5236 -r 0x523b -r 0x5242 -r 0x52ff -r 0x533a -r 0x5348 -r 0x5373 -r 0x5382 -r 0x539f -r 0x53c2 -r 0x53d6 -r 0x53e0 -r 0x53e3 -r 0x53f7 -r 0x5404 -r 0x540d -r 0x5411 -r 0x542b -r 0x547d -r 0x54ea -r 0x56e2 -r 0x56f0 -r 0x5730 -r 0x5740 -r 0x5757 -r 0x578b -r 0x57a2 -r 0x57df -r 0x57f9 -r 0x58f0 -r 0x5904 -r 0x590d -r 0x591c -r 0x592a -r 0x5931 -r 0x5939 -r 0x5b57 -r 0x5b58 -r 0x5b89 -r 0x5bf8 -r 0x5c11 -r 0x5c16 -r 0x5c4f -r 0x5c51 -r 0x5c5e -r 0x5df1 -r 0x5e38 -r 0x5e73 -r 0x5e8f -r 0x5e94 -r 0x5ef6 -r 0x5f62 -r 0x5f85 -r 0x5fae -r 0x5fc3 -r 0x6001 -r 0x6062 -r 0x606f -r 0x60ac -r 0x60f3 -r 0x6216 -r 0x6240 -r 0x6247 -r 0x624b -r 0x624d -r 0x62a5 -r 0x62cc -r 0x62e9 -r 0x6307 -r 0x6362 -r 0x63a7 -r 0x63d0 -r 0x6446 -r 0x64e6 -r 0x6536 -r 0x6570 -r 0x65b0 -r 0x662f -r 0x663e -r 0x666e -r 0x66f4 -r 0x66ff -r 0x6700 -r 0x670d -r 0x672a -r 0x672c -r 0x673a -r 0x6742 -r 0x677f -r 0x6807 -r 0x6808 -r 0x6846 -r 0x6863 -r 0x6984 -r 0x6a44 -r 0x6b27 -r 0x6b62 -r 0x6c34 -r 0x6c7d -r 0x6ce2 -r 0x6ce8 -r 0x6d88 -r 0x6e7f -r 0x6e90 -r 0x6f14 -r 0x6f6e -r 0x706d -r 0x706f -r 0x7089 -r 0x70b9 -r 0x7117 -r 0x71b1 -r 0x71e5 -r 0x7236 -r 0x7247 -r 0x7248 -r 0x7387 -r 0x7403 -r 0x7406 -r 0x751f -r 0x7535 -r 0x754c -r 0x7559 -r 0x76d6 -r 0x76f8 -r 0x77e5 -r 0x77e9 -r 0x7834 -r 0x793a -r 0x7981 -r 0x7acb -r 0x7ae5 -r 0x7b7e -r 0x7b94 -r 0x7ba1 -r 0x7e41 -r 0x7ec4 -r 0x7ecf -r 0x7ee7 -r 0x7eed -r 0x7f16 -r 0x7f18 -r 0x7fc5 -r 0x80aa -r 0x8154 -r 0x82b9 -r 0x82f1 -r 0x8304 -r 0x83cc -r 0x8404 -r 0x8461 -r 0x84b8 -r 0x84c9 -r 0x85cf -r 0x867e -r 0x869d -r 0x88c5 -r 0x88f9 -r 0x8910 -r 0x8986 -r 0x8a00 -r 0x8b66 -r 0x8ba4 -r 0x8bed -r 0x8bef -r 0x8d1d -r 0x8d85 -r 0x8f6c -r 0x8f7b -r 0x8f7d -r 0x8f85 -r 0x8f91 -r 0x8fb9 -r 0x8fbe -r 0x8fc7 -r 0x8fce -r 0x8fd0 -r 0x8fd4 -r 0x8fdf -r 0x9009 -r 0x900f -r 0x9014 -r 0x901a -r 0x90fd -r 0x9152 -r 0x9171 -r 0x91ca -r 0x91cd -r 0x91d1 -r 0x94dd -r 0x9521 -r 0x952e -r 0x95ed -r 0x9644 -r 0x964d -r 0x9664 -r 0x971c -r 0x9752 -r 0x9759 -r 0x97f3 -r 0x9810 -r 0x989c -r 0x99a8 -r 0x9ad4 -r 0x9c7f -r 0xff0b -r 0xff1f -r 0x5bb6 -r 0x79bd --format lvgl -o D:/My_STM32_Project/UIBUILDWER/first_ui_project/ui_builder/font/c_taiwanpearl_regular_24.c
 ******************************************************************************/

#ifdef __has_include
    #if __has_include("lvgl.h")
        #ifndef LV_LVGL_H_INCLUDE_SIMPLE
            #define LV_LVGL_H_INCLUDE_SIMPLE
        #endif
    #endif
#endif

#ifdef LV_LVGL_H_INCLUDE_SIMPLE
    #include "lvgl.h"
#else
    #include "lvgl/lvgl.h"
#endif

#ifndef C_TAIWANPEARL_REGULAR_24
#define C_TAIWANPEARL_REGULAR_24 1
#endif

#if C_TAIWANPEARL_REGULAR_24

/*-----------------
 *    BITMAPS
 *----------------*/

/*Store the image of the glyphs*/
static LV_ATTRIBUTE_LARGE_CONST const uint8_t glyph_bitmap[] = {
    /* U+0020 " " */

    /* U+0021 "!" */
    0x2e, 0xd0, 0x61, 0x20, 0x70, 0xf, 0xf8, 0x40,
    0x40, 0x38, 0xc0, 0xc0, 0x38, 0x40, 0x40, 0x3e,
    0x70, 0x8, 0x80, 0x1d, 0x20, 0x6, 0x50, 0x98,
    0xa5, 0x20, 0x1, 0x78, 0x93, 0x0,

    /* U+0022 "\"" */
    0x2, 0x0, 0x84, 0x41, 0x7a, 0xc0, 0xe, 0xe0,
    0xb0, 0x8, 0x8, 0x0, 0xd8, 0x8, 0x4, 0x0,
    0x62, 0x2, 0x1, 0x84, 0xc1, 0xc0, 0x2, 0x0,
    0x10, 0x10, 0x1, 0x10, 0x3c, 0x88, 0x0, 0x75,
    0x0,

    /* U+0023 "#" */
    0x0, 0xcd, 0xa0, 0x13, 0x68, 0x7, 0xb4, 0xc0,
    0x2c, 0x30, 0xf, 0x31, 0x0, 0x4e, 0x40, 0x1e,
    0x26, 0x0, 0x89, 0x80, 0x38, 0x40, 0x80, 0x2,
    0x4, 0x1, 0x37, 0xf0, 0x3f, 0xfb, 0x81, 0xfd,
    0x80, 0x94, 0xc0, 0xd1, 0x6, 0x6, 0xa4, 0x9,
    0x54, 0xe, 0xbb, 0x50, 0x75, 0x20, 0x5, 0xc0,
    0x40, 0xe, 0x2, 0x0, 0xe2, 0x0, 0xc4, 0x1,
    0xf3, 0x10, 0x4, 0xc4, 0x1, 0xbb, 0xcc, 0xbf,
    0xe3, 0x2f, 0xd0, 0x3, 0xa0, 0xa, 0x24, 0x2,
    0x88, 0x0, 0x4d, 0x4, 0xdd, 0xa8, 0x26, 0xe4,
    0x2, 0x20, 0x20, 0x1, 0x1, 0x0, 0x73, 0x3,
    0x0, 0x18, 0x18, 0x3, 0x88, 0x8, 0x1, 0xa0,
    0x40, 0x1e, 0x31, 0x0, 0x79, 0x88, 0x4,

    /* U+0024 "$" */
    0x0, 0xe9, 0x40, 0xf, 0xc2, 0xdc, 0x1, 0xff,
    0xc6, 0x7d, 0x5, 0xc7, 0x0, 0xd7, 0x6, 0x0,
    0x38, 0xb0, 0x3, 0xa0, 0x4f, 0xf5, 0xa, 0x80,
    0x28, 0x1d, 0x80, 0x57, 0xbc, 0x0, 0x41, 0x80,
    0x1c, 0x20, 0x1, 0x3, 0x0, 0xfc, 0xe1, 0x8,
    0x1, 0xf4, 0x8, 0x5c, 0x88, 0x7, 0xe, 0x18,
    0x37, 0x38, 0x7, 0x16, 0x48, 0x84, 0x69, 0x0,
    0x73, 0x74, 0x1, 0x60, 0x7, 0xcf, 0x60, 0x2e,
    0x1, 0xf2, 0x20, 0x30, 0x3, 0xf1, 0x83, 0x80,
    0x80, 0x78, 0x81, 0x8f, 0xa8, 0x40, 0x24, 0x50,
    0xf0, 0x2, 0xf6, 0x5e, 0xd8, 0x22, 0x9e, 0xa8,
    0x1a, 0x10, 0x35, 0x80, 0xa, 0xbe, 0xc1, 0x3e,
    0x40, 0x3c, 0xa0, 0x20, 0x1f, 0x84, 0xb4, 0x3,
    0x0,

    /* U+0025 "%" */
    0x0, 0x15, 0xf7, 0x28, 0x40, 0x3c, 0x5a, 0xa0,
    0x1e, 0x2c, 0x47, 0x72, 0xe0, 0x80, 0x74, 0x9a,
    0x80, 0x7a, 0x6, 0xa6, 0x62, 0x90, 0xc, 0x69,
    0x0, 0x1f, 0x20, 0xa8, 0x1, 0x81, 0x40, 0x37,
    0x93, 0x0, 0x78, 0x44, 0xa0, 0x18, 0x88, 0x1,
    0x29, 0xc0, 0x7, 0xf0, 0x80, 0x61, 0x0, 0xd0,
    0x6a, 0x1, 0xf0, 0x83, 0x0, 0x62, 0x10, 0x3,
    0x17, 0x81, 0x3b, 0x90, 0x3, 0x11, 0x88, 0x0,
    0xc5, 0x40, 0x10, 0xa6, 0xbb, 0x10, 0xba, 0x0,
    0xac, 0x28, 0x4b, 0x83, 0xc2, 0x6, 0x6, 0x87,
    0x79, 0x54, 0xc0, 0x6, 0x54, 0xed, 0x27, 0x41,
    0x76, 0x29, 0x8, 0x21, 0xb0, 0xb0, 0xa, 0xae,
    0x21, 0x90, 0x10, 0x10, 0x6, 0xe, 0x0, 0x14,
    0x21, 0x0, 0x91, 0xdc, 0x60, 0x4c, 0xe2, 0xc,
    0x2, 0x1, 0x10, 0x10, 0x7, 0xe8, 0x18, 0x0,
    0xff, 0xe3, 0x1a, 0xc0, 0x4, 0x20, 0x1c, 0x60,
    0x20, 0x1f, 0x79, 0x30, 0x4, 0xc0, 0x60, 0x13,
    0x81, 0x0, 0x79, 0xe, 0x0, 0x37, 0x84, 0x80,
    0x10, 0x94, 0x3, 0xe9, 0x35, 0x0, 0xca, 0x8b,
    0x53, 0x61, 0x0, 0x1e, 0x43, 0xf0, 0xf, 0x5b,
    0x23, 0x1e, 0x10, 0x0,

    /* U+0026 "&" */
    0x0, 0xc5, 0x5d, 0xf8, 0x60, 0x1f, 0xc3, 0x8a,
    0x6, 0x6c, 0x30, 0xf, 0xd0, 0x29, 0xd9, 0x1,
    0x40, 0x1f, 0x90, 0x20, 0x0, 0x80, 0x40, 0x1f,
    0xfc, 0x15, 0x3, 0x0, 0xfc, 0xc1, 0x60, 0x92,
    0x12, 0x1, 0xfb, 0x41, 0x5e, 0xc2, 0xc4, 0x3,
    0xf3, 0x1, 0x41, 0x62, 0x0, 0x7f, 0x38, 0x5,
    0x86, 0x1, 0x97, 0x98, 0x1, 0x30, 0x2, 0x16,
    0x1, 0xd0, 0x26, 0xc, 0xc0, 0xbd, 0x5, 0x60,
    0x8, 0x88, 0xa, 0x10, 0xe, 0x87, 0x21, 0x28,
    0x0, 0x80, 0x70, 0x11, 0x5, 0x0, 0x19, 0x81,
    0x6a, 0x6a, 0x12, 0x6, 0x1, 0xe9, 0x50, 0xad,
    0x9, 0x10, 0x20, 0x2, 0x80, 0x6a, 0x50, 0x11,
    0x38, 0x4, 0xe1, 0xa, 0x1, 0x23, 0x80, 0x7,
    0xd4, 0x1, 0x8, 0x15, 0xd9, 0xb6, 0x4f, 0x42,
    0x2a, 0xa0, 0x2, 0xe4, 0xc4, 0xc6, 0x7e, 0x17,
    0x9c, 0x74,

    /* U+0027 "'" */
    0x2, 0xb, 0xd6, 0x60, 0xb, 0x1, 0x8, 0x9,
    0x83, 0x88, 0xf, 0x91, 0x0,

    /* U+0028 "(" */
    0x0, 0xaa, 0xc0, 0x8, 0xa2, 0x0, 0x80, 0x80,
    0x33, 0x29, 0x5, 0x7, 0x80, 0x1c, 0x14, 0x8,
    0x50, 0x0, 0xe0, 0x60, 0xc, 0xe, 0x0, 0x10,
    0x10, 0x1, 0xc1, 0xc0, 0x2, 0x2, 0x1, 0x8c,
    0x0, 0x20, 0x60, 0x7, 0x1, 0x0, 0x8, 0x38,
    0x3, 0x40, 0xc0, 0x6, 0x1a, 0x0, 0x50, 0x70,
    0x0, 0xa1, 0x10, 0x1, 0xa0, 0xa0, 0x7, 0xa,
    0x0, 0xb, 0x93, 0x0, 0x24, 0x2c, 0x0, 0x39,
    0x20,

    /* U+0029 ")" */
    0x9c, 0x0, 0x84, 0xd4, 0x1, 0x21, 0x0, 0x1,
    0x72, 0x50, 0x5, 0x87, 0x0, 0xc, 0x50, 0x40,
    0xe, 0xa, 0x0, 0xf0, 0xc0, 0x2, 0x81, 0x80,
    0x8, 0x18, 0x3, 0x18, 0x0, 0x40, 0x40, 0x3f,
    0x84, 0x0, 0x20, 0x60, 0x3, 0x1, 0x0, 0x38,
    0x28, 0x3, 0x43, 0xc0, 0x6, 0xa, 0x0, 0x42,
    0x30, 0x50, 0x50, 0x4, 0x85, 0x2, 0x1b, 0x10,
    0x78, 0x58, 0x2, 0x2c, 0x80, 0x0,

    /* U+002A "*" */
    0x0, 0xda, 0xa0, 0x1e, 0x32, 0x30, 0x8, 0x5d,
    0x14, 0x3d, 0x1c, 0x89, 0x17, 0x20, 0xd7, 0x8,
    0x7a, 0xc0, 0x12, 0x63, 0x1, 0x60, 0x4, 0x66,
    0x0, 0xac, 0x2c, 0x9c, 0x80, 0x2, 0x14, 0x9e,
    0x22, 0x0,

    /* U+002B "+" */
    0x0, 0xf3, 0x90, 0x7, 0xf9, 0x22, 0xc0, 0x3f,
    0xf8, 0x6, 0x1, 0xff, 0xe1, 0xef, 0xfa, 0xc1,
    0x7f, 0xf2, 0x82, 0x91, 0x60, 0x12, 0x28, 0xd8,
    0x2f, 0x76, 0x90, 0x4d, 0xdb, 0xc, 0x3, 0xff,
    0xc0, 0xc3, 0xa0, 0x1c,

    /* U+002C "," */
    0x0, 0x18, 0x5, 0xd9, 0x80, 0x31, 0x3, 0x39,
    0x0, 0xc, 0x16, 0xc0, 0x20, 0x7, 0x14, 0x9,
    0x19, 0x8, 0x64, 0x70, 0xaa, 0x58, 0x0,

    /* U+002D "-" */
    0xad, 0xdd, 0x84, 0xc4, 0x58, 0xc0,

    /* U+002E "." */
    0x4, 0x81, 0x2b, 0x7d, 0x60, 0x1, 0xa2, 0x2,
    0x0,

    /* U+002F "/" */
    0x0, 0xfa, 0x74, 0x3, 0xe6, 0x60, 0x7, 0x94,
    0x34, 0x3, 0xde, 0xe, 0x1, 0xe4, 0x31, 0x0,
    0xe4, 0x14, 0x0, 0xf6, 0x5, 0x80, 0x79, 0x44,
    0xc0, 0x38, 0x88, 0xe0, 0x1e, 0x50, 0xd0, 0xf,
    0x58, 0x20, 0x7, 0x9, 0xa0, 0x7, 0x90, 0x34,
    0x3, 0xde, 0xe, 0x1, 0xe5, 0x31, 0x0, 0xe4,
    0xb, 0x0, 0xf6, 0x82, 0x80, 0x79, 0xc4, 0x80,
    0x38, 0x85, 0xc0, 0x3c, 0xa1, 0xa0, 0x1e, 0xb0,
    0x40, 0xe, 0x13, 0x50, 0xf, 0x38, 0x78, 0x7,
    0xb8, 0x94, 0x3, 0xc0,

    /* U+0030 "0" */
    0x0, 0x9f, 0x7f, 0xa4, 0x40, 0x3a, 0xe0, 0x80,
    0x5b, 0xc8, 0x2, 0x84, 0xb, 0xfd, 0x31, 0xf0,
    0x9, 0xc2, 0x90, 0xb, 0x40, 0x94, 0x14, 0x5,
    0x40, 0x21, 0x50, 0xf0, 0xc0, 0x40, 0xe, 0xf0,
    0x40, 0x20, 0x20, 0xe, 0x60, 0x10, 0x60, 0xe0,
    0xe, 0x20, 0x1, 0x0, 0x7f, 0xc2, 0x1, 0xff,
    0xc2, 0x10, 0xf, 0xc2, 0xc1, 0xe0, 0x1c, 0x40,
    0x2, 0x20, 0x18, 0x7, 0x30, 0x8, 0x60, 0x28,
    0x7, 0x60, 0x20, 0x28, 0xb, 0x0, 0x42, 0xc1,
    0xc0, 0x7, 0x9, 0x40, 0x1d, 0x3, 0x40, 0x4,
    0x20, 0x5f, 0xf1, 0x8f, 0x0, 0x6b, 0x82, 0x1,
    0x5f, 0x20, 0x0,

    /* U+0031 "1" */
    0x0, 0xb, 0xf7, 0x8, 0x3, 0x5f, 0x40, 0x89,
    0x80, 0x33, 0x90, 0x80, 0x7d, 0x9b, 0xc0, 0x1f,
    0xff, 0xf0, 0xf, 0xff, 0x3e, 0x7f, 0xc0, 0xb,
    0xff, 0x50, 0x7, 0xf8,

    /* U+0032 "2" */
    0x0, 0x9b, 0x3b, 0xf6, 0x0, 0x38, 0x72, 0x4c,
    0x40, 0x9f, 0x44, 0x2, 0xa3, 0x4c, 0xfe, 0x90,
    0x2b, 0x0, 0xbd, 0xec, 0xc0, 0x5a, 0x41, 0x44,
    0x0, 0x90, 0x1, 0xce, 0x0, 0x50, 0xf, 0xe1,
    0x0, 0xff, 0xe0, 0x8, 0x1, 0xc0, 0x3f, 0x9c,
    0x0, 0x60, 0x1f, 0xd6, 0xc, 0x1, 0xfc, 0xc4,
    0x10, 0x1, 0xf8, 0xa0, 0x20, 0x40, 0x3f, 0x70,
    0xa3, 0x80, 0x7e, 0xb3, 0x2a, 0x0, 0xfd, 0x48,
    0x3e, 0x20, 0x1f, 0x52, 0x86, 0x90, 0x7, 0xd6,
    0xa1, 0x66, 0x1, 0xf5, 0xa0, 0x2, 0xff, 0xfb,
    0x84, 0x18, 0x3, 0xfe,

    /* U+0033 "3" */
    0x0, 0x9f, 0x3f, 0xdd, 0x46, 0x1, 0x87, 0x60,
    0xc0, 0x2, 0xb8, 0xc0, 0x12, 0x92, 0x67, 0x7e,
    0x10, 0x48, 0x80, 0x13, 0xac, 0xc4, 0xf, 0xc0,
    0xe, 0x1, 0x8, 0x7, 0x10, 0x7, 0xff, 0x0,
    0xc0, 0x8, 0x1, 0xf9, 0x38, 0x1c, 0x80, 0x3a,
    0x7b, 0xec, 0xea, 0x0, 0x3d, 0xc2, 0x0, 0x1c,
    0x0, 0xf9, 0xff, 0xd8, 0x8d, 0x80, 0x1f, 0xc7,
    0x64, 0x70, 0x1, 0xfe, 0xa0, 0x60, 0xf, 0xf1,
    0x0, 0x80, 0x7f, 0x88, 0x3, 0x4b, 0x0, 0x7a,
    0x81, 0x0, 0xd, 0x34, 0x60, 0x3, 0xc2, 0xf,
    0x0, 0x48, 0x2e, 0x7f, 0xb0, 0xc2, 0x10, 0x0,
    0xda, 0xc4, 0x0, 0x15, 0xc7, 0x0, 0x0,

    /* U+0034 "4" */
    0x0, 0xf9, 0xff, 0x88, 0x3, 0xf1, 0xc0, 0xb,
    0x0, 0x7e, 0xe0, 0xf, 0xfa, 0x8, 0xc8, 0x3,
    0xf1, 0x38, 0x78, 0x7, 0xf7, 0x3, 0x18, 0x7,
    0xe6, 0x32, 0x90, 0xf, 0xc3, 0x21, 0x20, 0x1f,
    0xd4, 0xc, 0x80, 0x1f, 0x95, 0xa, 0x40, 0x23,
    0x0, 0xc3, 0x61, 0x20, 0x1f, 0xcc, 0x21, 0x7f,
    0xf8, 0x42, 0xf9, 0x84, 0x3, 0xfc, 0x22, 0x6f,
    0xff, 0x84, 0x2f, 0xdc, 0x3, 0xff, 0xc6, 0xa2,
    0xc0, 0x0,

    /* U+0035 "5" */
    0x0, 0x27, 0xff, 0xdc, 0x40, 0x16, 0x0, 0x7c,
    0x20, 0x18, 0x41, 0x7b, 0xbb, 0xc8, 0x2, 0x30,
    0xd1, 0x1e, 0x0, 0xe1, 0x1, 0x0, 0xff, 0x30,
    0x10, 0x7, 0xf8, 0xc3, 0x6b, 0xb9, 0x6a, 0x1,
    0xf3, 0x21, 0x8a, 0x54, 0x80, 0x6b, 0x6c, 0xed,
    0xe5, 0x6, 0x50, 0x9, 0x64, 0xc0, 0x3, 0x44,
    0x12, 0x1, 0xfe, 0xa0, 0x30, 0xf, 0xf1, 0x80,
    0x4, 0x3, 0xff, 0x80, 0x20, 0x1f, 0xd8, 0x2,
    0x0, 0x74, 0x0, 0xe1, 0x60, 0x70, 0x18, 0xb9,
    0x30, 0x2, 0x60, 0x8a, 0x0, 0x64, 0x1b, 0x3f,
    0xd6, 0x43, 0xa2, 0x0, 0x6d, 0x62, 0x0, 0x13,
    0xf9, 0x80, 0x0,

    /* U+0036 "6" */
    0x0, 0xcf, 0xbf, 0xec, 0x60, 0xc, 0x5b, 0x4,
    0x0, 0x39, 0x80, 0x0, 0xe1, 0x1d, 0xff, 0xac,
    0xf4, 0x1, 0x2, 0x78, 0x80, 0x4, 0xc5, 0x0,
    0x30, 0x70, 0x7, 0xe5, 0x3, 0x20, 0xf, 0xda,
    0xa, 0x9, 0x79, 0x4c, 0x1, 0x10, 0x2, 0x6d,
    0xd, 0x66, 0xc0, 0x2, 0xc, 0xc8, 0xee, 0x48,
    0x24, 0x0, 0x6c, 0x71, 0x13, 0x48, 0x38, 0x8,
    0x31, 0x80, 0x66, 0x0, 0x19, 0x80, 0xc0, 0x3c,
    0x20, 0xfe, 0xe, 0x1, 0xfc, 0x80, 0x42, 0x1,
    0xc2, 0xc, 0x46, 0x10, 0x1, 0x9c, 0x4, 0x82,
    0x1, 0x9c, 0x0, 0x90, 0x10, 0x0, 0x48, 0x8,
    0xfe, 0xb0, 0x56, 0x0, 0x9f, 0x10, 0x44, 0x73,
    0x40, 0x0,

    /* U+0037 "7" */
    0xbf, 0xff, 0xf1, 0x38, 0x7, 0xf8, 0xf3, 0xbb,
    0xe3, 0x7, 0x10, 0x11, 0xf3, 0x99, 0xa0, 0x3,
    0xf4, 0x7, 0x80, 0x7e, 0x81, 0x53, 0x0, 0xfc,
    0xe1, 0x0, 0x1f, 0x98, 0xc, 0x80, 0x3f, 0x50,
    0x50, 0x7, 0xe1, 0x30, 0x40, 0xf, 0xc8, 0x2,
    0x40, 0x1f, 0xb4, 0x14, 0x3, 0xf9, 0x0, 0xc0,
    0x3f, 0x88, 0x38, 0x3, 0xf8, 0x40, 0x80, 0x3f,
    0x10, 0x1, 0xc0, 0x3f, 0x8, 0x0, 0x40, 0x3f,
    0x8, 0x88, 0x80, 0x1c,

    /* U+0038 "8" */
    0x0, 0xc, 0x6f, 0xfa, 0xd0, 0x3, 0xe, 0x39,
    0x10, 0x52, 0xdc, 0x2, 0xb2, 0x26, 0xeb, 0xa0,
    0x20, 0x80, 0xa, 0x12, 0x40, 0x7, 0x40, 0xa0,
    0x10, 0x2, 0x80, 0x6d, 0x2, 0x1, 0x0, 0x18,
    0x7, 0x88, 0x0, 0xc1, 0x0, 0x1b, 0x42, 0xc0,
    0x12, 0x4b, 0x84, 0x8, 0x86, 0x30, 0xb, 0xc0,
    0xf6, 0xec, 0x92, 0x1, 0x16, 0x1f, 0x42, 0x82,
    0xa0, 0x0, 0x70, 0xf0, 0x5f, 0xa0, 0x6c, 0xc2,
    0x6, 0xc0, 0x33, 0xc0, 0x70, 0x20, 0x28, 0x7,
    0x38, 0x11, 0x40, 0x1f, 0xe6, 0x20, 0xb0, 0xe,
    0x40, 0x3, 0x58, 0x3c, 0x0, 0x47, 0x40, 0x84,
    0xce, 0xf, 0xfb, 0xd8, 0x25, 0x40, 0x8, 0xc5,
    0x12, 0x13, 0x8d, 0x10,

    /* U+0039 "9" */
    0x0, 0x92, 0xff, 0xd8, 0xc0, 0x1e, 0x7b, 0x40,
    0x1, 0xce, 0x0, 0x63, 0x80, 0x7f, 0xf6, 0x11,
    0xd0, 0x5, 0x20, 0x90, 0x0, 0x3c, 0x5, 0x30,
    0x2, 0x7, 0x0, 0x61, 0x60, 0xa0, 0x0, 0x83,
    0x0, 0x76, 0x2, 0x80, 0x66, 0x0, 0xe7, 0x3,
    0x0, 0x18, 0x78, 0x7, 0x40, 0x6, 0x90, 0x58,
    0x20, 0x3c, 0x50, 0xc, 0xac, 0xf, 0xbf, 0x85,
    0x20, 0x1d, 0x36, 0xc6, 0x91, 0xe4, 0x1, 0xe4,
    0x9c, 0xb7, 0x12, 0x3, 0x0, 0xff, 0x60, 0x28,
    0x7, 0xf0, 0xa8, 0x68, 0x7, 0xf5, 0x81, 0x20,
    0x0, 0xbe, 0x4, 0xa, 0x94, 0x24, 0x2, 0x10,
    0x7e, 0xfd, 0x50, 0x94, 0x0, 0x8f, 0x14, 0x40,
    0x57, 0x58, 0x2,

    /* U+003A ":" */
    0xb, 0xf6, 0x44, 0x4, 0xb0, 0x0, 0x89, 0x6f,
    0xe0, 0x90, 0x40, 0x1f, 0xfc, 0x94, 0x81, 0x2b,
    0x7d, 0x60, 0x1, 0xa2, 0x2, 0x0,

    /* U+003B ";" */
    0xb, 0xf6, 0x4, 0x40, 0x48, 0x30, 0x0, 0xc0,
    0xad, 0xf8, 0x0, 0x90, 0x40, 0x1f, 0xfd, 0x3,
    0x0, 0xbb, 0x30, 0x6, 0x20, 0x67, 0x20, 0x1,
    0x82, 0xd8, 0x4, 0x0, 0xe2, 0x81, 0x23, 0x21,
    0xc, 0x8e, 0x15, 0x4b, 0x0, 0x0,

    /* U+003C "<" */
    0x0, 0xff, 0x14, 0xa0, 0x7, 0xe5, 0xcd, 0x62,
    0x0, 0xe2, 0x9e, 0xa3, 0x17, 0x60, 0x9, 0x73,
    0x58, 0x56, 0xfa, 0x0, 0xf, 0xd4, 0x66, 0x9e,
    0xa4, 0x0, 0x86, 0x4, 0xb3, 0xc, 0x20, 0x1c,
    0x28, 0x5, 0xb2, 0x60, 0x1f, 0x5d, 0x94, 0x5b,
    0x30, 0xc0, 0x1e, 0x4a, 0xe8, 0x23, 0x9f, 0xa3,
    0x0, 0xe1, 0x7d, 0xb5, 0x5, 0xc4, 0x0, 0xf9,
    0x2b, 0xa0, 0x84,

    /* U+003D "=" */
    0xe, 0xff, 0xff, 0x28, 0x29, 0x17, 0xf1, 0xb0,
    0x5e, 0xef, 0xf6, 0x18, 0x7, 0xff, 0x73, 0xbf,
    0xff, 0xca, 0xa, 0x45, 0xfc, 0x6c,

    /* U+003E ">" */
    0x9, 0x40, 0xf, 0xf0, 0xb5, 0xf4, 0x8, 0x7,
    0xc3, 0x66, 0x2f, 0xd6, 0x80, 0x1e, 0x4c, 0xd6,
    0x14, 0xbe, 0x81, 0x0, 0xe2, 0x9e, 0xa4, 0x17,
    0xea, 0x10, 0xf, 0x2d, 0xea, 0x82, 0xb8, 0x7,
    0xcd, 0xca, 0x2, 0x80, 0x18, 0xe7, 0xe4, 0xcd,
    0x3c, 0x40, 0x2f, 0xb8, 0xc0, 0xd9, 0x86, 0x0,
    0xbe, 0x8, 0xe7, 0xe4, 0xc0, 0x30, 0x83, 0x66,
    0x18, 0x3, 0xe0,

    /* U+003F "?" */
    0x3, 0xae, 0xfe, 0xa3, 0x0, 0x2e, 0x28, 0x80,
    0xae, 0x20, 0x60, 0x47, 0x7d, 0x88, 0x48, 0x4f,
    0x38, 0x82, 0x50, 0x10, 0x80, 0x80, 0x66, 0x0,
    0x18, 0x7, 0x90, 0x4, 0x80, 0x38, 0x60, 0x20,
    0x3, 0xda, 0x2a, 0xc0, 0x1d, 0x46, 0x6a, 0x0,
    0xe4, 0x51, 0xd0, 0xf, 0x78, 0x48, 0x80, 0x79,
    0x81, 0x0, 0x3e, 0xe9, 0x30, 0xf, 0x8d, 0x80,
    0x3f, 0x24, 0x8, 0x7, 0x8a, 0xdf, 0x40, 0x3c,
    0xc0, 0x2, 0x0, 0xf2, 0x20, 0x20, 0x3, 0x0,

    /* U+0040 "@" */
    0x0, 0xf8, 0xe3, 0x3b, 0xfb, 0x20, 0xc0, 0x3f,
    0xc7, 0x78, 0xe2, 0xab, 0x13, 0xe5, 0x0, 0x7e,
    0x6c, 0x45, 0xcd, 0xba, 0xbe, 0xc4, 0x5d, 0x10,
    0xe, 0x89, 0x1c, 0xa3, 0x0, 0xe3, 0xb8, 0x2a,
    0x0, 0xca, 0xe5, 0xe6, 0x1, 0xfc, 0xea, 0x8a,
    0x1, 0x58, 0x78, 0x80, 0x7f, 0xd6, 0x12, 0x0,
    0x71, 0x82, 0x0, 0x93, 0x3f, 0x92, 0xa4, 0x0,
    0x28, 0x62, 0x12, 0xe, 0x1, 0x35, 0x99, 0x82,
    0xd4, 0xc0, 0x2c, 0x5, 0x31, 0x50, 0x8, 0xa4,
    0x77, 0x38, 0xc3, 0x0, 0x22, 0x1, 0x40, 0xf0,
    0xa, 0x42, 0xc8, 0x0, 0xa0, 0xa0, 0x10, 0x81,
    0xf0, 0x38, 0x0, 0x50, 0x94, 0x2, 0x50, 0x30,
    0x8, 0x40, 0xcc, 0x6, 0x0, 0x50, 0x40, 0xc,
    0x64, 0x1, 0xb4, 0x1c, 0x40, 0x30, 0x80, 0x80,
    0x42, 0xc, 0x1, 0x94, 0x48, 0x40, 0xc0, 0x2,
    0x4, 0x1, 0x38, 0x8, 0x4, 0xc5, 0x20, 0x40,
    0xe0, 0x5, 0x5, 0x40, 0x79, 0x4, 0x20, 0x79,
    0x37, 0xc, 0xc, 0x0, 0xc, 0x5, 0xfc, 0x4c,
    0xe, 0xfc, 0x1e, 0x80, 0x10, 0x58, 0x40, 0xf,
    0x4a, 0xd8, 0xcf, 0x4a, 0xaa, 0xc1, 0x0, 0xa4,
    0x28, 0x2, 0x5a, 0x93, 0x0, 0x2d, 0x51, 0x40,
    0x39, 0xd1, 0x14, 0x1, 0xff, 0xc6, 0xa3, 0x5d,
    0x50, 0xe, 0x16, 0x40, 0xf, 0xc3, 0x8e, 0x55,
    0xf9, 0x57, 0x9d, 0x3a, 0x1, 0xfe, 0x8e, 0x84,
    0x25, 0x42, 0x4a, 0x90, 0xf, 0x0,

    /* U+0041 "A" */
    0x0, 0xe1, 0xdf, 0x80, 0xf, 0xf9, 0x88, 0x1c,
    0x40, 0x3f, 0xd4, 0x4, 0xe, 0x1, 0xfc, 0x44,
    0x1b, 0xd, 0x0, 0xfe, 0x50, 0x47, 0x4, 0x10,
    0xf, 0xd4, 0x1e, 0x24, 0xe, 0x1, 0xf1, 0x10,
    0x14, 0x14, 0x28, 0x3, 0xea, 0x4, 0x0, 0x58,
    0x18, 0x80, 0x79, 0x43, 0x40, 0x6, 0x20, 0xe0,
    0x1c, 0x44, 0x4, 0x0, 0x90, 0x28, 0x3, 0xa8,
    0x8, 0x80, 0x11, 0x1, 0x88, 0x6, 0x50, 0x2f,
    0xfc, 0xe0, 0x7, 0x0, 0x8c, 0x80, 0x3f, 0xa8,
    0x2, 0xb0, 0x1f, 0xff, 0x48, 0x18, 0x80, 0x14,
    0x1c, 0x3, 0xce, 0x0, 0x70, 0x32, 0xa, 0x0,
    0xf0, 0xa0, 0x50, 0x58, 0x9, 0x80, 0x7d, 0xa0,
    0x62, 0x63, 0x0, 0x1f, 0x98, 0xc1, 0x40,

    /* U+0042 "B" */
    0x7f, 0xff, 0x6d, 0x20, 0x5, 0xa0, 0x1e, 0x25,
    0xba, 0x0, 0xc9, 0xff, 0xb1, 0x41, 0x58, 0x3,
    0xf1, 0xd1, 0x86, 0x80, 0x7f, 0x94, 0x3, 0xff,
    0x80, 0xa0, 0x60, 0x1f, 0x8a, 0x8c, 0x64, 0x2,
    0x4e, 0xeb, 0xf5, 0x4b, 0x44, 0x3, 0x8, 0xc0,
    0x11, 0x50, 0x6, 0x4f, 0xfd, 0xb0, 0x2d, 0x80,
    0x1f, 0x89, 0xf0, 0xd, 0x40, 0x3f, 0x89, 0x43,
    0xc0, 0x3f, 0xc6, 0x2, 0x1, 0xfe, 0x20, 0x10,
    0xf, 0xe3, 0x40, 0xc0, 0xf, 0x89, 0xf0, 0x9,
    0x80, 0x9, 0xff, 0xb6, 0x0, 0xf0, 0x34, 0x3,
    0xc2, 0x95, 0x82, 0x0,

    /* U+0043 "C" */
    0x0, 0xc3, 0x19, 0xdf, 0xd4, 0x40, 0x1c, 0xdc,
    0xe6, 0x20, 0x2b, 0xaa, 0x1, 0x3c, 0x81, 0x4e,
    0xea, 0xd0, 0x3c, 0x0, 0x70, 0xb, 0xac, 0x44,
    0x4b, 0xb8, 0x1, 0xe0, 0x54, 0x1, 0xe4, 0x10,
    0x23, 0x8, 0x0, 0xff, 0x20, 0x1, 0x40, 0x3f,
    0xde, 0x4, 0x1, 0xff, 0x18, 0x8, 0x7, 0xff,
    0x34, 0xc0, 0x40, 0x3f, 0xef, 0x2, 0x0, 0xff,
    0x90, 0x0, 0xa0, 0x1f, 0xe2, 0x30, 0x80, 0xf,
    0xfa, 0x0, 0xa8, 0x3, 0xcb, 0x0, 0x4, 0x70,
    0x5c, 0x52, 0x22, 0x55, 0x1c, 0x80, 0x11, 0x0,
    0x3a, 0xdd, 0x5a, 0x84, 0x10, 0x4, 0xfa, 0xc4,
    0x0, 0x26, 0xc7, 0x0,

    /* U+0044 "D" */
    0x7f, 0xfe, 0xda, 0x50, 0xe, 0xd0, 0xe, 0x25,
    0xad, 0x20, 0xe, 0x3f, 0xf7, 0x63, 0x81, 0x69,
    0x0, 0x67, 0x0, 0x9, 0xc6, 0x8, 0x78, 0x7,
    0xf8, 0xe8, 0x9, 0x40, 0x3f, 0xc8, 0x41, 0xc0,
    0x1f, 0xf2, 0x82, 0x0, 0x7f, 0xda, 0x0, 0x10,
    0xf, 0xf0, 0x80, 0xc, 0x3, 0xff, 0x98, 0x20,
    0x3, 0x0, 0xff, 0x68, 0x8, 0x80, 0x3f, 0xca,
    0xa, 0x1, 0xfe, 0x52, 0xe, 0x0, 0xfe, 0x3b,
    0x2, 0x50, 0x9, 0xc0, 0x2, 0x73, 0x82, 0x1e,
    0x1, 0x8f, 0xfd, 0xd8, 0xc0, 0x5a, 0x40, 0xd,
    0x0, 0xe1, 0x5a, 0xd2, 0x0, 0x80,

    /* U+0045 "E" */
    0x7f, 0xff, 0xe7, 0xd0, 0xf, 0xef, 0x0, 0x1f,
    0x77, 0xd0, 0x0, 0x71, 0x1f, 0x80, 0x3f, 0xfb,
    0x9, 0xff, 0xe3, 0x0, 0xff, 0x38, 0x4, 0x9d,
    0xdd, 0xe8, 0x1, 0x84, 0x78, 0x3, 0xff, 0xca,
    0xe2, 0x3f, 0x0, 0x47, 0xdd, 0xf6, 0x68, 0x7,
    0xf3, 0x80,

    /* U+0046 "F" */
    0x7f, 0xff, 0xe7, 0xd0, 0xf, 0xef, 0x0, 0x1f,
    0x77, 0xd0, 0x0, 0x71, 0x1f, 0x80, 0x3f, 0xfc,
    0x69, 0xff, 0xe4, 0x0, 0xff, 0xe1, 0x27, 0xff,
    0x90, 0x3, 0xff, 0xef, 0xa0, 0x60, 0x1f, 0x80,

    /* U+0047 "G" */
    0x0, 0xc2, 0xf9, 0xdf, 0xd6, 0xc0, 0x1c, 0xbd,
    0x6, 0x20, 0x29, 0x38, 0x1, 0x35, 0x0, 0xc6,
    0x6e, 0x48, 0x99, 0x1, 0xc8, 0x1f, 0x39, 0x91,
    0xb7, 0x61, 0x4, 0x0, 0xe0, 0x7, 0xc6, 0x4,
    0x81, 0x0, 0x1f, 0xe4, 0x0, 0x38, 0x7, 0xfb,
    0xc0, 0x84, 0x3, 0xfc, 0x60, 0x20, 0x1d, 0xbf,
    0xfa, 0x40, 0x3f, 0x18, 0x6, 0x43, 0x1, 0x0,
    0xee, 0xff, 0x48, 0x3, 0xc0, 0x80, 0x3f, 0x18,
    0x1, 0x0, 0xc, 0x1, 0xfe, 0x23, 0xb, 0x0,
    0xff, 0xa0, 0xa, 0xc0, 0x3f, 0xc9, 0x0, 0x9c,
    0xe6, 0x46, 0xf6, 0x1, 0x9e, 0x40, 0x63, 0x37,
    0x20, 0x45, 0xc0, 0x13, 0x73, 0x98, 0x80, 0xa4,
    0xf1, 0x80,

    /* U+0048 "H" */
    0x7f, 0x80, 0xf, 0x87, 0xb8, 0x1a, 0x6, 0x1,
    0xf1, 0x8, 0x88, 0x3, 0xff, 0xf8, 0x9f, 0xff,
    0x60, 0x7, 0xff, 0x1d, 0x3b, 0xbe, 0xb0, 0xf,
    0x8, 0xfc, 0xe0, 0x1f, 0xff, 0xf0, 0xf, 0xfe,
    0x6, 0x81, 0x80, 0x7c, 0x42, 0x22,

    /* U+0049 "I" */
    0x7f, 0x8d, 0x3, 0x0, 0xff, 0xf0, 0xe8, 0x18,

    /* U+004A "J" */
    0x0, 0xfa, 0x7d, 0x80, 0x3e, 0x50, 0xf0, 0xf,
    0xff, 0xf8, 0x7, 0xff, 0x78, 0x40, 0x56, 0x40,
    0x31, 0x10, 0x36, 0x1a, 0xcc, 0x97, 0xc0, 0x56,
    0x1, 0x33, 0x68, 0x82, 0xc1, 0x71, 0x44, 0x5,
    0x31, 0x40,

    /* U+004B "K" */
    0x7f, 0x80, 0xf, 0x2e, 0xf8, 0x86, 0x81, 0x80,
    0x71, 0xd1, 0x40, 0x80, 0x7e, 0x1d, 0x5, 0x70,
    0xf, 0xec, 0x12, 0xa0, 0xf, 0xea, 0x21, 0xf0,
    0xf, 0xe8, 0x50, 0xa2, 0x0, 0xfc, 0xae, 0x10,
    0x80, 0x1f, 0x8e, 0x80, 0x3f, 0xe7, 0xd0, 0xa,
    0x4, 0x3, 0xe3, 0x11, 0x68, 0x85, 0x80, 0x7f,
    0x69, 0x58, 0x29, 0x80, 0x7d, 0x26, 0xa, 0x61,
    0xe0, 0x1e, 0x36, 0x0, 0xbc, 0xd, 0x80, 0x39,
    0xc0, 0x31, 0xa8, 0x40, 0x7, 0xfd, 0x60, 0x30,
    0x1, 0xfe, 0x18, 0x7, 0x20, 0xf, 0xf3, 0x88,
    0x40, 0x68, 0x18, 0x7, 0xd4, 0x2a, 0x20,

    /* U+004C "L" */
    0x7f, 0x80, 0xf, 0xda, 0x6, 0x1, 0xff, 0xff,
    0x0, 0xff, 0xff, 0x80, 0x4e, 0x23, 0xe0, 0xc,
    0x7d, 0xde, 0xf4, 0xd0, 0xf, 0xe7,

    /* U+004D "M" */
    0x7f, 0xe2, 0x0, 0xfd, 0x3f, 0xc1, 0xa0, 0x30,
    0x1, 0xf1, 0x30, 0x9, 0x0, 0x4a, 0x1, 0xf5,
    0x0, 0x78, 0x41, 0x80, 0x3c, 0xa0, 0x1e, 0x70,
    0xd0, 0xe, 0x32, 0x41, 0x0, 0xde, 0x48, 0x20,
    0x1a, 0xc3, 0x84, 0x3, 0xa, 0x83, 0x0, 0x65,
    0x4, 0x0, 0xf5, 0x5, 0x0, 0x46, 0x4a, 0x20,
    0x1e, 0x23, 0x22, 0x0, 0x28, 0x38, 0x40, 0x3e,
    0xb0, 0xa0, 0x3, 0x8a, 0x0, 0x7e, 0x60, 0x60,
    0x41, 0x70, 0xf, 0xe1, 0x41, 0x4d, 0xa, 0x0,
    0xff, 0x68, 0x73, 0x91, 0x80, 0x7f, 0x98, 0x14,
    0x68, 0x3, 0xff, 0x80, 0xa0, 0x6, 0x0, 0xff,
    0xe0, 0x70, 0x28, 0x80, 0x7f, 0xf0, 0x13, 0xa8,
    0x3, 0xed, 0x3, 0x0, 0xc2, 0x1, 0x84, 0x84,
    0x80,

    /* U+004E "N" */
    0x7f, 0xc1, 0x0, 0xf0, 0xf6, 0x68, 0x1c, 0x0,
    0x79, 0x44, 0xc0, 0x26, 0x20, 0xf, 0xf1, 0x4,
    0x80, 0x7f, 0xa8, 0x51, 0x0, 0x1f, 0xeb, 0x9,
    0x0, 0xfe, 0xf5, 0x32, 0x60, 0xf, 0xf7, 0x84,
    0x0, 0x7e, 0x10, 0x35, 0x18, 0x0, 0xff, 0x40,
    0x38, 0x83, 0x80, 0x7c, 0x4e, 0x16, 0x1, 0xfe,
    0x91, 0x53, 0x10, 0xf, 0xc3, 0x21, 0xe6, 0x1,
    0xfc, 0xe4, 0x6e, 0x1, 0xfe, 0x80, 0x80, 0xf,
    0xf2, 0x98, 0x80, 0x7f, 0xde, 0x1, 0x68, 0x78,
    0x7, 0x8d, 0xc0, 0xc0,

    /* U+004F "O" */
    0x0, 0xc7, 0x3b, 0xfe, 0xd8, 0x10, 0xf, 0xa3,
    0x18, 0x80, 0x4, 0xfc, 0xc0, 0x1d, 0x2e, 0x7,
    0x5b, 0xa9, 0x20, 0x96, 0x0, 0x95, 0x81, 0xb1,
    0x48, 0x8d, 0xa6, 0x12, 0x40, 0x8, 0x2, 0x90,
    0xf, 0x68, 0x85, 0x81, 0x90, 0x40, 0x7, 0xc2,
    0xc0, 0xc0, 0x80, 0x5, 0x0, 0xfd, 0x60, 0x3,
    0xe0, 0x20, 0xf, 0xe3, 0x0, 0x29, 0x80, 0x80,
    0x7f, 0xf0, 0x4, 0x3, 0xff, 0x88, 0x60, 0x20,
    0x1f, 0xfc, 0x1, 0xf0, 0x20, 0xf, 0xe3, 0x0,
    0x2a, 0x0, 0x14, 0x3, 0xf5, 0x80, 0xc, 0x8c,
    0x20, 0x3, 0xe1, 0x70, 0x60, 0x4, 0x1, 0x48,
    0x7, 0xb4, 0x1, 0x60, 0x4, 0x70, 0x6c, 0x52,
    0x23, 0x71, 0x85, 0x10, 0x5, 0xe, 0x7, 0x5b,
    0xa9, 0x10, 0xa5, 0x0, 0xe8, 0xd6, 0x20, 0x1,
    0x3f, 0x28, 0x4,

    /* U+0050 "P" */
    0x7f, 0xfe, 0xed, 0x93, 0x0, 0xb4, 0x3, 0x84,
    0x9b, 0x20, 0x3, 0x1f, 0xfd, 0xd6, 0x80, 0xea,
    0x1, 0x38, 0x4, 0x29, 0x68, 0x12, 0x1, 0xfe,
    0xe0, 0x30, 0xf, 0xf0, 0x80, 0x4, 0x3, 0xf8,
    0x80, 0x2, 0x1, 0xfd, 0x60, 0x80, 0x1f, 0xa,
    0xe1, 0x7, 0x80, 0x49, 0xff, 0x75, 0x18, 0x4a,
    0x0, 0x7c, 0x26, 0xfc, 0xc0, 0x19, 0x3f, 0xee,
    0xc8, 0x10, 0xf, 0xff, 0xc6, 0x81, 0x80, 0x7f,
    0x80,

    /* U+0051 "Q" */
    0x0, 0xc5, 0x3b, 0xfe, 0xd8, 0x10, 0xf, 0x9f,
    0x58, 0x80, 0x4, 0xfc, 0xa0, 0x1d, 0x10, 0x3,
    0xad, 0xc9, 0x10, 0xa5, 0x0, 0x8d, 0xc1, 0x71,
    0x48, 0xdb, 0xcc, 0x2c, 0x40, 0x1e, 0x3, 0x40,
    0x1c, 0x3c, 0x3, 0x20, 0x46, 0x10, 0x1, 0xf1,
    0x30, 0x30, 0x20, 0x1, 0xc0, 0x3f, 0x68, 0x9,
    0xf8, 0x8, 0x80, 0x3f, 0x28, 0x1, 0x8c, 0x8,
    0x3, 0xf8, 0x40, 0x4, 0x1, 0xff, 0xc4, 0x30,
    0xf, 0xfe, 0x10, 0x88, 0x8, 0x3, 0xf8, 0x40,
    0x5, 0x80, 0x24, 0x1, 0xf9, 0x0, 0xa, 0x80,
    0x5, 0x0, 0xfd, 0xe0, 0x42, 0xc, 0x12, 0x20,
    0x1e, 0x35, 0xb, 0x0, 0x58, 0xd, 0x0, 0x71,
    0x68, 0x13, 0x0, 0xa, 0x81, 0x39, 0xcd, 0x23,
    0x44, 0x3c, 0x3, 0x2d, 0x88, 0xa3, 0x2d, 0xc0,
    0xb4, 0x80, 0x39, 0x3a, 0x50, 0x0, 0x75, 0xa4,
    0x1, 0xf9, 0xac, 0x80, 0x50, 0x3, 0xff, 0x81,
    0xc0, 0x5e, 0xc2, 0x1, 0xfe, 0x3b, 0x11, 0x4f,
    0x7f, 0x9c, 0x3, 0xf2, 0x7c, 0x18, 0x81, 0x8,

    /* U+0052 "R" */
    0x7f, 0xff, 0x75, 0xa8, 0x5, 0xa0, 0x1e, 0x14,
    0xac, 0x0, 0xc7, 0xff, 0xb1, 0x80, 0xe4, 0x2,
    0x70, 0xc, 0x72, 0xe0, 0xc0, 0x1f, 0xeb, 0x0,
    0x8, 0x7, 0xf3, 0x80, 0x7f, 0xf0, 0x38, 0x4,
    0x40, 0x1f, 0x1d, 0x28, 0x40, 0x4, 0x9f, 0xfb,
    0x14, 0x1d, 0x80, 0x3f, 0x97, 0x20, 0x3, 0x27,
    0xfc, 0x20, 0x3, 0x0, 0xfe, 0x80, 0x53, 0x0,
    0xfe, 0x62, 0x8, 0x0, 0xff, 0x40, 0x22, 0x0,
    0x3f, 0x94, 0x82, 0x40, 0x3f, 0xd2, 0x4, 0xa0,
    0x1f, 0xc8, 0x61, 0x61, 0xa0, 0x60, 0x1e, 0xe2,
    0x14,

    /* U+0053 "S" */
    0x0, 0x96, 0xfb, 0xfb, 0x18, 0x3, 0xaa, 0x88,
    0x20, 0x27, 0x3a, 0x20, 0x8, 0x50, 0x5b, 0xdc,
    0x81, 0x24, 0x0, 0x30, 0x2d, 0x21, 0x1b, 0xfd,
    0x28, 0x8, 0x83, 0xc0, 0x38, 0x54, 0x0, 0x20,
    0xd, 0x0, 0xff, 0x30, 0x3b, 0x80, 0x3f, 0xa0,
    0xc2, 0x39, 0xc4, 0x3, 0xc3, 0x8e, 0x3, 0x1d,
    0x44, 0x1, 0xe8, 0xe7, 0x10, 0x5d, 0x80, 0xf,
    0xc, 0x74, 0x88, 0x3c, 0x0, 0x7e, 0x6e, 0x40,
    0x71, 0x0, 0xfe, 0x90, 0x1, 0x0, 0x7f, 0x18,
    0x1, 0xcf, 0x10, 0x3, 0xcc, 0x0, 0x5b, 0x3b,
    0xa5, 0x22, 0x25, 0x40, 0x28, 0xc2, 0x82, 0xd6,
    0xea, 0xd4, 0x12, 0x80, 0x15, 0x8c, 0x40, 0x1,
    0x4a, 0xb0, 0x0,

    /* U+0054 "T" */
    0x2f, 0xff, 0xfe, 0x4, 0x8, 0x7, 0xff, 0x0,
    0x4f, 0xfb, 0xb0, 0x2, 0x7b, 0xb4, 0x80, 0x4,
    0x70, 0x4, 0x23, 0x80, 0x3f, 0xff, 0xe0, 0x1f,
    0xff, 0xf0, 0xf, 0xfe, 0xd9, 0x82, 0x80, 0x70,

    /* U+0055 "U" */
    0x9f, 0x70, 0xf, 0x87, 0xb4, 0x14, 0x34, 0x3,
    0xe2, 0x12, 0x0, 0xff, 0xff, 0x80, 0x7f, 0xf6,
    0x9c, 0x3, 0xff, 0x86, 0x20, 0x1f, 0x38, 0x4,
    0x40, 0xc0, 0x1f, 0x10, 0x8, 0x78, 0x11, 0x0,
    0x3d, 0xa0, 0x80, 0xe0, 0x8, 0x0, 0xe4, 0x40,
    0x78, 0xb, 0x82, 0xda, 0x12, 0x45, 0x81, 0x28,
    0x2, 0x14, 0x12, 0xf6, 0xdc, 0xb, 0xc0, 0x35,
    0x5a, 0x8, 0x0, 0xe3, 0x48, 0x0,

    /* U+0056 "V" */
    0xbe, 0x60, 0xf, 0xcf, 0xf2, 0x43, 0x60, 0x1f,
    0xa4, 0x3b, 0x40, 0x88, 0x1, 0xe3, 0x10, 0x54,
    0x0, 0x28, 0x7, 0xac, 0x8, 0x80, 0xa1, 0x80,
    0x1e, 0x50, 0x50, 0x7, 0x82, 0x0, 0x70, 0x90,
    0x58, 0x1, 0x40, 0xa, 0x1, 0x9c, 0x4, 0xc0,
    0x24, 0xc, 0x0, 0xda, 0xc, 0x1, 0xb4, 0x1c,
    0x3, 0x20, 0x58, 0x6, 0x70, 0x13, 0x0, 0x20,
    0x9, 0x80, 0x61, 0x30, 0x40, 0x6, 0x83, 0x80,
    0x7a, 0xc2, 0xc0, 0x8, 0x1a, 0x1, 0xe5, 0x3,
    0x12, 0x20, 0x20, 0x7, 0x88, 0x80, 0x8a, 0xa,
    0x1, 0xf9, 0x43, 0xec, 0x3c, 0x3, 0xf5, 0x82,
    0x98, 0x28, 0x7, 0xe3, 0x10, 0x2, 0x0, 0x7f,
    0xa0, 0x7, 0xc0, 0x38,

    /* U+0057 "W" */
    0x3f, 0xd0, 0xf, 0x37, 0x40, 0x7, 0xab, 0xd0,
    0x40, 0x90, 0x3, 0xac, 0x5c, 0x3, 0xca, 0xe,
    0x40, 0x3, 0x0, 0xc2, 0x40, 0x4, 0x0, 0xc6,
    0x0, 0x30, 0x30, 0xd0, 0xc, 0x80, 0x21, 0x80,
    0x19, 0x40, 0xc0, 0x8, 0xe, 0x1, 0xb0, 0x24,
    0x10, 0x3, 0x60, 0x28, 0x3, 0x40, 0x80, 0x32,
    0x3, 0x9, 0x88, 0x4, 0xe1, 0xe0, 0x4, 0x0,
    0x18, 0x0, 0x48, 0x82, 0x80, 0xa0, 0x11, 0x2,
    0x0, 0x4, 0x40, 0xa0, 0x4, 0x4, 0xd, 0xd,
    0x0, 0x18, 0x0, 0x80, 0x25, 0xf, 0x0, 0x60,
    0x60, 0x20, 0x20, 0x1, 0x40, 0xc0, 0x36, 0x2,
    0x80, 0x10, 0x10, 0xc, 0x8, 0x43, 0xc1, 0x40,
    0x31, 0x81, 0x80, 0x91, 0x4, 0x0, 0x80, 0xa0,
    0xa1, 0x80, 0x19, 0x40, 0x2, 0xa0, 0x80, 0x16,
    0x6, 0x1, 0x3, 0x80, 0x61, 0x20, 0x5c, 0xf,
    0x0, 0x8c, 0x10, 0x44, 0x4, 0x1, 0xce, 0x6,
    0x80, 0x80, 0x12, 0x1, 0xa0, 0x20, 0x7, 0xb4,
    0x30, 0xc4, 0x80, 0x31, 0x87, 0x1, 0x80, 0x79,
    0x1, 0x1, 0x0, 0x39, 0x1, 0x3, 0x40, 0x3c,
    0x60, 0x16, 0x0, 0x76, 0x0, 0x48, 0x1, 0xf3,
    0x1, 0x38, 0x7, 0x21, 0x82, 0x8, 0x4,

    /* U+0058 "X" */
    0xd, 0xe5, 0x0, 0xf3, 0xf5, 0x0, 0x14, 0x68,
    0x40, 0x31, 0x40, 0xf0, 0x2, 0x4, 0x24, 0x3,
    0x40, 0x1a, 0x0, 0x50, 0xe, 0x20, 0x2, 0x50,
    0xf0, 0xc, 0xc4, 0x10, 0x0, 0x80, 0x53, 0x0,
    0xe9, 0x6, 0x23, 0x50, 0x80, 0xf, 0x21, 0x84,
    0x40, 0x1c, 0x80, 0x3e, 0xf0, 0x54, 0x19, 0x0,
    0xfc, 0x6a, 0x0, 0x91, 0x0, 0xfe, 0x40, 0x6,
    0x80, 0x7f, 0x40, 0x98, 0x29, 0x80, 0x7c, 0x2e,
    0x1e, 0xc1, 0xe0, 0x1f, 0x58, 0x29, 0xc0, 0x1a,
    0x80, 0x71, 0xa8, 0x40, 0xb, 0x85, 0x80, 0x74,
    0x3, 0x10, 0x2, 0x4, 0x4e, 0x1, 0x22, 0x2,
    0x0, 0x34, 0x84, 0x8, 0x2, 0x41, 0xc4, 0x3,
    0x38, 0x85, 0x81, 0x91, 0xc8, 0x7, 0xa8, 0x50,
    0x0,

    /* U+0059 "Y" */
    0xae, 0x70, 0xf, 0xa7, 0xdf, 0x6, 0x4, 0x3,
    0x91, 0x81, 0x58, 0x42, 0x40, 0x3b, 0xc1, 0x48,
    0x24, 0x18, 0x3, 0x1a, 0x4, 0x80, 0x1c, 0x44,
    0xc0, 0x14, 0x82, 0x18, 0x5, 0x21, 0x60, 0x2,
    0x50, 0x80, 0xc, 0xc0, 0x48, 0x16, 0x8, 0x60,
    0x18, 0x5c, 0x3c, 0x58, 0x3c, 0x3, 0xd2, 0x9,
    0x60, 0x68, 0x1, 0xe1, 0x70, 0x50, 0x80, 0xf,
    0xd2, 0x0, 0x34, 0x0, 0xfc, 0x24, 0x8, 0x1,
    0xff, 0xff, 0x70, 0xe0, 0xe,

    /* U+005A "Z" */
    0xd, 0xff, 0xff, 0x10, 0x18, 0x7, 0xff, 0x3,
    0xbb, 0xf0, 0x82, 0x90, 0x0, 0x47, 0xd2, 0x22,
    0xb0, 0xf, 0xc6, 0xe1, 0x62, 0x1, 0xfb, 0xc1,
    0x14, 0x3, 0xf3, 0x98, 0x48, 0x7, 0xe2, 0x80,
    0x82, 0x0, 0xfd, 0x20, 0x6e, 0x1, 0xf9, 0x90,
    0x38, 0x3, 0xf0, 0xc0, 0x39, 0x0, 0x7e, 0xb1,
    0x28, 0x0, 0xfc, 0x8a, 0x12, 0x1, 0xfd, 0x40,
    0xc8, 0x1, 0xfa, 0x44, 0x50, 0x1, 0xf8, 0xd8,
    0x24, 0x4, 0x7c, 0x0, 0x80, 0x4, 0x77, 0x7d,
    0xe8, 0x1, 0xff, 0xc0, 0x70,

    /* U+005B "[" */
    0x5f, 0xfc, 0x7a, 0xd, 0x34, 0x60, 0xd, 0x65,
    0x0, 0xff, 0xff, 0x80, 0x7f, 0xf6, 0x4, 0x60,
    0xf0, 0xae, 0xe2, 0x3d, 0xde, 0x40,

    /* U+005C "\\" */
    0x6e, 0x10, 0xf, 0x88, 0x58, 0x3, 0xe4, 0xc,
    0x0, 0xfc, 0x88, 0x10, 0xf, 0xb4, 0x10, 0x3,
    0xe7, 0xf, 0x0, 0xf8, 0x4d, 0x0, 0x3f, 0x58,
    0xa0, 0x7, 0xca, 0x18, 0x1, 0xf1, 0xa, 0x80,
    0x7e, 0x72, 0x20, 0x7, 0xda, 0xa, 0x1, 0xf2,
    0x5, 0x80, 0x7e, 0x53, 0x10, 0xf, 0xbc, 0x10,
    0x3, 0xe4, 0xf, 0x0, 0xf8, 0x4d, 0x40, 0x3f,
    0x58, 0x20, 0x7, 0xca, 0x1a, 0x1, 0xf1, 0x11,
    0xc0, 0x3f, 0x28, 0x90, 0x7, 0xd8, 0xa, 0x1,
    0xf2, 0xd, 0x80, 0x7e, 0x62, 0x0,

    /* U+005D "]" */
    0x2f, 0xfc, 0xe5, 0x52, 0xe1, 0xa0, 0xad, 0x40,
    0x1f, 0xff, 0xf0, 0xf, 0xfe, 0xc0, 0x8c, 0x0,
    0x2e, 0xe6, 0x1, 0x95, 0xde, 0x90,

    /* U+005E "^" */
    0x0, 0xc2, 0xc6, 0x1, 0xfa, 0xa7, 0x4, 0x3,
    0xc4, 0x80, 0x6, 0x0, 0xf5, 0x4, 0x5, 0x0,
    0x79, 0x81, 0xd0, 0x8c, 0x3, 0x28, 0xb0, 0x70,
    0x48, 0x6, 0xe0, 0xa0, 0x51, 0x51, 0x0, 0x12,
    0x11, 0x80, 0x1c, 0x1c, 0x1, 0x40, 0xa0, 0x15,
    0x5, 0x80, 0x18, 0x28, 0x2, 0x33, 0x11, 0x90,
    0xb1, 0x0, 0x68, 0x14,

    /* U+005F "_" */
    0x5a, 0xaf, 0xfa, 0x3, 0x15, 0x7f, 0xe6, 0x0,

    /* U+0060 "`" */
    0xc, 0xa0, 0x8, 0x8d, 0x64, 0x0, 0x56, 0xc,
    0xe0, 0x4, 0xb0, 0x84, 0x0, 0x26, 0x8, 0x80,

    /* U+0061 "a" */
    0x0, 0x1c, 0xef, 0xfb, 0x18, 0x2, 0x8c, 0x62,
    0x0, 0x1c, 0xb8, 0x0, 0x86, 0x37, 0xf9, 0x82,
    0x4, 0x2b, 0x9c, 0x80, 0x64, 0x41, 0xc0, 0x3f,
    0x28, 0x78, 0x6, 0x15, 0x8a, 0x40, 0x30, 0x2,
    0x67, 0x53, 0xa0, 0x80, 0x51, 0x66, 0xb5, 0xdc,
    0x40, 0x2, 0x38, 0x5d, 0x28, 0x80, 0x6d, 0x4,
    0x40, 0x7, 0xc6, 0x1, 0xe1, 0x70, 0x6, 0x82,
    0x20, 0x0, 0xbe, 0x40, 0x6, 0x10, 0xbf, 0xf5,
    0x2b, 0x0, 0x7, 0x14, 0x41, 0x72, 0xec, 0x1a,

    /* U+0062 "b" */
    0xaf, 0x40, 0xf, 0xe7, 0x3, 0x0, 0xff, 0xe5,
    0x88, 0x7, 0xff, 0x60, 0x67, 0xbf, 0x64, 0x40,
    0x36, 0x73, 0x8, 0x13, 0x60, 0x80, 0x4a, 0x35,
    0xfd, 0x20, 0x54, 0x1, 0x1f, 0xa8, 0xb, 0x40,
    0x21, 0x0, 0x2c, 0x40, 0x33, 0x80, 0x10, 0x3,
    0xf8, 0x83, 0xc0, 0x3f, 0x84, 0xc, 0x3, 0xff,
    0x92, 0x40, 0x40, 0x1f, 0x8c, 0x43, 0x40, 0x1e,
    0x1, 0xd0, 0x2, 0xa0, 0x7, 0xc5, 0x2, 0xa4,
    0x8, 0x0, 0x8c, 0xd5, 0xfa, 0xa0, 0xec, 0xe,
    0x59, 0x68, 0x0, 0x4b, 0x80, 0x0,

    /* U+0063 "c" */
    0x0, 0x8e, 0xbb, 0xfa, 0x88, 0x2, 0x7c, 0x51,
    0x1, 0x5c, 0x0, 0x3c, 0x2, 0xef, 0xea, 0xa0,
    0xc, 0x2, 0xd1, 0x1, 0x55, 0x1, 0x80, 0x16,
    0x1, 0xf6, 0x1, 0x88, 0x7, 0xce, 0xc, 0x1,
    0xfe, 0x30, 0xf, 0xce, 0x4, 0x1, 0xf8, 0xc1,
    0x4, 0x3, 0xea, 0x0, 0x40, 0x7, 0xc4, 0xc0,
    0xd2, 0x40, 0x2f, 0xc4, 0x12, 0xa0, 0xdb, 0xfd,
    0x2, 0x1, 0x55, 0x10, 0x40, 0x57, 0x48,

    /* U+0064 "d" */
    0x0, 0xfe, 0x6f, 0x80, 0xf, 0xef, 0x3, 0x0,
    0xff, 0xe4, 0x88, 0x7, 0xff, 0x45, 0x73, 0xfd,
    0x67, 0xe0, 0x1a, 0xa8, 0x60, 0x4, 0xca, 0x0,
    0xa1, 0x41, 0x77, 0xad, 0x8, 0x0, 0x2e, 0xb,
    0x44, 0x29, 0x6a, 0x0, 0x60, 0x5, 0x80, 0x71,
    0x80, 0x34, 0xc, 0x40, 0x3f, 0x30, 0x30, 0x7,
    0xff, 0x25, 0xc1, 0x80, 0x3f, 0x8c, 0xc, 0x3,
    0xfa, 0xc0, 0xe, 0x1, 0x85, 0x0, 0x6, 0x60,
    0x86, 0x10, 0x5c, 0x20, 0xb, 0x84, 0x27, 0xbe,
    0x89, 0x40, 0x22, 0xf7, 0x20, 0x16, 0xeb, 0x13,

    /* U+0065 "e" */
    0x0, 0x92, 0xfb, 0xf1, 0xc0, 0x3a, 0x2d, 0x4,
    0xe, 0x2c, 0x2, 0x77, 0x4, 0xff, 0xb0, 0x51,
    0xc0, 0x60, 0x25, 0x80, 0x7, 0x41, 0x20, 0xc0,
    0x4c, 0x1, 0x90, 0x44, 0x58, 0x8, 0x1, 0xe2,
    0x6, 0x70, 0x6f, 0xff, 0x18, 0x8, 0x80, 0x4c,
    0xfe, 0x45, 0x60, 0x6c, 0xcf, 0xac, 0xc, 0x10,
    0x3, 0xfa, 0x80, 0xd8, 0x3, 0xf1, 0x38, 0x4c,
    0x8, 0x0, 0xa0, 0xc0, 0x10, 0xc0, 0xfd, 0xcf,
    0xd7, 0x40, 0xa, 0x6d, 0x4, 0x64, 0xa7, 0x0,

    /* U+0066 "f" */
    0x0, 0x86, 0xbb, 0xf0, 0xc0, 0x2d, 0x51, 0x3,
    0x70, 0x1, 0x98, 0x1f, 0x79, 0x0, 0xa, 0x3,
    0x4, 0x20, 0x10, 0x81, 0x80, 0x7b, 0xc0, 0x3c,
    0x3c, 0xe0, 0x5f, 0xe6, 0x0, 0x10, 0x80, 0x4,
    0x8c, 0x7, 0x24, 0xb, 0xb5, 0x40, 0x3f, 0xff,
    0xe0, 0x1f, 0xfc, 0x62, 0x7, 0x0, 0xc0,

    /* U+0067 "g" */
    0x0, 0xc, 0xef, 0xff, 0xb4, 0x0, 0x5e, 0xc4,
    0x62, 0x0, 0x12, 0x60, 0x7, 0xa, 0x7e, 0x73,
    0x81, 0xed, 0x81, 0x18, 0x50, 0x5, 0x4, 0x44,
    0x0, 0x38, 0x0, 0x40, 0x33, 0x1, 0x0, 0x4,
    0x0, 0x40, 0x19, 0x40, 0x80, 0xa, 0x0, 0xf3,
    0x2, 0xb1, 0x24, 0x0, 0xb, 0x1, 0x67, 0xea,
    0x16, 0x0, 0x68, 0x6, 0x75, 0x6a, 0xd1, 0x0,
    0xd4, 0x13, 0x15, 0x2a, 0x1, 0xc2, 0x80, 0x1f,
    0xfc, 0x28, 0x10, 0xf, 0xc2, 0xa0, 0xfd, 0xff,
    0xb6, 0x44, 0x1, 0x80, 0x22, 0x0, 0xc4, 0xd8,
    0xd, 0x2b, 0xdc, 0xff, 0xba, 0x0, 0x8e, 0x83,
    0x80, 0x38, 0x58, 0x0, 0x2e, 0x1e, 0x20, 0x18,
    0xb4, 0x10, 0xa0, 0x53, 0xb2, 0xed, 0xba, 0x34,
    0xa0, 0x3f, 0x73, 0x24, 0x40, 0x2d, 0xd8, 0x40,

    /* U+0068 "h" */
    0xaf, 0x40, 0xf, 0xce, 0x6, 0x1, 0xff, 0xc9,
    0x10, 0xf, 0xfe, 0xb3, 0x67, 0xf4, 0x80, 0x61,
    0xc9, 0x30, 0x16, 0xc0, 0xa, 0xe, 0x37, 0x4a,
    0x6, 0x80, 0x1, 0xc7, 0x22, 0x50, 0x86, 0x0,
    0x24, 0xc0, 0x32, 0x81, 0x0, 0x7e, 0x10, 0x10,
    0xf, 0xff, 0xf8, 0x1, 0xc0, 0xc0, 0x3b, 0x40,
    0xc0,

    /* U+0069 "i" */
    0x0, 0xec, 0xf7, 0x23, 0xb, 0x24, 0xa, 0xb,
    0xf6, 0x0, 0xea, 0xf4, 0x7, 0x3, 0x0, 0xff,
    0xf0, 0xb8, 0x18,

    /* U+006A "j" */
    0x0, 0xaf, 0xd4, 0x0, 0x48, 0x12, 0x0, 0x23,
    0xb, 0x0, 0xb3, 0xdc, 0x3, 0xff, 0x87, 0x5e,
    0xa0, 0x13, 0x86, 0x80, 0x7f, 0xff, 0xc0, 0x1e,
    0x1, 0x18, 0x6, 0x41, 0x2, 0xdf, 0xb0, 0x2,
    0x38, 0x0, 0x68, 0x40,

    /* U+006B "k" */
    0xaf, 0x40, 0xf, 0xce, 0x6, 0x1, 0xff, 0xef,
    0x5e, 0xe0, 0x7, 0xc7, 0x43, 0x0, 0x1e, 0x1e,
    0x5, 0x60, 0xf, 0x51, 0x12, 0x80, 0x3c, 0xe8,
    0x1e, 0x1, 0xe4, 0x80, 0x92, 0x0, 0xef, 0xa0,
    0x6, 0x80, 0x79, 0xc4, 0xc1, 0x10, 0x1, 0xe2,
    0xc7, 0x9, 0x0, 0xf7, 0x84, 0x9, 0x38, 0x6,
    0x82, 0x0, 0x40, 0x40, 0x80, 0x7c, 0xc4, 0x16,
    0x1, 0xfa, 0x41, 0x51, 0xc0, 0xc0, 0x32, 0x38,
    0xf0,

    /* U+006C "l" */
    0xaf, 0x40, 0x70, 0x30, 0xf, 0xff, 0x9f, 0x83,
    0x3, 0xcf, 0x80, 0x40,

    /* U+006D "m" */
    0xad, 0x0, 0x46, 0xfe, 0xb0, 0x5, 0x1d, 0xfa,
    0xa0, 0x7, 0x25, 0xd7, 0x20, 0x29, 0x62, 0xd7,
    0x10, 0x2a, 0x50, 0xa, 0x8a, 0x76, 0xc8, 0x23,
    0xe, 0xb6, 0x84, 0x20, 0x2, 0x1d, 0x62, 0x49,
    0x1, 0x3f, 0x52, 0x58, 0x2, 0x10, 0x4, 0x90,
    0x4, 0x80, 0x8, 0x10, 0x9, 0x0, 0x4, 0x1,
    0xff, 0xc3, 0x30, 0xf, 0xfe, 0x4b, 0x80, 0x7f,
    0xff, 0xc0, 0x3f, 0xfb, 0x6e, 0x6, 0x1, 0xc6,
    0xc, 0x1, 0x84, 0x85, 0x80,

    /* U+006E "n" */
    0xad, 0x0, 0x36, 0x7f, 0x48, 0x1, 0xc9, 0x72,
    0x4c, 0x5, 0xb0, 0x2, 0xa3, 0x8d, 0xd2, 0x81,
    0xa0, 0x0, 0x71, 0xc8, 0x94, 0x21, 0x80, 0x9,
    0x30, 0xc, 0xa0, 0x40, 0x1f, 0x84, 0x4, 0x3,
    0xff, 0xfe, 0x0, 0x70, 0x30, 0xe, 0xd0, 0x30,

    /* U+006F "o" */
    0x0, 0x92, 0xfb, 0xf6, 0x4, 0x3, 0xa6, 0xd0,
    0x40, 0x9f, 0xcc, 0x2, 0x86, 0x7, 0xef, 0xc3,
    0x1d, 0x10, 0x27, 0x6, 0x81, 0x3, 0xd1, 0x15,
    0x82, 0x80, 0x20, 0x3, 0xc, 0x2, 0x86, 0x2,
    0x8, 0x7, 0x20, 0x1, 0x1c, 0x8, 0x3, 0xc4,
    0x0, 0x10, 0x1, 0x80, 0x7f, 0x9c, 0x18, 0x3,
    0xc4, 0x0, 0x1c, 0x3, 0x10, 0xe, 0x40, 0x2,
    0x28, 0x2, 0x40, 0x30, 0xc0, 0x28, 0x13, 0x83,
    0xc0, 0x81, 0xe0, 0x8a, 0x0, 0x10, 0xc0, 0xfd,
    0xf8, 0x43, 0xa4, 0x1, 0x4d, 0xa0, 0x81, 0x3f,
    0x98, 0x0,

    /* U+0070 "p" */
    0xad, 0x2, 0x9e, 0xfe, 0x91, 0x0, 0x39, 0x4e,
    0xb0, 0x80, 0xb6, 0x8, 0x4, 0xc3, 0x5f, 0xd2,
    0x5, 0x40, 0x11, 0xfa, 0x80, 0xb4, 0x2, 0x10,
    0x2, 0xc4, 0x3, 0x38, 0x1, 0x0, 0x3f, 0x88,
    0x3c, 0x3, 0xf8, 0x40, 0xc0, 0x3f, 0xf9, 0x24,
    0x4, 0x1, 0xf8, 0xc4, 0x34, 0x1, 0xe0, 0x1d,
    0x0, 0x2a, 0x0, 0x79, 0x30, 0x2a, 0x40, 0x80,
    0x8, 0x9b, 0x3f, 0x54, 0x1d, 0x80, 0x2b, 0xb2,
    0x0, 0x12, 0xe0, 0x3, 0x92, 0xff, 0xd6, 0x80,
    0x1f, 0xfc, 0x51, 0x0, 0xff, 0xe4, 0xb8, 0x18,
    0x7, 0xf0,

    /* U+0071 "q" */
    0x0, 0x97, 0x3f, 0xad, 0x7, 0xa0, 0x1, 0x54,
    0x30, 0x14, 0xbc, 0x13, 0x8, 0x50, 0x6d, 0xeb,
    0x42, 0x0, 0xb, 0x83, 0x49, 0xa, 0x5a, 0x80,
    0x18, 0x1, 0x0, 0x1c, 0x60, 0xd, 0x3, 0x10,
    0xf, 0xcc, 0xc, 0x1, 0xff, 0xc9, 0x70, 0x60,
    0xf, 0xe3, 0x3, 0x0, 0xfe, 0xb0, 0x3, 0x80,
    0x61, 0x40, 0x1, 0x98, 0x21, 0xc4, 0x4b, 0xe4,
    0x1, 0x70, 0x84, 0x77, 0x28, 0x94, 0x2, 0x2f,
    0x72, 0x3, 0xac, 0xd0, 0xc, 0x31, 0xbf, 0x8a,
    0x1e, 0x1, 0xff, 0xd7, 0x10, 0xf, 0xfb, 0xc0,
    0xc0,

    /* U+0072 "r" */
    0xad, 0x0, 0x4f, 0x70, 0x9c, 0x8f, 0x18, 0x44,
    0x1, 0x71, 0xad, 0x61, 0x0, 0xa, 0x29, 0x4c,
    0x2, 0x27, 0x0, 0xf5, 0x0, 0x7f, 0xfc, 0x5c,
    0xc, 0x3, 0x80,

    /* U+0073 "s" */
    0x0, 0x9f, 0x7f, 0xda, 0xe0, 0x1a, 0xe0, 0x80,
    0x4a, 0x28, 0x0, 0xa8, 0x17, 0xfd, 0x8b, 0xe0,
    0xc, 0x4, 0x40, 0x0, 0xe9, 0x40, 0x2, 0xa,
    0x1, 0xfa, 0x80, 0x79, 0x80, 0x3c, 0x58, 0x43,
    0x3f, 0x44, 0x1, 0x8f, 0x64, 0x81, 0x75, 0x40,
    0x39, 0xb6, 0xcc, 0x28, 0x40, 0x3c, 0x98, 0x0,
    0x40, 0xf, 0xc2, 0x6, 0x19, 0xaa, 0x1, 0x38,
    0x82, 0x3, 0x95, 0x7f, 0x7c, 0x4, 0x10, 0x5c,
    0xa0, 0x8c, 0x96, 0xe0,

    /* U+0074 "t" */
    0x0, 0x99, 0x0, 0x3c, 0x53, 0x20, 0xf, 0x30,
    0x7, 0xe2, 0x0, 0xf1, 0xfc, 0x81, 0x7f, 0xc8,
    0x6, 0x20, 0x2, 0x21, 0xb9, 0xe4, 0x81, 0x6e,
    0xb0, 0xc0, 0x3f, 0xfe, 0xa2, 0x4, 0x1, 0xe5,
    0x0, 0x38, 0x7, 0x1a, 0x4, 0x7f, 0x30, 0x5,
    0x6c, 0x40, 0x44,

    /* U+0075 "u" */
    0xd, 0xe2, 0x0, 0xea, 0xf4, 0x2, 0x16, 0x0,
    0xe4, 0x3, 0x0, 0xff, 0xff, 0x80, 0x7f, 0xf0,
    0x4, 0x3, 0xf8, 0x83, 0x0, 0x34, 0x88, 0x4,
    0x80, 0xca, 0x27, 0x4c, 0x1, 0xac, 0x1, 0x5d,
    0x8a, 0xcc, 0x0, 0x8b, 0x10, 0x0, 0x97, 0x38,
    0x6,

    /* U+0076 "v" */
    0x6f, 0x90, 0xf, 0xe, 0xf0, 0x10, 0x30, 0x80,
    0x73, 0x11, 0x1, 0x4, 0x1c, 0x3, 0xac, 0x2c,
    0x0, 0xe1, 0xa0, 0x18, 0x4c, 0x14, 0x1, 0xa0,
    0x80, 0x19, 0xc0, 0xc8, 0x0, 0x82, 0xa, 0x1,
    0x68, 0x58, 0x6, 0x70, 0xf0, 0x0, 0xa0, 0x28,
    0x6, 0xa0, 0x40, 0x3, 0x81, 0x90, 0x6, 0x31,
    0x12, 0x6, 0x85, 0x80, 0x79, 0x83, 0x41, 0x1,
    0x80, 0x3d, 0x60, 0x8a, 0x6, 0x20, 0x1e, 0x32,
    0x24, 0x85, 0x80, 0x7e, 0x50, 0x30, 0x60, 0xf,
    0xd2, 0x40, 0xc2, 0x1, 0x80,

    /* U+0077 "w" */
    0x2f, 0xc0, 0xe, 0x5f, 0xb0, 0xe, 0x7e, 0x63,
    0x3, 0x40, 0xd, 0x20, 0x84, 0x1, 0xa4, 0x4c,
    0x4c, 0x30, 0x3, 0x18, 0x1, 0x0, 0x21, 0x10,
    0x20, 0x20, 0x20, 0x4, 0x80, 0xa1, 0x80, 0x12,
    0x1, 0x88, 0x60, 0x18, 0x5, 0x81, 0x0, 0x80,
    0x16, 0x2, 0x0, 0x10, 0x0, 0x60, 0x4, 0x12,
    0x41, 0x20, 0x2, 0x6, 0x0, 0x48, 0x8, 0x0,
    0x34, 0xc, 0x4, 0x1, 0x20, 0x40, 0xb, 0x3,
    0x1, 0x3, 0x1, 0x3, 0x1, 0x40, 0xc0, 0x32,
    0x2, 0x6, 0x2, 0x81, 0x82, 0x6, 0x2, 0x0,
    0x63, 0x0, 0x1a, 0x1, 0x80, 0x10, 0x49, 0x3,
    0x0, 0x39, 0x1, 0xd, 0x0, 0x2c, 0x5, 0x30,
    0x40, 0xe, 0xd0, 0x90, 0xc0, 0x9, 0x2, 0x40,
    0xc0, 0x3c, 0x80, 0x20, 0x80, 0x11, 0x80, 0x82,
    0x0, 0x78, 0x94, 0xc, 0xc0, 0x19, 0xc0, 0x68,
    0x2,

    /* U+0078 "x" */
    0xe, 0xe2, 0x0, 0x63, 0xdd, 0x0, 0x18, 0x68,
    0x3, 0x71, 0x28, 0x2, 0x4, 0x50, 0x0, 0x62,
    0x18, 0x0, 0xac, 0x1c, 0x42, 0x2, 0x0, 0x32,
    0xa0, 0x5b, 0x89, 0xb0, 0x7, 0x48, 0x2c, 0x7,
    0x80, 0x78, 0x98, 0x0, 0xa6, 0x1, 0xf2, 0x0,
    0x4, 0x3, 0xe8, 0x23, 0x4, 0x50, 0xe, 0x27,
    0xe, 0x70, 0xb1, 0x0, 0xd2, 0xc, 0x50, 0x22,
    0x80, 0x9, 0x10, 0x10, 0x0, 0xb0, 0x63, 0x0,
    0x48, 0x38, 0x80, 0x15, 0x3, 0xc1, 0x9, 0x20,
    0x3, 0x49, 0x9c,

    /* U+0079 "y" */
    0x5f, 0x90, 0xf, 0xe, 0xf0, 0x30, 0x31, 0x80,
    0x73, 0x91, 0x0, 0xcc, 0x16, 0x1, 0xda, 0x16,
    0x0, 0xa0, 0x60, 0xc, 0x28, 0xc, 0x0, 0x60,
    0x14, 0x0, 0x90, 0xc, 0x40, 0x26, 0xe, 0x0,
    0xbc, 0x28, 0x3, 0x50, 0x28, 0x4, 0xa0, 0xe0,
    0x18, 0xcc, 0xc, 0x8, 0x8, 0x20, 0x1d, 0x41,
    0x41, 0xa1, 0xa0, 0x1e, 0x60, 0x32, 0x70, 0x70,
    0xf, 0x98, 0x24, 0x50, 0x40, 0x3e, 0xa0, 0x40,
    0xe0, 0xf, 0xc6, 0x40, 0x5, 0x0, 0xfe, 0x40,
    0x50, 0xf, 0xf3, 0x87, 0x0, 0x7f, 0x30, 0x89,
    0x0, 0x3f, 0x2c, 0x84, 0x80, 0x7d, 0x7f, 0x40,
    0x6e, 0x1, 0xf3, 0x80, 0x17, 0x40, 0x3e,

    /* U+007A "z" */
    0x5, 0xff, 0xfc, 0xc0, 0x1f, 0xe3, 0x5, 0xff,
    0xe3, 0x3, 0x50, 0xf, 0x31, 0x87, 0x80, 0x78,
    0x64, 0x1c, 0xc0, 0x3d, 0x40, 0x50, 0x1, 0xe5,
    0x40, 0x90, 0xf, 0xd, 0x83, 0x20, 0x7, 0xa0,
    0x45, 0x0, 0x1e, 0x36, 0xb, 0x10, 0xf, 0x70,
    0x22, 0x80, 0x7a, 0x8, 0x28, 0x3, 0xc2, 0xe0,
    0xe, 0xff, 0xe9, 0x0, 0xff, 0x80,

    /* U+007B "{" */
    0x0, 0x86, 0xbb, 0xcc, 0x2, 0xa5, 0x54, 0x98,
    0x4, 0x81, 0x6c, 0x1, 0x8, 0x8, 0x7, 0x8,
    0x7, 0xff, 0x30, 0x44, 0x1, 0xff, 0xc2, 0x12,
    0x0, 0xc5, 0x0, 0xe0, 0x10, 0xeb, 0x8d, 0x80,
    0x43, 0x48, 0x32, 0x1, 0x96, 0xc1, 0x80, 0x3c,
    0x42, 0x1, 0xe3, 0x0, 0xf8, 0x40, 0x3f, 0x8,
    0x7, 0xff, 0x4, 0x40, 0x3e, 0x10, 0x10, 0xf,
    0x10, 0x38, 0x80, 0x69, 0x18, 0xe4, 0x0, 0x93,
    0xb2, 0xd0,

    /* U+007C "|" */
    0x25, 0xb, 0xa0, 0x8, 0x40, 0x3f, 0xff, 0x9e,
    0x42,

    /* U+007D "}" */
    0x2f, 0xeb, 0x20, 0x8, 0xa9, 0x11, 0xe0, 0x19,
    0x68, 0x8, 0x40, 0x38, 0xc0, 0xc0, 0x3f, 0xf9,
    0x66, 0x1, 0xc2, 0x2, 0x1, 0xff, 0xc1, 0x10,
    0xf, 0x90, 0x20, 0x80, 0x34, 0x13, 0xe9, 0x0,
    0x4a, 0x44, 0x82, 0x0, 0xbc, 0x3d, 0xc0, 0x33,
    0x81, 0x0, 0x7f, 0xf0, 0xc4, 0x3, 0x84, 0x3,
    0xf8, 0xc0, 0x39, 0xc0, 0x40, 0x39, 0x80, 0x40,
    0x21, 0x62, 0x12, 0x0, 0x17, 0x48, 0x58, 0x4,
    0x57, 0x9c, 0xa0, 0x10,

    /* U+007E "~" */
    0x7, 0xef, 0xb3, 0x0, 0xf3, 0xc0, 0x89, 0x32,
    0x0, 0xf, 0xc3, 0x87, 0xfd, 0x42, 0xff, 0xd0,
    0x43, 0x78, 0x0, 0x5f, 0x61, 0x12, 0xe8, 0x0,

    /* U+00B0 "°" */
    0x0, 0x84, 0x3, 0x37, 0x74, 0xa0, 0xb2, 0xf4,
    0x94, 0x72, 0x92, 0xb4, 0x52, 0x66, 0x0, 0x9d,
    0xc4, 0x40, 0x9, 0x86, 0x95, 0x8a, 0xe, 0x9d,
    0x67, 0x5d, 0xcc, 0x15, 0xb7, 0xd0, 0x0,

    /* U+00D7 "×" */
    0x4, 0x0, 0xff, 0xe0, 0x20, 0x35, 0xc8, 0x7,
    0xfa, 0x2d, 0xdc, 0x4d, 0x0, 0x1f, 0xa1, 0xc9,
    0x87, 0x9, 0xe0, 0x3, 0xd0, 0xe5, 0x82, 0x3,
    0x84, 0xf0, 0x1, 0xa1, 0xcb, 0x4, 0x2, 0x1c,
    0x17, 0x70, 0x1, 0xdc, 0x3e, 0x20, 0x1c, 0x38,
    0x30, 0xee, 0x81, 0xc2, 0x0, 0xf8, 0xb0, 0x62,
    0x3, 0x84, 0x1, 0xfc, 0x4c, 0x0, 0x62, 0x0,
    0xff, 0x33, 0x88, 0x9d, 0x80, 0x3f, 0x9a, 0x47,
    0x30, 0x32, 0xc0, 0x1f, 0x2c, 0x86, 0x91, 0x34,
    0x65, 0x80, 0x39, 0x68, 0x30, 0xc0, 0x7, 0xa1,
    0x2a, 0x1, 0x2d, 0x6, 0x18, 0x6, 0x3c, 0xa,
    0x50, 0x4a, 0xc, 0x30, 0xf, 0x1e, 0x5, 0x20,
    0xd, 0x98, 0x7, 0xe3, 0xc1, 0x0,

    /* U+2014 "—" */
    0x8b, 0xbf, 0xfe, 0x31, 0x22, 0x7f, 0xf1, 0xd8,

    /* U+2026 "…" */
    0x3, 0x30, 0x7, 0x8c, 0xc0, 0x1e, 0x33, 0x3,
    0x66, 0x18, 0x3, 0x36, 0x61, 0x80, 0x33, 0x66,
    0x1b, 0xc0, 0x1e, 0x1, 0xbc, 0x1, 0xe0, 0x1b,
    0xc0, 0x1f, 0x42, 0x2a, 0x0, 0xd4, 0x22, 0xa0,
    0xd, 0x42, 0x2a,

    /* U+2103 "℃" */
    0x1, 0x79, 0x71, 0x0, 0xfe, 0x23, 0x30, 0x6,
    0x1f, 0x85, 0x9f, 0x20, 0xe, 0x18, 0xed, 0xcc,
    0x7d, 0x90, 0x58, 0x76, 0x78, 0x48, 0x6, 0x3f,
    0x71, 0x0, 0xc9, 0x84, 0x8e, 0x20, 0x2e, 0xa0,
    0x11, 0x60, 0x84, 0x77, 0xfb, 0xc, 0x40, 0xc8,
    0x2, 0x33, 0x0, 0x5e, 0x3, 0x8e, 0x20, 0x3,
    0xce, 0x2a, 0x46, 0x16, 0x55, 0x0, 0x14, 0x82,
    0xc, 0x3, 0xc2, 0xe, 0xb3, 0xd2, 0xb0, 0x0,
    0xf0, 0x16, 0x0, 0xff, 0x56, 0xde, 0xd0, 0x4,
    0x80, 0x80, 0x1f, 0xfc, 0x2, 0x42, 0x0, 0xc2,
    0x1a, 0x1, 0xff, 0xc6, 0x10, 0x0, 0x80, 0x7f,
    0xf7, 0x4, 0x0, 0x20, 0x1f, 0xfc, 0x71, 0xd,
    0x0, 0xff, 0xe3, 0xa0, 0x20, 0x7, 0xff, 0x1f,
    0x80, 0x5c, 0x3, 0xff, 0x8c, 0x86, 0x10, 0x80,
    0x1c, 0x32, 0x40, 0x1f, 0xee, 0x10, 0xb8, 0x31,
    0x26, 0xc6, 0x80, 0xf, 0xf1, 0x61, 0x3, 0xe7,
    0x6c, 0x90, 0xc0, 0x7, 0xfc, 0x5b, 0x26, 0x1,
    0x13, 0xf9, 0x0, 0x7f, 0xf0, 0x5b, 0x3f, 0xed,
    0x81, 0x0,

    /* U+2191 "↑" */
    0x0, 0xe7, 0x60, 0xf, 0xe5, 0x89, 0x40, 0xf,
    0x8a, 0xc0, 0x14, 0x20, 0x1c, 0x3e, 0x20, 0x1,
    0xc1, 0x0, 0x8b, 0xca, 0x84, 0xa0, 0xb0, 0x80,
    0xf4, 0x61, 0x40, 0xe, 0xe2, 0xc2, 0x70, 0x97,
    0x0, 0xd1, 0x1, 0x12, 0x7b, 0x0, 0x79, 0xfc,
    0xc0, 0x3f, 0xff, 0xe0, 0x1f, 0xff, 0xf0, 0xf,
    0xf9, 0x5c, 0x3, 0x80,

    /* U+2192 "→" */
    0x0, 0xff, 0xe2, 0x39, 0x80, 0x7f, 0xf2, 0x6,
    0x30, 0x80, 0x3f, 0xf8, 0xe3, 0x21, 0x84, 0x1,
    0xff, 0xc7, 0x69, 0x1c, 0x30, 0xc, 0x23, 0xff,
    0xc3, 0x79, 0x1c, 0x60, 0x7, 0xf7, 0x7f, 0xf1,
    0x24, 0x1, 0x2e, 0xc, 0x89, 0xff, 0xc5, 0x0,
    0xa, 0x4, 0xdd, 0xff, 0xf1, 0x0, 0x7, 0xe6,
    0x1, 0xff, 0xc5, 0xc4, 0x5c, 0x10, 0xf, 0xfe,
    0x2d, 0x9a, 0xd0, 0x7, 0xff, 0x18, 0x50, 0xe8,
    0x3, 0xff, 0x8e, 0x3d, 0x80, 0x1c,

    /* U+2193 "↓" */
    0x0, 0xe7, 0x60, 0xf, 0xf4, 0xd8, 0x7, 0xff,
    0xfc, 0x3, 0xff, 0xfe, 0x1, 0xff, 0x15, 0x90,
    0x7, 0x8e, 0xc5, 0x93, 0x4c, 0x3, 0x26, 0x21,
    0x24, 0x86, 0x18, 0x0, 0xec, 0x28, 0xc1, 0xac,
    0x34, 0x4f, 0x43, 0x14, 0x2, 0x4a, 0x10, 0x11,
    0x59, 0x80, 0x72, 0xb8, 0x2, 0x10, 0x3, 0xe8,
    0x45, 0x70, 0xc,

    /* U+23CE "⏎" */
    0x0, 0xff, 0xe2, 0x11, 0x70, 0x80, 0x7f, 0xf1,
    0x33, 0x77, 0xb8, 0x40, 0x3f, 0xf8, 0x65, 0x9f,
    0xf8, 0x48, 0x3, 0xff, 0xfe, 0x1, 0x8, 0x7,
    0xff, 0x25, 0xf8, 0x3, 0xff, 0x91, 0x12, 0x2,
    0x1, 0xc2, 0x1, 0xc2, 0x1, 0xe9, 0x4c, 0x0,
    0xf0, 0x98, 0x6, 0x10, 0xf, 0x51, 0x61, 0x0,
    0x74, 0x18, 0x80, 0x71, 0x80, 0x6b, 0x3b, 0x0,
    0xf, 0x7f, 0xc9, 0xc0, 0x18, 0x80, 0x40, 0x3,
    0x87, 0x20, 0x17, 0x6e, 0xdf, 0x84, 0x1, 0x90,
    0xc0, 0x3, 0x95, 0x0, 0x1c, 0x45, 0x0, 0x7d,
    0x54, 0x0, 0x65, 0x30, 0x7, 0xff, 0xd, 0x49,
    0x80, 0x3, 0x26, 0x1, 0xff, 0xc2, 0x5a, 0xa0,
    0x5, 0x8b, 0x8a, 0x1, 0xfe, 0x25, 0xbb, 0x90,
    0x3, 0x5a, 0xd3, 0x80, 0x59, 0xff, 0xd9, 0x3b,
    0xc8, 0x1, 0xea, 0x68, 0x90, 0x1, 0xe6, 0xf7,
    0x3f, 0xb1, 0x80, 0x3f, 0xa6, 0x1a, 0x84, 0x8,
    0x82, 0x20, 0xf, 0xfe, 0x13, 0xca, 0xe0, 0x7,
    0xff, 0x21, 0xac, 0x80, 0x3f, 0xf9, 0x29, 0x84,
    0x20, 0x1f, 0xfc, 0x0,

    /* U+3001 "、" */
    0x2, 0x40, 0xe, 0x1d, 0xb8, 0x0, 0xc2, 0xa0,
    0xf2, 0x1, 0xa9, 0x81, 0xa4, 0x3, 0x4b, 0x83,
    0x40, 0x6, 0x85, 0x7, 0x20, 0xd, 0x4c, 0xe4,

    /* U+3002 "。" */
    0x0, 0xc2, 0x1, 0x86, 0xff, 0xb4, 0xc0, 0x1e,
    0xd5, 0x41, 0xc2, 0x71, 0xc5, 0x56, 0x14, 0x71,
    0x8, 0x4, 0x8d, 0xc4, 0x1, 0x95, 0xd8, 0x2c,
    0x86, 0xf, 0xc6, 0xd7, 0x79, 0xe5, 0x1, 0x3a,
    0xed, 0xcc, 0x0,

    /* U+4E00 "一" */
    0xae, 0xef, 0xfe, 0x45, 0x83, 0x88, 0xff, 0xf2,
    0x10, 0x37, 0x33, 0xff, 0x91, 0xc0,

    /* U+4E03 "七" */
    0x0, 0xff, 0xe8, 0xf6, 0x0, 0x7f, 0xf2, 0x4,
    0xc0, 0x3f, 0xff, 0xe0, 0x1f, 0xfc, 0xb2, 0x30,
    0xf, 0xfe, 0x11, 0xac, 0x56, 0xfe, 0xe1, 0x0,
    0x78, 0x40, 0x13, 0x7d, 0xf9, 0x4e, 0xa4, 0x4,
    0xc4, 0x8, 0xd3, 0x9d, 0xc0, 0x3, 0x20, 0x81,
    0xb4, 0x5e, 0xfe, 0xc8, 0x4d, 0xcb, 0x18, 0x88,
    0x1, 0x37, 0xdf, 0x92, 0xe8, 0x40, 0x1b, 0x55,
    0xeb, 0x3f, 0x80, 0xc, 0x82, 0x1, 0xfe, 0x4a,
    0x85, 0x30, 0xf, 0xff, 0xf8, 0x7, 0xff, 0xbc,
    0x40, 0xc0, 0x3f, 0xf8, 0xee, 0x19, 0x77, 0xfb,
    0x8, 0x3, 0xfa, 0x14, 0x11, 0x3f, 0x18, 0x80,
    0x7f, 0xd, 0x7f, 0x75, 0xff, 0xe3, 0x0, 0x0,

    /* U+4E09 "三" */
    0x0, 0xff, 0xe5, 0x8f, 0xff, 0xff, 0x17, 0x0,
    0x21, 0x31, 0x1f, 0xfe, 0x22, 0x80, 0x6c, 0xee,
    0xff, 0xe2, 0x48, 0x7, 0xff, 0xfc, 0x3, 0xff,
    0x8e, 0x45, 0xff, 0xc1, 0x0, 0xfd, 0x3b, 0xbf,
    0xfc, 0x1f, 0x0, 0xfb, 0xc, 0x8b, 0xff, 0x80,
    0xa0, 0x1f, 0x2e, 0x6e, 0xff, 0xf0, 0x28, 0x3,
    0xff, 0xfe, 0x1, 0xff, 0xdb, 0x6f, 0xff, 0xfe,
    0x41, 0x18, 0x8f, 0xff, 0x1c, 0x8c,

    /* U+4E0A "上" */
    0x0, 0xfe, 0x8c, 0x10, 0xf, 0xfe, 0x3a, 0x19,
    0x0, 0x7f, 0xff, 0xc0, 0x3f, 0xfd, 0x9b, 0xbf,
    0xac, 0x3, 0xff, 0x82, 0x24, 0x5f, 0x28, 0x7,
    0xff, 0x6, 0xff, 0xfe, 0xe0, 0xf, 0xfe, 0xb,
    0x80, 0x7f, 0xff, 0xc0, 0x3f, 0xff, 0xe0, 0x1f,
    0xfc, 0x33, 0x3f, 0xc2, 0xa, 0x67, 0xfc, 0x15,
    0x99, 0xf8, 0x82, 0x73, 0x3f, 0xaf, 0xd1, 0x3f,
    0xf9, 0x1c,

    /* U+4E0B "下" */
    0x4d, 0xdf, 0xfe, 0x43, 0x11, 0x7f, 0xf2, 0x7d,
    0xbf, 0xff, 0x40, 0x37, 0xff, 0xf4, 0x80, 0x7f,
    0x8, 0x7, 0xff, 0xdd, 0xb5, 0x40, 0x3f, 0xf9,
    0x5, 0x58, 0x60, 0x1f, 0xfc, 0x56, 0xa2, 0x3c,
    0xa1, 0x0, 0xff, 0xe2, 0x2e, 0xc0, 0x2f, 0x38,
    0x7, 0xff, 0x15, 0xf9, 0x2, 0x30, 0x3, 0xff,
    0x8a, 0x37, 0x20, 0x20, 0x1f, 0xfc, 0x76, 0xdc,
    0x0, 0xff, 0xe4, 0x10, 0x80, 0x7f, 0xff, 0xc0,
    0x3f, 0xff, 0x4, 0x1e, 0x1, 0xfe,

    /* U+4E0D "不" */
    0x1c, 0xdd, 0xff, 0xe3, 0x90, 0x19, 0x17, 0xff,
    0x1c, 0x45, 0xff, 0xfd, 0xc2, 0x11, 0xff, 0xf1,
    0x80, 0x7f, 0xa0, 0x49, 0xc0, 0x3f, 0xf8, 0xaa,
    0xc1, 0xc0, 0x1f, 0xfc, 0x53, 0xa0, 0x1, 0x0,
    0x7f, 0xf1, 0xb, 0x40, 0x23, 0xa8, 0x0, 0xff,
    0xe0, 0x96, 0xa, 0x0, 0x5, 0x1f, 0x90, 0x3,
    0xfc, 0x78, 0x27, 0x60, 0x2, 0xe5, 0x1b, 0x80,
    0xf, 0xcb, 0x82, 0x98, 0x1, 0xd5, 0x20, 0xf8,
    0x20, 0x1d, 0x34, 0xb, 0x60, 0x1f, 0x36, 0x9,
    0xf9, 0x80, 0x17, 0x98, 0x22, 0x80, 0x3f, 0x8f,
    0xcc, 0x70, 0xde, 0x84, 0xb1, 0xc0, 0x3f, 0xe1,
    0xc4, 0xa, 0x54, 0x8d, 0x30, 0xf, 0xfe, 0x15,
    0xcc, 0x8a, 0xdc, 0x3, 0xff, 0x8a, 0xc0, 0x1f,
    0xff, 0xf0, 0xf, 0xff, 0x11, 0x88, 0x80, 0x3f,
    0x80,

    /* U+4E22 "丢" */
    0x0, 0xff, 0xe2, 0xa, 0x90, 0x7, 0xff, 0x4,
    0x8d, 0x62, 0xb7, 0xab, 0x48, 0x2, 0x19, 0xbb,
    0x66, 0xf7, 0xfb, 0x72, 0x9d, 0x48, 0x9, 0x80,
    0x39, 0x91, 0x6, 0x60, 0x23, 0x1, 0x79, 0xbd,
    0xfd, 0x92, 0x0, 0x87, 0xfb, 0xfd, 0xdc, 0xde,
    0x2, 0x86, 0x42, 0x0, 0xfe, 0x10, 0xf, 0xfe,
    0x42, 0xd5, 0x7a, 0x40, 0xaa, 0xbd, 0x24, 0x1,
    0xb9, 0x57, 0xc8, 0x2, 0xab, 0xe6, 0x70, 0xd,
    0x79, 0x9e, 0xa0, 0x2c, 0xcf, 0x6a, 0x80, 0x71,
    0x9f, 0x9c, 0x4, 0xcf, 0xc4, 0x1, 0xff, 0xcd,
    0x5b, 0xbf, 0xdc, 0x7, 0x77, 0xfc, 0x5e, 0x89,
    0xf8, 0xc0, 0x8, 0x9f, 0xcd, 0x5d, 0xde, 0x80,
    0x2e, 0xef, 0xf9, 0x0, 0x47, 0x8e, 0x2, 0xc4,
    0x71, 0xb0, 0x8f, 0x0, 0x7d, 0xe0, 0xac, 0x1,
    0xaa, 0x30, 0x3, 0xfd, 0x64, 0x74, 0x1, 0xd0,
    0x66, 0x90, 0xf, 0xd4, 0x85, 0xa0, 0x1f, 0x68,
    0xb3, 0x0, 0x3d, 0x4a, 0x58, 0x24, 0x68, 0xac,
    0xf3, 0x66, 0x12, 0x40, 0x1b, 0x14, 0xb, 0xbf,
    0x72, 0xea, 0x61, 0x94, 0x80, 0x1e, 0x1, 0x88,
    0x2, 0x23, 0x56, 0x79, 0xab, 0xde, 0xff, 0x9,
    0x38, 0x5, 0xfb, 0xfe, 0xdc, 0xa9, 0x86, 0x54,
    0x21, 0x0, 0x58, 0x88, 0x0,

    /* U+4E24 "两" */
    0x2c, 0xcf, 0xfe, 0x43, 0xb1, 0x9f, 0xff, 0x23,
    0x53, 0xff, 0xb8, 0xb, 0xff, 0x0, 0x3f, 0xfd,
    0x40, 0x1e, 0x10, 0xf, 0xfe, 0xd1, 0x5e, 0x66,
    0x2, 0xcc, 0xc0, 0xc, 0xcd, 0x6a, 0x0, 0x44,
    0x19, 0xe0, 0x1, 0x9e, 0x0, 0x19, 0xe4, 0xe0,
    0xd, 0x3f, 0xed, 0x3, 0xff, 0xb8, 0x7, 0xfe,
    0xa0, 0xf, 0x18, 0x0, 0x41, 0x80, 0x23, 0x2,
    0x0, 0x84, 0x3, 0xf9, 0x80, 0x40, 0x26, 0x1,
    0x0, 0xff, 0xe0, 0xe8, 0x23, 0x80, 0xc, 0xa,
    0x80, 0x3f, 0xf8, 0x8, 0x3, 0x6, 0x18, 0x4,
    0xae, 0x1, 0xfe, 0x23, 0x35, 0x7, 0x8a, 0x16,
    0xc, 0x20, 0x7, 0xf4, 0x5, 0x23, 0x24, 0x85,
    0xe, 0x85, 0x8, 0x7, 0xc8, 0xa2, 0xc1, 0x36,
    0xe2, 0xc0, 0x6e, 0x3a, 0x1, 0xe2, 0xb0, 0xa0,
    0x0, 0xe8, 0x40, 0x80, 0x21, 0xf0, 0x3, 0xc2,
    0x70, 0x80, 0x1, 0x57, 0x60, 0xd, 0x0, 0x1f,
    0x1e, 0x38, 0x6, 0xb8, 0x0, 0xff, 0xf1, 0x1e,
    0xed, 0x60, 0x40, 0x2, 0x16, 0x0, 0xff, 0x10,
    0x91, 0x5, 0x20, 0x0,

    /* U+4E2A "个" */
    0x0, 0xff, 0x1e, 0x18, 0x7, 0xff, 0x1f, 0x8d,
    0x80, 0x3f, 0xf8, 0xd6, 0x41, 0x20, 0x1f, 0xfc,
    0x59, 0x43, 0x3a, 0xc0, 0x3f, 0xf8, 0x74, 0xc5,
    0xba, 0x24, 0xb0, 0xf, 0xfe, 0x0, 0xe2, 0x8f,
    0x88, 0xb0, 0x93, 0x4, 0x3, 0xf8, 0xfc, 0xcb,
    0x8, 0x0, 0x38, 0x66, 0xf4, 0x0, 0xfa, 0x30,
    0x4f, 0x8, 0x37, 0x0, 0x71, 0x6, 0xe4, 0x40,
    0x26, 0xe7, 0x6, 0xc1, 0x0, 0x11, 0x80, 0x57,
    0x0, 0xde, 0xe1, 0x52, 0x22, 0xb9, 0x0, 0xff,
    0x3e, 0x18, 0xc5, 0xf1, 0xbf, 0x20, 0x7, 0xff,
    0x0, 0xf2, 0x4f, 0x93, 0x20, 0x3, 0xff, 0x88,
    0xd8, 0xa0, 0x1f, 0xff, 0xf0, 0xf, 0xff, 0xf8,
    0x7, 0xff, 0xb8, 0xcc, 0x1, 0xfe,

    /* U+4E2D "中" */
    0x0, 0xff, 0xe8, 0xf6, 0x0, 0x7f, 0xf1, 0x44,
    0x44, 0x1, 0xff, 0xe5, 0xaf, 0xff, 0xb8, 0x7,
    0xff, 0xf3, 0xb8, 0x4, 0x8b, 0xc0, 0x2, 0x2f,
    0x8, 0x68, 0x3, 0xf7, 0x7b, 0x0, 0x77, 0x7d,
    0x60, 0x1f, 0xff, 0xf0, 0xf, 0xe3, 0x0, 0xff,
    0xe1, 0x18, 0x0, 0x43, 0x7f, 0xfb, 0x80, 0x7f,
    0xfd, 0x20, 0xb, 0x22, 0xfc, 0x0, 0x22, 0xfd,
    0xef, 0xbb, 0xf6, 0x0, 0xee, 0xfe, 0x50, 0xf,
    0xff, 0xf8, 0x7, 0xff, 0xa4, 0x49, 0x40, 0x3f,
    0x80,

    /* U+4E32 "串" */
    0x0, 0xff, 0xe8, 0xf6, 0x0, 0x7f, 0xf1, 0x44,
    0x44, 0x1, 0xfe, 0x4a, 0xaf, 0x80, 0x6a, 0xbd,
    0x0, 0x17, 0xaa, 0xf9, 0x0, 0xa, 0xbe, 0x71,
    0x0, 0x38, 0x5f, 0xfe, 0xd0, 0x1f, 0xfd, 0xc0,
    0x1f, 0x38, 0x6, 0x30, 0xf, 0x8, 0x80, 0x3f,
    0xf9, 0x8e, 0x1d, 0x99, 0xb4, 0x7, 0x33, 0x84,
    0x3, 0x18, 0x11, 0x9f, 0x0, 0xc, 0xf8, 0x8,
    0x40, 0x11, 0xff, 0xee, 0x1, 0xff, 0xf6, 0x80,
    0x7f, 0x8c, 0x3, 0xfe, 0x8f, 0xff, 0xb4, 0x7,
    0xff, 0xf0, 0x98, 0x11, 0x9f, 0x80, 0x6, 0x7e,
    0x0, 0x18, 0x3, 0xb3, 0x3b, 0x40, 0x73, 0x3c,
    0x40, 0x1f, 0xfc, 0xc7, 0x0, 0xe3, 0x0, 0xfc,
    0x60, 0x1, 0xb, 0xff, 0xed, 0x1, 0xff, 0xf0,
    0x80, 0x39, 0x13, 0xf0, 0x1, 0x13, 0xe6, 0x24,
    0xbb, 0xfa, 0x80, 0x6e, 0xfe, 0x90, 0xf, 0xff,
    0x28, 0x92, 0x80, 0x7f, 0x0,

    /* U+4E3B "主" */
    0x0, 0xfe, 0x30, 0xf, 0xfe, 0x44, 0xe5, 0x88,
    0x7, 0xff, 0x1a, 0xd, 0x3c, 0x80, 0x3f, 0xf8,
    0xa3, 0x8a, 0x38, 0x40, 0x1f, 0xfc, 0x6a, 0x51,
    0x50, 0xf, 0xe4, 0xcd, 0xdf, 0xce, 0x15, 0xbb,
    0xd8, 0x80, 0x1, 0x32, 0x2f, 0xe0, 0x22, 0xf1,
    0x90, 0x1, 0x7f, 0xff, 0x0, 0x3b, 0xff, 0xe6,
    0x0, 0xff, 0xe0, 0x88, 0x7, 0xff, 0xfc, 0x0,
    0x57, 0x99, 0xe0, 0x6, 0x67, 0xc8, 0x1, 0x99,
    0xc, 0xfc, 0x0, 0x33, 0xf8, 0x80, 0x32, 0x7f,
    0xfc, 0x0, 0xef, 0xff, 0x30, 0x7, 0xff, 0x8,
    0x40, 0x3f, 0xff, 0xe0, 0x1f, 0xfc, 0x1, 0x0,
    0xfe, 0x7f, 0xff, 0xe0, 0x7, 0x7f, 0xfe, 0x92,
    0x2f, 0xfe, 0x4f, 0x0,

    /* U+4E49 "义" */
    0x0, 0xfe, 0x67, 0x0, 0xff, 0xe4, 0x6c, 0x18,
    0x7, 0xff, 0x1f, 0xc2, 0x0, 0x38, 0xf1, 0x0,
    0x30, 0xe2, 0x80, 0x64, 0x24, 0x20, 0xd, 0x26,
    0x60, 0xe, 0x38, 0x0, 0xea, 0xa, 0x0, 0xca,
    0xc, 0x1, 0x85, 0x49, 0x40, 0x33, 0x1, 0x80,
    0x4c, 0x8, 0x20, 0x1d, 0x21, 0x20, 0x18, 0x6e,
    0x80, 0x2b, 0xf, 0x0, 0xf1, 0x9c, 0xa0, 0x19,
    0x4, 0x0, 0xa4, 0x68, 0x1, 0xf7, 0x85, 0x80,
    0x7e, 0x80, 0x80, 0xf, 0xc6, 0xc3, 0x20, 0x1e,
    0x82, 0x44, 0x0, 0x7f, 0x40, 0xb2, 0x0, 0x63,
    0x70, 0x90, 0xf, 0xf0, 0xd0, 0x50, 0x80, 0x5c,
    0x12, 0x40, 0x1f, 0xf2, 0x30, 0xe0, 0x85, 0x92,
    0x30, 0x7, 0xff, 0x6, 0x50, 0xb6, 0x90, 0xec,
    0x3, 0xff, 0x87, 0x64, 0x6a, 0x3a, 0x1, 0xff,
    0xc5, 0x60, 0x1, 0x98, 0x3, 0xff, 0x86, 0x5a,
    0x84, 0x56, 0x20, 0x7, 0xff, 0x5, 0xf4, 0x93,
    0x74, 0x83, 0x72, 0x1, 0xfe, 0x5d, 0x80, 0x8b,
    0x0, 0x5b, 0x83, 0x72, 0x80, 0x70, 0xb6, 0xd1,
    0x26, 0xb8, 0x6, 0x8c, 0x21, 0xad, 0x61, 0x8,
    0xe9, 0x23, 0xbb, 0x10, 0x7, 0x8f, 0x64, 0x4a,
    0x7a, 0x3c, 0x5b, 0x30, 0x80, 0x1f, 0xe6, 0xea,
    0x41, 0xc0,

    /* U+4E4B "之" */
    0x0, 0xfe, 0x15, 0x0, 0xff, 0xe4, 0x55, 0x14,
    0x3, 0xff, 0x8f, 0xe1, 0x62, 0x1, 0xff, 0xc6,
    0x45, 0x1b, 0x0, 0xff, 0xe3, 0xd8, 0x80, 0x7f,
    0xc9, 0x9b, 0xbf, 0x60, 0x27, 0x77, 0x59, 0x0,
    0x44, 0x64, 0x5f, 0x84, 0x7e, 0x45, 0x0, 0x9b,
    0xff, 0xff, 0x84, 0x60, 0x6e, 0x1, 0xff, 0xc5,
    0x83, 0x1e, 0x0, 0xff, 0xe2, 0xb3, 0x86, 0x90,
    0x7, 0xff, 0x11, 0xa4, 0x2c, 0xc0, 0x3f, 0xf8,
    0x8d, 0x21, 0x48, 0x1, 0xff, 0xc4, 0x79, 0xa,
    0x50, 0xf, 0xfe, 0x24, 0xc0, 0x5a, 0x80, 0x7f,
    0xf0, 0xc6, 0xd8, 0x71, 0x0, 0x3f, 0xf8, 0x69,
    0xe8, 0x5e, 0x60, 0x1f, 0xfc, 0x38, 0xb1, 0x6d,
    0x10, 0xf, 0xfe, 0xa, 0xce, 0xb8, 0xd4, 0x80,
    0x7f, 0xf0, 0x46, 0xe9, 0x88, 0x35, 0x40, 0x3f,
    0xf8, 0x5a, 0x87, 0x6a, 0x19, 0x8, 0x20, 0x1f,
    0x9, 0x21, 0xb1, 0x96, 0x25, 0x48, 0xbd, 0xf7,
    0xff, 0xdd, 0xb7, 0xee, 0xbe, 0x1, 0x37, 0x53,
    0x21, 0x8, 0xf1, 0x10, 0xd2, 0x0,

    /* U+4E86 "了" */
    0x5c, 0xc6, 0xef, 0xee, 0xef, 0x6b, 0x86, 0x19,
    0x88, 0xbf, 0x8, 0xf8, 0xa0, 0x27, 0xbb, 0xff,
    0x83, 0xa6, 0x0, 0xb0, 0x0, 0x8f, 0xff, 0x0,
    0x38, 0xc7, 0x10, 0x3, 0xff, 0x82, 0x78, 0x65,
    0x86, 0x1, 0xff, 0xc1, 0x7c, 0x25, 0xd2, 0x0,
    0xff, 0xe0, 0x1e, 0xc0, 0xcd, 0x0, 0x7f, 0xf0,
    0xb8, 0x97, 0xd8, 0x3, 0xff, 0x86, 0x61, 0x62,
    0x1, 0xff, 0xff, 0x0, 0xff, 0xff, 0x80, 0x7f,
    0xfc, 0x5f, 0x76, 0xe1, 0x18, 0x3, 0xff, 0x80,
    0x66, 0x22, 0x1, 0xd0, 0x7, 0xf0,

    /* U+4E8C "二" */
    0x0, 0xff, 0xe6, 0x2f, 0xff, 0xff, 0x12, 0x40,
    0x31, 0x80, 0x7f, 0xf2, 0x5b, 0xff, 0xff, 0x89,
    0x20, 0x1f, 0xff, 0xf0, 0xf, 0xff, 0xf8, 0x7,
    0xff, 0xfc, 0x3, 0xff, 0x8e, 0xbd, 0xff, 0xff,
    0xc7, 0x82, 0x10, 0xf, 0xfe, 0x39, 0x3f, 0x6e,
    0xff, 0xf1, 0xba, 0x80,

    /* U+4E8E "于" */
    0x0, 0x12, 0x27, 0xff, 0x10, 0x80, 0x24, 0xdb,
    0xbf, 0xfe, 0x26, 0xa0, 0x1, 0x88, 0x47, 0xe0,
    0x8, 0x47, 0xc4, 0xc0, 0x2, 0xde, 0xef, 0x80,
    0x17, 0xdd, 0xed, 0x20, 0xf, 0xff, 0xf8, 0x7,
    0xff, 0xc, 0xcf, 0xf2, 0x0, 0x8, 0xcf, 0xf0,
    0x6e, 0x67, 0xeb, 0x0, 0x4e, 0x67, 0xee, 0x70,
    0xf, 0xfe, 0x42, 0xd7, 0xff, 0xf0, 0x2, 0xff,
    0xff, 0x58, 0x7, 0xff, 0xfc, 0x3, 0xff, 0xec,
    0x20, 0x1f, 0xfc, 0x63, 0x77, 0x50, 0x1, 0xc0,
    0x3f, 0xf8, 0x79, 0x10, 0x40, 0x1, 0x0, 0x7f,
    0xf0, 0xd8, 0x46, 0x3a, 0x10, 0xf, 0xfe, 0x1c,
    0xf7, 0x58, 0xa0, 0x1f, 0xe0,

    /* U+4E94 "五" */
    0x0, 0xff, 0xe6, 0x77, 0xff, 0xff, 0x13, 0x80,
    0x32, 0x91, 0x70, 0x80, 0x8, 0xbf, 0x28, 0x6,
    0xbd, 0xde, 0xb0, 0x4d, 0xdf, 0xd6, 0x1, 0xfe,
    0xd0, 0x30, 0xf, 0xfe, 0x39, 0x7, 0x0, 0x7f,
    0xf1, 0xd8, 0x14, 0x3, 0xff, 0x8e, 0x60, 0x20,
    0x1f, 0xfc, 0x2a, 0xff, 0xc0, 0xd, 0xff, 0xf3,
    0x80, 0x7d, 0xa4, 0x50, 0x80, 0x8, 0xb8, 0x43,
    0x40, 0x3e, 0x7d, 0xda, 0x41, 0xb7, 0x7a, 0x40,
    0xc0, 0x3f, 0xed, 0xe, 0x0, 0xef, 0xe, 0x0,
    0xff, 0x98, 0xc, 0x3, 0x84, 0x4, 0x3, 0xfe,
    0x30, 0x50, 0xe, 0x20, 0x20, 0xf, 0xf1, 0x80,
    0x88, 0x3, 0x98, 0x1c, 0x3, 0xfc, 0xa0, 0x80,
    0x1e, 0x30, 0x20, 0xf, 0xf7, 0x86, 0x80, 0x78,
    0x40, 0x40, 0x32, 0x66, 0xee, 0x60, 0x9d, 0xdf,
    0x0, 0x37, 0x6c, 0x73, 0x31, 0x16, 0x0, 0x9,
    0x17, 0x80, 0x4, 0x51, 0xeb, 0xf7, 0x7f, 0xf2,
    0x28,

    /* U+4EAE "亮" */
    0x0, 0xff, 0x24, 0x0, 0x7f, 0xf2, 0x35, 0xe4,
    0x3, 0xf8, 0x62, 0x67, 0xf1, 0x83, 0x4c, 0xfd,
    0x8, 0xae, 0xcd, 0xf9, 0x40, 0xc, 0xdf, 0x3f,
    0x27, 0x6e, 0xff, 0xf1, 0xba, 0x80, 0x48, 0x82,
    0x89, 0xff, 0xc1, 0x22, 0x8, 0x7, 0x64, 0xcf,
    0xff, 0x5, 0x80, 0x3f, 0xf, 0xff, 0xf9, 0x80,
    0x40, 0x3f, 0xf8, 0xe2, 0x1, 0xfe, 0x1f, 0xff,
    0xf3, 0x80, 0x7f, 0x5c, 0x47, 0xff, 0x5, 0x80,
    0x3e, 0x47, 0x7f, 0xfe, 0x8, 0x80, 0x6e, 0xff,
    0xff, 0xe3, 0xa0, 0x8, 0x9d, 0xff, 0xf8, 0x86,
    0x4, 0x20, 0x91, 0x1f, 0xfc, 0x49, 0x0, 0x8,
    0x7, 0xad, 0xc0, 0x33, 0x60, 0x80, 0x7d, 0x50,
    0x1, 0x1a, 0x50, 0x6, 0xd3, 0x50, 0x9, 0x69,
    0x81, 0x48, 0x2, 0x50, 0x70, 0xf, 0xf9, 0x40,
    0x3e, 0xa0, 0xc0, 0xf, 0xf8, 0x80, 0x3c, 0xe6,
    0x2e, 0x1, 0xfe, 0x3d, 0x50, 0x9, 0x2e, 0x2,
    0xc4, 0x3, 0xc2, 0x1, 0x28, 0x11, 0x33, 0xed,
    0x6, 0x94, 0x3, 0x88, 0x2b, 0xba, 0x90, 0x40,
    0x21, 0x5a, 0xe5, 0x0, 0xf4, 0x29, 0x9f, 0x49,
    0x80,

    /* U+4EBA "人" */
    0x0, 0xff, 0x32, 0x80, 0x7f, 0xf1, 0xc6, 0x68,
    0x3, 0xff, 0x8e, 0x60, 0x1f, 0xfc, 0xb1, 0x0,
    0xff, 0xe3, 0xb0, 0x8, 0x7, 0xff, 0x1c, 0x80,
    0x4, 0x1, 0xff, 0xc6, 0xe0, 0x3, 0x80, 0x7f,
    0xf1, 0x8c, 0x1, 0xa0, 0x1f, 0xfc, 0x65, 0x0,
    0x20, 0x7, 0xff, 0x14, 0x84, 0x4, 0xc4, 0x3,
    0xff, 0x88, 0x80, 0x8e, 0x8, 0x1, 0xff, 0xc4,
    0xa0, 0xdd, 0x4, 0x80, 0x7f, 0xf0, 0xcc, 0xc0,
    0xe8, 0x46, 0x60, 0xf, 0xfe, 0x14, 0x82, 0x88,
    0x50, 0x40, 0x7, 0xff, 0x4, 0xd4, 0x20, 0x0,
    0xc0, 0x88, 0x0, 0xff, 0xe0, 0x70, 0x29, 0x0,
    0x6, 0x2, 0x84, 0x3, 0xfd, 0x24, 0x16, 0x1,
    0x9c, 0x86, 0x80, 0x3f, 0xa1, 0x82, 0x84, 0x3,
    0xb8, 0x12, 0x80, 0x3e, 0x87, 0x7, 0x50, 0xf,
    0x1c, 0x82, 0xd8, 0x6, 0x1b, 0x70, 0x68, 0x0,
    0xfc, 0xd2, 0x9, 0xa6, 0x9, 0xe8, 0x11, 0x20,
    0x1f, 0xe6, 0xb1, 0x2c, 0x80, 0x13, 0xd7, 0x0,
    0xff, 0xe0, 0x27, 0xb0, 0xea, 0x7e, 0x10, 0x7,
    0xff, 0x8, 0x67, 0x94,

    /* U+4EC5 "仅" */
    0x0, 0xff, 0xe8, 0xb7, 0xa8, 0x7, 0xff, 0x22,
    0x1, 0x80, 0x3f, 0xf8, 0xec, 0x28, 0x19, 0xbb,
    0xdd, 0xdd, 0xa8, 0x1, 0xe8, 0xf, 0x63, 0x22,
    0xe1, 0x1e, 0x23, 0x0, 0xe9, 0x15, 0x45, 0x70,
    0xaf, 0xff, 0x94, 0xc, 0x3, 0x1b, 0x4, 0x80,
    0x30, 0x30, 0x3, 0xe4, 0x4, 0x0, 0x87, 0x80,
    0x2, 0x0, 0x40, 0x40, 0xf, 0x10, 0x90, 0x6,
    0xa2, 0x0, 0xf2, 0x11, 0x80, 0x72, 0x85, 0x0,
    0x54, 0x82, 0x40, 0x1d, 0xc1, 0x60, 0x1d, 0x40,
    0xa0, 0x4, 0x50, 0xa6, 0x0, 0xe5, 0x6, 0x0,
    0xc8, 0x46, 0x40, 0x4, 0x3a, 0x40, 0xf, 0x98,
    0x58, 0x2, 0x90, 0x80, 0xd, 0x8a, 0x1, 0xfa,
    0x2, 0xc0, 0xc, 0x46, 0x80, 0x1f, 0xfc, 0x21,
    0x62, 0x71, 0x80, 0xf0, 0xf, 0xfe, 0x24, 0xc,
    0x68, 0xb9, 0x80, 0x7f, 0xf1, 0x6, 0x0, 0xca,
    0x0, 0x3f, 0xf8, 0xc2, 0x0, 0x60, 0xf, 0xfe,
    0x34, 0x40, 0x49, 0x2c, 0x3, 0xff, 0x86, 0x36,
    0xe3, 0xb8, 0x49, 0x82, 0x1, 0xff, 0xc0, 0x6f,
    0x42, 0xc3, 0x1c, 0x43, 0xe6, 0x0, 0xfe, 0x5e,
    0x91, 0x7d, 0x20, 0x0, 0xdb, 0x84, 0xf2, 0x80,
    0x7c, 0x42, 0xbb, 0x0, 0x1e, 0x8d, 0x60, 0x30,
    0xc, 0x42, 0x4f, 0xf4, 0x40, 0x1f, 0x8a, 0x79,
    0x80,

    /* U+4ECA "今" */
    0x0, 0xff, 0x9, 0x80, 0x7f, 0xf1, 0xc7, 0xf0,
    0xc0, 0x3f, 0xf8, 0xd4, 0x21, 0x20, 0x1f, 0xfc,
    0x5a, 0x41, 0x35, 0xa0, 0xf, 0xfe, 0x1d, 0x28,
    0xe6, 0xd, 0x6c, 0x40, 0x3f, 0xe1, 0xc5, 0x1d,
    0x20, 0xc3, 0x4c, 0x30, 0xf, 0xe5, 0xf3, 0x2c,
    0x30, 0xb, 0x14, 0xb1, 0xc0, 0x3c, 0x35, 0x41,
    0x3c, 0x20, 0xe, 0xa8, 0x8, 0xd3, 0x0, 0x9f,
    0x94, 0x1f, 0x2b, 0xbb, 0xda, 0xb6, 0x25, 0x94,
    0x57, 0x0, 0x79, 0x0, 0xc2, 0x3e, 0x30, 0x4f,
    0x50, 0x58, 0x95, 0xac, 0x30, 0x6, 0xff, 0xfb,
    0x88, 0x6, 0xb1, 0xec, 0xa9, 0x40, 0x3f, 0xf8,
    0x87, 0x2, 0x1, 0x5e, 0xed, 0xdd, 0xef, 0xfe,
    0xc2, 0x0, 0xe5, 0x22, 0x84, 0x7c, 0x1, 0xc4,
    0x60, 0x1d, 0xdf, 0xff, 0xf5, 0x80, 0x28, 0x40,
    0x3f, 0xf8, 0x83, 0x41, 0x8, 0x1, 0xff, 0xc5,
    0xd1, 0x57, 0x0, 0xff, 0xe2, 0xd1, 0x95, 0x0,
    0x7f, 0xf1, 0x61, 0x47, 0x0, 0x3f, 0xf8, 0xac,
    0xe1, 0xa2, 0x1, 0xff, 0xc4, 0x49, 0xa, 0x30,
    0xf, 0xfe, 0x2e, 0x4, 0xa8, 0x7, 0xe0,

    /* U+4ECE "从" */
    0x0, 0xe7, 0xc1, 0x0, 0xf3, 0x71, 0x0, 0x7f,
    0xac, 0xc8, 0x3, 0xda, 0x2e, 0x1, 0xfe, 0x10,
    0x10, 0xf, 0x38, 0x8, 0x7, 0xf8, 0xc0, 0xc0,
    0x3c, 0x20, 0xe0, 0x1f, 0xe1, 0x1, 0x0, 0xf1,
    0x1, 0x0, 0x7f, 0x8, 0x8, 0x7, 0x84, 0x0,
    0x20, 0x1f, 0xc4, 0x6, 0x1, 0xe2, 0x2, 0x0,
    0xff, 0x30, 0x8, 0x7, 0x98, 0x18, 0x3, 0xfc,
    0x40, 0x6c, 0x1, 0xda, 0xe, 0x1, 0xfe, 0xe0,
    0x4, 0x98, 0x6, 0x30, 0x31, 0x0, 0xfe, 0x50,
    0x50, 0xe0, 0xc, 0xa0, 0x4, 0x0, 0xfe, 0x30,
    0xb5, 0x29, 0x0, 0x10, 0x80, 0x3c, 0x3, 0xf1,
    0x0, 0x8a, 0xc5, 0x90, 0x10, 0x10, 0x50, 0x3,
    0xf2, 0x82, 0x0, 0xd8, 0x48, 0x50, 0x6b, 0x8b,
    0x0, 0x7d, 0x81, 0xe0, 0x5, 0x32, 0x21, 0x83,
    0xd8, 0x58, 0x7, 0x85, 0x1, 0x0, 0x2e, 0xcb,
    0x4, 0x12, 0x32, 0x60, 0xe, 0x60, 0x41, 0x0,
    0x88, 0x8c, 0x1e, 0x0, 0x80, 0x81, 0x0, 0x86,
    0x43, 0xc0, 0x3a, 0x80, 0xd0, 0x0, 0x88, 0x1a,
    0x0, 0xa0, 0x4d, 0x0, 0x34, 0x20, 0x70, 0x6,
    0x90, 0x49, 0x5, 0x60, 0xf0, 0xc, 0xee, 0x8,
    0x20, 0xc, 0x54, 0xd, 0x4, 0xe, 0x60, 0x1b,
    0xc1, 0x9c, 0x3, 0xcb, 0x43, 0x8f, 0xb0, 0x1,
    0xd1, 0xd2, 0x1, 0xf9, 0x79, 0x0,

    /* U+4ED6 "他" */
    0x0, 0xf8, 0x40, 0x3e, 0x41, 0x0, 0xff, 0xe0,
    0xd7, 0x10, 0x7, 0xae, 0xc0, 0x1f, 0xfc, 0x2,
    0x51, 0x20, 0xe, 0x10, 0xf, 0xfe, 0x15, 0x84,
    0x80, 0xf4, 0x0, 0x7f, 0xf1, 0x9, 0x85, 0xc0,
    0xc4, 0x80, 0x3f, 0x8, 0x80, 0x3d, 0x21, 0x60,
    0x1f, 0xf2, 0x5f, 0x70, 0x80, 0x32, 0xa1, 0x28,
    0x7, 0xf3, 0xed, 0xa0, 0x7, 0x86, 0xc0, 0x40,
    0x3e, 0x3b, 0x2, 0x21, 0xd1, 0x81, 0x80, 0x5a,
    0x20, 0x1f, 0x3e, 0xe2, 0x81, 0xee, 0x28, 0x7,
    0x59, 0x98, 0x3, 0x24, 0x1, 0x10, 0xe4, 0x18,
    0x80, 0x30, 0x81, 0x20, 0xf0, 0x5, 0x96, 0xa0,
    0x5b, 0x8e, 0x1, 0xfc, 0x4f, 0xa6, 0x1, 0x32,
    0x40, 0x39, 0x0, 0x7c, 0x22, 0x0, 0xa0, 0xc0,
    0x35, 0x5a, 0x80, 0x7f, 0x8c, 0xc0, 0x1f, 0xfc,
    0xb1, 0x0, 0xff, 0xe5, 0xb, 0x0, 0x7f, 0xf2,
    0xc8, 0x3, 0xff, 0x88, 0x20, 0x60, 0x16, 0x48,
    0x7, 0xff, 0x17, 0x60, 0x2, 0x31, 0x0, 0xff,
    0xe2, 0x90, 0x80, 0x69, 0xd0, 0xf, 0xfe, 0x0,
    0x80, 0x7f, 0x29, 0x0, 0x7f, 0x88, 0x14, 0x40,
    0x3e, 0x33, 0x8, 0x7, 0xfc, 0x63, 0xdf, 0xff,
    0x60, 0x48, 0x6, 0x12, 0x50, 0xd, 0xae, 0x66,
    0x22, 0xe3, 0x48, 0x70,

    /* U+4EE5 "以" */
    0x0, 0x94, 0xc0, 0x3f, 0xf8, 0x2, 0xa0, 0x1e,
    0x3a, 0x80, 0xf, 0xfe, 0x4, 0x53, 0x0, 0x7c,
    0xe0, 0x11, 0xa8, 0x7, 0xca, 0x6, 0x1, 0xc2,
    0x1, 0xdd, 0x4e, 0x1, 0xe2, 0x7, 0x0, 0xf8,
    0x40, 0x2e, 0x8, 0x40, 0xe, 0x10, 0x20, 0xe,
    0x30, 0xe, 0x37, 0xa, 0x0, 0xc8, 0x4, 0x1,
    0xf8, 0xc0, 0x34, 0x10, 0xc0, 0x4, 0x60, 0xe0,
    0x1e, 0x10, 0xf, 0xa4, 0x18, 0x2, 0xc0, 0xc0,
    0xf, 0xfe, 0x12, 0x2c, 0x0, 0x48, 0x8, 0x1,
    0xf8, 0x40, 0x3d, 0x4c, 0x0, 0x40, 0x22, 0x0,
    0x7f, 0xf1, 0xf8, 0x14, 0x3, 0xff, 0x8e, 0x2a,
    0x14, 0x1, 0xf8, 0x40, 0x3f, 0xd0, 0x8, 0x40,
    0x1f, 0xe1, 0x6, 0xce, 0x0, 0x89, 0x80, 0x40,
    0x3f, 0x8c, 0x23, 0xa4, 0xc8, 0x2, 0xf0, 0x2,
    0xd0, 0x7, 0xc8, 0x60, 0xc2, 0x97, 0x80, 0xa,
    0x22, 0x58, 0x2c, 0x80, 0x66, 0xdb, 0x10, 0x6d,
    0xb4, 0x0, 0x52, 0x87, 0xa5, 0x83, 0x40, 0x5,
    0x84, 0x31, 0xd2, 0x40, 0x2, 0xc5, 0xb, 0x20,
    0x4a, 0x7, 0x60, 0x5, 0x6f, 0x38, 0x80, 0x6,
    0x34, 0xc7, 0x10, 0x2, 0x58, 0x9, 0x40, 0x1,
    0x0, 0x69, 0xe7, 0x4, 0xf3, 0x0, 0xe7, 0x50,
    0xa0, 0xf, 0x88, 0xe, 0xec, 0x20, 0x1f, 0x51,
    0xb0, 0x7, 0xd7, 0xb8, 0x80, 0x1f, 0xec, 0x80,

    /* U+4EF6 "件" */
    0x0, 0xe8, 0x80, 0x0, 0x48, 0x0, 0x94, 0x20,
    0x1f, 0xe2, 0x75, 0x0, 0x66, 0x80, 0x35, 0x54,
    0x1, 0xfe, 0x80, 0x80, 0x12, 0x30, 0xc, 0x20,
    0x1f, 0xc4, 0xa4, 0xa0, 0xa0, 0x80, 0x1f, 0xfc,
    0x29, 0x9, 0x0, 0x68, 0x2e, 0x61, 0xc2, 0x33,
    0x33, 0x80, 0x4a, 0x84, 0x80, 0x4, 0x2, 0x33,
    0x8, 0x11, 0x9e, 0xd0, 0x0, 0xd8, 0x6, 0x42,
    0x5d, 0xd9, 0x42, 0x77, 0x6e, 0xa0, 0x5, 0x8,
    0x6, 0x80, 0x92, 0x28, 0xc0, 0xc8, 0xa1, 0x0,
    0x4a, 0x18, 0x4, 0x86, 0x70, 0x7, 0xff, 0x1,
    0x7, 0x40, 0x24, 0x9e, 0x0, 0xff, 0xe0, 0xf6,
    0x8, 0x6, 0x62, 0x0, 0xff, 0xe0, 0x99, 0x0,
    0x63, 0xbc, 0xce, 0x70, 0x8c, 0xce, 0x70, 0xf,
    0x32, 0x19, 0xf0, 0x81, 0x19, 0xf6, 0x0, 0x79,
    0x7b, 0x77, 0x94, 0x27, 0x77, 0x75, 0x80, 0x7c,
    0x24, 0x5c, 0x60, 0x64, 0x58, 0x40, 0x3f, 0xff,
    0xe0, 0x1f, 0xff, 0x13, 0x60, 0xf, 0xde, 0xe,
    0x1, 0xfd, 0x96, 0x1, 0xf9, 0xbc, 0x80, 0x3c,

    /* U+4EFB "任" */
    0x0, 0xf2, 0xf2, 0x0, 0x7f, 0xf2, 0x20, 0x40,
    0x3f, 0xf9, 0xa, 0x46, 0x9d, 0xff, 0xff, 0x58,
    0x7, 0xac, 0x20, 0x10, 0x8b, 0x0, 0x8, 0xb8,
    0xc0, 0x3a, 0x5, 0x10, 0x15, 0xbb, 0x90, 0x3f,
    0x77, 0x40, 0x6, 0x37, 0x8, 0x0, 0xff, 0xe3,
    0xf0, 0x0, 0x40, 0x3f, 0xf8, 0xd4, 0x40, 0x1f,
    0xfc, 0x89, 0x50, 0x20, 0xf, 0xfe, 0x32, 0xb0,
    0x53, 0x0, 0x7f, 0xc2, 0x1, 0xe7, 0x8, 0x50,
    0x9, 0xff, 0xfc, 0x81, 0x9f, 0xfd, 0x65, 0xee,
    0x1, 0x88, 0xbe, 0x0, 0x11, 0x78, 0xc0, 0x3e,
    0x5d, 0xdf, 0x20, 0x7e, 0xef, 0x40, 0x7, 0xff,
    0xfc, 0x3, 0xff, 0xd8, 0x20, 0x1f, 0xfc, 0x2b,
    0xff, 0xe4, 0xc, 0xff, 0xe3, 0x0, 0xfc, 0x64,
    0x5f, 0xfc, 0x3, 0x10, 0xc, 0x42, 0x41, 0x1b,
    0xbf, 0xfc, 0xc, 0x20,

    /* U+4EFD "份" */
    0x0, 0xf1, 0x10, 0x3, 0xff, 0x93, 0x9a, 0x1,
    0x88, 0x13, 0x32, 0x60, 0xf, 0xe6, 0x15, 0x0,
    0x97, 0x58, 0xcf, 0x48, 0x7, 0xf5, 0x84, 0x80,
    0x5c, 0x4, 0xff, 0xe4, 0x6, 0x0, 0xf9, 0x89,
    0xc, 0x0, 0x28, 0x28, 0x1, 0x70, 0x50, 0x7,
    0xd0, 0x10, 0x1, 0x48, 0x38, 0x6, 0x50, 0x33,
    0x0, 0x74, 0x89, 0x18, 0x0, 0x5c, 0x2c, 0x3,
    0x98, 0x20, 0x3, 0x23, 0x0, 0x75, 0x3, 0x10,
    0x7, 0x40, 0x22, 0x80, 0x6, 0x80, 0x3a, 0x90,
    0x64, 0x3, 0xc3, 0x1, 0x48, 0x1a, 0x26, 0x1,
    0x1a, 0x86, 0x80, 0x7e, 0x74, 0xf, 0x23, 0x2e,
    0x0, 0x8d, 0xea, 0x6e, 0xff, 0x55, 0x1a, 0xa,
    0x3c, 0xc0, 0x34, 0x3a, 0xa2, 0x7e, 0x54, 0x93,
    0x7, 0x20, 0xf, 0x17, 0xf9, 0x82, 0x7f, 0xe5,
    0x1, 0x0, 0xff, 0xe1, 0x28, 0x28, 0x4, 0x60,
    0x1f, 0xfc, 0x43, 0x3, 0x0, 0x8c, 0x1c, 0x3,
    0xff, 0x82, 0x80, 0x80, 0x18, 0x40, 0x40, 0x3f,
    0xf8, 0x3c, 0x1a, 0x1, 0x9c, 0xc, 0x3, 0xff,
    0x80, 0x4a, 0xc, 0x1, 0x88, 0x4, 0x3, 0xff,
    0x81, 0x21, 0x0, 0x1c, 0x22, 0x0, 0xff, 0xe0,
    0x4a, 0x13, 0x80, 0x62, 0x2, 0x0, 0xff, 0xe,
    0x30, 0xf8, 0x7, 0x28, 0x28, 0x7, 0xfc, 0x49,
    0xe4, 0x0, 0x8e, 0xe4, 0x6, 0x80, 0x78, 0x44,
    0xe0, 0x3d, 0x62, 0x1, 0x52, 0x99, 0xa5, 0x0,
    0x20,

    /* U+4F20 "传" */
    0x0, 0xff, 0xe8, 0xe6, 0x80, 0x72, 0x7b, 0x0,
    0x7f, 0xf0, 0x10, 0xc4, 0x3, 0xb8, 0xc, 0x3,
    0xff, 0x81, 0xe1, 0x27, 0x77, 0x94, 0x26, 0xef,
    0x9c, 0x3, 0x91, 0x4, 0xaa, 0x44, 0xc0, 0x3,
    0x44, 0xec, 0x0, 0xe9, 0x8, 0x6, 0xff, 0xa0,
    0x23, 0xff, 0xd6, 0x1, 0x9c, 0x88, 0xa0, 0x1d,
    0x80, 0x80, 0x1f, 0xe2, 0x80, 0xf, 0xc8, 0x4,
    0x1, 0xfe, 0xf0, 0xd, 0x9f, 0xf8, 0x1, 0xdf,
    0xff, 0x60, 0x59, 0x10, 0x2, 0x43, 0x38, 0x40,
    0x8c, 0xff, 0x21, 0x20, 0xf0, 0x5, 0x19, 0x90,
    0x3, 0x33, 0xfa, 0xa, 0x30, 0x80, 0x3c, 0x82,
    0x82, 0x1, 0xfe, 0x72, 0x0, 0xfb, 0x41, 0x73,
    0x2d, 0xdd, 0x42, 0x1, 0xff, 0x18, 0x9, 0x9c,
    0x45, 0x94, 0x80, 0x3f, 0xea, 0xff, 0xf6, 0x88,
    0x49, 0x80, 0x7f, 0xf1, 0xb8, 0x59, 0x80, 0x1f,
    0xfc, 0x21, 0x0, 0xa8, 0xd2, 0x40, 0x3f, 0xf8,
    0x47, 0xda, 0x70, 0xa5, 0x60, 0x1f, 0xfc, 0x33,
    0x52, 0xc7, 0x1f, 0x0, 0xff, 0xe2, 0xd4, 0x80,
    0x14, 0x80, 0x3f, 0xf8, 0xcd, 0x82, 0x9a, 0x20,
    0x1f, 0xfc, 0x63, 0xc2, 0x24, 0x0, 0x7c, 0x22,
    0x70, 0xf, 0xe2, 0xc5, 0xb0, 0xc,

    /* U+4F4D "位" */
    0x0, 0xff, 0xe0, 0xa0, 0x80, 0x7f, 0xf0, 0x23,
    0xcc, 0x3, 0x25, 0xc0, 0x7, 0xff, 0x1, 0xc0,
    0x80, 0x32, 0x83, 0x80, 0x7f, 0xce, 0xc, 0x20,
    0x18, 0x4c, 0x4c, 0x3, 0xf8, 0x60, 0x2c, 0x3,
    0xd0, 0xc4, 0x1, 0xfd, 0x60, 0xc4, 0x7f, 0xfd,
    0x6d, 0xdf, 0xfa, 0x80, 0x23, 0x50, 0x80, 0x13,
    0x22, 0xff, 0xb4, 0x2, 0xe0, 0xc, 0x59, 0xbb,
    0xff, 0x38, 0x2, 0x88, 0x3, 0xcb, 0x82, 0x1,
    0xd5, 0xe2, 0x0, 0x85, 0x21, 0x0, 0xe2, 0x34,
    0x0, 0xe4, 0x0, 0xca, 0x1c, 0x60, 0x1c, 0x61,
    0xa0, 0x1c, 0x23, 0x0, 0x26, 0xcc, 0x3, 0xca,
    0x8, 0x1, 0x8c, 0x14, 0x2, 0x44, 0x0, 0x7c,
    0x22, 0x30, 0xc, 0xc0, 0x60, 0x1f, 0xfc, 0x15,
    0x2, 0x0, 0xb4, 0x34, 0x3, 0xff, 0x82, 0x60,
    0xc0, 0x11, 0x83, 0x80, 0x7f, 0xf0, 0x78, 0xc,
    0x2, 0x51, 0x20, 0xf, 0xfe, 0x9, 0x7, 0x0,
    0x8, 0x54, 0x3, 0xff, 0x84, 0xe0, 0x60, 0x7,
    0xc, 0x0, 0xff, 0xe1, 0x1c, 0x58, 0x3, 0x1,
    0x0, 0x3f, 0xf8, 0x6e, 0x20, 0x5, 0x2, 0x0,
    0xff, 0x1f, 0xff, 0xe3, 0xe, 0xff, 0xa4, 0x3,
    0xc2, 0x64, 0x5f, 0xfc, 0x1e, 0x0, 0x9c, 0x84,
    0xb3, 0x77, 0xff, 0x82, 0xe0,

    /* U+4F4E "低" */
    0x0, 0xff, 0xe3, 0x88, 0x80, 0x3f, 0xaf, 0x0,
    0x3f, 0x1b, 0xdf, 0x70, 0xc0, 0x3e, 0x34, 0x0,
    0xc4, 0xb1, 0x7f, 0x90, 0x86, 0xe4, 0x1, 0xf4,
    0x84, 0x84, 0x7e, 0xd3, 0xa1, 0x2, 0xf6, 0x40,
    0x80, 0x78, 0xd4, 0x54, 0x18, 0x1e, 0xb7, 0xfc,
    0x6, 0x20, 0x1f, 0xde, 0x10, 0x1, 0xc, 0x29,
    0x0, 0x46, 0x1, 0xfc, 0xc6, 0x2c, 0x1, 0xf8,
    0xc0, 0x40, 0x3f, 0xc, 0x1, 0x0, 0x7f, 0x8,
    0x38, 0x7, 0xea, 0x10, 0xf, 0xfe, 0x8, 0x80,
    0x7d, 0x28, 0x20, 0x1f, 0x8, 0xf8, 0xc4, 0x70,
    0x0, 0x98, 0x28, 0x3, 0xc3, 0xdd, 0xc2, 0x2e,
    0xed, 0x0, 0x47, 0x4a, 0x1, 0xf2, 0x27, 0x8,
    0x1a, 0x25, 0xa0, 0xc, 0x50, 0xf, 0x86, 0xef,
    0x9c, 0x3e, 0xee, 0x50, 0xf, 0xfe, 0x2f, 0x3,
    0x0, 0x7f, 0xf2, 0x4c, 0x34, 0x3, 0xff, 0x92,
    0xc0, 0x60, 0x1f, 0xfc, 0x92, 0x15, 0x0, 0xff,
    0xe2, 0xa, 0xce, 0x90, 0x28, 0x98, 0x15, 0x0,
    0x7f, 0x18, 0x8b, 0xa9, 0x98, 0x41, 0xa1, 0x60,
    0xea, 0x1, 0xfd, 0x20, 0x5, 0xae, 0xb0, 0x3,
    0x83, 0xe, 0x80, 0x7f, 0xa6, 0xbf, 0xb2, 0x26,
    0x65, 0x50, 0xfb, 0x18, 0x7, 0xf1, 0xa8, 0x6b,
    0x37, 0x6c, 0x0, 0x8a, 0xc0, 0x30, 0x92, 0x80,
    0x74, 0xff, 0xf4, 0x96, 0x1a, 0x38, 0x0,

    /* U+4F4F "住" */
    0x0, 0xf8, 0x40, 0x38, 0x4c, 0x3, 0xff, 0x85,
    0x3c, 0x60, 0x1a, 0xb0, 0xc0, 0x3f, 0xf8, 0x2,
    0xc0, 0x60, 0x1b, 0x43, 0xc0, 0x3f, 0xf8, 0x12,
    0xc, 0x1, 0xcc, 0x46, 0x80, 0x1f, 0xe2, 0x70,
    0x80, 0xf, 0x49, 0x38, 0x7, 0xfa, 0x1, 0xc6,
    0x73, 0x3a, 0x7, 0xf3, 0x39, 0x0, 0x24, 0x50,
    0x90, 0x43, 0x3f, 0xfe, 0x9, 0x0, 0x6, 0x80,
    0x36, 0xff, 0xf2, 0x6, 0x7f, 0xf3, 0x0, 0x2c,
    0x40, 0x3f, 0xf9, 0x10, 0xa2, 0x20, 0xf, 0xfe,
    0x3b, 0x85, 0x18, 0x7, 0xff, 0x1e, 0x69, 0x0,
    0x3f, 0xf9, 0xc, 0xa0, 0x1c, 0x37, 0xbb, 0x90,
    0x3b, 0x77, 0x40, 0x7, 0xf9, 0x8, 0xb0, 0x0,
    0x8b, 0xc0, 0x1f, 0xc3, 0xff, 0xc8, 0x19, 0xff,
    0xa8, 0x3, 0xff, 0xfe, 0x1, 0xff, 0xe4, 0x7f,
    0xff, 0x20, 0x67, 0xff, 0x60, 0x7, 0xc4, 0x64,
    0x5f, 0xfc, 0x14, 0x0, 0xce, 0x42, 0xb9, 0xbb,
    0xff, 0xc1, 0x80,

    /* U+4F53 "体" */
    0x0, 0xc3, 0x4a, 0x1, 0xed, 0x90, 0xf, 0xfe,
    0x3, 0x2e, 0x80, 0x70, 0x92, 0x0, 0x7f, 0xf0,
    0x24, 0x24, 0x3, 0xff, 0x8e, 0xc2, 0xc2, 0x1,
    0xff, 0xc7, 0x80, 0xb7, 0xcc, 0xed, 0x2, 0xcc,
    0xf4, 0x80, 0x4e, 0x26, 0x5a, 0x67, 0xe0, 0x1,
    0x9f, 0x90, 0x0, 0x30, 0x1, 0x57, 0xfe, 0x90,
    0xd, 0x9f, 0xfb, 0x40, 0x1a, 0x1, 0xfd, 0x40,
    0x1, 0xa, 0x0, 0xf4, 0x99, 0x0, 0x7c, 0x66,
    0x60, 0x34, 0x61, 0x0, 0xe4, 0xe, 0x0, 0xfa,
    0x2, 0xc0, 0x1c, 0x12, 0x1, 0xdd, 0x84, 0x1,
    0xe5, 0x45, 0x30, 0x2, 0x93, 0x88, 0x6, 0x33,
    0x0, 0x7d, 0x1, 0x0, 0x1a, 0x2, 0xc0, 0x3f,
    0xf8, 0x10, 0x4e, 0x40, 0x19, 0x49, 0x50, 0x3,
    0xfc, 0x8e, 0x32, 0x1, 0xe9, 0xa, 0x10, 0xf,
    0xc5, 0x41, 0x42, 0x1, 0xe4, 0x51, 0xd0, 0xf,
    0x8b, 0x5, 0xb2, 0xed, 0x40, 0x57, 0x77, 0x91,
    0xd8, 0x7, 0x90, 0x52, 0x55, 0x12, 0x0, 0x22,
    0x5b, 0xe2, 0xa0, 0x1e, 0x6c, 0xb0, 0xdf, 0xf7,
    0x1, 0x7f, 0xd0, 0x5f, 0xe0, 0xf, 0x8c, 0x3,
    0xff, 0x82, 0x22, 0x0, 0xff, 0xec, 0x8, 0x8,
    0x7, 0xf8, 0x49, 0x40, 0x3f, 0x1a, 0x0, 0x7e,

    /* U+4F60 "你" */
    0x0, 0xf8, 0x40, 0x30, 0x80, 0x7f, 0xf1, 0x6f,
    0x88, 0x1, 0x5e, 0x1, 0xff, 0xc4, 0x34, 0x12,
    0x0, 0x29, 0x0, 0x7f, 0xf1, 0x24, 0x20, 0x0,
    0x80, 0x80, 0x1f, 0xfc, 0x33, 0x52, 0x60, 0x6,
    0x86, 0x0, 0x7f, 0xf0, 0xfc, 0x24, 0x2, 0x70,
    0x9c, 0xca, 0xee, 0xaa, 0x4b, 0x80, 0x67, 0x32,
    0x40, 0x2, 0x88, 0x11, 0x9c, 0x89, 0x2a, 0x9a,
    0x4, 0x0, 0x50, 0x2, 0x1, 0x40, 0x6f, 0xfb,
    0x80, 0xff, 0xf0, 0x8, 0x80, 0x1e, 0x1, 0xce,
    0x4a, 0x40, 0x1f, 0x84, 0x10, 0x1, 0x84, 0x60,
    0x10, 0xc0, 0x40, 0x7, 0xf1, 0x6, 0x81, 0x98,
    0x78, 0x2, 0x15, 0x92, 0x0, 0xfc, 0x47, 0x2c,
    0x6, 0xd8, 0x60, 0x1a, 0x98, 0x7d, 0x80, 0x39,
    0x36, 0x18, 0x40, 0x12, 0x40, 0x1f, 0x38, 0x18,
    0x7, 0x20, 0x38, 0x80, 0x7f, 0xf0, 0x34, 0x14,
    0x3, 0xce, 0xc, 0x1, 0xff, 0xa, 0x20, 0x3,
    0xea, 0xa, 0x0, 0xff, 0x98, 0x34, 0x3, 0xe2,
    0x32, 0x30, 0xf, 0xf4, 0x8b, 0x0, 0x7e, 0xb0,
    0xa0, 0xf, 0xe9, 0x19, 0x0, 0xfe, 0x50, 0x40,
    0xf, 0xe4, 0x27, 0x0, 0xfe, 0x21, 0x10, 0x7,
    0xf6, 0xe8, 0x3, 0xfe, 0xec, 0x0, 0xff, 0xec,
    0xbe, 0xf8, 0x38, 0x7, 0xf8, 0x49, 0x40, 0x3c,
    0x46, 0x27, 0x0, 0x1f, 0xf6, 0xc8, 0x7, 0x97,
    0xbf, 0xc, 0x3, 0xe0,

    /* U+4F7F "使" */
    0x0, 0xf0, 0x98, 0x7, 0x85, 0x0, 0x3f, 0xf8,
    0x5b, 0x84, 0x1, 0xd7, 0x61, 0x0, 0xff, 0xe0,
    0x19, 0x88, 0x80, 0x1c, 0x20, 0x60, 0x1f, 0xfc,
    0x8, 0x5, 0xbc, 0xce, 0x40, 0xfc, 0xce, 0xa0,
    0xe, 0x44, 0x15, 0xa9, 0x9f, 0x0, 0x8, 0xcf,
    0x9c, 0x3, 0xa4, 0x20, 0xfb, 0xff, 0x90, 0x37,
    0xff, 0xb4, 0x3, 0x41, 0x2, 0x80, 0x7f, 0xf1,
    0xcd, 0xc0, 0x32, 0x55, 0xde, 0x50, 0x9b, 0xbd,
    0x20, 0x10, 0xe8, 0x7, 0x72, 0xa2, 0x61, 0x4,
    0x4e, 0x64, 0x0, 0x60, 0xa0, 0x80, 0x76, 0xff,
    0xc8, 0x1b, 0xff, 0x38, 0x4, 0x45, 0x50, 0x7,
    0xff, 0x20, 0xa7, 0x4, 0x3, 0xff, 0x92, 0xc2,
    0x1, 0xf7, 0x5d, 0xca, 0x13, 0x77, 0x30, 0x7,
    0xfd, 0x80, 0x68, 0x90, 0x82, 0x26, 0x11, 0x30,
    0x7, 0xf3, 0xcf, 0x7f, 0xc2, 0x1f, 0xfd, 0xc4,
    0x1, 0xfc, 0x53, 0x40, 0x2, 0x13, 0x0, 0xff,
    0xe2, 0x1a, 0xa4, 0x82, 0x82, 0x0, 0x7f, 0xf1,
    0x69, 0x1b, 0x20, 0x28, 0x3, 0xff, 0x8d, 0x6a,
    0x60, 0x64, 0x1, 0xff, 0xc6, 0x37, 0x0, 0x1f,
    0x30, 0x80, 0x7f, 0xf0, 0x92, 0xb0, 0x93, 0x54,
    0x67, 0xad, 0xd0, 0x40, 0x3f, 0xae, 0xca, 0x11,
    0x65, 0x5a, 0xe2, 0x91, 0x7d, 0xa0, 0x1c, 0x86,
    0x1c, 0x91, 0xce, 0x1, 0x14, 0x76, 0x42, 0x9c,
    0x0,

    /* U+4FA7 "侧" */
    0x0, 0xe3, 0x0, 0xff, 0xe1, 0x90, 0x7, 0x26,
    0x38, 0x7, 0xff, 0x6, 0x34, 0x3, 0xb8, 0x12,
    0x3b, 0xff, 0xb8, 0x80, 0x40, 0x2, 0x2, 0x1,
    0x90, 0x8d, 0x41, 0x9b, 0x20, 0xa0, 0x7c, 0x0,
    0x7c, 0x63, 0x40, 0x4, 0x99, 0xdc, 0x1, 0x8,
    0x80, 0x3e, 0x90, 0x60, 0xd, 0x12, 0x1, 0xff,
    0xc1, 0x15, 0x1, 0x0, 0xc6, 0xa0, 0x1f, 0xfc,
    0x19, 0x0, 0xff, 0xe4, 0x93, 0x80, 0x7f, 0xf2,
    0x64, 0x4, 0x3, 0xff, 0x90, 0x89, 0x0, 0x7f,
    0xf2, 0x1a, 0x40, 0x3f, 0xf9, 0x32, 0x40, 0x1f,
    0xfe, 0xa7, 0x0, 0xff, 0xe4, 0xb0, 0x80, 0x7f,
    0xf1, 0x98, 0x80, 0x88, 0xc, 0x2a, 0x0, 0x10,
    0xf, 0xfa, 0xe0, 0xc3, 0x48, 0xf8, 0xc3, 0x60,
    0x3, 0xff, 0x83, 0x60, 0x3a, 0xe0, 0x11, 0x0,
    0x7f, 0xf0, 0x45, 0xd9, 0x1e, 0x14, 0x3, 0xff,
    0x89, 0xa1, 0x1, 0xd, 0x48, 0x1, 0xff, 0xc1,
    0x1d, 0x3a, 0x10, 0x4, 0x9e, 0x1, 0x5d, 0x9c,
    0x4, 0x2, 0xd3, 0x0, 0x35, 0xa8, 0x6, 0xc8,
    0x3, 0x74, 0x39, 0x0,

    /* U+4FBF "便" */
    0x0, 0xff, 0xe7, 0xf5, 0x80, 0x7f, 0xf1, 0xd8,
    0x4b, 0xbf, 0xff, 0xf8, 0x32, 0x1, 0xa8, 0x2d,
    0xd1, 0x38, 0x40, 0xd1, 0x3b, 0xc0, 0x23, 0x38,
    0xa6, 0xef, 0x9c, 0x26, 0xef, 0x98, 0x2, 0x80,
    0x80, 0x3, 0xbf, 0x28, 0x7b, 0xbe, 0x40, 0x9,
    0x10, 0x48, 0xd, 0x11, 0xc6, 0xb, 0x11, 0xac,
    0x2, 0x90, 0x10, 0x0, 0x84, 0x7f, 0xcc, 0x15,
    0xfe, 0xe0, 0xd, 0x24, 0x1, 0xe1, 0x0, 0xfc,
    0x22, 0x0, 0x33, 0x0, 0x3e, 0xd8, 0x89, 0x43,
    0xe2, 0x21, 0x0, 0x68, 0x40, 0x7, 0x91, 0xde,
    0x30, 0x57, 0x78, 0x2, 0x88, 0x30, 0x7, 0xa7,
    0xfe, 0x60, 0xaf, 0xf8, 0x40, 0x6, 0xe0, 0x1f,
    0xfc, 0xf1, 0x9, 0xff, 0x98, 0x2b, 0xfe, 0x10,
    0xf, 0xe7, 0x86, 0x6c, 0x20, 0xcd, 0x9e, 0x80,
    0x3f, 0x3f, 0x4c, 0xe1, 0x9, 0x9d, 0xa, 0x1,
    0xfb, 0x1a, 0x40, 0x8, 0xa, 0x1, 0xff, 0xc2,
    0xb2, 0x6b, 0x28, 0xe, 0x0, 0xff, 0xe1, 0xe,
    0x1a, 0x69, 0xa2, 0x0, 0x3f, 0xf8, 0x63, 0xc0,
    0x12, 0xc1, 0x0, 0x7f, 0xf0, 0x4e, 0x74, 0xd,
    0x5, 0xf7, 0xa9, 0xd4, 0xc4, 0x3, 0x87, 0x71,
    0x82, 0x32, 0xf5, 0xc8, 0x56, 0x2b, 0x3c, 0x0,
    0x24, 0xa2, 0xe5, 0x1c, 0xe0, 0x2, 0x8d, 0xd4,
    0xba, 0x1d, 0x80,

    /* U+4FDD "保" */
    0x0, 0xf4, 0x68, 0x80, 0x8f, 0xfc, 0x1, 0xf0,
    0xb9, 0x8e, 0x77, 0x7f, 0xce, 0x1, 0xe8, 0x6,
    0x2, 0x5, 0x5f, 0xc6, 0x1c, 0x1, 0xc4, 0xc1,
    0x20, 0x1, 0xaa, 0xfd, 0x20, 0x1f, 0x70, 0x40,
    0x80, 0x7f, 0xf1, 0x98, 0xc1, 0xc0, 0x3f, 0xf8,
    0xc5, 0x20, 0x20, 0x18, 0x47, 0xf8, 0x80, 0x3b,
    0xc0, 0x3f, 0x77, 0x7e, 0x80, 0xd, 0x64, 0x40,
    0xe, 0x86, 0x55, 0x84, 0x11, 0x56, 0x6b, 0x2,
    0x41, 0xf0, 0xe, 0x69, 0xaa, 0x88, 0x26, 0xaa,
    0x92, 0x2, 0x9c, 0x20, 0xf, 0xfe, 0x43, 0x10,
    0x6, 0x7f, 0xff, 0x18, 0x6f, 0xff, 0x58, 0x7,
    0xc2, 0x45, 0xe0, 0x1, 0x17, 0xc0, 0x1f, 0x36,
    0xef, 0x8c, 0x3f, 0x77, 0xa4, 0x3, 0xfc, 0x78,
    0x60, 0x18, 0xad, 0x0, 0x3f, 0xf8, 0x3c, 0x62,
    0x1, 0x8d, 0x6c, 0xc0, 0x3f, 0xe8, 0x27, 0x20,
    0xc, 0x34, 0x1a, 0x20, 0x1f, 0xc8, 0xe3, 0x0,
    0x1e, 0x48, 0x1a, 0x0, 0xfc, 0x56, 0x1a, 0x1,
    0xf9, 0xcd, 0x10, 0x1, 0xf2, 0x4, 0x98, 0x7,
    0xf7, 0x81, 0x80, 0x7c, 0xdc, 0xc0, 0x1f, 0xe3,
    0xc7, 0x0, 0xc6, 0xa0, 0x1, 0x0, 0xe5, 0x3,
    0x0, 0xc6, 0x1, 0xd9, 0x60, 0x1f, 0xa7, 0xc4,
    0x3, 0xc0,

    /* U+4FE1 "信" */
    0x0, 0xe2, 0x0, 0xf0, 0x98, 0x7, 0xff, 0x0,
    0xb6, 0x40, 0x3a, 0xb0, 0x80, 0x3f, 0xeb, 0xc,
    0x0, 0xee, 0x9, 0x0, 0xff, 0x98, 0x54, 0x3,
    0x94, 0x94, 0x3, 0xfc, 0xe0, 0xc5, 0x33, 0xe7,
    0x49, 0x9f, 0x20, 0x5, 0x21, 0x2a, 0xcd, 0xe5,
    0x53, 0x37, 0xb4, 0x1, 0x2, 0x42, 0xff, 0xff,
    0xfc, 0x29, 0x2, 0x70, 0xf, 0xfe, 0x47, 0x0,
    0x7a, 0xff, 0xff, 0xd6, 0x0, 0x83, 0x40, 0xe,
    0xe6, 0x6f, 0xf7, 0x0, 0x18, 0x68, 0x3, 0x96,
    0x67, 0xfc, 0xa0, 0x8, 0xd1, 0x0, 0xe6, 0xaa,
    0xff, 0x28, 0x1, 0x8c, 0x3, 0xd8, 0xab, 0xfe,
    0xf0, 0xf, 0xf5, 0x7f, 0xff, 0xa8, 0x3, 0xff,
    0xa6, 0x3d, 0xff, 0xfe, 0xe0, 0xf, 0xe3, 0x12,
    0x66, 0xfc, 0x23, 0x0, 0x7e, 0x10, 0x59, 0x9f,
    0xc8, 0x1, 0xff, 0xff, 0x1, 0x7, 0xee, 0xfc,
    0xa0, 0x1e, 0x47, 0x0, 0x12, 0x99, 0x17, 0xe3,
    0x61, 0x0,

    /* U+5012 "倒" */
    0x0, 0xff, 0xe7, 0xeb, 0x0, 0x7f, 0xf0, 0x55,
    0x80, 0x32, 0x90, 0x44, 0xcf, 0xc6, 0x6, 0x21,
    0x10, 0x0, 0xde, 0x4, 0xec, 0xdf, 0x58, 0x64,
    0x0, 0x78, 0x55, 0x49, 0xfe, 0x11, 0x77, 0xfd,
    0x2, 0x6, 0x1, 0xe9, 0xe, 0x0, 0x30, 0xc0,
    0xa4, 0x80, 0x7f, 0x85, 0x81, 0x40, 0x10, 0x4c,
    0xe, 0xce, 0x1, 0xfd, 0x22, 0x1, 0x48, 0xc8,
    0x13, 0x94, 0x10, 0x7, 0xc6, 0xe0, 0x12, 0xb0,
    0x5f, 0xed, 0x90, 0x58, 0x7, 0xdc, 0x2, 0x0,
    0x30, 0x14, 0x79, 0xce, 0x47, 0x0, 0xf3, 0x12,
    0x28, 0x1, 0xbb, 0x97, 0xe6, 0x61, 0xad, 0x0,
    0xf2, 0x8d, 0x0, 0x61, 0x0, 0x45, 0x80, 0x4,
    0xc0, 0x3c, 0x7c, 0x20, 0x1f, 0xfc, 0xd7, 0xee,
    0x80, 0x7b, 0x9a, 0x20, 0x1f, 0xfc, 0x1, 0x22,
    0x80, 0x4, 0x46, 0x0, 0xff, 0xe0, 0xb6, 0x64,
    0x3, 0x98, 0xb1, 0x0, 0x18, 0x7, 0xff, 0x1c,
    0x53, 0x0, 0x3f, 0xf8, 0x64, 0xb0, 0xc1, 0x6a,
    0x1, 0xfc, 0x28, 0xf4, 0x3, 0xb4, 0xfc, 0x1,
    0xff, 0xc0, 0xeb, 0x85, 0x36, 0x9c, 0xf8, 0x0,
    0xff, 0xe0, 0x4c, 0xb7, 0xf2, 0x58, 0xc0, 0x3,
    0x54, 0xb2, 0x30, 0xf, 0x33, 0x8, 0x3, 0xe1,
    0x65, 0x43, 0x90, 0x8, 0xc8, 0x40, 0x3f, 0xec,
    0xff, 0x62, 0x0,

    /* U+503C "值" */
    0x0, 0xe1, 0x10, 0x7, 0x85, 0x0, 0x3f, 0xf8,
    0x3f, 0xe0, 0xf, 0x55, 0x98, 0x7, 0xfc, 0xa2,
    0x80, 0x1e, 0x60, 0x20, 0xf, 0xfa, 0x43, 0xb7,
    0xff, 0x88, 0x3b, 0xff, 0x8c, 0x3, 0x21, 0x92,
    0x27, 0x8c, 0x5, 0x13, 0x94, 0x80, 0x34, 0x84,
    0x4, 0xdd, 0xe9, 0x9, 0xbb, 0xea, 0x10, 0x9,
    0x88, 0x8a, 0x1, 0xec, 0x3, 0x0, 0xfe, 0x29,
    0x6, 0x0, 0xa7, 0xfe, 0x60, 0xbf, 0xfd, 0x80,
    0x1b, 0x80, 0x3c, 0xa0, 0xef, 0xf8, 0xc, 0x2,
    0x93, 0x10, 0xf, 0xa2, 0x3f, 0x10, 0x6, 0x50,
    0xd0, 0xf, 0xbf, 0xff, 0x10, 0x6, 0xec, 0x20,
    0xf, 0x9d, 0xff, 0x8, 0x6, 0x23, 0x0, 0xfd,
    0x11, 0xf8, 0xc0, 0x3f, 0xf8, 0x4c, 0xdf, 0x8c,
    0x3, 0xff, 0x85, 0x33, 0xf8, 0x40, 0x3f, 0xf8,
    0x5f, 0xff, 0x88, 0x3, 0xff, 0x84, 0x23, 0xf8,
    0x3, 0xff, 0x87, 0xdd, 0xf8, 0x80, 0x3f, 0xf8,
    0x53, 0x3f, 0x84, 0x3, 0xff, 0x84, 0xcd, 0xf8,
    0xc0, 0x3f, 0xd1, 0x44, 0x15, 0x5f, 0x88, 0x2a,
    0x0, 0x3e, 0x55, 0x8, 0x2a, 0xfe, 0x0, 0x2b,
    0x0, 0x42, 0x46, 0x1b, 0xff, 0xff, 0xc2, 0xe0,

    /* U+505A "做" */
    0x0, 0xff, 0xe2, 0x90, 0x7, 0xfc, 0xde, 0x60,
    0xc, 0xe0, 0xc, 0x9a, 0x40, 0x1f, 0xeb, 0x1,
    0x0, 0x10, 0x80, 0x6c, 0x3, 0x0, 0xfe, 0x32,
    0x32, 0x0, 0xfc, 0x42, 0x20, 0xf, 0xe9, 0x9,
    0x0, 0xfe, 0x74, 0x0, 0xfe, 0x25, 0x14, 0xab,
    0xb0, 0x85, 0xda, 0x44, 0x92, 0xef, 0x48, 0x6,
    0x80, 0x43, 0x54, 0x40, 0x1, 0x10, 0xee, 0x1,
    0x44, 0xca, 0x1, 0x1a, 0x80, 0xb, 0xfe, 0x10,
    0xff, 0x76, 0x7, 0xfc, 0x44, 0xc0, 0xb, 0x80,
    0x3f, 0xe1, 0x50, 0x20, 0x1, 0x30, 0x5, 0x24,
    0x40, 0xf, 0xf4, 0x80, 0x18, 0x8, 0xc, 0x2,
    0x61, 0xe0, 0xf, 0xf3, 0x10, 0x98, 0x38, 0x68,
    0x4, 0xb4, 0x20, 0x11, 0xd5, 0x4, 0x2a, 0x89,
    0x2b, 0xa1, 0xa0, 0xe0, 0x15, 0x20, 0x6, 0x95,
    0x50, 0x1, 0x54, 0x8, 0x6e, 0xa, 0x24, 0x1,
    0xff, 0x6f, 0xfb, 0x40, 0x2d, 0x23, 0x24, 0x0,
    0xff, 0xe0, 0x18, 0x0, 0x80, 0x24, 0xe, 0xf,
    0x0, 0xff, 0xe3, 0x89, 0x90, 0xa8, 0x7, 0xff,
    0x22, 0xc1, 0x80, 0x3f, 0xf9, 0x34, 0x8, 0x1,
    0xff, 0xc1, 0x30, 0x1, 0x0, 0x52, 0x42, 0x70,
    0x1, 0xff, 0xc0, 0xdf, 0xf6, 0x80, 0x21, 0x93,
    0xc5, 0xdc, 0x1, 0xfd, 0x2a, 0xbc, 0x6a, 0xe7,
    0x63, 0xa3, 0x14, 0x1, 0xf8, 0xea, 0xba, 0x1,
    0xb0, 0x0, 0x78, 0x62, 0x1, 0x88, 0x74, 0x3,
    0xe4, 0xf9, 0x0, 0xc5, 0x96, 0x0,

    /* U+505C "停" */
    0x0, 0xff, 0xe0, 0x88, 0x7, 0xff, 0x7, 0x28,
    0x3, 0x8f, 0xa4, 0x3, 0xfe, 0x43, 0x30, 0x8,
    0xe2, 0x16, 0x31, 0x1e, 0x0, 0xef, 0xc, 0xfe,
    0xee, 0x10, 0xce, 0xee, 0xd0, 0x8, 0xd0, 0xd5,
    0xd9, 0xbf, 0xf8, 0x36, 0x1, 0x78, 0x40, 0x44,
    0x3b, 0xbf, 0xdb, 0x2c, 0x0, 0x53, 0x24, 0x0,
    0x34, 0x47, 0xfa, 0xc0, 0x21, 0xb0, 0x60, 0xb,
    0xc2, 0xff, 0xfe, 0x10, 0xd, 0x42, 0x1, 0xf1,
    0x9f, 0xe1, 0x0, 0xa1, 0x4, 0x3, 0xb8, 0x23,
    0x33, 0xe0, 0x10, 0x1, 0x85, 0x0, 0x73, 0x66,
    0x7f, 0xbc, 0x1, 0x38, 0xa0, 0x11, 0x4c, 0xaa,
    0xbf, 0xd1, 0x2a, 0x46, 0x1, 0xad, 0x9b, 0xff,
    0x85, 0x60, 0x1e, 0x30, 0xdf, 0xff, 0xf8, 0x84,
    0x3, 0xc6, 0x4, 0x1, 0xff, 0x8, 0x80, 0x3d,
    0x16, 0xdf, 0xff, 0xe9, 0xfd, 0x0, 0xf0, 0xa2,
    0x1d, 0x9a, 0x10, 0x66, 0x9f, 0x4c, 0xc0, 0x1f,
    0x8a, 0x26, 0x63, 0x8, 0x99, 0x42, 0x0, 0x7f,
    0xff, 0xc0, 0x3, 0x76, 0xc2, 0x1, 0x0, 0xfc,
    0x24, 0x60, 0x18, 0x44, 0xa4, 0x72, 0x1, 0xf0,

    /* U+5145 "充" */
    0x0, 0xfe, 0xae, 0x40, 0xf, 0xfe, 0x32, 0xa8,
    0x5c, 0x3, 0xff, 0x8a, 0x36, 0xc, 0x60, 0x1f,
    0xe3, 0xff, 0xf7, 0x8, 0x37, 0xff, 0xf9, 0x44,
    0xcf, 0x84, 0x0, 0x67, 0xff, 0xc0, 0x62, 0xcc,
    0xe3, 0x8, 0xcc, 0xdc, 0x9d, 0x99, 0xc6, 0x1,
    0xd4, 0x48, 0xe0, 0x19, 0xdd, 0x86, 0x1, 0xfc,
    0xea, 0x76, 0x1, 0xcb, 0x23, 0x86, 0x1, 0xf2,
    0xc1, 0x68, 0x7, 0x85, 0x20, 0x30, 0xc0, 0x39,
    0x28, 0x6, 0xb3, 0x7b, 0x9f, 0xee, 0xd8, 0x0,
    0x61, 0x80, 0x68, 0x0, 0x1a, 0x19, 0x8, 0x11,
    0x0, 0x99, 0xd8, 0x34, 0x3, 0x4b, 0x56, 0x71,
    0x6, 0xf6, 0xc0, 0x3c, 0xc4, 0xa0, 0x90, 0x4,
    0xb2, 0xa6, 0x24, 0x4, 0x1, 0xfa, 0xfc, 0x80,
    0x3e, 0x10, 0x10, 0xf, 0xfe, 0x3b, 0x82, 0x0,
    0x7f, 0xf1, 0xf4, 0x3c, 0x3, 0xfe, 0x10, 0xf,
    0x22, 0x5, 0x40, 0x3f, 0xea, 0xc0, 0xc, 0x54,
    0x10, 0x1, 0xff, 0xc0, 0x63, 0x0, 0x9b, 0x5,
    0x58, 0x3, 0x8, 0x7, 0xc4, 0x40, 0x8e, 0x91,
    0x7a, 0x0, 0xe6, 0x5, 0xcc, 0xdc, 0x8, 0x2e,
    0x2b, 0x90, 0x1, 0xe2, 0x71, 0x33, 0xc2, 0x70,
    0x3d, 0xca, 0x30, 0xf, 0xd1, 0xdf, 0xfd, 0x82,

    /* U+514B "克" */
    0x0, 0xff, 0x1a, 0x0, 0x7f, 0xf2, 0x76, 0xc0,
    0x3f, 0xf9, 0x22, 0x1, 0xff, 0xc0, 0x1f, 0xff,
    0xe0, 0x7, 0xff, 0xf2, 0x80, 0xa9, 0x9f, 0xe0,
    0x1, 0x9f, 0xe4, 0x60, 0x5, 0x66, 0x7e, 0x0,
    0x66, 0x7e, 0xb3, 0x0, 0xff, 0xe7, 0x9d, 0xe6,
    0x70, 0x3, 0x33, 0xad, 0xc0, 0x3e, 0xa4, 0x33,
    0xe0, 0x1, 0x9f, 0x24, 0x80, 0x7f, 0x5f, 0xff,
    0xfb, 0x80, 0x3f, 0xf9, 0x42, 0x1, 0xff, 0xd6,
    0x11, 0xff, 0x88, 0x3, 0xfe, 0xae, 0xef, 0xf6,
    0x80, 0x7f, 0x52, 0xa2, 0x0, 0x8, 0x91, 0x81,
    0x22, 0x16, 0x0, 0x3e, 0x3a, 0xba, 0x0, 0x5d,
    0xd2, 0xb, 0x76, 0xa6, 0x0, 0xff, 0x20, 0x18,
    0x7, 0xff, 0x22, 0x2, 0x80, 0x3f, 0xea, 0xb0,
    0xf, 0x51, 0x11, 0x80, 0x3f, 0xe7, 0x40, 0xc,
    0x9a, 0xa3, 0xe0, 0x1e, 0x10, 0xe, 0x21, 0x2,
    0xae, 0xb2, 0x3c, 0x20, 0xc, 0xc0, 0xdf, 0xdc,
    0xde, 0x4, 0x6, 0x51, 0x5b, 0xc2, 0x0, 0xe3,
    0x61, 0x1, 0x11, 0xa, 0x58, 0x27, 0xfa, 0x90,
    0x3, 0xf4, 0xf7, 0xff, 0x58, 0x80,

    /* U+5165 "入" */
    0x0, 0xcd, 0xff, 0xed, 0x10, 0xf, 0xfe, 0x9,
    0x88, 0xf0, 0x11, 0x0, 0x3f, 0xf8, 0x2b, 0xdd,
    0xcc, 0xe, 0x1, 0xff, 0xc7, 0xe0, 0x10, 0xf,
    0xfe, 0x49, 0x80, 0x7f, 0xf1, 0xa2, 0x1, 0xe0,
    0x1f, 0xfc, 0x65, 0x0, 0x28, 0x7, 0xff, 0x14,
    0x48, 0x8, 0xc0, 0x3f, 0xf8, 0xac, 0x8, 0xa0,
    0xa0, 0x1f, 0xfc, 0x4a, 0xd, 0xb0, 0xf0, 0xf,
    0xfe, 0x1a, 0x10, 0xb1, 0x99, 0x48, 0x3, 0xff,
    0x85, 0x0, 0xc0, 0xa, 0x8, 0x0, 0xff, 0xe0,
    0xa9, 0x84, 0x80, 0x18, 0x55, 0x0, 0x3f, 0xe1,
    0xb0, 0x81, 0x0, 0xac, 0x24, 0x40, 0x3f, 0xd4,
    0x24, 0xe0, 0x19, 0x50, 0xb4, 0x3, 0xfa, 0x50,
    0x3c, 0x3, 0xd4, 0x27, 0x60, 0x1f, 0x4b, 0x5,
    0x10, 0x7, 0x87, 0x41, 0x30, 0x40, 0x22, 0xc6,
    0x9, 0x50, 0xf, 0xc7, 0x82, 0x7e, 0xa0, 0xda,
    0x61, 0x6c, 0x1, 0xfe, 0x3c, 0x21, 0xa9, 0x30,
    0x4d, 0x40, 0xf, 0xfe, 0x1, 0x6b, 0x8f, 0xaf,
    0xd9, 0x0, 0x7f, 0xf0, 0xe3, 0x98,

    /* U+5168 "全" */
    0x0, 0xc5, 0x99, 0xeb, 0x20, 0xf, 0xfe, 0xb,
    0x19, 0xf9, 0x3c, 0x3, 0xff, 0x82, 0x9f, 0xf2,
    0x2, 0xa8, 0xac, 0x3, 0xff, 0x87, 0x68, 0x8a,
    0xa1, 0xa5, 0x80, 0x7f, 0xf0, 0x7, 0x11, 0x16,
    0x0, 0xc3, 0x4d, 0x20, 0xf, 0xe3, 0xf3, 0x6b,
    0x0, 0xd8, 0x85, 0x8a, 0x1, 0xf3, 0xe0, 0xc4,
    0x80, 0x7a, 0xd8, 0x6a, 0x44, 0x2, 0x2c, 0x81,
    0xb7, 0x0, 0xfd, 0x34, 0xd, 0xec, 0x11, 0xa6,
    0x91, 0xd7, 0x7f, 0xef, 0x84, 0x19, 0xbe, 0x29,
    0xbf, 0x54, 0x4f, 0xf2, 0xed, 0xd2, 0x43, 0x6b,
    0x4, 0xff, 0xee, 0x1, 0xff, 0xea, 0x5, 0xb3,
    0x0, 0xfe, 0x10, 0xf, 0xfe, 0xca, 0x4c, 0xf5,
    0x0, 0xcc, 0xf9, 0x0, 0x3d, 0xcc, 0xdc, 0xa0,
    0x6, 0x6f, 0x68, 0x7, 0xab, 0xb7, 0x78, 0x7,
    0x77, 0xba, 0x40, 0x3e, 0x12, 0x2e, 0x0, 0x11,
    0x70, 0x80, 0x7f, 0xf9, 0x6b, 0x33, 0xf0, 0xe,
    0x67, 0xeb, 0x10, 0x43, 0x3f, 0xc0, 0x3, 0x3f,
    0xc8, 0x60,

    /* U+516B "八" */
    0x0, 0xf1, 0x30, 0x1, 0x3f, 0xe4, 0x0, 0xff,
    0xe0, 0xcc, 0x90, 0x0, 0x20, 0xe, 0x0, 0xff,
    0xe0, 0xb0, 0x38, 0x27, 0x68, 0x38, 0x7, 0xff,
    0x4, 0x80, 0x80, 0x22, 0x2, 0x0, 0xff, 0xe1,
    0x88, 0x6, 0x20, 0x20, 0xf, 0xf8, 0x80, 0x80,
    0x39, 0xc1, 0xc0, 0x3f, 0xe7, 0x6, 0x0, 0xed,
    0xd, 0x0, 0xff, 0x88, 0xc, 0x3, 0x8c, 0xc,
    0x3, 0xfe, 0xd0, 0xd0, 0xe, 0x40, 0x40, 0xf,
    0xf9, 0x1, 0x0, 0x3c, 0x60, 0x80, 0x1f, 0xc4,
    0x23, 0x0, 0x7a, 0xc3, 0x40, 0x3f, 0x94, 0x1c,
    0x3, 0xe5, 0x7, 0x0, 0xfe, 0xb0, 0xd0, 0xf,
    0x88, 0x82, 0x80, 0x1f, 0x11, 0x82, 0x0, 0x7e,
    0xa0, 0x80, 0xf, 0xac, 0x18, 0x3, 0xf9, 0x80,
    0xd0, 0x3, 0x89, 0x82, 0xc0, 0x3f, 0x85, 0xc2,
    0x40, 0x3b, 0x81, 0x48, 0x3, 0xfd, 0x22, 0x52,
    0x1, 0x49, 0x8d, 0x80, 0x7f, 0xc3, 0x60, 0xcc,
    0x7, 0x60, 0xa1, 0x0, 0xff, 0xe0, 0x2b, 0x4,
    0xb0, 0x8a, 0xd0, 0x3, 0xff, 0x85, 0x2c, 0x6,
    0xdc, 0x80, 0x1f, 0xfc, 0x49, 0xf5,

    /* U+516D "六" */
    0x0, 0xfe, 0x5d, 0x10, 0xf, 0xfe, 0x3e, 0x95,
    0x80, 0x7f, 0xf1, 0xec, 0x14, 0x80, 0x3f, 0xf8,
    0xc6, 0x60, 0xa0, 0xf, 0xfe, 0x3c, 0x87, 0x80,
    0x7f, 0xf1, 0xd7, 0x1c, 0x3, 0xf9, 0xbf, 0xff,
    0xd9, 0xff, 0xfd, 0x26, 0x23, 0xff, 0xc9, 0x5e,
    0xef, 0xfe, 0x44, 0x0, 0x7f, 0xf4, 0x8, 0x80,
    0x1e, 0x42, 0x0, 0xff, 0x87, 0x34, 0x80, 0x30,
    0xde, 0x90, 0x7, 0xfa, 0x44, 0x88, 0x1, 0x85,
    0xc3, 0x80, 0x3f, 0x85, 0xc2, 0x0, 0x3d, 0x4,
    0x70, 0x1, 0xfa, 0x80, 0xd4, 0x3, 0xee, 0x7,
    0x40, 0xf, 0x2a, 0x7, 0x0, 0x7e, 0x37, 0xa,
    0x10, 0xc, 0x36, 0xe, 0x40, 0x1f, 0xd0, 0x43,
    0x60, 0x1a, 0x84, 0xa0, 0x3, 0xfe, 0xe0, 0x54,
    0x0, 0x3a, 0x7, 0x0, 0x7f, 0xf0, 0xd, 0x82,
    0x81, 0x60, 0x20, 0xc0, 0x3f, 0xf8, 0x32, 0x22,
    0x86, 0x26, 0x70, 0xf, 0xfe, 0x1d, 0x9d, 0x80,

    /* U+5173 "关" */
    0x0, 0xc3, 0x48, 0x1, 0xf8, 0xb5, 0xc0, 0x3f,
    0x96, 0x84, 0x3, 0xe8, 0x2f, 0x0, 0xfc, 0x32,
    0x30, 0x1, 0xe2, 0x51, 0x80, 0xf, 0xe6, 0x36,
    0x20, 0xe, 0x90, 0xb0, 0xf, 0xc2, 0x44, 0x94,
    0x2, 0x2c, 0xc8, 0x4e, 0x44, 0x10, 0xd, 0x7d,
    0xba, 0xa4, 0xdd, 0xe9, 0x2, 0xdd, 0xb8, 0x80,
    0x2c, 0x33, 0xf8, 0x0, 0x46, 0x7e, 0x43, 0x0,
    0x9f, 0x33, 0xe1, 0xe, 0xcc, 0xf5, 0x88, 0x7,
    0xff, 0x54, 0x40, 0x3f, 0xf8, 0x22, 0x3f, 0x80,
    0xc, 0x23, 0xf8, 0xb, 0xfb, 0xbf, 0x0, 0x2b,
    0xbb, 0xf3, 0x1a, 0x19, 0xfc, 0x40, 0x11, 0x9f,
    0xe2, 0x1b, 0xcc, 0xf9, 0x0, 0x2f, 0xcc, 0xf9,
    0x0, 0x3f, 0x13, 0x3, 0x7, 0x0, 0x7f, 0xf0,
    0xc7, 0xc1, 0x25, 0x8a, 0xc0, 0x3f, 0xf8, 0x25,
    0x84, 0x4a, 0x9, 0x24, 0xc1, 0x0, 0xff, 0x36,
    0x91, 0x3c, 0x40, 0x18, 0x47, 0xea, 0x1, 0xf3,
    0x6c, 0x82, 0xe1, 0x0, 0x43, 0x88, 0x35, 0x88,
    0x0, 0x1a, 0xf9, 0x23, 0xba, 0x10, 0xe, 0x1b,
    0x91, 0x3b, 0xe7, 0x34, 0x5, 0xcc, 0x20, 0x7,
    0xf3, 0x74, 0x98, 0x11, 0x3b, 0xe8, 0xc0, 0x3f,
    0xf8, 0x2d, 0x9c, 0xa0,

    /* U+5176 "其" */
    0x0, 0xe1, 0x0, 0xff, 0x8, 0x7, 0xf2, 0x73,
    0x80, 0x7e, 0xae, 0x10, 0xf, 0xc2, 0x1e, 0x1,
    0xf8, 0x40, 0x80, 0x3a, 0x73, 0x10, 0xd, 0x99,
    0xf9, 0x43, 0xf3, 0x12, 0x0, 0x73, 0x31, 0x0,
    0x99, 0xfe, 0x10, 0x33, 0x90, 0x1, 0xdf, 0xe9,
    0x6, 0xff, 0xfc, 0x81, 0x9f, 0xed, 0x0, 0xe3,
    0x1, 0x0, 0xff, 0xe4, 0xad, 0x57, 0xe5, 0x0,
    0xff, 0xe0, 0x12, 0xaf, 0xe1, 0x0, 0xff, 0xe0,
    0x37, 0xff, 0xe4, 0x0, 0xff, 0xe0, 0x8, 0x7,
    0xff, 0x25, 0x6a, 0xbf, 0x28, 0x7, 0xff, 0x0,
    0x95, 0x7f, 0x8, 0x7, 0xff, 0x1, 0xbf, 0xff,
    0x20, 0x7, 0xff, 0x0, 0x40, 0x3f, 0xf8, 0x82,
    0x31, 0x80, 0x8f, 0xf3, 0x83, 0x88, 0xc1, 0x5d,
    0xd4, 0x83, 0x77, 0x7e, 0x30, 0xbe, 0xe9, 0xfd,
    0x13, 0xff, 0x90, 0x6b, 0x77, 0xda, 0xfb, 0x77,
    0x8c, 0x76, 0xae, 0xf2, 0x0, 0x47, 0x3f, 0x24,
    0x1, 0xdc, 0xf3, 0xd6, 0xa0, 0x11, 0x46, 0xe3,
    0x14, 0xf3, 0x0, 0x66, 0xdd, 0x3a, 0xd7, 0x40,
    0xa3, 0x8b, 0xee, 0x98, 0x3, 0xf1, 0x47, 0x49,
    0xa0, 0x0,

    /* U+5177 "具" */
    0x0, 0xe1, 0x1f, 0xfe, 0x0, 0x7, 0xf6, 0x77,
    0x7f, 0xf0, 0x3c, 0x80, 0x3e, 0x20, 0x77, 0xff,
    0x8, 0x30, 0x7, 0xe1, 0x88, 0xff, 0x20, 0x7,
    0xf8, 0x7f, 0xff, 0xca, 0x1, 0xff, 0x3b, 0xff,
    0x88, 0x3, 0xfc, 0x31, 0x1f, 0xe7, 0x0, 0xff,
    0xb, 0xbf, 0xfc, 0x1, 0xff, 0x44, 0x7f, 0x88,
    0x3, 0xfc, 0x3f, 0xff, 0xe5, 0x0, 0xff, 0xea,
    0xf, 0xff, 0xf9, 0x40, 0x3f, 0xe7, 0x7f, 0xf1,
    0x0, 0x7f, 0x86, 0x23, 0xfc, 0xe0, 0x1c, 0x95,
    0x50, 0x8a, 0xab, 0xfc, 0x81, 0xf5, 0x45, 0xe5,
    0x58, 0x0, 0xab, 0xfe, 0x10, 0x45, 0x57, 0x57,
    0x6e, 0xe7, 0x76, 0xef, 0x95, 0x59, 0xbb, 0x75,
    0x80, 0x91, 0x7, 0x9d, 0xc0, 0x45, 0x8d, 0xd7,
    0x2c, 0x8, 0x40, 0x23, 0xbc, 0x33, 0x69, 0x0,
    0x61, 0xda, 0x26, 0xd9, 0x10, 0x4c, 0xc2, 0x14,
    0xe1, 0x0, 0x7c, 0xbb, 0x22, 0xdc, 0xc2, 0x69,
    0x5a, 0xc0, 0x1f, 0xf3, 0x73, 0x89, 0x80,

    /* U+5185 "内" */
    0x0, 0xfe, 0x21, 0x0, 0xff, 0xe3, 0x66, 0x0,
    0x3f, 0xf8, 0xc2, 0x40, 0x1f, 0xfd, 0x22, 0x2f,
    0xc0, 0x2, 0x2f, 0x84, 0x2f, 0x77, 0xf0, 0x3,
    0x77, 0xee, 0x66, 0x1, 0x19, 0xf8, 0x0, 0x67,
    0xe1, 0xe, 0x0, 0x66, 0x7b, 0x80, 0xb3, 0x3d,
    0x0, 0x1f, 0xe6, 0x6, 0x0, 0xff, 0xe2, 0x98,
    0x18, 0x7, 0xff, 0x16, 0xc1, 0xd0, 0x3, 0xff,
    0x86, 0x66, 0x10, 0xb5, 0x0, 0xc2, 0x1, 0xfd,
    0x1, 0x36, 0x14, 0xc0, 0x1f, 0xfc, 0x6, 0x41,
    0x74, 0xc0, 0x96, 0x0, 0xff, 0x2c, 0x85, 0x0,
    0xe, 0xc2, 0x58, 0x3, 0xf4, 0xd0, 0x4a, 0x0,
    0x49, 0x61, 0x28, 0x1, 0xee, 0x61, 0xa6, 0x0,
    0xe4, 0x90, 0xf0, 0xf, 0x4b, 0x7a, 0x80, 0x7c,
    0xd5, 0x40, 0xf, 0x3c, 0x88, 0x7, 0xf2, 0x8f,
    0x80, 0x7f, 0xf7, 0x7c, 0x3, 0xff, 0x82, 0x7f,
    0xee, 0x70, 0x27, 0x21, 0x0, 0xff, 0x1a, 0x8,
    0x1b, 0xa8,

    /* U+518D "再" */
    0x0, 0x77, 0xff, 0xff, 0x1b, 0x84, 0x2, 0x52,
    0x2f, 0xc0, 0x2, 0x2f, 0xca, 0x20, 0x15, 0xee,
    0xfe, 0x1, 0xdd, 0xfd, 0x60, 0x1f, 0xfd, 0x11,
    0xef, 0xff, 0x0, 0xff, 0xfb, 0x84, 0x3, 0xc6,
    0x20, 0x67, 0xc0, 0x3, 0x3e, 0x1, 0x30, 0xf,
    0x8, 0x26, 0x67, 0x0, 0xe6, 0x72, 0x0, 0x80,
    0x7f, 0xf5, 0x16, 0xab, 0x80, 0x6a, 0xb9, 0x40,
    0x3f, 0xc2, 0xab, 0xc0, 0x5, 0x5e, 0x10, 0xf,
    0xf2, 0x7f, 0xee, 0x1, 0xff, 0xe4, 0x0, 0xff,
    0xe1, 0x88, 0x7, 0xff, 0x6b, 0x3f, 0x1, 0x3f,
    0xf8, 0x7, 0xff, 0x90, 0x33, 0xf4, 0x0, 0xc4,
    0x40, 0x1, 0x17, 0xff, 0x0, 0x0, 0x44, 0x60,
    0x5, 0x6f, 0x2, 0x6e, 0xff, 0xf0, 0x10, 0x3b,
    0x6c, 0x3, 0xff, 0xf2, 0x20, 0x1f, 0xfc, 0x55,
    0xdd, 0x90, 0xc, 0x3, 0xc4, 0x38, 0x1, 0xf9,
    0xc0, 0x8c, 0xd4, 0x20, 0x10,

    /* U+51B0 "冰" */
    0x0, 0xff, 0xe0, 0xc1, 0x80, 0x7f, 0xf2, 0x11,
    0xe4, 0x3, 0xf1, 0xc9, 0x0, 0x7f, 0xf2, 0x29,
    0xb5, 0xc0, 0x3f, 0xf8, 0xf3, 0x1, 0x16, 0x1,
    0xff, 0xc7, 0x7c, 0x14, 0x20, 0xf, 0xce, 0x1,
    0x96, 0x0, 0x31, 0xfd, 0x93, 0x34, 0xa8, 0x20,
    0x2, 0x10, 0x1, 0xd3, 0x88, 0x6, 0x14, 0x44,
    0xcd, 0x57, 0x80, 0x12, 0x1, 0x68, 0x50, 0x80,
    0x79, 0x2a, 0x64, 0xe0, 0x20, 0x17, 0x96, 0xc,
    0xa8, 0x7, 0xe5, 0x66, 0x68, 0x28, 0x4, 0xb8,
    0x30, 0xc0, 0x1f, 0xfc, 0xf, 0xc, 0x0, 0x10,
    0xc, 0xb8, 0x7, 0xc3, 0x20, 0x19, 0x1, 0x40,
    0xe, 0x44, 0x60, 0xf, 0xd0, 0xc8, 0x0, 0x51,
    0x50, 0xd, 0x44, 0xa0, 0x1f, 0x13, 0xa, 0x0,
    0x24, 0x24, 0x3, 0x30, 0x40, 0x7, 0xd0, 0x12,
    0x0, 0x43, 0x38, 0x3, 0xb, 0x94, 0x0, 0x72,
    0x28, 0xb8, 0x2, 0x42, 0x0, 0x3d, 0x22, 0xea,
    0x1, 0xa4, 0x20, 0x1, 0x44, 0xa8, 0x1, 0xe1,
    0xb0, 0xa5, 0x0, 0x39, 0x1b, 0x4, 0xa8, 0xd8,
    0x7, 0xe5, 0x70, 0xa9, 0xf, 0xf, 0x1, 0x61,
    0xd1, 0x0, 0xfe, 0x87, 0x7, 0x8, 0xe3, 0x1,
    0xcc, 0x18, 0x7, 0xfd, 0x19, 0xe0, 0x1, 0x0,
    0x8c, 0x80, 0x3f, 0xf8, 0x26, 0x20, 0x1f, 0xe5,
    0xee, 0x58, 0x68, 0x7, 0xff, 0x15, 0xcc, 0x44,
    0xce, 0x1, 0xf8,

    /* U+51B7 "冷" */
    0x0, 0xff, 0xe0, 0x98, 0x7, 0xf2, 0x10, 0x7,
    0xf3, 0xe3, 0x0, 0x7e, 0xbc, 0x10, 0xf, 0x8a,
    0x2, 0x80, 0x3f, 0x38, 0xd0, 0x7, 0xde, 0xa,
    0x74, 0x1, 0xf4, 0x12, 0x28, 0x7, 0x59, 0x3d,
    0x32, 0xd0, 0x7, 0xd2, 0x10, 0x1, 0xad, 0x11,
    0x1, 0x2a, 0xab, 0x0, 0xf2, 0x18, 0x80, 0x56,
    0x87, 0x60, 0x15, 0x2a, 0x69, 0x0, 0x76, 0x60,
    0xb, 0x50, 0xe9, 0x57, 0xbd, 0x4b, 0x5c, 0x3,
    0xcb, 0xa4, 0xd5, 0x35, 0x5e, 0x9, 0x8, 0xc0,
    0xe, 0x13, 0xa9, 0x6a, 0x99, 0xea, 0x86, 0xd5,
    0x80, 0xe, 0x4c, 0x50, 0x2, 0xb3, 0x72, 0x90,
    0x15, 0x20, 0x7, 0xe5, 0x66, 0xf3, 0xbc, 0xc2,
    0x1, 0xe2, 0x0, 0x1d, 0x4c, 0xfa, 0x22, 0x9c,
    0x0, 0xe5, 0xd3, 0x3, 0xba, 0xaf, 0xc2, 0x14,
    0x1, 0xd2, 0x2, 0x0, 0x45, 0x5f, 0xb4, 0x4d,
    0xc0, 0x31, 0x1a, 0x10, 0x7, 0xf2, 0xb8, 0xe8,
    0x7, 0x58, 0x70, 0x6, 0x1a, 0x50, 0x2, 0x50,
    0x68, 0x80, 0x61, 0x61, 0x50, 0xc, 0x6b, 0x4e,
    0x96, 0x16, 0x60, 0x1d, 0x21, 0x20, 0x1c, 0x58,
    0x11, 0x61, 0x68, 0x1, 0xc2, 0xe0, 0xc0, 0x1e,
    0x3b, 0x0, 0x2a, 0x0, 0x78, 0xc1, 0x84, 0x3,
    0xe4, 0xa0, 0x55, 0x0, 0x78, 0xbe, 0x40, 0x3f,
    0x96, 0x2, 0x80, 0x3f, 0xf8, 0xee, 0xc8, 0x1,
    0xe0,

    /* U+51BB "冻" */
    0x0, 0xff, 0x90, 0xc0, 0x3f, 0xf9, 0x17, 0x80,
    0x1f, 0xcb, 0xea, 0x1, 0xf2, 0x81, 0x80, 0x7f,
    0x38, 0x51, 0x0, 0x8, 0xce, 0xf0, 0x63, 0x3f,
    0xc0, 0x50, 0x1c, 0x0, 0xdc, 0xc9, 0x41, 0x73,
    0x3f, 0x50, 0x39, 0x1b, 0x3, 0xaa, 0x8c, 0x5,
    0x57, 0xf3, 0x70, 0x2, 0x42, 0xc2, 0x2a, 0x8a,
    0x13, 0x55, 0xfa, 0x50, 0x0, 0x86, 0xe0, 0x19,
    0xc1, 0x80, 0x54, 0x3, 0xfd, 0x94, 0x1, 0x28,
    0xa8, 0x84, 0xd2, 0x0, 0x7f, 0xf0, 0xa0, 0x24,
    0x0, 0x20, 0x20, 0x1f, 0xfc, 0x14, 0x23, 0x30,
    0x7, 0xff, 0x1a, 0x40, 0xb3, 0x27, 0x8, 0xcc,
    0xad, 0x80, 0x3f, 0x18, 0x9, 0x9c, 0x20, 0x46,
    0x72, 0x60, 0x6, 0x7a, 0x0, 0x66, 0xf7, 0x66,
    0xa, 0xee, 0xd4, 0x1, 0xa5, 0x40, 0x4, 0x41,
    0x1c, 0x0, 0x11, 0xe0, 0xc, 0xa2, 0xc0, 0x11,
    0xd9, 0x80, 0x79, 0xe4, 0x3, 0xa4, 0x2c, 0x2,
    0xe4, 0x70, 0xf, 0x7b, 0x48, 0x4, 0x66, 0x42,
    0x0, 0x29, 0x1a, 0x0, 0x67, 0x8, 0x26, 0x40,
    0x4, 0x4, 0x0, 0x6, 0xc3, 0xc0, 0x3f, 0x48,
    0x50, 0x22, 0x46, 0x0, 0xd1, 0x73, 0x0, 0xfc,
    0x8a, 0x2d, 0xc1, 0x0, 0x1, 0x25, 0x80, 0xf,
    0x8, 0x5, 0x8, 0xb5, 0xc6, 0x0, 0x1e, 0xa0,
    0x3, 0xee, 0x98, 0x3, 0x8a, 0xcc, 0x4, 0x3,
    0xf1, 0x98, 0x85, 0xc8, 0x3, 0xc0,

    /* U+51C6 "准" */
    0x0, 0xff, 0xe6, 0x18, 0x7, 0xcb, 0xea, 0x0,
    0x9e, 0x10, 0xf, 0x3e, 0x28, 0x7, 0xa0, 0x18,
    0x0, 0x22, 0xb0, 0xf, 0x10, 0x58, 0x80, 0x63,
    0x23, 0x30, 0x2, 0x5, 0x48, 0x3, 0x94, 0xc6,
    0x80, 0x34, 0x4, 0x80, 0x68, 0x20, 0xf, 0xb8,
    0x11, 0x0, 0x3, 0x40, 0xaf, 0xfd, 0x25, 0xbf,
    0xf6, 0x80, 0x9, 0x83, 0x40, 0x1e, 0x0, 0x22,
    0xe0, 0x1, 0x16, 0x60, 0xa, 0xe, 0x81, 0x8c,
    0x17, 0x77, 0x60, 0xe, 0xee, 0xb0, 0x8, 0x70,
    0xca, 0x40, 0x3f, 0xf9, 0x3e, 0x8, 0x1, 0xff,
    0xc7, 0xa2, 0x48, 0x5, 0xff, 0xdc, 0x3, 0xff,
    0x9c, 0x3, 0xb0, 0xe8, 0x2, 0x22, 0xe0, 0x1,
    0x17, 0x0, 0x73, 0x60, 0x80, 0x17, 0x77, 0x60,
    0xe, 0xee, 0x50, 0xc, 0x6c, 0x1, 0xff, 0xc9,
    0xe9, 0x20, 0xf, 0xfe, 0x3a, 0x10, 0x90, 0x4,
    0xbf, 0xfb, 0x80, 0x7f, 0xf3, 0x0, 0x5e, 0xc,
    0x1, 0xc2, 0x3c, 0x0, 0x11, 0x88, 0x2, 0x24,
    0x9, 0x0, 0xcb, 0xdd, 0xbc, 0x7, 0xba, 0xd6,
    0x0, 0x40, 0x28, 0x80, 0x7f, 0xf1, 0x8d, 0x42,
    0x0, 0x3f, 0xf8, 0xfe, 0xa, 0x40, 0x1c, 0xbb,
    0xbb, 0x0, 0x77, 0x79, 0x54, 0x30, 0x1, 0x88,
    0x40, 0x8b, 0x80, 0x4, 0x5e,

    /* U+51C9 "凉" */
    0x0, 0xff, 0xe0, 0x9, 0x80, 0x7f, 0x18, 0x7,
    0xfa, 0xb0, 0xc0, 0x3e, 0x6c, 0x70, 0xf, 0xec,
    0x9, 0x0, 0xf9, 0x2, 0x8, 0x0, 0xb5, 0x5d,
    0x80, 0xb5, 0x5d, 0x0, 0x4e, 0x12, 0x0, 0x95,
    0x5e, 0x40, 0x2, 0xaf, 0x38, 0x84, 0x82, 0x18,
    0x6e, 0x67, 0xff, 0x7, 0x44, 0x5, 0xc2, 0x0,
    0x4c, 0xff, 0xf8, 0x24, 0x1, 0x48, 0x38, 0x0,
    0xb7, 0xbb, 0xfc, 0xa0, 0x18, 0x6f, 0x40, 0x8,
    0x40, 0x67, 0xf0, 0xe, 0x0, 0x72, 0x8, 0x6,
    0x9d, 0xdf, 0xa8, 0x3, 0xff, 0xdb, 0x37, 0x7f,
    0x48, 0x7, 0xd7, 0xc0, 0x5, 0x1, 0x44, 0xf8,
    0x83, 0xc0, 0x30, 0xa0, 0x4, 0x7f, 0xfa, 0x81,
    0x7f, 0xf3, 0x0, 0x66, 0x9, 0x0, 0x99, 0x80,
    0x1f, 0x32, 0x0, 0x74, 0x83, 0x0, 0xa, 0x6c,
    0x3, 0xeb, 0xb1, 0x80, 0x4a, 0x2a, 0x20, 0x9,
    0x8, 0x0, 0xfa, 0x3, 0xc0, 0x28, 0x9, 0x0,
    0x2a, 0x12, 0x80, 0x7c, 0xa6, 0x66, 0x5, 0x24,
    0x30, 0x1b, 0xe, 0x0, 0xfe, 0xf0, 0x80, 0xe0,
    0x80, 0x4, 0x8b, 0x98, 0x7, 0xf1, 0xa1, 0x85,
    0xf1, 0x80, 0x22, 0xa0, 0xa, 0xed, 0x0, 0x60,
    0x1a, 0xf4, 0x0, 0x20, 0x19, 0x40, 0x4, 0xe8,
    0x47, 0x60, 0x1f, 0x0,

    /* U+51E0 "几" */
    0x0, 0xff, 0xe8, 0x67, 0xff, 0xf8, 0x40, 0x3f,
    0xe2, 0x1, 0x22, 0xf0, 0x0, 0x80, 0x3f, 0xf8,
    0x3d, 0xbb, 0xe4, 0x0, 0xff, 0xff, 0x80, 0x7f,
    0xfa, 0x44, 0x3, 0xff, 0xc0, 0x40, 0x40, 0x1f,
    0xfc, 0x87, 0x6, 0x0, 0xff, 0xe4, 0x68, 0x60,
    0x7, 0xff, 0x21, 0x41, 0x0, 0x3f, 0xf8, 0xe6,
    0x42, 0x60, 0x1f, 0xfc, 0x1a, 0xb0, 0xd, 0x1,
    0x20, 0x1f, 0xfc, 0x26, 0x41, 0x0, 0x32, 0xb,
    0x80, 0x7f, 0xf0, 0x84, 0x4, 0x16, 0x42, 0x80,
    0x3f, 0xe7, 0x0, 0x88, 0x80, 0xb4, 0x10, 0x80,
    0x1f, 0xc4, 0x17, 0xba, 0xe0, 0x40, 0x11, 0x43,
    0x80, 0x7f, 0xac, 0xc0, 0x88, 0x27, 0x0,

    /* U+51FA "出" */
    0x0, 0xff, 0x76, 0x80, 0x7f, 0xf1, 0xc8, 0x48,
    0x3, 0xff, 0x81, 0x7a, 0x1, 0xff, 0xc2, 0xdd,
    0x0, 0x64, 0x22, 0x0, 0x7f, 0xf0, 0x4, 0x88,
    0x20, 0x1f, 0xff, 0xf0, 0xf, 0xfe, 0x30, 0x80,
    0x7c, 0x20, 0x18, 0xc0, 0x3f, 0x67, 0xfe, 0xd0,
    0x7, 0x7f, 0xed, 0x0, 0xf2, 0x8, 0x7, 0xff,
    0xc, 0xc4, 0x2, 0xbe, 0xff, 0xed, 0x0, 0x7f,
    0xfd, 0x80, 0x11, 0x90, 0x7, 0xff, 0x10, 0xc8,
    0x1, 0x9a, 0x1, 0xff, 0xc4, 0xcd, 0x11, 0x0,
    0x4, 0x3, 0xff, 0x84, 0x20, 0x1f, 0xff, 0xf0,
    0xf, 0xfe, 0xef, 0x7f, 0xf6, 0x80, 0x3f, 0xfd,
    0xc0, 0x10, 0x90, 0x7, 0xff, 0x18, 0x84,

    /* U+51FB "击" */
    0x0, 0xff, 0xeb, 0xef, 0x0, 0x7f, 0xf2, 0x88,
    0x48, 0x3, 0xff, 0xb2, 0x68, 0x9f, 0x0, 0x1d,
    0x13, 0xc6, 0x1, 0xc5, 0x97, 0x7f, 0x0, 0x2a,
    0xef, 0xd8, 0xa0, 0x18, 0xd5, 0x13, 0xe0, 0x1,
    0xa2, 0x7c, 0xe0, 0x18, 0x6a, 0xef, 0xe0, 0x7,
    0x5d, 0xfc, 0x40, 0x1f, 0xfe, 0x7b, 0xdd, 0xfe,
    0x0, 0x7e, 0xef, 0xeb, 0x0, 0x21, 0x17, 0xf0,
    0x0, 0x8b, 0xf9, 0x4, 0x3b, 0x33, 0xf8, 0x1,
    0x79, 0x9f, 0xb8, 0x40, 0x4c, 0xff, 0x80, 0xc,
    0x67, 0xf8, 0x40, 0x32, 0x20, 0x3, 0xff, 0x84,
    0x86, 0x1, 0xeb, 0xb0, 0x80, 0x7f, 0xf0, 0x6f,
    0x0, 0x3f, 0xf9, 0x22, 0x1, 0xff, 0xff, 0x0,
    0xf8, 0xc0, 0x3f, 0xf9, 0x7b, 0xff, 0xc0, 0xd,
    0xff, 0xdc, 0x1, 0xf8, 0xc0, 0x3f, 0xf8, 0x86,
    0x1, 0x0,

    /* U+5206 "分" */
    0x0, 0xff, 0xe8, 0x4a, 0x1, 0x7f, 0xf3, 0x0,
    0x7f, 0xce, 0xde, 0x6, 0x86, 0x62, 0x8, 0x0,
    0xff, 0xa8, 0x38, 0x6, 0xf3, 0x1a, 0xa2, 0xc0,
    0x1f, 0xc6, 0x42, 0xa0, 0x1e, 0x90, 0x81, 0x0,
    0xfd, 0xe1, 0x20, 0x1f, 0x1a, 0x8d, 0x80, 0x7c,
    0xc6, 0x2e, 0x1, 0xfa, 0xc5, 0x58, 0x3, 0x92,
    0x42, 0x80, 0x3f, 0x86, 0x82, 0x50, 0x2, 0x4b,
    0x8, 0x40, 0xf, 0xf2, 0x38, 0x5a, 0x83, 0x58,
    0x16, 0xd5, 0x7f, 0xf0, 0x5, 0x42, 0xa9, 0xe0,
    0xf4, 0xab, 0xff, 0xc1, 0x6f, 0x80, 0x39, 0xe8,
    0x7c, 0xcc, 0x41, 0x19, 0x9c, 0x60, 0x7, 0xe9,
    0x1, 0x0, 0x19, 0xf0, 0x29, 0x9f, 0x30, 0x8,
    0x8, 0x7, 0xe1, 0x10, 0x10, 0x7, 0x8, 0x7,
    0xff, 0x1, 0x1, 0x0, 0x3c, 0xe0, 0xe0, 0x1f,
    0xee, 0xc, 0x0, 0xf0, 0x80, 0x80, 0x7f, 0x1a,
    0x3, 0x0, 0x78, 0xc0, 0xc0, 0x3f, 0xbc, 0x14,
    0x40, 0x3c, 0x20, 0x20, 0x1f, 0xa0, 0xc2, 0xc0,
    0x3c, 0x40, 0x40, 0x1f, 0xa1, 0xc2, 0x84, 0x3,
    0xcc, 0xc, 0x1, 0xe4, 0xc7, 0x8, 0x50, 0xf,
    0xb8, 0xc, 0x3, 0xaa, 0xcc, 0x29, 0xc0, 0x22,
    0xee, 0x6f, 0x28, 0x58, 0x7, 0x68, 0x37, 0x28,
    0x6, 0x24, 0x12, 0x12, 0x93, 0x0, 0xc0,

    /* U+5207 "切" */
    0x0, 0xc4, 0x20, 0x1f, 0xfc, 0x9d, 0xd0, 0x7,
    0x9, 0x17, 0xf0, 0x80, 0x78, 0x40, 0x36, 0x76,
    0xef, 0xf7, 0x40, 0x7, 0xfa, 0xd1, 0x20, 0x2,
    0x26, 0x20, 0x20, 0xf, 0xf3, 0xdd, 0xc0, 0x37,
    0x7a, 0x40, 0xc0, 0x3e, 0x36, 0x92, 0x0, 0xfe,
    0x10, 0xc, 0x4c, 0x5, 0xf9, 0x2c, 0x80, 0x18,
    0xc0, 0x31, 0x80, 0x8b, 0xb6, 0x40, 0x6, 0xf5,
    0xac, 0x0, 0x10, 0x10, 0xf, 0x85, 0x1a, 0x40,
    0xb2, 0x14, 0x80, 0x23, 0x7, 0x0, 0xc2, 0x1e,
    0x15, 0x2c, 0x1, 0xfc, 0xc0, 0x40, 0x1b, 0xc0,
    0x40, 0x3f, 0xf8, 0x26, 0x1c, 0x1, 0xff, 0xc8,
    0xd0, 0x20, 0xc, 0x20, 0x60, 0x1f, 0xfc, 0x14,
    0x7, 0x0, 0xc6, 0x2, 0x1, 0xf9, 0x6d, 0xc0,
    0xc4, 0x88, 0x1, 0x84, 0x1c, 0x3, 0x8e, 0x3a,
    0x90, 0x82, 0x81, 0x40, 0x39, 0xc0, 0x40, 0x24,
    0x1, 0x71, 0x7e, 0x51, 0x60, 0xa0, 0xe, 0x20,
    0x30, 0xa, 0x40, 0x63, 0xe0, 0x42, 0xc1, 0x88,
    0x3, 0x84, 0x4, 0x2, 0xb8, 0xe7, 0x0, 0x9d,
    0x46, 0x0, 0x38, 0xc0, 0x80, 0x33, 0x38, 0x6,
    0x78, 0xa, 0x10, 0xe, 0xa0, 0x70, 0xf, 0xeb,
    0x80, 0xa4, 0x0, 0x46, 0xeb, 0x98, 0x38, 0x3,
    0xfc, 0x58, 0xa0, 0x16, 0x19, 0x9, 0x4a, 0x0,
    0x7f, 0x5e, 0x98, 0x6, 0x4e, 0xff, 0x6b, 0x0,
    0x0,

    /* U+5220 "删" */
    0x1, 0x99, 0xcc, 0x3, 0x13, 0x32, 0x0, 0x73,
    0x68, 0x1, 0x19, 0xb4, 0x83, 0x3b, 0x35, 0x20,
    0x1d, 0x84, 0x20, 0x61, 0x5c, 0x60, 0xf, 0xc,
    0xe2, 0x0, 0xa4, 0xc0, 0x3e, 0x61, 0x70, 0xc,
    0x42, 0x20, 0x9, 0x90, 0x3, 0xff, 0x8e, 0x21,
    0xe0, 0x1f, 0xff, 0xb1, 0x7, 0x10, 0x0, 0x80,
    0x8, 0x44, 0x1, 0xfd, 0x90, 0x17, 0xc8, 0x1c,
    0xe1, 0x9c, 0x44, 0xe0, 0xf, 0xac, 0x80, 0xd0,
    0x41, 0x8, 0x8, 0xc0, 0xc, 0x1, 0xf3, 0xd8,
    0x7d, 0xa8, 0x5a, 0x86, 0x60, 0xca, 0x0, 0x3f,
    0xfa, 0x42, 0x2, 0x1, 0x84, 0x4, 0x3, 0xff,
    0x8e, 0x60, 0x1f, 0xfc, 0x2e, 0x2, 0x0, 0xc2,
    0x20, 0xe, 0x14, 0xc0, 0xe, 0x20, 0xf, 0x39,
    0x0, 0x7a, 0xd0, 0x3, 0x98, 0xc0, 0x38, 0xd8,
    0x3, 0xff, 0x80, 0x44, 0x50, 0xc, 0x41, 0xa0,
    0x1f, 0xfc, 0xa, 0xd, 0x6a, 0x51, 0x40, 0x47,
    0xa3, 0x10, 0xf, 0xc2, 0x48, 0xa, 0x11, 0x86,
    0x6f, 0x51, 0x90, 0x1, 0x5d, 0x90, 0x6, 0x74,
    0x1b, 0xf9, 0xab, 0x2, 0x3f, 0x94, 0x0, 0x6c,
    0x81, 0x20,

    /* U+5230 "到" */
    0x0, 0xff, 0xee, 0x76, 0x17, 0x7f, 0xff, 0xb4,
    0x9, 0x0, 0x21, 0x23, 0x22, 0x84, 0x4, 0x8b,
    0x98, 0x26, 0xc0, 0x38, 0x73, 0x74, 0x61, 0xbb,
    0x66, 0xea, 0xc1, 0xc0, 0x40, 0x3e, 0x52, 0x53,
    0x9, 0xe3, 0x0, 0xff, 0xe0, 0xd8, 0x58, 0x2,
    0xc3, 0x48, 0x3, 0xfe, 0x91, 0x91, 0x2, 0x15,
    0x1e, 0x0, 0xff, 0x33, 0x2, 0x3f, 0xdb, 0x8a,
    0x6, 0xe0, 0x1f, 0xc6, 0x0, 0x34, 0x67, 0x9b,
    0xc0, 0xa0, 0xf, 0xe5, 0xef, 0xdb, 0xfc, 0x64,
    0x3c, 0xf0, 0xf, 0xf0, 0x80, 0x53, 0x20, 0x8,
    0xc8, 0x3, 0xff, 0xa4, 0xff, 0xf8, 0xb, 0xff,
    0x38, 0x7, 0xf1, 0xa2, 0x60, 0x2, 0x26, 0x30,
    0xf, 0xe4, 0xbb, 0xc0, 0x57, 0x79, 0x0, 0x3f,
    0xf9, 0x4c, 0x2, 0x1, 0xff, 0xc2, 0x36, 0x50,
    0xaf, 0x0, 0xfe, 0x25, 0x2, 0xdf, 0xc9, 0x80,
    0xf, 0xc3, 0x39, 0xfb, 0x40, 0x3, 0x47, 0xaf,
    0x0, 0xfc, 0x4c, 0x62, 0x8f, 0x7d, 0xcb, 0x85,
    0x20, 0x1, 0x66, 0x34, 0x8, 0xf7, 0xb9, 0x70,
    0x82, 0x1, 0xf1, 0x81, 0x91, 0xf8,

    /* U+5236 "制" */
    0x0, 0x34, 0x80, 0x36, 0x40, 0x3f, 0xe7, 0xa0,
    0xa, 0x18, 0x4, 0x94, 0x3, 0xe1, 0x20, 0x5,
    0xa8, 0x81, 0xa, 0x80, 0x7f, 0xd9, 0x80, 0xf,
    0x28, 0x2f, 0xf0, 0x1f, 0xfe, 0x60, 0x1, 0x88,
    0x7, 0xa8, 0xc, 0xe0, 0x1, 0x9e, 0x20, 0xf,
    0xe6, 0x26, 0xcc, 0x68, 0x1e, 0x66, 0x40, 0xf,
    0xee, 0xb, 0x0, 0xff, 0xe3, 0x89, 0x7e, 0xeb,
    0x0, 0xf7, 0x79, 0x0, 0x3f, 0x19, 0xf8, 0x0,
    0x67, 0xc2, 0x1, 0xfa, 0xbb, 0xb7, 0x81, 0xf7,
    0x72, 0x80, 0x7f, 0xf4, 0xdf, 0x37, 0x58, 0x7,
    0xbb, 0x62, 0x80, 0x7f, 0xac, 0xc8, 0xa0, 0x1,
    0x14, 0x7c, 0x1, 0xfe, 0x10, 0xff, 0x70, 0x1f,
    0xfb, 0x80, 0x3f, 0xf9, 0xca, 0x40, 0x1f, 0xfc,
    0x8b, 0xd0, 0xf, 0xff, 0x30, 0x80, 0x78, 0xbf,
    0x80, 0x80, 0x3f, 0xd3, 0x0, 0x1c, 0x4e, 0xaf,
    0x0, 0x1e, 0x10, 0x9, 0x5c, 0x3, 0xd1, 0x50,
    0x20, 0x2, 0xff, 0x88, 0x4, 0x3, 0x84, 0x4a,
    0x1, 0xf1, 0x20, 0x0, 0xec, 0x0,

    /* U+5237 "刷" */
    0x0, 0x84, 0x7f, 0xc0, 0x1f, 0x65, 0x0, 0x1f,
    0xbb, 0xfd, 0x20, 0x1e, 0x37, 0x0, 0x68, 0x22,
    0xaf, 0x90, 0x14, 0x23, 0x0, 0x3f, 0xaa, 0xbf,
    0x0, 0x48, 0x60, 0x1f, 0xfd, 0x36, 0x77, 0xf4,
    0x80, 0x7f, 0xf0, 0xa2, 0x3e, 0x70, 0x60, 0xf,
    0xfe, 0x5, 0x5d, 0xc0, 0x57, 0x78, 0x3, 0xff,
    0x80, 0x89, 0x80, 0x51, 0x21, 0x0, 0xff, 0xe0,
    0x1a, 0xb3, 0x0, 0x59, 0x8a, 0x40, 0x1f, 0xfc,
    0x8, 0xa9, 0x90, 0x14, 0xca, 0xb8, 0x3, 0xfc,
    0x20, 0x1, 0xbb, 0x1, 0x5d, 0x88, 0x40, 0x3f,
    0xf8, 0x48, 0x80, 0x14, 0x40, 0x80, 0x7f, 0xce,
    0x20, 0x1f, 0xfc, 0x82, 0x30, 0xf, 0xfe, 0x40,
    0xb0, 0x7, 0xfd, 0x12, 0x1, 0xe2, 0x2, 0x0,
    0xff, 0x91, 0x80, 0x3c, 0x81, 0xe0, 0x1e, 0x4b,
    0x31, 0x0, 0xfe, 0xc0, 0x42, 0x20, 0x6, 0x77,
    0x1c, 0x0, 0x7e, 0x15, 0x12, 0x8c, 0x0, 0xc7,
    0x98, 0x40, 0xf, 0xc6, 0x12, 0x1, 0xff, 0xc1,
    0x4e, 0xe7, 0x83, 0x16, 0x38, 0x7, 0x22, 0x0,
    0x3c, 0xa6, 0x20, 0x92,

    /* U+523A "刺" */
    0x0, 0xf1, 0x6a, 0x0, 0x7f, 0xcc, 0xe0, 0x1f,
    0x39, 0x18, 0x7, 0xfd, 0x70, 0x0, 0x5b, 0xbd,
    0x21, 0x57, 0x79, 0x42, 0xa4, 0x3, 0xec, 0x44,
    0xc6, 0x4, 0x89, 0xbc, 0x15, 0x0, 0x3e, 0x9f,
    0xee, 0xa8, 0x23, 0xba, 0xfa, 0x0, 0xff, 0xe0,
    0x8, 0xc0, 0x10, 0x8c, 0x1, 0xff, 0xc1, 0x9d,
    0xda, 0xc2, 0x77, 0x6b, 0x0, 0xff, 0xe0, 0x31,
    0x19, 0x80, 0x23, 0x31, 0x21, 0x80, 0x7f, 0xf0,
    0x13, 0xb9, 0x61, 0x3d, 0xc8, 0x0, 0xff, 0xf9,
    0x90, 0x1, 0xae, 0x40, 0x40, 0x3f, 0xe6, 0xd0,
    0x19, 0x0, 0x28, 0x14, 0x10, 0x7, 0xfd, 0x2c,
    0x10, 0x21, 0x2f, 0x78, 0xe0, 0x1f, 0xfc, 0x25,
    0x61, 0x1, 0xb9, 0x0, 0xff, 0xe1, 0x95, 0xc,
    0x3, 0xa3, 0x69, 0x0, 0x2f, 0x80, 0x3f, 0x16,
    0x5, 0x98, 0x7d, 0xb9, 0x68, 0x82, 0x18, 0x7,
    0xc7, 0x82, 0xea, 0x1, 0xa2, 0x8c, 0x40, 0x3f,
    0xda, 0x2d, 0x0, 0x1e, 0x5c, 0x0, 0xff, 0x9e,
    0x24, 0x3, 0xff, 0x88, 0x60, 0x14, 0xb8, 0x7,
    0xff, 0x5, 0x7b, 0x78, 0x44, 0x1, 0xf3, 0x89,
    0x80, 0x7c, 0xe6, 0x42, 0x74, 0x0,

    /* U+523B "刻" */
    0x0, 0xe2, 0x40, 0xf, 0xfe, 0x44, 0x5b, 0x0,
    0x7f, 0xd7, 0xc0, 0x1e, 0x90, 0x90, 0xf, 0xf9,
    0x84, 0x46, 0xef, 0x90, 0x42, 0x5d, 0xe6, 0x0,
    0x42, 0x80, 0x74, 0xc4, 0x70, 0x83, 0x44, 0x52,
    0x80, 0xf2, 0x1, 0xd7, 0x55, 0x30, 0xd, 0x57,
    0x5a, 0x0, 0x7e, 0x15, 0x52, 0x38, 0x6a, 0xaf,
    0x20, 0x7, 0xff, 0x3, 0x46, 0x4c, 0x0, 0xfe,
    0x60, 0x1f, 0xfc, 0xa, 0x37, 0x60, 0x1, 0x40,
    0x10, 0x7, 0xfd, 0x2a, 0x5, 0x79, 0x90, 0x48,
    0x80, 0x7f, 0xca, 0x0, 0x55, 0x9, 0x8a, 0x30,
    0x7, 0xff, 0x3, 0xb7, 0xfd, 0xca, 0x5, 0x60,
    0x86, 0x1, 0xfe, 0x22, 0x0, 0x25, 0xcb, 0x1,
    0x2f, 0x80, 0x3f, 0xf8, 0x3, 0x6c, 0x58, 0x22,
    0x90, 0x90, 0xf, 0xf9, 0x7d, 0x11, 0xa2, 0x14,
    0x4c, 0x80, 0x1f, 0xc3, 0x94, 0x31, 0x60, 0xb,
    0x44, 0x48, 0x7, 0xf8, 0x40, 0xf1, 0xc0, 0x71,
    0x2, 0x80, 0x33, 0x50, 0x7, 0xb3, 0x6, 0x7,
    0x86, 0x21, 0x40, 0x1a, 0x58, 0x3, 0xf9, 0xf0,
    0x9b, 0x95, 0x30, 0x40, 0x3f, 0xe4, 0xd8, 0x9,
    0x90, 0x53, 0x1e, 0x8, 0x7, 0xe2, 0xdb, 0x24,
    0xd6, 0x0, 0xa5, 0x48, 0x80, 0x31, 0x9, 0x20,
    0x13, 0x3, 0xbb, 0x10, 0x7, 0x56, 0x98, 0x13,
    0xb9, 0x81, 0x80, 0x77, 0x10, 0x3, 0xf1, 0x0,
    0xf, 0xb3, 0x7e, 0x40,

    /* U+5242 "剂" */
    0x0, 0xf2, 0x0, 0x7f, 0xf0, 0x44, 0x3, 0xcb,
    0x74, 0x1, 0xff, 0x57, 0x0, 0x79, 0x49, 0x50,
    0x3, 0xfc, 0x20, 0x2, 0xaa, 0xe0, 0x4, 0xd5,
    0x65, 0x1, 0x0, 0xf2, 0x2a, 0xf1, 0x1, 0x2a,
    0xef, 0xe, 0xa0, 0xe, 0x6e, 0xef, 0xc8, 0x15,
    0xd4, 0x20, 0x20, 0x1e, 0x12, 0xc7, 0x11, 0x89,
    0xd, 0x44, 0x3, 0xff, 0x80, 0x73, 0xca, 0x3c,
    0x10, 0x1, 0xff, 0xc1, 0x3f, 0x71, 0xae, 0x27,
    0x40, 0xf, 0xfe, 0x10, 0xc4, 0x80, 0x44, 0x40,
    0xf, 0xfe, 0x8, 0xb6, 0xc8, 0xba, 0x2e, 0xd0,
    0x80, 0x7f, 0x36, 0x74, 0x9b, 0xfc, 0x5e, 0x1a,
    0xf1, 0x0, 0x7f, 0x9a, 0xfe, 0x4, 0x0, 0x79,
    0x6e, 0x40, 0x1f, 0x9b, 0x24, 0x78, 0x80, 0x2a,
    0xd4, 0x80, 0xf, 0xfe, 0x1, 0x83, 0x0, 0x4c,
    0x40, 0x1f, 0xfc, 0x21, 0x7, 0x0, 0xfc, 0x25,
    0x80, 0x1f, 0xbc, 0x4, 0x3, 0xfb, 0x5c, 0x3,
    0xf2, 0x1, 0x0, 0x7f, 0xf1, 0x8c, 0xca, 0x1,
    0xff, 0xc6, 0x1e, 0x9, 0x0, 0xff, 0xe2, 0xa7,
    0x94, 0x18, 0x7, 0xf8, 0x62, 0x12, 0xa0, 0xd,
    0xa, 0x70, 0xf, 0xf8, 0xdd, 0xcc, 0x30, 0x13,
    0xca, 0x1, 0xe5, 0x30, 0xc, 0x5d, 0x9b, 0xee,
    0x0,

    /* U+524D "前" */
    0x0, 0xc2, 0x60, 0x1f, 0xe4, 0x20, 0xf, 0xd3,
    0x92, 0x1, 0xf9, 0x6f, 0x0, 0x3f, 0x48, 0xb2,
    0x80, 0x7d, 0x61, 0x0, 0x1f, 0x86, 0x83, 0x80,
    0x3d, 0x2, 0x8c, 0x1, 0x92, 0xef, 0x78, 0x35,
    0xdf, 0x9c, 0x1e, 0xef, 0x2e, 0x22, 0x70, 0x12,
    0x27, 0x80, 0x6, 0x89, 0xb2, 0x3f, 0xff, 0xf9,
    0x12, 0x1, 0xff, 0xc6, 0x35, 0x0, 0xdb, 0xff,
    0xf3, 0x80, 0xe, 0x80, 0x28, 0xa2, 0x0, 0x9,
    0xa, 0xae, 0x40, 0xd0, 0x5, 0x29, 0x80, 0x7f,
    0x2d, 0x56, 0x80, 0xf, 0xfe, 0x28, 0x8e, 0x70,
    0xf, 0xfe, 0x22, 0x77, 0x6b, 0x0, 0xff, 0xe2,
    0x14, 0x46, 0x60, 0xf, 0xfe, 0x11, 0x83, 0x3b,
    0xea, 0x0, 0xff, 0xe2, 0x3a, 0x27, 0x0, 0x7f,
    0xf0, 0x98, 0xe, 0xef, 0x40, 0x7, 0xff, 0x8,
    0x81, 0xae, 0xf4, 0x80, 0x6e, 0x1, 0x0, 0xfb,
    0xc3, 0x51, 0x32, 0x80, 0x67, 0xe2, 0x0, 0xf9,
    0xc1, 0x0, 0x3f, 0xc2, 0x1, 0xf3, 0xa, 0x80,
    0x4f, 0x30, 0x6, 0x1, 0xaa, 0xec, 0x80, 0x60,
    0x63, 0x0, 0x16, 0x32, 0x15, 0x80, 0x66, 0x44,
    0x3, 0x88, 0x2f, 0x10, 0x5, 0x7f, 0xed, 0x20,
    0xd, 0x9d, 0xcf, 0x80, 0x0,

    /* U+529B "力" */
    0x0, 0xfe, 0x21, 0x0, 0xff, 0xe3, 0xee, 0x0,
    0x7f, 0xf1, 0x84, 0xc, 0x3, 0xff, 0xfd, 0x3f,
    0xfe, 0xe0, 0x1f, 0xff, 0xec, 0xe, 0x21, 0x1f,
    0x0, 0x4, 0x7f, 0x1, 0x83, 0xef, 0x77, 0x50,
    0x1f, 0x77, 0xde, 0x2, 0x1, 0xf8, 0x81, 0x80,
    0x3e, 0x30, 0x30, 0xf, 0xde, 0x1a, 0x1, 0xf0,
    0x80, 0x80, 0x7e, 0x50, 0x30, 0xf, 0x9c, 0x18,
    0x3, 0xe1, 0x30, 0x40, 0xf, 0x84, 0xc, 0x3,
    0xe6, 0x3, 0x0, 0xfc, 0x60, 0x20, 0x1f, 0x50,
    0x50, 0x7, 0xee, 0xf, 0x0, 0xf2, 0x90, 0x38,
    0x7, 0xe2, 0x2, 0x0, 0xf5, 0x84, 0x8, 0x7,
    0xe6, 0x6, 0x0, 0xea, 0x12, 0x70, 0xf, 0xe2,
    0x2, 0x0, 0xce, 0xa1, 0xc0, 0x1f, 0xc2, 0x20,
    0x10, 0x9, 0xe0, 0x28, 0xc0, 0x3f, 0x90, 0xc,
    0x0, 0x37, 0x1, 0x2a, 0x1, 0xfe, 0x90, 0x40,
    0x7, 0xa0, 0x53, 0x0, 0x7a, 0x3f, 0xdd, 0xe6,
    0x14, 0x0, 0x43, 0xc5, 0x0, 0xfa, 0x88, 0x4,
    0xf, 0x8, 0x0,

    /* U+529F "功" */
    0x0, 0xff, 0xe0, 0x93, 0x0, 0x7f, 0xf2, 0x3a,
    0x44, 0x3, 0xff, 0x92, 0x60, 0x1e, 0x7d, 0xdf,
    0xac, 0x3, 0xff, 0x83, 0xa4, 0x5f, 0x20, 0x80,
    0x42, 0x6, 0x1, 0xea, 0xdd, 0x50, 0x26, 0xeb,
    0x84, 0x3, 0xff, 0x82, 0x44, 0x60, 0x12, 0x20,
    0xd7, 0xfc, 0x41, 0xdf, 0xfc, 0x60, 0x1f, 0xc4,
    0x58, 0x0, 0x45, 0x80, 0xc, 0x1, 0xfd, 0x1b,
    0xb0, 0xe, 0xee, 0x60, 0xf, 0xfe, 0x10, 0x81,
    0x80, 0x78, 0x40, 0x3f, 0xf8, 0x4, 0xc, 0x1,
    0x8c, 0x1c, 0x3, 0xff, 0x80, 0xc0, 0x60, 0x18,
    0x40, 0x40, 0x3f, 0xf8, 0x18, 0x1a, 0x1, 0x9c,
    0x3, 0xff, 0x84, 0x80, 0xe0, 0x18, 0x40, 0xc0,
    0x38, 0x5a, 0xfd, 0xc0, 0x8b, 0x0, 0x63, 0x1,
    0x1, 0x59, 0x4, 0x94, 0x12, 0xa, 0x5, 0x0,
    0xe1, 0x10, 0x5f, 0x52, 0x81, 0xbe, 0x72, 0x8b,
    0x85, 0x0, 0x61, 0x3, 0x1, 0x12, 0xd7, 0x64,
    0x18, 0x2, 0x81, 0x88, 0x3, 0x10, 0x30, 0x57,
    0x52, 0x88, 0x6, 0x84, 0x18, 0x0, 0xe5, 0x2,
    0x0, 0xfe, 0xa7, 0xa, 0x10, 0xe, 0xd0, 0xf0,
    0xf, 0x8b, 0x94, 0x2d, 0x0, 0x19, 0xdb, 0xc8,
    0xe, 0x1, 0xf1, 0x92, 0xf2, 0x0, 0x56, 0x4,
    0x27, 0x82, 0x0,

    /* U+52A0 "加" */
    0x0, 0xe1, 0x0, 0xff, 0xe4, 0x2f, 0x28, 0x7,
    0xff, 0x1c, 0x80, 0xc0, 0x3f, 0xfa, 0x4, 0xef,
    0xf1, 0x80, 0x7f, 0xf0, 0x62, 0x3f, 0x78, 0x4f,
    0xfa, 0x2, 0x7f, 0xf3, 0x80, 0x83, 0xcc, 0xd0,
    0x2, 0x0, 0x10, 0xf, 0xd8, 0x1, 0x4b, 0x36,
    0x0, 0xa7, 0xbd, 0xc2, 0xff, 0xd8, 0x1, 0xff,
    0xc4, 0x10, 0x70, 0xc, 0x20, 0x1f, 0xfc, 0x23,
    0x1, 0x0, 0xff, 0xe3, 0xb0, 0x18, 0x7, 0xff,
    0x1c, 0x40, 0x40, 0xe, 0x6, 0x1, 0xff, 0xc2,
    0x22, 0x0, 0x7f, 0xf1, 0xc8, 0x18, 0x2, 0x10,
    0x10, 0xf, 0xfe, 0xb, 0x81, 0x80, 0x46, 0x1,
    0xff, 0xc3, 0xc0, 0xd0, 0x8, 0x43, 0xc0, 0x3f,
    0xf8, 0x28, 0x8, 0x1, 0x78, 0x8, 0x7, 0xff,
    0x0, 0xc8, 0xc4, 0x2, 0x10, 0x30, 0xf, 0xfe,
    0x4, 0x85, 0x80, 0x62, 0x6, 0x0, 0x94, 0x8b,
    0x0, 0x46, 0xa0, 0xc0, 0x10, 0xa0, 0x10, 0x8,
    0x5e, 0xed, 0x80, 0x16, 0x84, 0x9, 0xff, 0xb8,
    0xc, 0x43, 0x91, 0x3e, 0xb0, 0x25, 0x70, 0x35,
    0x12, 0x5e, 0x0, 0x25, 0xdf, 0xcc,

    /* U+52A1 "务" */
    0x0, 0xfc, 0x84, 0x1, 0xff, 0xc7, 0x7b, 0x80,
    0xf, 0xfe, 0x32, 0x40, 0xd8, 0x7, 0x8, 0xc0,
    0x1f, 0xc9, 0x60, 0x3d, 0xff, 0xdd, 0xd8, 0xc0,
    0x3c, 0xd6, 0x8, 0x9f, 0xc4, 0x2, 0x20, 0xe,
    0x99, 0x0, 0x36, 0xef, 0xef, 0x20, 0xb2, 0x0,
    0x8f, 0x98, 0xac, 0xa6, 0x0, 0x30, 0xcd, 0x8d,
    0xa0, 0x6, 0x70, 0x6d, 0x4c, 0x47, 0xd5, 0x28,
    0xe6, 0x5f, 0x40, 0xe, 0x4e, 0x90, 0x0, 0xdb,
    0x95, 0x6b, 0x8d, 0xd0, 0x80, 0x7f, 0xa, 0x4e,
    0xb8, 0x0, 0x40, 0x6e, 0xce, 0x84, 0x20, 0x4,
    0xac, 0xfe, 0xb6, 0x24, 0x9e, 0xe5, 0xa8, 0xa4,
    0x5e, 0xf7, 0xc1, 0x29, 0x92, 0xc5, 0xfd, 0xb2,
    0x8a, 0x57, 0x6c, 0xb2, 0x11, 0xdb, 0x7f, 0xb6,
    0x9d, 0x0, 0xf, 0x6c, 0x1, 0x13, 0x4d, 0xee,
    0x18, 0x7, 0xf6, 0x1, 0x0, 0x7f, 0xf0, 0x33,
    0xff, 0xc8, 0x15, 0xff, 0xf4, 0x80, 0x6b, 0x55,
    0xe2, 0x2, 0x55, 0xf1, 0x81, 0x0, 0x67, 0xaa,
    0xd6, 0x61, 0xd5, 0x5e, 0x90, 0x30, 0xf, 0xea,
    0x16, 0x30, 0xf, 0x68, 0x70, 0x7, 0xc5, 0xa8,
    0x72, 0x1, 0xf2, 0x2, 0x0, 0x71, 0x4e, 0x92,
    0xe0, 0x7, 0xc4, 0x64, 0x40, 0x0, 0xce, 0xe9,
    0x8e, 0xe8, 0x3, 0x5d, 0xec, 0xa, 0x0, 0xc8,
    0x6d, 0x78, 0x80, 0x1c, 0x4a, 0x8a, 0x6e, 0xe0,
    0x8,

    /* U+52A8 "动" */
    0x0, 0xff, 0xe1, 0xa0, 0x7, 0xff, 0x21, 0x6d,
    0x80, 0x3c, 0xd5, 0x77, 0xea, 0x30, 0x8, 0x80,
    0x40, 0x3d, 0x8a, 0x89, 0xe5, 0x50, 0x7, 0xff,
    0x2, 0xbf, 0xff, 0x30, 0x7, 0x8, 0x7, 0xff,
    0x18, 0x7c, 0x4, 0x70, 0x7, 0xff, 0x6, 0x7f,
    0x9c, 0x23, 0xba, 0xfd, 0x0, 0xff, 0xb8, 0x44,
    0x0, 0x11, 0xc0, 0x5, 0xcc, 0xfe, 0x87, 0xee,
    0x30, 0x57, 0x74, 0x0, 0x23, 0x3f, 0xf0, 0x4,
    0x60, 0xe0, 0x1, 0x1, 0x7f, 0xf3, 0x84, 0x7f,
    0xeb, 0x0, 0x98, 0x8, 0x3, 0x38, 0x4, 0x80,
    0xa0, 0x1f, 0x88, 0x4, 0x0, 0x60, 0x1c, 0x64,
    0x40, 0x5d, 0x20, 0x8, 0x44, 0x40, 0x10, 0x80,
    0x80, 0x14, 0x10, 0x0, 0x25, 0x0, 0x12, 0x83,
    0x80, 0x4e, 0x6, 0x0, 0xf0, 0xa0, 0x2, 0xa,
    0x90, 0x3, 0x3, 0x40, 0x21, 0x0, 0x85, 0x48,
    0xc0, 0x29, 0xa, 0x0, 0x20, 0x20, 0x4, 0x61,
    0xc0, 0xc1, 0x44, 0xb3, 0x90, 0xc, 0x2, 0x62,
    0x60, 0x17, 0x0, 0x84, 0x84, 0x6d, 0x31, 0x98,
    0x44, 0x72, 0xe, 0x1, 0x84, 0x8, 0x82, 0x0,
    0x48, 0xcf, 0xc8, 0x17, 0x60, 0xa0, 0xc, 0xa0,
    0xc5, 0x19, 0xf6, 0xe6, 0x0, 0x6e, 0xe0, 0xa1,
    0x80, 0x42, 0x60, 0x40, 0xe6, 0x1, 0xf4, 0x28,
    0x51, 0x6e, 0xdc, 0xa, 0x1, 0xff, 0x70, 0xe0,
    0x93, 0x11, 0x1, 0x6c, 0x0,

    /* U+52A9 "助" */
    0x0, 0xff, 0xe1, 0xd, 0xa0, 0x7, 0xf8, 0x47,
    0x80, 0x39, 0x53, 0x40, 0x3f, 0x47, 0xf7, 0x78,
    0x3, 0xff, 0x86, 0x40, 0x68, 0x90, 0x8, 0x80,
    0x3f, 0xf8, 0x9b, 0x77, 0x20, 0x7, 0xff, 0x40,
    0x40, 0x3f, 0xf8, 0x6, 0x1, 0xec, 0xee, 0x58,
    0x37, 0x76, 0xd0, 0xe, 0xdf, 0xf9, 0x0, 0x38,
    0x40, 0x38, 0x48, 0x3, 0x91, 0x30, 0x80, 0x33,
    0xb9, 0x1, 0x3d, 0xd1, 0x0, 0x7a, 0xae, 0xe5,
    0x0, 0xef, 0x3, 0x0, 0xff, 0xe4, 0x10, 0x30,
    0x4, 0x60, 0x1e, 0x30, 0xf, 0xe7, 0x2, 0x0,
    0xff, 0x6f, 0xfc, 0x80, 0x1c, 0x42, 0x20, 0x8,
    0x44, 0x1, 0xc8, 0x98, 0x40, 0x32, 0x2, 0x0,
    0x7f, 0xd5, 0x77, 0x28, 0x6, 0xd0, 0xc0, 0xe,
    0x30, 0xf, 0xfe, 0x13, 0x83, 0x80, 0x42, 0x2,
    0x1, 0xf0, 0xa3, 0x6, 0x3b, 0xa, 0x8, 0x4,
    0x40, 0xe0, 0x10, 0x85, 0xef, 0x59, 0x0, 0xe,
    0xc2, 0x0, 0x33, 0x81, 0x1, 0x7a, 0x2, 0x92,
    0x3d, 0xf6, 0xf1, 0x29, 0x80, 0x62, 0x1, 0x3,
    0x46, 0x9d, 0xfb, 0x84, 0x19, 0x52, 0xb0, 0xe,
    0xc0, 0xd0, 0x1b, 0x96, 0x20, 0xd, 0x8c, 0x3e,
    0x21, 0x17, 0x6c, 0x50, 0x40, 0xf, 0xe1, 0x12,
    0x79, 0x0, 0x3d, 0x10, 0x63, 0x42, 0x1, 0xfc,
    0x3b, 0x62, 0x1, 0x3f, 0xf7, 0xf2, 0x80, 0x0,

    /* U+52FF "勿" */
    0x0, 0xe1, 0x50, 0xf, 0xfe, 0x45, 0x50, 0xc0,
    0x3f, 0xf8, 0xc2, 0x82, 0x60, 0x1f, 0xfc, 0x66,
    0x7, 0x0, 0xff, 0xe3, 0xd0, 0x3e, 0xef, 0xff,
    0x6, 0xc0, 0x32, 0x90, 0x9, 0x17, 0xff, 0x5,
    0xc, 0x2, 0x80, 0xbf, 0xf4, 0x3, 0x7f, 0xb8,
    0x1, 0xff, 0x10, 0x8, 0x1, 0x88, 0xd0, 0x1,
    0x61, 0x40, 0x2, 0x3, 0x0, 0xe3, 0x1, 0x80,
    0xf0, 0x0, 0x98, 0x98, 0x1, 0x41, 0x0, 0x23,
    0x0, 0xa8, 0x54, 0xc0, 0xc, 0xc, 0x1, 0x60,
    0x60, 0x7, 0xc, 0x20, 0xd8, 0x5, 0x41, 0x40,
    0x12, 0x2, 0x0, 0x42, 0x0, 0x40, 0xa1, 0x0,
    0x29, 0x21, 0x0, 0x10, 0x50, 0x3, 0x84, 0x33,
    0x50, 0x2, 0x90, 0xf0, 0xb, 0x43, 0x40, 0x21,
    0x3, 0x0, 0x10, 0x4, 0xa6, 0x64, 0x0, 0x9c,
    0x1c, 0x2, 0x30, 0x10, 0xf, 0x58, 0x40, 0x4,
    0xc2, 0xa2, 0x1, 0x8, 0x38, 0x7, 0x48, 0xaa,
    0x0, 0x56, 0x1c, 0x1, 0x9c, 0x4, 0x3, 0x33,
    0x6, 0xc0, 0x26, 0x23, 0x40, 0xc, 0x40, 0x40,
    0x12, 0x48, 0x50, 0x80, 0x6, 0x2, 0x0, 0x3b,
    0x83, 0x80, 0xb, 0x61, 0x8, 0x1, 0x50, 0xaa,
    0x0, 0x71, 0x1, 0x0, 0x34, 0x1d, 0xc0, 0x14,
    0xa0, 0xd8, 0x7, 0x90, 0x14, 0x1, 0x1b, 0x0,
    0x14, 0x30, 0x68, 0x80, 0x72, 0x8, 0xc0, 0x11,
    0x0, 0x6f, 0x1b, 0x30, 0x3, 0xf7, 0x56, 0x12,
    0x1, 0xfc, 0xfc, 0x80, 0x12, 0x98, 0x88, 0xa1,
    0xc0, 0x0,

    /* U+5300 "匀" */
    0x0, 0xf9, 0x4c, 0x3, 0xff, 0x8e, 0x95, 0xe0,
    0x1f, 0xfc, 0x7f, 0xa, 0x0, 0xff, 0xe3, 0x12,
    0xb, 0x0, 0x7f, 0xf1, 0xa4, 0x1, 0x77, 0xff,
    0xc0, 0xa1, 0x0, 0xc8, 0x80, 0x14, 0x4f, 0xfe,
    0x2, 0xa0, 0x6, 0x90, 0x8c, 0xcf, 0xfe, 0x1,
    0x80, 0x74, 0x91, 0xb9, 0x9f, 0xff, 0x1, 0x80,
    0x40, 0xc, 0xc0, 0xe0, 0x20, 0xf, 0xf8, 0x40,
    0x24, 0x90, 0x92, 0xad, 0xb2, 0x0, 0xff, 0x9c,
    0x2c, 0x19, 0x81, 0x26, 0x9b, 0x0, 0x1f, 0x9c,
    0x4, 0x21, 0xa4, 0x0, 0x79, 0x22, 0xfc, 0x80,
    0x1e, 0x10, 0x9, 0xe4, 0x3, 0x9b, 0xd0, 0x78,
    0x3, 0xf1, 0x80, 0x7f, 0xd, 0xda, 0x80, 0x3c,
    0x60, 0x20, 0x1f, 0xf2, 0x0, 0x7c, 0x20, 0x1f,
    0xfc, 0x24, 0x9e, 0x50, 0x0, 0x80, 0x80, 0x7f,
    0x96, 0xbe, 0xd8, 0x44, 0x0, 0x30, 0x20, 0xf,
    0x96, 0xbe, 0x94, 0x12, 0xbd, 0x0, 0xc, 0xe,
    0x1, 0x92, 0xfe, 0x94, 0x12, 0x7a, 0xd4, 0x3,
    0x10, 0x10, 0x6, 0x24, 0x3, 0x9e, 0xb6, 0x10,
    0xf, 0x78, 0x78, 0x6, 0x6c, 0xec, 0x61, 0x0,
    0xfc, 0x2e, 0xa, 0x1, 0xc6, 0x20, 0x1e, 0xbd,
    0xd6, 0x63, 0xc4, 0xcc, 0x1, 0xff, 0xc1, 0xd2,
    0x21, 0x98, 0x53, 0x40, 0x3f, 0xf8, 0x4d, 0xfd,
    0xd7, 0xd8, 0x80, 0x0,

    /* U+5305 "包" */
    0x0, 0xf0, 0x88, 0x3, 0xff, 0x93, 0xfc, 0x1,
    0xff, 0xc8, 0x71, 0x40, 0xf, 0xfe, 0x38, 0xc0,
    0x78, 0x7, 0xff, 0x1e, 0x80, 0x17, 0xff, 0xff,
    0x70, 0x80, 0x73, 0xa0, 0x11, 0x7f, 0xf0, 0x0,
    0x4c, 0x3, 0x2c, 0x5, 0x6e, 0xff, 0xf0, 0x8,
    0x3, 0x92, 0x82, 0x14, 0x3, 0xff, 0x80, 0x60,
    0x60, 0x5, 0xb0, 0x69, 0xff, 0xfd, 0x20, 0x1e,
    0x10, 0x3, 0x14, 0x40, 0x41, 0x13, 0x8c, 0x14,
    0x3, 0x8, 0x6, 0x3d, 0x70, 0x1, 0x5d, 0xf6,
    0x80, 0x7f, 0xf4, 0x4, 0x4, 0x3, 0xff, 0x90,
    0x60, 0x40, 0x1f, 0x8e, 0xab, 0xc0, 0x1c, 0xc0,
    0xe0, 0x1f, 0x85, 0x57, 0x90, 0x14, 0x2, 0x30,
    0x30, 0xf, 0xc5, 0xff, 0xf4, 0xb5, 0x5c, 0x6,
    0x80, 0x7f, 0xf1, 0x95, 0x1, 0x54, 0x1, 0xff,
    0xc5, 0x6e, 0xdf, 0xa0, 0x45, 0x0, 0xff, 0xe2,
    0x9, 0x0, 0x51, 0x42, 0x1, 0x8, 0x10, 0x80,
    0x7f, 0xf0, 0xc, 0xc0, 0x20, 0x19, 0x3, 0xb7,
    0x7f, 0xf8, 0x18, 0xc, 0x1, 0xd4, 0xe4, 0x5f,
    0xfc, 0x27, 0x90,

    /* U+5319 "匙" */
    0x0, 0xb, 0xbf, 0xe6, 0x0, 0x99, 0x0, 0x3f,
    0xa2, 0x3f, 0xa5, 0x40, 0x13, 0xe0, 0x1f, 0xf6,
    0xff, 0xf4, 0x0, 0x42, 0xe, 0x1, 0xff, 0x2b,
    0x37, 0x68, 0x7, 0xff, 0x16, 0x26, 0x79, 0x40,
    0x3f, 0xf8, 0xbb, 0xff, 0xd0, 0x1, 0xff, 0xc5,
    0x44, 0xf6, 0x80, 0x71, 0xf7, 0x6c, 0x0, 0xdc,
    0x13, 0x77, 0xca, 0x2, 0x1, 0x8c, 0xf3, 0x80,
    0x67, 0xdd, 0xfd, 0xc8, 0x1, 0x1e, 0xee, 0xb0,
    0x9, 0x22, 0xab, 0xf4, 0xb8, 0x7, 0xff, 0x3,
    0xdd, 0xff, 0xd0, 0x60, 0x1f, 0xf5, 0xf7, 0x69,
    0x7, 0xee, 0xc6, 0x1, 0xff, 0xc0, 0x18, 0x41,
    0x30, 0x0, 0x8e, 0x0, 0xff, 0xe0, 0x93, 0x60,
    0x6, 0x11, 0x80, 0x3f, 0xf8, 0x42, 0x2, 0x1,
    0x3f, 0x75, 0x60, 0x1f, 0xfc, 0x16, 0x0, 0xe2,
    0x44, 0xb4, 0x4, 0x8, 0x40, 0x46, 0x0, 0xda,
    0xc, 0x20, 0x5, 0xbb, 0x98, 0x0, 0x63, 0xdf,
    0xdd, 0x20, 0x4, 0x60, 0x3a, 0x60, 0x1f, 0xb5,
    0x91, 0x25, 0x65, 0x0, 0xa, 0x1d, 0x1c, 0x80,
    0x80, 0x78, 0x66, 0xee, 0xa9, 0x10, 0x5, 0x5,
    0x2e, 0x18, 0x37, 0xed, 0xda, 0xab, 0xfc, 0x0,
    0x62, 0x60, 0x3c, 0xc4, 0x28, 0xaa, 0x2a, 0xff,
    0x18, 0x3, 0x30, 0x1, 0x8d, 0xeb, 0x3b, 0xff,
    0xfd, 0x20,

    /* U+533A "区" */
    0x0, 0xff, 0xe4, 0xd7, 0xff, 0xff, 0x1b, 0x81,
    0x80, 0x8c, 0xff, 0xf8, 0x88, 0x2, 0x19, 0x9f,
    0xfc, 0x5a, 0x0, 0xf0, 0x80, 0x7e, 0x1d, 0x90,
    0xf, 0xcd, 0xd2, 0x1, 0xf5, 0x17, 0x0, 0x7e,
    0x73, 0x6b, 0x10, 0xc, 0xc8, 0x4e, 0x1, 0xf8,
    0x71, 0x11, 0x82, 0x0, 0x29, 0xf, 0x0, 0xff,
    0xad, 0x8b, 0xcc, 0x7c, 0x24, 0x80, 0x3f, 0xf8,
    0x13, 0x3, 0x9a, 0x4c, 0xc0, 0xf, 0xfe, 0x13,
    0xc8, 0x19, 0xa4, 0x3, 0xff, 0x89, 0xa0, 0x3,
    0x60, 0xf, 0xfe, 0x1d, 0xa1, 0x48, 0x4b, 0x80,
    0x7f, 0xf0, 0x7, 0x50, 0xf1, 0xac, 0x22, 0x0,
    0x1f, 0xe4, 0xf2, 0x3c, 0x10, 0x4b, 0x7, 0x80,
    0xf, 0xd3, 0x62, 0xd8, 0x1, 0x92, 0x81, 0xd8,
    0x3, 0xc2, 0xc1, 0x32, 0x0, 0xf2, 0xc8, 0x70,
    0x7, 0x87, 0xb8, 0xc0, 0x1f, 0x9b, 0x60, 0x3,
    0xe1, 0x10, 0x7, 0xf8, 0x80, 0x30, 0x87, 0xee,
    0xff, 0xf1, 0x59, 0x40, 0x48, 0xbf, 0xf8, 0xa2,

    /* U+5343 "千" */
    0x0, 0xff, 0xe1, 0x1b, 0x57, 0x40, 0x7, 0xfc,
    0x48, 0xf3, 0x9f, 0x92, 0xa2, 0x80, 0x1c, 0xf3,
    0x7b, 0xdf, 0xb7, 0xc, 0x64, 0xb1, 0x7f, 0x80,
    0x18, 0xa1, 0x90, 0x8d, 0x1a, 0x0, 0x1f, 0xb4,
    0xe8, 0x1, 0xe2, 0xed, 0xff, 0x6d, 0xcb, 0x80,
    0x7f, 0xf0, 0x84, 0x80, 0x3f, 0xff, 0x62, 0x1,
    0xff, 0xc0, 0x9f, 0xff, 0xdc, 0x0, 0xff, 0xfe,
    0xae, 0x22, 0xfe, 0x0, 0x11, 0x7f, 0x6b, 0xee,
    0xff, 0x0, 0x37, 0x7f, 0x9c, 0x3, 0xff, 0xfe,
    0x1, 0xff, 0xff, 0x0, 0xff, 0xf7, 0x12, 0x0,
    0x7f, 0x80,

    /* U+5348 "午" */
    0x0, 0xff, 0xe7, 0x17, 0xe0, 0x7, 0xff, 0x1e,
    0x81, 0x40, 0x3f, 0xf8, 0xea, 0x1a, 0x1, 0xff,
    0xc6, 0x52, 0xb, 0xff, 0xff, 0xe0, 0x60, 0x7,
    0x40, 0x9, 0x16, 0x0, 0x11, 0x7c, 0xa0, 0x1a,
    0x8, 0xfb, 0x77, 0x0, 0x37, 0x7e, 0x90, 0x9,
    0x1c, 0x38, 0x3, 0xff, 0x8a, 0x56, 0x10, 0x40,
    0x1f, 0xfc, 0x53, 0x57, 0x70, 0x7, 0xff, 0x18,
    0x6a, 0x0, 0x3f, 0xf8, 0xe9, 0x77, 0xfc, 0x0,
    0xbb, 0xfe, 0x5d, 0x44, 0xfe, 0x0, 0x22, 0x7f,
    0x74, 0xee, 0x67, 0xe0, 0x6, 0x67, 0xed, 0xb0,
    0x23, 0x3f, 0xc0, 0x3, 0x3f, 0xc4, 0x1, 0xff,
    0xff, 0x0, 0xff, 0xff, 0x80, 0x7f, 0xf0, 0xcc,
    0xc0, 0x1f, 0xe0,

    /* U+5355 "单" */
    0x0, 0xeb, 0xa0, 0xf, 0xc9, 0xac, 0x1, 0xfe,
    0x5a, 0x0, 0xfa, 0x88, 0xc0, 0x3f, 0xa8, 0x55,
    0x40, 0x1d, 0x22, 0x8a, 0x1, 0xf8, 0x42, 0x40,
    0x84, 0x71, 0xb0, 0x40, 0x88, 0x3, 0x93, 0xfb,
    0x90, 0x11, 0xdd, 0xb0, 0x1, 0x9d, 0xc8, 0x0,
    0xc4, 0x4, 0xcd, 0xc0, 0x6, 0x6e, 0x40, 0x30,
    0xf, 0x54, 0xcf, 0x0, 0x26, 0x7a, 0x0, 0x3f,
    0x78, 0x8f, 0x0, 0x4, 0x79, 0xc0, 0x3f, 0x3f,
    0x77, 0x0, 0x3b, 0xba, 0xc0, 0x3f, 0x1b, 0xbf,
    0x0, 0x1d, 0xf9, 0x40, 0x3f, 0x5c, 0x47, 0x0,
    0x22, 0x3a, 0x40, 0x3f, 0x78, 0x7, 0xff, 0x1,
    0xc0, 0x3f, 0x3f, 0xff, 0x0, 0x3f, 0xfa, 0xc0,
    0x3c, 0xec, 0xdf, 0x0, 0x19, 0xbe, 0x80, 0xc,
    0x33, 0x3f, 0x0, 0x26, 0x7e, 0x30, 0x2, 0x55,
    0xdf, 0xe0, 0x5, 0xdf, 0xea, 0x5c, 0x54, 0x4f,
    0xc0, 0x4, 0x4f, 0xcb, 0xf1, 0xdd, 0xfc, 0x0,
    0xee, 0xfe, 0xa0, 0x11, 0xfe, 0x0, 0x8, 0xff,
    0x0, 0x7f, 0xfa, 0xcd, 0x0, 0x3f, 0xc0,

    /* U+5361 "卡" */
    0x0, 0xff, 0xe9, 0xb7, 0xa8, 0x7, 0xff, 0x1f,
    0x80, 0x80, 0x3f, 0xfb, 0xf1, 0xff, 0xf1, 0x80,
    0x7f, 0xf0, 0x44, 0x8b, 0xc6, 0x40, 0x1f, 0xfc,
    0x19, 0xdd, 0xf6, 0x8, 0x7, 0xff, 0x89, 0xb7,
    0x7f, 0x30, 0x4e, 0xef, 0xf3, 0x79, 0x17, 0xe1,
    0x1, 0x22, 0xfe, 0xf9, 0xff, 0xfd, 0x0, 0xff,
    0xff, 0xd2, 0x1, 0xff, 0xd6, 0x12, 0x0, 0xff,
    0xe4, 0x66, 0xe9, 0x84, 0x3, 0xff, 0x8b, 0x28,
    0x53, 0xd2, 0x40, 0x1f, 0xfc, 0x34, 0xbd, 0x60,
    0x6d, 0xb2, 0x0, 0xff, 0xe1, 0x94, 0xf4, 0xa,
    0x8, 0x7, 0xff, 0x14, 0x5f, 0xb0, 0xc0, 0x3f,
    0xf9, 0x6, 0x1, 0xff, 0xeb, 0x30, 0xd0, 0xf,
    0xf0,

    /* U+5373 "即" */
    0x0, 0xff, 0xe5, 0x1f, 0xff, 0xeb, 0x0, 0x5f,
    0x77, 0xa8, 0x14, 0x5, 0x13, 0x81, 0x40, 0x8,
    0x20, 0x18, 0x50, 0x2, 0x6b, 0xbe, 0x0, 0xe2,
    0xee, 0xc0, 0x20, 0x1f, 0xfc, 0xc5, 0xaa, 0xe0,
    0xf, 0xfe, 0x19, 0x2a, 0xf0, 0x7, 0xff, 0xd,
    0xfb, 0xb8, 0x3, 0xff, 0x88, 0x23, 0xc0, 0x1f,
    0xfd, 0x85, 0xbb, 0xe0, 0xf, 0xfe, 0x19, 0x22,
    0x70, 0x28, 0x7, 0xff, 0x5, 0xff, 0xfd, 0x60,
    0x1f, 0xfc, 0x56, 0x20, 0xf, 0xfe, 0x30, 0xce,
    0x0, 0x7f, 0xc2, 0x1, 0xe1, 0x51, 0x80, 0xf,
    0x4e, 0xf0, 0x18, 0x7, 0xda, 0xe, 0x20, 0x1d,
    0xe6, 0x7, 0x20, 0x10, 0xad, 0xfc, 0x0, 0x20,
    0x3, 0x9b, 0xb9, 0x88, 0x18, 0xd, 0x48, 0x2d,
    0x60, 0xc2, 0x1, 0xfc, 0x2a, 0x0, 0x4a, 0xe9,
    0x45, 0x2, 0x0, 0xfe, 0x14, 0x6e, 0xb5, 0x0,
    0xaf, 0x4c, 0x3, 0xfd, 0x72, 0x20, 0x1c, 0x24,
    0x0, 0x27, 0x0, 0xf0,

    /* U+5374 "却" */
    0x0, 0xe1, 0x60, 0xf, 0xfe, 0x44, 0xc9, 0x0,
    0x3e, 0x11, 0xe0, 0xf, 0x84, 0x4, 0x3, 0xab,
    0xfb, 0xbc, 0x1, 0xff, 0xc2, 0x70, 0x33, 0xc0,
    0x22, 0x5, 0xcc, 0x9c, 0x23, 0x31, 0x40, 0x1b,
    0x33, 0x18, 0x5, 0x86, 0x70, 0x81, 0x19, 0x90,
    0x3, 0xff, 0x81, 0x3f, 0xf3, 0x5, 0x7f, 0xb8,
    0x3, 0xff, 0xfc, 0x20, 0x6, 0xff, 0xcc, 0x15,
    0xff, 0x50, 0x7, 0xf8, 0x8c, 0xe2, 0x0, 0x19,
    0xed, 0x0, 0xff, 0x26, 0x65, 0x60, 0xb9, 0x99,
    0xc0, 0x3f, 0xf8, 0x56, 0x12, 0x4, 0x20, 0x1f,
    0xfc, 0x34, 0x23, 0x30, 0x66, 0x0, 0x3f, 0xf8,
    0x7e, 0x10, 0x0, 0x62, 0x60, 0xf, 0xc6, 0x1,
    0x8d, 0x12, 0x0, 0x48, 0x40, 0x7, 0x84, 0x3,
    0xde, 0x10, 0x4b, 0x16, 0x2, 0xa0, 0x1a, 0x3b,
    0xc4, 0x60, 0x73, 0xc, 0xda, 0x75, 0x20, 0xe0,
    0xd, 0x48, 0x6b, 0xa0, 0xb, 0x0, 0x13, 0x4e,
    0x7e, 0x8a, 0x0, 0x62, 0xbc, 0xa3, 0x0, 0x45,
    0x76, 0xcb, 0x18, 0x2, 0xe8, 0x3, 0xfe, 0x45,
    0x10, 0xf, 0x2a, 0x80, 0x3f, 0xf9, 0x6e, 0x40,
    0x1f, 0x0,

    /* U+5377 "卷" */
    0x0, 0xff, 0x14, 0x90, 0x7, 0xff, 0x9, 0x30,
    0xc0, 0x2b, 0x64, 0x0, 0xa7, 0x0, 0x3f, 0x9c,
    0xf4, 0x40, 0x8, 0x8, 0x0, 0x56, 0x0, 0xff,
    0x1b, 0x8b, 0x0, 0x90, 0x90, 0xd, 0x87, 0x0,
    0x7c, 0x93, 0x21, 0xd, 0x9a, 0x3, 0x99, 0x68,
    0x95, 0xcb, 0x80, 0x77, 0xb3, 0x40, 0xac, 0x80,
    0x4c, 0xc3, 0x2, 0x66, 0x40, 0x7, 0x5e, 0xef,
    0x40, 0x1e, 0xef, 0xee, 0x0, 0xf1, 0x17, 0x50,
    0x49, 0x17, 0xe1, 0x0, 0xff, 0x39, 0x11, 0x40,
    0x3f, 0xf8, 0x5, 0xff, 0xe8, 0x2, 0xff, 0xff,
    0xa4, 0xd, 0x51, 0x23, 0x0, 0x1a, 0x27, 0x0,
    0x11, 0x3b, 0x0, 0x6a, 0xed, 0x24, 0xd, 0x97,
    0x7c, 0xe0, 0xb, 0xbc, 0xa0, 0x19, 0x74, 0x5a,
    0x40, 0x3d, 0xa, 0x98, 0x20, 0x1c, 0x55, 0x40,
    0x16, 0xff, 0xfc, 0xaa, 0x3e, 0x70, 0xa, 0x35,
    0x4b, 0x14, 0xd, 0x57, 0xc0, 0xb, 0xb0, 0xc7,
    0xc8, 0x78, 0xc6, 0x98, 0x3, 0xaa, 0xbc, 0x0,
    0x14, 0xe7, 0x12, 0x7, 0xe7, 0x0, 0xff, 0x18,
    0x10, 0x5, 0x1d, 0x60, 0x1f, 0xf5, 0x7f, 0xb0,
    0x14, 0x0, 0xa0, 0x1f, 0xfc, 0x28, 0x77, 0xaa,
    0x1, 0x69, 0x0, 0x3f, 0xc2, 0x0, 0x28, 0x89,
    0x40, 0x18, 0x2, 0x1, 0xf8, 0xc3, 0x3b, 0xad,
    0xdb, 0x31, 0xac, 0x8, 0x1, 0xfa, 0x54, 0x47,
    0x11, 0x46, 0x62, 0x25, 0x8, 0x4,

    /* U+5382 "厂" */
    0x0, 0x3f, 0x77, 0xff, 0x17, 0x44, 0x1, 0x82,
    0x3f, 0xfc, 0x52, 0x30, 0x3, 0x85, 0x7f, 0xff,
    0xf1, 0x8, 0x3, 0x8, 0x7, 0xff, 0xfc, 0x3,
    0xff, 0x80, 0xe0, 0x1f, 0xfd, 0xd1, 0x0, 0xff,
    0xe5, 0x88, 0x7, 0xff, 0x1c, 0x80, 0xc0, 0x3f,
    0xf8, 0xc2, 0x0, 0x10, 0xf, 0xfe, 0x31, 0x1,
    0x0, 0x7f, 0xf1, 0xd8, 0x18, 0x3, 0xff, 0x8f,
    0x81, 0x80, 0x1f, 0xfc, 0x77, 0x4, 0x0, 0xff,
    0xe3, 0x20, 0x88, 0xc0, 0x3f, 0xf8, 0xd0, 0xc,
    0x1, 0xff, 0xc7, 0x61, 0x90, 0xf, 0xfe, 0x3d,
    0x70, 0x80, 0x7f, 0xf1, 0xc0,

    /* U+538B "压" */
    0x0, 0x84, 0x7f, 0xf8, 0xc0, 0x1b, 0x7b, 0xbf,
    0xf8, 0xde, 0x20, 0x2, 0x3, 0x3f, 0xfe, 0x2a,
    0x8, 0x4, 0x59, 0x9f, 0xfc, 0x5b, 0x0, 0xff,
    0xe0, 0xf, 0xc8, 0x7, 0xff, 0x20, 0xc0, 0x80,
    0x3f, 0xfe, 0xc2, 0x1, 0xff, 0xc4, 0x7f, 0xfe,
    0xc0, 0x4f, 0xff, 0x60, 0x7, 0xc4, 0x67, 0xc4,
    0x0, 0x33, 0xf2, 0x80, 0x42, 0x2, 0xb, 0x99,
    0xde, 0x9, 0x99, 0xe9, 0x0, 0xe7, 0x0, 0xff,
    0xe0, 0x18, 0x7, 0xc4, 0x2, 0x1, 0xff, 0x16,
    0x60, 0x40, 0x39, 0xc0, 0x80, 0x3f, 0xe2, 0x83,
    0xc1, 0x0, 0xc6, 0x1c, 0x1, 0xff, 0xc0, 0x78,
    0x2a, 0x0, 0xda, 0xa, 0x1, 0xff, 0xc1, 0x75,
    0x30, 0xc, 0xe0, 0x60, 0x1f, 0xfc, 0x2a, 0x80,
    0x8, 0x49, 0x0, 0x3f, 0x8, 0x7, 0xfc, 0xc1,
    0xa3, 0xdf, 0xfe, 0xc0, 0x4f, 0xff, 0xb8, 0x38,
    0x98, 0x54, 0x8b, 0xff, 0x88, 0x80,

    /* U+5398 "厘" */
    0x0, 0xff, 0xe6, 0x57, 0xff, 0xff, 0x19, 0xc0,
    0xe, 0x4, 0x67, 0xff, 0xc5, 0x0, 0xd9, 0x9f,
    0xfc, 0x54, 0x0, 0xf4, 0x55, 0x7f, 0xf0, 0x18,
    0x3, 0xe3, 0x75, 0x5f, 0xfe, 0x4, 0x80, 0x7f,
    0x37, 0xfd, 0xc0, 0xbf, 0xf8, 0x40, 0x3f, 0xfa,
    0x8d, 0xff, 0x70, 0x2f, 0xfe, 0x10, 0xf, 0x84,
    0x0, 0x6e, 0xf8, 0x9, 0xdf, 0x0, 0x7f, 0xcb,
    0x11, 0x48, 0x3c, 0x46, 0x10, 0xe, 0x30, 0xc,
    0x93, 0x34, 0x3, 0xcc, 0xe1, 0x0, 0xe1, 0x10,
    0x10, 0x93, 0x36, 0x2, 0x66, 0xc0, 0x60, 0x10,
    0x81, 0x0, 0xf7, 0xf7, 0x58, 0x7, 0xbd, 0xd7,
    0xe0, 0x4, 0x40, 0xe0, 0x18, 0x47, 0x0, 0x8,
    0x46, 0x0, 0xe5, 0x3, 0x5, 0xef, 0xfd, 0xa0,
    0x7f, 0xfd, 0xc2, 0x0, 0xc0, 0xd0, 0x65, 0x44,
    0xc6, 0x2, 0x89, 0xe1, 0x0, 0x20, 0x20, 0x1d,
    0xdf, 0x78, 0x15, 0xdf, 0x50, 0x1, 0x4, 0xc4,
    0x3, 0xff, 0x8d, 0x1, 0x41, 0xdf, 0xfe, 0xc0,
    0x3f, 0xff, 0xad, 0x9, 0x81, 0xc, 0xff, 0xf8,
    0xa0,

    /* U+539F "原" */
    0x0, 0xff, 0xe6, 0x57, 0xff, 0xff, 0x19, 0xc0,
    0xe, 0x6, 0x89, 0xf1, 0xa2, 0x7e, 0x30, 0xd,
    0x97, 0x7e, 0x33, 0x6d, 0xdf, 0xc8, 0x1, 0xff,
    0x38, 0x20, 0x7, 0xff, 0xa, 0xff, 0xf0, 0x3,
    0x7f, 0xfa, 0x80, 0x3f, 0x28, 0x33, 0x7f, 0x28,
    0x38, 0x7, 0xe1, 0x9, 0x9f, 0xeb, 0x0, 0xff,
    0xe0, 0x2a, 0xff, 0x38, 0x7, 0x8c, 0x3, 0xaa,
    0xbf, 0xa4, 0x3, 0xff, 0x81, 0xbb, 0xfd, 0x80,
    0x1e, 0x11, 0x0, 0x62, 0x2f, 0xf0, 0x7, 0xc6,
    0x0, 0x10, 0x99, 0xfe, 0xb0, 0xe, 0x20, 0x10,
    0x2, 0x3, 0x37, 0xf2, 0x82, 0x0, 0x4c, 0xc,
    0x0, 0xaf, 0xfd, 0xc0, 0x7f, 0xfd, 0x20, 0x11,
    0x6, 0x80, 0x4b, 0x64, 0x1, 0xe6, 0x60, 0x7,
    0x60, 0x18, 0x0, 0xe9, 0x0, 0x3e, 0xc9, 0x80,
    0xc, 0x80, 0xa0, 0x3c, 0x14, 0x40, 0x1e, 0xa3,
    0x77, 0x0, 0xc, 0x4c, 0x45, 0x84, 0xca, 0x1,
    0xfb, 0x4a, 0x18, 0x24, 0x28, 0x28, 0x96, 0x40,
    0x3f, 0x87, 0xc6, 0x49, 0x85, 0x82, 0x21, 0x40,
    0x57, 0x6a, 0x7, 0x0, 0xc5, 0xb2, 0x59, 0xc0,
    0x3, 0x70, 0x1, 0xb2, 0x20, 0xe0, 0x3, 0x8d,
    0x80,

    /* U+53BB "去" */
    0x0, 0xff, 0x10, 0x80, 0x7f, 0xf2, 0x37, 0xc0,
    0x3f, 0xf9, 0x22, 0x1, 0xff, 0xd6, 0x7d, 0xdf,
    0x80, 0x1b, 0xbf, 0x50, 0x6, 0xc2, 0x2f, 0x80,
    0x4, 0x5f, 0x20, 0x6, 0xbf, 0xff, 0x80, 0x1f,
    0xff, 0x70, 0x7, 0xff, 0xe4, 0x8c, 0xff, 0x0,
    0xc, 0xff, 0x10, 0x56, 0xe6, 0x7e, 0x0, 0x66,
    0x7e, 0xdb, 0xf4, 0x4f, 0x18, 0x0, 0xd1, 0x3f,
    0xda, 0xb7, 0x7e, 0x70, 0x4c, 0xbb, 0xff, 0x30,
    0x7, 0x95, 0x6, 0x80, 0x21, 0xc9, 0x0, 0xff,
    0x86, 0xc2, 0xc4, 0x2, 0x11, 0x34, 0x0, 0x7f,
    0xac, 0x55, 0x40, 0x1d, 0xe0, 0xea, 0x1, 0xf9,
    0x94, 0xa8, 0x3, 0xc5, 0x41, 0x44, 0x1, 0xe4,
    0x91, 0xf0, 0xf, 0xc8, 0x80, 0xf0, 0xe, 0x3b,
    0x4, 0x58, 0x9a, 0xbd, 0xef, 0xf7, 0x20, 0x15,
    0x0, 0x6d, 0x0, 0x2c, 0x3b, 0x2a, 0x10, 0x88,
    0xd1, 0x58, 0x15, 0x0, 0x26, 0x35, 0x78, 0xab,
    0xce, 0xff, 0x76, 0x5d, 0x4b, 0x8b, 0x80,

    /* U+53C2 "参" */
    0x0, 0xfe, 0x40, 0xf, 0xfe, 0x38, 0xe5, 0xc0,
    0x0, 0x98, 0x3, 0xff, 0x82, 0x58, 0x69, 0x20,
    0x9, 0x96, 0x98, 0x7, 0xf9, 0xb4, 0x9e, 0xc4,
    0x1, 0x6a, 0x58, 0xe0, 0x1f, 0x1d, 0xc8, 0x3e,
    0xb3, 0x1e, 0x20, 0x62, 0x11, 0x40, 0x1e, 0xc4,
    0x0, 0x3d, 0x4c, 0xa1, 0xde, 0x2, 0x15, 0xb0,
    0xe, 0x78, 0xab, 0xc5, 0x7, 0xff, 0xbb, 0x9b,
    0xe4, 0xa0, 0x1d, 0xe, 0xa8, 0x4a, 0x12, 0x1,
    0xe1, 0xde, 0x0, 0x35, 0xe6, 0x78, 0x1, 0xb9,
    0x9f, 0xd6, 0xdc, 0x86, 0x7c, 0x40, 0x3, 0x3f,
    0xf2, 0x7c, 0x7f, 0xec, 0x0, 0x5f, 0xfe, 0xd0,
    0x5, 0xff, 0xe9, 0x0, 0xc7, 0x81, 0x8, 0x0,
    0x8a, 0x3b, 0xb, 0x50, 0xf, 0x97, 0x1, 0xdc,
    0x4f, 0xce, 0x20, 0x96, 0x15, 0x20, 0x18, 0xaa,
    0x80, 0xc1, 0x9b, 0x5, 0x76, 0x10, 0x4c, 0x16,
    0xe5, 0x7, 0xd5, 0x1b, 0xc7, 0x17, 0xcc, 0x21,
    0x57, 0x21, 0xfa, 0x8d, 0x51, 0xd, 0xf9, 0x17,
    0xf6, 0xd, 0x2b, 0x55, 0x90, 0x6, 0xad, 0x64,
    0xf2, 0x0, 0x22, 0x5a, 0xfb, 0x56, 0xd8, 0x1,
    0x50, 0x4a, 0x30, 0xe, 0xdd, 0x52, 0xa5, 0x7c,
    0x90, 0x2f, 0xd3, 0x0, 0x7e, 0x96, 0xae, 0xb5,
    0x0, 0x36, 0x50, 0xd3, 0x0, 0x7e, 0x49, 0x51,
    0x37, 0xbf, 0x93, 0x6e, 0x50, 0xf, 0x85, 0xe6,
    0xf7, 0xf2, 0x11, 0x13, 0xd2, 0x20, 0x1f, 0xd8,
    0xca, 0x2b, 0x17, 0xf6, 0xc2, 0x1, 0xf0,

    /* U+53C9 "叉" */
    0x0, 0xff, 0x84, 0x7e, 0x0, 0xe8, 0xff, 0xfe,
    0xee, 0xfb, 0xd0, 0x2, 0xe2, 0x0, 0x8, 0xff,
    0xf0, 0x0, 0x4, 0x1, 0x36, 0xa0, 0x6f, 0x77,
    0xfc, 0x20, 0xe0, 0x1d, 0xc1, 0x40, 0x1, 0xa4,
    0x0, 0xe4, 0x13, 0x10, 0xe, 0x51, 0x60, 0x1,
    0xa5, 0xb0, 0x6, 0xe0, 0xa0, 0xf, 0x9c, 0x1c,
    0xb, 0x6, 0x5c, 0x0, 0x4a, 0x2c, 0x1, 0xf4,
    0x4, 0x8, 0x16, 0xc, 0x10, 0x40, 0x48, 0x7,
    0xe1, 0x60, 0x80, 0x1, 0x6b, 0x92, 0x28, 0xb8,
    0x7, 0xf4, 0x3, 0x20, 0x0, 0xe0, 0x68, 0x28,
    0x3, 0xfc, 0x30, 0x14, 0x20, 0x15, 0xb, 0x20,
    0x7, 0xfc, 0xe6, 0x3a, 0x0, 0x94, 0x29, 0x0,
    0xff, 0xe0, 0xf0, 0x9d, 0xcb, 0xe, 0x0, 0x7f,
    0xf0, 0x8b, 0x41, 0x18, 0x70, 0x40, 0x3f, 0xf8,
    0x66, 0x80, 0x10, 0x80, 0x7f, 0xf0, 0xc7, 0x10,
    0xcc, 0x39, 0x0, 0x1f, 0xfc, 0x17, 0xe3, 0x5c,
    0xc3, 0x83, 0xf3, 0x0, 0x7f, 0x36, 0xc0, 0x4d,
    0x0, 0x23, 0xc, 0x67, 0xa4, 0xc0, 0x22, 0x8e,
    0x92, 0x4d, 0x60, 0xc, 0x79, 0x68, 0x2d, 0x9f,
    0x17, 0xae, 0x27, 0x76, 0x20, 0xf, 0x92, 0xf6,
    0xc, 0x3b, 0x5, 0x73, 0x8, 0x1, 0xff, 0x13,
    0xe7, 0xb0,

    /* U+53D1 "发" */
    0x0, 0xff, 0x29, 0x0, 0x7f, 0xf0, 0x9a, 0x0,
    0x24, 0xae, 0x0, 0x97, 0x8, 0x3, 0xf4, 0xb8,
    0x4, 0x40, 0xe0, 0x18, 0xf0, 0x40, 0x3c, 0xa0,
    0xa0, 0x17, 0x81, 0x80, 0x4a, 0xe3, 0x82, 0x1,
    0xd2, 0x12, 0x1, 0x28, 0x68, 0x6, 0x86, 0x22,
    0x0, 0x64, 0x31, 0x30, 0x0, 0x98, 0x38, 0x7,
    0x4f, 0x18, 0x6, 0x90, 0x1f, 0xfb, 0x80, 0x1b,
    0xff, 0xee, 0xff, 0x10, 0x1, 0x84, 0x8b, 0x0,
    0x4, 0x8b, 0xf8, 0xc0, 0x2b, 0xed, 0xdc, 0x21,
    0x5b, 0xbf, 0xd8, 0x40, 0x1f, 0x18, 0x89, 0x0,
    0x3f, 0xf8, 0xd2, 0x3, 0x9b, 0xbe, 0xe8, 0x0,
    0xfe, 0x15, 0x0, 0x19, 0x17, 0x85, 0xc0, 0x3f,
    0xa0, 0x0, 0xbf, 0xfe, 0x60, 0x50, 0xf, 0xc4,
    0xc0, 0x2a, 0x40, 0x18, 0x58, 0x24, 0x3, 0xf7,
    0x3, 0x68, 0x70, 0x6, 0xb0, 0x43, 0x0, 0xfa,
    0xc, 0x64, 0xd8, 0xe4, 0x0, 0xca, 0x32, 0x1,
    0xf3, 0x38, 0x68, 0x2, 0x49, 0xa1, 0x64, 0x2c,
    0x80, 0x3c, 0xd2, 0x12, 0x60, 0x16, 0xb, 0xd0,
    0x4a, 0x80, 0x7a, 0x64, 0x10, 0xc0, 0x1c, 0xa0,
    0x1, 0x40, 0xf, 0x63, 0x4, 0xb8, 0x6, 0x5f,
    0x41, 0x21, 0xd9, 0x10, 0xd, 0x47, 0x8c, 0x0,
    0x16, 0xda, 0x14, 0xfd, 0x70, 0x6e, 0xa4, 0x0,
    0x36, 0x18, 0x2, 0xfa, 0x48, 0xee, 0xc2, 0x11,
    0xaa, 0xb, 0x7f, 0x0, 0x1c, 0x62, 0xd9, 0x84,
    0x0, 0xc5, 0x5d, 0x6, 0x1a,

    /* U+53D6 "取" */
    0x7, 0xcc, 0xff, 0x40, 0x7, 0xff, 0x3, 0x4c,
    0xff, 0xe0, 0xe, 0x11, 0x80, 0x35, 0x78, 0x17,
    0xfe, 0x50, 0xb1, 0xff, 0xee, 0xec, 0x40, 0x1f,
    0xfc, 0x12, 0x11, 0xf8, 0x4, 0x40, 0x1f, 0xfc,
    0x19, 0x6, 0xee, 0xe2, 0x3, 0x0, 0xe2, 0xff,
    0xca, 0x1, 0xa, 0x80, 0x61, 0x22, 0x0, 0x7c,
    0x89, 0x84, 0x0, 0x24, 0x41, 0x0, 0x94, 0x1c,
    0x3, 0xc5, 0x77, 0x90, 0x2, 0x40, 0x40, 0xb,
    0x3, 0x0, 0x3f, 0xf8, 0x7a, 0x1e, 0x1, 0x28,
    0x20, 0x7, 0xff, 0xd, 0x1, 0x40, 0x6, 0x45,
    0x0, 0x78, 0xbf, 0xf2, 0x80, 0x66, 0x6, 0xa,
    0xb, 0x0, 0xfc, 0x89, 0x84, 0x3, 0x50, 0x58,
    0xb0, 0x38, 0x7, 0xc5, 0x77, 0x90, 0x3, 0x19,
    0x8b, 0x1, 0xc4, 0x3, 0xff, 0x8d, 0x0, 0x43,
    0x20, 0x1f, 0xe1, 0x36, 0x60, 0x7, 0x20, 0x82,
    0x88, 0x7, 0x34, 0x1, 0x7f, 0x64, 0x98, 0x7,
    0x58, 0x82, 0x28, 0x6, 0x19, 0x70, 0x1, 0x23,
    0xca, 0x0, 0x6a, 0x42, 0x90, 0xa4, 0x0, 0x86,
    0xa9, 0xbf, 0xb7, 0xc, 0x20, 0x1, 0xc5, 0x1f,
    0x68, 0xb, 0x70, 0x9, 0x54, 0x40, 0x1f, 0x67,
    0x19, 0xbc, 0x81, 0xe0, 0x23, 0x0, 0x3f, 0xf8,
    0x1c, 0x4f, 0x82, 0x1, 0x3d, 0x93, 0x80, 0x7f,
    0xb0, 0x1f, 0x60, 0x3, 0xc9, 0xb6, 0x0,

    /* U+53E0 "叠" */
    0x0, 0xd5, 0xdd, 0xbf, 0xff, 0x50, 0x7, 0xe9,
    0x65, 0x79, 0x9f, 0x20, 0x3, 0x0, 0x3f, 0x1f,
    0x3b, 0x44, 0x30, 0x42, 0xd1, 0x1a, 0xc0, 0x1f,
    0xcd, 0xb8, 0xc0, 0xb1, 0x24, 0x4c, 0x0, 0xfe,
    0x5d, 0xfe, 0xc4, 0x44, 0xef, 0xda, 0x4e, 0xd0,
    0x7, 0x14, 0xf1, 0x1, 0x23, 0x9b, 0x84, 0xf1,
    0xa0, 0xbd, 0x51, 0x40, 0x23, 0x75, 0x53, 0xb9,
    0x5c, 0x0, 0x4c, 0x0, 0x47, 0x55, 0x10, 0x0,
    0x88, 0x6e, 0x5a, 0x63, 0xa2, 0x40, 0x6e, 0x5e,
    0xe1, 0xe, 0x1, 0x45, 0x9b, 0xc0, 0x41, 0x80,
    0x2f, 0x1, 0xe8, 0x95, 0x80, 0x2a, 0xeb, 0x7,
    0xa3, 0x9d, 0x8, 0xdc, 0x37, 0xb6, 0x5e, 0x70,
    0x8, 0x56, 0x78, 0xe9, 0x5, 0x88, 0xd6, 0x38,
    0xbd, 0xc7, 0xc0, 0xe, 0xb, 0x13, 0x32, 0x1c,
    0xa8, 0xac, 0xce, 0x71, 0x71, 0x3, 0x1f, 0xf7,
    0x77, 0xff, 0x3, 0xfc, 0x60, 0x12, 0x20, 0x1b,
    0xbb, 0xff, 0x80, 0xe0, 0x86, 0x21, 0x54, 0xe,
    0x8, 0xcc, 0xfd, 0x21, 0xa1, 0x18, 0x1, 0xf4,
    0xee, 0xfe, 0x80, 0xf, 0xfe, 0x4, 0xd5, 0x7e,
    0x80, 0xf, 0xfe, 0x5, 0x4c, 0xfe, 0xb0, 0xf,
    0xfe, 0x2, 0xc4, 0x7e, 0x50, 0xf, 0x13, 0xbc,
    0x80, 0x24, 0x5f, 0x84, 0x19, 0xde, 0x34, 0x88,
    0x8c, 0x1a, 0x23, 0xf3, 0x1, 0xc4, 0x54,

    /* U+53E3 "口" */
    0xcf, 0xff, 0xfe, 0x36, 0x81, 0x80, 0x7f, 0xf1,
    0x88, 0x40, 0x15, 0xbb, 0xff, 0xc2, 0xa0, 0x1,
    0x80, 0x1c, 0x8b, 0xff, 0x84, 0xe0, 0x1f, 0xff,
    0xf0, 0xf, 0xff, 0xf8, 0x7, 0xff, 0xfc, 0x3,
    0xff, 0xa8, 0xe4, 0x5f, 0xfc, 0x27, 0x0, 0xea,
    0xdd, 0xff, 0xe1, 0x50, 0x0, 0xcc, 0x1, 0xff,
    0xc6, 0x21,

    /* U+53EF "可" */
    0x5d, 0xdf, 0xfe, 0x43, 0x91, 0x7f, 0xf2, 0x79,
    0xff, 0xff, 0xf8, 0x78, 0x7, 0xfe, 0x90, 0xf,
    0xfe, 0x20, 0x80, 0x7f, 0xf4, 0xa6, 0xef, 0xea,
    0x40, 0xf, 0xf8, 0x99, 0x13, 0xe5, 0xe0, 0xf,
    0xfe, 0x9, 0xe6, 0x74, 0x80, 0x80, 0x7f, 0xf0,
    0x5c, 0xcf, 0x94, 0x3, 0xff, 0xfe, 0x1, 0xe7,
    0x11, 0xe7, 0x0, 0xff, 0xe1, 0x9f, 0x77, 0x58,
    0x8, 0x7, 0xfc, 0x4a, 0x67, 0xfb, 0xc0, 0x3f,
    0xf8, 0x15, 0x99, 0xf9, 0x40, 0x3f, 0xff, 0x22,
    0x1, 0xff, 0xc5, 0xee, 0xbf, 0x1, 0x80, 0x3f,
    0xf8, 0x72, 0x22, 0x2, 0x5b, 0x0, 0x80,

    /* U+53F3 "右" */
    0x0, 0xfe, 0x17, 0x20, 0xf, 0xfe, 0x4c, 0xc5,
    0x80, 0x7f, 0xf2, 0x54, 0x30, 0x3, 0xff, 0x90,
    0x24, 0x8, 0x1, 0xff, 0xc8, 0x40, 0x31, 0x0,
    0xff, 0xe0, 0xe7, 0x77, 0xa8, 0xf, 0xbb, 0xfe,
    0xd1, 0x2, 0x11, 0xf0, 0x4, 0x23, 0xff, 0x11,
    0x87, 0x77, 0x9c, 0xf, 0xbb, 0xff, 0x81, 0xe4,
    0x0, 0x11, 0xe6, 0x9, 0x11, 0xff, 0xe0, 0x0,
    0x7e, 0x61, 0x12, 0x80, 0x7f, 0xf2, 0x2c, 0x24,
    0x3, 0xff, 0x91, 0x4, 0x2e, 0x1, 0xff, 0xc7,
    0x27, 0x1, 0xee, 0xff, 0xe0, 0x69, 0x0, 0x7b,
    0xc0, 0x21, 0x1f, 0xfe, 0x1, 0x38, 0x7, 0x59,
    0x8, 0x3, 0xbf, 0xff, 0xc6, 0x1, 0xeb, 0x40,
    0xd0, 0xf, 0xfe, 0xb, 0x80, 0x61, 0xd4, 0xb,
    0x30, 0xf, 0xfe, 0x34, 0x90, 0xda, 0x0, 0x7f,
    0xf1, 0xe2, 0x1e, 0x80, 0x1f, 0xfc, 0x97, 0x10,
    0xf, 0xfe, 0xe3, 0x80, 0x7f, 0xf0, 0x3b, 0xff,
    0xfc, 0x60, 0x1f, 0xe4, 0x0, 0xff, 0xe1, 0x38,
    0x0,

    /* U+53F7 "号" */
    0x0, 0x92, 0xae, 0xff, 0xf8, 0x14, 0x20, 0x1e,
    0xf5, 0x44, 0xff, 0xe0, 0x2b, 0x80, 0x7e, 0xbe,
    0xef, 0xf2, 0x80, 0x7f, 0x98, 0x47, 0xfc, 0x60,
    0x1f, 0xfd, 0x4e, 0xaa, 0xff, 0x38, 0x7, 0xe3,
    0x3, 0x55, 0xff, 0x8, 0x28, 0x7, 0xa3, 0xff,
    0xff, 0x84, 0x60, 0x1f, 0xfc, 0xd6, 0xff, 0xff,
    0xe3, 0xf0, 0x99, 0x16, 0x0, 0x9, 0x17, 0xff,
    0x4, 0x17, 0x77, 0x8, 0x66, 0xef, 0xff, 0x3,
    0x4, 0x3, 0x28, 0x99, 0x0, 0x7f, 0xf1, 0xb8,
    0xa, 0xef, 0xfd, 0x42, 0x1, 0xf3, 0x80, 0xa2,
    0x7f, 0x95, 0x40, 0x1f, 0x67, 0xff, 0xfc, 0x0,
    0x60, 0xf, 0xfe, 0x30, 0x80, 0x8, 0x3, 0xff,
    0x8c, 0xa0, 0x60, 0x1f, 0xfc, 0x7c, 0x4, 0x0,
    0xff, 0xe3, 0xb0, 0x58, 0x7, 0xff, 0x4, 0xf7,
    0x2e, 0xda, 0x26, 0x60, 0xf, 0xfe, 0x9, 0x89,
    0xa2, 0x9, 0x38, 0x3, 0xff, 0x87, 0x9f, 0xfa,
    0xc8, 0x3, 0x80,

    /* U+53F8 "司" */
    0xae, 0xef, 0xfe, 0x2e, 0x0, 0x4, 0x7f, 0xf8,
    0xa6, 0x35, 0xff, 0xff, 0xc4, 0x10, 0xf, 0xfe,
    0x39, 0x80, 0x16, 0xae, 0xff, 0xea, 0x50, 0xe,
    0xd5, 0x44, 0xff, 0x97, 0x0, 0x3a, 0x3f, 0xff,
    0xf8, 0x32, 0x1, 0xff, 0xcf, 0x9b, 0xbf, 0xe9,
    0x0, 0xfc, 0x6c, 0x89, 0xfc, 0xc4, 0x1, 0xfc,
    0x9f, 0xff, 0x18, 0x7, 0xff, 0xed, 0x6a, 0xbe,
    0x30, 0xf, 0xe2, 0x1, 0x55, 0xf8, 0x4, 0x80,
    0x3e, 0x1f, 0xff, 0xf7, 0x0, 0x7f, 0xf3, 0xc,
    0x3, 0xff, 0x87, 0x3f, 0xf0, 0x80, 0x80, 0x7f,
    0xf0, 0x70, 0x40, 0x7, 0x40,

    /* U+5404 "各" */
    0x0, 0xfc, 0x68, 0x1, 0xff, 0xc9, 0x2c, 0xb1,
    0x0, 0xff, 0xe4, 0x70, 0x38, 0x80, 0x7f, 0xf1,
    0xe8, 0xc1, 0x77, 0x77, 0x76, 0xc3, 0x0, 0xfe,
    0x95, 0x0, 0x11, 0x70, 0x8e, 0x3b, 0x0, 0xfd,
    0x4c, 0x9, 0xff, 0xf9, 0x0, 0x60, 0x3, 0xc3,
    0x8a, 0x24, 0x96, 0x1, 0xeb, 0x41, 0xc0, 0xf,
    0x37, 0x99, 0x66, 0x9, 0x30, 0x40, 0x5, 0x88,
    0x3a, 0x40, 0x1e, 0xb1, 0x4c, 0x21, 0xc3, 0x37,
    0xab, 0x69, 0x96, 0x18, 0x7, 0xd9, 0x76, 0x10,
    0x0, 0xe3, 0xd, 0x48, 0x2e, 0x90, 0x7, 0xe1,
    0x40, 0xe, 0x10, 0xe, 0x20, 0xf, 0xfe, 0x19,
    0xcf, 0x30, 0x32, 0x83, 0xf4, 0x8, 0x7, 0xf0,
    0xb6, 0x61, 0x81, 0x76, 0x6b, 0xc, 0x5f, 0xad,
    0x40, 0x31, 0xc6, 0x74, 0x98, 0xbf, 0x51, 0x0,
    0xf, 0x30, 0x80, 0x95, 0xf9, 0x1, 0x2e, 0x60,
    0x91, 0x94, 0x64, 0x5e, 0x19, 0xb6, 0x20, 0x37,
    0x1b, 0x8b, 0xf2, 0x8d, 0xdf, 0xfa, 0xdb, 0xfa,
    0xb4, 0x44, 0xe8, 0x4, 0x4, 0x67, 0xfe, 0x0,
    0x30, 0xa9, 0x0, 0x7d, 0x39, 0x9f, 0xe2, 0x0,
    0xff, 0xff, 0x80, 0x7f, 0x56, 0xef, 0xf8, 0x80,
    0x3f, 0xc6, 0x2, 0x45, 0xfe, 0x1, 0x50, 0xc,

    /* U+540D "名" */
    0x0, 0xfe, 0x43, 0x0, 0xff, 0xe4, 0x3d, 0xe8,
    0x7, 0xff, 0x1c, 0xa0, 0x2c, 0x3, 0xff, 0x8c,
    0x3e, 0x0, 0xaf, 0xff, 0x69, 0x0, 0x7f, 0xb4,
    0x84, 0x7f, 0x1, 0x8, 0x7, 0xf6, 0x19, 0x7f,
    0x77, 0xa4, 0xc, 0xc0, 0x1f, 0x16, 0x98, 0x60,
    0x80, 0x70, 0xc8, 0x40, 0x7, 0xcb, 0x84, 0x0,
    0xd1, 0x0, 0xea, 0x15, 0x40, 0xf, 0x5d, 0xb,
    0x69, 0x1f, 0x98, 0x4, 0xe8, 0x36, 0x1, 0xf0,
    0x8a, 0xa4, 0xb5, 0x7, 0x10, 0x1a, 0x3, 0x44,
    0x3, 0xea, 0xe5, 0x0, 0xad, 0x42, 0xe6, 0x41,
    0x46, 0x1, 0xff, 0xc3, 0xa5, 0x6, 0x9, 0x50,
    0xf, 0xfe, 0x44, 0xb0, 0x7, 0xff, 0x10, 0xf5,
    0x40, 0x13, 0xff, 0xfb, 0x40, 0x3c, 0x33, 0x84,
    0x4, 0x5f, 0xe0, 0x20, 0xc, 0x31, 0xcc, 0x0,
    0x2d, 0xdf, 0xf0, 0x6, 0x4a, 0xe7, 0x5, 0xb0,
    0xf, 0xfe, 0x25, 0xa8, 0x2e, 0x53, 0x0, 0x7f,
    0xf1, 0x2e, 0x36, 0x8c, 0x3, 0xff, 0x8c, 0x8e,
    0x40, 0x1f, 0xfe, 0x72, 0xdd, 0xff, 0x0, 0x7f,
    0x88, 0x40, 0x8b, 0xfc, 0x6, 0x0,

    /* U+540E "后" */
    0x0, 0xff, 0xeb, 0x92, 0x34, 0xe7, 0xf9, 0x80,
    0x3c, 0x6c, 0xf1, 0x37, 0x9d, 0xfb, 0x72, 0xc6,
    0x28, 0x1, 0xe1, 0xc9, 0x87, 0x64, 0x30, 0x35,
    0x79, 0xbe, 0xe5, 0xb0, 0x7, 0x18, 0xd, 0x66,
    0xf7, 0xf6, 0x54, 0x32, 0x8, 0x7, 0xf8, 0x94,
    0xc8, 0x40, 0x3f, 0xfb, 0xa7, 0xbb, 0xff, 0xc4,
    0xb0, 0xf, 0x11, 0x7f, 0xf1, 0x14, 0x2, 0x10,
    0x3f, 0xff, 0xfe, 0x27, 0x0, 0x73, 0x80, 0x7f,
    0xf2, 0x1c, 0x3, 0xff, 0x94, 0x20, 0x20, 0xa,
    0xcc, 0xff, 0xa8, 0x3, 0x88, 0x8, 0x5, 0x4c,
    0xff, 0xe5, 0x10, 0xd, 0xa1, 0xc0, 0x11, 0x7f,
    0xff, 0x8, 0x18, 0x6, 0x60, 0x20, 0x8, 0x40,
    0x3f, 0xf8, 0x86, 0xa, 0x1, 0xff, 0xc7, 0x50,
    0x31, 0x0, 0xff, 0xe3, 0xf0, 0x58, 0x7, 0xff,
    0x1c, 0xd0, 0x18, 0x3, 0x8, 0x7, 0xff, 0xb,
    0xc1, 0x84, 0x3, 0x17, 0xff, 0xf0, 0x81, 0x80,
    0x10, 0xa0, 0x2, 0x14, 0x22, 0xff, 0x90, 0x40,
    0x0,

    /* U+5411 "向" */
    0x0, 0xfe, 0x10, 0xf, 0xfe, 0x36, 0xf2, 0x80,
    0x7f, 0xf1, 0x14, 0x81, 0x0, 0x3f, 0xf8, 0x9c,
    0xc, 0x20, 0x1f, 0xe1, 0x1e, 0x24, 0xd, 0x11,
    0xfe, 0xa, 0xee, 0xed, 0x0, 0x5f, 0x77, 0xf5,
    0x38, 0x11, 0x9f, 0xff, 0x8, 0x81, 0x80, 0x19,
    0x9f, 0xfc, 0x3f, 0x0, 0xff, 0xe7, 0xb5, 0x57,
    0xe4, 0x0, 0xff, 0x42, 0xaf, 0xef, 0x0, 0xff,
    0x87, 0xbb, 0xb0, 0x3, 0xff, 0x82, 0x62, 0x3c,
    0x40, 0x1f, 0xfe, 0x93, 0x0, 0xe3, 0x0, 0xff,
    0xe0, 0x8f, 0xff, 0x68, 0x7, 0xff, 0x2, 0x51,
    0x3f, 0x78, 0x7, 0xf9, 0xee, 0xff, 0x20, 0x7,
    0xff, 0xb8, 0xfb, 0xad, 0x6, 0x72, 0x10, 0xf,
    0xf1, 0x90, 0x8c, 0x90,

    /* U+5417 "吗" */
    0x0, 0xfe, 0xae, 0xeb, 0x77, 0xc6, 0x1, 0x77,
    0xfe, 0xe0, 0xf, 0x19, 0xe2, 0x22, 0x0, 0x4,
    0x40, 0x66, 0x11, 0x82, 0xbb, 0xbe, 0x90, 0x10,
    0xc, 0x99, 0x87, 0x3, 0x0, 0x4b, 0x80, 0x70,
    0x81, 0x0, 0x7f, 0xf0, 0x1b, 0x0, 0x3b, 0x81,
    0xc0, 0x3f, 0xe1, 0x2, 0x0, 0xe2, 0x2, 0x0,
    0xff, 0x8c, 0x4, 0x3, 0x98, 0x4, 0x3, 0xfe,
    0x60, 0xe0, 0xe, 0x32, 0x0, 0xff, 0xe0, 0x10,
    0x18, 0x7, 0xb, 0x0, 0x7f, 0xf0, 0x4, 0x2b,
    0xff, 0x81, 0x3f, 0xca, 0x1, 0xfc, 0x8a, 0x89,
    0xf8, 0x80, 0x3f, 0xe3, 0xab, 0xbf, 0xd4, 0x2,
    0x0, 0x66, 0x94, 0x3, 0xff, 0x83, 0xe0, 0xe2,
    0x5, 0x32, 0x30, 0x30, 0x11, 0xfc, 0x0, 0x10,
    0x20, 0xa7, 0x7d, 0x23, 0x1d, 0xdf, 0xc0, 0x40,
    0x20, 0xb1, 0x19, 0x83, 0x15, 0x7f, 0x30, 0x30,
    0x80, 0x7f, 0x25, 0x57, 0xe8, 0x2, 0x50, 0xf,
    0xfe, 0x3a, 0x1, 0x80, 0x7f, 0xf1, 0xf4, 0x34,
    0x3, 0xff, 0x86, 0x77, 0x56, 0xc2, 0xa0, 0x1f,
    0xfc, 0x32, 0x65, 0x42, 0xa0, 0xf, 0xfe, 0x20,
    0xef, 0xfb, 0x50, 0x0,

    /* U+5426 "否" */
    0x0, 0xff, 0xe6, 0xef, 0xff, 0xff, 0x23, 0x80,
    0xe, 0x23, 0xfe, 0x0, 0x84, 0x7e, 0x50, 0x5,
    0x77, 0x7f, 0x30, 0x2, 0xfb, 0xbe, 0xb0, 0xf,
    0xfa, 0x9c, 0x2d, 0x0, 0x3f, 0xf8, 0xa7, 0xaa,
    0x0, 0x41, 0x84, 0x0, 0xff, 0xe1, 0x46, 0x11,
    0x0, 0x28, 0x7b, 0xd5, 0x0, 0xff, 0x37, 0x38,
    0x3e, 0x80, 0x53, 0x66, 0x55, 0x88, 0x1, 0xc2,
    0xfd, 0x22, 0x59, 0x0, 0x1c, 0x99, 0x64, 0x77,
    0x42, 0x5, 0x5d, 0x2, 0x29, 0xd3, 0x0, 0xfc,
    0x9b, 0x20, 0xbe, 0x42, 0xa0, 0x53, 0xcc, 0x1,
    0xff, 0xc0, 0x6e, 0x43, 0x3b, 0x2f, 0x58, 0x3,
    0xff, 0x86, 0x37, 0xa2, 0x6, 0x80, 0x1f, 0xa2,
    0x0, 0x1f, 0xfc, 0x3b, 0xdd, 0xf5, 0x53, 0x77,
    0xd8, 0x40, 0x1e, 0x24, 0x22, 0xff, 0xe1, 0x1a,
    0x0, 0x78, 0x40, 0x7f, 0xff, 0xf8, 0x6, 0x1,
    0xff, 0xcb, 0x70, 0xf, 0xff, 0xf8, 0x7, 0x8,
    0xe, 0xef, 0xff, 0x1, 0x0, 0x3f, 0x18, 0x81,
    0x17, 0xff, 0x0, 0x0, 0xa0, 0x10,

    /* U+542B "含" */
    0x0, 0xff, 0x84, 0xc0, 0x3f, 0xf9, 0x23, 0x98,
    0x40, 0xf, 0xfe, 0x39, 0x61, 0x7, 0x80, 0x7f,
    0xf1, 0x9b, 0x49, 0x54, 0x9a, 0x60, 0x1f, 0xfc,
    0x22, 0xc9, 0x8, 0xaa, 0x41, 0x64, 0x88, 0x7,
    0xf8, 0x6b, 0x4c, 0xb1, 0xc0, 0xf, 0x84, 0xdd,
    0x2, 0x1, 0xe3, 0x9e, 0x50, 0x22, 0x67, 0xfe,
    0xc2, 0x60, 0x7e, 0x93, 0x0, 0xe, 0x61, 0x81,
    0x77, 0xcc, 0xfe, 0x59, 0xd5, 0x6, 0xcd, 0x21,
    0x10, 0x36, 0xd1, 0x13, 0x33, 0xea, 0x2, 0xae,
    0x71, 0x11, 0x6, 0xfc, 0xc5, 0xe6, 0x7d, 0xbb,
    0xd4, 0x31, 0xd8, 0x1, 0x85, 0x50, 0xcf, 0xe2,
    0x2e, 0x52, 0x0, 0xf8, 0x7f, 0xff, 0xf8, 0x6,
    0xa, 0x40, 0x1f, 0xfc, 0x74, 0x30, 0xb0, 0xf,
    0xfe, 0x44, 0x83, 0x88, 0x7, 0xfc, 0x23, 0xf9,
    0xc8, 0x68, 0x40, 0x3f, 0x8f, 0xfb, 0xbf, 0x40,
    0xe, 0xf5, 0x80, 0x7e, 0x50, 0x14, 0x4f, 0xf1,
    0x82, 0x80, 0x7f, 0x9e, 0xef, 0xfd, 0xc0, 0x1f,
    0xff, 0xf0, 0xf, 0x8c, 0x1b, 0x33, 0xfd, 0xe0,
    0x1f, 0xe6, 0x0, 0x19, 0xff, 0x88, 0x10, 0x3,
    0x0,

    /* U+542F "启" */
    0x0, 0xff, 0x10, 0x80, 0x7f, 0xf1, 0xf7, 0xc0,
    0x3f, 0xf8, 0xe8, 0x2c, 0x1, 0xff, 0xc6, 0xf0,
    0xc0, 0xf, 0xfb, 0xbf, 0xfd, 0x60, 0xbf, 0xfe,
    0xd0, 0x8, 0x44, 0x6, 0x7f, 0xfc, 0x10, 0x20,
    0xe, 0x2c, 0xcf, 0xfe, 0x9, 0x0, 0x80, 0x7f,
    0xf6, 0xcc, 0x3, 0xc5, 0xff, 0xff, 0xc1, 0x10,
    0x10, 0xe, 0x33, 0xff, 0xe1, 0x30, 0x7, 0x16,
    0x67, 0xff, 0xa, 0x40, 0x23, 0x1, 0x0, 0xff,
    0xe3, 0x30, 0x38, 0x5e, 0xef, 0xff, 0x3, 0xc,
    0x0, 0x20, 0x44, 0x42, 0x2f, 0xfe, 0x1, 0xa0,
    0x3, 0x43, 0x84, 0x13, 0xff, 0xfd, 0x0, 0x18,
    0xc0, 0xc0, 0x3f, 0xf8, 0xc8, 0xa, 0x1, 0xff,
    0xc5, 0x50, 0x31, 0x0, 0xff, 0xe2, 0xc8, 0x50,
    0x8, 0x26, 0xef, 0xfa, 0x40, 0xa, 0x62, 0xc0,
    0x64, 0x4, 0x5f, 0xe1, 0x11, 0xe8, 0x40, 0x0,
    0x77, 0xff, 0xff, 0x81, 0xc9, 0x16, 0xc0, 0x1f,
    0xfc, 0x60,

    /* U+5473 "味" */
    0x0, 0xff, 0xe1, 0x6c, 0x0, 0x7c, 0x26, 0x78,
    0x40, 0x3c, 0x44, 0x40, 0xf, 0xbb, 0x33, 0x70,
    0x80, 0x7f, 0xf0, 0x84, 0xa, 0x64, 0x40, 0x61,
    0x17, 0x77, 0x1, 0x5d, 0xe8, 0x0, 0x9d, 0x9a,
    0x0, 0x99, 0x12, 0x30, 0x14, 0x4c, 0xc0, 0x1f,
    0xee, 0xdd, 0xac, 0xf, 0x77, 0x70, 0x7, 0xfc,
    0x45, 0x30, 0x0, 0x8b, 0x0, 0x7f, 0xfa, 0xa7,
    0x33, 0x70, 0x1e, 0x67, 0x48, 0x7, 0xe4, 0x33,
    0xe0, 0x1, 0x9f, 0x20, 0x7, 0xed, 0xff, 0xb0,
    0x2, 0x4f, 0xfd, 0xa0, 0x1f, 0xfc, 0x8, 0x0,
    0x90, 0xc0, 0x3c, 0x20, 0x1f, 0x95, 0x8, 0x4,
    0x3c, 0x3, 0xc9, 0xfe, 0x40, 0x30, 0x1, 0x58,
    0x48, 0x13, 0x1b, 0x80, 0x42, 0xa4, 0x59, 0x4,
    0x1, 0xc3, 0xc, 0x0, 0x80, 0x82, 0x0, 0xab,
    0x77, 0x58, 0x2, 0xcd, 0x5c, 0x2, 0x19, 0xf,
    0x10, 0xf, 0xc3, 0x88, 0x74, 0x1, 0xcc, 0x85,
    0xa2, 0x1, 0xe2, 0xf3, 0x36, 0x80, 0x7d, 0x44,
    0x7a, 0x1, 0xe3, 0x25, 0xc1, 0x0, 0xf8, 0x71,
    0x28, 0x3, 0xc3, 0x94, 0x1, 0xfe, 0x1b, 0x60,
    0xf, 0xfe, 0x9, 0xa, 0x80, 0x78,

    /* U+547D "命" */
    0x0, 0xff, 0x8c, 0x3, 0xff, 0x91, 0x78, 0x60,
    0x1f, 0xfc, 0x6a, 0x40, 0x90, 0xf, 0xfe, 0x20,
    0xe2, 0x9a, 0x2d, 0x88, 0x7, 0xff, 0x5, 0x7c,
    0xd3, 0x2d, 0x53, 0xd0, 0x3, 0xfc, 0x57, 0x42,
    0xd6, 0x0, 0xa7, 0x1b, 0xa2, 0x0, 0xf1, 0x4e,
    0xa0, 0xd4, 0x80, 0x68, 0xa0, 0x5d, 0x92, 0x0,
    0x2e, 0x6b, 0x3, 0xd, 0x7f, 0xfa, 0x8d, 0xc1,
    0xb7, 0x4d, 0xe6, 0xd, 0xb3, 0x8, 0x9f, 0xa6,
    0x39, 0x80, 0xba, 0xeb, 0xa4, 0x81, 0xee, 0xff,
    0x28, 0xc, 0xfe, 0x40, 0xab, 0xd5, 0x78, 0x80,
    0x11, 0x77, 0xe8, 0x30, 0xa, 0x55, 0x7e, 0x2,
    0x74, 0x4f, 0x38, 0x7, 0xf, 0xfd, 0x20, 0x1c,
    0x7d, 0xd8, 0x80, 0x3c, 0x60, 0x11, 0x80, 0x78,
    0x47, 0x0, 0x7f, 0xf9, 0xcc, 0xf1, 0x0, 0x7f,
    0x8c, 0x40, 0x30, 0x8b, 0x32, 0x80, 0xf, 0x9e,
    0xa8, 0x20, 0x1d, 0x6e, 0xfe, 0x60, 0xe, 0xe5,
    0x50, 0x30, 0x6, 0x58, 0x8f, 0x8, 0x7, 0x4f,
    0x73, 0xe0, 0x3, 0xff, 0x8c, 0x22, 0x0, 0xff,
    0xec, 0x90, 0xa0, 0x7, 0xe0,

    /* U+548C "和" */
    0x0, 0xfe, 0x12, 0x0, 0xff, 0xe2, 0x8a, 0xd7,
    0x6a, 0x0, 0x7f, 0xf0, 0x11, 0xeb, 0x7a, 0x94,
    0x11, 0x80, 0x3f, 0xe4, 0xb8, 0x52, 0x1, 0xaf,
    0xb2, 0x27, 0xff, 0xeb, 0x4, 0xab, 0xde, 0x3,
    0x50, 0x9, 0x80, 0x4, 0x5c, 0xc, 0x0, 0x54,
    0x20, 0xf, 0x84, 0x1b, 0x77, 0x80, 0xc0, 0x3f,
    0xf9, 0x69, 0x35, 0x4b, 0x3, 0xaa, 0x98, 0x3,
    0xfe, 0xe6, 0x55, 0x80, 0x55, 0x68, 0x0, 0xff,
    0xab, 0x73, 0x6, 0x3, 0x99, 0x78, 0x7, 0xff,
    0x0, 0x8c, 0x4c, 0x5, 0xc, 0xc2, 0x1, 0xff,
    0xc2, 0xb0, 0xa, 0x14, 0x3, 0xff, 0x86, 0x4c,
    0x60, 0x47, 0x46, 0x1, 0xff, 0xc2, 0x80, 0x90,
    0x7, 0x6, 0x90, 0x7, 0xff, 0x1, 0x14, 0xd0,
    0x0, 0x52, 0x2a, 0x1, 0xff, 0xc0, 0x90, 0xf0,
    0xc, 0xd2, 0xc0, 0x1f, 0xf5, 0x93, 0x18, 0x7,
    0x30, 0x80, 0x7f, 0xc8, 0x50, 0x1, 0xfe, 0x31,
    0x1c, 0x40, 0x14, 0xf8, 0x80, 0x7e, 0x10, 0x5e,
    0xed, 0xa0, 0x60, 0xc4, 0x1, 0xfc, 0xa8, 0x67,
    0xf5, 0x0, 0x7f, 0xf0, 0x6, 0xf3, 0x3e, 0x70,
    0xf, 0xfe, 0x78, 0x92, 0x0, 0x7f, 0xf0, 0x80,

    /* U+54EA "哪" */
    0x0, 0xf8, 0x48, 0xb8, 0x40, 0x4, 0x67, 0x10,
    0x7, 0xee, 0xdd, 0xee, 0x7, 0xdc, 0xcb, 0x64,
    0x3b, 0xfe, 0xe0, 0x97, 0x2, 0x73, 0x1, 0xe0,
    0x78, 0x60, 0x0, 0x8c, 0x82, 0x33, 0x40, 0x3c,
    0x20, 0x6, 0x97, 0xf0, 0xc0, 0x4, 0xdc, 0x80,
    0x7f, 0xf0, 0xb0, 0x14, 0x3, 0xff, 0x8e, 0x88,
    0x0, 0xfd, 0x34, 0x9, 0x4a, 0x1, 0xc4, 0x3a,
    0x1, 0xf1, 0xba, 0x80, 0xa9, 0x0, 0x72, 0x83,
    0x80, 0x7c, 0x7d, 0xe0, 0xde, 0xe0, 0x1d, 0x84,
    0x20, 0x1f, 0xfc, 0x11, 0x0, 0xe2, 0x28, 0x3,
    0xf8, 0x40, 0x40, 0x3e, 0x81, 0x90, 0xf, 0xe2,
    0x0, 0x9, 0x80, 0x70, 0xca, 0x10, 0x7, 0x8f,
    0xf0, 0x1f, 0x94, 0x4, 0x3, 0x20, 0x20, 0x2,
    0x6e, 0x40, 0xe0, 0xc1, 0x9c, 0x80, 0x3c, 0x61,
    0xe2, 0x32, 0x8, 0xce, 0xc1, 0x30, 0xe0, 0x1f,
    0x8c, 0x3b, 0xb8, 0x0, 0x86, 0x1, 0xff, 0x18,
    0x0, 0x46, 0x0, 0x18, 0xd8, 0x0, 0x40, 0x39,
    0x68, 0x38, 0x3, 0xeb, 0x5, 0x0, 0x38, 0x6,
    0x3b, 0x52, 0x60, 0xf, 0xb, 0x99, 0x0, 0x4,
    0x40, 0x11, 0xf7, 0x34, 0x40, 0x3d, 0x61, 0x20,
    0x11, 0x10, 0x3, 0x84, 0x3, 0xe3, 0x53, 0x56,
    0xcd, 0x5, 0x0, 0xff, 0xe0, 0x92, 0x70, 0x11,
    0x47, 0x1, 0xc2, 0x20, 0xf, 0xe1, 0xb2, 0x4,
    0xef, 0xc1, 0x7, 0xe0, 0xe,

    /* U+559C "喜" */
    0x0, 0xff, 0x90, 0xc0, 0x3f, 0xf9, 0x57, 0xa0,
    0x1f, 0xfc, 0x1, 0x89, 0x9f, 0xc0, 0x33, 0x3f,
    0xa0, 0x80, 0xa, 0xcd, 0xfc, 0x0, 0x66, 0xfc,
    0xee, 0x0, 0x27, 0x7f, 0xfe, 0x0, 0x7f, 0xff,
    0x28, 0x6, 0x38, 0x8f, 0x80, 0x11, 0x1f, 0x28,
    0x7, 0xad, 0xdf, 0xe0, 0x3, 0xbf, 0xde, 0x1,
    0xe8, 0xff, 0xff, 0xe2, 0x50, 0x7, 0xc9, 0xff,
    0xff, 0xc2, 0x60, 0xf, 0xc6, 0x9, 0x11, 0xfe,
    0x40, 0xf0, 0xf, 0xde, 0x1a, 0xef, 0xfe, 0xd0,
    0x30, 0xf, 0xde, 0x13, 0xff, 0xfe, 0x90, 0x30,
    0xf, 0xcd, 0x2c, 0xb, 0x11, 0xe4, 0x2, 0x88,
    0x0, 0x7e, 0x16, 0xd0, 0x3, 0xbf, 0x98, 0x21,
    0xc4, 0x3, 0xa2, 0x67, 0x68, 0x2c, 0xcf, 0x51,
    0x6, 0x4c, 0xe8, 0x1, 0x76, 0x6e, 0x0, 0x33,
    0x72, 0x80, 0x19, 0xb9, 0xc4, 0x5f, 0xff, 0xfc,
    0xa1, 0x0, 0xd5, 0xff, 0xff, 0xc2, 0xc0, 0xf,
    0xca, 0xc, 0xef, 0xff, 0x1, 0x88, 0x7, 0xf4,
    0xc4, 0x7f, 0xc2, 0x1, 0xff, 0xd7, 0x88, 0xff,
    0xe0, 0x8, 0x7, 0xf2, 0x3, 0xbf, 0xff, 0x0,
    0x8, 0x40, 0x20,

    /* U+55B7 "喷" */
    0x0, 0xff, 0xe1, 0x18, 0x7, 0xff, 0x25, 0x31,
    0xc0, 0x3f, 0xf8, 0x86, 0x89, 0x18, 0x6a, 0x26,
    0x20, 0xb, 0xbf, 0xf2, 0x84, 0xe5, 0xdd, 0x0,
    0xb7, 0x7b, 0x40, 0x2, 0x31, 0x90, 0x68, 0x5c,
    0xce, 0x60, 0x49, 0x9d, 0x60, 0x19, 0xb3, 0x0,
    0x11, 0x30, 0x1, 0xac, 0x79, 0x8b, 0x99, 0x0,
    0x3f, 0xf8, 0x17, 0x0, 0x5c, 0xa1, 0xce, 0x40,
    0x1f, 0xe8, 0xff, 0x10, 0xff, 0xf2, 0x86, 0xfe,
    0x80, 0x7e, 0xb6, 0x60, 0x83, 0x37, 0x10, 0x2b,
    0x50, 0x7, 0xe3, 0x99, 0x11, 0x26, 0x79, 0x2,
    0xa5, 0xc0, 0x3f, 0xca, 0xcf, 0x33, 0xc0, 0xb0,
    0x1, 0xff, 0xc0, 0xa5, 0x53, 0x37, 0x95, 0xd0,
    0x3, 0xff, 0x80, 0x7f, 0xff, 0x38, 0x8, 0x7,
    0xff, 0x11, 0xc8, 0x1, 0xe0, 0x1e, 0x6b, 0xd0,
    0xf, 0xc7, 0xa, 0x1, 0xf0, 0x8c, 0x86, 0x1a,
    0x1, 0xf8, 0x40, 0x3f, 0x77, 0x6f, 0x50, 0xf,
    0x30, 0x18, 0x7, 0xf0, 0x8c, 0x1, 0xce, 0x0,
    0xc0, 0x60, 0xc, 0x20, 0x1f, 0xf5, 0xc0, 0x2b,
    0x19, 0x53, 0x32, 0x90, 0x3, 0xfe, 0x41, 0xaa,
    0x16, 0x80, 0x27, 0xf4, 0x40, 0x3f, 0x96, 0x77,
    0x4a, 0xd8, 0x22, 0xad, 0x47, 0xe9, 0x0, 0xf8,
    0x61, 0xda, 0x7a, 0x44, 0x2, 0x2a, 0xc3, 0x61,
    0x0, 0xf0, 0xef, 0x5b, 0x8, 0x7, 0xc7, 0x9c,
    0x20,

    /* U+5668 "器" */
    0x0, 0xa2, 0x67, 0xa0, 0x80, 0x7, 0x33, 0xe8,
    0x0, 0xe4, 0x76, 0x6e, 0x7b, 0x0, 0x4b, 0x37,
    0x9d, 0x40, 0x30, 0x83, 0xf7, 0x54, 0x6, 0x0,
    0x10, 0xde, 0xe9, 0xc0, 0xc0, 0x3d, 0xe2, 0x33,
    0x0, 0x78, 0x84, 0x6f, 0x0, 0xff, 0xea, 0x78,
    0x4, 0xe0, 0x1e, 0x20, 0xb, 0xc0, 0x3c, 0x20,
    0xff, 0xf5, 0x80, 0x61, 0xd, 0xff, 0x9c, 0xc,
    0x3, 0x23, 0x2a, 0xfd, 0x1, 0x2c, 0x42, 0xab,
    0x32, 0x0, 0x74, 0xd5, 0x71, 0x1, 0x1, 0xca,
    0x88, 0xa2, 0xa4, 0x40, 0x3f, 0xc6, 0xe1, 0x20,
    0x14, 0x4a, 0xe8, 0x7, 0xbf, 0xfe, 0xc0, 0x6,
    0x7f, 0xe9, 0x10, 0xff, 0xc2, 0xc, 0x89, 0x8c,
    0x0, 0x68, 0x98, 0x80, 0x24, 0x4c, 0xc2, 0x13,
    0x77, 0x41, 0x4, 0xe5, 0xde, 0xda, 0x30, 0x6e,
    0xbb, 0x48, 0x7, 0x46, 0x1e, 0xb0, 0x7, 0x97,
    0x28, 0x2a, 0xc8, 0x2, 0x17, 0xe7, 0x7, 0xb9,
    0x92, 0x80, 0x16, 0x66, 0xc4, 0x4, 0xd6, 0x3,
    0xe8, 0x10, 0x2, 0xb3, 0x56, 0x0, 0xb6, 0x6e,
    0x0, 0xc, 0x1, 0xb5, 0x10, 0x7f, 0xdc, 0x1,
    0x84, 0x5f, 0xf8, 0x83, 0xbc, 0x1, 0x2a, 0x1,
    0xc2, 0x1, 0xc6, 0x1, 0xf0, 0x80, 0x7f, 0xfa,
    0xaa, 0xb0, 0x6, 0x12, 0xaa, 0xc4, 0x1, 0xf2,
    0x2, 0xae, 0x5, 0x0, 0x28, 0x2a, 0xe0, 0x40,
    0x8,

    /* U+56DB "四" */
    0x1, 0x22, 0xff, 0xe3, 0x8, 0x67, 0x6e, 0xff,
    0xf1, 0xbb, 0x8, 0x3, 0xff, 0x90, 0x40, 0xc,
    0xff, 0xc0, 0xf, 0xfb, 0x0, 0xbf, 0xf5, 0x80,
    0x7e, 0x10, 0xf, 0xfe, 0x3, 0x80, 0x7f, 0xf4,
    0x88, 0x4, 0x3, 0xff, 0x8e, 0xe0, 0x60, 0x1f,
    0xfc, 0x73, 0x7, 0x0, 0xe3, 0x0, 0xff, 0xe0,
    0xe8, 0x10, 0x7, 0xff, 0x1d, 0x3, 0x0, 0x21,
    0x0, 0xff, 0xe1, 0x20, 0x89, 0x0, 0x3f, 0x8,
    0x80, 0x3f, 0x40, 0x30, 0x6, 0x20, 0x1f, 0xf7,
    0x72, 0x40, 0x38, 0x6c, 0xc6, 0x40, 0x3a, 0xd0,
    0x8d, 0x11, 0xa0, 0x19, 0xfd, 0x7, 0x44, 0x3,
    0x92, 0xf7, 0x2e, 0xc8, 0x1, 0x9d, 0x11, 0x86,
    0x1, 0xff, 0xc6, 0xab, 0x20, 0xf, 0xfe, 0x33,
    0x88, 0xff, 0xf1, 0x18, 0x3, 0x5f, 0x77, 0xff,
    0x12, 0x80, 0x8, 0x1, 0xff, 0xc8, 0x40,

    /* U+56DE "回" */
    0x13, 0x3f, 0xfe, 0x39, 0x6, 0x67, 0xff, 0x23,
    0x48, 0xc0, 0x48, 0xbf, 0xf8, 0x80, 0x6, 0x0,
    0x66, 0xef, 0xff, 0x10, 0x40, 0x3f, 0xfd, 0x13,
    0x99, 0xf9, 0xc0, 0x3f, 0xe1, 0x63, 0x3f, 0xd2,
    0x1, 0xff, 0xc1, 0x1e, 0xee, 0xd0, 0xf, 0xfe,
    0x20, 0x8f, 0x18, 0x7, 0xff, 0xfc, 0x3, 0xff,
    0x80, 0x60, 0x1f, 0xfc, 0x31, 0xff, 0xed, 0x0,
    0xff, 0xe0, 0x8a, 0x91, 0x7c, 0x6c, 0x1, 0xff,
    0xc0, 0xad, 0xdf, 0xb2, 0x0, 0x3f, 0xff, 0xdb,
    0xdd, 0xff, 0xc4, 0x10, 0x75, 0x0, 0x8, 0xff,
    0xf1, 0x0, 0x48,

    /* U+56E2 "团" */
    0x1, 0x33, 0xff, 0xe3, 0x10, 0xf, 0x66, 0x7f,
    0xf1, 0xb7, 0x8, 0x0, 0x89, 0xff, 0xc4, 0x20,
    0x20, 0x1, 0x5d, 0xff, 0xa6, 0xef, 0xb8, 0x3,
    0xff, 0x85, 0x1a, 0x80, 0x1f, 0xfc, 0x71, 0x1,
    0x0, 0xff, 0x92, 0xab, 0xe4, 0x9, 0xaa, 0x48,
    0x7, 0xed, 0x55, 0xf8, 0x80, 0xd5, 0x4c, 0x40,
    0x1f, 0x4e, 0xe6, 0x72, 0x80, 0x23, 0x31, 0xc4,
    0x1, 0xf8, 0x8c, 0xf2, 0xa8, 0x0, 0x46, 0x61,
    0x0, 0xff, 0xe0, 0xac, 0x81, 0x0, 0x80, 0x7f,
    0xf0, 0xda, 0x82, 0x50, 0x3, 0xff, 0x89, 0x32,
    0x9, 0x60, 0xf, 0xfe, 0x19, 0x63, 0xd, 0xb0,
    0x4, 0xe0, 0x1f, 0xf3, 0x69, 0x9b, 0x10, 0x3,
    0xff, 0x8a, 0x51, 0x84, 0x1, 0xff, 0xc5, 0x6d,
    0x70, 0x8, 0x48, 0x80, 0x20, 0x1f, 0xfc, 0x43,
    0xed, 0x40, 0x30, 0xf, 0xfe, 0x21, 0xcb, 0x3e,
    0x8, 0x7, 0xff, 0x15, 0xa6, 0xc, 0x3, 0xfc,
    0x5b, 0xbf, 0xfc, 0x50, 0x1, 0x8, 0x11, 0x7f,
    0xf1, 0x4, 0x10,

    /* U+56F0 "困" */
    0x1, 0x1f, 0xfe, 0x38, 0x2, 0x7b, 0xbf, 0xf8,
    0xfe, 0x24, 0x2, 0x45, 0xff, 0xc4, 0x0, 0x18,
    0x2, 0xb7, 0x7e, 0xec, 0xdd, 0xf8, 0x40, 0x3f,
    0xe1, 0xcb, 0x0, 0xff, 0xe3, 0x98, 0x8, 0x7,
    0xff, 0x5c, 0x6a, 0xef, 0x70, 0x2d, 0xdf, 0x48,
    0x7, 0xca, 0xa4, 0x4c, 0x60, 0x28, 0x9c, 0xc0,
    0x1f, 0x27, 0xf7, 0x4c, 0x1, 0x2f, 0x76, 0xf0,
    0xf, 0xe1, 0x11, 0x30, 0x80, 0x16, 0xc4, 0x60,
    0xf, 0xf8, 0x74, 0x2c, 0x11, 0xb, 0x60, 0x1f,
    0xfc, 0x1d, 0x19, 0x70, 0x5, 0xaa, 0x58, 0x7,
    0xfd, 0x66, 0xcc, 0x0, 0xd4, 0xa9, 0x60, 0x1f,
    0x87, 0x11, 0x12, 0x1, 0xea, 0x44, 0x50, 0x7,
    0xd6, 0x69, 0x60, 0x1f, 0xac, 0xd4, 0x40, 0x3d,
    0x73, 0x60, 0x1f, 0xec, 0xc0, 0x80, 0x78, 0x58,
    0x3, 0xff, 0x80, 0x60, 0x1f, 0xfc, 0x12, 0x3d,
    0x0, 0xff, 0xe4, 0x63, 0x0, 0x7f, 0xf0, 0x2b,
    0xbb, 0xff, 0x88, 0x20, 0x3, 0x1, 0x1f, 0xfe,
    0x28, 0x9, 0x0,

    /* U+571F "土" */
    0x0, 0xff, 0x8, 0x7, 0xff, 0x27, 0xf4, 0x3,
    0xff, 0x90, 0x24, 0x1, 0xff, 0xff, 0x0, 0xff,
    0xf1, 0xde, 0xef, 0xc0, 0xd, 0xdf, 0xb0, 0x2,
    0x14, 0x22, 0xf8, 0x0, 0x45, 0xf1, 0x90, 0x0,
    0x7f, 0xfe, 0xe0, 0x7, 0xff, 0xe2, 0x0, 0xff,
    0x8, 0x7, 0xff, 0xfc, 0x3, 0xff, 0xfe, 0x1,
    0xff, 0xc5, 0x11, 0xfc, 0x40, 0x1, 0x1f, 0xe0,
    0x9e, 0xef, 0xda, 0x0, 0xee, 0xfe, 0xaf, 0x33,
    0xff, 0xe4, 0x60,

    /* U+5728 "在" */
    0x0, 0xfc, 0x26, 0x1, 0xff, 0xc8, 0xac, 0x30,
    0xf, 0xfe, 0x30, 0xa0, 0x18, 0x7, 0xff, 0x19,
    0x81, 0x40, 0x3f, 0xf8, 0x3, 0x79, 0x9d, 0x20,
    0x99, 0x9f, 0xf2, 0x9a, 0x19, 0xf0, 0x80, 0x99,
    0xff, 0xda, 0x5f, 0xfc, 0x41, 0x3f, 0xff, 0xfc,
    0x8, 0x0, 0xe6, 0x22, 0x30, 0x6, 0x4c, 0x20,
    0xf, 0xf0, 0xc0, 0x40, 0x7, 0x61, 0xa0, 0x7,
    0xfa, 0xc5, 0x14, 0x3, 0xff, 0x8a, 0xca, 0x12,
    0x1, 0xff, 0xc5, 0x59, 0x4, 0x20, 0xf, 0xfe,
    0x23, 0x50, 0x7, 0x5f, 0xfe, 0x70, 0x9f, 0xfd,
    0x41, 0x12, 0x6, 0x1, 0x8c, 0xf8, 0x40, 0x8c,
    0xf6, 0x0, 0x84, 0x70, 0x6, 0x8c, 0xcc, 0xc1,
    0x79, 0x99, 0x82, 0x79, 0xc0, 0x3f, 0xf9, 0x2,
    0x1, 0xff, 0xff, 0x0, 0xff, 0xe3, 0x3e, 0x6e,
    0xe6, 0x8, 0xdd, 0xd8, 0xc0, 0x1f, 0x69, 0x91,
    0x61, 0x1, 0x22, 0xc7, 0xc0, 0x11, 0x9, 0x85,
    0x7f, 0xff, 0xf0, 0x60,

    /* U+5730 "地" */
    0x0, 0x88, 0x80, 0x1f, 0xca, 0xe0, 0x1f, 0xef,
    0xc0, 0xf, 0xe8, 0x80, 0x7, 0xf8, 0xc4, 0x3,
    0x12, 0x0, 0x7f, 0xf2, 0x66, 0xc0, 0x3f, 0xf9,
    0x2e, 0x2, 0x1, 0xf0, 0x80, 0x7f, 0xf2, 0x12,
    0xfb, 0x0, 0xf, 0xba, 0x10, 0xdd, 0x20, 0x7,
    0xed, 0xb4, 0x1, 0x0, 0x79, 0x10, 0x0, 0x44,
    0x10, 0xc, 0x52, 0x40, 0x49, 0x20, 0x20, 0x8,
    0xff, 0x8, 0x7f, 0x94, 0x2, 0xdd, 0x30, 0x3,
    0x6d, 0x1, 0xc0, 0x3f, 0x85, 0xcc, 0xc, 0xa4,
    0x40, 0x80, 0x40, 0x80, 0x3f, 0xba, 0x0, 0x17,
    0xac, 0x60, 0x13, 0x80, 0x80, 0x7f, 0x2b, 0x90,
    0x28, 0x7, 0x88, 0x38, 0x3, 0xfa, 0xa0, 0x40,
    0x3f, 0x8, 0x10, 0x7, 0xe1, 0x20, 0xf, 0xf7,
    0x3, 0x0, 0x7d, 0x5d, 0xc0, 0xf, 0xf1, 0x1,
    0x0, 0x66, 0x10, 0x51, 0x90, 0xf, 0xf8, 0xc0,
    0x28, 0xf9, 0x2, 0x9e, 0x50, 0xf, 0x8, 0x80,
    0x17, 0x80, 0x12, 0x81, 0xde, 0xb0, 0x7, 0xec,
    0xe0, 0xc, 0xf2, 0x19, 0xb8, 0x80, 0x1f, 0xfc,
    0x4b, 0x60, 0x12, 0x0, 0xf9, 0xc0, 0x80, 0x3e,
    0x13, 0x20, 0xf, 0xf1, 0x86, 0x62, 0xef, 0xde,
    0xa, 0x1, 0xfe, 0x86, 0x13, 0x44, 0xf0, 0x2c,
    0x0,

    /* U+5740 "址" */
    0x0, 0xff, 0xe1, 0x90, 0x7, 0xfa, 0x3c, 0x40,
    0x3f, 0xe, 0xd8, 0x7, 0xf1, 0x1, 0x80, 0x7e,
    0x30, 0x70, 0xf, 0xff, 0x91, 0x0, 0x7f, 0xf0,
    0x1a, 0xa8, 0x81, 0x35, 0x21, 0x1a, 0x80, 0x1f,
    0xf5, 0xaa, 0x84, 0x11, 0x58, 0xc4, 0x4, 0x3,
    0xfe, 0xcc, 0x90, 0x2b, 0x34, 0xc0, 0x3f, 0xf8,
    0x42, 0x66, 0x10, 0x73, 0x20, 0xf, 0xc7, 0xff,
    0xb0, 0x3, 0xff, 0x8c, 0x45, 0x94, 0x3, 0xff,
    0x8a, 0x7b, 0xba, 0x40, 0x3f, 0xfa, 0x62, 0x1,
    0xff, 0xc8, 0xac, 0xe4, 0x0, 0xff, 0xe2, 0x1b,
    0x83, 0x9a, 0xa0, 0x7, 0xff, 0x9, 0xb7, 0x8,
    0x1f, 0x68, 0x3, 0xff, 0x87, 0x64, 0x49, 0xf8,
    0x20, 0xf, 0xfe, 0x27, 0x66, 0xb0, 0x7, 0xff,
    0x1c, 0xcc, 0x1, 0xf1, 0x81, 0x80, 0x7f, 0xf1,
    0x5b, 0xfc, 0xa1, 0x3f, 0xed, 0x3, 0xff, 0xe2,
    0x0, 0xf1, 0x19, 0x17, 0xff, 0x4, 0xcc,

    /* U+5747 "均" */
    0x0, 0xc2, 0x1, 0xe3, 0x50, 0xf, 0xfe, 0x4,
    0x71, 0x80, 0x77, 0x51, 0x0, 0x7f, 0xc4, 0xe,
    0x1, 0x8c, 0x8c, 0x80, 0x3f, 0xf8, 0xd4, 0x14,
    0x1, 0xff, 0xc6, 0x16, 0xd, 0xbb, 0xfa, 0x94,
    0x3, 0xfa, 0x40, 0x8, 0x9f, 0x97, 0x96, 0xa8,
    0xe1, 0x14, 0xe4, 0xe1, 0x9b, 0xbf, 0x48, 0x3,
    0x95, 0x44, 0x6, 0xb3, 0xc0, 0xe6, 0x45, 0xf8,
    0x6, 0xf3, 0x8, 0x11, 0x8e, 0x65, 0x0, 0x1f,
    0xfc, 0x3, 0x30, 0x81, 0x99, 0x43, 0xa2, 0x67,
    0x9c, 0x0, 0x20, 0x60, 0x1f, 0x66, 0x93, 0xb3,
    0x74, 0x0, 0x61, 0x0, 0xfc, 0x43, 0xdb, 0xbd,
    0xc0, 0x3, 0x0, 0xff, 0xe0, 0x9, 0x17, 0x8,
    0x0, 0x43, 0xc0, 0x3f, 0xf8, 0xfe, 0x2, 0x1,
    0xe1, 0x71, 0x0, 0xff, 0x8, 0x18, 0x7, 0x7f,
    0x42, 0x47, 0xff, 0xb9, 0x0, 0xc0, 0x40, 0x4,
    0xc0, 0x80, 0xeb, 0xc6, 0x45, 0xe7, 0x1, 0x7,
    0x3b, 0xd3, 0x7, 0xe8, 0x6, 0xcd, 0xde, 0xc3,
    0x6, 0x2, 0xd4, 0x7, 0xe8, 0x10, 0xf, 0xfe,
    0x1, 0x0, 0xcb, 0xf4, 0x8, 0x7, 0xff, 0x4,
    0x80, 0x81, 0xe0, 0x40, 0x3f, 0xf8, 0x74, 0x8,
    0x1, 0xff, 0xc2, 0x2e, 0xe6, 0xf3, 0x86, 0x80,
    0x7f, 0xf0, 0x89, 0x44, 0x84, 0xa5, 0x0, 0x3f,
    0xf8, 0x77, 0xff, 0x6b, 0x0, 0x0,

    /* U+5757 "块" */
    0x0, 0xc2, 0x1, 0xf8, 0x88, 0x1, 0xfe, 0xae,
    0x0, 0xfd, 0xbc, 0x1, 0xfe, 0x10, 0x10, 0xf,
    0xc2, 0x1, 0xff, 0xd9, 0x37, 0x7c, 0x6, 0xef,
    0x94, 0x3, 0xfd, 0xf1, 0x18, 0x6, 0x23, 0x50,
    0x1, 0x33, 0x8, 0x1b, 0x8f, 0xd5, 0x58, 0x6,
    0xaa, 0x20, 0x10, 0x33, 0x80, 0x6, 0x6c, 0x25,
    0x5c, 0x6, 0xab, 0x8, 0x4, 0xff, 0xe4, 0xd,
    0xfb, 0x0, 0xc2, 0x1, 0xff, 0xc2, 0x30, 0xf,
    0xc2, 0x1, 0xff, 0xd8, 0x2a, 0xbb, 0xa8, 0xa,
    0xee, 0x20, 0xa8, 0x0, 0xf9, 0x15, 0x13, 0x0,
    0xa2, 0x42, 0x8, 0xc0, 0x1e, 0x40, 0xdd, 0xca,
    0xf, 0xbb, 0xef, 0x0, 0xec, 0xb9, 0x22, 0xce,
    0x14, 0x45, 0xe1, 0x1, 0x74, 0x2, 0x25, 0x0,
    0x4a, 0x46, 0xdf, 0x0, 0x1d, 0x1d, 0x0, 0x75,
    0xaa, 0x1, 0x40, 0x4b, 0x13, 0xd0, 0x6, 0x60,
    0x4b, 0xc5, 0x0, 0xd4, 0x46, 0xa5, 0x84, 0xb6,
    0x1, 0x6e, 0x5a, 0x0, 0x75, 0x28, 0xf0, 0x0,
    0x70, 0x92, 0xc0, 0x6, 0x60, 0xe, 0x3c, 0x51,
    0xd2, 0x0, 0x87, 0x9, 0x2c, 0x3, 0xea, 0xc3,
    0x36, 0x18, 0x7, 0xe, 0x12, 0x50, 0x7, 0x98,
    0xa7, 0x8, 0x3, 0xe1, 0xf1, 0x10, 0x7, 0xb3,
    0x58, 0x3, 0xfc, 0x5d, 0x60,

    /* U+578B "型" */
    0x0, 0xff, 0xe3, 0x98, 0x4, 0x2e, 0xff, 0xcc,
    0x1, 0xe5, 0xc5, 0x0, 0x34, 0x47, 0xf4, 0x98,
    0x5e, 0x80, 0xc, 0xc, 0x0, 0xf9, 0x0, 0xd9,
    0x83, 0xb, 0xd3, 0x6, 0x20, 0xf, 0xc6, 0x41,
    0xc6, 0x67, 0x5, 0x20, 0xf, 0xfe, 0xa0, 0xc4,
    0xf0, 0x5c, 0xc9, 0x42, 0xe5, 0x0, 0x3f, 0x95,
    0xd9, 0x0, 0xd9, 0x82, 0xa, 0xdc, 0x1, 0xfc,
    0x9d, 0xc5, 0xa, 0xee, 0x18, 0x67, 0x50, 0x7,
    0xf8, 0x44, 0xe0, 0xa2, 0x27, 0x2, 0x10, 0x3,
    0x18, 0x7, 0xe5, 0x24, 0x0, 0xfe, 0xbc, 0x0,
    0xf8, 0xe8, 0x20, 0x3, 0xff, 0x82, 0x20, 0x11,
    0x60, 0x39, 0x80, 0x42, 0x4, 0x80, 0x13, 0xff,
    0xa0, 0x8, 0x9, 0xa6, 0x0, 0x35, 0xef, 0xd8,
    0x80, 0x19, 0x8a, 0xd4, 0x80, 0x9, 0x60, 0xe,
    0x12, 0x10, 0xc, 0x33, 0x52, 0xa0, 0x18, 0x6a,
    0xef, 0xc4, 0x15, 0x77, 0xd4, 0x20, 0x19, 0x54,
    0x89, 0xe0, 0x2, 0x27, 0x94, 0x80, 0x32, 0x7f,
    0xfc, 0x41, 0xbf, 0xfe, 0x30, 0xf, 0xfe, 0x11,
    0x80, 0x7f, 0xf2, 0x4c, 0x3, 0xfa, 0xbf, 0xff,
    0x88, 0x37, 0xff, 0xf5, 0x69, 0x91, 0x7f, 0xf1,
    0x8f, 0x40,

    /* U+57A2 "垢" */
    0x0, 0x84, 0x40, 0x1f, 0xfc, 0x9c, 0xc0, 0x7,
    0xc2, 0x48, 0xd3, 0x7d, 0xea, 0x1, 0xc6, 0x40,
    0x1a, 0xbb, 0xfb, 0x6e, 0x59, 0x4, 0xcc, 0x1,
    0xfe, 0x15, 0x14, 0x56, 0x8a, 0xbe, 0xfc, 0x60,
    0xf, 0xfe, 0x2, 0x5d, 0x4b, 0xaa, 0x8, 0x7,
    0xff, 0x41, 0x2a, 0x82, 0x15, 0x42, 0x0, 0xff,
    0xe1, 0xea, 0xa8, 0x0, 0xaa, 0x40, 0x2, 0x7f,
    0xff, 0xb8, 0x67, 0x74, 0x21, 0xbc, 0xc0, 0x10,
    0x8f, 0xf8, 0x80, 0x4, 0x40, 0x1, 0x8, 0x4,
    0x9d, 0xdf, 0xec, 0x10, 0xf, 0xff, 0x51, 0x80,
    0xaf, 0xff, 0xea, 0x0, 0xff, 0x8, 0x1e, 0x81,
    0x22, 0x63, 0x6, 0x0, 0xfc, 0xc8, 0xc0, 0x20,
    0x9, 0xbb, 0xda, 0x1, 0xfd, 0xd3, 0xfa, 0x1c,
    0x1, 0xff, 0xc1, 0x5b, 0x10, 0x13, 0x84, 0x5,
    0x0, 0xff, 0xe0, 0x55, 0x10, 0x13, 0x30, 0x46,
    0x6, 0x1, 0xff, 0xc2, 0x6d, 0xb3, 0x6, 0x5,
    0x0, 0x84, 0x3, 0x18, 0x6, 0xaf, 0x92, 0x0,
    0xa4, 0x24, 0x2, 0xaf, 0xfd, 0xa0, 0x1f, 0xea,
    0x14, 0x30, 0xb4, 0x33, 0xf2, 0x50, 0x7, 0xe3,
    0x2a, 0x0, 0x1d, 0xe6, 0x7a, 0xd8, 0x0,

    /* U+57DF "域" */
    0x0, 0xc2, 0x1, 0xfe, 0x16, 0x10, 0x10, 0xf,
    0x4f, 0x8, 0x7, 0xf3, 0xcb, 0x27, 0x48, 0x7,
    0x18, 0x18, 0x7, 0xfd, 0xe8, 0xcc, 0xb0, 0xf,
    0xfe, 0x44, 0xc3, 0x8, 0x7, 0xc3, 0xdf, 0xfe,
    0x90, 0x7f, 0xf4, 0x13, 0x0, 0x7e, 0x22, 0xf8,
    0x40, 0x48, 0xb0, 0x84, 0x52, 0x4, 0xc8, 0x33,
    0x77, 0xd4, 0xf, 0xbb, 0x98, 0x5d, 0x44, 0x11,
    0x94, 0x3, 0xe7, 0x3, 0x0, 0xe1, 0xed, 0x40,
    0xbd, 0x47, 0xff, 0xe4, 0x0, 0x8, 0x1, 0xf0,
    0x0, 0x24, 0x20, 0xc4, 0x1a, 0xc, 0xc5, 0x2,
    0x20, 0x38, 0x2, 0xc, 0x3, 0xfc, 0x53, 0x30,
    0x0, 0x40, 0x41, 0x1, 0x0, 0x3f, 0xf8, 0xc4,
    0x1c, 0x1c, 0x1, 0xff, 0xc5, 0x20, 0x25, 0x5,
    0x0, 0xff, 0x14, 0x42, 0x40, 0x26, 0x9, 0x6,
    0x0, 0xfc, 0x43, 0xa0, 0xee, 0x50, 0x20, 0x20,
    0x40, 0x80, 0xf, 0xa7, 0x61, 0xff, 0xf9, 0x3,
    0x80, 0xc, 0x20, 0x18, 0x98, 0x10, 0xa8, 0x3,
    0xb, 0x49, 0x10, 0x1, 0x0, 0x1a, 0xf4, 0xca,
    0xb4, 0xc1, 0x67, 0x7a, 0x59, 0xec, 0x4, 0x40,
    0x19, 0x4a, 0xb5, 0x42, 0xbe, 0x98, 0xd6, 0xb6,
    0x4, 0x4, 0xc1, 0x64, 0x3b, 0x54, 0x2, 0x33,
    0x3e, 0x75, 0x3f, 0x93, 0xc0, 0x58, 0x6a, 0x0,
    0x7d, 0x39, 0x6, 0xb, 0xa4, 0xf0, 0xc0, 0xe2,
    0x6c, 0x1, 0xff, 0xc0, 0xc1, 0xb8, 0x1, 0x70,
    0xe4, 0xc0, 0xf, 0xfe, 0x4, 0xf2, 0x0, 0x50,
    0xc0, 0x6e,

    /* U+57F9 "培" */
    0x0, 0xc6, 0x1, 0xfc, 0x52, 0x20, 0x1f, 0xe6,
    0xc4, 0x0, 0xfc, 0x8d, 0x20, 0x1f, 0xe1, 0x1,
    0x0, 0xfc, 0x80, 0xa0, 0x1f, 0xfc, 0x4a, 0xcc,
    0xdc, 0x5, 0x99, 0xd2, 0x1, 0xfe, 0x43, 0x3e,
    0x0, 0x19, 0xf2, 0x0, 0x7f, 0xbb, 0xf7, 0xff,
    0xec, 0xc7, 0xe8, 0x0, 0x4b, 0xc0, 0xc8, 0x40,
    0x5, 0xb2, 0x1, 0xec, 0xd0, 0x9, 0x7b, 0x5c,
    0x27, 0x78, 0x40, 0x81, 0x84, 0x3, 0x28, 0x38,
    0x4, 0xc6, 0x61, 0x2, 0x34, 0x10, 0x2, 0x83,
    0x80, 0x69, 0xb, 0x0, 0x8f, 0x31, 0x21, 0x19,
    0x60, 0x17, 0x0, 0x80, 0x46, 0x64, 0x20, 0xf,
    0xfa, 0xb3, 0x10, 0x17, 0x99, 0x68, 0x36, 0x64,
    0xc0, 0x1f, 0x90, 0xce, 0x3, 0x3c, 0x20, 0x46,
    0x76, 0x0, 0x7e, 0xee, 0xff, 0xe1, 0x7d, 0x0,
    0x7f, 0x8, 0xff, 0xf0, 0x40, 0x3f, 0xf8, 0xf,
    0x99, 0xfe, 0x60, 0xf, 0xe6, 0x10, 0xa3, 0x3f,
    0xf5, 0x0, 0x7d, 0x3f, 0x2e, 0x6, 0x1d, 0xff,
    0xec, 0x0, 0xe1, 0x6a, 0x3, 0x3, 0x40, 0x8,
    0x40, 0x3c, 0x20, 0x18, 0xfa, 0x48, 0x17, 0x30,
    0x40, 0x1f, 0xfc, 0x36, 0x1, 0x7d, 0xa3, 0x0,
    0xff, 0xe2, 0xae, 0x74, 0x10, 0x7, 0xff, 0x20,
    0xc0, 0x3f, 0x18, 0x6e, 0x67, 0xbc, 0x3, 0xff,
    0x84, 0xe0, 0x46, 0x7e, 0x20, 0x40, 0x0,

    /* U+5854 "塔" */
    0x0, 0xff, 0x88, 0x40, 0x3c, 0x24, 0x1, 0xf7,
    0x58, 0x6, 0x1d, 0xb0, 0xf, 0x66, 0x0, 0x3c,
    0x22, 0x60, 0xc, 0x60, 0x20, 0x1e, 0x31, 0x0,
    0xff, 0xa7, 0xf4, 0x13, 0xf8, 0xdb, 0xfc, 0x21,
    0xfe, 0x80, 0xf, 0xc2, 0x44, 0x0, 0x11, 0x0,
    0xc8, 0x80, 0x2, 0x27, 0x80, 0x7e, 0x8d, 0xf0,
    0x4d, 0xc3, 0x5d, 0xd0, 0x86, 0xe9, 0xc0, 0x6,
    0xa0, 0x3, 0x20, 0x1, 0x80, 0x80, 0x20, 0xc0,
    0x21, 0x0, 0xdb, 0x96, 0x5, 0x9a, 0x60, 0x37,
    0x1, 0x6f, 0xc2, 0x1b, 0xa0, 0xc, 0xa6, 0x60,
    0x1, 0xa1, 0x0, 0x10, 0xed, 0x8, 0x98, 0x46,
    0x60, 0xd, 0x19, 0xa0, 0x59, 0x62, 0x0, 0x4f,
    0x46, 0xd7, 0x2d, 0x70, 0xf, 0xfe, 0x14, 0xd8,
    0xc4, 0x84, 0x50, 0x46, 0xa0, 0x7, 0xf9, 0xf9,
    0x86, 0x9c, 0x2, 0x5d, 0x42, 0xbb, 0x18, 0x7,
    0xd5, 0x2, 0xb7, 0x5f, 0xfd, 0xa1, 0x44, 0x90,
    0x1, 0xf4, 0xae, 0x53, 0xaa, 0x27, 0xb5, 0x76,
    0xa4, 0x3, 0xe3, 0xa3, 0x2, 0xab, 0xbf, 0x30,
    0x1, 0x48, 0x3, 0xe3, 0x0, 0x3d, 0xdf, 0xf9,
    0x0, 0x3e, 0x2d, 0xc7, 0x8, 0x44, 0xff, 0x78,
    0x6, 0x5a, 0x0, 0x10, 0x98, 0x5, 0xff, 0xf5,
    0x80, 0x77, 0x52, 0x1, 0xd7, 0x20, 0x7, 0xff,
    0x10, 0x41, 0xb7, 0x14, 0x3, 0xff, 0x8d, 0xdf,
    0x24, 0x1, 0xff, 0xc8, 0x10, 0xf, 0xf5, 0xdf,
    0xd2, 0x1, 0xff, 0xc2, 0x40, 0x44, 0xf8, 0x83,
    0x0, 0x0,

    /* U+586B "填" */
    0x0, 0xff, 0xe1, 0x8, 0x7, 0xfd, 0xd2, 0x1,
    0xf8, 0xfa, 0x40, 0x3f, 0x84, 0x4a, 0x1, 0xf9,
    0x0, 0x40, 0x3f, 0xf8, 0x77, 0xff, 0xa0, 0x1f,
    0xff, 0x9c, 0x3, 0xfb, 0x99, 0xb0, 0x1, 0x9b,
    0xc8, 0x1, 0xfc, 0xb3, 0x77, 0x1, 0xdd, 0xe8,
    0x93, 0x6, 0xba, 0x2, 0xba, 0x20, 0x8d, 0xd8,
    0xf, 0x77, 0x70, 0x5, 0x88, 0x80, 0x14, 0x57,
    0x2, 0xa, 0xcc, 0xf1, 0x80, 0x80, 0x2b, 0x6c,
    0xf, 0x35, 0x40, 0x33, 0xbf, 0x80, 0x3c, 0x4a,
    0x0, 0x32, 0x0, 0xd5, 0x77, 0xe3, 0x0, 0xff,
    0xe1, 0xf7, 0xff, 0x90, 0x3, 0xff, 0x87, 0xdf,
    0xfe, 0x40, 0xf, 0xfe, 0x1d, 0x57, 0xc6, 0x1,
    0xff, 0xc4, 0x11, 0xf0, 0x7, 0xff, 0x12, 0xae,
    0xfc, 0x60, 0x1f, 0x86, 0xfd, 0x40, 0x2e, 0xff,
    0xf2, 0x0, 0x71, 0xc0, 0x12, 0x19, 0xa9, 0x2,
    0xea, 0xbc, 0xa1, 0x72, 0x13, 0x8c, 0x9, 0x79,
    0x85, 0x10, 0x55, 0xf8, 0x41, 0x58, 0xb8, 0x5f,
    0x6d, 0x2, 0xbf, 0xdc, 0xc9, 0xbf, 0xe8, 0x4a,
    0xff, 0x89, 0xfa, 0x8, 0x3, 0x93, 0x19, 0x86,
    0x0, 0x24, 0xab, 0x20, 0xf, 0xe3, 0xcb, 0x27,
    0xd1, 0x0, 0x2f, 0x32, 0x6a, 0x0, 0x7e, 0xa2,
    0x7e, 0x80, 0xe, 0x19, 0xa1, 0x10, 0x0,

    /* U+589E "增" */
    0x0, 0x84, 0xc0, 0x3c, 0x80, 0x1e, 0x25, 0x0,
    0xf5, 0x60, 0x7, 0x3d, 0xd0, 0x7, 0x7d, 0x20,
    0x7, 0x38, 0x8, 0x6, 0x60, 0x54, 0x0, 0x98,
    0x8d, 0x0, 0x3f, 0xf8, 0x3, 0x24, 0xe0, 0x14,
    0x7, 0x0, 0x7f, 0xcd, 0xdf, 0x25, 0x9f, 0xf0,
    0x86, 0xfe, 0x0, 0x7f, 0x78, 0xb3, 0xbc, 0x60,
    0xce, 0xf0, 0x98, 0x80, 0x90, 0x0, 0x88, 0x1,
    0x45, 0xc4, 0x10, 0x22, 0x15, 0x45, 0x0, 0x2f,
    0x69, 0x86, 0x6c, 0x80, 0x5e, 0xe0, 0x1d, 0x8a,
    0x1, 0x3a, 0x20, 0x0, 0x69, 0x80, 0x14, 0x48,
    0x6, 0x70, 0x70, 0x8, 0xae, 0xc6, 0x1b, 0x6a,
    0x1, 0x21, 0xb0, 0x5, 0x34, 0x1, 0xff, 0xc4,
    0xe4, 0x0, 0xb1, 0x0, 0x3f, 0xf8, 0x5d, 0xf9,
    0xae, 0x1d, 0xbf, 0xe4, 0x0, 0xff, 0x5b, 0xbf,
    0xff, 0x2, 0x44, 0x3, 0xf1, 0x44, 0x7f, 0xf0,
    0x18, 0x3, 0xfc, 0x5d, 0xff, 0xfd, 0x40, 0x1f,
    0xf3, 0x8, 0x95, 0x7c, 0x80, 0x80, 0x1f, 0x47,
    0x58, 0x4, 0x95, 0x5e, 0xb0, 0xe, 0x17, 0x20,
    0x61, 0xc0, 0x9, 0x9d, 0xfe, 0x0, 0xcb, 0xd0,
    0x20, 0xda, 0xe0, 0x11, 0xc4, 0x7c, 0x1, 0x88,
    0x6, 0x3a, 0x48, 0x3, 0x2f, 0xff, 0xb8, 0x3,
    0x3d, 0xf3, 0x88, 0x7, 0xff, 0x4, 0x40, 0x39,
    0x0, 0x3f, 0x92, 0x67, 0xd4, 0x1, 0xff, 0xc1,
    0x61, 0x13, 0x37, 0x94, 0x10, 0x0,

    /* U+58EB "士" */
    0x0, 0xff, 0x33, 0x0, 0x3f, 0xf9, 0x13, 0x20,
    0xf, 0xff, 0xf8, 0x7, 0xff, 0xdd, 0xf7, 0x7f,
    0x80, 0x1b, 0xbf, 0xcf, 0xc4, 0x5f, 0xc0, 0x2,
    0x2f, 0xed, 0x9f, 0xff, 0xdc, 0x0, 0xff, 0xfe,
    0xa0, 0xf, 0xe1, 0x0, 0xff, 0xff, 0x80, 0x7f,
    0xff, 0xc0, 0x3f, 0xf8, 0xa5, 0x9b, 0xbf, 0x0,
    0x37, 0x7e, 0xc4, 0x0, 0x31, 0x91, 0x7c, 0x0,
    0x22, 0xf8, 0xc4, 0x0, 0x9f, 0xdd, 0xff, 0xc4,
    0xf5, 0x0,

    /* U+58F0 "声" */
    0x0, 0xff, 0x2b, 0x0, 0x7f, 0xf2, 0x2e, 0x40,
    0x3f, 0xe9, 0xaa, 0xfc, 0x21, 0x55, 0xfa, 0x44,
    0x99, 0x57, 0xf0, 0x1, 0x57, 0xf3, 0x11, 0x3f,
    0xff, 0x80, 0x1f, 0xff, 0xc6, 0x1, 0xff, 0xcc,
    0x59, 0x9f, 0x80, 0x13, 0x3f, 0x40, 0x80, 0x5e,
    0xcd, 0xf0, 0x1, 0x9b, 0xe7, 0x20, 0xa, 0xbf,
    0xff, 0xf8, 0xa6, 0x1, 0xff, 0xcd, 0x2f, 0xff,
    0xfe, 0x25, 0x0, 0x66, 0x1, 0x55, 0xe0, 0x2,
    0xaf, 0x81, 0xc0, 0x3c, 0xf5, 0x5c, 0x21, 0x55,
    0xd6, 0x1, 0xff, 0xd0, 0x10, 0xf, 0xfe, 0x49,
    0x3, 0x7f, 0xf0, 0x87, 0xff, 0x70, 0x7, 0xb4,
    0xd, 0x13, 0xff, 0x85, 0x60, 0x19, 0x3, 0x6e,
    0xff, 0xf8, 0x4c, 0x1, 0x28, 0x98, 0x80, 0x7f,
    0xf1, 0xa0, 0x24, 0x3, 0xff, 0x8d, 0x44, 0x6a,
    0x1, 0xff, 0xc7, 0x2d, 0x0, 0xff, 0xe3, 0x80,

    /* U+5904 "处" */
    0x0, 0xc2, 0x60, 0x1f, 0x99, 0x40, 0x3f, 0xeb,
    0xc4, 0x0, 0xf0, 0xcd, 0x80, 0x7f, 0xce, 0xe,
    0x1, 0xff, 0xc8, 0x20, 0x30, 0xf, 0xfe, 0x3a,
    0x0, 0x33, 0x76, 0xb2, 0x0, 0xff, 0xe1, 0x60,
    0x0, 0xc8, 0xa4, 0x40, 0x7, 0xff, 0x9, 0x43,
    0x3f, 0xe4, 0x2, 0x0, 0x85, 0xc0, 0x3f, 0x11,
    0x46, 0x1, 0x28, 0x30, 0x6, 0x88, 0x0, 0x7d,
    0x40, 0x60, 0x18, 0x40, 0x80, 0x31, 0x3b, 0x0,
    0x79, 0x80, 0x48, 0x0, 0x80, 0x80, 0x18, 0x7c,
    0x65, 0x0, 0x33, 0x8, 0x81, 0x40, 0x18, 0x18,
    0x1, 0xc5, 0x41, 0x64, 0x0, 0x18, 0xd, 0x1b,
    0x0, 0x30, 0x28, 0x7, 0x91, 0xc3, 0xc0, 0x33,
    0x9b, 0x99, 0xc2, 0x64, 0x1, 0xf4, 0x19, 0x28,
    0xf, 0x40, 0x50, 0x44, 0x85, 0x0, 0x7f, 0x74,
    0xa8, 0x7, 0x1a, 0x21, 0x45, 0x80, 0x3f, 0x89,
    0x80, 0x3e, 0x80, 0x4, 0x80, 0x7f, 0xf1, 0xd0,
    0x1, 0x60, 0x1f, 0xfc, 0x65, 0x80, 0x23, 0xc1,
    0x0, 0x8, 0x18, 0x7, 0xf9, 0x68, 0x23, 0x8,
    0xfd, 0x80, 0x1d, 0xa0, 0x1f, 0xd1, 0x40, 0xee,
    0x1c, 0x41, 0x9e, 0xa7, 0x32, 0x10, 0xe, 0x4e,
    0x70, 0x88, 0x0, 0x6, 0xe8, 0xc5, 0x67, 0x37,
    0xbf, 0xf0, 0x80, 0x13, 0x1c, 0x3, 0x97, 0x3a,
    0x99, 0xc, 0x47, 0x38, 0x80,

    /* U+5907 "备" */
    0x0, 0xfe, 0x10, 0xf, 0xfe, 0x55, 0x73, 0x80,
    0x7f, 0xf2, 0x19, 0x41, 0x44, 0x62, 0x2c, 0x20,
    0x1f, 0xf2, 0xc8, 0x3, 0x7b, 0xad, 0xdd, 0xca,
    0x1, 0xfc, 0xf4, 0x8, 0x9f, 0x84, 0x0, 0xe0,
    0x1f, 0xd, 0xc0, 0x0, 0x6e, 0xfd, 0xa2, 0x14,
    0x40, 0x1e, 0x7e, 0x43, 0xc3, 0x5d, 0x30, 0x0,
    0xd4, 0x8d, 0xa8, 0x7, 0xd6, 0x11, 0x87, 0x8c,
    0x59, 0x51, 0xca, 0x78, 0x80, 0x1f, 0xb3, 0xdc,
    0x2, 0x98, 0x5, 0x70, 0x4c, 0x20, 0xf, 0xfe,
    0x9, 0xc6, 0xc0, 0x9, 0x82, 0x7d, 0x31, 0x0,
    0x78, 0x96, 0x2f, 0xf1, 0xc9, 0x2b, 0xb3, 0xc,
    0x2b, 0x3b, 0xf7, 0x2e, 0x44, 0xda, 0x74, 0x15,
    0x9e, 0xb5, 0x0, 0x1c, 0xf6, 0x42, 0xa, 0x34,
    0x31, 0x43, 0x4a, 0x28, 0xed, 0x5d, 0xfd, 0x18,
    0xf, 0xb7, 0xa8, 0xf, 0x2c, 0x89, 0xff, 0xc3,
    0x61, 0x42, 0x0, 0xfb, 0xbf, 0xf0, 0x86, 0xff,
    0xe1, 0x0, 0xff, 0x84, 0x3, 0xc6, 0x1, 0x8c,
    0x3, 0xfe, 0x99, 0xe1, 0xb, 0x99, 0xc4, 0x1,
    0xff, 0x33, 0x70, 0x1, 0x59, 0xb0, 0x7, 0xff,
    0x3, 0xff, 0x84, 0x37, 0xff, 0x10, 0x7, 0xff,
    0x18, 0xc0, 0x3f, 0xfb, 0x99, 0x9c, 0x21, 0xb9,
    0x98, 0x80, 0x3f, 0x88, 0xc, 0xf8, 0x0, 0x67,
    0xc0, 0x24, 0x1, 0x0,

    /* U+590D "复" */
    0x0, 0xff, 0xe7, 0xf, 0x60, 0x7, 0xff, 0x1e,
    0xc6, 0xc0, 0x3f, 0xf8, 0xcc, 0xa1, 0x1f, 0xff,
    0xfc, 0x18, 0x0, 0x96, 0x45, 0x9b, 0xff, 0x87,
    0x60, 0x6, 0xa0, 0xd9, 0x9f, 0xfe, 0x19, 0x83,
    0x48, 0x5c, 0x7f, 0xff, 0xf0, 0x70, 0x2, 0x44,
    0x62, 0x28, 0x4c, 0xff, 0xc0, 0x60, 0x11, 0x59,
    0x80, 0x4a, 0xbf, 0xf0, 0x7, 0xfd, 0x99, 0xff,
    0x0, 0x7f, 0xdb, 0xbf, 0xf0, 0x7, 0xfc, 0xef,
    0xff, 0x0, 0x7f, 0x10, 0x55, 0x7f, 0xc0, 0x60,
    0x1f, 0x67, 0x18, 0x47, 0x77, 0xf6, 0x0, 0x73,
    0x7a, 0x41, 0x87, 0xcc, 0xd1, 0x1c, 0xc0, 0x1e,
    0x71, 0xb6, 0x0, 0x3b, 0xe6, 0x6e, 0x83, 0x0,
    0xe3, 0x20, 0x2, 0xf7, 0xff, 0xb0, 0x82, 0xc,
    0x3, 0x2e, 0x9c, 0x32, 0xf4, 0x8, 0x0, 0xab,
    0xe, 0x9c, 0x3, 0x96, 0x75, 0xe7, 0x11, 0xfa,
    0xf3, 0x55, 0xfd, 0x40, 0x3e, 0x62, 0x3, 0x51,
    0x0, 0x21, 0x80, 0x93, 0x18, 0x80, 0x67, 0xac,
    0xef, 0xc9, 0x52, 0x7c, 0xb5, 0x5, 0x8c, 0xef,
    0xdb, 0x2c, 0x53, 0x4, 0x7a, 0xed, 0x83, 0x4a,
    0xed, 0x96, 0x42, 0x23, 0x9d, 0xf7, 0xf5, 0xc2,
    0x88, 0x7, 0x89, 0xa6, 0xf7, 0xf0, 0x40,

    /* U+5916 "外" */
    0x0, 0xff, 0xe7, 0x9e, 0xa0, 0x7, 0x87, 0xe8,
    0x3, 0xfe, 0x92, 0x10, 0xf, 0x18, 0x30, 0x7,
    0xfc, 0x80, 0xa0, 0x1f, 0xfc, 0x72, 0x10, 0xcd,
    0xd7, 0x62, 0x80, 0x7f, 0xf0, 0xa8, 0x0, 0x64,
    0x41, 0x3e, 0x0, 0xff, 0xe1, 0x28, 0x77, 0xfc,
    0xe0, 0x40, 0x1f, 0xfc, 0x15, 0x26, 0x10, 0x8,
    0x83, 0xc0, 0x21, 0x0, 0xfe, 0x80, 0xd0, 0xc,
    0x80, 0xa0, 0x11, 0x6a, 0x80, 0x7a, 0x8, 0x28,
    0xc0, 0x4, 0x20, 0x60, 0x10, 0x95, 0x40, 0x6,
    0x47, 0x8, 0x1c, 0x40, 0x50, 0x40, 0xc, 0x58,
    0x2f, 0x60, 0x18, 0x69, 0xe8, 0x2d, 0x28, 0x34,
    0x3, 0x8f, 0x9, 0x30, 0x0, 0x9c, 0xa0, 0xb4,
    0x16, 0x40, 0xe0, 0x1e, 0x2c, 0x23, 0xb0, 0xf,
    0x2c, 0x80, 0x10, 0x40, 0x3e, 0x1c, 0x17, 0x0,
    0xf9, 0x40, 0x10, 0x1, 0xfc, 0x3d, 0x80, 0x1f,
    0x70, 0x21, 0x80, 0x7f, 0xf1, 0xa0, 0x82, 0x40,
    0x3f, 0xf8, 0xca, 0xe1, 0x24, 0x1, 0xff, 0xc5,
    0x6a, 0x6, 0x60, 0x7, 0xff, 0x10, 0x66, 0x40,
    0xb2, 0x1, 0xff, 0xc4, 0x3f, 0x60, 0x7a, 0x0,
    0xff, 0xe2, 0x91, 0x9b, 0x20, 0x3, 0xff, 0x8c,
    0x3b, 0x86, 0x1, 0xfc, 0x42, 0xa0, 0x1f, 0x0,

    /* U+591A "多" */
    0x0, 0xfe, 0x27, 0x20, 0xf, 0xfe, 0x31, 0xec,
    0x38, 0x7, 0xff, 0x15, 0x70, 0xb, 0x2a, 0xb4,
    0x98, 0x7, 0xf0, 0xd5, 0x0, 0x4, 0xca, 0xb9,
    0xa4, 0x3, 0xf3, 0x7a, 0x9e, 0xff, 0xf6, 0x0,
    0x20, 0x3, 0xcd, 0xb2, 0x20, 0xe0, 0x1c, 0x5a,
    0x12, 0x40, 0x1d, 0x92, 0x4d, 0x8a, 0x9a, 0xe0,
    0x3, 0xc1, 0x86, 0x0, 0xf7, 0x46, 0xc9, 0xd5,
    0x8c, 0x63, 0xe0, 0xcb, 0x80, 0x7c, 0x4e, 0x40,
    0x12, 0x79, 0x9a, 0x6, 0xd8, 0x3, 0xff, 0x84,
    0x56, 0x60, 0xb9, 0x1e, 0x80, 0x1f, 0xf2, 0x5e,
    0xa9, 0x5d, 0xb8, 0xd5, 0x0, 0x46, 0x0, 0x89,
    0xab, 0xed, 0xa, 0x74, 0x3c, 0xc1, 0x7f, 0xdd,
    0xd8, 0x87, 0x65, 0x41, 0x6f, 0x5e, 0xac, 0x55,
    0x7c, 0x60, 0x26, 0x34, 0xf9, 0xf4, 0xb1, 0xca,
    0x9d, 0x55, 0xe7, 0x6, 0x10, 0x58, 0x33, 0x57,
    0x38, 0x1, 0xcc, 0x3, 0x9d, 0x2, 0x0, 0x32,
    0xe2, 0x94, 0xea, 0x1e, 0xb8, 0x4, 0xd0, 0x14,
    0x20, 0x19, 0x62, 0xf5, 0x8a, 0xe8, 0x22, 0xc6,
    0x24, 0x1d, 0x40, 0x3c, 0xe8, 0x1, 0x97, 0x49,
    0x39, 0xc1, 0xe0, 0x3, 0xff, 0x86, 0xe0, 0x15,
    0x40, 0x7, 0xff, 0x5, 0x2b, 0x54, 0x13, 0x54,
    0x3, 0xfc, 0x4d, 0x5d, 0x6a, 0x9, 0x96, 0x40,
    0x1f, 0x8f, 0x7f, 0x65, 0x44, 0xe3, 0xac, 0xc0,
    0x3f, 0xc4, 0x2, 0x8f, 0x5d, 0x8e, 0x20, 0x1f,
    0xe0,

    /* U+591C "夜" */
    0x0, 0xff, 0x94, 0x40, 0x3f, 0xf9, 0x29, 0x54,
    0x0, 0xff, 0xe4, 0xa1, 0x22, 0x0, 0x3f, 0xe2,
    0xbc, 0xcf, 0xc6, 0x15, 0x99, 0xf9, 0x80, 0x2,
    0x86, 0x7f, 0x84, 0x4, 0xcf, 0xf7, 0x80, 0xf,
    0xff, 0x50, 0x47, 0xfe, 0x30, 0xff, 0xfa, 0x40,
    0x3e, 0x80, 0x40, 0x8, 0xce, 0x0, 0xff, 0xe1,
    0x29, 0x29, 0x80, 0x5e, 0x0, 0x9a, 0xae, 0x50,
    0xf, 0xd, 0x84, 0x0, 0x4a, 0x60, 0x6c, 0xab,
    0xd6, 0x1, 0xeb, 0x15, 0x20, 0x0, 0xd8, 0x66,
    0xef, 0x40, 0x20, 0x7, 0x2a, 0x80, 0xc0, 0x2b,
    0x18, 0xc, 0x72, 0x2b, 0x3, 0xc0, 0x31, 0xd0,
    0x7, 0x3a, 0x82, 0x19, 0xa9, 0x40, 0x90, 0x54,
    0x2, 0x3d, 0x4, 0x0, 0x9a, 0x8, 0x3c, 0x30,
    0xa8, 0x60, 0x24, 0x3, 0x68, 0xaf, 0x80, 0xe,
    0x43, 0xd8, 0xd0, 0x73, 0x4, 0xa2, 0xe0, 0x19,
    0x99, 0x40, 0x11, 0xbe, 0x14, 0x5, 0x8, 0x8f,
    0x42, 0x80, 0x3a, 0x24, 0x3, 0xa0, 0xc0, 0x60,
    0x68, 0x2c, 0x59, 0x0, 0x3f, 0xf8, 0x8e, 0x88,
    0xd4, 0x39, 0x0, 0xff, 0xe3, 0x50, 0x10, 0x68,
    0x7, 0xff, 0x18, 0xb0, 0x2, 0xa1, 0x0, 0xff,
    0xe2, 0x3e, 0x92, 0x61, 0x27, 0xb0, 0x7, 0xff,
    0x0, 0x5b, 0xa0, 0x22, 0xcf, 0x10, 0x67, 0x58,
    0x40, 0x3f, 0x17, 0x48, 0xa6, 0xb8, 0x0, 0x6e,
    0x44, 0xa7, 0x80, 0x39, 0x87, 0xc9, 0x97, 0x2c,
    0x80, 0x39, 0xba, 0xe, 0x0,

    /* U+5927 "大" */
    0x0, 0xff, 0x2c, 0x0, 0x7f, 0xf2, 0x21, 0xcc,
    0x3, 0xff, 0x8e, 0x60, 0x20, 0x1f, 0xfd, 0xd1,
    0x3, 0x0, 0xff, 0xe4, 0x88, 0x7, 0xff, 0x18,
    0x40, 0x40, 0x3f, 0xc5, 0x9b, 0xbf, 0x60, 0xe,
    0xef, 0xec, 0x71, 0x32, 0x2f, 0xc0, 0x2, 0x2f,
    0xc7, 0xa7, 0xdb, 0xbf, 0x20, 0x0, 0x77, 0x7f,
    0x50, 0x9, 0x17, 0xca, 0x0, 0x11, 0x11, 0x7c,
    0x1, 0xfc, 0x62, 0x28, 0xa, 0x0, 0xff, 0xe2,
    0x50, 0x3b, 0x3, 0x8, 0x7, 0xff, 0x8, 0x58,
    0x28, 0x58, 0x2c, 0x3, 0xff, 0x85, 0x20, 0x66,
    0xb, 0x5, 0x30, 0xf, 0xfe, 0x1, 0x38, 0x78,
    0x0, 0x9c, 0x38, 0x3, 0xfe, 0x1f, 0x5, 0x30,
    0xa, 0x4, 0xac, 0x3, 0xfd, 0xa4, 0x4a, 0x0,
    0xed, 0x4, 0x90, 0xf, 0x8b, 0x4c, 0x7c, 0x3,
    0xc7, 0x20, 0xd4, 0x1, 0xcf, 0xa4, 0x4c, 0x20,
    0xf, 0x9a, 0x41, 0x75, 0x0, 0xfa, 0x1, 0x70,
    0x80, 0x3f, 0x9a, 0x84, 0xae, 0x44, 0xcd, 0x74,
    0x20, 0x1f, 0xf2, 0xfb, 0xe, 0x0,

    /* U+5929 "天" */
    0x4, 0xcc, 0xff, 0xe3, 0x18, 0x0, 0x8c, 0xff,
    0xf8, 0xcc, 0x0, 0x6e, 0xdd, 0xf5, 0x81, 0x6e,
    0xfd, 0xca, 0x1, 0x9, 0x17, 0x98, 0x0, 0x45,
    0xf0, 0x80, 0x7f, 0xc2, 0x2, 0x1, 0xff, 0xf3,
    0x70, 0xf, 0xfe, 0x2, 0x7f, 0xfe, 0xb0, 0x3f,
    0xff, 0xe5, 0x62, 0x11, 0xf8, 0x2, 0x11, 0xfc,
    0x42, 0x5b, 0xdd, 0xf0, 0x80, 0x13, 0xbb, 0xed,
    0x40, 0xf, 0xc8, 0x22, 0x25, 0x20, 0xf, 0xfe,
    0x24, 0x3, 0x58, 0x48, 0x7, 0xff, 0xd, 0x8c,
    0x25, 0x8d, 0x1c, 0x3, 0xff, 0x82, 0x72, 0x12,
    0x21, 0xe1, 0x8, 0x1, 0xff, 0x26, 0x3, 0x30,
    0x0, 0x72, 0x16, 0xa0, 0x1f, 0xd1, 0x60, 0xd2,
    0x1, 0x99, 0xc2, 0xa0, 0x3, 0xcb, 0xae, 0x11,
    0x20, 0x1e, 0x89, 0x7, 0xd5, 0x0, 0x27, 0x51,
    0x26, 0xb8, 0x7, 0xe6, 0xc3, 0x2a, 0xe7, 0x0,
    0x2e, 0x59, 0x0, 0x7f, 0x8f, 0x2d, 0x4, 0x40,

    /* U+592A "太" */
    0x0, 0xff, 0x19, 0x80, 0x3f, 0xf9, 0x19, 0xa0,
    0x1f, 0xfc, 0x71, 0x0, 0xff, 0xe4, 0x98, 0x7,
    0xff, 0x2c, 0xc0, 0x3f, 0xf8, 0xe2, 0x2, 0x1,
    0xff, 0xc7, 0x60, 0x70, 0xf, 0xf3, 0x7f, 0xfe,
    0xa0, 0x4f, 0xff, 0xe7, 0x31, 0x1f, 0xc0, 0x18,
    0x47, 0xf9, 0x7b, 0xbf, 0x18, 0x0, 0x7b, 0xbf,
    0x30, 0x7, 0xf1, 0x81, 0xa, 0x0, 0x7f, 0xf1,
    0x14, 0xa, 0xc3, 0xc0, 0x3f, 0xf8, 0x9e, 0x14,
    0xc0, 0x84, 0x1, 0xff, 0xc2, 0x25, 0x5, 0x7,
    0x8, 0x0, 0xff, 0xe1, 0x40, 0x29, 0x4, 0x82,
    0xa0, 0x7, 0xff, 0x1, 0x14, 0x20, 0x0, 0x2e,
    0x14, 0x1, 0xff, 0x15, 0x2, 0x18, 0x5, 0x4,
    0x36, 0x1, 0xfc, 0x3e, 0x20, 0x9e, 0x60, 0x17,
    0x2, 0x48, 0x7, 0xc7, 0xe4, 0x4e, 0x71, 0xc5,
    0x0, 0x1d, 0x3, 0x50, 0x6, 0x19, 0xc1, 0x3c,
    0x18, 0x80, 0x52, 0x80, 0x16, 0x41, 0x75, 0x1,
    0xf9, 0x81, 0xf0, 0x40, 0xf, 0x1, 0x44, 0x0,
    0x6b, 0x12, 0xba, 0x22, 0x36, 0xc0, 0x7, 0x3b,
    0x11, 0x80, 0x49, 0xee, 0x38,

    /* U+5931 "失" */
    0x0, 0xff, 0x10, 0x80, 0x7f, 0xf0, 0x8e, 0x88,
    0x2, 0xdd, 0x0, 0x7f, 0xf0, 0xbd, 0x5c, 0x0,
    0x20, 0x40, 0x1f, 0xfc, 0x11, 0x30, 0x50, 0xf,
    0xfe, 0x33, 0x2, 0x80, 0x7f, 0xf1, 0xe8, 0x17,
    0xfe, 0xe0, 0x1f, 0xff, 0xa4, 0x3, 0x31, 0x0,
    0x8f, 0x0, 0x4, 0x7c, 0x5e, 0x1, 0xc, 0x5,
    0xf7, 0x6f, 0x2, 0xee, 0xf6, 0xb0, 0x5, 0xa2,
    0x88, 0x0, 0xc6, 0x1, 0xff, 0xc0, 0x22, 0xd,
    0x0, 0x70, 0x80, 0x80, 0x7f, 0x8b, 0xb8, 0x20,
    0x1c, 0xe0, 0xe0, 0x1f, 0xe5, 0xdd, 0xfd, 0x40,
    0x9b, 0xbf, 0xcc, 0x45, 0xfc, 0x20, 0x2, 0x2f,
    0xef, 0x7f, 0xff, 0xb8, 0x40, 0x3, 0xdf, 0xff,
    0x48, 0x7, 0xe7, 0x13, 0x51, 0x70, 0xf, 0xfe,
    0x19, 0x48, 0x4c, 0x4, 0x88, 0x7, 0xff, 0x4,
    0x7c, 0x11, 0x49, 0xc3, 0x40, 0x3f, 0xf8, 0x3,
    0x84, 0x4a, 0x0, 0x41, 0x9b, 0x0, 0x3f, 0xcb,
    0xe4, 0x4c, 0x10, 0xb, 0x48, 0xf4, 0xc0, 0x3c,
    0x99, 0x42, 0x98, 0x20, 0x18, 0x71, 0xb, 0x2d,
    0x0, 0xb, 0xd6, 0x65, 0x56, 0x20, 0x1e, 0x1b,
    0x91, 0x4b, 0xf9, 0x10, 0x4a, 0xd5, 0x0, 0xff,
    0x37, 0x4a, 0x7, 0x0,

    /* U+5939 "夹" */
    0x0, 0xff, 0x1a, 0x0, 0x7f, 0xf2, 0x3a, 0xc4,
    0x3, 0xff, 0x8e, 0x60, 0x1f, 0xfd, 0x66, 0xee,
    0xfc, 0x21, 0xfd, 0xdf, 0x48, 0x3, 0x84, 0x7f,
    0x0, 0x4, 0x7f, 0x10, 0x2, 0x3f, 0xd9, 0xff,
    0xc0, 0xf, 0xfd, 0xd9, 0xfe, 0xb0, 0xc, 0xb9,
    0x0, 0x1f, 0xec, 0xc0, 0x80, 0x79, 0x45, 0xc8,
    0x3, 0xf2, 0x92, 0x88, 0x7, 0xd0, 0x16, 0x0,
    0x10, 0x10, 0xa, 0x2, 0x0, 0x3f, 0x38, 0x18,
    0x0, 0x80, 0x80, 0xe, 0x52, 0x40, 0x1f, 0x86,
    0xec, 0x0, 0x50, 0x60, 0x1, 0x43, 0x0, 0x72,
    0xff, 0xeb, 0xef, 0xf4, 0x82, 0xff, 0xaa, 0x3f,
    0xfa, 0x58, 0x84, 0x7e, 0x0, 0xc2, 0x3f, 0x17,
    0x1e, 0xf7, 0x7b, 0x40, 0x44, 0x19, 0xdd, 0xed,
    0x70, 0xf, 0xde, 0x13, 0x1, 0xc0, 0x1f, 0xfc,
    0x37, 0x31, 0x76, 0x43, 0x80, 0xf, 0xfe, 0xa,
    0xc0, 0x58, 0x2, 0x85, 0xe0, 0x3, 0xfc, 0x33,
    0x41, 0xa, 0x0, 0x1d, 0x17, 0xa1, 0x0, 0xf0,
    0xb7, 0xb0, 0x4b, 0x80, 0x63, 0xc2, 0x5e, 0x82,
    0x0, 0x15, 0xf4, 0x89, 0xe3, 0x0, 0x78, 0xb5,
    0xc1, 0xf7, 0x4a, 0x8, 0xb, 0x78, 0x60, 0x1f,
    0xd1, 0xd0, 0x46, 0x25, 0xfe, 0xa4, 0x0, 0xff,
    0xe0, 0xb, 0xef, 0x20,

    /* U+5947 "奇" */
    0x0, 0xff, 0x8c, 0x3, 0xff, 0x91, 0x78, 0x20,
    0x1f, 0xfc, 0x74, 0x0, 0xff, 0xe0, 0x2f, 0xff,
    0xe0, 0x7, 0x7f, 0xfc, 0xe0, 0x6, 0x54, 0x4f,
    0x8, 0x1a, 0x27, 0xca, 0x80, 0x3, 0xab, 0xbe,
    0x91, 0x1, 0xca, 0xbb, 0xea, 0x30, 0xf, 0xc9,
    0x80, 0x65, 0x1d, 0x6a, 0x1, 0xff, 0x2d, 0xd8,
    0x5f, 0x3e, 0x91, 0x15, 0xd0, 0x20, 0x18, 0xe7,
    0x3e, 0x91, 0x19, 0x0, 0x5, 0xbe, 0x70, 0x7e,
    0x80, 0x9, 0x98, 0x49, 0x1b, 0x66, 0x1, 0xc3,
    0x1f, 0x5, 0xe0, 0x9, 0xa0, 0x14, 0x8d, 0xff,
    0xfe, 0xe8, 0x28, 0xf9, 0xc4, 0x33, 0xff, 0xe1,
    0x10, 0x11, 0xa7, 0xad, 0xe6, 0x7f, 0xf0, 0xa8,
    0x2b, 0x2d, 0x80, 0x27, 0x88, 0xfc, 0x20, 0x1f,
    0xf1, 0xc3, 0xbf, 0xf0, 0x7, 0xfc, 0xe0, 0xbf,
    0xfc, 0xe0, 0x1f, 0xfc, 0x33, 0x0, 0xef, 0x0,
    0xff, 0xeb, 0xb8, 0x3d, 0x57, 0x80, 0x3f, 0xf8,
    0x24, 0x41, 0x55, 0xe2, 0x15, 0x0, 0xff, 0x87,
    0x7f, 0xfe, 0xe3, 0x0, 0xff, 0xe4, 0xce, 0x65,
    0x20, 0x40, 0x1f, 0xfc, 0x3c, 0x23, 0x30, 0x32,
    0x80, 0x40,

    /* U+5976 "奶" */
    0x0, 0xc6, 0x1, 0xff, 0xc9, 0x5c, 0x40, 0xf,
    0xfe, 0x41, 0x3, 0x80, 0x47, 0x77, 0xfc, 0x40,
    0x1e, 0xd0, 0x20, 0x9, 0x91, 0x3f, 0xc0, 0x1e,
    0x61, 0x12, 0x79, 0x2f, 0xf8, 0xc3, 0x7f, 0xcc,
    0x4, 0x1, 0xc4, 0x43, 0x5d, 0xb, 0x10, 0x0,
    0x81, 0x80, 0x8, 0x14, 0x3, 0x76, 0x89, 0x53,
    0x3, 0x20, 0x6, 0x10, 0x2, 0x88, 0x80, 0x33,
    0x20, 0x24, 0x28, 0x4a, 0x80, 0xc, 0x2, 0x11,
    0x28, 0x7, 0x46, 0x84, 0x3e, 0x82, 0x80, 0x61,
    0x0, 0x28, 0x60, 0x7, 0xbc, 0xc, 0x2, 0x10,
    0x8, 0x4c, 0x1, 0x81, 0x3b, 0xac, 0x20, 0x2,
    0x18, 0x3, 0x80, 0x80, 0x2, 0x2, 0x0, 0xe1,
    0x11, 0x10, 0xd8, 0x0, 0x4a, 0x0, 0x21, 0x0,
    0x88, 0x18, 0x0, 0xdd, 0xfe, 0x60, 0x70, 0x40,
    0xc0, 0x2, 0x90, 0x4, 0xc1, 0xa0, 0x1e, 0x30,
    0x10, 0x20, 0xd0, 0x21, 0x40, 0xb, 0x40, 0x80,
    0x3c, 0x20, 0x60, 0xc6, 0xf4, 0xa1, 0x80, 0x11,
    0x83, 0x80, 0x79, 0xc0, 0x40, 0x18, 0x8b, 0x2,
    0x80, 0x12, 0x9, 0x0, 0x78, 0x40, 0x3a, 0xd0,
    0x0, 0x20, 0x4, 0x5, 0x0, 0xf8, 0x84, 0x3,
    0x94, 0x7, 0x4, 0x3c, 0x38, 0x3, 0xc2, 0x4,
    0x1, 0xa4, 0x61, 0x8a, 0xc9, 0x1, 0x40, 0x3c,
    0xa0, 0xc0, 0x13, 0xb1, 0xbc, 0xb6, 0x48, 0x38,
    0x7, 0xd8, 0x1a, 0x0, 0x88, 0x16, 0x80, 0x24,
    0x50, 0x60, 0x2, 0x9a, 0x9a, 0x70, 0x50, 0x1,
    0x9b, 0x4, 0x2, 0x80, 0xd0, 0xc, 0x6a, 0xca,
    0x10, 0x40, 0xb, 0xc1, 0x0, 0xdb, 0x86, 0x1,
    0xab, 0x73, 0x7d, 0xc0, 0x0,

    /* U+597D "好" */
    0x0, 0xc4, 0x60, 0x1f, 0xfc, 0xad, 0xe0, 0xf,
    0xfe, 0x48, 0x80, 0x80, 0x72, 0xdd, 0xb3, 0x3b,
    0x71, 0x80, 0x38, 0x81, 0x40, 0x3b, 0x51, 0x6,
    0x7c, 0x47, 0x0, 0x1c, 0xa1, 0xc0, 0xe, 0xa0,
    0x8f, 0xff, 0x60, 0x2, 0xc0, 0x3b, 0xc0, 0x4d,
    0x5, 0x14, 0x3, 0xee, 0x6, 0x50, 0xb, 0xbd,
    0x82, 0x72, 0xc0, 0x68, 0x40, 0x3a, 0x89, 0x24,
    0x3, 0x21, 0x0, 0x15, 0x98, 0x5, 0x62, 0x1,
    0xa9, 0x4e, 0xc0, 0x3a, 0xbc, 0x12, 0xa6, 0x1,
    0x90, 0x3, 0x1a, 0x96, 0x0, 0x7c, 0x80, 0x60,
    0x3, 0x1, 0x0, 0xf8, 0x40, 0x3f, 0x78, 0x60,
    0x1, 0xc0, 0x80, 0x47, 0x38, 0x0, 0x47, 0x0,
    0x64, 0x5, 0x0, 0x10, 0x6d, 0x77, 0x6b, 0x3,
    0xee, 0xe0, 0x0, 0x91, 0x4, 0x1, 0x80, 0xf8,
    0x89, 0x8c, 0x5, 0x13, 0x38, 0x1, 0x40, 0xc8,
    0x0, 0x82, 0x4d, 0x77, 0xbc, 0xa, 0xef, 0x48,
    0x1, 0x1c, 0x75, 0x98, 0xe, 0x1, 0xff, 0xc5,
    0x8b, 0x19, 0x90, 0x58, 0x7, 0xff, 0x19, 0x30,
    0x40, 0x3f, 0xf9, 0x42, 0x20, 0x6, 0x18, 0x7,
    0xff, 0x14, 0x74, 0x29, 0xc7, 0xc, 0x3, 0xff,
    0x86, 0x58, 0x2e, 0xb1, 0x0, 0x60, 0xf, 0xfe,
    0x12, 0x69, 0x3c, 0x0, 0x1f, 0x54, 0xe, 0x65,
    0x0, 0xe0, 0x1f, 0x10, 0xd4, 0x0, 0x62, 0x0,
    0x33, 0x48, 0x1e, 0x1, 0xf3, 0x72, 0x80, 0x7e,
    0x5e, 0xcd, 0xf4, 0x0, 0xf0,

    /* U+59CB "始" */
    0x0, 0xc2, 0x60, 0x1f, 0xc4, 0x20, 0x1f, 0xf5,
    0xe0, 0x80, 0x7c, 0x7b, 0xa0, 0xf, 0xf9, 0xc0,
    0x40, 0x3e, 0x90, 0x40, 0xf, 0xf8, 0x8c, 0x3,
    0xe2, 0x51, 0x90, 0xf, 0xf1, 0x2, 0x83, 0x60,
    0x6, 0x90, 0x91, 0x6, 0x40, 0xf, 0x9c, 0x4,
    0xb4, 0xd4, 0x0, 0x88, 0x17, 0x0, 0x5d, 0x8c,
    0x3, 0x77, 0xd0, 0x3e, 0xa0, 0x51, 0x4, 0x85,
    0x80, 0x52, 0x1c, 0x1, 0x90, 0xc0, 0xc, 0xe4,
    0x14, 0x4e, 0x48, 0xa0, 0x12, 0x31, 0x38, 0x5,
    0x58, 0x7, 0x30, 0xe0, 0x87, 0x1, 0x6, 0x8a,
    0xce, 0x0, 0x81, 0x0, 0x8c, 0x10, 0x0, 0x20,
    0xc, 0x0, 0x66, 0x2e, 0xa6, 0x18, 0x1, 0x0,
    0x12, 0x6, 0x80, 0x18, 0x4, 0xc4, 0xd1, 0x9e,
    0x26, 0xf3, 0x45, 0x80, 0x2c, 0x4, 0x0, 0x11,
    0x86, 0x76, 0x5c, 0xc3, 0xb2, 0x19, 0x55, 0x0,
    0x24, 0x31, 0x2, 0x6, 0x0, 0xff, 0xe0, 0x22,
    0x80, 0xc, 0x8, 0x80, 0x81, 0x80, 0xc, 0xff,
    0xfe, 0xa0, 0x8, 0xdc, 0x75, 0x74, 0x10, 0x0,
    0x60, 0x89, 0xe3, 0x6, 0x0, 0xd1, 0x61, 0x48,
    0x82, 0x0, 0x8a, 0xef, 0xda, 0x1, 0xf2, 0x68,
    0x1, 0xc0, 0x3f, 0xf9, 0x8, 0x0, 0x3d, 0x10,
    0xf, 0xfe, 0x29, 0xc8, 0x6b, 0x16, 0x0, 0x7f,
    0xf1, 0x13, 0x2, 0xca, 0x61, 0x40, 0x3f, 0xf8,
    0x6f, 0x61, 0x48, 0x0, 0x78, 0x0, 0x14, 0x47,
    0xc0, 0x1d, 0x85, 0x8a, 0x1, 0xe2, 0x7, 0x7f,
    0x30, 0x38, 0x5, 0x7a, 0x60, 0x1f, 0x66, 0x7f,
    0xac, 0x0,

    /* U+5B50 "子" */
    0x0, 0x1e, 0x6e, 0xf7, 0x77, 0xdf, 0xec, 0x30,
    0xc, 0xe6, 0x45, 0xc2, 0x3f, 0x0, 0xd, 0x0,
    0x32, 0x7f, 0xff, 0xdc, 0xc0, 0x8, 0x70, 0xf,
    0xfe, 0x19, 0x6b, 0x5, 0x38, 0x7, 0xff, 0xd,
    0xf4, 0xd3, 0x54, 0x3, 0xff, 0x84, 0x9d, 0x3,
    0x36, 0x40, 0x1f, 0xfc, 0x39, 0x17, 0xe6, 0x0,
    0xff, 0xe2, 0x98, 0x48, 0x7, 0xff, 0x4d, 0xf7,
    0x7f, 0x84, 0x33, 0x77, 0xf4, 0x71, 0x17, 0xf0,
    0x0, 0x8b, 0xf8, 0xe7, 0xff, 0xf8, 0x43, 0xbf,
    0xff, 0x58, 0x7, 0xff, 0xfc, 0x3, 0xff, 0xfe,
    0x1, 0xfc, 0xbd, 0xd8, 0x46, 0x0, 0xff, 0xe1,
    0x21, 0x8, 0x81, 0x28, 0x3, 0xfc,

    /* U+5B57 "字" */
    0x0, 0xfe, 0x15, 0x0, 0xff, 0xe4, 0x35, 0x58,
    0x7, 0xff, 0x1d, 0x85, 0x10, 0x1, 0xfe, 0xdf,
    0xff, 0xb8, 0x42, 0xff, 0xfe, 0xb0, 0x22, 0x0,
    0x8f, 0xff, 0x10, 0x10, 0x2, 0x3e, 0xef, 0xfe,
    0x20, 0x7, 0xff, 0x34, 0xc1, 0x80, 0xef, 0x33,
    0xdb, 0xba, 0x84, 0x8, 0x40, 0x7e, 0x81, 0x90,
    0xcf, 0xc4, 0x59, 0x48, 0x37, 0x80, 0x39, 0x7f,
    0xff, 0x38, 0x2, 0xcc, 0x3, 0xff, 0x86, 0x36,
    0xe5, 0x88, 0x1, 0xff, 0xc3, 0x6e, 0x47, 0xd3,
    0x0, 0xff, 0xe2, 0x48, 0x64, 0x0, 0x7e, 0x3b,
    0xcc, 0xfc, 0x0, 0xfc, 0xcf, 0xac, 0x1d, 0xc,
    0xff, 0x0, 0xc, 0xff, 0x20, 0xa7, 0xff, 0xf0,
    0x3, 0xff, 0xf8, 0x40, 0x3f, 0xff, 0xe0, 0x1f,
    0xfd, 0xd9, 0xdd, 0x70, 0x10, 0x7, 0xff, 0x13,
    0xc, 0x84, 0xf8, 0x3, 0xfc,

    /* U+5B58 "存" */
    0x0, 0xff, 0xe9, 0xf6, 0x80, 0x7f, 0xf2, 0x10,
    0x44, 0x1, 0xff, 0xc2, 0x12, 0x2e, 0xe0, 0x42,
    0x2f, 0xf0, 0x80, 0xb, 0xb7, 0x79, 0x41, 0xf7,
    0x7f, 0xdd, 0x40, 0x48, 0x67, 0x84, 0x8, 0xcf,
    0xfe, 0x4c, 0x0, 0x5e, 0x66, 0x0, 0x7e, 0x67,
    0xfd, 0x6c, 0x1, 0xe7, 0x16, 0x20, 0xf, 0xfe,
    0x30, 0xc8, 0x58, 0x5f, 0xff, 0xf6, 0x90, 0x7,
    0xa8, 0x60, 0x80, 0x8b, 0xf0, 0x0, 0xc0, 0x3c,
    0xc8, 0x6e, 0x0, 0x9d, 0xde, 0xc6, 0x1, 0xd2,
    0x0, 0xc9, 0x20, 0x80, 0x1f, 0x93, 0xd0, 0xfc,
    0xc0, 0x32, 0xd8, 0x7, 0xf8, 0x6c, 0x63, 0x4,
    0x3, 0x3d, 0x2, 0x80, 0x7f, 0x28, 0x2b, 0x80,
    0x7a, 0x82, 0x78, 0x2, 0x8c, 0xce, 0x90, 0x4c,
    0xce, 0xa0, 0xec, 0x60, 0xc, 0x86, 0x7c, 0x40,
    0x26, 0x7c, 0xa2, 0x66, 0x0, 0xec, 0xff, 0xeb,
    0x5, 0xff, 0xf0, 0x80, 0x7f, 0xff, 0xc0, 0x3f,
    0xf9, 0xf7, 0x97, 0x40, 0x60, 0x1f, 0xe6, 0x1d,
    0x0, 0xc2, 0x68, 0x29, 0x60, 0x1f, 0x0,

    /* U+5B5C "孜" */
    0x0, 0xff, 0xe0, 0x88, 0x80, 0x3f, 0xf9, 0x3f,
    0x80, 0x1f, 0x87, 0x37, 0x5d, 0xdb, 0x54, 0x0,
    0xa2, 0x80, 0x1f, 0xc4, 0x50, 0x8e, 0x2f, 0x0,
    0x60, 0x68, 0x7, 0xe1, 0xef, 0xfd, 0x80, 0xb,
    0x0, 0x30, 0x28, 0x7, 0xff, 0xb, 0x82, 0x44,
    0x18, 0x1, 0xdf, 0xfe, 0xe0, 0xf, 0x49, 0x2b,
    0x0, 0x2c, 0x8, 0xcf, 0x0, 0x9, 0x0, 0x39,
    0x58, 0xe8, 0x0, 0xe4, 0x17, 0x99, 0x84, 0x32,
    0x80, 0x3a, 0xc3, 0x40, 0x7, 0x0, 0xf, 0x0,
    0x84, 0x70, 0x7, 0xe1, 0x0, 0x68, 0x38, 0xb8,
    0x4, 0xa0, 0x80, 0x1f, 0xfc, 0x2, 0x24, 0x20,
    0x90, 0x3, 0x43, 0x0, 0x3f, 0x92, 0x13, 0x34,
    0x30, 0x14, 0x0, 0x80, 0xe0, 0x1c, 0x6e, 0x21,
    0x6f, 0xa0, 0x13, 0x85, 0x1, 0x91, 0x88, 0x4,
    0xff, 0x90, 0x0, 0x5a, 0x90, 0x8, 0x50, 0x92,
    0x42, 0x80, 0x36, 0x1, 0xc0, 0xd, 0x28, 0x7,
    0x70, 0x42, 0x83, 0x0, 0x6b, 0xec, 0x71, 0x0,
    0xfc, 0xa4, 0x61, 0x0, 0x1e, 0x10, 0xf, 0xfe,
    0x2, 0x80, 0x18, 0x3, 0xfc, 0x60, 0x1f, 0x2b,
    0x80, 0x2c, 0x3, 0xff, 0x8a, 0xf4, 0xc, 0x2b,
    0x20, 0x1f, 0xfc, 0x23, 0xc8, 0x9, 0x96, 0x83,
    0x58, 0x80, 0x7c, 0x20, 0x3, 0xcc, 0x19, 0xb1,
    0x80, 0xf4, 0x93, 0xa0, 0x0, 0xd7, 0x61, 0x70,
    0x3, 0x19, 0xab, 0xc, 0x2, 0x2d, 0x81, 0x20,
    0x1, 0x2a, 0x1c, 0x0, 0x17, 0xf1, 0x40, 0x3e,
    0x7e, 0xa0,

    /* U+5B83 "它" */
    0x0, 0xfe, 0x20, 0xf, 0xfe, 0x35, 0xea, 0x0,
    0x7f, 0xf1, 0x74, 0x20, 0x3, 0xff, 0x8a, 0xc2,
    0x68, 0x1, 0xfa, 0xff, 0xff, 0x8, 0x5f, 0xff,
    0xd4, 0xa0, 0x24, 0x5f, 0xfc, 0x21, 0x4, 0x0,
    0x76, 0xef, 0xff, 0xb, 0xc0, 0x3f, 0xf9, 0x44,
    0x40, 0x9d, 0x0, 0xff, 0xe0, 0x8, 0x8b, 0x34,
    0x14, 0x88, 0x1, 0xf8, 0x44, 0x0, 0xec, 0x0,
    0xff, 0xe0, 0x14, 0xf7, 0x90, 0x7, 0xff, 0x0,
    0x5b, 0x35, 0x81, 0x0, 0x3f, 0xc2, 0xd7, 0xd2,
    0x64, 0xfd, 0x44, 0x1, 0xfb, 0x3a, 0x50, 0x9f,
    0x36, 0x4, 0x3, 0xfe, 0x59, 0xed, 0x83, 0x0,
    0xff, 0xe0, 0xe5, 0x30, 0x80, 0x7f, 0xf4, 0x4c,
    0x3, 0xff, 0x8c, 0xf8, 0x20, 0x1f, 0xfc, 0x5d,
    0x0, 0xe7, 0x4, 0x0, 0xff, 0x1a, 0x88, 0x80,
    0x2c, 0x9, 0xfe, 0xef, 0xec, 0x9, 0x0, 0xce,
    0xe2, 0x1, 0x1f, 0xe2, 0x77, 0x0,

    /* U+5B89 "安" */
    0x0, 0xfe, 0x27, 0x10, 0xf, 0xfe, 0x3c, 0x42,
    0xc0, 0x3f, 0xf8, 0xf2, 0xa, 0x40, 0x1f, 0xe4,
    0xbb, 0xfa, 0x0, 0x1f, 0x77, 0xf3, 0x0, 0x39,
    0x13, 0xf0, 0x0, 0x91, 0x3e, 0x80, 0xd, 0x5f,
    0xff, 0xfc, 0x2c, 0x0, 0xf0, 0x80, 0x64, 0xd6,
    0x0, 0xf8, 0x40, 0x31, 0x83, 0x0, 0x69, 0x20,
    0xf, 0x8, 0x18, 0x10, 0x2, 0x74, 0x80, 0x25,
    0x21, 0x60, 0xd, 0x7c, 0x83, 0xda, 0x1, 0x10,
    0x6, 0x80, 0x90, 0xe, 0x40, 0x8, 0x44, 0x3,
    0x9b, 0xbc, 0x41, 0x5b, 0xbc, 0x0, 0x9d, 0xd9,
    0x0, 0xc8, 0xb8, 0x0, 0x45, 0xe0, 0x1, 0x17,
    0xf, 0xfe, 0x80, 0x2f, 0xff, 0x10, 0x4f, 0xfe,
    0x60, 0xc, 0x50, 0x12, 0x1, 0xca, 0x40, 0xe0,
    0x1f, 0xd2, 0x2, 0x20, 0xe, 0x80, 0x71, 0x0,
    0xfe, 0xe2, 0x1a, 0xfa, 0x40, 0x92, 0x19, 0x0,
    0xff, 0x2e, 0xe3, 0x8a, 0xdf, 0x30, 0x50, 0x80,
    0x7f, 0xf0, 0xe, 0x3a, 0x40, 0x40, 0x1e, 0x80,
    0x1f, 0xfc, 0x11, 0x78, 0x1, 0x60, 0x4b, 0xd6,
    0x0, 0xfc, 0x2b, 0x5d, 0x2, 0x9f, 0x3f, 0x24,
    0x49, 0xe6, 0x0, 0x9a, 0xfb, 0x94, 0xa0, 0xb9,
    0x62, 0x0, 0x6d, 0xa2, 0x19, 0xc0, 0x9, 0x4,
    0x96, 0xbe, 0x8c, 0x3, 0xcb, 0xb0, 0x36, 0x0,
    0x6e, 0xfd, 0xa5, 0x0, 0xff, 0x9f, 0x9c, 0x0,

    /* U+5B8C "完" */
    0x0, 0xfe, 0x28, 0x20, 0xf, 0xfe, 0x3a, 0xbf,
    0x0, 0x7f, 0xf1, 0xd8, 0xd, 0x0, 0x3f, 0xcf,
    0x99, 0xf6, 0x80, 0x2b, 0x33, 0xea, 0x0, 0x51,
    0x9f, 0xe0, 0x0, 0x99, 0xfc, 0xa2, 0x6, 0x1d,
    0xff, 0xff, 0xc3, 0x10, 0xe, 0x10, 0xf, 0xfe,
    0x39, 0x80, 0xa, 0xab, 0xff, 0x80, 0x60, 0x60,
    0x14, 0x48, 0x3a, 0xaf, 0xff, 0x2, 0xc2, 0x20,
    0x20, 0xac, 0xb, 0xdb, 0xbf, 0xf4, 0x2, 0xb8,
    0x7, 0x84, 0x8b, 0xfe, 0x0, 0xff, 0xe7, 0xaf,
    0xff, 0xff, 0x22, 0x58, 0xc8, 0xb8, 0x0, 0x45,
    0x80, 0x4, 0x5c, 0x7e, 0x79, 0xbb, 0xbc, 0xf,
    0x76, 0xc0, 0x2d, 0xde, 0xc6, 0x0, 0xf3, 0x3,
    0x0, 0x7f, 0xf1, 0xcc, 0x34, 0x3, 0xff, 0x8f,
    0x60, 0x60, 0x1f, 0xf3, 0x30, 0x3, 0x90, 0xc5,
    0x0, 0x3f, 0xea, 0x90, 0xc, 0x76, 0x10, 0x1,
    0x84, 0xc, 0x3, 0x88, 0x40, 0x5, 0x38, 0xc,
    0xc0, 0xe, 0x11, 0x76, 0xeb, 0x34, 0x50, 0xf7,
    0x4c, 0x11, 0x20, 0x1e, 0x81, 0x11, 0x10, 0xc8,
    0xe0, 0xc, 0x9f, 0x9c, 0x3, 0xe6, 0xef, 0xfe,
    0xc2,

    /* U+5B9A "定" */
    0x0, 0xfe, 0x16, 0x0, 0xff, 0xe4, 0x34, 0xc8,
    0x3, 0xff, 0x8e, 0xc0, 0xc2, 0x1, 0xfe, 0x9c,
    0xcf, 0xb4, 0x1, 0xf9, 0x9f, 0x48, 0x1, 0x8c,
    0xff, 0x0, 0x4, 0xcf, 0xe6, 0x0, 0x87, 0xff,
    0xff, 0x88, 0x1, 0xff, 0xcf, 0x30, 0xf, 0xfe,
    0x20, 0x80, 0x53, 0x20, 0xdf, 0xff, 0xfe, 0x7,
    0x5, 0xc8, 0x1, 0x90, 0x10, 0xcf, 0x80, 0x6,
    0x7c, 0x80, 0xac, 0x1, 0xd3, 0x99, 0xc0, 0xc,
    0xce, 0xa0, 0xf, 0xc4, 0xa0, 0x1f, 0xfc, 0x89,
    0xa2, 0x0, 0xff, 0xe3, 0xa0, 0x10, 0x7, 0x5d,
    0xfa, 0x0, 0x3c, 0x40, 0x40, 0x1e, 0x44, 0xf3,
    0x80, 0x79, 0xc0, 0x84, 0x3, 0xb7, 0x7d, 0xe0,
    0x1e, 0xe0, 0x4, 0x0, 0x71, 0x17, 0x80, 0x3c,
    0x28, 0x46, 0xca, 0x1, 0xff, 0xc4, 0xb0, 0xbe,
    0xa, 0x70, 0xf, 0xfe, 0x13, 0x28, 0xb1, 0x60,
    0xc7, 0x0, 0x4, 0x3, 0xf9, 0x64, 0x28, 0x0,
    0x78, 0xa2, 0x0, 0xef, 0xf7, 0x77, 0xab, 0x2,
    0x10, 0x2, 0x2a, 0xe9, 0x53, 0x10, 0x11, 0xf7,
    0xce, 0xb8, 0x7, 0x85, 0xab, 0x3b, 0xff, 0xe5,

    /* U+5BB6 "家" */
    0x0, 0xff, 0x10, 0x7, 0xff, 0x21, 0xf6, 0x0,
    0x3f, 0xf8, 0x2, 0x3f, 0x10, 0x39, 0x8, 0xfc,
    0x1, 0x6f, 0x77, 0xd4, 0x0, 0xde, 0xef, 0xbc,
    0x0, 0x40, 0x89, 0xff, 0xc4, 0x0, 0x10, 0x0,
    0x6e, 0xff, 0xf8, 0x84, 0x1, 0xe6, 0x99, 0xff,
    0xe0, 0x30, 0x7, 0x22, 0x85, 0xb3, 0x7f, 0xf0,
    0x2c, 0x10, 0x88, 0x17, 0x60, 0xde, 0xea, 0x0,
    0x11, 0xdd, 0xda, 0x13, 0xa0, 0x1e, 0x15, 0xd8,
    0x6, 0x71, 0x1e, 0x98, 0x0, 0xf0, 0xb6, 0x59,
    0xb9, 0x32, 0x0, 0x43, 0x8c, 0xc0, 0xc, 0xb9,
    0xd2, 0x4f, 0xd1, 0x21, 0x40, 0x3, 0xf3, 0x2c,
    0x0, 0xc4, 0x69, 0x5d, 0x2, 0xb4, 0x2, 0xcf,
    0x82, 0xda, 0x40, 0x19, 0xfe, 0xd4, 0x13, 0x28,
    0xe0, 0x26, 0x0, 0x12, 0x1, 0xfc, 0xdb, 0x65,
    0x3a, 0xe4, 0xc, 0xc0, 0x60, 0xf, 0x25, 0x7c,
    0x9b, 0xf3, 0x4, 0x90, 0x7c, 0x5, 0x80, 0x7b,
    0x94, 0xa3, 0xa0, 0x13, 0x58, 0x1, 0xc2, 0xc5,
    0x20, 0x1d, 0x5b, 0xa7, 0x2, 0xbb, 0x12, 0xd0,
    0x8, 0x40, 0xb2, 0x0, 0x71, 0x2, 0x5e, 0xa1,
    0x5d, 0x0, 0x4, 0x6, 0x82, 0xd0, 0x2, 0x39,
    0xeb, 0x41, 0x9d, 0x40, 0xd0, 0xe0, 0x2, 0x48,
    0x5c, 0x9, 0x63, 0x9, 0xd7, 0x30, 0x0, 0x98,
    0x10, 0x2, 0x6a, 0x7, 0xa2, 0xaa, 0x76, 0x28,
    0x46, 0x63, 0x45, 0x48, 0x3, 0x2e, 0xbc, 0x82,
    0xa8, 0x40, 0x2f, 0x33, 0x14, 0x50, 0x7, 0x8a,
    0x8,

    /* U+5BB9 "容" */
    0x0, 0xff, 0x8c, 0xc0, 0x1f, 0xfc, 0x91, 0xcc,
    0x18, 0x7, 0xff, 0x20, 0x50, 0x20, 0x3, 0xff,
    0x81, 0xdf, 0xff, 0x90, 0x13, 0xff, 0xf5, 0x0,
    0x8, 0x40, 0xcf, 0xff, 0x88, 0x40, 0xe0, 0x18,
    0xb3, 0x3f, 0xf8, 0x9e, 0x1, 0xe1, 0x0, 0xab,
    0xd8, 0x3, 0xf, 0x6a, 0x0, 0x7c, 0x4f, 0x0,
    0x9, 0x52, 0x70, 0xc, 0x2c, 0x57, 0x0, 0x4f,
    0x0, 0x14, 0x20, 0xdb, 0xf, 0x88, 0x26, 0xb0,
    0x46, 0xb, 0xe0, 0xc2, 0x80, 0x65, 0xf4, 0x1d,
    0x20, 0x1a, 0x2d, 0x0, 0x1f, 0xa1, 0xfa, 0x0,
    0x66, 0xa1, 0x4f, 0x30, 0x1c, 0x10, 0x4a, 0x0,
    0xd, 0xb0, 0xd8, 0x6, 0x68, 0xbb, 0x8, 0x16,
    0x12, 0xf1, 0xad, 0x0, 0x53, 0x10, 0x0, 0xe7,
    0x40, 0x2, 0x61, 0x35, 0xe, 0x9a, 0xe9, 0x0,
    0x1d, 0xc0, 0x1f, 0xa6, 0xc6, 0x64, 0x0, 0x1c,
    0x52, 0xd7, 0x0, 0xfe, 0x5e, 0x62, 0xc6, 0x0,
    0xea, 0x90, 0x8d, 0x50, 0xe, 0x5d, 0xa1, 0x2,
    0xcf, 0xff, 0xa4, 0x0, 0x55, 0xac, 0x0, 0xea,
    0x24, 0x10, 0x22, 0xff, 0x0, 0x24, 0x89, 0x22,
    0xc, 0x99, 0x60, 0xc, 0xdd, 0xfe, 0x10, 0x7d,
    0xab, 0x10, 0x8b, 0x30, 0xf, 0xfe, 0x2a, 0xa0,
    0x7, 0xff, 0xa8, 0xc3, 0x33, 0xfc, 0x20, 0x1f,
    0xf3, 0x81, 0x19, 0xff, 0x1, 0x8, 0x6,

    /* U+5BF8 "寸" */
    0x0, 0xff, 0xe1, 0x9, 0x0, 0x7f, 0xf2, 0x37,
    0x42, 0x1, 0xff, 0xc7, 0x20, 0x30, 0xf, 0xff,
    0x31, 0x17, 0xff, 0x4, 0x0, 0xc4, 0x58, 0x2b,
    0x77, 0xff, 0x82, 0x21, 0x7b, 0xba, 0xbd, 0xc,
    0xff, 0xf8, 0x0, 0x3, 0x3c, 0x98, 0xb7, 0x99,
    0xff, 0xc0, 0x10, 0xec, 0xca, 0xd8, 0x3, 0xff,
    0x9a, 0x94, 0x40, 0x1f, 0xfc, 0x73, 0x5f, 0x10,
    0xf, 0xfe, 0x33, 0xa9, 0x68, 0x7, 0xff, 0x1e,
    0x88, 0xe4, 0x3, 0xff, 0x8f, 0xe0, 0xc8, 0x1,
    0xff, 0xc6, 0x28, 0x8, 0x0, 0xff, 0xe3, 0xba,
    0x50, 0x7, 0xff, 0x22, 0xd8, 0x3, 0xff, 0xf4,
    0x20, 0x3, 0x0, 0xff, 0xe0, 0x9f, 0xfe, 0xe1,
    0x18, 0x3, 0xff, 0x82, 0x68, 0x1, 0xa, 0x68,
    0x7, 0x80,

    /* U+5BF9 "对" */
    0x0, 0xff, 0xe2, 0xa3, 0x0, 0x7f, 0xf2, 0x22,
    0x40, 0x3f, 0xf9, 0x2, 0x2, 0x1, 0x22, 0xb3,
    0x78, 0xc0, 0x3f, 0xf8, 0x9, 0x75, 0x33, 0xec,
    0x0, 0xff, 0xe0, 0x24, 0xc4, 0x73, 0x80, 0x80,
    0x7f, 0xf0, 0x59, 0xdf, 0xac, 0x8, 0xf3, 0x3c,
    0x41, 0xb9, 0x0, 0x1f, 0x28, 0x2b, 0x19, 0xf8,
    0x0, 0x66, 0x40, 0x0, 0x80, 0x6f, 0xf, 0x5f,
    0xff, 0x10, 0x77, 0xe0, 0x37, 0x40, 0x4, 0x80,
    0xa0, 0x1f, 0xfc, 0x14, 0x17, 0x90, 0x22, 0x9,
    0x81, 0x10, 0x3, 0xfc, 0x58, 0x2d, 0x2a, 0xe,
    0x0, 0x9d, 0x30, 0xf, 0xf1, 0x60, 0xb4, 0x6,
    0x80, 0x3c, 0x38, 0x3, 0xfe, 0x2d, 0x0, 0xa,
    0x0, 0x11, 0x4, 0xc0, 0x1f, 0xf1, 0xa0, 0xa,
    0x80, 0x5e, 0x14, 0x1, 0xff, 0x1a, 0x0, 0x28,
    0x80, 0x8, 0x44, 0x0, 0xff, 0xbc, 0x1d, 0x43,
    0x80, 0x2e, 0xc0, 0xf, 0xf3, 0x98, 0xc5, 0x9,
    0xb8, 0x0, 0xc8, 0x3, 0xf9, 0x20, 0x28, 0x1,
    0x61, 0xc0, 0x1f, 0xfc, 0x4, 0xb0, 0x84, 0x0,
    0x2c, 0xc8, 0x3, 0xfe, 0x6b, 0x7, 0x70, 0x6,
    0x60, 0xf, 0xe1, 0x0, 0x18, 0xcc, 0x0, 0x7f,
    0x27, 0x73, 0xc8, 0x40, 0x25, 0xe6, 0x0, 0xff,
    0x29, 0x88, 0x1d, 0x0, 0x40,

    /* U+5C06 "将" */
    0x0, 0xff, 0xe8, 0x47, 0x0, 0x7c, 0xf8, 0x40,
    0x1f, 0xf1, 0x89, 0x0, 0x73, 0xc1, 0x3a, 0xa9,
    0x94, 0x40, 0x3f, 0xf8, 0x35, 0x0, 0x35, 0x54,
    0xd6, 0x0, 0x26, 0xc4, 0x3, 0xcb, 0xca, 0xfd,
    0xdc, 0x21, 0x40, 0x1, 0x4d, 0x0, 0xc3, 0x94,
    0x13, 0xc2, 0x3a, 0xc4, 0xdc, 0x1, 0xa, 0x76,
    0x1, 0xa, 0xc7, 0x4, 0xd8, 0xd, 0xa9, 0x68,
    0x6, 0xa2, 0x47, 0x0, 0xa5, 0xc1, 0x9d, 0x33,
    0xd0, 0xf0, 0x40, 0x3b, 0xe5, 0xc0, 0x3e, 0xb0,
    0x31, 0x8c, 0x10, 0xf, 0x13, 0x0, 0x71, 0xbe,
    0xe0, 0x2e, 0xbd, 0x28, 0x7, 0xff, 0x3, 0xb2,
    0xd, 0xb6, 0x88, 0xd7, 0xc0, 0x3f, 0xf8, 0x12,
    0xf7, 0xd2, 0x40, 0x18, 0x40, 0x3e, 0x54, 0x0,
    0x3d, 0xa4, 0x66, 0x77, 0x2, 0xe6, 0x10, 0x2,
    0x7a, 0x0, 0xb4, 0xcf, 0xf1, 0x0, 0x99, 0x88,
    0x1, 0x30, 0x46, 0x0, 0xaf, 0xf7, 0x7f, 0xf6,
    0x2, 0x7f, 0x98, 0x2d, 0x8b, 0x1c, 0x3, 0x3f,
    0x38, 0x7, 0xfc, 0xc7, 0x82, 0x1, 0xcc, 0x30,
    0xa0, 0x1f, 0xed, 0xc1, 0x0, 0xf0, 0xd0, 0x50,
    0x80, 0x7f, 0xf1, 0xd1, 0x81, 0x0, 0x3f, 0xf9,
    0x10, 0xa8, 0x1, 0xff, 0xc8, 0x1a, 0x10, 0xc,
    0x20, 0x1f, 0xfc, 0x54, 0xcc, 0x70, 0x18, 0x7,
    0xe3, 0x12, 0x0, 0xf3, 0x9, 0x92, 0x58, 0x4,

    /* U+5C0F "小" */
    0x0, 0xff, 0x3c, 0x80, 0x7f, 0xf2, 0x65, 0x84,
    0x3, 0xff, 0xfe, 0x1, 0xff, 0xd2, 0x3e, 0x70,
    0xf, 0xf5, 0xf8, 0x80, 0x7d, 0x63, 0xa0, 0x1f,
    0xe2, 0xb, 0x0, 0xf9, 0x3, 0x0, 0x3f, 0xd0,
    0xa, 0x60, 0x1c, 0x26, 0x8, 0x1, 0xfe, 0x17,
    0x8, 0x0, 0xe7, 0x2, 0x20, 0x7, 0xfd, 0x20,
    0x86, 0x1, 0xa8, 0x28, 0x3, 0xff, 0x80, 0x2c,
    0x12, 0x1, 0x19, 0x81, 0x80, 0x3f, 0xf8, 0x36,
    0xa, 0x40, 0x9, 0x5, 0x10, 0xf, 0xfe, 0x9,
    0x18, 0x50, 0x22, 0x84, 0x0, 0x7f, 0xf0, 0xe8,
    0x14, 0x24, 0x20, 0x80, 0x3f, 0xf8, 0x6e, 0x4,
    0x4e, 0x87, 0x0, 0xff, 0xe2, 0x9, 0xa1, 0x1b,
    0x80, 0x7f, 0xf1, 0xb2, 0xc0, 0x3f, 0xfa, 0xc2,
    0x1, 0xff, 0xc5, 0x2e, 0xeb, 0xc0, 0x2, 0x1,
    0xff, 0xc3, 0x25, 0x11, 0x8e, 0xc0, 0x3f, 0xe0,

    /* U+5C11 "少" */
    0x0, 0xff, 0x42, 0x80, 0x7f, 0xf1, 0xc5, 0xe4,
    0x3, 0xff, 0x92, 0x20, 0x1f, 0xfd, 0x84, 0x90,
    0xf, 0xf2, 0x38, 0x7, 0xea, 0x61, 0x0, 0xfe,
    0xd8, 0x70, 0xf, 0x20, 0xa8, 0x80, 0x7f, 0x40,
    0xc1, 0x0, 0x74, 0x4, 0x80, 0x7f, 0x86, 0xc3,
    0x80, 0x32, 0x1a, 0x18, 0x7, 0xfc, 0xa8, 0x6e,
    0x1, 0x48, 0x40, 0x7, 0xff, 0x6, 0x42, 0x4,
    0x24, 0x9c, 0xc0, 0x3f, 0xf8, 0x24, 0xc0, 0xc2,
    0xc3, 0x0, 0x1f, 0xfc, 0x38, 0x1, 0x16, 0x60,
    0x3, 0xff, 0x88, 0x3e, 0xc0, 0x64, 0x1, 0xff,
    0xc1, 0x3f, 0xa0, 0xf, 0xfe, 0x0, 0x83, 0x0,
    0x43, 0xc1, 0x80, 0x1f, 0xfc, 0x1e, 0xb0, 0x0,
    0xe1, 0x2b, 0x0, 0x7f, 0xf0, 0x44, 0x0, 0xbe,
    0x49, 0x40, 0x1f, 0xfc, 0x33, 0xba, 0x16, 0xb0,
    0xf, 0xfe, 0x8, 0xb6, 0x61, 0xa, 0xe4, 0x3,
    0xfc, 0x2b, 0x19, 0xd2, 0x65, 0x3a, 0x80, 0x1f,
    0x1d, 0x6f, 0xf5, 0x39, 0x8b, 0x5e, 0xb0, 0x7,
    0xf0, 0xb1, 0xa, 0x34, 0xef, 0x4a, 0x0, 0x7f,
    0xc0,

    /* U+5C16 "尖" */
    0x0, 0xff, 0x21, 0x80, 0x7f, 0xf1, 0xc6, 0xf8,
    0x3, 0xff, 0x92, 0x60, 0x1f, 0xfc, 0x21, 0xd8,
    0x0, 0xfd, 0x78, 0x20, 0x1f, 0xa4, 0xbc, 0x3,
    0xf6, 0x1e, 0x8, 0x7, 0x89, 0xc5, 0xc0, 0x3f,
    0x3b, 0x16, 0x80, 0x7b, 0x82, 0x80, 0x3f, 0xd2,
    0x87, 0x40, 0x1a, 0x8d, 0x90, 0x3, 0xfe, 0xa1,
    0x56, 0x0, 0x52, 0x94, 0x80, 0x7f, 0xf0, 0x7,
    0x42, 0x44, 0x18, 0xb0, 0x3, 0x85, 0x64, 0x3,
    0xc6, 0xea, 0x21, 0x9a, 0x20, 0x1e, 0xc0, 0xf,
    0xd1, 0x40, 0x1f, 0xe1, 0x98, 0x0, 0xff, 0xe3,
    0xa8, 0x18, 0x7, 0xf9, 0xff, 0xff, 0x58, 0x1f,
    0xff, 0xf4, 0x9a, 0x27, 0xe0, 0x8, 0x91, 0x3f,
    0x62, 0x5d, 0xfd, 0x40, 0x10, 0xdd, 0xfe, 0x50,
    0xf, 0xd0, 0x4, 0x66, 0x60, 0xf, 0xfe, 0x1a,
    0x30, 0x47, 0x84, 0x98, 0x7, 0xff, 0x5, 0x2c,
    0x11, 0x4d, 0xc3, 0x4c, 0x3, 0xfe, 0x7b, 0x3,
    0xb0, 0x4, 0x30, 0xe3, 0x80, 0x7c, 0x51, 0xd0,
    0xd, 0x80, 0x1a, 0x60, 0x23, 0xa0, 0xc0, 0x7,
    0xda, 0xe2, 0x77, 0x20, 0x1e, 0x7d, 0x41, 0x7c,
    0xf8, 0x23, 0x26, 0xcc, 0x20, 0x7, 0xe2, 0xbc,
    0x62, 0xd,

    /* U+5C3C "尼" */
    0x0, 0xff, 0xe6, 0xf7, 0xff, 0xff, 0xe, 0xc0,
    0x31, 0x8, 0x22, 0x7f, 0xf0, 0xc, 0x18, 0x3,
    0xc7, 0x77, 0xff, 0xc0, 0xd0, 0xf, 0xfe, 0xf9,
    0x80, 0x7e, 0x3f, 0xff, 0xfe, 0x6, 0x80, 0x7e,
    0x14, 0x4f, 0xfe, 0x15, 0x80, 0x79, 0x6e, 0xef,
    0x9b, 0xbf, 0xe6, 0x0, 0xc2, 0x1, 0xd7, 0xc0,
    0x1f, 0xfc, 0x41, 0x0, 0x8, 0x7, 0xff, 0x11,
    0xc0, 0xc0, 0x3f, 0xf8, 0xe4, 0x2, 0x1, 0x8f,
    0xff, 0xfb, 0x80, 0x37, 0x7, 0x0, 0x72, 0x27,
    0xf3, 0x80, 0x62, 0x2, 0x0, 0xc7, 0x77, 0xfd,
    0x20, 0x19, 0xc1, 0x40, 0x3f, 0xf8, 0xc2, 0x42,
    0x20, 0xf, 0xfe, 0x10, 0xea, 0x3, 0x83, 0x80,
    0x7f, 0xf0, 0xd4, 0xb4, 0x28, 0x34, 0x2, 0x10,
    0x20, 0xf, 0xed, 0xe, 0x43, 0x14, 0x0, 0xc4,
    0x3f, 0xbb, 0xf7, 0x30, 0x2e, 0x84, 0x0, 0x77,
    0x20, 0x91, 0x7c, 0x25, 0x45, 0x34, 0xc0, 0x1c,
    0x77, 0xdf, 0xff, 0xb5, 0x40,

    /* U+5C42 "层" */
    0x0, 0xc2, 0x3f, 0xfc, 0x40, 0xf, 0x57, 0x77,
    0xff, 0x13, 0xc8, 0x3, 0x30, 0x22, 0xaf, 0xff,
    0x4, 0x41, 0x80, 0x3d, 0x55, 0xff, 0xc2, 0x40,
    0xf, 0xfe, 0x9f, 0x7f, 0xff, 0xf0, 0x54, 0x3,
    0xf1, 0x9f, 0xff, 0xd, 0x14, 0x3, 0xdb, 0x99,
    0xff, 0xc2, 0xb1, 0x0, 0xfe, 0x11, 0xff, 0xe0,
    0x0, 0x7f, 0xa7, 0xbb, 0xff, 0x81, 0x80, 0x1c,
    0x20, 0x21, 0xaa, 0xbf, 0xfc, 0xb, 0x0, 0xe3,
    0x0, 0x92, 0xab, 0xff, 0x80, 0xe0, 0x1c, 0x22,
    0x0, 0xff, 0xe4, 0x8, 0x11, 0x3f, 0xff, 0xf8,
    0x8e, 0x0, 0x20, 0x63, 0x54, 0x48, 0x40, 0x51,
    0x3f, 0x2a, 0x0, 0x14, 0x8, 0x6a, 0xed, 0x22,
    0x15, 0x77, 0x51, 0xcd, 0xda, 0x8c, 0x1, 0x81,
    0x80, 0x1b, 0x81, 0xd0, 0x2, 0x37, 0xf0, 0xf,
    0x20, 0x28, 0x5, 0x46, 0xb0, 0x1, 0x8a, 0xa,
    0x0, 0x32, 0x8a, 0x8, 0x2, 0x54, 0xec, 0x8d,
    0x15, 0x9f, 0xc1, 0xcc, 0x2, 0x90, 0xe0, 0x3,
    0xb0, 0x1f, 0x6e, 0x5d, 0x4c, 0x38, 0x3, 0xc0,
    0x26, 0x35, 0x0, 0x21, 0x23, 0x3c, 0x4d, 0x66,
    0xf7, 0xf9, 0x8d, 0x40, 0x15, 0x80, 0x11, 0xed,
    0xcc, 0x3b, 0x29, 0x90, 0x80, 0x2c, 0x40, 0x0,

    /* U+5C4F "屏" */
    0x0, 0x84, 0x7f, 0xf8, 0x80, 0x1d, 0x7d, 0xdf,
    0xfc, 0x4f, 0x20, 0x9, 0x81, 0x15, 0x7f, 0xf8,
    0x22, 0xe, 0x1, 0xd5, 0x5f, 0xfc, 0x24, 0x0,
    0xf8, 0xc4, 0x7f, 0xf8, 0x40, 0x1f, 0x6f, 0x77,
    0xff, 0x5, 0x0, 0x40, 0x39, 0x57, 0x22, 0xaf,
    0xe4, 0x56, 0x40, 0xe, 0xba, 0xa6, 0x26, 0xd5,
    0x79, 0xd2, 0xe4, 0x3, 0xf9, 0xc6, 0x0, 0x3a,
    0x9, 0x84, 0x3, 0xf3, 0xcc, 0x22, 0x26, 0x79,
    0xc0, 0x13, 0x25, 0x0, 0x8c, 0x6, 0x59, 0x8a,
    0x8c, 0xdc, 0x0, 0x66, 0xa4, 0x2, 0x10, 0x7,
    0x7f, 0xa8, 0x1b, 0xff, 0x10, 0x77, 0xfb, 0x0,
    0x3f, 0xe1, 0x0, 0xf0, 0x80, 0x70, 0x81, 0x0,
    0x7f, 0xf1, 0xc8, 0x19, 0x2a, 0xa9, 0x5, 0xaa,
    0xc4, 0x15, 0x58, 0xc1, 0x80, 0xb5, 0x56, 0x30,
    0x25, 0x5c, 0x0, 0x55, 0xc8, 0x18, 0x1f, 0x3f,
    0xf1, 0x6, 0xff, 0xe2, 0xe, 0xff, 0x9c, 0x10,
    0x10, 0x2, 0x62, 0x32, 0x0, 0xf0, 0x80, 0x63,
    0x22, 0x80, 0xb, 0x21, 0xe0, 0x1f, 0xfc, 0x8,
    0xb, 0x3, 0xca, 0xa, 0x30, 0xf, 0xfe, 0x1,
    0x1b, 0x3, 0x12, 0xea, 0x80, 0x78, 0x40, 0x3d,
    0x38, 0x0, 0x5e, 0xa2, 0x0, 0xfb, 0x74, 0x1,
    0xc0,

    /* U+5C51 "屑" */
    0x0, 0xc2, 0x3f, 0xfc, 0x30, 0xd, 0x5f, 0xdd,
    0xff, 0xc3, 0xf1, 0x0, 0x38, 0x33, 0xbf, 0xff,
    0x4, 0x40, 0x80, 0x34, 0x47, 0xff, 0x9, 0x40,
    0x3d, 0x11, 0xff, 0xc2, 0x50, 0xf, 0x33, 0xbf,
    0xff, 0x4, 0x40, 0x80, 0x36, 0xf7, 0x7c, 0xf5,
    0xdd, 0xde, 0x20, 0x18, 0xc4, 0xa0, 0x4, 0x40,
    0xf2, 0x23, 0x15, 0x28, 0x7, 0x8, 0xb, 0xf9,
    0x0, 0x78, 0xb5, 0x5c, 0x2, 0x30, 0x8, 0xb0,
    0x2c, 0x3, 0xdc, 0x1a, 0x40, 0x1f, 0xd, 0x38,
    0x4d, 0x81, 0x4c, 0x88, 0x94, 0x80, 0x10, 0x80,
    0x4e, 0xe6, 0x69, 0x40, 0x59, 0x82, 0x6d, 0x0,
    0x18, 0x80, 0x2, 0x11, 0xff, 0xfb, 0x80, 0x40,
    0x4, 0x2, 0x1, 0x86, 0x37, 0x2a, 0x14, 0x80,
    0x3c, 0x20, 0xa0, 0x1d, 0x76, 0x40, 0x5a, 0xdd,
    0x0, 0x72, 0x87, 0x0, 0x71, 0xb4, 0x56, 0xfd,
    0x2a, 0x0, 0x6e, 0x3, 0x0, 0x78, 0x18, 0x0,
    0xd6, 0x2e, 0xcf, 0x40, 0x19, 0x1, 0x0, 0x4,
    0x1f, 0xbf, 0x94, 0xef, 0x56, 0x0, 0x44, 0x68,
    0x1, 0x38, 0x78, 0xac, 0xe7, 0xe4, 0xa9, 0x0,
    0x54, 0x1e, 0x0, 0x12, 0x22, 0xe5, 0x31, 0x80,
    0x7e, 0x43, 0x40, 0x3, 0x85, 0x0, 0x7d, 0x13,
    0x60, 0x21, 0x98, 0x0, 0x9d, 0x9c, 0x3, 0xe1,
    0x65, 0x28, 0x0, 0xf0, 0xc8, 0x7, 0xe9, 0xff,
    0x6a, 0x0,

    /* U+5C55 "展" */
    0x0, 0x84, 0x7f, 0xf8, 0x80, 0x1c, 0xfd, 0xdf,
    0xfc, 0x4f, 0x30, 0xb, 0x40, 0xd5, 0x7f, 0xf8,
    0x24, 0xc, 0x1, 0xd1, 0x55, 0xff, 0xc1, 0x50,
    0xf, 0x84, 0x7f, 0xf8, 0x60, 0x1f, 0x57, 0x77,
    0xff, 0x5, 0x80, 0x3e, 0x45, 0x5c, 0x4a, 0xbc,
    0x68, 0xaa, 0x64, 0x0, 0xef, 0xaa, 0xb0, 0xbe,
    0xab, 0x1b, 0xd5, 0x24, 0x40, 0x3c, 0xd3, 0x2a,
    0xe, 0x99, 0xc0, 0x53, 0x28, 0x40, 0xf, 0x43,
    0x30, 0xc1, 0x19, 0xb0, 0xb, 0x31, 0xfc, 0x2,
    0x10, 0x7e, 0xdd, 0x38, 0x46, 0xee, 0x2, 0xdd,
    0x75, 0x80, 0x7c, 0x44, 0xf0, 0x22, 0xe0, 0x1,
    0x10, 0x40, 0x33, 0x0, 0x80, 0x88, 0x0, 0x62,
    0x38, 0x0, 0x23, 0x0, 0x63, 0xb, 0xfe, 0xe4,
    0x4, 0xf7, 0x60, 0x2e, 0xeb, 0xe8, 0x0, 0x22,
    0xd5, 0x50, 0xa, 0xac, 0x0, 0x55, 0xe4, 0x5f,
    0x2, 0x2, 0x4a, 0xb0, 0x5a, 0xa9, 0x43, 0xaa,
    0x90, 0xe9, 0x6a, 0xe, 0xa, 0x1, 0xfa, 0x2,
    0x89, 0xf4, 0xa0, 0x40, 0x18, 0x18, 0x1, 0xf8,
    0xa0, 0x76, 0xf, 0x1c, 0x2, 0x70, 0x40, 0xf,
    0x85, 0xd, 0x40, 0x12, 0x60, 0x12, 0x89, 0x88,
    0x1, 0x41, 0x67, 0x7a, 0xe2, 0x94, 0x2a, 0xd0,
    0x1, 0x1, 0x20, 0x15, 0x0, 0xb1, 0x24, 0xe8,
    0x54, 0x8a, 0x5f, 0x3a, 0xa2, 0x80, 0x4a, 0x51,
    0x9f, 0x6c, 0x20, 0x6, 0xe9, 0x31, 0x28, 0xb0,
    0xd, 0x7a, 0xe6, 0x1, 0xf9, 0xb3, 0xd4,

    /* U+5C5E "属" */
    0x0, 0xff, 0xe5, 0xbf, 0xff, 0xff, 0x14, 0x80,
    0x1a, 0x8, 0xef, 0xff, 0xc1, 0x20, 0x60, 0xd,
    0xf1, 0x1f, 0xfc, 0x17, 0x0, 0xf7, 0x4c, 0xff,
    0xf0, 0x5c, 0x3, 0xca, 0xcd, 0xff, 0xc1, 0x20,
    0x60, 0xd, 0x7f, 0xb9, 0x8b, 0xb5, 0x4c, 0x32,
    0x98, 0xb7, 0x90, 0x7, 0x1e, 0xe6, 0x2e, 0xd5,
    0x32, 0x50, 0x48, 0xa0, 0xf, 0x8f, 0xb7, 0xb9,
    0xf8, 0xf, 0x95, 0xc, 0x60, 0x1e, 0x70, 0xbf,
    0xcc, 0x6e, 0x81, 0xb7, 0x79, 0x40, 0x21, 0x0,
    0x94, 0xee, 0xe6, 0x4, 0xbb, 0x90, 0xb0, 0x2,
    0x70, 0x10, 0x1, 0x33, 0x56, 0x4, 0xcd, 0x50,
    0x7, 0x8, 0x10, 0x0, 0xfb, 0xac, 0x6, 0xee,
    0xb0, 0x4, 0x2, 0x20, 0xb, 0x2a, 0xee, 0x80,
    0x4b, 0xba, 0xa9, 0x0, 0x1, 0x2, 0x24, 0xd8,
    0x8e, 0x0, 0x84, 0x79, 0x0, 0xa, 0xf, 0x6c,
    0xf7, 0x7a, 0x1, 0x2e, 0xfd, 0x21, 0x81, 0x92,
    0x22, 0xee, 0xd6, 0xd, 0xd5, 0x9d, 0x60, 0x12,
    0x82, 0x0, 0x42, 0x39, 0xc0, 0x3, 0xfa, 0xc,
    0x0, 0x32, 0x28, 0x2, 0x2c, 0xde, 0xc0, 0x6f,
    0x51, 0xa0, 0x0, 0xf8, 0x58, 0x6, 0x35, 0x46,
    0x78, 0x9a, 0xb8, 0x46, 0x0, 0x29, 0x30, 0x6,
    0x19, 0x94, 0x41, 0xd9, 0x50, 0x42, 0xc3, 0x67,
    0x40, 0x24, 0x40, 0x7, 0xf3, 0x6e, 0x72, 0x80,

    /* U+5DE5 "工" */
    0x4, 0xde, 0xef, 0xfe, 0x2b, 0x0, 0x4, 0x84,
    0x7f, 0xf8, 0xc0, 0x5, 0xff, 0xfb, 0x40, 0x1f,
    0xff, 0x9c, 0x3, 0xfc, 0x60, 0x1f, 0xff, 0xf0,
    0xf, 0xff, 0xf8, 0x7, 0xff, 0xfc, 0x3, 0xff,
    0xb4, 0x60, 0x1f, 0xfc, 0x9, 0xff, 0xfd, 0xa0,
    0xf, 0xff, 0xea, 0xe1, 0x1f, 0xfe, 0x41, 0x0,

    /* U+5DE6 "左" */
    0x0, 0xfe, 0x20, 0xf, 0xfe, 0x4a, 0xec, 0x80,
    0x7f, 0xf2, 0x34, 0x38, 0x3, 0xff, 0x90, 0x60,
    0x60, 0x1f, 0xfc, 0x85, 0x5, 0x0, 0xff, 0xe0,
    0xa7, 0xff, 0x84, 0x3b, 0xff, 0xfe, 0x20, 0x73,
    0x22, 0xc2, 0x2, 0x45, 0xff, 0x19, 0x80, 0xf3,
    0x77, 0x20, 0x5e, 0xef, 0xfd, 0x82, 0x1, 0xf2,
    0x2, 0x0, 0x7f, 0xf1, 0xcc, 0x50, 0x40, 0x3f,
    0xf8, 0xf4, 0x1a, 0x1, 0xff, 0xc8, 0x70, 0xad,
    0xdf, 0xfe, 0x2, 0x80, 0x79, 0x45, 0x44, 0x8b,
    0xff, 0x82, 0x1, 0xe9, 0x9, 0xdf, 0xfc, 0x81,
    0x9f, 0xfc, 0xe0, 0x1c, 0x86, 0x70, 0x7, 0xff,
    0x1e, 0x2, 0x0, 0x3f, 0xf8, 0xee, 0x66, 0x40,
    0xf, 0xfe, 0x31, 0xc0, 0x70, 0x7, 0xff, 0x18,
    0x74, 0x20, 0x80, 0x3f, 0xf8, 0xd8, 0x2a, 0xe0,
    0x1f, 0xfc, 0x77, 0x5a, 0x4, 0xde, 0xef, 0x20,
    0x6f, 0x77, 0x6b, 0x5, 0x50, 0x0, 0x24, 0x23,
    0xe0, 0x0, 0x8f, 0x8b, 0x80,

    /* U+5DE7 "巧" */
    0x0, 0xff, 0x56, 0x67, 0xfd, 0x20, 0x10, 0x8f,
    0xe5, 0x33, 0xff, 0x9c, 0x1, 0xbd, 0xdf, 0x5f,
    0x6e, 0x8c, 0x2f, 0x77, 0xdc, 0x0, 0x43, 0x31,
    0x0, 0x99, 0xb4, 0x48, 0x86, 0x8, 0x45, 0xe0,
    0xa, 0x73, 0x16, 0xd, 0x98, 0x70, 0x1, 0x1,
    0x80, 0x7f, 0xf2, 0x50, 0x10, 0x3, 0xff, 0x93,
    0x81, 0x80, 0x1f, 0xfc, 0x94, 0x5, 0x0, 0xff,
    0xe4, 0x10, 0x87, 0xf7, 0x7b, 0x48, 0x3, 0xff,
    0x80, 0x22, 0x1, 0x1f, 0x89, 0xc0, 0x3f, 0xf8,
    0x7, 0xdf, 0xff, 0x20, 0x8, 0x7, 0xff, 0x25,
    0xc1, 0x80, 0x3f, 0xf9, 0x24, 0x6, 0x1, 0xf2,
    0x57, 0x78, 0x80, 0x7f, 0x8, 0x8, 0x1, 0x27,
    0x24, 0xd, 0x44, 0xc4, 0x3, 0xf0, 0x80, 0x80,
    0x56, 0xc6, 0x6, 0xf7, 0xd8, 0x1, 0xfc, 0xa0,
    0xa0, 0x14, 0x3d, 0xfe, 0x42, 0x8, 0x7, 0xfb,
    0x0, 0x80, 0x27, 0x84, 0x0, 0xff, 0xe1, 0xa8,
    0x60, 0x7, 0xff, 0xd, 0xfb, 0x76, 0xf2, 0x15,
    0x0, 0xff, 0xe1, 0xa9, 0x91, 0x40, 0x78, 0x1,
    0xff, 0xc4, 0x2d, 0xfe, 0xe7, 0xe1, 0x0, 0x40,

    /* U+5DF1 "己" */
    0x0, 0xff, 0xe4, 0x2f, 0xff, 0xff, 0xf, 0x40,
    0x21, 0x21, 0x1f, 0xfe, 0x8, 0x10, 0x80, 0x13,
    0x7b, 0xbf, 0xf8, 0x22, 0x1, 0xff, 0xff, 0x0,
    0xff, 0xe9, 0x77, 0xff, 0xff, 0x4, 0x40, 0x30,
    0x88, 0x8, 0xbf, 0xf8, 0x2a, 0x20, 0x18, 0xb7,
    0x7f, 0xf8, 0x34, 0x1, 0xff, 0xff, 0x0, 0xf4,
    0xb8, 0x7, 0xff, 0x19, 0xa0, 0x3, 0xff, 0x8a,
    0x60, 0x42, 0x4, 0x60, 0x1f, 0xfc, 0x1, 0x80,
    0x40, 0x40, 0xcf, 0xee, 0xff, 0xe0, 0x20, 0x58,
    0x53, 0x10, 0x8, 0xff, 0xf0, 0x17, 0x8,

    /* U+5DF2 "已" */
    0x8f, 0xff, 0xfe, 0x24, 0x0, 0x61, 0x0, 0xff,
    0xe1, 0xa0, 0x5, 0x1d, 0xff, 0xff, 0xc1, 0xd0,
    0x10, 0xf, 0xfe, 0x6b, 0x60, 0x7, 0xff, 0x1f,
    0x4c, 0xc0, 0x1f, 0xff, 0x2c, 0xee, 0xff, 0xb4,
    0x4, 0x3, 0xe1, 0x1f, 0xf8, 0x0, 0xa0, 0x1e,
    0xcf, 0xff, 0xfe, 0xc, 0x80, 0x7f, 0xfd, 0xc,
    0x3, 0xff, 0x8e, 0x79, 0x20, 0x1f, 0xfc, 0x65,
    0x3, 0x0, 0x9c, 0x3, 0xff, 0x85, 0xe1, 0xa0,
    0x41, 0xa0, 0x1f, 0xfc, 0x14, 0x60, 0x40, 0xa0,
    0x6f, 0xee, 0xff, 0xbe, 0xc1, 0x4c, 0xe, 0xd0,
    0x47, 0xff, 0x80, 0x4, 0xf4, 0x0,

    /* U+5E03 "布" */
    0x0, 0xfc, 0x28, 0x1, 0xff, 0xc8, 0xab, 0x40,
    0xf, 0xfe, 0x30, 0xa0, 0x28, 0x7, 0xff, 0x19,
    0xc1, 0x4, 0x3, 0xfe, 0x2c, 0xdd, 0xe8, 0x5,
    0xdd, 0xff, 0x63, 0x89, 0x91, 0x70, 0x80, 0x91,
    0x7f, 0x8f, 0x8f, 0xff, 0x90, 0x27, 0xff, 0xff,
    0x81, 0x20, 0x1c, 0x88, 0x26, 0x0, 0x23, 0x80,
    0x7f, 0xf0, 0xa4, 0x20, 0x2, 0x88, 0x8, 0x7,
    0xff, 0x2, 0x49, 0x14, 0x3, 0xff, 0x8a, 0xac,
    0xd, 0x99, 0x8c, 0x37, 0x33, 0xac, 0x80, 0x24,
    0xa0, 0x1, 0x19, 0xe0, 0x1, 0x9f, 0x91, 0x0,
    0x4, 0xb0, 0x10, 0xaf, 0xfc, 0x61, 0xbf, 0xf9,
    0x40, 0x27, 0xb0, 0x77, 0x0, 0x7e, 0x30, 0xc,
    0x60, 0x15, 0x84, 0x40, 0x3, 0xff, 0x8d, 0xba,
    0x70, 0xf, 0xfe, 0x38, 0x90, 0x7, 0xff, 0xb0,
    0xae, 0xe7, 0x3, 0x0, 0xe1, 0x1, 0x0, 0xf8,
    0x9d, 0x10, 0xa, 0xa0, 0xe, 0x9b, 0x40, 0xf,
    0xd9, 0xfe, 0xea, 0x0, 0xf0, 0xa0, 0x7, 0xff,
    0x3d, 0x48, 0x40, 0x3f, 0x0,

    /* U+5E26 "带" */
    0x0, 0xc4, 0x60, 0x18, 0xc8, 0x3, 0x11, 0x80,
    0x7e, 0xec, 0x0, 0xd9, 0xe0, 0x1b, 0xf0, 0x3,
    0xf0, 0x80, 0x78, 0xc0, 0x31, 0x80, 0x72, 0x4d,
    0x50, 0x82, 0xab, 0x0, 0xd5, 0x61, 0xa, 0xa4,
    0xae, 0xb2, 0xa8, 0x0, 0xab, 0x80, 0xa, 0xb8,
    0x0, 0xaa, 0x6f, 0x9f, 0xf8, 0x83, 0xbf, 0xe0,
    0x1f, 0xfc, 0x21, 0xff, 0x50, 0x7, 0x84, 0x3,
    0x18, 0x7, 0xff, 0xb, 0xac, 0x3, 0x67, 0x0,
    0x6a, 0xa0, 0x7, 0x3c, 0xca, 0xb6, 0x67, 0x55,
    0x26, 0x76, 0xe4, 0xc9, 0xc0, 0x61, 0x9b, 0xff,
    0x8d, 0x4, 0x0, 0x3f, 0xff, 0x70, 0xf, 0xff,
    0xc4, 0x1, 0xff, 0x8, 0x7, 0xf0, 0x80, 0x67,
    0x0, 0xf0, 0x80, 0x7f, 0x38, 0x18, 0xdc, 0xaf,
    0xff, 0x70, 0xf, 0xff, 0xae, 0x6c, 0x41, 0x8,
    0x80, 0x48, 0x98, 0x0, 0x89, 0xc0, 0xa4, 0x80,
    0x1e, 0xbb, 0xe0, 0x1b, 0xbe, 0x0, 0xff, 0xfa,
    0x11, 0x80, 0x7f, 0xf1, 0xef, 0x70, 0x14, 0x3,
    0xcd, 0xe, 0x1, 0xfa, 0x61, 0xe6, 0xc0, 0x3c,
    0x2e, 0x20, 0x1f, 0x89, 0xe1, 0x80, 0x3f, 0xf8,
    0x44, 0xa0, 0x1f, 0xe0,

    /* U+5E38 "常" */
    0x0, 0xfe, 0x44, 0x0, 0x7f, 0xf0, 0x27, 0xd4,
    0x3, 0x5d, 0x0, 0x67, 0xf7, 0x0, 0xef, 0xa,
    0x40, 0xc, 0x20, 0x11, 0xc0, 0x28, 0x7, 0x33,
    0x0, 0xc0, 0x3f, 0x48, 0x59, 0x0, 0x4f, 0x76,
    0x50, 0xcb, 0xb8, 0x1, 0x77, 0x31, 0x7d, 0xda,
    0x42, 0x51, 0x6, 0x8, 0x98, 0x0, 0x89, 0x19,
    0x22, 0x4c, 0x23, 0x7f, 0xff, 0xf1, 0x8, 0x3,
    0xca, 0xef, 0xfe, 0x60, 0xe, 0x10, 0xa, 0xa2,
    0x3f, 0xd2, 0x40, 0x20, 0x35, 0x60, 0x20, 0x7f,
    0xff, 0x90, 0x4, 0x22, 0x41, 0x14, 0x3, 0xff,
    0x88, 0x8c, 0x1, 0x84, 0xf, 0xff, 0xf2, 0x0,
    0x80, 0x7e, 0xa7, 0x7c, 0x20, 0xef, 0xa4, 0x80,
    0x3f, 0x2c, 0x46, 0x30, 0x98, 0x89, 0x80, 0x3c,
    0x35, 0x77, 0xe2, 0xa, 0xbb, 0xea, 0x30, 0x9,
    0x15, 0x13, 0xc0, 0x4, 0x4f, 0x2d, 0x0, 0x72,
    0x77, 0x71, 0x6, 0xf7, 0x66, 0x3, 0x0, 0xe1,
    0x1f, 0x0, 0xc, 0x47, 0x80, 0x3f, 0xfb, 0xa2,
    0x6, 0x1, 0xc6, 0x1, 0xfd, 0x1f, 0xe6, 0xe,
    0x0, 0x91, 0xe8, 0x3, 0xfa, 0x59, 0x55, 0x2e,
    0x1, 0xc, 0x18, 0x7, 0x39, 0x8, 0xc, 0xd5,
    0x18, 0x2,

    /* U+5E72 "干" */
    0x3, 0xde, 0xef, 0xfe, 0x26, 0xb0, 0x1, 0xc8,
    0x47, 0xff, 0x88, 0x5c, 0x0, 0x4f, 0xff, 0xb4,
    0x1, 0xff, 0xfa, 0x0, 0x3f, 0xc6, 0x1, 0xff,
    0xff, 0x0, 0xff, 0xe6, 0xb7, 0x77, 0xef, 0x0,
    0x77, 0x7f, 0x3f, 0x8, 0xff, 0x0, 0x4, 0x7f,
    0xba, 0x3f, 0xff, 0x68, 0x3, 0xff, 0xfa, 0x40,
    0x3f, 0x8c, 0x3, 0xff, 0xfe, 0x1, 0xff, 0xff,
    0x0, 0xff, 0xf1, 0x89, 0x18, 0x7, 0xf8,

    /* U+5E73 "平" */
    0x3, 0xcd, 0xdf, 0xfe, 0x26, 0x18, 0x1, 0x8c,
    0x8b, 0xff, 0x88, 0x6e, 0x0, 0x5f, 0xff, 0xb8,
    0x1, 0xff, 0xf9, 0x0, 0x32, 0x61, 0x0, 0x42,
    0x1, 0xe2, 0xe7, 0x0, 0xf0, 0x9c, 0x80, 0x7f,
    0xac, 0x7c, 0x3, 0xca, 0x48, 0x60, 0x1f, 0xcc,
    0x14, 0x1, 0xf5, 0x4, 0x80, 0x7e, 0x70, 0x52,
    0x0, 0xf9, 0x81, 0xc0, 0x3f, 0x48, 0x40, 0x7,
    0xe1, 0x4a, 0x0, 0xf8, 0xc6, 0x8, 0x3, 0xfa,
    0xdc, 0x3, 0xe3, 0xf7, 0x0, 0xe6, 0xdd, 0xfe,
    0x0, 0x6e, 0xff, 0x37, 0x91, 0x7f, 0x0, 0x8,
    0xbf, 0xbe, 0x7f, 0xff, 0x70, 0x3, 0xff, 0xfa,
    0x40, 0x3f, 0x84, 0x3, 0xff, 0xfe, 0x1, 0xff,
    0xff, 0x0, 0xc4, 0x80, 0x1f, 0xe0,

    /* U+5E74 "年" */
    0x0, 0xe3, 0x71, 0x0, 0xff, 0xe3, 0xf4, 0x10,
    0x7, 0xff, 0x18, 0xc8, 0x86, 0x1, 0xff, 0xc6,
    0x80, 0x3c, 0xcf, 0xfe, 0xb, 0x0, 0x64, 0x40,
    0x9, 0x9f, 0xff, 0x7, 0x0, 0x34, 0x85, 0x77,
    0x71, 0x85, 0xf7, 0x7a, 0x80, 0x29, 0x24, 0x51,
    0x1e, 0x0, 0x38, 0x8f, 0x80, 0x26, 0x60, 0x50,
    0x7, 0xff, 0x14, 0xe4, 0x28, 0x40, 0x3f, 0xf8,
    0xa2, 0x70, 0xb7, 0xff, 0xe3, 0xc, 0xff, 0xf0,
    0x81, 0x63, 0x82, 0x81, 0x19, 0xe0, 0x1, 0x19,
    0xf2, 0x8, 0x7, 0xdb, 0x99, 0x8c, 0x3b, 0x33,
    0xac, 0x3, 0xff, 0xf1, 0x19, 0x90, 0x86, 0x67,
    0x18, 0x76, 0x67, 0xd0, 0x67, 0x80, 0x6, 0x7c,
    0x0, 0x23, 0x3f, 0xd7, 0xff, 0xfe, 0x30, 0xcf,
    0xff, 0xac, 0x3, 0xff, 0xfe, 0x1, 0xff, 0xcc,
    0x41, 0x20, 0xf, 0xc0,

    /* U+5E76 "并" */
    0x0, 0xe4, 0x10, 0xf, 0xc2, 0xe2, 0x1, 0xfd,
    0x78, 0x1, 0xfa, 0xe2, 0x0, 0x1f, 0xc8, 0x50,
    0x1, 0xe1, 0x50, 0xb0, 0xf, 0xe9, 0x7, 0x10,
    0xe, 0x60, 0x62, 0x0, 0xfe, 0x25, 0x31, 0x0,
    0xc3, 0x1, 0x0, 0x1e, 0x6b, 0xbc, 0x2f, 0x77,
    0xd8, 0x3, 0x57, 0x74, 0x80, 0x35, 0x13, 0xfe,
    0x20, 0x14, 0x4c, 0xe0, 0xb, 0xed, 0xd5, 0x81,
    0x6e, 0xf8, 0xc2, 0xb7, 0x6e, 0x0, 0x84, 0x88,
    0xc0, 0x2, 0x2f, 0x38, 0x9, 0x14, 0x1, 0xff,
    0xf8, 0x6c, 0xcd, 0xe0, 0x59, 0x9e, 0x40, 0x9c,
    0xcc, 0xde, 0x67, 0x88, 0x0, 0x67, 0xe0, 0x1,
    0x19, 0xec, 0x9f, 0xfd, 0x0, 0xbf, 0xfe, 0x40,
    0xaf, 0xfd, 0x40, 0x1d, 0xa1, 0xa0, 0x1f, 0x84,
    0x3, 0xfc, 0x80, 0x80, 0x1f, 0xfc, 0x67, 0x11,
    0x18, 0x7, 0xff, 0x14, 0x64, 0x24, 0x3, 0xff,
    0x8d, 0x82, 0x6e, 0x1, 0xff, 0xc4, 0x3d, 0x21,
    0xe0, 0xf, 0xfe, 0x21, 0x61, 0xe, 0x90, 0x7,
    0xff, 0x10, 0x91, 0x7c, 0xc0, 0x3f, 0x8c, 0x18,
    0x3, 0x80,

    /* U+5E8F "序" */
    0x0, 0xff, 0x90, 0x3, 0xff, 0x90, 0xd7, 0x20,
    0x1f, 0xfc, 0x77, 0x6, 0x20, 0xf, 0xf4, 0xe6,
    0x7d, 0xa0, 0xf, 0xcc, 0xf9, 0xc0, 0x58, 0xcf,
    0xf0, 0x0, 0x8c, 0xfe, 0xc0, 0x8, 0xbf, 0xff,
    0xf8, 0xb6, 0x1, 0xe7, 0x99, 0xea, 0xaf, 0x38,
    0x7, 0xf4, 0xb3, 0x72, 0xaf, 0xa0, 0xc0, 0x3f,
    0x77, 0xff, 0xe8, 0x0, 0x51, 0x80, 0x7f, 0x9f,
    0x18, 0x0, 0x35, 0x5, 0x8a, 0x1, 0xff, 0x18,
    0xcf, 0x57, 0x2b, 0xe9, 0x80, 0x7c, 0x20, 0x19,
    0x36, 0xc9, 0x41, 0x24, 0x3, 0xe3, 0x0, 0xc,
    0xd5, 0x6e, 0x62, 0x4, 0xfa, 0xae, 0x40, 0x9,
    0xd5, 0x95, 0x7c, 0x40, 0x1, 0x55, 0xe0, 0x3,
    0x0, 0xa7, 0xff, 0xb8, 0x7, 0xff, 0x30, 0x32,
    0x0, 0x81, 0x0, 0x7f, 0xf0, 0x55, 0x8a, 0x40,
    0x4, 0x1c, 0x1, 0xff, 0xc0, 0x2a, 0x1f, 0x0,
    0xb4, 0x8, 0x3, 0xff, 0x80, 0x51, 0xa4, 0x1,
    0x38, 0x28, 0x7, 0xff, 0x5, 0xcc, 0x2, 0x22,
    0x84, 0x3, 0xff, 0x8c, 0xa0, 0xa0, 0x1f, 0xe3,
    0x0, 0xfd, 0x21, 0x40, 0x18, 0x6f, 0x2f, 0x0,
    0x40, 0x3f, 0x43, 0x10, 0x6, 0x17, 0x34, 0x33,
    0x78, 0x7, 0xe0,

    /* U+5E94 "应" */
    0x0, 0xff, 0x88, 0x3, 0xff, 0x90, 0xfa, 0xe0,
    0x1f, 0xfc, 0x75, 0x9, 0x0, 0xff, 0x84, 0x8b,
    0xe0, 0x31, 0x82, 0x2f, 0x80, 0x2e, 0xdd, 0xfc,
    0x60, 0xfb, 0xbf, 0x40, 0x8, 0x1, 0x13, 0xff,
    0x88, 0xb8, 0x1, 0x15, 0xdf, 0xff, 0x12, 0x90,
    0x3, 0xfe, 0x61, 0x0, 0xe3, 0x70, 0xf, 0xc6,
    0x1, 0x14, 0xc0, 0x7, 0x44, 0x18, 0x3, 0xcb,
    0x8a, 0x0, 0x21, 0x70, 0xe, 0x40, 0x40, 0xf,
    0x30, 0x70, 0x4, 0x82, 0x60, 0x12, 0x1, 0x10,
    0x3, 0xc6, 0x48, 0x40, 0xc, 0x4, 0x0, 0xb4,
    0x28, 0x3, 0x84, 0x1, 0x40, 0xa0, 0x4, 0xc,
    0x0, 0x9c, 0x18, 0x2, 0x30, 0xc, 0xa1, 0x40,
    0x2, 0x15, 0x0, 0x28, 0xa0, 0x80, 0x42, 0xe,
    0x0, 0x22, 0x84, 0x0, 0xa2, 0x20, 0xe0, 0xf0,
    0xc, 0xc0, 0x40, 0x12, 0x83, 0x80, 0x30, 0xc4,
    0x90, 0xd0, 0x3, 0x10, 0x8, 0x5, 0x80, 0x19,
    0xf0, 0x2c, 0x24, 0x3, 0xb8, 0x38, 0x2, 0x4e,
    0x60, 0xc, 0x4c, 0x6a, 0x1, 0xca, 0xa, 0x1,
    0x84, 0x3, 0xa4, 0x20, 0x3, 0x84, 0xc0, 0xc0,
    0x8b, 0xf2, 0xa1, 0xb1, 0x16, 0x7, 0x4, 0xe,
    0xdd, 0xfd, 0x40, 0x7b, 0xbe, 0xa0, 0xd0, 0x64,
    0x4f, 0xfe, 0x25, 0x50, 0x98, 0x22, 0xef, 0xff,
    0x88, 0xe0,

    /* U+5E95 "底" */
    0x0, 0xff, 0x8c, 0x3, 0xff, 0x90, 0xf8, 0xe0,
    0x1f, 0xfc, 0x75, 0x8, 0x10, 0xf, 0xf7, 0x7f,
    0xfd, 0xa0, 0xe, 0xff, 0xfa, 0xc0, 0x44, 0x8,
    0x9f, 0xfc, 0x5c, 0x0, 0x8a, 0xef, 0xff, 0x8a,
    0xe0, 0x1f, 0x84, 0x44, 0x6a, 0xd1, 0x59, 0xfe,
    0x70, 0xf, 0xd1, 0xfd, 0xcd, 0xca, 0x97, 0x51,
    0x46, 0x20, 0xf, 0xc8, 0xd, 0x13, 0x78, 0x0,
    0xfd, 0xb9, 0x50, 0xe, 0x10, 0xd, 0xe, 0xc8,
    0x64, 0x2, 0x1, 0xff, 0xc7, 0x60, 0x20, 0xf,
    0xfe, 0x39, 0x3, 0x0, 0x7c, 0x60, 0xe0, 0x1b,
    0xbf, 0xf3, 0x5, 0x7f, 0xee, 0x0, 0x8, 0x7,
    0x8c, 0xf8, 0x80, 0x6, 0x79, 0x0, 0xe, 0x4,
    0x1, 0xb7, 0x33, 0x80, 0x19, 0x9a, 0x80, 0x4,
    0x2, 0x1, 0xfc, 0x26, 0x6, 0x1, 0xee, 0xd,
    0x0, 0xf8, 0xc4, 0x2c, 0x28, 0x3, 0xc6, 0xc,
    0x0, 0x10, 0xbc, 0xfc, 0x80, 0x50, 0x60, 0xa,
    0x5c, 0x10, 0xc, 0x0, 0x40, 0xa6, 0x68, 0x80,
    0x12, 0x84, 0x0, 0x16, 0x94, 0x10, 0x2, 0x36,
    0xaf, 0xc7, 0x10, 0x4, 0x3, 0xa8, 0x10, 0xc8,
    0x70, 0x5, 0x92, 0xa7, 0xdf, 0xfa, 0x64, 0x15,
    0xc3, 0x62, 0x25, 0x0, 0xf1, 0x3a, 0xae, 0xc6,
    0xb3, 0x14, 0x7d, 0xf0, 0xf, 0x86, 0x6a, 0xb3,
    0x82, 0x67, 0xd8, 0x0,

    /* U+5EA6 "度" */
    0x0, 0xff, 0x94, 0x40, 0x3f, 0xf8, 0xeb, 0x54,
    0x0, 0xff, 0xe3, 0xa0, 0x21, 0x80, 0x7f, 0xb3,
    0xff, 0xee, 0x0, 0x67, 0xff, 0xd2, 0x0, 0x30,
    0x33, 0xff, 0xe2, 0x27, 0x80, 0x43, 0x99, 0xa5,
    0x73, 0x3c, 0xb1, 0x98, 0xb6, 0x0, 0xfd, 0x2c,
    0x1, 0xc6, 0xdc, 0x1, 0xf8, 0xea, 0xa2, 0xa,
    0xae, 0x80, 0x4a, 0xa8, 0x80, 0x32, 0xae, 0x10,
    0x55, 0xe4, 0x1, 0x55, 0x23, 0x80, 0x66, 0xff,
    0x8c, 0x3b, 0xff, 0x60, 0x2f, 0xfb, 0x94, 0x3,
    0xff, 0xa9, 0x75, 0x5b, 0xc0, 0x3f, 0x8c, 0x3,
    0x20, 0x2a, 0xf1, 0x86, 0x0, 0x70, 0x80, 0x80,
    0x68, 0xff, 0xfc, 0xc0, 0x1c, 0x40, 0xe3, 0x35,
    0x5e, 0xbb, 0xf5, 0x18, 0x4, 0xc0, 0x46, 0xea,
    0xbe, 0x44, 0xf2, 0xa0, 0x4, 0x41, 0xc5, 0xdf,
    0x0, 0xff, 0xfe, 0x60, 0x37, 0x0, 0xb4, 0xc,
    0x2, 0x73, 0x7b, 0x20, 0x1, 0xe3, 0x26, 0x0,
    0x64, 0x4, 0x0, 0xd8, 0xc9, 0xb3, 0x78, 0x71,
    0x60, 0x19, 0x4, 0xc0, 0x38, 0xb0, 0xc1, 0x90,
    0x19, 0x0, 0x3b, 0xc2, 0x81, 0xeb, 0x3b, 0x68,
    0xd6, 0x5c, 0x5b, 0x3f, 0x2a, 0xc, 0x88, 0xc1,
    0x6a, 0xf, 0x17, 0xf4, 0xd1, 0xd9, 0x8, 0x4a,
    0xe9, 0x3a, 0x0, 0xcf, 0xc9, 0x74, 0x0, 0xe3,
    0x7b, 0xef, 0xe7,

    /* U+5EF6 "延" */
    0x0, 0xff, 0xe5, 0x88, 0xf1, 0x0, 0x7f, 0x1b,
    0xdf, 0xa8, 0x67, 0x77, 0x60, 0x0, 0xd5, 0xe6,
    0xf7, 0xf2, 0x10, 0x30, 0x29, 0x12, 0x30, 0x40,
    0x6, 0x54, 0x32, 0x10, 0x2c, 0x5f, 0xc8, 0x35,
    0xdc, 0xc1, 0x0, 0xc, 0xac, 0xdf, 0x10, 0xb7,
    0x40, 0xf, 0x1a, 0xa8, 0x80, 0x6, 0xa6, 0x40,
    0x1f, 0xfc, 0x8, 0x8, 0x0, 0xd0, 0x80, 0x1f,
    0xfc, 0x6, 0x47, 0x20, 0x8, 0x5f, 0xc0, 0x3f,
    0xe1, 0x81, 0x91, 0x0, 0xff, 0x3b, 0x34, 0x40,
    0x38, 0x22, 0xee, 0x79, 0x0, 0x7e, 0x99, 0xde,
    0x6, 0x66, 0x68, 0xc0, 0x3f, 0xcf, 0x11, 0x48,
    0x17, 0x4c, 0xc8, 0x6, 0x1, 0xfa, 0x5d, 0xe4,
    0x1, 0x81, 0x0, 0x18, 0x88, 0x3, 0xff, 0x84,
    0x4f, 0x0, 0x4, 0x20, 0xf, 0xfe, 0x19, 0x99,
    0x85, 0x1, 0x0, 0x3f, 0xf8, 0x92, 0x1b, 0xc1,
    0x80, 0x3, 0x0, 0xff, 0xe0, 0xaa, 0x8d, 0x45,
    0x3, 0xb4, 0x13, 0xfc, 0x21, 0xdf, 0xf9, 0x40,
    0x14, 0x20, 0x40, 0x4, 0x33, 0xff, 0xe0, 0x30,
    0x0, 0x84, 0xf, 0x52, 0xb3, 0x3f, 0xf8, 0x6,
    0x0, 0xf0, 0x76, 0x2b, 0xe8, 0x42, 0x0, 0xff,
    0xd, 0x91, 0x22, 0x71, 0x5, 0xef, 0x7f, 0xdd,
    0xbb, 0xeb, 0xc4, 0x1f, 0x0, 0x1d, 0xf5, 0x3a,
    0x10, 0x88, 0x8b, 0xda, 0x85, 0x84, 0x1, 0x85,
    0x62, 0xf7, 0xbf, 0xfe, 0x60,

    /* U+5F00 "开" */
    0x9, 0xee, 0xff, 0xe3, 0x58, 0x4, 0x23, 0xff,
    0xc6, 0x70, 0x4, 0xff, 0xe0, 0x7, 0xff, 0x9c,
    0x27, 0xfe, 0xc0, 0xf, 0xff, 0xf8, 0x7, 0xff,
    0x64, 0x8b, 0x80, 0x4, 0x5e, 0x10, 0xe2, 0x2c,
    0x15, 0xbb, 0xc0, 0xd, 0xdf, 0x30, 0x3e, 0xee,
    0xaf, 0x44, 0xc6, 0x0, 0x44, 0xf1, 0x1, 0x22,
    0x6f, 0x5b, 0xbd, 0x0, 0x77, 0x7e, 0x50, 0xbb,
    0xe5, 0x0, 0xe3, 0x5, 0x0, 0xff, 0xe3, 0xe0,
    0x78, 0x7, 0xff, 0x18, 0x50, 0x1c, 0x3, 0xff,
    0x8d, 0x20, 0x82, 0x1, 0xff, 0xc5, 0x37, 0x8,
    0x0, 0xff, 0xe2, 0x8e, 0x82, 0x98, 0x7, 0xff,
    0x10, 0xfc, 0x4a, 0xc0, 0x3f, 0xf8, 0x85, 0x82,
    0x5e, 0x20, 0x1f, 0xfc, 0x42, 0x66, 0x69, 0x0,
    0x7f, 0x68, 0x10, 0x7, 0x0,

    /* U+5F0F "式" */
    0x0, 0xff, 0xe0, 0xa0, 0x7, 0xff, 0x25, 0xed,
    0xc2, 0x38, 0xc0, 0x3f, 0xf8, 0xde, 0x18, 0x38,
    0xc0, 0x1f, 0xfc, 0x31, 0x0, 0x93, 0x6, 0x50,
    0x3, 0xff, 0x88, 0x20, 0x3, 0xc7, 0x40, 0x3,
    0xff, 0xff, 0xd2, 0xd, 0xff, 0x6b, 0xfc, 0x81,
    0x10, 0x47, 0xfe, 0x0, 0x8, 0xf1, 0x70, 0x2e,
    0xf7, 0x7f, 0xb4, 0xf, 0xbb, 0xb5, 0xc0, 0x3f,
    0xf8, 0x22, 0x2, 0x1, 0xff, 0xc8, 0x20, 0x30,
    0xf, 0xe7, 0xcd, 0xdf, 0xb2, 0x0, 0x44, 0x1,
    0xfd, 0xa6, 0x45, 0xf1, 0x90, 0x10, 0x18, 0x7,
    0xea, 0xff, 0x9c, 0x2b, 0xfe, 0xa0, 0x60, 0x60,
    0xf, 0xfe, 0x46, 0x86, 0x80, 0x7f, 0xf2, 0xc,
    0xc, 0x3, 0xff, 0x90, 0xa0, 0x80, 0x1f, 0xfc,
    0x81, 0x20, 0x40, 0xf, 0xfe, 0x42, 0x86, 0x80,
    0x51, 0xa0, 0x1f, 0x8d, 0x62, 0xf9, 0xc2, 0x81,
    0x80, 0x22, 0x28, 0x0, 0x28, 0xe8, 0x13, 0x4e,
    0x8a, 0x80, 0x48, 0x10, 0x0, 0x60, 0x23, 0xfe,
    0xb8, 0x33, 0x35, 0x6f, 0xd9, 0x80, 0x24, 0x1d,
    0x88, 0xc8, 0x9, 0x5a, 0x77, 0xf2, 0x54, 0x80,
    0x38, 0xa0, 0x27, 0x41, 0x40, 0x6a, 0x58, 0x80,
    0x3f, 0xe7, 0xa2, 0x4, 0x80,

    /* U+5F3A "强" */
    0x0, 0xff, 0xe5, 0x2f, 0xff, 0xb4, 0x1, 0xdf,
    0xff, 0xb8, 0x0, 0xc8, 0x67, 0x80, 0x80, 0x84,
    0x4a, 0xbe, 0x1, 0x10, 0x1d, 0xe6, 0x64, 0x1,
    0x0, 0x3d, 0x57, 0x8c, 0x3, 0xff, 0xb0, 0xf5,
    0x5e, 0x30, 0xc, 0xf9, 0x99, 0x0, 0x48, 0x82,
    0xab, 0xe0, 0x21, 0x0, 0x41, 0x9e, 0x3, 0x0,
    0x6f, 0xfc, 0x21, 0xff, 0x68, 0x6, 0x4f, 0xfd,
    0x80, 0x1f, 0xfc, 0x22, 0x2, 0x0, 0xf4, 0x7f,
    0xe1, 0xf, 0xfd, 0x0, 0xc1, 0xc0, 0x1e, 0x30,
    0x56, 0x60, 0x1, 0x98, 0xa0, 0x60, 0x61, 0xca,
    0xb2, 0x8, 0x5, 0x53, 0x21, 0x9, 0x95, 0x80,
    0x5e, 0xd, 0x55, 0x5e, 0x80, 0x7f, 0xf0, 0xa6,
    0x1d, 0xe6, 0x1, 0x0, 0x84, 0x3, 0xc6, 0x1,
    0xb, 0xc4, 0x60, 0xe, 0xef, 0xf0, 0x87, 0xfb,
    0x40, 0x3f, 0x18, 0x8, 0x43, 0x2a, 0xc0, 0x5,
    0x59, 0xbc, 0x3, 0xcc, 0xc, 0x7, 0x35, 0x50,
    0x85, 0x51, 0xb9, 0x0, 0x3c, 0x20, 0x60, 0x1f,
    0xf4, 0x28, 0x7, 0xb4, 0x3c, 0x3, 0x9, 0x0,
    0x15, 0x94, 0x2c, 0x40, 0x39, 0x1, 0x5f, 0xbf,
    0xdd, 0xa2, 0x15, 0x2c, 0x3, 0x20, 0x37, 0x6c,
    0x31, 0x31, 0x2, 0x34, 0x56, 0x77, 0x44, 0x1c,
    0x18, 0x4, 0x10, 0xcb, 0x41, 0xbb, 0x72, 0xea,
    0x62, 0xe, 0xe8, 0x34, 0x0, 0x5f, 0xfb, 0x4c,
    0x3, 0xff, 0x83, 0x94,

    /* U+5F53 "当" */
    0x0, 0xfe, 0x54, 0x0, 0xff, 0x8, 0x7, 0xaa,
    0xc0, 0x3c, 0x84, 0x15, 0xc8, 0x1, 0xff, 0xc0,
    0x4b, 0xf0, 0xe0, 0xa1, 0x0, 0xff, 0xbc, 0x14,
    0x11, 0x46, 0xc0, 0x3f, 0xc6, 0x83, 0x0, 0xb,
    0x5, 0x20, 0xf, 0xef, 0x8, 0x0, 0x85, 0x82,
    0x80, 0x3f, 0x29, 0x99, 0x80, 0x35, 0xad, 0x0,
    0x7e, 0x32, 0xe0, 0xe, 0x2a, 0x20, 0xf, 0xcd,
    0xa4, 0x1, 0x4f, 0xff, 0xc0, 0xf, 0xff, 0xac,
    0x4, 0x84, 0x7f, 0xf8, 0x40, 0xa1, 0x1b, 0xdd,
    0xff, 0xc1, 0xf0, 0xf, 0xfe, 0xf4, 0x66, 0x7f,
    0xf0, 0x80, 0x32, 0x19, 0xff, 0xf0, 0x48, 0x3,
    0x67, 0xff, 0xff, 0x7, 0x40, 0x3f, 0xf8, 0xc6,
    0x1, 0xff, 0xcb, 0x11, 0xff, 0xe1, 0x10, 0x0,
    0x7f, 0xbb, 0xff, 0x85, 0x80, 0x1, 0x43, 0x3f,
    0xfe, 0x11, 0x0, 0x57, 0x99, 0xff, 0xc2, 0xd2,
    0x50,

    /* U+5F62 "形" */
    0x0, 0xff, 0xe3, 0x1e, 0x28, 0x37, 0xff, 0xfd,
    0x20, 0x18, 0xf4, 0xc0, 0x6, 0x44, 0x0, 0x11,
    0x42, 0x2, 0x5c, 0x1, 0x2e, 0xc, 0x28, 0x2e,
    0xe8, 0x43, 0x76, 0xb0, 0x6d, 0x70, 0x4, 0xd0,
    0x43, 0x80, 0x7f, 0xf0, 0xd7, 0x98, 0x6d, 0xc0,
    0x3f, 0xf8, 0x92, 0x2b, 0xe8, 0x1, 0xff, 0xc5,
    0xcd, 0xa1, 0x0, 0x88, 0x3, 0xff, 0x86, 0x40,
    0x10, 0xee, 0x8c, 0x3, 0xff, 0x8a, 0x38, 0x4a,
    0x7b, 0xfe, 0x10, 0xff, 0xa8, 0x1f, 0xf8, 0x2,
    0x3f, 0x25, 0xa0, 0x53, 0x30, 0x0, 0xce, 0x20,
    0x13, 0x40, 0x4, 0x60, 0xc5, 0x0, 0x23, 0x30,
    0x3, 0x99, 0x40, 0x36, 0x51, 0xeb, 0x8d, 0xb8,
    0x7, 0xc4, 0x1, 0xf9, 0x9, 0x7d, 0x0, 0x3c,
    0x20, 0xe0, 0x1f, 0x9f, 0xa8, 0x40, 0x3, 0x72,
    0x0, 0x50, 0x20, 0xf, 0xe1, 0x0, 0xd6, 0x86,
    0x0, 0x30, 0xf0, 0xf, 0xfe, 0xc, 0xa9, 0x58,
    0x3, 0x1, 0x40, 0x3f, 0xf8, 0x16, 0xc5, 0x82,
    0x2, 0x80, 0x60, 0x1f, 0xe3, 0xd4, 0x3c, 0x10,
    0x3, 0x2, 0x80, 0x7f, 0xc, 0xe1, 0x2e, 0x8,
    0x0, 0xa0, 0x24, 0x3, 0xf4, 0x73, 0xd, 0x50,
    0x3, 0x48, 0x31, 0x80, 0x7e, 0x11, 0x3f, 0xa8,
    0x7, 0x6a, 0x48, 0x7, 0x38, 0x68, 0x4f, 0x40,
    0x80, 0x78,

    /* U+5F85 "待" */
    0x0, 0xf1, 0x0, 0x7c, 0x64, 0x1, 0xff, 0xc0,
    0x9d, 0x50, 0xf, 0x67, 0x80, 0x7f, 0xca, 0xc2,
    0x80, 0x1c, 0x20, 0x60, 0x1f, 0xe5, 0xa0, 0xc1,
    0x22, 0xe3, 0x0, 0x11, 0x70, 0x80, 0x4f, 0x41,
    0x85, 0xbb, 0xf0, 0xe, 0xef, 0x74, 0x4, 0x40,
    0x30, 0xc2, 0x91, 0x3c, 0x0, 0x44, 0xe5, 0xc0,
    0xd2, 0xd3, 0xa, 0x1b, 0xbe, 0xa0, 0x1b, 0xbe,
    0xa4, 0x5, 0xd2, 0x9, 0x5e, 0x0, 0xff, 0xe3,
    0xb3, 0xe, 0x1e, 0xef, 0x50, 0xd, 0xde, 0xa3,
    0x0, 0xcb, 0x21, 0xc1, 0x68, 0x9c, 0x0, 0x44,
    0xca, 0xa0, 0x9, 0x68, 0x0, 0x61, 0x9f, 0xff,
    0xb6, 0x3b, 0xd8, 0x1, 0x14, 0x2, 0x1, 0xff,
    0xc0, 0xb8, 0x50, 0x8, 0x9c, 0x2c, 0x80, 0x7,
    0x33, 0xfc, 0x81, 0xf3, 0x23, 0x26, 0xc4, 0x0,
    0xad, 0x9b, 0xf8, 0x81, 0x19, 0x94, 0x12, 0x60,
    0x1a, 0x37, 0x7f, 0x94, 0x23, 0x75, 0x20, 0x1f,
    0x88, 0xf9, 0xc8, 0xb8, 0xc0, 0x8a, 0x0, 0xff,
    0x8a, 0x8c, 0x3, 0xff, 0x8e, 0x36, 0x1c, 0x1,
    0xff, 0xc8, 0x54, 0x24, 0x0, 0xff, 0xe4, 0x40,
    0x30, 0x7, 0xff, 0x20, 0xfc, 0x80, 0x3f, 0xf9,
    0x77, 0x98, 0x60, 0x60, 0xf, 0x94, 0x44, 0x1,
    0xf0, 0x99, 0x85, 0xcc, 0x2,

    /* U+5FAE "微" */
    0x0, 0xff, 0xe8, 0x4c, 0x0, 0x43, 0xe4, 0x1,
    0xd3, 0x60, 0x1f, 0x99, 0x82, 0x2, 0x4, 0xc,
    0x2, 0x1, 0x30, 0x7, 0xe2, 0x81, 0x94, 0xe1,
    0x0, 0x87, 0x90, 0x8, 0xc, 0x3, 0xc5, 0x83,
    0xa0, 0x20, 0x60, 0x11, 0x80, 0x83, 0x86, 0x0,
    0x7a, 0xc6, 0xcd, 0x40, 0x3f, 0xde, 0x17, 0xff,
    0x60, 0x2, 0x79, 0x1e, 0x88, 0x3, 0xf9, 0x5,
    0x10, 0x0, 0x50, 0x8, 0x45, 0x8, 0x61, 0x12,
    0x1f, 0x0, 0x5, 0x16, 0xbb, 0x11, 0x24, 0x3,
    0x48, 0x7b, 0xa, 0xa8, 0x11, 0x45, 0xe4, 0x8,
    0x0, 0x4e, 0x1, 0x8d, 0xc1, 0x4b, 0xbf, 0xfb,
    0x90, 0xc1, 0x80, 0x40, 0x80, 0x21, 0xd0, 0x9,
    0x26, 0x7e, 0x1, 0x53, 0x5, 0xd, 0x0, 0xa8,
    0x40, 0x2c, 0x66, 0xf3, 0xaf, 0x78, 0x11, 0x83,
    0x80, 0x4a, 0x6a, 0x0, 0x8f, 0xef, 0xfb, 0x78,
    0xc1, 0xc1, 0x30, 0x8, 0x2, 0xdd, 0x0, 0x68,
    0xe0, 0x2, 0xe9, 0x0, 0x8, 0x75, 0x10, 0x1,
    0x8c, 0x40, 0x31, 0x0, 0x46, 0x2, 0x1, 0x3a,
    0x6, 0x80, 0x7f, 0xf2, 0x34, 0x0, 0xe0, 0x1f,
    0xe6, 0x10, 0xc, 0xd2, 0x80, 0xc0, 0x42, 0x1,
    0xfe, 0x22, 0x0, 0x4, 0x29, 0x80, 0x10, 0x4,
    0x80, 0x1f, 0xc2, 0x25, 0x0, 0x58, 0x16, 0x22,
    0xa8, 0xc2, 0x40, 0x3f, 0x9c, 0x3c, 0x0, 0xcf,
    0xa6, 0x6a, 0x1d, 0x72, 0xa0, 0xf, 0xd0, 0xe,
    0x0, 0xa8, 0x4, 0xc0, 0xa1, 0x83, 0x5a, 0x0,
    0xf8, 0xe4, 0x40, 0x3b, 0xc2, 0xd0, 0x1, 0xa6,
    0x1, 0xda, 0x43, 0xac, 0x1, 0xeb, 0xe4, 0x0,
    0x87, 0x28, 0x0,

    /* U+5FB7 "德" */
    0x0, 0xe1, 0x20, 0xf, 0x89, 0xc4, 0x3, 0xff,
    0x81, 0x9a, 0x40, 0x1e, 0x88, 0x28, 0x7, 0xfd,
    0x44, 0xa4, 0xf1, 0x1c, 0x81, 0xd1, 0x1c, 0xa0,
    0x1a, 0x54, 0xe8, 0x61, 0xdf, 0x84, 0x15, 0xdf,
    0xa4, 0x2, 0x96, 0x2d, 0x1, 0xff, 0xee, 0x2,
    0xff, 0xf6, 0x0, 0x25, 0x8b, 0x4, 0x2, 0x24,
    0x49, 0xc0, 0x51, 0x38, 0x80, 0x2e, 0x5c, 0x12,
    0xe9, 0x1d, 0xbb, 0xa4, 0xe, 0xef, 0xb4, 0x2,
    0x7a, 0x10, 0x91, 0xf3, 0x6, 0xc8, 0xa, 0xc6,
    0xc, 0xc2, 0x0, 0x80, 0x72, 0xa1, 0xb0, 0x3,
    0x8c, 0xc0, 0xe7, 0xc0, 0x66, 0x20, 0xf, 0xd,
    0x87, 0x80, 0x7f, 0xf2, 0x34, 0x40, 0xc0, 0x2b,
    0x8e, 0xb, 0x8b, 0x8, 0x82, 0x0, 0x80, 0x52,
    0x60, 0x18, 0x88, 0x6e, 0xa0, 0xce, 0x60, 0xee,
    0x23, 0x0, 0xa1, 0x84, 0x40, 0x1b, 0x7f, 0xff,
    0xec, 0x0, 0x9c, 0x34, 0x80, 0x5, 0x35, 0x5f,
    0xfc, 0x18, 0x0, 0x4d, 0x98, 0x4, 0xce, 0xab,
    0xff, 0xc2, 0x0, 0x32, 0x0, 0x64, 0xef, 0xfd,
    0xc0, 0xff, 0xfe, 0xd0, 0xf, 0xe2, 0x90, 0x77,
    0xa, 0x38, 0x80, 0x1b, 0x4, 0x3, 0xfd, 0xc,
    0x13, 0x41, 0x0, 0xc0, 0x2, 0x38, 0x0, 0xff,
    0x22, 0x0, 0x6, 0x7, 0x4c, 0x10, 0xa6, 0xc4,
    0x1, 0xf9, 0x87, 0x40, 0x39, 0x44, 0x9d, 0xd0,
    0x14, 0x1, 0xfa, 0x5, 0x80, 0xc6, 0x62, 0x29,
    0x2, 0x41, 0x10, 0x7, 0xe9, 0xa0, 0x4, 0xb,
    0x3b, 0xc8, 0xa8, 0x1d, 0x20, 0x1c, 0xa4, 0xe,
    0x80, 0x5, 0xef, 0xfe, 0xa0, 0xe,

    /* U+5FC3 "心" */
    0x0, 0xfc, 0xc2, 0x1, 0xff, 0xc8, 0x69, 0xf5,
    0x0, 0xff, 0xe3, 0xb4, 0xd, 0x48, 0x7, 0xff,
    0x1d, 0xec, 0x5b, 0x4, 0x3, 0xff, 0x8c, 0x98,
    0x47, 0x82, 0x1, 0xff, 0xc6, 0x2c, 0x32, 0x80,
    0xf, 0xfe, 0x15, 0xe0, 0x4, 0x3a, 0xd6, 0x1,
    0xff, 0xc2, 0x43, 0x0, 0xc3, 0x24, 0x0, 0x27,
    0x10, 0xe, 0xbb, 0x0, 0x7f, 0xf0, 0x6a, 0x24,
    0x3, 0x91, 0x40, 0x3f, 0xf8, 0x34, 0xc, 0x1,
    0x88, 0x8, 0x3, 0xff, 0x82, 0x48, 0x2a, 0x1,
    0x38, 0x28, 0x7, 0xff, 0xb, 0x83, 0x80, 0x2d,
    0xf, 0x0, 0xff, 0xe1, 0x28, 0x20, 0x80, 0x10,
    0x14, 0x3, 0xff, 0x86, 0xa0, 0xe0, 0x26, 0x6,
    0x1, 0xff, 0xc0, 0x51, 0xf, 0xd, 0x7, 0x4,
    0x0, 0xff, 0xe0, 0xd, 0x40, 0x20, 0x20, 0x60,
    0x68, 0x7, 0xff, 0x0, 0xc0, 0x80, 0x56, 0x2,
    0xe1, 0x80, 0x21, 0x0, 0xfc, 0xc0, 0x40, 0xa,
    0x70, 0x17, 0x0, 0xf0, 0x80, 0x7b, 0x43, 0xc0,
    0x3f, 0xe5, 0xe, 0xcc, 0xee, 0x60, 0x70, 0xf,
    0xfa, 0x50, 0xc, 0xf8, 0x4a, 0xc4, 0x3, 0x80,

    /* U+5FEB "快" */
    0x0, 0xff, 0xe7, 0xe6, 0x80, 0x7c, 0x3f, 0x20,
    0x1f, 0xf1, 0x10, 0x3, 0xe2, 0x2, 0x0, 0xff,
    0xec, 0x29, 0x83, 0xe6, 0x5c, 0xb, 0x99, 0xa0,
    0x3, 0x61, 0x0, 0x23, 0xc3, 0x4c, 0xe2, 0x1,
    0x33, 0xcc, 0x1, 0x19, 0x98, 0x1, 0x46, 0x6a,
    0xff, 0xb0, 0x13, 0xfe, 0x1, 0x0, 0x98, 0x1c,
    0x0, 0xc1, 0x20, 0x1e, 0x10, 0xf, 0xda, 0x4,
    0x0, 0x15, 0x60, 0xc, 0xe0, 0x1f, 0xe3, 0x21,
    0x0, 0xab, 0x0, 0x3c, 0x60, 0x1f, 0x91, 0x0,
    0x1f, 0xe1, 0x0, 0xff, 0x4c, 0x0, 0x61, 0xab,
    0xbd, 0x20, 0xf7, 0x70, 0x2, 0xe0, 0x18, 0x40,
    0x31, 0xaa, 0x26, 0x30, 0x14, 0x48, 0x0, 0x8c,
    0x1, 0xf1, 0x76, 0xee, 0x40, 0xbd, 0xdf, 0x70,
    0x7, 0xe1, 0x22, 0xc8, 0x29, 0x78, 0x4, 0x50,
    0x7, 0xff, 0x5, 0x1, 0x3, 0x7, 0x80, 0x3f,
    0xf8, 0x90, 0x1c, 0xa, 0xa3, 0x80, 0xf, 0xfe,
    0x12, 0x99, 0x90, 0x1, 0x62, 0xe6, 0x1, 0xff,
    0xc0, 0x2b, 0x8, 0x0, 0x86, 0xc3, 0x80, 0x3f,
    0xe2, 0xc1, 0x74, 0x0, 0xca, 0x85, 0x0, 0x1f,
    0xcf, 0xa2, 0x90, 0x1, 0xe9, 0x7, 0x10, 0xf,
    0xa2, 0x0, 0xf6, 0x1, 0xf1, 0x38, 0x80, 0x72,
    0x98, 0x62, 0x5c, 0x0, 0x7f, 0x47, 0x8,

    /* U+6001 "态" */
    0x0, 0xff, 0x1a, 0x80, 0x7f, 0xf2, 0x32, 0x80,
    0x3f, 0xf8, 0xe4, 0x4, 0x1, 0xff, 0xc7, 0x70,
    0x60, 0xf, 0xf3, 0xff, 0xfe, 0xa0, 0x4f, 0xff,
    0xe9, 0x23, 0x3f, 0xc0, 0x18, 0xcf, 0xf7, 0xae,
    0x67, 0xd0, 0x4, 0xa1, 0x79, 0x9f, 0x30, 0x7,
    0xe8, 0xb, 0x80, 0x82, 0x0, 0xff, 0xe1, 0x41,
    0x93, 0x13, 0x87, 0x0, 0x7f, 0xf0, 0x59, 0xc3,
    0x80, 0x10, 0x66, 0xc0, 0xf, 0xfa, 0x24, 0x17,
    0xa8, 0x43, 0x48, 0xf4, 0xc0, 0x3e, 0x6d, 0x70,
    0xab, 0x15, 0xe5, 0x1c, 0x32, 0xca, 0x40, 0x1,
    0x57, 0xc9, 0x26, 0xa8, 0xe4, 0x5, 0x18, 0xe3,
    0x82, 0xdf, 0x33, 0xa8, 0x2e, 0x59, 0x0, 0x9,
    0x25, 0x8c, 0x1, 0x1c, 0xe2, 0x22, 0x5e, 0xfa,
    0x30, 0x10, 0x4, 0xe0, 0xc8, 0x7, 0x57, 0x7a,
    0x0, 0xae, 0x83, 0xf1, 0x85, 0x14, 0x40, 0x3,
    0x6e, 0x8c, 0x3, 0x71, 0xf, 0x83, 0x0, 0xe1,
    0x3a, 0x80, 0x52, 0x1e, 0x1, 0x90, 0x84, 0x3,
    0x87, 0xc3, 0x40, 0x6, 0xa4, 0x6a, 0x0, 0x60,
    0x50, 0xf, 0x8b, 0xa0, 0x7, 0x22, 0xc2, 0x40,
    0x10, 0x14, 0x1, 0xf8, 0x40, 0xa, 0x2, 0xc2,
    0x64, 0xa2, 0x84, 0x1c, 0x17, 0x97, 0x7d, 0x96,
    0x18, 0xe, 0x0, 0x5a, 0xa0, 0x1, 0x94, 0xd,
    0x13, 0x8c, 0x5d, 0x42, 0x38, 0x80,

    /* U+6062 "恢" */
    0x0, 0xff, 0xe6, 0xf4, 0x80, 0x71, 0x7b, 0x0,
    0x7f, 0xf0, 0x5, 0x40, 0x39, 0xc0, 0x3f, 0xf9,
    0x3a, 0x6, 0x1, 0xff, 0xc2, 0x40, 0x6c, 0xc3,
    0x4, 0x66, 0x7e, 0x50, 0x94, 0x0, 0x5c, 0x71,
    0x98, 0x40, 0x8c, 0xff, 0x81, 0xb0, 0x0, 0xcb,
    0x1f, 0xe1, 0x17, 0xfe, 0xaf, 0xfc, 0xc2, 0x1e,
    0x0, 0xa2, 0x30, 0x11, 0x28, 0x4, 0xf4, 0x60,
    0x18, 0x80, 0x80, 0x6, 0x8, 0xa, 0x6, 0x1,
    0x78, 0x7, 0x94, 0x1c, 0x2, 0xb6, 0x3, 0x1,
    0xf1, 0x0, 0x84, 0xf, 0x47, 0x44, 0x80, 0x24,
    0x10, 0xc0, 0xc0, 0x50, 0x10, 0xa, 0x88, 0x72,
    0xc0, 0x3e, 0x42, 0x40, 0x30, 0x30, 0x20, 0x74,
    0x7, 0x50, 0xf, 0x28, 0x28, 0x86, 0x83, 0x0,
    0xc, 0x74, 0x3, 0xfb, 0x82, 0xc0, 0x44, 0x4,
    0x40, 0x80, 0x60, 0xf, 0xc4, 0x84, 0x60, 0x42,
    0x31, 0x3, 0x30, 0x3, 0xfa, 0x2, 0xc0, 0x19,
    0x48, 0x0, 0x5d, 0x90, 0xf, 0xc8, 0xa4, 0xc0,
    0x1a, 0x40, 0x64, 0x3, 0xf8, 0x68, 0x24, 0x3,
    0x29, 0xa4, 0x9a, 0x0, 0x7e, 0x30, 0x64, 0x0,
    0x8a, 0x82, 0x5c, 0x68, 0x40, 0x3e, 0x2e, 0x90,
    0x9, 0x30, 0x28, 0x82, 0xc7, 0x44, 0x3, 0xfc,
    0x79, 0x63, 0x2a, 0x0, 0x57, 0x3f, 0x60, 0xf,
    0xe5, 0x35, 0xd6, 0x0, 0xd1, 0x41, 0xc0, 0x11,
    0x20, 0x6, 0x6f, 0xa2, 0x0, 0xf2, 0xf4, 0x0,

    /* U+606F "息" */
    0x0, 0xff, 0x19, 0x80, 0x3f, 0xf8, 0xe3, 0x98,
    0x0, 0xff, 0xe3, 0xc8, 0x30, 0x7, 0xff, 0xb,
    0xbf, 0xf3, 0x83, 0x7f, 0xf9, 0x40, 0x3c, 0x42,
    0x27, 0x7f, 0xf2, 0x6, 0x80, 0x7e, 0x58, 0x8f,
    0xf7, 0x0, 0x7f, 0x93, 0xff, 0xfd, 0x40, 0x1f,
    0xe1, 0x66, 0xff, 0x20, 0x7, 0xf9, 0x66, 0x7f,
    0xdc, 0x1, 0xfe, 0x68, 0x8f, 0xf7, 0x0, 0x7f,
    0x89, 0xdf, 0xfc, 0x80, 0x1f, 0xe4, 0xff, 0xff,
    0x50, 0x7, 0xf9, 0x62, 0x3f, 0xdc, 0x1, 0xf8,
    0x84, 0x4e, 0xff, 0xe4, 0xd, 0x0, 0xfb, 0xbf,
    0xf4, 0x9e, 0x7f, 0xf9, 0x40, 0x3c, 0x40, 0x2c,
    0x0, 0x53, 0xd3, 0x0, 0xe8, 0x30, 0xd, 0x5a,
    0x4d, 0x2a, 0x7, 0x23, 0xa2, 0x1, 0xb, 0xe8,
    0x4, 0x4a, 0x44, 0xf0, 0xc, 0xcc, 0x17, 0x0,
    0x18, 0xb8, 0xc0, 0x2, 0x2, 0x0, 0x3e, 0x9c,
    0x60, 0x1c, 0x88, 0xb, 0x89, 0xa9, 0x28, 0x4,
    0x60, 0x18, 0xc0, 0x8, 0x1, 0x30, 0x3a, 0x84,
    0x0, 0x34, 0x27, 0x33, 0xea, 0xc, 0x9, 0x86,
    0x67, 0xa8, 0x1, 0x58, 0x4c, 0xfe, 0x16, 0x40,
    0x17, 0x0,

    /* U+60A8 "您" */
    0x0, 0xe1, 0x30, 0x8, 0x80, 0x3f, 0xf8, 0x63,
    0xf8, 0x0, 0x2d, 0x80, 0xf, 0xfe, 0x14, 0xb,
    0x80, 0x2c, 0x3c, 0xc8, 0x82, 0x30, 0x7, 0xca,
    0xc7, 0x0, 0x4c, 0x11, 0x9b, 0xae, 0xeb, 0xfd,
    0xc4, 0x0, 0x3a, 0xe, 0x0, 0x70, 0x3c, 0x47,
    0xe0, 0x12, 0x2, 0xd0, 0x1, 0x85, 0x1b, 0x43,
    0xbd, 0x84, 0xee, 0x40, 0x70, 0x3c, 0x10, 0x8,
    0x94, 0xe4, 0x2, 0x24, 0xf0, 0x2, 0xc, 0x86,
    0x8b, 0x98, 0x0, 0xb7, 0x2, 0xd0, 0x4, 0x2,
    0x8d, 0xe1, 0xa, 0xa4, 0x0, 0x62, 0x8, 0x41,
    0x0, 0xf2, 0xc8, 0x1, 0x14, 0x3, 0xc2, 0xc4,
    0xa0, 0x1d, 0x4, 0xca, 0x1, 0xfd, 0x43, 0x0,
    0x1f, 0x48, 0x40, 0x7, 0xe5, 0x45, 0x50, 0x7,
    0xc8, 0x66, 0x0, 0xfc, 0xb3, 0x40, 0x1f, 0xdd,
    0x80, 0x19, 0xc0, 0x40, 0xc, 0x26, 0x0, 0x20,
    0x20, 0x8, 0x88, 0x1, 0xab, 0x40, 0x35, 0xe3,
    0x0, 0xfc, 0x0, 0x7e, 0x23, 0x26, 0x91, 0xb,
    0x19, 0x50, 0xc, 0x34, 0x60, 0x1b, 0xfc, 0x16,
    0xca, 0x3, 0x81, 0x44, 0x1, 0x1a, 0xe8, 0x4,
    0x64, 0xe0, 0x1e, 0x29, 0xa, 0x0, 0x11, 0xb0,
    0xc0, 0x2, 0x83, 0x80, 0x3e, 0x69, 0x90, 0x3,
    0xf6, 0x1, 0xc0, 0x98, 0x50, 0x2, 0x10, 0xc,
    0xc2, 0x2, 0x42, 0x25, 0x4, 0x50, 0x90, 0x3,
    0x5, 0x66, 0x7d, 0xe0, 0x81, 0xc4, 0xaf, 0x6e,
    0x0, 0x94, 0x13, 0x3f, 0x85, 0x20, 0x13, 0x44,

    /* U+60AC "悬" */
    0x0, 0xc6, 0xef, 0xff, 0xc0, 0x50, 0xf, 0xdb,
    0x11, 0xff, 0xc0, 0xa3, 0x0, 0xf8, 0x43, 0xff,
    0xfc, 0x80, 0x1f, 0xf3, 0x37, 0xfc, 0x1, 0xff,
    0x4c, 0xff, 0x88, 0x3, 0xfe, 0xff, 0xff, 0x20,
    0x7, 0xfd, 0xff, 0xfe, 0x40, 0xf, 0xfa, 0x67,
    0xfc, 0x40, 0x1f, 0xf3, 0x37, 0xfc, 0xe, 0x1,
    0x3f, 0xfc, 0x0, 0xff, 0xff, 0x20, 0x5f, 0xfb,
    0x11, 0x9b, 0x80, 0x26, 0x6e, 0x20, 0x36, 0x6d,
    0x47, 0x33, 0x5a, 0x82, 0x74, 0xcf, 0x80, 0xfa,
    0x66, 0x60, 0xa, 0x34, 0xd7, 0x9d, 0xd1, 0x35,
    0x70, 0x21, 0x14, 0x1, 0xd8, 0xe0, 0x5, 0xa9,
    0x87, 0x64, 0x60, 0x55, 0x1a, 0xd8, 0x6, 0xa5,
    0x78, 0x9b, 0xc8, 0x4c, 0xed, 0xcb, 0xac, 0x44,
    0x8, 0x4, 0xdb, 0x4e, 0x1a, 0x60, 0x99, 0x20,
    0x11, 0x57, 0x78, 0x80, 0x4f, 0xa, 0x16, 0xc2,
    0xf6, 0xc, 0xe0, 0x12, 0x54, 0x0, 0x43, 0x20,
    0xc0, 0x1c, 0x9a, 0xaa, 0x8, 0xc, 0x17, 0x80,
    0x5, 0xc, 0x8, 0x7, 0x8a, 0x88, 0x5e, 0xcb,
    0x41, 0xce, 0x91, 0xe, 0x0, 0x60, 0xa9, 0x9e,
    0xd0, 0xe0, 0x3a, 0x7, 0x89, 0xb0, 0xa, 0xd,
    0x19, 0xb8, 0xd1, 0xc0, 0xb, 0xe8,

    /* U+60F3 "想" */
    0x0, 0xe1, 0x0, 0xff, 0xe4, 0x27, 0x28, 0x7,
    0xff, 0x1c, 0x80, 0x80, 0x35, 0x7f, 0xfe, 0x90,
    0xf, 0xfe, 0x3, 0x83, 0x37, 0x28, 0x28, 0x36,
    0x65, 0x61, 0x59, 0x8b, 0x0, 0xa6, 0x7a, 0xc0,
    0x2e, 0x22, 0xc0, 0x45, 0x30, 0x80, 0x19, 0xb9,
    0xc0, 0x28, 0xee, 0x78, 0x2, 0x3b, 0x9a, 0x20,
    0x9, 0x9f, 0x0, 0x7a, 0x0, 0x14, 0x40, 0x1d,
    0xdd, 0xda, 0x1, 0xc6, 0xc0, 0x2, 0xd6, 0x0,
    0xc2, 0x3c, 0x60, 0x1d, 0xc0, 0xe0, 0xe7, 0x36,
    0x1, 0x6e, 0xf6, 0x0, 0x6a, 0x28, 0xe0, 0xfc,
    0x44, 0x0, 0x4c, 0xde, 0x0, 0xa5, 0x51, 0xc0,
    0x35, 0xf0, 0x5, 0x77, 0xd4, 0x1, 0x92, 0x80,
    0x3c, 0x20, 0x11, 0x9f, 0x28, 0x5, 0x36, 0x20,
    0x10, 0x80, 0x61, 0xc, 0xce, 0xb0, 0x70, 0xe,
    0x43, 0x50, 0x3, 0xcf, 0x4c, 0xff, 0x0, 0x44,
    0x25, 0x8e, 0x0, 0xc6, 0x86, 0x6e, 0x7f, 0x42,
    0x0, 0xe, 0xd0, 0x25, 0xc0, 0x59, 0xad, 0x0,
    0x65, 0x6f, 0x0, 0x9c, 0xc, 0x4, 0x4, 0x1,
    0xa4, 0xa6, 0x4, 0x8, 0x65, 0x0, 0xa, 0xb,
    0x0, 0xf0, 0xe5, 0x98, 0x75, 0x87, 0x83, 0x92,
    0x99, 0xc0, 0x20, 0x1c, 0x28, 0x0, 0x36, 0x3,
    0x60, 0xb2, 0xf, 0x0, 0x38, 0x36, 0xeb, 0x32,
    0xbe, 0x4, 0x0, 0x43, 0xc3, 0xf9, 0x80, 0xd,
    0xc4, 0x88, 0x67, 0x20, 0xa4, 0x0, 0x6, 0x4,

    /* U+610F "意" */
    0x0, 0xff, 0x29, 0x80, 0x7f, 0xf1, 0xc6, 0xb0,
    0x40, 0x3f, 0xe9, 0xaa, 0xf5, 0x88, 0x6d, 0x57,
    0xa0, 0x3, 0x22, 0xaf, 0xc2, 0x6, 0xab, 0xf0,
    0x6, 0xdf, 0xf7, 0xb, 0xff, 0xf9, 0xc3, 0x3f,
    0xda, 0x1, 0xf0, 0x89, 0xc4, 0x3, 0x9c, 0x8,
    0x3, 0x87, 0xbf, 0xf0, 0x3, 0xbf, 0xf8, 0x1,
    0xdf, 0xf7, 0x18, 0xba, 0xaf, 0xff, 0x19, 0xc8,
    0x26, 0xa9, 0x13, 0x3f, 0xfc, 0x8, 0xaa, 0x48,
    0x80, 0x4b, 0xb9, 0x9f, 0xfc, 0xd, 0x80, 0xf,
    0x10, 0x3e, 0xef, 0xfa, 0x0, 0x80, 0x3f, 0xb,
    0x37, 0xf8, 0x3, 0xfe, 0x6b, 0xbf, 0xf4, 0x0,
    0x7f, 0xa7, 0xff, 0xfd, 0x60, 0x1f, 0x84, 0x31,
    0x9b, 0xfd, 0xa0, 0x60, 0x1e, 0x51, 0x59, 0x9f,
    0xf3, 0x7, 0x80, 0x7d, 0xfe, 0xcb, 0xf6, 0x1a,
    0xff, 0xe8, 0x30, 0xe, 0x2c, 0x80, 0xeb, 0x8,
    0x2a, 0xa0, 0x6, 0xba, 0x60, 0xd, 0x1, 0x80,
    0x60, 0x1, 0xc8, 0x54, 0x1b, 0x1d, 0x19, 0x30,
    0x2, 0x29, 0x28, 0x7, 0x9f, 0x91, 0x51, 0x3,
    0x41, 0x0, 0x36, 0x12, 0x0, 0x20, 0xca, 0xaa,
    0xea, 0x41, 0x81, 0x14, 0x0, 0x31, 0x68, 0x0,
    0xf3, 0x32, 0xaf, 0x1b, 0x98, 0x2, 0xac, 0x0,

    /* U+611F "感" */
    0x0, 0xff, 0xe1, 0xa8, 0x92, 0x0, 0x7f, 0xf1,
    0x8e, 0xa5, 0x6e, 0xc2, 0x1, 0xff, 0xc6, 0x17,
    0xa5, 0x70, 0xd, 0x9f, 0xff, 0xf6, 0x3, 0x7d,
    0xc, 0xc8, 0x0, 0x26, 0x8, 0x9f, 0xe3, 0x1,
    0x44, 0xde, 0x1, 0x8e, 0xef, 0xfd, 0xa0, 0xb7,
    0x79, 0x80, 0x38, 0x73, 0x77, 0xe6, 0x10, 0x70,
    0x6, 0xb8, 0x7, 0x85, 0x13, 0xf2, 0x80, 0x90,
    0x39, 0x8, 0x7, 0x38, 0x44, 0xcf, 0xc6, 0x4,
    0x22, 0x91, 0x60, 0xf, 0x9f, 0xff, 0xd8, 0x0,
    0x70, 0xb1, 0x90, 0xf, 0xd8, 0x11, 0x18, 0xcc,
    0x20, 0x40, 0xa6, 0xe0, 0x18, 0xc0, 0x40, 0x2,
    0xef, 0x90, 0x2, 0xe0, 0x7, 0x0, 0x70, 0x81,
    0x80, 0x4, 0x3, 0xe2, 0x90, 0x72, 0x0, 0xe7,
    0x1, 0x0, 0xbf, 0xf3, 0x82, 0x60, 0x81, 0x0,
    0x78, 0x83, 0x82, 0x62, 0x8, 0x71, 0x5, 0xa1,
    0x80, 0x40, 0xf, 0x70, 0x10, 0x12, 0xa1, 0x99,
    0x5e, 0x9e, 0x5c, 0xc4, 0x40, 0x1c, 0x40, 0xd2,
    0xb3, 0xd2, 0x32, 0x0, 0x61, 0x4, 0x4, 0x0,
    0x28, 0x1, 0xc0, 0x98, 0x80, 0xc6, 0x50, 0x81,
    0x60, 0x6c, 0x3c, 0x6, 0x94, 0x48, 0xc8, 0xc,
    0x2, 0x7a, 0xd, 0x80, 0x83, 0x15, 0x3, 0x0,
    0x20, 0x5d, 0x2, 0x80, 0x65, 0x72, 0x13, 0x60,
    0x60, 0x76, 0x6, 0xe0, 0x55, 0x18, 0x8c, 0xef,
    0x70, 0x14, 0x20, 0x48, 0x44, 0x81, 0x82, 0x17,
    0x78, 0x70, 0xc4, 0x49, 0x0, 0x96, 0x3, 0x60,
    0x4e, 0x17, 0x60, 0x33, 0x2, 0x77, 0xfe, 0x70,
    0xe, 0x4e, 0xd8, 0x0,

    /* U+6162 "慢" */
    0x0, 0xff, 0xe8, 0x65, 0x80, 0x65, 0x66, 0xff,
    0x0, 0x7c, 0x6a, 0x1, 0x15, 0x4c, 0xff, 0x94,
    0x3, 0xfe, 0x10, 0x8f, 0xff, 0xa4, 0xc, 0x3,
    0xf1, 0x0, 0x75, 0xff, 0xf6, 0x80, 0x7d, 0x20,
    0x17, 0x40, 0x6, 0xad, 0xde, 0xc0, 0xf, 0x13,
    0x18, 0x2, 0xdc, 0x40, 0x26, 0x99, 0xf0, 0x7,
    0x84, 0x3, 0x30, 0x38, 0x80, 0x88, 0x8b, 0xbc,
    0xc0, 0xc0, 0x27, 0x2, 0x0, 0x9, 0x79, 0x53,
    0xba, 0x23, 0x99, 0x29, 0x0, 0x2c, 0x1, 0x0,
    0xa3, 0x3e, 0xbb, 0xbf, 0xab, 0x8c, 0x0, 0xca,
    0x1, 0x94, 0x41, 0xf2, 0x42, 0x72, 0x2, 0x72,
    0x1, 0x40, 0x5, 0x20, 0x1f, 0x71, 0x90, 0x29,
    0x98, 0x14, 0xcc, 0x1, 0xb0, 0xc0, 0x39, 0xc2,
    0x7e, 0xc3, 0x3e, 0xc3, 0x3e, 0xc0, 0xc0, 0x3f,
    0x8e, 0xe6, 0x7f, 0xea, 0x50, 0xf, 0xe3, 0xec,
    0xce, 0xdd, 0xec, 0x10, 0xf, 0xf2, 0x2a, 0xf9,
    0x13, 0x97, 0x40, 0x3f, 0xcf, 0xfe, 0x13, 0xff,
    0xeb, 0x0, 0x40, 0x7, 0xff, 0x5, 0x4f, 0x4,
    0x0, 0xb6, 0x14, 0x20, 0x1f, 0xfc, 0x1b, 0x43,
    0xf6, 0x9a, 0xa, 0x50, 0xf, 0xfe, 0x1d, 0xa8,
    0xcb, 0x6, 0x28, 0x7, 0xff, 0x8, 0xdf, 0x14,
    0x3, 0x64, 0xa0, 0x80, 0x7f, 0x1e, 0xfe, 0x41,
    0xa5, 0x7e, 0x20, 0x35, 0xf6, 0x88, 0x6, 0x45,
    0x1, 0x2, 0x6a, 0xeb, 0x50, 0x3b, 0xe9, 0x41,
    0x41,

    /* U+6210 "成" */
    0x0, 0xff, 0xe0, 0x8, 0x80, 0x3f, 0xf9, 0x1f,
    0x80, 0xd8, 0xc0, 0x1f, 0xfc, 0x41, 0x20, 0x22,
    0x4e, 0x90, 0x7, 0xff, 0x15, 0x39, 0xcb, 0x48,
    0x3, 0x11, 0x7f, 0x8, 0x11, 0x55, 0x8, 0x1,
    0xb3, 0x77, 0xf8, 0x43, 0x77, 0x42, 0x6d, 0x80,
    0x8, 0xd, 0x13, 0xe0, 0x1, 0xa2, 0x7b, 0x40,
    0x36, 0xdd, 0xfc, 0x81, 0xf7, 0x7e, 0x60, 0xf,
    0xfe, 0x1, 0x3, 0x0, 0x57, 0xa0, 0x1e, 0xab,
    0xbd, 0x20, 0xe, 0x2, 0x0, 0x12, 0x10, 0x7,
    0x91, 0x39, 0x88, 0x8, 0x38, 0x1, 0x40, 0xa0,
    0x1e, 0xbc, 0xde, 0x30, 0x9, 0xc1, 0x40, 0xc,
    0x12, 0x1, 0x84, 0x10, 0xc8, 0x40, 0x31, 0x1,
    0x84, 0xa, 0x18, 0x7, 0xff, 0x0, 0xc0, 0x6,
    0xa, 0xe1, 0x0, 0x1e, 0x10, 0xc, 0x20, 0x20,
    0x4, 0xa, 0x6, 0x30, 0xc, 0x40, 0x60, 0x18,
    0xc0, 0x35, 0x80, 0x6, 0x0, 0x39, 0x81, 0x80,
    0x30, 0x88, 0x2, 0x50, 0x5, 0x8, 0x2, 0x9c,
    0x30, 0xc, 0xaa, 0x98, 0xa, 0x0, 0x59, 0x0,
    0x60, 0x4, 0xd2, 0xa, 0x18, 0x68, 0xa6, 0x30,
    0xf, 0x40, 0x60, 0xe4, 0x0, 0x23, 0x31, 0x2,
    0xf, 0x73, 0xf8, 0xae, 0x1, 0xb1, 0x43, 0xc8,
    0xc5, 0xe0, 0x18, 0x2, 0x10, 0x2e, 0x40, 0xa9,
    0xb, 0x22, 0x6e, 0x7, 0x98, 0xc0, 0x7, 0x13,
    0xb7, 0x28, 0x0, 0x71, 0x84, 0x19, 0x63, 0x84,
    0x3, 0xd1, 0x22, 0x1, 0x86, 0x7b, 0xe4, 0x0,

    /* U+6216 "或" */
    0x0, 0xff, 0xe0, 0x2c, 0x0, 0xc, 0x80, 0x3f,
    0xf8, 0x92, 0xe4, 0x39, 0xb4, 0x40, 0x1f, 0xfc,
    0x41, 0x16, 0xaa, 0xb4, 0xc0, 0x3f, 0xf8, 0x2e,
    0x1, 0x15, 0x50, 0x5c, 0xb, 0x37, 0x7f, 0xc8,
    0x1d, 0xbb, 0x41, 0xc1, 0x89, 0x91, 0x7f, 0x80,
    0x4, 0x5e, 0x36, 0x3f, 0xee, 0xff, 0x30, 0x47,
    0x77, 0x7a, 0x80, 0x4, 0x7f, 0xdc, 0x1e, 0x23,
    0xc0, 0x1a, 0x2e, 0xfe, 0x20, 0x10, 0x10, 0x9,
    0x24, 0x40, 0x27, 0x44, 0xfc, 0x4, 0x4, 0x1,
    0x4b, 0x0, 0x71, 0x7f, 0xe8, 0x0, 0x98, 0x18,
    0x0, 0x84, 0x62, 0x1, 0xff, 0xc1, 0x20, 0x20,
    0x7, 0x84, 0x80, 0x7f, 0xf0, 0xc8, 0xc, 0xc8,
    0x4a, 0x1, 0xfe, 0xf0, 0xc, 0xe0, 0xbe, 0x16,
    0x1, 0xe2, 0xff, 0xce, 0x1, 0xb4, 0x20, 0xcc,
    0xc0, 0x1d, 0xa, 0xbe, 0x67, 0x0, 0x20, 0x8,
    0x78, 0x7, 0x9e, 0xab, 0xd0, 0x20, 0x3, 0x0,
    0x39, 0x80, 0x7f, 0x1b, 0xd7, 0x74, 0x0, 0xa0,
    0x7, 0x80, 0x55, 0x60, 0xd5, 0xbf, 0x90, 0xa2,
    0x24, 0x1b, 0x53, 0xa, 0x0, 0x99, 0x4e, 0x54,
    0x80, 0xde, 0xb7, 0xa7, 0x11, 0x18, 0x84, 0xc0,
    0x2, 0x21, 0xbc, 0xef, 0xe4, 0x29, 0xd6, 0x13,
    0xd8, 0x40, 0x4a, 0x18, 0xa8, 0x43, 0x10, 0x7,
    0x39, 0xe4, 0x0, 0xd, 0xc2, 0xf0, 0x34, 0x3,
    0xf0, 0xee, 0x18, 0x6, 0x88, 0x8, 0x3a, 0x0,

    /* U+6240 "所" */
    0x0, 0xfe, 0x46, 0x0, 0xfc, 0x94, 0xc0, 0x18,
    0x4d, 0x62, 0xfe, 0xe5, 0xc0, 0x2, 0x8f, 0x7f,
    0x6b, 0x22, 0x0, 0x9e, 0xca, 0x74, 0x15, 0x97,
    0xc, 0xeb, 0x84, 0x14, 0x9e, 0x10, 0x2, 0x2,
    0xcd, 0xf7, 0x29, 0x80, 0x8c, 0x1e, 0xb7, 0xad,
    0x84, 0x3, 0xad, 0x90, 0x40, 0x3c, 0x70, 0xa4,
    0x1, 0xfc, 0xa6, 0x7c, 0x1, 0xff, 0xc5, 0xbc,
    0xce, 0xa0, 0xf, 0xfe, 0x23, 0xbe, 0x60, 0x10,
    0xc, 0x45, 0xf0, 0x7, 0x4c, 0x45, 0x60, 0x1c,
    0x7b, 0xbf, 0x70, 0x7, 0xff, 0x8, 0x51, 0x20,
    0x2, 0x22, 0x40, 0x3f, 0x8, 0x4, 0x20, 0xb7,
    0x70, 0x85, 0xd9, 0xc0, 0x37, 0x7f, 0xd8, 0x1,
    0xff, 0xc4, 0x30, 0x44, 0xf7, 0x3, 0x80, 0x80,
    0x7f, 0xf0, 0x2e, 0xfc, 0xa0, 0x40, 0x60, 0x1f,
    0xe1, 0x10, 0x7, 0xef, 0xe, 0x0, 0xfe, 0x10,
    0x20, 0xf, 0xca, 0x6, 0x1, 0xfc, 0xa0, 0xc0,
    0x1f, 0x8c, 0x14, 0x3, 0xf8, 0xc3, 0x40, 0x3e,
    0x60, 0x31, 0x0, 0xfe, 0xb0, 0x40, 0xf, 0xac,
    0x28, 0x3, 0xf8, 0x8c, 0x4c, 0x3, 0xd2, 0x44,
    0x60, 0xf, 0xe3, 0x34, 0x0, 0x78, 0x98, 0x24,
    0x3, 0x8c, 0x40, 0x21, 0xc6, 0x0, 0xf1, 0x4d,
    0xa0, 0x7, 0x67, 0x80, 0x40,

    /* U+6247 "扇" */
    0x0, 0xff, 0xec, 0x12, 0x34, 0xdf, 0xc8, 0x6,
    0x16, 0x78, 0x9a, 0xbc, 0xdf, 0xf6, 0xdc, 0xb2,
    0x10, 0x80, 0x6d, 0x98, 0x76, 0x55, 0x3, 0x2b,
    0x44, 0xde, 0xfe, 0xc0, 0x6, 0x10, 0xce, 0xff,
    0x76, 0x5d, 0x4b, 0xb2, 0x10, 0x7, 0xf6, 0x77,
    0xff, 0xff, 0x5, 0xc0, 0x3c, 0xef, 0xff, 0xc1,
    0x50, 0xd0, 0xf, 0x4c, 0x47, 0xff, 0x2, 0x40,
    0x3f, 0x4b, 0xbf, 0xff, 0x2, 0x40, 0x3f, 0x3c,
    0x47, 0xff, 0x1, 0x43, 0x40, 0x31, 0x87, 0x7f,
    0xff, 0xf0, 0x9c, 0x3, 0x8, 0x1b, 0xc4, 0x66,
    0x1, 0x78, 0x8e, 0x50, 0xe, 0x1a, 0x87, 0x7d,
    0x24, 0xb0, 0xef, 0xd4, 0x1, 0x10, 0x14, 0x66,
    0x3f, 0xca, 0x0, 0x4d, 0xaf, 0xf8, 0x80, 0x33,
    0x3, 0x4, 0x62, 0x81, 0x80, 0x4d, 0x52, 0x1,
    0xf1, 0x81, 0x5, 0x15, 0x8, 0x0, 0xc1, 0x21,
    0x88, 0x3, 0xda, 0x1a, 0x3, 0xec, 0x20, 0x1c,
    0xf0, 0x60, 0x1e, 0x40, 0x40, 0x3, 0x16, 0x80,
    0x71, 0x77, 0x1c, 0x3, 0x20, 0x98, 0xb6, 0xda,
    0x20, 0x2, 0x3b, 0xd6, 0x56, 0x0, 0xde, 0x16,
    0xb2, 0x4d, 0xb2, 0x0, 0x16, 0x44, 0x65, 0x8,
    0x4, 0x68, 0xc, 0xb3, 0xd2, 0xec, 0xa0, 0x5,
    0xfb, 0x35, 0x63, 0x0, 0x8, 0xa0, 0x41, 0x84,
    0x22, 0x4c, 0x80, 0x3a, 0xe4, 0x58, 0xb, 0x9c,
    0x3, 0xb7, 0x70, 0x7, 0x76, 0xf4, 0x80,

    /* U+624B "手" */
    0x0, 0xff, 0xe2, 0xa0, 0x80, 0x7f, 0xf0, 0x89,
    0x1e, 0x77, 0xef, 0xc4, 0x3, 0x2c, 0x4d, 0x5e,
    0x6f, 0xfb, 0x6e, 0x18, 0x88, 0xd6, 0x20, 0x1a,
    0xdd, 0x95, 0x8, 0x10, 0x1, 0x37, 0xbf, 0xb2,
    0xa0, 0x1d, 0xf9, 0xbd, 0xfd, 0xb6, 0x0, 0x64,
    0x20, 0xf, 0xe1, 0x32, 0x10, 0xf, 0xfe, 0xe5,
    0xe6, 0x7c, 0x0, 0xcc, 0xfc, 0x60, 0x1, 0x43,
    0x3f, 0x80, 0x6, 0x7f, 0x98, 0x0, 0x3f, 0xff,
    0x80, 0x1f, 0xff, 0x94, 0x3, 0xff, 0xef, 0x5f,
    0xff, 0xc0, 0xf, 0xff, 0xeb, 0xd2, 0x2f, 0xe0,
    0x1, 0x17, 0xf1, 0xbe, 0xef, 0xf0, 0x3, 0x77,
    0xfa, 0x0, 0x3f, 0xff, 0xe0, 0x1f, 0xfd, 0xc9,
    0xdd, 0xb8, 0x8, 0x3, 0xff, 0x87, 0x86, 0x44,
    0x4, 0xf0, 0xf, 0xf0,

    /* U+624D "才" */
    0x0, 0xff, 0xe0, 0xbc, 0x80, 0x7f, 0xf2, 0x25,
    0x88, 0x3, 0xff, 0xf8, 0x37, 0x99, 0xff, 0x8,
    0x7e, 0x67, 0x29, 0xa1, 0x9f, 0xfc, 0x0, 0x23,
    0x3e, 0xd2, 0xed, 0xdf, 0xd8, 0x1, 0xaf, 0x77,
    0xa0, 0x4, 0x8b, 0xf4, 0x2, 0x88, 0x31, 0x17,
    0x0, 0x7f, 0x9d, 0x6, 0xc0, 0x3f, 0xf8, 0xa9,
    0x1, 0x42, 0x1, 0xff, 0xc4, 0x3b, 0x8, 0x40,
    0xf, 0xfe, 0x21, 0x68, 0x33, 0x80, 0x7f, 0xf1,
    0xf, 0x5, 0x24, 0x3, 0xff, 0x88, 0x98, 0x29,
    0x60, 0x1f, 0xfc, 0x47, 0xb0, 0x4b, 0x0, 0xff,
    0xe1, 0x8d, 0xc0, 0x35, 0x80, 0x7f, 0xf0, 0xdb,
    0x90, 0x26, 0x40, 0x1f, 0xfc, 0x4e, 0x3, 0xc6,
    0x0, 0xff, 0xe2, 0xc6, 0x60, 0xc0, 0x3f, 0x84,
    0x3, 0xf8, 0xc0, 0x3c, 0x3d, 0xd7, 0x80, 0x8,
    0x3, 0xff, 0x84, 0x28, 0x23, 0x1d, 0x80, 0x7c,

    /* U+624E "扎" */
    0x0, 0xc2, 0xa0, 0x1e, 0x10, 0xf, 0xfe, 0xc,
    0x52, 0x0, 0x77, 0x58, 0x7, 0xff, 0x0, 0xc0,
    0x3c, 0x20, 0xc0, 0x1f, 0xfe, 0x82, 0xbc, 0xc2,
    0x4, 0xe5, 0xb0, 0x7, 0xff, 0x1, 0x90, 0xcc,
    0x20, 0x46, 0x9e, 0x1, 0xff, 0xc0, 0x4f, 0xf9,
    0x42, 0xbf, 0xd2, 0x1, 0xff, 0xc6, 0x10, 0xf,
    0xff, 0xaf, 0x67, 0xd8, 0x7, 0xff, 0x4, 0xde,
    0xd4, 0x14, 0xcb, 0x80, 0x3f, 0xf8, 0x9, 0x90,
    0x80, 0x7, 0xed, 0x50, 0xf, 0xfe, 0x2, 0x2b,
    0xe2, 0x86, 0x8, 0x7, 0xff, 0xe, 0xa0, 0xc0,
    0x3f, 0xfb, 0x50, 0xe0, 0x1f, 0xfc, 0x85, 0x90,
    0xf, 0xfe, 0x41, 0x98, 0x3, 0xfe, 0x10, 0x30,
    0xe, 0x21, 0x60, 0xf, 0xfe, 0x0, 0x8b, 0x73,
    0x38, 0x34, 0xe, 0xec, 0xa0, 0xe0, 0x1d, 0x44,
    0x43, 0x3c, 0x2c, 0xc0, 0x26, 0x42, 0x73, 0x0,
    0xe4, 0xdf, 0xff, 0x48, 0x0,

    /* U+6253 "打" */
    0x0, 0xd0, 0x60, 0x1f, 0xfc, 0x83, 0x79, 0x0,
    0xff, 0xe7, 0x34, 0xcf, 0xfc, 0xe0, 0x1f, 0xe9,
    0x66, 0xff, 0xa0, 0x40, 0x3f, 0xb2, 0xab, 0xa4,
    0x1, 0x55, 0x60, 0xbe, 0x63, 0x81, 0x33, 0x10,
    0x6a, 0xbc, 0xe0, 0x2a, 0xb1, 0x86, 0x99, 0x88,
    0x4, 0xcc, 0x80, 0x1f, 0xfc, 0x2a, 0xff, 0x58,
    0x2f, 0xfb, 0x0, 0x3f, 0xf8, 0xae, 0x1, 0xff,
    0xe5, 0x13, 0x0, 0xff, 0xe3, 0xbe, 0x76, 0x0,
    0x7f, 0xf0, 0x85, 0x67, 0x40, 0x8c, 0xa0, 0x3,
    0xff, 0x85, 0xb4, 0xc2, 0x7, 0xba, 0x70, 0xf,
    0xfe, 0x15, 0x2c, 0xd0, 0x31, 0x0, 0x7f, 0xf1,
    0x1a, 0x99, 0x80, 0x60, 0x1f, 0xfe, 0x11, 0x0,
    0xff, 0xf5, 0x98, 0x7, 0xea, 0xce, 0xf, 0x0,
    0xe4, 0xdd, 0xb0, 0x8, 0x3, 0xc4, 0x64, 0x8a,
    0x1, 0xcc, 0x64, 0x41, 0x3f, 0x0, 0xf4, 0x7f,
    0xac, 0x80, 0x38, 0xbb, 0xaf, 0xc3, 0x0, 0xe0,

    /* U+628A "把" */
    0x0, 0x88, 0x80, 0x1f, 0xfc, 0x9f, 0xc0, 0xf,
    0xfe, 0x49, 0x88, 0x6, 0xef, 0xff, 0xf6, 0x0,
    0x7f, 0x84, 0x40, 0x45, 0x0, 0x8, 0x82, 0x4,
    0x1, 0xff, 0xc0, 0x2d, 0xd6, 0x2, 0x6e, 0xb8,
    0x3, 0x25, 0x50, 0x42, 0xa4, 0x80, 0x3f, 0xf8,
    0x7c, 0xaa, 0x0, 0x2b, 0x38, 0x7, 0xff, 0xe,
    0xb7, 0x42, 0x1b, 0xca, 0x1, 0xff, 0xc4, 0x22,
    0x0, 0x8, 0x40, 0x3f, 0xfe, 0xeb, 0x50, 0x0,
    0x2e, 0xe7, 0x82, 0x77, 0x40, 0x1c, 0x70, 0x21,
    0x4a, 0x40, 0x10, 0x8c, 0x0, 0x11, 0x81, 0x0,
    0x19, 0x87, 0x0, 0x3e, 0x50, 0x0, 0xbf, 0xff,
    0xa8, 0x0, 0xa9, 0x22, 0x10, 0x60, 0x1f, 0xfc,
    0x49, 0xb6, 0x0, 0xff, 0xf9, 0xce, 0x80, 0x7f,
    0xf2, 0x54, 0x84, 0x3, 0xf0, 0x81, 0x8, 0x7,
    0xc4, 0x60, 0x20, 0x1f, 0xc6, 0x1d, 0xbb, 0xf8,
    0x18, 0x1, 0x78, 0x24, 0x1, 0xb9, 0x4, 0x8b,
    0xe1, 0x58, 0x0, 0x8c, 0xa4, 0x3, 0x15, 0xf7,
    0xff, 0xdd, 0x42, 0x0,

    /* U+62A5 "报" */
    0x0, 0x85, 0xc4, 0x3, 0xff, 0x8e, 0xf0, 0xc0,
    0x13, 0xdd, 0xff, 0x88, 0x3, 0xfd, 0x28, 0x9f,
    0xe5, 0x0, 0xff, 0xe0, 0x77, 0xff, 0x98, 0x4,
    0x3, 0xff, 0x80, 0x20, 0x1f, 0x8c, 0x1a, 0xee,
    0xa, 0xb9, 0x0, 0xff, 0x10, 0x30, 0x6a, 0x20,
    0x80, 0x91, 0x84, 0x3, 0x1c, 0x3b, 0xa1, 0x0,
    0xc2, 0xf7, 0x4e, 0xd, 0xbc, 0x20, 0x1c, 0xd1,
    0x7, 0x9, 0x0, 0x88, 0x9c, 0x1c, 0x42, 0x1,
    0xc7, 0xdd, 0xbd, 0x80, 0x3f, 0xf8, 0x35, 0x4b,
    0xb5, 0x55, 0x76, 0x70, 0xf, 0xc2, 0x1, 0x2a,
    0x91, 0x3e, 0x80, 0xf, 0x5e, 0xf1, 0x0, 0x2c,
    0x17, 0xbb, 0x58, 0x10, 0xb, 0x54, 0x1, 0x91,
    0xc, 0x0, 0x86, 0xa0, 0x23, 0x18, 0x28, 0x7c,
    0xa8, 0x82, 0x66, 0x88, 0x5, 0x21, 0x20, 0x15,
    0x5, 0x82, 0x1c, 0x38, 0x61, 0x80, 0x72, 0x8b,
    0x90, 0x21, 0x10, 0xc2, 0xb1, 0xf8, 0x3, 0xfa,
    0x3, 0x82, 0x42, 0x0, 0x3f, 0xf8, 0x6c, 0x66,
    0xc2, 0x35, 0x0, 0xff, 0xe2, 0x70, 0x18, 0x78,
    0x7, 0xff, 0x18, 0x40, 0xe, 0x1, 0xff, 0xc4,
    0x5d, 0x12, 0xb, 0x80, 0xe, 0x10, 0xf, 0x8a,
    0xe8, 0x23, 0x64, 0x1f, 0x95, 0xf3, 0x10, 0x4,
    0x1, 0xca, 0x88, 0xc7, 0x6, 0xd5, 0x13, 0x22,
    0x18, 0xb2, 0x80, 0x4a, 0x6f, 0xf6, 0x60, 0x11,
    0x57, 0xb0,

    /* U+62AB "披" */
    0x0, 0xc4, 0x60, 0x1f, 0xc8, 0x20, 0x1f, 0xee,
    0xd0, 0xf, 0xc7, 0x76, 0x0, 0xff, 0x8, 0x80,
    0x3f, 0xfc, 0xaf, 0xdf, 0xf6, 0x2, 0xf6, 0xe5,
    0xd0, 0x83, 0x55, 0x8, 0x2a, 0x47, 0x44, 0x78,
    0x2, 0x32, 0x45, 0x40, 0xa5, 0x50, 0x1, 0x59,
    0x44, 0x37, 0xb9, 0xa0, 0xbd, 0xd2, 0x3, 0x86,
    0x6e, 0x88, 0x37, 0x90, 0x3, 0xfc, 0x28, 0x24,
    0x0, 0x22, 0x0, 0x8, 0x40, 0x3f, 0xe2, 0x6,
    0x0, 0xff, 0xe1, 0xb8, 0x8, 0x9, 0x6c, 0x0,
    0x7f, 0xf0, 0x33, 0xfd, 0x60, 0x9f, 0xdc, 0xd6,
    0x0, 0xf9, 0xf4, 0x80, 0x32, 0x27, 0x84, 0xc,
    0x2, 0x38, 0x20, 0x82, 0x17, 0x5, 0x3, 0xbb,
    0xe0, 0x2, 0x80, 0x37, 0x1c, 0x1, 0x3c, 0x62,
    0x10, 0xe, 0x20, 0x13, 0xb, 0x0, 0x4c, 0x92,
    0x40, 0xc2, 0x4, 0x5, 0x1, 0x0, 0x1, 0x80,
    0x80, 0xa, 0xec, 0xc0, 0x18, 0x40, 0x81, 0xc9,
    0x94, 0x28, 0x64, 0x40, 0x3f, 0xca, 0x8, 0x0,
    0xf0, 0xab, 0x45, 0x60, 0xf, 0xfb, 0x3, 0xc0,
    0x5, 0x40, 0x85, 0x40, 0x1f, 0xfc, 0x5, 0x7,
    0x0, 0x1c, 0x0, 0xa, 0x40, 0x3f, 0xe5, 0x24,
    0x11, 0x4e, 0x13, 0xd8, 0xb7, 0x30, 0x4, 0x59,
    0x82, 0x20, 0x58, 0x75, 0xf3, 0x15, 0xc2, 0x7b,
    0xc, 0xfc, 0x1, 0x89, 0x94, 0x1, 0x32, 0x31,
    0xd6, 0xa0, 0x0, 0x67, 0x58, 0xb8,

    /* U+62B9 "抹" */
    0x0, 0xe1, 0x0, 0xff, 0xe5, 0x47, 0x10, 0x7,
    0xee, 0xb0, 0xf, 0xf8, 0x81, 0x80, 0x3f, 0xb,
    0x0, 0x7f, 0xf7, 0xe, 0x26, 0x70, 0x14, 0xcf,
    0x28, 0x1, 0xee, 0xc8, 0x11, 0x71, 0x2e, 0xcd,
    0x80, 0xc, 0xdd, 0x20, 0xb, 0x44, 0x8, 0x1a,
    0x2d, 0x6e, 0xec, 0x1, 0xdd, 0xec, 0x0, 0x67,
    0xf9, 0x42, 0xff, 0x40, 0x8b, 0x18, 0x19, 0x17,
    0x0, 0x7f, 0xfb, 0xca, 0xef, 0x80, 0xae, 0xf5,
    0x8, 0x7, 0xdb, 0x7c, 0xe8, 0x9c, 0x0, 0x44,
    0xca, 0x40, 0x12, 0x4a, 0x3, 0x21, 0x2f, 0xf7,
    0x28, 0x3, 0x6f, 0x73, 0xcc, 0x1, 0xf6, 0xc2,
    0xf, 0xd8, 0x0, 0x11, 0x40, 0x6, 0x81, 0x10,
    0x6, 0x66, 0x5a, 0x85, 0x88, 0x6, 0x82, 0x60,
    0x24, 0x54, 0x0, 0xe9, 0x92, 0x0, 0x7c, 0xae,
    0x50, 0x0, 0x90, 0xa1, 0x0, 0xff, 0xe0, 0x9d,
    0x7, 0x8, 0x0, 0xa0, 0x68, 0x3, 0xf8, 0x40,
    0x7, 0xa1, 0x26, 0x1, 0x9c, 0xd2, 0x40, 0x3f,
    0xcd, 0x82, 0xec, 0x1, 0xed, 0x16, 0x90, 0xf,
    0xe9, 0x6, 0x80, 0xf, 0x87, 0x41, 0xc0, 0x3e,
    0x30, 0xca, 0x90, 0xf, 0xe3, 0xef, 0x0, 0xaa,
    0xd4, 0x2, 0x35, 0x0, 0xff, 0x84, 0x40, 0x10,
    0xa0, 0xb0, 0x80, 0x7e, 0x27, 0x0, 0xf8,

    /* U+62CC "拌" */
    0x0, 0xff, 0xe8, 0x47, 0x88, 0x7, 0xee, 0xa0,
    0x8, 0x44, 0x1, 0xe2, 0x2, 0x0, 0x1e, 0xa0,
    0x0, 0x44, 0xe0, 0x16, 0x78, 0x7, 0xfc, 0x25,
    0x20, 0x1f, 0x21, 0x28, 0x7, 0xfc, 0x48, 0x4a,
    0x1, 0xee, 0xf, 0x0, 0xa2, 0xec, 0x81, 0xf6,
    0xc1, 0xe1, 0xc0, 0x1c, 0x2a, 0x48, 0x1, 0x2a,
    0x20, 0x40, 0xd3, 0x41, 0x5, 0xc0, 0x39, 0x82,
    0x0, 0x36, 0xff, 0x94, 0x33, 0xec, 0x1, 0x98,
    0x0, 0xe7, 0xb5, 0x0, 0xff, 0xe0, 0x15, 0xf6,
    0x63, 0x40, 0xb3, 0x11, 0x96, 0x40, 0x1f, 0xe1,
    0x43, 0x3c, 0x0, 0x33, 0xc8, 0x20, 0x1f, 0xe3,
    0xff, 0xdc, 0x5, 0xff, 0xc6, 0x1, 0xf2, 0x55,
    0x80, 0x7f, 0xf1, 0x4d, 0xdc, 0x10, 0xac, 0x1,
    0xff, 0xc4, 0xec, 0x82, 0x5, 0xbd, 0x0, 0xff,
    0xe2, 0x2a, 0x41, 0x84, 0xa2, 0xff, 0xf7, 0x1,
    0x7f, 0xf8, 0x42, 0xec, 0xec, 0x1, 0x32, 0x19,
    0xf0, 0x0, 0xcf, 0x94, 0x40, 0x3f, 0x1d, 0xe6,
    0x6d, 0x2, 0xcc, 0xea, 0x0, 0xff, 0xff, 0x80,
    0x7f, 0xf2, 0xca, 0xec, 0x80, 0x40, 0x1f, 0xfc,
    0x63, 0x64, 0x7, 0x10, 0xf, 0x84, 0x48, 0x1,
    0xf0,

    /* U+62D4 "拔" */
    0x0, 0xcb, 0x60, 0x1e, 0x3c, 0x10, 0xf, 0xfe,
    0x7, 0xa1, 0x80, 0x75, 0x9a, 0x80, 0x29, 0xc0,
    0x3f, 0xf9, 0x2d, 0x1a, 0x60, 0x1f, 0xfc, 0x7c,
    0x82, 0xc6, 0x0, 0xff, 0xe0, 0x88, 0x7, 0x3e,
    0x8f, 0x80, 0xd, 0x9a, 0xb, 0x63, 0x1, 0x10,
    0x4, 0x23, 0x8f, 0xe0, 0x1, 0xb3, 0x23, 0x7,
    0x9f, 0xde, 0xe3, 0x5, 0xf7, 0x7d, 0x41, 0xb5,
    0x43, 0x8, 0xae, 0xa4, 0x40, 0x82, 0x27, 0xec,
    0x3, 0x55, 0x30, 0x22, 0x93, 0xdd, 0x88, 0x22,
    0xef, 0xe6, 0x0, 0xff, 0xe0, 0x8, 0x20, 0x6,
    0x97, 0x0, 0xfe, 0x12, 0x0, 0x88, 0x30, 0x2,
    0x16, 0xc0, 0xf, 0xdd, 0xcd, 0x0, 0x10, 0x1,
    0x4, 0x0, 0x80, 0x60, 0x11, 0x3e, 0x28, 0x10,
    0x38, 0x1, 0xc1, 0x81, 0x80, 0x18, 0x18, 0x1,
    0x6c, 0x18, 0x2, 0x3e, 0x0, 0x18, 0x14, 0x54,
    0x0, 0x70, 0x40, 0x8, 0xd2, 0x90, 0x10, 0x3,
    0x20, 0x1d, 0x12, 0xa8, 0x54, 0x3, 0x65, 0xa8,
    0x80, 0x71, 0x11, 0x41, 0x82, 0xe0, 0x38, 0x3,
    0xff, 0x83, 0x61, 0xe0, 0x2e, 0x24, 0x44, 0x0,
    0xff, 0xe0, 0xb, 0xa, 0x80, 0x24, 0x1, 0x60,
    0x1f, 0xfc, 0x1b, 0x8, 0x0, 0xac, 0x1, 0x2,
    0x1, 0xff, 0x32, 0x9b, 0x0, 0xda, 0x93, 0xe,
    0x10, 0x7, 0xf3, 0x48, 0xf0, 0x37, 0xa2, 0x36,
    0x54, 0xb1, 0x80, 0x5, 0x76, 0x40, 0x2e, 0x1d,
    0x20, 0xa0, 0xab, 0x0, 0x53, 0x8c, 0xe0, 0x1b,
    0x20, 0x40, 0xc7, 0x18, 0x3, 0x39, 0x40, 0x34,
    0x62, 0x58,

    /* U+62E9 "择" */
    0x0, 0x84, 0xc0, 0x3f, 0xf9, 0x35, 0x82, 0x1,
    0xf8, 0x47, 0x80, 0x3e, 0x70, 0x30, 0x3, 0x7f,
    0xf7, 0x77, 0x7b, 0x0, 0x7f, 0x95, 0x0, 0x8,
    0x9e, 0x0, 0x10, 0x7, 0xf8, 0xee, 0x0, 0xee,
    0xf1, 0x82, 0xa0, 0x1, 0xee, 0xc4, 0x1d, 0x70,
    0x0, 0x73, 0x78, 0x0, 0x43, 0x9d, 0x0, 0x58,
    0x88, 0x10, 0x34, 0x40, 0x5, 0xa4, 0xf7, 0x8e,
    0x78, 0x1, 0xaf, 0xfc, 0x61, 0xbf, 0x80, 0x10,
    0xe0, 0xa1, 0xa6, 0x0, 0x7f, 0xf1, 0xe, 0x84,
    0x0, 0x92, 0x20, 0x1f, 0xfc, 0x1, 0x6b, 0xc4,
    0x46, 0xd0, 0xb7, 0x52, 0x80, 0x7f, 0x17, 0x4a,
    0x22, 0xec, 0x4b, 0xce, 0x2b, 0x5c, 0x1, 0xe5,
    0xa5, 0x88, 0x6d, 0xa0, 0xeb, 0x84, 0x75, 0x35,
    0x0, 0x12, 0x8, 0x21, 0x7d, 0xdc, 0x40, 0x2,
    0x26, 0x0, 0x4b, 0x28, 0x1b, 0x6e, 0x21, 0x1d,
    0x1, 0xbf, 0xf6, 0x2, 0x7f, 0xe1, 0x0, 0x22,
    0xd1, 0x82, 0x88, 0x1, 0x51, 0x30, 0xa, 0x24,
    0xc2, 0x0, 0x9a, 0x50, 0xf, 0x45, 0xdd, 0x0,
    0xb7, 0x74, 0x80, 0x7f, 0xf5, 0x4b, 0xff, 0xb0,
    0x13, 0xff, 0xb0, 0x3, 0xf1, 0x2a, 0x26, 0x30,
    0x14, 0x4f, 0x0, 0x7f, 0x55, 0xde, 0xf0, 0x5b,
    0xbe, 0x80, 0xf, 0x18, 0x7, 0xff, 0x14, 0x73,
    0x4c, 0x4, 0x3, 0xff, 0x8a, 0x20, 0x44, 0x90,
    0xf, 0xc4, 0x26, 0x1, 0xf0,

    /* U+6301 "持" */
    0x0, 0xc6, 0x60, 0xf, 0xe3, 0x20, 0xf, 0xfb,
    0xb4, 0x3, 0xfb, 0x24, 0x3, 0xfe, 0x31, 0x0,
    0xfc, 0x20, 0xe0, 0x1f, 0xfc, 0x45, 0x66, 0xce,
    0x2, 0xcd, 0xc6, 0x1, 0xfc, 0x95, 0x33, 0xc0,
    0x53, 0x3d, 0x80, 0x7, 0xaa, 0x8, 0x54, 0xb4,
    0xcf, 0x40, 0x14, 0xcf, 0x58, 0x2, 0x55, 0x40,
    0x5, 0x66, 0xfc, 0x2, 0xcd, 0xc8, 0x0, 0xed,
    0xd0, 0x86, 0xf2, 0x0, 0x7f, 0xf1, 0x48, 0x80,
    0x2, 0x10, 0x5, 0x66, 0x5a, 0x7, 0x99, 0xa0,
    0x3, 0xff, 0x80, 0x86, 0x78, 0x0, 0x67, 0xc0,
    0x1f, 0xfc, 0xe, 0xff, 0xfa, 0xa7, 0xec, 0x3,
    0xf5, 0x69, 0x80, 0x7f, 0x5c, 0x80, 0x71, 0x3e,
    0x8, 0x28, 0xb, 0xcc, 0xfe, 0x10, 0x99, 0x28,
    0x3, 0x60, 0xc0, 0x1b, 0xa2, 0x86, 0x6f, 0xc0,
    0x6, 0x64, 0x80, 0x11, 0xb4, 0x40, 0x80, 0x1d,
    0xbb, 0xf8, 0x43, 0x75, 0x80, 0xb, 0x92, 0x0,
    0xe1, 0x28, 0x52, 0x2e, 0x0, 0x11, 0x0, 0x3f,
    0xf8, 0x2f, 0x6, 0x1, 0xff, 0xc9, 0xe0, 0xe0,
    0xf, 0xfe, 0x49, 0xb1, 0x40, 0x7, 0xff, 0x8,
    0x40, 0x3d, 0x2f, 0x40, 0x1f, 0xe2, 0xbc, 0x13,
    0x0, 0xfa, 0xa, 0x26, 0x42, 0x20, 0xe, 0x36,
    0x32, 0x90, 0xf, 0xe5, 0x66, 0x4, 0x80, 0x70,
    0xef, 0xea, 0x0, 0x7f, 0x6e, 0x6f, 0xb8, 0x6,

    /* U+6307 "指" */
    0x0, 0xcb, 0xc6, 0x1, 0x3e, 0x0, 0x7f, 0xf0,
    0xf4, 0x54, 0x2, 0xc3, 0x20, 0xf, 0xfe, 0x55,
    0x33, 0x7e, 0x40, 0xf, 0xfe, 0xb, 0xcc, 0xfe,
    0xa0, 0x4, 0x66, 0x18, 0x2f, 0x28, 0x2, 0xce,
    0xef, 0xe0, 0x2, 0x19, 0x84, 0x8, 0xd0, 0x2,
    0x11, 0xfe, 0x0, 0xb3, 0xfc, 0xe1, 0x3f, 0xc0,
    0x10, 0x80, 0x7f, 0xf2, 0xc, 0x3a, 0x66, 0xaa,
    0xae, 0xe5, 0x0, 0xff, 0x4a, 0x13, 0x34, 0xab,
    0x22, 0x58, 0x1, 0xfe, 0x1b, 0xfe, 0xe7, 0xff,
    0xd2, 0x1, 0xec, 0xbf, 0x20, 0x8, 0x44, 0x1,
    0xfe, 0x48, 0x50, 0x54, 0x13, 0x7f, 0xff, 0xf5,
    0x0, 0x3e, 0xdc, 0x81, 0x73, 0x87, 0x40, 0xd5,
    0x7c, 0x80, 0x80, 0x7, 0x6a, 0x60, 0xf3, 0x0,
    0x8, 0x75, 0x57, 0xac, 0x3, 0x44, 0xa8, 0x80,
    0x7f, 0xf3, 0x4, 0x3, 0xa2, 0x67, 0xe0, 0xf,
    0xfe, 0x1a, 0xb3, 0x7c, 0x1, 0xf0, 0x80, 0x7d,
    0xbf, 0xff, 0x0, 0x7f, 0x38, 0x7, 0xff, 0x76,
    0xad, 0xc0, 0x38, 0x43, 0xae, 0xfd, 0x80, 0x1c,
    0x28, 0xc, 0x60, 0x16, 0x9, 0x2a, 0xf8, 0x85,
    0xc0,

    /* U+6309 "按" */
    0x0, 0xc4, 0xa0, 0x1f, 0x85, 0x0, 0x3f, 0xf8,
    0x1d, 0x42, 0x1, 0xf4, 0x5a, 0x80, 0x7f, 0xf2,
    0x70, 0x38, 0x3, 0xff, 0x88, 0x6e, 0xfb, 0x41,
    0x1d, 0xf8, 0xc0, 0x3f, 0xdd, 0x11, 0x9c, 0x1,
    0x11, 0xde, 0x0, 0x8b, 0xb1, 0x86, 0xda, 0x0,
    0x2e, 0xff, 0xa8, 0x4, 0x0, 0xa8, 0x80, 0x1,
    0xa6, 0x0, 0x11, 0xb, 0xc4, 0x89, 0x94, 0x3,
    0x6f, 0xf8, 0xc3, 0x7e, 0x0, 0x40, 0xc, 0xbe,
    0x1, 0xe1, 0x0, 0xf8, 0xc0, 0x1d, 0xa0, 0xa,
    0xd, 0x0, 0xa5, 0x73, 0xc0, 0x3f, 0xc6, 0x60,
    0x22, 0xa, 0x0, 0x11, 0xb8, 0xcc, 0x1, 0xfc,
    0x77, 0x77, 0x80, 0x2e, 0xe9, 0x5, 0xba, 0x0,
    0xfe, 0x94, 0x48, 0x80, 0x51, 0x22, 0x1, 0x44,
    0x8, 0x7, 0xb7, 0xd7, 0xfd, 0x20, 0xbf, 0xf8,
    0x43, 0x7f, 0x84, 0xe, 0x34, 0xc0, 0xcd, 0x40,
    0xb, 0x9, 0x0, 0x88, 0x44, 0x40, 0x1b, 0x1c,
    0x80, 0x19, 0x85, 0x5, 0x24, 0x30, 0xa, 0xc1,
    0x80, 0x3a, 0x6b, 0xcc, 0x8, 0x2, 0xc0, 0x57,
    0x0, 0xb, 0x5, 0x0, 0x73, 0x28, 0x7, 0xd2,
    0xe3, 0x1c, 0xd4, 0xa, 0x40, 0x1f, 0xfc, 0x38,
    0xe6, 0x19, 0x40, 0xb0, 0xf, 0xfe, 0x28, 0xc2,
    0x0, 0x5a, 0x60, 0x1f, 0xfc, 0x32, 0x8f, 0x41,
    0x71, 0x3c, 0xa1, 0x0, 0xff, 0x24, 0xee, 0x9c,
    0x5f, 0xe3, 0xa4, 0x57, 0x94, 0x0, 0x77, 0x63,
    0x1, 0xc, 0x62, 0x49, 0xf8, 0x10, 0x3, 0x73,
    0x88, 0x80, 0x4, 0xc8, 0x52, 0x0, 0x8e, 0xfb,
    0x60, 0xf, 0xa3, 0x90, 0x0,

    /* U+631E "挞" */
    0x0, 0x98, 0xc0, 0x3f, 0xe7, 0x30, 0xf, 0x86,
    0x60, 0x3, 0xfc, 0x31, 0x0, 0xf, 0xfe, 0x1,
    0x59, 0x0, 0x7f, 0xf2, 0x53, 0xc0, 0x3f, 0xf9,
    0x4, 0xe5, 0x0, 0x1f, 0xfc, 0x3, 0xaa, 0x2,
    0xdb, 0x84, 0x13, 0x0, 0x7f, 0xf0, 0x11, 0x50,
    0x5, 0x28, 0x1, 0x9e, 0x13, 0x76, 0xa0, 0x5b,
    0xb5, 0x28, 0x3e, 0xe0, 0x1e, 0xe8, 0x0, 0x22,
    0x26, 0x44, 0x80, 0x51, 0xb, 0xc0, 0x2, 0x20,
    0x39, 0x0, 0x71, 0x65, 0x51, 0xc1, 0x6a, 0xb0,
    0x7, 0xeb, 0xff, 0x70, 0x1a, 0xab, 0xc1, 0xd5,
    0x61, 0x0, 0xfd, 0x86, 0x2, 0x20, 0xb, 0x80,
    0x98, 0x3, 0xf3, 0xc3, 0xbb, 0x10, 0x3, 0x90,
    0x1, 0x0, 0x1c, 0x72, 0x6, 0xfa, 0x1, 0xf0,
    0x92, 0x38, 0xb8, 0x5, 0x18, 0xe0, 0x57, 0x40,
    0x1f, 0x30, 0x64, 0x84, 0x80, 0x5a, 0x92, 0xc,
    0x80, 0x1f, 0xa4, 0x18, 0x5c, 0x58, 0x0, 0xb6,
    0xe0, 0x1f, 0xe7, 0x16, 0x10, 0x90, 0xb0, 0xf,
    0xfe, 0x11, 0xc0, 0x40, 0x0, 0x54, 0x8c, 0x3,
    0xff, 0x83, 0x1, 0x42, 0x1, 0x70, 0x30, 0x7,
    0xf9, 0x81, 0x66, 0x94, 0x3, 0x25, 0xa8, 0x7,
    0xe2, 0xe2, 0xb, 0xb3, 0x80, 0x79, 0x0, 0x2,
    0xf2, 0x2, 0x0, 0xf1, 0x6a, 0x36, 0xdd, 0x5d,
    0x56, 0xbc, 0x23, 0x97, 0x38, 0x0, 0x33, 0xca,
    0xe5, 0xa9, 0xa2, 0xae, 0x41, 0x22, 0x77, 0xe1,
    0x0, 0x2e, 0x0, 0x24, 0xae, 0xfe, 0xed, 0xfa,
    0x0,

    /* U+6362 "换" */
    0x0, 0x9d, 0x80, 0x3c, 0x30, 0x40, 0x1f, 0xf4,
    0x58, 0x7, 0xad, 0xdc, 0x1, 0xfe, 0x10, 0xf,
    0x89, 0x43, 0x26, 0x55, 0x45, 0x0, 0xff, 0xe0,
    0xf0, 0x1, 0x9a, 0x55, 0x50, 0x80, 0x7f, 0xce,
    0x6d, 0xbb, 0x90, 0x18, 0x40, 0xf, 0x9a, 0x5,
    0x94, 0xd, 0x7, 0x24, 0x53, 0xa1, 0xc8, 0x5,
    0xa6, 0x60, 0x1, 0xa3, 0x48, 0x3c, 0x46, 0xa0,
    0x68, 0x60, 0x5, 0x7f, 0x1, 0x77, 0xc, 0x0,
    0x8e, 0xf8, 0x0, 0xaf, 0x22, 0x1, 0xe1, 0x5,
    0xb0, 0x6f, 0xf4, 0x4, 0x7f, 0x88, 0x3, 0xff,
    0x82, 0x20, 0xf, 0x1, 0x0, 0x8, 0x7, 0xff,
    0x10, 0x40, 0xc0, 0x3f, 0xc7, 0x7e, 0x40, 0x1f,
    0x8, 0x7, 0xcb, 0x0, 0x28, 0x1, 0xf1, 0x83,
    0x80, 0x7b, 0x69, 0x80, 0xb, 0x84, 0x20, 0x23,
    0x30, 0x38, 0x8c, 0x4, 0x8, 0x6e, 0x5, 0x47,
    0xd4, 0xd, 0xdc, 0x30, 0xbe, 0xe1, 0x6, 0x54,
    0xe4, 0x80, 0x68, 0x66, 0xc6, 0x0, 0x16, 0x6e,
    0xe0, 0xf, 0x9a, 0x67, 0x8, 0x8, 0xae, 0x67,
    0x20, 0x7, 0xfd, 0x44, 0xda, 0x1c, 0x1, 0xff,
    0xc2, 0x1a, 0x54, 0x93, 0x63, 0xb0, 0xf, 0xfe,
    0x2, 0xfa, 0xa5, 0x80, 0x25, 0x11, 0x60, 0x1f,
    0xcb, 0xb4, 0x33, 0x60, 0x1a, 0xcd, 0x39, 0x0,
    0x77, 0xc1, 0x82, 0x4d, 0xf9, 0x80, 0x3d, 0x8a,
    0x37, 0x61, 0x18, 0xa0, 0x33, 0xa0, 0x40, 0x3f,
    0x55, 0xa7, 0x0,

    /* U+636E "据" */
    0x0, 0xd0, 0x80, 0x1f, 0xfc, 0x97, 0xe0, 0x8,
    0xa6, 0xab, 0xfa, 0x58, 0x3, 0x8, 0x7, 0x5b,
    0x2a, 0xff, 0x34, 0x80, 0x7f, 0xf0, 0x2f, 0xbb,
    0xf0, 0x80, 0x7f, 0xf0, 0x58, 0x47, 0xf0, 0x6,
    0x7a, 0xb0, 0x4a, 0xa1, 0x0, 0x7f, 0xf0, 0xe9,
    0x54, 0x2, 0xaa, 0x40, 0x7, 0x5d, 0xfe, 0x10,
    0xb, 0x31, 0x60, 0x99, 0xac, 0x0, 0x34, 0x4f,
    0xc0, 0x80, 0x1, 0x35, 0x1, 0x32, 0x0, 0xb7,
    0xfe, 0xe0, 0x3f, 0xfa, 0xc0, 0x3f, 0xfa, 0x62,
    0x6, 0x11, 0x55, 0x58, 0x15, 0x56, 0x60, 0xe,
    0x7b, 0xe5, 0x0, 0x2a, 0xf0, 0xa, 0xae, 0xb0,
    0x2, 0x40, 0x12, 0x0, 0x88, 0x3b, 0xfe, 0xe0,
    0x3f, 0xfd, 0xa1, 0xd6, 0xc0, 0x53, 0xc8, 0xc2,
    0x20, 0xf, 0xfe, 0x1, 0x24, 0x83, 0xb0, 0x81,
    0x18, 0x7, 0xff, 0x7, 0x2d, 0xc0, 0x30, 0x83,
    0xbb, 0xfe, 0xe0, 0x3f, 0xfb, 0x40, 0x3f, 0x90,
    0x37, 0x81, 0x59, 0xbc, 0x24, 0x20, 0x1f, 0xbc,
    0xc, 0x1, 0x73, 0x3e, 0x50, 0xf, 0xe1, 0x50,
    0x40, 0xf, 0xfe, 0x3c, 0x82, 0x80, 0x7f, 0xf0,
    0x93, 0x34, 0xc, 0x18, 0x24, 0x2, 0xab, 0xbf,
    0x28, 0x4, 0xc4, 0x66, 0xb0, 0x26, 0x30, 0xf0,
    0x44, 0xf8, 0x4c, 0x40,

    /* U+6389 "掉" */
    0x0, 0x8c, 0x80, 0x3f, 0x9, 0x80, 0x7f, 0xb7,
    0xc0, 0x3f, 0x46, 0x10, 0x7, 0xf0, 0x98, 0x7,
    0xe3, 0x9, 0xaa, 0xd2, 0x80, 0x1f, 0xfc, 0x34,
    0x55, 0xcd, 0xa0, 0x1f, 0xfc, 0x3b, 0xff, 0xe9,
    0x6a, 0xa0, 0xd, 0x50, 0x80, 0x3e, 0x70, 0xf,
    0x5a, 0xa8, 0x0, 0xaa, 0x44, 0x4c, 0xe7, 0x9,
    0x9d, 0x0, 0xc, 0xbb, 0x0, 0xde, 0x34, 0x33,
    0x62, 0x5, 0x66, 0x9d, 0x40, 0x51, 0x0, 0x4,
    0x30, 0xb, 0xff, 0xf3, 0x80, 0x7f, 0xf0, 0x44,
    0x3, 0xff, 0x93, 0xdf, 0xff, 0x38, 0x7, 0xe6,
    0xb5, 0x0, 0x44, 0x7e, 0x40, 0xc, 0x6e, 0x3,
    0x28, 0x1, 0x3b, 0xfe, 0x30, 0xb, 0x31, 0x0,
    0x8, 0xd5, 0x0, 0x3b, 0xfe, 0x40, 0x9, 0x8e,
    0x0, 0x5c, 0x81, 0x82, 0x23, 0xf1, 0x83, 0x5,
    0x63, 0x80, 0x75, 0x77, 0x65, 0xa, 0xee, 0xc6,
    0x1, 0xfe, 0x11, 0xc0, 0x1, 0x1e, 0x0, 0xfc,
    0x5f, 0xfe, 0x50, 0xbf, 0xfe, 0xd0, 0xf, 0x1a,
    0xa2, 0x70, 0x81, 0xa2, 0x75, 0x0, 0x78, 0x6a,
    0xef, 0x90, 0x22, 0xef, 0x9c, 0x3, 0xff, 0x94,
    0xd7, 0x80, 0x40, 0x1f, 0xfc, 0x53, 0x53, 0x28,
    0x0, 0xfc, 0x40, 0xc0, 0x1e, 0x5e, 0xfd, 0x40,
    0xf, 0xd1, 0xc4, 0x1, 0xe0,

    /* U+6392 "排" */
    0x0, 0xff, 0xe8, 0x5e, 0x80, 0x79, 0xf8, 0x0,
    0x3c, 0xe0, 0x1f, 0xca, 0x40, 0x1e, 0xd1, 0x10,
    0x10, 0xe8, 0x7, 0xff, 0x64, 0x55, 0x9a, 0x0,
    0xe6, 0x69, 0x48, 0x1, 0x17, 0x61, 0xb, 0xab,
    0xa9, 0x91, 0x80, 0x71, 0xcc, 0xaa, 0x40, 0xa,
    0x88, 0x0, 0x22, 0xfd, 0x54, 0x60, 0x1c, 0x75,
    0x54, 0x80, 0x37, 0xfc, 0x21, 0xfe, 0x55, 0xcc,
    0x1, 0xcc, 0xab, 0x10, 0x7, 0xff, 0x54, 0x66,
    0x67, 0x0, 0xe7, 0x99, 0x8c, 0x3, 0xf2, 0xa3,
    0x34, 0x40, 0x1c, 0x4c, 0xd2, 0x0, 0x61, 0x0,
    0x7d, 0xf, 0x6e, 0x90, 0x3, 0x93, 0x76, 0x70,
    0x3, 0x67, 0x8, 0xb, 0x20, 0x91, 0x0, 0x2,
    0x1, 0x9, 0x14, 0x0, 0x19, 0x31, 0x0, 0x74,
    0x80, 0x67, 0x0, 0xff, 0x86, 0xaf, 0x84, 0x3,
    0x85, 0x8c, 0x40, 0x3f, 0xe5, 0x40, 0xe, 0x5a,
    0xe9, 0x2, 0x0, 0xcb, 0xff, 0x84, 0x3, 0xe1,
    0xa5, 0x16, 0x5, 0x0, 0xc2, 0x89, 0x28, 0x80,
    0x7c, 0x35, 0x7d, 0xa1, 0x80, 0x19, 0x2e, 0xea,
    0x0, 0xfe, 0x54, 0xf, 0x4, 0x0, 0xff, 0xe4,
    0x2a, 0x28, 0x80, 0x7f, 0xf1, 0xd6, 0x82, 0xc0,
    0x3f, 0xf8, 0x7, 0x76, 0x12, 0x0, 0x2d, 0x5,
    0x88, 0x7, 0xff, 0x0, 0x59, 0xa, 0x40, 0xe,
    0x98, 0x80, 0x18, 0x87, 0x40, 0x38,

    /* U+63A2 "探" */
    0x0, 0x8c, 0x40, 0x3f, 0xf9, 0x19, 0x40, 0x1f,
    0xfc, 0x97, 0x0, 0x37, 0xff, 0xff, 0x3, 0x80,
    0x3f, 0x78, 0x1a, 0xaf, 0xf0, 0x9, 0x0, 0x7f,
    0x7d, 0x62, 0x5d, 0x3, 0x55, 0xc, 0x0, 0x73,
    0x20, 0x29, 0x41, 0x1, 0xd, 0x10, 0x3, 0x90,
    0x1, 0xc0, 0xed, 0x98, 0x2, 0xdd, 0x36, 0x42,
    0xa2, 0x20, 0xe, 0xad, 0x18, 0xdd, 0x1, 0xed,
    0xa, 0x5, 0x8b, 0x0, 0x42, 0x0, 0x12, 0x0,
    0x11, 0x0, 0x4, 0x0, 0x5c, 0x53, 0x80, 0x3,
    0x87, 0x7f, 0xca, 0x1, 0xf5, 0x50, 0xd7, 0x0,
    0x28, 0x55, 0x22, 0xa9, 0x80, 0x3e, 0xba, 0xea,
    0x0, 0x4d, 0x15, 0x5d, 0xaa, 0x86, 0x1, 0x86,
    0xe4, 0x54, 0x40, 0x27, 0x50, 0xf, 0xc9, 0x40,
    0x48, 0x2b, 0x57, 0x78, 0x42, 0xef, 0xa8, 0xea,
    0xd4, 0xb, 0x63, 0x15, 0x13, 0x0, 0x11, 0x39,
    0x53, 0x12, 0x80, 0x48, 0x27, 0xfe, 0x90, 0xc,
    0xff, 0xf9, 0xda, 0xd4, 0x3, 0xe1, 0x81, 0x0,
    0x1b, 0xa0, 0x7, 0xff, 0xb, 0x46, 0xc4, 0x38,
    0x2c, 0xc0, 0x3f, 0xe1, 0xc3, 0x65, 0x0, 0x15,
    0x86, 0x20, 0x7, 0xf1, 0xe1, 0xa4, 0x80, 0x64,
    0xa0, 0xb7, 0x0, 0xf9, 0xb0, 0x96, 0xc0, 0x3c,
    0xb6, 0x11, 0x45, 0x98, 0x6, 0x5, 0x4a, 0xa0,
    0x7, 0xe4, 0xd6, 0x93, 0x13, 0x29, 0x3, 0xb5,
    0x0, 0xff, 0x14, 0x98, 0xef, 0xe9, 0x80, 0x7e,
    0x53, 0x0, 0xf8,

    /* U+63A5 "接" */
    0x0, 0xc6, 0x60, 0xf, 0xc2, 0xa2, 0x1, 0xff,
    0x6f, 0x0, 0x7e, 0x7a, 0xa0, 0x7, 0xfc, 0x20,
    0x1e, 0x11, 0x9c, 0x11, 0x2, 0x30, 0x7, 0xff,
    0x1, 0xff, 0xbb, 0x0, 0x2f, 0xba, 0xf3, 0x0,
    0xff, 0x2b, 0xb9, 0x9d, 0xfc, 0xcf, 0x6, 0x0,
    0x8b, 0xb0, 0x15, 0xd8, 0xca, 0x3d, 0xb2, 0x23,
    0x13, 0x53, 0x80, 0x4a, 0x88, 0x0, 0x22, 0x18,
    0x0, 0xa1, 0x20, 0x11, 0xa9, 0x90, 0x6, 0xdf,
    0xf0, 0x17, 0xf9, 0x40, 0x4, 0xe4, 0x60, 0x9,
    0x8, 0x0, 0xff, 0xe0, 0xc4, 0xc8, 0x86, 0xa6,
    0x4a, 0x1b, 0x32, 0x40, 0xf, 0xe1, 0x76, 0x62,
    0x8b, 0x34, 0x0, 0x66, 0xbc, 0x3, 0xf8, 0x7b,
    0x77, 0x4e, 0xef, 0xba, 0xc0, 0x3c, 0x6d, 0x22,
    0x22, 0x29, 0x65, 0x8, 0xa0, 0x0, 0x80, 0x63,
    0x70, 0x19, 0x63, 0x0, 0x86, 0x1, 0xc0, 0x2c,
    0xd0, 0x8, 0x7b, 0x20, 0x0, 0xfa, 0xff, 0xf7,
    0x0, 0x3b, 0xfe, 0x10, 0xfe, 0x1, 0x45, 0x90,
    0x28, 0x27, 0x65, 0x30, 0x15, 0x5c, 0x40, 0x6a,
    0xc0, 0xa, 0xa3, 0x0, 0x62, 0x9a, 0x0, 0x55,
    0x71, 0x86, 0xd4, 0x0, 0x7f, 0xcc, 0x66, 0x40,
    0x9, 0xc5, 0x44, 0x3, 0xff, 0x82, 0x20, 0x7d,
    0x4, 0x90, 0x10, 0x1, 0xff, 0xc2, 0x7d, 0x70,
    0x7d, 0xb0, 0x92, 0x0, 0xff, 0xe1, 0x94, 0x61,
    0x0, 0x5a, 0x60, 0x1f, 0xfc, 0x21, 0x5a, 0xd2,
    0x17, 0x24, 0xcb, 0x20, 0x8, 0xf3, 0x0, 0x20,
    0x1, 0xde, 0xa5, 0x7, 0xf8, 0xd9, 0x14, 0xd3,
    0x0, 0x10, 0x99, 0x40, 0x0, 0x58, 0x9a, 0xbe,
    0x4, 0x0, 0xdc, 0xea, 0x60,

    /* U+63A7 "控" */
    0x0, 0xca, 0x60, 0x1f, 0x94, 0x80, 0x3f, 0xf8,
    0x15, 0xc0, 0x1f, 0xd, 0x78, 0x7, 0xff, 0x24,
    0x50, 0x94, 0x3, 0xff, 0x86, 0x57, 0x99, 0x98,
    0x2f, 0x33, 0x5b, 0x0, 0x7f, 0x22, 0xc, 0x88,
    0x64, 0x22, 0x33, 0x11, 0xa5, 0x80, 0x1a, 0xa8,
    0x5, 0x52, 0x0, 0xae, 0xe0, 0x17, 0x58, 0x47,
    0x78, 0x6, 0xb5, 0x50, 0x1, 0x5b, 0x80, 0x40,
    0x41, 0x80, 0x2f, 0x0, 0x8, 0x80, 0x1b, 0xb0,
    0x16, 0xf4, 0xc2, 0x3, 0x86, 0x0, 0x7b, 0x78,
    0x2, 0x22, 0x0, 0x8, 0x44, 0xe0, 0x36, 0xa,
    0x1, 0x8, 0x0, 0xc8, 0x3, 0xfe, 0x3d, 0x27,
    0x20, 0x70, 0x57, 0x88, 0x20, 0x7, 0xfa, 0xb0,
    0xda, 0x0, 0x6, 0x74, 0x3b, 0xb8, 0x3, 0xf2,
    0xf, 0x46, 0xc8, 0x6, 0xcf, 0xef, 0xf5, 0x0,
    0x62, 0x2, 0xfb, 0x64, 0x72, 0x0, 0xf8, 0x40,
    0x39, 0xf7, 0x40, 0x1, 0x66, 0x25, 0xdf, 0xfc,
    0xe0, 0x14, 0x11, 0x0, 0xba, 0x44, 0xd1, 0x3f,
    0xec, 0x0, 0xaf, 0x34, 0x3, 0x9f, 0xff, 0x40,
    0x47, 0xfe, 0xb0, 0x9, 0xc, 0x3, 0xff, 0x82,
    0x20, 0x1f, 0xff, 0xf0, 0xf, 0xfe, 0x5, 0x66,
    0x75, 0x5, 0xe6, 0x74, 0x80, 0xe, 0xf0, 0x18,
    0x0, 0x86, 0x7c, 0x40, 0x46, 0x7c, 0x80, 0x2,
    0x63, 0x34, 0x0, 0x3b, 0xff, 0xff, 0x83, 0xa0,

    /* U+63D0 "提" */
    0x0, 0xc4, 0x20, 0x1f, 0xfc, 0xad, 0xa0, 0xc,
    0xd1, 0x1f, 0xce, 0x1, 0xf9, 0xc0, 0x34, 0xbb,
    0xff, 0x41, 0x0, 0x7f, 0xc2, 0xb, 0xff, 0xf2,
    0x80, 0x80, 0x7f, 0xf0, 0x59, 0xbf, 0x80, 0x39,
    0xea, 0x80, 0x55, 0x22, 0x0, 0x39, 0x9f, 0x8c,
    0x3, 0xa5, 0x54, 0x2, 0xac, 0xa0, 0x5, 0xff,
    0xf9, 0x40, 0x3b, 0x2e, 0x80, 0xaf, 0x10, 0x0,
    0x20, 0x1f, 0x8, 0x7, 0x12, 0x28, 0xa, 0x18,
    0x8, 0x27, 0xff, 0xc8, 0x2, 0x1, 0xff, 0xc0,
    0xb8, 0x8f, 0xea, 0x20, 0xf, 0xe1, 0x0, 0x23,
    0xbf, 0xf2, 0x80, 0x7e, 0x1b, 0xe4, 0xff, 0xff,
    0xe0, 0xb0, 0x4, 0x70, 0x4, 0x80, 0xec, 0xab,
    0x88, 0x15, 0x79, 0x90, 0x1, 0xd8, 0xe0, 0x31,
    0xc7, 0x31, 0xa, 0xa3, 0x84, 0x55, 0x69, 0x20,
    0x1, 0x24, 0x81, 0x38, 0x80, 0x3f, 0xc0, 0x1f,
    0xfc, 0x1c, 0xb6, 0x0, 0xf1, 0x30, 0x6, 0xdf,
    0xfb, 0x88, 0x3, 0xfe, 0x30, 0xf, 0x22, 0xac,
    0xe6, 0x1, 0xff, 0x50, 0x21, 0x0, 0x53, 0x55,
    0x48, 0x80, 0x7f, 0x85, 0xc5, 0x78, 0x40, 0x3f,
    0xf8, 0xd6, 0x33, 0x65, 0xe8, 0x1, 0xfe, 0x5c,
    0xc0, 0x30, 0x4a, 0x93, 0x8f, 0x90, 0x86, 0xff,
    0x77, 0x0, 0x18, 0x8c, 0xd0, 0x4, 0x4c, 0x0,
    0xe, 0x61, 0xd4, 0xc8, 0xb3, 0x0,

    /* U+63D2 "插" */
    0x0, 0x90, 0x80, 0x3f, 0xf9, 0x37, 0x20, 0x1a,
    0x73, 0x3f, 0xd0, 0x1, 0x84, 0x3, 0xce, 0x67,
    0xfe, 0x40, 0xf, 0xfb, 0xbf, 0xf0, 0xf, 0xfe,
    0xc0, 0xf, 0xfe, 0x69, 0x33, 0x1, 0x98, 0x60,
    0x24, 0x5c, 0x0, 0x22, 0xe1, 0x9, 0x94, 0x1,
    0x4f, 0x17, 0x6e, 0xf0, 0xe, 0xef, 0x70, 0xc4,
    0xc0, 0x14, 0x71, 0x2a, 0x27, 0x0, 0x11, 0x39,
    0x84, 0xd9, 0x80, 0xce, 0x61, 0x57, 0x7c, 0x3,
    0x77, 0xd2, 0x1, 0xff, 0xb, 0x28, 0x7, 0xff,
    0x18, 0x6b, 0xa6, 0x88, 0x0, 0x9f, 0xf9, 0x80,
    0x39, 0xd5, 0xc2, 0x14, 0xa7, 0xc8, 0x2, 0x22,
    0x8, 0x78, 0x0, 0x98, 0xe, 0xa0, 0xc, 0x39,
    0x80, 0x32, 0x6e, 0xc0, 0x61, 0x7b, 0x0, 0x6,
    0xc0, 0xf, 0xfe, 0x23, 0x93, 0x2, 0x49, 0x80,
    0x7f, 0xf1, 0x33, 0x60, 0x3, 0xee, 0xca, 0x0,
    0x86, 0xf3, 0x80, 0x3f, 0xf8, 0x24, 0x6e, 0x1,
    0x1a, 0x99, 0x0, 0x7f, 0xf0, 0x73, 0xf4, 0x2,
    0x2e, 0xfc, 0x0, 0xff, 0xf7, 0xb8, 0x7, 0xe7,
    0x0, 0x8b, 0x30, 0x4, 0x1, 0xd7, 0xff, 0x0,
    0xff, 0xd6, 0x6, 0x6, 0x24, 0x4b, 0x0, 0xbc,
    0xcf, 0xff, 0x81, 0xa0,

    /* U+6446 "摆" */
    0x0, 0xc8, 0x60, 0x1f, 0xfc, 0x9b, 0xf0, 0x9,
    0x5d, 0xff, 0xf8, 0x2, 0x1, 0xc2, 0x0, 0x1a,
    0x88, 0xff, 0xe0, 0x30, 0x7, 0xf8, 0xff, 0x82,
    0x3e, 0xc2, 0xbe, 0x0, 0x3f, 0xf8, 0xe, 0x1,
    0xf0, 0x80, 0x80, 0x4b, 0x32, 0x2, 0x98, 0x0,
    0xff, 0xe2, 0x4b, 0x30, 0x0, 0xce, 0x40, 0xe0,
    0x1f, 0x8, 0x8, 0x5, 0xb9, 0x80, 0x1c, 0xd2,
    0x3, 0xfe, 0x8, 0xfb, 0xa, 0xf8, 0x0, 0x84,
    0xcc, 0x6, 0x62, 0x1a, 0x77, 0xe6, 0x77, 0xe8,
    0x60, 0xf, 0xe5, 0x88, 0xd8, 0xdb, 0x11, 0x9c,
    0x40, 0x3f, 0xf8, 0x44, 0x4, 0x1, 0xff, 0xc0,
    0x48, 0x18, 0xff, 0xd2, 0x11, 0xff, 0xb8, 0x2,
    0x15, 0x2, 0xb7, 0x5c, 0x54, 0x48, 0xc0, 0x91,
    0x33, 0x0, 0x33, 0xa8, 0x0, 0xd8, 0x88, 0xab,
    0xba, 0x82, 0xae, 0xf4, 0x0, 0x47, 0x0, 0x52,
    0x60, 0x1f, 0xfc, 0x4c, 0xc3, 0x80, 0x6b, 0xff,
    0xe9, 0x8, 0xff, 0xec, 0x0, 0xfd, 0xa8, 0x91,
    0x0, 0x11, 0x3e, 0xb0, 0xf, 0xcd, 0x77, 0x0,
    0x2a, 0xee, 0xf2, 0xbb, 0x38, 0x7, 0xfd, 0x24,
    0xca, 0x1, 0x1b, 0x40, 0x7, 0xff, 0x1, 0x98,
    0x72, 0x1, 0x9c, 0x9c, 0xc0, 0x3f, 0xcb, 0x20,
    0xb1, 0x37, 0x9d, 0xe4, 0x1c, 0x0, 0x5c, 0xc0,
    0x30, 0x5, 0x40, 0x6, 0x76, 0x43, 0x3, 0x42,
    0x23, 0x3, 0x11, 0x9a, 0x0, 0x27, 0x68, 0xab,
    0xdf, 0xf7, 0x65, 0xf9, 0x90,

    /* U+6492 "撒" */
    0x0, 0x89, 0x0, 0x30, 0x80, 0x7c, 0x26, 0x1,
    0xfa, 0xec, 0x1, 0xf, 0x30, 0x3f, 0x0, 0x51,
    0x80, 0x1f, 0xe1, 0x0, 0x18, 0x8, 0x78, 0x80,
    0x4a, 0x20, 0x1f, 0xfc, 0x6, 0x90, 0xab, 0x50,
    0xa1, 0x2, 0x20, 0x7, 0xff, 0x3, 0x98, 0xd,
    0x8c, 0x18, 0xc4, 0x4a, 0x1, 0xe8, 0xa4, 0xb,
    0x78, 0xf0, 0x9d, 0x60, 0xc2, 0x40, 0x7d, 0xda,
    0x80, 0xe, 0xa4, 0xb, 0x0, 0x1f, 0xda, 0x0,
    0x32, 0x23, 0x0, 0x3b, 0x54, 0x33, 0x9e, 0xc2,
    0xe1, 0x2, 0x9, 0x83, 0xb8, 0x83, 0x80, 0x1,
    0x23, 0x2, 0x9, 0x60, 0x37, 0x30, 0x6b, 0x10,
    0x9, 0xc8, 0x3, 0xf0, 0xf7, 0xff, 0xb9, 0x40,
    0x4, 0x4, 0xc0, 0x1f, 0xed, 0xff, 0xe7, 0x24,
    0x7, 0x11, 0x68, 0x7, 0xd9, 0xea, 0x46, 0xef,
    0x5, 0xe5, 0xe, 0x90, 0x10, 0x4, 0xb6, 0xc0,
    0x44, 0x60, 0x4b, 0x88, 0x10, 0x10, 0xa9, 0xa8,
    0x38, 0x0, 0xe9, 0x0, 0x15, 0xa2, 0x5, 0x98,
    0x20, 0xc, 0x69, 0xa2, 0x40, 0x3, 0x7a, 0x50,
    0x40, 0x8, 0xb0, 0x60, 0x3, 0x58, 0x22, 0x0,
    0x34, 0x29, 0x80, 0x77, 0x9e, 0xc1, 0x80, 0x46,
    0x21, 0xe0, 0x1f, 0xe1, 0x0, 0xc, 0x68, 0x80,
    0x62, 0x4, 0x0, 0xff, 0x38, 0x5f, 0x3b, 0x10,
    0x4, 0x46, 0xc, 0x1, 0xfe, 0x20, 0x64, 0xc9,
    0x0, 0xd0, 0x3, 0x20, 0x1f, 0xee, 0xb, 0xb1,
    0x80, 0x63, 0x54, 0x81, 0x80, 0xf, 0xe4, 0x11,
    0x0, 0x70, 0xf0, 0x4b, 0xb, 0xa0, 0x1, 0xed,
    0xc0, 0x4c, 0xce, 0x0, 0x29, 0x37, 0xb2, 0x82,
    0xa, 0xa, 0x0, 0x90, 0x20, 0x1c, 0x2c, 0x0,
    0x6a, 0x51, 0xee, 0xe0, 0x2, 0x4b, 0x0, 0x1f,
    0xf9, 0xc1, 0x3c, 0x80, 0x3, 0x98, 0x35, 0x80,
    0xc, 0xd0, 0x0,

    /* U+64E6 "擦" */
    0x0, 0x9c, 0xc0, 0x3f, 0x2b, 0x0, 0x7f, 0x86,
    0x28, 0x3, 0xf7, 0x4a, 0x0, 0x7f, 0xc6, 0x0,
    0x17, 0x88, 0xc2, 0x13, 0x11, 0x9c, 0x80, 0x3f,
    0x3c, 0x3b, 0xe5, 0x2, 0x77, 0xd1, 0x60, 0x1f,
    0x84, 0x27, 0x75, 0xff, 0xf5, 0x81, 0x82, 0x4d,
    0x83, 0xca, 0xa1, 0x2e, 0x50, 0x6, 0x14, 0x41,
    0x87, 0x86, 0xb2, 0x81, 0x37, 0x1e, 0xd8, 0xbf,
    0xf9, 0xc7, 0xae, 0xd0, 0x4a, 0x13, 0xd8, 0xb,
    0xd6, 0xc, 0xee, 0xa7, 0x0, 0x5a, 0x7d, 0x85,
    0x80, 0x42, 0x40, 0x1, 0x9, 0x90, 0xab, 0x90,
    0x36, 0x20, 0xc1, 0x30, 0x7, 0xf1, 0xcf, 0x3e,
    0xab, 0x8b, 0xe, 0x1f, 0x0, 0x7e, 0x20, 0xcf,
    0xb9, 0x2, 0x80, 0x4, 0x12, 0x18, 0x7, 0xcb,
    0xab, 0xa1, 0xde, 0xf, 0x11, 0x70, 0x21, 0x80,
    0x67, 0xf0, 0x3, 0xad, 0xc4, 0x9c, 0x2b, 0xbf,
    0x16, 0x98, 0x2, 0xa0, 0x41, 0x60, 0x1b, 0xcb,
    0x1f, 0xff, 0xa3, 0xc3, 0x1c, 0x31, 0x70, 0x3,
    0x5a, 0xe1, 0x80, 0x7c, 0x5a, 0x54, 0xd, 0x44,
    0x1, 0xb7, 0xb7, 0xff, 0xfb, 0x2b, 0x40, 0x3f,
    0x9d, 0xf9, 0x80, 0x9d, 0xf2, 0x80, 0x7f, 0x8a,
    0x86, 0xa2, 0x0, 0xd1, 0x81, 0x24, 0x1, 0xff,
    0x7b, 0x0, 0x79, 0xdd, 0xe6, 0x1, 0xfc, 0x36,
    0x52, 0x40, 0x1c, 0x7a, 0x78, 0x60, 0x1c, 0x60,
    0xc, 0x49, 0x60, 0xf, 0x8b, 0xd, 0xc0, 0x11,
    0x40, 0x20, 0xf, 0xd6, 0x0, 0xfe, 0x1c, 0x40,
    0x1, 0x21, 0x50, 0x0, 0x88, 0x1, 0x84, 0x44,
    0x1, 0xfa, 0xbf, 0x48, 0x3, 0xfb, 0xa4, 0x3,
    0xe0,

    /* U+652F "支" */
    0x0, 0xff, 0x8, 0x80, 0x3f, 0xf9, 0x1d, 0x80,
    0x1f, 0xfc, 0x92, 0x0, 0xff, 0xea, 0xde, 0xef,
    0xe0, 0x6, 0xef, 0xeb, 0x0, 0x29, 0x17, 0xe0,
    0x1, 0x17, 0xe5, 0x0, 0x77, 0xff, 0xdc, 0x0,
    0xff, 0xfd, 0xc0, 0x1f, 0xe1, 0x0, 0xff, 0xec,
    0x91, 0x7c, 0x0, 0x22, 0x8c, 0xc4, 0x1, 0xef,
    0xdd, 0xf8, 0x1, 0xbb, 0x66, 0x36, 0xc0, 0x39,
    0x8c, 0x0, 0x67, 0xfe, 0x0, 0xfd, 0x38, 0xa0,
    0x99, 0x9f, 0xb8, 0x1, 0x20, 0x1f, 0x58, 0x3a,
    0x0, 0x7d, 0xc0, 0xe4, 0x1, 0xf0, 0xd0, 0x59,
    0x80, 0x75, 0x99, 0xa0, 0x3, 0xf9, 0x60, 0x31,
    0x0, 0x3, 0x88, 0x78, 0x1, 0xff, 0x3c, 0x5,
    0xc3, 0x71, 0xae, 0x0, 0x7f, 0xf0, 0x5e, 0xc1,
    0xe4, 0x26, 0x80, 0x3f, 0xf8, 0x4d, 0x0, 0x1a,
    0xdc, 0x40, 0x3f, 0x89, 0xaf, 0xe4, 0xcd, 0x74,
    0x65, 0x1d, 0x6e, 0x60, 0x13, 0x67, 0xec, 0xa0,
    0xb6, 0x61, 0x17, 0x2d, 0x41, 0x23, 0x3f, 0x5c,
    0x4c, 0x52, 0x33, 0xa4, 0xc0, 0x32, 0x57, 0xdb,
    0xa0, 0x91, 0x1f, 0xfa, 0xdc, 0xc0, 0x3f, 0xc9,
    0x17, 0xde, 0xa0,

    /* U+6536 "收" */
    0x0, 0xfa, 0x94, 0x2, 0x2e, 0x70, 0xf, 0xfe,
    0x11, 0x2f, 0x0, 0x4a, 0x3e, 0x1, 0xfc, 0xb0,
    0x1, 0xfd, 0xa1, 0x80, 0x1f, 0xd0, 0xe2, 0x1,
    0xf9, 0x1, 0x0, 0x3f, 0xf8, 0xe4, 0x21, 0x99,
    0xf4, 0x80, 0x7f, 0xf0, 0x28, 0x0, 0x67, 0xf2,
    0x0, 0x7f, 0xf0, 0x18, 0x33, 0xff, 0x10, 0x6e,
    0x80, 0x3f, 0xe6, 0x10, 0x40, 0xc, 0x42, 0x40,
    0x1f, 0xf0, 0xc0, 0x2, 0xc0, 0x24, 0x5, 0x0,
    0xff, 0xe0, 0x58, 0xaa, 0x8c, 0x80, 0x18, 0x1a,
    0x1, 0xff, 0xc0, 0x11, 0x5f, 0x5, 0x0, 0x14,
    0x10, 0x3, 0xff, 0x81, 0x78, 0x28, 0x2c, 0x4,
    0x43, 0x20, 0xf, 0xfe, 0x9, 0x0, 0x24, 0x5a,
    0xc2, 0x80, 0x3f, 0x1c, 0x78, 0x7, 0x9c, 0x61,
    0x85, 0x80, 0x38, 0xc3, 0xb1, 0xc8, 0x3, 0xe9,
    0x10, 0x90, 0xe, 0x11, 0x0, 0x12, 0xb0, 0x3,
    0xe1, 0x0, 0x10, 0x7, 0x9, 0x3e, 0xda, 0x88,
    0x7, 0x8e, 0x40, 0x16, 0x40, 0x1d, 0xb0, 0x40,
    0x1f, 0x8f, 0x2, 0x5c, 0x70, 0x80, 0x3f, 0xf8,
    0x4f, 0x81, 0xd, 0xa, 0x38, 0x80, 0x1f, 0xf1,
    0x6c, 0x4, 0xb8, 0x2, 0x98, 0x6e, 0x40, 0x3f,
    0xc2, 0x47, 0xac, 0x1, 0xa6, 0x42, 0x20, 0xf,
    0x88, 0x4c, 0xdf, 0x84, 0x1, 0xe6, 0xe8, 0x0,

    /* U+653E "放" */
    0x0, 0xe1, 0x20, 0xf, 0xc8, 0x1, 0xff, 0xc1,
    0xdd, 0x0, 0x7d, 0x16, 0xa0, 0x1f, 0xfc, 0x4,
    0x6, 0x0, 0xf2, 0x3, 0x0, 0x7f, 0xf0, 0x28,
    0x3c, 0x3, 0xc6, 0x6, 0x1, 0xf9, 0x66, 0x6b,
    0x50, 0x99, 0x42, 0x2, 0x2, 0x0, 0x7f, 0x43,
    0x36, 0x56, 0x69, 0xfc, 0x34, 0x13, 0xff, 0xda,
    0x0, 0xcc, 0x58, 0x1e, 0x67, 0x50, 0x38, 0x4,
    0x24, 0x20, 0x4e, 0x0, 0x13, 0x50, 0x1, 0x9f,
    0xa, 0x8, 0x77, 0xf6, 0x90, 0x7d, 0x0, 0x7f,
    0xf0, 0x7c, 0x0, 0xa0, 0x11, 0x81, 0x0, 0x7c,
    0x7b, 0xb6, 0x3a, 0x20, 0x1, 0x80, 0x2, 0x3,
    0x0, 0xfe, 0x22, 0x8e, 0xe8, 0x20, 0x10, 0x0,
    0x81, 0x60, 0x1f, 0x8f, 0xbf, 0x1, 0xcc, 0x9d,
    0xc, 0x43, 0x41, 0x0, 0x3c, 0x60, 0xc2, 0x1,
    0xb3, 0x1, 0xa0, 0xc2, 0x82, 0x60, 0x1e, 0x10,
    0x30, 0xc, 0x23, 0x3, 0x85, 0x48, 0x30, 0x7,
    0xcc, 0x2, 0x0, 0x70, 0xe, 0x15, 0x27, 0x9,
    0x0, 0xfb, 0x43, 0x40, 0x31, 0x80, 0x69, 0x0,
    0x30, 0x80, 0x7c, 0x80, 0xe0, 0x1, 0x1, 0x0,
    0xce, 0x0, 0x10, 0xf, 0x84, 0xc4, 0x80, 0x6,
    0x1e, 0x1, 0x15, 0x0, 0x1d, 0x0, 0x3c, 0xc0,
    0xe0, 0x17, 0x0, 0x80, 0xf, 0x6, 0x24, 0x2c,
    0xc0, 0x30, 0xc0, 0x58, 0x4, 0x40, 0xa0, 0xd8,
    0x2e, 0xe6, 0x60, 0x62, 0x80, 0x5a, 0xe, 0x4b,
    0x54, 0x50, 0x6, 0xc8, 0x44, 0x0, 0x12, 0xa1,
    0x56, 0x1, 0x24, 0x0, 0x15, 0x41, 0x2, 0x47,
    0x8e, 0x1, 0xaa, 0x44, 0x80, 0x19, 0x60, 0x5,
    0xfe, 0xf7, 0x2f, 0xc3, 0x0, 0xf3, 0x74, 0x80,

    /* U+6548 "效" */
    0x0, 0xe2, 0x10, 0xf, 0xc4, 0x60, 0x1f, 0xf6,
    0xf8, 0x80, 0x7d, 0x9c, 0x1, 0xff, 0x38, 0xc0,
    0x7, 0x84, 0x4c, 0x1, 0xff, 0x40, 0x90, 0x7,
    0x90, 0x30, 0x3, 0xe7, 0xee, 0xc2, 0x9d, 0xd6,
    0x88, 0x68, 0x18, 0x7, 0xe3, 0x3c, 0x44, 0x33,
    0x84, 0x0, 0x81, 0x7f, 0xfd, 0x0, 0xfb, 0xab,
    0xdd, 0xa6, 0x5b, 0x82, 0x23, 0x13, 0x38, 0x40,
    0xb8, 0x2, 0x89, 0x40, 0x7, 0xd9, 0x0, 0x1c,
    0x23, 0x32, 0x70, 0xe6, 0x0, 0xb, 0x92, 0x0,
    0x28, 0x38, 0x1, 0x60, 0x80, 0x12, 0x81, 0x80,
    0x56, 0x10, 0x1, 0xc, 0x9b, 0xa9, 0x2, 0x0,
    0x46, 0x40, 0x13, 0xaa, 0x28, 0x5, 0x26, 0x6e,
    0xb0, 0x6, 0x0, 0x10, 0x10, 0x2, 0x91, 0x8a,
    0x20, 0x46, 0xfc, 0xd1, 0x53, 0x40, 0x6, 0x6,
    0x0, 0x59, 0x87, 0x5c, 0x2e, 0xe, 0x4, 0x8b,
    0xb0, 0xa8, 0x28, 0x20, 0x4, 0x44, 0x49, 0x1c,
    0x52, 0x40, 0x3, 0x8a, 0x87, 0x21, 0x28, 0x80,
    0x79, 0x9c, 0x42, 0x80, 0x38, 0x91, 0x10, 0x1c,
    0x1, 0xfa, 0xc0, 0x18, 0x1, 0xef, 0x3, 0x32,
    0x0, 0x7e, 0xe0, 0x14, 0x80, 0xe, 0x40, 0x5,
    0x0, 0x7e, 0xa2, 0x5c, 0x7, 0x40, 0xd, 0x40,
    0x8, 0x10, 0xf, 0x4a, 0x95, 0x15, 0x4, 0x80,
    0x54, 0xa6, 0xc3, 0xa0, 0x18, 0x6d, 0x8b, 0x0,
    0xa, 0xaa, 0x2, 0xc5, 0x2d, 0x94, 0x3d, 0x10,
    0x6, 0xa1, 0xe0, 0x80, 0x54, 0xf3, 0xa6, 0x9a,
    0x21, 0x66, 0x5c, 0xa1, 0xf3, 0x82, 0x1, 0xc4,
    0xe3, 0x56, 0x1, 0xb1, 0xc4, 0x0, 0x6c, 0x1,
    0xf1, 0x77, 0x14, 0x3, 0xd1, 0xca,

    /* U+6570 "数" */
    0x0, 0xe3, 0x40, 0xf, 0xfe, 0x2a, 0x38, 0x3,
    0xa8, 0x1, 0x10, 0x0, 0xba, 0x40, 0x3f, 0x14,
    0x30, 0x0, 0x40, 0xdc, 0x80, 0x8, 0x22, 0x0,
    0xfc, 0xc5, 0x60, 0x1b, 0xc6, 0xc0, 0x6, 0x1a,
    0x1, 0xfd, 0x6a, 0x1, 0x96, 0x84, 0x1, 0xc0,
    0xe0, 0x1f, 0x57, 0xcb, 0xf9, 0x7, 0xb5, 0xfd,
    0x2, 0x7, 0xee, 0xf3, 0x7, 0xb3, 0x44, 0x0,
    0x16, 0x6b, 0xc8, 0x80, 0x45, 0xee, 0x5, 0x99,
    0x69, 0x0, 0x4, 0xae, 0x55, 0x1, 0x3f, 0xe3,
    0xf, 0x80, 0x9, 0x2c, 0x84, 0x29, 0x35, 0x82,
    0xc1, 0x40, 0x23, 0x20, 0xd, 0x16, 0x3e, 0x60,
    0xba, 0x58, 0x64, 0x2, 0x40, 0x40, 0xe0, 0x15,
    0x39, 0xf9, 0x31, 0x1, 0x6d, 0x78, 0x40, 0x20,
    0x38, 0x60, 0x5, 0x15, 0x82, 0x5b, 0xa0, 0x8,
    0x8d, 0x5c, 0x34, 0x30, 0x14, 0x2, 0x25, 0x0,
    0x7c, 0x88, 0xe2, 0xbb, 0x2, 0x20, 0x5c, 0x4c,
    0x2, 0x2f, 0xf8, 0x83, 0xbb, 0x52, 0x8, 0x68,
    0x58, 0xb0, 0x6, 0x27, 0x60, 0x3, 0x34, 0x60,
    0x60, 0x13, 0x82, 0x85, 0x80, 0x74, 0x60, 0x3c,
    0xcc, 0xe1, 0x60, 0x10, 0xb0, 0x21, 0x80, 0x7a,
    0x3, 0xc0, 0xc, 0x8c, 0x40, 0x19, 0x41, 0x80,
    0x3e, 0x81, 0x8e, 0x89, 0x29, 0x0, 0xd0, 0x60,
    0x50, 0x1, 0xe5, 0xe9, 0x17, 0xa, 0x0, 0xce,
    0xe2, 0xd1, 0x75, 0x0, 0xf2, 0x50, 0x10, 0xc4,
    0x80, 0x26, 0x7, 0xcb, 0x42, 0x98, 0x0, 0x71,
    0xb6, 0x71, 0xbe, 0xd8, 0xbc, 0xc7, 0x84, 0x7,
    0x61, 0x36, 0x8, 0xed, 0x3e, 0xe0, 0x32, 0xb2,
    0x2f, 0x84, 0x1, 0x26, 0x19, 0x3, 0xfd, 0xb0,
    0x7, 0xb3, 0xa0, 0x3, 0xc7, 0x92, 0x0,

    /* U+6587 "文" */
    0x0, 0xff, 0x10, 0x7, 0xff, 0x22, 0x75, 0xc0,
    0x3f, 0xf8, 0xf8, 0x10, 0x20, 0x1f, 0xfc, 0x65,
    0x20, 0x90, 0xf, 0xfe, 0x3c, 0x17, 0x0, 0x7f,
    0x57, 0xff, 0xf5, 0x14, 0xff, 0xfe, 0xbd, 0x22,
    0x80, 0x4, 0x5f, 0xe0, 0x1, 0x16, 0x7d, 0xd8,
    0xc3, 0xb7, 0x7f, 0x40, 0x1e, 0xed, 0x20, 0x1a,
    0x2, 0x0, 0x3f, 0x48, 0x48, 0x7, 0xe4, 0x24,
    0x30, 0xf, 0x21, 0x8a, 0x80, 0x7f, 0x48, 0x78,
    0x7, 0xa0, 0x20, 0x3, 0xfc, 0x88, 0x37, 0x0,
    0xcc, 0x64, 0xc0, 0x1f, 0xf5, 0xc, 0x18, 0x0,
    0xa4, 0x38, 0x3, 0xff, 0x80, 0x34, 0x1a, 0x21,
    0xc1, 0x6, 0x1, 0xff, 0xc1, 0x48, 0x1c, 0xb3,
    0x57, 0x0, 0xff, 0xe1, 0xba, 0x92, 0x1d, 0x0,
    0x7f, 0xf1, 0x15, 0x40, 0x3, 0x70, 0xf, 0xfe,
    0x10, 0xd5, 0x1, 0xe0, 0x22, 0xc8, 0x3, 0xfc,
    0x31, 0xca, 0x37, 0xf, 0x62, 0x9b, 0x22, 0x1,
    0xe3, 0x9e, 0x70, 0x7e, 0x40, 0x2, 0x73, 0x3,
    0x75, 0x20, 0x1, 0xfb, 0x18, 0x1b, 0x60, 0x3,
    0xd3, 0xac, 0xb, 0x7f, 0x2, 0x22, 0x8e, 0x92,
    0x0, 0xfc, 0x53, 0xd2, 0x61, 0xad, 0xfa, 0xe2,
    0x1, 0xff, 0xc0, 0x16, 0xcf, 0x50,

    /* U+6599 "料" */
    0x0, 0xff, 0xe7, 0xed, 0x0, 0x7f, 0xd3, 0xc0,
    0x19, 0x70, 0x0, 0x4c, 0x3, 0xea, 0x3, 0x26,
    0x1, 0x28, 0x88, 0x2, 0x63, 0x50, 0xc, 0xe0,
    0x20, 0x4d, 0x90, 0x1, 0xf8, 0xc7, 0xc0, 0x36,
    0x2, 0x1, 0xe9, 0xbc, 0x80, 0x7e, 0x44, 0x0,
    0x64, 0x60, 0x8, 0xb1, 0x14, 0x3, 0xf6, 0x88,
    0x4, 0x83, 0x40, 0x1d, 0x78, 0x1, 0xf9, 0xa8,
    0x2, 0x59, 0x30, 0xf, 0xfe, 0x12, 0xdf, 0xd0,
    0x15, 0xe5, 0x22, 0x24, 0xc0, 0x3f, 0xdc, 0xab,
    0x0, 0xaa, 0xdc, 0x4d, 0x92, 0x1, 0xfd, 0x7b,
    0xb0, 0x16, 0xed, 0x4d, 0x84, 0xd6, 0x1, 0xfc,
    0x4c, 0x60, 0x22, 0x22, 0x0, 0xf, 0x54, 0x80,
    0x3f, 0xd6, 0xc0, 0x38, 0xe0, 0x1d, 0x52, 0x1,
    0xfc, 0x80, 0x60, 0x2b, 0x2, 0x1, 0xfe, 0x47,
    0x70, 0x3, 0x81, 0x40, 0x12, 0x12, 0x1, 0x8d,
    0xa2, 0xcc, 0x2a, 0x20, 0x2, 0xa6, 0x20, 0x3,
    0x33, 0x9d, 0x6f, 0xe4, 0xba, 0x0, 0x1a, 0xb4,
    0x18, 0x28, 0x3, 0x50, 0x32, 0x91, 0x16, 0x2f,
    0x8c, 0x21, 0x48, 0x24, 0x1c, 0x3, 0x36, 0xae,
    0xfe, 0xd3, 0xa0, 0x80, 0x78, 0x98, 0x40, 0x38,
    0x80, 0x80, 0x3f, 0xf8, 0x1d, 0x20, 0x1f, 0xfc,
    0x92, 0x0, 0xff, 0xf2, 0x9a, 0x80, 0x7f, 0xc8,
    0x42, 0x1, 0x0,

    /* U+65B0 "新" */
    0x0, 0xc4, 0xa0, 0x1f, 0xfc, 0x8b, 0xa5, 0x0,
    0xff, 0x1c, 0x63, 0x0, 0x75, 0x4, 0x0, 0x79,
    0x62, 0xfb, 0x1c, 0xf0, 0x17, 0xbf, 0xd8, 0x5,
    0xff, 0x60, 0x4d, 0x3b, 0x24, 0x5f, 0xd0, 0x32,
    0x27, 0xc4, 0x88, 0x3, 0xd, 0xd5, 0x3a, 0x0,
    0x47, 0x40, 0xf7, 0x77, 0x16, 0x40, 0x4, 0x60,
    0x1f, 0xc4, 0x66, 0x0, 0x48, 0x28, 0x7, 0xff,
    0xa, 0x81, 0x80, 0x8d, 0x48, 0x3, 0xff, 0x80,
    0xf7, 0x5, 0xd7, 0xe0, 0xf7, 0x63, 0x0, 0x5d,
    0x57, 0x93, 0x55, 0x46, 0xa8, 0x42, 0x6a, 0xa7,
    0x0, 0x2a, 0xfd, 0xd5, 0xdd, 0x78, 0x27, 0x76,
    0x40, 0x5, 0xe6, 0xc, 0x2f, 0x68, 0x3, 0xff,
    0x80, 0x20, 0xa6, 0x67, 0x6, 0x20, 0x59, 0xaa,
    0x58, 0x2d, 0x55, 0x0, 0x1f, 0xf7, 0xb2, 0xac,
    0x2, 0xab, 0x38, 0xb8, 0x8, 0x7, 0xd5, 0xff,
    0x68, 0x27, 0xfe, 0x11, 0x0, 0x7f, 0xcc, 0x86,
    0x1, 0x51, 0x80, 0x8, 0x80, 0x1f, 0xc3, 0x38,
    0x1, 0x97, 0xc0, 0x41, 0x80, 0x3f, 0xa4, 0x28,
    0x3, 0x41, 0xb2, 0x81, 0x80, 0x7e, 0x27, 0x42,
    0x0, 0xce, 0x37, 0x81, 0xa0, 0x1f, 0xa8, 0x24,
    0x3, 0xdb, 0xcc, 0xa, 0x1, 0xfa, 0x34, 0x80,
    0x3c, 0x68, 0x2c, 0x1, 0xfe, 0x20, 0xf, 0xc4,
    0x30, 0x1, 0xff, 0xc1, 0x12, 0x30, 0x9, 0x78,
    0x40, 0x31, 0x89, 0x0, 0x0,

    /* U+65B9 "方" */
    0x0, 0xff, 0x8, 0x7, 0xff, 0x21, 0x3a, 0x0,
    0x3f, 0xf8, 0xec, 0xe, 0x20, 0x1f, 0xfc, 0x62,
    0x50, 0x90, 0xf, 0xf0, 0x8f, 0xf4, 0x96, 0x88,
    0xfc, 0x0, 0x6e, 0xef, 0xec, 0x2a, 0xee, 0xfb,
    0xc8, 0x86, 0x7e, 0x0, 0x19, 0xff, 0xc8, 0x69,
    0x99, 0xda, 0x0, 0xcc, 0xff, 0xac, 0x40, 0x3c,
    0x60, 0x40, 0x1f, 0xfc, 0x76, 0x1, 0x0, 0xff,
    0xe3, 0x90, 0x1e, 0x67, 0xf3, 0x80, 0x7f, 0x70,
    0x0, 0xcf, 0xfa, 0x80, 0x3f, 0x8c, 0x2b, 0xff,
    0xeb, 0x1, 0x0, 0xfe, 0x40, 0x50, 0xf, 0xe6,
    0x0, 0xfc, 0x80, 0x80, 0x1f, 0x88, 0xc, 0x3,
    0xf4, 0x6, 0x80, 0x7e, 0x10, 0xe0, 0xf, 0x90,
    0xc5, 0x80, 0x3f, 0x70, 0x10, 0x7, 0xd2, 0x10,
    0x1, 0xfc, 0xa0, 0xc0, 0x1e, 0xb2, 0x36, 0x0,
    0xfe, 0x30, 0x30, 0xc, 0x38, 0x83, 0xc0, 0x1f,
    0xcc, 0x6, 0x1, 0x9b, 0x8c, 0xb0, 0x80, 0x34,
    0x76, 0xed, 0x21, 0x40, 0x1c, 0x2d, 0x84, 0x1,
    0xd6, 0x64, 0x5a, 0x58, 0x3, 0x0,

    /* U+65CB "旋" */
    0x0, 0xe1, 0x0, 0xf8, 0x88, 0x1, 0xff, 0xc1,
    0x9e, 0x40, 0xe, 0x1d, 0xf0, 0xf, 0xfe, 0xe,
    0x84, 0x80, 0x73, 0x82, 0x0, 0x7f, 0xf0, 0x51,
    0x4, 0x60, 0x1b, 0x40, 0xe2, 0x3e, 0x70, 0x4,
    0x66, 0x4c, 0x1f, 0x98, 0x62, 0x40, 0x57, 0x7f,
    0xa0, 0x41, 0xc, 0xe2, 0x3, 0x3b, 0xe4, 0x2b,
    0x33, 0xf7, 0x8, 0x67, 0x48, 0x47, 0x75, 0xfe,
    0x45, 0x51, 0x9f, 0xe1, 0x0, 0x84, 0x0, 0x23,
    0x82, 0x3, 0x11, 0x32, 0xaf, 0x0, 0x7f, 0xf0,
    0x35, 0xa6, 0xef, 0x55, 0x74, 0x80, 0x61, 0xb,
    0xbc, 0xc7, 0x2e, 0xcd, 0x1, 0x33, 0xc, 0x3c,
    0x3, 0xc4, 0x89, 0x68, 0x2, 0x26, 0x50, 0xd,
    0x32, 0x1, 0x60, 0xd, 0xe1, 0x5f, 0xa0, 0x18,
    0x84, 0x3, 0x84, 0xd8, 0x3, 0x84, 0x18, 0xc,
    0x3, 0x65, 0x0, 0x70, 0xe4, 0x0, 0x71, 0x0,
    0x81, 0x80, 0x80, 0x4, 0x3, 0x2c, 0xca, 0xa0,
    0x3, 0x98, 0x8, 0x3, 0x84, 0x8, 0x2, 0x16,
    0x69, 0xc8, 0x3, 0x11, 0x0, 0x2, 0x6, 0x4,
    0x2, 0x1, 0x27, 0x75, 0xe4, 0x1, 0x18, 0x38,
    0x7, 0x94, 0x14, 0x3, 0x8, 0xc0, 0x1c, 0x81,
    0x80, 0x6, 0xe, 0xf, 0x2, 0x40, 0xf, 0xfa,
    0x81, 0x0, 0x6, 0x2, 0x8, 0x25, 0x26, 0x1,
    0xfc, 0xa4, 0x64, 0x0, 0xf0, 0x24, 0x27, 0x92,
    0xc0, 0xf, 0xeb, 0x8, 0x3c, 0xb6, 0x6, 0x90,
    0xb4, 0x91, 0x4, 0xcb, 0xbc, 0x40, 0x8e, 0x84,
    0x28, 0x30, 0x66, 0x72, 0x6, 0xd8, 0x32, 0x44,
    0x98, 0x82, 0xa0, 0x7, 0x7f, 0x9c, 0x7a, 0x0,
    0x22, 0x7c, 0xef, 0xfb, 0x40,

    /* U+65E0 "无" */
    0x1, 0xbd, 0xdf, 0xfe, 0x26, 0x18, 0x0, 0xd0,
    0x8b, 0xff, 0x88, 0x6c, 0x0, 0x2f, 0xff, 0xa4,
    0x1f, 0xff, 0xf2, 0x80, 0x7f, 0xf0, 0x3c, 0x3,
    0xff, 0x8e, 0x20, 0x20, 0x1f, 0xfc, 0x7e, 0x3,
    0x0, 0xff, 0xe3, 0x90, 0x30, 0x7, 0xf9, 0xf7,
    0x7f, 0x20, 0x76, 0xef, 0xf3, 0xf1, 0x17, 0xe0,
    0x1, 0x17, 0xfb, 0x67, 0xff, 0xeb, 0x4, 0x20,
    0xcf, 0xff, 0xa8, 0x3, 0xf6, 0x86, 0x80, 0x7f,
    0xf1, 0xd8, 0x1c, 0x3, 0xff, 0x8c, 0xe0, 0xa2,
    0x1, 0xff, 0xc5, 0x28, 0x8, 0x0, 0xff, 0xe3,
    0x70, 0x31, 0x0, 0x7f, 0x8c, 0x40, 0x3a, 0x8c,
    0xa4, 0x3, 0xfe, 0xdd, 0x0, 0x43, 0x8a, 0x3e,
    0x1, 0xff, 0xc0, 0x12, 0x0, 0x37, 0x99, 0x61,
    0x0, 0x42, 0xe, 0x1, 0xc8, 0xa, 0xae, 0x91,
    0x5c, 0x20, 0xc, 0xa1, 0x7b, 0xbd, 0x61, 0xa0,
    0x2b, 0x94, 0x20, 0x1d, 0x8, 0x4, 0x5c, 0xc,
    0xc0,

    /* U+65E5 "日" */
    0xd, 0xff, 0xff, 0xe1, 0xd1, 0x10, 0x3, 0xff,
    0x86, 0x82, 0x3, 0xdd, 0xff, 0xc0, 0xa0, 0xe,
    0x11, 0xff, 0xe0, 0x80, 0x7f, 0xff, 0xc0, 0x3f,
    0xf8, 0xe3, 0xff, 0xff, 0xc0, 0xb0, 0xf, 0xfe,
    0x50, 0xf7, 0x7f, 0xf0, 0x28, 0x3, 0x84, 0x7f,
    0xf8, 0x20, 0x1f, 0xff, 0xf0, 0xf, 0xfe, 0x28,
    0x80, 0xff, 0xff, 0xf0, 0x2c, 0x0, 0x62, 0x1,
    0xff, 0xc3, 0x50,

    /* U+65F6 "时" */
    0x0, 0xff, 0xe2, 0x9a, 0x80, 0x7f, 0xf2, 0x3a,
    0x80, 0x33, 0x4c, 0xf8, 0xc0, 0x3f, 0xc2, 0x1,
    0x4b, 0x37, 0xa0, 0x3, 0xff, 0x86, 0x5b, 0xb6,
    0x0, 0x7f, 0xf1, 0x44, 0x8b, 0x0, 0xf, 0x37,
    0x7c, 0x41, 0x9b, 0x20, 0x1f, 0xce, 0x64, 0x5e,
    0x0, 0x11, 0x10, 0x3, 0xf9, 0x3f, 0xfe, 0x20,
    0xef, 0xd0, 0xf, 0xfe, 0x61, 0x5d, 0xd4, 0x1,
    0x1d, 0x98, 0x7, 0xfc, 0x28, 0x98, 0x3, 0x26,
    0x88, 0x7, 0xf8, 0xff, 0xee, 0x0, 0x8d, 0x86,
    0x80, 0x3f, 0xf8, 0xf2, 0x48, 0xe0, 0x1f, 0xfc,
    0x7e, 0x8, 0x20, 0xf, 0xfe, 0x31, 0xb8, 0x50,
    0x7, 0xff, 0x1e, 0x2e, 0x0, 0x3f, 0x1d, 0xdd,
    0xa0, 0x1f, 0x20, 0x7, 0xe2, 0x4, 0x48, 0xc0,
    0xc0, 0x3f, 0xf8, 0x5b, 0xff, 0xe8, 0x0, 0xff,
    0xe9, 0x18, 0x7, 0xff, 0x10, 0xf7, 0x6e, 0x11,
    0x80, 0x3f, 0xf8, 0x44, 0x24, 0x40, 0x3a, 0x0,
    0x80,

    /* U+660E "明" */
    0x0, 0xff, 0x91, 0x9b, 0xf2, 0x0, 0x37, 0xff,
    0xd4, 0x0, 0xb9, 0x9f, 0xd6, 0x2, 0x40, 0x67,
    0x81, 0xc0, 0x21, 0x99, 0xf0, 0x80, 0x80, 0xf,
    0x33, 0x9, 0x80, 0x46, 0xcd, 0xe2, 0x0, 0xff,
    0xf7, 0x1d, 0x57, 0x88, 0x3, 0x1e, 0x66, 0x10,
    0xc, 0x2a, 0xbe, 0x10, 0xe, 0x33, 0xc0, 0x1c,
    0x5b, 0xbe, 0x20, 0xc, 0x7f, 0xf8, 0x40, 0x30,
    0x91, 0x78, 0x40, 0x3f, 0xf8, 0x2, 0xe, 0x1,
    0xff, 0xc7, 0x30, 0xf, 0xfe, 0x48, 0x82, 0x7f,
    0xf8, 0xc0, 0x31, 0xd5, 0x61, 0x0, 0x30, 0x12,
    0x27, 0x80, 0x21, 0x0, 0x2a, 0xe0, 0x20, 0xd0,
    0xeb, 0xbf, 0x18, 0x5, 0xdb, 0xbe, 0xc0, 0x40,
    0x30, 0xf, 0xf0, 0x91, 0x78, 0x8, 0xd0, 0x3,
    0xff, 0x8f, 0x1, 0xc0, 0x1f, 0xfc, 0x63, 0x51,
    0x50, 0xf, 0xfe, 0x28, 0xe8, 0x40, 0x7, 0xe1,
    0x0, 0xfc, 0x3e, 0x2a, 0xc0, 0x19, 0xf3, 0x22,
    0x1, 0x0, 0xf0, 0x92, 0x50, 0x7, 0x19, 0x19,
    0x8a, 0x40, 0x3f, 0x65, 0x80, 0x79, 0x3b, 0xfd,
    0xac, 0x0,

    /* U+661F "星" */
    0x0, 0x8e, 0x23, 0xff, 0x84, 0xe0, 0x1e, 0x87,
    0x7f, 0xfe, 0x14, 0x18, 0x7, 0x38, 0x6f, 0xff,
    0xfc, 0x80, 0xe0, 0x1f, 0xfd, 0x1d, 0xff, 0xff,
    0x90, 0x3, 0xf9, 0x9b, 0xff, 0x80, 0x40, 0x1f,
    0xd7, 0x33, 0xff, 0x30, 0x7, 0xf5, 0xc4, 0x7f,
    0xca, 0x1, 0xf2, 0x83, 0x3b, 0xff, 0xc2, 0xc,
    0x1, 0xd3, 0x22, 0xbf, 0xfb, 0x23, 0xff, 0xe2,
    0x0, 0xe1, 0x82, 0x60, 0xa, 0x20, 0x60, 0x1f,
    0xfc, 0xb, 0x11, 0x5c, 0xcc, 0xa1, 0x13, 0x3e,
    0x80, 0xc, 0xca, 0x2, 0xcd, 0x84, 0x11, 0x9b,
    0xce, 0x20, 0x4, 0x90, 0xcf, 0xfe, 0x40, 0xbf,
    0xff, 0x84, 0xa, 0xc2, 0x8c, 0x3, 0xe7, 0x0,
    0xfe, 0x28, 0xa7, 0x99, 0xf2, 0x84, 0x4c, 0xf4,
    0x0, 0x67, 0x56, 0x76, 0x6e, 0x10, 0x46, 0x6f,
    0x8, 0x7, 0x27, 0x7f, 0xf2, 0x6, 0x7f, 0xf7,
    0x8, 0x7, 0xff, 0x36, 0xae, 0xff, 0x28, 0x7d,
    0xdf, 0xe5, 0x25, 0x44, 0xfc, 0x20, 0x68, 0x9f,
    0xb4,

    /* U+662F "是" */
    0x0, 0x91, 0xdf, 0xff, 0x84, 0x80, 0x1e, 0xb8,
    0x8f, 0xfe, 0x15, 0x80, 0x7c, 0x3f, 0xff, 0xfc,
    0x1, 0x0, 0xfe, 0x22, 0xff, 0xe0, 0x0, 0x7f,
    0xe, 0xef, 0xff, 0x0, 0x40, 0x3f, 0xd, 0xdf,
    0xff, 0x0, 0x40, 0x3f, 0x91, 0x3f, 0xf8, 0x0,
    0x1f, 0xc3, 0xff, 0xff, 0xc0, 0x10, 0xf, 0xa9,
    0x9b, 0xff, 0x85, 0x20, 0x1e, 0x59, 0x9f, 0xfe,
    0x13, 0x0, 0x49, 0xdf, 0xff, 0xfc, 0x78, 0x72,
    0x33, 0xfc, 0x20, 0x46, 0x7f, 0xb8, 0xf3, 0x2d,
    0xad, 0xcc, 0x94, 0x3b, 0x33, 0xf3, 0x0, 0x68,
    0x94, 0x0, 0xff, 0xe3, 0xa0, 0x38, 0x7, 0x45,
    0x57, 0xa0, 0x3, 0x88, 0x80, 0x1f, 0x22, 0xaf,
    0x98, 0x3, 0xac, 0x1, 0xc0, 0x1d, 0x9f, 0xfe,
    0xe0, 0xc, 0x6c, 0x2a, 0x76, 0x20, 0x1f, 0xfc,
    0x21, 0xe0, 0xba, 0x34, 0xf8, 0x60, 0xf, 0xf8,
    0xfc, 0x99, 0x43, 0x1c, 0x5c, 0x83, 0x37, 0x7f,
    0x65, 0x8b, 0x48, 0x5, 0x1d, 0x2c, 0x62, 0x45,
    0xf9, 0x63, 0x64, 0x3, 0x85, 0xa7, 0x3b, 0xff,
    0xf4, 0x80,

    /* U+663E "显" */
    0x0, 0xf0, 0x8f, 0xff, 0x0, 0x3, 0xfd, 0x9f,
    0xdd, 0xff, 0xc0, 0xfd, 0x0, 0xfc, 0x60, 0xef,
    0xff, 0xc0, 0x2, 0x0, 0xff, 0x44, 0x7f, 0xf0,
    0x4, 0x3, 0xfe, 0x77, 0xff, 0xe0, 0x8, 0x7,
    0xfd, 0x11, 0xff, 0xc0, 0x0, 0xff, 0xe0, 0x7f,
    0xff, 0xf0, 0x4, 0x3, 0xff, 0xaf, 0x31, 0x1f,
    0xf0, 0x80, 0x7f, 0x18, 0x33, 0xbf, 0xfc, 0x4,
    0x1, 0xfb, 0x3f, 0xff, 0xf8, 0x5a, 0x1, 0xff,
    0xc0, 0x6d, 0x10, 0x1, 0xea, 0x0, 0x7f, 0xca,
    0xe0, 0x17, 0x92, 0x80, 0x14, 0x8c, 0x2, 0x99,
    0x0, 0x7b, 0x21, 0x80, 0x3f, 0xf8, 0xa, 0xc6,
    0x1, 0xe8, 0x19, 0x10, 0xf, 0xf0, 0xd8, 0xd8,
    0x7, 0x86, 0xc2, 0xc0, 0x3f, 0xda, 0x34, 0x20,
    0x1f, 0x29, 0xa0, 0x7, 0xf2, 0x9c, 0xa0, 0x7,
    0xf6, 0xf8, 0x7, 0xf2, 0xf3, 0x0, 0x7c, 0x45,
    0x19, 0x88, 0xc0, 0x48, 0x82, 0x1e, 0x46, 0x45,
    0x80, 0x2e, 0xdd, 0xf2, 0x85, 0x6e, 0xa0, 0x1f,
    0x77, 0xdc, 0x0, 0x64, 0x4f, 0xfe, 0x43, 0x0,

    /* U+666E "普" */
    0x0, 0xf3, 0x10, 0x7, 0xe3, 0x50, 0xf, 0xf8,
    0xe7, 0x8, 0x3, 0xc3, 0xb4, 0x60, 0x1f, 0xe3,
    0x41, 0x50, 0xf, 0x40, 0xa9, 0x80, 0x7c, 0x93,
    0x30, 0x3, 0x26, 0x7c, 0xc0, 0x33, 0x33, 0x0,
    0x6d, 0x66, 0x90, 0x11, 0x9b, 0xc0, 0x4, 0x66,
    0xa8, 0x3, 0x4f, 0x57, 0x7f, 0xa4, 0x23, 0xfc,
    0xe1, 0x3f, 0xec, 0x9e, 0xc0, 0xe, 0x2a, 0xd0,
    0xf, 0xe3, 0x0, 0x74, 0x90, 0x7, 0x8d, 0xd,
    0xc0, 0x3f, 0xcc, 0x4a, 0x60, 0x1f, 0x40, 0x78,
    0x7, 0xfa, 0x6, 0xc0, 0x3f, 0x1e, 0x40, 0x7,
    0xe3, 0x8, 0xd1, 0x0, 0xee, 0xff, 0xb3, 0xfd,
    0x21, 0x1f, 0xe7, 0x9, 0xf9, 0xcf, 0xfb, 0x84,
    0x1d, 0x57, 0xff, 0x90, 0xe2, 0x13, 0x55, 0xff,
    0xc8, 0x90, 0xe, 0x8f, 0xff, 0xfe, 0x15, 0x0,
    0x7e, 0x40, 0x34, 0x4f, 0xf1, 0x82, 0x0, 0x7f,
    0xbe, 0xef, 0xfd, 0xa0, 0x1f, 0xfc, 0xb3, 0x0,
    0xff, 0xe0, 0x67, 0xff, 0xfb, 0x40, 0x3f, 0xf8,
    0xa, 0xcd, 0xfe, 0x50, 0xf, 0xfe, 0x4, 0xcf,
    0xfd, 0x60, 0x1f, 0xfd, 0x8f, 0xaa, 0xff, 0x80,
    0x3f, 0xc8, 0x6, 0xab, 0xfe, 0x40, 0x40, 0xc,

    /* U+6682 "暂" */
    0x0, 0xe1, 0x10, 0x7, 0xff, 0x24, 0x7f, 0x80,
    0x3f, 0xc2, 0x6f, 0x70, 0x1, 0x45, 0x53, 0x44,
    0x55, 0x5a, 0x48, 0xef, 0x7f, 0xb2, 0x11, 0x0,
    0x12, 0xac, 0x60, 0x2a, 0xb9, 0xdd, 0x28, 0x2d,
    0x15, 0x9f, 0x80, 0x16, 0xf9, 0x86, 0x7f, 0x7f,
    0xdc, 0xa0, 0xe, 0x97, 0x53, 0x0, 0xf3, 0x9c,
    0x99, 0x74, 0x80, 0x7f, 0xf1, 0x1a, 0x3, 0x2b,
    0x81, 0xea, 0xa3, 0x10, 0xcd, 0xdf, 0x58, 0x0,
    0x40, 0xa, 0xa3, 0x1, 0x55, 0x23, 0x0, 0x8,
    0x44, 0x64, 0x2, 0x20, 0x3, 0xff, 0xeb, 0x5,
    0xff, 0x72, 0xb8, 0x66, 0x48, 0x1d, 0x94, 0x1,
    0xfc, 0x2a, 0xf0, 0x24, 0x40, 0xf, 0xf4, 0x56,
    0x6f, 0xd8, 0x25, 0x43, 0xb8, 0x5c, 0x3, 0xfc,
    0xca, 0x60, 0x88, 0x3, 0xbd, 0xfe, 0xc, 0x0,
    0xff, 0x7f, 0x7e, 0xdc, 0x3, 0x21, 0x3, 0xb,
    0x80, 0x46, 0x1, 0xe1, 0x10, 0x4, 0x49, 0xe0,
    0x15, 0x50, 0x40, 0x2d, 0x53, 0x0, 0xfb, 0x7f,
    0x92, 0xbf, 0xeb, 0xb7, 0xfe, 0xb6, 0x0, 0xf8,
    0x48, 0x11, 0x3f, 0xf8, 0x0, 0x62, 0x1, 0xf8,
    0xee, 0xff, 0xf8, 0x2, 0x1, 0xfe, 0x27, 0x7f,
    0xfe, 0x0, 0x80, 0x7f, 0x86, 0x23, 0xff, 0x80,
    0x1, 0xff, 0x1f, 0xff, 0xff, 0x0, 0x40, 0x3f,
    0xfa, 0xc7, 0x33, 0xff, 0xc0, 0x10, 0xf, 0xc2,
    0x40, 0xcd, 0xff, 0xc0, 0x2, 0x10, 0x8,

    /* U+66F2 "曲" */
    0x0, 0xfa, 0x68, 0x3, 0x45, 0x0, 0x7f, 0xf0,
    0x99, 0x40, 0x33, 0x28, 0x80, 0x7f, 0xfa, 0x4,
    0x78, 0x0, 0x42, 0x30, 0x0, 0x84, 0x78, 0x1,
    0xfd, 0xdc, 0x0, 0xde, 0xe8, 0x43, 0x3b, 0xbb,
    0x8, 0x3, 0xff, 0x90, 0x40, 0x1, 0xff, 0xc0,
    0xf, 0xfc, 0x21, 0xdf, 0xf7, 0x0, 0x63, 0x0,
    0xff, 0xff, 0x80, 0x7f, 0xf0, 0xb, 0xff, 0x0,
    0x3f, 0xf0, 0x87, 0x7f, 0xdc, 0x1, 0xff, 0xce,
    0x2f, 0xfc, 0x0, 0xef, 0xf8, 0x43, 0x7f, 0xee,
    0x0, 0xff, 0x84, 0x3, 0x8c, 0x3, 0xff, 0xfc,
    0x60, 0x1f, 0xfc, 0x91, 0xff, 0xc0, 0xf, 0xfc,
    0x21, 0xdf, 0xf7, 0x0, 0x8, 0x40, 0x3f, 0xf8,
    0xea,

    /* U+66F4 "更" */
    0x0, 0xff, 0xe5, 0x27, 0xff, 0xff, 0x21, 0x19,
    0x13, 0xf8, 0x0, 0x68, 0x9f, 0x98, 0xae, 0xff,
    0x88, 0x3a, 0xef, 0xf1, 0x0, 0x4f, 0x33, 0xe3,
    0xb, 0x99, 0xe8, 0x50, 0xc, 0x70, 0xcd, 0xe1,
    0x6, 0x6f, 0x3d, 0x80, 0x79, 0x7f, 0xf8, 0x83,
    0x7f, 0xf7, 0x0, 0x80, 0x78, 0xc0, 0x3f, 0xf8,
    0x2, 0x1, 0xf9, 0x26, 0x78, 0xc2, 0x26, 0x78,
    0x3, 0xf1, 0x33, 0x70, 0x82, 0xb3, 0x70, 0x7,
    0xe6, 0xff, 0xe2, 0xd, 0xff, 0xe0, 0xf, 0xfe,
    0x11, 0x80, 0x7f, 0xf0, 0xde, 0xab, 0x84, 0x26,
    0xab, 0x80, 0x40, 0x31, 0x10, 0x55, 0x78, 0x0,
    0x8a, 0xbc, 0x8, 0x1, 0x87, 0x56, 0x7f, 0xea,
    0x5, 0xff, 0xfa, 0x80, 0x3c, 0x92, 0x80, 0x9,
    0xe, 0x0, 0xff, 0xe1, 0x68, 0x5b, 0x49, 0xaa,
    0x0, 0x7f, 0xf0, 0x8f, 0x6, 0x58, 0x24, 0x3,
    0xff, 0x86, 0x74, 0x1, 0xb3, 0x69, 0xd0, 0xc4,
    0x3, 0x8a, 0x2f, 0xb1, 0x81, 0xe9, 0x44, 0x96,
    0x2f, 0x3b, 0xfd, 0xdb, 0x4c, 0xe8, 0x4f, 0x7d,
    0xb, 0x5d, 0xb5, 0xc, 0x86, 0x20, 0x24, 0x69,
    0xfe, 0xc8, 0x40, 0xe, 0x25, 0x79, 0xbc, 0xef,
    0xfa, 0x40,

    /* U+66FF "替" */
    0x0, 0xf2, 0x88, 0x7, 0xe3, 0x60, 0xf, 0xf9,
    0xa9, 0x80, 0x3f, 0x44, 0x90, 0x7, 0xc4, 0x88,
    0xe0, 0xe4, 0x31, 0x0, 0x1a, 0x21, 0x81, 0x12,
    0x20, 0x8, 0xb6, 0xec, 0xe0, 0xd7, 0x94, 0xb,
    0x97, 0x62, 0x9, 0xbb, 0x69, 0x0, 0xa, 0xa6,
    0x4a, 0xb, 0x33, 0x2, 0x54, 0xc8, 0x81, 0xe6,
    0x54, 0x40, 0x12, 0xb3, 0x8, 0x31, 0x98, 0x40,
    0x2a, 0xcc, 0x0, 0x5b, 0x31, 0x40, 0x26, 0x99,
    0x94, 0x36, 0x65, 0x0, 0xb3, 0x31, 0x4, 0xce,
    0x60, 0x5, 0xb3, 0x44, 0x8, 0xcc, 0x72, 0x96,
    0x68, 0x0, 0xac, 0xd5, 0x80, 0x37, 0xb9, 0x60,
    0x4, 0xee, 0x79, 0x67, 0x71, 0x0, 0x25, 0xee,
    0x68, 0x4, 0x22, 0x80, 0x14, 0xc2, 0x0, 0x85,
    0xd0, 0xb0, 0xd7, 0xc, 0x3, 0xa4, 0xd3, 0x98,
    0xb1, 0x0, 0x11, 0x21, 0xc7, 0x8c, 0x5a, 0x80,
    0x1, 0xb6, 0x1a, 0x9, 0xa0, 0x32, 0xe7, 0x1b,
    0x30, 0x4, 0xc8, 0x2c, 0x43, 0xd0, 0xb0, 0x40,
    0xb, 0xce, 0x68, 0xde, 0x80, 0x19, 0xa9, 0x84,
    0x2e, 0x76, 0x3f, 0xf7, 0x7f, 0x2b, 0x77, 0xfe,
    0xa0, 0x59, 0x0, 0x2b, 0x3, 0x81, 0xa2, 0x7f,
    0x8c, 0x1c, 0x3, 0xfd, 0xb7, 0x7f, 0xee, 0x0,
    0xff, 0xe0, 0x18, 0x7, 0xf8, 0x40, 0x3f, 0xf8,
    0x1b, 0xff, 0xfe, 0xc0, 0xf, 0xfe, 0x3, 0x37,
    0xfc, 0xa0, 0x1f, 0xfc, 0x8, 0x99, 0xff, 0x40,
    0x7, 0xff, 0x63, 0x6e, 0xff, 0xde, 0x1, 0xfe,
    0x70, 0x34, 0x4f, 0xf1, 0x2, 0x0, 0x60,

    /* U+6700 "最" */
    0x0, 0x96, 0x23, 0xff, 0x84, 0xa0, 0x1e, 0xa7,
    0x7f, 0xfe, 0x15, 0x0, 0x7c, 0x3f, 0xff, 0xfc,
    0x1, 0x1, 0x0, 0xf1, 0x8f, 0x7f, 0xfe, 0xe1,
    0x30, 0xf, 0xe1, 0xb9, 0x9f, 0xd6, 0x20, 0x1f,
    0xf2, 0xbb, 0xfe, 0x50, 0xf, 0xf8, 0xbf, 0xbb,
    0xf7, 0x88, 0x7, 0xe4, 0x41, 0x65, 0xdf, 0xec,
    0x14, 0x31, 0x0, 0xeb, 0x90, 0x34, 0x4f, 0xc6,
    0x13, 0x80, 0x13, 0xff, 0xff, 0xf2, 0x19, 0x18,
    0x81, 0x59, 0xa2, 0x5, 0x66, 0xff, 0x21, 0xcb,
    0x87, 0xd5, 0x4c, 0x13, 0x5b, 0xac, 0xce, 0xd9,
    0x20, 0xd, 0x59, 0x92, 0x2, 0xe5, 0xda, 0xab,
    0xad, 0x80, 0x3a, 0xb3, 0x24, 0x5, 0xc4, 0x2b,
    0xbc, 0x20, 0xa0, 0x1c, 0x6e, 0xf8, 0x0, 0x62,
    0x40, 0x88, 0x11, 0x19, 0x80, 0x3a, 0x6e, 0xe3,
    0x0, 0xa0, 0x24, 0x45, 0x61, 0xe0, 0x1e, 0xac,
    0xc9, 0x0, 0x22, 0x82, 0xac, 0x18, 0x30, 0xf,
    0x30, 0x83, 0x38, 0x6, 0x75, 0x42, 0x67, 0x0,
    0x9b, 0x10, 0x33, 0x72, 0x8c, 0x3, 0x42, 0x80,
    0x1d, 0x40, 0x2c, 0x33, 0x23, 0x45, 0x62, 0x2,
    0xd7, 0xb9, 0x5b, 0x8d, 0x6b, 0x8d, 0x7e, 0xdc,
    0xba, 0x98, 0x87, 0x2a, 0x56, 0xa4, 0x50, 0x94,
    0x40, 0x3, 0xf6, 0x84, 0xfd, 0xa8, 0x4, 0xbf,
    0x9, 0x60,

    /* U+6708 "月" */
    0x0, 0xff, 0xe5, 0xef, 0xff, 0xff, 0x6, 0xc0,
    0x31, 0x1, 0x17, 0xf8, 0x41, 0x40, 0x38, 0x77,
    0x7f, 0xde, 0x1, 0xff, 0xe1, 0x1a, 0xaf, 0xf8,
    0x3, 0xf2, 0xaf, 0xf9, 0x0, 0x3e, 0x1c, 0xcf,
    0xf5, 0x80, 0x70, 0x81, 0x19, 0xff, 0x94, 0x3,
    0x8c, 0x1c, 0x3, 0xff, 0x88, 0x20, 0x20, 0x1f,
    0xfc, 0x46, 0x5, 0xdd, 0xff, 0x60, 0x7, 0x10,
    0x0, 0x8b, 0xfe, 0x0, 0xed, 0xc, 0xff, 0xff,
    0x70, 0x7, 0x20, 0x18, 0x7, 0xff, 0xc, 0xc5,
    0x40, 0x3f, 0xf8, 0x94, 0x1e, 0x1, 0xff, 0xc3,
    0x26, 0x15, 0x0, 0xff, 0xe1, 0xf, 0x84, 0x0,
    0x7f, 0xf0, 0xec, 0x8d, 0x80, 0x3f, 0x77, 0x70,
    0x2f, 0x9e, 0x80, 0x7f, 0x48, 0x8e, 0x59,

    /* U+6709 "有" */
    0x0, 0xff, 0xe9, 0x67, 0x0, 0x7f, 0xf1, 0xcc,
    0xe0, 0xf, 0xfe, 0x9, 0x17, 0xa8, 0x10, 0x8b,
    0xfc, 0x20, 0xfb, 0xbe, 0x60, 0x6d, 0xdf, 0xf7,
    0x2a, 0x2a, 0x26, 0x10, 0x24, 0x4f, 0xf9, 0x5c,
    0xea, 0xef, 0x0, 0x3e, 0xef, 0xfe, 0xa2, 0x0,
    0xe8, 0x17, 0x20, 0xf, 0xfe, 0x29, 0xb8, 0x3f,
    0xff, 0xf9, 0xc0, 0x3e, 0xe0, 0x1, 0x9f, 0xf1,
    0x6, 0x80, 0x7a, 0x88, 0x1, 0x99, 0xfd, 0xc0,
    0x20, 0x1d, 0x4a, 0x82, 0x1, 0xff, 0xc4, 0x1c,
    0x53, 0xb0, 0x7, 0xff, 0xf6, 0x0, 0x75, 0x99,
    0xb4, 0x2, 0x44, 0xfe, 0x30, 0xe, 0x88, 0x60,
    0x80, 0x85, 0xdf, 0xf7, 0x80, 0x71, 0x38, 0x7,
    0xff, 0x30, 0x40, 0x17, 0x7f, 0xde, 0x1, 0xfc,
    0xa0, 0x4, 0x4f, 0xe3, 0x0, 0xfe, 0xc0, 0x7f,
    0xff, 0xec, 0x0, 0xfc, 0x2c, 0x16, 0x1, 0xff,
    0x8, 0x7, 0xac, 0x4c, 0xc0, 0x1e, 0xab, 0xb7,
    0x81, 0x80, 0x78, 0x89, 0xa0, 0x1f, 0x1a, 0x20,
    0xca, 0x80, 0x3d, 0x1a, 0x20, 0x1f, 0x4f, 0x73,
    0xf4, 0xc0, 0x20,

    /* U+670D "服" */
    0x4, 0xbb, 0xf2, 0x2, 0x55, 0x7f, 0x28, 0x3,
    0x51, 0x3d, 0xc1, 0xea, 0xbf, 0xd2, 0x1, 0xb3,
    0xfd, 0x80, 0x1d, 0x9b, 0xbd, 0x80, 0x1e, 0x10,
    0x0, 0x80, 0x71, 0x17, 0xc0, 0x1f, 0xfd, 0xc1,
    0x77, 0x40, 0x7, 0xb7, 0xfd, 0xa0, 0x1f, 0x8e,
    0x20, 0xc3, 0x20, 0x19, 0x13, 0x0, 0x7e, 0x2f,
    0xee, 0x94, 0x3, 0x4d, 0xda, 0x40, 0x3a, 0xea,
    0xb5, 0xda, 0x9c, 0x0, 0x60, 0x60, 0x1f, 0x95,
    0x7f, 0x40, 0x7, 0xff, 0x6, 0x41, 0x77, 0x71,
    0x10, 0x3, 0x18, 0x8c, 0x1, 0xce, 0x2a, 0x45,
    0x19, 0x20, 0x0, 0x43, 0x7b, 0x98, 0x1, 0xe9,
    0x6, 0x0, 0x38, 0x68, 0x1, 0xc0, 0xcf, 0x0,
    0x79, 0x82, 0xc0, 0x14, 0x28, 0x0, 0x21, 0xcc,
    0xb8, 0x3, 0xc2, 0xe4, 0xca, 0x6c, 0x1, 0x9,
    0x80, 0x7f, 0xd0, 0x31, 0x61, 0x20, 0x1, 0x6,
    0x0, 0xff, 0xe0, 0x50, 0x8a, 0x4, 0x0, 0xa0,
    0x60, 0x1f, 0xfc, 0xe, 0x0, 0x60, 0x5, 0x81,
    0x80, 0x1f, 0xe1, 0xc5, 0x45, 0x4b, 0x0, 0x28,
    0x20, 0x2c, 0xc8, 0xc, 0x2, 0x7e, 0x35, 0xba,
    0x54, 0xe4, 0x76, 0x0, 0x63, 0x20, 0x50, 0x8,
    0x12, 0x55, 0x0, 0x15, 0x0, 0x35, 0x20, 0x9,
    0xdd, 0x79, 0x85, 0x72, 0x5a, 0x80, 0x67, 0xe5,

    /* U+671D "朝" */
    0x0, 0xf4, 0x98, 0x7, 0xff, 0x21, 0x1a, 0xc0,
    0x38, 0x99, 0xbe, 0x40, 0xf, 0xfe, 0x14, 0xcf,
    0xeb, 0x0, 0x2e, 0x65, 0x20, 0xd9, 0x95, 0x0,
    0x4d, 0x11, 0x80, 0x36, 0x99, 0xc4, 0x2, 0x67,
    0x38, 0x80, 0x2d, 0xdf, 0x10, 0x5, 0x1f, 0xf5,
    0x83, 0xff, 0xda, 0x20, 0x1f, 0xfc, 0x4, 0x77,
    0x68, 0x23, 0xb9, 0x80, 0x3f, 0xf8, 0x57, 0x10,
    0x60, 0x38, 0x84, 0xb8, 0x5, 0xf9, 0x98, 0x80,
    0x38, 0xff, 0xfa, 0x80, 0x38, 0x8c, 0xf0, 0x7,
    0x9c, 0x3, 0x84, 0x3, 0xb7, 0xff, 0x10, 0x7,
    0x27, 0xff, 0x58, 0x7, 0x18, 0x7, 0xf8, 0x9d,
    0xf9, 0x40, 0x27, 0x0, 0xff, 0xe0, 0x34, 0x47,
    0x70, 0x7, 0x8, 0x7, 0xf9, 0x66, 0x7b, 0xc0,
    0x21, 0xf, 0xfe, 0x20, 0xc, 0x62, 0xcd, 0xc8,
    0x26, 0x4, 0x4, 0x5c, 0x1, 0xd9, 0xfe, 0xb0,
    0x7f, 0xf7, 0x20, 0x82, 0x6e, 0xf1, 0x0, 0x61,
    0x1c, 0x2, 0x38, 0x14, 0x8, 0x3, 0xfb, 0x7b,
    0xaa, 0x6, 0xee, 0xbf, 0x43, 0x0, 0x3f, 0x95,
    0x12, 0x30, 0x24, 0x49, 0x90, 0x10, 0x3, 0xfa,
    0x2e, 0xe8, 0x5, 0xbb, 0xa8, 0x90, 0x40, 0x3f,
    0xf8, 0xfe, 0x1e, 0x1, 0xff, 0xc7, 0x83, 0x44,
    0x0, 0x51, 0xba, 0x21, 0x0, 0xf3, 0x7, 0x0,
    0x31, 0x28, 0x3, 0x71, 0x10, 0x6c, 0x3, 0xc5,
    0xec, 0x0, 0x4b, 0x10, 0xc, 0xdf, 0xee, 0x50,

    /* U+671F "期" */
    0x0, 0xff, 0xe7, 0x5e, 0x80, 0x6d, 0xc0, 0x8,
    0x4c, 0xfc, 0x20, 0x19, 0xcc, 0x3, 0x10, 0x80,
    0x5d, 0x99, 0xee, 0x0, 0x88, 0x40, 0x8b, 0x1,
    0x90, 0x8, 0x1, 0x57, 0x0, 0x4, 0x2b, 0x48,
    0x77, 0x70, 0xe, 0xd0, 0x0, 0xea, 0xb1, 0x80,
    0x5c, 0xc2, 0xa, 0xb8, 0x0, 0xdc, 0x1, 0xff,
    0x24, 0x90, 0xd5, 0x60, 0x29, 0x40, 0xf, 0xfe,
    0x10, 0xcc, 0xe0, 0xf, 0x1e, 0x66, 0x30, 0xf,
    0x99, 0xb0, 0x7, 0xc6, 0x78, 0x3, 0xe1, 0xff,
    0xc0, 0x1e, 0x3f, 0xfc, 0x60, 0x1f, 0xfd, 0x11,
    0x99, 0xc0, 0x1f, 0xfc, 0x76, 0x6c, 0x1, 0x8c,
    0x0, 0x23, 0x80, 0x3e, 0x1f, 0xfc, 0x1, 0x84,
    0xf, 0xbb, 0x18, 0x7, 0xff, 0xd, 0x80, 0xd9,
    0xb0, 0x80, 0x59, 0xe6, 0x3f, 0xf8, 0xb, 0xe0,
    0x82, 0xe6, 0x71, 0x0, 0x4c, 0x45, 0xfc, 0x7f,
    0xc0, 0x40, 0x1f, 0xab, 0x74, 0x93, 0xba, 0x5e,
    0xdc, 0x77, 0x3, 0x80, 0x7f, 0xa5, 0x8c, 0x5,
    0xf4, 0x41, 0x44, 0x44, 0x1, 0xfc, 0x8c, 0x4e,
    0x3, 0x23, 0x41, 0xc0, 0x80, 0x1f, 0xc9, 0x61,
    0xc0, 0x13, 0x31, 0xd, 0x2, 0x40, 0xf, 0x54,
    0x30, 0x10, 0x31, 0xb3, 0x0, 0xd3, 0xe4, 0x46,
    0x30, 0x6, 0xaa, 0x81, 0xc0, 0xf, 0xc8, 0x1,
    0xf0, 0xec, 0x80, 0x55, 0xbd, 0xf0, 0x0,

    /* U+672A "未" */
    0x0, 0xff, 0xea, 0x67, 0x80, 0x7f, 0xf2, 0x8,
    0x4, 0x3, 0xff, 0xaa, 0x97, 0x7f, 0x8, 0x6d,
    0xdf, 0xa4, 0x3, 0x6a, 0x27, 0xc0, 0x3, 0x44,
    0xf3, 0x0, 0x69, 0xdd, 0xf8, 0x43, 0x37, 0x7d,
    0xc0, 0x1c, 0x45, 0xf0, 0x0, 0x8b, 0xe1, 0x0,
    0xff, 0xf1, 0x16, 0x6e, 0xfe, 0x10, 0xcd, 0xdf,
    0xcc, 0x26, 0x45, 0xf8, 0x0, 0x45, 0xfd, 0x87,
    0xff, 0xf4, 0x80, 0x66, 0xff, 0xfa, 0x80, 0x3e,
    0x39, 0x0, 0x85, 0x98, 0x1, 0xff, 0xc1, 0x2d,
    0xa, 0x10, 0xd1, 0x95, 0x0, 0xff, 0x8f, 0x6,
    0x14, 0x0, 0x5a, 0x14, 0xc0, 0x1f, 0xcb, 0x83,
    0xe, 0x1, 0x8e, 0xc2, 0x60, 0x3, 0xe9, 0xa0,
    0x97, 0x0, 0xf2, 0x58, 0x3d, 0x88, 0x4, 0x9a,
    0xc1, 0x4c, 0x1, 0xf9, 0x34, 0x53, 0xd8, 0x2a,
    0xc8, 0xf5, 0x40, 0x3f, 0xc5, 0xea, 0x33, 0x9c,
    0x73, 0x84, 0x1, 0xff, 0xc0, 0x1a, 0xa1, 0xd2,
    0x63, 0x0, 0x7f, 0xf1, 0x17, 0x18, 0x3, 0xfc,
    0xa2, 0x20, 0xf, 0xe0,

    /* U+672C "本" */
    0x0, 0xff, 0xea, 0x57, 0x88, 0x7, 0xff, 0x1d,
    0x80, 0x80, 0x3f, 0xfd, 0x44, 0x67, 0xf8, 0x41,
    0x8c, 0xff, 0x1, 0x6e, 0x67, 0xe2, 0xa, 0xcc,
    0xfd, 0x46, 0xa8, 0x9e, 0x0, 0xc2, 0x4, 0x89,
    0xef, 0x1a, 0xbb, 0xed, 0x6, 0x30, 0x80, 0x6b,
    0xbf, 0x28, 0x7, 0xd0, 0x16, 0x0, 0x53, 0x43,
    0x0, 0xff, 0xe0, 0x38, 0xa9, 0x0, 0x52, 0x10,
    0x1, 0xff, 0x14, 0x4, 0x0, 0x65, 0x34, 0x60,
    0xf, 0xf7, 0x84, 0x90, 0x7, 0x78, 0x49, 0x0,
    0x7e, 0x92, 0x46, 0x0, 0xf1, 0xb8, 0x70, 0x7,
    0xcc, 0xc1, 0xa0, 0xf, 0xd0, 0x47, 0x40, 0x1c,
    0xd2, 0x14, 0x20, 0x1f, 0xde, 0xb, 0x20, 0x14,
    0x48, 0x3c, 0x6e, 0xe3, 0xd, 0xdd, 0xe8, 0xd,
    0x63, 0x4e, 0x15, 0x66, 0x45, 0x80, 0x2, 0x45,
    0x86, 0xc1, 0x2a, 0x53, 0x14, 0xff, 0xf8, 0xc3,
    0x3f, 0xf5, 0x26, 0xb4, 0x9d, 0x98, 0x7, 0xff,
    0x10, 0xa4, 0x80, 0x3f, 0xfd, 0x4a, 0x24, 0x1,
    0xfc,

    /* U+673A "机" */
    0x0, 0xff, 0xe8, 0xce, 0x80, 0x7f, 0xf2, 0x94,
    0x80, 0x3b, 0xbf, 0xfd, 0x80, 0x1f, 0xfc, 0x31,
    0x10, 0x19, 0xe0, 0x30, 0xf, 0xfe, 0x29, 0xe6,
    0x61, 0x0, 0xf8, 0x46, 0x0, 0x10, 0x88, 0x3,
    0xff, 0x87, 0x5d, 0xd1, 0x86, 0xf7, 0x1c, 0x3,
    0xff, 0x85, 0xe8, 0x90, 0x1, 0x12, 0x30, 0xf,
    0xfe, 0x12, 0xdd, 0xbc, 0x1, 0x77, 0x20, 0x7,
    0xff, 0x17, 0x40, 0x2, 0x1, 0xff, 0xc8, 0x70,
    0x5, 0x0, 0x7f, 0xf1, 0xd8, 0x40, 0x9, 0x40,
    0x3, 0x7, 0x0, 0xff, 0xe0, 0xd1, 0x18, 0x32,
    0xc8, 0x8, 0x8, 0x7, 0xff, 0x1, 0xe, 0x80,
    0x10, 0x6c, 0xac, 0x6, 0x1, 0xff, 0xc0, 0x90,
    0x60, 0x0, 0xf0, 0xb1, 0x7, 0x0, 0x7f, 0xce,
    0x4c, 0x20, 0x11, 0x71, 0xe8, 0x18, 0x7, 0xfd,
    0x1, 0x0, 0x1f, 0x20, 0x28, 0x7, 0xec, 0x20,
    0x3a, 0x10, 0xf, 0x18, 0x98, 0x80, 0x7c, 0x26,
    0x81, 0x8a, 0x1, 0xf5, 0x5, 0x80, 0x7f, 0xf2,
    0x9, 0x81, 0x80, 0x3f, 0x18, 0x18, 0x7, 0xf7,
    0x84, 0x8, 0x7, 0x10, 0x67, 0x83, 0x0, 0x7e,
    0x42, 0x47, 0x0, 0xf4, 0x89, 0x92, 0x98, 0x7,
    0x29, 0x2, 0x5d, 0x80, 0x3e, 0x5e, 0xff, 0x50,
    0x0,

    /* U+6742 "杂" */
    0x0, 0xfc, 0x90, 0x1, 0xff, 0xc8, 0xa7, 0x0,
    0xff, 0xe3, 0x88, 0x88, 0x3, 0xff, 0x82, 0x79,
    0x9e, 0x2, 0xcc, 0xeb, 0x10, 0xf, 0x29, 0x9f,
    0x10, 0x0, 0xcf, 0x91, 0x0, 0x1e, 0x6f, 0xfd,
    0x80, 0xe, 0xff, 0xcc, 0x1, 0xff, 0xc1, 0x80,
    0x71, 0x0, 0xc2, 0x1, 0xc6, 0x1, 0xea, 0x42,
    0x80, 0xf, 0xfb, 0x64, 0x2, 0x3c, 0x51, 0xf0,
    0xf, 0xf8, 0x44, 0x40, 0xd7, 0x86, 0x9e, 0x40,
    0x1e, 0xe0, 0xaf, 0xef, 0x3, 0x69, 0x42, 0x9b,
    0x10, 0xa, 0x18, 0x0, 0xe8, 0x20, 0x20, 0x92,
    0xd5, 0x9a, 0xc0, 0x18, 0x5e, 0x0, 0x3, 0x7d,
    0xfe, 0xeb, 0x11, 0x7c, 0x5d, 0xfa, 0x80, 0x6e,
    0xff, 0x48, 0x12, 0xa2, 0x7e, 0x0, 0x22, 0x7e,
    0x61, 0x3e, 0xdd, 0xfb, 0x0, 0x77, 0x7f, 0x70,
    0x80, 0x91, 0x42, 0x64, 0x50, 0x0, 0x8a, 0x12,
    0x2c, 0x20, 0x1c, 0xd9, 0x80, 0xf, 0x97, 0x34,
    0x40, 0x3e, 0x49, 0x9, 0x0, 0xf9, 0x58, 0xbc,
    0x80, 0x39, 0xac, 0x2d, 0x0, 0x3f, 0x4b, 0x8e,
    0x10, 0x5, 0x92, 0x16, 0x80, 0x1f, 0xe8, 0x61,
    0xe0, 0x9, 0x53, 0x50, 0x3, 0xff, 0x81, 0x26,
    0x1, 0xa6, 0xc8, 0x0, 0x79, 0x90, 0x10, 0x7,
    0xb3, 0x0, 0x1f, 0x88, 0x4c, 0x8f, 0xc0, 0x3f,
    0xc0,

    /* U+6750 "材" */
    0x0, 0xff, 0xe8, 0x97, 0xb8, 0x7, 0xfd, 0xb4,
    0x1, 0xf9, 0xc3, 0x40, 0x3f, 0xc2, 0x4e, 0x1,
    0xff, 0xe9, 0x11, 0x8c, 0x0, 0x22, 0x0, 0x84,
    0x78, 0xc0, 0x2, 0x1, 0x27, 0x75, 0x20, 0xbd,
    0xca, 0x7f, 0xee, 0xed, 0x2, 0xef, 0x30, 0x64,
    0x33, 0x8, 0x9, 0xa6, 0x1a, 0x19, 0xf0, 0x4,
    0x68, 0x20, 0x57, 0x98, 0x0, 0x1e, 0x5b, 0x25,
    0xe6, 0x6e, 0x0, 0x16, 0x59, 0x0, 0x63, 0x10,
    0x2a, 0x0, 0xfd, 0x20, 0x1f, 0xea, 0x0, 0x95,
    0xc0, 0x3c, 0x88, 0x10, 0xf, 0xc2, 0xc0, 0x5,
    0x38, 0x30, 0xe, 0xa0, 0xb0, 0xf, 0xd2, 0xc,
    0x0, 0xe0, 0xf0, 0xd, 0x42, 0xc8, 0x1, 0xf0,
    0xb8, 0xe0, 0x0, 0xa1, 0x80, 0x25, 0x51, 0x48,
    0x7, 0xe8, 0x8, 0x0, 0xcf, 0x40, 0x3, 0xa0,
    0xe0, 0xf, 0xc8, 0xc2, 0xc0, 0x1f, 0x1e, 0x84,
    0x98, 0x7, 0xea, 0xb, 0x0, 0xf9, 0x30, 0x5d,
    0x80, 0x3f, 0xca, 0xa0, 0xf, 0x1d, 0x82, 0xc0,
    0x7, 0xfb, 0xe8, 0x3, 0xe3, 0x33, 0xd0, 0x7,
    0xfc, 0x20, 0x1f, 0xd9, 0x0, 0x1f, 0xfd, 0x13,
    0x0, 0xff, 0xe4, 0x77, 0x5a, 0xc, 0x1, 0xf9,
    0xc7, 0x0, 0x3e, 0x61, 0x19, 0x64, 0x2,

    /* U+675F "束" */
    0x0, 0xff, 0xea, 0x6e, 0x80, 0x3f, 0xf9, 0x4,
    0x40, 0xf, 0xfb, 0x37, 0x7f, 0x0, 0x37, 0x7f,
    0x60, 0x8c, 0x45, 0xf8, 0x0, 0x45, 0xfc, 0x3,
    0xbf, 0xff, 0x80, 0x1f, 0xff, 0xb8, 0x40, 0x3f,
    0xf9, 0x85, 0x57, 0x7e, 0x0, 0x5d, 0xfa, 0x8c,
    0x3, 0x2a, 0x91, 0x3c, 0x0, 0x44, 0xf2, 0xc8,
    0x6, 0xf0, 0x9f, 0xfe, 0x0, 0x7f, 0xf4, 0x80,
    0x7e, 0x30, 0xf, 0xfe, 0x1, 0x0, 0x7f, 0xf4,
    0x88, 0xbc, 0x0, 0x22, 0xe3, 0x0, 0xf7, 0x84,
    0x6e, 0xf0, 0x3, 0x77, 0xa0, 0xc, 0x3, 0x2b,
    0x37, 0x20, 0x6, 0x46, 0x6e, 0xa0, 0xc, 0x53,
    0x3a, 0xd8, 0x3, 0x2d, 0xcc, 0xe3, 0x0, 0xfc,
    0x78, 0x4e, 0x0, 0x91, 0xc4, 0x0, 0xff, 0x9f,
    0x6, 0x60, 0x0, 0xd2, 0x37, 0x0, 0x1f, 0x93,
    0x60, 0x6d, 0x80, 0x33, 0x60, 0xbe, 0xa8, 0x6,
    0x4b, 0xb1, 0x2f, 0xa0, 0x7, 0x8f, 0xd4, 0xab,
    0x14, 0x26, 0xd0, 0xae, 0x84, 0x3, 0xf0, 0xd5,
    0x91, 0xd5, 0xd9, 0xab, 0x50, 0x3, 0xff, 0x80,
    0x9b, 0x6b, 0x5, 0x2a, 0x1, 0xf1, 0x98, 0x3,
    0xe4, 0xa3,

    /* U+6761 "条" */
    0x0, 0xfc, 0x20, 0x1f, 0xfc, 0x86, 0xeb, 0x0,
    0xff, 0xe3, 0x1c, 0x87, 0x88, 0xf8, 0x3, 0xfe,
    0x2d, 0x0, 0x5f, 0x77, 0xc6, 0x1, 0xf8, 0xf0,
    0x44, 0x68, 0x99, 0x4c, 0x4, 0x40, 0x1f, 0x36,
    0x8, 0x3, 0x6e, 0xf8, 0x42, 0x8, 0x3, 0x8b,
    0x24, 0x2a, 0x47, 0xc8, 0x0, 0x58, 0x4a, 0xe0,
    0x1e, 0xe3, 0x36, 0xab, 0x48, 0xeb, 0x2e, 0x92,
    0xd0, 0x7, 0xdb, 0x78, 0x40, 0x6, 0xb1, 0x9a,
    0x8, 0xa0, 0xf, 0xc2, 0x80, 0x19, 0x3c, 0x40,
    0x2b, 0x60, 0xf, 0xf8, 0xe3, 0x6d, 0xa, 0x6c,
    0xcd, 0x3f, 0x6c, 0x40, 0x19, 0xeb, 0xb1, 0xc9,
    0x2b, 0x49, 0xf3, 0xc, 0x29, 0x3b, 0xfa, 0xa5,
    0xa, 0x29, 0x3d, 0x6a, 0x17, 0xc0, 0x73, 0xd9,
    0xa, 0x40, 0xc5, 0x98, 0xfb, 0x61, 0x0, 0xc6,
    0x1, 0x8d, 0xeb, 0x74, 0x6f, 0x98, 0xff, 0xf8,
    0x7, 0xff, 0xf9, 0xcd, 0x51, 0x3c, 0x1, 0xc2,
    0x89, 0xe5, 0x34, 0xab, 0xbe, 0x20, 0x30, 0x1,
    0x9, 0xdd, 0xf5, 0x20, 0x7, 0xd, 0xb2, 0x60,
    0xe, 0x13, 0xd0, 0x80, 0x7f, 0x37, 0xa2, 0xd8,
    0x4, 0x38, 0x8b, 0xec, 0x1, 0xe4, 0xd9, 0x19,
    0xa0, 0xe, 0x1b, 0x91, 0x9d, 0x50, 0x2, 0xed,
    0x92, 0x6b, 0x0, 0x7e, 0x6d, 0x42, 0xae, 0x72,
    0x22, 0x5d, 0x88, 0x3, 0xfc, 0x57, 0x8a, 0x4,
    0xff, 0x68, 0x1, 0xe3, 0x50, 0xf, 0x1d, 0x72,
    0x80,

    /* U+6765 "来" */
    0x0, 0xff, 0xea, 0x6e, 0x80, 0x3f, 0xf9, 0x4,
    0x40, 0xf, 0xf8, 0xef, 0x33, 0xe0, 0x6, 0x67,
    0xe5, 0x0, 0x32, 0x19, 0xfc, 0x0, 0x33, 0xfd,
    0x80, 0x5, 0xfe, 0xef, 0x80, 0x1d, 0xdd, 0x9d,
    0xc9, 0x0, 0xc7, 0xd0, 0x23, 0x80, 0x2, 0x39,
    0x72, 0x4, 0x3, 0x88, 0x8c, 0xa0, 0x1f, 0xd0,
    0x18, 0x1, 0xf4, 0x85, 0x80, 0x7e, 0x53, 0x32,
    0x80, 0x7c, 0x84, 0x20, 0x1f, 0xac, 0x38, 0x3,
    0xfb, 0xb0, 0x3, 0xf3, 0x51, 0x0, 0x66, 0xee,
    0xdb, 0xae, 0xe8, 0x1, 0xdd, 0x35, 0xf7, 0x67,
    0x1, 0x1f, 0xe0, 0x0, 0x8f, 0xf0, 0x37, 0xff,
    0xc8, 0x1, 0x93, 0xff, 0xe7, 0x0, 0xfa, 0x51,
    0x40, 0xa, 0x92, 0x1, 0xff, 0xc1, 0x96, 0x3a,
    0x0, 0x51, 0xb4, 0x80, 0x7f, 0xd6, 0xc5, 0xa0,
    0x1b, 0x49, 0xa8, 0x3, 0xf1, 0x62, 0x1e, 0x8,
    0x6, 0x1c, 0x35, 0xc1, 0x0, 0xe6, 0xd3, 0x4c,
    0x10, 0xf, 0xe, 0x99, 0xbd, 0x40, 0x7, 0x92,
    0xf, 0x60, 0x1f, 0xc3, 0x8c, 0x35, 0x87, 0x46,
    0x57, 0x0, 0x1f, 0xfc, 0x9, 0xb1, 0x38, 0x9c,
    0xd4, 0x0, 0xff, 0xe1, 0x27, 0x55, 0x0, 0xc0,
    0x3f, 0x19, 0x80, 0x3f, 0x28, 0x80,

    /* U+676F "杯" */
    0x0, 0xff, 0xe8, 0xed, 0x0, 0x7f, 0xf2, 0x89,
    0xc0, 0x7, 0x55, 0xff, 0xc0, 0x70, 0xf, 0xf2,
    0x2a, 0xff, 0xf0, 0x28, 0x3, 0xfc, 0xfb, 0xbe,
    0x10, 0x9d, 0xdc, 0x1, 0x8, 0xc0, 0x1, 0x10,
    0x11, 0x73, 0x89, 0x31, 0x14, 0x1, 0x4f, 0x74,
    0x5, 0xdd, 0x0, 0x74, 0x5, 0x0, 0x7d, 0x88,
    0x83, 0x0, 0x22, 0x18, 0x3, 0x39, 0x3, 0x80,
    0x7c, 0xb7, 0x64, 0x1, 0xbb, 0x40, 0x4, 0x70,
    0x0, 0x57, 0x0, 0xfe, 0x50, 0x1c, 0x0, 0xee,
    0x0, 0xbe, 0x30, 0x40, 0x3c, 0x44, 0x0, 0x1d,
    0x80, 0x56, 0x44, 0x0, 0x53, 0x1f, 0x90, 0x7,
    0x50, 0x0, 0x9d, 0x1c, 0x2d, 0x7, 0xc4, 0x1,
    0x2e, 0x38, 0x40, 0x19, 0x90, 0x1, 0xa, 0x5a,
    0x81, 0xa4, 0x1, 0xa2, 0x3, 0xe0, 0x13, 0xf,
    0x0, 0x51, 0x44, 0x3a, 0x60, 0x1e, 0x76, 0x0,
    0xd6, 0x2a, 0x1, 0x19, 0x27, 0x90, 0x7, 0xe9,
    0xd0, 0x3, 0x94, 0x80, 0x61, 0xdb, 0x10, 0xf,
    0xfe, 0xc, 0xb, 0x80, 0x7f, 0xf2, 0x4e, 0xc0,
    0x3f, 0xf9, 0x58, 0xa0, 0x1f, 0xff, 0xf0, 0xf,
    0xfe, 0x59, 0x20, 0x7, 0xe5, 0x20, 0xf, 0x80,

    /* U+677E "松" */
    0x0, 0xff, 0xe7, 0x97, 0xa8, 0x7, 0x94, 0x16,
    0xed, 0x20, 0x1f, 0x84, 0x34, 0x3, 0x92, 0x9b,
    0x55, 0x18, 0xc0, 0x3f, 0xf8, 0x78, 0x7, 0x1d,
    0x41, 0x60, 0x1f, 0xfc, 0x33, 0x4, 0x0, 0x20,
    0x28, 0x7, 0x11, 0x18, 0x4, 0x88, 0x1, 0x20,
    0x88, 0x0, 0x26, 0x42, 0x1, 0x5e, 0xea, 0x81,
    0xb7, 0x4e, 0x8, 0x8, 0x1, 0xac, 0x1c, 0x2,
    0xe5, 0x51, 0x1, 0x2a, 0x90, 0x34, 0x3c, 0x3,
    0x28, 0x50, 0x4, 0xb5, 0x47, 0x5, 0xaa, 0x18,
    0xb0, 0x28, 0x10, 0x0, 0x8c, 0xc8, 0x1, 0xca,
    0xe, 0x40, 0x8, 0x6, 0xa, 0xd3, 0x0, 0x48,
    0x40, 0x6, 0x40, 0xb, 0x80, 0xc, 0x10, 0x8,
    0x4, 0x0, 0x52, 0x34, 0x0, 0xb8, 0x0, 0x66,
    0x70, 0x69, 0x13, 0x14, 0x10, 0xb, 0x95, 0x0,
    0x25, 0x20, 0x44, 0x41, 0x4b, 0x5, 0x6, 0x80,
    0x63, 0xa0, 0x9, 0x82, 0x80, 0x10, 0x26, 0x1,
    0x38, 0x38, 0x7, 0xf4, 0x12, 0x0, 0xf, 0x84,
    0x0, 0xa2, 0x82, 0x0, 0x42, 0x0, 0xce, 0x34,
    0x1, 0xfb, 0x83, 0x80, 0x2b, 0xf0, 0xd, 0x20,
    0xe0, 0x1f, 0x12, 0x12, 0x80, 0x4a, 0x4c, 0x1,
    0x2c, 0x80, 0x7e, 0xb0, 0xb0, 0xd, 0x21, 0x0,
    0x15, 0xb0, 0x7, 0xc2, 0xc2, 0xc0, 0x10, 0x81,
    0xb, 0x0, 0x7f, 0xd6, 0x7, 0x59, 0xdf, 0xd8,
    0x41, 0x60, 0x1f, 0xf2, 0x81, 0x29, 0x99, 0x1a,
    0x2c, 0x88, 0x80, 0x1f, 0xea, 0x8b, 0xef, 0xdb,
    0x97, 0x4b, 0x27, 0x0, 0xc4, 0x3a, 0x1, 0x2b,
    0xa0, 0x80, 0x79, 0xb4, 0xc0,

    /* U+677F "板" */
    0x0, 0xff, 0xe8, 0xf, 0x40, 0x7, 0xff, 0x24,
    0xc4, 0x80, 0x36, 0xff, 0xff, 0xa4, 0x3, 0xff,
    0x80, 0x40, 0x67, 0xfd, 0xe0, 0x1f, 0xfc, 0x12,
    0xcc, 0xfe, 0x60, 0x0, 0xa2, 0xa0, 0x32, 0xa0,
    0x80, 0x7f, 0xf0, 0xee, 0xd5, 0x20, 0x75, 0x76,
    0x0, 0xff, 0xe1, 0xcb, 0xb9, 0x0, 0x9d, 0xd2,
    0x1, 0xff, 0xc3, 0x38, 0x80, 0x1, 0xe2, 0x6,
    0x0, 0x2d, 0xdf, 0xd8, 0x20, 0x1c, 0x80, 0xc0,
    0x10, 0x80, 0x8, 0xbf, 0x1a, 0x80, 0x65, 0x0,
    0x1b, 0x80, 0x61, 0x4, 0xff, 0xe2, 0x5, 0x0,
    0xdc, 0x1, 0x42, 0x1, 0x82, 0x9a, 0x8, 0x4,
    0x24, 0x41, 0x0, 0x85, 0x10, 0x8, 0x34, 0x42,
    0x3, 0x40, 0xc0, 0x13, 0x5, 0x0, 0x69, 0xe,
    0x1, 0xa1, 0xb6, 0x3, 0x60, 0xa0, 0xa, 0x41,
    0x80, 0x21, 0x73, 0x70, 0x2, 0x3e, 0x90, 0x70,
    0x39, 0x30, 0x38, 0xb0, 0x80, 0x56, 0x12, 0x1,
    0xa1, 0x38, 0xc, 0x24, 0x20, 0xe0, 0x20, 0x3,
    0x29, 0xa8, 0x7, 0x90, 0x14, 0x6, 0x7, 0x2,
    0x4, 0x3, 0x37, 0x0, 0x78, 0x48, 0x82, 0x0,
    0x71, 0x2, 0x70, 0xe, 0x92, 0x0, 0xf3, 0x2,
    0x0, 0x52, 0x20, 0x4a, 0x1, 0xff, 0xc1, 0x90,
    0xa0, 0x2c, 0x63, 0xb0, 0xa6, 0x0, 0xff, 0xa0,
    0x50, 0xeb, 0x4d, 0x71, 0x28, 0x26, 0x84, 0x3,
    0xf8, 0xc2, 0x41, 0xce, 0xe8, 0x0, 0xb4, 0xb,
    0xc0, 0x1c, 0x63, 0xa1, 0x7a, 0x41, 0xb8, 0x80,
    0x19, 0x75, 0x20, 0x0,

    /* U+679C "果" */
    0x0, 0xc2, 0x3f, 0xfc, 0x30, 0xf, 0x6f, 0x77,
    0xff, 0xd, 0x80, 0x38, 0x81, 0x57, 0x84, 0x11,
    0x57, 0x10, 0x78, 0x7, 0xd5, 0x5c, 0x41, 0x15,
    0x5c, 0x1, 0xfc, 0x23, 0xc0, 0x7, 0x11, 0xde,
    0x1, 0xfd, 0xdd, 0xc6, 0x17, 0xdd, 0x9c, 0x3,
    0xf9, 0xdf, 0x84, 0x15, 0xdf, 0x18, 0x7, 0xf4,
    0x47, 0x10, 0x4c, 0x46, 0xb0, 0xf, 0xe9, 0x9e,
    0x20, 0x99, 0xeb, 0x0, 0xf8, 0x81, 0x9b, 0x84,
    0x15, 0x9b, 0x18, 0x70, 0x7, 0x6f, 0x77, 0x8c,
    0x2b, 0xbb, 0xce, 0x1, 0xe1, 0x1f, 0x0, 0x18,
    0x47, 0xc0, 0x10, 0xde, 0x67, 0xe3, 0xe, 0xcc,
    0xfc, 0xc6, 0xa6, 0x7f, 0x80, 0x4, 0x67, 0xfb,
    0x8b, 0xbf, 0xfb, 0x8c, 0x3, 0xa7, 0xff, 0xd0,
    0x1, 0xe3, 0xf3, 0x73, 0xa, 0x29, 0x90, 0x7,
    0xfd, 0x18, 0x31, 0x0, 0x3, 0x61, 0xb6, 0x98,
    0x7, 0xcb, 0xae, 0x36, 0xe0, 0x18, 0x71, 0xcb,
    0x24, 0x40, 0x26, 0xca, 0x25, 0xf4, 0x0, 0xfa,
    0x2c, 0x9b, 0xa4, 0xaa, 0x4c, 0xae, 0x84, 0x3,
    0xf9, 0x35, 0xc1, 0xa6, 0xde, 0xf5, 0x0, 0x3f,
    0xf8, 0x31, 0xd3, 0x21, 0x84, 0x0, 0xf9, 0x44,
    0x80, 0x3c, 0x2c, 0x40,

    /* U+67B6 "架" */
    0x0, 0xca, 0xc0, 0x1f, 0xfc, 0x88, 0x90, 0xf,
    0xfe, 0x41, 0x8, 0x7, 0x8a, 0x67, 0xe4, 0x7,
    0xff, 0x80, 0x7f, 0xee, 0x60, 0xb6, 0x6f, 0xa4,
    0x9, 0xc, 0x80, 0x4c, 0xc4, 0x38, 0x6, 0x15,
    0xbb, 0x60, 0x18, 0x2d, 0xe5, 0x84, 0xe6, 0x38,
    0x3, 0x98, 0x8a, 0x30, 0xf, 0x68, 0x20, 0x1,
    0xc0, 0x80, 0x3f, 0xf8, 0x24, 0x82, 0x60, 0x2,
    0xe, 0x0, 0xff, 0xe0, 0xc8, 0x48, 0x5, 0xe0,
    0x40, 0x1f, 0x8, 0x6, 0x94, 0x27, 0x38, 0x83,
    0x2, 0x80, 0x59, 0xff, 0x70, 0x18, 0x53, 0xf,
    0x83, 0x3b, 0x81, 0xc4, 0x30, 0x3, 0xe7, 0xe,
    0x6f, 0x20, 0x5e, 0xdf, 0x86, 0x56, 0xff, 0xfa,
    0x81, 0x24, 0x40, 0x21, 0x20, 0x4, 0xd8, 0x7,
    0xf8, 0xea, 0xef, 0xf0, 0xd, 0xdf, 0xe9, 0x5,
    0x52, 0x27, 0xe0, 0x2, 0x27, 0xe6, 0x16, 0xff,
    0xee, 0xff, 0x70, 0x3, 0xfd, 0xdf, 0xfe, 0x10,
    0xe, 0x4e, 0xb0, 0x10, 0xd, 0xfc, 0xa0, 0x1f,
    0xcb, 0x61, 0xc0, 0x1e, 0x91, 0xac, 0x20, 0xf,
    0x4d, 0x4, 0xa8, 0x7, 0x9f, 0x90, 0xf5, 0xc0,
    0x25, 0xe6, 0x1b, 0x60, 0xf, 0xc3, 0x72, 0x11,
    0x60, 0x36, 0x2d, 0xe8, 0x1, 0xff, 0x36, 0x92,
    0x18, 0xff, 0x48, 0x80, 0x7f, 0xf0, 0x4b, 0x30,
    0x60, 0x22, 0x0, 0xf8, 0x90, 0x3, 0xe1, 0x30,

    /* U+6807 "标" */
    0x0, 0xff, 0xe7, 0x8f, 0x50, 0x7, 0xff, 0x20,
    0xc5, 0x80, 0x33, 0xe6, 0x7f, 0x20, 0x7, 0xff,
    0x3, 0xc, 0xff, 0xc0, 0x1f, 0xfc, 0xb, 0xff,
    0xfe, 0x70, 0x1, 0xbc, 0x58, 0x14, 0x3a, 0x0,
    0x7f, 0xf0, 0xa2, 0xe, 0xc0, 0x2f, 0x10, 0x0,
    0xff, 0xe1, 0x4c, 0xc6, 0x5, 0x32, 0xe0, 0xf,
    0xfe, 0x11, 0x33, 0x8, 0x9, 0x58, 0xaf, 0xff,
    0xfe, 0xa0, 0x8, 0xc4, 0x1, 0xa2, 0x2, 0x3c,
    0x0, 0x11, 0xe3, 0x0, 0xa4, 0x0, 0x43, 0xa1,
    0x5d, 0xd8, 0x83, 0xfb, 0xb4, 0x80, 0x5, 0x48,
    0x6, 0xd, 0xc0, 0x3f, 0xf8, 0x72, 0x14, 0x0,
    0x72, 0xf0, 0x2, 0x80, 0x61, 0x5, 0x10, 0x8,
    0x5c, 0x54, 0x2, 0xc8, 0x8, 0xa3, 0x0, 0xc3,
    0x54, 0x0, 0xac, 0x24, 0x3, 0x8, 0x1, 0x40,
    0xc0, 0x30, 0xa2, 0xc, 0x9, 0x45, 0xc0, 0x3c,
    0x44, 0x40, 0xf, 0x40, 0x48, 0x11, 0xd0, 0x7,
    0xd6, 0x1c, 0x1, 0xe3, 0x25, 0x10, 0xc4, 0x0,
    0xf0, 0xb1, 0x28, 0x7, 0xca, 0xe, 0x1, 0xfd,
    0x41, 0x60, 0x1f, 0xac, 0x3c, 0x3, 0xf9, 0xd1,
    0x80, 0x3f, 0x1a, 0x60, 0x7, 0xf6, 0x58, 0x7,
    0x8, 0x6, 0xb5, 0x0, 0xff, 0xe0, 0x47, 0x79,
    0x0, 0x7f, 0xc4, 0x2a, 0x1, 0xda, 0x0, 0x2b,
    0x0, 0xf0,

    /* U+6808 "栈" */
    0x0, 0xff, 0xe6, 0xa7, 0xa0, 0x7, 0xa7, 0x84,
    0x4, 0x3, 0xf1, 0x1, 0x0, 0x78, 0x84, 0x97,
    0xa0, 0x3, 0xff, 0x88, 0x20, 0x5, 0x53, 0xd0,
    0x7, 0xff, 0xc, 0xc1, 0xc2, 0xa0, 0xc0, 0x24,
    0xdd, 0x40, 0x46, 0xd8, 0x6, 0xe0, 0xc6, 0x9b,
    0x7f, 0x50, 0x12, 0x20, 0x80, 0x93, 0x3, 0xd6,
    0xc0, 0x3c, 0xb1, 0x89, 0xb0, 0x2f, 0xf9, 0x2,
    0x7f, 0x4e, 0x14, 0x80, 0x5, 0x17, 0xdf, 0x86,
    0x1, 0x90, 0x28, 0x0, 0x73, 0x7b, 0x80, 0xee,
    0x41, 0x0, 0xf2, 0x0, 0xe, 0x0, 0xc, 0x84,
    0x40, 0x60, 0xf, 0xee, 0x0, 0x9c, 0xc0, 0x30,
    0x81, 0x11, 0x62, 0xfb, 0xc8, 0x5, 0x40, 0xe,
    0x1e, 0x0, 0x36, 0x90, 0x1d, 0xa7, 0x43, 0x62,
    0x6, 0x4, 0xe, 0x80, 0x2f, 0xc9, 0x60, 0x2,
    0x4e, 0x7e, 0xd8, 0x2, 0x47, 0x40, 0xf, 0x85,
    0x57, 0xbf, 0x20, 0x6c, 0x61, 0x5a, 0x8e, 0x2c,
    0x1, 0xe5, 0x42, 0x5, 0x4, 0x0, 0x4a, 0x92,
    0x48, 0x48, 0x7, 0xf8, 0xc0, 0xca, 0xd8, 0x7c,
    0x12, 0x44, 0x3, 0xfe, 0x50, 0xd4, 0x1d, 0x20,
    0xa6, 0x0, 0xff, 0xe0, 0x68, 0x0, 0xb0, 0xc8,
    0x80, 0x1f, 0xfc, 0x1, 0x98, 0x0, 0x71, 0x5,
    0xf0, 0x7, 0xf8, 0xeb, 0x98, 0x90, 0x24, 0x0,
    0x42, 0x1, 0xfa, 0x7b, 0x14, 0xab, 0x68, 0x55,
    0x81, 0x58, 0x3, 0xf2, 0x83, 0x66, 0xa8, 0xd,
    0x4, 0xf8, 0xe8, 0x4, 0x42, 0xa0, 0xc, 0xe9,
    0x30, 0xc, 0x96, 0x40, 0xac,

    /* U+6839 "根" */
    0x0, 0xff, 0xe7, 0x7c, 0x0, 0x49, 0x35, 0x5f,
    0x4b, 0x80, 0x71, 0x1, 0x0, 0x5e, 0xca, 0xbf,
    0x34, 0x0, 0x7f, 0xce, 0x17, 0xdd, 0xe1, 0x0,
    0xff, 0xe1, 0x30, 0x8f, 0x8c, 0x2, 0x8e, 0xe6,
    0x2, 0xf7, 0x10, 0x3, 0xff, 0x84, 0x23, 0x0,
    0x4, 0x3, 0x6f, 0xff, 0x88, 0x2, 0x8f, 0xf4,
    0x2, 0xff, 0x20, 0x1, 0x13, 0xe0, 0xf, 0xac,
    0x10, 0x40, 0x34, 0xdd, 0xf8, 0x80, 0x38, 0x4c,
    0x6, 0xc0, 0x3f, 0xf8, 0xae, 0x0, 0x15, 0x40,
    0xa, 0x6a, 0xbc, 0x40, 0x1d, 0x44, 0x8, 0x74,
    0x1, 0x22, 0xaf, 0x80, 0x80, 0x23, 0x32, 0x80,
    0x20, 0x44, 0x0, 0xdf, 0x80, 0xbf, 0xfb, 0x40,
    0x29, 0xb, 0x0, 0x26, 0x88, 0x6, 0x50, 0xc0,
    0xa, 0x2c, 0x9, 0x54, 0x20, 0x11, 0x0, 0x71,
    0x11, 0x80, 0x6d, 0xd8, 0x24, 0x24, 0x3, 0xfe,
    0xa1, 0xaf, 0x46, 0xd0, 0x74, 0x30, 0xf, 0xf9,
    0xc5, 0x42, 0xe4, 0x1, 0xd4, 0x1, 0xff, 0xc1,
    0x80, 0x24, 0x0, 0x88, 0x40, 0x3f, 0xf8, 0x2c,
    0x66, 0xa0, 0xf, 0xfe, 0x13, 0x2c, 0xea, 0xe8,
    0xae, 0x10, 0x7, 0xf8, 0x82, 0xe9, 0x81, 0xc7,
    0x8, 0xf6, 0x0, 0x3f, 0x8, 0x80, 0xe3, 0x74,
    0x40, 0x5a, 0xe3, 0xc0, 0x11, 0xe, 0x80, 0x6,
    0xfb, 0x1c, 0x80, 0x3a, 0x39, 0x80,

    /* U+6846 "框" */
    0x0, 0xff, 0xe8, 0x2f, 0x98, 0x7, 0xff, 0x24,
    0x81, 0x80, 0xb, 0xff, 0xff, 0xc0, 0x80, 0xf,
    0xf6, 0x81, 0x19, 0xff, 0x26, 0x80, 0x7f, 0xf0,
    0x27, 0x33, 0xfa, 0xd4, 0x0, 0xf7, 0x6a, 0x9,
    0xb7, 0x0, 0x92, 0x23, 0xf3, 0x0, 0x54, 0x88,
    0x20, 0x34, 0xa0, 0xb, 0x9d, 0xff, 0x48, 0x5,
    0xbd, 0xc3, 0x9, 0xed, 0x0, 0xab, 0x76, 0x1,
    0xdd, 0xb8, 0x3, 0x8, 0x8c, 0x2c, 0x3, 0xc4,
    0x50, 0x0, 0x8a, 0x10, 0xe, 0x40, 0x1, 0x68,
    0x7, 0xff, 0x1f, 0x80, 0x8, 0x74, 0x1, 0xc,
    0x4c, 0x80, 0x66, 0x63, 0x0, 0xe5, 0x10, 0xe5,
    0x51, 0x0, 0x9, 0xd9, 0x80, 0x6, 0x69, 0x0,
    0x33, 0x3, 0x80, 0x2d, 0xc8, 0x0, 0x7f, 0xf0,
    0xf, 0xfc, 0xe0, 0x1a, 0xcf, 0x80, 0x3, 0x0,
    0x1f, 0xfc, 0x46, 0x2a, 0x0, 0xff, 0xe4, 0xc0,
    0xb0, 0x7, 0xff, 0x24, 0x64, 0x3, 0xfb, 0x7f,
    0xe0, 0x1f, 0xfc, 0x60, 0xc, 0x70, 0xf, 0xea,
    0x55, 0xfe, 0x20, 0x1, 0x80, 0x7f, 0x9e, 0xab,
    0xf8, 0x40, 0x3f, 0xf8, 0x4, 0x23, 0xfe, 0x0,
    0xff, 0xe0, 0xcf, 0x77, 0xfc, 0x1, 0xfe, 0xa5,
    0x44, 0xff, 0x98, 0x3, 0x8c, 0x58, 0x0, 0x55,
    0x77, 0xff, 0x40, 0x0,

    /* U+6863 "档" */
    0x0, 0xff, 0xe7, 0x27, 0xa0, 0x7, 0xed, 0x90,
    0xf, 0xe2, 0x3, 0x0, 0xd, 0xa0, 0x0, 0x49,
    0x40, 0x2a, 0x90, 0xf, 0xe1, 0x48, 0x0, 0xf8,
    0x94, 0x80, 0x3f, 0xca, 0x66, 0x0, 0xf2, 0x87,
    0x0, 0x4, 0x60, 0x0, 0x88, 0x24, 0x24, 0x3,
    0xd4, 0x2a, 0x17, 0xdc, 0x80, 0x8e, 0xe2, 0x99,
    0x28, 0x7, 0x29, 0x30, 0x3, 0x51, 0x2, 0x4,
    0x88, 0x60, 0x50, 0x20, 0xd, 0xe1, 0x20, 0x6,
    0xbb, 0x0, 0x12, 0xec, 0x61, 0x1c, 0x40, 0x1a,
    0x30, 0x40, 0x31, 0x88, 0x31, 0x82, 0xe6, 0xe6,
    0xe0, 0x1e, 0xff, 0x64, 0x80, 0x48, 0x1, 0x68,
    0x69, 0x91, 0x60, 0x1, 0x14, 0x6c, 0x1, 0x50,
    0x1, 0x86, 0x63, 0xff, 0xfc, 0x1, 0x8c, 0x94,
    0x39, 0x98, 0x60, 0x1f, 0xe1, 0x0, 0xa8, 0x70,
    0x1, 0x6, 0x40, 0x1f, 0xfc, 0x11, 0x67, 0x0,
    0x87, 0x2, 0xf3, 0x3f, 0x84, 0x1, 0x1, 0x40,
    0x1e, 0x53, 0x3f, 0xe0, 0x0, 0xb1, 0x98, 0x3,
    0x87, 0xbf, 0xff, 0x84, 0x4, 0xbc, 0x3, 0xff,
    0x91, 0xa6, 0x1, 0xff, 0xcf, 0x1e, 0xff, 0xff,
    0x8, 0x7, 0xf8, 0xc4, 0x7f, 0xc0, 0x1f, 0xe1,
    0xde, 0xef, 0xf0, 0x80, 0x72, 0x89, 0x80, 0x7f,
    0xf0, 0x59, 0x80,

    /* U+6912 "椒" */
    0x0, 0xff, 0xe7, 0xf3, 0x80, 0x63, 0xe3, 0x0,
    0xff, 0xe0, 0x88, 0xb8, 0x3, 0x30, 0xa8, 0x0,
    0xd1, 0x6, 0x71, 0x0, 0x7f, 0xf1, 0x32, 0xed,
    0x99, 0x6c, 0x0, 0x7f, 0xf0, 0x36, 0x1e, 0x1,
    0xaa, 0x90, 0x1, 0x36, 0xe0, 0x3e, 0xc8, 0x6,
    0x47, 0x81, 0xe, 0x55, 0x18, 0x70, 0x9, 0x10,
    0x4, 0x88, 0x1, 0xa7, 0xb8, 0xc1, 0xc0, 0x2,
    0x2, 0x7, 0xfa, 0x6, 0xfb, 0x0, 0xe1, 0x10,
    0xa, 0x80, 0x38, 0x18, 0x2, 0xc0, 0x20, 0xf,
    0xf2, 0x90, 0x0, 0xc0, 0x80, 0x24, 0x4, 0x43,
    0x5d, 0xa0, 0x2e, 0xe9, 0x31, 0x10, 0x29, 0x80,
    0x44, 0x40, 0x4, 0xe2, 0x20, 0x80, 0x91, 0xb,
    0xc0, 0xa6, 0x28, 0x1, 0x20, 0x1, 0x4b, 0x3f,
    0xd6, 0x13, 0xfe, 0xc4, 0xc, 0x40, 0xc0, 0xa,
    0x90, 0xd, 0xb4, 0x4c, 0x2, 0x11, 0x1, 0x2,
    0x50, 0x20, 0x0, 0x8f, 0x40, 0x11, 0xb, 0xd0,
    0xb, 0x74, 0x0, 0x43, 0x25, 0x0, 0xac, 0x10,
    0x0, 0x26, 0xe6, 0x1, 0x21, 0x98, 0x34, 0x1,
    0x20, 0x13, 0x29, 0x80, 0x42, 0x48, 0x1, 0x48,
    0x40, 0x28, 0x11, 0x80, 0x47, 0x20, 0x19, 0x83,
    0x40, 0x21, 0x54, 0x19, 0x2, 0x10, 0xb, 0xc,
    0x3, 0x49, 0x20, 0x6, 0x87, 0x45, 0x0, 0x48,
    0x7, 0xf2, 0xc8, 0x7, 0x15, 0x50, 0x30, 0x5c,
    0x80, 0x3f, 0x5a, 0x0, 0x71, 0xe0, 0x49, 0xd8,
    0x70, 0x7, 0xf1, 0x4f, 0x81, 0xae, 0xc, 0x30,
    0x2a, 0x1d, 0x0, 0x7f, 0x22, 0xd, 0x44, 0xa9,
    0xc0, 0x2b, 0x40, 0xc, 0x22, 0xf0, 0x1, 0x6f,
    0xe0, 0x26, 0xa8, 0x7, 0x5d, 0x0,

    /* U+6984 "榄" */
    0x0, 0xff, 0xe7, 0xe5, 0x80, 0x48, 0x21, 0x3a,
    0x0, 0x5d, 0x10, 0xf, 0xc6, 0xc0, 0x15, 0xc8,
    0x11, 0x0, 0x1c, 0x42, 0x1, 0xff, 0xc0, 0x10,
    0x10, 0xe, 0x40, 0xee, 0xca, 0x1, 0xff, 0xc3,
    0x50, 0x35, 0x5c, 0xc0, 0x28, 0x80, 0x34, 0x20,
    0xf, 0xa0, 0x72, 0xef, 0x18, 0x5d, 0xc0, 0x37,
    0xa6, 0x1, 0xcc, 0x51, 0x5a, 0x60, 0x1a, 0x61,
    0xc0, 0x5e, 0x4c, 0x3, 0x91, 0xda, 0x7, 0x1c,
    0x2, 0x37, 0xc0, 0x4, 0x30, 0xa6, 0x0, 0x45,
    0x0, 0x58, 0xd0, 0x60, 0x18, 0xc0, 0x64, 0x1,
    0x6a, 0x11, 0x40, 0x1d, 0x3a, 0x60, 0x1a, 0xc0,
    0xc, 0x60, 0x33, 0x53, 0xf5, 0x5e, 0x70, 0xc,
    0x26, 0x4, 0x3e, 0x8, 0xca, 0xbf, 0xd0, 0x1,
    0x90, 0x2, 0x93, 0x30, 0x2, 0xbf, 0xfe, 0x0,
    0xf7, 0x18, 0x1, 0xd4, 0xc0, 0x3a, 0xf4, 0x3,
    0xf1, 0x25, 0x80, 0x54, 0x1, 0xe5, 0x30, 0xf,
    0xd6, 0xc, 0x1, 0xfe, 0x12, 0x0, 0xfc, 0xc8,
    0x20, 0x1f, 0xc2, 0xc, 0x1, 0xf9, 0xe4, 0x3,
    0xc2, 0x2, 0xe, 0xb, 0x60, 0x4, 0x70, 0xa,
    0x8, 0x3, 0xc9, 0xc8, 0x16, 0x4, 0x80, 0xb,
    0xa0, 0xf, 0xfe, 0x0, 0x85, 0x13, 0x30, 0x3,
    0xa6, 0xc0, 0x3f, 0x85, 0xb5, 0x52, 0x44, 0x22,
    0x33, 0xb0, 0x7, 0xc9, 0xbd, 0x27, 0x36, 0x1c,
    0x2e, 0xf8, 0x20, 0x3, 0x23, 0x83, 0x35, 0x5c,
    0xc0, 0x4, 0xef, 0xfd, 0xca,

    /* U+6A21 "模" */
    0x0, 0xff, 0xe6, 0xb7, 0x90, 0x6, 0x5f, 0x30,
    0xd, 0xd0, 0x1, 0xee, 0x1, 0x1, 0x77, 0x70,
    0x4b, 0x2, 0xc0, 0xac, 0x41, 0x0, 0x3e, 0x48,
    0x82, 0x2, 0xc9, 0x53, 0x81, 0x3b, 0xa4, 0x3,
    0xe5, 0xdd, 0x38, 0x4f, 0x17, 0x60, 0x26, 0xec,
    0xbb, 0xa6, 0xd, 0xd4, 0x91, 0x2c, 0xdc, 0x40,
    0x4d, 0x34, 0x88, 0x4, 0x50, 0x80, 0x92, 0x83,
    0xda, 0x4c, 0x46, 0x3e, 0x71, 0x7, 0xdd, 0x10,
    0x56, 0xe2, 0x43, 0xbf, 0xf4, 0x30, 0x0, 0x8c,
    0x83, 0x48, 0x4, 0x23, 0xff, 0xe9, 0x0, 0xe7,
    0x0, 0x39, 0x80, 0x58, 0xef, 0xf6, 0x0, 0x76,
    0x80, 0x5e, 0x1, 0x24, 0x47, 0xca, 0x1, 0x85,
    0x0, 0xa, 0x6a, 0x0, 0x8f, 0xff, 0xa4, 0x3,
    0x30, 0x20, 0x70, 0xe0, 0x2, 0xe2, 0x3e, 0xd0,
    0xd, 0x26, 0x60, 0x7d, 0xb7, 0x13, 0x77, 0xf9,
    0x4, 0xc1, 0x86, 0x80, 0x23, 0x22, 0x77, 0xfc,
    0xc1, 0x7f, 0xf7, 0x20, 0x40, 0xb0, 0x6, 0x59,
    0x9e, 0x70, 0xd9, 0x9d, 0x6, 0xb0, 0x1, 0xd2,
    0xcd, 0xc2, 0xc, 0xdc, 0xf7, 0x66, 0x0, 0xec,
    0xee, 0xc8, 0xe, 0xaf, 0xbd, 0xd4, 0x0, 0x7e,
    0x11, 0x91, 0x3, 0x2e, 0xef, 0x41, 0x10, 0x7,
    0xfc, 0xd4, 0x16, 0x3b, 0x5, 0x58, 0x60, 0x1f,
    0xcb, 0x92, 0x10, 0xa0, 0x7, 0xe5, 0x3c, 0x70,
    0xf, 0xf, 0x51, 0x8d, 0xb8, 0x6, 0x1a, 0xb2,
    0x0, 0xdc, 0x24, 0x28, 0x8a, 0xe4, 0x0, 0xf9,
    0x35, 0xc0,

    /* U+6A44 "橄" */
    0x0, 0xff, 0xe8, 0x65, 0x0, 0x6, 0x67, 0xc8,
    0x9, 0xa4, 0x1, 0xf8, 0x98, 0x0, 0xac, 0xde,
    0xe0, 0xd2, 0x30, 0xf, 0xfe, 0x2, 0x7f, 0x94,
    0x3b, 0xe8, 0x8, 0x44, 0x1, 0xff, 0xc9, 0x62,
    0x0, 0xfc, 0x20, 0x1, 0x0, 0xff, 0x11, 0x2a,
    0xa8, 0x0, 0x4f, 0xf0, 0x9f, 0x64, 0x77, 0x14,
    0x3f, 0xb1, 0x0, 0x55, 0x66, 0x0, 0x62, 0x18,
    0x1, 0x2f, 0xc4, 0x44, 0x40, 0x10, 0x30, 0xce,
    0x70, 0xc0, 0x2, 0xdc, 0x1, 0xdb, 0xb8, 0x89,
    0xba, 0x80, 0xfc, 0x7, 0x11, 0x1, 0x0, 0x63,
    0x2, 0x0, 0xfe, 0x64, 0x2, 0x2, 0x0, 0xf6,
    0x0, 0xc0, 0x4, 0x5f, 0xe9, 0x9, 0x1, 0xe0,
    0x63, 0x0, 0xe4, 0x0, 0x38, 0x80, 0x5, 0xdc,
    0x80, 0x26, 0x86, 0x4, 0xc0, 0x19, 0x40, 0x6,
    0x56, 0x0, 0x38, 0x86, 0x84, 0xee, 0x21, 0x86,
    0x80, 0x6f, 0x41, 0xb, 0x50, 0xf, 0x9c, 0x54,
    0x28, 0x10, 0x2, 0x15, 0xd0, 0x3, 0x48, 0x0,
    0xbf, 0xd2, 0x1, 0x18, 0x30, 0x18, 0x5, 0x20,
    0xe0, 0x13, 0x0, 0x5, 0xdc, 0x80, 0x19, 0x1,
    0x0, 0x33, 0xa8, 0x80, 0x78, 0xe2, 0x1a, 0x1,
    0xb0, 0x34, 0x3, 0x24, 0x0, 0x7f, 0xf, 0x0,
    0x6b, 0xf, 0x0, 0xd6, 0x40, 0x18, 0xa4, 0x89,
    0xfc, 0xe0, 0x12, 0x98, 0x31, 0x0, 0x7f, 0x33,
    0x5, 0x1a, 0x58, 0x0, 0x56, 0x38, 0x1c, 0x1,
    0xfc, 0x9f, 0xd7, 0x2d, 0xe0, 0xb8, 0x34, 0x70,
    0x76, 0x1, 0xff, 0xc4, 0xc1, 0xa4, 0x7, 0x67,
    0x0, 0xe5, 0x50, 0x7, 0xc4, 0x37, 0xea, 0x1,
    0x4e, 0x0, 0x75, 0xc8, 0x7, 0xc9, 0xc2, 0x1,
    0xf8,

    /* U+6B21 "次" */
    0x0, 0xff, 0xe9, 0xa7, 0xb8, 0x7, 0xff, 0x1f,
    0x40, 0x3f, 0xf9, 0x28, 0x8, 0x1, 0xff, 0x33,
    0xbe, 0x50, 0x12, 0x1, 0x22, 0xc6, 0x78, 0x0,
    0x73, 0x11, 0xa8, 0x1c, 0x1, 0xbb, 0xd9, 0x9b,
    0x40, 0xea, 0x67, 0x58, 0x50, 0x11, 0x9f, 0xc4,
    0x4, 0x0, 0x56, 0x6c, 0x86, 0x60, 0xdc, 0xf8,
    0xcc, 0xd4, 0x8, 0x1, 0xfa, 0x1, 0x80, 0x1b,
    0x60, 0x1a, 0x83, 0x40, 0x3e, 0x54, 0x8, 0x0,
    0xc2, 0x0, 0x32, 0x16, 0x0, 0xfa, 0x41, 0xc4,
    0x0, 0x20, 0x1a, 0x81, 0x80, 0x3f, 0x74, 0x40,
    0x3, 0x90, 0x1, 0x87, 0x20, 0x1f, 0x89, 0xc0,
    0x22, 0x0, 0x60, 0x1, 0x70, 0x40, 0x3f, 0xf8,
    0x28, 0x0, 0x70, 0xf, 0xa3, 0x77, 0xd2, 0x1,
    0x50, 0x10, 0xa8, 0x7, 0x88, 0xbf, 0x0, 0xc,
    0xc1, 0xe1, 0x0, 0x1e, 0xaf, 0xff, 0x58, 0x3,
    0xc1, 0x89, 0xc9, 0xc0, 0x3f, 0xf8, 0x52, 0x63,
    0x1, 0x23, 0x6, 0x1, 0xff, 0xc0, 0x96, 0xa,
    0x10, 0x1a, 0xd, 0x30, 0xf, 0xe1, 0xc6, 0xa,
    0x40, 0x9, 0x24, 0x72, 0x0, 0x3e, 0x6e, 0x31,
    0xb5, 0x0, 0xe6, 0xa0, 0x7f, 0x70, 0xe, 0xd0,
    0x6f, 0x40, 0xf, 0x97, 0x98, 0x48, 0x3, 0xaf,
    0xa4, 0x40, 0x3f, 0x86, 0x79, 0x40,

    /* U+6B22 "欢" */
    0x0, 0xff, 0xe0, 0x90, 0x80, 0x7f, 0xf2, 0x76,
    0x80, 0x3f, 0xf9, 0x6, 0x4, 0x1, 0xfc, 0xb5,
    0x77, 0xe9, 0x0, 0x28, 0x78, 0x7, 0xf7, 0xaa,
    0x27, 0x98, 0xc3, 0xc2, 0xf7, 0x77, 0x73, 0x48,
    0x2b, 0xfb, 0xb8, 0xc0, 0x81, 0x0, 0x8b, 0x84,
    0x44, 0x80, 0x1, 0x1f, 0x18, 0x88, 0x88, 0xbf,
    0xfe, 0x60, 0x50, 0x5e, 0x60, 0x8, 0xc1, 0x42,
    0xc3, 0xc1, 0xdc, 0x1, 0x38, 0x98, 0x20, 0xc9,
    0x0, 0x14, 0x30, 0x98, 0x54, 0x26, 0x40, 0x3,
    0x17, 0x0, 0xd, 0x7, 0x80, 0x28, 0x15, 0x41,
    0x20, 0x1, 0x0, 0x89, 0x6c, 0x2, 0x46, 0x28,
    0x13, 0x22, 0x3d, 0x38, 0x7, 0x86, 0x88, 0x3,
    0x49, 0x3d, 0x2, 0x80, 0x14, 0x0, 0x20, 0x22,
    0x0, 0xfe, 0xe0, 0x40, 0x90, 0xe, 0x50, 0x2,
    0x0, 0x7f, 0x1a, 0x81, 0x88, 0x7, 0x18, 0x3,
    0x0, 0x3f, 0xce, 0x6, 0x60, 0xe, 0xb0, 0x3,
    0x80, 0x7f, 0x39, 0x8, 0x78, 0x6, 0x33, 0x13,
    0x8a, 0x0, 0x7c, 0x70, 0x18, 0x46, 0xa0, 0x17,
    0x85, 0x50, 0x20, 0x3, 0xc3, 0xc1, 0x25, 0x21,
    0xe0, 0x8, 0x32, 0x72, 0x53, 0x60, 0xc, 0x58,
    0x4a, 0xc0, 0x8f, 0x0, 0xae, 0x12, 0x0, 0xb0,
    0x93, 0x0, 0xb0, 0x92, 0x80, 0x28, 0x27, 0xa0,
    0x94, 0x0, 0xc, 0x86, 0xa0, 0x1, 0x9e, 0xc0,
    0x3a, 0xa0, 0x25, 0x80, 0x33, 0x38, 0xdd, 0x82,
    0x20, 0x1, 0xe7, 0x2c, 0x60, 0xf, 0x45, 0x89,
    0x0, 0x7f, 0x6e, 0x8c, 0x3, 0xf2, 0x74, 0x80,

    /* U+6B27 "欧" */
    0x0, 0xff, 0xe1, 0x20, 0x7, 0xff, 0x25, 0xed,
    0x40, 0x3f, 0x45, 0xdf, 0xea, 0x10, 0xd0, 0x70,
    0xf, 0x85, 0xd1, 0x3f, 0x29, 0x3, 0x81, 0x0,
    0x7f, 0x17, 0xff, 0xe3, 0x12, 0xa, 0xad, 0x76,
    0x60, 0x8, 0x40, 0x3d, 0x8c, 0x8, 0x0, 0x55,
    0xc8, 0x89, 0x0, 0x8a, 0xd4, 0x2, 0x63, 0x10,
    0xf0, 0xbc, 0xce, 0x1, 0x0, 0x8d, 0xa8, 0x80,
    0x1a, 0xa, 0x2a, 0x68, 0xc, 0x66, 0x0, 0x20,
    0x4, 0x3c, 0x1e, 0x2, 0x86, 0x50, 0x14, 0x1f,
    0x40, 0x4, 0xc, 0x0, 0xc7, 0x5, 0x2c, 0x14,
    0x4c, 0x2c, 0x2, 0x1, 0x58, 0x38, 0x7, 0x39,
    0xb4, 0x8b, 0x13, 0xd0, 0x7, 0x91, 0x84, 0x3,
    0xde, 0x2, 0xc0, 0x8, 0x40, 0x1, 0x80, 0x84,
    0x48, 0x7, 0xc6, 0x40, 0x1f, 0x84, 0x14, 0x3,
    0xfc, 0xa4, 0xe, 0x40, 0x18, 0x80, 0x18, 0x1,
    0xfe, 0xb0, 0x80, 0x90, 0xc, 0xe0, 0x4, 0x0,
    0xfe, 0x91, 0x87, 0x24, 0x40, 0x5, 0xa0, 0x3,
    0x20, 0xf, 0x95, 0x89, 0xc2, 0x3, 0xc0, 0x25,
    0xa, 0xb, 0x0, 0xf1, 0x50, 0x70, 0x1, 0x48,
    0x80, 0x4, 0x25, 0x51, 0x31, 0x80, 0x71, 0xb5,
    0x98, 0x5, 0xb2, 0x0, 0x80, 0x90, 0x80, 0xf0,
    0xf, 0x4a, 0x0, 0x7c, 0xc6, 0x86, 0xa, 0xa3,
    0xa0, 0xc, 0x5f, 0xff, 0x9a, 0x46, 0x80, 0x2a,
    0x25, 0x90, 0x16, 0x33, 0xfe, 0xb0, 0xd1, 0x0,
    0xd8, 0x60, 0x14, 0xe6, 0x7f, 0x6f, 0x98, 0x7,
    0xe, 0x48, 0x0,

    /* U+6B62 "止" */
    0x0, 0xff, 0x9d, 0x40, 0x3f, 0xf8, 0xe3, 0x16,
    0x1, 0xff, 0xff, 0x0, 0xca, 0x20, 0x1f, 0xfc,
    0x76, 0xa6, 0x0, 0xff, 0xe3, 0x88, 0x7, 0xff,
    0x4c, 0xcf, 0xe0, 0xf, 0xfe, 0x10, 0xe6, 0x7d,
    0x20, 0x1f, 0xfc, 0x24, 0x4f, 0xb4, 0x3, 0xff,
    0x82, 0x37, 0x7f, 0x20, 0x7, 0xff, 0xfc, 0x3,
    0xff, 0xfe, 0x1, 0xcb, 0x57, 0x41, 0x57, 0x7a,
    0x80, 0x6e, 0xfe, 0xa5, 0xe5, 0x42, 0x2, 0x44,
    0xe0, 0x2, 0x27, 0xcb, 0xf7, 0x99, 0xff, 0xc8,
    0xa0,

    /* U+6B65 "步" */
    0x0, 0xff, 0x1b, 0x80, 0x7f, 0xf2, 0x22, 0x6,
    0x1, 0xff, 0xc1, 0x56, 0x0, 0xf3, 0x80, 0x7f,
    0xf0, 0x6a, 0x40, 0x3d, 0x5d, 0xdd, 0xa2, 0x1,
    0xff, 0xd8, 0xae, 0xee, 0xd1, 0x0, 0xff, 0xe6,
    0x99, 0xc0, 0x3, 0x3c, 0xe0, 0x46, 0x7f, 0x10,
    0x56, 0x64, 0x0, 0xcc, 0xc6, 0x13, 0x99, 0xf6,
    0x97, 0x2a, 0xff, 0x0, 0x15, 0x7f, 0x31, 0x25,
    0x57, 0x4d, 0x54, 0x21, 0x75, 0x5f, 0x48, 0x7,
    0xa7, 0x18, 0x3, 0xfa, 0x38, 0x80, 0x3c, 0xcc,
    0x16, 0x0, 0xfc, 0x6e, 0x26, 0x1, 0xcb, 0x21,
    0xa0, 0x1f, 0x87, 0x42, 0x4, 0x3, 0x2d, 0x5,
    0x18, 0x7, 0xc3, 0x82, 0x8e, 0x1, 0x9a, 0x82,
    0x54, 0x3, 0xe3, 0xf2, 0x3b, 0x0, 0xe4, 0x3a,
    0x60, 0xe, 0x20, 0x8c, 0x14, 0xc0, 0xf, 0x16,
    0x28, 0x7, 0x90, 0x18, 0x22, 0xc0, 0x3f, 0xf8,
    0x27, 0x3c, 0xe0, 0x9a, 0xe0, 0x1f, 0xe2, 0x6a,
    0xec, 0x61, 0x4c, 0xb2, 0x0, 0xfc, 0xbb, 0xfb,
    0x2a, 0x27, 0x1d, 0x66, 0x1, 0xfe, 0x63, 0x14,
    0x6a, 0xec, 0x71, 0x0, 0xff, 0xe0, 0x0,

    /* U+6B8A "殊" */
    0x0, 0xff, 0xe6, 0x8a, 0x27, 0xe0, 0xe, 0xae,
    0x0, 0xfd, 0x57, 0x7f, 0xa0, 0x7a, 0x1, 0x84,
    0x40, 0x1f, 0x7c, 0x38, 0xb, 0xbd, 0x14, 0x83,
    0xe0, 0x1f, 0xf2, 0x3d, 0x2, 0x44, 0x4e, 0x58,
    0x4, 0x20, 0x3, 0x11, 0x80, 0x3c, 0x81, 0x80,
    0x1c, 0xe1, 0x5c, 0x61, 0xbd, 0xd5, 0x0, 0x77,
    0x85, 0x5d, 0xc6, 0x82, 0x8e, 0xe1, 0x6, 0x77,
    0xb8, 0x3, 0x9c, 0xd, 0x12, 0xaf, 0x9, 0x88,
    0x10, 0x44, 0x64, 0x0, 0xc4, 0x2d, 0xdc, 0x80,
    0x54, 0x41, 0x0, 0x7f, 0xf0, 0x68, 0x28, 0x45,
    0xe1, 0x67, 0x0, 0x1f, 0xfc, 0x26, 0x13, 0x0,
    0x18, 0x36, 0x18, 0x7, 0xff, 0x5, 0xc4, 0x4e,
    0x0, 0x52, 0x27, 0xff, 0x18, 0x77, 0xfe, 0x80,
    0x18, 0x1, 0x8c, 0x41, 0x42, 0x44, 0xc2, 0x1,
    0x1a, 0x25, 0xa0, 0x29, 0x3e, 0xa7, 0x61, 0xa3,
    0x77, 0x48, 0x80, 0x57, 0x79, 0x40, 0x16, 0xc3,
    0x4e, 0x0, 0x40, 0xd, 0xc0, 0x20, 0x90, 0x20,
    0x1f, 0xd8, 0xc, 0x1, 0xa4, 0xe4, 0x82, 0x2,
    0x80, 0x3f, 0xa0, 0x2c, 0x2, 0x66, 0x23, 0x0,
    0x9, 0xd2, 0x0, 0x3e, 0x63, 0x52, 0x0, 0x3c,
    0x95, 0x0, 0x68, 0x27, 0x60, 0xe, 0x29, 0x8,
    0x0, 0x4c, 0xe, 0x8, 0x7, 0x78, 0x4b, 0x80,
    0x43, 0xe1, 0x24, 0x16, 0xc5, 0x82, 0x1, 0xe2,
    0xb0, 0x90, 0x1, 0xf9, 0x3b, 0x0, 0x21, 0xf0,
    0x80, 0x3f, 0x26, 0xe0, 0x6, 0x88, 0x0, 0x47,
    0x2, 0x1, 0xfe, 0x22, 0x0, 0xf, 0x9c, 0x3,
    0xfe, 0x51, 0x10, 0x7, 0x80,

    /* U+6BB5 "段" */
    0x0, 0xf8, 0x8c, 0x3, 0xff, 0x8a, 0x2b, 0x9b,
    0x8a, 0x0, 0x7a, 0xae, 0x40, 0xe, 0x5c, 0xea,
    0x32, 0x84, 0x1, 0x85, 0x5e, 0xf0, 0xe, 0xa3,
    0x34, 0x6e, 0x9c, 0x40, 0x23, 0xff, 0x68, 0x7,
    0x84, 0xb, 0x1c, 0x80, 0x3c, 0xe0, 0x3, 0x0,
    0xfc, 0x20, 0x1f, 0x18, 0x8, 0x7, 0xfc, 0x51,
    0x19, 0xc0, 0xe, 0x4, 0x1, 0xff, 0xb, 0xbe,
    0x81, 0xf, 0xc, 0x0, 0xff, 0x8b, 0x33, 0x68,
    0xa2, 0x8a, 0x0, 0x4, 0x16, 0x25, 0x40, 0x21,
    0x33, 0xc4, 0x96, 0x16, 0x1, 0x9c, 0x5d, 0xb8,
    0x3, 0xf9, 0x92, 0xd4, 0x3, 0x47, 0xfd, 0x60,
    0x11, 0xe6, 0x6a, 0x2f, 0xd9, 0xaa, 0xf3, 0x80,
    0x78, 0xcf, 0x38, 0x73, 0x31, 0x57, 0xd0, 0x20,
    0x18, 0xff, 0xf6, 0x85, 0x30, 0xf7, 0x6c, 0x2,
    0x10, 0xf, 0xfe, 0x7, 0x8c, 0x88, 0xd4, 0x14,
    0x1, 0xe1, 0x35, 0x8a, 0x40, 0x61, 0x73, 0x3,
    0x61, 0x70, 0x3, 0x58, 0x1f, 0x65, 0x3a, 0x88,
    0x2, 0x83, 0x53, 0x42, 0x80, 0x28, 0x50, 0x2,
    0x3c, 0xe7, 0xa8, 0x1, 0x20, 0x6c, 0x61, 0x0,
    0x2c, 0xb0, 0x3b, 0x86, 0x30, 0xe, 0x20, 0x8,
    0x80, 0x31, 0x28, 0x7, 0xf1, 0xdd, 0x2, 0x85,
    0x59, 0x80, 0x7f, 0xd1, 0xb8, 0x87, 0x95, 0x84,
    0x99, 0xac, 0x2, 0x4a, 0x1, 0x85, 0xc8, 0xeb,
    0xc, 0xf, 0x64, 0x88, 0x20, 0xd, 0x90, 0xc,
    0x3d, 0xcc, 0x50, 0xe, 0x6d, 0xf7,

    /* U+6BCF "每" */
    0x0, 0xe2, 0x40, 0xf, 0xfe, 0x46, 0x58, 0x7,
    0xff, 0x1d, 0xc5, 0x40, 0x3f, 0xf8, 0xc3, 0x0,
    0xbf, 0xff, 0xfc, 0x21, 0x0, 0xac, 0x9, 0x13,
    0xff, 0x84, 0xa2, 0x0, 0x55, 0xe, 0xdd, 0xff,
    0xf0, 0xa8, 0x0, 0x54, 0x14, 0x1, 0xff, 0xc5,
    0x1f, 0x7, 0xdf, 0xff, 0xfe, 0xc, 0x80, 0x50,
    0x4b, 0x8, 0x6, 0x88, 0x34, 0x4f, 0x18, 0x28,
    0x5, 0x35, 0x40, 0x20, 0xcb, 0x83, 0x6f, 0xbb,
    0xda, 0x1, 0xe5, 0x1, 0x2, 0x0, 0x1d, 0x5,
    0xd0, 0x4, 0x60, 0xe0, 0x1e, 0x20, 0x70, 0x9,
    0x75, 0x95, 0x80, 0x2, 0x2, 0x1, 0x3d, 0xdb,
    0xc1, 0xea, 0xb8, 0xc7, 0x2a, 0x90, 0x9, 0x76,
    0x7a, 0x44, 0x18, 0x12, 0xaf, 0x85, 0x56, 0x40,
    0x14, 0x45, 0x6f, 0x71, 0x42, 0xff, 0xce, 0xee,
    0xff, 0xea, 0x6, 0xee, 0x68, 0x8, 0x98, 0x14,
    0x0, 0x2f, 0xcc, 0x1, 0x8c, 0x38, 0x44, 0x1,
    0x8c, 0x4, 0x1, 0x38, 0x73, 0x40, 0x10, 0x80,
    0x80, 0x70, 0x81, 0x0, 0x63, 0xd5, 0x50, 0x80,
    0x38, 0xc, 0x3, 0x94, 0xb, 0xff, 0xb9, 0x43,
    0xbf, 0xcc, 0x15, 0xfe, 0x10, 0x2, 0x32, 0xaf,
    0xf9, 0x10, 0x0, 0x44, 0x30, 0x80, 0x53, 0x55,
    0xfe, 0xba, 0x1, 0xbb, 0x48, 0x7, 0xff, 0x5,
    0xa6, 0x34, 0x1c, 0x3, 0xff, 0x8a, 0xee, 0x35,
    0x80, 0xc,

    /* U+6C14 "气" */
    0x0, 0xe2, 0x10, 0xf, 0xfe, 0x41, 0x6e, 0x80,
    0x3f, 0xf9, 0x16, 0x16, 0x1, 0xff, 0xc7, 0x16,
    0xb, 0xbf, 0xfe, 0x15, 0x0, 0x74, 0x80, 0xd,
    0x13, 0xff, 0x84, 0x20, 0x11, 0x38, 0x77, 0xff,
    0xff, 0xb, 0x84, 0x2, 0x90, 0x74, 0x99, 0xff,
    0xe0, 0x90, 0x6, 0x74, 0x28, 0x96, 0x6f, 0xfe,
    0xb, 0x80, 0x49, 0x1, 0xc1, 0x9f, 0xff, 0xfc,
    0x15, 0x0, 0xa4, 0x24, 0xc0, 0x3f, 0xf8, 0xf9,
    0x69, 0xff, 0xff, 0xc2, 0x40, 0xe, 0x14, 0x36,
    0x55, 0xff, 0x88, 0x34, 0x3, 0xe1, 0x9a, 0xaf,
    0xfa, 0x40, 0xc0, 0x3f, 0xf9, 0xe, 0x2, 0x1,
    0xff, 0xc8, 0x10, 0x70, 0xf, 0xfe, 0x41, 0x0,
    0x80, 0x7f, 0xf2, 0x44, 0x80, 0x3f, 0xf9, 0x2a,
    0x2, 0x1, 0xff, 0xc8, 0x30, 0x40, 0x27, 0x0,
    0xff, 0xe2, 0xe0, 0x78, 0x3c, 0x0, 0x7f, 0xf1,
    0x50, 0x54, 0xc8, 0x40, 0x3f, 0xf8, 0xd0, 0x19,
    0xa, 0x1, 0xff, 0xc6, 0x68, 0x12, 0x80,

    /* U+6C34 "水" */
    0x0, 0xff, 0x8, 0x80, 0x3f, 0xf9, 0x39, 0xc0,
    0x1f, 0xfc, 0x93, 0x1, 0x0, 0xff, 0xff, 0x28,
    0x80, 0x61, 0x22, 0xe1, 0x0, 0xfe, 0x6a, 0xc0,
    0x8, 0xbb, 0x77, 0xba, 0x40, 0x26, 0x0, 0x8e,
    0x42, 0x0, 0x22, 0x43, 0x3c, 0x20, 0x60, 0x14,
    0x80, 0xb, 0x42, 0x54, 0x3, 0x5e, 0x66, 0x70,
    0xc0, 0x8, 0x5c, 0xb0, 0x61, 0x80, 0x3f, 0xce,
    0x8, 0x1, 0xc, 0xe0, 0xc3, 0x80, 0x7f, 0x90,
    0x48, 0x80, 0x14, 0x8, 0xa5, 0xc0, 0x3f, 0xee,
    0xa, 0x0, 0xce, 0x80, 0x60, 0x1f, 0xf1, 0xa8,
    0x30, 0x7, 0x48, 0x51, 0x0, 0x7f, 0xa0, 0x20,
    0x40, 0x38, 0xa4, 0x3c, 0x40, 0x3f, 0x32, 0xb,
    0x80, 0x7c, 0xcc, 0x2c, 0x10, 0xf, 0x14, 0x85,
    0x0, 0x7f, 0x49, 0x96, 0x10, 0x6, 0x2c, 0x6,
    0x40, 0xf, 0xf6, 0x99, 0x6b, 0x0, 0x13, 0x45,
    0x24, 0x3, 0xfe, 0x1c, 0x40, 0x9d, 0x3, 0x5,
    0xb0, 0xf, 0xfe, 0x15, 0xc0, 0x38, 0x3f, 0x50,
    0x7, 0xc2, 0x1, 0xf9, 0xfe, 0x80, 0x2, 0x1,
    0x8b, 0xfe, 0x1, 0x10, 0x7, 0xff, 0x10, 0x90,
    0x4, 0xe8, 0x3, 0xfe,

    /* U+6C64 "汤" */
    0x2, 0xc9, 0x20, 0x0, 0xaa, 0xff, 0xc0, 0x1c,
    0x4d, 0xb0, 0x15, 0x5f, 0xfc, 0x2, 0x0, 0x8b,
    0xd4, 0x1d, 0xa1, 0xdf, 0xe1, 0x0, 0x41, 0x0,
    0x61, 0xab, 0x66, 0x1c, 0x47, 0x88, 0x45, 0x6e,
    0x1, 0xf2, 0x48, 0x7, 0x8f, 0x54, 0xfd, 0x0,
    0x3f, 0xf8, 0x71, 0x85, 0x18, 0x20, 0x1e, 0x50,
    0xf, 0x97, 0x9c, 0xf5, 0xc0, 0x3e, 0x7a, 0xe6,
    0x0, 0x8f, 0x28, 0x41, 0xe6, 0xef, 0xe2, 0x78,
    0x9, 0xc1, 0x0, 0x18, 0x4, 0x89, 0xfc, 0xa0,
    0xfe, 0x86, 0x0, 0x3d, 0xee, 0x18, 0x67, 0x58,
    0x27, 0x30, 0x8, 0x0, 0x6f, 0x84, 0x0, 0x42,
    0xa6, 0xa6, 0x38, 0x1c, 0x22, 0x3, 0x0, 0xc2,
    0x1, 0xd0, 0x10, 0x0, 0x50, 0x50, 0x10, 0x10,
    0xc, 0x44, 0x0, 0xa0, 0xdc, 0x81, 0x9, 0x80,
    0x4, 0xe, 0x1, 0xbf, 0x0, 0xc, 0xe7, 0x0,
    0x8, 0xa, 0x0, 0x38, 0x8, 0x4, 0xa4, 0xa1,
    0x32, 0x2d, 0x0, 0x21, 0xa1, 0x80, 0x8, 0x8,
    0x2, 0x90, 0xf3, 0x63, 0xc1, 0x0, 0x48, 0x48,
    0x4, 0x22, 0x0, 0x90, 0xc9, 0xf, 0xb0, 0x40,
    0x12, 0x4e, 0x40, 0x1, 0x3, 0x0, 0xa4, 0x2c,
    0x0, 0x20, 0x13, 0x30, 0xa0, 0x2, 0x50, 0x70,
    0x3, 0x11, 0x18, 0x3, 0x96, 0x47, 0xc0, 0x31,
    0x81, 0x0, 0x2c, 0x2c, 0x3, 0x9e, 0x83, 0x48,
    0x3, 0x50, 0x60, 0x2, 0x95, 0x80, 0x21, 0xc8,
    0x1c, 0x30, 0x5, 0xe6, 0x90, 0xa0, 0x1, 0xe8,
    0x3, 0xcb, 0xe6, 0x1, 0x19, 0x88, 0xf4, 0x0,

    /* U+6C7D "汽" */
    0x0, 0xff, 0x10, 0x7, 0xff, 0xa, 0x50, 0x3,
    0x93, 0x60, 0x3, 0xff, 0x80, 0x8d, 0x74, 0x20,
    0x17, 0x86, 0x0, 0x7f, 0xf0, 0x12, 0x85, 0x7c,
    0x40, 0x90, 0x32, 0x23, 0xf9, 0x40, 0x25, 0xf5,
    0x21, 0x8, 0x0, 0x3b, 0xff, 0xac, 0x3, 0xd,
    0x60, 0x22, 0x96, 0x67, 0xfd, 0xe0, 0x1f, 0x15,
    0x7, 0x19, 0xff, 0xc2, 0x1, 0xf7, 0xb, 0xcf,
    0xff, 0xf5, 0x80, 0x53, 0xee, 0x1, 0x44, 0x58,
    0x89, 0xfd, 0x80, 0x17, 0x84, 0x72, 0x82, 0x38,
    0x35, 0xdf, 0xf3, 0x80, 0x4d, 0xca, 0x32, 0x0,
    0x47, 0x7f, 0xf2, 0x80, 0x70, 0xd6, 0xe8, 0x1,
    0x71, 0x1f, 0xea, 0x20, 0xf, 0x10, 0x80, 0x32,
    0xab, 0xf8, 0xc0, 0x40, 0x3f, 0xc6, 0xab, 0xfc,
    0xc0, 0x1f, 0xd5, 0x0, 0x1f, 0xf1, 0x83, 0x80,
    0x78, 0xd5, 0x0, 0x3f, 0xe1, 0x0, 0xfd, 0x1,
    0x20, 0x1f, 0xf7, 0x80, 0x80, 0x71, 0xa1, 0x28,
    0x7, 0xfc, 0x20, 0x60, 0x1d, 0xe1, 0x0, 0x1f,
    0xfc, 0x2, 0x1, 0x8, 0x0, 0x29, 0x92, 0x80,
    0x7f, 0xf0, 0x18, 0x38, 0x9c, 0x42, 0xc2, 0x40,
    0x3f, 0xf8, 0x24, 0xe, 0x20, 0x13, 0xb2, 0x0,
    0x7f, 0xf0, 0x98, 0x70, 0x44, 0x13, 0x20, 0xf,
    0xfe, 0x1c, 0x20, 0xc0, 0x0,

    /* U+6CA1 "没" */
    0x5, 0xb5, 0x0, 0xe1, 0xbc, 0xcf, 0x40, 0x7,
    0x1a, 0x56, 0x18, 0x4, 0xe8, 0x67, 0xe7, 0x0,
    0xe6, 0xd4, 0x3c, 0x20, 0x0, 0x83, 0xff, 0xe0,
    0xf, 0xc5, 0x74, 0xc4, 0x0, 0xf0, 0xf0, 0xf,
    0xfe, 0x12, 0xc8, 0x4, 0x20, 0x40, 0x1f, 0xfc,
    0x74, 0x6, 0x0, 0xff, 0x9, 0x0, 0x79, 0xc8,
    0x86, 0x1, 0x84, 0x10, 0xd0, 0xab, 0x6d, 0x0,
    0x26, 0x80, 0x90, 0xe, 0x40, 0xbc, 0xbe, 0x95,
    0x4b, 0xb0, 0x4c, 0x82, 0x10, 0x3, 0xad, 0x95,
    0x16, 0x8a, 0xb0, 0xd4, 0x29, 0xb1, 0xc0, 0x3c,
    0x33, 0x57, 0x4c, 0x0, 0x3c, 0xe0, 0x30, 0xcf,
    0xff, 0xf6, 0x0, 0x7f, 0xf0, 0x4, 0x7e, 0x0,
    0x10, 0x7, 0x84, 0x82, 0x5c, 0x27, 0xbb, 0xca,
    0xc, 0x1, 0xea, 0xd0, 0x4, 0x84, 0x10, 0x6,
    0x45, 0x19, 0x0, 0xe3, 0x43, 0x0, 0xc, 0x7,
    0x88, 0x0, 0xec, 0x2c, 0x40, 0x3a, 0x2, 0x40,
    0x27, 0x52, 0xd1, 0x3d, 0x8, 0x50, 0xe, 0x44,
    0x12, 0x80, 0x6a, 0x43, 0xfc, 0x17, 0x70, 0x7,
    0xa4, 0x20, 0x3, 0xd0, 0x2, 0x7, 0x0, 0x1e,
    0x62, 0x35, 0x0, 0xc5, 0x38, 0x4, 0x7, 0xcc,
    0x1, 0x86, 0x43, 0xc0, 0x4, 0xd7, 0xac, 0xf,
    0xb8, 0x43, 0x3d, 0x6, 0x2, 0x8c, 0x60, 0x9b,
    0x28, 0xb, 0xb0, 0x7, 0xb0, 0x22, 0x7c, 0xa0,
    0xb9, 0x0, 0x21, 0x9a, 0x3a, 0x88, 0x3, 0x3f,
    0x49, 0x8f, 0x0,

    /* U+6CB9 "油" */
    0x0, 0xff, 0xe1, 0x42, 0x0, 0x7e, 0xee, 0x30,
    0x7, 0xe2, 0x7f, 0x0, 0xfc, 0xa3, 0x38, 0x40,
    0x1f, 0x9c, 0x3, 0xf5, 0xd0, 0x9f, 0x80, 0x7f,
    0xf1, 0x97, 0xd1, 0x0, 0x1f, 0xfc, 0x71, 0xb9,
    0x0, 0x11, 0x66, 0x0, 0x11, 0x70, 0x7, 0xf7,
    0xee, 0xeb, 0x3, 0xdd, 0xe9, 0x0, 0xf8, 0x40,
    0x6, 0x78, 0x0, 0x67, 0x10, 0x13, 0x7d, 0xa8,
    0x7, 0x1e, 0x65, 0xc0, 0x79, 0x97, 0x0, 0x11,
    0x52, 0xb0, 0x80, 0x3f, 0xf8, 0x85, 0x5a, 0xa6,
    0x80, 0x1f, 0xfc, 0x62, 0xad, 0x60, 0xf, 0xfe,
    0x41, 0x0, 0x62, 0xbb, 0xb8, 0xa, 0xee, 0xf0,
    0xf, 0xf8, 0x51, 0x23, 0x1, 0x44, 0x8c, 0x3,
    0xc4, 0xa0, 0x11, 0xee, 0xd4, 0x7, 0xbb, 0x50,
    0x7, 0xa6, 0x84, 0x2, 0x22, 0x9c, 0x0, 0x45,
    0x30, 0x7, 0x22, 0x8, 0x40, 0x3f, 0xf8, 0xd0,
    0x10, 0x1, 0xff, 0xc6, 0x53, 0x25, 0x0, 0xff,
    0xe2, 0x8d, 0x84, 0x80, 0x63, 0xaa, 0xa4, 0xa,
    0xaa, 0xf0, 0xa, 0x45, 0x10, 0x0, 0x10, 0x2,
    0xac, 0x80, 0x2a, 0xb1, 0x81, 0x6, 0x8c, 0x80,
    0x6e, 0xcc, 0xff, 0xe0, 0x48,

    /* U+6CE1 "泡" */
    0x0, 0xff, 0xe5, 0xc7, 0x40, 0x80, 0x61, 0xea,
    0x0, 0xff, 0xbc, 0x5f, 0xd0, 0x2, 0x61, 0x20,
    0xf, 0xf9, 0xf5, 0x6, 0xc0, 0x2a, 0xc, 0x22,
    0xf8, 0x40, 0x31, 0x5c, 0xc0, 0x1, 0x48, 0x2f,
    0x77, 0xee, 0xd0, 0xe, 0x67, 0x0, 0x40, 0x1a,
    0x27, 0xe0, 0x20, 0xf, 0xce, 0x47, 0x97, 0x7f,
    0x80, 0x24, 0x60, 0xc, 0x90, 0x1e, 0x1, 0xfe,
    0x10, 0xa9, 0xe7, 0x2, 0xb0, 0x6, 0x7f, 0xf7,
    0x0, 0x7b, 0xdc, 0x62, 0xc9, 0x9c, 0x81, 0x57,
    0x8, 0x88, 0x4, 0xc, 0x6, 0x39, 0x74, 0x26,
    0x0, 0x15, 0x59, 0x0, 0x23, 0x1, 0x0, 0x86,
    0x98, 0x3, 0xff, 0x82, 0x20, 0xe0, 0x1f, 0xfc,
    0x77, 0x1, 0x0, 0xe3, 0x0, 0xed, 0xdc, 0xa0,
    0x11, 0x1, 0x80, 0x61, 0xca, 0x0, 0xc6, 0x78,
    0x48, 0x81, 0xe1, 0xc0, 0x1a, 0x43, 0x40, 0x37,
    0x77, 0x5d, 0xcc, 0x6, 0x1, 0xb, 0x83, 0x0,
    0x7f, 0x1a, 0x20, 0x15, 0x0, 0x29, 0x7, 0x10,
    0xf, 0xe5, 0xfe, 0xfa, 0x0, 0x85, 0xc2, 0x40,
    0x3f, 0xf8, 0x2, 0x0, 0x65, 0xb, 0x7, 0x10,
    0xf, 0xfe, 0x1c, 0x59, 0xa8, 0x48, 0x6, 0x10,
    0x20, 0xf, 0xc4, 0x26, 0x25, 0x2, 0x1, 0x90,
    0x37, 0x33, 0xf6, 0x85, 0x16, 0xb8, 0x7, 0x43,
    0x9, 0x9f, 0xe1, 0x67,

    /* U+6CE2 "波" */
    0x0, 0xff, 0xe1, 0x19, 0x80, 0x3f, 0x9b, 0x5c,
    0x3, 0xfb, 0x38, 0x3, 0xfc, 0x51, 0xc8, 0x1,
    0xf8, 0xc0, 0x3f, 0x9b, 0x4c, 0x6c, 0x40, 0x3f,
    0xf8, 0x2, 0x1, 0xc5, 0x93, 0x3, 0x1f, 0xfc,
    0x3, 0xff, 0xbb, 0xcc, 0x3, 0x99, 0xc0, 0xc0,
    0x8b, 0x0, 0x8, 0xb0, 0x1, 0xc0, 0x3f, 0x38,
    0x66, 0xec, 0x3, 0xbb, 0x60, 0xa, 0x2, 0xb0,
    0x7, 0xff, 0x11, 0x81, 0x80, 0x17, 0x3a, 0xa0,
    0x1f, 0xfc, 0x2e, 0x9, 0x0, 0x62, 0x15, 0x58,
    0x6, 0x30, 0xf, 0x8, 0xa3, 0xc4, 0x0, 0x57,
    0x62, 0x0, 0xed, 0xff, 0x80, 0x7f, 0xba, 0xa0,
    0xe, 0x4d, 0xb0, 0xc, 0x40, 0x48, 0x9c, 0x40,
    0x20, 0x1f, 0xe1, 0xc, 0x1, 0xbb, 0xe7, 0xd,
    0x0, 0xf8, 0x40, 0x6, 0x22, 0x63, 0x50, 0x8,
    0x54, 0x1c, 0x3, 0xc3, 0xce, 0x2, 0x61, 0x1,
    0x0, 0x15, 0x83, 0x88, 0x7, 0xa4, 0x4, 0x81,
    0x80, 0x5c, 0xa8, 0x11, 0x46, 0x0, 0x3e, 0x70,
    0x64, 0x3, 0x0, 0x41, 0xac, 0x58, 0x50, 0x7,
    0xce, 0xe, 0x18, 0x18, 0x1, 0x68, 0xb8, 0x42,
    0x0, 0x78, 0x64, 0x24, 0x14, 0x10, 0x2, 0x61,
    0x0, 0x68, 0x80, 0x7a, 0x5, 0x85, 0x81, 0x40,
    0xb, 0xb0, 0x10, 0x4b, 0xce, 0x20, 0x10, 0xb0,
    0x40, 0x40, 0x44, 0x3a, 0x89, 0x79, 0xf6, 0x2,
    0x3a, 0xd0, 0x4, 0xdc, 0x41, 0x60, 0x90, 0x5b,
    0x68, 0x40, 0xf, 0xd0, 0x68, 0x1, 0x64, 0x0,
    0x2d, 0xc3, 0x3e, 0x48, 0x3, 0x85, 0xf3, 0xd0,

    /* U+6CE8 "注" */
    0x0, 0xff, 0xe0, 0xa, 0x0, 0x7f, 0x8f, 0x64,
    0x80, 0x3e, 0x9b, 0x50, 0xf, 0xe1, 0x6, 0xd9,
    0x0, 0xf5, 0x4, 0x0, 0x7f, 0x16, 0xc8, 0xb4,
    0x0, 0x71, 0x31, 0x30, 0x7, 0xf9, 0xbd, 0xe8,
    0x3, 0xd6, 0x46, 0x1, 0xff, 0xc, 0x16, 0x77,
    0x76, 0x1d, 0xf7, 0x6d, 0x40, 0xf, 0xc2, 0x3f,
    0xfc, 0x13, 0x0, 0xa, 0x0, 0x76, 0xff, 0xf1,
    0x86, 0x7f, 0xee, 0x40, 0x8b, 0xe6, 0x0, 0xff,
    0xe3, 0xc3, 0xc, 0xe8, 0x80, 0x7f, 0xf1, 0x46,
    0x75, 0x8, 0xc0, 0x3f, 0xf8, 0xe5, 0x7c, 0x40,
    0x1f, 0xfc, 0x91, 0x0, 0xaf, 0x77, 0x18, 0x76,
    0xee, 0x50, 0xf, 0x8c, 0x0, 0xa4, 0x58, 0x0,
    0x45, 0xe0, 0xf, 0x2e, 0x28, 0x77, 0xfe, 0x30,
    0xcf, 0xfc, 0xe0, 0x1e, 0x80, 0x60, 0xf, 0xfe,
    0x3b, 0x12, 0x18, 0x7, 0xff, 0x1e, 0x2, 0x40,
    0x3f, 0xf8, 0xf2, 0x2a, 0x40, 0x1f, 0xfc, 0x63,
    0x60, 0xb0, 0xf, 0xfe, 0x3f, 0x4, 0x8, 0x4f,
    0xff, 0x8c, 0x33, 0xff, 0xb4, 0x0, 0xe4, 0xe0,
    0x1, 0x21, 0x1f, 0xfe, 0xb, 0x0, 0x2b, 0x40,
    0x28, 0xde, 0xef, 0xfe, 0xd, 0x80,

    /* U+6D01 "洁" */
    0x0, 0xff, 0xe0, 0xbb, 0x80, 0x3f, 0x4f, 0x28,
    0x7, 0xf4, 0x40, 0x3, 0xf7, 0x8d, 0x40, 0x7,
    0xff, 0x19, 0xac, 0x5e, 0x40, 0x3f, 0xf8, 0xc9,
    0x82, 0x69, 0xbb, 0xe0, 0x6, 0xef, 0xa0, 0x2,
    0x2f, 0xa1, 0x22, 0xf0, 0x0, 0x8b, 0xc2, 0x1,
    0x84, 0x17, 0xff, 0xc0, 0xf, 0xff, 0x48, 0x98,
    0x7, 0xff, 0x22, 0xb3, 0x6, 0x1, 0xff, 0xc6,
    0x95, 0x3c, 0x80, 0x3, 0x5d, 0xf0, 0x2, 0xef,
    0x98, 0xa, 0xb0, 0x58, 0x1, 0xa8, 0x9c, 0x0,
    0x44, 0xea, 0x0, 0x8f, 0xfc, 0x0, 0xbd, 0xdf,
    0xfe, 0x6, 0x0, 0x61, 0x10, 0x4, 0x45, 0xff,
    0xc0, 0x0, 0xff, 0xe8, 0x2b, 0x0, 0x37, 0xff,
    0xfd, 0xc0, 0x1c, 0x35, 0x0, 0x2, 0x3, 0x3f,
    0xc0, 0x24, 0x1, 0xa0, 0x18, 0x3, 0x66, 0x7e,
    0x20, 0xe, 0x26, 0x18, 0x0, 0xff, 0xe3, 0x70,
    0x48, 0x7, 0xff, 0x19, 0x8c, 0x9c, 0x3, 0xff,
    0x8a, 0x32, 0x1c, 0x1, 0xef, 0xff, 0xc4, 0x1,
    0x89, 0x8c, 0x3, 0x31, 0x17, 0xf9, 0x8, 0x0,

    /* U+6D41 "流" */
    0x3, 0x92, 0x0, 0xfe, 0x9c, 0x10, 0xf, 0x91,
    0xb5, 0xc0, 0x3e, 0x46, 0x20, 0xf, 0xcf, 0x43,
    0x16, 0x2, 0x45, 0xa4, 0x24, 0xc8, 0xb0, 0x80,
    0x4b, 0xe6, 0xa5, 0xdb, 0xb8, 0x82, 0x37, 0x7b,
    0xac, 0x2, 0x1c, 0xf2, 0x65, 0x51, 0x80, 0xaa,
    0xfe, 0xe0, 0xe, 0x10, 0x9a, 0xa0, 0x86, 0xd5,
    0x5c, 0x9f, 0x54, 0x51, 0x40, 0xf, 0xa8, 0xa4,
    0xc0, 0x25, 0x3a, 0x40, 0x4, 0x5f, 0x30, 0x6,
    0x85, 0x76, 0x1, 0x23, 0x55, 0x5, 0x10, 0x42,
    0x8c, 0xd8, 0x2, 0x1c, 0x1f, 0xfd, 0xdb, 0x96,
    0xe0, 0x3c, 0x3, 0x58, 0x48, 0x20, 0x10, 0x92,
    0x2b, 0x3c, 0x4d, 0xe3, 0x1c, 0x0, 0xf, 0x74,
    0x21, 0x1f, 0xdb, 0x75, 0x30, 0xec, 0x87, 0x29,
    0xa0, 0x18, 0x80, 0x37, 0xc8, 0x2, 0xe8, 0x1,
    0x1e, 0x36, 0xa0, 0x1c, 0xa0, 0x1, 0x3, 0x0,
    0x2b, 0x80, 0x8, 0xc, 0x3, 0xcd, 0x4c, 0x1,
    0xff, 0xc6, 0x18, 0x4, 0x2, 0x3, 0x0, 0xff,
    0xe1, 0x40, 0xb1, 0x3, 0x0, 0x80, 0x7f, 0xf0,
    0x49, 0x82, 0x0, 0x1e, 0x18, 0x1, 0xff, 0xc1,
    0xe0, 0x81, 0x1, 0x50, 0x40, 0xf, 0xfe, 0x4,
    0x19, 0x38, 0x2, 0xc1, 0xc0, 0x3e, 0x30, 0xe,
    0x70, 0xe0, 0x5, 0x29, 0x40, 0x7, 0xc2, 0x1d,
    0x6e, 0xe, 0xe3, 0x0, 0x31, 0x78, 0x6, 0x88,
    0x0, 0x25, 0x41, 0xb8, 0x22, 0x0, 0x16, 0x69,
    0x0, 0x66, 0x50, 0x0, 0xd6, 0x6c, 0x80,

    /* U+6D45 "浅" */
    0x0, 0xff, 0x88, 0x80, 0x1f, 0xe3, 0xd7, 0x0,
    0xfb, 0x70, 0xa, 0x88, 0x3, 0xe3, 0x8d, 0x20,
    0xf, 0x8, 0x32, 0xea, 0x0, 0x71, 0xfa, 0x96,
    0x8, 0x7, 0xc9, 0x61, 0x6a, 0x1, 0xc3, 0x4e,
    0x2, 0x1, 0x84, 0x4, 0x13, 0x4, 0xc0, 0x3e,
    0x8e, 0x0, 0xe3, 0x5, 0x35, 0x53, 0x7d, 0xb0,
    0x7, 0xc3, 0x37, 0xbc, 0x41, 0x79, 0x52, 0xe8,
    0xe0, 0x3, 0x71, 0x0, 0x8d, 0x90, 0xc8, 0x41,
    0xab, 0x3b, 0xf7, 0x18, 0x26, 0x39, 0xc0, 0x5,
    0xdf, 0xd8, 0xc1, 0xea, 0x62, 0x1, 0xd5, 0x1,
    0x14, 0x0, 0x10, 0xb, 0x83, 0xc0, 0x3c, 0x40,
    0x7, 0xd2, 0x70, 0xf, 0x28, 0x2a, 0x3c, 0xdf,
    0x7e, 0xc0, 0x0, 0xb7, 0x0, 0xa, 0xf3, 0x9a,
    0x7, 0x70, 0xc8, 0x22, 0x3c, 0x0, 0xc2, 0x15,
    0x48, 0x63, 0x30, 0x1, 0x1e, 0xb3, 0xbf, 0xc8,
    0x1, 0x8c, 0x2b, 0x7b, 0xfd, 0xaa, 0x1f, 0xa,
    0x63, 0xb8, 0x40, 0x11, 0x64, 0x81, 0x8, 0x5,
    0x81, 0x80, 0x15, 0x9c, 0x90, 0x5, 0x41, 0xe0,
    0x1e, 0x40, 0x50, 0x2c, 0x47, 0x60, 0xc, 0xc0,
    0xc0, 0x1e, 0x22, 0x9f, 0x4d, 0xe0, 0x3, 0x30,
    0xb8, 0x7, 0xe5, 0x8, 0x9, 0x80, 0x85, 0x0,
    0x58, 0x50, 0x7, 0x8e, 0x9c, 0x1, 0x6c, 0x0,
    0x58, 0x6, 0x25, 0x20, 0x8, 0x5b, 0x30, 0xa4,
    0x81, 0xe0, 0x11, 0x8, 0x40, 0x40, 0x1, 0x33,
    0xa4, 0xcd, 0x5b, 0x62, 0x94, 0x26, 0xa, 0x26,
    0xc4, 0x0, 0x72, 0x38, 0xec, 0x50, 0x6, 0x8a,
    0xf6, 0x5, 0xe, 0xc8, 0x4, 0x7d, 0x8e, 0x20,
    0x18, 0xf1, 0x44, 0x50, 0x60,

    /* U+6D46 "浆" */
    0x0, 0xf3, 0x90, 0x7, 0x31, 0x80, 0x7e, 0x11,
    0x0, 0xe, 0x2c, 0x3, 0x34, 0xc8, 0x3, 0xf6,
    0x78, 0x80, 0x7c, 0x92, 0xf, 0x79, 0x9a, 0x84,
    0x2c, 0x68, 0x3, 0xc9, 0x60, 0x26, 0xa4, 0x51,
    0xaa, 0x81, 0x91, 0x6, 0x1, 0xa2, 0xc2, 0xfb,
    0xbb, 0x40, 0x90, 0x1, 0x4, 0x20, 0x11, 0xb8,
    0xdf, 0x28, 0x6, 0xe0, 0x80, 0x8, 0xf4, 0x24,
    0x0, 0x79, 0xca, 0xf4, 0xc0, 0x38, 0x4c, 0xa0,
    0x11, 0x56, 0xa8, 0x4, 0x60, 0x38, 0x33, 0x2f,
    0x36, 0x90, 0x1, 0x56, 0xa9, 0xc8, 0x7, 0x85,
    0xc1, 0x86, 0x64, 0x1, 0x52, 0x95, 0xe2, 0x80,
    0x48, 0xf7, 0xec, 0xd, 0xcc, 0x1, 0xa6, 0xb5,
    0x0, 0x34, 0x5c, 0x21, 0xc7, 0x48, 0x80, 0x70,
    0xa8, 0x4, 0x20, 0x31, 0x2f, 0x38, 0xe2, 0x1,
    0xff, 0xc0, 0x2f, 0x80, 0x65, 0x90, 0xf, 0x31,
    0x0, 0x49, 0x33, 0xaa, 0x50, 0x2, 0x30, 0x8,
    0xb6, 0x6c, 0x2, 0xf6, 0x6c, 0xad, 0xc0, 0x17,
    0x80, 0x1f, 0x49, 0xe4, 0x2, 0xbe, 0xec, 0x41,
    0xc0, 0x11, 0xde, 0xc1, 0x64, 0x0, 0x70, 0x8d,
    0x24, 0x88, 0x0, 0x91, 0x5, 0x1a, 0x60, 0x1f,
    0xa1, 0xc6, 0x80, 0x35, 0x18, 0x61, 0x0, 0x7c,
    0x78, 0xe3, 0x82, 0x1, 0x87, 0x15, 0x36, 0x4c,
    0x2, 0x3b, 0xc3, 0x4f, 0x20, 0xf, 0xaa, 0x45,
    0xb3, 0xa9, 0x25, 0xa, 0xac, 0x40, 0x3f, 0x9b,
    0xa5, 0x5, 0x4e, 0xb7, 0x4a, 0x1, 0x2d, 0xd8,
    0x80, 0x3c, 0xd7, 0xfc, 0xe0, 0x40, 0x1c, 0x2a,
    0x85, 0x20, 0x1f, 0x84, 0x0,

    /* U+6D47 "浇" */
    0x0, 0xff, 0x8c, 0x3, 0xff, 0x80, 0xc2, 0x1,
    0xe2, 0xc8, 0x0, 0xff, 0x2c, 0xf3, 0x0, 0x71,
    0x2, 0x0, 0x7f, 0x96, 0x46, 0x68, 0x2, 0x13,
    0x3, 0x79, 0xac, 0xdf, 0xf4, 0x80, 0x4d, 0xe4,
    0x81, 0xbf, 0xd8, 0x0, 0x86, 0x41, 0x66, 0x3d,
    0x0, 0x61, 0xde, 0x5, 0x68, 0x98, 0x6, 0xfe,
    0xdb, 0x1d, 0x30, 0xf, 0xd1, 0x2e, 0xce, 0x2c,
    0x20, 0x38, 0xf8, 0x1, 0x8, 0x7, 0xfa, 0x2,
    0xdb, 0xcd, 0xe4, 0x1, 0x3d, 0x22, 0x1, 0xf9,
    0xc5, 0x64, 0xee, 0x1, 0x42, 0xd1, 0xbd, 0x40,
    0x30, 0xad, 0xf0, 0x80, 0x2d, 0x0, 0xa9, 0xa,
    0xe8, 0x60, 0x1, 0x1b, 0xd4, 0x8b, 0x76, 0x9,
    0xc6, 0xb0, 0xc, 0xbd, 0x80, 0xf, 0x6, 0xae,
    0xa4, 0x46, 0x99, 0xa5, 0x89, 0x0, 0x21, 0x10,
    0x1, 0xf6, 0x54, 0x40, 0x22, 0xcd, 0xaa, 0x68,
    0x7, 0x20, 0x96, 0x6e, 0xff, 0x7c, 0x43, 0x8,
    0x2, 0x2b, 0xb0, 0x7, 0x11, 0x80, 0x8, 0x80,
    0x1f, 0xac, 0x34, 0xb3, 0x75, 0x61, 0x3b, 0xa3,
    0xf, 0xdd, 0x61, 0x0, 0x5, 0x81, 0xc0, 0x37,
    0x81, 0x0, 0x7f, 0xd2, 0xc, 0x1, 0xce, 0x8,
    0x1, 0xfe, 0x27, 0x8, 0x0, 0xcc, 0x28, 0x20,
    0x1f, 0x51, 0x84, 0x3, 0x8, 0x4, 0xb2, 0x10,
    0x1, 0xf9, 0x68, 0x54, 0x20, 0x0, 0x99, 0x41,
    0x26, 0x1, 0x38, 0x44, 0xd0, 0x70, 0xac, 0x8,
    0x3, 0x4c, 0xad, 0x80, 0x37, 0x8a, 0xb2, 0x9b,
    0x5, 0x38, 0x5, 0x3d, 0xa8, 0x1, 0xc9, 0xdf,
    0xf6, 0x8,

    /* U+6D77 "海" */
    0x0, 0xff, 0x18, 0x7, 0xff, 0x4, 0xb2, 0x4,
    0x3, 0x5e, 0x10, 0x7, 0xff, 0x0, 0x49, 0xfd,
    0x80, 0x2, 0x84, 0x40, 0xf, 0xfe, 0x1, 0xfa,
    0x8c, 0x98, 0x30, 0x1d, 0xdf, 0xf8, 0xc0, 0x21,
    0xac, 0x93, 0x9, 0x1, 0x44, 0xff, 0x30, 0x7,
    0x1b, 0x4, 0xb, 0xff, 0xff, 0xca, 0x1, 0xf1,
    0xb8, 0xc8, 0x7, 0xff, 0x1f, 0x42, 0x26, 0xab,
    0xfa, 0x44, 0x0, 0x94, 0xa0, 0x11, 0x29, 0x3a,
    0xaf, 0xf3, 0x38, 0x0, 0x96, 0xb4, 0xc3, 0x28,
    0x82, 0x3e, 0x82, 0x7f, 0xe7, 0x3, 0x0, 0x36,
    0x19, 0x40, 0x5, 0xc0, 0x60, 0xaf, 0x2a, 0x1,
    0x84, 0x2, 0x3c, 0xb9, 0x0, 0x88, 0x18, 0x1,
    0xd, 0x80, 0x1, 0x7, 0x0, 0xe4, 0x21, 0xde,
    0x50, 0xce, 0xe9, 0xdb, 0xb8, 0xc1, 0x98, 0x0,
    0xe3, 0x11, 0x18, 0x0, 0xcf, 0x88, 0xcc, 0x0,
    0x17, 0x0, 0xcd, 0x87, 0x98, 0x4, 0xdd, 0x1a,
    0x6e, 0xe4, 0xf, 0xb0, 0xd, 0x60, 0x40, 0x40,
    0x40, 0x8, 0x6b, 0x0, 0x98, 0x4, 0x3, 0x21,
    0x18, 0x82, 0x87, 0x80, 0x1a, 0x11, 0x80, 0x6,
    0x20, 0x1d, 0xc1, 0x40, 0xf, 0xd, 0x99, 0xb8,
    0xf2, 0x64, 0x22, 0x81, 0x0, 0x12, 0x83, 0x0,
    0x4, 0x11, 0x9b, 0x1a, 0xb3, 0x0, 0xe, 0x80,
    0x8, 0x6, 0x0, 0xa3, 0xb7, 0x7f, 0x30, 0x37,
    0x28, 0x1, 0x42, 0xc0, 0x30, 0x91, 0x60, 0x88,
    0x98, 0x28, 0x40, 0x26, 0x42, 0x0, 0xfe, 0x36,
    0x55, 0x14, 0x98, 0x4,

    /* U+6D82 "涂" */
    0x0, 0xff, 0xe0, 0x99, 0x80, 0x3f, 0xd, 0x38,
    0x80, 0x7c, 0x59, 0xa0, 0x1f, 0x89, 0x23, 0x9c,
    0x3, 0x87, 0xc0, 0x54, 0x3, 0xe3, 0xe8, 0x8,
    0x80, 0x4, 0x3a, 0x4e, 0x54, 0xc0, 0x1f, 0x9f,
    0x56, 0xc0, 0x5, 0x86, 0xd1, 0xe3, 0x30, 0x1,
    0xf8, 0xa8, 0xc1, 0x74, 0x9e, 0x40, 0xbc, 0xdf,
    0x8, 0x3, 0xf0, 0xd5, 0x2, 0x60, 0x2, 0x1c,
    0x53, 0xd9, 0x11, 0x28, 0x4, 0xbc, 0xa5, 0x68,
    0x45, 0xe8, 0x91, 0x6d, 0xaa, 0x73, 0x83, 0x1c,
    0x4d, 0xee, 0xfe, 0xaf, 0x8f, 0xa7, 0x18, 0xd2,
    0xc7, 0x57, 0x66, 0x80, 0x59, 0xa9, 0x17, 0x31,
    0x8e, 0x43, 0x0, 0x86, 0x26, 0x60, 0x39, 0x99,
    0x40, 0x38, 0x6f, 0x84, 0x3, 0xff, 0x94, 0x53,
    0x55, 0xc0, 0x55, 0x5e, 0x30, 0xe, 0x14, 0x65,
    0x5e, 0x0, 0x2a, 0xf9, 0x0, 0x35, 0x7b, 0x77,
    0x76, 0x81, 0x77, 0x79, 0xc0, 0x23, 0x50, 0x0,
    0x89, 0xc0, 0x48, 0x4, 0x64, 0x51, 0x10, 0x6,
    0x80, 0x80, 0x5, 0x4a, 0x0, 0x7a, 0x6d, 0x40,
    0x32, 0xa1, 0x30, 0x1a, 0x92, 0x80, 0x7b, 0x82,
    0x88, 0x2, 0x80, 0x80, 0x1e, 0xe, 0x0, 0xce,
    0x0, 0x2a, 0xf, 0x0, 0x41, 0x1a, 0x85, 0x13,
    0x98, 0x7, 0xe5, 0x42, 0x41, 0x70, 0xf0, 0x1,
    0x24, 0x0, 0x7f, 0xa5, 0x54, 0x2c, 0xe6, 0x0,
    0x9b, 0x0, 0x66, 0x40, 0x20, 0x18, 0xa8, 0x42,
    0x60, 0x3, 0xe6, 0x33, 0xa4, 0x3, 0xe0,

    /* U+6D88 "消" */
    0x0, 0xff, 0xe0, 0xa3, 0x0, 0x7c, 0xb6, 0x80,
    0x19, 0x40, 0x34, 0x48, 0x6, 0x53, 0x3, 0x4b,
    0xb1, 0x3, 0x56, 0x0, 0x42, 0x2, 0x0, 0x1a,
    0xf0, 0x6d, 0x34, 0xd2, 0x63, 0x34, 0x80, 0x7d,
    0x1, 0x40, 0x2, 0xc9, 0x52, 0xe, 0x6, 0x20,
    0xe, 0x36, 0x26, 0x0, 0xcd, 0x40, 0x2, 0x50,
    0x70, 0xe, 0xa0, 0xe0, 0xf, 0xf5, 0xe2, 0x80,
    0x74, 0xe9, 0x80, 0xa8, 0x7, 0xa2, 0xa2, 0xec,
    0x41, 0x57, 0x69, 0xb5, 0x6a, 0xd4, 0x0, 0xce,
    0x89, 0x80, 0x8, 0x9d, 0x2e, 0xe2, 0xb9, 0x0,
    0xc5, 0xdf, 0xff, 0x68, 0x8, 0x46, 0x99, 0x0,
    0x70, 0xa1, 0x80, 0x71, 0x80, 0x62, 0xcb, 0x0,
    0xe1, 0xbc, 0xea, 0x40, 0xf, 0xfe, 0x18, 0xfe,
    0x3a, 0x5f, 0x8, 0x7, 0xe5, 0x0, 0xf1, 0xcf,
    0x5a, 0x8, 0x7, 0xd1, 0x42, 0x0, 0x10, 0xe,
    0x4e, 0x8a, 0x0, 0xe1, 0x71, 0x10, 0x6, 0x26,
    0x9d, 0xfb, 0x75, 0x0, 0xe9, 0x9, 0x1, 0x7,
    0x76, 0xcb, 0x1a, 0xce, 0xf8, 0x6, 0x16, 0x17,
    0x2, 0x1, 0x56, 0x9d, 0xea, 0x62, 0x0, 0xe8,
    0x19, 0x0, 0x30, 0x11, 0x25, 0x88, 0x3, 0xf1,
    0x30, 0xb8, 0x3, 0x3, 0x40, 0x3f, 0xf8, 0x10,
    0x10, 0x1, 0x38, 0x20, 0x7, 0xf8, 0x43, 0x49,
    0x80, 0x8, 0x28, 0x20, 0x1c, 0x79, 0x78, 0xe,
    0xf, 0xa0, 0x12, 0x34, 0x0, 0x78, 0x85, 0x8,
    0xe4, 0x3, 0xe9, 0x30, 0xf, 0xe, 0xff, 0xb0,
    0x80,

    /* U+6DB2 "液" */
    0x0, 0xff, 0xe0, 0xa0, 0x7, 0xf0, 0xc0, 0x80,
    0x7e, 0x4b, 0x90, 0xf, 0xc8, 0xfe, 0x60, 0x1f,
    0x20, 0xb0, 0x80, 0x7c, 0xb0, 0x38, 0xb1, 0xbb,
    0xe1, 0xf, 0xdd, 0xe9, 0x0, 0x3d, 0x6, 0x99,
    0x17, 0x80, 0x2, 0x45, 0xca, 0x1, 0x2f, 0x45,
    0xff, 0xaf, 0x7f, 0xeb, 0xdf, 0xfe, 0xc0, 0xc,
    0x20, 0x11, 0x5f, 0x0, 0xa, 0xe0, 0x3, 0xff,
    0x85, 0x41, 0x40, 0xa, 0xc, 0x1, 0x18, 0x0,
    0xde, 0xc0, 0x18, 0x5c, 0x58, 0x0, 0xc1, 0x3f,
    0xdd, 0x68, 0x28, 0xcd, 0x88, 0x2, 0x1, 0x80,
    0xe, 0x26, 0xcd, 0x80, 0xc0, 0xf9, 0x92, 0x0,
    0xd8, 0x3c, 0x1, 0x20, 0x35, 0x32, 0xb0, 0x40,
    0xa, 0x6e, 0x3, 0xc0, 0x34, 0xb, 0xe, 0x38,
    0x50, 0x78, 0x6, 0x41, 0xa3, 0x20, 0x2, 0x38,
    0x1e, 0x3c, 0x5b, 0x2, 0x80, 0x79, 0x8e, 0x0,
    0x14, 0x8, 0xa5, 0x14, 0x82, 0xc0, 0x1d, 0x91,
    0x98, 0x10, 0x3, 0xdd, 0x4, 0x82, 0x8, 0x40,
    0x6, 0x33, 0x80, 0x3a, 0x50, 0x5d, 0x1a, 0xc5,
    0xc4, 0x3, 0x48, 0x70, 0x7, 0xe8, 0x29, 0x53,
    0x80, 0xc, 0x2a, 0xa, 0x1, 0xfd, 0x60, 0x9,
    0x0, 0xe6, 0x6, 0x0, 0xfe, 0x59, 0x0, 0x52,
    0x0, 0x69, 0xb, 0x0, 0xfd, 0x34, 0x19, 0x61,
    0x72, 0x0, 0x41, 0x42, 0x0, 0xf3, 0xf3, 0x16,
    0x9a, 0x69, 0x37, 0x3a, 0x44, 0x80, 0x7d, 0x41,
    0x1a, 0x40, 0x2, 0xd7, 0xf, 0x7, 0x20, 0xc,
    0xc2, 0x7b, 0xce, 0x1, 0xe8, 0xe8,

    /* U+6DF1 "深" */
    0x3, 0xc6, 0x0, 0x88, 0xcf, 0xfe, 0x20, 0x9,
    0xce, 0x74, 0x8f, 0x73, 0x3f, 0xed, 0xc0, 0x2,
    0x6a, 0x17, 0x30, 0x1b, 0xbf, 0xf3, 0x0, 0x80,
    0x45, 0x6f, 0x40, 0xb, 0x8a, 0x5c, 0x8b, 0x5b,
    0x89, 0x0, 0xfa, 0x18, 0x40, 0x41, 0x8, 0x80,
    0xa4, 0xa0, 0x1, 0x10, 0x7, 0xc9, 0x8c, 0x14,
    0x8, 0x1, 0xef, 0xc0, 0x1, 0x0, 0x71, 0x84,
    0x1a, 0x10, 0x7, 0x84, 0x1, 0x5b, 0x64, 0x0,
    0x16, 0xc7, 0x1a, 0x0, 0x10, 0x54, 0xca, 0xa8,
    0xb0, 0x88, 0xd5, 0xc, 0x93, 0x5f, 0x10, 0x2,
    0x11, 0xb3, 0x15, 0x58, 0x57, 0x40, 0x41, 0xf7,
    0xd4, 0x20, 0x5a, 0xbb, 0xdb, 0xae, 0xe4, 0x80,
    0x17, 0xdc, 0x9, 0x4, 0x2, 0x72, 0xc0, 0x12,
    0x20, 0x88, 0x3, 0xe5, 0xab, 0xbd, 0x20, 0x97,
    0x7d, 0x20, 0x1c, 0xa3, 0x8a, 0x89, 0x8c, 0x9,
    0x13, 0x98, 0x40, 0x23, 0xa9, 0x97, 0xf7, 0x42,
    0x1, 0xaf, 0xba, 0xf1, 0x0, 0xa4, 0x34, 0x0,
    0x22, 0x81, 0x30, 0x40, 0xa0, 0x11, 0x0, 0x62,
    0x52, 0x50, 0xa, 0x18, 0xe4, 0xa, 0x87, 0x4,
    0x3, 0xa0, 0x2c, 0x2, 0x87, 0x1e, 0x0, 0x96,
    0xb, 0xcc, 0x2, 0x25, 0x16, 0x2, 0xb7, 0x1d,
    0x20, 0xc, 0xf0, 0x39, 0x0, 0x9, 0x8, 0x3,
    0xd4, 0x2c, 0x30, 0xf, 0x3d, 0x3, 0xd9, 0x20,
    0xb0, 0x12, 0xc6, 0x90, 0x7, 0xe5, 0xd6, 0x82,
    0x7a, 0x0, 0xd, 0x38, 0x7, 0xfc, 0x52, 0x61,
    0x8, 0x1, 0xfc, 0xe1, 0xe0, 0x1f, 0x0,

    /* U+6E05 "清" */
    0x0, 0xff, 0xe0, 0xb2, 0x80, 0x7f, 0x25, 0x10,
    0x7, 0xf4, 0x58, 0x7, 0xf1, 0xae, 0xb0, 0x3f,
    0xff, 0x84, 0x5f, 0xfe, 0x60, 0x3, 0xd0, 0x4c,
    0x23, 0xbf, 0x80, 0xe, 0xfe, 0x50, 0x9, 0x75,
    0x34, 0xe2, 0x3c, 0x0, 0x88, 0xf1, 0x80, 0x62,
    0xb5, 0xd, 0xff, 0xe0, 0x7, 0xff, 0x50, 0x7,
    0xf5, 0xbb, 0xf0, 0x1, 0xdf, 0xb8, 0x0, 0x6a,
    0x1, 0xcd, 0x11, 0xc0, 0x8, 0x8e, 0x40, 0x7,
    0xd6, 0x18, 0x1f, 0x7f, 0xf8, 0x1, 0xff, 0xed,
    0xe, 0x33, 0x62, 0x93, 0x3b, 0xff, 0xf0, 0xa8,
    0xb, 0x20, 0x46, 0x88, 0xff, 0xe1, 0xb8, 0x4,
    0xfc, 0x80, 0x16, 0xff, 0xff, 0xb8, 0x3, 0xfe,
    0x21, 0x88, 0xfc, 0x22, 0x20, 0xf, 0x28, 0x0,
    0x40, 0xdd, 0xff, 0x10, 0x7, 0xc5, 0x4e, 0x1,
    0x17, 0xff, 0xe3, 0x0, 0xfa, 0x0, 0xc0, 0x21,
    0x99, 0xfc, 0x20, 0x1e, 0x15, 0x24, 0x0, 0x8d,
    0x9b, 0xf1, 0x0, 0x7a, 0x42, 0xc0, 0x6, 0x6,
    0xef, 0xf8, 0x80, 0x38, 0x9c, 0x58, 0x0, 0xc0,
    0x31, 0x1f, 0x84, 0x3, 0xa0, 0x20, 0x2, 0x30,
    0x8f, 0xff, 0xc6, 0x1, 0x89, 0x45, 0x80, 0x2b,
    0x4, 0x0, 0xff, 0xe0, 0x99, 0x58, 0x4, 0x66,
    0x13, 0x0, 0xe4, 0x99, 0x18, 0x18, 0x0, 0x75,
    0x40, 0x23, 0x34, 0x0, 0x7c, 0xcc, 0x6, 0x10,
    0xf, 0xec, 0x60, 0xf, 0x27, 0xfd, 0x20, 0x10,

    /* U+6E29 "温" */
    0x1, 0xc9, 0x20, 0x9, 0xa6, 0x7f, 0xc6, 0x1,
    0x8c, 0x9b, 0x64, 0x1, 0x2c, 0xdf, 0xe9, 0x0,
    0xc5, 0xd0, 0xc, 0xe2, 0x5, 0xff, 0xf5, 0x80,
    0x7e, 0x7e, 0x87, 0x0, 0x8, 0x7, 0xce, 0x1,
    0xfc, 0x2e, 0x1, 0x14, 0xcf, 0xe0, 0xf, 0xfe,
    0x10, 0xb3, 0x7c, 0xa0, 0x1c, 0x4a, 0x1, 0xf1,
    0xff, 0xfd, 0x80, 0x1d, 0x15, 0xce, 0x1, 0xff,
    0xc7, 0xb7, 0x18, 0xc0, 0x0, 0x81, 0xdd, 0xfd,
    0xe0, 0x1c, 0x31, 0xc8, 0x60, 0x11, 0x82, 0x27,
    0xc6, 0x18, 0x1, 0xc3, 0x7e, 0x1, 0x67, 0xff,
    0xf9, 0x80, 0x3f, 0xfa, 0x62, 0x15, 0xff, 0xff,
    0xc0, 0x40, 0xf, 0x57, 0x83, 0x82, 0xa8, 0x9,
    0x50, 0xd, 0x4c, 0xc, 0x3, 0x89, 0x4c, 0x0,
    0x35, 0x41, 0x7a, 0x90, 0xaa, 0x80, 0x3e, 0x90,
    0x80, 0xf, 0xfe, 0x39, 0xa1, 0x28, 0x7, 0xff,
    0x1f, 0xc2, 0x0, 0x3f, 0xf8, 0xee, 0x66, 0x50,
    0xf, 0xfe, 0x30, 0xc0, 0x78, 0x3d, 0x90, 0xdd,
    0x85, 0x2f, 0x82, 0xee, 0xa, 0x90, 0x13, 0x63,
    0xd, 0x40, 0x2, 0x20, 0x5, 0xc, 0x9, 0x8,
    0x9, 0x0,

    /* U+6E7F "湿" */
    0x3, 0xda, 0x20, 0x9, 0x59, 0xbf, 0xca, 0x1,
    0xc6, 0xbb, 0x0, 0x95, 0x33, 0xfe, 0xa5, 0x0,
    0x8f, 0xa4, 0x1c, 0x84, 0x17, 0x33, 0xf2, 0x80,
    0x7c, 0xdb, 0x4, 0x0, 0xd3, 0x3f, 0xc4, 0x1,
    0xf8, 0x9c, 0x2, 0xc7, 0x7f, 0xc6, 0x1, 0xff,
    0xc1, 0x48, 0x8f, 0xc8, 0x1, 0x8e, 0x8, 0x3,
    0xcf, 0xdd, 0xf9, 0xc0, 0x35, 0x3e, 0xd0, 0x80,
    0x6f, 0x11, 0xfc, 0x1, 0xd3, 0x42, 0xb8, 0x1,
    0xaa, 0x67, 0xf2, 0x80, 0x72, 0xf2, 0xb8, 0x1,
    0x80, 0x99, 0xbf, 0x10, 0x30, 0x7, 0x55, 0x0,
    0x7, 0xfd, 0xcc, 0xde, 0xe6, 0xeb, 0xb9, 0xe6,
    0x1, 0xff, 0x8, 0xb7, 0x84, 0x5f, 0xe1, 0x10,
    0x7, 0xe3, 0x0, 0x52, 0x80, 0x4, 0x40, 0x3,
    0x30, 0x1, 0x6c, 0x40, 0x32, 0x62, 0x82, 0x58,
    0x80, 0x7f, 0x42, 0x0, 0x77, 0x83, 0x4, 0x8c,
    0x80, 0x7e, 0x32, 0x51, 0x0, 0x89, 0x8, 0xc1,
    0xc5, 0x40, 0x3f, 0x48, 0x48, 0x6, 0xb0, 0xb0,
    0x9, 0x8, 0x80, 0x1e, 0x25, 0x51, 0x80, 0x44,
    0xc0, 0xc0, 0x17, 0x11, 0x80, 0x79, 0x8a, 0x0,
    0x35, 0x83, 0x80, 0x64, 0xd1, 0x0, 0xf2, 0x69,
    0x0, 0x42, 0xc1, 0x20, 0xb7, 0x7c, 0x5, 0x76,
    0x11, 0x5d, 0xe8, 0x1, 0x68, 0x10, 0xc4, 0x4e,
    0x0, 0x22, 0x0, 0x8, 0x99, 0x40,

    /* U+6E90 "源" */
    0x5, 0xc5, 0x0, 0xe1, 0x1f, 0xf8, 0x2, 0x13,
    0xab, 0x10, 0xcf, 0xee, 0xff, 0xbd, 0xc1, 0x34,
    0xd3, 0x40, 0xc1, 0x13, 0x8c, 0x91, 0x38, 0xc0,
    0x5, 0x91, 0x0, 0xa, 0xef, 0x88, 0x95, 0x77,
    0x90, 0x3, 0x3a, 0x0, 0x7c, 0x42, 0x62, 0x1,
    0xff, 0xc3, 0x9f, 0xf6, 0x81, 0xff, 0xe9, 0x3,
    0x70, 0xf, 0xca, 0xc, 0xdf, 0x2, 0x4, 0x43,
    0x50, 0x3, 0xc2, 0x13, 0x3f, 0x9, 0x85, 0x29,
    0x5b, 0x0, 0x7c, 0xcd, 0xf0, 0x80, 0x6, 0xa8,
    0x46, 0x1, 0x8, 0x5, 0x33, 0xf0, 0x7, 0x2e,
    0xa8, 0x4, 0x60, 0x17, 0xff, 0xc2, 0x1, 0xf8,
    0x40, 0x40, 0x3f, 0xc2, 0x1, 0xe1, 0x2, 0x7,
    0x1, 0xf, 0xff, 0x80, 0xc0, 0x34, 0x71, 0x30,
    0x10, 0x7c, 0x44, 0x40, 0xf1, 0x17, 0x0, 0x66,
    0x3, 0xd0, 0xe0, 0x36, 0x77, 0x30, 0x4b, 0xab,
    0x18, 0x4, 0xa2, 0xa2, 0x60, 0x80, 0xfc, 0xa0,
    0x1d, 0xf8, 0x1, 0xa4, 0x24, 0x14, 0xc, 0x60,
    0x1c, 0x3, 0x94, 0xa0, 0x0, 0x67, 0x90, 0x50,
    0x2c, 0x18, 0x80, 0x3a, 0x5, 0xc8, 0x20, 0x20,
    0x3c, 0x39, 0xd4, 0x60, 0x3, 0xe8, 0x5, 0x34,
    0x24, 0x48, 0x57, 0xc2, 0x84, 0x3, 0xe6, 0x96,
    0x60, 0xc8, 0x40, 0x58, 0x47, 0x22, 0x2a, 0x88,
    0x1, 0xcc, 0x2b, 0xc8, 0x1d, 0x2a, 0x0, 0x10,
    0x67, 0x51, 0x71, 0x0, 0xe0,

    /* U+6EE1 "满" */
    0x0, 0xff, 0x19, 0x80, 0x32, 0x88, 0x7, 0xb,
    0x88, 0x7, 0xbb, 0x40, 0x23, 0xa9, 0x0, 0xe7,
    0x8f, 0x40, 0x36, 0x68, 0xc5, 0x9a, 0xa0, 0x36,
    0x68, 0x81, 0xa4, 0x6e, 0x3e, 0x66, 0x10, 0x99,
    0x98, 0x12, 0x66, 0xb0, 0x3, 0x61, 0xee, 0xb3,
    0x21, 0xc, 0xca, 0x41, 0x73, 0x29, 0x0, 0x8f,
    0x14, 0x4c, 0xe5, 0x43, 0x39, 0x7, 0xcc, 0xe0,
    0xf, 0x91, 0x9a, 0xdd, 0x33, 0x49, 0x6, 0xcd,
    0x18, 0x8, 0x6, 0xa9, 0x9f, 0xfe, 0x14, 0x43,
    0xa4, 0x40, 0x1f, 0x99, 0x84, 0xb3, 0x6, 0x19,
    0x9a, 0xa8, 0x6d, 0xe8, 0x2, 0x67, 0x80, 0x4c,
    0xce, 0x6, 0x78, 0x4b, 0x24, 0x4c, 0x6, 0xae,
    0xe1, 0x3b, 0xb2, 0x85, 0xdd, 0x20, 0x13, 0x7b,
    0x82, 0x2a, 0x24, 0x0, 0x44, 0x8, 0x22, 0x4c,
    0x20, 0x1e, 0x30, 0x7f, 0xe0, 0x7f, 0xf1, 0x27,
    0xf9, 0x0, 0xc0, 0x31, 0x80, 0x5e, 0x4, 0x1a,
    0x0, 0x21, 0x0, 0x8, 0x7, 0x1e, 0x38, 0x6,
    0x40, 0xe0, 0x20, 0x53, 0x0, 0xfa, 0x40, 0x40,
    0x36, 0x2, 0x42, 0x0, 0x38, 0x3, 0xc4, 0xa2,
    0xc0, 0x11, 0x23, 0x31, 0x28, 0x64, 0xa0, 0x3,
    0xac, 0x18, 0x3, 0x48, 0x5c, 0xf9, 0xbb, 0x11,
    0x80, 0x62, 0x60, 0x90, 0xb, 0x51, 0xc8, 0x38,
    0x2c, 0x32, 0x80, 0x34, 0x83, 0x8, 0x5, 0xba,
    0x80, 0x3, 0x49, 0x0, 0x88, 0x2, 0x24, 0x8,
    0x0, 0xe2, 0x0, 0xad, 0x80, 0x3e, 0x25, 0x81,
    0x0, 0xff, 0xe0, 0x13, 0xbc, 0x6, 0x14, 0xe0,
    0x12, 0x81, 0x0, 0x7c, 0x77, 0x21, 0x2,

    /* U+6F14 "演" */
    0x0, 0xff, 0xe0, 0x21, 0x80, 0x7f, 0x1e, 0x30,
    0x7, 0xeb, 0xc1, 0x0, 0xfc, 0xe7, 0x3a, 0x80,
    0x45, 0xca, 0x10, 0x45, 0xc2, 0x0, 0x4e, 0x52,
    0xda, 0xdd, 0xe5, 0x6, 0xdd, 0xee, 0x10, 0x0,
    0xd6, 0xcb, 0x3, 0xc4, 0x7f, 0x88, 0x8, 0x3,
    0x10, 0x5, 0xe, 0xff, 0xf0, 0x8, 0x7, 0xad,
    0x55, 0x11, 0xfc, 0xf8, 0x64, 0x45, 0x0, 0xcf,
    0x56, 0xef, 0xfd, 0x9, 0x81, 0x35, 0xa8, 0x1,
    0xbb, 0xb4, 0x83, 0xf7, 0x5e, 0x40, 0xa, 0x52,
    0xb3, 0x0, 0xa, 0x2a, 0xdc, 0x2, 0xab, 0x21,
    0x0, 0x6, 0xad, 0xcc, 0x1, 0x97, 0x79, 0xc1,
    0xae, 0xf6, 0x90, 0x4, 0x90, 0x1, 0x10, 0xdd,
    0xce, 0xd, 0x77, 0x20, 0x8, 0x7, 0xf1, 0xa2,
    0x5a, 0x1c, 0x89, 0x18, 0x7, 0xcc, 0x1, 0x16,
    0xed, 0x61, 0x3b, 0xb3, 0x0, 0x79, 0xa5, 0x0,
    0x2, 0xef, 0x10, 0x13, 0xbc, 0x60, 0x1e, 0xb0,
    0x60, 0x1, 0xd5, 0x52, 0x17, 0x55, 0x28, 0x7,
    0x21, 0x21, 0x0, 0x9b, 0xbd, 0xe1, 0x8e, 0xf2,
    0x0, 0x77, 0x87, 0x80, 0x8, 0x62, 0x25, 0x4,
    0x88, 0x8c, 0x8, 0x0, 0x68, 0x48, 0x0, 0xcf,
    0xe8, 0xaf, 0xfa, 0xda, 0xbf, 0xc2, 0x0, 0x80,
    0xb0, 0xc, 0xdf, 0x1e, 0x1, 0xb, 0xd6, 0x18,
    0x0, 0x90, 0x58, 0xa, 0x7a, 0x42, 0xa8, 0x1,
    0x2f, 0x39, 0xe4, 0x81, 0x3d, 0x80, 0x19, 0xca,
    0x79, 0x40, 0x3d, 0x1a, 0x88, 0x10,

    /* U+6F6E "潮" */
    0x0, 0xfe, 0x40, 0xf, 0xfe, 0xd, 0xc8, 0x7,
    0x1d, 0xb8, 0x6, 0x8a, 0xac, 0xe0, 0x6, 0x66,
    0x8, 0x7, 0xf1, 0x3a, 0xae, 0x81, 0xd, 0x33,
    0x61, 0x3c, 0x48, 0x5c, 0x41, 0x44, 0x12, 0x64,
    0x40, 0x1b, 0x15, 0x9e, 0x1d, 0x40, 0xdd, 0xd0,
    0x0, 0xd6, 0x63, 0x80, 0x75, 0x5a, 0xee, 0xa8,
    0x1b, 0x76, 0x0, 0xff, 0xe1, 0x18, 0x18, 0x0,
    0x4c, 0x3, 0xf8, 0x8c, 0x3, 0x66, 0xc8, 0x36,
    0x71, 0x80, 0x27, 0xfc, 0xa0, 0xe, 0xc9, 0x0,
    0x89, 0x33, 0x26, 0x6, 0x0, 0x9, 0x98, 0x40,
    0x1c, 0x6d, 0xc2, 0x0, 0x13, 0x3b, 0x80, 0x34,
    0x66, 0x10, 0x0, 0x58, 0xe6, 0x1, 0x2f, 0xfd,
    0x0, 0x1f, 0xfc, 0x8, 0xd1, 0x0, 0x1c, 0xcc,
    0xa0, 0x1f, 0xfc, 0x56, 0x6d, 0xa0, 0x7, 0xc,
    0x66, 0x80, 0x39, 0x8, 0x5, 0x7f, 0xe8, 0x1,
    0x10, 0x2c, 0xc8, 0xc0, 0x3a, 0xf8, 0x2a, 0x18,
    0x11, 0xe5, 0xc, 0x22, 0xa8, 0x60, 0x19, 0x1,
    0x41, 0x1e, 0x83, 0x21, 0x83, 0x81, 0x56, 0x60,
    0xd, 0xc1, 0x4d, 0x76, 0xf0, 0xab, 0xb4, 0x10,
    0x10, 0x7, 0xca, 0x27, 0xa8, 0x83, 0x2, 0x44,
    0x32, 0x10, 0x7, 0xca, 0xc, 0x17, 0xfe, 0xb0,
    0x7f, 0xf6, 0xa, 0x0, 0x7d, 0x21, 0x40, 0x19,
    0xc3, 0xc0, 0x14, 0x1a, 0x1, 0xe2, 0x34, 0x20,
    0xf, 0xc2, 0xe2, 0x80, 0x1e, 0x61, 0xf0, 0xf,
    0xe4, 0xb, 0x3, 0xee, 0x28, 0xa, 0x72, 0x0,
    0x71, 0x9, 0x82, 0xea, 0x81, 0xa8, 0x1d, 0x0,

    /* U+706D "灭" */
    0x0, 0x8, 0xff, 0xf1, 0x80, 0x2e, 0xef, 0xfe,
    0x40, 0x1, 0x48, 0xbf, 0x0, 0x8, 0xbf, 0x20,
    0x2, 0xf7, 0x7f, 0x8, 0x66, 0xef, 0xd4, 0x1,
    0xff, 0x8, 0x8, 0x7, 0xff, 0x61, 0x0, 0x3f,
    0xf8, 0xc, 0x20, 0x1e, 0x7b, 0x40, 0x1, 0x0,
    0x7d, 0x12, 0xc0, 0x1e, 0xa0, 0x50, 0x0, 0x80,
    0x10, 0x3, 0x30, 0x28, 0x7, 0x21, 0x20, 0x80,
    0x18, 0x0, 0x60, 0x13, 0xb, 0x10, 0x7, 0x40,
    0x78, 0x5, 0xa0, 0xb, 0x0, 0xc, 0x4, 0x0,
    0x74, 0x19, 0x90, 0x2, 0x50, 0x1, 0x90, 0x40,
    0xc0, 0x80, 0x71, 0x7, 0x0, 0x44, 0x40, 0x60,
    0xa0, 0xe5, 0x70, 0xf, 0x57, 0x90, 0x5, 0x60,
    0xb6, 0xe, 0x2f, 0x40, 0x1f, 0xfc, 0x2, 0x60,
    0x92, 0x50, 0x80, 0xf, 0xfe, 0x8, 0xf8, 0x29,
    0x84, 0x3, 0x28, 0x7, 0xfc, 0x3a, 0x43, 0x60,
    0x2, 0x90, 0xa3, 0x0, 0xfe, 0x4f, 0x31, 0xc1,
    0x0, 0x99, 0xc3, 0x14, 0x3, 0xc7, 0x36, 0x25,
    0x84, 0x1, 0xd0, 0xe1, 0x56, 0x80, 0x4, 0xcc,
    0x30, 0x36, 0x90, 0x7, 0xd1, 0x64, 0x97, 0xd1,
    0x86, 0x2f, 0xd2, 0x1, 0xfe, 0x4d, 0xa4, 0x1f,
    0x8d, 0xe8, 0x10, 0xf, 0xfe, 0xa, 0xdf, 0xb8,

    /* U+706F "灯" */
    0x0, 0xc4, 0x80, 0x1f, 0xfc, 0x8e, 0xb0, 0xf,
    0xfe, 0x50, 0x80, 0x4f, 0x11, 0xfe, 0x50, 0xf,
    0xe2, 0x87, 0x7f, 0xf5, 0x88, 0x7, 0xcc, 0x15,
    0x33, 0xa0, 0x6, 0x66, 0xdc, 0xa0, 0xe, 0x39,
    0xb5, 0x66, 0xca, 0x0, 0x66, 0x8d, 0x94, 0x3,
    0x90, 0x30, 0x3, 0xff, 0x81, 0xa0, 0xa0, 0x1b,
    0x1, 0x40, 0x3f, 0xf8, 0x8, 0x18, 0x1, 0x1a,
    0x28, 0x7, 0xff, 0x4, 0x85, 0x0, 0x41, 0x42,
    0x40, 0x3f, 0xf8, 0x4a, 0x40, 0x12, 0x39, 0x80,
    0x7f, 0xf0, 0xa3, 0x0, 0xc0, 0xe0, 0x3, 0xff,
    0x86, 0x66, 0x1, 0x10, 0x7, 0xff, 0x1c, 0x80,
    0x3f, 0xf9, 0x2e, 0x3, 0x60, 0x1f, 0xfc, 0x6d,
    0x1, 0x49, 0x0, 0xff, 0xe2, 0xa8, 0x69, 0xb4,
    0x0, 0x7f, 0xf0, 0xcc, 0x88, 0x7a, 0x2e, 0x40,
    0x1f, 0xfc, 0x2f, 0xb, 0x1, 0xa1, 0x30, 0xf,
    0xfe, 0xb, 0x99, 0x30, 0x1, 0x38, 0x40, 0x3e,
    0x30, 0xc, 0x90, 0x1c, 0x1, 0xf2, 0x66, 0x5e,
    0x2, 0x1, 0x9c, 0x6c, 0xc0, 0x3e, 0x63, 0x38,
    0x89, 0xe0, 0x18, 0xf9, 0x0, 0x3f, 0x17, 0xee,
    0xbf, 0x4c, 0x3, 0x0,

    /* U+7089 "炉" */
    0x0, 0xff, 0xe0, 0x88, 0x7, 0xff, 0x3, 0xe8,
    0x3, 0xef, 0xd1, 0x0, 0xfe, 0x10, 0x60, 0xf,
    0x98, 0xa8, 0x3, 0xff, 0x8f, 0x4, 0x8a, 0x1,
    0xc6, 0x40, 0x1e, 0x10, 0x13, 0x44, 0x50, 0x41,
    0x14, 0x21, 0xf0, 0x1, 0xd1, 0xc1, 0xb9, 0x76,
    0x80, 0x2d, 0xdb, 0x85, 0x54, 0x1, 0xca, 0x40,
    0x21, 0x77, 0xf1, 0x81, 0x78, 0x18, 0x4, 0x44,
    0xa0, 0x9, 0x13, 0xe7, 0x0, 0x20, 0x28, 0x5,
    0x40, 0xc0, 0x1f, 0xfc, 0x12, 0xf, 0x0, 0xce,
    0x20, 0x1f, 0xfc, 0x22, 0x50, 0xa, 0x20, 0x1,
    0x90, 0xcf, 0xce, 0x1, 0x44, 0xc, 0x1c, 0x3,
    0xd7, 0x99, 0xe3, 0x1, 0x5, 0x41, 0x1, 0x0,
    0xc6, 0xc, 0xdf, 0xa0, 0x80, 0x26, 0x7, 0x0,
    0xc2, 0x13, 0x3f, 0x9c, 0x3, 0x68, 0x15, 0x0,
    0x61, 0x0, 0xff, 0xe0, 0xa0, 0x1a, 0xb8, 0x10,
    0x18, 0x7, 0xff, 0x0, 0x8c, 0x34, 0xa1, 0x18,
    0x1c, 0x3, 0xff, 0x81, 0x40, 0xa3, 0xc1, 0x18,
    0x1a, 0x1, 0xff, 0xb, 0x84, 0x81, 0xbd, 0x28,
    0x20, 0x7, 0xfd, 0x60, 0x86, 0x0, 0x82, 0x28,
    0xc0, 0x3f, 0xcc, 0xa3, 0x40, 0x10, 0xd0, 0x58,
    0x7, 0xfc, 0x63, 0xa2, 0x1, 0x28, 0x9b, 0x0,
    0x7f, 0xcb, 0xc6, 0x1, 0x92, 0xf4, 0x3, 0xff,
    0x80,

    /* U+70B8 "炸" */
    0x0, 0xc2, 0x1, 0xf1, 0x80, 0x7f, 0xf0, 0xba,
    0x80, 0x39, 0xf1, 0x40, 0x3f, 0xf8, 0x2, 0xc,
    0x1, 0xd6, 0xe, 0x1, 0xff, 0xc8, 0x31, 0x20,
    0xf, 0xfe, 0x21, 0xc8, 0x20, 0x1c, 0x47, 0xe6,
    0x4, 0x50, 0xe, 0x96, 0xe, 0x2, 0x77, 0xfd,
    0x21, 0xf6, 0x1, 0xc8, 0x80, 0x50, 0x50, 0x2,
    0x2a, 0xf3, 0x86, 0xa, 0x0, 0x46, 0x3c, 0xe0,
    0xd4, 0x41, 0x55, 0xe8, 0x5, 0xd, 0x0, 0x3d,
    0xa, 0x48, 0x58, 0x7, 0xfc, 0x42, 0x80, 0x13,
    0xb4, 0x8a, 0x90, 0x4, 0xa6, 0x78, 0x80, 0x25,
    0x23, 0x0, 0x64, 0xe1, 0xd8, 0x6, 0xbc, 0xcd,
    0xae, 0x0, 0xe6, 0x0, 0x9, 0xa, 0x60, 0x80,
    0x67, 0x88, 0xe6, 0x0, 0x2c, 0x88, 0x18, 0x7,
    0xf4, 0xbb, 0xf0, 0x80, 0x66, 0x1, 0x0, 0xff,
    0xe4, 0x10, 0x10, 0x7, 0xf1, 0x17, 0x80, 0x3b,
    0x41, 0x58, 0x3, 0xf6, 0x6e, 0xf4, 0x80, 0x67,
    0x1, 0x93, 0x0, 0xf9, 0x59, 0xba, 0x80, 0x22,
    0x22, 0xd0, 0x68, 0x80, 0x7a, 0xe6, 0x78, 0xc0,
    0x2b, 0xf, 0x47, 0x19, 0x0, 0xff, 0xe1, 0x8b,
    0xa, 0x84, 0x25, 0x80, 0x7f, 0xf0, 0xe8, 0x24,
    0x2, 0xb3, 0x0, 0xff, 0xe1, 0x42, 0x13, 0x80,
    0x7f, 0xf1, 0xf8, 0x7c, 0x3, 0xfc, 0xc0, 0x20,
    0x1f, 0x37, 0x10, 0x7, 0xfa, 0xf8, 0x3, 0xf0,

    /* U+70B9 "点" */
    0x0, 0xff, 0x11, 0x0, 0x3f, 0xf9, 0x19, 0x80,
    0xf, 0xfe, 0x40, 0x88, 0x3, 0xff, 0x95, 0xdd,
    0xfa, 0x0, 0x3f, 0xf8, 0x22, 0x3f, 0xc0, 0x1f,
    0xfc, 0x1f, 0xff, 0xd2, 0x1, 0xff, 0xe4, 0xdf,
    0xff, 0x0, 0x3f, 0xfd, 0xc0, 0x1e, 0x20, 0x33,
    0xff, 0xe0, 0x0, 0x80, 0x7c, 0x59, 0x9f, 0xfc,
    0x1, 0x1, 0x0, 0xff, 0xfe, 0x17, 0xff, 0xff,
    0x0, 0x40, 0x40, 0x39, 0x8c, 0xff, 0xf8, 0x4c,
    0x1, 0xe9, 0xcc, 0xff, 0xe0, 0xed, 0x80, 0x70,
    0xf5, 0x80, 0x1b, 0x4, 0x0, 0xdc, 0x40, 0xb,
    0xd4, 0x0, 0xcc, 0x38, 0x0, 0xf3, 0x40, 0x1,
    0x8c, 0x80, 0x24, 0x2c, 0x80, 0x3, 0x22, 0xc0,
    0xe, 0x3, 0x0, 0x28, 0x20, 0x81, 0xc0, 0x48,
    0x2, 0x86, 0x4, 0x0, 0x41, 0xc0, 0x13, 0x3,
    0x80, 0x1c, 0x90, 0xd1, 0xe, 0xc0, 0x13, 0x8f,
    0x80, 0x56, 0x66, 0x0, 0xac, 0x44,

    /* U+70D8 "烘" */
    0x0, 0x84, 0xc0, 0x3c, 0x24, 0x1, 0x88, 0x3,
    0xe8, 0xc1, 0x0, 0xec, 0xc0, 0x4, 0x7b, 0x0,
    0x1f, 0x8c, 0x3, 0x8c, 0x40, 0x27, 0x2, 0x0,
    0xff, 0xf1, 0xe3, 0x0, 0x63, 0xd1, 0x11, 0x0,
    0x8, 0xa1, 0x0, 0x10, 0x80, 0xe8, 0x6, 0x42,
    0x8e, 0xd1, 0xd, 0xda, 0x81, 0x77, 0xa1, 0x10,
    0x1, 0xb8, 0xb5, 0xc, 0x0, 0x67, 0x10, 0x9,
    0xa6, 0x60, 0x10, 0x2, 0x44, 0xaf, 0x4, 0x33,
    0x29, 0x4, 0xcb, 0x47, 0x3, 0x30, 0x31, 0x68,
    0x7, 0xff, 0x8, 0x83, 0x80, 0x22, 0x40, 0xf,
    0xfe, 0x1d, 0x40, 0x82, 0xe8, 0x7, 0xff, 0x11,
    0x45, 0xc0, 0x40, 0x3f, 0xf8, 0xe4, 0x1, 0xe,
    0x6e, 0x84, 0x37, 0x6a, 0x4, 0xdd, 0x48, 0x0,
    0x44, 0x4, 0x0, 0x32, 0x20, 0x0, 0x8a, 0x10,
    0x12, 0x22, 0x80, 0x8, 0x1, 0xe0, 0x3f, 0xff,
    0xfc, 0x1c, 0x0, 0x20, 0x21, 0x48, 0x6, 0x26,
    0x0, 0x85, 0x80, 0x3d, 0x41, 0x4a, 0xca, 0x1,
    0x7c, 0x98, 0x2, 0x65, 0x60, 0x18, 0xc9, 0x6,
    0xc4, 0x80, 0x14, 0x4a, 0x60, 0x8, 0x44, 0x58,
    0x5, 0xe1, 0xe0, 0x3e, 0xe1, 0xa, 0x36, 0x1,
    0xa8, 0x52, 0x1, 0xcd, 0x10, 0x0, 0x10, 0x97,
    0x1c, 0x10, 0xc, 0x3a, 0xe, 0x22, 0x2a, 0x0,
    0xc2, 0xe3, 0x84, 0x1, 0xe3, 0x81, 0x6, 0xd1,
    0x0, 0xc3, 0xdc, 0x20, 0xf, 0xcf, 0xc2,

    /* U+70E4 "烤" */
    0x0, 0xc2, 0x1, 0xf9, 0x88, 0x3, 0xfd, 0x3c,
    0x1, 0xf1, 0xcd, 0x80, 0x70, 0x80, 0x63, 0x1,
    0x0, 0xf3, 0x81, 0x80, 0x69, 0xe3, 0x0, 0xfe,
    0x7a, 0xa7, 0x83, 0xd5, 0x25, 0x18, 0x8d, 0x4,
    0x3, 0xa, 0x7, 0x33, 0x40, 0x6c, 0xc4, 0xa0,
    0xe0, 0xb9, 0x0, 0xd7, 0x41, 0x39, 0x89, 0x4,
    0xcc, 0x30, 0xb9, 0x81, 0x98, 0x3, 0x22, 0x80,
    0x7e, 0x94, 0x44, 0x0, 0x15, 0x40, 0x12, 0x8f,
    0x2c, 0xcd, 0xe0, 0xf4, 0xc0, 0x33, 0x26, 0xe1,
    0x10, 0x3, 0x85, 0x65, 0x9a, 0x40, 0x25, 0x0,
    0x2b, 0x32, 0x8, 0x8, 0x40, 0x58, 0x37, 0x33,
    0x20, 0xd, 0xe6, 0x6f, 0x60, 0x70, 0x5, 0xc0,
    0x9, 0x9d, 0x28, 0x58, 0x86, 0x78, 0x4e, 0x51,
    0xc0, 0x3c, 0x7a, 0xa0, 0x59, 0xdd, 0xb4, 0xc1,
    0x80, 0x40, 0x30, 0xce, 0x10, 0xa, 0x2a, 0xf3,
    0x8, 0x4, 0x44, 0x0, 0x47, 0x30, 0xa0, 0x5d,
    0xfe, 0x20, 0x1, 0x1, 0x14, 0xe0, 0xfc, 0x0,
    0x40, 0xf, 0xf3, 0x80, 0x38, 0xb7, 0xa0, 0x10,
    0x2e, 0xab, 0xc4, 0x1, 0x60, 0x21, 0xc1, 0x8,
    0x18, 0x1, 0x57, 0xf0, 0x4, 0xe1, 0x66, 0xe4,
    0x0, 0x3f, 0xff, 0xa0, 0x4, 0x0, 0xa2, 0xc1,
    0xe0, 0x20, 0x1f, 0xef, 0x2, 0x1, 0xb0, 0xb0,
    0x3f, 0x30, 0xf, 0xf1, 0x82, 0x85, 0x8b, 0x90,
    0x7, 0xff, 0x9, 0x4, 0x40, 0x69, 0x0, 0x1f,
    0xc3, 0x75, 0x56, 0x83, 0x0, 0x26, 0xc0, 0x3f,
    0xc2, 0x25, 0x58, 0xd6, 0x0, 0x3f, 0xf8, 0x75,
    0xff, 0x75, 0x0, 0x40,

    /* U+70E7 "烧" */
    0x0, 0xc4, 0x1, 0xe1, 0x40, 0xf, 0xfe, 0xa,
    0xea, 0x0, 0x73, 0xda, 0x0, 0x7f, 0xf0, 0xc,
    0x4, 0x3, 0x88, 0x30, 0x3, 0xff, 0x8e, 0x42,
    0x9, 0x13, 0x79, 0xdf, 0xe2, 0x0, 0xfe, 0x4f,
    0xda, 0x3, 0x76, 0x41, 0x55, 0x41, 0x0, 0x9,
    0x40, 0x22, 0xf7, 0x67, 0x84, 0xa, 0xff, 0x6c,
    0x81, 0x80, 0x55, 0x60, 0x12, 0x81, 0xcc, 0x3c,
    0x7, 0x80, 0xf, 0x14, 0x3, 0x11, 0x80, 0x58,
    0x80, 0x18, 0xcc, 0xa9, 0x18, 0x36, 0x80, 0x13,
    0x88, 0x4, 0x9c, 0x1, 0xd2, 0x16, 0xe9, 0xa8,
    0x42, 0x2, 0x48, 0x20, 0x42, 0xa0, 0x1, 0x5b,
    0xa0, 0x1, 0x59, 0x7, 0x40, 0x38, 0x60, 0x0,
    0xf8, 0xb, 0x7a, 0x91, 0x6d, 0xb, 0x59, 0xc,
    0x0, 0xae, 0x9e, 0xe, 0x0, 0x27, 0x59, 0xea,
    0x4b, 0x72, 0x9b, 0xa, 0x3, 0x80, 0x10, 0x10,
    0xa, 0xa8, 0xc2, 0x1, 0x47, 0x4c, 0x61, 0x80,
    0x62, 0x3, 0x0, 0x56, 0x67, 0xed, 0xab, 0x85,
    0x0, 0xca, 0x8, 0x0, 0x62, 0x21, 0x9c, 0x46,
    0x71, 0x11, 0x4c, 0x2, 0x11, 0x5, 0x10, 0x67,
    0x71, 0xc2, 0xba, 0x42, 0x3b, 0xa6, 0x0, 0x90,
    0x18, 0x3c, 0x3, 0x18, 0x30, 0x7, 0xfd, 0xc1,
    0x74, 0x54, 0x0, 0x14, 0x13, 0x0, 0xff, 0x12,
    0x20, 0x95, 0x48, 0x0, 0x80, 0x70, 0xf, 0x95,
    0x80, 0x1c, 0x1e, 0x0, 0xbc, 0x8, 0x60, 0x80,
    0xf, 0xbe, 0x42, 0xd, 0x50, 0x0, 0x2f, 0xce,
    0x16, 0x20, 0x3, 0xc, 0x77, 0x20, 0x4, 0x74,
    0x1, 0x88, 0x17, 0x50, 0x2, 0x41, 0x48, 0x80,
    0xb8, 0x46, 0x0, 0x73, 0xf5, 0x10, 0x6, 0x1e,
    0xe6, 0xeb, 0xa0, 0x0,

    /* U+70EB "烫" */
    0x1, 0xcb, 0x30, 0x2, 0x4c, 0xaa, 0x97, 0x6c,
    0xca, 0x44, 0x3, 0xb, 0xa6, 0x40, 0x63, 0x31,
    0x54, 0x88, 0x33, 0x98, 0x80, 0x3a, 0xf0, 0x9c,
    0x63, 0xff, 0xa0, 0x41, 0xb8, 0xc0, 0x3c, 0x7b,
    0xa1, 0x0, 0xcf, 0xd0, 0xbb, 0x22, 0x1, 0xca,
    0x40, 0x2, 0x0, 0x1c, 0xfc, 0x1d, 0x40, 0x99,
    0xe1, 0x4, 0xbd, 0xd2, 0x80, 0xf, 0x18, 0x0,
    0x55, 0x99, 0xef, 0x4, 0xec, 0x7e, 0x0, 0x1c,
    0x4c, 0x1, 0x4c, 0x88, 0x26, 0x40, 0x20, 0x11,
    0xd5, 0xc0, 0x1, 0xdb, 0x82, 0x59, 0xc9, 0x9a,
    0x1, 0x0, 0xeb, 0x71, 0x0, 0x43, 0x3a, 0x5,
    0x85, 0x80, 0x81, 0x0, 0x6a, 0x48, 0x10, 0x97,
    0x58, 0x5, 0x53, 0x10, 0x10, 0x28, 0x5, 0x2a,
    0xa7, 0xc, 0x65, 0xa0, 0x3a, 0x18, 0x0, 0x20,
    0x60, 0x1, 0xd8, 0xe8, 0x1, 0x53, 0x40, 0x58,
    0x1a, 0x6e, 0xe9, 0x4, 0x0, 0xa, 0x68, 0x4,
    0xcc, 0x2, 0x76, 0xb3, 0x18, 0x80, 0xc8, 0x80,
    0x1a, 0xc4, 0x10, 0x80, 0x2f, 0xa9, 0x40, 0x3f,
    0xce, 0x60, 0xf, 0x2d, 0xd0, 0x0, 0x48, 0x40,
    0x32, 0x66, 0x0, 0x3c, 0x76, 0x32, 0x0, 0x60,
    0x14, 0x0, 0x15, 0x8f, 0x0, 0x71, 0xe0, 0xe8,
    0x80, 0xc8, 0x84, 0x80, 0x3c, 0x34, 0xc0, 0x38,
    0x9f, 0x4c, 0x1, 0x43, 0x12, 0x54, 0x1d, 0xa6,
    0x1, 0xe1, 0x82, 0x3, 0xd4, 0x66, 0x95, 0x56,
    0x24, 0x1, 0xf8, 0x9b, 0x30, 0x51, 0x20, 0xa,
    0x64, 0xda, 0x41, 0x0, 0x8e, 0xfb, 0x64, 0xdb,
    0x5c, 0x3, 0x4d, 0x9a, 0xdf, 0x73, 0x15, 0xd4,
    0xda, 0x7a, 0x48, 0x3, 0xc9, 0x98, 0x73, 0x3,
    0x10,

    /* U+70ED "热" */
    0x0, 0xc4, 0x60, 0x1e, 0x15, 0x0, 0xff, 0xe0,
    0xf6, 0x0, 0x79, 0xa9, 0x0, 0x3f, 0xf8, 0x2,
    0x1, 0xf7, 0x80, 0x7f, 0xf5, 0x53, 0xfe, 0x20,
    0xff, 0x4c, 0xbb, 0xdc, 0x2f, 0xfe, 0xb0, 0xc,
    0xc8, 0x66, 0x0, 0x19, 0xbf, 0x94, 0xc4, 0xc,
    0xe0, 0x40, 0xc, 0x57, 0x98, 0x20, 0xcc, 0x33,
    0xde, 0x28, 0x76, 0x60, 0xc0, 0x3f, 0xf8, 0xae,
    0x6, 0x1, 0xff, 0xc3, 0x12, 0x0, 0x88, 0x4,
    0x3, 0xfe, 0x20, 0x7, 0x73, 0xd6, 0x90, 0x48,
    0x2, 0x70, 0xe, 0x4b, 0xed, 0x20, 0x28, 0xf0,
    0x4b, 0x7, 0x0, 0xfe, 0xd4, 0x58, 0x10, 0xc7,
    0x25, 0xe3, 0x5, 0x70, 0x0, 0x80, 0x80, 0x53,
    0xf6, 0xe6, 0x20, 0x18, 0x4c, 0x52, 0x34, 0x8c,
    0x2, 0x10, 0xf, 0xfa, 0xc2, 0x6e, 0x9, 0x4,
    0x9, 0x38, 0x40, 0x38, 0xc0, 0x3, 0x4a, 0x6e,
    0xf, 0xcd, 0x80, 0x84, 0x6, 0xb, 0xfe, 0x21,
    0x0, 0x6a, 0x9e, 0x80, 0x42, 0x8, 0x31, 0x22,
    0x40, 0xac, 0x8d, 0xc0, 0xf, 0x9c, 0x10, 0xf,
    0x69, 0x95, 0x0, 0x53, 0x31, 0x0, 0xd, 0x80,
    0x3e, 0x17, 0xcd, 0x40, 0x8, 0xf6, 0x40, 0x8,
    0xe0, 0x12, 0xd0, 0x5, 0x37, 0x0, 0x1d, 0xe1,
    0xa0, 0xe, 0x81, 0x0, 0x6a, 0xb0, 0x2, 0x45,
    0xd4, 0x2, 0x63, 0x44, 0x0, 0xc, 0x8, 0x1,
    0x61, 0xa0, 0x1, 0xb0, 0xb1, 0x3, 0x90, 0x90,
    0xb, 0x81, 0x40, 0x6, 0x28, 0x20, 0x5, 0x41,
    0x60, 0x51, 0xa2, 0x0, 0x90, 0x94, 0x2, 0x84,
    0x0, 0xd2, 0x48, 0x0,

    /* U+70F9 "烹" */
    0x0, 0xff, 0x29, 0x80, 0x7f, 0xf2, 0x2b, 0x8,
    0x3, 0xfd, 0x13, 0x3f, 0x84, 0x3a, 0x67, 0xf1,
    0xb, 0x37, 0xf0, 0x81, 0xb3, 0x7c, 0xec, 0x3d,
    0xff, 0xff, 0xc6, 0xe4, 0x0, 0xd5, 0xff, 0xff,
    0xc0, 0xe0, 0xf, 0xce, 0x15, 0x5f, 0xe1, 0x18,
    0x3, 0xe3, 0x7, 0x7f, 0xf1, 0x81, 0x80, 0x7c,
    0x41, 0xbb, 0xfe, 0x20, 0x20, 0xf, 0xb3, 0x77,
    0xff, 0x81, 0xc0, 0x1e, 0x68, 0x85, 0x57, 0xfa,
    0xed, 0xc, 0x1, 0x86, 0x1d, 0xff, 0xf8, 0xc,
    0xd4, 0xa8, 0x4, 0x3d, 0xff, 0xfb, 0x69, 0x84,
    0x5, 0xf5, 0x40, 0x3f, 0xf8, 0x11, 0xb4, 0xad,
    0x9d, 0x4, 0x1, 0xff, 0xc1, 0x40, 0xec, 0x83,
    0x0, 0xff, 0xe2, 0x8, 0x8, 0x7, 0xff, 0xf,
    0x37, 0x62, 0x10, 0xf, 0xfe, 0x24, 0xa3, 0xa3,
    0xe0, 0x7, 0xff, 0x5, 0xd0, 0x16, 0x26, 0x50,
    0x44, 0x50, 0x9, 0x68, 0x80, 0x34, 0xc6, 0x0,
    0x2f, 0x4, 0x1, 0x54, 0x40, 0x3, 0x26, 0x18,
    0x1, 0x58, 0x24, 0x0, 0x40, 0x80, 0xa, 0xf,
    0x0, 0x1d, 0xe, 0x89, 0x50, 0x40, 0x80, 0x38,
    0x8, 0x0, 0x46, 0x82, 0x0, 0x48, 0x2, 0x32,
    0x57, 0x0, 0x90, 0x94, 0x2, 0x95, 0x0, 0xcf,
    0xc6,

    /* U+7117 "焗" */
    0x0, 0x90, 0xc0, 0x3f, 0xf9, 0x15, 0xe0, 0x1a,
    0x2a, 0xbf, 0xce, 0x1, 0xfc, 0x2e, 0xab, 0xfe,
    0x81, 0x0, 0xff, 0x27, 0xff, 0xe2, 0x0, 0x28,
    0x80, 0x62, 0x10, 0x0, 0x80, 0x7f, 0xd5, 0x20,
    0x1a, 0x74, 0x3, 0xff, 0x84, 0x68, 0x1, 0x95,
    0xc0, 0xb, 0xff, 0xf8, 0x80, 0x8, 0x60, 0x10,
    0x8b, 0x40, 0x2, 0x67, 0xfc, 0xa3, 0xa0, 0x60,
    0x4, 0x7, 0x0, 0x26, 0x67, 0xf5, 0x3, 0x3,
    0x8, 0x61, 0x88, 0x0, 0x48, 0xbf, 0x84, 0xc,
    0x8, 0x1c, 0x68, 0x2, 0x4d, 0xdf, 0xee, 0x70,
    0xb6, 0x0, 0x43, 0x1, 0x81, 0x33, 0x7e, 0x40,
    0xe0, 0x40, 0x0, 0x80, 0x73, 0xcc, 0xfe, 0xf0,
    0x10, 0x1, 0x1, 0x80, 0x42, 0x6, 0x5d, 0xff,
    0xb0, 0x4, 0x3, 0x30, 0x38, 0x80, 0x1c, 0x5,
    0x85, 0x59, 0x84, 0x60, 0x17, 0x80, 0x34, 0x7,
    0x40, 0x4, 0x1c, 0x21, 0x13, 0x25, 0x0, 0x18,
    0x8, 0x0, 0xc1, 0xce, 0x83, 0x80, 0xc0, 0x3f,
    0x8, 0x18, 0xa, 0x14, 0x22, 0xa8, 0xc1, 0xc4,
    0x22, 0x25, 0x0, 0x78, 0x8, 0x38, 0x50, 0x51,
    0xba, 0x81, 0x30, 0xab, 0xb8, 0x8c, 0x4, 0x1c,
    0x20, 0x18, 0x7, 0x4, 0x48, 0x5, 0xdf, 0xfb,
    0x0, 0x80, 0xa0, 0x5c, 0x40, 0x29, 0xe, 0x0,
    0xfe, 0x50, 0x10, 0x38, 0x0, 0x85, 0x45, 0x40,
    0x3d, 0x54, 0xc1, 0x40, 0x8c, 0x0, 0xc3, 0x34,
    0x1, 0xf9, 0x4c, 0xd2, 0x0,

    /* U+7119 "焙" */
    0x0, 0xe2, 0x0, 0xfe, 0x51, 0x0, 0xff, 0x4e,
    0x80, 0x7e, 0x2a, 0xa0, 0x7, 0xf8, 0xc0, 0x40,
    0x3e, 0x21, 0x40, 0xf, 0xfe, 0x25, 0x66, 0x61,
    0xd, 0xcc, 0xac, 0x0, 0xa2, 0x1, 0x86, 0x5,
    0xcc, 0xf0, 0x0, 0x8c, 0xe5, 0x10, 0xa9, 0x0,
    0xcc, 0xe5, 0xbf, 0x7f, 0xfe, 0x9e, 0xe0, 0x81,
    0x20, 0x6, 0xc1, 0x30, 0x5b, 0x50, 0xc, 0xf3,
    0x20, 0x9, 0xc, 0x2, 0x34, 0x60, 0x2, 0x7,
    0x0, 0x6a, 0xa, 0x0, 0xb0, 0xc, 0x1, 0x41,
    0x40, 0x1, 0x44, 0x0, 0x48, 0x48, 0x40, 0x13,
    0x2, 0x80, 0x3d, 0x88, 0x4, 0x5c, 0xa2, 0x37,
    0x7, 0x8, 0x80, 0x6, 0x1e, 0x20, 0xf2, 0xf,
    0xdc, 0xa5, 0xee, 0x94, 0x2b, 0xb9, 0xa0, 0x5,
    0xc7, 0x0, 0xc6, 0xa8, 0x9f, 0xf2, 0x80, 0x29,
    0x44, 0x3, 0x25, 0x5d, 0xff, 0xd0, 0x1, 0x88,
    0x80, 0x1e, 0x11, 0xfc, 0x1, 0xe1, 0x3, 0x10,
    0x9, 0x3f, 0xbb, 0xf7, 0xb8, 0x6, 0x50, 0x1d,
    0x0, 0x88, 0xd, 0x9b, 0xc8, 0x1a, 0x1, 0xb4,
    0x4, 0xe4, 0x3, 0x5c, 0xcf, 0xbc, 0x3, 0xce,
    0x18, 0x4c, 0xc0, 0xf, 0xfe, 0x22, 0x8a, 0x17,
    0x86, 0x80, 0x7f, 0xf0, 0xc6, 0xc2, 0x0, 0xae,
    0x40, 0x3f, 0xf8, 0x74, 0x2c, 0x60, 0x4, 0x20,
    0xa, 0x6e, 0xfd, 0x20, 0x18, 0x52, 0x40, 0x3c,
    0x42, 0x24, 0x4f, 0x10, 0x68, 0x0,

    /* U+7136 "然" */
    0x0, 0xe9, 0x30, 0xf, 0xc2, 0x1, 0xfe, 0x66,
    0x50, 0x7, 0xef, 0xb1, 0x60, 0xf, 0xac, 0xe,
    0x66, 0x71, 0x0, 0x85, 0xd6, 0x70, 0x40, 0x32,
    0x90, 0x2b, 0x35, 0xe, 0x1, 0xc8, 0xc7, 0x40,
    0x1a, 0x3, 0x3b, 0xa3, 0x5, 0x0, 0x8, 0x5,
    0x28, 0xe0, 0x13, 0x90, 0x48, 0x8c, 0x40, 0x64,
    0x50, 0x0, 0x89, 0x3c, 0x0, 0x28, 0x15, 0x56,
    0xa, 0xa, 0xee, 0xd8, 0x7, 0xbb, 0xb0, 0x70,
    0x2e, 0xa4, 0xf3, 0xc3, 0xe9, 0x10, 0x40, 0x2,
    0x44, 0xaa, 0x46, 0x14, 0x1a, 0x89, 0x5, 0x5e,
    0xec, 0xe0, 0x15, 0xdc, 0xd7, 0x2e, 0x6, 0x2a,
    0x61, 0x20, 0x19, 0x41, 0x8a, 0x0, 0x22, 0x1b,
    0xfc, 0x96, 0x32, 0x70, 0x9, 0xc1, 0xa4, 0x9c,
    0xc0, 0xb, 0xc, 0xf9, 0x72, 0x12, 0x1, 0xc,
    0x5, 0x84, 0x87, 0x0, 0x13, 0xf6, 0x3, 0x42,
    0x10, 0x2, 0xd0, 0x62, 0x4, 0x52, 0x70, 0xc,
    0xd8, 0x2e, 0xe0, 0xa, 0xcc, 0xd2, 0x1, 0x40,
    0x40, 0x82, 0x64, 0x84, 0x40, 0x0, 0x5a, 0x85,
    0xa0, 0x18, 0x98, 0x24, 0xec, 0xcd, 0x8e, 0x1,
    0x71, 0x26, 0x8, 0x7, 0x58, 0x29, 0xd5, 0xe1,
    0x80, 0x6d, 0xcb, 0x10, 0xf, 0x15, 0x78, 0x2b,
    0x73, 0x80, 0xe, 0x4, 0xc1, 0x2c, 0x40, 0xd,
    0xec, 0xa4, 0x0, 0x91, 0x20, 0x5, 0x3a, 0x0,
    0x9, 0x24, 0x0, 0xe3, 0x28, 0x0, 0x44, 0x1a,
    0x80, 0x38, 0x8, 0x0, 0xe0, 0xa0, 0x1, 0xb0,
    0xa1, 0x2a, 0xe, 0x0, 0x88, 0x38, 0x0, 0x26,
    0x44, 0x0, 0x2a, 0x86, 0x50, 0x68, 0x80, 0x24,
    0x2d, 0x0, 0xa1, 0x0, 0x34, 0x16, 0x80,

    /* U+7167 "照" */
    0x4, 0xaa, 0xe7, 0x5, 0xaa, 0xff, 0x48, 0x2,
    0x15, 0x7a, 0x7, 0xd5, 0x7f, 0xcc, 0x80, 0x16,
    0x77, 0xc, 0x1, 0x5f, 0xdc, 0x0, 0x77, 0x64,
    0x7, 0x0, 0x88, 0x44, 0xe0, 0x18, 0x50, 0x10,
    0x47, 0x80, 0x40, 0x3f, 0xe1, 0xb0, 0xf0, 0xc,
    0xc0, 0x40, 0x1f, 0xe2, 0xd1, 0x44, 0x0, 0x91,
    0xc, 0x80, 0x34, 0xc4, 0x18, 0xe, 0xb4, 0xd2,
    0xc0, 0xfb, 0x74, 0xa, 0x1, 0x9d, 0xe2, 0x1,
    0x42, 0x9b, 0x0, 0x1c, 0xbb, 0xaa, 0x0, 0x36,
    0xf7, 0x10, 0xb, 0xaf, 0xe6, 0x77, 0x88, 0xb0,
    0xc0, 0x31, 0x88, 0x80, 0x34, 0xb3, 0x7f, 0x48,
    0x7, 0xf8, 0x40, 0xff, 0xfd, 0x80, 0x20, 0x1f,
    0xfc, 0xe9, 0x77, 0x30, 0x7, 0xff, 0x11, 0xc1,
    0xe2, 0x4, 0x2, 0x0, 0x29, 0x9f, 0x80, 0x40,
    0x15, 0x77, 0xda, 0x2, 0x33, 0x37, 0x94, 0x8,
    0x0, 0x28, 0x9c, 0x40, 0xe, 0xff, 0xfe, 0x80,
    0xd, 0x6, 0x1, 0xf8, 0x40, 0x22, 0xa3, 0x0,
    0xce, 0xeb, 0x0, 0x6e, 0x0, 0x51, 0xc6, 0x0,
    0x65, 0xd1, 0x0, 0xa4, 0x24, 0x0, 0x46, 0x1,
    0x68, 0x50, 0x1, 0x14, 0x6c, 0x1, 0x22, 0xc2,
    0x0, 0x20, 0x30, 0x2, 0x83, 0x80, 0x56, 0x2a,
    0x88, 0x61, 0x80, 0x9, 0x81, 0x80, 0x24, 0x14,
    0x0, 0xc, 0x87, 0x10, 0xd0, 0x80, 0x58, 0x4c,
    0x1, 0x7a, 0x30, 0x4, 0xe9, 0xc0,

    /* U+716E "煮" */
    0x0, 0xfe, 0x50, 0xf, 0xfe, 0x42, 0xd3, 0x80,
    0x7c, 0x82, 0x1, 0x86, 0x26, 0x78, 0x2e, 0x67,
    0x20, 0x4d, 0xe8, 0x6, 0x57, 0x66, 0xc6, 0x6,
    0xcd, 0xa6, 0xd8, 0x7c, 0x3, 0x27, 0xff, 0x48,
    0x3f, 0xfd, 0x46, 0x85, 0x86, 0x1, 0xff, 0xc0,
    0xf0, 0x4, 0xd0, 0xb6, 0x90, 0x4, 0x77, 0x7f,
    0x82, 0xaf, 0x98, 0x4, 0xae, 0xf2, 0xba, 0xa2,
    0x78, 0x80, 0x90, 0x40, 0x2, 0x89, 0xda, 0x9d,
    0xff, 0xb5, 0xc4, 0x0, 0xfd, 0xff, 0xfa, 0x0,
    0x21, 0x5b, 0xd7, 0x11, 0x3f, 0xb3, 0xbf, 0x10,
    0x4, 0x4f, 0x9d, 0x48, 0x1, 0xb, 0xc4, 0x7e,
    0x0, 0xbe, 0xc, 0x90, 0x1f, 0xff, 0xfb, 0x0,
    0x40, 0x2e, 0x8d, 0xd7, 0x1, 0x2a, 0xff, 0x20,
    0x7, 0x1b, 0x90, 0x4, 0xb5, 0x5f, 0xd0, 0x1,
    0xff, 0x3f, 0x77, 0xf5, 0x80, 0x7f, 0xc2, 0x67,
    0xfc, 0x20, 0x1f, 0xc2, 0xd, 0xbb, 0xfd, 0x40,
    0x40, 0x1e, 0x47, 0xcb, 0xbf, 0x54, 0xdd, 0xd3,
    0x80, 0x1c, 0x97, 0x6, 0x9b, 0x48, 0x96, 0x4b,
    0x22, 0x6, 0xa4, 0x2, 0x1a, 0xf, 0x0, 0x18,
    0x90, 0x3, 0xc2, 0x80, 0xe, 0x6c, 0xe0, 0xd,
    0x15, 0x40, 0x1, 0x3, 0x80, 0x1c, 0x18, 0x2,
    0xd0, 0x82, 0x32, 0x4a, 0x0, 0xb0, 0x58, 0x0,
    0x2e, 0xa0, 0x10, 0xc9, 0x18,

    /* U+719F "熟" */
    0x0, 0xe4, 0x10, 0xf, 0x90, 0x80, 0x3f, 0xe2,
    0xba, 0x0, 0xfa, 0xe0, 0x3, 0xe5, 0x99, 0xac,
    0x12, 0xa6, 0x61, 0x1, 0x1, 0x0, 0xfb, 0x51,
    0xde, 0x11, 0x23, 0xb9, 0xc, 0x3, 0xfe, 0x8d,
    0xca, 0xaf, 0x6e, 0x86, 0xf4, 0x17, 0x31, 0x68,
    0x1, 0x8f, 0x6e, 0xfd, 0x86, 0xca, 0x40, 0x26,
    0x64, 0xe0, 0xc, 0xe1, 0x3f, 0xfa, 0x1, 0xd7,
    0xbc, 0x13, 0xf8, 0x4, 0x3, 0x38, 0x4e, 0xee,
    0x80, 0x70, 0xc, 0x20, 0x1f, 0x8e, 0xea, 0x23,
    0x55, 0x9d, 0x73, 0x81, 0x80, 0x80, 0x79, 0x8,
    0xcf, 0x11, 0x4, 0x30, 0x64, 0x38, 0x3, 0xf4,
    0x4c, 0xf4, 0x42, 0xc9, 0xa8, 0x1, 0xe0, 0x1f,
    0xb3, 0xfe, 0x91, 0x29, 0xe2, 0x5, 0x10, 0x7a,
    0x0, 0x38, 0x6, 0x12, 0x34, 0x81, 0xb1, 0x87,
    0x6, 0x15, 0x45, 0x61, 0x0, 0x10, 0x4f, 0x6e,
    0x58, 0x84, 0xc9, 0x74, 0x60, 0x22, 0xdd, 0xc4,
    0x21, 0xa1, 0x75, 0x79, 0xa2, 0x2f, 0xed, 0xaa,
    0xc, 0x10, 0x40, 0xb1, 0x10, 0x4, 0x95, 0x0,
    0x40, 0x3a, 0xd1, 0xe, 0x1, 0xb0, 0x38, 0x4,
    0x0, 0x79, 0x81, 0x70, 0x2, 0x21, 0xac, 0x3,
    0x98, 0xcc, 0xc0, 0x11, 0xd5, 0xfc, 0x80, 0xa7,
    0x48, 0x98, 0x4, 0x4d, 0x9d, 0x20, 0x12, 0xd6,
    0x0, 0x2f, 0xc0, 0x42, 0xb0, 0x80, 0xb, 0x30,
    0x20, 0x1a, 0x2, 0x80, 0x2, 0x22, 0x0, 0x60,
    0x50, 0x1, 0xc9, 0xc8, 0x2, 0x92, 0x52, 0x0,
    0x10, 0x38, 0x1, 0x81, 0x80, 0x2e, 0xe, 0x0,
    0xb, 0x9d, 0x0, 0x5a, 0xc, 0x0, 0x15, 0x20,
    0x8, 0xd8, 0x44, 0x3, 0xd8, 0x1, 0x97, 0xcc,
    0x2, 0xac, 0x0, 0xd3, 0xa2, 0x0,

    /* U+71B1 "熱" */
    0x0, 0xe2, 0x0, 0xfc, 0x64, 0x1, 0xff, 0xc0,
    0xd9, 0x0, 0xfb, 0x78, 0x3, 0xf1, 0xcd, 0x50,
    0x1e, 0xa9, 0x20, 0x18, 0x40, 0x3f, 0x99, 0x1d,
    0xc0, 0x2e, 0xe5, 0x10, 0xf, 0xfe, 0xa, 0xee,
    0xb0, 0x17, 0x75, 0x82, 0xdf, 0xe0, 0x3f, 0xf9,
    0xc0, 0x22, 0x88, 0xc0, 0xf1, 0x13, 0x11, 0x98,
    0x4, 0xc8, 0x30, 0x2, 0x77, 0xcc, 0x4, 0xef,
    0x52, 0x67, 0x3, 0xe6, 0x0, 0x39, 0x7f, 0x81,
    0x3e, 0x43, 0x7f, 0x0, 0xc, 0x2, 0x1, 0xfd,
    0x61, 0xc0, 0x60, 0xac, 0xad, 0xfc, 0x1c, 0x1,
    0xf2, 0x6a, 0xba, 0xa3, 0x14, 0x4c, 0x21, 0x28,
    0x10, 0x7, 0xce, 0xb7, 0x3, 0x73, 0xbf, 0xed,
    0x2d, 0x20, 0xa3, 0x0, 0xf1, 0x87, 0xdd, 0x2,
    0x5d, 0xc4, 0x0, 0x30, 0x1c, 0x40, 0x8, 0x80,
    0x2, 0xef, 0x0, 0x1d, 0xe0, 0x2, 0x8b, 0x59,
    0x8, 0x5, 0xa4, 0x13, 0x98, 0xd0, 0x4c, 0xc8,
    0x82, 0x42, 0x93, 0x54, 0x0, 0x20, 0xc0, 0x18,
    0xc1, 0x95, 0xe5, 0x9c, 0xd0, 0xc0, 0x38, 0xc1,
    0xd7, 0x3b, 0xf4, 0xe, 0xa1, 0xa6, 0x2, 0x40,
    0x21, 0x4, 0xf0, 0x22, 0x9, 0x2b, 0xc5, 0x66,
    0xfc, 0xe, 0x10, 0x6, 0x82, 0x8, 0x17, 0xdc,
    0xc5, 0xba, 0x90, 0x1, 0xf8, 0x54, 0x2, 0x30,
    0xdd, 0x38, 0x4, 0xd3, 0x40, 0xb, 0xd0, 0xa,
    0xe8, 0xc0, 0xb, 0x18, 0x1, 0xd0, 0x16, 0x0,
    0x30, 0x30, 0x6, 0x5, 0x0, 0x19, 0x4e, 0x80,
    0x2c, 0x17, 0x20, 0x7, 0x3, 0x0, 0x14, 0x1c,
    0x2, 0xa1, 0x54, 0x4, 0x26, 0x80, 0x9, 0x9,
    0x80, 0x28, 0x40, 0xd, 0x46, 0xc0,

    /* U+71E5 "燥" */
    0x0, 0xae, 0x40, 0x39, 0x62, 0x3e, 0x70, 0xf,
    0x2a, 0x0, 0x75, 0x3b, 0xfd, 0x6, 0x1, 0xff,
    0xc1, 0x4f, 0xfe, 0x50, 0xc, 0xa2, 0x1, 0xfc,
    0xe0, 0x1f, 0xeb, 0x90, 0xd, 0x52, 0x1, 0x1f,
    0xff, 0x28, 0x6, 0x54, 0x0, 0xca, 0x60, 0xa,
    0x87, 0x7f, 0x49, 0x80, 0x30, 0xc0, 0x23, 0xf,
    0x68, 0xdf, 0xc, 0x8b, 0x0, 0x74, 0x38, 0x18,
    0x18, 0x1, 0x1, 0xe5, 0xd9, 0x8f, 0x21, 0xee,
    0xcc, 0x78, 0x46, 0x6, 0x1, 0xb5, 0x0, 0x47,
    0x70, 0x8c, 0x4, 0xbb, 0x94, 0x2, 0x42, 0x62,
    0x17, 0x20, 0x1f, 0xfc, 0x4e, 0x60, 0x3, 0x98,
    0x2, 0x3f, 0xc4, 0x60, 0x25, 0xfe, 0xa0, 0x10,
    0xc, 0xe0, 0x2, 0xa8, 0x8d, 0xc5, 0xf1, 0x1a,
    0x50, 0x0, 0x40, 0x40, 0x12, 0xbb, 0xe6, 0xd5,
    0x77, 0xcc, 0x1, 0x30, 0x10, 0x1, 0x26, 0x7c,
    0x15, 0x33, 0xca, 0x0, 0x30, 0x45, 0xd, 0x66,
    0xe3, 0x3, 0x66, 0xee, 0x0, 0x58, 0x1d, 0x14,
    0xff, 0xba, 0xba, 0x42, 0x3a, 0xff, 0xeb, 0x1,
    0x33, 0x70, 0x70, 0x5, 0xb4, 0x40, 0x1, 0x4b,
    0xb0, 0x80, 0x4e, 0x16, 0x4e, 0x40, 0xb, 0x39,
    0x30, 0x9, 0x61, 0x30, 0x80, 0x10, 0xc, 0x11,
    0xe3, 0x88, 0xec, 0x1, 0xcf, 0x25, 0xe3, 0x2,
    0xe2, 0x0, 0x1d, 0x37, 0x80, 0xf, 0x9a, 0x4a,
    0x7c, 0xe0, 0x3, 0x7d, 0x40, 0x7, 0xf3, 0x54,
    0xbe, 0x0, 0x71, 0xa8, 0x6, 0x51, 0x20, 0xc,
    0xa2,

    /* U+7236 "父" */
    0x0, 0xf0, 0x90, 0x7, 0x88, 0x3, 0xff, 0x83,
    0x9a, 0x80, 0x19, 0x77, 0x42, 0x1, 0xfe, 0x82,
    0x22, 0x0, 0x65, 0x42, 0xf2, 0x0, 0xfc, 0xae,
    0x1c, 0x1, 0xeb, 0x41, 0xc2, 0x0, 0xf1, 0xd0,
    0x49, 0x80, 0x7d, 0x66, 0x38, 0x20, 0x18, 0xf0,
    0x19, 0x80, 0x1f, 0xda, 0x43, 0x80, 0x12, 0xe0,
    0x24, 0x80, 0x7f, 0x87, 0x4, 0xa8, 0xa, 0x81,
    0x2c, 0xe4, 0x3, 0xe1, 0xc8, 0x1d, 0x5, 0x32,
    0x66, 0x58, 0x53, 0x38, 0x7, 0x98, 0xd0, 0xe,
    0x5c, 0xc2, 0x64, 0x0, 0xa0, 0x90, 0xf, 0x50,
    0x50, 0x1, 0xa0, 0x3, 0xc6, 0x61, 0x70, 0xc,
    0xa4, 0x2c, 0x1, 0xff, 0x78, 0x48, 0x80, 0x50,
    0x10, 0x1, 0xff, 0xc0, 0x35, 0x1a, 0x0, 0x49,
    0x11, 0x80, 0x3f, 0xf8, 0x36, 0x29, 0xa, 0xc1,
    0xc0, 0x1f, 0xfc, 0x21, 0xa0, 0x7a, 0x9, 0x30,
    0xf, 0xfe, 0x1a, 0x30, 0x0, 0xd8, 0x3, 0xff,
    0x88, 0xec, 0x0, 0x3a, 0x0, 0xff, 0xe1, 0x15,
    0xc0, 0x3c, 0x2, 0xea, 0x0, 0x7f, 0x86, 0x35,
    0x6, 0xa1, 0xec, 0x4a, 0xe8, 0xc0, 0x3c, 0x95,
    0xce, 0xb, 0xea, 0x0, 0x4f, 0x50, 0x5c, 0xc3,
    0x8, 0x3f, 0xda, 0x82, 0x65, 0x8, 0x6, 0x1a,
    0xc4, 0x3, 0x9e, 0x9f, 0x1, 0x7d, 0xb3, 0x0,
    0xfc, 0x77, 0xb0, 0x43, 0xb1, 0xbd, 0x4, 0x1,
    0xff, 0xc0, 0x27, 0xde, 0x40,

    /* U+7247 "片" */
    0x0, 0xc6, 0x40, 0x1f, 0xce, 0xa0, 0x1d, 0x9c,
    0x1, 0xf8, 0x62, 0x0, 0x18, 0x40, 0x40, 0x3f,
    0xc6, 0x1, 0xff, 0xf0, 0x2b, 0xbf, 0xda, 0x1,
    0xfc, 0x89, 0xf8, 0xc0, 0x80, 0x3c, 0x5b, 0xbf,
    0xec, 0x0, 0xf0, 0x91, 0x7f, 0x80, 0x3f, 0xf9,
    0x66, 0x1, 0xff, 0xc5, 0x10, 0x3e, 0xef, 0xf9,
    0x80, 0x26, 0x0, 0x8, 0xff, 0xda, 0x1, 0x10,
    0x3f, 0xff, 0xf5, 0x80, 0x76, 0x86, 0x80, 0x7f,
    0xf0, 0xd0, 0x1c, 0x3, 0xff, 0x84, 0x62, 0x44,
    0x0, 0xff, 0xe1, 0x50, 0x28, 0x7, 0xff, 0x8,
    0x98, 0x28, 0x3, 0xff, 0x85, 0xe0, 0xc4, 0x1,
    0xff, 0xc1, 0x12, 0x24, 0x80, 0x7f, 0xf0, 0x87,
    0x30, 0x1, 0xff, 0xc0, 0x60, 0x30,

    /* U+7248 "版" */
    0x0, 0x90, 0x3, 0xff, 0x92, 0xd6, 0x60, 0x5,
    0xa0, 0xf, 0xfe, 0x20, 0x83, 0x80, 0x3d, 0x44,
    0x1f, 0xff, 0xfb, 0x40, 0x3f, 0xf8, 0x1a, 0x4,
    0x67, 0xf2, 0x0, 0x7f, 0xf0, 0x4, 0x3f, 0x33,
    0xe9, 0x0, 0xff, 0xf5, 0x8, 0x7, 0xc2, 0x3e,
    0x0, 0xf5, 0xff, 0x90, 0x3, 0xb7, 0xfb, 0xbd,
    0xa0, 0x1c, 0x68, 0x93, 0x88, 0x4, 0x20, 0x68,
    0x91, 0x81, 0x80, 0x74, 0x5d, 0xd0, 0x1, 0x98,
    0x22, 0xee, 0xe0, 0x50, 0xf, 0xfe, 0x16, 0x6,
    0x0, 0x4a, 0x18, 0x1, 0x78, 0x4e, 0x65, 0x20,
    0x19, 0x45, 0x80, 0x2b, 0x5, 0x0, 0xe2, 0x33,
    0x98, 0x0, 0xe0, 0x6, 0x14, 0x2, 0x32, 0x20,
    0x4, 0x21, 0xbf, 0xe3, 0x0, 0xe1, 0xb0, 0xf0,
    0xb0, 0xa0, 0xc, 0x60, 0x60, 0x1e, 0x20, 0x1,
    0x99, 0x19, 0x80, 0xe0, 0x19, 0x80, 0x40, 0x3c,
    0x24, 0x0, 0x80, 0x90, 0x80, 0xe, 0x21, 0x0,
    0xf0, 0x83, 0x0, 0x10, 0xc0, 0x5c, 0x3, 0x8,
    0x88, 0x3, 0xca, 0x6, 0x0, 0x33, 0x0, 0xa0,
    0x6, 0x50, 0x50, 0xf, 0x60, 0x68, 0x1e, 0x81,
    0x85, 0x98, 0x5, 0xa1, 0x80, 0x1e, 0x50, 0x45,
    0xc1, 0x6c, 0x60, 0xc6, 0x0, 0x30, 0x20, 0x7,
    0x21, 0x24, 0xd0, 0x34, 0x84, 0xb0, 0x4c, 0x81,
    0x98, 0x20, 0x13, 0xa, 0xa7, 0xe1, 0xd4, 0x80,
    0x53, 0x49, 0x41, 0x32, 0x0, 0xd5, 0xc3, 0x68,
    0x8c, 0x50, 0xe, 0x5b, 0x30,

    /* U+725B "牛" */
    0x0, 0xff, 0xe7, 0x1c, 0x8, 0x5, 0x3e, 0x40,
    0x1f, 0xfc, 0x1e, 0x72, 0x0, 0x88, 0x18, 0x3,
    0xff, 0x80, 0x44, 0x13, 0x0, 0xff, 0xe3, 0x50,
    0x30, 0x7, 0xff, 0x1d, 0xc1, 0xff, 0xf2, 0x5,
    0xff, 0xfc, 0x80, 0x13, 0x80, 0x91, 0x70, 0x0,
    0x48, 0xbe, 0x70, 0x0, 0xc0, 0x66, 0xef, 0x20,
    0x56, 0xef, 0xc6, 0x0, 0xa0, 0x62, 0x0, 0xff,
    0xe2, 0xa2, 0xa, 0x40, 0x3f, 0xf8, 0xc9, 0x78,
    0x1, 0xff, 0xc8, 0x41, 0x0, 0xff, 0xe3, 0xb6,
    0xef, 0xf2, 0x4, 0xee, 0xfe, 0x7f, 0x22, 0xfe,
    0x0, 0x11, 0x7f, 0x6c, 0xff, 0xff, 0x20, 0x5f,
    0xff, 0xea, 0x0, 0xff, 0xff, 0x80, 0x7f, 0xff,
    0xc0, 0x3f, 0xf8, 0x46, 0xa, 0x1, 0xfc,

    /* U+7269 "物" */
    0x0, 0xff, 0xe8, 0x4f, 0x0, 0x72, 0x69, 0x0,
    0x7f, 0x9a, 0x0, 0x84, 0x40, 0x1b, 0xc8, 0xc0,
    0x3f, 0xd6, 0xc0, 0x1f, 0x90, 0xc4, 0x3, 0xfc,
    0x4a, 0x1, 0xf2, 0x0, 0x22, 0x3f, 0x18, 0x8,
    0x2d, 0xa8, 0x6d, 0x98, 0x78, 0x1b, 0xbf, 0xe8,
    0x5, 0x1, 0x41, 0x3, 0x45, 0x34, 0x5c, 0x60,
    0xac, 0x2, 0xa0, 0xb, 0x3, 0x34, 0xc3, 0x39,
    0xbc, 0x20, 0xd4, 0x54, 0x41, 0x18, 0x4, 0x14,
    0x4c, 0x9c, 0x8, 0x60, 0xd8, 0x88, 0x6e, 0xa,
    0x18, 0xe0, 0x62, 0x4e, 0x1, 0xc2, 0xe5, 0x21,
    0x61, 0x41, 0x80, 0x82, 0x2, 0x2c, 0x80, 0xe,
    0x1b, 0xf0, 0x16, 0x33, 0x2, 0x18, 0x98, 0x78,
    0x18, 0x80, 0x67, 0xaf, 0x20, 0x80, 0x90, 0x50,
    0x40, 0x10, 0x10, 0x8, 0xdd, 0x42, 0x54, 0x0,
    0x6c, 0x4a, 0x12, 0x14, 0x1e, 0x6, 0x11, 0xd9,
    0x2, 0x11, 0xb6, 0x1c, 0x12, 0x4, 0x66, 0x20,
    0x20, 0x60, 0x51, 0x49, 0x30, 0x62, 0xa, 0x26,
    0x40, 0xb0, 0x90, 0x0, 0x80, 0x86, 0x7d, 0xb3,
    0x80, 0x52, 0xa7, 0x20, 0x2c, 0x2a, 0x0, 0x60,
    0x20, 0x10, 0xf, 0xb5, 0xb4, 0x1, 0x1, 0x20,
    0x11, 0x8, 0x7, 0xf9, 0x24, 0x40, 0xd8, 0x5c,
    0x0, 0x40, 0x40, 0x1f, 0xfc, 0x11, 0xe0, 0xa0,
    0x9, 0xc1, 0x40, 0x3f, 0xf8, 0x3a, 0x4a, 0x80,
    0x17, 0x6, 0x0, 0x7f, 0xf0, 0x30, 0xcd, 0x41,
    0xba, 0xe4, 0x4, 0x0, 0xff, 0x84, 0x49, 0xa0,
    0x7, 0x21, 0x2b, 0x10, 0xf, 0x19, 0x8, 0x0,
    0x76, 0xc4, 0x1, 0x5f, 0xed, 0x40, 0x0,

    /* U+7279 "特" */
    0x0, 0xff, 0xe8, 0x57, 0x0, 0x7e, 0x9f, 0x10,
    0xf, 0x89, 0x1, 0x84, 0x40, 0x1f, 0x10, 0x10,
    0x7, 0xd7, 0x40, 0x1e, 0x6d, 0xdc, 0x81, 0xdb,
    0xb6, 0x10, 0x1, 0x48, 0x3, 0xdc, 0x45, 0x80,
    0x4, 0x5c, 0x20, 0x2, 0x17, 0x20, 0x97, 0x18,
    0xff, 0xc8, 0x19, 0xff, 0x71, 0x80, 0x4, 0xa0,
    0x41, 0xe1, 0xc0, 0x3f, 0xf8, 0x48, 0xf, 0x2,
    0x11, 0x2e, 0x1, 0xff, 0xc2, 0xc0, 0x87, 0x20,
    0x66, 0x8, 0x4f, 0xfc, 0x81, 0x9f, 0xf4, 0x0,
    0x18, 0xc0, 0x3f, 0x79, 0x9f, 0xf6, 0x80, 0xa,
    0x40, 0x3f, 0x36, 0x67, 0xa9, 0xb1, 0x40, 0x18,
    0xa0, 0x1f, 0xfc, 0x3a, 0x51, 0x0, 0xfe, 0x9b,
    0x49, 0xbb, 0xf8, 0xc3, 0x6d, 0xc0, 0x9, 0x16,
    0x60, 0xe8, 0x48, 0x9f, 0x80, 0x6, 0x98, 0x13,
    0x6e, 0x80, 0x8, 0xd6, 0xdf, 0xef, 0xfe, 0x30,
    0xdf, 0xb0, 0xd4, 0x8c, 0x30, 0x62, 0x0, 0x17,
    0x50, 0x7, 0x8c, 0x2, 0x4b, 0x73, 0x0, 0xf1,
    0x22, 0xb8, 0x7, 0xff, 0x22, 0x86, 0x10, 0x3,
    0xff, 0x8e, 0x3a, 0x1c, 0x1, 0xff, 0xc8, 0x3e,
    0xa0, 0xf, 0xfe, 0x48, 0x80, 0x7f, 0xf2, 0xeb,
    0x74, 0x60, 0x20, 0x1f, 0x28, 0x88, 0x3, 0xe2,
    0x28, 0xe8, 0x2,

    /* U+72B6 "状" */
    0x0, 0xff, 0xe8, 0x75, 0x0, 0x7a, 0xf0, 0x0,
    0x20, 0x1f, 0xc2, 0x27, 0x0, 0xf2, 0x98, 0x3,
    0xf4, 0x3, 0xff, 0x92, 0xc5, 0x40, 0x11, 0xe1,
    0x80, 0x7f, 0xf0, 0xa0, 0xd5, 0x40, 0x11, 0xe8,
    0x80, 0x7f, 0xf0, 0xb8, 0x24, 0x0, 0x6e, 0x3a,
    0x1, 0xff, 0xc2, 0x2b, 0xe0, 0xa, 0xc, 0xcc,
    0x1, 0x11, 0x9e, 0x10, 0x33, 0xce, 0x1, 0xde,
    0x2, 0x0, 0x6d, 0xcc, 0xc0, 0xc, 0xce, 0xdc,
    0x0, 0x8f, 0xdc, 0x0, 0x89, 0xe0, 0x1, 0xa2,
    0x75, 0x0, 0x7e, 0x2b, 0xbd, 0x0, 0xb, 0xbf,
    0x30, 0x7, 0x18, 0x7, 0xca, 0x0, 0xc0, 0xf,
    0xf1, 0x60, 0x7, 0xde, 0x0, 0x41, 0x0, 0xfc,
    0x9a, 0x20, 0x1f, 0x20, 0x38, 0x38, 0x7, 0xcd,
    0x61, 0x20, 0x1e, 0x32, 0x24, 0x85, 0x0, 0x7a,
    0x24, 0x71, 0xc0, 0x3d, 0x20, 0xa2, 0xa6, 0x80,
    0x1c, 0x63, 0x86, 0x1, 0xe2, 0x50, 0x90, 0x80,
    0x90, 0xe, 0xbe, 0x20, 0xf, 0xb8, 0x1c, 0x40,
    0x94, 0xa0, 0x3, 0xff, 0x83, 0x6, 0x50, 0x1,
    0x58, 0xba, 0x80, 0x7f, 0xd0, 0xe1, 0xc0, 0x18,
    0x68, 0x29, 0x80, 0x3f, 0xa1, 0xc2, 0xcc, 0x3,
    0x92, 0x42, 0x70, 0x3, 0xf8, 0x6d, 0x0, 0x3e,
    0x6b, 0x25, 0x0, 0xe1, 0x27, 0x8e, 0x40, 0xf,
    0xe4, 0xd9, 0x0,

    /* U+732A "猪" */
    0x0, 0xff, 0xe1, 0x10, 0x7, 0xfc, 0xea, 0x0,
    0x24, 0x0, 0xe9, 0xd4, 0x0, 0xe1, 0x0, 0xd3,
    0x4e, 0x39, 0x60, 0x1c, 0x60, 0x20, 0x19, 0xb9,
    0x80, 0x2f, 0x18, 0xf1, 0x90, 0x5b, 0xb9, 0x2,
    0x2e, 0xd4, 0x72, 0xe, 0x1, 0xd, 0x0, 0xb3,
    0x3, 0x11, 0x21, 0x2, 0x44, 0x2e, 0x4, 0x88,
    0x6, 0xf0, 0x7, 0x80, 0x27, 0xfe, 0x50, 0xaf,
    0xf2, 0x81, 0xb0, 0x6, 0xb4, 0x10, 0xa0, 0xf,
    0xf4, 0x28, 0xe8, 0x6, 0xd4, 0x1c, 0x23, 0x0,
    0xfe, 0x67, 0xa, 0x10, 0xc, 0x65, 0x84, 0x80,
    0x93, 0xff, 0x94, 0x2a, 0x40, 0x17, 0xfe, 0xe0,
    0x7, 0xe9, 0x7, 0x1, 0xfa, 0x27, 0x0, 0x48,
    0x9c, 0xe0, 0x1, 0x0, 0xa8, 0x39, 0xae, 0xf0,
    0x80, 0xe5, 0xdf, 0x48, 0x7, 0x41, 0x1, 0x80,
    0x45, 0x8a, 0x58, 0x60, 0x1f, 0xe4, 0x70, 0x0,
    0x80, 0x1b, 0x4c, 0xb, 0x7f, 0xfa, 0x40, 0x31,
    0xd8, 0x48, 0x0, 0xb2, 0x40, 0xa, 0xcd, 0xca,
    0xa, 0x1, 0x26, 0x4, 0x20, 0x3e, 0x9a, 0x98,
    0x5c, 0xcf, 0x58, 0x7, 0x58, 0x3b, 0x80, 0xf,
    0x57, 0x4e, 0x1, 0xf1, 0x80, 0x74, 0xca, 0x0,
    0x40, 0x55, 0x0, 0x2e, 0xff, 0xed, 0x0, 0xe6,
    0x60, 0x1, 0xc0, 0xc0, 0x39, 0x9b, 0xe0, 0xf,
    0xe1, 0x1, 0x0, 0xe8, 0x99, 0xe8, 0x0, 0xfe,
    0xd0, 0xd0, 0xf, 0xfe, 0x4a, 0x83, 0x80, 0x75,
    0x57, 0xb4, 0x3, 0xd9, 0xbe, 0x46, 0x40, 0x16,
    0x2, 0x2a, 0xf1, 0x82, 0x0, 0x65, 0x21, 0x4e,
    0x0, 0xcf, 0xff, 0xfd, 0x0, 0x1a, 0x7f, 0xac,
    0x80, 0x3f, 0xf8, 0xa0,

    /* U+7387 "率" */
    0x0, 0xff, 0xe9, 0x9f, 0xd8, 0x7, 0xff, 0x0,
    0x47, 0xe2, 0x22, 0x30, 0x8f, 0xe0, 0x2f, 0xee,
    0xfc, 0x41, 0x3d, 0xdf, 0x9c, 0x95, 0x13, 0xe1,
    0x3, 0x44, 0xff, 0x5, 0x45, 0xdf, 0x48, 0x9e,
    0x5f, 0xc5, 0xdd, 0x54, 0xb3, 0x8, 0xca, 0x0,
    0xde, 0x3a, 0x7, 0x7a, 0x0, 0x3e, 0xf0, 0xa,
    0x51, 0x74, 0x83, 0x8, 0x91, 0x5a, 0x1a, 0x9,
    0xa1, 0x60, 0x10, 0xdb, 0x94, 0x11, 0x81, 0xb2,
    0x8d, 0x99, 0x58, 0x62, 0x80, 0x74, 0x75, 0x16,
    0x6e, 0x88, 0x29, 0x0, 0xb3, 0x8c, 0x3, 0xf3,
    0xa1, 0x9b, 0xca, 0xcb, 0xd0, 0x2d, 0x0, 0x3c,
    0x53, 0xd0, 0x27, 0xe7, 0x8a, 0x81, 0x46, 0xd7,
    0x61, 0x0, 0x15, 0x6b, 0x26, 0x96, 0x8, 0xb3,
    0xb0, 0x6, 0x3d, 0x53, 0x90, 0x5, 0x4e, 0xec,
    0x5c, 0x4, 0x6a, 0xf1, 0x48, 0x80, 0xaa, 0x5,
    0x1, 0xf6, 0x20, 0x2, 0x7f, 0x70, 0x9, 0xd6,
    0xf4, 0x41, 0x77, 0xc0, 0x2, 0x1, 0xf9, 0x54,
    0x1, 0x10, 0x4, 0x42, 0x13, 0xff, 0xfc, 0x0,
    0xff, 0xfe, 0x9f, 0x33, 0xfe, 0x0, 0x19, 0xff,
    0x7b, 0x66, 0x7f, 0x0, 0x33, 0x3f, 0x98, 0x3,
    0xff, 0xfe, 0x6, 0x40, 0x1f, 0xe0,

    /* U+7389 "玉" */
    0x5, 0xde, 0xef, 0xfe, 0x2a, 0x80, 0x44, 0x23,
    0xff, 0xc5, 0x30, 0x2, 0xff, 0xfd, 0xa0, 0x3f,
    0xff, 0x98, 0x3, 0xff, 0xfe, 0x1, 0xff, 0xda,
    0x4c, 0xdd, 0xef, 0x1, 0xdd, 0xf6, 0x28, 0x6,
    0x23, 0x22, 0xf0, 0x0, 0x8b, 0xc7, 0xa0, 0x19,
    0xbb, 0xbd, 0x80, 0x3d, 0xdf, 0x40, 0x7, 0x8,
    0xfc, 0x0, 0x11, 0x8c, 0x46, 0x0, 0xff, 0xe2,
    0xd6, 0xb8, 0x7, 0xff, 0x1e, 0xa, 0x24, 0x3,
    0xff, 0x8c, 0x58, 0x6d, 0x60, 0x1f, 0xfc, 0x61,
    0xc3, 0x46, 0x0, 0xff, 0xe3, 0xe5, 0x30, 0x7,
    0xff, 0x21, 0x40, 0x29, 0xff, 0xfd, 0xa0, 0x3f,
    0xff, 0xd5, 0xe4, 0x5f, 0xfc, 0x8d,

    /* U+739B "玛" */
    0x0, 0xff, 0xe5, 0x46, 0xef, 0x62, 0x85, 0xff,
    0xff, 0x18, 0x0, 0x8b, 0xc6, 0x40, 0x67, 0xf8,
    0x41, 0x40, 0x15, 0xfe, 0x10, 0xff, 0x38, 0x46,
    0x67, 0xd2, 0x6, 0x1, 0xff, 0xc0, 0x8a, 0x0,
    0xee, 0x6, 0x0, 0xff, 0xe0, 0x32, 0x0, 0x71,
    0x0, 0x80, 0x7f, 0xf0, 0x4, 0xc0, 0x39, 0xc0,
    0x80, 0x3f, 0xe1, 0x6, 0x0, 0xe2, 0x10, 0x9,
    0xbf, 0xc2, 0x1f, 0xc4, 0x6, 0x4, 0x1, 0xc2,
    0x40, 0x11, 0x91, 0x0, 0x4, 0x40, 0x3, 0x0,
    0x80, 0x62, 0x6, 0x0, 0x97, 0x74, 0x21, 0xb8,
    0x40, 0x40, 0xff, 0xfb, 0x41, 0x7f, 0xcc, 0x1,
    0xfc, 0x8a, 0x89, 0xf8, 0x80, 0x3f, 0xe2, 0xab,
    0xbf, 0xd4, 0x6, 0x1, 0xff, 0xc7, 0xe0, 0x10,
    0xf, 0xe1, 0x1f, 0xc0, 0x3, 0x6, 0x0, 0xe5,
    0xa6, 0x9e, 0xef, 0xde, 0xc, 0x4, 0x2, 0xa2,
    0x14, 0xbb, 0xa5, 0x5f, 0xce, 0x4, 0x21, 0x5d,
    0x40, 0x2d, 0x76, 0x4a, 0xaf, 0xd0, 0x22, 0x20,
    0x40, 0x5b, 0xe9, 0x40, 0xf, 0xf9, 0x41, 0x43,
    0xfd, 0x48, 0x1, 0xff, 0xc2, 0xe0, 0xc0, 0x10,
    0xf, 0xfe, 0x9, 0xdd, 0x5a, 0x8a, 0x80, 0x7f,
    0xf0, 0xc9, 0x95, 0xb, 0x40, 0x3f, 0xf8, 0x83,
    0xbf, 0xed, 0x30, 0x0,

    /* U+73B0 "现" */
    0x0, 0xff, 0x22, 0x7f, 0x10, 0x1, 0x73, 0x77,
    0xb0, 0xa6, 0xef, 0xfb, 0x40, 0x4, 0x64, 0x5c,
    0x62, 0x60, 0xb1, 0x1e, 0x10, 0x10, 0x7f, 0xf4,
    0x4, 0xff, 0x8c, 0x1, 0xce, 0xfe, 0x30, 0xf,
    0xfe, 0x2c, 0xa8, 0x7, 0xff, 0x1c, 0x5b, 0x80,
    0x3f, 0xfc, 0xc5, 0xdf, 0x1, 0x3f, 0x20, 0x1f,
    0xfc, 0x32, 0x20, 0x80, 0x90, 0x80, 0x7f, 0xf0,
    0x8b, 0x36, 0x42, 0x36, 0x0, 0x38, 0xc0, 0x40,
    0x3f, 0xf8, 0xee, 0x6, 0x1, 0xff, 0xc5, 0x70,
    0x20, 0xf0, 0x0, 0x80, 0x80, 0x7f, 0xa6, 0xc,
    0x2c, 0x25, 0x82, 0x24, 0x3, 0xf8, 0xc4, 0xdc,
    0xc, 0xc4, 0x18, 0x8, 0xc0, 0x1f, 0x7e, 0x62,
    0x0, 0x2f, 0x8, 0x0, 0xe1, 0x0, 0x13, 0x58,
    0x31, 0x86, 0x0, 0x20, 0xcc, 0xa0, 0x1d, 0xb3,
    0x2d, 0x93, 0x16, 0xbf, 0x50, 0x77, 0x7, 0x0,
    0x78, 0x4b, 0x8e, 0x37, 0xa5, 0x0, 0x6a, 0x2,
    0xc8, 0x3, 0xc4, 0x2f, 0x8e, 0x40, 0x12, 0xfa,
    0x8e, 0x20, 0x4, 0x8e, 0xe9, 0xc, 0x0, 0xf8,
    0x81, 0xf8, 0xc0, 0x28, 0x8, 0x83, 0x23, 0x0,

    /* U+7403 "球" */
    0x0, 0xff, 0xe1, 0x10, 0x80, 0x7f, 0xf2, 0x76,
    0x81, 0xd8, 0x3, 0x2c, 0xcf, 0x88, 0x3, 0x84,
    0x1c, 0x3a, 0x64, 0x1, 0x4b, 0x37, 0xa8, 0x3,
    0xfa, 0x61, 0x9c, 0x1, 0xb9, 0x80, 0x2c, 0xc4,
    0x0, 0x8e, 0x30, 0x0, 0x89, 0xa5, 0x40, 0x2,
    0x66, 0x0, 0x19, 0x83, 0x7b, 0xb6, 0x81, 0xf7,
    0x53, 0xbc, 0x1, 0xfc, 0xa8, 0x98, 0xc0, 0x8,
    0x9c, 0xe0, 0x1f, 0xd1, 0x77, 0xb4, 0xa, 0xef,
    0xa4, 0x3, 0xf8, 0xac, 0xc0, 0x31, 0x0, 0x4b,
    0xa6, 0xf, 0xfe, 0x2, 0xfe, 0x13, 0x4d, 0x10,
    0xc, 0x40, 0x36, 0x40, 0x1, 0x22, 0x0, 0x8,
    0x80, 0x32, 0x36, 0x1, 0x90, 0x2c, 0x60, 0xc1,
    0xb7, 0x40, 0x5b, 0x82, 0xc, 0x6a, 0x20, 0x16,
    0x32, 0xa3, 0x80, 0x7f, 0xf0, 0x24, 0x84, 0x2,
    0x59, 0x2a, 0x0, 0xff, 0xe0, 0xae, 0x85, 0x0,
    0x43, 0xe2, 0x1, 0xff, 0xc2, 0x1c, 0x40, 0x10,
    0x32, 0x0, 0xff, 0xe1, 0x16, 0x1b, 0x81, 0x31,
    0x30, 0x7, 0xf1, 0xc3, 0x81, 0xe1, 0x44, 0x80,
    0x20, 0x20, 0x40, 0x39, 0x0, 0xb1, 0xed, 0x30,
    0x61, 0xc0, 0x21, 0x91, 0xc1, 0x0, 0x4f, 0xd8,
    0x1, 0x6a, 0x96, 0x12, 0xe0, 0x1c, 0xcc, 0x2d,
    0x10, 0x70, 0x5a, 0xfa, 0x53, 0x9, 0x60, 0xf,
    0xa5, 0x4f, 0xc7, 0xfd, 0x4a, 0x1, 0x2f, 0xb0,
    0x7, 0xf5, 0x3a, 0x8, 0x80, 0x3f, 0x93, 0x75,
    0xe0, 0xc0, 0x1a, 0x28, 0x3, 0xfe, 0x51, 0x20,
    0x48, 0x0, 0xf8,

    /* U+7406 "理" */
    0x0, 0xfe, 0x35, 0x5f, 0xf1, 0x80, 0x23, 0x77,
    0xb1, 0x43, 0x2a, 0xbf, 0xd8, 0x0, 0x22, 0xf1,
    0x90, 0x81, 0x55, 0x40, 0x75, 0x50, 0x80, 0x85,
    0x7f, 0x84, 0x3f, 0xce, 0x0, 0x75, 0x58, 0x1d,
    0x56, 0x20, 0xf, 0xfe, 0xc2, 0x55, 0x40, 0xb5,
    0x51, 0x0, 0x7f, 0xf0, 0x45, 0x56, 0x1, 0x55,
    0x84, 0x3, 0xff, 0x82, 0xbf, 0xf0, 0x27, 0xfc,
    0x60, 0x12, 0xe6, 0x88, 0x6e, 0x8, 0x7, 0xff,
    0xc, 0x8c, 0x80, 0x4, 0x66, 0x0, 0x8, 0x7,
    0xe1, 0x0, 0x9f, 0xfc, 0x21, 0xfe, 0x20, 0x2,
    0x7f, 0xc0, 0x9f, 0xf1, 0x0, 0x80, 0x7f, 0xb,
    0xaa, 0xc8, 0x0, 0x55, 0xd0, 0x1, 0xff, 0x45,
    0x56, 0x2, 0xaa, 0xce, 0x1, 0xff, 0xd5, 0x3c,
    0xdd, 0xb0, 0xb, 0x77, 0x61, 0x0, 0x7a, 0x3a,
    0x1c, 0x8b, 0x80, 0x4, 0x5c, 0x20, 0x3, 0x81,
    0x7, 0x1e, 0x4e, 0xff, 0xb8, 0xb, 0xff, 0x71,
    0x86, 0x61, 0xc0, 0xe3, 0x98, 0x3, 0xff, 0x86,
    0x27, 0x1d, 0x8e, 0x20, 0x1f, 0xfc, 0x4d, 0xc7,
    0x10, 0x1, 0xf7, 0xff, 0x70, 0x17, 0xff, 0x68,
    0x7, 0xe2, 0x2f, 0xfe, 0x13, 0x0,

    /* U+7433 "琳" */
    0x0, 0xff, 0x6c, 0x0, 0x61, 0xd6, 0x0, 0xcb,
    0x79, 0x9a, 0x80, 0x2, 0x46, 0x1, 0x88, 0x9e,
    0x1, 0xb5, 0xc, 0xf3, 0x80, 0x7f, 0xf1, 0x23,
    0xf4, 0x1b, 0xf4, 0x3, 0xff, 0x96, 0x24, 0x40,
    0x72, 0x0, 0x13, 0x1, 0x91, 0x0, 0x3f, 0x1f,
    0x6e, 0x1, 0xee, 0x56, 0xd0, 0x2e, 0xeb, 0x80,
    0x3e, 0x26, 0x53, 0x1, 0x59, 0xe5, 0x20, 0x2,
    0xaa, 0x40, 0x4, 0xc0, 0x64, 0x33, 0x4a, 0xb,
    0x4a, 0x94, 0xc0, 0x9, 0xa7, 0x8, 0xdb, 0x5,
    0xdc, 0x0, 0x20, 0x21, 0x80, 0x48, 0x0, 0x50,
    0xa, 0xd9, 0x40, 0x9a, 0x40, 0x48, 0x1, 0xa4,
    0x8, 0x1, 0x78, 0x4, 0x73, 0x0, 0x92, 0xa0,
    0xe0, 0x2, 0xf, 0xe, 0x0, 0x90, 0x3, 0xfe,
    0xd2, 0x6, 0xb2, 0x55, 0x10, 0x19, 0x10, 0x3,
    0xf8, 0x51, 0x0, 0x5, 0xa2, 0xa, 0x5, 0x5,
    0x0, 0xfe, 0x90, 0xa0, 0x9, 0x64, 0x50, 0x0,
    0xb6, 0x1, 0xe2, 0x9c, 0x73, 0x20, 0x9, 0x86,
    0x40, 0x2f, 0x32, 0x0, 0x24, 0x2, 0x31, 0x85,
    0x0, 0x43, 0x0, 0xc0, 0x12, 0x84, 0x5, 0xd9,
    0x45, 0xe4, 0x5, 0x80, 0x28, 0x18, 0x10, 0xc,
    0xea, 0x38, 0xd7, 0xd0, 0x81, 0x40, 0x1a, 0xd9,
    0xc0, 0x3a, 0x58, 0x5e, 0x50, 0x0, 0x5e, 0x80,
    0x18, 0xa4, 0x3, 0xc3, 0x20, 0x1f, 0xfe, 0xc1,
    0x23, 0x0, 0xc4, 0x3e, 0x1, 0x80,

    /* U+745E "瑞" */
    0x0, 0xff, 0xe1, 0x42, 0x0, 0x7f, 0xf1, 0x20,
    0x80, 0x4, 0xfc, 0x1, 0x24, 0x80, 0x17, 0x37,
    0x75, 0x89, 0xba, 0x80, 0x7e, 0xe6, 0x40, 0x23,
    0x22, 0xca, 0x1, 0xff, 0xc0, 0x10, 0x9, 0xff,
    0x81, 0x3f, 0x84, 0x3, 0xff, 0x9b, 0x57, 0x69,
    0x4, 0xbb, 0x94, 0x3, 0xfe, 0x20, 0x24, 0x48,
    0x5, 0x12, 0x10, 0x60, 0xf, 0xe1, 0xfe, 0xef,
    0xf7, 0x90, 0x7, 0xfc, 0x23, 0xfe, 0x0, 0x93,
    0xb8, 0x9, 0xee, 0x5f, 0xff, 0xfc, 0x1e, 0x7,
    0x32, 0x0, 0x10, 0x9a, 0x27, 0x10, 0x12, 0x27,
    0x80, 0xf7, 0x1, 0x35, 0x86, 0xef, 0x94, 0x22,
    0xef, 0xa8, 0x3, 0xff, 0x84, 0x80, 0x80, 0x1f,
    0xfc, 0x35, 0xff, 0xc6, 0x1d, 0xff, 0xcc, 0x1,
    0xfc, 0x40, 0x6a, 0x20, 0xaa, 0x2, 0x53, 0xf,
    0x0, 0xff, 0xa2, 0x88, 0x95, 0x60, 0xb5, 0x0,
    0x60, 0x1e, 0x15, 0x10, 0xf, 0xfe, 0x29, 0x82,
    0x75, 0x20, 0x7, 0xff, 0xc, 0xf7, 0x40, 0x13,
    0x28, 0x7, 0xff, 0xe, 0xc8, 0x5a, 0xfe, 0x40,
    0x3f, 0xf8, 0x95, 0x7d, 0x28, 0x1, 0xff, 0xc6,
    0x24, 0x0, 0xff, 0xe2, 0x37, 0x81, 0x80, 0x7f,
    0x8, 0x30, 0x2b, 0x80, 0x96, 0xfa, 0x5, 0x0,
    0x7f, 0x37, 0x90, 0x4d, 0x0, 0x35, 0x67, 0xbc,
    0xc0,

    /* U+751F "生" */
    0x0, 0xff, 0x22, 0x80, 0x7f, 0xf0, 0x93, 0x50,
    0x2, 0xaa, 0x0, 0x7f, 0xf0, 0xbc, 0x80, 0x3f,
    0xf9, 0x8, 0x28, 0x1, 0xff, 0xc6, 0x60, 0x70,
    0xf, 0xfe, 0x3d, 0x83, 0xee, 0xe1, 0xd, 0xdf,
    0xca, 0x1, 0x21, 0x0, 0x91, 0x60, 0x1, 0x17,
    0xf0, 0x5, 0x21, 0x5f, 0xfc, 0x21, 0xdf, 0xff,
    0x38, 0x2, 0x49, 0x14, 0x3, 0xe1, 0x0, 0xfe,
    0x46, 0x9, 0x0, 0xff, 0xe3, 0x23, 0x51, 0x0,
    0x7f, 0xf1, 0xe5, 0x40, 0x3f, 0xf9, 0x57, 0xbb,
    0xe1, 0xd, 0xdf, 0x9c, 0x3, 0x94, 0x8b, 0xc0,
    0x2, 0x2f, 0xb8, 0x3, 0xbb, 0xff, 0xc2, 0x1f,
    0xff, 0x48, 0x7, 0xff, 0xfc, 0x3, 0xff, 0x9e,
    0x20, 0x1f, 0xd1, 0xff, 0xfc, 0x21, 0xdf, 0xff,
    0xa7, 0x48, 0xbf, 0xf9, 0x1c,

    /* U+7528 "用" */
    0x0, 0xab, 0x33, 0xff, 0x88, 0xa0, 0x1, 0x53,
    0x3f, 0xfe, 0x27, 0x0, 0x62, 0xff, 0xe2, 0xe,
    0xff, 0xeb, 0x0, 0xf0, 0x80, 0x7f, 0xf0, 0x58,
    0x3, 0xff, 0xba, 0x20, 0x1e, 0x3f, 0xfe, 0x20,
    0xef, 0xfe, 0xc0, 0xf, 0x8c, 0xf8, 0x0, 0x67,
    0xe2, 0x0, 0xf1, 0xe6, 0x71, 0x6, 0xe6, 0x77,
    0x80, 0x79, 0xc0, 0x3f, 0xf8, 0xc6, 0x1, 0xff,
    0xc8, 0x10, 0x5c, 0xce, 0x20, 0xdc, 0xce, 0xe0,
    0xc, 0xe0, 0x26, 0x7c, 0x0, 0x33, 0xf8, 0x3,
    0x10, 0x47, 0x77, 0x10, 0x6f, 0x77, 0x60, 0x6,
    0xf0, 0x31, 0x1e, 0x0, 0x18, 0x8f, 0x80, 0x32,
    0x82, 0x80, 0x7f, 0xf1, 0x44, 0xcc, 0x20, 0x1f,
    0xfc, 0x56, 0x4, 0x0, 0xff, 0xe2, 0x8c, 0x4,
    0x80, 0x7f, 0xf0, 0x84, 0x1, 0x40, 0xc2, 0x1,
    0xfe, 0x4d, 0xdc, 0x4, 0x65, 0x20, 0x1f, 0x29,
    0x88, 0x28, 0x91, 0x1, 0x60,

    /* U+7535 "电" */
    0x0, 0xfc, 0x86, 0x1, 0xff, 0xc6, 0x1b, 0xd0,
    0xf, 0xff, 0x4d, 0xff, 0xfb, 0x80, 0x7f, 0xfe,
    0x90, 0x9, 0x0, 0x47, 0xc0, 0x1, 0x1f, 0x2,
    0x0, 0x77, 0x77, 0x78, 0xf, 0x77, 0x78, 0x7,
    0xff, 0x97, 0x77, 0xb0, 0x7, 0x77, 0xb0, 0x3,
    0xe2, 0x2f, 0x0, 0x8, 0xbc, 0x1, 0xf7, 0xff,
    0x70, 0xf, 0xff, 0x70, 0x7, 0xff, 0x97, 0x77,
    0xb0, 0x7, 0x77, 0xb0, 0x3, 0x8c, 0x8, 0xbc,
    0x0, 0x22, 0xf0, 0x38, 0x5, 0x9f, 0xfe, 0xd0,
    0x1f, 0xff, 0xa9, 0xc, 0x3, 0xf1, 0x80, 0x7f,
    0xa7, 0x0, 0x3f, 0xf8, 0xe4, 0x1, 0xfc, 0x20,
    0x24, 0x1, 0xe5, 0x3, 0x0, 0xfe, 0x30, 0xde,
    0xef, 0x50, 0x50, 0x7, 0xf7, 0x20, 0x8, 0xfc,
    0xcc, 0x0,

    /* U+754C "界" */
    0x0, 0xa2, 0xab, 0xff, 0x85, 0x0, 0x1c, 0x2e,
    0xab, 0xff, 0xc2, 0x73, 0x0, 0xf1, 0x7f, 0xf1,
    0x7, 0x7f, 0xe3, 0x0, 0xff, 0xe9, 0x1c, 0xcf,
    0x18, 0x44, 0xce, 0x20, 0xf, 0xc2, 0xcd, 0xc2,
    0xc, 0xdc, 0x20, 0x1f, 0x8b, 0xff, 0x88, 0x3b,
    0xff, 0x18, 0x7, 0xff, 0x48, 0xa6, 0x78, 0xc2,
    0x26, 0x71, 0x0, 0x78, 0x48, 0x19, 0xb8, 0x41,
    0x9b, 0x84, 0x8, 0x3, 0xb7, 0xfd, 0xa2, 0xf,
    0xfe, 0xd0, 0x5, 0x7f, 0xc2, 0x1, 0xf1, 0xe0,
    0xac, 0x0, 0xa, 0xc2, 0x98, 0x3, 0xfa, 0x30,
    0x5a, 0x80, 0x32, 0x58, 0x4d, 0x90, 0x7, 0x37,
    0x38, 0x2e, 0x80, 0x79, 0xe0, 0x53, 0x64, 0x81,
    0x7a, 0x44, 0xf4, 0xac, 0x80, 0x3b, 0xa3, 0xd4,
    0x1b, 0x65, 0x84, 0xa7, 0x8, 0x40, 0xc0, 0x38,
    0xc0, 0x15, 0x88, 0x38, 0x7f, 0xac, 0x0, 0x20,
    0x10, 0xf, 0xe3, 0xbe, 0x50, 0xe, 0x14, 0x30,
    0xf, 0xfe, 0x3c, 0x2, 0x80, 0x7f, 0xf1, 0xa5,
    0x82, 0xc0, 0x3f, 0xf8, 0x8d, 0xec, 0x16, 0x40,
    0x1f, 0xfc, 0x65, 0xd4, 0x0, 0xf8, 0x84, 0x40,
    0x1f, 0x37, 0xd1, 0x0, 0x7e, 0xce, 0x0, 0xf0,

    /* U+7559 "留" */
    0x0, 0xfc, 0x40, 0x1f, 0xfc, 0x64, 0x9e, 0xd4,
    0x0, 0xff, 0xe1, 0x3d, 0xfd, 0xb0, 0x33, 0x3,
    0x7f, 0xff, 0xa0, 0x22, 0x8, 0x88, 0xce, 0x92,
    0x4, 0x48, 0x0, 0x89, 0x10, 0x8, 0x8, 0x55,
    0xb9, 0x80, 0x69, 0xb9, 0x2, 0xbb, 0xc0, 0x1f,
    0x96, 0xc4, 0x3, 0x38, 0x38, 0x7, 0x8, 0x7,
    0x8d, 0x28, 0x3, 0x78, 0x60, 0x4, 0x21, 0xe0,
    0x1e, 0x63, 0x46, 0x0, 0xa, 0x83, 0x80, 0x5e,
    0x4, 0x6, 0x0, 0x26, 0xa2, 0x8, 0x0, 0x48,
    0x28, 0x80, 0x44, 0x2, 0xe, 0x15, 0xb2, 0xa2,
    0x32, 0x2b, 0x84, 0x0, 0x64, 0x5, 0x22, 0x0,
    0xd, 0xf3, 0xe8, 0xa2, 0x82, 0xc8, 0x7b, 0xfc,
    0x26, 0x24, 0xf3, 0xd9, 0x6, 0x9, 0xe6, 0x36,
    0x80, 0x2c, 0x68, 0xda, 0x0, 0x86, 0x10, 0xe,
    0x2d, 0xe4, 0x0, 0xa3, 0x2e, 0x44, 0x2, 0x1e,
    0xff, 0xf6, 0xff, 0xfe, 0x90, 0xc, 0x42, 0xa,
    0xbc, 0x0, 0x55, 0xe3, 0x5, 0x0, 0xf1, 0xd5,
    0x70, 0x85, 0x57, 0x40, 0x7, 0xff, 0x10, 0x40,
    0x3f, 0xf8, 0x27, 0xff, 0xc2, 0x1d, 0xff, 0xac,
    0x3, 0xf0, 0xbb, 0xf0, 0x1, 0xdf, 0x94, 0x3,
    0xf1, 0x44, 0x70, 0x84, 0x47, 0x70, 0x7, 0xff,
    0x48, 0xee, 0xf8, 0x42, 0xef, 0xa0, 0x3, 0xc4,
    0x20, 0x89, 0xc0, 0x4, 0x4e, 0x30, 0x50, 0x0,

    /* U+767D "白" */
    0x0, 0xfe, 0x20, 0xf, 0xfe, 0x35, 0x6d, 0x80,
    0x7f, 0xf1, 0x54, 0xc, 0x3, 0xff, 0x88, 0xa0,
    0x9, 0x0, 0xff, 0x84, 0x7b, 0x81, 0x40, 0x47,
    0xe0, 0xb, 0xfb, 0xb9, 0x1, 0x7b, 0xbf, 0x78,
    0x90, 0x7, 0xff, 0x18, 0x80, 0x2f, 0xff, 0xfe,
    0x10, 0x80, 0x61, 0x0, 0xff, 0xff, 0x80, 0x61,
    0x33, 0xff, 0xe1, 0x0, 0x7b, 0x33, 0xff, 0x84,
    0x20, 0x1c, 0x45, 0xff, 0xc2, 0x0, 0xe1, 0xdd,
    0xff, 0xe1, 0x8, 0x7, 0xff, 0xfc, 0x3, 0xf8,
    0x44, 0x1, 0xff, 0xc7, 0xef, 0xff, 0xfe, 0x8,
    0x80, 0x8, 0x40, 0x3f, 0xf8, 0x82, 0x40,

    /* U+7684 "的" */
    0x0, 0xcc, 0x40, 0x1e, 0x34, 0x0, 0xff, 0x34,
    0xd8, 0x7, 0xb6, 0xc0, 0x3f, 0xda, 0x1a, 0x1,
    0xc8, 0x28, 0x1, 0xfe, 0x41, 0x40, 0xe, 0xc0,
    0xd0, 0xf, 0x9a, 0xac, 0x1, 0x76, 0xa4, 0x0,
    0x28, 0x56, 0x67, 0x50, 0x42, 0xa0, 0xa, 0x21,
    0x78, 0xc, 0x80, 0xcf, 0xca, 0x60, 0x3f, 0xfb,
    0x40, 0x42, 0x42, 0xff, 0xf9, 0x40, 0x23, 0x0,
    0xc6, 0x0, 0x35, 0x24, 0x0, 0xf8, 0x40, 0x3f,
    0xb8, 0x20, 0x3, 0xc2, 0x1, 0xff, 0x19, 0x94,
    0x3, 0xf1, 0x80, 0x7f, 0x76, 0x26, 0x98, 0x6,
    0x70, 0x10, 0x0, 0x8e, 0x30, 0xc, 0xe5, 0xa4,
    0x1, 0x8, 0x4, 0x5d, 0xdb, 0x40, 0x31, 0xc8,
    0xf8, 0x7, 0xe5, 0x5c, 0x80, 0x1c, 0xca, 0x52,
    0x0, 0x31, 0x0, 0x15, 0x57, 0x0, 0x7a, 0xc5,
    0x8c, 0x4, 0xc0, 0x3f, 0xf8, 0x43, 0x68, 0x22,
    0x1, 0x0, 0xff, 0xe1, 0xad, 0x91, 0x83, 0x0,
    0x7f, 0xf1, 0x98, 0x8, 0x3, 0xff, 0x8c, 0x61,
    0xc0, 0x3, 0x0, 0xc6, 0x1, 0xfe, 0xa0, 0x50,
    0x0, 0xff, 0xed, 0x1, 0x0, 0x8f, 0x73, 0x1c,
    0x44, 0x30, 0x94, 0x4f, 0xb8, 0x2, 0x31, 0x33,
    0x9, 0xf8, 0x1, 0xee, 0xfe, 0x40, 0xd, 0x9f,
    0xf6, 0x10, 0x0,

    /* U+76AE "皮" */
    0x0, 0xff, 0x89, 0x40, 0x3f, 0xf9, 0x33, 0x44,
    0x1, 0xff, 0xc8, 0x70, 0x10, 0xf, 0xfe, 0xbb,
    0xff, 0xfc, 0x61, 0x9f, 0xee, 0xe6, 0xeb, 0x10,
    0x3, 0x68, 0x9, 0x17, 0x0, 0x8, 0xa3, 0x30,
    0x11, 0x98, 0x3, 0xdb, 0xbe, 0x30, 0xed, 0xde,
    0x0, 0x28, 0x7, 0xff, 0x1d, 0xc1, 0x8, 0x3,
    0xff, 0x8f, 0x81, 0x0, 0x1f, 0x38, 0x7, 0xf0,
    0x8d, 0x5c, 0x60, 0x1f, 0x5f, 0xff, 0x18, 0x67,
    0xf7, 0x6c, 0x0, 0xf0, 0x81, 0x18, 0x0, 0xcf,
    0xf0, 0x81, 0x0, 0x79, 0xc3, 0xf1, 0x42, 0x73,
    0x3e, 0x50, 0x50, 0xf, 0x8, 0x10, 0x40, 0x58,
    0x80, 0x72, 0xa0, 0x48, 0x7, 0x88, 0x2, 0x28,
    0x1a, 0x0, 0xc5, 0x60, 0xa6, 0x1, 0xc2, 0x4,
    0x1, 0x39, 0xa4, 0x80, 0xb, 0x4, 0x56, 0x1,
    0xe5, 0x4, 0x0, 0xda, 0x4d, 0x4b, 0xa2, 0x1a,
    0x20, 0x1e, 0xc0, 0xf0, 0xc, 0x38, 0x4b, 0x40,
    0x38, 0x60, 0x1f, 0x28, 0x38, 0x7, 0x21, 0x80,
    0x52, 0x60, 0x1f, 0x29, 0x18, 0x80, 0x49, 0x94,
    0x29, 0x1, 0x14, 0x40, 0x1e, 0x80, 0x80, 0x38,
    0xeb, 0x31, 0x9b, 0x7c, 0x35, 0xdc, 0x72, 0x0,
    0x9d, 0x51, 0xb1, 0xc4, 0x1f, 0xd8, 0x0, 0x79,
    0x24, 0x71, 0xbe, 0x81, 0x54, 0x7, 0x34, 0x9f,
    0x81, 0x0, 0xe6, 0xdb, 0x61, 0x25,

    /* U+76BF "皿" */
    0x0, 0x9b, 0xbb, 0xff, 0x89, 0x0, 0x1e, 0xf1,
    0x1f, 0xfe, 0x22, 0x0, 0x78, 0xc2, 0xff, 0xd0,
    0x13, 0xfe, 0xa0, 0x7f, 0xf6, 0x80, 0x80, 0x7f,
    0xf2, 0x4c, 0x3, 0xff, 0xfe, 0x1, 0xff, 0xff,
    0x0, 0xff, 0xff, 0x80, 0x7f, 0xfe, 0x6f, 0x94,
    0x2b, 0xb9, 0x1, 0x1d, 0xcb, 0x7, 0xee, 0x78,
    0x17, 0x60, 0x1, 0x84, 0x0, 0x23, 0x0, 0x4,
    0x70, 0x0, 0x46, 0x0, 0x9, 0x0, 0x37, 0xff,
    0xff, 0x91, 0xc0,

    /* U+76D0 "盐" */
    0x0, 0xe2, 0x50, 0xf, 0x12, 0x80, 0x7f, 0xf0,
    0x22, 0x8c, 0x3, 0xa2, 0x88, 0x3, 0xff, 0x82,
    0xe0, 0x1c, 0x20, 0x20, 0x1f, 0xfd, 0x1a, 0xbb,
    0x90, 0x22, 0xed, 0x44, 0x1, 0x38, 0x80, 0x71,
    0x2a, 0x24, 0x20, 0x68, 0x85, 0x60, 0xa, 0xfa,
    0x0, 0x31, 0x7f, 0x74, 0x81, 0x5d, 0xcf, 0x40,
    0x9, 0xc5, 0xf5, 0x0, 0x30, 0x8e, 0x1, 0x18,
    0x3, 0xaf, 0x98, 0xae, 0x0, 0x3f, 0xf8, 0xd3,
    0x40, 0xec, 0x1, 0xf0, 0x9a, 0xba, 0x80, 0x79,
    0x75, 0x98, 0x4a, 0xf3, 0x68, 0x15, 0x95, 0x1c,
    0x1, 0xf1, 0x48, 0x4d, 0x43, 0x21, 0xa3, 0x45,
    0x65, 0x80, 0x7f, 0xa6, 0x57, 0xdf, 0xb7, 0x2e,
    0xa6, 0x0, 0xc3, 0x20, 0xf, 0x13, 0x21, 0x91,
    0x7f, 0x2f, 0x19, 0x14, 0x1, 0xd9, 0xbb, 0xff,
    0xc4, 0xa0, 0xc, 0x40, 0xab, 0x10, 0x22, 0xa9,
    0x0, 0xd5, 0x48, 0xc, 0x1, 0xea, 0xa9, 0x42,
    0x2a, 0x9e, 0x17, 0x55, 0x0, 0x7f, 0xfe, 0x9a,
    0xc4, 0x2e, 0xe5, 0xf, 0xbb, 0x40, 0x55, 0xda,
    0x80, 0xa8, 0xf1, 0x0, 0x8, 0x91, 0x1, 0xa2,
    0xc, 0x9, 0x12, 0x1, 0x56,

    /* U+76D6 "盖" */
    0x0, 0xe2, 0x50, 0xf, 0xca, 0x80, 0x1f, 0xeb,
    0xa8, 0x0, 0xf2, 0x54, 0x0, 0x7f, 0xac, 0x1c,
    0x3, 0xd0, 0x10, 0x1, 0xe1, 0x78, 0x85, 0x10,
    0x44, 0x74, 0x98, 0xe4, 0x41, 0xc0, 0x25, 0x87,
    0x78, 0x81, 0xdf, 0x98, 0x5, 0xde, 0x83, 0x0,
    0x27, 0xff, 0xe0, 0x7, 0xff, 0xe3, 0x0, 0xff,
    0xe6, 0x8f, 0x7f, 0xf8, 0x1, 0xff, 0xee, 0x20,
    0xc, 0x2c, 0xdf, 0x0, 0x19, 0xbe, 0x20, 0xe,
    0x89, 0x9f, 0x0, 0x26, 0x7d, 0x0, 0x1f, 0xfc,
    0xd3, 0xff, 0xfe, 0x0, 0x7f, 0xff, 0x21, 0x3b,
    0xff, 0xf2, 0x14, 0x62, 0x3f, 0xf9, 0x2, 0x0,
    0x2e, 0xff, 0xff, 0xe1, 0x72, 0x0, 0x66, 0x11,
    0x22, 0x8, 0x9, 0x10, 0x40, 0x48, 0x81, 0x11,
    0x80, 0x61, 0x9, 0xbb, 0x40, 0x5d, 0xe0, 0x8b,
    0xb4, 0x0, 0x7f, 0xfe, 0x9e, 0xe4, 0x2a, 0xed,
    0x21, 0x77, 0x82, 0x6e, 0xe0, 0xab, 0x7c, 0x43,
    0x2, 0x44, 0x18, 0x12, 0x20, 0x80, 0xd1, 0x4,
    0x4, 0x98,

    /* U+76D8 "盘" */
    0x0, 0xff, 0x3a, 0x0, 0x7f, 0xf1, 0xd6, 0x20,
    0x1, 0xff, 0xc2, 0x59, 0xaa, 0xa0, 0x1, 0x55,
    0xd2, 0x40, 0x1f, 0x5b, 0x2a, 0xc4, 0x6, 0xab,
    0xcd, 0x40, 0x1f, 0xdf, 0xee, 0x5a, 0xff, 0xea,
    0x0, 0xff, 0xe0, 0x88, 0x55, 0x88, 0x7, 0xff,
    0x1a, 0xad, 0x60, 0x3, 0xf9, 0x6a, 0xa1, 0xa,
    0xad, 0xc4, 0xb5, 0x54, 0x82, 0xd5, 0x1b, 0x15,
    0x60, 0x2, 0xaf, 0x19, 0x95, 0x63, 0x2, 0x55,
    0x54, 0xff, 0xa8, 0x17, 0xfd, 0xd1, 0xdf, 0xfd,
    0x40, 0xdf, 0xec, 0x0, 0xb8, 0x3c, 0x0, 0xb1,
    0xea, 0x1, 0xe1, 0x0, 0xe5, 0x41, 0x50, 0x2,
    0x61, 0xd5, 0x0, 0x3f, 0xcd, 0x41, 0x40, 0x18,
    0xf6, 0x30, 0x37, 0xa8, 0x38, 0x3, 0x60, 0x52,
    0x0, 0x79, 0xd8, 0x21, 0x16, 0x18, 0x3, 0x57,
    0x6d, 0x57, 0xfb, 0xc0, 0x1b, 0x0, 0x1c, 0x4e,
    0xab, 0xff, 0xc2, 0x73, 0x0, 0xf2, 0xff, 0xa8,
    0x23, 0xfc, 0xe1, 0x7f, 0xe4, 0x0, 0xfc, 0x60,
    0x1f, 0xfc, 0x1, 0x0, 0xff, 0xf2, 0x3d, 0xf8,
    0x3d, 0xda, 0x42, 0xae, 0xca, 0x11, 0x76, 0x40,
    0xfb, 0x7c, 0x43, 0x1, 0x44, 0x18, 0x12, 0x20,
    0x80, 0xd1, 0x2, 0x6, 0x98,

    /* U+76F4 "直" */
    0x0, 0xff, 0x32, 0x0, 0x7f, 0xf1, 0xca, 0x64,
    0x1, 0xff, 0x44, 0xcf, 0xe0, 0x39, 0x9f, 0xd0,
    0x2, 0xec, 0xdf, 0x20, 0xb, 0x37, 0xe7, 0x11,
    0x76, 0xef, 0xca, 0x13, 0xbb, 0xfb, 0x84, 0x4,
    0x8b, 0xe6, 0x4, 0x22, 0xfc, 0x20, 0x18, 0xfb,
    0xff, 0x18, 0x6f, 0xff, 0x98, 0x3, 0xc8, 0x24,
    0x89, 0xfe, 0x30, 0xc0, 0xf, 0xd7, 0x7f, 0xf4,
    0x0, 0x7f, 0xb1, 0xdf, 0xfd, 0xc0, 0x1f, 0xe5,
    0x88, 0xff, 0x28, 0x7, 0xfa, 0x7f, 0xff, 0xd4,
    0x1, 0xff, 0xc9, 0x10, 0xf, 0xf4, 0xff, 0xff,
    0xac, 0x3, 0xfc, 0x8e, 0xff, 0xe5, 0x0, 0xff,
    0x6c, 0x47, 0xfb, 0x80, 0x3f, 0xdb, 0x33, 0xfe,
    0xe0, 0xf, 0xf2, 0x33, 0x7f, 0x94, 0x3, 0xfd,
    0x3f, 0xff, 0xeb, 0x0, 0xff, 0xe4, 0x88, 0x7,
    0x5f, 0xfa, 0x2, 0x7f, 0xff, 0xd4, 0xb, 0xfe,
    0xbc, 0x33, 0xff, 0xe4, 0x60,

    /* U+76F8 "相" */
    0x0, 0xff, 0xe8, 0x5e, 0x0, 0x7f, 0xf2, 0x54,
    0xc0, 0x34, 0x7f, 0xff, 0x70, 0x7, 0xff, 0x0,
    0xc0, 0x8c, 0xfc, 0x2, 0x20, 0xf, 0xfe, 0xe,
    0x67, 0xc4, 0x1, 0xa, 0x24, 0x0, 0x44, 0x80,
    0x3f, 0xf8, 0x55, 0x77, 0x8, 0x5d, 0xca, 0x1,
    0xff, 0xc1, 0xf7, 0x65, 0x0, 0x33, 0x1d, 0x0,
    0x3f, 0xf8, 0x29, 0x13, 0x80, 0x9, 0x94, 0x8,
    0x3, 0x37, 0x7c, 0x40, 0x1e, 0xd0, 0x0, 0x80,
    0x71, 0x17, 0xc0, 0x1e, 0x14, 0x0, 0x68, 0x7,
    0x77, 0xff, 0x88, 0x3, 0xa4, 0x2, 0x3a, 0x0,
    0xff, 0xe2, 0xb2, 0x8, 0x3a, 0xc8, 0x7, 0xff,
    0xd, 0x87, 0x80, 0x10, 0x4c, 0x60, 0x1f, 0xfc,
    0x28, 0x15, 0x0, 0xbd, 0x4c, 0x1, 0x57, 0x7e,
    0x20, 0xa, 0x46, 0x0, 0x31, 0x50, 0x4, 0x89,
    0xf0, 0x6, 0x62, 0x60, 0xf, 0xed, 0xff, 0xf1,
    0x0, 0x4d, 0xc0, 0x1f, 0xe3, 0x0, 0xff, 0x49,
    0x80, 0x7f, 0xff, 0xc0, 0x36, 0x6e, 0xf8, 0x80,
    0x3e, 0x44, 0x0, 0x63, 0x2, 0x2f, 0x80, 0x84,

    /* U+77E5 "知" */
    0x0, 0xff, 0xe5, 0xa7, 0xa8, 0x7, 0xff, 0x1b,
    0x40, 0x40, 0x3f, 0x11, 0x7c, 0x1, 0x20, 0x28,
    0x7, 0xdb, 0xbf, 0xb0, 0x8, 0x81, 0xdf, 0xfd,
    0x20, 0x40, 0xab, 0x90, 0x8, 0x28, 0x8, 0xc0,
    0x6, 0x77, 0x80, 0x55, 0x5a, 0xc0, 0x2, 0xe1,
    0xb8, 0x0, 0xcc, 0x98, 0x3, 0xfd, 0x60, 0xe0,
    0x1f, 0xfc, 0x61, 0x14, 0x0, 0x7f, 0xf1, 0xaf,
    0x80, 0x3f, 0xf8, 0xf1, 0x99, 0x80, 0x19, 0x98,
    0x80, 0x3f, 0x8c, 0xf8, 0x0, 0x67, 0x98, 0x3,
    0xfa, 0xff, 0xec, 0x3, 0xff, 0xc8, 0x1, 0xff,
    0xc1, 0x60, 0x70, 0xf, 0xfe, 0x36, 0x2, 0x40,
    0x7, 0xff, 0x15, 0xc0, 0x5d, 0xc0, 0x1f, 0xfc,
    0x34, 0x13, 0xc1, 0x85, 0x0, 0xff, 0xe1, 0x48,
    0x49, 0x68, 0x52, 0x0, 0x7f, 0xf0, 0x20, 0x8d,
    0x40, 0xe8, 0x28, 0x2, 0x10, 0x8, 0x80, 0x27,
    0x70, 0x78, 0x4, 0xac, 0x40, 0x21, 0xdf, 0xf6,
    0x81, 0xc4, 0x2, 0xcc, 0x3, 0x4e, 0x3, 0x19,
    0xfd, 0x40, 0x58, 0x80, 0x1f, 0xa3, 0x33, 0xe7,

    /* U+77E9 "矩" */
    0x0, 0x9, 0x80, 0x7f, 0xf2, 0x77, 0x0, 0x3f,
    0xf9, 0x26, 0x20, 0x1c, 0x99, 0x9f, 0xf3, 0x0,
    0x8, 0x8, 0x47, 0x88, 0xcf, 0xfe, 0xc0, 0x3,
    0x81, 0xf7, 0x77, 0xe0, 0x16, 0xef, 0xdd, 0x40,
    0xf, 0x4, 0x30, 0x24, 0x46, 0x10, 0x9, 0x17,
    0xc2, 0x0, 0x15, 0x1b, 0x90, 0xab, 0xb2, 0x80,
    0x7f, 0xf0, 0x60, 0x18, 0x3, 0xf8, 0xf3, 0x3e,
    0x70, 0x7, 0x94, 0x80, 0x7f, 0x8c, 0xfe, 0x90,
    0x3, 0x68, 0x80, 0x7f, 0x1f, 0xff, 0x80, 0x34,
    0x5d, 0xd0, 0x15, 0x76, 0x90, 0xf, 0xfe, 0xa,
    0x26, 0x20, 0x24, 0x43, 0x98, 0x7, 0xff, 0x3,
    0x3f, 0xe6, 0xb, 0xff, 0x71, 0x80, 0x7f, 0xf1,
    0x8, 0x18, 0x3, 0xfe, 0x10, 0xf, 0xca, 0x14,
    0x1, 0xc7, 0xff, 0xdc, 0x1, 0xf1, 0x88, 0x3b,
    0x80, 0x38, 0xcf, 0xc9, 0x20, 0x1d, 0x41, 0x3,
    0x8, 0x1, 0x1e, 0x67, 0xad, 0xc0, 0x30, 0xb0,
    0x3e, 0x85, 0x90, 0x7, 0xff, 0xe, 0x81, 0xc0,
    0xe4, 0x28, 0x3, 0xff, 0x85, 0x8, 0x30, 0x0,
    0x67, 0xa3, 0x0, 0xff, 0xe0, 0x3b, 0x83, 0x40,
    0x34, 0x76, 0x81, 0xff, 0xfe, 0xe0, 0x0, 0xe1,
    0x80, 0x72, 0x19, 0xff, 0xc8, 0x0,

    /* U+7802 "砂" */
    0x0, 0xff, 0xe2, 0x10, 0x7, 0xff, 0x26, 0xf4,
    0x3, 0xe7, 0xff, 0xfb, 0x40, 0x39, 0xc0, 0x40,
    0x3c, 0x24, 0x41, 0x2, 0x29, 0x80, 0x3f, 0xf8,
    0x4d, 0xba, 0x50, 0xcd, 0xd5, 0x80, 0x7f, 0x18,
    0x7, 0xca, 0x42, 0x1, 0x8b, 0x90, 0x3, 0xe,
    0x58, 0x7, 0x18, 0xa0, 0x7, 0x20, 0x90, 0x6,
    0x14, 0x48, 0x3, 0x58, 0x68, 0x7, 0x78, 0x28,
    0x7, 0x78, 0x40, 0x6, 0x51, 0x40, 0xe, 0x50,
    0x30, 0xe, 0x42, 0x32, 0x0, 0x21, 0x4, 0xcd,
    0x2, 0x23, 0x30, 0x7, 0xd4, 0xa, 0x0, 0xf0,
    0x16, 0x69, 0xd9, 0x2, 0xc0, 0x3e, 0x60, 0xc0,
    0x44, 0x1, 0x6e, 0xa4, 0x1, 0xc0, 0xa0, 0x1f,
    0xc, 0xc8, 0x28, 0x2, 0x22, 0x80, 0x1e, 0xe4,
    0x1, 0xf2, 0x39, 0x8, 0x9c, 0x40, 0x3c, 0x90,
    0x1, 0xf2, 0xdc, 0x0, 0xc4, 0x0, 0x3f, 0xf8,
    0x90, 0x14, 0x0, 0x70, 0xf, 0xfe, 0xc, 0xb8,
    0xc9, 0x29, 0x80, 0x7f, 0xf1, 0x16, 0x20, 0xc3,
    0x60, 0x1f, 0xc2, 0x1, 0xfa, 0x9c, 0x70, 0x40,
    0x3c, 0x5f, 0xea, 0x0, 0xf2, 0xf2, 0x96, 0x10,
    0x7, 0xa5, 0x13, 0x2a, 0x80, 0xd, 0x94, 0x2d,
    0xa4, 0x1, 0xf3, 0xdd, 0xea, 0x7c, 0xf9, 0x34,
    0xd9, 0x0, 0xff, 0xe2, 0x19, 0x9f, 0x6c, 0x80,
    0x3e,

    /* U+7834 "破" */
    0x0, 0xff, 0xe1, 0x89, 0x80, 0x7e, 0x12, 0x2e,
    0x10, 0xf, 0x5e, 0x0, 0x7d, 0x5d, 0xbb, 0xdc,
    0x80, 0x1c, 0x20, 0x20, 0x1e, 0xe6, 0x50, 0x2,
    0xa9, 0x94, 0x3, 0xff, 0x84, 0x93, 0x40, 0x55,
    0x49, 0x14, 0xbb, 0xca, 0x15, 0x54, 0xb8, 0x6,
    0x30, 0x40, 0xd, 0xa8, 0x98, 0x41, 0x15, 0x4d,
    0x6, 0x1, 0x20, 0x60, 0x6, 0x30, 0xef, 0xf2,
    0x7, 0x7f, 0x90, 0xc, 0x2, 0xc0, 0x40, 0xf,
    0xfe, 0x12, 0x28, 0x6, 0x43, 0x10, 0xf, 0xfe,
    0x9, 0x7, 0x80, 0x4c, 0x5, 0x77, 0x30, 0x7,
    0xe3, 0x13, 0xc5, 0x0, 0xac, 0x5, 0x12, 0xa0,
    0xb, 0xbf, 0xc8, 0x1b, 0xdc, 0xc7, 0x0, 0x31,
    0x3, 0xff, 0x84, 0x40, 0x18, 0x51, 0x38, 0x80,
    0x40, 0x10, 0x1, 0xfe, 0x21, 0xbb, 0xe6, 0x4,
    0x0, 0xa, 0x0, 0x7c, 0x21, 0x0, 0xe0, 0x11,
    0x21, 0x90, 0x2, 0xa0, 0x3, 0xe6, 0x15, 0x29,
    0x10, 0x4, 0x4, 0x80, 0x4a, 0x20, 0x1f, 0x11,
    0x2, 0x6, 0x81, 0x14, 0xd4, 0x3, 0xfe, 0x10,
    0x60, 0x55, 0x24, 0x50, 0x70, 0x7, 0xc2, 0x1,
    0x94, 0x34, 0x1, 0x62, 0xe3, 0x24, 0x1, 0xf3,
    0x7f, 0x84, 0x5a, 0x8, 0x1, 0x18, 0x7, 0xf1,
    0x32, 0x26, 0xa7, 0x13, 0x6, 0xf2, 0x51, 0x9b,
    0x20, 0xe, 0x9b, 0xbc, 0x3, 0x2d, 0xb2, 0x15,
    0x4f, 0x44, 0x6d, 0x98, 0x7, 0xe1, 0x27, 0xc3,
    0x7f, 0x50, 0x1b, 0xb2, 0x21, 0xc0,

    /* U+786E "确" */
    0x0, 0xff, 0xe1, 0x28, 0x7, 0xf0, 0xa2, 0x7c,
    0x60, 0x14, 0xd3, 0x0, 0x7e, 0xab, 0xbf, 0xb0,
    0x80, 0xc, 0x19, 0x35, 0x22, 0x1, 0xa2, 0x20,
    0x4, 0x45, 0x24, 0xe, 0x0, 0x56, 0x56, 0x90,
    0xc, 0x6e, 0xc0, 0x6e, 0xf3, 0x0, 0xc8, 0xf7,
    0xf9, 0x2, 0x80, 0x3c, 0x40, 0xa0, 0x1d, 0x43,
    0x2, 0x6, 0x90, 0x40, 0x1e, 0x40, 0xf0, 0xd,
    0x8, 0x1f, 0x32, 0xe0, 0xe9, 0x93, 0x0, 0x6d,
    0x4, 0x0, 0x99, 0xc0, 0xc, 0xd1, 0x3, 0x35,
    0x20, 0x19, 0x0, 0x4, 0x41, 0x44, 0x0, 0x3b,
    0x9a, 0xb, 0xdc, 0x30, 0x10, 0x1, 0x8, 0x6e,
    0xdc, 0x16, 0x20, 0x22, 0x30, 0x31, 0x10, 0x7,
    0x50, 0x0, 0x88, 0x0, 0x60, 0xf, 0x8c, 0x3,
    0xe5, 0x5, 0xdd, 0x48, 0x7, 0x7f, 0xb8, 0x17,
    0xfc, 0x60, 0x12, 0x90, 0x7, 0xf9, 0xdc, 0xc0,
    0x4e, 0xe1, 0x0, 0xac, 0x3, 0xfe, 0x88, 0x81,
    0x22, 0x4, 0x1, 0x94, 0x3, 0xf0, 0x80, 0x7f,
    0xf0, 0x32, 0xc0, 0x3f, 0xdf, 0xee, 0x6, 0xff,
    0x18, 0x4, 0x42, 0x1, 0xf1, 0x81, 0x3b, 0xfc,
    0x20, 0x1e, 0x4b, 0xb8, 0x0, 0xa0, 0xb1, 0x1f,
    0x10, 0x7, 0x10, 0xa2, 0x8, 0x1b, 0x42, 0xc0,
    0x3f, 0xf8, 0x3b, 0xdd, 0xbc, 0x50, 0x4c, 0x3,
    0xff, 0x84, 0x23, 0xdc, 0x10, 0x1, 0xff, 0xc7,
    0x22, 0x23, 0x0, 0x73, 0xe6, 0xc, 0x4, 0x3,
    0xf1, 0xed, 0x80, 0x78, 0x88, 0x65, 0x20,

    /* U+788E "碎" */
    0x0, 0xff, 0xe1, 0xa0, 0x80, 0x7e, 0x33, 0xf1,
    0x0, 0x70, 0xde, 0x80, 0x7d, 0x99, 0xf6, 0x98,
    0x6, 0x13, 0x38, 0x3, 0xd2, 0xcc, 0x0, 0x33,
    0x1c, 0xe6, 0xef, 0x8, 0x75, 0xde, 0x30, 0x59,
    0x90, 0x1c, 0xca, 0x1, 0xd1, 0x31, 0x1, 0x22,
    0x66, 0x0, 0x8c, 0x10, 0x3, 0x77, 0xf6, 0xff,
    0xee, 0xdf, 0xf2, 0x80, 0x48, 0x1a, 0x1, 0xeb,
    0xc0, 0xd, 0x7a, 0x1, 0xec, 0x5, 0x0, 0xf2,
    0x90, 0x6, 0x53, 0x0, 0xf2, 0x20, 0x3, 0xc6,
    0xc, 0x1, 0x20, 0x28, 0x7, 0x28, 0x2e, 0x64,
    0xc0, 0xa, 0x5, 0xa0, 0x7, 0x83, 0x30, 0x3,
    0x48, 0x9, 0x9d, 0x40, 0x2c, 0xac, 0xae, 0x68,
    0xa5, 0x2a, 0x0, 0x43, 0x8, 0xff, 0x8, 0x2,
    0xc2, 0x25, 0xcf, 0x42, 0x30, 0x68, 0x42, 0x40,
    0x3e, 0x55, 0x39, 0x4, 0x30, 0xb1, 0xe, 0x90,
    0x81, 0x10, 0x3, 0xcb, 0x70, 0x1, 0x3a, 0xc8,
    0x0, 0xf4, 0x1, 0x32, 0x0, 0xf9, 0x0, 0x37,
    0x29, 0x80, 0x79, 0x9c, 0x3, 0xc7, 0xff, 0xc8,
    0x19, 0xff, 0xb4, 0x3, 0xf8, 0x50, 0xcf, 0x8,
    0x19, 0xf2, 0x0, 0x7f, 0x15, 0xe6, 0x65, 0xe,
    0xcc, 0xd2, 0x1, 0xa3, 0xfc, 0x20, 0x1f, 0xfc,
    0x53, 0x64, 0x4d, 0x20, 0x1f, 0xfc, 0x59, 0xbb,
    0xca, 0x1, 0xff, 0xe8, 0x31, 0x20, 0xe,

    /* U+793A "示" */
    0x0, 0xe, 0x6e, 0xff, 0xf0, 0xd4, 0x3, 0x8c,
    0x8b, 0xff, 0x87, 0xa0, 0x18, 0x7f, 0xff, 0xf8,
    0x90, 0x1, 0xff, 0xf8, 0x3f, 0xff, 0xfe, 0x44,
    0x89, 0x91, 0x7e, 0x0, 0x11, 0x7f, 0x71, 0x66,
    0xef, 0xe1, 0xc, 0xdd, 0xfc, 0xe0, 0x1f, 0xfc,
    0xe3, 0x70, 0xf, 0xf1, 0xb8, 0x7, 0xed, 0x84,
    0x0, 0xfe, 0x98, 0x90, 0xf, 0x28, 0x89, 0x0,
    0x3f, 0xac, 0x59, 0x40, 0x3a, 0xc2, 0x40, 0x3f,
    0xc3, 0x1, 0x60, 0x1a, 0x44, 0x4e, 0x1, 0xff,
    0x31, 0x8c, 0x80, 0x15, 0x82, 0x80, 0x3f, 0xf8,
    0x3e, 0xc, 0x47, 0x40, 0xe8, 0x1, 0xff, 0xc1,
    0x35, 0xb, 0x90, 0x58, 0x0, 0xff, 0xe1, 0xc8,
    0x1d, 0x65, 0x0, 0x7f, 0xf1, 0xf, 0xa8, 0xc,
    0x3, 0xff, 0x8c, 0x20, 0x1f, 0xf2, 0x90, 0x80,
    0x7f, 0x0,

    /* U+7981 "禁" */
    0x0, 0xe5, 0x10, 0xf, 0xc6, 0x80, 0x1f, 0xc5,
    0x50, 0x1, 0xfb, 0xa8, 0x3, 0xf8, 0x40, 0x3f,
    0xc6, 0x20, 0x1e, 0xef, 0xf6, 0x3, 0x7f, 0xb0,
    0x3b, 0xfe, 0x10, 0xff, 0xc4, 0x12, 0xcc, 0x0,
    0x91, 0x68, 0x25, 0x98, 0x20, 0x12, 0xb3, 0x90,
    0x3c, 0xf8, 0x4, 0x36, 0xc0, 0xf3, 0xa2, 0x1,
    0x34, 0x40, 0x2, 0x39, 0x10, 0x25, 0xf4, 0x0,
    0x1d, 0x90, 0x84, 0x9e, 0x8, 0x0, 0xb4, 0x2c,
    0x13, 0x2, 0xc0, 0xf4, 0x3c, 0x0, 0xd2, 0x58,
    0x29, 0x83, 0x6c, 0x0, 0x3f, 0xd6, 0xc1, 0xb2,
    0x0, 0x9a, 0xa, 0x38, 0x69, 0x0, 0x30, 0x97,
    0x96, 0x20, 0x18, 0x4, 0xee, 0xda, 0xe5, 0x3,
    0x7a, 0x0, 0xa7, 0x4c, 0x1, 0x12, 0x1, 0x42,
    0x0, 0x82, 0x51, 0x4d, 0x57, 0xef, 0xca, 0x80,
    0xf, 0x62, 0xaf, 0xff, 0x9, 0x0, 0x3d, 0x1f,
    0xff, 0xfc, 0x2c, 0x0, 0xe1, 0x1f, 0xfe, 0x30,
    0x0, 0x7f, 0xbb, 0xff, 0x8d, 0xf0, 0x2c, 0xab,
    0xf8, 0x0, 0xab, 0xf9, 0xac, 0x26, 0xaa, 0x8f,
    0xaa, 0x80, 0x15, 0x56, 0x45, 0x55, 0x26, 0x1,
    0x8b, 0x28, 0x80, 0x3c, 0x93, 0xae, 0x1, 0xf1,
    0xe0, 0xd1, 0x0, 0x79, 0x30, 0xa3, 0x4, 0x3,
    0x4e, 0xc, 0xa8, 0x7, 0xe3, 0xd5, 0x3f, 0x20,
    0x9, 0x17, 0x58, 0x3, 0xfe, 0xa8, 0x31, 0x0,
    0xb6, 0x88, 0x3, 0x8c, 0xc0, 0x1e, 0x7d, 0x30,

    /* U+79BD "禽" */
    0x0, 0xff, 0x88, 0x3, 0xff, 0x8e, 0x7d, 0xae,
    0x1, 0xff, 0xc5, 0x8c, 0x11, 0x45, 0x10, 0x7,
    0xff, 0x0, 0x5f, 0x9c, 0xb3, 0x9d, 0x76, 0xd0,
    0x3, 0xf1, 0xcf, 0x40, 0x4f, 0x71, 0x23, 0x59,
    0x2f, 0x60, 0x80, 0x28, 0xdc, 0x62, 0x9e, 0x62,
    0x25, 0x1, 0x4f, 0x39, 0xbe, 0xf3, 0xb, 0x1b,
    0xe2, 0xcf, 0xfb, 0x80, 0x7f, 0xee, 0x1e, 0xb6,
    0x1, 0x17, 0x72, 0x2, 0xe2, 0x3e, 0x43, 0x8d,
    0x34, 0x9e, 0x70, 0x8, 0xb1, 0x5e, 0xeb, 0x8d,
    0xb9, 0x2d, 0xcb, 0x14, 0x3, 0xc2, 0x2, 0x1d,
    0x4f, 0x7c, 0xd4, 0xe0, 0x20, 0x60, 0x1f, 0xc2,
    0xb6, 0x26, 0xc1, 0x54, 0x0, 0xff, 0xe0, 0xb5,
    0x26, 0x62, 0x7e, 0x4, 0x40, 0x1f, 0xf4, 0x40,
    0x9f, 0x3f, 0xe8, 0x4e, 0x80, 0x30, 0xf, 0x1c,
    0xbb, 0xe4, 0x4, 0x77, 0xe8, 0x50, 0xf, 0x9a,
    0x23, 0x0, 0x26, 0x23, 0x9c, 0x3, 0xd7, 0xff,
    0xe4, 0xd, 0xff, 0xfb, 0x40, 0x33, 0x3, 0x36,
    0x20, 0x56, 0x60, 0xab, 0x34, 0x4, 0x1, 0x8c,
    0x26, 0x68, 0x22, 0x54, 0xc8, 0x45, 0x33, 0x8,
    0x7, 0xfa, 0x1, 0x1a, 0x24, 0x51, 0xc0, 0x3f,
    0xe5, 0xf6, 0x6, 0x97, 0x45, 0x38, 0x30, 0xf,
    0xf2, 0x3c, 0x56, 0x77, 0xed, 0xe8, 0x50, 0x7,
    0xf8, 0x61, 0xd4, 0xc4, 0x2, 0x12, 0x24, 0x88,
    0x7, 0x11, 0x0, 0x3f, 0xe5, 0x46, 0x29, 0x0,
    0xd9, 0xa0, 0x1f, 0xf4, 0x7f, 0xb5, 0x80, 0x0,

    /* U+79CD "种" */
    0x0, 0xf2, 0x57, 0x20, 0x7, 0xe, 0xc0, 0x7,
    0x85, 0xeb, 0x7e, 0xd4, 0xc4, 0x3, 0x8c, 0x8c,
    0x3, 0xd1, 0x5, 0x0, 0xe, 0xe9, 0x40, 0x3f,
    0xf8, 0x53, 0xbf, 0xa0, 0x64, 0x1, 0xff, 0xc5,
    0x20, 0xf, 0xcc, 0xef, 0x50, 0x33, 0xbe, 0x20,
    0xf, 0xf3, 0x4c, 0x44, 0xe0, 0x51, 0x1a, 0x41,
    0xf3, 0x20, 0x2c, 0xc3, 0x88, 0x24, 0xc9, 0xc0,
    0xa6, 0x4e, 0xe, 0x18, 0x67, 0x0, 0xc, 0xd8,
    0x0, 0xc6, 0x65, 0x3, 0x35, 0x40, 0x15, 0xff,
    0x9c, 0x7, 0xbe, 0xc0, 0x3f, 0xf8, 0xac, 0x3,
    0x40, 0x1f, 0xfc, 0x65, 0x10, 0x2, 0x40, 0x7,
    0xff, 0x16, 0x8, 0x9, 0x5d, 0x40, 0x3f, 0xf8,
    0x6a, 0x56, 0x0, 0xb0, 0x90, 0x4, 0x7f, 0xb4,
    0x13, 0xfd, 0xa0, 0xe0, 0xb, 0x17, 0x0, 0xd,
    0x7a, 0x19, 0x16, 0x0, 0x11, 0x6d, 0xa, 0x18,
    0x10, 0x9, 0x4c, 0xd9, 0xbb, 0x78, 0x26, 0xee,
    0x62, 0x53, 0x60, 0xf, 0xfe, 0x39, 0x27, 0x0,
    0x7f, 0xf2, 0x6c, 0x80, 0x3f, 0xff, 0xe0, 0x1f,
    0xfc, 0x72, 0x70, 0xf, 0xc4, 0x26, 0x1, 0xc0,

    /* U+79D2 "秒" */
    0x0, 0xff, 0xe1, 0x88, 0x80, 0x3f, 0xf8, 0x7,
    0x1a, 0xc0, 0x1d, 0x98, 0x0, 0xf8, 0x56, 0x2f,
    0xf1, 0xcc, 0x40, 0x38, 0xc8, 0x3, 0xe7, 0xa7,
    0x50, 0x6, 0x73, 0x80, 0x7f, 0xf0, 0x9b, 0x7b,
    0x80, 0x3, 0x0, 0xc4, 0x1, 0xe7, 0x10, 0xc,
    0x42, 0x1, 0xf2, 0x6a, 0x80, 0x61, 0x8a, 0x0,
    0xff, 0xe0, 0x98, 0x8, 0x6, 0x15, 0x44, 0x0,
    0x1e, 0xee, 0x0, 0x5d, 0xa8, 0x74, 0x14, 0x3,
    0xa4, 0x20, 0x1, 0x68, 0x90, 0x1, 0x10, 0xa6,
    0x82, 0x20, 0xe, 0x33, 0x88, 0x33, 0xb9, 0x20,
    0xd, 0xef, 0x1, 0x40, 0xf, 0xa8, 0x28, 0x0,
    0x22, 0xa0, 0x7, 0x8, 0x50, 0x78, 0x7, 0xce,
    0x4, 0x1, 0x19, 0x80, 0x7, 0x20, 0x80, 0xa0,
    0x1f, 0xe, 0xd0, 0x5, 0x2, 0x0, 0x76, 0x67,
    0x58, 0x7, 0xe8, 0x0, 0xc6, 0x8c, 0x0, 0x81,
    0xa2, 0x40, 0xf, 0xa1, 0xd4, 0x2, 0xf0, 0x90,
    0xb, 0x7c, 0x3, 0xf9, 0x81, 0x40, 0xe, 0x6e,
    0x20, 0x11, 0x98, 0x3, 0xa2, 0x1, 0x22, 0xc4,
    0x0, 0x81, 0x90, 0xf, 0xf9, 0x9d, 0x98, 0x30,
    0x1, 0x2d, 0x8, 0x7, 0xff, 0x1, 0xe4, 0x34,
    0x40, 0x2a, 0x40, 0xf, 0xf8, 0x6a, 0x2, 0xcc,
    0x3, 0xff, 0x88, 0xfe, 0xa3, 0x88, 0x1, 0xff,
    0xc2, 0x49, 0xe8, 0x15, 0xf3, 0x0, 0xff, 0xe1,
    0x75, 0xb0, 0xa6, 0x50, 0x80, 0x7f, 0xc6, 0x60,
    0x4, 0xa4, 0x6d, 0x98, 0x7, 0xe0,

    /* U+79FB "移" */
    0x0, 0xff, 0xe1, 0xaa, 0x80, 0x3f, 0xe1, 0x5a,
    0xd4, 0x0, 0xcb, 0x5c, 0x1, 0xf1, 0xc5, 0x6f,
    0x52, 0xb0, 0x6, 0x3a, 0x1, 0x99, 0xa0, 0x80,
    0x14, 0xe8, 0xc0, 0xf, 0xb4, 0x0, 0x1e, 0x80,
    0x15, 0x9a, 0x7b, 0x0, 0x4f, 0xf5, 0x88, 0x7,
    0x36, 0xd, 0xf7, 0x61, 0xa, 0x0, 0xff, 0xd,
    0xc8, 0x3, 0x44, 0x68, 0x14, 0x30, 0xf, 0xf2,
    0xa2, 0x35, 0x5b, 0x5, 0x98, 0x34, 0x1, 0x36,
    0x64, 0x21, 0x99, 0x7d, 0x95, 0x39, 0xfc, 0x86,
    0x88, 0x5, 0x86, 0x70, 0x0, 0xcc, 0x80, 0x1a,
    0x44, 0x41, 0x66, 0x1, 0xab, 0xfd, 0x20, 0xf,
    0xf6, 0x0, 0x4d, 0xe2, 0x2b, 0x40, 0xf, 0xd4,
    0x1, 0xc7, 0x3d, 0x22, 0xc7, 0x62, 0x1, 0xf1,
    0x98, 0x1, 0xa2, 0x18, 0xc2, 0xba, 0x4, 0xa2,
    0x30, 0x7, 0x40, 0x4, 0x58, 0x39, 0x5d, 0x56,
    0xc0, 0xbf, 0xdc, 0xfa, 0x0, 0x22, 0x18, 0x42,
    0x8b, 0x4d, 0x42, 0xd8, 0x95, 0x71, 0x0, 0x80,
    0x20, 0x2c, 0x0, 0xb0, 0xa0, 0xbe, 0x85, 0xb5,
    0x58, 0xc3, 0xc1, 0xcd, 0x88, 0x2, 0x79, 0xca,
    0x2, 0x26, 0x10, 0x2, 0x84, 0x90, 0x20, 0x60,
    0x3, 0xca, 0xff, 0xac, 0x7a, 0x92, 0xa1, 0xc0,
    0x5, 0xa1, 0x0, 0xf4, 0xc0, 0x84, 0xc8, 0x2d,
    0x82, 0xc, 0x1, 0x48, 0x1, 0xff, 0xc0, 0x41,
    0x0, 0x33, 0x80, 0x7f, 0xf1, 0x23, 0x44, 0x22,
    0x40, 0x3f, 0xf8, 0x49, 0x3e, 0xe0, 0x78, 0xe0,
    0x1f, 0xfc, 0x15, 0xfb, 0x60, 0x3a, 0xc3, 0x0,
    0xff, 0x29, 0x80, 0x1c, 0xd2, 0x37, 0x14, 0x3,
    0xe0,

    /* U+7A0B "程" */
    0x0, 0xf1, 0xce, 0xa0, 0x7, 0xff, 0xc, 0x56,
    0x2f, 0xf1, 0x88, 0xc7, 0xff, 0xfd, 0x40, 0x15,
    0xd3, 0xa0, 0x2, 0xbd, 0xc8, 0x5, 0x57, 0xc8,
    0xc, 0x1, 0x5d, 0x5f, 0x8, 0x28, 0x6, 0x7a,
    0xaf, 0x80, 0x40, 0x21, 0x54, 0x10, 0xf, 0xff,
    0x2, 0x44, 0xc8, 0x42, 0x64, 0xa0, 0x3, 0x0,
    0xf1, 0x80, 0x77, 0xbb, 0x30, 0x0, 0xcc, 0x80,
    0x2, 0xff, 0xfb, 0x40, 0x40, 0x2a, 0xcc, 0x40,
    0x3, 0x32, 0x37, 0x55, 0xfe, 0x90, 0x8, 0x4c,
    0xd8, 0x1, 0x18, 0x84, 0x55, 0x75, 0xf1, 0x8,
    0x80, 0x38, 0x90, 0x1, 0x86, 0x6, 0xf1, 0x37,
    0x9d, 0xcb, 0x74, 0xf0, 0xe, 0x81, 0x10, 0xe,
    0x94, 0xc3, 0xb3, 0xc, 0x5a, 0x73, 0xec, 0x3,
    0x1a, 0xb0, 0x2, 0x87, 0xeb, 0xbf, 0xda, 0x41,
    0xc, 0x60, 0x1e, 0xf0, 0x90, 0x2, 0x42, 0x0,
    0x80, 0x7f, 0xf0, 0x5c, 0xdc, 0x40, 0x27, 0x92,
    0x9a, 0xa8, 0x82, 0xea, 0xa8, 0x0, 0xa0, 0x60,
    0x3, 0xce, 0xca, 0xb0, 0x1, 0x57, 0x30, 0x4,
    0xb4, 0x1, 0xf2, 0xff, 0xe2, 0xe, 0xff, 0xb8,
    0x2, 0xa4, 0x0, 0xff, 0xf5, 0x35, 0xdf, 0x10,
    0x55, 0xde, 0x90, 0xf, 0xf7, 0xa2, 0x70, 0x1,
    0x13, 0xc0, 0x1e, 0x53, 0x0, 0x4f, 0xff, 0xff,
    0x3, 0x40,

    /* U+7A7A "空" */
    0x0, 0xfe, 0x26, 0x0, 0xff, 0xe4, 0x44, 0xc0,
    0x7, 0xff, 0x1e, 0x41, 0xc4, 0x3, 0xfd, 0x37,
    0x7f, 0x40, 0x3, 0x2e, 0xfe, 0x90, 0x26, 0x44,
    0xfc, 0x0, 0x24, 0x4f, 0x98, 0x40, 0x7, 0xff,
    0xa8, 0x13, 0xfd, 0x40, 0xdf, 0xf8, 0x40, 0x33,
    0x80, 0x62, 0x3, 0x0, 0xfe, 0x30, 0xf, 0xeb,
    0xc, 0x0, 0xfe, 0x10, 0x12, 0x3c, 0x0, 0x98,
    0xc5, 0x0, 0x3f, 0xb3, 0x80, 0x18, 0xe0, 0x31,
    0x21, 0x40, 0x10, 0x81, 0x8, 0x88, 0x86, 0x60,
    0x0, 0xbd, 0xf3, 0x85, 0x20, 0x4, 0xa0, 0x9d,
    0xcd, 0xd6, 0x6b, 0x3, 0xc2, 0x13, 0xf2, 0x80,
    0x61, 0xc6, 0x55, 0x33, 0x1d, 0xc8, 0xd, 0xbd,
    0xb0, 0x20, 0x1e, 0x39, 0xaa, 0x4c, 0xa2, 0x4,
    0x0, 0x28, 0xcc, 0xff, 0xe1, 0x48, 0x7, 0x9c,
    0xcf, 0xff, 0x84, 0xe0, 0x1e, 0xef, 0xff, 0x8,
    0x77, 0xff, 0x70, 0x7, 0xff, 0xfc, 0x3, 0xff,
    0x8b, 0x9b, 0xbf, 0x84, 0x33, 0x77, 0xec, 0x11,
    0x11, 0x7f, 0x0, 0x8, 0xbf, 0x19, 0x80,

    /* U+7ACB "立" */
    0x0, 0xff, 0x20, 0x7, 0xff, 0x21, 0xed, 0xc0,
    0x3f, 0xf8, 0xe6, 0x16, 0x1, 0xff, 0xc7, 0x40,
    0x31, 0x0, 0xff, 0xe3, 0xcb, 0x8, 0x7, 0xf9,
    0xbb, 0xff, 0xe9, 0x6f, 0xff, 0xba, 0x40, 0x21,
    0x0, 0xff, 0xe2, 0x8, 0x4, 0xdf, 0xff, 0xfc,
    0x69, 0x0, 0xf2, 0x98, 0x7, 0xe3, 0x71, 0x0,
    0xfe, 0xad, 0x0, 0xfd, 0x10, 0x70, 0xf, 0xe2,
    0x13, 0x0, 0xf9, 0x1, 0x40, 0x3f, 0x94, 0x10,
    0x3, 0xc6, 0x2, 0x60, 0x1f, 0xd8, 0x16, 0x1,
    0xeb, 0x7, 0x0, 0xff, 0x20, 0x18, 0x7, 0x94,
    0x34, 0x3, 0xfe, 0x30, 0x30, 0xc, 0x24, 0x8,
    0x1, 0xff, 0x28, 0x20, 0x6, 0x70, 0x50, 0xf,
    0xfe, 0x7, 0x86, 0x80, 0x6a, 0xf, 0x0, 0xff,
    0xe0, 0x28, 0x38, 0x4, 0x26, 0xa, 0x1, 0xff,
    0xc0, 0x37, 0x90, 0x9, 0x81, 0x80, 0x3f, 0x9,
    0x17, 0x53, 0x11, 0x54, 0x18, 0x45, 0xc2, 0x11,
    0xdb, 0xbf, 0xe2, 0xa, 0xdd, 0xee, 0xad, 0x33,
    0xff, 0xe4, 0x60,

    /* U+7AE5 "童" */
    0x0, 0xff, 0x31, 0x80, 0x7f, 0xf2, 0x27, 0x44,
    0x3, 0xfe, 0x9a, 0xaf, 0x84, 0x5b, 0x55, 0xe9,
    0x10, 0x0, 0xba, 0xaf, 0xc2, 0x6, 0xab, 0xe7,
    0x30, 0x0, 0xf7, 0xfa, 0x46, 0xff, 0xfd, 0x43,
    0x5f, 0xee, 0x20, 0xf, 0x28, 0xc8, 0x7, 0xac,
    0x5c, 0x3, 0x96, 0xab, 0x48, 0x15, 0x57, 0x60,
    0x8a, 0x2a, 0xb2, 0xe2, 0xaf, 0x0, 0x15, 0x78,
    0xc0, 0x55, 0x7b, 0x27, 0xff, 0xff, 0x91, 0x20,
    0x17, 0x7f, 0xff, 0xf0, 0xb8, 0x40, 0x31, 0x9,
    0x55, 0x70, 0x2, 0xab, 0x88, 0x48, 0x3, 0xcc,
    0x89, 0xc0, 0x4, 0x4e, 0x60, 0xf, 0xc9, 0xdd,
    0xc0, 0xe, 0xee, 0x40, 0xf, 0xc9, 0xbb, 0xc0,
    0xd, 0xde, 0x40, 0xf, 0xce, 0x23, 0xc0, 0x1,
    0x1e, 0x70, 0xf, 0x18, 0x1e, 0x67, 0x0, 0x33,
    0x38, 0xc0, 0x80, 0x30, 0xff, 0x77, 0x80, 0x1d,
    0xde, 0xf1, 0x0, 0xcc, 0xec, 0xde, 0x0, 0x33,
    0x79, 0xd8, 0x3, 0x4c, 0x47, 0xc0, 0x8, 0x8f,
    0xa4, 0x40, 0x2f, 0xff, 0xc0, 0xf, 0xff, 0xc2,
    0xb, 0x33, 0xfc, 0x0, 0x99, 0xfe, 0x5e, 0x66,
    0xfe, 0x0, 0x33, 0x7f, 0x70,

    /* U+7B2C "第" */
    0x0, 0xc6, 0x1, 0xf8, 0x4c, 0x3, 0xfd, 0x78,
    0x20, 0x1f, 0x66, 0x0, 0x3f, 0x91, 0x1, 0x13,
    0x39, 0x81, 0x48, 0x66, 0x7c, 0xa0, 0x9, 0x0,
    0x33, 0x76, 0x8d, 0x80, 0xb3, 0x7b, 0xc2, 0xc9,
    0xfe, 0xb, 0xbf, 0xd7, 0x83, 0x3f, 0xa1, 0x1f,
    0xf5, 0x3a, 0x1c, 0x2, 0x96, 0x8, 0x1, 0x9d,
    0x80, 0x8e, 0x18, 0x2, 0x44, 0x68, 0x0, 0xad,
    0x80, 0x2b, 0x80, 0xb, 0x50, 0x40, 0x23, 0xb7,
    0xbb, 0xbc, 0x2a, 0xef, 0xea, 0xc, 0x50, 0xd,
    0xea, 0x89, 0xff, 0xc3, 0x90, 0xd, 0x3d, 0xff,
    0xdc, 0x5, 0xff, 0xdc, 0x2, 0x1, 0xff, 0xcf,
    0xcf, 0xfe, 0xe0, 0x2f, 0xfe, 0xe0, 0x10, 0xc,
    0x46, 0x2a, 0xbc, 0x0, 0x55, 0xfa, 0x40, 0x33,
    0x83, 0x55, 0x6b, 0x2, 0xaa, 0xf9, 0x40, 0x31,
    0x7, 0x80, 0x7f, 0xf1, 0xf8, 0x23, 0xff, 0x70,
    0x17, 0xff, 0xe7, 0x0, 0xa9, 0x95, 0x70, 0x80,
    0x4a, 0xbe, 0x20, 0xe0, 0x8, 0xe6, 0xaa, 0x31,
    0x30, 0x2a, 0xaf, 0x20, 0x78, 0x7, 0x86, 0xd8,
    0xf4, 0x3, 0xf1, 0x2, 0x80, 0x72, 0xfa, 0x2e,
    0x0, 0x78, 0x44, 0x68, 0x6, 0x1, 0x26, 0x50,
    0xc5, 0x0, 0x7a, 0x3b, 0x98, 0xe, 0x1, 0x65,
    0x99, 0xb5, 0xc0, 0x3e, 0x97, 0x56, 0x98, 0x0,
    0xa9, 0x2f, 0x8, 0x2, 0x12, 0x70, 0x0, 0xc5,
    0x4b, 0x0, 0x40,

    /* U+7B49 "等" */
    0x0, 0x85, 0x40, 0x3f, 0xa, 0x80, 0x7f, 0xb6,
    0x84, 0x3, 0xea, 0xa0, 0x80, 0x7e, 0x63, 0xa,
    0xbb, 0xce, 0x2, 0x81, 0x57, 0x7c, 0xe0, 0x30,
    0x0, 0x44, 0xec, 0x8, 0x0, 0x22, 0x7b, 0x7,
    0x6, 0x7d, 0x87, 0x7f, 0xd6, 0x8c, 0x7f, 0x81,
    0x7f, 0xf5, 0xd8, 0x95, 0x82, 0x87, 0x8, 0x1,
    0x41, 0xc0, 0x43, 0x66, 0x1, 0x44, 0x28, 0x0,
    0x76, 0x62, 0x10, 0x30, 0x40, 0x3a, 0x8, 0x1,
    0x13, 0x88, 0xe5, 0xc2, 0x17, 0x6, 0x11, 0x8b,
    0x58, 0x40, 0x2a, 0xee, 0xfc, 0x0, 0xee, 0xed,
    0xee, 0x40, 0x3, 0x99, 0xbf, 0x0, 0x19, 0xbf,
    0x58, 0x1, 0x26, 0x7f, 0x0, 0x26, 0x7f, 0x18,
    0x4, 0x73, 0x3f, 0x0, 0x26, 0x7e, 0x10, 0xc,
    0xac, 0xdf, 0x0, 0x19, 0xbc, 0xe6, 0x1, 0x9b,
    0xff, 0xff, 0x80, 0xf7, 0xfc, 0x40, 0x1f, 0xfc,
    0x42, 0x78, 0x0, 0xe7, 0xff, 0xff, 0xe0, 0xe8,
    0x1f, 0xfe, 0x53, 0x54, 0x4f, 0xfe, 0x8, 0xa,
    0x24, 0xac, 0x95, 0x76, 0x96, 0x3b, 0xbf, 0xa4,
    0xa, 0xee, 0xa3, 0x0, 0xc4, 0xcf, 0x82, 0x1,
    0xff, 0xc6, 0xb6, 0x3c, 0x10, 0xf, 0xfe, 0x34,
    0xb9, 0x38, 0x7, 0xff, 0x1e, 0x35, 0x82, 0x26,
    0x60, 0x70, 0xf, 0xfe, 0x9, 0x0, 0x4c, 0xc4,
    0x38, 0x0, 0xe0,

    /* U+7B7E "签" */
    0x0, 0x8e, 0x0, 0x3e, 0x28, 0x10, 0xf, 0xf6,
    0xb8, 0x7, 0xd2, 0xe4, 0x1, 0xfc, 0x82, 0x29,
    0x9d, 0x6, 0x64, 0xa, 0x99, 0xe8, 0x20, 0x4,
    0x0, 0xb3, 0x67, 0xae, 0x0, 0x33, 0x79, 0xd0,
    0x18, 0xd3, 0x84, 0x3b, 0xa5, 0x27, 0xee, 0x18,
    0x57, 0x74, 0xc7, 0x21, 0x23, 0x20, 0xe2, 0x24,
    0xa, 0x11, 0x78, 0x40, 0x8c, 0x12, 0x12, 0x40,
    0xc3, 0xc0, 0x8e, 0x8, 0x0, 0x37, 0x23, 0x0,
    0xaf, 0x18, 0x0, 0x3d, 0xf, 0x62, 0x73, 0x20,
    0x4, 0x79, 0x80, 0x42, 0x60, 0x18, 0xf2, 0xf,
    0xf1, 0x99, 0xca, 0x1, 0xfe, 0x3b, 0xc3, 0x7c,
    0x10, 0x9a, 0xa, 0xd6, 0x0, 0xf2, 0xe6, 0x10,
    0xee, 0x0, 0x32, 0xfb, 0x94, 0xf4, 0x18, 0x3f,
    0xd1, 0x9a, 0xde, 0xff, 0xfd, 0xc7, 0xce, 0x2f,
    0x94, 0x24, 0xd9, 0x84, 0xd6, 0x6f, 0xda, 0x31,
    0xf2, 0xb2, 0xdb, 0x26, 0x0, 0x69, 0x94, 0x6c,
    0xce, 0x60, 0x31, 0x6a, 0x30, 0x8, 0xac, 0x80,
    0x24, 0xb5, 0x0, 0xc9, 0x96, 0x1, 0xe3, 0x4f,
    0x0, 0x94, 0x6c, 0x3, 0x40, 0x70, 0x7, 0x86,
    0xa, 0x0, 0x29, 0x15, 0x0, 0x21, 0x99, 0x0,
    0x3e, 0x72, 0x70, 0x9, 0x83, 0x80, 0x10, 0x10,
    0x1, 0xfd, 0x68, 0x1, 0xc, 0x70, 0x31, 0xaa,
    0x0, 0x7f, 0x35, 0x80, 0x67, 0x51, 0x90, 0xb0,
    0xe, 0x2a, 0xbb, 0xff, 0xb0, 0x6, 0xae, 0xea,
    0x26, 0x54, 0x4f, 0xf8, 0x80, 0x51, 0x32, 0xb0,

    /* U+7B80 "简" */
    0x0, 0x89, 0xc0, 0x3f, 0x29, 0x80, 0x7f, 0x4c,
    0x10, 0x7, 0x8a, 0xac, 0x3, 0xf1, 0x20, 0x5c,
    0xce, 0x50, 0xb0, 0x39, 0x9e, 0x50, 0x4, 0x0,
    0x19, 0xbb, 0x85, 0x81, 0x19, 0xba, 0x1, 0x54,
    0x9c, 0xe0, 0xfd, 0xcb, 0xd0, 0x8e, 0x50, 0x5e,
    0xe6, 0xa5, 0xd, 0xc, 0x83, 0x80, 0xb9, 0x99,
    0xc6, 0xc1, 0x4c, 0x40, 0x45, 0x42, 0x3, 0x2a,
    0x20, 0xd1, 0xa0, 0x1, 0x92, 0x0, 0x97, 0x97,
    0xa4, 0x1a, 0x80, 0x2, 0xe2, 0x1, 0x36, 0x90,
    0x6, 0x12, 0x68, 0xd, 0xff, 0xff, 0xb8, 0x3,
    0x68, 0xb0, 0x2a, 0x27, 0xf8, 0x4, 0x40, 0x96,
    0x37, 0x21, 0x17, 0x7f, 0xe3, 0x0, 0xb5, 0xd,
    0x5c, 0xe6, 0x7e, 0x82, 0x0, 0xff, 0xa5, 0x9b,
    0xe7, 0xb0, 0xf, 0xf8, 0x43, 0x3f, 0xf6, 0x80,
    0x7f, 0xf0, 0xd5, 0x13, 0x38, 0x7, 0xff, 0xe,
    0x6e, 0xf5, 0x0, 0x7f, 0xf0, 0xeb, 0x77, 0x58,
    0x7, 0xff, 0xd, 0x88, 0xb3, 0x0, 0x7f, 0xf0,
    0x44, 0x33, 0xff, 0x68, 0x7, 0xff, 0x6, 0x59,
    0xbe, 0x7b, 0x0, 0xff, 0x8e, 0x67, 0xe8, 0x20,
    0xf, 0xfe, 0x44, 0xd5, 0x98, 0x8, 0x78, 0x90,
    0x7, 0xff, 0x1, 0x50, 0xa4, 0x0,

    /* U+7B94 "箔" */
    0x0, 0x95, 0x40, 0x1f, 0xb, 0x88, 0x7, 0xf1,
    0x55, 0x80, 0x7d, 0x30, 0xe0, 0x1f, 0xd6, 0x0,
    0xaa, 0xe5, 0x5, 0xd, 0xaa, 0xf1, 0x1, 0xb0,
    0xa, 0xaf, 0x61, 0x90, 0x22, 0xaf, 0x9c, 0x38,
    0x27, 0xef, 0x7f, 0xe9, 0x80, 0xbf, 0xbc, 0xff,
    0xcb, 0x64, 0x8c, 0x37, 0xe2, 0x0, 0x64, 0x54,
    0x9, 0xc3, 0x0, 0xe1, 0xa0, 0x17, 0x2a, 0x0,
    0x50, 0x58, 0x3, 0x83, 0x40, 0x35, 0xf8, 0x80,
    0x21, 0xf8, 0x1, 0xd6, 0x37, 0x7, 0x70, 0x1,
    0xc3, 0xba, 0x50, 0x85, 0x0, 0x12, 0x2a, 0x18,
    0x23, 0x0, 0x79, 0x4a, 0xb0, 0x81, 0xb3, 0x2b,
    0x6, 0xcc, 0xd6, 0x1, 0xa3, 0x50, 0xe8, 0x28,
    0xce, 0x10, 0x23, 0x3c, 0x86, 0x0, 0x20, 0x2b,
    0xc8, 0x0, 0xb7, 0xff, 0xe4, 0x0, 0x97, 0x6c,
    0xc0, 0xc0, 0x31, 0x80, 0x7f, 0xc8, 0x96, 0x50,
    0x7, 0xff, 0x14, 0x6e, 0xc4, 0xe0, 0x1c, 0x60,
    0x1f, 0xfc, 0x14, 0xdd, 0x0, 0x76, 0xff, 0xfc,
    0x80, 0x1f, 0x17, 0x48, 0x4, 0xab, 0xf8, 0x40,
    0x3c, 0x38, 0x3a, 0x1, 0x5d, 0x57, 0xca, 0x1,
    0xc3, 0x83, 0x8, 0x1, 0xff, 0xc4, 0x1d, 0x26,
    0x70, 0xf, 0xfe, 0x2e, 0x1a, 0xc8, 0x7, 0x6d,
    0xdf, 0xc8, 0x1, 0x85, 0x68, 0x3, 0x28, 0x1a,
    0x27, 0xc0, 0x2, 0x0, 0x65, 0x0, 0x74, 0xf7,
    0x7f, 0xbc, 0x40,

    /* U+7BA1 "管" */
    0x0, 0xc6, 0x80, 0x1f, 0x89, 0x40, 0x3f, 0xe1,
    0xca, 0x0, 0xfd, 0xf4, 0x20, 0x1f, 0xe9, 0x3,
    0xaa, 0xe6, 0x6, 0x20, 0xba, 0xae, 0x91, 0x0,
    0x1b, 0x81, 0x2a, 0xf6, 0x9c, 0x80, 0x15, 0x7c,
    0xe6, 0x3, 0xa1, 0x7e, 0x66, 0xff, 0xaf, 0x42,
    0xbf, 0x81, 0xff, 0xee, 0x20, 0xc1, 0x74, 0xb,
    0x3c, 0x0, 0x23, 0x52, 0x80, 0xa3, 0xd0, 0x7,
    0x33, 0x20, 0x0, 0xef, 0x1, 0xd9, 0xa8, 0x5,
    0x6a, 0xa1, 0x0, 0xd7, 0x91, 0x33, 0x9, 0x4d,
    0x2, 0x4c, 0xf1, 0xb4, 0x38, 0x6, 0xb7, 0x66,
    0xf8, 0x0, 0xcd, 0xfa, 0x10, 0x2, 0x10, 0xff,
    0xff, 0xe2, 0x20, 0x7, 0xe7, 0x88, 0xff, 0xe0,
    0x38, 0x8, 0x7, 0x4c, 0x14, 0x3b, 0xff, 0xf0,
    0x21, 0x39, 0x90, 0x2, 0x67, 0x10, 0x2f, 0xff,
    0xf2, 0x0, 0x12, 0x40, 0x3f, 0x8, 0x7, 0xff,
    0x2c, 0xff, 0xff, 0xc8, 0x1, 0xff, 0xc0, 0x16,
    0x6f, 0xf9, 0xd0, 0x3, 0xfc, 0x53, 0x3f, 0xf4,
    0x0, 0x7f, 0xc7, 0xff, 0xff, 0xc0, 0xe5, 0x0,
    0xfe, 0x15, 0x5f, 0xf8, 0xc7, 0x0, 0x3f, 0x8a,
    0xab, 0xfe, 0x90, 0xf, 0xfe, 0xa8, 0x81, 0xcc,
    0xff, 0xf0, 0x0, 0x3f, 0x8c, 0x41, 0x9b, 0xfe,
    0x30, 0xf0, 0x8,

    /* U+7BB1 "箱" */
    0x0, 0x8d, 0x80, 0x3f, 0x13, 0x80, 0x7f, 0xb6,
    0x40, 0x3f, 0x74, 0x10, 0x7, 0xe5, 0x11, 0x55,
    0x69, 0x50, 0x23, 0xb, 0x99, 0xe4, 0x0, 0x40,
    0xa, 0xae, 0x6f, 0xb, 0x0, 0x33, 0x7b, 0x82,
    0xa, 0x7e, 0x9f, 0xbf, 0xd4, 0x6c, 0xbd, 0xc3,
    0x5e, 0xea, 0x99, 0xd1, 0x80, 0x9f, 0x40, 0x3,
    0xa1, 0x62, 0x26, 0x58, 0x11, 0x5, 0x5, 0x0,
    0x1d, 0x8d, 0x41, 0x86, 0x44, 0x1, 0x48, 0xc6,
    0x0, 0xdd, 0x8, 0x0, 0xe7, 0x14, 0x1e, 0xd8,
    0x3, 0x5d, 0x18, 0x0, 0x48, 0x0, 0xb8, 0xc6,
    0x1, 0x76, 0x67, 0xa7, 0x1c, 0x3, 0x8c, 0x4,
    0x2, 0x25, 0x33, 0xfd, 0x40, 0xbf, 0xf4, 0x84,
    0x7f, 0xb9, 0x81, 0x3f, 0xfb, 0x80, 0xc0, 0x48,
    0xa0, 0x0, 0x91, 0x4e, 0x1, 0xf0, 0x80, 0x49,
    0xba, 0xc0, 0x3, 0x6e, 0xb0, 0x41, 0x9d, 0xfc,
    0x1, 0xe8, 0x0, 0x3b, 0x0, 0x62, 0x88, 0xf0,
    0x7, 0x13, 0x0, 0x53, 0x0, 0x12, 0x7f, 0xf7,
    0x0, 0x74, 0x82, 0x84, 0x13, 0xc0, 0x7, 0xe1,
    0x0, 0xca, 0x88, 0xc0, 0x6, 0xb, 0x0, 0x7e,
    0x10, 0x8, 0xa8, 0x24, 0x2, 0x1f, 0xc0, 0x2,
    0x7f, 0xf7, 0x0, 0x5e, 0x14, 0x40, 0x18, 0x48,
    0x0, 0x4e, 0xfe, 0x0, 0xa9, 0xd4, 0x3, 0xf9,
    0xa2, 0x3c, 0x1, 0x3c, 0x0, 0x7f, 0xf5, 0x12,
    0xab, 0xac, 0xc, 0x3, 0x94, 0x4c, 0x2, 0x21,
    0x5, 0x5e, 0x40, 0x70,

    /* U+7C73 "米" */
    0x0, 0xff, 0xea, 0x6e, 0x0, 0x7f, 0xf0, 0x15,
    0x80, 0x3c, 0x46, 0x1, 0xe9, 0x80, 0xd, 0xd3,
    0x0, 0x1f, 0xfc, 0x5, 0x67, 0x0, 0xd2, 0xe,
    0x80, 0x1f, 0xf4, 0x4, 0x0, 0x62, 0x80, 0x90,
    0xf, 0xf3, 0x11, 0x1c, 0x3, 0x9c, 0x88, 0xc0,
    0x1f, 0x86, 0x43, 0x80, 0x3e, 0xb0, 0xc0, 0xf,
    0xd6, 0xe, 0x60, 0x1f, 0x35, 0x50, 0x3, 0xf7,
    0x44, 0x0, 0x3f, 0x94, 0x2, 0x10, 0xe, 0x47,
    0x0, 0xe8, 0xff, 0xfd, 0xc0, 0xf, 0xff, 0xe5,
    0xe2, 0x2f, 0xe0, 0x1, 0x17, 0xf0, 0xb6, 0xef,
    0xf0, 0x3, 0x77, 0xf9, 0x0, 0x3c, 0x58, 0xa0,
    0x19, 0x70, 0xc0, 0x3f, 0xf8, 0x12, 0x60, 0x1c,
    0x27, 0x88, 0x1, 0xfe, 0x64, 0x35, 0x0, 0xc9,
    0x61, 0x68, 0x1, 0xf8, 0xe4, 0x38, 0x3, 0xc9,
    0x61, 0x66, 0x1, 0xe2, 0xd0, 0xa2, 0x0, 0xf9,
    0x28, 0x34, 0x80, 0x31, 0x60, 0xc2, 0x80, 0x7f,
    0x2c, 0xf, 0x88, 0x1, 0x30, 0x59, 0xc0, 0x3f,
    0xe7, 0x52, 0xd0, 0x7b, 0x16, 0x90, 0xf, 0xfe,
    0xd, 0x11, 0xb8, 0x8a, 0x64, 0x1, 0xff, 0xc3,
    0xe1, 0x26, 0xe6, 0x0, 0xf8, 0x8c, 0x3, 0xe3,
    0xe5,

    /* U+7C7B "类" */
    0x0, 0xff, 0x10, 0x80, 0x7f, 0xf0, 0x46, 0x50,
    0x3, 0x66, 0x0, 0x33, 0xd9, 0x80, 0x78, 0xda,
    0xd4, 0x2, 0x13, 0x0, 0x96, 0x14, 0x80, 0x3c,
    0x52, 0x14, 0x20, 0x1e, 0x2a, 0xd, 0x10, 0xf,
    0x99, 0x44, 0xc0, 0x3d, 0x41, 0x46, 0x1, 0xd5,
    0x77, 0xa, 0xcd, 0xd8, 0x6, 0xec, 0x66, 0xeb,
    0xba, 0x84, 0x95, 0x13, 0xf0, 0x1, 0x12, 0x34,
    0x4c, 0xa4, 0x4f, 0xee, 0xed, 0x20, 0xc, 0x33,
    0xdd, 0xde, 0x60, 0x1, 0x1c, 0x58, 0x50, 0x2,
    0xe3, 0x38, 0x82, 0x30, 0x7, 0x86, 0xb0, 0x69,
    0xc0, 0x11, 0xce, 0x55, 0xaa, 0x1, 0xc7, 0x5c,
    0xa9, 0xca, 0x1, 0x86, 0x39, 0xca, 0xb5, 0x0,
    0xfb, 0x14, 0xee, 0xc2, 0x0, 0x47, 0x0, 0x86,
    0x39, 0x4a, 0xc0, 0xd9, 0xf7, 0x10, 0x3, 0x18,
    0x80, 0x70, 0xd6, 0x50, 0x2, 0x20, 0x40, 0x1c,
    0x6e, 0x80, 0x1f, 0x1a, 0x80, 0x4, 0x8b, 0xeb,
    0x6, 0x22, 0xfe, 0x5, 0xed, 0xdf, 0x9c, 0x17,
    0x77, 0xf9, 0x51, 0x57, 0xe2, 0x1, 0x55, 0xff,
    0x38, 0xd5, 0x7b, 0x88, 0x2a, 0xb, 0xee, 0xab,
    0xc4, 0x1, 0xe8, 0xb0, 0x84, 0x76, 0xae, 0xc7,
    0x10, 0xf, 0x8a, 0x39, 0xc6, 0x9c, 0x17, 0xb1,
    0xca, 0x3b, 0x14, 0x0, 0x75, 0xda, 0xe1, 0x1e,
    0xa0, 0x18, 0xe3, 0xad, 0x4e, 0xb9, 0x9d, 0xd,
    0xab, 0x9c, 0x40, 0x3f, 0x25, 0x74, 0x0, 0x80,

    /* U+7C89 "粉" */
    0x0, 0xff, 0xe8, 0x74, 0x80, 0x7e, 0x5b, 0xb9,
    0x0, 0x32, 0x48, 0x8, 0x88, 0x6, 0xc8, 0xb,
    0x97, 0x11, 0x29, 0x0, 0xe6, 0x40, 0xc, 0xc8,
    0x20, 0xa2, 0x13, 0xfe, 0x22, 0x80, 0x24, 0xe,
    0x0, 0xd8, 0x26, 0x18, 0xe, 0x1, 0x28, 0x28,
    0x6, 0x47, 0x0, 0x85, 0x18, 0x5, 0x4, 0x80,
    0x2c, 0xc, 0x0, 0xc6, 0x46, 0x0, 0x70, 0xa0,
    0x70, 0x60, 0xc, 0x80, 0x82, 0x1, 0x54, 0x18,
    0x0, 0x9c, 0x82, 0x2, 0x80, 0x39, 0x82, 0x40,
    0x9, 0x5f, 0x0, 0xd8, 0x9, 0x22, 0xa4, 0x1,
    0xd6, 0xe, 0x41, 0xe, 0xe6, 0x2, 0x77, 0x5b,
    0xd, 0x80, 0x78, 0xa0, 0x3c, 0x3a, 0xea, 0x40,
    0xea, 0x97, 0xd, 0x57, 0x7f, 0x86, 0x80, 0x91,
    0xd0, 0x1d, 0x15, 0x1c, 0x11, 0x3f, 0x1d, 0xb8,
    0x5, 0x96, 0x0, 0xc8, 0x0, 0x47, 0xe8, 0x27,
    0xfc, 0xc0, 0x20, 0x11, 0x8f, 0x80, 0x11, 0xc4,
    0x2, 0x10, 0x20, 0xe, 0x70, 0xa, 0x81, 0x0,
    0x16, 0x10, 0x1, 0x28, 0x78, 0x4, 0x60, 0x20,
    0x13, 0xa1, 0x80, 0x9, 0x18, 0x2, 0xc0, 0x40,
    0x8, 0x40, 0xc0, 0xe, 0x3a, 0x1, 0xbc, 0x4,
    0x0, 0xa2, 0x40, 0x13, 0x0, 0x80, 0x24, 0x18,
    0x3, 0x27, 0x8, 0x30, 0x30, 0x6, 0x30, 0xe,
    0x70, 0xf, 0x8, 0x2, 0x2, 0x40, 0x21, 0x11,
    0x0, 0x55, 0x0, 0x1f, 0xa8, 0x5c, 0x40, 0x24,
    0x7, 0x0, 0x90, 0x3, 0xf5, 0xa9, 0xc0, 0x2e,
    0x5d, 0x83, 0xc0, 0x3f, 0xf8, 0xe, 0xba, 0x0,
    0x62, 0x40, 0x75, 0x0, 0xf0, 0x88, 0xc0, 0x2c,
    0xa1, 0x0, 0x1f, 0x7f, 0x40, 0x4,

    /* U+7C97 "粗" */
    0x0, 0xff, 0xe7, 0x97, 0xa8, 0x6, 0x4a, 0xbb,
    0xf5, 0x38, 0x4, 0xb6, 0xc, 0x4, 0x7, 0x83,
    0xea, 0x89, 0xe5, 0x80, 0xc, 0x84, 0x1, 0xa4,
    0xc0, 0x2b, 0xee, 0xda, 0x1, 0xc8, 0xa, 0x1,
    0x95, 0x4, 0x0, 0xc2, 0x38, 0x80, 0x38, 0x4f,
    0x0, 0x25, 0xf, 0x0, 0xff, 0xe1, 0xab, 0x0,
    0x5c, 0x48, 0x1, 0xff, 0xc3, 0x8f, 0x0, 0xa3,
    0x80, 0x35, 0xc4, 0x70, 0x7, 0x3d, 0xc7, 0x85,
    0x4c, 0xa0, 0x2, 0x67, 0x7e, 0x0, 0xea, 0x55,
    0x20, 0x12, 0xa9, 0xc0, 0x2a, 0xbb, 0xe0, 0xe,
    0xdd, 0xa4, 0x1b, 0x75, 0xc0, 0x13, 0xa2, 0x70,
    0x7, 0x88, 0x8, 0x38, 0x8, 0x40, 0x3f, 0xf8,
    0x9b, 0x81, 0xfa, 0xc0, 0x1f, 0xfc, 0x44, 0xe,
    0xf, 0x48, 0x10, 0xf, 0xfe, 0x1f, 0x9, 0x0,
    0x20, 0x60, 0x2, 0xdf, 0xfe, 0x0, 0xe1, 0x56,
    0x0, 0x8c, 0xcc, 0x20, 0x3, 0x44, 0xe0, 0xe,
    0x60, 0xb0, 0xd, 0xa, 0x20, 0xe, 0xbb, 0xe0,
    0xe, 0x82, 0x30, 0xc, 0x94, 0x1, 0xff, 0xc2,
    0x18, 0x0, 0xff, 0xe4, 0xe2, 0x80, 0x7f, 0xf2,
    0x48, 0x3, 0xeb, 0xc4, 0xf, 0xcc, 0xe0, 0x6,
    0x48, 0x7, 0xe1, 0x53, 0x0, 0x11, 0x9f, 0x0,
    0xd, 0x40, 0x32, 0x89, 0x0, 0xf7, 0xff, 0xff,
    0x3, 0x0,

    /* U+7CCA "糊" */
    0x0, 0xaa, 0x40, 0x39, 0xf4, 0x2, 0x29, 0xaa,
    0xa4, 0xcc, 0xc0, 0xea, 0xc, 0xc0, 0x6, 0x90,
    0x5, 0x4c, 0xab, 0x35, 0x2c, 0x80, 0x6b, 0xc0,
    0xf, 0x84, 0x3b, 0xfc, 0x0, 0x40, 0x40, 0x8,
    0xb0, 0x3, 0xff, 0x84, 0x42, 0x60, 0x4, 0x0,
    0x55, 0x10, 0x2a, 0x8c, 0x1, 0xf8, 0xb4, 0x1,
    0xa7, 0xea, 0xa1, 0x5, 0x55, 0x0, 0x7e, 0xaf,
    0x0, 0x7c, 0x4f, 0xf2, 0x7, 0x73, 0x0, 0x1b,
    0x20, 0x10, 0x81, 0x19, 0x9, 0x8, 0x8, 0x80,
    0x44, 0x1, 0x53, 0x30, 0x0, 0xd3, 0x2, 0x28,
    0x96, 0x0, 0xfe, 0x76, 0x90, 0x3, 0xdd, 0x9,
    0x55, 0xb8, 0x7, 0xfa, 0x7c, 0x2, 0x54, 0x31,
    0x44, 0x4, 0x5a, 0x5, 0xd0, 0x80, 0x7e, 0x8a,
    0x1, 0xe3, 0x7, 0x41, 0x4, 0x54, 0x0, 0xd0,
    0x1, 0x28, 0x0, 0x4a, 0x40, 0xd, 0xfe, 0xb0,
    0xc, 0x78, 0xe0, 0x11, 0x90, 0x1, 0x54, 0x20,
    0x1f, 0x18, 0x49, 0xc8, 0x0, 0xc3, 0xc0, 0x16,
    0xe, 0x1, 0xf0, 0x87, 0xdb, 0x0, 0x2c, 0x14,
    0x0, 0x6a, 0xe0, 0x1f, 0x31, 0x22, 0x0, 0x25,
    0x13, 0x0, 0xa8, 0x40, 0xc0, 0x2, 0x0, 0x26,
    0x0, 0xe1, 0x60, 0xf, 0x97, 0xfd, 0x40, 0x40,
    0x60, 0x1d, 0xf2, 0x1, 0xe8, 0x55, 0xcc, 0x0,
    0xc0, 0xe, 0x31, 0x0, 0xf3, 0xd5, 0x69, 0xa0,
    0x43, 0x9a, 0x1, 0x0, 0xff, 0xe0, 0x99, 0x38,
    0xb, 0xa9, 0xd0, 0x4, 0xea, 0x1, 0xf8, 0xe2,
    0x0, 0x5d, 0xf8, 0x40,

    /* U+7CD5 "糕" */
    0x0, 0xff, 0xe6, 0xaf, 0x98, 0x7, 0x5b, 0x80,
    0x63, 0xd7, 0x0, 0x2c, 0x81, 0x3, 0x6, 0x28,
    0x1, 0xa0, 0xc0, 0x28, 0x21, 0x0, 0x98, 0x80,
    0x23, 0x30, 0x5, 0x1, 0x60, 0x2, 0x42, 0x60,
    0x2, 0x85, 0x0, 0x48, 0xb, 0x37, 0x20, 0x97,
    0x6f, 0x0, 0x5d, 0x90, 0x10, 0xc0, 0x2a, 0x50,
    0x74, 0x30, 0x34, 0x41, 0x1, 0x22, 0xc, 0xd,
    0x80, 0x4, 0x4e, 0xe, 0xff, 0xc2, 0x1d, 0xff,
    0x9c, 0x2a, 0x40, 0x3, 0x8, 0x1, 0xf8, 0x40,
    0x39, 0x6f, 0x6c, 0x37, 0xa0, 0x40, 0x3e, 0x10,
    0xe, 0x86, 0x61, 0x82, 0x33, 0x93, 0x7f, 0xe1,
    0xe, 0xff, 0xac, 0x32, 0xec, 0xc0, 0xf7, 0x86,
    0x48, 0x98, 0x0, 0x89, 0xb0, 0x5, 0x17, 0x83,
    0x50, 0xc1, 0x2e, 0xf0, 0x85, 0xde, 0x70, 0x0,
    0xf6, 0x7, 0xe8, 0x7, 0xff, 0x11, 0x0, 0x40,
    0x88, 0x80, 0x1f, 0x84, 0x3, 0xde, 0x1a, 0x1a,
    0x3c, 0xff, 0xfc, 0x21, 0xdf, 0xfb, 0x1, 0x54,
    0x1, 0x3a, 0x89, 0x91, 0x7f, 0xc8, 0xc1, 0x80,
    0x16, 0x8b, 0x77, 0xee, 0xf6, 0x6e, 0xaf, 0x62,
    0xc1, 0xc0, 0x24, 0xf0, 0xce, 0xd, 0x90, 0x8f,
    0x2, 0x99, 0x0, 0xa8, 0x80, 0x61, 0x21, 0x60,
    0x2, 0x87, 0xa, 0x11, 0xb1, 0x75, 0x80, 0x79,
    0x43, 0x1, 0xc4, 0x10, 0x34, 0x24, 0x2c, 0x84,
    0x3, 0xd4, 0xe, 0x4, 0x40, 0x21, 0x50, 0x50,
    0x40, 0xf, 0x9c, 0x98, 0x43, 0x84, 0x0, 0xaa,
    0x0, 0x3a, 0x80, 0x46, 0x2e, 0x4, 0x92, 0x0,
    0x6e, 0x0, 0x5c, 0x80, 0x22, 0x0,

    /* U+7CD6 "糖" */
    0x0, 0xff, 0xe8, 0x4d, 0x80, 0x7f, 0x56, 0x88,
    0x7, 0xca, 0xc0, 0xac, 0xb, 0x0, 0x1e, 0x22,
    0x48, 0x7, 0xc5, 0x0, 0x1b, 0x90, 0x37, 0xff,
    0x38, 0x3f, 0xfe, 0xc0, 0x2, 0x9, 0x80, 0x4b,
    0x62, 0x40, 0x67, 0x88, 0xcf, 0x94, 0x0, 0x60,
    0xa0, 0x3, 0x15, 0x30, 0x6c, 0xcc, 0x6d, 0x99,
    0xa4, 0x2, 0x2f, 0x0, 0x59, 0x90, 0x4, 0x6e,
    0xf0, 0xbb, 0xe2, 0x0, 0xd3, 0x60, 0xc, 0x80,
    0xd, 0x71, 0x10, 0x14, 0x45, 0x20, 0x12, 0x1a,
    0x89, 0x98, 0x84, 0x2, 0x8f, 0xf8, 0xf, 0xfc,
    0xe, 0x1, 0x4c, 0x40, 0x86, 0x26, 0x40, 0x2,
    0x67, 0x78, 0x5, 0xdc, 0x4, 0xc0, 0xe, 0x99,
    0x10, 0xcc, 0xc0, 0x5, 0x98, 0x88, 0xa, 0x20,
    0x3, 0x0, 0x3, 0x67, 0x13, 0x66, 0x8, 0x81,
    0xff, 0xf0, 0x1f, 0xf8, 0x4f, 0x80, 0x23, 0xe0,
    0x6, 0xa8, 0x4, 0x26, 0xef, 0x0, 0xbb, 0x85,
    0xc0, 0x32, 0x10, 0x1, 0x2c, 0x1c, 0x3e, 0xa2,
    0x20, 0x28, 0x80, 0x18, 0x6, 0xb4, 0x0, 0x50,
    0xb1, 0x1, 0x4f, 0xfc, 0x7, 0xff, 0x40, 0x4,
    0x47, 0x80, 0x3, 0x35, 0x78, 0x9, 0x44, 0xc8,
    0xa, 0x66, 0x50, 0x9, 0x41, 0x0, 0x29, 0x91,
    0x2, 0xd3, 0xb3, 0x0, 0x59, 0xaa, 0x0, 0xa5,
    0x4, 0x2, 0x55, 0x84, 0x40, 0xd, 0xff, 0xe2,
    0x0, 0xc3, 0xc0, 0x1c, 0x62, 0x80, 0x1f, 0xc2,
    0x1, 0xad, 0x40, 0x3a, 0x83, 0x80, 0x3f, 0xf8,
    0x48, 0x1, 0xc4, 0xc4, 0x80, 0x14, 0x47, 0x88,
    0x3, 0xfc, 0x81, 0x0, 0xd, 0x5, 0x77, 0xe1,
    0x30, 0xf, 0x2b, 0x83, 0x62, 0x80, 0x17, 0xff,
    0xf6, 0x0, 0x0,

    /* U+7E41 "繁" */
    0x0, 0x94, 0x40, 0x3f, 0x90, 0x40, 0x3f, 0x35,
    0x4a, 0xaf, 0x20, 0x81, 0xdc, 0x80, 0x7c, 0x30,
    0xf, 0x55, 0xd6, 0x81, 0x60, 0x51, 0x1c, 0x85,
    0x81, 0x79, 0x9d, 0xbe, 0xa2, 0xe0, 0xae, 0xfd,
    0xd2, 0x4b, 0x79, 0x9d, 0xac, 0x14, 0x7, 0xfe,
    0xe0, 0x2f, 0xab, 0xe6, 0x3f, 0x71, 0xce, 0x1c,
    0x84, 0x13, 0x40, 0x60, 0xb0, 0x1, 0xa1, 0x3a,
    0x62, 0xc2, 0x88, 0xbd, 0xbc, 0x64, 0xe0, 0x98,
    0x1, 0x14, 0xb, 0x36, 0xcc, 0xa0, 0x4b, 0x91,
    0x82, 0xc0, 0xe0, 0xa, 0xf0, 0x2f, 0x4c, 0x73,
    0x42, 0x70, 0x0, 0xa0, 0x2, 0x20, 0x6, 0x60,
    0xc6, 0xb1, 0x8f, 0xe, 0x2, 0xac, 0x5, 0x2f,
    0x50, 0x9, 0x51, 0x17, 0x40, 0x86, 0x9, 0x1a,
    0xa9, 0xb5, 0x41, 0xae, 0x60, 0x5, 0xee, 0xce,
    0x40, 0x16, 0xc6, 0xd9, 0x2, 0xf4, 0x18, 0x7,
    0xdc, 0x60, 0x28, 0x86, 0xae, 0x80, 0x0, 0xbe,
    0xb0, 0x4, 0x97, 0xd6, 0x62, 0x85, 0x5c, 0xe5,
    0x60, 0x1f, 0xd8, 0x82, 0x0, 0x15, 0x52, 0x2e,
    0x62, 0x6c, 0x80, 0x3e, 0x8d, 0xc7, 0x20, 0x39,
    0xea, 0x31, 0xd4, 0xd5, 0x0, 0xe7, 0xac, 0xc3,
    0x90, 0x85, 0xff, 0xdd, 0x0, 0xa, 0x80, 0x8,
    0xa1, 0x44, 0x44, 0x68, 0xa6, 0x31, 0x57, 0x9b,
    0xca, 0xee, 0x0, 0x15, 0xe7, 0xd5, 0x36, 0xa4,
    0xc1, 0x95, 0xa9, 0x4e, 0xa1, 0x0, 0x24, 0xb,
    0xb4, 0x90, 0x7, 0x99, 0x23, 0x6c, 0xcc, 0x3,
    0x1b, 0x88, 0xde, 0x60, 0x1e, 0x4d, 0xc5, 0x4b,
    0xa0, 0x35, 0x37, 0xe9, 0x18, 0xab, 0x20, 0x10,
    0x8, 0xeb, 0x54, 0xc0, 0xb7, 0xa0, 0x40, 0x2,
    0xa8, 0x30, 0x1, 0xe2, 0xa9, 0x0,

    /* U+7EA2 "红" */
    0x0, 0xff, 0xe8, 0x2f, 0xa8, 0x7, 0xff, 0x22,
    0x0, 0x3f, 0xf9, 0x2c, 0x46, 0xa0, 0xc, 0xff,
    0xff, 0x84, 0x3, 0x40, 0x40, 0x4, 0xc4, 0x58,
    0x0, 0x24, 0x51, 0x80, 0x67, 0x14, 0x40, 0x5,
    0x5b, 0xb8, 0x43, 0x37, 0x6c, 0x10, 0x1, 0x40,
    0x50, 0x17, 0x38, 0x7, 0xff, 0xe, 0x42, 0x44,
    0x38, 0x7c, 0x3, 0xff, 0x85, 0x28, 0x3d, 0x38,
    0x66, 0x80, 0xf, 0xfe, 0x13, 0x80, 0xbb, 0x18,
    0x70, 0x7, 0xff, 0xe, 0xe6, 0xf0, 0x42, 0x48,
    0x3, 0xff, 0x86, 0xac, 0x90, 0x2c, 0xc0, 0xf,
    0xfe, 0x34, 0xa2, 0xc8, 0x7, 0xff, 0x1a, 0x18,
    0xbd, 0xa2, 0xd8, 0x3, 0xff, 0x85, 0x2e, 0x5,
    0x52, 0xe8, 0x1, 0xff, 0xc3, 0x30, 0x25, 0x7a,
    0xdf, 0x60, 0xf, 0xfe, 0x15, 0x76, 0xd4, 0x29,
    0x0, 0x7f, 0xf1, 0x44, 0x3, 0x88, 0x3, 0xff,
    0x8a, 0x4b, 0x19, 0xfb, 0x0, 0x1f, 0xfc, 0x2a,
    0xfd, 0xa7, 0x31, 0x4e, 0xde, 0xec, 0x21, 0x9d,
    0xd9, 0xc0, 0x40, 0xda, 0xb7, 0xad, 0xcc, 0x47,
    0x0, 0x4, 0x7b, 0xc2, 0xff, 0x25, 0x48, 0x0,
    0x3d, 0xff, 0xff, 0x40,

    /* U+7EA6 "约" */
    0x0, 0xff, 0xe0, 0x90, 0x7, 0xff, 0x1, 0xbd,
    0x0, 0x3a, 0xb4, 0x40, 0x3f, 0xeb, 0x7, 0x0,
    0xe5, 0x11, 0x0, 0x7f, 0x98, 0x94, 0xc0, 0x32,
    0x3, 0x0, 0x7f, 0xd0, 0x10, 0x1, 0xda, 0x18,
    0x1, 0xfe, 0x71, 0x62, 0x0, 0xe6, 0xb, 0xff,
    0xf8, 0x40, 0x60, 0x60, 0xf, 0xd8, 0x1c, 0x8,
    0xcf, 0xc0, 0x1a, 0x82, 0x84, 0x38, 0xc, 0x64,
    0x33, 0x3e, 0x30, 0x4, 0x20, 0xe4, 0xe1, 0x2a,
    0xac, 0x60, 0x40, 0x3f, 0xb, 0x0, 0xbb, 0x18,
    0xd8, 0x0, 0x9c, 0x3, 0xe1, 0x0, 0x55, 0x33,
    0x48, 0x28, 0x42, 0xb6, 0x74, 0xc0, 0x3f, 0x22,
    0x9c, 0x14, 0x20, 0x6, 0xc2, 0xc4, 0x0, 0xc6,
    0x1, 0x9d, 0x59, 0xc0, 0x39, 0x68, 0x2c, 0xc0,
    0x21, 0x10, 0x1, 0x60, 0xb5, 0xa6, 0xe8, 0x2,
    0x59, 0xd, 0x10, 0xe, 0x7a, 0x2, 0xb9, 0x64,
    0x30, 0xc, 0xcc, 0x18, 0x0, 0x8c, 0x38, 0x5,
    0x1e, 0xb7, 0xe4, 0x3, 0xa5, 0x68, 0x4, 0x4,
    0x27, 0x7a, 0xe1, 0x48, 0x3, 0xf5, 0x18, 0x10,
    0x30, 0x0, 0x80, 0x3f, 0xf8, 0x8e, 0x6, 0x1,
    0xc4, 0xb3, 0x9c, 0x40, 0x1f, 0x88, 0x38, 0x16,
    0x73, 0xf6, 0x98, 0xce, 0x0, 0xfd, 0xe0, 0x41,
    0x6c, 0x60, 0x8f, 0x7d, 0xa2, 0x1, 0xf9, 0xc1,
    0xc2, 0xa7, 0x3e, 0xe1, 0x4, 0x3, 0x8b, 0x76,
    0xe1, 0x32, 0x4, 0x63, 0x0, 0xff, 0x13, 0x91,
    0x1, 0x34, 0x0,

    /* U+7EB8 "纸" */
    0x0, 0xff, 0xe8, 0x5e, 0x80, 0x7f, 0xa, 0xc6,
    0x69, 0x0, 0x71, 0x20, 0x7, 0x23, 0xcd, 0xf7,
    0x29, 0xcc, 0x1c, 0x3, 0xa0, 0x2c, 0x2, 0x8b,
    0x86, 0x43, 0x0, 0x5f, 0x6a, 0x80, 0x62, 0x51,
    0x60, 0x8, 0x82, 0x7b, 0xf4, 0x5, 0x4, 0x3,
    0xd0, 0x10, 0x1, 0xe4, 0x10, 0x0, 0x88, 0x3,
    0xe3, 0x53, 0x60, 0x6b, 0x0, 0xff, 0xe2, 0x78,
    0x70, 0xc, 0xa0, 0x80, 0x78, 0xc0, 0x3e, 0x83,
    0x32, 0xce, 0x84, 0x88, 0x7, 0x84, 0x3, 0xe7,
    0x3, 0x86, 0x34, 0x60, 0x8, 0x40, 0x38, 0x40,
    0x39, 0xdd, 0x56, 0x22, 0xa0, 0xd, 0x9f, 0xf1,
    0x87, 0x7f, 0xc4, 0x11, 0x5, 0x81, 0xd1, 0x0,
    0xc6, 0x78, 0x40, 0x8c, 0xc8, 0x60, 0x14, 0x9d,
    0x18, 0x7, 0x76, 0x64, 0xc1, 0x39, 0x8b, 0x10,
    0x4, 0x31, 0x94, 0xe7, 0x30, 0x7, 0xb8, 0x4,
    0x3, 0xa1, 0xc0, 0xe1, 0x89, 0x10, 0x1, 0xe2,
    0xd, 0x0, 0xe3, 0x3, 0x7a, 0xde, 0xa2, 0x0,
    0xf3, 0x1, 0x0, 0x75, 0x7e, 0x42, 0x90, 0x7,
    0xf1, 0x3, 0x80, 0x8, 0x40, 0x40, 0x21, 0x58,
    0xb3, 0x0, 0xf9, 0x8, 0x42, 0x28, 0xd, 0xeb,
    0xb9, 0x4e, 0xa0, 0x1c, 0x92, 0x5a, 0xe, 0x2,
    0xc1, 0x90, 0xa0, 0xb3, 0xbc, 0x60, 0x9, 0xeb,
    0x61, 0x70, 0x81, 0x66, 0x4, 0xcb, 0x7a, 0x98,
    0x80, 0x94, 0x10, 0x1f, 0x4c, 0x5c, 0x78, 0xb4,
    0x19, 0x84, 0x1, 0xc6, 0x2b, 0x7d, 0x4, 0x0,
    0x86, 0x14, 0x60,

    /* U+7EC4 "组" */
    0x0, 0xc9, 0xc8, 0x1, 0xff, 0xc7, 0xf1, 0x0,
    0xcb, 0xff, 0xfb, 0x0, 0x38, 0xd0, 0xd0, 0x2,
    0xd0, 0x24, 0x4c, 0x60, 0x40, 0x1d, 0x1, 0x0,
    0x1e, 0x8b, 0xbd, 0x80, 0x20, 0x19, 0x13, 0x0,
    0x7f, 0xf1, 0xa4, 0x24, 0x1, 0x8e, 0x1, 0xff,
    0xc2, 0x72, 0x82, 0x9, 0x3f, 0x0, 0xff, 0xe0,
    0xa4, 0x0, 0xc4, 0xb1, 0x40, 0x5, 0x5f, 0xfc,
    0x1, 0xbc, 0x1, 0x2e, 0xc1, 0xe0, 0x18, 0x91,
    0x38, 0x3, 0x7b, 0xd6, 0x20, 0x49, 0x0, 0x68,
    0xbb, 0xe0, 0xc, 0x90, 0xa8, 0x86, 0x60, 0x7,
    0xff, 0x15, 0x21, 0x24, 0x3, 0xff, 0x8a, 0x76,
    0x3b, 0x15, 0xb2, 0x1, 0xff, 0xc1, 0x4c, 0x1,
    0x97, 0x51, 0xd0, 0xa, 0xbf, 0xf8, 0x3, 0x60,
    0x12, 0xce, 0x7e, 0x20, 0x4, 0x46, 0x7c, 0x1,
    0xa3, 0xb6, 0x98, 0xc0, 0x3d, 0x19, 0x9c, 0x1,
    0xc2, 0x1, 0x91, 0xc8, 0x3, 0xff, 0x84, 0x4b,
    0x39, 0xf7, 0x14, 0x1, 0xff, 0xc1, 0xad, 0xa6,
    0x34, 0x8c, 0x80, 0xf, 0xfe, 0xf, 0xa4, 0x67,
    0xdb, 0x9c, 0x63, 0x4, 0x66, 0x70, 0x3, 0x21,
    0x6d, 0xcc, 0x3, 0x21, 0x88, 0x11, 0x9f, 0x0,
    0xd, 0x0,

    /* U+7ECF "经" */
    0x0, 0xff, 0xe8, 0xd6, 0x88, 0x7, 0xe1, 0x18,
    0x3, 0xf8, 0x54, 0x80, 0x2b, 0xff, 0xee, 0xeb,
    0xf0, 0x40, 0x3d, 0x20, 0xe2, 0x0, 0x33, 0xfc,
    0x20, 0x42, 0x1, 0xe7, 0x9, 0x0, 0xa3, 0x33,
    0xdc, 0x21, 0x0, 0x1e, 0x80, 0x71, 0x0, 0xfe,
    0x1f, 0x5, 0x60, 0xe, 0x17, 0x28, 0x4, 0xe4,
    0x0, 0xe3, 0xf2, 0x4a, 0x0, 0xf5, 0x84, 0x80,
    0x24, 0x44, 0x1, 0x9f, 0x4, 0xec, 0x3, 0xce,
    0xa4, 0x73, 0x84, 0x8a, 0x0, 0x3c, 0x80, 0x1,
    0xeb, 0x0, 0x74, 0x1, 0x43, 0x18, 0xd0, 0x1d,
    0x61, 0x96, 0x6b, 0x14, 0xf3, 0x0, 0x50, 0xd3,
    0x42, 0x16, 0x39, 0x85, 0x19, 0xd3, 0x29, 0xd6,
    0x19, 0xb0, 0x3, 0xcb, 0x78, 0xb2, 0x83, 0x94,
    0x73, 0x0, 0x62, 0x9d, 0x4c, 0x0, 0xd0, 0xa9,
    0x20, 0xb, 0xd6, 0x22, 0xfc, 0x16, 0xe0, 0x13,
    0x38, 0xf3, 0xcd, 0x8c, 0xf6, 0xef, 0xf8, 0x2,
    0x69, 0x1, 0xa8, 0x66, 0xe, 0xaa, 0x24, 0x0,
    0x44, 0xd4, 0x1, 0x68, 0x0, 0xde, 0xb7, 0x40,
    0x95, 0x77, 0x0, 0x2e, 0xf3, 0x80, 0x51, 0x9f,
    0x90, 0xa4, 0x1, 0xff, 0xc5, 0x33, 0x0, 0x61,
    0x30, 0xf, 0xfe, 0x31, 0xbd, 0x77, 0x30, 0xc0,
    0x3f, 0xf8, 0x77, 0xf9, 0xa, 0x6d, 0x46, 0x1,
    0xff, 0xc3, 0x22, 0x2d, 0x76, 0xca, 0xde, 0xef,
    0x0, 0x37, 0x7a, 0x80, 0x13, 0xb4, 0xa2, 0x1,
    0x29, 0x17, 0x0, 0x8, 0xb9, 0xc0,

    /* U+7ED3 "结" */
    0x0, 0xff, 0xe2, 0x10, 0x80, 0x7f, 0x86, 0xd8,
    0x3, 0xf1, 0xed, 0x0, 0x7f, 0x99, 0x28, 0x3,
    0xf3, 0x83, 0x80, 0x7f, 0xa4, 0x24, 0x3, 0xf0,
    0x80, 0x7f, 0xcc, 0x26, 0xa0, 0x2, 0xff, 0xea,
    0x3, 0xff, 0xdc, 0x1, 0xa0, 0x20, 0x2, 0x32,
    0x11, 0xe0, 0x0, 0x8e, 0x20, 0x9, 0xc5, 0x10,
    0xb, 0x61, 0xbd, 0xda, 0x80, 0xfb, 0xb6, 0x0,
    0x6, 0x2, 0x80, 0x6d, 0x10, 0x1, 0xff, 0xc3,
    0xa0, 0x65, 0x55, 0xa, 0x28, 0x7, 0xff, 0x9,
    0xd0, 0x1a, 0xe9, 0x2, 0x80, 0x4, 0x5c, 0x0,
    0x22, 0xc0, 0x3, 0x1, 0x34, 0x0, 0x50, 0x84,
    0x6e, 0xe9, 0x3, 0xdd, 0xd4, 0x9, 0xdc, 0xc1,
    0x6, 0x50, 0x6, 0x19, 0xff, 0xde, 0x0, 0x10,
    0x75, 0x39, 0x0, 0x93, 0x33, 0xfe, 0x50, 0x9,
    0x60, 0xb4, 0x5, 0x4, 0x3, 0xff, 0x86, 0x94,
    0x3, 0xbf, 0xd7, 0x1, 0x9f, 0xff, 0xdc, 0x0,
    0x3b, 0x0, 0x19, 0x80, 0xde, 0x0, 0xc0, 0x8c,
    0xf8, 0x80, 0x44, 0x4, 0x6, 0xf5, 0xbf, 0x90,
    0x20, 0x16, 0xe6, 0x76, 0x88, 0x4, 0x3f, 0x90,
    0xa4, 0x1, 0xff, 0xce, 0x10, 0xf, 0xfe, 0x31,
    0x2c, 0x5f, 0x72, 0x80, 0x3f, 0xf8, 0x49, 0x9f,
    0xb4, 0xe8, 0x9, 0xc0, 0x1f, 0xfc, 0x33, 0x25,
    0x8b, 0xee, 0x5a, 0x0, 0x5b, 0xbf, 0x8, 0x4,
    0x9f, 0xb4, 0xe8, 0x20, 0x19, 0x0, 0x8b, 0xe0,
    0x21, 0x0,

    /* U+7EE7 "继" */
    0x0, 0xca, 0x20, 0x1f, 0xc4, 0xa0, 0x1f, 0x8a,
    0xa8, 0x1, 0x4a, 0x0, 0x6b, 0xa1, 0x0, 0xf9,
    0x40, 0xc0, 0x2, 0xde, 0xa, 0x1, 0xe3, 0x40,
    0xd, 0x21, 0x40, 0x1c, 0x74, 0x80, 0x1d, 0xb0,
    0x1, 0x28, 0xa1, 0x0, 0x71, 0x8f, 0x0, 0x64,
    0x1a, 0x0, 0xa4, 0x20, 0x3, 0xe7, 0x50, 0xd,
    0xc2, 0xc0, 0x4, 0x34, 0x30, 0x9c, 0x0, 0xd4,
    0x8, 0x1, 0x2c, 0x0, 0x52, 0x12, 0x6, 0xc2,
    0x1, 0x8f, 0x50, 0x2, 0xd6, 0x0, 0x41, 0x1a,
    0x47, 0x7, 0x0, 0x4f, 0x73, 0x6e, 0x15, 0x37,
    0x46, 0xc0, 0x72, 0xe4, 0xc6, 0x1, 0x6a, 0x24,
    0x20, 0x89, 0x2b, 0x5c, 0x5d, 0x80, 0x64, 0x3,
    0x57, 0xfa, 0x80, 0x9, 0xff, 0x2a, 0x9d, 0x20,
    0x34, 0x3, 0xf4, 0x0, 0x12, 0x0, 0x3a, 0x4e,
    0xc, 0x3, 0xe7, 0x24, 0x7, 0x72, 0x80, 0x4c,
    0xc3, 0x33, 0xd5, 0x0, 0x31, 0x42, 0x90, 0x4a,
    0x51, 0x82, 0xc8, 0x1d, 0xc2, 0x98, 0x6, 0xe0,
    0xb0, 0xa, 0x87, 0x43, 0xc0, 0x56, 0x2f, 0xe4,
    0x2, 0x83, 0x91, 0x0, 0x86, 0xc0, 0x63, 0x7a,
    0x9d, 0x0, 0x3b, 0x5d, 0x80, 0x39, 0x7c, 0x48,
    0x80, 0x18, 0xd4, 0x2, 0x58, 0x0, 0xf8, 0x40,
    0x6, 0xd3, 0xbf, 0x94, 0x40, 0x1e, 0xd6, 0x10,
    0xd, 0x98, 0x96, 0x16, 0xae, 0x20, 0x5a, 0xad,
    0xc7, 0x55, 0x92, 0x5e, 0xff, 0x25, 0x44, 0x72,
    0xaf, 0xfb, 0x56, 0x10, 0x3, 0xdd, 0xbb, 0xfe,
    0xe9,

    /* U+7EED "续" */
    0x0, 0xc2, 0x1, 0xfc, 0xc4, 0x1, 0xfe, 0xdd,
    0x0, 0x7c, 0x73, 0x0, 0x1f, 0xc6, 0x66, 0x0,
    0xf9, 0xc0, 0x3f, 0xe9, 0xf, 0x0, 0x9b, 0xfe,
    0xb0, 0x5f, 0xfc, 0x20, 0x11, 0x29, 0xa0, 0x4,
    0x8c, 0xaa, 0x40, 0x15, 0x59, 0x84, 0x2, 0x80,
    0x80, 0xc, 0x53, 0x54, 0x80, 0x4a, 0xaa, 0x40,
    0x23, 0x54, 0x40, 0x74, 0x94, 0xd5, 0x50, 0x9,
    0x31, 0x7, 0x50, 0x7, 0x4, 0x83, 0x8f, 0x3b,
    0x2a, 0xc8, 0x2, 0xce, 0xe8, 0xa1, 0x92, 0x3a,
    0x98, 0x27, 0x5f, 0xff, 0x6f, 0xfc, 0x26, 0x28,
    0x6, 0xcc, 0xe, 0x0, 0x93, 0x50, 0x1f, 0x48,
    0x10, 0x68, 0x3b, 0x3e, 0x1, 0x8c, 0x2, 0x44,
    0x5c, 0x70, 0x8, 0x11, 0x18, 0xc, 0xc5, 0x25,
    0x20, 0x17, 0x3c, 0xd1, 0x18, 0x8, 0x36, 0x80,
    0x6e, 0xf, 0x4, 0x10, 0x68, 0xb4, 0xa1, 0x3,
    0x0, 0xf4, 0x99, 0x77, 0xdb, 0x84, 0x63, 0x10,
    0x38, 0x7, 0xd0, 0xc0, 0x44, 0x5a, 0x66, 0x54,
    0xbc, 0xd1, 0x5, 0xd5, 0x52, 0x40, 0x71, 0xbd,
    0x4a, 0x14, 0xab, 0xc2, 0xa, 0xb9, 0x9e, 0x31,
    0xc8, 0x0, 0x83, 0x9d, 0xd9, 0x2, 0x3b, 0xb9,
    0x40, 0x24, 0x9f, 0xb9, 0x1, 0x19, 0xd0, 0x57,
    0x24, 0x46, 0x3, 0x9e, 0xb6, 0x39, 0x80, 0x9,
    0x64, 0x34, 0x9d, 0xda, 0x40, 0xb, 0x60, 0x7d,
    0xc6, 0x0, 0xc, 0xd0, 0x51, 0x85, 0x49, 0x6a,
    0x84, 0x6f, 0x41, 0x0, 0x4f, 0xcc, 0x58, 0xa0,
    0x13, 0x60, 0xd2, 0x81, 0x0, 0x7a, 0xca, 0x74,
    0xc0, 0x38, 0xf0, 0x4c, 0x3, 0xf6, 0x6b, 0x0,
    0x7e, 0x2e, 0x60,

    /* U+7EF5 "绵" */
    0x0, 0xff, 0xe1, 0x10, 0x80, 0x7f, 0x9b, 0xd0,
    0x3, 0xc5, 0xb8, 0x1, 0xfe, 0xb0, 0x60, 0xf,
    0x20, 0x20, 0x7, 0xf2, 0x92, 0x90, 0x1, 0x7f,
    0xe9, 0x6, 0xff, 0xd8, 0x1, 0xa0, 0x20, 0x2,
    0x20, 0x47, 0x7f, 0x80, 0xc0, 0x26, 0x26, 0x20,
    0x20, 0xb, 0xa2, 0x3e, 0x10, 0x8, 0x60, 0x64,
    0x2b, 0x48, 0x1, 0x5f, 0xff, 0x8, 0x5, 0x63,
    0x40, 0x6a, 0x44, 0x0, 0x2b, 0xbf, 0xc0, 0x13,
    0xa8, 0x76, 0x60, 0x24, 0x2, 0xf8, 0x8f, 0x84,
    0x1, 0xa0, 0x5, 0x30, 0x54, 0x0, 0xb9, 0xdf,
    0xe1, 0x0, 0x45, 0xee, 0x80, 0x6c, 0x0, 0x40,
    0x91, 0x1f, 0x1, 0x81, 0x21, 0x70, 0x50, 0x80,
    0x17, 0xff, 0x8, 0x7f, 0xec, 0x0, 0xa4, 0xdd,
    0x0, 0x3f, 0xf8, 0xac, 0xc1, 0xfa, 0xdc, 0xe,
    0xff, 0xc2, 0x1f, 0xfc, 0x8b, 0x20, 0x30, 0xa3,
    0x22, 0x20, 0x44, 0x80, 0x8, 0x91, 0x1, 0x10,
    0xd, 0xef, 0xf1, 0x40, 0x7, 0x77, 0x8, 0x5d,
    0xe0, 0x3, 0xf6, 0x42, 0x0, 0x7f, 0xf1, 0x84,
    0x0, 0x71, 0xda, 0x1, 0xff, 0xc3, 0x28, 0xdc,
    0x73, 0x80, 0xf, 0xfe, 0x14, 0xeb, 0x93, 0x66,
    0xa8, 0x1, 0xc0, 0x3c, 0xdf, 0x20, 0x7c, 0x95,
    0xf2, 0x60, 0x1, 0x6e, 0x0, 0xf3, 0xb2, 0xc2,
    0xbd, 0xa8, 0x7, 0xa5, 0x40, 0x3c, 0x33, 0x4e,
    0x1, 0xff, 0xc3, 0x53, 0x0, 0xf0,

    /* U+7F13 "缓" */
    0x0, 0xe1, 0x0, 0xff, 0xe1, 0x10, 0x7, 0xef,
    0xd0, 0x8, 0x8d, 0x15, 0x9e, 0x6f, 0x7f, 0x64,
    0x3, 0xca, 0x22, 0x0, 0x66, 0xe5, 0xd4, 0xc3,
    0x20, 0x23, 0xe8, 0x7, 0xa4, 0x28, 0x1, 0xd3,
    0x2a, 0xb9, 0x5f, 0xf6, 0xca, 0x0, 0x79, 0xc,
    0x58, 0x0, 0x5b, 0x6a, 0x82, 0xa2, 0x0, 0x93,
    0x10, 0xe, 0x80, 0x90, 0xd, 0x84, 0x80, 0x60,
    0x80, 0x89, 0x28, 0x6, 0x53, 0x17, 0x4, 0x70,
    0x60, 0x20, 0x53, 0x0, 0x48, 0x48, 0x6, 0x1b,
    0x8, 0x1, 0xa8, 0x9e, 0x9, 0xfe, 0x3a, 0xf2,
    0xd, 0xf6, 0x0, 0x50, 0x9b, 0x9d, 0x8c, 0x6b,
    0x30, 0x41, 0x59, 0xbe, 0x40, 0x2, 0x1, 0xf6,
    0x29, 0xba, 0x4c, 0x80, 0x15, 0x33, 0xf1, 0x0,
    0x2e, 0xb2, 0xc0, 0x1a, 0x75, 0x50, 0x85, 0x57,
    0xe5, 0x0, 0x22, 0x9c, 0x85, 0x8a, 0x2a, 0xc0,
    0x5, 0x5f, 0xde, 0x1, 0xa8, 0xa5, 0x1, 0xff,
    0xd6, 0xf, 0xff, 0xfa, 0x80, 0x27, 0x53, 0x32,
    0xb2, 0x80, 0x30, 0xe, 0x23, 0xca, 0x1, 0x9e,
    0x0, 0xea, 0x93, 0xc0, 0x3, 0x4, 0x77, 0xf5,
    0x0, 0x6c, 0x0, 0x1b, 0x4e, 0x58, 0x1, 0x0,
    0xbf, 0xf6, 0x1, 0x80, 0x6a, 0xbf, 0xc9, 0x63,
    0x0, 0x30, 0x0, 0x98, 0x2, 0x90, 0xa0, 0xc,
    0x28, 0x1, 0x88, 0x81, 0x41, 0x43, 0x28, 0x8,
    0xa4, 0xc0, 0x1f, 0x24, 0x6e, 0xbd, 0x4c, 0xcb,
    0x41, 0x6f, 0x61, 0xc0, 0x1c, 0xb5, 0xd6, 0xe6,
    0xfd, 0x61, 0x0, 0x96, 0x10, 0x12, 0x60, 0x1d,
    0x4a, 0xd, 0x7d, 0x3e, 0x2a, 0x80, 0x90, 0x1,
    0x4c, 0x88, 0x3, 0x55, 0xf4, 0xa0, 0x61, 0x9a,
    0x2b, 0xac, 0xdf, 0xa0, 0x5b, 0x7a, 0x80, 0xa,
    0x80, 0x1a, 0x9b, 0x1, 0xca, 0x3a, 0x5, 0xfa,
    0x50, 0x4c, 0x0,

    /* U+7F16 "编" */
    0x0, 0xc6, 0x20, 0x1f, 0xb, 0x88, 0x7, 0xf1,
    0x65, 0x80, 0x7c, 0x91, 0x40, 0x1f, 0xd4, 0x1a,
    0x1, 0xf2, 0x8a, 0x10, 0x7, 0xe6, 0x6, 0x0,
    0xb7, 0xff, 0x8, 0x6f, 0xfd, 0x80, 0x12, 0x8b,
    0x8, 0x0, 0x48, 0x51, 0x3f, 0x1, 0x88, 0x2,
    0x42, 0xc0, 0x80, 0x24, 0xbb, 0xfc, 0x80, 0x12,
    0x1b, 0x11, 0xeb, 0x80, 0x7f, 0xf0, 0xe4, 0x20,
    0x3c, 0xc, 0x0, 0x97, 0x7f, 0x90, 0x0, 0xe4,
    0x48, 0xb3, 0x44, 0x0, 0x5, 0x13, 0xf0, 0x18,
    0xd0, 0x13, 0x20, 0x48, 0x18, 0x2f, 0xff, 0xf6,
    0x5, 0xbd, 0x38, 0x31, 0x0, 0x7f, 0x8, 0xe0,
    0x3, 0x42, 0x30, 0xc8, 0x0, 0x41, 0x7f, 0xfb,
    0xbb, 0x79, 0x0, 0x2c, 0x68, 0x2, 0x70, 0x9,
    0x94, 0x19, 0x41, 0x90, 0x18, 0x19, 0x54, 0xf,
    0x20, 0x40, 0x14, 0xf0, 0x44, 0x85, 0xc0, 0x1,
    0x24, 0x16, 0xe1, 0x3, 0x80, 0x80, 0x3f, 0xee,
    0x0, 0x24, 0x66, 0x81, 0x3, 0x0, 0x80, 0x79,
    0xc0, 0x13, 0x7f, 0x6e, 0x60, 0x7, 0x2, 0xe,
    0xb0, 0xec, 0xd, 0xb0, 0x1, 0xa0, 0x0, 0xe7,
    0xc, 0x88, 0x20, 0xea, 0xc, 0xa0, 0xca, 0x1,
    0x24, 0xf6, 0x3a, 0xa0, 0x20, 0x2, 0x38, 0x22,
    0x42, 0xe4, 0x1, 0x36, 0xc9, 0x7d, 0x34, 0x1a,
    0x1, 0xff, 0xc0, 0x9c, 0xfa, 0x40, 0x32, 0x22,
    0x0, 0x7e, 0x1b, 0x0, 0x8c, 0x3, 0x19, 0xa0,
    0x38, 0x41, 0x8c, 0x49, 0x1d, 0xc4, 0xa0, 0x1f,
    0x62, 0x83, 0x70, 0x16, 0x0, 0xda, 0x7e, 0x88,

    /* U+7F18 "缘" */
    0x0, 0xe1, 0x0, 0xe5, 0x10, 0xf, 0xfe, 0xc,
    0x71, 0x0, 0x4b, 0x4c, 0x1, 0xff, 0xc1, 0x61,
    0x20, 0xb, 0x2, 0x3f, 0xee, 0xe6, 0x88, 0x7,
    0x30, 0xc0, 0x6, 0x50, 0x88, 0xd2, 0x64, 0x60,
    0x1d, 0x2, 0xc0, 0x10, 0x9a, 0x3b, 0xf0, 0x81,
    0x0, 0x67, 0x18, 0x1, 0x0, 0x28, 0x27, 0xff,
    0x19, 0x80, 0x30, 0xca, 0x30, 0x7d, 0x2, 0x44,
    0x79, 0x81, 0x40, 0x34, 0xc, 0x83, 0x8e, 0x80,
    0x1d, 0xfd, 0x81, 0xe0, 0x12, 0xb0, 0xce, 0xc1,
    0x2f, 0x7f, 0xfd, 0x41, 0x3f, 0xec, 0x90, 0x14,
    0x20, 0x93, 0x44, 0xc6, 0x0, 0x34, 0x4f, 0x7d,
    0x6e, 0x2, 0xa0, 0xd5, 0xdb, 0x8, 0x27, 0x2e,
    0xfa, 0xd, 0x4b, 0x86, 0xc0, 0x3, 0x1d, 0x0,
    0x2, 0x0, 0x8b, 0x38, 0x40, 0x12, 0x54, 0x24,
    0x3c, 0xe5, 0x7e, 0x56, 0x43, 0x3a, 0x6c, 0x20,
    0xac, 0x5d, 0xcd, 0x4b, 0xcc, 0x22, 0x98, 0x67,
    0x30, 0x6c, 0x2, 0x50, 0x12, 0x94, 0x2a, 0x19,
    0xae, 0xc4, 0x82, 0xb2, 0x2, 0x0, 0xc1, 0x5a,
    0xec, 0x70, 0x4c, 0xc2, 0x4e, 0x70, 0x13, 0x82,
    0x0, 0x23, 0xa9, 0x44, 0x4, 0x46, 0x31, 0xcc,
    0x76, 0x8, 0x25, 0x60, 0x1e, 0x4b, 0xea, 0x7d,
    0x71, 0x7c, 0x31, 0x20, 0x53, 0x30, 0x4, 0xdb,
    0x68, 0x5e, 0x0, 0x4c, 0x84, 0xc3, 0x10, 0xa0,
    0x80, 0x5f, 0x92, 0x3a, 0xd4, 0x45, 0xd8, 0xe6,
    0xc4, 0x4, 0x9, 0x52, 0x4, 0x49, 0x98, 0x50,
    0x1b, 0x47, 0xe6, 0x2, 0x22, 0x0, 0x2c, 0x85,
    0x3a, 0xcc, 0x2, 0x1e, 0xf8, 0xa, 0xa6, 0x7,
    0x0, 0x7, 0x64, 0x3, 0xf0, 0x80, 0x5, 0xd4,
    0xe5, 0x0, 0x3f, 0xf8, 0xbb, 0xfa, 0xc0, 0x1e,

    /* U+7F51 "网" */
    0xaf, 0xff, 0xfe, 0x35, 0xb8, 0x11, 0x7f, 0xf1,
    0x1, 0x40, 0x19, 0xbb, 0xff, 0xc3, 0x1, 0x0,
    0xfc, 0x20, 0x1f, 0xfc, 0x66, 0xe3, 0x0, 0xd5,
    0xe0, 0x1f, 0x63, 0x0, 0x34, 0x6, 0xd0, 0x0,
    0xa4, 0x1, 0xf0, 0xca, 0x2, 0x91, 0x16, 0x88,
    0xc1, 0xc0, 0x3e, 0xf0, 0xa4, 0x17, 0xa, 0x1e,
    0x40, 0xc0, 0xf, 0x8a, 0x86, 0xc3, 0xc1, 0x20,
    0xe0, 0x10, 0x3, 0xf2, 0xb0, 0x1, 0x40, 0xe,
    0x60, 0x44, 0x0, 0xfe, 0xb0, 0x1, 0x80, 0x52,
    0x6, 0x1, 0xfe, 0xa0, 0x7, 0x0, 0x5c, 0x3,
    0x0, 0x1f, 0xcc, 0x2e, 0x50, 0x4, 0x86, 0x4e,
    0x40, 0x1f, 0x40, 0xcc, 0x13, 0x4, 0x4, 0x48,
    0x48, 0x7, 0x89, 0xc5, 0xc2, 0x61, 0x15, 0x13,
    0x28, 0x7, 0x1f, 0x85, 0x0, 0x11, 0x14, 0x12,
    0x0, 0x9c, 0x0, 0xea, 0x27, 0x40, 0xb, 0x86,
    0x48, 0x0, 0x44, 0x0, 0xe9, 0xb8, 0x0, 0xdf,
    0x4c, 0x1, 0xff, 0x20, 0x7, 0x1a, 0x80, 0x7e,
    0x10, 0xf, 0xfe, 0x16, 0xf7, 0x40, 0x4e, 0x42,
    0x1, 0xff, 0x58, 0x8, 0x27, 0x80,

    /* U+7F57 "罗" */
    0x2, 0x99, 0xff, 0xe2, 0xb8, 0x2, 0xd9, 0xbf,
    0xf8, 0xb0, 0x1, 0xab, 0xfd, 0xc0, 0x7f, 0xf2,
    0x86, 0xff, 0xc4, 0x2, 0x1, 0x30, 0x7, 0xf8,
    0xc0, 0x3f, 0xfa, 0x4c, 0x22, 0x30, 0x0, 0x8e,
    0x3, 0x11, 0x80, 0x3d, 0x5d, 0xcd, 0x3, 0xee,
    0x90, 0x37, 0xba, 0x20, 0x10, 0xb6, 0x55, 0xc6,
    0x8, 0xab, 0xfd, 0x0, 0x2, 0x9a, 0xaa, 0xc8,
    0x22, 0xab, 0xf9, 0xc0, 0x3c, 0x3a, 0x28, 0x45,
    0xf8, 0x40, 0x3e, 0x2c, 0x30, 0x4e, 0xdd, 0xfb,
    0xa4, 0x3, 0x9f, 0x48, 0xd5, 0x7f, 0x80, 0x3c,
    0x9b, 0x1, 0x19, 0x55, 0xfb, 0xc0, 0x16, 0x1,
    0x69, 0x2e, 0xbc, 0xfb, 0x80, 0x71, 0x58, 0x31,
    0x0, 0x53, 0xf4, 0x41, 0x63, 0x14, 0x1, 0x17,
    0x89, 0x48, 0x7, 0xf1, 0x79, 0x2d, 0x2, 0xe1,
    0xf, 0x80, 0x7f, 0xc3, 0x82, 0xbd, 0x42, 0x2c,
    0x20, 0xf, 0xfe, 0x0, 0xc8, 0x8, 0x1f, 0x90,
    0x7, 0xff, 0x1, 0x72, 0x0, 0x11, 0x82, 0x1,
    0xfc, 0x4d, 0x5f, 0x46, 0xd, 0xce, 0x1, 0xfd,
    0x7f, 0xb2, 0xa0, 0x73, 0xf2, 0x20, 0x1f, 0xe2,
    0x3, 0x6a, 0xec, 0x60, 0xf, 0xfe, 0x0,

    /* U+7F6E "置" */
    0x0, 0x2b, 0xbf, 0xff, 0x14, 0x40, 0x3, 0x51,
    0x1f, 0xfc, 0x59, 0x0, 0xc7, 0xff, 0x28, 0x67,
    0xfc, 0x7, 0xff, 0x50, 0x7, 0xc2, 0x30, 0x1,
    0xc4, 0x60, 0x0, 0x8c, 0x40, 0x1e, 0x3e, 0xe9,
    0x42, 0xfb, 0xa0, 0x3e, 0xea, 0x3, 0xc0, 0x3,
    0x95, 0x5e, 0x90, 0x2a, 0xaf, 0xce, 0x0, 0x64,
    0x22, 0xf7, 0x80, 0x8, 0xbf, 0x30, 0x14, 0xc4,
    0x7c, 0xc0, 0x51, 0x1f, 0xa4, 0x4b, 0xff, 0xf3,
    0x5, 0xff, 0xff, 0x8, 0x6, 0x56, 0x6c, 0x80,
    0x6c, 0xdc, 0xa0, 0x1f, 0x25, 0x4c, 0xe2, 0x8,
    0x99, 0xea, 0x60, 0xf, 0x8, 0x3f, 0x77, 0xfa,
    0x0, 0x40, 0x3f, 0x3f, 0x77, 0xfa, 0x0, 0x3f,
    0xcf, 0xbb, 0xfe, 0x80, 0xf, 0xf1, 0x22, 0x7f,
    0xb4, 0x3, 0xfc, 0x97, 0x7f, 0xe4, 0x0, 0xff,
    0x36, 0x67, 0xfa, 0x40, 0x3f, 0xcf, 0xdd, 0xfe,
    0x80, 0xf, 0xf4, 0x77, 0x7f, 0xa0, 0x3, 0x89,
    0xdd, 0xe1, 0x8c, 0xdf, 0xec, 0xc, 0x77, 0x1a,
    0x44, 0x14, 0x12, 0x23, 0xfc, 0x80, 0x91, 0xa,

    /* U+7F8A "羊" */
    0x0, 0xff, 0xe7, 0xf5, 0x80, 0x7e, 0x5f, 0x90,
    0xf, 0xe5, 0x48, 0x0, 0xfa, 0x3, 0x0, 0x3f,
    0xa4, 0x1c, 0x3, 0xca, 0x46, 0xa0, 0x1e, 0x11,
    0x8d, 0x4, 0x84, 0x7a, 0x42, 0x44, 0x60, 0x8,
    0xfb, 0xb2, 0xe, 0xf7, 0x71, 0x85, 0x77, 0x50,
    0x0, 0x24, 0x33, 0xf8, 0x0, 0x67, 0xfb, 0x0,
    0x3, 0x79, 0x9f, 0x0, 0x33, 0x3f, 0x20, 0x7,
    0xff, 0x8c, 0x7f, 0xfe, 0x0, 0x7f, 0xfc, 0x20,
    0x18, 0x50, 0xcf, 0xc0, 0x3, 0x3f, 0x20, 0x80,
    0x75, 0xe6, 0x78, 0x1, 0x99, 0xeb, 0x0, 0xff,
    0xf1, 0xae, 0x6e, 0xfe, 0x0, 0x6e, 0xfe, 0xc7,
    0x23, 0x22, 0xfc, 0x0, 0x22, 0xfc, 0x7c, 0xff,
    0xff, 0xc0, 0xf, 0xff, 0xe9, 0x0, 0xff, 0xff,
    0x80, 0x7f, 0xf2, 0xcc, 0x80, 0x3f, 0xc0,

    /* U+7F8E "美" */
    0x0, 0xe2, 0x0, 0xfe, 0x12, 0x0, 0xfe, 0x4d,
    0xc0, 0xf, 0x87, 0xb4, 0x40, 0x3f, 0x21, 0x1c,
    0x0, 0x7a, 0xc1, 0x84, 0x3, 0xfb, 0x80, 0xc0,
    0x39, 0x14, 0x60, 0x3, 0xd7, 0xff, 0x60, 0x27,
    0xff, 0x58, 0xf, 0x7f, 0xd0, 0x0, 0xd4, 0x4f,
    0xc0, 0x4, 0x4f, 0xd8, 0x0, 0x6b, 0xbf, 0xa8,
    0xa, 0xef, 0xf2, 0x0, 0x45, 0x35, 0x5d, 0x60,
    0x55, 0x5e, 0x92, 0x0, 0xc8, 0xca, 0xbe, 0x0,
    0x2a, 0xf9, 0x90, 0x3, 0x37, 0xff, 0xb8, 0xb,
    0xff, 0xe6, 0x0, 0xff, 0xe6, 0x47, 0xff, 0xee,
    0x2, 0xff, 0xfe, 0x8d, 0x44, 0xfc, 0x40, 0x28,
    0x9f, 0xda, 0xb7, 0x7f, 0xa8, 0x1e, 0xef, 0xf9,
    0x42, 0x2a, 0xbf, 0x2, 0xd5, 0x7e, 0x91, 0x13,
    0xaa, 0xfc, 0x40, 0x6a, 0xbf, 0x98, 0x87, 0xff,
    0xe9, 0x3, 0xb7, 0xdf, 0xff, 0x8c, 0x3, 0xe1,
    0x80, 0x9e, 0x7d, 0x91, 0x0, 0xff, 0xe0, 0x16,
    0xa, 0x2d, 0x40, 0xb7, 0x48, 0x80, 0x7e, 0x17,
    0xd2, 0x25, 0x0, 0x1f, 0xa0, 0x1b, 0xa0, 0x3,
    0x12, 0xcf, 0x40, 0x26, 0x8, 0x6, 0x7e, 0x60,
    0x7e, 0x50, 0x9d, 0xa6, 0x2, 0xab, 0x10, 0xf,
    0xc, 0xea, 0xd, 0x2e, 0x9, 0xbe, 0x6a, 0x80,
    0x7f, 0x8a, 0xe8, 0x5c,

    /* U+7FC5 "翅" */
    0x0, 0xe5, 0x30, 0xf, 0xfe, 0x40, 0xd4, 0x0,
    0x46, 0xcd, 0x84, 0x99, 0xb2, 0x0, 0x71, 0x80,
    0x77, 0x4c, 0xeb, 0x99, 0xeb, 0x0, 0xff, 0xbe,
    0xa9, 0x20, 0x33, 0x55, 0x10, 0x8, 0x67, 0xfb,
    0x41, 0x3f, 0xd8, 0x4a, 0xa7, 0x1, 0x25, 0x59,
    0x80, 0x2b, 0x44, 0x18, 0xa, 0x22, 0xdd, 0xc0,
    0x18, 0xf0, 0x40, 0x39, 0xee, 0xdc, 0xb, 0x76,
    0x70, 0x82, 0x0, 0x84, 0xe0, 0x3, 0xff, 0x84,
    0xe3, 0x0, 0x11, 0x33, 0x8, 0x3, 0xff, 0x85,
    0xa, 0x40, 0x61, 0x60, 0xa0, 0x19, 0xf3, 0x7c,
    0x13, 0x74, 0xc0, 0xd2, 0x40, 0x11, 0x73, 0x80,
    0x6f, 0x32, 0x31, 0x11, 0x13, 0x0, 0xc, 0x1,
    0xc2, 0x40, 0x1a, 0x10, 0x7b, 0xab, 0xd, 0x2,
    0xd7, 0x0, 0xd5, 0x80, 0x1d, 0x82, 0x60, 0xd,
    0x4, 0x2c, 0x25, 0x0, 0xad, 0x60, 0x3, 0x94,
    0x2c, 0x0, 0xe2, 0x2c, 0x1c, 0x20, 0x6, 0x24,
    0x30, 0x7, 0x11, 0xb0, 0x20, 0xbc, 0xe, 0x18,
    0x0, 0xcd, 0x2e, 0x1, 0xf4, 0x8b, 0xc0, 0x5d,
    0x71, 0x80, 0x45, 0xec, 0x1, 0xf9, 0x4a, 0xd,
    0x48, 0x4, 0x3, 0xff, 0x89, 0x60, 0x9, 0x0,
    0x9e, 0x20, 0x1e, 0xd, 0x10, 0x50, 0x10, 0x8,
    0x6c, 0x1, 0xa8, 0x0, 0xb7, 0x62, 0x40, 0xc7,
    0x70, 0xb0, 0x4, 0x7e, 0x4d, 0x3, 0x78, 0xdd,
    0xcf, 0xd3, 0xa, 0xee, 0x7c, 0x80, 0x23, 0x5,
    0xe5, 0xf0, 0xcd, 0x3b, 0xdb, 0xac, 0xbb, 0x55,
    0x2e, 0xd4, 0x8, 0x35, 0x0, 0x3, 0xcd, 0x96,
    0x33, 0xc8, 0x9e, 0x20, 0xce, 0x50, 0xe, 0x26,
    0x9c, 0xee, 0x7f, 0xfd, 0x0,

    /* U+8089 "肉" */
    0x0, 0xfe, 0x14, 0x0, 0xff, 0xe3, 0x45, 0xa8,
    0x7, 0xff, 0x15, 0x40, 0x40, 0x3f, 0xf8, 0xa4,
    0xc, 0x1, 0xfa, 0x3b, 0xff, 0xe1, 0xd, 0xff,
    0xf7, 0x42, 0x88, 0x7, 0xff, 0x10, 0x50, 0x1,
    0xdf, 0xfc, 0xa0, 0xff, 0xfe, 0xe0, 0xf, 0xe2,
    0x50, 0x78, 0x0, 0xff, 0xe1, 0xf8, 0x20, 0xbf,
    0x20, 0x7, 0xfc, 0x38, 0x44, 0xbe, 0x61, 0xb9,
    0x0, 0xfe, 0x6f, 0x31, 0xc0, 0x4, 0xd8, 0xb6,
    0x88, 0x7, 0xa6, 0x42, 0xbe, 0x37, 0xe0, 0x9e,
    0x64, 0x60, 0x1e, 0xb8, 0xda, 0x12, 0x41, 0x0,
    0xe, 0x71, 0x0, 0x78, 0x9c, 0x80, 0x14, 0xa,
    0x1, 0x84, 0x3, 0xfe, 0x27, 0x4, 0xa1, 0x0,
    0xff, 0xe1, 0x70, 0x31, 0xaf, 0x98, 0x7, 0xfc,
    0x36, 0x66, 0x9c, 0x71, 0xc7, 0x0, 0xfc, 0x2f,
    0xe8, 0x78, 0x0, 0x8a, 0x8, 0x90, 0xf, 0xaa,
    0x5, 0xf0, 0x3, 0x2e, 0xb, 0x8, 0x7, 0xaa,
    0x9d, 0x0, 0x1e, 0x3c, 0xd1, 0x0, 0xf0, 0xa8,
    0x80, 0x7e, 0x22, 0x0, 0x7f, 0xf1, 0xb3, 0x75,
    0xe0, 0xc8, 0x42, 0x1, 0xff, 0x21, 0x10, 0x52,
    0x27, 0x40, 0x3f, 0xf8, 0x11, 0xff, 0x59, 0x0,

    /* U+80A0 "肠" */
    0x0, 0x22, 0xae, 0x20, 0x0, 0x8f, 0xe2, 0x20,
    0x4, 0xd7, 0x55, 0xb8, 0x37, 0xbb, 0xf6, 0xe8,
    0x80, 0x2, 0xd, 0x32, 0x1, 0x5, 0x44, 0xf0,
    0x80, 0x18, 0x80, 0x35, 0x33, 0x4, 0x1, 0x17,
    0x7d, 0xa2, 0x13, 0x20, 0xf, 0xfe, 0x25, 0x48,
    0xdb, 0x0, 0x7f, 0xf0, 0xd3, 0x55, 0x3d, 0x0,
    0x3e, 0xde, 0xe0, 0x80, 0x43, 0x56, 0x53, 0x62,
    0x1, 0xf8, 0xce, 0x0, 0x9f, 0x94, 0xb, 0x6e,
    0xfc, 0x80, 0x17, 0x6e, 0x84, 0x1, 0xe0, 0x11,
    0x22, 0x7d, 0xc0, 0x1f, 0xd1, 0xdc, 0x90, 0x9e,
    0x60, 0xab, 0x3, 0x0, 0xff, 0x8, 0xa8, 0x18,
    0x50, 0x54, 0x0, 0x21, 0xe0, 0x1f, 0xc8, 0x6c,
    0x8, 0x4e, 0x2, 0x1e, 0x1, 0x67, 0xf8, 0x40,
    0x34, 0x4, 0x7, 0x5, 0x81, 0x80, 0x80, 0x81,
    0x9c, 0x1, 0xa0, 0xe0, 0x49, 0x50, 0x83, 0x80,
    0x80, 0x83, 0x32, 0x10, 0x4, 0x39, 0xb8, 0x48,
    0x40, 0x0, 0x81, 0xc1, 0x84, 0x3, 0x8d, 0xcf,
    0x1, 0x51, 0x4c, 0x0, 0xc0, 0x40, 0x44, 0x0,
    0xe3, 0xec, 0x2, 0xa1, 0xb0, 0x8, 0x80, 0x48,
    0x14, 0x3, 0xc2, 0x5, 0x81, 0x42, 0x0, 0x21,
    0x30, 0x50, 0xf0, 0xf, 0x8f, 0x6, 0x90, 0x2,
    0x50, 0x40, 0xa0, 0x71, 0xbc, 0x16, 0x7, 0xc1,
    0xa5, 0x6, 0xab, 0x80, 0xb0, 0x75, 0x11, 0x39,
    0x94, 0x5, 0x96, 0x28, 0x0, 0xd5, 0x6, 0x4c,
    0x2a, 0x80, 0xc, 0xfd, 0x30, 0xcd, 0x30, 0x9,
    0x7f, 0xdc, 0xc0, 0x0,

    /* U+80AA "肪" */
    0x0, 0xff, 0xe1, 0x99, 0x0, 0x7f, 0x15, 0xdf,
    0x48, 0x7, 0xbb, 0x80, 0x1f, 0xc8, 0x9e, 0x61,
    0x0, 0xe4, 0x31, 0x0, 0xff, 0x4f, 0xf9, 0x0,
    0x3e, 0xc0, 0x50, 0xf, 0xf1, 0x80, 0x4, 0xd,
    0xe6, 0x76, 0x1e, 0xcc, 0xe7, 0x0, 0xff, 0x34,
    0x33, 0x71, 0xb3, 0x74, 0x10, 0x6, 0xf6, 0x0,
    0x96, 0xa2, 0xe, 0x0, 0x88, 0xf4, 0x90, 0x6,
    0x19, 0x80, 0x9, 0x5d, 0xd2, 0x4, 0xef, 0xe6,
    0x0, 0xee, 0x77, 0x28, 0x7, 0x18, 0x7, 0xff,
    0xe, 0x2d, 0x0, 0x3f, 0x2a, 0xf1, 0x80, 0x7e,
    0x41, 0x0, 0xe1, 0x2, 0xaa, 0xec, 0x0, 0xc2,
    0x2, 0x0, 0x60, 0xe, 0x60, 0x27, 0x79, 0x80,
    0x3f, 0x8f, 0x4c, 0x3, 0x88, 0x2a, 0x22, 0x90,
    0x10, 0xd, 0xe1, 0xf8, 0x64, 0x1, 0xda, 0x4,
    0x1, 0xfe, 0x10, 0x73, 0xf7, 0x0, 0xe4, 0x7,
    0x0, 0xe3, 0x0, 0xc4, 0x1b, 0x82, 0x1, 0xc4,
    0x22, 0x20, 0x8, 0x40, 0x40, 0x33, 0x0, 0x80,
    0x7d, 0x40, 0xe0, 0x18, 0xc1, 0xc0, 0x31, 0x10,
    0x3, 0xe1, 0x70, 0xa0, 0xc, 0xc0, 0x40, 0x11,
    0x83, 0x80, 0x7d, 0x40, 0x66, 0x0, 0xc4, 0x2,
    0x1, 0x20, 0x60, 0x7, 0xa1, 0x3, 0xc0, 0x3b,
    0x3, 0x40, 0x2a, 0x4, 0x18, 0x94, 0xb, 0x70,
    0x83, 0x4, 0xcb, 0xc5, 0x4, 0x0, 0x99, 0x8,
    0xdd, 0x85, 0x70, 0x65, 0xc0, 0xc, 0x48, 0x63,
    0x22, 0x1, 0x5d, 0x80, 0xbb, 0x3a, 0x9b, 0x98,
    0x2, 0x2e, 0xff, 0x73, 0x0, 0x40,

    /* U+80E1 "胡" */
    0x0, 0xe5, 0x30, 0xf, 0xfe, 0x30, 0xd7, 0x80,
    0x7f, 0xf1, 0x8c, 0x4, 0x3, 0xdd, 0xff, 0xed,
    0x0, 0xff, 0xe0, 0x10, 0x82, 0x26, 0x2, 0x0,
    0xff, 0xe1, 0x25, 0xde, 0x10, 0x5b, 0xbb, 0x80,
    0xae, 0xea, 0x10, 0xf, 0xec, 0x44, 0x8c, 0x0,
    0x89, 0x29, 0x80, 0x4c, 0x20, 0x1a, 0x7b, 0x75,
    0x80, 0x5b, 0xb7, 0x10, 0x1, 0x67, 0xd0, 0x3,
    0x9, 0x10, 0x40, 0x4, 0x50, 0x80, 0x4b, 0x61,
    0x70, 0x1, 0xff, 0xc5, 0x4c, 0x27, 0x10, 0xf,
    0xfe, 0x29, 0x6e, 0x84, 0x0, 0x77, 0x9c, 0x5,
    0x98, 0xa0, 0xf, 0xc4, 0x1, 0x52, 0x19, 0x80,
    0x6, 0x65, 0x20, 0x10, 0x10, 0x2, 0x60, 0x80,
    0x6b, 0xff, 0xc8, 0x2, 0xe, 0x4, 0x79, 0x66,
    0x1, 0xff, 0xc2, 0x20, 0x4c, 0x34, 0xd1, 0x0,
    0xff, 0xe0, 0xf8, 0x51, 0xd5, 0x90, 0x7, 0xff,
    0x9, 0xc1, 0xf1, 0x40, 0x3e, 0x10, 0xc, 0xe0,
    0x3, 0x12, 0x10, 0xf, 0xea, 0xff, 0xc6, 0x3,
    0x40, 0xa0, 0x1f, 0xa9, 0x13, 0xe6, 0x6, 0x9,
    0x0, 0xfc, 0x77, 0x7f, 0x4c, 0x81, 0x84, 0x7,
    0x76, 0x11, 0x0, 0x7f, 0x2a, 0x14, 0x80, 0x5,
    0x88, 0xaa, 0x0, 0xfe, 0x59, 0xf0, 0xd, 0x7f,
    0xed, 0x40,

    /* U+80F8 "胸" */
    0x0, 0xff, 0xe6, 0x2a, 0xf1, 0x0, 0x7, 0xa8,
    0x3, 0xfc, 0xd5, 0x5d, 0x80, 0x6, 0x12, 0x0,
    0xff, 0xe0, 0x34, 0xc8, 0x80, 0x2a, 0xc, 0x22,
    0xf8, 0x40, 0x36, 0xb3, 0x40, 0x4, 0x20, 0xbd,
    0xdf, 0xb8, 0x80, 0x3f, 0xa4, 0x11, 0x57, 0xe1,
    0x1, 0x0, 0xb1, 0x0, 0x2a, 0x24, 0xba, 0xaf,
    0x98, 0x3, 0x8a, 0xd4, 0x5, 0x43, 0xe8, 0x0,
    0xf4, 0x1, 0xfd, 0xcb, 0x4a, 0x6, 0xcc, 0x58,
    0x9, 0x31, 0x50, 0xf, 0x9e, 0xa0, 0xc7, 0x1d,
    0x61, 0xd4, 0x69, 0x28, 0x3, 0xf9, 0xd8, 0x0,
    0x3e, 0xe5, 0x46, 0x70, 0x0, 0x40, 0x21, 0x0,
    0xce, 0x1, 0xd0, 0x16, 0x1, 0xfe, 0x12, 0xb3,
    0x0, 0xec, 0xa, 0x0, 0xfd, 0xe1, 0x3a, 0xa4,
    0x1, 0x89, 0x94, 0x98, 0x3, 0xe1, 0x3, 0x6f,
    0x60, 0xd, 0x23, 0x49, 0x0, 0x1c, 0x20, 0x61,
    0x12, 0x20, 0x19, 0x11, 0x61, 0xe3, 0xc0, 0x3,
    0x0, 0x98, 0x80, 0x3e, 0x4c, 0x50, 0x4d, 0xe0,
    0xf, 0x13, 0x0, 0x7c, 0xb5, 0x33, 0x5d, 0x0,
    0x4, 0xc, 0x44, 0x60, 0x1e, 0x32, 0x66, 0xe3,
    0x20, 0x70, 0x3, 0x86, 0x0, 0x7b, 0x3f, 0xfe,
    0xd0, 0x20, 0x1d, 0x4, 0x29, 0x92, 0x98, 0x7,
    0xcb, 0x10, 0xa1, 0x30, 0xc6, 0x3, 0x46, 0xb,
    0x0, 0xf8, 0x9d, 0xca, 0x10, 0xf, 0x20, 0x3b,
    0xfc, 0xc0, 0x1f, 0x3e, 0xe6, 0x3d, 0x0,

    /* U+80FD "能" */
    0x0, 0xe2, 0x0, 0xf1, 0xa8, 0x7, 0xff, 0x5,
    0x36, 0xc0, 0x3b, 0xe8, 0x3, 0xff, 0x83, 0x41,
    0xe4, 0xa0, 0x10, 0x80, 0x80, 0x7f, 0xd4, 0x2c,
    0x8b, 0x4c, 0x1, 0xff, 0xc3, 0x75, 0x39, 0x7,
    0x19, 0x10, 0xb, 0xbf, 0xf9, 0x80, 0x27, 0x80,
    0x58, 0xab, 0x0, 0x58, 0x4, 0x89, 0xca, 0xa0,
    0xa, 0x40, 0xc, 0xea, 0x80, 0x5, 0x20, 0x5,
    0x5d, 0xea, 0x30, 0xa, 0x9e, 0x6f, 0x7b, 0xfa,
    0x41, 0x0, 0x3f, 0xf8, 0x9, 0xc, 0x84, 0x20,
    0x6, 0xd6, 0x10, 0xf, 0xfe, 0x6, 0xff, 0xfb,
    0x48, 0x14, 0x36, 0xae, 0xd9, 0x92, 0x80, 0x4,
    0x85, 0x13, 0x1, 0x8, 0x59, 0x99, 0x51, 0x4,
    0x58, 0x0, 0x60, 0x97, 0x79, 0x0, 0x25, 0x57,
    0xfe, 0xee, 0x9c, 0x3, 0x36, 0x38, 0x7, 0xad,
    0x84, 0x3, 0xfe, 0x65, 0x8d, 0x40, 0xc, 0x20,
    0x1f, 0xfc, 0x29, 0xb0, 0xb4, 0x0, 0xe9, 0x77,
    0xe3, 0x0, 0xe3, 0x4, 0xd8, 0x10, 0xe, 0x78,
    0x8f, 0x0, 0x42, 0x2, 0xd, 0x90, 0x20, 0x1d,
    0x9b, 0xbb, 0xac, 0x2, 0x60, 0x5e, 0x92, 0xb4,
    0x0, 0xe2, 0x2e, 0x12, 0x40, 0x6, 0x83, 0xa,
    0xfa, 0x0, 0x7f, 0xf0, 0x16, 0xc4, 0x14, 0x2b,
    0x68, 0x40, 0x38, 0x40, 0x3e, 0xd0, 0x37, 0x24,
    0x12, 0x0, 0xf9, 0x83, 0x2e, 0xf6, 0x28, 0x91,
    0x2, 0x0, 0x7, 0x32, 0x50, 0xa, 0xc, 0x91,
    0x31, 0x95, 0x2, 0xf9, 0x80, 0x5, 0x18, 0x1c,
    0x40, 0xb3, 0xff, 0xda, 0x80,

    /* U+8102 "脂" */
    0x0, 0xff, 0x11, 0x0, 0x3f, 0xe1, 0x99, 0xf1,
    0x86, 0x78, 0x7, 0xfc, 0xcd, 0xf4, 0x80, 0x98,
    0x7, 0xff, 0x6, 0xfb, 0x9a, 0x1, 0x86, 0xab,
    0xf2, 0x80, 0x66, 0x11, 0x18, 0x7, 0x2a, 0xfe,
    0xf0, 0xf, 0xfe, 0x0, 0xff, 0xfe, 0xa0, 0xd,
    0x4c, 0x1, 0xff, 0xc8, 0x49, 0x70, 0xf, 0xfe,
    0x3f, 0x24, 0x48, 0x4, 0x43, 0x2f, 0x11, 0x4c,
    0xe2, 0x0, 0xd6, 0xa4, 0x1, 0x48, 0x34, 0x3b,
    0xcc, 0xd9, 0x40, 0x3a, 0xac, 0x2, 0x4f, 0xdc,
    0xdd, 0xbb, 0xaf, 0x70, 0x8, 0xc0, 0xe, 0x1,
    0xc6, 0x46, 0x70, 0x0, 0x40, 0x2f, 0x0, 0x15,
    0xc8, 0x5, 0x3f, 0xdd, 0xf7, 0xd0, 0x0, 0x42,
    0x35, 0x20, 0x2, 0x20, 0x56, 0x6e, 0x50, 0x70,
    0x1, 0x81, 0x1e, 0xb0, 0x7, 0x5c, 0xcf, 0x58,
    0x6, 0x11, 0x5e, 0x10, 0x7, 0xff, 0x15, 0x88,
    0x3, 0xfa, 0xea, 0xba, 0xc0, 0x31, 0x28, 0x7,
    0xf2, 0xaf, 0xc0, 0x11, 0x87, 0x0, 0x7f, 0x77,
    0xff, 0x70, 0x5, 0x60, 0x80, 0x1f, 0xfc, 0x75,
    0x13, 0x7, 0x9b, 0x3, 0x0, 0xaa, 0xbe, 0x1,
    0x7, 0x90, 0x7, 0x32, 0x8d, 0x1, 0x82, 0x2a,
    0xf2, 0x3, 0x5, 0x38, 0x2, 0x77, 0x5c, 0x61,
    0x1f, 0xff, 0xd4, 0x0,

    /* U+810A "脊" */
    0x0, 0xff, 0xa, 0x0, 0x7f, 0xf0, 0x1a, 0x54,
    0x3, 0xae, 0xc8, 0x1, 0xcb, 0x2, 0x1, 0x73,
    0x57, 0xc9, 0x0, 0x10, 0x14, 0x5, 0xab, 0xe9,
    0xd4, 0x2, 0x8f, 0xb4, 0x6c, 0x3, 0x12, 0x10,
    0x89, 0x54, 0x8e, 0x40, 0xe, 0x4b, 0xca, 0xa,
    0x2, 0x40, 0xac, 0xfb, 0x71, 0x0, 0xc4, 0xb1,
    0x79, 0x6a, 0xc2, 0x14, 0xb9, 0x8e, 0xb7, 0x20,
    0xa, 0xf6, 0x9d, 0x11, 0x10, 0x8, 0xb1, 0xb8,
    0x62, 0x48, 0xda, 0x0, 0x7b, 0x4e, 0x7d, 0x59,
    0x2b, 0x24, 0x8c, 0xee, 0x7d, 0xb6, 0x0, 0x12,
    0x58, 0xd3, 0xcd, 0x28, 0x0, 0xd4, 0x37, 0x22,
    0x92, 0xc0, 0x19, 0x2e, 0xc2, 0xd6, 0x1, 0x97,
    0x49, 0xba, 0x8, 0x0, 0x73, 0xb6, 0x80, 0x6,
    0xff, 0xf6, 0x90, 0x1, 0xf7, 0x1a, 0x58, 0x90,
    0xc1, 0x15, 0x7f, 0x20, 0x24, 0x99, 0xbe, 0xaf,
    0xad, 0x43, 0xea, 0xea, 0xbd, 0xe0, 0x6, 0xcf,
    0x90, 0x41, 0x0, 0xd7, 0xdf, 0xb4, 0xe6, 0x1,
    0xff, 0xc3, 0x9a, 0x87, 0x74, 0x66, 0x80, 0x7f,
    0xc6, 0xe, 0x4a, 0xf5, 0xbd, 0x14, 0x1, 0xff,
    0x8, 0x7, 0x85, 0x47, 0xa4, 0x3, 0xfc, 0xc0,
    0x6, 0x9b, 0xee, 0x5c, 0xb1, 0x80, 0x7f, 0x88,
    0x1a, 0x59, 0x9, 0xa7, 0x3e, 0x80, 0x3f, 0x90,
    0x11, 0x6f, 0x3f, 0x25, 0x8c, 0x3, 0xfe, 0xe0,
    0xd0, 0x43, 0x0, 0xfc, 0x20, 0x1e, 0x35, 0x7,
    0x0, 0xf2, 0x55, 0x20, 0xc, 0x3, 0xc2, 0x52,
    0x20, 0x1f, 0x3a, 0x92, 0x58, 0x6,

    /* U+812F "脯" */
    0x0, 0xff, 0xe1, 0xa3, 0x82, 0x8, 0x7, 0x1d,
    0x5d, 0xd4, 0x80, 0x1e, 0x88, 0x15, 0xf9, 0x80,
    0x6a, 0x54, 0x49, 0x7c, 0x3, 0xf1, 0xd8, 0x62,
    0x80, 0x74, 0xd5, 0x0, 0x3f, 0xe4, 0xd3, 0x0,
    0xf3, 0xaa, 0x80, 0x9, 0xff, 0xc6, 0x1d, 0xf8,
    0x75, 0x40, 0xf, 0xe6, 0x44, 0xe0, 0x1, 0xa2,
    0x6c, 0x0, 0xc8, 0x40, 0x11, 0x5d, 0xf1, 0x86,
    0xdd, 0xe6, 0x0, 0xd7, 0x86, 0x1, 0x88, 0xce,
    0x10, 0x53, 0x38, 0x40, 0x3a, 0x83, 0x40, 0x29,
    0xdc, 0xc8, 0x82, 0xf3, 0x2e, 0x0, 0xe5, 0xd6,
    0x0, 0x88, 0x19, 0xdc, 0x20, 0xef, 0x8, 0x8,
    0x7, 0x1c, 0x0, 0x74, 0x44, 0x41, 0x31, 0x2,
    0x0, 0xc6, 0x1, 0x8, 0x7, 0x44, 0xc8, 0x82,
    0x26, 0x44, 0x1, 0xe1, 0x6f, 0x0, 0xe6, 0x68,
    0x41, 0x9a, 0x10, 0xf, 0x64, 0x90, 0x7, 0x77,
    0xf8, 0xc3, 0xbf, 0xc6, 0x1, 0x98, 0x0, 0xd8,
    0x1, 0xff, 0xc6, 0x12, 0xc9, 0x0, 0xf4, 0x4c,
    0x88, 0x22, 0x64, 0x40, 0x18, 0x84, 0x3, 0xf3,
    0x34, 0x20, 0xcd, 0x8, 0x4, 0x20, 0xa0, 0x1f,
    0xbb, 0xfc, 0x61, 0xdf, 0xe3, 0x0, 0x94, 0x38,
    0x3, 0xff, 0x91, 0x80, 0x80, 0x1f, 0xfc, 0x86,
    0x13, 0x4b, 0xc0, 0x20, 0xf, 0xe8, 0xa3, 0x1,
    0x5, 0x60, 0x65, 0x33, 0x58, 0x8, 0x8, 0x1,
    0x48, 0x49, 0x41, 0xc0, 0x17, 0x0, 0x5d, 0xf8,
    0x41, 0x5a, 0x1, 0x4e, 0x85, 0x7f, 0xa0, 0x0,

    /* U+8154 "腔" */
    0x0, 0xff, 0xe1, 0x1b, 0x80, 0x7f, 0x25, 0xdf,
    0x28, 0x7, 0x5c, 0x30, 0x7, 0xed, 0x44, 0xee,
    0x0, 0xea, 0x8, 0x0, 0xff, 0x6f, 0xf8, 0x0,
    0x37, 0x99, 0x70, 0xe, 0xe6, 0x56, 0x40, 0x18,
    0xc0, 0x32, 0x20, 0xc4, 0x8c, 0x48, 0xa1, 0x34,
    0x40, 0x7, 0xfd, 0x3a, 0xe1, 0x9e, 0xd, 0xb2,
    0x1, 0xe8, 0x40, 0x8, 0x40, 0xc0, 0x80, 0x80,
    0x31, 0x9, 0x0, 0x63, 0xb4, 0x0, 0x26, 0xa8,
    0x21, 0x0, 0x72, 0x72, 0x0, 0x6b, 0x3b, 0x0,
    0x88, 0x1c, 0x28, 0x3, 0xff, 0x83, 0x96, 0x1,
    0xa2, 0x2, 0xc0, 0x60, 0x8f, 0x10, 0x30, 0xf,
    0x20, 0x1, 0x3d, 0xc7, 0x44, 0x5, 0x4e, 0x1d,
    0xd6, 0x0, 0x30, 0x10, 0xc, 0xaa, 0x7f, 0x30,
    0xa, 0xbf, 0xbf, 0xd0, 0x1, 0xcb, 0xc0, 0x1,
    0xa8, 0x10, 0xf, 0x8, 0x7, 0x8, 0x5d, 0x10,
    0x6, 0x9a, 0xaf, 0xe5, 0x0, 0x9c, 0x49, 0xf0,
    0x2, 0x16, 0x55, 0xfe, 0xf0, 0x8, 0x4a, 0x60,
    0x3, 0xf, 0xfe, 0x50, 0xbf, 0xfa, 0x80, 0x22,
    0x70, 0xf, 0xfe, 0x41, 0x1, 0x80, 0x7f, 0xf2,
    0x1c, 0x34, 0x3, 0xff, 0x91, 0x80, 0x80, 0x1f,
    0xfc, 0x87, 0x21, 0x49, 0xa0, 0x28, 0xff, 0xe5,
    0xb, 0xff, 0xd0, 0x5, 0x60, 0xec, 0xa3, 0x5c,
    0x67, 0xff, 0xc0, 0xe0, 0xc6, 0x3, 0xff, 0x71,
    0xb6, 0x67, 0xff, 0x1, 0x80,

    /* U+817F "腿" */
    0x0, 0xff, 0xe6, 0xbd, 0xe6, 0x2d, 0xc1, 0xf8,
    0x40, 0x7, 0x33, 0xe2, 0x0, 0xa5, 0xc, 0xc9,
    0x20, 0x83, 0x0, 0x8, 0x66, 0xf5, 0x80, 0x64,
    0xff, 0x20, 0x0, 0xd5, 0x88, 0x2, 0xff, 0xb4,
    0xc, 0x3, 0xe1, 0x0, 0xa0, 0xd8, 0x0, 0x20,
    0x11, 0x80, 0x7f, 0xf0, 0x4b, 0x10, 0x0, 0x37,
    0x76, 0x80, 0x79, 0xd8, 0x2, 0x4e, 0xff, 0x90,
    0x0, 0xab, 0x10, 0x7, 0x86, 0x2c, 0x0, 0xea,
    0x80, 0x4, 0x1, 0xee, 0xbc, 0x3, 0xcd, 0x48,
    0xa0, 0x77, 0x40, 0xe0, 0x1f, 0xfc, 0x24, 0xf5,
    0x0, 0xa0, 0x24, 0x0, 0x3f, 0xf7, 0x1, 0x80,
    0x7f, 0x89, 0x9c, 0x40, 0x25, 0x5e, 0xa0, 0x8,
    0x44, 0x1, 0xdc, 0x1c, 0xa0, 0x1, 0xbd, 0xaa,
    0xad, 0x0, 0x30, 0xd2, 0x83, 0x18, 0x4d, 0x20,
    0x1, 0x62, 0x82, 0x5c, 0x80, 0x27, 0xe5, 0x20,
    0x6a, 0xb5, 0x6, 0x0, 0x24, 0xae, 0xb5, 0x30,
    0x8, 0x23, 0xeb, 0x80, 0x15, 0x0, 0x4, 0x1,
    0x33, 0x92, 0xa8, 0x0, 0x61, 0xf0, 0x40, 0x1c,
    0x88, 0x0, 0xec, 0x45, 0x70, 0x3, 0x1, 0x0,
    0x79, 0x7, 0x80, 0x3, 0x3f, 0x72, 0x70, 0xa0,
    0x60, 0xc0, 0x1e, 0xe0, 0x41, 0x50, 0x64, 0xc2,
    0xd1, 0xc0, 0xd0, 0x20, 0xe, 0x35, 0x8, 0x21,
    0x5c, 0xb3, 0x1, 0xc9, 0x4, 0x30, 0xf, 0x70,
    0x3b, 0x4d, 0xd1, 0x80, 0x62, 0x3, 0x1b, 0x7,
    0x78, 0x30, 0xa6, 0x1d, 0x6f, 0x6a, 0x62, 0x13,
    0x50, 0x42, 0xc3, 0x30, 0x4c, 0x2c, 0xc0, 0x8c,
    0x60, 0x56, 0x77, 0x32, 0x80, 0xf0, 0x8b, 0xb7,
    0xe3, 0x64, 0x2, 0x39, 0xdf, 0xf7, 0x73, 0xfd,
    0x0,

    /* U+81EA "自" */
    0x0, 0xfc, 0xa2, 0x1, 0xff, 0xc3, 0x9a, 0xb0,
    0xf, 0xfe, 0x1b, 0x87, 0x80, 0x7f, 0xf0, 0x88,
    0x44, 0xa0, 0x1f, 0xa7, 0xff, 0xb4, 0x7, 0xff,
    0xf5, 0x20, 0x7, 0xff, 0x11, 0x0, 0x19, 0xff,
    0xff, 0xc0, 0xc0, 0xf, 0xfe, 0xe3, 0x11, 0x7f,
    0xf0, 0x1c, 0x3, 0x56, 0xef, 0xff, 0x2, 0xc0,
    0x31, 0x19, 0xff, 0xf0, 0x8, 0x3, 0x76, 0x67,
    0xff, 0x3, 0x80, 0x3f, 0xfb, 0x9b, 0xdd, 0xff,
    0xc0, 0xd0, 0xc, 0x23, 0xff, 0xc2, 0x0, 0xd9,
    0xff, 0xff, 0xc0, 0xc0, 0xf, 0xff, 0x76, 0x77,
    0x7f, 0xf0, 0x30, 0x0, 0xe0, 0x1, 0x1f, 0xfe,
    0x0, 0x1, 0x40,

    /* U+81F3 "至" */
    0x0, 0xff, 0xe5, 0xf7, 0xff, 0xff, 0x1b, 0x40,
    0x8, 0x67, 0xc0, 0x1, 0x33, 0xff, 0x20, 0x2,
    0xb3, 0x35, 0x80, 0xfe, 0x66, 0xdc, 0xce, 0x90,
    0xf, 0x24, 0x6, 0x88, 0x4, 0xbd, 0x62, 0x1,
    0xfc, 0x76, 0x14, 0x60, 0x19, 0x51, 0x18, 0x40,
    0x1f, 0x26, 0x5, 0x28, 0x7, 0xad, 0x8b, 0xc,
    0x3, 0x9a, 0xc0, 0xf6, 0x6a, 0x97, 0x98, 0xde,
    0x60, 0x1c, 0x30, 0xd, 0x40, 0x3, 0x76, 0x55,
    0x21, 0x90, 0x11, 0xa2, 0x3, 0x8, 0x2, 0xf8,
    0xab, 0xcd, 0xee, 0x6f, 0x73, 0x73, 0x17, 0x66,
    0x7, 0x0, 0x8d, 0xd5, 0xc, 0x84, 0x59, 0x80,
    0xf, 0x4f, 0x28, 0x7, 0xfc, 0x24, 0x1, 0xf0,
    0x80, 0x7f, 0xf3, 0x9b, 0xff, 0xe0, 0x7, 0xff,
    0xd2, 0x1, 0x88, 0xcf, 0xe0, 0x1, 0x9f, 0xde,
    0x1, 0x93, 0x33, 0xe0, 0x6, 0x67, 0xcc, 0x1,
    0xff, 0xf8, 0x8f, 0xff, 0xe0, 0x7, 0xff, 0xf4,
    0xe9, 0x9f, 0xff, 0x23, 0xc0,

    /* U+8272 "色" */
    0x0, 0xf9, 0x50, 0x3, 0xff, 0x90, 0x75, 0xe0,
    0x1f, 0xfc, 0x8e, 0x7, 0x9a, 0xae, 0x30, 0xf,
    0xfe, 0x4, 0x90, 0x1b, 0x2a, 0xf7, 0x0, 0x7f,
    0xcc, 0xc3, 0xdd, 0xe9, 0x0, 0x48, 0x7, 0xf9,
    0x64, 0x74, 0x8b, 0x1c, 0x4, 0xa0, 0x7, 0xf3,
    0x50, 0x68, 0x80, 0x6a, 0x16, 0x60, 0x7, 0xf4,
    0xc8, 0x1, 0xdb, 0xbc, 0x80, 0x9b, 0xbc, 0xe0,
    0x13, 0xb0, 0x80, 0x8, 0xbc, 0x0, 0x22, 0xf5,
    0x0, 0x48, 0x78, 0x0, 0xff, 0xe3, 0xe, 0xff,
    0xdc, 0x1, 0xc7, 0x84, 0x1, 0xff, 0xc2, 0x10,
    0xf, 0xff, 0x8, 0x80, 0x7f, 0xbf, 0xf8, 0xc3,
    0xbf, 0xf7, 0x0, 0x7f, 0x88, 0xbf, 0xf8, 0x4a,
    0x1, 0xfb, 0x77, 0xff, 0x85, 0x0, 0x1f, 0xfe,
    0x2a, 0xe0, 0xc, 0x20, 0x1f, 0xfc, 0x44, 0x10,
    0xc, 0x60, 0x60, 0x1f, 0xfc, 0x15, 0x12, 0x0,
    0xca, 0x19, 0xb9, 0x9f, 0xf6, 0xd0, 0x58, 0x6,
    0x88, 0x19, 0xff, 0xf0, 0x48, 0xe5, 0x80,

    /* U+8282 "节" */
    0x0, 0xf3, 0x20, 0x7, 0x91, 0x80, 0x3f, 0xf8,
    0x13, 0x20, 0xf, 0x4c, 0x84, 0x3, 0xfc, 0x20,
    0x1f, 0x8c, 0xc, 0x3, 0x93, 0x33, 0x68, 0x16,
    0x67, 0x84, 0x3b, 0x33, 0x31, 0x19, 0xf0, 0x0,
    0xcf, 0xc0, 0x3, 0x3e, 0xf6, 0xff, 0xdc, 0x5,
    0xff, 0xe1, 0xd, 0xff, 0xd2, 0x1, 0xff, 0xc2,
    0x30, 0xf, 0xfe, 0x0, 0xad, 0x0, 0x7a, 0x94,
    0x80, 0x3f, 0xea, 0x70, 0xf, 0x3d, 0x0, 0x7d,
    0x1f, 0xff, 0xfc, 0x54, 0x0, 0xb8, 0x8b, 0x84,
    0x4, 0x8b, 0xe0, 0x1, 0x0, 0x4d, 0xbb, 0xd0,
    0x9, 0xbb, 0xf3, 0x0, 0x7f, 0xff, 0xc0, 0x3f,
    0xfd, 0x11, 0x99, 0x30, 0x18, 0x7, 0xff, 0xf,
    0xcc, 0xe0, 0x45, 0x0, 0xff, 0xe1, 0xbf, 0x6f,
    0x7d, 0x80, 0x7f, 0xf1, 0x44, 0x84, 0x3, 0xff,
    0xac, 0xa1, 0xa0, 0x1f, 0xfc, 0x0,

    /* U+8299 "芙" */
    0x0, 0xe2, 0x0, 0xff, 0x10, 0x7, 0xf1, 0x6c,
    0x80, 0x7e, 0xad, 0x10, 0xe, 0x12, 0x23, 0x81,
    0x91, 0x4, 0x0, 0x24, 0x46, 0x5, 0x22, 0x8,
    0x37, 0x6e, 0xa8, 0x17, 0x75, 0xcf, 0x1d, 0xba,
    0x30, 0xbd, 0xd7, 0x42, 0x32, 0xa9, 0x0, 0x95,
    0x4c, 0xb6, 0xca, 0xa1, 0x4, 0x55, 0x35, 0x94,
    0xd5, 0x3c, 0x1e, 0xa9, 0x24, 0x73, 0x54, 0x50,
    0x9a, 0xa4, 0x98, 0x6, 0x51, 0xd0, 0xb, 0x68,
    0x2, 0x31, 0x20, 0xf, 0xc3, 0xce, 0x1, 0x13,
    0x80, 0x51, 0xc0, 0x1f, 0x2d, 0xdf, 0xc0, 0x57,
    0x7f, 0x38, 0x6, 0xc4, 0x4f, 0x80, 0x8, 0x9f,
    0x58, 0x6, 0x9f, 0xff, 0x70, 0x17, 0xff, 0xd8,
    0x1, 0xff, 0xe2, 0x5f, 0xff, 0xdc, 0x5, 0xff,
    0xfc, 0xa2, 0x45, 0xf8, 0x3, 0x11, 0x7e, 0x14,
    0xdd, 0xfc, 0x40, 0x1, 0xcd, 0xdf, 0x90, 0x3,
    0xf4, 0x92, 0xd0, 0xd0, 0x7, 0xff, 0xe, 0x18,
    0x6d, 0x59, 0x2c, 0x3, 0xff, 0x80, 0x78, 0xe3,
    0x82, 0x12, 0xa9, 0xa8, 0x1, 0xf9, 0x2f, 0xd,
    0x7c, 0x80, 0x2a, 0x72, 0xbc, 0x51, 0x0, 0x1d,
    0x75, 0xa1, 0xdd, 0x8, 0x7, 0x46, 0x21, 0xd7,
    0x63, 0x31, 0x49, 0xf7, 0x10, 0x3, 0xf1, 0xde,
    0xc1, 0x98, 0x40,

    /* U+82B1 "花" */
    0x0, 0xf1, 0xa8, 0x7, 0x90, 0xc0, 0x3f, 0xf8,
    0x1f, 0x40, 0x1e, 0xbe, 0x0, 0xff, 0xe0, 0x8,
    0x8, 0x7, 0x8c, 0x3, 0xcd, 0xff, 0xc4, 0x1d,
    0xef, 0x1f, 0xe0, 0x1f, 0xfe, 0x52, 0x33, 0xe0,
    0x1, 0x19, 0x69, 0x98, 0x0, 0x67, 0xcc, 0x99,
    0x9c, 0x41, 0x98, 0x55, 0x66, 0x0, 0x73, 0x38,
    0xc0, 0x3c, 0xc2, 0x20, 0xe, 0x13, 0x0, 0xff,
    0x8d, 0x10, 0x1, 0x3f, 0x97, 0xe0, 0x7, 0xfd,
    0xe1, 0x80, 0x17, 0x3, 0x8, 0x80, 0x3f, 0xcc,
    0x64, 0xc0, 0x1f, 0xfc, 0x52, 0x90, 0x90, 0xf,
    0xfe, 0x37, 0x0, 0x14, 0x3, 0xd3, 0x99, 0xf1,
    0x80, 0x28, 0xc0, 0x3f, 0x88, 0xcf, 0xe7, 0x9,
    0x51, 0x10, 0x7, 0xea, 0xff, 0xf9, 0x25, 0x83,
    0x4c, 0x3, 0xf0, 0x80, 0x7e, 0xc2, 0xc3, 0x0,
    0xff, 0xe3, 0x2e, 0x98, 0x7, 0xff, 0x14, 0x40,
    0x3f, 0xf9, 0x39, 0x60, 0x1f, 0xfc, 0x82, 0x60,
    0xf, 0xfe, 0x8, 0x80, 0x71, 0x83, 0x0, 0x7f,
    0xde, 0x15, 0xbb, 0xd8, 0x1a, 0x1, 0xff, 0x32,
    0x89, 0x17, 0x2, 0xb0, 0x6, 0x72, 0x10, 0xe,
    0xae, 0xff, 0xf5, 0x0,

    /* U+82B9 "芹" */
    0x0, 0xf1, 0x0, 0x7e, 0x21, 0x0, 0xff, 0x56,
    0x88, 0x7, 0x87, 0x68, 0x3, 0xc2, 0x39, 0x80,
    0x84, 0x2, 0x11, 0x28, 0x30, 0x8e, 0xa, 0xee,
    0xc6, 0x19, 0xde, 0x33, 0xdc, 0xb0, 0x2e, 0xec,
    0x5e, 0xab, 0x84, 0x11, 0x58, 0x75, 0x95, 0x0,
    0x55, 0x66, 0x25, 0xaa, 0xca, 0x15, 0x49, 0x4,
    0x9a, 0xa0, 0x2d, 0x55, 0x20, 0x1e, 0x9b, 0x10,
    0xf, 0xa0, 0xe1, 0xc0, 0x3c, 0x2f, 0x7b, 0x54,
    0xbc, 0xde, 0xfe, 0x87, 0x74, 0x30, 0x7, 0x4c,
    0x33, 0x15, 0x48, 0x60, 0x48, 0xd1, 0x59, 0xec,
    0x1, 0xf3, 0xf7, 0x3f, 0xed, 0xcb, 0x97, 0x53,
    0x0, 0xfe, 0xe1, 0x10, 0x7, 0xff, 0x6c, 0x42,
    0x7b, 0xbf, 0xf8, 0x68, 0x1, 0x18, 0x0, 0x47,
    0xff, 0x84, 0x1, 0xc2, 0x1b, 0xff, 0xea, 0x4,
    0xff, 0xee, 0x40, 0x9, 0x40, 0x80, 0x3f, 0xf8,
    0xc2, 0x22, 0x0, 0xff, 0xe3, 0xa0, 0x20, 0x7,
    0xff, 0x1e, 0x43, 0x0, 0x3f, 0xf8, 0xc8, 0x62,
    0xa0, 0x1f, 0xfc, 0x51, 0xa0, 0x80, 0xf, 0xfe,
    0x35, 0x9, 0xb0, 0x7, 0xff, 0x1b, 0x93, 0x40,
    0x3f, 0x9c, 0xc, 0x3, 0xe0,

    /* U+82F1 "英" */
    0x0, 0xe2, 0x50, 0xf, 0xc6, 0x80, 0x1f, 0xe9,
    0xa2, 0x0, 0xfb, 0xac, 0x3, 0xff, 0x80, 0x20,
    0x1f, 0x18, 0x7, 0x87, 0xbf, 0xe4, 0xc, 0xff,
    0x22, 0xff, 0xc2, 0x1f, 0xf8, 0xc5, 0xd1, 0x21,
    0x4, 0x42, 0xb3, 0xaa, 0xc0, 0x5, 0x59, 0x88,
    0x26, 0xee, 0x50, 0x9b, 0xa1, 0xa, 0xa8, 0x42,
    0xaa, 0x91, 0x0, 0xe2, 0x3, 0x0, 0x67, 0x80,
    0x48, 0x60, 0x1f, 0xe9, 0xf1, 0x1, 0x0, 0xea,
    0xc0, 0xf, 0xdd, 0xff, 0xdc, 0x5, 0xff, 0xf1,
    0x0, 0x62, 0x10, 0x44, 0xe0, 0x2, 0x27, 0x8,
    0x30, 0x7, 0x92, 0xef, 0x50, 0x15, 0xdf, 0x38,
    0x8, 0x7, 0xff, 0x54, 0xc0, 0x40, 0x3f, 0xf9,
    0xe6, 0x1, 0xab, 0xf4, 0x13, 0xff, 0x68, 0x1f,
    0xff, 0x28, 0x57, 0xde, 0xa1, 0x9f, 0xc2, 0x4,
    0x67, 0xf9, 0x31, 0xef, 0x33, 0xdc, 0x21, 0xcb,
    0x39, 0x9e, 0xb7, 0x0, 0xf8, 0xb0, 0x25, 0xdd,
    0x5c, 0xe2, 0x1, 0xff, 0x3e, 0x8b, 0xb2, 0x74,
    0x9c, 0x74, 0x8, 0x7, 0x85, 0xfa, 0x2, 0x60,
    0x2, 0x6d, 0xa2, 0x7e, 0x91, 0x3, 0x9d, 0xe8,
    0x16, 0xe6, 0x0, 0xf2, 0xed, 0x13, 0x72, 0x21,
    0x8d, 0x6b, 0xe4, 0x40, 0x3f, 0x97, 0x64, 0x41,
    0xfb, 0x94, 0xa0, 0x1f, 0xfc, 0x26, 0xe4,

    /* U+8304 "茄" */
    0x0, 0xf1, 0x0, 0x7e, 0x20, 0xf, 0xfa, 0xb4,
    0x40, 0x3c, 0x7b, 0x0, 0x1e, 0x11, 0xe0, 0x51,
    0x0, 0x84, 0x4c, 0x4, 0x23, 0x0, 0x2b, 0xbb,
    0x20, 0x5f, 0x78, 0xcf, 0x72, 0x81, 0x7b, 0xaf,
    0x2f, 0x55, 0xc2, 0x8, 0xac, 0x3a, 0xaa, 0x30,
    0x25, 0x59, 0x89, 0x6a, 0xb2, 0x4, 0xd4, 0x82,
    0x55, 0x3c, 0x16, 0xaa, 0x90, 0xe, 0x18, 0xb2,
    0x0, 0xf1, 0xdc, 0x80, 0x7e, 0x2e, 0xb4, 0x0,
    0xfc, 0x82, 0x1, 0xf9, 0x80, 0xc0, 0x3c, 0xb3,
    0x3e, 0x82, 0x4, 0xbb, 0x40, 0x25, 0xde, 0x40,
    0xa6, 0x6f, 0x3d, 0x6, 0x22, 0xc, 0x5, 0x13,
    0x70, 0x0, 0x77, 0x73, 0x80, 0x51, 0xfe, 0x90,
    0x8f, 0xf5, 0x81, 0x80, 0x44, 0x5b, 0x80, 0x3c,
    0x20, 0x40, 0x7, 0x0, 0xff, 0xe2, 0x70, 0x30,
    0x1, 0xc0, 0x40, 0x3f, 0xf8, 0x4a, 0x4, 0x0,
    0x10, 0xf0, 0xf, 0xfe, 0x11, 0x88, 0x80, 0x30,
    0x80, 0x7f, 0xf0, 0x4c, 0x14, 0x2, 0x30, 0x30,
    0xf, 0xfe, 0xa, 0x6, 0x80, 0x42, 0x2, 0x1,
    0xff, 0xc1, 0xa0, 0x40, 0xb, 0x81, 0xc0, 0x3f,
    0xf8, 0xa, 0x46, 0x40, 0x11, 0x1, 0x0, 0x7f,
    0xc3, 0x61, 0x0, 0x19, 0x40, 0x40, 0x3f, 0xed,
    0x14, 0x40, 0x4d, 0xe8, 0xa0, 0x4, 0x37, 0x7c,
    0x1, 0x31, 0xd0, 0x0, 0x50, 0x8e, 0x40, 0x4,
    0x8, 0x98, 0x83, 0x42, 0xb0, 0x40, 0x11, 0xfe,
    0xc2, 0x0, 0x6f, 0xf7, 0x77, 0xa8, 0x0,

    /* U+8349 "草" */
    0x0, 0xe2, 0x60, 0xf, 0xca, 0x40, 0x1f, 0xeb,
    0x94, 0x0, 0xf0, 0xd7, 0x0, 0x71, 0xde, 0x64,
    0xe1, 0x39, 0x68, 0x57, 0x9a, 0x7, 0x99, 0x95,
    0x90, 0xce, 0x10, 0x23, 0x41, 0x64, 0x33, 0x0,
    0xc, 0xf1, 0x2f, 0xfe, 0x60, 0xaf, 0xf2, 0xa7,
    0xfb, 0x80, 0xff, 0xf3, 0x80, 0x76, 0x13, 0x80,
    0x78, 0x4d, 0x0, 0x3f, 0x1c, 0xfb, 0xc5, 0x57,
    0xcc, 0x52, 0x80, 0x1e, 0x96, 0x55, 0xff, 0xe0,
    0x34, 0x0, 0x7e, 0xcf, 0xff, 0xf7, 0x0, 0x80,
    0x7f, 0xf4, 0xb3, 0xff, 0xfd, 0xc0, 0x1f, 0xe7,
    0x88, 0xff, 0x80, 0x3f, 0xd4, 0xef, 0xfe, 0x60,
    0xf, 0xf4, 0x47, 0xff, 0x0, 0x4, 0x3, 0xda,
    0xa, 0xef, 0xfe, 0x60, 0x60, 0xf, 0x3f, 0xff,
    0x80, 0x7f, 0xfd, 0x40, 0x1f, 0xfc, 0xd7, 0xff,
    0xfe, 0x1, 0xff, 0xfe, 0x93, 0x44, 0xfe, 0x0,
    0x22, 0x7f, 0x62, 0x5d, 0xff, 0x0, 0xdd, 0xff,
    0x28, 0x7, 0xff, 0xa9, 0x14, 0x3, 0xfc,

    /* U+83CC "菌" */
    0x0, 0xe2, 0x80, 0xf, 0x8a, 0x0, 0x3f, 0xf8,
    0x14, 0xea, 0x1, 0xea, 0x74, 0x0, 0xf4, 0x5d,
    0xe6, 0x8, 0xb9, 0x0, 0x55, 0xb0, 0x4d, 0xde,
    0x80, 0x54, 0x4c, 0x20, 0x48, 0xc0, 0x2a, 0x82,
    0x4, 0x89, 0x94, 0x37, 0xbb, 0x30, 0x4f, 0x78,
    0xf, 0xf3, 0x5, 0x77, 0x6d, 0x0, 0x8, 0xea,
    0x57, 0x10, 0xc, 0x34, 0x88, 0x11, 0xc0, 0x1f,
    0x1d, 0x8, 0x7, 0x8e, 0xc4, 0x3, 0xe5, 0xff,
    0xff, 0xe3, 0x38, 0x5, 0xa0, 0x48, 0x9f, 0xfc,
    0x22, 0xd, 0x0, 0xe8, 0xbb, 0xf5, 0x46, 0x93,
    0xd, 0xda, 0x0, 0x3f, 0x9a, 0xf3, 0xbf, 0xb2,
    0x55, 0x30, 0x3, 0xff, 0x80, 0x44, 0x49, 0x90,
    0x17, 0xe4, 0xb0, 0x7, 0xff, 0x1, 0x26, 0x1d,
    0x80, 0x3f, 0xf8, 0xb1, 0xff, 0xc0, 0x5f, 0xfd,
    0x0, 0x1f, 0xd8, 0xcd, 0x28, 0x6, 0x36, 0x6b,
    0x0, 0x3f, 0x92, 0x66, 0x10, 0x0, 0x88, 0xf2,
    0x64, 0x80, 0x1f, 0xf0, 0xe2, 0x40, 0x1f, 0x9d,
    0x38, 0x7, 0xff, 0x1, 0x7c, 0xe1, 0xc0, 0x3,
    0x87, 0xe, 0x1, 0xfe, 0xba, 0xa, 0x70, 0xe,
    0xc4, 0x85, 0x0, 0xfe, 0xe7, 0xf5, 0x0, 0x8,
    0x80, 0x2b, 0x67, 0x0, 0xfe, 0x58, 0x10, 0xb,
    0x34, 0x3, 0x49, 0x0, 0x7e, 0xbc, 0xcf, 0x76,
    0xe6, 0x7a, 0xc0, 0x3b, 0x40, 0x4c, 0xff, 0xf8,
    0x42, 0x18, 0x0,

    /* U+83DC "菜" */
    0x0, 0xe2, 0x50, 0xf, 0xca, 0x20, 0x1f, 0xe8,
    0xa2, 0x0, 0xf2, 0x54, 0x80, 0x72, 0xd5, 0x64,
    0x9, 0xa9, 0x5, 0xbb, 0x40, 0x2d, 0xdd, 0x43,
    0x8a, 0xb8, 0x41, 0x15, 0xc7, 0x51, 0x6, 0x4,
    0x89, 0x8e, 0x7f, 0xf2, 0x6, 0xff, 0xc, 0x7f,
    0xac, 0x1f, 0xfe, 0xe2, 0x0, 0xef, 0x62, 0x0,
    0xf2, 0xb7, 0xc2, 0x0, 0x71, 0x19, 0x83, 0x19,
    0xe2, 0x6b, 0x3b, 0x8d, 0xf, 0x62, 0x1, 0x4e,
    0xe6, 0x2e, 0xa6, 0x1d, 0x94, 0x49, 0x62, 0xb7,
    0xc4, 0x2, 0x89, 0x9a, 0xaf, 0x35, 0xeb, 0xf7,
    0x29, 0xd4, 0x2c, 0xc0, 0x21, 0x2a, 0x55, 0x21,
    0x92, 0xd0, 0x80, 0x74, 0xa2, 0x80, 0x71, 0xe8,
    0x80, 0x50, 0xc, 0x1, 0x91, 0x4, 0xc0, 0x19,
    0x10, 0x30, 0x1, 0x20, 0x7, 0xa4, 0x38, 0x3,
    0xd2, 0x20, 0x18, 0x75, 0xc0, 0x25, 0x28, 0x30,
    0xf, 0x17, 0x48, 0x4, 0x3b, 0x20, 0x12, 0xeb,
    0x80, 0x64, 0xbb, 0xfd, 0x40, 0xf7, 0x7a, 0x6e,
    0xea, 0x23, 0x44, 0xfe, 0x1, 0x44, 0xfc, 0xa2,
    0xff, 0xfe, 0x90, 0x8, 0x40, 0xb7, 0xff, 0xc6,
    0x1, 0xe9, 0x91, 0x60, 0x25, 0x16, 0x28, 0x7,
    0xf9, 0x79, 0x8f, 0x8, 0x0, 0xb6, 0x15, 0x86,
    0x1, 0xe5, 0xda, 0x18, 0xc1, 0x0, 0xc9, 0xe8,
    0x79, 0x6a, 0x0, 0x7e, 0xa2, 0x4d, 0x70, 0xf,
    0x86, 0xec, 0x49, 0x5e, 0x9e, 0x2b, 0x96, 0x40,
    0x1f, 0xe4, 0xdb, 0x54, 0x58, 0xfa, 0x30, 0xe,
    0x12, 0xd0, 0xf, 0x25, 0x58, 0x80,

    /* U+8404 "萄" */
    0x0, 0xe1, 0x60, 0xf, 0xcc, 0x20, 0x1f, 0xe6,
    0x95, 0x0, 0xf2, 0xcc, 0x80, 0x38, 0xea, 0xee,
    0xa0, 0x8b, 0xb1, 0xa5, 0xda, 0x41, 0x6e, 0xf3,
    0x31, 0x51, 0x22, 0x2, 0x44, 0x29, 0x22, 0xc,
    0x9, 0x13, 0x62, 0xff, 0xe7, 0xa, 0xff, 0x33,
    0x3f, 0xd4, 0xf, 0xff, 0xa8, 0x2, 0x1e, 0x75,
    0x40, 0xf, 0x39, 0xe0, 0x7, 0xe8, 0x12, 0x38,
    0x99, 0xf5, 0xae, 0xcc, 0xcc, 0x1, 0x13, 0x1,
    0x33, 0x7f, 0xf0, 0xac, 0x2, 0xe0, 0xcc, 0x47,
    0xff, 0xfd, 0xa0, 0x1a, 0x4d, 0x8f, 0xa4, 0x3,
    0xfe, 0x30, 0x10, 0x86, 0x29, 0x52, 0x1f, 0xff,
    0xdc, 0x1, 0xe4, 0x1c, 0x2b, 0x27, 0x72, 0x82,
    0x3b, 0xe9, 0x0, 0x18, 0x38, 0x67, 0x8d, 0x8f,
    0x44, 0x3c, 0x32, 0x23, 0x38, 0x0, 0x40, 0x30,
    0x84, 0xe9, 0x80, 0x7f, 0xf0, 0x84, 0x0, 0x5d,
    0xfb, 0xff, 0x50, 0x47, 0xff, 0x68, 0x38, 0x18,
    0x0, 0xdd, 0x57, 0x90, 0xd, 0x57, 0xc0, 0x20,
    0x18, 0x67, 0x82, 0xaa, 0xe0, 0xba, 0xa8, 0xfa,
    0x0, 0xc0, 0x40, 0x36, 0xa9, 0x0, 0x7c, 0x2d,
    0xc0, 0x1, 0xe, 0x0, 0xff, 0xe1, 0x18, 0x8,
    0x3, 0x80, 0xc0, 0x3d, 0xbf, 0xea, 0x8, 0xff,
    0x68, 0x8, 0x0, 0x81, 0x80, 0x35, 0xbb, 0x37,
    0xfa, 0x40, 0xa, 0x6, 0x1, 0x8a, 0x26, 0x7f,
    0xa2, 0xa6, 0xc4, 0xc0, 0x3f, 0xf8, 0x82, 0xac,
    0x87, 0xc0, 0x0,

    /* U+8428 "萨" */
    0x0, 0xf2, 0xa0, 0x7, 0x8d, 0x40, 0x3f, 0xf8,
    0x15, 0x40, 0xf, 0x75, 0x0, 0x79, 0x26, 0x78,
    0x6, 0x67, 0xc4, 0x15, 0x33, 0x97, 0x59, 0xb8,
    0x0, 0xcd, 0xe0, 0x2, 0xb3, 0x6f, 0x9f, 0xfe,
    0x0, 0x7f, 0xf8, 0x43, 0xbf, 0xf5, 0x0, 0x7a,
    0x24, 0x3, 0x84, 0x50, 0x20, 0x1e, 0x49, 0xaa,
    0xb5, 0x0, 0x39, 0x43, 0x40, 0x3e, 0xf6, 0x55,
    0xd4, 0x1, 0xc8, 0x4a, 0x20, 0x1e, 0x70, 0xbb,
    0x28, 0x61, 0x7f, 0xf1, 0x7, 0x7f, 0xdc, 0x1,
    0x91, 0xe, 0x48, 0x4e, 0xc6, 0x66, 0x6c, 0x46,
    0xcc, 0x0, 0xe3, 0x2b, 0x0, 0x44, 0x81, 0x44,
    0xca, 0x9, 0xe6, 0x0, 0x3a, 0x81, 0x80, 0x34,
    0x8a, 0x80, 0x2c, 0x20, 0x3, 0xef, 0x7, 0x3,
    0xef, 0xa0, 0xbf, 0xf2, 0x86, 0x7f, 0x98, 0x3,
    0x32, 0xc1, 0xa8, 0x92, 0x27, 0xf2, 0xa8, 0x3,
    0xa0, 0x28, 0x1, 0x77, 0xfe, 0xa3, 0x0, 0xe2,
    0x5, 0x10, 0x30, 0xf, 0xfe, 0x20, 0x83, 0xf8,
    0x8, 0x7, 0xff, 0x8, 0x77, 0x83, 0x48, 0x18,
    0x3, 0xff, 0x84, 0x34, 0xb2, 0xc8, 0x4, 0x1,
    0xff, 0xc3, 0x7a, 0x66, 0xa, 0x80, 0x7f, 0xf1,
    0x8a, 0x42, 0x0, 0x3f, 0xf8, 0xc2, 0x29, 0x20,
    0xf, 0xfe, 0xa, 0x18, 0x4, 0x7c, 0xc0, 0x1f,
    0xfc, 0x10,

    /* U+8461 "葡" */
    0x0, 0xe1, 0x40, 0xf, 0xc6, 0x40, 0x1f, 0xe6,
    0xb5, 0x0, 0xfb, 0x38, 0x3, 0x86, 0xef, 0x48,
    0x45, 0xd9, 0x8a, 0xee, 0x3, 0xbb, 0xce, 0x6a,
    0x89, 0x8, 0x12, 0x23, 0x85, 0x51, 0x0, 0x4,
    0x4d, 0xa5, 0xdf, 0xf3, 0x5, 0xff, 0xa0, 0xfb,
    0xfc, 0x5, 0xff, 0xa8, 0x3, 0x63, 0x5a, 0x0,
    0x7c, 0xf6, 0x1, 0xf9, 0xc, 0x36, 0x67, 0xf0,
    0xfc, 0xcd, 0x0, 0x1a, 0x40, 0xc, 0xdf, 0xfc,
    0x27, 0x0, 0xa0, 0x93, 0xff, 0x46, 0xfb, 0x8d,
    0xff, 0xdc, 0x20, 0x12, 0x38, 0xd0, 0x4, 0x50,
    0xa1, 0x25, 0xe0, 0x10, 0x80, 0x49, 0x60, 0x3d,
    0xff, 0x68, 0x47, 0xf1, 0xa7, 0x10, 0x7, 0x78,
    0x3e, 0x55, 0x68, 0x5, 0xaa, 0xe2, 0x0, 0x8,
    0x82, 0xed, 0x6, 0x20, 0x1f, 0xe6, 0x0, 0xf9,
    0x1, 0x6e, 0xae, 0xd0, 0xb, 0x77, 0x57, 0x80,
    0x63, 0x0, 0xc6, 0x15, 0xdc, 0xc0, 0x7e, 0xe8,
    0xcc, 0x0, 0x10, 0xf, 0xd5, 0xfe, 0xc0, 0x7f,
    0xf8, 0xc0, 0x23, 0x1, 0x0, 0xf3, 0xdd, 0xa4,
    0x16, 0xee, 0x20, 0x8, 0x41, 0xc0, 0x3d, 0xee,
    0xe3, 0x3, 0x77, 0x80, 0x33, 0x81, 0x0, 0x7a,
    0x33, 0x14, 0xd, 0x99, 0x10, 0x4, 0x20, 0x20,
    0x1e, 0xae, 0xe5, 0x83, 0xf7, 0x46, 0x1, 0x68,
    0x70, 0x7, 0xc2, 0x27, 0x0, 0x9, 0xa8, 0x80,
    0x46, 0xa, 0x1, 0x88, 0x18, 0x0, 0x43, 0xa1,
    0x56, 0x41, 0x9a, 0x82, 0x60, 0x19, 0x3c, 0xc0,
    0x3, 0xca, 0x11, 0xfe, 0xa3, 0x22, 0x68, 0x0,

    /* U+849C "蒜" */
    0x0, 0xe4, 0x90, 0xf, 0xce, 0xe0, 0xf, 0xfb,
    0x98, 0xc0, 0x3e, 0x88, 0x0, 0x79, 0x2a, 0xb2,
    0x4, 0x54, 0x80, 0x26, 0xa8, 0x0, 0xaa, 0xc8,
    0x1c, 0xab, 0x84, 0x11, 0x58, 0x49, 0x95, 0x40,
    0x5, 0x5d, 0xa1, 0x5d, 0xbb, 0x20, 0x56, 0xf0,
    0x97, 0xf7, 0x0, 0x1d, 0xda, 0x40, 0x2, 0x45,
    0x81, 0xc8, 0x40, 0x21, 0x11, 0x8, 0xf0, 0x7,
    0x8, 0xa3, 0x4c, 0x3, 0xec, 0xf0, 0xf, 0xa3,
    0xfb, 0xad, 0xef, 0x90, 0x6, 0x7f, 0xbb, 0x9f,
    0xf6, 0x0, 0x58, 0xa8, 0x9c, 0xb8, 0x0, 0xb4,
    0x4f, 0xac, 0x2, 0x4a, 0xbb, 0xea, 0x50, 0x3,
    0xdd, 0xfc, 0xe0, 0x1f, 0xfc, 0xd8, 0xff, 0xfd,
    0xc5, 0x5b, 0xbf, 0xd4, 0x1c, 0x67, 0x10, 0x9,
    0x99, 0x4c, 0xc, 0xf1, 0x19, 0xe1, 0x6, 0xcc,
    0xa0, 0x1b, 0x31, 0x63, 0x5d, 0xd4, 0x4, 0x77,
    0x56, 0x0, 0x2b, 0x20, 0x8, 0xb0, 0x40, 0x9,
    0x40, 0x1d, 0x68, 0x1, 0x52, 0x8, 0x6, 0x36,
    0x0, 0x4a, 0x88, 0x6, 0x5a, 0x0, 0x8c, 0xc,
    0x2, 0x25, 0x90, 0x22, 0x18, 0x80, 0x66, 0x16,
    0x1, 0x44, 0x0, 0x77, 0x89, 0xd8, 0x50, 0x7,
    0x48, 0x50, 0x48, 0x70, 0x7, 0x2c, 0x3, 0xb,
    0x0, 0x70, 0xa1, 0x83, 0x12, 0x80, 0x79, 0xec,
    0x2c, 0x3, 0xef, 0x60, 0xfc, 0x0, 0xfd, 0x18,
    0xa0, 0x1f, 0x24, 0x80, 0x88, 0x3, 0xf8, 0xc0,
    0x3f, 0xf8, 0x6e, 0x3a, 0x1, 0xf8, 0x85, 0x40,
    0x38,

    /* U+84B8 "蒸" */
    0x0, 0xe1, 0x40, 0xf, 0xc6, 0x40, 0x1f, 0xe8,
    0xb2, 0x0, 0xfb, 0x38, 0x3, 0x9a, 0xef, 0x38,
    0x75, 0xd0, 0x2d, 0xdc, 0x7, 0x77, 0x50, 0xf2,
    0x26, 0x10, 0x34, 0x40, 0xea, 0x24, 0x0, 0x44,
    0xc7, 0x1f, 0xf9, 0x83, 0x7f, 0x86, 0x3f, 0xe0,
    0x2f, 0xfb, 0x88, 0x3, 0xaa, 0x8, 0x3, 0x8,
    0xd3, 0x20, 0xf, 0xed, 0xc8, 0xff, 0xee, 0xea,
    0x74, 0x3, 0xfa, 0x99, 0xbe, 0x50, 0xb, 0xc0,
    0x3f, 0x9e, 0x67, 0xdc, 0x80, 0x78, 0xc0, 0x1e,
    0xad, 0xee, 0xbf, 0x9c, 0x32, 0x2, 0xb0, 0xc6,
    0xf8, 0x40, 0x22, 0x65, 0x58, 0x7, 0xc0, 0xc0,
    0x40, 0x7, 0x88, 0xe2, 0x1, 0x45, 0xdd, 0x0,
    0x32, 0x0, 0x21, 0xab, 0xc3, 0xa9, 0x0, 0xf9,
    0x30, 0x34, 0x40, 0xf, 0x82, 0x81, 0x6a, 0x1,
    0xe1, 0x9b, 0xb, 0x30, 0x20, 0x32, 0xf5, 0xa,
    0xb4, 0x0, 0x86, 0x3d, 0x8b, 0x51, 0x1f, 0xa0,
    0x20, 0x35, 0x86, 0x97, 0xd2, 0x12, 0xe1, 0x1a,
    0x40, 0x92, 0xf3, 0x20, 0x8, 0xf3, 0xc, 0x4,
    0x11, 0x9c, 0xfd, 0xff, 0x4b, 0xcf, 0x7f, 0xf5,
    0x4f, 0x58, 0x0, 0xc0, 0xc, 0xab, 0xff, 0xc0,
    0xd0, 0xf, 0xd, 0xda, 0xa9, 0xfd, 0x55, 0x69,
    0x55, 0x51, 0x40, 0x1d, 0x48, 0xa0, 0x8, 0xa0,
    0xb, 0xde, 0x0, 0x16, 0xb4, 0x1, 0x2a, 0x13,
    0x0, 0x18, 0x4c, 0x1, 0x20, 0xe0, 0x7, 0x85,
    0x90, 0x3a, 0x9, 0x0, 0xb0, 0x88, 0x0, 0x17,
    0x40, 0x9, 0xd5, 0x84, 0x6, 0x10, 0x2, 0x7d,
    0x10, 0xa, 0x2c, 0x3, 0x57, 0x88,

    /* U+84C9 "蓉" */
    0x0, 0xf3, 0x10, 0x7, 0xe2, 0x50, 0xf, 0xf2,
    0x4d, 0x80, 0x7e, 0x9a, 0x30, 0xe, 0x8b, 0xba,
    0x41, 0xee, 0xe3, 0x4c, 0xc9, 0x3, 0xb3, 0x27,
    0x3, 0x44, 0x88, 0x5, 0x10, 0xae, 0x46, 0x70,
    0x0, 0x8c, 0xee, 0xb, 0xff, 0xac, 0x1b, 0xfd,
    0x5c, 0xff, 0xf2, 0x6, 0x7f, 0xd2, 0x1, 0xc8,
    0xf4, 0x0, 0x25, 0xb0, 0xb, 0xdc, 0xc0, 0x3d,
    0x15, 0x51, 0x4d, 0x53, 0x1, 0x6a, 0xae, 0x2a,
    0xa9, 0xc0, 0x4, 0xea, 0xbf, 0x80, 0xa, 0xbf,
    0xa0, 0x40, 0x23, 0xff, 0xff, 0xe2, 0x8, 0x7,
    0x38, 0x0, 0x6f, 0x40, 0x38, 0xb7, 0x10, 0x0,
    0x60, 0x11, 0x37, 0x1, 0xe2, 0x50, 0x1, 0xe4,
    0xa, 0xca, 0xec, 0x36, 0xe2, 0x0, 0x96, 0xbc,
    0x3b, 0x70, 0x78, 0x67, 0x6, 0xf6, 0x4f, 0x28,
    0x0, 0xd8, 0x8b, 0xe8, 0x11, 0x0, 0x4, 0x48,
    0xc, 0xd8, 0x40, 0x7, 0x76, 0xd0, 0x8a, 0xdc,
    0x73, 0x2, 0xda, 0x60, 0x9d, 0x80, 0x1c, 0x24,
    0xb, 0xe8, 0x58, 0x66, 0xc3, 0x2c, 0x91, 0x0,
    0xfc, 0x77, 0x42, 0x7e, 0x62, 0x23, 0xd6, 0x6,
    0xe9, 0x20, 0xc, 0x75, 0x88, 0x0, 0x3d, 0xee,
    0xe6, 0x0, 0x9b, 0x6d, 0x3, 0x71, 0x44, 0x0,
    0xac, 0xdf, 0xc0, 0x5, 0x4, 0x80, 0x44, 0x57,
    0x10, 0x5c, 0xcf, 0xf0, 0x2, 0xbe, 0xb4, 0x26,
    0xd4, 0x3, 0xff, 0x8a, 0xa2, 0x1, 0xff, 0xd0,
    0x10, 0xdb, 0xbf, 0xe0, 0xf, 0xf9, 0x40, 0xd1,
    0x3f, 0x81, 0x0, 0x30,

    /* U+852C "蔬" */
    0x0, 0xe2, 0x81, 0x0, 0xf9, 0x58, 0x3, 0xfe,
    0xa7, 0x40, 0xf, 0xa2, 0x40, 0x3c, 0x5d, 0xff,
    0x38, 0x57, 0xfa, 0x13, 0xbf, 0xc4, 0x1f, 0xfa,
    0x80, 0xd1, 0x31, 0x1, 0x22, 0x35, 0x95, 0x10,
    0x0, 0x44, 0xda, 0x3, 0x57, 0x72, 0x84, 0x5d,
    0x94, 0xae, 0xe2, 0xb, 0xbc, 0xe0, 0x1e, 0xa8,
    0x50, 0xf, 0xa, 0xd0, 0x7, 0xd3, 0x57, 0x69,
    0xcb, 0x80, 0xe, 0xa7, 0x60, 0xf, 0x9d, 0x51,
    0x39, 0x96, 0x66, 0xa4, 0xa, 0x99, 0xca, 0x0,
    0xef, 0xfc, 0x61, 0xba, 0x66, 0x94, 0x0, 0xcd,
    0xd2, 0x1, 0xec, 0x3b, 0x38, 0xff, 0x18, 0x5f,
    0xfa, 0x9b, 0xbf, 0x0, 0x22, 0x5, 0x38, 0x40,
    0xa, 0xe, 0x50, 0x0, 0x6d, 0xa0, 0x19, 0xf4,
    0xc, 0x8, 0x2, 0x77, 0x11, 0xab, 0x38, 0x91,
    0xd0, 0x5, 0xe0, 0x20, 0x2, 0x42, 0x24, 0x1,
    0x55, 0x26, 0x20, 0x40, 0xae, 0x1, 0xf4, 0x5e,
    0x84, 0xd5, 0xe6, 0xeb, 0xbf, 0xe4, 0x10, 0xf,
    0x9a, 0x68, 0x9e, 0xc0, 0xde, 0xc4, 0x2e, 0x6d,
    0x80, 0x3e, 0xc6, 0x50, 0x21, 0x20, 0xc6, 0x0,
    0x2a, 0x80, 0x3f, 0xfa, 0x86, 0x90, 0x2e, 0x6,
    0x1, 0xff, 0xc1, 0x4c, 0x9, 0xb7, 0x23, 0x6,
    0x0, 0xff, 0x3b, 0x5, 0x28, 0x24, 0x69, 0x48,
    0x98, 0x7, 0xfa, 0x84, 0xde, 0xfe, 0xdc, 0x34,
    0x6c, 0x3, 0xc6, 0x51, 0x0, 0xcf, 0xc8, 0x40,
    0xa, 0x8a, 0x94, 0x1, 0x88, 0x0, 0xa0, 0x65,
    0x20,

    /* U+8584 "薄" */
    0x0, 0xf1, 0x18, 0x7, 0x85, 0x40, 0x3f, 0xf8,
    0x3d, 0x80, 0x1e, 0x9a, 0x40, 0xf, 0xd, 0x5d,
    0xe3, 0xb, 0xb2, 0x85, 0x5a, 0x84, 0x5d, 0xe5,
    0x3, 0x44, 0xe0, 0x2, 0x23, 0x45, 0x10, 0x40,
    0x68, 0x9b, 0x40, 0xbb, 0xff, 0x18, 0x7f, 0xa0,
    0x7b, 0xd8, 0x2c, 0xdb, 0xbe, 0x0, 0x5, 0xb4,
    0x41, 0xd8, 0x1, 0xd2, 0xd4, 0x92, 0xdc, 0x40,
    0x11, 0x8a, 0xeb, 0x4, 0xdd, 0xf3, 0x87, 0x5f,
    0x10, 0x73, 0x0, 0x7, 0x24, 0x24, 0x40, 0x47,
    0x80, 0x2, 0x33, 0xab, 0x0, 0x73, 0x64, 0x9d,
    0x66, 0xee, 0x0, 0x6e, 0xf4, 0x30, 0x7, 0x1b,
    0x2, 0x4c, 0xae, 0xe1, 0xb, 0xba, 0xa2, 0x0,
    0x5, 0xfc, 0x40, 0x8, 0x41, 0x22, 0x22, 0x8,
    0x8c, 0x1, 0x91, 0x4e, 0xe8, 0x3, 0x2d, 0x54,
    0x41, 0x55, 0x58, 0x6, 0x1a, 0xd3, 0x40, 0xc,
    0xdb, 0xb1, 0x6, 0xed, 0x60, 0x1e, 0x2c, 0xf0,
    0xc, 0xd9, 0x91, 0x6, 0x65, 0x40, 0x1f, 0x84,
    0x3, 0x3e, 0xec, 0x61, 0xbb, 0x58, 0x7, 0xfc,
    0x8b, 0x64, 0x57, 0xd9, 0x13, 0xec, 0xb8, 0x3,
    0x87, 0xdc, 0xe4, 0xae, 0x22, 0xbc, 0x8a, 0x25,
    0x56, 0x28, 0x6, 0xb0, 0x3b, 0x77, 0xfe, 0x50,
    0x57, 0x75, 0x80, 0x48, 0xa8, 0x88, 0xff, 0x0,
    0xdf, 0xfe, 0x60, 0xbf, 0xf7, 0x0, 0x6, 0x82,
    0x40, 0x34, 0x8d, 0xb8, 0x7, 0x30, 0x7, 0x58,
    0xc1, 0x0, 0x66, 0xc2, 0xb0, 0xf, 0xfe, 0x1,
    0xb8, 0x7, 0x8f, 0x70, 0x22, 0x50, 0xc, 0x3,
    0xab, 0x0, 0x3f, 0xe4, 0x62, 0x51, 0x0, 0xc0,

    /* U+85AF "薯" */
    0x0, 0xf1, 0xa0, 0x7, 0xe3, 0x40, 0xf, 0xfe,
    0x6, 0xd8, 0x80, 0x7d, 0xb6, 0x20, 0x1e, 0xbf,
    0xfc, 0x21, 0xdf, 0xe3, 0x6f, 0xf8, 0x43, 0xbf,
    0xed, 0x0, 0x73, 0xb3, 0x40, 0x6, 0x63, 0x92,
    0x3b, 0x30, 0x0, 0xcd, 0xac, 0x0, 0xb1, 0x33,
    0xa2, 0x65, 0x2, 0x51, 0x32, 0x87, 0x99, 0xcc,
    0x1, 0xb3, 0xfd, 0x31, 0xff, 0xfa, 0x1f, 0xfe,
    0x20, 0xe, 0x20, 0xaa, 0x94, 0x22, 0xa9, 0x20,
    0x95, 0x51, 0x83, 0x0, 0x78, 0x55, 0x6d, 0x4,
    0x55, 0x38, 0x1a, 0xac, 0xc0, 0x1f, 0x87, 0xfe,
    0x80, 0xcf, 0xf7, 0x3, 0xff, 0xca, 0xe, 0x1,
    0xd5, 0x11, 0xcc, 0x5, 0x11, 0xfa, 0x4c, 0x3,
    0x94, 0x47, 0xc0, 0x1, 0x1e, 0x66, 0x64, 0x10,
    0x7, 0x24, 0xcf, 0x38, 0x14, 0xcf, 0x6f, 0xa3,
    0x10, 0x7, 0x2f, 0xff, 0x60, 0x27, 0xfd, 0x44,
    0x66, 0xb8, 0x0, 0xc8, 0xef, 0xf5, 0x3, 0x3b,
    0xb2, 0x88, 0x94, 0x6e, 0xe4, 0x0, 0x4c, 0x47,
    0xcc, 0x5, 0x10, 0x30, 0x1, 0x44, 0x69, 0x0,
    0x6f, 0xff, 0x5b, 0x8, 0x1, 0x6f, 0xff, 0xf6,
    0x80, 0x62, 0x6a, 0xeb, 0x61, 0x0, 0x2d, 0xff,
    0xf9, 0xc0, 0x22, 0xbe, 0xd9, 0x51, 0x39, 0x9f,
    0xf3, 0x86, 0x0, 0x46, 0xe5, 0x19, 0x60, 0xc4,
    0x5f, 0xee, 0x0, 0xe1, 0xcc, 0x39, 0x80, 0x16,
    0xef, 0xfd, 0x20, 0x1f, 0xfc, 0x6, 0xff, 0xff,
    0x60, 0x7, 0xff, 0x1, 0x57, 0xfe, 0xb0, 0xf,
    0xf2, 0x89, 0xd5, 0x7f, 0x9c, 0x30, 0x2,

    /* U+85CF "藏" */
    0x0, 0xe1, 0x50, 0xf, 0x89, 0x40, 0x3f, 0xe9,
    0xa4, 0x0, 0xf4, 0x51, 0x80, 0x72, 0x5d, 0xe5,
    0x8, 0xba, 0x5, 0xbb, 0x20, 0x7d, 0xdd, 0x46,
    0x64, 0x4c, 0x40, 0x68, 0x81, 0xd4, 0x40, 0x81,
    0xa2, 0x66, 0x7f, 0xfc, 0xe1, 0x7f, 0xc3, 0x1f,
    0xe5, 0xb, 0xf4, 0x9e, 0x50, 0xe, 0xb6, 0x50,
    0xf, 0x70, 0x70, 0xc, 0xb0, 0x1, 0x84, 0xe,
    0x4e, 0xea, 0xbd, 0xe0, 0x94, 0x21, 0x6a, 0x12,
    0xc1, 0x2a, 0xbf, 0xc8, 0x2, 0xa8, 0x5, 0xa0,
    0xf, 0x1, 0xf, 0xff, 0xe0, 0x3f, 0xfd, 0x0,
    0x1f, 0x23, 0xc4, 0x67, 0x11, 0x80, 0x8, 0x20,
    0x11, 0xab, 0x80, 0x2a, 0x15, 0xdc, 0xb4, 0x64,
    0x60, 0xb6, 0xc0, 0x3, 0x4a, 0x30, 0x9, 0xb5,
    0x8b, 0x74, 0x4e, 0x21, 0x80, 0x60, 0xc, 0xff,
    0x20, 0x4, 0xde, 0xc5, 0xfc, 0x44, 0x2, 0x70,
    0x40, 0x13, 0x38, 0x3, 0x24, 0xcc, 0xe2, 0xfc,
    0x14, 0x2a, 0x0, 0xfc, 0xc9, 0x0, 0x22, 0x66,
    0xa8, 0x0, 0x40, 0xe1, 0xe0, 0x6, 0x11, 0x20,
    0x88, 0x0, 0x4a, 0xb8, 0x0, 0xe0, 0x1, 0x50,
    0x4, 0x12, 0xd9, 0x98, 0x0, 0x95, 0x54, 0xb,
    0x90, 0x2, 0x40, 0x30, 0x88, 0xd, 0x80, 0xd,
    0xec, 0x5f, 0xc4, 0x40, 0x3, 0x80, 0x63, 0x30,
    0x88, 0x80, 0xa, 0xca, 0x6c, 0xc1, 0x90, 0x2,
    0x0, 0xa8, 0x8b, 0xd4, 0x30, 0x10, 0xe4, 0xc6,
    0x65, 0xe8, 0x80, 0xd0, 0x48, 0x90, 0x7d, 0x4,
    0xa, 0xff, 0xdc, 0x82, 0xb6, 0x8c, 0x44, 0x14,
    0x91, 0x76, 0x10, 0xf, 0x22, 0xbd, 0x4, 0x6,
    0x4a, 0xe3, 0x7, 0x48, 0x7, 0xcb, 0xd0, 0x0,
    0x39, 0x3, 0xb0,

    /* U+867E "虾" */
    0x0, 0xf1, 0x0, 0x7f, 0xf2, 0xa7, 0x44, 0x3,
    0xff, 0x92, 0x60, 0x60, 0xa, 0xcc, 0xff, 0xa8,
    0x3, 0xfe, 0x53, 0x3f, 0xf9, 0x40, 0x3f, 0xef,
    0xee, 0xb4, 0xb, 0xbb, 0xbc, 0x2, 0xdf, 0xf2,
    0x86, 0xff, 0x8c, 0x46, 0x30, 0x0, 0x8f, 0x0,
    0x62, 0x15, 0x20, 0x54, 0x5, 0x0, 0xff, 0xe1,
    0x8, 0x3d, 0x20, 0x54, 0x80, 0x7f, 0xf4, 0xcb,
    0x8, 0x3, 0xff, 0x94, 0x7a, 0xa0, 0x1f, 0xfc,
    0x82, 0x90, 0xa9, 0x0, 0xff, 0xe4, 0x36, 0xb,
    0x58, 0x4, 0x20, 0xde, 0xc1, 0xfa, 0x1, 0xfc,
    0x7e, 0x48, 0xc0, 0x14, 0x2a, 0x84, 0x11, 0x59,
    0xc0, 0x3f, 0xe, 0x4b, 0x0, 0x4f, 0x54, 0x40,
    0x9a, 0x91, 0x0, 0xfe, 0x16, 0x0, 0xff, 0x3c,
    0x80, 0x7f, 0xf2, 0xbd, 0x88, 0x3, 0xff, 0x93,
    0x80, 0xa0, 0x1f, 0xfc, 0x8a, 0xd0, 0xb0, 0xf,
    0xfe, 0x13, 0x56, 0x7a, 0x83, 0xb0, 0x18, 0x7,
    0xff, 0xa, 0x54, 0xc0, 0xda, 0x71, 0xc0, 0x80,
    0x3f, 0xf8, 0x37, 0x6e, 0xfc, 0x96, 0x3a, 0x82,
    0x0, 0xff, 0xe0, 0xa2, 0x4, 0x3, 0x89, 0xc0,
    0x21, 0x27, 0x0, 0xf8,

    /* U+869D "蚝" */
    0x0, 0xc8, 0xe0, 0x1f, 0xfc, 0x5, 0x20, 0xf,
    0xbe, 0x0, 0x3f, 0xcd, 0xb5, 0xa2, 0x1, 0xff,
    0xc2, 0x15, 0xaf, 0x92, 0x24, 0x8, 0x7, 0xff,
    0x1, 0xf3, 0xa9, 0x41, 0xb3, 0x5c, 0x3, 0xf8,
    0x40, 0x5, 0x6, 0x67, 0x3, 0x93, 0x0, 0xf6,
    0xff, 0x90, 0x3b, 0xf4, 0xbb, 0xf2, 0x40, 0x3f,
    0x84, 0x88, 0xa4, 0xa, 0x44, 0x1, 0x0, 0xfc,
    0x6a, 0x1, 0x96, 0x94, 0x69, 0x0, 0x40, 0x38,
    0xab, 0x7f, 0x28, 0x40, 0x3f, 0xe3, 0x9d, 0xe0,
    0x15, 0x22, 0x35, 0x8, 0x7, 0xfd, 0xc, 0x44,
    0x2, 0xcf, 0xd9, 0x50, 0xf, 0xfe, 0x4, 0xdf,
    0xe0, 0x9, 0x80, 0x7e, 0x10, 0xf, 0x89, 0x0,
    0x3f, 0xf8, 0x2d, 0xee, 0x3e, 0xc0, 0x20, 0x1f,
    0xa, 0x3d, 0x58, 0xb, 0xa2, 0x4, 0x11, 0xe,
    0x1, 0x1b, 0x81, 0xf7, 0x2e, 0x15, 0xc0, 0x11,
    0x76, 0x50, 0xba, 0x81, 0xdf, 0xc9, 0x0, 0x2b,
    0xce, 0x7e, 0x0, 0x7c, 0x7c, 0xc2, 0xed, 0x34,
    0x7, 0x70, 0xc6, 0x1, 0xfc, 0x65, 0x1, 0x52,
    0xc8, 0x1, 0xff, 0xc3, 0x61, 0x12, 0x80, 0x7f,
    0x9a, 0x40, 0x5e, 0x71, 0x2, 0x4c, 0x3c, 0x3,
    0xfd, 0x8c, 0x17, 0xc, 0x64, 0xb3, 0x86, 0x80,
    0x10, 0x80, 0x79, 0x80, 0x13, 0x17, 0xdb, 0x4c,
    0x73, 0x0, 0x18, 0x4f, 0x33, 0x1a, 0x1, 0xba,
    0x8, 0x6, 0x56, 0x0, 0xd6, 0x26, 0x7d, 0x20,

    /* U+86CB "蛋" */
    0x2, 0x89, 0x9f, 0xfe, 0xd, 0x56, 0x40, 0x2,
    0x3b, 0x37, 0xff, 0x5, 0x57, 0x40, 0x1, 0xbb,
    0xac, 0xde, 0xe8, 0x1, 0xdd, 0xe7, 0xa, 0x0,
    0x84, 0x47, 0x96, 0x23, 0x0, 0x4, 0x7c, 0xc2,
    0xc0, 0x1d, 0x61, 0xe0, 0x1d, 0xff, 0xd0, 0x96,
    0x1, 0xc4, 0xc1, 0x62, 0x1, 0x9d, 0xfa, 0xe9,
    0x40, 0x3b, 0x81, 0x8b, 0xdc, 0x80, 0x11, 0x1c,
    0x60, 0x1e, 0xb3, 0x59, 0xb0, 0x8d, 0x0, 0x5d,
    0xaa, 0xbe, 0x83, 0xd4, 0x3a, 0x4, 0xea, 0x63,
    0x14, 0x42, 0xaf, 0xdf, 0xc4, 0x7a, 0x1, 0x96,
    0x73, 0xbf, 0xff, 0x9e, 0x21, 0x82, 0x1, 0xee,
    0xe0, 0x7, 0xf9, 0x5c, 0xbb, 0xff, 0xc2, 0x2f,
    0xff, 0x71, 0x80, 0x66, 0x12, 0x77, 0xe0, 0x3,
    0xbf, 0x10, 0xa8, 0x6, 0x10, 0x58, 0x8e, 0x0,
    0x44, 0x72, 0x80, 0x7e, 0x10, 0xf, 0xfe, 0x38,
    0x83, 0x7f, 0xf0, 0x3, 0xff, 0x9c, 0x3, 0xc9,
    0xe, 0xfe, 0x0, 0x3b, 0xca, 0x2f, 0xc, 0x1,
    0xcf, 0x11, 0xe0, 0x4, 0x45, 0xa2, 0x6c, 0x1,
    0xff, 0xc5, 0x15, 0x24, 0xc2, 0x0, 0x15, 0xe6,
    0x5b, 0xae, 0xe8, 0x1, 0xfe, 0xed, 0x20, 0x2d,
    0x40, 0x14, 0x33, 0xf8, 0x91, 0xa, 0xce, 0xe8,
    0x98, 0xb, 0x53, 0xff, 0xdd, 0xcd, 0xd6, 0x5d,
    0xaa, 0x62, 0xe, 0xcf, 0x82, 0x0,

    /* U+884C "行" */
    0x0, 0xe1, 0x10, 0x7, 0xff, 0x20, 0xbb, 0x80,
    0x1f, 0xfc, 0x72, 0xc0, 0x80, 0x2, 0xff, 0xff,
    0xc8, 0x1, 0x1e, 0xb, 0xb8, 0x0, 0xc6, 0x45,
    0xfc, 0x6e, 0x0, 0x5c, 0x18, 0x80, 0x4, 0x79,
    0xbb, 0xfd, 0x86, 0xd, 0x41, 0x2e, 0x2, 0x20,
    0xf, 0xfe, 0x19, 0x1e, 0x30, 0xf, 0xf0, 0x7,
    0xff, 0xd, 0x30, 0xc0, 0x14, 0x32, 0x1, 0xff,
    0xc7, 0x84, 0x56, 0x2a, 0xaf, 0xfe, 0x4, 0x80,
    0x66, 0x71, 0xa0, 0x45, 0x5f, 0xfe, 0x3, 0x8,
    0x1, 0x64, 0x14, 0x0, 0xdb, 0x99, 0xe5, 0x7,
    0xcc, 0x70, 0x83, 0x50, 0x7, 0x88, 0xcf, 0xe0,
    0xe3, 0x30, 0x84, 0x48, 0x38, 0x7, 0xff, 0x1c,
    0x42, 0xac, 0x3, 0xff, 0x8f, 0x3c, 0xa0, 0x1f,
    0xfc, 0x91, 0x0, 0xff, 0xff, 0x80, 0x7f, 0xff,
    0x67, 0xfe, 0x60, 0x20, 0xf, 0x88, 0x4c, 0x3,
    0xda, 0x64, 0x44, 0x94, 0x0, 0xc0,

    /* U+8868 "表" */
    0x0, 0xff, 0x10, 0x80, 0x7f, 0xf2, 0x37, 0x0,
    0x3f, 0xf8, 0x2, 0x3f, 0x10, 0x18, 0x8f, 0xe0,
    0xa, 0x3b, 0xbe, 0xd0, 0x1e, 0xef, 0xcc, 0x0,
    0xb6, 0x6f, 0xc0, 0x6, 0x6f, 0x9d, 0x0, 0x7,
    0x33, 0xf8, 0x6, 0x67, 0xe8, 0x20, 0x8, 0xaa,
    0xbe, 0x1, 0xaa, 0xf8, 0x80, 0x30, 0xa2, 0xaf,
    0x80, 0xa, 0xbe, 0x46, 0x0, 0xc7, 0xdf, 0xfe,
    0x1, 0xff, 0xf7, 0x20, 0x7, 0xfc, 0x20, 0x1f,
    0xfc, 0x6, 0xff, 0xfd, 0xc0, 0x3f, 0xff, 0xc2,
    0xab, 0xf8, 0x3, 0xa, 0xaf, 0xcc, 0x27, 0x55,
    0xe1, 0x2, 0xd0, 0x1b, 0xaa, 0xd7, 0x32, 0x0,
    0xf2, 0x6a, 0x23, 0x49, 0x82, 0x0, 0x22, 0xcc,
    0x18, 0x6, 0x2a, 0xb2, 0x8b, 0x0, 0x40, 0x31,
    0x82, 0x61, 0x39, 0x80, 0xe, 0xb5, 0x40, 0xc,
    0x1, 0xb, 0x86, 0xcd, 0x85, 0x40, 0x2, 0xb1,
    0x4a, 0xc0, 0x3e, 0x82, 0x16, 0x3f, 0x50, 0xa,
    0x56, 0xb5, 0x0, 0x3f, 0x78, 0x7, 0xe3, 0xa5,
    0x0, 0xf8, 0x5a, 0xb, 0x0, 0xfd, 0x0, 0x3f,
    0xca, 0xf9, 0xd2, 0xa0, 0x7a, 0x43, 0x76, 0x40,
    0xe, 0x70, 0x5, 0xc0, 0x3d, 0xe8, 0x0, 0xb5,
    0xc1, 0x2e, 0xc0, 0x18, 0x85, 0x6b, 0xb2, 0x10,
    0x3, 0xa3, 0xa1, 0x64,

    /* U+88C5 "装" */
    0x0, 0xe1, 0x50, 0xf, 0x94, 0xc0, 0x3f, 0xe6,
    0xa4, 0x0, 0xe1, 0xaf, 0x0, 0xfa, 0x54, 0x1,
    0xe0, 0x20, 0x1f, 0x8, 0x7, 0xcb, 0x52, 0x1,
    0xe1, 0x18, 0xc0, 0x2, 0x38, 0x2, 0xc4, 0x67,
    0x0, 0xab, 0xfb, 0xad, 0x2, 0xee, 0xde, 0xa0,
    0xb, 0xa7, 0x0, 0xbd, 0x57, 0x20, 0xa, 0xaf,
    0x38, 0x4, 0xa0, 0x20, 0x5, 0xaa, 0xe0, 0x3a,
    0xae, 0x20, 0x9, 0xf9, 0x80, 0x3f, 0xf8, 0x85,
    0x3f, 0x0, 0x60, 0x1f, 0xfc, 0x4c, 0x62, 0xae,
    0x40, 0xa, 0x73, 0x2d, 0x2, 0xcc, 0xd0, 0x17,
    0x6d, 0x50, 0xe, 0x53, 0x3c, 0x0, 0x33, 0xe0,
    0x54, 0x0, 0xb0, 0x9c, 0x31, 0xaf, 0xff, 0xf5,
    0x80, 0x79, 0x34, 0x80, 0x9a, 0x80, 0x3f, 0xcb,
    0x55, 0xfa, 0x4, 0x59, 0x55, 0xf9, 0x71, 0x57,
    0xf8, 0x40, 0xd5, 0x7f, 0x64, 0xff, 0xf9, 0xc0,
    0x14, 0x41, 0xbf, 0xfa, 0xe7, 0xe4, 0x3, 0xb,
    0xf3, 0xa6, 0xaf, 0x7, 0x0, 0xa, 0xed, 0x40,
    0x10, 0xad, 0x74, 0xd, 0x59, 0x1, 0xb9, 0xdc,
    0xea, 0xce, 0x0, 0x27, 0xa9, 0x54, 0x40, 0x80,
    0x1a, 0x1d, 0x19, 0x39, 0x80, 0x2b, 0x7a, 0xfa,
    0x10, 0xc, 0x6e, 0xe8, 0x80, 0x26, 0xa8, 0x4,
    0x50, 0xa0, 0x1, 0x6, 0xae, 0xc8, 0xb0, 0x7e,
    0x52, 0xaf, 0xb4, 0x0, 0xce, 0x41, 0xa, 0x4f,
    0x78, 0x0, 0x1a, 0xd8, 0x34, 0x20, 0xd, 0xc2,
    0xd7, 0xf9, 0x8, 0x1, 0xc4, 0xf9, 0xec,

    /* U+88F9 "裹" */
    0x0, 0xff, 0x39, 0x80, 0x7f, 0xf2, 0x23, 0x40,
    0x3f, 0xc3, 0xdf, 0xff, 0x80, 0x7f, 0xff, 0x72,
    0x8c, 0xbb, 0xff, 0xf1, 0x99, 0xc1, 0xe2, 0x73,
    0x3f, 0xf8, 0x53, 0x10, 0x20, 0xb, 0x6e, 0xab,
    0xae, 0xd5, 0x5d, 0x7e, 0x1, 0xe1, 0xc, 0xce,
    0x0, 0x66, 0x70, 0x8, 0x7, 0xed, 0xde, 0x0,
    0x6e, 0xf0, 0x7, 0xfb, 0xff, 0x80, 0x1f, 0xfc,
    0x1, 0xf9, 0x83, 0xff, 0x80, 0x1f, 0xfc, 0x4,
    0x1, 0xeb, 0xdd, 0xf0, 0x3, 0x77, 0xd8, 0x1,
    0xbb, 0xfd, 0xbb, 0xe0, 0x6, 0xef, 0xbb, 0xfc,
    0x81, 0x73, 0x3a, 0x12, 0x64, 0x0, 0x97, 0x36,
    0x89, 0x9c, 0xa0, 0xac, 0xc2, 0xf8, 0x66, 0x80,
    0xdb, 0x45, 0xa3, 0x41, 0xd8, 0x41, 0xb3, 0xed,
    0x67, 0x40, 0xc4, 0x65, 0xde, 0xa1, 0x9e, 0xa0,
    0x2, 0xa5, 0x76, 0x30, 0xc6, 0x9, 0x30, 0x0,
    0x57, 0xb9, 0x26, 0x0, 0x38, 0x51, 0x39, 0xe7,
    0x5e, 0x48, 0x50, 0x1b, 0xb4, 0x34, 0x80, 0x49,
    0x1b, 0x8c, 0x9b, 0x43, 0x45, 0x57, 0xc8, 0xf2,
    0x1, 0x47, 0xdb, 0x8a, 0x7, 0x10, 0x0, 0x70,
    0xd0, 0x2a, 0x0, 0x35, 0xb4, 0xf6, 0x60, 0x2,
    0x48, 0x31, 0xc7, 0xa, 0xb4, 0x0, 0x8e, 0x58,
    0x43, 0x42, 0xfe, 0xd8, 0x40, 0x11, 0xaa, 0x97,
    0xf6, 0xc0, 0x1c, 0xa0, 0x6f, 0x7c, 0x40, 0x11,
    0x57, 0x41, 0xa7, 0x0, 0x75, 0xee, 0xa1, 0x0,
    0x3e, 0x17, 0xcf, 0x80,

    /* U+8910 "褐" */
    0x0, 0xcc, 0x60, 0x1f, 0xfc, 0x99, 0xe0, 0xc,
    0x2e, 0xff, 0xe2, 0x0, 0xe4, 0x23, 0x0, 0x9a,
    0x23, 0xfd, 0x60, 0x1d, 0xe4, 0x20, 0x17, 0x86,
    0xff, 0xfb, 0x40, 0xc0, 0xb, 0x76, 0x81, 0xec,
    0x80, 0x8, 0xc0, 0x3c, 0x60, 0x1b, 0x11, 0x6,
    0x79, 0xc0, 0x2e, 0xff, 0xf7, 0x0, 0x69, 0xed,
    0xda, 0x41, 0x40, 0x26, 0x77, 0xf8, 0x3, 0x84,
    0x8a, 0xa0, 0x90, 0xa, 0x23, 0xe9, 0x0, 0xfc,
    0x86, 0x86, 0x1, 0x5c, 0xcf, 0xac, 0x3, 0xf5,
    0x4, 0xc4, 0x30, 0x55, 0x9d, 0xf9, 0x7, 0x0,
    0x3a, 0x45, 0x59, 0xfd, 0x2c, 0x13, 0xbb, 0xe6,
    0x0, 0xcc, 0xc0, 0x5b, 0x47, 0x1b, 0x1, 0x99,
    0xfa, 0xc, 0x0, 0x72, 0x0, 0x10, 0x80, 0xd1,
    0x5, 0x66, 0xf9, 0xfc, 0x13, 0x0, 0xc2, 0x3,
    0xec, 0xd3, 0xba, 0xb5, 0xee, 0xb4, 0x2, 0xa0,
    0xa5, 0x2, 0x73, 0x40, 0x11, 0xde, 0x82, 0x31,
    0x3, 0x84, 0xd2, 0x80, 0x56, 0x4, 0x2, 0x0,
    0x54, 0x31, 0x0, 0x8, 0x8, 0x3a, 0x80, 0x63,
    0xcd, 0x10, 0x1, 0x51, 0x8f, 0x98, 0x18, 0x18,
    0x7, 0xe3, 0x0, 0x93, 0x47, 0x71, 0x70, 0xc4,
    0x4, 0x3, 0xff, 0x80, 0xed, 0xe2, 0x16, 0xe2,
    0xc1, 0xc0, 0x1f, 0xe5, 0x4d, 0x7e, 0xff, 0x9c,
    0x8, 0x8, 0x3, 0xfd, 0x4c, 0xab, 0xcc, 0xc3,
    0xc0, 0x50, 0xf, 0x38, 0x4, 0x33, 0x76, 0xaa,
    0x8c, 0xa9, 0x8, 0x40, 0x36, 0x19, 0x0, 0x7f,
    0xc8, 0x82, 0xe0, 0xe, 0x5c, 0x10, 0xf, 0xf5,
    0x7f, 0xb4, 0xc0,

    /* U+897F "西" */
    0x5f, 0xff, 0xfe, 0x4e, 0x89, 0x0, 0x7f, 0xf2,
    0x48, 0xdf, 0xbb, 0xe1, 0xe, 0xea, 0x1, 0xbb,
    0xbd, 0xe4, 0x2, 0x3f, 0x0, 0x4, 0x60, 0x8,
    0x47, 0xc0, 0x1f, 0xfd, 0x11, 0x1e, 0x0, 0x8,
    0xc0, 0x10, 0x8f, 0x0, 0x76, 0x77, 0x70, 0x87,
    0x75, 0x0, 0xdd, 0xdd, 0x60, 0x11, 0x18, 0x11,
    0x60, 0x1, 0x14, 0x20, 0x2, 0x28, 0x41, 0x4,
    0x3, 0xe, 0xee, 0x1, 0xdd, 0xa4, 0x1b, 0x76,
    0xe0, 0xf, 0xf8, 0xc0, 0x80, 0x3f, 0xf9, 0x36,
    0x8, 0x1, 0xff, 0xc8, 0x27, 0xa, 0x0, 0x84,
    0xc, 0x3, 0xff, 0x82, 0x78, 0x10, 0x40, 0x11,
    0x82, 0xff, 0xdc, 0x1, 0xf9, 0xb0, 0x59, 0xc0,
    0x32, 0x90, 0x6, 0x10, 0xf, 0xd4, 0x33, 0x20,
    0xf, 0x6f, 0x6e, 0xe0, 0xf, 0xdb, 0xcc, 0x1,
    0xf8, 0x48, 0xb0, 0x7, 0xe1, 0x0, 0xff, 0xfd,
    0xf, 0xff, 0xff, 0x10, 0x3, 0x89, 0x0, 0x3f,
    0xf8, 0xca, 0x20,

    /* U+8981 "要" */
    0x8, 0xaa, 0xff, 0xe3, 0x48, 0x93, 0xaa, 0xff,
    0xf1, 0x99, 0x4b, 0xfb, 0xb8, 0xc3, 0x7b, 0x96,
    0xb, 0xdd, 0xe4, 0x0, 0x8, 0xf0, 0x0, 0xc4,
    0x4e, 0x0, 0x11, 0xf0, 0x4, 0xf5, 0x58, 0x82,
    0xea, 0x90, 0xf, 0x55, 0xa4, 0x40, 0x3, 0xa,
    0xb8, 0x41, 0x56, 0x40, 0x25, 0x5c, 0xc8, 0x1,
    0x8f, 0xfe, 0x30, 0xef, 0xf6, 0x2, 0xff, 0xce,
    0x1, 0xff, 0xdf, 0x10, 0xc, 0x20, 0x7f, 0xf1,
    0x87, 0x7f, 0xb0, 0x17, 0xfe, 0x60, 0xe, 0x96,
    0x6f, 0xfe, 0x23, 0xa8, 0x4, 0xd3, 0x3b, 0x1b,
    0xa6, 0x7f, 0xa0, 0x3, 0xfa, 0xc1, 0x40, 0x38,
    0x76, 0x0, 0x32, 0x5d, 0xf6, 0x8, 0x4d, 0xdf,
    0x61, 0x35, 0xdc, 0xa6, 0x89, 0xc6, 0x0, 0x44,
    0xf1, 0x0, 0xa2, 0x5a, 0xff, 0xf7, 0x8, 0x67,
    0xff, 0x68, 0x84, 0xff, 0xe8, 0x0, 0xda, 0x28,
    0xe4, 0x1, 0x2e, 0xb, 0xb0, 0x7, 0xf2, 0x9a,
    0xde, 0xfe, 0x62, 0x86, 0x60, 0x3, 0xfd, 0x39,
    0x88, 0x10, 0x33, 0x0, 0x27, 0x21, 0x0, 0x31,
    0x4d, 0x66, 0xfe, 0xc0, 0x9c, 0x77, 0x29, 0x85,
    0xef, 0xf1, 0xc0, 0x59, 0x4c, 0x11, 0xeb, 0xb1,
    0xc4, 0x4b, 0x3b, 0xa9, 0x33, 0x0, 0xf, 0xfb,
    0xf6, 0xe1, 0x44, 0x3, 0xe2, 0x6c, 0xf7, 0x0,

    /* U+8986 "覆" */
    0x6, 0x77, 0xff, 0xe3, 0x90, 0xc4, 0x7f, 0xf2,
    0x10, 0x7b, 0xfb, 0xb2, 0x86, 0x77, 0x34, 0xf,
    0xbb, 0xbd, 0x80, 0x1d, 0xdc, 0xa1, 0x9d, 0xcd,
    0x3, 0xee, 0xe5, 0x0, 0x8, 0x8f, 0x32, 0x40,
    0xac, 0xc5, 0x81, 0x66, 0x4e, 0x1a, 0x1, 0x85,
    0x9a, 0x70, 0x26, 0x61, 0x0, 0x19, 0xa1, 0xf,
    0x0, 0x9, 0x95, 0x54, 0x61, 0x15, 0x49, 0x2,
    0xaa, 0x98, 0x4c, 0x2, 0xcf, 0x74, 0xff, 0xa0,
    0x37, 0xff, 0xee, 0x40, 0xd, 0xe, 0x1, 0x14,
    0x6, 0xff, 0xfe, 0xe1, 0x0, 0x53, 0xa5, 0x80,
    0x38, 0x1e, 0x23, 0xfc, 0x25, 0xaa, 0xaa, 0xb6,
    0xb3, 0x5, 0xaa, 0xfc, 0xc, 0xa, 0x51, 0x56,
    0x92, 0x86, 0xf, 0x11, 0xf1, 0xd0, 0x1, 0xfd,
    0xe5, 0x5b, 0xaf, 0x81, 0x6a, 0xbe, 0x10, 0xe,
    0xa6, 0x9, 0x14, 0x0, 0x36, 0xef, 0xc2, 0x1,
    0xe, 0x28, 0x7, 0x18, 0x36, 0xef, 0xc2, 0xc0,
    0xa, 0x37, 0x30, 0x8, 0x93, 0xa8, 0x42, 0xb3,
    0x36, 0xd8, 0x2, 0xb2, 0x0, 0x30, 0xd6, 0xd0,
    0x85, 0x66, 0x6d, 0x70, 0x0, 0x98, 0x7, 0x58,
    0x18, 0x14, 0xdd, 0xcc, 0x0, 0x40, 0xf, 0xc2,
    0x8b, 0x8c, 0x51, 0x85, 0xc, 0x58, 0x60, 0x1f,
    0x87, 0x28, 0xe6, 0x5, 0xe4, 0xcb, 0x8c, 0x3,
    0xf8, 0xda, 0x2f, 0xe0, 0x9, 0x0, 0xb3, 0xf6,
    0x8c, 0x2, 0x62, 0xa, 0x96, 0x6, 0x9e, 0xdb,
    0xfb, 0x74, 0x34, 0x10, 0xa, 0xb4, 0x27, 0xfa,
    0xe5, 0x84, 0x2, 0x48, 0xbe, 0xe1, 0x0,

    /* U+89E3 "解" */
    0x0, 0xc2, 0x40, 0x1f, 0xfc, 0x9f, 0xc0, 0xf,
    0x22, 0xaf, 0xe3, 0x0, 0xc8, 0x27, 0x10, 0x60,
    0x1, 0x5d, 0x57, 0xec, 0x20, 0xb, 0x40, 0x9d,
    0xd2, 0xa0, 0x59, 0x70, 0xd, 0x77, 0x20, 0x8,
    0x0, 0x58, 0xbf, 0xc6, 0x8, 0x0, 0x34, 0xf0,
    0xa4, 0x48, 0x80, 0x80, 0x12, 0x10, 0x4, 0x6c,
    0x20, 0x19, 0x84, 0xc0, 0x22, 0x1, 0x3, 0x70,
    0xc9, 0xe0, 0x29, 0x60, 0x3, 0x8c, 0x80, 0x66,
    0x10, 0x1d, 0x0, 0x33, 0xc, 0x11, 0xa4, 0x16,
    0x9, 0xc1, 0xdd, 0x24, 0x80, 0x2a, 0x21, 0xde,
    0x2f, 0xec, 0x13, 0x43, 0xe0, 0xb, 0x86, 0x19,
    0x0, 0x5b, 0x0, 0x7e, 0xc7, 0xd3, 0x0, 0x67,
    0x74, 0x60, 0x1c, 0x88, 0x12, 0x42, 0x4, 0x8e,
    0xa0, 0x9f, 0x1, 0x0, 0xfa, 0xac, 0x16, 0xd0,
    0x0, 0x24, 0x40, 0x20, 0x30, 0xf, 0xd7, 0x60,
    0x5b, 0x50, 0x3, 0x83, 0x7a, 0x6, 0xff, 0xca,
    0x0, 0x10, 0x54, 0x12, 0x43, 0x0, 0x58, 0xaa,
    0x84, 0x15, 0x66, 0x70, 0xc, 0x44, 0x1, 0x23,
    0x9, 0x28, 0xaa, 0x28, 0x45, 0x52, 0x48, 0x0,
    0x61, 0x9a, 0x2d, 0xaa, 0x18, 0xec, 0x1, 0xff,
    0x8, 0xaa, 0xb9, 0x0, 0x4a, 0xee, 0x50, 0x9b,
    0xb9, 0xc0, 0xc, 0x4a, 0xbc, 0x41, 0xaa, 0x89,
    0x8, 0x22, 0x6c, 0x0, 0x13, 0x0, 0x7d, 0x3f,
    0xf9, 0x3, 0x7f, 0xeb, 0x4, 0xd, 0x0, 0xff,
    0xe4, 0x68, 0x20, 0x7, 0xff, 0x1c, 0x58, 0x8c,
    0x0, 0x53, 0x27, 0x1, 0x0, 0xff, 0xe0, 0x1c,
    0x0, 0x67, 0x60, 0x90, 0xe, 0xc1, 0x20, 0xc,

    /* U+8A00 "言" */
    0x0, 0xff, 0x11, 0x80, 0x7f, 0xf2, 0xbf, 0x1c,
    0x3, 0xff, 0x93, 0x21, 0xa, 0x1, 0xff, 0xc8,
    0x46, 0x9, 0x0, 0xff, 0xaa, 0xef, 0xf9, 0x40,
    0xae, 0xff, 0x50, 0x89, 0x51, 0x3f, 0x8c, 0x5,
    0x13, 0xf2, 0x98, 0xff, 0xff, 0xf2, 0x88, 0x3,
    0xff, 0xa0, 0xdf, 0xff, 0xfc, 0x27, 0x0, 0xfc,
    0xaa, 0x44, 0xff, 0xe0, 0x29, 0x80, 0x7e, 0x3a,
    0xbb, 0xff, 0xe0, 0x52, 0x0, 0x7f, 0xf5, 0x1f,
    0xff, 0xff, 0x84, 0xe0, 0x1f, 0x91, 0x57, 0xff,
    0x84, 0x80, 0x1f, 0x8e, 0xab, 0xff, 0x84, 0x60,
    0x1f, 0xc2, 0x45, 0xff, 0xc0, 0x10, 0xf, 0xea,
    0xed, 0xdf, 0xfe, 0x7, 0x60, 0x7, 0xe6, 0x4,
    0x55, 0xff, 0x20, 0x10, 0x7, 0xfa, 0x6a, 0xbf,
    0xd2, 0x1, 0xff, 0xf0, 0xeb, 0xbf, 0xf7, 0x0,
    0x7f, 0x94, 0xd, 0x13, 0xfc, 0x60, 0x80, 0x18,

    /* U+8B66 "警" */
    0x0, 0xe4, 0x0, 0x20, 0x80, 0x71, 0x8, 0x7,
    0xe2, 0x55, 0x4d, 0x90, 0xdc, 0x2a, 0x88, 0x7,
    0x6c, 0x3, 0xf4, 0x55, 0x18, 0x4, 0xc1, 0xaa,
    0x92, 0xe, 0x0, 0x66, 0xe4, 0x0, 0x57, 0xec,
    0x99, 0xc1, 0x3f, 0xeb, 0x8, 0x5, 0x99, 0xea,
    0x0, 0x87, 0x2d, 0x22, 0x5f, 0xa0, 0xc2, 0x87,
    0x3b, 0xa4, 0xd, 0xe0, 0xa, 0xc4, 0x15, 0x79,
    0xe6, 0x4a, 0xf0, 0x82, 0x48, 0xa4, 0x1, 0x4a,
    0x94, 0x45, 0x3b, 0xe0, 0x66, 0x5b, 0x5a, 0xbd,
    0x1b, 0x0, 0xce, 0x25, 0x32, 0x8b, 0x51, 0x1,
    0xaa, 0x1f, 0x22, 0x5, 0x4, 0x3, 0x74, 0x86,
    0xeb, 0x80, 0xc, 0x1c, 0x0, 0x19, 0x43, 0x65,
    0xd3, 0x0, 0xf7, 0x73, 0x3, 0x38, 0x15, 0x33,
    0x99, 0xf2, 0x68, 0xb1, 0x40, 0x23, 0x4f, 0xfb,
    0x19, 0x6, 0xf4, 0x5f, 0xa0, 0x0, 0xba, 0x62,
    0x1, 0x25, 0x80, 0x47, 0xb7, 0x4e, 0x99, 0x2,
    0x1, 0x8b, 0x10, 0x7, 0xff, 0xed, 0xbb, 0x1,
    0x77, 0xff, 0xf0, 0x8a, 0x62, 0x3f, 0xf9, 0x12,
    0x20, 0xce, 0xf1, 0x8, 0xff, 0xf0, 0x9, 0x9d,
    0xcc, 0x1, 0xc7, 0x37, 0x7f, 0xfc, 0x8, 0x20,
    0xf, 0xc7, 0x31, 0x1f, 0xfc, 0x13, 0x0, 0xfc,
    0x71, 0x1f, 0xfc, 0x23, 0x0, 0xfc, 0x73, 0x3f,
    0xfc, 0x23, 0x0, 0xfd, 0x17, 0x7f, 0xfc, 0x28,
    0x0, 0xfc, 0x21, 0x5f, 0xff, 0xe9, 0x1, 0x0,
    0xff, 0x6a, 0x27, 0xfb, 0xc0, 0x3f, 0xd8, 0xf,
    0x77, 0xfe, 0x60, 0xf0, 0xc,

    /* U+8BA1 "计" */
    0x0, 0xd, 0x18, 0x7, 0xf6, 0xe0, 0x7, 0xf1,
    0x2e, 0x30, 0x7, 0xe2, 0x30, 0xf, 0xe3, 0xb1,
    0x97, 0x0, 0xff, 0xe3, 0xa6, 0xc, 0x8, 0x7,
    0xff, 0x1c, 0xb6, 0x44, 0x3, 0xff, 0x90, 0x6c,
    0x1, 0xff, 0xc5, 0x22, 0xc0, 0x1f, 0xfc, 0x6c,
    0xdd, 0xd6, 0x0, 0x9b, 0xbe, 0x0, 0x5d, 0xf4,
    0x85, 0xa2, 0xc, 0x18, 0x5, 0x91, 0x38, 0x0,
    0x89, 0xcc, 0xf, 0x76, 0xd0, 0x8, 0x7b, 0x33,
    0x80, 0x19, 0x9d, 0xc0, 0x1f, 0xc2, 0x67, 0xc0,
    0x3, 0x3e, 0x10, 0xf, 0xff, 0xf8, 0x7, 0xff,
    0x34, 0x58, 0x3, 0xff, 0x90, 0xbf, 0x22, 0x1,
    0xff, 0xc6, 0x2a, 0x19, 0x10, 0xf, 0xfe, 0x22,
    0x0, 0xb, 0x18, 0x3, 0xff, 0x8b, 0x60, 0xba,
    0x60, 0x1f, 0xfc, 0x66, 0x8a, 0x0, 0xff, 0xe4,
    0x43, 0x80, 0x7f, 0x11, 0x80, 0x7c,

    /* U+8BA4 "认" */
    0x0, 0xff, 0xe1, 0x29, 0x0, 0x7f, 0x52, 0x0,
    0x7e, 0x1a, 0x90, 0xf, 0xc4, 0xb6, 0xa0, 0x1f,
    0x18, 0x38, 0x7, 0xe2, 0xb0, 0xa6, 0x0, 0xfc,
    0xe0, 0x1f, 0xc9, 0x81, 0x20, 0x1f, 0xfc, 0x73,
    0xca, 0x0, 0xf0, 0x80, 0x7f, 0xf0, 0x4d, 0x40,
    0x3f, 0x8, 0x7, 0xff, 0x1d, 0xc0, 0xc0, 0x3d,
    0x5f, 0xfb, 0x0, 0x3e, 0x10, 0x30, 0xf, 0x18,
    0x8c, 0x6, 0x1, 0xf1, 0x3, 0x80, 0x7a, 0x7b,
    0xa2, 0x0, 0xfd, 0xc0, 0x42, 0x1, 0xff, 0xc6,
    0x50, 0x2, 0x80, 0x7f, 0xf1, 0x8c, 0x1, 0x80,
    0x1f, 0xfc, 0x53, 0x3, 0x15, 0x0, 0xff, 0xe2,
    0xd8, 0x5b, 0x91, 0x80, 0x7f, 0xf0, 0x4, 0x2,
    0x60, 0x4d, 0x9, 0x0, 0xff, 0x9f, 0x8c, 0x18,
    0x48, 0xd0, 0x94, 0x80, 0x3f, 0xb2, 0x8, 0x81,
    0x61, 0x60, 0x8, 0x9, 0x0, 0xf8, 0xc0, 0xd3,
    0x5, 0xc8, 0x8c, 0x0, 0x53, 0x47, 0x0, 0xe4,
    0x10, 0x7b, 0x15, 0x80, 0xe0, 0xd, 0xc1, 0xc,
    0x1, 0xa0, 0x2e, 0x1, 0xe8, 0x24, 0xc0, 0x31,
    0x50, 0x4d, 0x0, 0x5d, 0xa8, 0x1, 0xd, 0x30,
    0x7, 0x96, 0xc4, 0x80, 0x22, 0x20, 0x4, 0xfc,
    0xa0, 0x1f, 0x93, 0xa0,

    /* U+8BA9 "让" */
    0x0, 0xff, 0xe0, 0x88, 0x80, 0x3f, 0x8a, 0x8c,
    0x3, 0xf6, 0x78, 0x7, 0xf3, 0x2e, 0x20, 0x7,
    0xc6, 0x20, 0x1f, 0xc9, 0x41, 0x68, 0x1, 0xff,
    0xc6, 0x5b, 0xa, 0x0, 0xff, 0xe3, 0xa5, 0xd0,
    0x7, 0xff, 0x21, 0x10, 0x1, 0xff, 0xc4, 0x12,
    0x20, 0x80, 0x7f, 0xf1, 0x6f, 0xb7, 0x5d, 0x20,
    0x1f, 0xd9, 0x9a, 0xc0, 0x1a, 0x88, 0x30, 0x50,
    0xf, 0xe3, 0x3c, 0x82, 0xd, 0x76, 0xd0, 0xf,
    0xfb, 0xff, 0x84, 0x3, 0xff, 0xfe, 0x1, 0xff,
    0xdf, 0x37, 0x0, 0xff, 0xe3, 0xbe, 0x58, 0x7,
    0xff, 0x10, 0xc0, 0xe0, 0xb8, 0x3, 0xff, 0x88,
    0xa0, 0x5, 0xd2, 0x0, 0xff, 0xe1, 0x94, 0x4,
    0xd4, 0x7f, 0xf0, 0x87, 0xff, 0xb4, 0x0, 0x69,
    0x6c, 0x1c, 0x42, 0x3f, 0xfc, 0x7,

    /* U+8BBE "设" */
    0x0, 0x9e, 0xc4, 0x3, 0x8a, 0xf3, 0x3a, 0x80,
    0x3e, 0xf4, 0xc1, 0x0, 0xca, 0x86, 0x7c, 0xa6,
    0x1, 0xe8, 0x62, 0xd0, 0xf, 0x4f, 0xfc, 0xa0,
    0x1f, 0xd2, 0xa6, 0xa0, 0x17, 0x81, 0x0, 0x46,
    0x1, 0xfe, 0xa8, 0x50, 0x8, 0xc1, 0x80, 0x3f,
    0xf8, 0x6e, 0x1, 0xa, 0x1, 0x0, 0x7f, 0xf1,
    0xe8, 0x18, 0x3, 0x8, 0x29, 0x98, 0x1, 0xbf,
    0xf6, 0x0, 0x6, 0xd0, 0x60, 0x3, 0x68, 0x4e,
    0x61, 0xc0, 0x46, 0x3, 0x10, 0xa4, 0x2d, 0x10,
    0xc, 0xb4, 0xee, 0x86, 0xc, 0xee, 0x10, 0x5,
    0x32, 0xd3, 0x0, 0xf2, 0xc4, 0x1c, 0x40, 0x30,
    0x80, 0x45, 0x5f, 0xff, 0xed, 0x0, 0xff, 0x84,
    0x0, 0x23, 0xf0, 0x10, 0x80, 0x7f, 0xb4, 0x43,
    0xfb, 0xba, 0x80, 0xc4, 0x3, 0xfe, 0x90, 0x90,
    0xe, 0x80, 0x90, 0xf, 0xfe, 0x3, 0x8b, 0x98,
    0x4, 0xc6, 0x65, 0x0, 0xff, 0xe0, 0xd8, 0x68,
    0x81, 0xc8, 0x70, 0x7, 0xf9, 0x28, 0x0, 0xac,
    0x3a, 0x9a, 0x16, 0x40, 0x1f, 0xd1, 0x68, 0x1,
    0x4a, 0x1d, 0x8d, 0x20, 0x7, 0xe2, 0x6, 0x2c,
    0x0, 0x8c, 0x3, 0x71, 0x0, 0x7c, 0x82, 0xb,
    0xa4, 0x9, 0x78, 0x88, 0x80, 0x4d, 0xa5, 0x0,
    0xe2, 0x8, 0xa0, 0x8f, 0xb4, 0x2a, 0xb7, 0xd5,
    0x5, 0xaf, 0x50, 0x9, 0xb1, 0xc0, 0x1c, 0x2d,
    0x9a, 0xa0, 0x2, 0xad, 0x72, 0x16,

    /* U+8BE5 "该" */
    0x0, 0xff, 0xe1, 0x8, 0x7, 0xf4, 0xd0, 0x7,
    0xf4, 0xf2, 0x80, 0x7e, 0x35, 0xb0, 0xf, 0xd8,
    0x16, 0x1, 0xfa, 0x8d, 0x20, 0x2, 0x11, 0xc8,
    0x22, 0x51, 0x1c, 0x1, 0xb4, 0x5c, 0xcd, 0xfd,
    0xdc, 0x21, 0x5d, 0xda, 0x0, 0x21, 0xb2, 0x29,
    0x51, 0x22, 0x0, 0x22, 0x7b, 0x0, 0x32, 0xe8,
    0x8a, 0xae, 0xe0, 0x5, 0x5d, 0xf9, 0x0, 0x3f,
    0xe9, 0x25, 0x50, 0x0, 0x48, 0x2, 0x8d, 0xdb,
    0x18, 0x3, 0x2b, 0xd, 0x80, 0x59, 0xa2, 0x0,
    0x42, 0x28, 0xe8, 0x2, 0x4a, 0xb, 0x33, 0x25,
    0x12, 0x88, 0x3, 0x3b, 0x9a, 0x1, 0x9e, 0xc0,
    0x15, 0xb9, 0x6a, 0x36, 0x1, 0x84, 0x46, 0x1,
    0x84, 0x46, 0x8c, 0xe6, 0x0, 0xd1, 0x22, 0x0,
    0x7f, 0x37, 0x65, 0xcf, 0x98, 0x61, 0x8e, 0xe8,
    0x40, 0x3f, 0xf8, 0x15, 0x3, 0x86, 0x14, 0x4,
    0x20, 0x1f, 0xe3, 0xd5, 0x2c, 0x30, 0x84, 0xe,
    0x0, 0xfe, 0x3b, 0xc2, 0x6d, 0x20, 0x77, 0x5,
    0x18, 0x7, 0xf6, 0xa1, 0x5c, 0x80, 0x26, 0x2,
    0x54, 0x3, 0xf8, 0x76, 0xf5, 0x0, 0x6d, 0x82,
    0x18, 0x3, 0xf0, 0xc7, 0x3a, 0x0, 0x17, 0xd0,
    0x1, 0xa, 0x1, 0xe2, 0x2, 0x74, 0x40, 0x15,
    0xd0, 0xa7, 0x58, 0xd5, 0x0, 0x3a, 0x0, 0x6a,
    0xce, 0xb5, 0x2, 0x6c, 0x53, 0xcd, 0x74, 0x40,
    0x27, 0x5f, 0x5c, 0xc2, 0x83, 0x73, 0x0, 0x43,
    0x8c, 0x64, 0x1, 0x65, 0x8, 0x28, 0xbe, 0xc8,
    0x80, 0x7a, 0x78, 0xc0,

    /* U+8BED "语" */
    0x0, 0x1c, 0x0, 0x65, 0xbb, 0xff, 0xe0, 0x90,
    0x5, 0x6f, 0x82, 0x0, 0xc4, 0x4f, 0xfe, 0xb,
    0x0, 0x50, 0x87, 0x80, 0x9, 0xff, 0xc4, 0x19,
    0xff, 0xe4, 0x0, 0xd6, 0x65, 0x40, 0x1e, 0x20,
    0x30, 0xf, 0xfe, 0x6, 0x89, 0x0, 0x71, 0x81,
    0x0, 0x7f, 0xf0, 0x47, 0xe0, 0x1, 0x3f, 0xec,
    0x2, 0xff, 0xe9, 0x0, 0xfc, 0x20, 0x17, 0xa2,
    0x4, 0x9, 0x12, 0x30, 0x20, 0xd, 0x13, 0x33,
    0x0, 0x4d, 0x76, 0x30, 0xfb, 0xba, 0x0, 0x80,
    0x23, 0x76, 0x6a, 0x40, 0x3c, 0x42, 0x40, 0x10,
    0x80, 0x80, 0x47, 0x97, 0x61, 0x0, 0xf2, 0x82,
    0x80, 0x6d, 0xe, 0x0, 0xc6, 0x88, 0x0, 0x9f,
    0xfe, 0xa0, 0x4f, 0xfc, 0xe1, 0x3f, 0xe2, 0x0,
    0xf8, 0x8c, 0xff, 0xf8, 0x48, 0x60, 0x1f, 0x2e,
    0x67, 0xff, 0xa, 0xc4, 0x3, 0xf8, 0x66, 0x7f,
    0xe3, 0x0, 0xff, 0x9d, 0x9b, 0xfe, 0xa0, 0xf,
    0xf8, 0x41, 0xf7, 0x7e, 0x80, 0xf, 0xf9, 0x2f,
    0xc3, 0x88, 0xbf, 0x0, 0x7f, 0xaa, 0xd4, 0x3,
    0xff, 0x8e, 0x20, 0xa5, 0x9e, 0x1, 0xff, 0xc5,
    0x60, 0x3, 0xe9, 0x8, 0x45, 0xdf, 0xd0, 0x1,
    0xf2, 0x8d, 0xc0, 0x0, 0x80, 0x51, 0x3e, 0x20,
    0xf0, 0xe, 0x3e, 0x40, 0x9, 0x3f, 0xff, 0xe6,
    0x0, 0x0,

    /* U+8BEF "误" */
    0x0, 0x8c, 0x3, 0xe1, 0x1f, 0xe0, 0xe, 0x1c,
    0xc0, 0x80, 0x6e, 0xef, 0xf7, 0x90, 0x4, 0x30,
    0x7e, 0x40, 0x10, 0x83, 0x37, 0xc2, 0x2, 0x1,
    0x9e, 0x47, 0xc0, 0x31, 0xcc, 0xfc, 0x80, 0x1f,
    0x34, 0xd0, 0x7, 0xff, 0x25, 0x9c, 0x3, 0x1d,
    0x57, 0xc8, 0x1, 0x84, 0xce, 0x10, 0xc, 0x40,
    0xab, 0xf0, 0x81, 0x0, 0xf6, 0x65, 0xc0, 0x1b,
    0x7f, 0xff, 0xc2, 0x2, 0x84, 0x40, 0x0, 0x80,
    0x7f, 0xf1, 0x6f, 0x74, 0x80, 0x19, 0x6e, 0xff,
    0xe7, 0x0, 0xff, 0x6a, 0x27, 0xfd, 0x80, 0x1f,
    0xe8, 0xff, 0xd0, 0x13, 0xff, 0xac, 0x3, 0xff,
    0x87, 0xc0, 0x40, 0x1f, 0xfc, 0x22, 0xab, 0xbc,
    0xe1, 0xf7, 0x7a, 0x98, 0x3, 0xf3, 0xaa, 0x26,
    0x10, 0x44, 0xe5, 0xd0, 0xf, 0xcb, 0xff, 0xa8,
    0x0, 0x3d, 0xff, 0xac, 0x3, 0xc5, 0x5c, 0x1,
    0xb8, 0xc, 0x58, 0x3, 0xfe, 0xc5, 0x70, 0x9,
    0x90, 0xb0, 0x60, 0xc0, 0x3f, 0x28, 0x2, 0x24,
    0x0, 0xb2, 0x12, 0x16, 0x1a, 0x60, 0x1e, 0x31,
    0x16, 0x38, 0x1d, 0x50, 0x25, 0x1, 0x5c, 0x72,
    0x4, 0x3, 0x1c, 0x79, 0x85, 0x62, 0x85, 0x30,
    0x5, 0xe, 0xf, 0xcc, 0x1, 0x9c, 0x40, 0x1a,
    0x2f, 0xca, 0x1, 0xd1, 0x88, 0x24,

    /* U+8BF4 "说" */
    0x0, 0xff, 0x8, 0x7, 0x84, 0x40, 0x1e, 0x66,
    0x0, 0x72, 0x73, 0x0, 0x76, 0xf1, 0x80, 0x75,
    0x4d, 0x0, 0x64, 0x19, 0x20, 0x8, 0xcc, 0x26,
    0x1, 0xda, 0x4b, 0x60, 0x1a, 0x2, 0x80, 0x29,
    0x9, 0x0, 0xf0, 0xe1, 0x23, 0x80, 0x4c, 0x20,
    0x11, 0x28, 0xb8, 0x7, 0xc3, 0xe6, 0x80, 0xb5,
    0x45, 0x2a, 0xa7, 0x81, 0xd4, 0x0, 0x7c, 0x58,
    0x61, 0x2a, 0xa4, 0x55, 0x88, 0x9, 0x5c, 0x40,
    0x3f, 0xf8, 0x1b, 0xdd, 0xf0, 0x0, 0xc0, 0xf,
    0xff, 0x9c, 0x3, 0x18, 0x8f, 0xe0, 0xc, 0x23,
    0x0, 0x30, 0x3, 0xff, 0x8a, 0xdd, 0xcc, 0x0,
    0xff, 0xe8, 0xed, 0xdf, 0xc2, 0x6, 0x1, 0xfe,
    0x50, 0x34, 0x4f, 0x80, 0x44, 0x1, 0xfe, 0x9f,
    0xf1, 0x7, 0x78, 0x87, 0x7f, 0x0, 0x7f, 0xf0,
    0x88, 0x4, 0x2, 0x10, 0xf, 0xfe, 0x8, 0x81,
    0x1, 0x80, 0x61, 0x0, 0xff, 0x93, 0xa8, 0x10,
    0x14, 0x3, 0xff, 0x86, 0x96, 0x3a, 0x14, 0x1a,
    0x1, 0xf1, 0x20, 0x6, 0x50, 0x0, 0xdb, 0x29,
    0x92, 0x0, 0x7d, 0x56, 0x1, 0x24, 0x82, 0x7a,
    0x22, 0x83, 0x80, 0x23, 0x3, 0x0, 0x10, 0x8,
    0x6, 0x8b, 0xa, 0xb0, 0x93, 0x0, 0x84, 0x33,
    0x74, 0xa4, 0x20, 0x4, 0xd7, 0x2, 0x53, 0xb6,
    0x0, 0xd0, 0x42, 0x44, 0x19, 0x0, 0xc4, 0x0,
    0x3f, 0xc4, 0x0, 0xe4, 0xdf, 0xfb, 0x90, 0x0,

    /* U+8BF7 "请" */
    0x0, 0xff, 0xe1, 0x30, 0x80, 0x7f, 0x3a, 0x0,
    0x7f, 0x24, 0xc8, 0x3, 0xfa, 0x2d, 0xc0, 0x23,
    0x88, 0xdc, 0x9, 0x11, 0xc4, 0x1, 0x58, 0x44,
    0x0, 0x8, 0xef, 0x94, 0xd, 0xdf, 0x33, 0x80,
    0x49, 0x80, 0xe8, 0xf, 0xff, 0xac, 0x1f, 0xff,
    0x72, 0x80, 0x63, 0xb2, 0x60, 0x2, 0xbb, 0xdc,
    0x8, 0xef, 0x8c, 0x3, 0xc9, 0xa4, 0x0, 0x88,
    0xca, 0x7, 0x11, 0xa8, 0x3, 0xfe, 0xdf, 0xfa,
    0xc1, 0xff, 0xf4, 0x80, 0x23, 0xff, 0x30, 0x15,
    0x5d, 0xe8, 0x5, 0xbb, 0xea, 0x0, 0x8, 0x80,
    0x18, 0x2, 0xce, 0xf8, 0xc, 0x5d, 0xf9, 0x86,
    0x3b, 0x98, 0x1, 0x1e, 0x67, 0xff, 0x8, 0x40,
    0x3f, 0x9f, 0xff, 0xfb, 0x84, 0x3, 0xfe, 0xc0,
    0x66, 0xf8, 0x85, 0x40, 0x3f, 0xf8, 0x31, 0x33,
    0xe7, 0x0, 0xff, 0xe1, 0xf7, 0xff, 0x94, 0x3,
    0xff, 0x87, 0x11, 0xf1, 0x80, 0x7f, 0xc4, 0x1,
    0x33, 0xbf, 0x98, 0x3, 0xfc, 0xda, 0xc0, 0x9,
    0x77, 0xf3, 0x0, 0x7f, 0x2c, 0x93, 0x80, 0x1e,
    0x23, 0xc6, 0x1, 0xf5, 0x80, 0x17, 0x4, 0x1,
    0xdf, 0xfe, 0x50, 0xf, 0x13, 0x84, 0x50, 0x80,
    0x7f, 0xf1, 0x48, 0xf1, 0xc0, 0x3f, 0x97, 0x2d,
    0x1, 0xc0, 0x3b, 0xc, 0x3, 0x19, 0x8, 0x4,
    0xc2, 0xa5, 0x6, 0x0,

    /* U+8C03 "调" */
    0x0, 0x16, 0x28, 0x6, 0x69, 0x9f, 0xf9, 0x40,
    0x23, 0xa6, 0x0, 0xa5, 0x9b, 0xfe, 0xa0, 0x1,
    0x58, 0x4b, 0x0, 0x82, 0x6e, 0xff, 0x10, 0x6,
    0x4b, 0x9, 0x0, 0x84, 0x8a, 0xae, 0x22, 0xc2,
    0x1, 0xc9, 0x30, 0x1, 0xf1, 0x18, 0x7, 0xfc,
    0xce, 0x1, 0x87, 0xfc, 0xa1, 0xfe, 0x80, 0xf,
    0xfe, 0x10, 0xcc, 0x18, 0x44, 0x28, 0x3, 0x77,
    0xfd, 0x80, 0x1e, 0x67, 0x60, 0x77, 0x10, 0x6,
    0x21, 0x10, 0x18, 0x80, 0x61, 0x34, 0x10, 0x44,
    0x18, 0x6, 0xce, 0xe1, 0x80, 0x7a, 0xf2, 0xd0,
    0x2e, 0xd8, 0x40, 0x1f, 0xfc, 0x1b, 0xcc, 0xf8,
    0x80, 0x3f, 0xf8, 0x22, 0x67, 0xf0, 0x7, 0xfc,
    0x60, 0x63, 0xbf, 0xfb, 0x88, 0x3, 0xfe, 0x10,
    0x12, 0x22, 0x3b, 0x94, 0x5c, 0x3, 0xfe, 0x60,
    0xe0, 0x7, 0x44, 0x24, 0x3, 0xff, 0x82, 0x40,
    0x40, 0x1f, 0xfc, 0x55, 0x9c, 0x5, 0x0, 0x74,
    0x42, 0x40, 0x3f, 0x84, 0x2d, 0x90, 0x44, 0x44,
    0x47, 0x72, 0x8b, 0x80, 0x78, 0x88, 0x5, 0x0,
    0xe0, 0x3b, 0xff, 0xb8, 0x80, 0x3d, 0x20, 0x99,
    0xa1, 0x40, 0x1f, 0xfc, 0x3e, 0x8b, 0x35, 0x43,
    0x0, 0xfa, 0xee, 0x31, 0x0, 0x95, 0xc0, 0xaa,
    0x40, 0x3f, 0x1a, 0x20, 0xac,

    /* U+8C31 "谱" */
    0x0, 0xff, 0xb, 0x0, 0x79, 0x88, 0x3, 0xc4,
    0xa0, 0x1e, 0x49, 0xa0, 0xc, 0xd2, 0xa0, 0x1e,
    0x8a, 0x80, 0xe, 0x53, 0x53, 0x0, 0xa0, 0x5c,
    0x3, 0xd6, 0x4f, 0x0, 0x7, 0x99, 0x38, 0x4c,
    0xd6, 0x25, 0x32, 0x81, 0x0, 0x87, 0xc5, 0xd0,
    0x21, 0x98, 0x80, 0xac, 0xc4, 0x3, 0x66, 0x3a,
    0x0, 0x62, 0xd0, 0x70, 0xed, 0xd8, 0x7, 0x74,
    0x61, 0xbb, 0x94, 0x3, 0x8f, 0xcc, 0x37, 0x88,
    0x80, 0x64, 0x40, 0x1, 0x13, 0xbc, 0x3, 0xfd,
    0x27, 0x20, 0x1f, 0x9c, 0xec, 0x0, 0x3b, 0xfe,
    0xeb, 0x0, 0x2b, 0x38, 0x7, 0xe9, 0x56, 0x0,
    0x8c, 0x0, 0x28, 0x1, 0x4f, 0x0, 0x7e, 0xca,
    0x0, 0x87, 0xbf, 0xc2, 0x0, 0xcf, 0xfc, 0x5,
    0xfe, 0x30, 0xfd, 0xff, 0x71, 0x0, 0x63, 0x0,
    0x22, 0x7f, 0xf1, 0xc, 0x3, 0xe8, 0xbb, 0xff,
    0xe1, 0x50, 0x80, 0x7f, 0x14, 0xd5, 0x7f, 0x38,
    0x7, 0xff, 0x2, 0x99, 0x51, 0x3e, 0x58, 0x0,
    0xff, 0xe1, 0x67, 0x77, 0xc4, 0x1, 0xff, 0xc3,
    0xa7, 0x7f, 0x8c, 0x3, 0xfe, 0x53, 0x0, 0x34,
    0x47, 0xc2, 0x1, 0xfe, 0xaa, 0x58, 0x2, 0xff,
    0xfe, 0x20, 0xf, 0xc6, 0xa, 0x72, 0x0, 0x70,
    0xf, 0xfe, 0x1b, 0x8, 0x3e, 0x8, 0x2, 0x62,
    0x3e, 0x20, 0xf, 0xb8, 0x72, 0x0, 0x1a, 0x2a,
    0xef, 0xf0, 0x20, 0x7, 0xa3, 0xcc, 0x2, 0x5e,
    0xff, 0xfe, 0xb0, 0x8,

    /* U+8C46 "豆" */
    0x0, 0xff, 0xe5, 0xf, 0xff, 0xff, 0x1e, 0xc0,
    0x50, 0xcf, 0xff, 0x8d, 0x80, 0xb, 0xcc, 0xff,
    0xe3, 0x38, 0x7, 0xff, 0x3b, 0x7f, 0xff, 0xf8,
    0x48, 0x1, 0xe2, 0x3, 0x3f, 0xf8, 0x0, 0x40,
    0x1f, 0xe, 0x67, 0xfc, 0xc0, 0x1f, 0xff, 0x53,
    0x0, 0xfe, 0x1f, 0xff, 0xf9, 0x40, 0x3f, 0x21,
    0x8, 0xff, 0xf0, 0x9, 0x40, 0x3d, 0x7b, 0x1b,
    0xdd, 0xfa, 0x33, 0x4c, 0x3, 0xf4, 0xe0, 0x80,
    0x79, 0xa6, 0x40, 0x1f, 0xe6, 0x9, 0x0, 0xf5,
    0x87, 0x80, 0x7f, 0xac, 0x18, 0x3, 0x90, 0x8d,
    0x0, 0x3f, 0xc4, 0x62, 0x40, 0x1a, 0x2, 0x0,
    0x3f, 0xf8, 0x1f, 0x24, 0x1, 0x29, 0xa2, 0x0,
    0x3d, 0x3f, 0xfd, 0x93, 0xff, 0xa8, 0x13, 0xff,
    0xcb, 0xe6, 0x7f, 0xfc, 0x86,

    /* U+8D1D "贝" */
    0x0, 0xff, 0xe6, 0x47, 0xff, 0xff, 0xa, 0xc0,
    0x38, 0x80, 0x8c, 0xff, 0xe0, 0x50, 0xf, 0xbb,
    0x33, 0xfd, 0xa0, 0x1f, 0xfc, 0x26, 0x80, 0xf,
    0xfe, 0x3d, 0xb8, 0x80, 0x7f, 0xf1, 0x8c, 0x3,
    0xff, 0xfe, 0x1, 0xfe, 0x10, 0xf, 0xfe, 0x30,
    0x80, 0x7f, 0xf1, 0xd0, 0xc, 0x3, 0xff, 0x8d,
    0xc1, 0x60, 0x1f, 0xfc, 0x3, 0x1, 0x0, 0x1a,
    0x83, 0x0, 0x61, 0x2, 0x0, 0xe9, 0xe2, 0x1,
    0xd0, 0x81, 0x0, 0xef, 0xc0, 0xf, 0x8, 0x1f,
    0x8a, 0xb8, 0x56, 0x38, 0x80, 0x7f, 0xa3, 0x5,
    0xa8, 0x1, 0x83, 0x1d, 0x46, 0x1, 0xc3, 0x1c,
    0xe3, 0x52, 0x1, 0x36, 0xd9, 0xae, 0x59, 0x80,
    0xdf, 0x38, 0xb7, 0xa8, 0x7, 0x93, 0x2c, 0xd3,
    0x20, 0x5c, 0x5f, 0xa4, 0x40, 0x3f, 0x93, 0x2c,
    0xf8,

    /* U+8D85 "超" */
    0x0, 0xe1, 0x70, 0xf, 0xfe, 0x53, 0xc2, 0x80,
    0x68, 0x99, 0xfd, 0x0, 0x1f, 0x8, 0x7, 0x1b,
    0xb3, 0x7e, 0x75, 0x0, 0xa6, 0xa9, 0x61, 0x35,
    0x48, 0x3e, 0xe5, 0x2, 0x77, 0x4a, 0x2, 0x0,
    0x26, 0x55, 0x18, 0x1a, 0xa9, 0x80, 0x44, 0x41,
    0x82, 0x31, 0x83, 0x80, 0xb, 0xfe, 0x80, 0xaf,
    0xf7, 0x0, 0x56, 0x6, 0x1, 0x10, 0x8, 0x7,
    0xff, 0x8, 0xcc, 0x48, 0x1, 0x30, 0x10, 0x7,
    0xff, 0xb, 0x82, 0x0, 0x21, 0x22, 0x0, 0x51,
    0xff, 0x40, 0x57, 0xfc, 0xd8, 0x48, 0xa3, 0xfe,
    0xe0, 0x40, 0xb, 0x51, 0x30, 0xa, 0x25, 0x66,
    0x96, 0x3, 0x2a, 0xd3, 0x20, 0x9, 0x6e, 0xea,
    0x4, 0xbb, 0xb7, 0x20, 0xce, 0x59, 0xa5, 0x10,
    0xc, 0x8e, 0x1, 0xfa, 0x73, 0x3f, 0x68, 0x6,
    0xf8, 0x0, 0xfc, 0x21, 0x13, 0x3a, 0x0, 0x40,
    0x3f, 0x97, 0xfe, 0x30, 0x3, 0x37, 0x80, 0x3c,
    0xe0, 0x18, 0x51, 0xa, 0x40, 0x1f, 0xfc, 0x21,
    0x3, 0x0, 0x25, 0xda, 0x84, 0x3, 0xff, 0x84,
    0x41, 0x0, 0x1f, 0xd1, 0x1e, 0x0, 0xfc, 0x8c,
    0x1, 0xe2, 0x6, 0x77, 0xcc, 0xc, 0x1, 0x18,
    0x30, 0xc0, 0x7, 0xa7, 0xbb, 0xf5, 0x80, 0x4a,
    0x1b, 0xa0, 0x3, 0xa8, 0x80, 0x42, 0x3f, 0x80,
    0x35, 0x2, 0x1e, 0x19, 0x57, 0x7f, 0x73, 0x77,
    0xfb, 0x80, 0x4, 0xe0, 0x3, 0xcc, 0x3a, 0x10,
    0x88, 0x8b, 0xf9, 0xc0,

    /* U+8F6C "转" */
    0x0, 0xc2, 0x1, 0xfe, 0x11, 0x0, 0x7e, 0x2e,
    0x90, 0xf, 0xc3, 0xda, 0x1, 0xf9, 0x3, 0x80,
    0x3f, 0x20, 0x28, 0x7, 0x3d, 0xda, 0x2, 0xae,
    0xd2, 0xf, 0x77, 0x40, 0x25, 0xdd, 0x21, 0x88,
    0x81, 0x2, 0x44, 0x38, 0x62, 0x24, 0x40, 0x48,
    0x93, 0x85, 0xfe, 0x3, 0x7f, 0xdc, 0x17, 0xfe,
    0xc0, 0x3f, 0xfd, 0xc0, 0x12, 0x5, 0x0, 0x7e,
    0x50, 0x40, 0xf, 0xd6, 0x26, 0xa4, 0x1, 0xec,
    0xd, 0x0, 0xf8, 0x4d, 0xca, 0xa0, 0x1, 0x5f,
    0xf2, 0x85, 0x7f, 0xf6, 0x83, 0x5, 0x88, 0x8,
    0x3, 0x4c, 0xc4, 0x2, 0x67, 0xe4, 0x19, 0x11,
    0x28, 0x39, 0x93, 0xe6, 0x14, 0x23, 0x33, 0xd2,
    0xe2, 0x2c, 0x90, 0x3c, 0xd0, 0x9, 0x81, 0xc0,
    0x3e, 0x77, 0x44, 0x1c, 0xa, 0x28, 0x0, 0x62,
    0x1b, 0x99, 0x6e, 0x30, 0xc, 0x3b, 0xac, 0x19,
    0xd4, 0x0, 0xe0, 0x3, 0x3c, 0x47, 0x80, 0x1f,
    0xfc, 0x4, 0xff, 0xea, 0x1, 0xb0, 0xe, 0x60,
    0x6b, 0xeb, 0x0, 0xf0, 0xd8, 0x50, 0x83, 0x5f,
    0x7d, 0x1, 0x21, 0xe8, 0x1, 0x14, 0x1, 0x42,
    0xe8, 0x0, 0xa4, 0x13, 0x40, 0x4f, 0xd6, 0x0,
    0x55, 0x32, 0x51, 0x10, 0x1, 0x6e, 0xbf, 0x20,
    0x3, 0xed, 0x23, 0x60, 0xa0, 0xc, 0x24, 0x1,
    0xfe, 0x3d, 0x50, 0x4, 0x0, 0x7f, 0xf1, 0xaa,
    0x1, 0xac, 0x3, 0xff, 0x8c, 0xf4, 0x8, 0x80,
    0xf, 0x10, 0x98, 0x7, 0xf2, 0xda, 0x20, 0x0,

    /* U+8F7B "轻" */
    0x0, 0xc6, 0x1, 0xff, 0xc8, 0x7c, 0x60, 0xe,
    0x34, 0x4e, 0x55, 0x10, 0x7, 0x68, 0x28, 0x6,
    0xac, 0xbb, 0xea, 0xa6, 0xa8, 0x35, 0xe2, 0x87,
    0xe6, 0x2c, 0x62, 0x3e, 0x50, 0x3, 0x86, 0x21,
    0x80, 0xc, 0xe4, 0x32, 0x77, 0xf8, 0x14, 0x82,
    0xbe, 0x42, 0x3f, 0xf1, 0x0, 0x7a, 0x88, 0x6c,
    0x3, 0x78, 0x28, 0x7, 0xfa, 0x94, 0x28, 0x40,
    0x32, 0x9, 0x31, 0x0, 0x78, 0x6d, 0x42, 0x10,
    0x3, 0x11, 0x1c, 0x66, 0x0, 0x39, 0x3d, 0x0,
    0x1a, 0x60, 0x1a, 0x82, 0x8c, 0x3, 0x86, 0x6c,
    0x4a, 0x95, 0x59, 0x66, 0x0, 0x61, 0x30, 0xe,
    0x6e, 0x60, 0x6d, 0x5a, 0xc4, 0x46, 0x32, 0x88,
    0xbf, 0x41, 0x7f, 0x48, 0x57, 0x64, 0x2, 0x3b,
    0xb1, 0xab, 0x9a, 0x20, 0xc0, 0x51, 0x2e, 0xb0,
    0x22, 0xf2, 0xe1, 0x96, 0x5d, 0xb8, 0x12, 0xe4,
    0x1f, 0xb7, 0x7e, 0xea, 0x0, 0xff, 0x91, 0x51,
    0x6, 0x4, 0x88, 0x5f, 0x0, 0xf9, 0xe2, 0x88,
    0xea, 0xed, 0x20, 0xb7, 0x6a, 0x50, 0x49, 0xce,
    0xd0, 0x27, 0x71, 0x80, 0x7f, 0xf0, 0x21, 0x8c,
    0x94, 0x13, 0xf4, 0x40, 0x3f, 0xf8, 0x19, 0xbf,
    0x90, 0x2, 0x1, 0xff, 0xc4, 0x20, 0xf, 0xfe,
    0x8c, 0xee, 0xeb, 0x6, 0xdd, 0xce, 0x1, 0xfc,
    0x45, 0xc2, 0x2, 0x45, 0xb4, 0x3, 0x11, 0x34,
    0x1, 0x7f, 0xff, 0xf5, 0x0,

    /* U+8F7D "载" */
    0x0, 0xf1, 0xa0, 0x7, 0x90, 0x3, 0xff, 0x83,
    0xb4, 0x1, 0xcd, 0x6a, 0x12, 0xa0, 0x18, 0x62,
    0x30, 0x8a, 0x22, 0x70, 0x10, 0x30, 0x4a, 0x90,
    0x9, 0x1d, 0xf0, 0x1, 0xde, 0x80, 0x10, 0xb,
    0xc5, 0x98, 0x0, 0x5f, 0xfc, 0x21, 0xff, 0x80,
    0x38, 0xb0, 0xcc, 0x1, 0xff, 0xc4, 0x10, 0x1,
    0x62, 0x84, 0x7f, 0xf0, 0x87, 0xff, 0x48, 0x47,
    0xff, 0x55, 0xbb, 0xe4, 0x67, 0x7f, 0x28, 0x13,
    0xbf, 0x71, 0xc4, 0x5a, 0x9d, 0x11, 0xe9, 0x7,
    0x88, 0x82, 0x50, 0x3, 0x48, 0x18, 0x7, 0x88,
    0x18, 0x0, 0xae, 0xc0, 0x7f, 0xf1, 0x85, 0xff,
    0xf7, 0x8, 0x8, 0x3, 0xc0, 0xc0, 0x9d, 0x84,
    0x15, 0x9b, 0xd0, 0x2, 0x40, 0x5, 0x4, 0x1,
    0x8a, 0x14, 0xa9, 0xfd, 0x99, 0x98, 0x8, 0x5,
    0x81, 0xc0, 0x37, 0x84, 0x0, 0xcc, 0x0, 0x72,
    0x81, 0x58, 0x50, 0x4, 0xc6, 0x19, 0xfc, 0x7,
    0xff, 0x30, 0x78, 0x41, 0x31, 0x0, 0x48, 0x85,
    0x5c, 0x2, 0xab, 0x81, 0x41, 0x2, 0x0, 0x31,
    0x5d, 0x56, 0x2, 0xaa, 0x8c, 0xc, 0x1, 0x2,
    0x2, 0x40, 0x24, 0x6a, 0xd0, 0x5, 0x9b, 0xfc,
    0xc, 0x0, 0x20, 0x4, 0xfa, 0x76, 0xe5, 0x4b,
    0x80, 0x90, 0xac, 0x9c, 0x80, 0x24, 0x0, 0x44,
    0x64, 0x68, 0x9b, 0xc0, 0x3e, 0xca, 0x4c, 0xb,
    0x33, 0x38, 0x39, 0x95, 0xcb, 0xb2, 0x18, 0x6,
    0x4c, 0x9, 0x4e, 0x8, 0xf2, 0x40, 0xf, 0xf8,
    0x45, 0x4c, 0x5, 0x86, 0x7, 0x20, 0x1f, 0x12,
    0x0, 0x17, 0x94, 0x2, 0x3c, 0xfc, 0x10,

    /* U+8F85 "辅" */
    0x0, 0xc2, 0x1, 0xfe, 0xc6, 0x0, 0xfc, 0xfc,
    0x60, 0x1f, 0x88, 0xf1, 0x39, 0xc0, 0x3b, 0x0,
    0x40, 0x3f, 0xe4, 0x44, 0x58, 0x23, 0xb9, 0x41,
    0x5d, 0x8c, 0x3, 0x84, 0x2, 0xa8, 0x20, 0xa8,
    0x80, 0x84, 0x42, 0x61, 0x7f, 0xf6, 0x2, 0xff,
    0xa1, 0xb3, 0x14, 0xc0, 0xd5, 0x54, 0xbb, 0x2a,
    0xc8, 0x2, 0xab, 0xac, 0x94, 0xc2, 0xd5, 0x62,
    0x24, 0xd5, 0x52, 0x9, 0x55, 0x9c, 0x0, 0x86,
    0x4a, 0x60, 0x12, 0x55, 0x52, 0x9, 0x55, 0x40,
    0x1, 0x6, 0xc2, 0xbc, 0x2, 0x85, 0x59, 0x0,
    0x55, 0x67, 0x10, 0xd0, 0x60, 0xf, 0xdf, 0xee,
    0x6, 0xff, 0x28, 0x19, 0x30, 0xbb, 0x0, 0xb1,
    0x0, 0x7f, 0xf0, 0x54, 0x6, 0x64, 0x5, 0x3c,
    0x1, 0x4c, 0xac, 0x12, 0x64, 0xe0, 0x6, 0x9a,
    0xa8, 0xa, 0xb8, 0x2, 0x66, 0x28, 0x13, 0x30,
    0x80, 0x2, 0xca, 0xb0, 0xa, 0x90, 0x5, 0xfe,
    0xe0, 0x6f, 0xf2, 0x80, 0x7f, 0xf3, 0xcd, 0x80,
    0xfb, 0xc4, 0x1, 0x32, 0x80, 0x49, 0x93, 0x80,
    0x23, 0x7f, 0x24, 0x0, 0x4e, 0x20, 0x6, 0x68,
    0x9, 0x98, 0x40, 0x5, 0x20, 0x37, 0x3, 0xc8,
    0x0, 0xb7, 0x58, 0xb, 0xba, 0x50, 0x7, 0xe7,
    0xe4, 0x0, 0x7c, 0x45, 0x1, 0x91, 0x0, 0x22,
    0x30, 0xf, 0xff, 0x60, 0x8b, 0xce, 0x90, 0x8,
    0x3, 0x8d, 0x0, 0x25, 0x30, 0xb, 0x98, 0x5c,
    0x5c, 0x3, 0xd9, 0x0, 0x14, 0xe0, 0x7, 0x16,
    0xfc, 0x0,

    /* U+8F91 "辑" */
    0x0, 0xc6, 0x1, 0xff, 0xc8, 0x7c, 0x50, 0xc,
    0x51, 0x1f, 0x98, 0x3, 0xb4, 0x4, 0x3, 0x43,
    0xbf, 0xe9, 0x20, 0x47, 0x84, 0xc, 0x88, 0x28,
    0x8, 0x77, 0xff, 0x20, 0x5, 0x10, 0x71, 0x7,
    0x7a, 0xc0, 0x3f, 0xf8, 0x3b, 0x90, 0xf, 0x99,
    0x78, 0x8, 0x77, 0xff, 0x20, 0x4, 0x27, 0xc1,
    0x46, 0x70, 0x84, 0xbb, 0xfe, 0x82, 0x0, 0x9c,
    0x88, 0xc4, 0x1, 0x1c, 0x47, 0xe7, 0x0, 0x8c,
    0x54, 0xa6, 0x0, 0x17, 0xff, 0xff, 0x40, 0x50,
    0x50, 0x7, 0x69, 0x82, 0x33, 0x70, 0x83, 0x58,
    0xb8, 0x89, 0xc0, 0x4c, 0x19, 0x3, 0xe6, 0x78,
    0xc2, 0x4d, 0xc4, 0x59, 0x40, 0x99, 0x60, 0x17,
    0x44, 0x71, 0x80, 0x4e, 0xae, 0xe6, 0x2, 0x7f,
    0x0, 0x95, 0xdf, 0x84, 0x2, 0x1a, 0x88, 0x58,
    0x3c, 0x20, 0x5, 0x7f, 0xfc, 0x40, 0x1f, 0xfc,
    0x31, 0x0, 0xff, 0xe1, 0xb4, 0xd8, 0x80, 0x2b,
    0xff, 0x88, 0x2, 0x38, 0xbd, 0xd0, 0x1b, 0x28,
    0x4, 0xd1, 0x1c, 0x20, 0x17, 0xba, 0x19, 0x81,
    0x37, 0x84, 0x1, 0xae, 0xfc, 0x60, 0x17, 0x5f,
    0x74, 0x2, 0x40, 0x22, 0xd, 0x79, 0xac, 0xd2,
    0xf, 0xa2, 0x41, 0x0, 0xe4, 0xe6, 0x6, 0x86,
    0x53, 0x20, 0x2, 0x78, 0x7, 0xe5, 0x53, 0x44,
    0xd6, 0x6f, 0x79, 0x5, 0xa8, 0x7, 0xe1, 0xa9,
    0x76, 0x53, 0x21, 0x0, 0xfe, 0x21, 0xd0, 0xf,
    0xf9, 0xc8, 0x3, 0xee, 0x70, 0xf, 0xfa, 0xb4,
    0x0,

    /* U+8FB9 "边" */
    0x0, 0xff, 0xe0, 0x98, 0x7, 0xf6, 0x71, 0x0,
    0x7e, 0x8c, 0x40, 0xf, 0xd4, 0x3e, 0x1, 0xf8,
    0x80, 0x3f, 0xcc, 0xc2, 0xb0, 0xf, 0x84, 0x1c,
    0x3, 0xfa, 0x4d, 0x80, 0x2, 0xce, 0xf3, 0x5,
    0xbb, 0xf2, 0x0, 0x6c, 0xd0, 0x3, 0xcc, 0x44,
    0x40, 0xf1, 0x1d, 0x63, 0x3f, 0xfc, 0x2f, 0x33,
    0x80, 0x13, 0x3c, 0x1, 0x62, 0xa8, 0x81, 0x4,
    0x4c, 0xd3, 0x81, 0x33, 0x70, 0x80, 0xad, 0x50,
    0x1, 0x40, 0x1c, 0xa0, 0xc0, 0x1c, 0x20, 0x1a,
    0x4a, 0x44, 0x3, 0x88, 0xc, 0x3, 0xc2, 0x0,
    0x46, 0x56, 0x0, 0xf6, 0x86, 0x0, 0x78, 0xc0,
    0xa8, 0x6c, 0x3, 0xc2, 0x82, 0x80, 0x18, 0x80,
    0x43, 0xc4, 0x5d, 0xf6, 0x1, 0x98, 0x1c, 0x3,
    0x84, 0x1c, 0x2d, 0x59, 0x41, 0xc0, 0x34, 0x85,
    0x80, 0x73, 0x1, 0x3, 0x54, 0xc8, 0x14, 0x2,
    0x81, 0x52, 0x0, 0xe2, 0xe, 0x0, 0xc8, 0x1a,
    0x0, 0x67, 0x1b, 0x0, 0xf6, 0x1, 0x0, 0x6b,
    0x4, 0x9, 0x90, 0x68, 0x81, 0x4c, 0xd6, 0x80,
    0x80, 0x11, 0x98, 0x40, 0x98, 0xb0, 0xc0, 0x6,
    0xec, 0xc4, 0x9, 0x10, 0xb, 0xc0, 0x6c, 0xbb,
    0x4c, 0x2, 0x1e, 0xbb, 0x67, 0x30, 0x5, 0x6,
    0xce, 0x9c, 0xc4, 0x1, 0xe4, 0x41, 0x88, 0x5,
    0x2e, 0x53, 0x12, 0x31, 0xbf, 0xb9, 0x77, 0xd9,
    0x8d, 0xec, 0x3, 0xf0, 0x3, 0x74, 0xa9, 0x10,
    0xd1, 0x38, 0xcc, 0x41, 0x53, 0x84, 0x1, 0xb,
    0x56, 0xff, 0xbb, 0xbb, 0xfe, 0xe6,

    /* U+8FBE "达" */
    0x0, 0x8, 0x7, 0xf9, 0x18, 0x3, 0xf4, 0xf1,
    0x0, 0x7f, 0x54, 0x80, 0x7e, 0xa0, 0xf1, 0x0,
    0xfc, 0x20, 0x1f, 0xc7, 0x5, 0x40, 0x1f, 0xc2,
    0x1, 0xfc, 0xea, 0xa0, 0xf, 0xe3, 0x0, 0xff,
    0x57, 0x0, 0x1a, 0x23, 0x48, 0x1c, 0x47, 0x8e,
    0x7f, 0xf8, 0x65, 0xdf, 0x30, 0xb, 0xbf, 0xa7,
    0x15, 0x44, 0x8, 0x39, 0x55, 0x9c, 0x12, 0xab,
    0xd6, 0xb5, 0x40, 0x5, 0x1, 0xaa, 0xe0, 0x6,
    0xaa, 0xf8, 0x40, 0x10, 0x52, 0x20, 0x1e, 0x40,
    0xb1, 0x0, 0xf9, 0x1d, 0x58, 0x3, 0xe3, 0x2,
    0xc1, 0x0, 0xe2, 0xa1, 0xb0, 0xf, 0x9c, 0x15,
    0x45, 0xa0, 0x1d, 0xe2, 0x2e, 0xfa, 0x0, 0xea,
    0xe, 0xa4, 0x3b, 0x0, 0xd6, 0xac, 0xa0, 0xc0,
    0x19, 0x88, 0x88, 0x16, 0x49, 0x40, 0x13, 0x54,
    0xc8, 0x14, 0x2, 0x29, 0xe, 0x0, 0xb0, 0x55,
    0xc0, 0x39, 0x3, 0x0, 0x5, 0xe0, 0xc6, 0x1,
    0xe, 0x84, 0x28, 0x6, 0xb0, 0x50, 0x7d, 0x25,
    0x90, 0xe, 0x39, 0xa, 0x10, 0x1, 0x98, 0x81,
    0x20, 0x22, 0x80, 0x3e, 0x65, 0x5, 0x0, 0x78,
    0x15, 0x25, 0xeb, 0x80, 0x7f, 0x56, 0x20, 0x41,
    0xa2, 0xab, 0x48, 0x3, 0xff, 0x80, 0x61, 0x2e,
    0x35, 0x48, 0x29, 0xdf, 0xdc, 0xbb, 0xf6, 0x6f,
    0x61, 0x96, 0x8, 0x3f, 0x4a, 0x91, 0xd, 0x13,
    0xc6, 0x41, 0x54, 0xd2, 0x0, 0x85, 0xab, 0x7f,
    0xdd, 0xdd, 0xff, 0x73, 0x0,

    /* U+8FC7 "过" */
    0x0, 0xff, 0xe2, 0x12, 0x0, 0x72, 0xd0, 0x80,
    0x7f, 0xf0, 0x3a, 0xc4, 0x3, 0x6a, 0xe0, 0x80,
    0x7f, 0xc2, 0x1, 0xe8, 0x42, 0xd0, 0xf, 0xfe,
    0x3d, 0x91, 0xc0, 0x7, 0xff, 0x0, 0xc0, 0x3d,
    0xe0, 0x21, 0xdf, 0xff, 0x88, 0x37, 0xfc, 0x80,
    0x11, 0x74, 0x82, 0x11, 0x7e, 0x0, 0x11, 0xd,
    0x80, 0x30, 0x80, 0x2b, 0x77, 0xf1, 0x6, 0x6e,
    0x10, 0x7, 0xe1, 0x50, 0xf, 0xfe, 0x2, 0xdd,
    0xd4, 0x20, 0x6, 0xa8, 0x0, 0xff, 0xbd, 0x12,
    0x57, 0x0, 0x39, 0x3a, 0x80, 0x7f, 0xab, 0xb8,
    0xc0, 0x1d, 0xe1, 0x62, 0x1, 0xfe, 0x11, 0x70,
    0x7, 0x13, 0x8c, 0x0, 0x7f, 0xf1, 0xe1, 0x34,
    0x3, 0xff, 0x91, 0x68, 0x1, 0xff, 0xdf, 0x23,
    0x3c, 0x1, 0xf1, 0x58, 0x78, 0x7, 0xb7, 0x32,
    0x12, 0x10, 0xc, 0xda, 0x62, 0xd6, 0x40, 0x1a,
    0x91, 0xd, 0x18, 0x1, 0x96, 0x42, 0xfa, 0x53,
    0x6d, 0xd0, 0x9e, 0xa9, 0x6a, 0x48, 0xae, 0x9c,
    0x12, 0x80, 0xd8, 0x69, 0x17, 0xba, 0xee, 0x6e,
    0xb2, 0xea, 0x22, 0x96, 0x0, 0x8f, 0x36, 0x19,
    0x51, 0x3c, 0xac, 0xfe,

    /* U+8FCE "迎" */
    0x0, 0x84, 0x3, 0xf8, 0xc0, 0x3f, 0xf8, 0xf,
    0xca, 0x1, 0xe3, 0xdc, 0x60, 0xf, 0xf9, 0x86,
    0x8c, 0x2, 0x4c, 0xc1, 0x3b, 0xa2, 0xab, 0xa0,
    0x3, 0xe, 0x86, 0x88, 0x2, 0xce, 0x3a, 0x1,
    0xd5, 0x79, 0xc4, 0x3, 0x1c, 0x8a, 0x80, 0x82,
    0x38, 0x80, 0x47, 0xff, 0x18, 0x7, 0xcd, 0xe8,
    0x1, 0xfc, 0xe0, 0x13, 0x80, 0x68, 0xff, 0xe3,
    0x0, 0xff, 0xe2, 0xea, 0xa9, 0x0, 0x8c, 0x3,
    0xff, 0x8a, 0xb5, 0x42, 0xe, 0x0, 0xff, 0xe4,
    0x23, 0x39, 0x80, 0x7f, 0xf1, 0xc6, 0x8e, 0x0,
    0x3f, 0xf8, 0xe3, 0x81, 0xc0, 0x1f, 0xfc, 0x8d,
    0x21, 0xdf, 0xf1, 0x0, 0x7f, 0xf1, 0x69, 0x59,
    0x86, 0x1, 0xe5, 0xa5, 0x0, 0xff, 0x35, 0x4c,
    0x98, 0x8, 0x80, 0x9f, 0x4a, 0x1, 0x84, 0x9c,
    0x4, 0x3, 0xc8, 0x80, 0xd0, 0x1, 0xcf, 0x28,
    0x0, 0x7b, 0x4c, 0x80, 0x3c, 0x83, 0xa0, 0x8f,
    0xb8, 0xc2, 0x1, 0xd, 0xc4, 0xe0, 0x7, 0xa0,
    0x10, 0x2a, 0x8, 0x3, 0xe4, 0x76, 0x10, 0xe,
    0x53, 0x9, 0x0, 0xff, 0xe3, 0x9d, 0x4, 0x26,
    0xb0, 0x80, 0x61, 0x98, 0x0, 0xfc, 0xd8, 0x14,
    0xf4, 0x73, 0xdc, 0xcb, 0xa9, 0xf9, 0xaa, 0x5d,
    0xb3, 0x0, 0x8, 0xa, 0x50, 0x5e, 0x95, 0x33,
    0x22, 0xb3, 0x15, 0x64, 0x41, 0xa8, 0x3, 0xf9,
    0x40, 0x33, 0x56, 0xff, 0xbb, 0xbb, 0xff, 0x48,
    0x0,

    /* U+8FD0 "运" */
    0x0, 0xff, 0xe5, 0xcf, 0x90, 0x7, 0xff, 0x1e,
    0x83, 0xc4, 0x2, 0xbf, 0xff, 0xf8, 0x40, 0x7,
    0x25, 0x40, 0x16, 0xa2, 0x7f, 0x94, 0x40, 0x26,
    0x56, 0x0, 0x9a, 0xef, 0xfd, 0x40, 0x1d, 0x58,
    0x20, 0x1f, 0xfc, 0x4a, 0xff, 0xbb, 0xc0, 0x3f,
    0xf8, 0x93, 0x10, 0x20, 0x92, 0xab, 0xbf, 0xfe,
    0xb, 0x9b, 0xb1, 0x11, 0xd9, 0x51, 0x3f, 0xf8,
    0x36, 0x0, 0xb0, 0xe0, 0x4e, 0xec, 0x41, 0x5d,
    0xdf, 0x60, 0x22, 0xb1, 0x80, 0x4, 0x65, 0x23,
    0x51, 0x11, 0x98, 0x46, 0x3, 0xa1, 0x80, 0xf,
    0x78, 0x40, 0x5, 0x9a, 0x40, 0x17, 0x8, 0xbb,
    0xec, 0x2, 0x34, 0x34, 0x0, 0xa0, 0x3c, 0x2,
    0xb5, 0x65, 0x7, 0x0, 0xbc, 0x3c, 0x3, 0x32,
    0x94, 0x80, 0x1a, 0xa6, 0x40, 0xa0, 0x6, 0x36,
    0x30, 0xe, 0xb1, 0x64, 0x0, 0xc8, 0x1a, 0x5,
    0x20, 0x31, 0x35, 0x79, 0xbe, 0x21, 0x20, 0x1a,
    0xc1, 0x1, 0x40, 0xe, 0xe6, 0x54, 0x21, 0x55,
    0x11, 0x18, 0x0, 0x66, 0x10, 0x3, 0x3c, 0xde,
    0x77, 0xfb, 0xb2, 0xeb, 0x80, 0x40, 0x1e, 0x3,
    0x60, 0x30, 0xc8, 0x62, 0x1, 0xe3, 0xf7, 0x8,
    0x36, 0x74, 0xe7, 0x20, 0xf, 0xfe, 0xc, 0xb9,
    0x4c, 0x48, 0xc6, 0xfe, 0xe5, 0xd5, 0x2e, 0xec,
    0xde, 0xc0, 0x3f, 0x0, 0x37, 0x4a, 0x91, 0xd,
    0x15, 0x48, 0x91, 0x90, 0x54, 0xe1, 0x0, 0x42,
    0xd5, 0xbf, 0xee, 0xee, 0xff, 0xb9, 0x80,

    /* U+8FD4 "返" */
    0x0, 0xff, 0xe6, 0x3f, 0x10, 0x7, 0x84, 0x7f,
    0xc0, 0x18, 0xc7, 0xc0, 0x3b, 0xbb, 0xfe, 0xf1,
    0x0, 0x23, 0x95, 0x0, 0x42, 0x20, 0x44, 0xfe,
    0x61, 0x0, 0xa0, 0xd4, 0x80, 0x32, 0x5d, 0xff,
    0x48, 0x7, 0x6d, 0x90, 0x7, 0xff, 0x15, 0xae,
    0xd5, 0xf6, 0x60, 0x1f, 0x84, 0x70, 0x6, 0xf5,
    0x52, 0x24, 0x40, 0x12, 0x7f, 0xee, 0xee, 0x10,
    0x4, 0xf7, 0x18, 0x28, 0x40, 0x21, 0x55, 0xf8,
    0x4, 0x3, 0x95, 0x98, 0xa0, 0x3, 0x4, 0xa8,
    0xaa, 0xd2, 0x6, 0x20, 0x11, 0x51, 0xc8, 0x4,
    0x20, 0x44, 0xdd, 0x10, 0x2, 0x42, 0x80, 0x21,
    0xf1, 0xe0, 0xc, 0xc1, 0xe5, 0x5, 0x86, 0x65,
    0x26, 0x0, 0xb0, 0x87, 0x7f, 0xc8, 0x4, 0x4,
    0xf, 0x43, 0x9c, 0x10, 0x1, 0xa9, 0x9a, 0x20,
    0xb, 0x41, 0xc0, 0xb, 0x60, 0x46, 0xa0, 0x19,
    0xe6, 0x66, 0x5, 0x4, 0x2, 0x0, 0xb0, 0x0,
    0x6c, 0x1, 0xf9, 0x8, 0x50, 0x54, 0x2, 0x87,
    0x19, 0x9, 0x60, 0xf, 0x28, 0x50, 0x78, 0x70,
    0xd, 0x38, 0xeb, 0x58, 0x4a, 0x80, 0x74, 0x82,
    0xa9, 0xd, 0x23, 0xd4, 0xb0, 0xc1, 0x28, 0x28,
    0x40, 0x26, 0x30, 0x53, 0xe, 0x17, 0x16, 0xd2,
    0x0, 0x95, 0xcc, 0x40, 0x7, 0x20, 0x71, 0xb6,
    0x43, 0x9b, 0x20, 0x1e, 0x8c, 0x0, 0x2e, 0x5,
    0x63, 0x25, 0xfe, 0xfc, 0x54, 0xca, 0xaa, 0xbb,
    0x66, 0x2, 0x2, 0x54, 0x27, 0x61, 0x0, 0xd5,
    0x4c, 0xc5, 0x59, 0x10, 0x6a, 0x19, 0xcc, 0x1,
    0x13, 0xde, 0xff, 0xbb, 0xbb, 0xff, 0x48, 0x0,

    /* U+8FD8 "还" */
    0x0, 0x1b, 0x80, 0x7f, 0xf2, 0x92, 0x34, 0x40,
    0x73, 0x77, 0xff, 0x81, 0x82, 0x1, 0x3b, 0x8b,
    0xc8, 0xcc, 0x45, 0xff, 0xc0, 0x33, 0x0, 0x68,
    0x61, 0xf2, 0xff, 0xf5, 0x81, 0x77, 0xfe, 0x20,
    0xe, 0x96, 0xb0, 0xf, 0xa4, 0x20, 0x40, 0x3f,
    0xe9, 0x60, 0xf, 0x31, 0x1a, 0x80, 0x7f, 0xf1,
    0xca, 0x41, 0xc0, 0x3f, 0xc4, 0x50, 0x80, 0x7b,
    0xc0, 0x25, 0xe5, 0x0, 0xf7, 0x6e, 0xde, 0x1,
    0xd6, 0x40, 0x13, 0xd, 0x28, 0x7, 0x31, 0x98,
    0x4, 0x40, 0x16, 0x20, 0xd0, 0x0, 0xec, 0x29,
    0x40, 0x34, 0x66, 0x8, 0x2, 0x2d, 0x31, 0xc6,
    0x0, 0x92, 0x82, 0x90, 0x3, 0xf9, 0xb4, 0x89,
    0x84, 0x1, 0xcb, 0x21, 0x64, 0x1, 0xfa, 0xc1,
    0x30, 0x80, 0x3e, 0x66, 0x3, 0x0, 0x7e, 0xcb,
    0xb0, 0x80, 0x7f, 0x4e, 0x20, 0x7, 0xe1, 0x40,
    0xf, 0xfe, 0x1, 0x80, 0x7f, 0xf4, 0x8c, 0x3,
    0xff, 0x92, 0x9c, 0x21, 0x44, 0x1, 0xc2, 0x4,
    0x1, 0xfc, 0xb6, 0x23, 0x26, 0xc9, 0x80, 0x45,
    0xf2, 0x1, 0xc2, 0x20, 0x5, 0x2, 0x77, 0x20,
    0x1b, 0x3f, 0xb7, 0x33, 0x6e, 0xbb, 0xfb, 0x80,
    0x5, 0x4b, 0x0, 0x3f, 0x42, 0x8, 0x88, 0xcf,
    0x11, 0x4, 0x65, 0x0, 0x55, 0x80, 0x61, 0x7b,
    0xef, 0xee, 0xf7, 0xfb, 0xb9, 0x40,

    /* U+8FDB "进" */
    0x4, 0x91, 0x0, 0xf2, 0xf1, 0x80, 0x53, 0xa0,
    0x1c, 0x6d, 0x82, 0x1, 0xda, 0x2c, 0x1, 0x21,
    0x8, 0x6, 0x76, 0x2c, 0x10, 0xf, 0xfe, 0x34,
    0xa9, 0x58, 0x0, 0x88, 0x20, 0x45, 0x80, 0x4,
    0x41, 0x0, 0xd4, 0x98, 0x1b, 0xb3, 0x4, 0x6e,
    0xc4, 0x19, 0xbc, 0x20, 0x1a, 0xd8, 0x29, 0x10,
    0x40, 0x48, 0x90, 0x1, 0x10, 0xc2, 0x1, 0xf3,
    0xdd, 0x94, 0x22, 0xee, 0x20, 0xab, 0x90, 0xf,
    0xfe, 0x5b, 0x66, 0xeb, 0x8, 0x3, 0xff, 0x89,
    0xe6, 0x44, 0x34, 0x1, 0x22, 0x80, 0x8b, 0x0,
    0x8, 0xa0, 0x9f, 0xf4, 0x0, 0x5d, 0xba, 0x50,
    0x8d, 0xd8, 0x83, 0x37, 0x50, 0x1, 0xf3, 0x22,
    0x0, 0x8, 0x98, 0x0, 0x89, 0x60, 0x7, 0xd3,
    0x76, 0x0, 0x5d, 0xe2, 0xa, 0xbb, 0x20, 0x7,
    0xf2, 0x2, 0x0, 0x7f, 0xf1, 0xe0, 0x38, 0x3,
    0xff, 0x8d, 0x6, 0x4a, 0x1, 0xff, 0xc1, 0xe0,
    0x10, 0x47, 0xe, 0x0, 0xe1, 0x0, 0xf0, 0xe3,
    0x4, 0x2a, 0x3e, 0x18, 0x7, 0x5a, 0x88, 0x4,
    0x38, 0x6b, 0x67, 0x59, 0xa6, 0x1, 0xe7, 0xa0,
    0x0, 0x85, 0x93, 0x52, 0x63, 0x9d, 0x7f, 0x6e,
    0xb3, 0x2d, 0xd7, 0x7f, 0x5f, 0xac, 0x80, 0x51,
    0xd0, 0x86, 0x62, 0x33, 0x88, 0xc0, 0x8f, 0x40,

    /* U+8FDF "迟" */
    0x5, 0xa1, 0x0, 0xff, 0xe3, 0x92, 0xe0, 0x80,
    0x6e, 0xff, 0xff, 0x18, 0x1, 0xdc, 0x58, 0x20,
    0x1, 0x10, 0x19, 0xfc, 0x0, 0x60, 0xa, 0x14,
    0xac, 0x0, 0x60, 0x39, 0x9f, 0x30, 0x7, 0xa8,
    0x88, 0x1, 0xff, 0xc8, 0xd8, 0x0, 0xff, 0xe7,
    0x88, 0xfc, 0x60, 0x1f, 0xfc, 0x11, 0xee, 0xf9,
    0x40, 0x27, 0xdd, 0xb0, 0x80, 0x2, 0x2, 0x89,
    0xf9, 0x50, 0x38, 0x8a, 0x34, 0x0, 0x38, 0x2d,
    0xdd, 0xd3, 0x77, 0x50, 0x84, 0xff, 0x9c, 0x3,
    0x10, 0x10, 0x0, 0xab, 0x4c, 0x3, 0xff, 0x83,
    0xe1, 0xc0, 0x2, 0x80, 0xc3, 0x0, 0xff, 0xe0,
    0x28, 0x20, 0x4, 0xee, 0xd, 0x20, 0xf, 0xf0,
    0x98, 0x18, 0x6, 0x85, 0x1c, 0x10, 0xf, 0xe9,
    0x5, 0x0, 0xf5, 0x18, 0xe8, 0x7, 0xe2, 0x70,
    0x90, 0xf, 0xb4, 0x4e, 0x40, 0x31, 0x87, 0x8,
    0x29, 0x80, 0x7c, 0x3a, 0x6, 0x0, 0x3e, 0x40,
    0x7b, 0xda, 0x0, 0xfe, 0x3d, 0xa0, 0x3c, 0x16,
    0xc4, 0x7c, 0x83, 0x10, 0xf, 0x84, 0x48, 0x52,
    0xb, 0x27, 0x72, 0xf, 0x9d, 0xff, 0xf7, 0x65,
    0xf7, 0x16, 0x80, 0x26, 0xea, 0x64, 0x32, 0x2c,
    0x66, 0x44, 0x2c, 0x0,

    /* U+9009 "选" */
    0x0, 0xff, 0xe1, 0x18, 0x7, 0xe1, 0x10, 0x7,
    0x85, 0x80, 0x11, 0x86, 0x1, 0xf6, 0xf9, 0x80,
    0x75, 0xc9, 0x81, 0x3, 0x80, 0x7d, 0x43, 0x86,
    0x1, 0x94, 0x4c, 0x2, 0x10, 0xf, 0x9a, 0x43,
    0x8, 0x0, 0xc0, 0x3f, 0xe5, 0xa, 0xff, 0xd4,
    0x1, 0x33, 0x1, 0xc0, 0x10, 0xa, 0xb0, 0x81,
    0xaa, 0xec, 0x0, 0xd3, 0x8a, 0x14, 0x2f, 0x55,
    0x20, 0x45, 0x56, 0x60, 0xe, 0x30, 0x1, 0x1c,
    0x0, 0x7f, 0xf1, 0xe3, 0x0, 0x3f, 0xf8, 0x42,
    0x30, 0x0, 0xb7, 0xbb, 0x94, 0x2b, 0xbb, 0xa2,
    0x1d, 0xd7, 0x80, 0x4, 0xce, 0x11, 0x11, 0x4,
    0x46, 0x78, 0x31, 0x10, 0x0, 0x22, 0x66, 0xeb,
    0x80, 0xf7, 0x44, 0x19, 0xbb, 0x42, 0x5d, 0x90,
    0x3, 0xca, 0xa, 0x1, 0xff, 0xc7, 0xd0, 0xc0,
    0xf, 0xfe, 0x31, 0xa0, 0xa8, 0x7, 0xca, 0x80,
    0x1f, 0x87, 0x82, 0x40, 0x3f, 0x4c, 0x80, 0x3e,
    0x4c, 0x23, 0x70, 0x8, 0x40, 0x84, 0x44, 0x1,
    0xf3, 0xd9, 0x1e, 0x80, 0x66, 0xc, 0xee, 0xa,
    0x0, 0x5, 0x82, 0x8d, 0x6b, 0x4, 0x3, 0x5b,
    0x22, 0x4f, 0x20, 0xbc, 0x40, 0xf6, 0x4e, 0x1,
    0xe1, 0x9b, 0xba, 0x1, 0x68, 0x1b, 0x28, 0x9f,
    0x7b, 0x2e, 0xfd, 0x98, 0xef, 0xe0, 0x1a, 0x93,
    0x5d, 0xa5, 0x33, 0x22, 0x78, 0xcc, 0x22, 0x95,
    0xe5, 0x0, 0xcb, 0x5b, 0xfd, 0xcd, 0xee, 0xdf,
    0xee, 0x70,

    /* U+900F "透" */
    0x0, 0x8, 0x7, 0xff, 0x26, 0x78, 0xc0, 0x3e,
    0x12, 0x34, 0x68, 0xbe, 0xb0, 0xd, 0x41, 0xa2,
    0x0, 0x6e, 0xff, 0x76, 0xe5, 0xcb, 0xb2, 0x98,
    0x80, 0x47, 0x3, 0x40, 0x4, 0x67, 0x89, 0xb2,
    0xe, 0xfd, 0xb8, 0x10, 0xc, 0xe8, 0xc0, 0x2,
    0x99, 0x33, 0xa8, 0x81, 0x88, 0xe0, 0xf, 0x5e,
    0x82, 0x7f, 0x77, 0x18, 0x6f, 0x76, 0xf6, 0xa,
    0xff, 0xe0, 0xa9, 0x99, 0x80, 0x27, 0x27, 0x99,
    0x9c, 0x31, 0x54, 0x60, 0x28, 0xac, 0xc3, 0x62,
    0x10, 0xd2, 0x71, 0x66, 0x8, 0x35, 0x51, 0xc3,
    0x40, 0x3, 0x54, 0x3c, 0x20, 0x4c, 0x38, 0xd2,
    0x0, 0xce, 0x8e, 0x63, 0x1c, 0xad, 0x82, 0x0,
    0x13, 0xc8, 0x2d, 0x50, 0x1, 0xc2, 0x40, 0x33,
    0x95, 0xc8, 0x2, 0x60, 0x2, 0x7b, 0x1d, 0x3,
    0xd1, 0x91, 0x7, 0xce, 0xbf, 0xfa, 0xa3, 0xfc,
    0xa0, 0x9d, 0x1, 0xc2, 0x2d, 0xee, 0x1, 0x9a,
    0xa4, 0x6, 0x64, 0xa0, 0x1f, 0x43, 0xc4, 0x0,
    0x39, 0x50, 0x11, 0x98, 0x41, 0x5f, 0xe8, 0x0,
    0x2c, 0x3b, 0x2, 0x0, 0x6a, 0xc, 0x0, 0x53,
    0xb9, 0x81, 0x0, 0x39, 0x3, 0x40, 0x21, 0x71,
    0x70, 0x1, 0x44, 0x2c, 0x1c, 0x3, 0xb8, 0x14,
    0x0, 0x38, 0x12, 0x20, 0x1c, 0xe0, 0x60, 0x18,
    0x90, 0x48, 0x1b, 0x89, 0x1c, 0x2, 0x67, 0x74,
    0x6, 0x0, 0x69, 0x1, 0x80, 0xf1, 0x8b, 0x0,
    0xdb, 0x10, 0x27, 0x40, 0xa, 0x10, 0xd9, 0xef,
    0x79, 0xc0, 0x3a, 0xff, 0xe8, 0x0, 0xa5, 0xc7,
    0x65, 0xd2, 0xff, 0x2a, 0x62, 0x3d, 0x32, 0xaa,
    0x1, 0x1e, 0x8, 0x46, 0xc2, 0x12, 0xb3, 0xbf,
    0x99, 0x8a, 0x0, 0xbc, 0x20, 0x8, 0x9e, 0xfb,
    0xfb, 0x9b, 0xbd, 0xdc, 0xfa, 0x0,

    /* U+9014 "途" */
    0x0, 0x10, 0x7, 0xf9, 0x8, 0x3, 0xfa, 0x35,
    0x40, 0x3f, 0x1d, 0xe0, 0x80, 0x7e, 0xa0, 0xa2,
    0x0, 0xf0, 0xe8, 0xf, 0xa0, 0x7, 0xc5, 0x21,
    0xe0, 0x1e, 0xd1, 0xa9, 0x1b, 0x90, 0xf, 0x99,
    0x4c, 0x40, 0x21, 0xc3, 0x85, 0x6d, 0x26, 0xc2,
    0x0, 0xf5, 0x70, 0x80, 0xb, 0xd, 0xdc, 0x0,
    0x2d, 0x63, 0xc4, 0x0, 0x46, 0xee, 0xe3, 0x4c,
    0x27, 0x80, 0xe, 0x98, 0x1b, 0x50, 0xf1, 0x11,
    0x90, 0x4d, 0x8b, 0xbb, 0xff, 0xe0, 0xa0, 0x90,
    0x7c, 0xc1, 0x6, 0x89, 0x64, 0x3b, 0x30, 0x0,
    0xcd, 0x22, 0xe7, 0x0, 0x50, 0x6e, 0x77, 0xa6,
    0x11, 0x32, 0x20, 0x99, 0x8c, 0xc, 0x80, 0x6,
    0xe7, 0x0, 0x2, 0x44, 0xe3, 0x4, 0x4e, 0x30,
    0x1, 0xe8, 0xe8, 0x5, 0x97, 0x7c, 0x21, 0x77,
    0xd8, 0x21, 0xa2, 0x2e, 0xfe, 0xd, 0xaa, 0xe1,
    0xa, 0xae, 0xb1, 0x9, 0x56, 0x60, 0x4, 0x6a,
    0x86, 0xaa, 0x30, 0x55, 0x18, 0x2a, 0x0, 0x1e,
    0xa6, 0x1, 0x40, 0x2d, 0x93, 0x0, 0xec, 0xa8,
    0x0, 0xf2, 0x6, 0x0, 0x1c, 0xd8, 0xc0, 0x3a,
    0x8d, 0xdc, 0x1, 0xde, 0xa, 0xf, 0x5, 0x20,
    0x1f, 0x68, 0xc0, 0x80, 0x44, 0xa2, 0x44, 0x82,
    0xc0, 0xf, 0xc3, 0x62, 0x60, 0x14, 0x80, 0xc9,
    0x6e, 0x84, 0x2, 0x10, 0xe, 0x5e, 0x20, 0x3,
    0xa1, 0xab, 0x63, 0x80, 0x77, 0x68, 0x7, 0xe9,
    0x81, 0xea, 0x73, 0xaf, 0xdb, 0xa9, 0xbb, 0x4c,
    0xd5, 0x4b, 0xc1, 0x22, 0x61, 0x4, 0x74, 0x20,
    0x22, 0xb3, 0x79, 0x54, 0x8e, 0x37, 0xa4, 0x1,
    0xb, 0xde, 0xff, 0xbb, 0xbd, 0xff, 0x58, 0x0,

    /* U+901A "通" */
    0x0, 0x8, 0x7, 0xff, 0x26, 0x38, 0xc0, 0x32,
    0xbb, 0xa2, 0x3d, 0x32, 0x81, 0x0, 0xa8, 0x34,
    0x80, 0x2b, 0x88, 0x3b, 0xf9, 0x98, 0xf0, 0x1,
    0x15, 0xf, 0x80, 0x5d, 0xfd, 0x5d, 0xff, 0x58,
    0x82, 0xc8, 0x6, 0x57, 0x32, 0x0, 0xcf, 0x5d,
    0x29, 0x56, 0x15, 0x40, 0xf, 0x47, 0x10, 0x6,
    0x6b, 0x46, 0xb5, 0x4e, 0x50, 0xd, 0x3d, 0xff,
    0x72, 0x2, 0xbb, 0x8f, 0x14, 0x0, 0x96, 0xee,
    0x40, 0x7, 0xa2, 0xc, 0x5, 0x86, 0xa2, 0x32,
    0x80, 0x49, 0x10, 0xb0, 0x3, 0x55, 0xb0, 0x51,
    0x18, 0x2f, 0xfc, 0xa1, 0xdf, 0xf1, 0x0, 0x72,
    0xae, 0x0, 0x8c, 0x3, 0xf8, 0x40, 0x31, 0x51,
    0x50, 0x6, 0x6f, 0xf9, 0x43, 0xbf, 0xe3, 0x0,
    0x8b, 0xc7, 0xc0, 0x38, 0xe2, 0x22, 0x7, 0x88,
    0x84, 0x2, 0xf2, 0x1d, 0xff, 0x18, 0x1, 0x5d,
    0xf0, 0x4b, 0xbc, 0x40, 0x15, 0x33, 0x44, 0x1,
    0x95, 0xdf, 0x4, 0xbb, 0xc4, 0x1, 0x3c, 0xcc,
    0xc0, 0x60, 0x3, 0x88, 0x88, 0x1e, 0x22, 0x10,
    0xf, 0x90, 0xc0, 0x26, 0xff, 0x94, 0x3b, 0xfe,
    0x30, 0xf, 0x28, 0x50, 0x7, 0xff, 0x22, 0x1,
    0x80, 0x3f, 0xc4, 0xee, 0x20, 0xe, 0x62, 0x9,
    0x2, 0x27, 0x80, 0x5a, 0x62, 0x28, 0x80, 0xc0,
    0x4, 0x72, 0x2c, 0xcc, 0x5d, 0x60, 0x9, 0xf0,
    0xf, 0xfe, 0x70, 0x2, 0xe0, 0x6c, 0xc1, 0xd7,
    0xee, 0x55, 0x26, 0x55, 0x55, 0xdb, 0x30, 0x10,
    0x14, 0x60, 0xfd, 0x2a, 0x6, 0xaa, 0x66, 0x2a,
    0xc8, 0x83, 0x50, 0xce, 0x50, 0x8, 0x5a, 0xb7,
    0xfd, 0xdd, 0xdf, 0xfa, 0x40,

    /* U+901F "速" */
    0x0, 0xff, 0xe0, 0x88, 0x80, 0x3f, 0x9f, 0x44,
    0x3, 0xfb, 0x7c, 0x3, 0xf8, 0xcb, 0x40, 0x3f,
    0x84, 0x40, 0x1f, 0xc8, 0xc7, 0x20, 0xb, 0xcc,
    0xe2, 0xc, 0xcf, 0x28, 0x5, 0x24, 0xe0, 0x2c,
    0x45, 0xc0, 0x2, 0x2f, 0x18, 0x6, 0xcf, 0x1,
    0xde, 0xee, 0x20, 0xee, 0xf3, 0x4, 0x66, 0x37,
    0x58, 0x40, 0x48, 0x98, 0xc1, 0x13, 0x84, 0x2,
    0x11, 0x11, 0x91, 0x3, 0x6e, 0xf0, 0x85, 0xdf,
    0x68, 0x2, 0x37, 0x4a, 0x14, 0x2, 0x7, 0x99,
    0x8, 0x66, 0x54, 0x2, 0x1, 0x99, 0x1d, 0x0,
    0x27, 0x33, 0xc0, 0x67, 0x28, 0x7, 0x14, 0x9c,
    0x0, 0x7f, 0xf1, 0x87, 0xc7, 0x40, 0x39, 0x3b,
    0xa2, 0xe, 0xec, 0x1, 0xb0, 0x87, 0xbf, 0x40,
    0x5d, 0x15, 0x42, 0x0, 0x15, 0x5d, 0x0, 0x5,
    0x45, 0x50, 0x18, 0x2, 0x2e, 0xda, 0x1, 0x9a,
    0x2e, 0x94, 0x1, 0x17, 0x54, 0x5, 0x0, 0xcd,
    0x26, 0x20, 0xe5, 0x8e, 0x1, 0xf2, 0x6, 0x0,
    0x51, 0x25, 0xa6, 0x11, 0x83, 0x16, 0x20, 0x1d,
    0xc0, 0xa0, 0x78, 0xe7, 0x82, 0x1, 0x1f, 0xa2,
    0x30, 0x40, 0x21, 0x51, 0x25, 0xc3, 0x6c, 0x10,
    0xe, 0x1b, 0x52, 0x30, 0xa, 0xc0, 0x65, 0x1e,
    0xe4, 0x3, 0xfa, 0xb8, 0x80, 0xe, 0xa6, 0xad,
    0xb8, 0x80, 0x1a, 0x98, 0x3, 0x84, 0x1, 0x10,
    0x1e, 0xa7, 0x3b, 0xfd, 0xba, 0x9e, 0x9, 0x9a,
    0xa9, 0x78, 0x6, 0x6c, 0x20, 0x8d, 0x84, 0x4,
    0x56, 0x6f, 0x2a, 0x91, 0x82, 0xf0, 0x80, 0x22,
    0x7b, 0xdf, 0xf7, 0x77, 0xbf, 0xea, 0x0,

    /* U+90E8 "部" */
    0x0, 0xe3, 0x40, 0xf, 0xfe, 0x47, 0xd9, 0x0,
    0x78, 0x91, 0x25, 0x52, 0x0, 0x7a, 0x82, 0xc0,
    0x3d, 0xb7, 0x75, 0x52, 0xd4, 0x22, 0xee, 0xa0,
    0x6b, 0xba, 0x84, 0x0, 0x2e, 0xf0, 0x80, 0x4c,
    0x89, 0x18, 0x1, 0x12, 0x52, 0x0, 0x2c, 0x44,
    0x20, 0xa1, 0xda, 0xb9, 0xff, 0x99, 0x7c, 0xc0,
    0x39, 0x41, 0x80, 0x32, 0xc0, 0x4, 0x4c, 0x80,
    0x1f, 0x70, 0x50, 0x4, 0x46, 0x84, 0x0, 0x50,
    0x60, 0xf, 0xa, 0x19, 0x80, 0x35, 0x2, 0x0,
    0x28, 0x24, 0x3, 0xcc, 0x14, 0x1, 0xc8, 0x64,
    0x6, 0x48, 0x20, 0x1e, 0xb0, 0x60, 0x4, 0xff,
    0xb4, 0xef, 0xf0, 0x13, 0xfd, 0x40, 0x19, 0x41,
    0x40, 0x18, 0x89, 0xff, 0x60, 0x6, 0x93, 0xa2,
    0x5, 0xbb, 0xff, 0x98, 0x3, 0xb8, 0x24, 0x0,
    0x31, 0x33, 0xf9, 0x0, 0x3c, 0x4a, 0x82, 0x8,
    0xec, 0xdf, 0xa0, 0x3, 0xed, 0x4, 0x0, 0x9b,
    0x77, 0xac, 0x3, 0xf8, 0x80, 0xc0, 0x2e, 0x22,
    0xe6, 0x0, 0xfe, 0xd0, 0x30, 0xf, 0xfe, 0x21,
    0xc5, 0x38, 0x38, 0x7, 0xff, 0x11, 0x9d, 0x42,
    0x48, 0x3, 0xff, 0x88, 0xbd, 0xbe, 0xc0, 0x1a,
    0x6e, 0xfb, 0x80, 0x3e, 0x12, 0x0, 0xcc, 0x22,
    0x44, 0xe3, 0x5, 0x0, 0x84, 0x3, 0xe3, 0xef,
    0xff, 0xd2, 0x0, 0xea, 0x0, 0xf0,

    /* U+90FD "都" */
    0x0, 0xff, 0xe8, 0xf, 0xc0, 0x6, 0x20, 0xf,
    0xfe, 0x19, 0x81, 0x0, 0x49, 0xb2, 0xdd, 0xff,
    0xe6, 0x0, 0x35, 0x52, 0x41, 0x2a, 0x87, 0x21,
    0x5e, 0x24, 0x67, 0x8, 0x50, 0x3, 0x55, 0x48,
    0x2, 0xaa, 0xc2, 0x43, 0x30, 0x4e, 0x64, 0x41,
    0x40, 0xb, 0xff, 0x60, 0x2f, 0xe8, 0x2, 0x40,
    0x3c, 0x46, 0x2c, 0x1, 0xc2, 0x1, 0x70, 0x39,
    0x0, 0x7a, 0xc2, 0x40, 0x3c, 0x20, 0x7, 0x32,
    0x90, 0xf, 0xb, 0xb, 0x80, 0x33, 0xfe, 0xc0,
    0x58, 0x2, 0xef, 0x50, 0xd, 0x21, 0x20, 0x15,
    0xa2, 0x62, 0x0, 0x22, 0x4a, 0xc0, 0x19, 0x85,
    0xc0, 0x27, 0xbb, 0xbc, 0x82, 0xae, 0xea, 0x30,
    0xc, 0x62, 0x40, 0x1e, 0x6b, 0x8, 0x41, 0x10,
    0x7, 0xde, 0x38, 0x20, 0x10, 0xd4, 0x80, 0x23,
    0xba, 0xf4, 0x0, 0xe2, 0xc1, 0xa0, 0x3, 0xf2,
    0x82, 0x3b, 0xe4, 0x2, 0x0, 0xf1, 0x3a, 0x20,
    0x60, 0xc, 0x3a, 0x23, 0x68, 0x8, 0x7, 0xd6,
    0x1a, 0x3b, 0xaa, 0x0, 0xff, 0xe2, 0x10, 0x28,
    0x11, 0x0, 0x11, 0x77, 0xc0, 0x1f, 0xc6, 0x1,
    0xf1, 0xb3, 0x63, 0x0, 0xf8, 0x4e, 0x41, 0x40,
    0x3a, 0xf7, 0x74, 0x0, 0x7a, 0xbb, 0x10, 0x2c,
    0x3, 0xff, 0x8b, 0xa, 0x8f, 0xc4, 0x1, 0xff,
    0xc5, 0x2a, 0xb8, 0x10, 0xf, 0x45, 0x56, 0xb0,
    0x10, 0xf, 0xfe, 0xa, 0x81, 0x2a, 0xe2, 0x2,
    0x2, 0x6, 0x0, 0xfe, 0x3f, 0xff, 0xc8, 0x11,
    0xc4, 0x1, 0xe0,

    /* U+914D "配" */
    0x6a, 0xaf, 0xf1, 0x9a, 0x67, 0xe7, 0xa, 0x55,
    0xff, 0x24, 0xb3, 0x7d, 0x5, 0x9d, 0xc7, 0xe,
    0x80, 0xbe, 0xf7, 0xbb, 0xf8, 0x80, 0x40, 0x44,
    0x1, 0x8, 0x38, 0x80, 0x5, 0x13, 0xcc, 0x1,
    0xff, 0xcc, 0x2b, 0xb2, 0x85, 0x58, 0x7d, 0xc8,
    0x7, 0xfc, 0xa8, 0x82, 0x4, 0x20, 0x34, 0x61,
    0x0, 0xff, 0xe0, 0x6e, 0x7, 0x50, 0x7b, 0x81,
    0x80, 0x7f, 0xf2, 0x85, 0xdf, 0xcc, 0x1, 0xce,
    0x2, 0x1, 0xe9, 0x88, 0xf1, 0x0, 0x80, 0x58,
    0x20, 0x11, 0x88, 0x6, 0x6a, 0xae, 0xb2, 0x0,
    0xb, 0xb8, 0x18, 0x31, 0x80, 0x36, 0xaa, 0xf2,
    0x0, 0x5c, 0x50, 0x7, 0xd8, 0xc0, 0x1f, 0xfc,
    0x2f, 0xd1, 0x0, 0x9, 0x88, 0x7, 0xff, 0xbf,
    0xbf, 0xf3, 0x80, 0x7f, 0xd5, 0x40, 0xa, 0x1d,
    0xf2, 0x80, 0x7f, 0xcc, 0xa0, 0x13, 0x44, 0x62,
    0x0, 0xe1, 0x0, 0xe3, 0x20, 0x4, 0xd5, 0x79,
    0x40, 0xf8, 0x22, 0xab, 0x68, 0x21, 0x82, 0x2a,
    0xf8, 0x88, 0x2e, 0x44, 0x55, 0xc4, 0x4b, 0x4f,
    0xff, 0xed, 0x1, 0xde, 0xdd, 0xf1, 0x0,

    /* U+9152 "酒" */
    0x0, 0xff, 0xe7, 0x6d, 0x88, 0x4, 0x23, 0xff,
    0xc2, 0x0, 0x84, 0xd3, 0x98, 0x7f, 0xbb, 0xff,
    0x86, 0x0, 0x1f, 0x40, 0x94, 0x41, 0x16, 0x0,
    0x11, 0x0, 0x4, 0x59, 0x40, 0x21, 0xb8, 0x45,
    0xbd, 0xdb, 0x1, 0x37, 0xc1, 0x77, 0x75, 0x80,
    0x73, 0xd8, 0x7, 0xff, 0x54, 0x40, 0x3f, 0xf8,
    0x65, 0xff, 0x70, 0x27, 0xe0, 0x2f, 0xfd, 0xc2,
    0x0, 0xdf, 0x70, 0x9, 0x80, 0x51, 0x0, 0x28,
    0x60, 0x48, 0x80, 0x12, 0x0, 0x28, 0x46, 0x98,
    0x4, 0xf7, 0x61, 0x2b, 0xf0, 0xab, 0xb1, 0x80,
    0x68, 0xd4, 0x24, 0x0, 0xf0, 0xb0, 0x7, 0xff,
    0x0, 0xaf, 0x5c, 0x3, 0x9c, 0x34, 0x2, 0xe1,
    0x0, 0xfe, 0x20, 0xe, 0x48, 0x6, 0x2, 0x6,
    0xef, 0x30, 0xf, 0xfe, 0x3, 0xd8, 0x50, 0x80,
    0xd3, 0x2a, 0x84, 0x3, 0xe4, 0xf3, 0x0, 0x24,
    0xea, 0x80, 0x4b, 0x35, 0x42, 0x0, 0xfa, 0x1,
    0xc0, 0x6, 0xc4, 0x1, 0xff, 0xc3, 0x33, 0x12,
    0x0, 0x67, 0xaa, 0xf4, 0x0, 0x7e, 0x80, 0x80,
    0xe, 0x95, 0x5f, 0x38, 0x80, 0x79, 0x10, 0x4a,
    0x1, 0xdd, 0xff, 0xf0, 0x80, 0x7a, 0x42, 0x0,
    0x3f, 0xf9, 0xe, 0x46, 0xa0, 0x1f, 0xfc, 0x82,
    0x1f, 0x0, 0xe7, 0xbb, 0xff, 0x18, 0x6, 0x5e,
    0x30, 0x9, 0x44, 0x48, 0x9f, 0xe0, 0x12, 0x0,

    /* U+9165 "酥" */
    0x0, 0xff, 0xe3, 0x90, 0x4, 0xb3, 0x3f, 0xc2,
    0x1, 0xc9, 0x3d, 0xb4, 0x0, 0xe6, 0x6f, 0xe2,
    0x23, 0x4e, 0x7d, 0xb2, 0xcd, 0x80, 0x2f, 0xfc,
    0x8b, 0xc1, 0x5f, 0xe0, 0xd9, 0x60, 0x10, 0xdb,
    0x61, 0x0, 0xff, 0xe0, 0x1d, 0xe7, 0xe1, 0x1,
    0x80, 0x7f, 0xf1, 0x10, 0xc0, 0x3f, 0xc5, 0x9a,
    0x8b, 0x81, 0x7b, 0x60, 0x1f, 0xfc, 0x14, 0x32,
    0x0, 0x18, 0x0, 0x90, 0x80, 0x3f, 0xf8, 0x5b,
    0x9, 0xe1, 0xf0, 0xd, 0xff, 0x8c, 0x3b, 0xfe,
    0x90, 0xf, 0xf9, 0xd0, 0xcc, 0x20, 0x11, 0x9d,
    0xe0, 0x1f, 0xf0, 0xde, 0x61, 0x0, 0x2d, 0xcc,
    0x30, 0x6, 0xe1, 0x0, 0xfc, 0x2a, 0x1, 0x38,
    0x7, 0xc9, 0xa0, 0x6, 0xd0, 0xc, 0xc0, 0x10,
    0xd8, 0x7, 0xac, 0x98, 0x52, 0x90, 0x3, 0x49,
    0x18, 0x31, 0x28, 0x7, 0x1e, 0x8, 0x5e, 0xc8,
    0x4, 0xe3, 0x60, 0xa, 0x8, 0x0, 0xe8, 0x30,
    0xf, 0x86, 0x5, 0x80, 0x6, 0xe4, 0xc0, 0x1f,
    0xfc, 0x1a, 0x8, 0x0, 0xd2, 0x12, 0x20, 0x13,
    0x7f, 0xec, 0x0, 0x5a, 0x13, 0x0, 0x61, 0x80,
    0xa0, 0x9, 0xaa, 0x66, 0xf0, 0x2, 0x87, 0x0,
    0x79, 0xcd, 0xc0, 0x32, 0xb3, 0x46, 0x0, 0x8b,
    0x30, 0xf, 0xb3, 0x0, 0x1f, 0xf3, 0x20, 0x7,
    0xff, 0x6, 0x67, 0xd4, 0x1, 0xff, 0xc2, 0x50,
    0x46, 0x6e, 0x21, 0x20, 0xc, 0xa2, 0x20, 0xe,
    0x3f, 0xff, 0xdc, 0x1, 0xd3, 0xc0, 0x1e,

    /* U+916A "酪" */
    0x0, 0xff, 0xe1, 0x98, 0x80, 0x7e, 0x55, 0xfe,
    0x40, 0x8, 0xf2, 0xc0, 0x3e, 0x6a, 0xaf, 0xeb,
    0x10, 0x5, 0x7, 0x80, 0x7c, 0xf3, 0x26, 0x8,
    0x40, 0x99, 0x50, 0x80, 0x1c, 0x2b, 0xff, 0x69,
    0x0, 0xb3, 0x30, 0x17, 0x1, 0x98, 0xa0, 0x6,
    0x11, 0x11, 0x60, 0x21, 0x0, 0xff, 0xe0, 0x8c,
    0x84, 0x6e, 0xd0, 0x6, 0x60, 0x4, 0x5c, 0x84,
    0xd0, 0x5d, 0x94, 0x34, 0x1, 0x2, 0x3, 0x61,
    0xe0, 0x13, 0xa1, 0x82, 0x10, 0x22, 0x26, 0xd,
    0x2c, 0x68, 0x34, 0x58, 0xc0, 0x32, 0xf8, 0x63,
    0xaf, 0x90, 0xd3, 0x5a, 0x32, 0x71, 0x9a, 0x40,
    0x38, 0xc0, 0x3f, 0x14, 0x80, 0x20, 0x4, 0x34,
    0x3, 0xf8, 0x40, 0x3f, 0x16, 0x80, 0x5a, 0x20,
    0x1e, 0x20, 0x30, 0xf, 0x9f, 0x4d, 0x34, 0xcd,
    0xee, 0x1, 0xca, 0x22, 0xf4, 0x93, 0x7, 0xe8,
    0x7, 0xb2, 0xc6, 0x18, 0xe3, 0x0, 0x14, 0x48,
    0x2a, 0x10, 0x86, 0x8a, 0x6c, 0x0, 0x53, 0x86,
    0x20, 0x13, 0x3b, 0x80, 0xaa, 0xc8, 0x2b, 0x87,
    0xf7, 0x7b, 0x9b, 0xcc, 0x0, 0x90, 0x1, 0xfc,
    0xa4, 0x5f, 0x28, 0x80, 0x78, 0x44, 0x1, 0xf1,
    0xff, 0xf1, 0x80, 0x79, 0xbf, 0xb9, 0xe4, 0x1,
    0xff, 0xc6, 0x46, 0x69, 0xc8, 0x3, 0xff, 0x8c,
    0x53, 0x34, 0x0, 0x7f, 0xf1, 0x9e, 0xab, 0xc4,
    0x20, 0x11, 0x55, 0x71, 0x80, 0x62, 0x15, 0x5f,
    0x2, 0x80, 0x8c, 0xab, 0xc0, 0x22, 0x0, 0x6f,
    0xff, 0xe9, 0x0, 0x77, 0x7f, 0x0, 0x0,

    /* U+9171 "酱" */
    0x0, 0xf8, 0x50, 0x3, 0x84, 0x40, 0x1f, 0xe1,
    0x0, 0xd7, 0x62, 0x0, 0x87, 0xfc, 0x1, 0xfe,
    0xec, 0x10, 0x0, 0x80, 0x80, 0x54, 0x25, 0x13,
    0x3c, 0xc0, 0x14, 0x1e, 0x80, 0x7d, 0x68, 0x6,
    0xec, 0xdd, 0x0, 0x13, 0xa9, 0xb8, 0x6, 0x1c,
    0x48, 0xff, 0xf3, 0x3, 0x0, 0x6a, 0x85, 0x0,
    0x9f, 0xce, 0x8a, 0xc8, 0x2, 0x46, 0x19, 0x0,
    0xe7, 0x4d, 0x40, 0x76, 0xc5, 0x64, 0xc2, 0x5,
    0xb0, 0xa1, 0x0, 0x86, 0x3a, 0x48, 0x40, 0x10,
    0x60, 0x76, 0x39, 0x8a, 0x1c, 0x40, 0xa, 0x79,
    0xc2, 0x3d, 0x40, 0x31, 0x2e, 0x80, 0x9b, 0x79,
    0x80, 0x63, 0x29, 0xe7, 0x0, 0x9f, 0x7f, 0x69,
    0x89, 0xfa, 0x44, 0x3, 0xab, 0x58, 0x2, 0xd3,
    0x45, 0x46, 0x9d, 0xd4, 0x8, 0x7, 0xcf, 0x33,
    0xde, 0xb2, 0x24, 0x1f, 0x73, 0x3f, 0x38, 0x2,
    0xd9, 0xbf, 0xf9, 0x14, 0x0, 0xcf, 0xff, 0x58,
    0x57, 0xf9, 0x43, 0xff, 0xed, 0x0, 0x8f, 0xbf,
    0xf5, 0x85, 0x7f, 0x94, 0x3f, 0xfb, 0x90, 0x3,
    0x20, 0xa3, 0xbc, 0x60, 0xae, 0xe2, 0x7, 0x7c,
    0x63, 0x80, 0x1e, 0xe8, 0x86, 0x11, 0x2a, 0x20,
    0xe1, 0x31, 0x15, 0x0, 0x7f, 0x4e, 0xd9, 0x78,
    0x5, 0x81, 0xdf, 0xf4, 0x80, 0x7f, 0x7d, 0x66,
    0x8, 0x2, 0x6e, 0xcc, 0xce, 0x1, 0xfa, 0xa6,
    0x33, 0xff, 0xdd, 0x99, 0x9c, 0x3, 0xf3, 0xdd,
    0xff, 0xf0, 0x9c, 0x3, 0xf0, 0x80, 0x7f, 0xf0,
    0x84, 0x3, 0xc6, 0xd, 0x77, 0xff, 0xc2, 0x60,
    0xd0, 0x0,

    /* U+9175 "酵" */
    0x0, 0xff, 0xe1, 0x28, 0x7, 0xe3, 0x66, 0xfc,
    0x20, 0x12, 0x53, 0x0, 0x63, 0x0, 0x44, 0xcf,
    0xe6, 0x0, 0x84, 0x3, 0x9f, 0x18, 0x2f, 0x2c,
    0x25, 0xb, 0x30, 0xe9, 0xdf, 0x41, 0x3f, 0xc5,
    0x2, 0xe0, 0x3, 0x50, 0x21, 0x11, 0x98, 0x1d,
    0x50, 0x80, 0x91, 0x10, 0x10, 0x20, 0x1f, 0xf1,
    0xdd, 0xa0, 0x2e, 0xdc, 0xa6, 0xc0, 0x2, 0xee,
    0x5, 0xa9, 0xfe, 0x80, 0x7c, 0x34, 0x1c, 0x1,
    0x30, 0x90, 0x10, 0x8c, 0x47, 0x35, 0x49, 0xa,
    0xc1, 0x28, 0xa8, 0x1, 0xf, 0x29, 0x49, 0xb0,
    0x66, 0x2a, 0x8c, 0xc, 0x80, 0x95, 0x4c, 0x1,
    0xfe, 0x7f, 0xfc, 0xc0, 0x9f, 0xfb, 0x80, 0x31,
    0x80, 0x7f, 0x4b, 0x1d, 0x80, 0x7e, 0x11, 0x30,
    0x71, 0x0, 0x6a, 0x60, 0x1d, 0xee, 0x6a, 0x80,
    0x6a, 0x12, 0xd6, 0x80, 0x1, 0x6a, 0x91, 0x88,
    0x80, 0x48, 0x80, 0x19, 0xac, 0x1f, 0xe4, 0x2b,
    0x4a, 0x77, 0x31, 0x62, 0x12, 0xe0, 0x1b, 0x54,
    0x2, 0x30, 0x2, 0x6b, 0x0, 0x1e, 0xf, 0x58,
    0x3, 0xff, 0x81, 0x56, 0x40, 0x16, 0x6, 0x90,
    0x7, 0xff, 0xa, 0xbb, 0xb2, 0x7, 0xf7, 0x56,
    0x1, 0xf, 0x7f, 0xb4, 0x2, 0x32, 0x2c, 0x0,
    0x32, 0x2c, 0x1, 0xc, 0xbb, 0xa8, 0x2, 0x9c,
    0xcc, 0x81, 0xb9, 0x94, 0x80, 0x67, 0x88, 0x38,
    0x7, 0xff, 0x6c, 0x42, 0x67, 0xc0, 0x18, 0xa6,
    0x4a, 0x1, 0xf3, 0x2, 0x33, 0x63, 0x12, 0x0,
    0x91, 0x82, 0x0, 0x3c,

    /* U+91CA "释" */
    0x0, 0x89, 0x1a, 0x77, 0x0, 0x3c, 0x23, 0xc0,
    0x14, 0x77, 0xed, 0xcb, 0x3, 0xd, 0xff, 0xee,
    0xee, 0xf3, 0xd, 0x56, 0x81, 0x17, 0x6d, 0xe,
    0x8, 0x22, 0x71, 0x80, 0x8, 0x17, 0x65, 0xcc,
    0x4, 0x24, 0x9e, 0xc3, 0x2e, 0xf3, 0x4, 0x8,
    0x14, 0xb0, 0x6, 0x86, 0x10, 0x54, 0x84, 0x0,
    0x4a, 0xa3, 0x80, 0x8, 0xe0, 0x2, 0x17, 0x53,
    0x0, 0x50, 0xda, 0xdb, 0x25, 0x80, 0x68, 0x14,
    0x0, 0x20, 0x40, 0x4, 0x38, 0x14, 0x8d, 0x60,
    0x1c, 0x9a, 0x80, 0x5, 0xe2, 0x0, 0x86, 0x0,
    0x25, 0x30, 0xc, 0xb7, 0x36, 0x43, 0x75, 0x0,
    0x53, 0xca, 0x9a, 0xc7, 0x96, 0x80, 0xc, 0x44,
    0x80, 0x8, 0x94, 0xeb, 0x15, 0x59, 0x4d, 0x92,
    0x5f, 0x84, 0xff, 0xa4, 0x1, 0x1d, 0x98, 0x5a,
    0xd5, 0x2c, 0x44, 0x6d, 0x2c, 0x0, 0x6b, 0x0,
    0x42, 0x82, 0xd2, 0x80, 0x1c, 0xf4, 0x0, 0xb4,
    0xe0, 0x13, 0x90, 0xa, 0x5a, 0x4, 0x7f, 0xd4,
    0xd, 0xff, 0x50, 0x4, 0x32, 0x84, 0x14, 0x56,
    0x58, 0x89, 0x10, 0xa, 0x25, 0x80, 0x15, 0x8c,
    0x0, 0x7, 0xd4, 0x92, 0xee, 0x80, 0x7b, 0xb9,
    0x80, 0xe, 0xaa, 0x30, 0x8, 0xa8, 0x3, 0xff,
    0x85, 0x21, 0x60, 0x1e, 0x6f, 0xfd, 0x40, 0xdf,
    0xfa, 0x42, 0x6c, 0x40, 0x3c, 0x48, 0x67, 0x10,
    0x9, 0x9c, 0x9e, 0xe, 0x80, 0x1f, 0x25, 0xe6,
    0x50, 0xf, 0x99, 0x5b, 0x0, 0x7f, 0xf9, 0xdd,
    0x40, 0x3f, 0x38, 0xe0, 0x7, 0x80,

    /* U+91CC "里" */
    0x0, 0xa6, 0xef, 0xff, 0x85, 0x48, 0x1, 0x8d,
    0x91, 0x3f, 0xf8, 0x4b, 0xe0, 0x19, 0xc1, 0x3f,
    0xf8, 0xc3, 0xbf, 0xf5, 0x0, 0x7e, 0x10, 0xf,
    0xfe, 0x0, 0x80, 0x7f, 0xf4, 0x97, 0xff, 0x8c,
    0x3b, 0xff, 0x58, 0x7, 0xe1, 0x44, 0xe0, 0x1,
    0xa2, 0x63, 0x0, 0xfc, 0x97, 0x7c, 0x61, 0xb7,
    0x7a, 0x0, 0x3f, 0xfa, 0x42, 0x3f, 0x1, 0x88,
    0xe2, 0x0, 0xf3, 0x82, 0x77, 0x71, 0x6, 0xf7,
    0x69, 0x1, 0x0, 0xc6, 0xca, 0xbe, 0x0, 0x22,
    0xaf, 0xb8, 0x3, 0xa6, 0xab, 0xc2, 0x13, 0x55,
    0xe4, 0x0, 0xff, 0xe7, 0x6f, 0xff, 0xc2, 0x1b,
    0xff, 0xf2, 0x80, 0x4e, 0x45, 0xf0, 0x0, 0x8b,
    0xe3, 0x10, 0xa, 0xb7, 0x7e, 0x10, 0xfd, 0xdf,
    0x62, 0x0, 0x7f, 0xf8, 0x57, 0x77, 0xf8, 0x43,
    0xf7, 0x7f, 0x31, 0x17, 0xf8, 0x0, 0x45, 0xfd,
    0xe0,

    /* U+91CD "重" */
    0x0, 0xff, 0xe8, 0x89, 0x1a, 0x2b, 0x3c, 0xde,
    0xfd, 0x80, 0x73, 0xf7, 0xfd, 0xdb, 0x97, 0x53,
    0xc, 0xa2, 0xa6, 0x1, 0xc8, 0xec, 0xc7, 0x89,
    0x90, 0xe, 0xf7, 0xf6, 0x54, 0x0, 0x71, 0xcc,
    0xd0, 0xec, 0xe0, 0x2, 0x10, 0xf, 0xcf, 0xff,
    0xfb, 0x80, 0x7f, 0xff, 0x9d, 0x19, 0xbf, 0x80,
    0xc, 0xdf, 0xc8, 0x73, 0x2a, 0xcc, 0xf0, 0xe,
    0x67, 0xb6, 0x64, 0x60, 0x2, 0xca, 0xaf, 0x0,
    0xd5, 0x7a, 0xd0, 0x3, 0x8, 0x1e, 0xef, 0x0,
    0xee, 0xf2, 0x81, 0x0, 0x7c, 0x23, 0xc0, 0x1,
    0x1e, 0x0, 0xfe, 0x3c, 0xce, 0x1, 0xcc, 0xe5,
    0x0, 0xfc, 0x9b, 0xbc, 0x3, 0xbb, 0xcc, 0x1,
    0xf9, 0xc4, 0x78, 0x0, 0x23, 0xc6, 0x1, 0xe2,
    0x3, 0xcc, 0xe0, 0x1c, 0xce, 0x50, 0x20, 0xc,
    0x3b, 0x99, 0xe0, 0x1c, 0xcf, 0x6a, 0x0, 0x71,
    0x19, 0xf1, 0x0, 0xc, 0xfc, 0x40, 0x1d, 0x9f,
    0xfe, 0xe0, 0x1f, 0xff, 0xc4, 0x1, 0x4b, 0xbf,
    0xc0, 0x7, 0x7f, 0xa0, 0x80, 0x25, 0x88, 0xf8,
    0x6, 0x23, 0xe7, 0x0, 0x2d, 0x57, 0xf0, 0xd,
    0x57, 0xf2, 0xea, 0xaf, 0xf0, 0x1, 0x57, 0xfb,
    0x0,

    /* U+91CF "量" */
    0x0, 0x9f, 0xbb, 0xff, 0x84, 0xe0, 0x1e, 0xc1,
    0x8b, 0xbf, 0xf4, 0x8e, 0x0, 0x79, 0xc0, 0x99,
    0xbf, 0xc4, 0x1, 0xfe, 0xbc, 0xcf, 0xf5, 0x0,
    0x7f, 0xbb, 0xff, 0xfd, 0xa0, 0x1f, 0x98, 0x3b,
    0xbf, 0xed, 0x1, 0x0, 0xf5, 0x66, 0x37, 0x7f,
    0xd9, 0x8a, 0x0, 0xa3, 0xfe, 0xcc, 0xff, 0xe1,
    0x7f, 0xd1, 0x8e, 0xcd, 0xff, 0xc6, 0x7c, 0x48,
    0x9a, 0xdd, 0xff, 0xe1, 0xcc, 0x20, 0x0, 0x72,
    0xef, 0xff, 0x86, 0xa0, 0x18, 0xc1, 0x7f, 0xf8,
    0x7, 0xff, 0xa0, 0x8, 0x3, 0xcb, 0xff, 0xc0,
    0x3f, 0xfd, 0x0, 0x1f, 0x93, 0x33, 0x80, 0x73,
    0x39, 0xc0, 0x3f, 0x3b, 0x37, 0x0, 0x19, 0xb8,
    0x80, 0x40, 0x31, 0x19, 0x5d, 0xf0, 0xd, 0xdf,
    0x21, 0x28, 0x6, 0x1e, 0xcc, 0xf0, 0xe, 0x67,
    0xbc, 0x80, 0x36, 0xef, 0xe0, 0x1d, 0xdf, 0xb0,
    0x3, 0x6e, 0x67, 0xc0, 0x39, 0x9f, 0x80, 0x9,
    0x13, 0x77, 0xf0, 0xd, 0xdf, 0xd3, 0x9, 0xee,
    0xff, 0xc0, 0x7, 0x7f, 0xef,

    /* U+91D1 "金" */
    0x0, 0xff, 0xa, 0x0, 0x7f, 0xf2, 0x76, 0xcc,
    0x3, 0xff, 0x8f, 0x46, 0x8, 0x1, 0xff, 0xc6,
    0xa5, 0x12, 0x88, 0x0, 0x7f, 0xf0, 0xc7, 0x14,
    0xbf, 0x9, 0xec, 0x40, 0x3f, 0xf8, 0xd, 0xe6,
    0x58, 0x22, 0xc4, 0x47, 0xb0, 0x7, 0xf1, 0xe4,
    0x8b, 0x68, 0x80, 0x6, 0xdc, 0x67, 0xc, 0x3,
    0x92, 0xf0, 0xc2, 0x60, 0x47, 0xd3, 0x62, 0x79,
    0x68, 0x0, 0xcb, 0x40, 0x40, 0x9e, 0xef, 0xd6,
    0x2c, 0x29, 0x7a, 0x12, 0x4d, 0xb6, 0xa8, 0x98,
    0x0, 0x89, 0x96, 0x7a, 0x4e, 0xc1, 0x76, 0x48,
    0x2a, 0xef, 0x0, 0x2e, 0xf5, 0x0, 0x1b, 0x18,
    0x3, 0xff, 0x9d, 0x13, 0x3e, 0xa0, 0x4, 0xcf,
    0xe1, 0x0, 0x85, 0xd9, 0xbc, 0xa0, 0x6, 0x6f,
    0xca, 0x1, 0xf, 0x6e, 0xfb, 0x0, 0x1b, 0xbf,
    0x90, 0x3, 0x9, 0x4c, 0x11, 0x46, 0x0, 0x22,
    0xd1, 0x24, 0x40, 0xf, 0x89, 0x5c, 0x3, 0xf2,
    0x28, 0x7, 0xfa, 0x6, 0x4, 0x3, 0xe9, 0x9,
    0x0, 0xfe, 0x19, 0x2, 0x0, 0xf4, 0x15, 0x10,
    0x7, 0xf9, 0xf4, 0xc0, 0x3d, 0x74, 0xa0, 0x1e,
    0x1b, 0xdd, 0xdf, 0xbb, 0x0, 0x37, 0x5d, 0x1b,
    0xbb, 0x10, 0x0, 0xa4, 0x5f, 0x80, 0x4, 0x5f,
    0x8c, 0x40,

    /* U+9488 "针" */
    0x0, 0x9a, 0xc0, 0x3f, 0xd7, 0x20, 0x1f, 0x86,
    0x40, 0x3f, 0xc2, 0x8e, 0x1, 0xfa, 0x41, 0xb3,
    0x2b, 0x0, 0xff, 0xe1, 0x9b, 0x81, 0x19, 0xc8,
    0x20, 0x1f, 0xfc, 0x11, 0xd0, 0xdf, 0xfe, 0x10,
    0xf, 0xfe, 0xe, 0x8c, 0x90, 0x7, 0xff, 0x1d,
    0x54, 0x6a, 0xbc, 0x20, 0x1f, 0xfc, 0x29, 0xfa,
    0xaf, 0x48, 0x19, 0xe5, 0x0, 0x19, 0xe1, 0x0,
    0x24, 0x38, 0x83, 0xc5, 0x5e, 0x66, 0xb0, 0x1c,
    0xcd, 0xc0, 0x1, 0x78, 0x30, 0x87, 0x2e, 0x55,
    0xc8, 0x0, 0x55, 0xce, 0x1, 0xfe, 0x5a, 0xae,
    0x1, 0xaa, 0xd0, 0x7, 0x77, 0x10, 0x5d, 0xa4,
    0x3, 0xff, 0x84, 0xa8, 0x90, 0x1, 0x10, 0xe0,
    0x1f, 0xfc, 0x26, 0xff, 0x88, 0x3f, 0xdc, 0x1,
    0xff, 0xf8, 0x21, 0x0, 0xff, 0xe3, 0x95, 0x6c,
    0x80, 0x7f, 0xf1, 0x4c, 0x35, 0x52, 0x40, 0x3f,
    0xf8, 0x8e, 0x20, 0x77, 0x61, 0x0, 0xff, 0xe2,
    0x8, 0xab, 0x10, 0x3, 0xff, 0x8c, 0xdc, 0xa0,
    0x1f, 0x84, 0x90, 0x3, 0xc0,

    /* U+949F "钟" */
    0x0, 0xff, 0xe6, 0xbd, 0x0, 0x7f, 0xf, 0xc0,
    0x7, 0xc3, 0x2, 0x1, 0xfc, 0x40, 0x60, 0x1f,
    0x48, 0x35, 0xdd, 0x20, 0x1f, 0xfc, 0x23, 0x70,
    0x24, 0x49, 0xc0, 0x3f, 0xf8, 0x25, 0xa1, 0xbf,
    0xfb, 0x81, 0xa2, 0x2a, 0x6, 0x88, 0x9c, 0xac,
    0x6c, 0x80, 0x39, 0x25, 0xde, 0x60, 0x27, 0x7a,
    0x21, 0x51, 0xd7, 0x7a, 0x8c, 0x0, 0x97, 0x69,
    0x3, 0xbb, 0x48, 0x0, 0xd5, 0x48, 0x99, 0x54,
    0x0, 0x34, 0x42, 0x83, 0xa2, 0x40, 0x11, 0x7f,
    0x8, 0xbb, 0xd8, 0x3, 0xff, 0x88, 0x20, 0x1,
    0x0, 0xff, 0xec, 0x95, 0x54, 0x22, 0xaa, 0x40,
    0x0, 0x40, 0x3e, 0x10, 0x2, 0xae, 0x0, 0x2a,
    0x9c, 0x41, 0xbf, 0xd8, 0x9, 0xfe, 0xc0, 0x3,
    0xf6, 0xe8, 0x45, 0xba, 0xe4, 0x32, 0x2c, 0x0,
    0x22, 0xde, 0x2, 0x44, 0x0, 0x11, 0x4, 0x59,
    0xbb, 0x70, 0x26, 0xee, 0x50, 0xf, 0xfe, 0x90,
    0x80, 0x7f, 0xf1, 0xce, 0xf8, 0x40, 0x3f, 0xf8,
    0x82, 0x2c, 0x47, 0x10, 0xf, 0xfe, 0x1c, 0x80,
    0x17, 0x60, 0x3, 0xff, 0x88, 0x66, 0xca, 0x20,
    0xf, 0xfe, 0x2d, 0x61, 0x80, 0x7e, 0x21, 0x30,
    0xe,

    /* U+94AE "钮" */
    0x0, 0xc8, 0x1, 0xff, 0xc9, 0x7b, 0x50, 0xc,
    0x4a, 0xbf, 0xe2, 0x0, 0xd6, 0x8, 0x1, 0xa6,
    0xab, 0xfd, 0xe0, 0x11, 0x98, 0x37, 0x32, 0x69,
    0x9c, 0x60, 0xd3, 0x28, 0x0, 0xe8, 0x0, 0x19,
    0xec, 0x26, 0x69, 0xc2, 0xd9, 0x8e, 0x2, 0x0,
    0x54, 0x47, 0xff, 0x50, 0x6, 0x60, 0x30, 0x0,
    0x83, 0x80, 0x28, 0x24, 0x3, 0xfc, 0x60, 0x20,
    0x3, 0x1, 0x0, 0xa, 0xc5, 0xde, 0x90, 0xe,
    0x12, 0x0, 0x98, 0xc, 0x1, 0xd8, 0xa8, 0x99,
    0x84, 0x2, 0x20, 0x60, 0x8, 0x40, 0x40, 0x26,
    0xfb, 0x7, 0xef, 0x10, 0x11, 0x38, 0x8, 0xe2,
    0xf, 0x0, 0xfc, 0x20, 0x8, 0xee, 0x50, 0x2f,
    0x75, 0x0, 0x40, 0x1f, 0xf6, 0x91, 0x4, 0x4,
    0x8a, 0x10, 0x10, 0x3, 0x55, 0xc0, 0x2d, 0xd9,
    0x97, 0x74, 0xc1, 0x5b, 0xb2, 0x3, 0x80, 0x31,
    0x50, 0xc0, 0x91, 0x1a, 0x1, 0x10, 0x30, 0x4,
    0x20, 0x20, 0xa, 0xff, 0x58, 0x3f, 0xfa, 0xc0,
    0x27, 0x2, 0x0, 0x98, 0x8, 0x3, 0xff, 0x84,
    0x42, 0x1, 0x8c, 0x3, 0xff, 0x86, 0x20, 0x40,
    0x18, 0x48, 0x3, 0xfc, 0x20, 0x12, 0x83, 0x0,
    0x42, 0x2, 0x1, 0xfd, 0x1c, 0xe0, 0x2, 0x2,
    0x0, 0x88, 0x18, 0x3, 0xc6, 0xe, 0xe4, 0x60,
    0x7, 0x86, 0x80, 0x4c, 0x6, 0x1, 0xc3, 0x20,
    0x55, 0x39, 0xdc, 0x60, 0xbe, 0xea, 0xc1, 0xba,
    0xc0, 0x3a, 0x35, 0x40, 0x84, 0x40, 0x1, 0x1e,
    0x0, 0xb, 0x80,

    /* U+94DD "铝" */
    0x0, 0xc4, 0x20, 0x1f, 0xfc, 0x71, 0xdd, 0x0,
    0x73, 0x44, 0x7e, 0x60, 0xd, 0x21, 0x60, 0x1d,
    0x2e, 0xff, 0xa4, 0x3, 0x30, 0x5e, 0x62, 0xc4,
    0x40, 0x57, 0x7e, 0x10, 0x10, 0x5, 0x8, 0x19,
    0xc8, 0x40, 0x1, 0x44, 0xf1, 0x0, 0x4e, 0xa7,
    0xff, 0xc6, 0x1, 0xff, 0xc1, 0x81, 0xd0, 0xf,
    0xfe, 0x3b, 0x5b, 0x3b, 0xe4, 0x0, 0xff, 0x8,
    0x5, 0x27, 0x11, 0xd4, 0x1, 0x1f, 0xff, 0x88,
    0x3, 0x35, 0xc0, 0x2d, 0x60, 0xa, 0x91, 0x7e,
    0x51, 0x0, 0x90, 0xc0, 0x94, 0x80, 0x15, 0xbb,
    0xfa, 0x80, 0x3f, 0xf9, 0x8b, 0x76, 0x80, 0x6b,
    0xa1, 0x48, 0x8f, 0xf2, 0x6, 0x22, 0xc, 0x5,
    0x14, 0xe5, 0xdf, 0xfd, 0x21, 0x3f, 0xeb, 0x7,
    0xff, 0x11, 0x85, 0x5d, 0xfa, 0x80, 0xc0, 0x3f,
    0xf8, 0xa, 0x89, 0xe5, 0x0, 0xff, 0xea, 0x8,
    0x7, 0xff, 0x21, 0xf8, 0xc0, 0x3f, 0xf8, 0x82,
    0xf, 0xa, 0x60, 0x2, 0x11, 0xf1, 0x80, 0x7a,
    0x0, 0x6a, 0x80, 0x61, 0xbd, 0xde, 0xc0, 0x30,
    0x8, 0x4d, 0x7d, 0x40, 0x16, 0xa8, 0x9f, 0x96,
    0xc0,

    /* U+94FA "铺" */
    0x0, 0x84, 0x40, 0x1f, 0xec, 0x50, 0x10, 0xf,
    0x66, 0x80, 0x7f, 0x11, 0xe2, 0xf4, 0x0, 0x65,
    0x24, 0x0, 0xff, 0xe0, 0x2a, 0x9e, 0x80, 0x29,
    0x3, 0x99, 0x84, 0x3, 0xe3, 0xa, 0x73, 0x0,
    0x31, 0x82, 0x33, 0x49, 0x1f, 0xfb, 0x41, 0x7f,
    0xce, 0xd6, 0x72, 0x19, 0xbb, 0x97, 0x15, 0x72,
    0x1, 0x2a, 0xee, 0xa0, 0xa3, 0x22, 0xc0, 0x95,
    0x5a, 0x41, 0x2a, 0xb2, 0xdc, 0xfd, 0xde, 0x80,
    0x4, 0xe6, 0x5c, 0xf, 0x99, 0x50, 0x12, 0xa9,
    0x13, 0x28, 0xb, 0x19, 0x14, 0x2, 0x44, 0x35,
    0x30, 0x3f, 0xd0, 0x5e, 0xd0, 0x9, 0x7b, 0x9e,
    0xd, 0xdc, 0x70, 0xe, 0x30, 0x0, 0x80, 0x63,
    0x0, 0xff, 0xe4, 0xa4, 0xca, 0xc1, 0x26, 0x48,
    0x0, 0x2a, 0xba, 0x4, 0xbb, 0x30, 0x0, 0x99,
    0x8a, 0x4, 0xcc, 0x30, 0x3, 0x2a, 0x20, 0x5,
    0x11, 0x80, 0x5, 0xee, 0x68, 0x37, 0x71, 0x80,
    0x9, 0xfe, 0xe0, 0x5f, 0xf5, 0x0, 0xc, 0x44,
    0x60, 0x1, 0x18, 0x3, 0xff, 0x82, 0x93, 0x28,
    0x5, 0x99, 0x20, 0x7, 0xff, 0x4, 0x99, 0xa0,
    0x36, 0x61, 0x80, 0x7f, 0x9, 0x80, 0x17, 0x75,
    0x80, 0xdb, 0xa6, 0x0, 0xfc, 0xdd, 0x0, 0x3,
    0x22, 0x80, 0x4, 0x41, 0x0, 0xe5, 0x5, 0x94,
    0xa0, 0xf, 0xfe, 0x25, 0x1, 0x5d, 0x84, 0x3,
    0xff, 0x88, 0x91, 0xa8, 0x1, 0xf0, 0x8b, 0xca,
    0x94, 0x4, 0x2, 0xa7, 0x0, 0xc2, 0x1c, 0x1,
    0x73, 0x1b, 0x93, 0x10, 0x7, 0xfb, 0xdc, 0x3,
    0x87, 0x7e, 0x40,

    /* U+9501 "锁" */
    0x0, 0xc2, 0x1, 0xfe, 0x46, 0x0, 0xfe, 0x1f,
    0xb0, 0xe, 0x40, 0xb, 0xe4, 0x40, 0x2, 0x40,
    0x1a, 0x47, 0x40, 0x30, 0xdd, 0x80, 0xe, 0x1,
    0xbe, 0x0, 0x33, 0x6, 0xdd, 0xd0, 0x2e, 0x8a,
    0x1, 0xd0, 0x32, 0x1, 0x58, 0x82, 0x26, 0x60,
    0x81, 0x80, 0xc, 0x4e, 0xa6, 0x0, 0x84, 0x2e,
    0xff, 0xdc, 0x0, 0x93, 0x0, 0xc8, 0x16, 0x1,
    0x38, 0xf8, 0x80, 0x78, 0x53, 0x4c, 0x0, 0xaa,
    0xb2, 0x0, 0xa6, 0xa2, 0xef, 0x51, 0x87, 0xe6,
    0x46, 0x17, 0x97, 0x96, 0x0, 0x67, 0x54, 0x4c,
    0xaa, 0x1, 0x13, 0xbf, 0x98, 0x1c, 0x2, 0x3f,
    0xc0, 0x5e, 0xf6, 0x0, 0x14, 0x42, 0xa9, 0x11,
    0x0, 0x7c, 0x20, 0x1, 0x0, 0xfb, 0xb4, 0x3,
    0xff, 0x92, 0x20, 0x1f, 0x86, 0xaf, 0x81, 0x2e,
    0xce, 0x1, 0xff, 0xc2, 0x35, 0x43, 0x1, 0x44,
    0x60, 0x7, 0xff, 0x8, 0xbf, 0xda, 0xb, 0xfe,
    0xb0, 0xe, 0x30, 0xf, 0xfe, 0x50, 0x90, 0x7,
    0xff, 0x21, 0x41, 0xc0, 0x3f, 0xf8, 0xa2, 0xe1,
    0x1, 0x20, 0x1, 0x7, 0x0, 0xfc, 0xbb, 0x61,
    0xf5, 0x64, 0xaf, 0x2a, 0x1d, 0x60, 0x1c, 0xe0,
    0xb4, 0x7e, 0xb, 0xe8, 0x8a, 0x17, 0xae, 0x60,
    0xe, 0x1b, 0x0, 0x3f, 0xe, 0xd8, 0xbd, 0x82,
    0xf5, 0x14, 0x72, 0x80, 0x46, 0xb, 0xd0, 0x1a,
    0x4d, 0xb0, 0x1, 0x97, 0x28, 0xcc,

    /* U+9505 "锅" */
    0x0, 0x88, 0x3, 0xff, 0x90, 0x5b, 0x20, 0x1c,
    0xf7, 0x7f, 0xcc, 0x1, 0x58, 0x60, 0x7, 0x4a,
    0x33, 0x79, 0x52, 0x80, 0x2, 0xc1, 0x39, 0x92,
    0x80, 0x7, 0x77, 0xde, 0x1, 0xa8, 0x0, 0x67,
    0xb4, 0x3, 0xff, 0x82, 0xe8, 0x8f, 0xfe, 0x80,
    0xf, 0xfe, 0xd, 0x4, 0x80, 0x7e, 0x1e, 0xef,
    0x80, 0x28, 0x98, 0xbb, 0xd0, 0x0, 0xb6, 0x77,
    0x18, 0xa3, 0xb3, 0x20, 0x14, 0xd5, 0x13, 0x30,
    0x1, 0x66, 0x64, 0xb, 0x99, 0x90, 0x0, 0xbe,
    0xe1, 0x3d, 0xc0, 0xf, 0xfe, 0x2f, 0x81, 0x88,
    0x2, 0x7b, 0xb3, 0x7, 0xf7, 0x66, 0x0, 0xfe,
    0x71, 0x33, 0x80, 0x6, 0x70, 0xe, 0xad, 0xda,
    0x82, 0x2e, 0x40, 0x45, 0xbb, 0x9, 0x6e, 0xdc,
    0x0, 0xc4, 0x41, 0x1, 0x23, 0x80, 0x71, 0x9,
    0x90, 0x7, 0x4f, 0xf9, 0xc2, 0xbf, 0x80, 0x39,
    0x40, 0x70, 0xc0, 0x3e, 0xf0, 0xf, 0xe9, 0x1c,
    0x1d, 0x20, 0xf, 0xfe, 0x1c, 0x8c, 0x9d, 0x8f,
    0x88, 0x7, 0xff, 0x5, 0xd8, 0xdc, 0x12, 0x9,
    0xc0, 0x3f, 0x1d, 0x10, 0x3, 0xcf, 0x40, 0x27,
    0x72, 0x0, 0x77, 0x85, 0xe2, 0x80, 0x51, 0x82,
    0x1, 0xa0, 0x80, 0x39, 0x40, 0x45, 0x64, 0x1,
    0xff, 0xc3, 0x12, 0x7, 0xe4, 0x0, 0xfc, 0x93,
    0x2a, 0x1, 0x0, 0xa, 0xec, 0x0, 0x44, 0x40,
    0xe, 0x77, 0x32, 0x9c, 0x0, 0x54, 0x40, 0x1b,
    0x70, 0x3, 0x8f, 0xbf, 0xd8, 0x40,

    /* U+9521 "锡" */
    0x0, 0x84, 0x40, 0x1f, 0xfc, 0x8f, 0xd0, 0xe,
    0x48, 0x8f, 0xe2, 0x0, 0x98, 0x6c, 0x3, 0xa9,
    0xdf, 0xfa, 0x0, 0x2b, 0xa, 0xcc, 0xac, 0x4,
    0xbf, 0xfd, 0x80, 0x1a, 0x8, 0x8, 0xce, 0x60,
    0x0, 0x80, 0x78, 0x80, 0x24, 0x71, 0xff, 0xed,
    0x0, 0x1f, 0xff, 0xb8, 0x2, 0x90, 0xa0, 0xf,
    0xc2, 0xcd, 0xf0, 0x4, 0xac, 0x6e, 0xfc, 0x40,
    0x2, 0x99, 0xf4, 0x0, 0x51, 0xf1, 0x1e, 0xa0,
    0x0, 0x80, 0x78, 0x80, 0x33, 0xc4, 0x0, 0xa2,
    0x14, 0x2, 0x5f, 0xfe, 0xc0, 0xc, 0x2e, 0xe0,
    0x77, 0x88, 0x2d, 0x40, 0xdd, 0xfd, 0x0, 0x1f,
    0xf2, 0x80, 0x3a, 0x23, 0xc4, 0x9, 0x77, 0x2,
    0x5d, 0x98, 0x11, 0x43, 0x3b, 0xbd, 0xaf, 0x88,
    0x90, 0xa, 0x23, 0x46, 0x89, 0x8c, 0x48, 0x82,
    0x64, 0x4b, 0x8f, 0xf8, 0x17, 0xfd, 0x7a, 0x3f,
    0x26, 0x6c, 0xa0, 0x9d, 0x6, 0x0, 0xfd, 0xa7,
    0x44, 0xe3, 0x1, 0x42, 0x86, 0x6, 0x1, 0xf9,
    0x29, 0x4e, 0x15, 0xc, 0xcc, 0xc, 0x1c, 0x1,
    0xf0, 0xc2, 0x8e, 0x8d, 0x87, 0x8c, 0x1, 0x0,
    0x80, 0x73, 0x4f, 0x51, 0x60, 0xe0, 0xb1, 0xc8,
    0x3, 0x81, 0x40, 0x22, 0x3, 0x62, 0xed, 0x3c,
    0x24, 0x94, 0x70, 0x2, 0x1, 0x0, 0x5e, 0x3,
    0x5a, 0xb3, 0xe6, 0xb6, 0x54, 0x6d, 0x6, 0x61,
    0x0, 0x86, 0x39, 0x40, 0xc, 0x21, 0xc7, 0x83,
    0x52, 0xe1, 0x0, 0x1b, 0x1c, 0x3, 0xeb, 0xc1,
    0x9, 0xdc, 0xf4, 0x0,

    /* U+952E "键" */
    0x0, 0xc8, 0x1, 0xff, 0xc0, 0x40, 0xf, 0xe8,
    0xb3, 0x0, 0xf1, 0x0, 0x4b, 0x64, 0x1, 0xf9,
    0x44, 0xc0, 0xd, 0xff, 0x6a, 0x3c, 0x70, 0x5c,
    0x40, 0xc0, 0x31, 0x90, 0x66, 0x28, 0x8c, 0xc0,
    0x6, 0x97, 0x40, 0x67, 0x74, 0x80, 0x68, 0x0,
    0x11, 0x1d, 0x33, 0x0, 0x85, 0xdf, 0x21, 0x9e,
    0x62, 0x1, 0x2a, 0x37, 0x75, 0xa0, 0x6, 0xe,
    0x37, 0x76, 0x5, 0x39, 0x32, 0x80, 0x2c, 0x60,
    0x3, 0xd4, 0x2b, 0x31, 0x5, 0x6, 0x81, 0x2b,
    0x0, 0x2a, 0x44, 0xcc, 0xc0, 0x87, 0x1, 0x5f,
    0xe9, 0xc, 0xf3, 0x4e, 0x0, 0x5b, 0x37, 0x40,
    0x48, 0xb8, 0x7, 0xe1, 0x0, 0xec, 0xc0, 0x26,
    0x7c, 0x10, 0xf7, 0xb, 0xfd, 0x21, 0x9e, 0x42,
    0x1, 0xc6, 0x2, 0x63, 0xcc, 0xc3, 0x10, 0x98,
    0x50, 0x78, 0x98, 0x0, 0xff, 0x34, 0xca, 0xc0,
    0x99, 0xf0, 0x2d, 0xd8, 0x80, 0x25, 0xab, 0x4,
    0xb9, 0x2, 0xd, 0x12, 0xde, 0x90, 0xde, 0xe6,
    0x0, 0x58, 0xa8, 0x2, 0x8c, 0xba, 0x2c, 0x44,
    0x44, 0x18, 0x2a, 0x24, 0x1, 0x4f, 0xf8, 0x17,
    0xfc, 0x80, 0xc6, 0xa1, 0x35, 0x40, 0x8a, 0xa4,
    0x0, 0x7f, 0x85, 0x20, 0x35, 0x62, 0x1a, 0x15,
    0x11, 0x10, 0x7, 0xfb, 0xc0, 0x9, 0x2e, 0xe4,
    0x6, 0x77, 0x94, 0x3, 0xe1, 0x81, 0x50, 0x1,
    0x67, 0xfa, 0x43, 0x3f, 0xe7, 0x0, 0xf3, 0xfb,
    0x84, 0x80, 0xe1, 0x80, 0x61, 0x0, 0xfc, 0x80,
    0x41, 0x84, 0xeb, 0x81, 0x92, 0x68, 0xc4, 0x1,
    0xfa, 0x41, 0x7d, 0xf4, 0x6c, 0xbd, 0x1b, 0x35,
    0x6e, 0x66, 0x80, 0xc, 0xb1, 0x43, 0xe1, 0xa2,
    0x3, 0x79, 0x8, 0x28, 0xcd, 0x8, 0x6, 0x87,
    0x0, 0x57, 0x18, 0x6, 0x37, 0xbd, 0xff, 0xd2,
    0x0,

    /* U+957F "长" */
    0x0, 0xe2, 0x10, 0xf, 0xfe, 0x38, 0xee, 0x80,
    0x3f, 0x86, 0x14, 0x3, 0xe3, 0x2, 0x0, 0xfc,
    0x38, 0xf2, 0x1, 0xff, 0xc5, 0x3f, 0x23, 0xd0,
    0xf, 0xfe, 0x23, 0xe0, 0xa6, 0x8, 0x7, 0xff,
    0x8, 0xf6, 0x2, 0x2c, 0x3, 0xff, 0x84, 0x75,
    0x84, 0x4c, 0x70, 0xf, 0xfe, 0x11, 0x62, 0x84,
    0x69, 0x80, 0x7f, 0xf0, 0xca, 0x9f, 0x9c, 0x3,
    0xff, 0x8c, 0xb0, 0x20, 0x1f, 0xe9, 0xff, 0xb4,
    0x7, 0xff, 0xff, 0x84, 0xdc, 0x45, 0x8, 0x0,
    0x8a, 0x10, 0x12, 0x2f, 0xe7, 0xdd, 0xb0, 0x7,
    0x77, 0x1, 0xee, 0xfe, 0x40, 0xf, 0xf1, 0xa1,
    0x28, 0x7, 0xff, 0x1e, 0x2, 0xc4, 0x3, 0xff,
    0x8c, 0x6a, 0x34, 0x1, 0xff, 0xc7, 0xb1, 0x4a,
    0x0, 0xff, 0xe3, 0xe, 0x82, 0xd8, 0x7, 0xff,
    0xc, 0xdd, 0xe, 0xc1, 0x35, 0x0, 0x3f, 0xcf,
    0x7f, 0x91, 0xa0, 0x98, 0x25, 0x76, 0x40, 0xe,
    0x80, 0x18, 0x42, 0x6a, 0x90, 0x1, 0xf3, 0x2,
    0x5c, 0x80, 0x63, 0x16, 0xae, 0xd9, 0x50, 0xe,
    0x9e, 0x84, 0xb0,

    /* U+95E8 "门" */
    0x2, 0x40, 0xf, 0xfe, 0x35, 0xd9, 0xc0, 0x7,
    0x99, 0xff, 0xc0, 0x70, 0xb0, 0x84, 0x6, 0x33,
    0xff, 0xe0, 0x50, 0x14, 0x85, 0x2, 0xff, 0x77,
    0xf6, 0x80, 0x66, 0x41, 0x50, 0x0, 0x8f, 0xf1,
    0x80, 0x4, 0x82, 0x45, 0x80, 0x3f, 0xf8, 0x5b,
    0xa0, 0x2e, 0x30, 0xf, 0xfe, 0x10, 0x80, 0x80,
    0x7f, 0xff, 0xc0, 0x3f, 0xff, 0xe0, 0x1f, 0xff,
    0xf0, 0xf, 0xff, 0xa9, 0xe6, 0x5e, 0xc, 0xe4,
    0x20, 0x1f, 0xe2, 0x3, 0x30, 0x24, 0x80,

    /* U+95ED "闭" */
    0x6, 0x30, 0xf, 0xfe, 0x28, 0xce, 0x30, 0x1,
    0x7f, 0xff, 0xf8, 0x16, 0x36, 0x12, 0x80, 0xc8,
    0x67, 0xfe, 0x5, 0x4, 0x80, 0xf0, 0x3b, 0xcc,
    0xff, 0x0, 0x67, 0xba, 0x0, 0xf1, 0x40, 0x80,
    0x79, 0xa0, 0x10, 0x40, 0x3d, 0x4e, 0xe0, 0xf,
    0x5b, 0x80, 0x7f, 0xf2, 0x4, 0x2f, 0x33, 0xcc,
    0x17, 0x98, 0x60, 0xf, 0xa, 0x19, 0xf8, 0x40,
    0x8c, 0xde, 0x1, 0xe1, 0xff, 0xed, 0x10, 0x4,
    0xff, 0xa4, 0x3, 0xff, 0x81, 0x22, 0x1, 0xff,
    0xc5, 0xa4, 0x36, 0x0, 0xff, 0xe1, 0xd2, 0x8e,
    0x88, 0x7, 0xff, 0x4, 0x71, 0x47, 0x4, 0x3,
    0xff, 0x82, 0xbe, 0x66, 0xf2, 0x0, 0xff, 0xe0,
    0xdd, 0xb, 0xe0, 0x80, 0x7f, 0xf0, 0xb1, 0x32,
    0x0, 0x3f, 0xf8, 0x8f, 0x66, 0x1, 0x11, 0xc,
    0x3, 0xff, 0x89, 0xdb, 0xa4, 0x5, 0x0, 0xff,
    0xe1, 0x52, 0xa9, 0xb0, 0xc1, 0xf2, 0xc0, 0xc0,
    0x3f, 0x25, 0x52, 0x4c, 0x0, 0x24, 0x87, 0x2e,
    0x42, 0x1, 0xff, 0xc0, 0x6e, 0xfc, 0x40,

    /* U+95EE "问" */
    0x5, 0x20, 0xf, 0xfe, 0x28, 0xd6, 0x98, 0x1,
    0x7f, 0xff, 0xf8, 0x14, 0x36, 0x18, 0x60, 0xc8,
    0x67, 0xfe, 0x7, 0x4, 0xb0, 0xc2, 0x3b, 0xcc,
    0xfe, 0xd0, 0xc, 0x92, 0x20, 0x1f, 0xfc, 0x36,
    0x80, 0x6e, 0x20, 0xf, 0xfe, 0x15, 0x38, 0x80,
    0x7f, 0xf1, 0x44, 0x3, 0xbb, 0xff, 0xdc, 0x1,
    0xff, 0x10, 0x89, 0x13, 0x0, 0x88, 0x3, 0xff,
    0x80, 0x97, 0x78, 0xc0, 0x3f, 0xff, 0xe0, 0x18,
    0x40, 0x3f, 0xf8, 0x4b, 0xff, 0x88, 0x3, 0xff,
    0x80, 0x4c, 0x89, 0xe6, 0x10, 0xf, 0xfa, 0x6e,
    0xfd, 0x20, 0x1f, 0xff, 0x9, 0xee, 0x78, 0x30,
    0x7, 0xff, 0xb, 0x40, 0x41, 0x25, 0xc8, 0x40,
    0x3f, 0xe4, 0xef, 0xeb, 0x20,

    /* U+95F4 "间" */
    0x5, 0x20, 0xf, 0xfe, 0x28, 0xd6, 0xa8, 0x1,
    0xff, 0xff, 0xf8, 0x16, 0x36, 0x14, 0x40, 0x67,
    0xff, 0x10, 0x28, 0x24, 0x83, 0x82, 0x66, 0x7f,
    0xc0, 0x19, 0xb5, 0x40, 0x3f, 0xf8, 0x46, 0xd0,
    0x4, 0x1, 0xff, 0xc4, 0xb7, 0x10, 0x1, 0xd5,
    0x7e, 0x40, 0xe, 0x30, 0xd, 0x2a, 0xbf, 0xbc,
    0x3, 0xff, 0x81, 0xdf, 0xfb, 0x40, 0x3f, 0xf8,
    0xe6, 0x1, 0xff, 0xce, 0x10, 0xf, 0xbb, 0xff,
    0x70, 0x7, 0xff, 0x9, 0x15, 0x72, 0x0, 0x7f,
    0xf0, 0xaa, 0xbc, 0x1, 0xff, 0xd6, 0x30, 0xc,
    0x60, 0x1f, 0xfc, 0x2d, 0xff, 0xda, 0x1, 0xe7,
    0x0, 0xe9, 0x66, 0xfd, 0x0, 0x1f, 0xe3, 0x99,
    0xfc, 0x60, 0x1f, 0xfd, 0xc6, 0xcc, 0x0, 0x14,
    0x84, 0x3, 0xff, 0x80, 0xa4, 0x57, 0x80,

    /* U+9632 "防" */
    0x0, 0xff, 0xe0, 0x8b, 0x0, 0x7e, 0x7a, 0xaa,
    0xed, 0x0, 0x1c, 0xf2, 0xe0, 0x1f, 0x42, 0xac,
    0x88, 0x72, 0x0, 0xc8, 0x14, 0x1, 0xf8, 0xbb,
    0x9a, 0x0, 0x20, 0xc, 0x45, 0x0, 0x7e, 0x11,
    0x9c, 0x1a, 0x2a, 0xb8, 0x4e, 0xab, 0x94, 0x3,
    0xbc, 0x35, 0xd5, 0x78, 0xcc, 0xab, 0xdc, 0x1,
    0xca, 0x49, 0xd9, 0x88, 0x5, 0xcc, 0xf6, 0xd8,
    0x6, 0x50, 0xa0, 0x13, 0x31, 0x6, 0x99, 0xf8,
    0x80, 0x3b, 0x1, 0x80, 0x31, 0x80, 0x7f, 0xf0,
    0xb0, 0x24, 0x3, 0x8, 0x8, 0x7, 0xff, 0x1,
    0x59, 0xcc, 0x2, 0xe0, 0x9f, 0xff, 0x18, 0x7,
    0xa0, 0x20, 0x2, 0x30, 0x34, 0x4c, 0x20, 0xa0,
    0x1e, 0x13, 0x40, 0x9, 0x83, 0x6e, 0xf3, 0x81,
    0x80, 0x7c, 0xc0, 0x40, 0x3, 0x11, 0x0, 0x78,
    0x40, 0x3f, 0x84, 0x10, 0x14, 0x3, 0x8c, 0x3,
    0xe2, 0x34, 0x2, 0xe, 0xd, 0x0, 0xf9, 0xc0,
    0x31, 0x6e, 0xa, 0x88, 0x94, 0x1c, 0x3, 0x84,
    0x4, 0x3, 0x14, 0xb4, 0xd0, 0x40, 0x30, 0x80,
    0x73, 0x1, 0x80, 0x73, 0x4b, 0x2, 0x30, 0x58,
    0x7, 0x8c, 0x4, 0x3, 0xf2, 0x58, 0x49, 0x0,
    0x70, 0x8c, 0x1, 0xfa, 0x2c, 0x1d, 0x80, 0x3c,
    0x80, 0xa0, 0x1f, 0x84, 0x55, 0x0, 0x11, 0x76,
    0xea, 0x83, 0x40, 0x22, 0x50, 0xa, 0x79, 0x40,
    0x31, 0x21, 0x10, 0x5d, 0x80, 0x0,

    /* U+9636 "阶" */
    0x0, 0xff, 0xe1, 0x4a, 0x0, 0x7d, 0x17, 0x7b,
    0x20, 0x3, 0x9d, 0xb4, 0x3, 0xc2, 0xe8, 0x98,
    0xdc, 0x80, 0x35, 0x3, 0x88, 0x7, 0xc3, 0xba,
    0xa0, 0x22, 0x0, 0x4a, 0x42, 0x2b, 0x0, 0xf8,
    0xc8, 0x9a, 0x16, 0x1, 0xac, 0x31, 0x15, 0x40,
    0x1f, 0xcc, 0x2c, 0x1, 0x48, 0xa9, 0x48, 0x51,
    0x80, 0x7c, 0x83, 0x20, 0x12, 0xb0, 0xd8, 0x15,
    0x6, 0x90, 0x7, 0xbc, 0x1c, 0x0, 0x94, 0x14,
    0x20, 0x5, 0x81, 0xc3, 0x0, 0xe4, 0x10, 0x3,
    0x58, 0x4a, 0x0, 0x67, 0x70, 0xe3, 0x80, 0x65,
    0x1b, 0x19, 0x9, 0x60, 0xf, 0x44, 0x2, 0xc0,
    0x35, 0x22, 0x1e, 0xb1, 0xad, 0xc0, 0x22, 0xd4,
    0x7d, 0xc0, 0xe, 0xa0, 0xb5, 0x31, 0x4b, 0x0,
    0x9c, 0xb0, 0x8, 0x3, 0xc2, 0x84, 0x20, 0x1f,
    0xfc, 0x71, 0x2, 0x0, 0xff, 0xe3, 0xb0, 0x8,
    0x18, 0x38, 0x7, 0xff, 0x1, 0x6f, 0x4c, 0x88,
    0x2, 0x1, 0xff, 0xc2, 0x65, 0x24, 0xf0, 0x3,
    0x1, 0x0, 0x7f, 0xf0, 0xf, 0xbe, 0xc8, 0x1,
    0x81, 0xc0, 0x1f, 0xfc, 0x74, 0x4, 0x0, 0xff,
    0xe3, 0x29, 0x9, 0x80, 0x7f, 0xf1, 0x46, 0xc2,
    0x0, 0x3f, 0xf8, 0xd8, 0x26, 0xc0, 0x1f, 0xe1,
    0x27, 0x0, 0xea, 0x5d, 0x0, 0xe7, 0x2d, 0x0,
    0x80,

    /* U+9644 "附" */
    0x0, 0xff, 0x22, 0x0, 0x38, 0xcc, 0x1, 0x35,
    0x52, 0xed, 0x0, 0x10, 0xdc, 0x80, 0x76, 0xe8,
    0x2, 0x95, 0x52, 0x21, 0xd4, 0x0, 0xe0, 0xa0,
    0x1c, 0x22, 0x0, 0xc7, 0xdc, 0x40, 0x70, 0x6,
    0x85, 0x0, 0x7f, 0xce, 0x22, 0x52, 0x20, 0x12,
    0x20, 0x80, 0x3f, 0xf8, 0x24, 0x2a, 0x0, 0x80,
    0xf0, 0xf, 0xfe, 0x12, 0x85, 0x81, 0x28, 0x2c,
    0xff, 0xf0, 0x3, 0xf4, 0x3, 0x58, 0x98, 0x70,
    0x5, 0xc4, 0x5c, 0x0, 0x26, 0x0, 0xc6, 0x81,
    0x6, 0x1, 0x3e, 0xef, 0x0, 0x36, 0xc0, 0x32,
    0x20, 0xdc, 0xc, 0x3, 0xff, 0x89, 0x23, 0x25,
    0x4e, 0x1, 0x41, 0x80, 0x7f, 0xc4, 0xaa, 0xd5,
    0x0, 0xcd, 0xc0, 0x1f, 0xfc, 0xd, 0x3, 0x0,
    0xe9, 0x26, 0x0, 0xff, 0x88, 0x1c, 0x3, 0x98,
    0x2c, 0x3, 0xff, 0x82, 0x20, 0x1c, 0x2c, 0x48,
    0x1, 0xfc, 0x5c, 0xc, 0x1, 0xeb, 0x0, 0xff,
    0x36, 0xa1, 0x18, 0x7, 0x8b, 0xd0, 0x3, 0xf3,
    0x44, 0x30, 0x3, 0xff, 0x8e, 0xee, 0x10, 0xf,
    0xff, 0xc0, 0x80, 0x76, 0x77, 0x81, 0x0, 0x46,
    0x60, 0xf, 0x62, 0x8, 0x5, 0x40, 0x29, 0xc0,
    0x10,

    /* U+964D "降" */
    0x0, 0xff, 0xe0, 0x9a, 0x0, 0x7e, 0x69, 0x9a,
    0xa8, 0xc0, 0x18, 0xf2, 0x80, 0x3f, 0x4b, 0x34,
    0xaa, 0x90, 0x8, 0x78, 0x16, 0x22, 0x97, 0x10,
    0x10, 0x3c, 0xc5, 0x1, 0x80, 0x54, 0x40, 0x8e,
    0xf3, 0x44, 0x80, 0x4c, 0x66, 0x20, 0xa0, 0x5,
    0xa0, 0x6f, 0xfd, 0xa0, 0xa, 0x0, 0xf5, 0x3,
    0xe, 0x21, 0x7, 0x0, 0x7, 0xc2, 0x8, 0x3,
    0x8c, 0x9c, 0x24, 0xd3, 0x60, 0xf0, 0xf0, 0x99,
    0xc0, 0x3d, 0x21, 0x41, 0x17, 0x60, 0x77, 0x1e,
    0x13, 0x48, 0x7, 0xcc, 0x24, 0x0, 0x40, 0x3,
    0xb0, 0x4, 0x46, 0x1, 0xf7, 0x8d, 0x0, 0x16,
    0xbe, 0x5, 0xa8, 0xd3, 0x30, 0xe4, 0x1, 0x8e,
    0x15, 0x57, 0x4a, 0x2d, 0xd2, 0xb9, 0x46, 0x68,
    0xf0, 0xe, 0x70, 0xe9, 0x8c, 0xe9, 0x10, 0xea,
    0x5c, 0xd9, 0xf0, 0xf, 0x22, 0x8, 0x26, 0xaa,
    0xb1, 0x4a, 0xa4, 0x61, 0x80, 0x78, 0x40, 0x6d,
    0x57, 0x20, 0xa, 0xae, 0x20, 0xf, 0x38, 0xf,
    0x82, 0xff, 0xb8, 0xf, 0xff, 0x18, 0x4, 0x77,
    0xa4, 0x60, 0x81, 0xe0, 0x1f, 0xfc, 0x12, 0x52,
    0x3e, 0xb, 0x4, 0x0, 0xff, 0xe0, 0x8f, 0x7e,
    0x10, 0x98, 0x55, 0xdb, 0x40, 0xee, 0xf4, 0x0,
    0x7e, 0x12, 0x4, 0x48, 0xc0, 0x8, 0x9c, 0x1,
    0xfd, 0xbf, 0xfb, 0x80, 0xff, 0xf6, 0x0, 0x7f,
    0xf8, 0x4, 0xb4, 0x3, 0xfe, 0x11, 0x30, 0x7,
    0xb5, 0xc0, 0x3f, 0xf8, 0x1d, 0x40, 0x1c,

    /* U+9664 "除" */
    0x0, 0xff, 0xe1, 0x1c, 0x0, 0x7e, 0x8b, 0xbb,
    0x2c, 0x80, 0x3d, 0xae, 0x40, 0x1e, 0x17, 0x44,
    0x8d, 0x28, 0x3, 0xa8, 0x42, 0xc0, 0x3f, 0x27,
    0x71, 0x43, 0x0, 0x34, 0x2a, 0x21, 0x9c, 0x3,
    0xe1, 0x19, 0x5, 0x0, 0x27, 0x71, 0x5d, 0x14,
    0x38, 0x7, 0xe3, 0x16, 0x0, 0xa2, 0x3, 0xe0,
    0x38, 0x31, 0x40, 0x1f, 0x50, 0x50, 0xd, 0xb8,
    0xe1, 0x0, 0x7, 0x9, 0x74, 0xc0, 0x39, 0xd0,
    0x8f, 0x90, 0xf0, 0x80, 0x31, 0x62, 0x16, 0x0,
    0x62, 0x13, 0x1, 0x38, 0xd, 0xff, 0xf7, 0x1c,
    0xd0, 0x6, 0x24, 0x73, 0x2c, 0x7a, 0x44, 0x80,
    0x8, 0x85, 0xc6, 0x50, 0xe, 0xb1, 0xf0, 0x9,
    0xae, 0xe2, 0xb, 0xb5, 0x20, 0x7, 0xe9, 0x33,
    0x0, 0x7f, 0xf2, 0x10, 0x12, 0x6e, 0xf8, 0x82,
    0xef, 0x9c, 0x3, 0xc4, 0x1c, 0xe8, 0x9c, 0x0,
    0x44, 0xeb, 0x0, 0xf2, 0x0, 0xf7, 0xff, 0x10,
    0x77, 0xfe, 0xc0, 0xc, 0xf7, 0x41, 0x80, 0x5,
    0x30, 0xc, 0x25, 0x22, 0x1, 0xf2, 0xc, 0x20,
    0x1d, 0x40, 0x7, 0xb, 0x68, 0x7, 0x9f, 0xf9,
    0xc0, 0x1e, 0x10, 0x1, 0xc6, 0xc7, 0x20, 0x1f,
    0xe7, 0x35, 0x30, 0xf, 0x49, 0x31, 0x80, 0x7e,
    0x48, 0x2b, 0x0, 0xfd, 0x21, 0x20, 0x1f, 0x84,
    0xbc, 0x40, 0x3f, 0x22, 0x8, 0x3, 0xf2, 0xe9,
    0x5, 0x5d, 0x88, 0x3, 0xae, 0x0, 0x4b, 0x40,
    0x3f, 0x12, 0x20, 0xa8, 0x3, 0xf6, 0xb8, 0x7,
    0xe8, 0xff, 0x6a, 0x80, 0x7c,

    /* U+96C6 "集" */
    0x0, 0xe3, 0x40, 0x8, 0x94, 0x3, 0xff, 0x84,
    0x79, 0x40, 0x15, 0xd2, 0x80, 0x7f, 0xf0, 0x7c,
    0x2c, 0x2, 0xa0, 0xb0, 0xf, 0xfe, 0x4, 0x18,
    0x57, 0xfd, 0x80, 0x3f, 0xfe, 0xe2, 0x0, 0x95,
    0xc1, 0x15, 0x72, 0x1, 0x2a, 0xf9, 0xc8, 0x0,
    0x94, 0x0, 0xba, 0xad, 0xe0, 0x95, 0x5e, 0x90,
    0x2, 0xd8, 0x5, 0xff, 0xd6, 0xd, 0xff, 0xdc,
    0x40, 0x9, 0xb, 0x20, 0x88, 0xe6, 0x3, 0x88,
    0xf1, 0x0, 0x33, 0x90, 0x0, 0xef, 0xda, 0xa,
    0xef, 0xcc, 0x1, 0x84, 0x2, 0xff, 0xeb, 0x6,
    0xff, 0xf1, 0x80, 0x7d, 0x11, 0xcc, 0x7, 0x11,
    0xd2, 0x60, 0x1f, 0x2b, 0xbe, 0xc0, 0x57, 0x7e,
    0x60, 0xf, 0xdb, 0xff, 0xa8, 0x1b, 0xff, 0xee,
    0x0, 0xd2, 0xef, 0xff, 0xc4, 0x80, 0xc, 0x91,
    0x1e, 0x54, 0x88, 0xfc, 0xc0, 0x95, 0x5f, 0xc4,
    0x75, 0x5f, 0xca, 0x6a, 0xbf, 0xc0, 0x5, 0x5f,
    0xed, 0x7f, 0xff, 0xe0, 0x1f, 0xff, 0xe8, 0x0,
    0xe2, 0x9b, 0x10, 0xc, 0x9d, 0x8e, 0x40, 0x1e,
    0x16, 0xbd, 0x6c, 0x10, 0xc, 0xae, 0x51, 0xb8,
    0xc2, 0xb, 0x9d, 0x2a, 0xfc, 0xe0, 0x1c, 0x33,
    0xd6, 0xa7, 0x3c, 0x2e, 0xb, 0x5d, 0x2, 0x1,
    0xfc, 0x95, 0xf3, 0x2, 0x59, 0x4a, 0x1, 0xe3,
    0x50, 0xf, 0x99, 0xc0,

    /* U+96F6 "零" */
    0x0, 0x1b, 0xc4, 0x7f, 0xf0, 0x9c, 0x80, 0x35,
    0xc3, 0xbf, 0xff, 0xa, 0x28, 0x3, 0x47, 0xff,
    0xc2, 0x2f, 0xff, 0xa0, 0x2, 0xcf, 0xff, 0xc2,
    0x2f, 0xff, 0xd8, 0x2, 0x65, 0x11, 0xf0, 0xc,
    0x47, 0x3c, 0x9, 0x88, 0x1, 0x99, 0x13, 0x80,
    0xae, 0x20, 0xea, 0x19, 0xe, 0xa4, 0x0, 0x10,
    0x11, 0x7d, 0x1e, 0x50, 0x6, 0x9b, 0xcb, 0xf2,
    0x70, 0x10, 0xcb, 0x1, 0xf, 0x5, 0x2, 0x30,
    0x53, 0xad, 0x40, 0x9c, 0x0, 0x18, 0xef, 0x5d,
    0x17, 0xb, 0x1, 0x76, 0x52, 0xdf, 0x11, 0x80,
    0x69, 0xae, 0xd9, 0x4f, 0x52, 0x82, 0x37, 0xce,
    0xa0, 0xf, 0x22, 0x84, 0x74, 0x1d, 0x4a, 0x6d,
    0xa8, 0xa, 0x0, 0x79, 0x6f, 0x9c, 0xe7, 0x55,
    0xba, 0x16, 0xbe, 0xdc, 0xc0, 0x9, 0x7f, 0x48,
    0xa4, 0x71, 0xdd, 0xa4, 0x0, 0xa9, 0x19, 0xf6,
    0xce, 0x93, 0xd5, 0xf1, 0x1f, 0xb2, 0xbe, 0xd9,
    0x3c, 0xb2, 0xc9, 0x9d, 0x44, 0x6e, 0xee, 0xb7,
    0x24, 0x9b, 0x40, 0xa, 0x62, 0x3c, 0xef, 0xe8,
    0x90, 0xf, 0xb7, 0xff, 0xfc, 0xe0, 0x32, 0x1,
    0xff, 0x64, 0x90, 0x0, 0x69, 0xc7, 0x8, 0x3,
    0xfe, 0x56, 0xda, 0x6f, 0x54, 0xf2, 0x0, 0xff,
    0xe0, 0x4e, 0xb2, 0xc8, 0xb5, 0x88, 0x7, 0xff,
    0x8, 0xa7, 0x98, 0x1a, 0x80, 0x3f, 0xf8, 0xa3,
    0x3a, 0xa2, 0x1, 0xf0,

    /* U+9700 "需" */
    0x0, 0x23, 0xbf, 0xff, 0x11, 0x80, 0x34, 0xc4,
    0x7f, 0xf1, 0x24, 0x40, 0x2d, 0xff, 0xf8, 0x7,
    0xff, 0xf0, 0x80, 0x11, 0xe2, 0x3e, 0x1, 0x88,
    0xfc, 0xe0, 0xb, 0x87, 0x7f, 0x80, 0xe, 0xff,
    0xa1, 0x40, 0x7, 0xf1, 0x5d, 0xff, 0x0, 0xff,
    0xdb, 0xf, 0xe8, 0x6, 0x1, 0xe, 0xd7, 0x5a,
    0x0, 0x65, 0xcd, 0x92, 0x11, 0x0, 0x67, 0x1a,
    0xfb, 0x21, 0x0, 0xeb, 0xce, 0xa1, 0x0, 0xcf,
    0xa0, 0x1, 0xf, 0x10, 0xd, 0xbe, 0xa6, 0x0,
    0xf4, 0x40, 0x43, 0x57, 0xf5, 0xc6, 0x0, 0xc,
    0x38, 0x6f, 0x3d, 0xd6, 0xc8, 0x2, 0x98, 0xbe,
    0xe4, 0x5, 0xf0, 0x34, 0xef, 0x49, 0x80, 0x43,
    0xdf, 0x91, 0x7d, 0xff, 0x5e, 0x7f, 0xee, 0x9b,
    0xff, 0x40, 0xba, 0xaf, 0xc8, 0x2, 0xab, 0xfd,
    0xa1, 0x35, 0x5f, 0x68, 0x4d, 0x57, 0xf2, 0x80,
    0xa, 0xab, 0xd6, 0x19, 0x55, 0xf4, 0x80, 0x6a,
    0x55, 0xf1, 0x2, 0x2a, 0xfc, 0xc6, 0x1, 0xd7,
    0xfe, 0xa0, 0x8f, 0xf7, 0x2, 0x7f, 0xc8, 0x1,
    0xff, 0xcb, 0x10, 0xf, 0xfe, 0xda, 0x3b, 0x0,
    0x77, 0x3, 0x0, 0x18, 0x4c, 0x0, 0x22, 0x30,
    0xd8, 0x22, 0x80, 0x26, 0xe2, 0x0, 0x1f, 0x20,
    0x5, 0xd0, 0x13, 0xdb, 0xa0, 0x0,

    /* U+971C "霜" */
    0x0, 0x33, 0xbf, 0xff, 0x11, 0x80, 0x22, 0x98,
    0x8f, 0xfe, 0x24, 0x90, 0x0, 0xbf, 0xfe, 0xe0,
    0x2f, 0xff, 0xc4, 0x0, 0x45, 0x5f, 0x9c, 0xd,
    0x57, 0xf2, 0x1, 0xdd, 0x57, 0xd2, 0x3, 0x55,
    0xfa, 0xc9, 0xc1, 0x3c, 0xcd, 0x1b, 0xfc, 0x5,
    0xfe, 0xe8, 0x31, 0xe5, 0x1, 0x0, 0xdc, 0x95,
    0xae, 0x1, 0x9f, 0xa5, 0x74, 0x40, 0x27, 0x1,
    0x0, 0x65, 0x1e, 0x80, 0x6a, 0x7, 0xf1, 0x3,
    0x1, 0x3c, 0xba, 0xdb, 0x97, 0xc1, 0x1, 0xe,
    0x83, 0xbd, 0xa8, 0xb2, 0x3, 0x1b, 0xb7, 0x72,
    0xd8, 0x33, 0x80, 0xde, 0xb7, 0x50, 0x28, 0x1,
    0x85, 0x75, 0x40, 0x23, 0x78, 0x8e, 0xaa, 0x41,
    0x80, 0x4, 0x64, 0x3c, 0x11, 0x0, 0x29, 0xd9,
    0xb9, 0xdd, 0xe0, 0xfd, 0xd5, 0x3, 0x77, 0x3c,
    0xc0, 0xbb, 0xbc, 0x1, 0x2c, 0x44, 0x20, 0x71,
    0x9, 0x20, 0x2, 0x27, 0x80, 0x22, 0x77, 0x18,
    0x83, 0xbc, 0xc0, 0x2, 0xbb, 0xea, 0x0, 0xf4,
    0x80, 0x13, 0x48, 0x2, 0x2e, 0xee, 0xd0, 0xe,
    0xa2, 0x60, 0x33, 0x6b, 0x0, 0x44, 0x5c, 0xc0,
    0x1a, 0x15, 0x5a, 0x9, 0x83, 0x26, 0x5, 0x99,
    0xd6, 0x1, 0x4b, 0x9d, 0x0, 0x45, 0xf4, 0x60,
    0x5b, 0xbd, 0x80, 0x11, 0xa6, 0x80, 0x70, 0xa8,
    0x4, 0x45, 0xe0, 0xa, 0xac, 0x40, 0x3e, 0x10,
    0x37, 0x7e, 0x90, 0xf, 0x94, 0x74, 0x3, 0x10,
    0xc4, 0x73, 0x82, 0x80,

    /* U+9752 "青" */
    0x0, 0xff, 0x19, 0x0, 0x7f, 0xf2, 0x33, 0xc0,
    0x3f, 0xe1, 0xef, 0xff, 0x80, 0xbf, 0xfe, 0xd0,
    0x8, 0x59, 0xbf, 0x0, 0x19, 0xbe, 0xa0, 0xd,
    0x13, 0x3f, 0x0, 0xcc, 0xfc, 0xe0, 0x18, 0xfb,
    0xff, 0xc0, 0x3f, 0xfe, 0xe0, 0xe, 0x26, 0x77,
    0xe6, 0x0, 0x3b, 0xfa, 0x40, 0x38, 0x62, 0x3d,
    0x20, 0x31, 0x1e, 0x70, 0x9, 0x26, 0x7f, 0x80,
    0x66, 0x7f, 0x87, 0x59, 0xbf, 0x80, 0xc, 0xdf,
    0x9c, 0xe7, 0xff, 0xff, 0x8f, 0xc4, 0x1, 0x17,
    0x7f, 0xff, 0xf0, 0x38, 0x40, 0x3c, 0xe2, 0x4e,
    0xff, 0xe2, 0x15, 0x0, 0xf1, 0x82, 0x44, 0x7f,
    0x90, 0x3, 0xfc, 0xdf, 0xff, 0xe6, 0x0, 0xff,
    0x1c, 0x47, 0xf8, 0xc0, 0x3f, 0xca, 0xef, 0xfe,
    0x50, 0xf, 0xc2, 0xd, 0xff, 0xfe, 0x60, 0xf,
    0xdc, 0xd, 0x11, 0xfe, 0x30, 0xf, 0xc4, 0x16,
    0xef, 0xfe, 0x50, 0xf, 0x85, 0x4, 0x80, 0x3f,
    0xf8, 0xd2, 0xe, 0x1, 0xfa, 0x6a, 0x8e, 0xe,
    0x1, 0xd8, 0x36, 0x1, 0xf8, 0xd1, 0x6, 0xe6,
    0x1, 0x0,

    /* U+9759 "静" */
    0x0, 0xe1, 0x50, 0xf, 0x84, 0xc0, 0x3f, 0xf8,
    0x2d, 0x48, 0x1, 0xea, 0xc2, 0x0, 0xfc, 0x2a,
    0xb6, 0x86, 0x2a, 0xc0, 0x2, 0x42, 0x64, 0x40,
    0x80, 0x73, 0x55, 0x4a, 0xf, 0x55, 0x28, 0x58,
    0x15, 0xdd, 0xc4, 0x1, 0x9f, 0x76, 0x60, 0x9d,
    0xd9, 0x49, 0x96, 0xa8, 0xc0, 0x44, 0x0, 0xe4,
    0x55, 0x10, 0x62, 0xa9, 0xc3, 0xca, 0x95, 0x60,
    0xe0, 0xf, 0x44, 0x48, 0xb, 0x10, 0x99, 0x17,
    0x0, 0x14, 0xdc, 0xc0, 0x3d, 0xdf, 0xe7, 0xb,
    0xff, 0x66, 0x3, 0x3f, 0xd4, 0xf, 0xfe, 0x80,
    0x9, 0xa2, 0x24, 0xe, 0x88, 0x86, 0xd1, 0x2,
    0x6, 0x86, 0x6, 0x1, 0x5b, 0xbc, 0x60, 0xae,
    0xf6, 0x25, 0xd9, 0x3, 0xaf, 0x1, 0xc0, 0x2d,
    0xff, 0xfe, 0x80, 0xf, 0xfe, 0x13, 0x7f, 0xfc,
    0x95, 0xff, 0x28, 0x6f, 0xf8, 0xf, 0x84, 0x1,
    0xe0, 0xae, 0xf2, 0x81, 0xfa, 0xac, 0x20, 0x8a,
    0xa0, 0x17, 0x10, 0xd, 0x11, 0xa4, 0x3d, 0x6a,
    0xa4, 0x9, 0xaa, 0x1, 0x48, 0x7, 0x6f, 0xfd,
    0x80, 0x1f, 0xfc, 0x77, 0x88, 0x98, 0x2, 0x7c,
    0xd5, 0xf, 0xdd, 0x3, 0x80, 0x7a, 0x9d, 0xea,
    0x0, 0xe1, 0x10, 0x0, 0x44, 0x7a, 0x1, 0xed,
    0xff, 0xb0, 0x2, 0x7c, 0xc2, 0x7, 0xe6, 0x4c,
    0x1, 0xe7, 0x88, 0x98, 0x3, 0xff, 0x8f, 0x4e,
    0xf5, 0x0, 0x7f, 0xf5, 0xc, 0x3, 0xff, 0x80,
    0x93, 0x1, 0xc0, 0xb9, 0x85, 0x1, 0x0, 0xfd,
    0xe4, 0x40, 0x3, 0xaa, 0x38, 0x38, 0x91, 0x24,
    0x3, 0xe0,

    /* U+9762 "面" */
    0x1d, 0xee, 0xff, 0xe4, 0x69, 0x98, 0x84, 0x7f,
    0xf9, 0x4, 0xe5, 0xff, 0xfc, 0xc0, 0x7f, 0xff,
    0xe4, 0x0, 0xff, 0x28, 0x50, 0x7, 0xff, 0x24,
    0xc1, 0xc0, 0x3f, 0xf8, 0x37, 0xdd, 0xf0, 0x3,
    0xfb, 0xbf, 0x60, 0x4, 0x28, 0x23, 0xf0, 0x0,
    0x47, 0xf8, 0xc8, 0x3, 0xf, 0xfc, 0xa1, 0x7f,
    0xfa, 0x2, 0x7f, 0xe1, 0x0, 0xff, 0xf8, 0x5f,
    0xfe, 0x80, 0xf, 0xfe, 0x32, 0x2a, 0xe3, 0x0,
    0xff, 0xe3, 0x7d, 0x56, 0xb0, 0xf, 0xfe, 0xf4,
    0x5d, 0xea, 0x0, 0xff, 0xe3, 0x1a, 0x26, 0x20,
    0xf, 0xfe, 0x35, 0xff, 0xe8, 0x0, 0xff, 0xf8,
    0xf, 0x74, 0xa1, 0x5d, 0xda, 0x2, 0x7b, 0xa1,
    0x0, 0xc2, 0x40, 0x23, 0x0, 0x4, 0x78, 0x2,
    0x11, 0x80, 0x48, 0x0,

    /* U+97F3 "音" */
    0x0, 0xff, 0x90, 0x40, 0x3f, 0xf9, 0x2b, 0x78,
    0x1, 0xff, 0xc9, 0x40, 0x25, 0x0, 0xff, 0xe0,
    0x47, 0xff, 0xdc, 0x0, 0xaf, 0xff, 0xac, 0x3,
    0x69, 0x9f, 0xff, 0x1c, 0x3, 0x2e, 0x64, 0x21,
    0x99, 0xf9, 0x8f, 0xf3, 0x10, 0x1, 0xfc, 0x70,
    0x1, 0xe3, 0x50, 0x20, 0xf, 0xfa, 0x81, 0x80,
    0x3d, 0x20, 0xc2, 0x1, 0xf1, 0x16, 0x40, 0x1,
    0x17, 0x94, 0x28, 0x8b, 0x0, 0x5f, 0xbb, 0xb0,
    0x7, 0x77, 0xc0, 0xc, 0xdd, 0xde, 0x20, 0xc8,
    0x9f, 0xfc, 0x86, 0x10, 0x9b, 0xbf, 0xfe, 0x44,
    0x80, 0x72, 0x55, 0xdf, 0xff, 0x2, 0x98, 0x3,
    0xf7, 0x2a, 0x27, 0xff, 0x1, 0x64, 0x3, 0xf0,
    0x85, 0x7f, 0xff, 0xb0, 0x3, 0xff, 0x80, 0x20,
    0x1f, 0xe2, 0x0, 0xff, 0xe0, 0x8, 0xff, 0xc4,
    0x1, 0xff, 0xc0, 0xae, 0xef, 0xf6, 0x0, 0x7f,
    0xf0, 0x15, 0xdf, 0xfc, 0xc0, 0x1f, 0xfc, 0xe,
    0x88, 0xff, 0x80, 0x3f, 0xfa, 0xc2, 0x13, 0x77,
    0xfe, 0xd0, 0xf, 0xf6, 0x81, 0x22, 0x7f, 0x8c,
    0x10, 0x3, 0x0,

    /* U+9810 "預" */
    0x0, 0x84, 0x62, 0x28, 0x0, 0x23, 0xff, 0x0,
    0x4d, 0xfd, 0xd6, 0xed, 0xed, 0xdd, 0xff, 0x60,
    0x1, 0x57, 0xc6, 0x2, 0x8e, 0xcd, 0x20, 0x13,
    0x36, 0x90, 0x1, 0xd5, 0x70, 0x85, 0x14, 0x4c,
    0xc4, 0x15, 0x33, 0x94, 0x2, 0x7f, 0x92, 0xc2,
    0x84, 0x0, 0x3c, 0x41, 0x3, 0xa2, 0x25, 0x0,
    0xca, 0x6d, 0xa7, 0xe, 0x0, 0x68, 0x77, 0x10,
    0x33, 0xbd, 0x40, 0x18, 0xb2, 0x40, 0x1e, 0x1,
    0xd3, 0xff, 0xe3, 0x1, 0x0, 0xe6, 0xd2, 0x75,
    0x0, 0xc6, 0x1, 0xff, 0x4d, 0xdd, 0x22, 0x11,
    0x94, 0x0, 0x8c, 0xcf, 0x18, 0x6, 0x44, 0xe3,
    0x2, 0x34, 0x0, 0xb, 0x37, 0x84, 0x3, 0x6f,
    0xfb, 0x41, 0x3f, 0x81, 0xc0, 0x13, 0x55, 0xe2,
    0x0, 0xff, 0x98, 0x28, 0x0, 0x60, 0x1f, 0xfc,
    0x6a, 0x23, 0x0, 0x4f, 0xff, 0x8c, 0x3, 0xfe,
    0x49, 0x0, 0x96, 0x23, 0xc4, 0x1, 0xff, 0x4a,
    0x0, 0x5e, 0xef, 0xe1, 0x0, 0xff, 0xe2, 0x73,
    0xbf, 0x88, 0x4, 0x3, 0xff, 0x80, 0x40, 0x91,
    0x1e, 0x12, 0x0, 0xff, 0xe0, 0xa7, 0xee, 0x7f,
    0xdd, 0xbf, 0xa0, 0x1f, 0xfc, 0x24, 0xcc, 0x18,
    0x3, 0x36, 0x0, 0x3f, 0xf8, 0x23, 0x56, 0x2a,
    0x60, 0x9, 0x17, 0xc1, 0x0, 0xaf, 0x3c, 0x4,
    0x0, 0xfc, 0xa3, 0x54, 0x0, 0x93, 0xcc, 0xd8,
    0x1, 0x9, 0x91, 0xc0, 0x0, 0x44, 0xfe, 0xa0,
    0x1c, 0x38, 0xa8, 0x0,

    /* U+9875 "页" */
    0x0, 0xff, 0xe5, 0xf, 0xff, 0xff, 0x21, 0x5,
    0xc, 0xfe, 0x20, 0x1, 0x9f, 0xf3, 0x5, 0xe6,
    0x7c, 0x80, 0xf9, 0x9f, 0xc4, 0x1, 0xf8, 0x58,
    0x64, 0x3, 0xff, 0x82, 0xf7, 0x99, 0x80, 0x1b,
    0x99, 0xea, 0x0, 0xf5, 0x21, 0x9c, 0x40, 0x26,
    0x7f, 0x29, 0x0, 0x71, 0x87, 0x7f, 0xff, 0xc2,
    0x1, 0xfc, 0x20, 0x19, 0x5c, 0x3, 0xff, 0x91,
    0x70, 0x1, 0xff, 0xc8, 0x10, 0xf, 0xff, 0xf8,
    0x7, 0xfc, 0x40, 0x40, 0x1f, 0xfc, 0x13, 0x0,
    0xe8, 0x5, 0x2, 0x0, 0x8c, 0xc, 0x3, 0xa6,
    0x40, 0x14, 0x29, 0x44, 0x37, 0x4a, 0x13, 0x42,
    0x1, 0xc8, 0xc0, 0x78, 0xe3, 0xe1, 0x2e, 0x55,
    0xa4, 0xa0, 0x1e, 0x16, 0xcc, 0x1a, 0xf9, 0x0,
    0xc7, 0x39, 0x4e, 0xa8, 0x0, 0xa7, 0x7a, 0x4d,
    0x32, 0x84, 0x3, 0xc, 0x73, 0x15, 0x58, 0x1,
    0xcd, 0x67, 0xac, 0xc0, 0x3f, 0xc, 0xe1, 0x80,
    0xb, 0xb9, 0x4c, 0x20, 0x1f, 0xfc, 0x3, 0xcb,
    0x0,

    /* U+9876 "顶" */
    0x0, 0xfe, 0x16, 0x6f, 0xf9, 0x2, 0x33, 0x3e,
    0x99, 0xff, 0xe0, 0xd0, 0x21, 0x9f, 0xcf, 0x35,
    0x59, 0x41, 0x6a, 0xb6, 0x86, 0x7f, 0xc0, 0x3f,
    0xee, 0x15, 0x5c, 0xc1, 0x2a, 0xb8, 0xc0, 0x3f,
    0xf8, 0x4, 0x51, 0x80, 0x91, 0x42, 0x1, 0xff,
    0xc0, 0xad, 0xd8, 0x1, 0xbb, 0xbc, 0x3, 0xff,
    0x80, 0xc0, 0x8a, 0xbe, 0x1, 0x10, 0x7, 0xff,
    0x6, 0xab, 0xe3, 0x0, 0xff, 0xe3, 0x75, 0x0,
    0x7f, 0xf2, 0x4, 0x4e, 0x1, 0xff, 0xf8, 0x10,
    0xf, 0xfe, 0x41, 0x80, 0x7f, 0xf2, 0x98, 0x14,
    0x3, 0xff, 0x88, 0xc0, 0x21, 0xa1, 0x80, 0x7,
    0x1, 0x0, 0xff, 0xab, 0x80, 0x98, 0x50, 0xc2,
    0xf8, 0x3, 0xff, 0x82, 0x25, 0xe1, 0x71, 0x96,
    0x22, 0x0, 0xe2, 0x3, 0x0, 0xe7, 0xd2, 0x75,
    0x96, 0x4e, 0x50, 0x2, 0xff, 0xb4, 0x18, 0x2,
    0x8e, 0x80, 0x98, 0x0, 0x4d, 0x8d, 0x38, 0x2a,
    0x8c, 0xcd, 0x40, 0x12, 0x83, 0xf3, 0x0, 0x64,
    0xc2, 0xf0, 0x5, 0x66, 0x24, 0x40, 0x2d, 0xe8,
    0x10, 0xf, 0x16, 0xc0, 0x0,

    /* U+987B "须" */
    0x0, 0xe6, 0x50, 0x1, 0x17, 0xfc, 0x20, 0x1c,
    0xf3, 0x1, 0xbb, 0xff, 0xc0, 0xe4, 0x0, 0x9e,
    0x7, 0xc2, 0xd5, 0x71, 0x1, 0x2a, 0xe6, 0x50,
    0x4, 0xc0, 0xe1, 0x3, 0x55, 0x61, 0x9, 0xaa,
    0xd2, 0x22, 0xc6, 0x1c, 0x20, 0xc, 0x45, 0x18,
    0x31, 0x14, 0x20, 0x10, 0xa7, 0x90, 0x6, 0xad,
    0xd8, 0x1, 0xbb, 0xb8, 0xc0, 0x76, 0xc4, 0x0,
    0x60, 0x6, 0x4, 0x55, 0xf0, 0x83, 0x0, 0x7a,
    0x32, 0x0, 0x2a, 0xaf, 0x90, 0x3, 0xe8, 0x71,
    0x90, 0xf, 0x5b, 0x0, 0x7f, 0x53, 0x8e, 0x8,
    0x7, 0x12, 0x50, 0x7, 0xc5, 0xaa, 0x5e, 0x40,
    0x1f, 0xfc, 0x33, 0xd2, 0x5d, 0x10, 0xf, 0xfe,
    0x21, 0xbd, 0x50, 0x3, 0xff, 0x8f, 0xa, 0x1,
    0x22, 0x80, 0x7c, 0xe0, 0x1f, 0xf1, 0xdd, 0x0,
    0x73, 0x1, 0x0, 0x7f, 0x8b, 0x42, 0x40, 0x3b,
    0x43, 0x0, 0x6, 0x2, 0x1, 0x8f, 0x5, 0xd8,
    0x3b, 0x4, 0x98, 0x95, 0x6, 0x2d, 0x0, 0x26,
    0xc1, 0x78, 0x0, 0x11, 0x97, 0x84, 0x95, 0xf4,
    0xa0, 0x0, 0xb2, 0x42, 0xa0, 0x3, 0x3e, 0x94,
    0x21, 0x62, 0x3f, 0x28, 0x51, 0x9b, 0x54, 0x0,
    0x31, 0xd0, 0x36, 0xe0, 0x3, 0xba, 0xa, 0x98,
    0xdc, 0x20, 0x8, 0xd8, 0xa7, 0x90, 0x3, 0x97,
    0xd4, 0x40,

    /* U+9882 "颂" */
    0x0, 0x8f, 0x8, 0x21, 0x80, 0x9, 0x33, 0xfe,
    0x60, 0xa, 0x8d, 0x81, 0x64, 0x1, 0xcc, 0xdf,
    0xeb, 0x0, 0x94, 0x10, 0x14, 0x14, 0x2b, 0xbb,
    0x8, 0x6f, 0x75, 0xa0, 0x11, 0x90, 0x2, 0xc3,
    0xc0, 0x2, 0x31, 0x8a, 0x10, 0x8c, 0x1, 0x28,
    0x28, 0x0, 0xc9, 0x40, 0x22, 0x22, 0x1, 0x91,
    0x40, 0x1b, 0xc2, 0xc0, 0x24, 0x4, 0xc, 0xdd,
    0x48, 0x3e, 0xed, 0xc0, 0x1, 0x52, 0x30, 0xb,
    0x3, 0x0, 0x81, 0x57, 0xc2, 0x30, 0x48, 0x50,
    0x6, 0x40, 0x40, 0x1, 0xd5, 0x79, 0x40, 0x27,
    0x16, 0xd, 0x90, 0x12, 0x20, 0x7, 0x56, 0x0,
    0x7a, 0x6c, 0x4c, 0x88, 0x0, 0xec, 0x0, 0xe7,
    0x30, 0xf, 0x32, 0x82, 0x6, 0x80, 0xc, 0x80,
    0x3f, 0xf8, 0x96, 0xe, 0x1, 0xff, 0xc7, 0x23,
    0x30, 0xcc, 0x80, 0x3f, 0xf8, 0xb4, 0x14, 0x6,
    0xc6, 0x1, 0xe3, 0x10, 0xf, 0xcc, 0x2c, 0x1c,
    0x14, 0x1, 0xe1, 0x20, 0xf, 0x94, 0x58, 0x0,
    0x82, 0xc0, 0x1c, 0x80, 0xa0, 0x1, 0x1, 0x0,
    0x48, 0x50, 0x12, 0x10, 0x28, 0x6f, 0x7, 0x86,
    0x88, 0x5e, 0x0, 0x18, 0xc3, 0x3f, 0x6c, 0xc3,
    0xc0, 0xc9, 0x50, 0xdb, 0xb0, 0xcc, 0x0, 0xc0,
    0x1, 0xac, 0xe7, 0x8a, 0x0, 0x1e, 0x83, 0x8a,
    0x8f, 0x58, 0x1, 0x17, 0xfb, 0x4c, 0x61, 0xba,
    0x4c, 0x81, 0xc2, 0x5, 0xd3, 0x98, 0x2, 0x40,
    0xf, 0x19, 0xb4, 0x9f, 0xcc, 0x2, 0x2c, 0x5f,

    /* U+9884 "预" */
    0x0, 0x84, 0x71, 0x10, 0x2, 0x22, 0xff, 0x0,
    0x4d, 0xfd, 0xdb, 0x75, 0xe5, 0xbb, 0xff, 0x70,
    0x1, 0x57, 0xc6, 0x2, 0x70, 0xcd, 0x80, 0xa,
    0xcd, 0x40, 0x0, 0xea, 0xb8, 0x1, 0x62, 0xb3,
    0x34, 0x0, 0xd4, 0xcc, 0xc0, 0x12, 0xe1, 0x5,
    0x1b, 0x28, 0x4, 0x44, 0x60, 0x72, 0x28, 0x3,
    0x84, 0xf6, 0xd5, 0x52, 0x1, 0x76, 0xea, 0x1,
    0xb7, 0x6e, 0x0, 0xc9, 0xa6, 0x83, 0x60, 0x10,
    0x8c, 0xab, 0xe0, 0x11, 0x0, 0x62, 0xc8, 0x1f,
    0x40, 0xc, 0xb5, 0x4b, 0xaa, 0x88, 0x3, 0x45,
    0xdd, 0x82, 0x29, 0xb9, 0x0, 0xef, 0xb0, 0xf,
    0x99, 0x13, 0x8, 0x12, 0x38, 0x7, 0xb, 0x0,
    0x7d, 0xdf, 0xed, 0x4, 0xfd, 0x4, 0x0, 0xff,
    0xe4, 0xa8, 0x70, 0x7, 0xff, 0x1c, 0x42, 0x89,
    0x0, 0x3c, 0x20, 0x1f, 0xfc, 0x27, 0x80, 0xe,
    0x10, 0x70, 0xf, 0xfe, 0x15, 0x28, 0x7, 0x10,
    0x10, 0x7, 0xff, 0x0, 0xc0, 0x30, 0x80, 0x85,
    0x7, 0x80, 0x4, 0x4, 0x3, 0xff, 0x83, 0xb6,
    0x4c, 0xc, 0x0, 0xdd, 0x0, 0x7f, 0xf0, 0x88,
    0x3c, 0x20, 0xfe, 0x80, 0x80, 0x3f, 0xf8, 0x4b,
    0xe4, 0xae, 0x6c, 0xbe, 0x60, 0x1f, 0x84, 0x2,
    0x5c, 0xa1, 0x7a, 0x0, 0x4c, 0x87, 0x14, 0x2,
    0xcd, 0xc0, 0xe, 0xc2, 0x6d, 0x80, 0xc, 0xd8,
    0x24, 0x1, 0x29, 0x2, 0x50, 0x5, 0x3d, 0x24,
    0x1, 0xe3, 0xe7, 0x0,

    /* U+9898 "题" */
    0x1, 0x9a, 0xaf, 0x28, 0x34, 0x47, 0xf2, 0x83,
    0xb2, 0x3b, 0xe5, 0xb0, 0x87, 0x7f, 0xe9, 0x0,
    0xaf, 0x77, 0x8, 0x3, 0xbf, 0xe1, 0xe, 0xff,
    0xb0, 0x2, 0xc6, 0x6c, 0x20, 0x1c, 0x62, 0xa2,
    0x1, 0xf3, 0x4c, 0xe0, 0xc, 0xd1, 0x0, 0x18,
    0x88, 0xc0, 0x34, 0xf7, 0x61, 0x0, 0xc, 0xba,
    0x8a, 0xb3, 0xbb, 0xc0, 0x37, 0x2a, 0xe1, 0x0,
    0x18, 0x3f, 0x76, 0xf0, 0xc, 0x40, 0xf7, 0x78,
    0x8, 0x3, 0x97, 0xc4, 0x3, 0x93, 0x77, 0xec,
    0x0, 0xe2, 0x3, 0x0, 0xf1, 0x17, 0xc0, 0x1e,
    0xf0, 0x30, 0xd, 0x5f, 0xff, 0xdc, 0x1, 0x88,
    0x4, 0x3, 0x74, 0x3b, 0xc0, 0x4e, 0xf4, 0x0,
    0x66, 0x10, 0xe, 0x47, 0xea, 0x80, 0x68, 0x89,
    0x80, 0x31, 0x10, 0x3, 0xe9, 0xa0, 0x3, 0x3b,
    0xc4, 0x60, 0x3, 0x14, 0x0, 0x8, 0x4, 0x41,
    0xe0, 0x2, 0x88, 0xa8, 0x62, 0xa0, 0x2e, 0xe,
    0xfc, 0x0, 0x20, 0x19, 0x3f, 0xe8, 0x7, 0x54,
    0x72, 0x5c, 0xd3, 0x0, 0x28, 0x41, 0x0, 0x7d,
    0x10, 0x38, 0x1d, 0x57, 0xb0, 0x7, 0x82, 0x78,
    0x7, 0x3f, 0xba, 0xe0, 0x5, 0x4e, 0x8e, 0xe,
    0x94, 0x20, 0xa8, 0x0, 0x26, 0xca, 0x0, 0xe8,
    0xa6, 0x71, 0xd1, 0xc7, 0x1b, 0xfe, 0x92, 0x9a,
    0xaf, 0xbe, 0x6c, 0x98, 0x1, 0x1d, 0x4c, 0xa2,
    0xab, 0xfe, 0xc, 0xc0, 0x6, 0x15, 0x9b, 0xde,
    0xff, 0xfe, 0x80,

    /* U+989C "颜" */
    0x0, 0xf1, 0x80, 0x7f, 0xf2, 0x4f, 0x1c, 0x3,
    0xff, 0x90, 0x43, 0x20, 0x1a, 0x3b, 0xff, 0xee,
    0x80, 0x3f, 0xfb, 0x84, 0x5f, 0xf6, 0x6a, 0x2a,
    0x90, 0xd, 0x54, 0x98, 0x4, 0xca, 0x6a, 0xb9,
    0x11, 0x6b, 0x55, 0x18, 0x6d, 0x54, 0x80, 0x33,
    0xa7, 0x15, 0x4b, 0x41, 0x70, 0xc, 0xca, 0x20,
    0x1f, 0x30, 0x40, 0x2, 0x43, 0x80, 0x73, 0xb8,
    0x29, 0xdc, 0xd9, 0x0, 0xc2, 0xc0, 0x1, 0x63,
    0x40, 0x23, 0x32, 0xa2, 0xac, 0x4e, 0x1, 0x57,
    0xb2, 0xff, 0x9, 0xfd, 0x80, 0x2e, 0xef, 0xbb,
    0x20, 0x80, 0x4e, 0xc, 0xdf, 0x70, 0x6, 0x5b,
    0x20, 0xf, 0x86, 0x67, 0x7b, 0x1a, 0x80, 0x7f,
    0xf1, 0x53, 0x24, 0xec, 0x3, 0x8c, 0x3, 0xfc,
    0xfd, 0x65, 0x18, 0x20, 0x1f, 0xfc, 0x33, 0x24,
    0x9e, 0x79, 0xc1, 0x0, 0xc2, 0x6, 0x1, 0xe3,
    0x5, 0xa6, 0x1b, 0x65, 0x10, 0xd, 0xe0, 0x20,
    0x1f, 0xc3, 0x1c, 0x93, 0x20, 0xe, 0x21, 0x0,
    0xf8, 0x45, 0x5c, 0xeb, 0xcd, 0x6, 0x0, 0x30,
    0x42, 0x0, 0x8, 0x80, 0x2, 0xc, 0xb, 0x94,
    0x36, 0xe8, 0x74, 0xa4, 0x28, 0x0, 0x8d, 0x0,
    0x10, 0x1d, 0x50, 0xd3, 0x51, 0x9c, 0x14, 0x28,
    0x2e, 0xd0, 0x46, 0x0, 0x50, 0xf0, 0x2a, 0xb2,
    0x89, 0x0, 0x91, 0xd0, 0xc5, 0xf0, 0x40, 0x1a,
    0x0, 0xcd, 0x54, 0xd7, 0x0, 0x9e, 0xca, 0x82,
    0x9c, 0xf0, 0x41, 0x0, 0x88, 0xb7, 0x62, 0x1,
    0x9e, 0x83, 0xc1, 0x0, 0x43, 0x95, 0x83, 0xb9,
    0x3a, 0x90, 0x2, 0x26, 0x2a, 0xc1, 0x0, 0xd0,
    0xfa,

    /* U+989D "额" */
    0x0, 0xff, 0xe7, 0xbf, 0xa0, 0x7, 0xff, 0x21,
    0x2, 0x44, 0x2, 0x7e, 0xef, 0xe9, 0x5, 0xff,
    0xb0, 0xb, 0xbf, 0xda, 0x24, 0x66, 0x1, 0x3,
    0x38, 0x40, 0x81, 0x19, 0xbc, 0x24, 0xd9, 0xba,
    0x70, 0xcd, 0xda, 0x0, 0x29, 0x97, 0x54, 0xcc,
    0x80, 0x1c, 0xe6, 0x40, 0x1c, 0x8c, 0x4f, 0xa,
    0x2, 0x2e, 0x71, 0xcd, 0xd0, 0x96, 0xed, 0x20,
    0x3, 0x91, 0x90, 0x9f, 0xee, 0x44, 0x14, 0xcc,
    0x4, 0x60, 0x2, 0x60, 0x8, 0x74, 0x5d, 0xe3,
    0x7, 0x1, 0xb, 0xdd, 0xe3, 0x0, 0x8f, 0xe,
    0x65, 0x14, 0x41, 0x20, 0x1c, 0x9e, 0x20, 0x1d,
    0x47, 0x53, 0xd3, 0x83, 0x44, 0x1, 0xc6, 0x4,
    0x1, 0xd3, 0xcb, 0x60, 0xc2, 0x8a, 0x1, 0xef,
    0x1, 0x0, 0xf8, 0xbc, 0x4, 0x49, 0xaa, 0x1,
    0xff, 0xc1, 0x3a, 0xd4, 0x47, 0xf3, 0x95, 0x50,
    0x3, 0x8, 0x18, 0x7, 0x42, 0x8c, 0xd8, 0x84,
    0x6a, 0xf8, 0x6, 0x20, 0x10, 0xe, 0x9a, 0x29,
    0xff, 0xdb, 0xa5, 0x0, 0xcc, 0x40, 0x1e, 0x25,
    0x31, 0x66, 0x94, 0x30, 0x4, 0x4, 0x9, 0x80,
    0xe, 0x1, 0xe2, 0x99, 0xac, 0x2, 0x4a, 0x45,
    0xc, 0x20, 0x9c, 0x0, 0xff, 0xe1, 0x28, 0x48,
    0x2e, 0xe1, 0x98, 0x3, 0xff, 0x86, 0xe6, 0xc4,
    0xe7, 0xe6, 0x1, 0xc7, 0xff, 0x70, 0x6, 0x88,
    0x14, 0x4, 0x48, 0xe2, 0x0, 0x52, 0xab, 0xef,
    0x4e, 0x72, 0xf1, 0x0, 0x35, 0x85, 0x80, 0x4d,
    0x55, 0xe4, 0x30, 0x7d, 0x20, 0xc, 0x96, 0xe0,

    /* U+98CE "风" */
    0x0, 0xc2, 0x3f, 0xfc, 0x20, 0xf, 0xdd, 0xdf,
    0xfc, 0x3d, 0x0, 0xf0, 0x88, 0xc, 0xff, 0xf8,
    0x0, 0x42, 0x1, 0xf1, 0x66, 0x7f, 0xf0, 0xc,
    0x3, 0xff, 0x8c, 0x6e, 0x1, 0xff, 0xc2, 0x46,
    0x0, 0xee, 0x80, 0xf, 0xfe, 0x17, 0x4c, 0x0,
    0x46, 0x4a, 0x1, 0xff, 0xc2, 0xb2, 0x77, 0x0,
    0x24, 0x38, 0x0, 0xe0, 0x1f, 0xf0, 0xf8, 0xc2,
    0x9a, 0x92, 0x0, 0x7f, 0xf0, 0xcb, 0x42, 0xbc,
    0x20, 0x3, 0xfe, 0x30, 0x10, 0x8, 0xe4, 0xc,
    0xca, 0x1, 0x8, 0x7, 0xc2, 0xe, 0x1, 0x98,
    0x41, 0xc0, 0x3c, 0x60, 0x1c, 0xe0, 0x20, 0x1a,
    0x44, 0x11, 0x80, 0x23, 0x1, 0x0, 0xe3, 0x2,
    0x0, 0x8d, 0x87, 0x2, 0x48, 0x0, 0x20, 0x1f,
    0x68, 0x68, 0x0, 0x74, 0x2c, 0xe0, 0x38, 0x1,
    0xe0, 0xe0, 0x1c, 0x80, 0xe0, 0xd, 0x15, 0x50,
    0x39, 0x1b, 0x80, 0x81, 0x0, 0x63, 0x11, 0x10,
    0xe1, 0x95, 0x80, 0x52, 0x10, 0x26, 0x1c, 0x1a,
    0x0, 0xb0, 0x70, 0xd3, 0x1f, 0x10, 0x9, 0x10,
    0xe, 0xe0, 0x30, 0x23, 0x6, 0xd, 0x9, 0x3c,
    0x20, 0xe, 0x98, 0x62, 0x4, 0x40, 0x3c, 0x9,
    0xa0, 0x2e, 0x10, 0x7, 0x89, 0xc0, 0xc, 0x16,
    0xb, 0xa3, 0xe0, 0x1f, 0xfc, 0x39, 0x51, 0x71,

    /* U+98DF "食" */
    0x0, 0xff, 0x11, 0x80, 0x7f, 0xf1, 0xcb, 0x70,
    0x80, 0x3f, 0xf8, 0xa7, 0x80, 0xe, 0x10, 0xf,
    0xfe, 0x1b, 0x60, 0xcc, 0x1f, 0xa8, 0x7, 0xff,
    0x0, 0xf2, 0x42, 0x99, 0xe8, 0x2a, 0xc8, 0x3,
    0xf1, 0x56, 0x18, 0x97, 0x5d, 0xb8, 0xc5, 0x36,
    0x8c, 0x3, 0x2d, 0xea, 0x8c, 0xf2, 0x0, 0x67,
    0xcb, 0x25, 0xcc, 0x30, 0xc5, 0x20, 0xa3, 0xb,
    0xf6, 0x66, 0xd5, 0x3a, 0x62, 0x39, 0xd9, 0x7a,
    0xe6, 0x78, 0x8f, 0xf9, 0x76, 0xdf, 0x86, 0x14,
    0x2, 0xef, 0xff, 0xda, 0x2, 0x9, 0x4, 0x1,
    0xe4, 0x55, 0xfc, 0x80, 0x1f, 0xfc, 0xa, 0xaf,
    0xe9, 0x0, 0xff, 0xe0, 0x77, 0x7f, 0x68, 0x7,
    0xff, 0x1, 0x9b, 0xfa, 0x80, 0x3f, 0xf8, 0x11,
    0x1f, 0xce, 0xe, 0x44, 0x0, 0xfd, 0xdf, 0xff,
    0xed, 0xd8, 0x3, 0xf0, 0x80, 0x5b, 0xa6, 0x0,
    0x15, 0xc1, 0x60, 0x7, 0xff, 0x2, 0xe, 0x76,
    0x75, 0x1f, 0x4c, 0x3, 0xff, 0x80, 0xbd, 0x4,
    0xc1, 0x30, 0x1, 0xf8, 0xc0, 0xd6, 0x2b, 0x71,
    0xf9, 0x82, 0x64, 0x20, 0x1e, 0x51, 0xc, 0xa7,
    0x51, 0xa0, 0x19, 0xc3, 0x6f, 0x40, 0xe, 0x10,
    0x37, 0xad, 0xfc, 0x60, 0x8, 0xf2, 0x4, 0x80,
    0x39, 0x3f, 0x21, 0x48, 0x3, 0xf3, 0xfb, 0x0,
    0x0,

    /* U+996A "饪" */
    0x0, 0x84, 0x40, 0x1f, 0xfc, 0x9e, 0xd0, 0xf,
    0xfe, 0x1, 0xbe, 0x38, 0x6, 0x40, 0x60, 0xe,
    0x13, 0x57, 0x9c, 0xfc, 0x83, 0x90, 0xc, 0x61,
    0x80, 0x19, 0x7b, 0x2a, 0x18, 0xc0, 0xda, 0xb8,
    0x3, 0x60, 0x5e, 0x66, 0x35, 0x53, 0xc2, 0x4,
    0xe4, 0xa8, 0x7, 0x20, 0x11, 0x9e, 0xfa, 0xa4,
    0x39, 0x80, 0x7f, 0x28, 0x47, 0xfc, 0xa1, 0x80,
    0x1f, 0xfc, 0x29, 0x5, 0x0, 0xa, 0x82, 0x80,
    0x7f, 0xf0, 0x54, 0xd0, 0x84, 0x1c, 0x1c, 0x3,
    0xff, 0x85, 0x1, 0x1, 0xd6, 0x8f, 0x20, 0x1f,
    0xfc, 0x28, 0x81, 0x88, 0x31, 0x40, 0xbd, 0x56,
    0x50, 0xaa, 0xe8, 0x5, 0x70, 0xf, 0xa1, 0x57,
    0x10, 0x1a, 0xae, 0x71, 0x0, 0xfe, 0xec, 0xcc,
    0xa1, 0x19, 0x9b, 0x84, 0x3, 0xf8, 0x4c, 0xf1,
    0x0, 0x99, 0xe1, 0x0, 0xff, 0xf5, 0x98, 0x7,
    0xff, 0x26, 0x71, 0x40, 0x3f, 0xf8, 0xc7, 0xcc,
    0x68, 0x1, 0xff, 0xc4, 0x40, 0x11, 0x46, 0x8,
    0x6, 0x10, 0xf, 0xf1, 0x50, 0x26, 0xb8, 0x4f,
    0xfe, 0x60, 0x9f, 0xfd, 0x0, 0x11, 0x8c, 0x59,
    0x0, 0x3c, 0xc8, 0xbf, 0x8f, 0x80,

    /* U+997C "饼" */
    0x0, 0xc6, 0x1, 0xff, 0xc2, 0x21, 0x0, 0xe7,
    0xc3, 0x0, 0xe6, 0xf5, 0x0, 0xed, 0xf0, 0xe,
    0xc0, 0x20, 0xe, 0x40, 0xb1, 0x0, 0x98, 0x14,
    0x3, 0x98, 0x44, 0x1, 0xc4, 0xc2, 0xc0, 0x15,
    0x7, 0x80, 0x61, 0x20, 0x99, 0xc4, 0x0, 0xb0,
    0xb0, 0x1, 0x9c, 0x80, 0x19, 0x0, 0x59, 0xb5,
    0x9, 0x2, 0xd9, 0x12, 0x2, 0xc8, 0x40, 0x2f,
    0xb, 0xdd, 0x30, 0x77, 0x37, 0x4b, 0x1b, 0xa4,
    0x8, 0xde, 0x40, 0x2, 0x92, 0x11, 0x10, 0x19,
    0xd5, 0x0, 0x55, 0x44, 0x6, 0xac, 0xa0, 0xe1,
    0x40, 0x3, 0x27, 0x8, 0xa8, 0x4, 0xaa, 0x82,
    0xa9, 0x22, 0x12, 0xd, 0x30, 0x51, 0x20, 0x1f,
    0xfc, 0x36, 0x91, 0x75, 0x17, 0x10, 0xf, 0xfe,
    0x1c, 0x30, 0x7, 0xff, 0x46, 0x7b, 0x98, 0xb,
    0xdc, 0x80, 0x9e, 0xe5, 0x0, 0x7f, 0x84, 0x40,
    0x10, 0x88, 0x2, 0x11, 0x0, 0x7f, 0xa7, 0xfd,
    0x21, 0x1f, 0xe8, 0x9, 0xff, 0x50, 0x7, 0xff,
    0x3, 0x80, 0x80, 0x3f, 0xf9, 0x6, 0xe, 0x1,
    0xff, 0xc3, 0xae, 0x0, 0xa, 0x9, 0x0, 0x7f,
    0xf0, 0x4f, 0x55, 0xc0, 0xc, 0xc, 0x1, 0xff,
    0xc1, 0x11, 0x14, 0x48, 0x14, 0x5, 0x0, 0x7f,
    0xf0, 0x18, 0x6, 0xdc, 0x7, 0xc2, 0x8, 0x3,
    0xff, 0x80, 0x25, 0xe8, 0x0, 0xf2, 0x47, 0x0,
    0xff, 0xe0, 0xbe, 0x88, 0x4, 0xad, 0x60, 0x1c,
    0x62, 0xa0, 0x10,

    /* U+9985 "馅" */
    0x0, 0x85, 0x80, 0x3f, 0x9c, 0x80, 0x3f, 0xa2,
    0x50, 0x3, 0xe6, 0x8a, 0x0, 0xfe, 0x50, 0x60,
    0xf, 0xa8, 0x2c, 0x3, 0xf8, 0x80, 0x80, 0x3c,
    0x66, 0xe, 0xde, 0xea, 0xc4, 0x0, 0x42, 0x15,
    0x30, 0xe0, 0x14, 0x0, 0x8, 0x82, 0x32, 0x10,
    0x1, 0x0, 0xa, 0xcf, 0x8, 0x8, 0x82, 0xff,
    0xd4, 0x6, 0x60, 0x6, 0x6, 0x7f, 0x90, 0x18,
    0x24, 0x20, 0x3, 0x58, 0x40, 0x0, 0x54, 0x4c,
    0x5, 0x8, 0x92, 0x46, 0xa0, 0x14, 0xa, 0x20,
    0x0, 0xc0, 0xe0, 0x6, 0xb, 0x66, 0x7, 0x0,
    0x67, 0xa, 0x0, 0xa0, 0x2b, 0x25, 0x61, 0xb8,
    0x2c, 0xe2, 0x0, 0x6, 0xa1, 0x0, 0x90, 0xce,
    0x42, 0x70, 0x8e, 0x3f, 0x77, 0x18, 0x42, 0x8,
    0x80, 0x17, 0x80, 0x1f, 0x54, 0x4, 0x79, 0xe7,
    0x76, 0xc0, 0xf, 0xf2, 0xf, 0x38, 0x2, 0x59,
    0xa0, 0x20, 0xf, 0xfe, 0x22, 0xcc, 0xc0, 0x1f,
    0xfd, 0x71, 0xff, 0x71, 0xa7, 0x7f, 0x80, 0x3f,
    0xf8, 0x48, 0x90, 0xb2, 0xa2, 0x0, 0x3f, 0x92,
    0x0, 0x3, 0x76, 0xa2, 0x25, 0xdc, 0x1, 0xfa,
    0x6d, 0x0, 0x3f, 0xf8, 0x82, 0x4, 0xcc, 0xc0,
    0x8, 0x47, 0xf0, 0x7, 0x50, 0xd, 0xc8, 0x4,
    0x3d, 0xdf, 0x80, 0x39, 0xd7, 0x90, 0x2, 0x96,
    0x6f, 0xf5, 0x80,

    /* U+9999 "香" */
    0x0, 0xff, 0xe3, 0x8, 0x7, 0xff, 0x10, 0x49,
    0x1a, 0x6f, 0xb9, 0x40, 0x1f, 0x24, 0x4d, 0x5e,
    0x77, 0xf6, 0xdc, 0xb2, 0x2, 0x68, 0x7, 0xdc,
    0xec, 0xa8, 0x46, 0x60, 0x4, 0x56, 0x77, 0x2d,
    0xc0, 0x3e, 0xac, 0xde, 0xfe, 0xdc, 0x0, 0x3a,
    0x98, 0x80, 0x7f, 0xc6, 0x42, 0x1, 0xff, 0xc6,
    0x8b, 0xbf, 0xe0, 0x5, 0xdf, 0xf4, 0x80, 0x15,
    0x13, 0xf8, 0x0, 0x89, 0xfc, 0xe0, 0xd, 0xff,
    0xf3, 0x80, 0x61, 0x1, 0x9f, 0xfe, 0xe0, 0xf,
    0x86, 0xdc, 0x70, 0x1, 0xee, 0x33, 0x86, 0x1,
    0xfe, 0x6f, 0x43, 0xf3, 0x0, 0xc, 0x6a, 0x1e,
    0x48, 0x80, 0x79, 0x76, 0x45, 0xf0, 0x40, 0x38,
    0xae, 0x85, 0xbd, 0x0, 0x28, 0xea, 0x23, 0xc8,
    0x0, 0x8d, 0x0, 0x32, 0xfa, 0x8d, 0xc0, 0x1,
    0x84, 0xe6, 0xed, 0x11, 0x90, 0xe2, 0x3a, 0x65,
    0x40, 0xe0, 0xf, 0xdc, 0x38, 0x77, 0xff, 0xe0,
    0xc2, 0xed, 0x80, 0x4, 0x80, 0x25, 0xff, 0xff,
    0x50, 0x38, 0x12, 0x0, 0x7c, 0x60, 0x1f, 0xe1,
    0x0, 0xff, 0xe0, 0x24, 0x47, 0xfb, 0x80, 0x3f,
    0xf8, 0x4, 0xef, 0xfe, 0x50, 0xf, 0xfe, 0x3,
    0x7f, 0xff, 0xac, 0x3, 0xff, 0xb0, 0xf5, 0x5f,
    0xe8, 0x0, 0xff, 0x38, 0xa, 0xaf, 0xf8, 0xc1,
    0x0, 0x30,

    /* U+99A8 "馨" */
    0x0, 0xf2, 0x18, 0x7, 0xff, 0x14, 0x51, 0x35,
    0xf2, 0x24, 0x60, 0x8, 0xff, 0xda, 0x1, 0xcd,
    0x77, 0x80, 0xae, 0xec, 0x10, 0x40, 0x89, 0x32,
    0x10, 0xc, 0xff, 0xf8, 0xb, 0xff, 0xa, 0x9a,
    0x3b, 0x20, 0x4b, 0x20, 0x5, 0x7f, 0xf0, 0x17,
    0xfd, 0x31, 0x43, 0x0, 0xb, 0x17, 0x98, 0x0,
    0xa6, 0xef, 0xf4, 0x4a, 0x22, 0x6a, 0x92, 0x8b,
    0x98, 0x0, 0x9e, 0xae, 0xfe, 0x71, 0xc5, 0x42,
    0x29, 0x15, 0xc0, 0x36, 0xc, 0xd9, 0x9a, 0xe8,
    0x30, 0x1e, 0x84, 0xe8, 0x44, 0xc8, 0x1, 0xe7,
    0x47, 0x72, 0x20, 0x3, 0x2d, 0xa6, 0xb3, 0xc8,
    0x7, 0x10, 0x77, 0xa2, 0x3f, 0x80, 0x88, 0xd5,
    0x60, 0x40, 0xac, 0x1, 0x85, 0xe, 0xef, 0xd9,
    0x1f, 0x2c, 0xfb, 0xac, 0x19, 0xf7, 0x0, 0x58,
    0x4a, 0x33, 0xb8, 0x0, 0xcc, 0xa6, 0x61, 0xe7,
    0xf6, 0xe3, 0xa8, 0xa, 0xac, 0x19, 0x95, 0xda,
    0xa6, 0x11, 0x85, 0xe2, 0x2, 0x70, 0x40, 0x3b,
    0x8c, 0xc8, 0x8a, 0x66, 0x0, 0x5d, 0x67, 0x89,
    0xb3, 0x42, 0x0, 0x49, 0x9d, 0x10, 0x99, 0x80,
    0x13, 0x3f, 0xce, 0x0, 0x6f, 0xfe, 0xb2, 0x9,
    0x11, 0x48, 0x83, 0xf7, 0xfe, 0x60, 0xf, 0x2e,
    0x5b, 0xf3, 0x0, 0x1b, 0xa1, 0xfe, 0x8, 0x3,
    0xc9, 0x3d, 0x46, 0x9, 0xfc, 0x22, 0xee, 0x48,
    0x89, 0xf7, 0x1c, 0xc0, 0x7e, 0xdd, 0x8c, 0x26,
    0xaa, 0xbb, 0x55, 0x60, 0x5, 0x3c, 0x61, 0xd,
    0x53, 0xa1, 0xc2, 0x2a, 0xbf, 0x80, 0xb, 0x7b,
    0x84, 0xa, 0xa0, 0xd, 0x7b, 0xbf, 0xc0, 0x18,
    0x8c, 0x3, 0xf1, 0x80, 0x7e, 0x70, 0xf, 0xfe,
    0x6, 0x4, 0xe6, 0x7e, 0xb0, 0x30, 0xe,

    /* U+9AA4 "骤" */
    0x1, 0x55, 0xe3, 0x6, 0x88, 0xe7, 0x1, 0x33,
    0x21, 0x0, 0x26, 0xab, 0xb0, 0x6d, 0xdf, 0xa4,
    0xfb, 0x31, 0x7a, 0x41, 0x35, 0x58, 0xc0, 0x1a,
    0xf, 0xfe, 0x9, 0x3b, 0xaa, 0x18, 0x10, 0xa,
    0xae, 0x60, 0x10, 0x3, 0xff, 0x80, 0x5, 0xe,
    0xa4, 0x80, 0x12, 0x58, 0x0, 0x44, 0x1, 0x2d,
    0x50, 0x0, 0x44, 0xc6, 0x1e, 0x0, 0xb5, 0x0,
    0xe, 0x60, 0x13, 0x6e, 0x80, 0x2c, 0x19, 0x25,
    0x0, 0x8c, 0x2, 0x16, 0x0, 0x84, 0xcc, 0x1,
    0x13, 0x0, 0x80, 0x66, 0x10, 0x1, 0x8, 0x4,
    0xb7, 0x21, 0xa0, 0xac, 0x47, 0x0, 0x10, 0x98,
    0x4, 0x61, 0x20, 0xff, 0xa0, 0xf1, 0x45, 0xac,
    0xe4, 0x0, 0x26, 0x2, 0xe, 0x0, 0x34, 0x56,
    0x85, 0x6b, 0x68, 0x4c, 0x88, 0x3, 0x13, 0x80,
    0x53, 0x27, 0x52, 0x93, 0x1e, 0xbd, 0x46, 0x0,
    0x8, 0x26, 0xd0, 0x47, 0x4, 0x66, 0xf4, 0xdd,
    0xa1, 0xd0, 0x3, 0xd, 0x44, 0x61, 0x10, 0x73,
    0x2c, 0xb8, 0x3f, 0xe4, 0xa0, 0x6, 0x57, 0x7c,
    0x62, 0xd, 0x5b, 0xac, 0x0, 0xd3, 0xec, 0x1,
    0xe3, 0x3, 0x30, 0xc, 0xd0, 0x38, 0x11, 0xeb,
    0x34, 0x0, 0x48, 0xcf, 0xc6, 0x11, 0x27, 0x34,
    0x50, 0x1, 0x70, 0x72, 0x40, 0x5, 0x6e, 0x4d,
    0x4e, 0xc, 0xb1, 0xaf, 0x5e, 0x2, 0x16, 0x60,
    0x11, 0x5e, 0xf4, 0xa9, 0x81, 0xb, 0x9e, 0x2a,
    0x3, 0x24, 0x48, 0x6, 0x42, 0x0, 0x9c, 0x38,
    0x1b, 0xce, 0xec, 0x0, 0xb5, 0x6d, 0x60, 0xf,
    0xb0, 0x16, 0xa4, 0xb5, 0x0, 0x35, 0x41, 0x4a,
    0x0, 0x4b, 0x34, 0xc2, 0x77, 0x98, 0x20, 0xf,
    0x3f, 0x62, 0x0, 0x67, 0x52, 0xd0, 0x13, 0x0,
    0x88, 0x74, 0x2, 0x13, 0x0,

    /* U+9AA8 "骨" */
    0x0, 0xc6, 0xf1, 0x1f, 0xe7, 0x30, 0xf, 0xd1,
    0x7, 0x7f, 0xf4, 0x78, 0x7, 0xe7, 0xd, 0xff,
    0xfd, 0xa0, 0x20, 0x1f, 0xe3, 0x0, 0xb, 0x37,
    0x28, 0x7, 0xff, 0xe, 0xe6, 0x7a, 0x0, 0x3f,
    0xf8, 0xbd, 0xff, 0x70, 0x7, 0xff, 0x0, 0xc0,
    0x3f, 0xf8, 0x9d, 0xfe, 0x30, 0xdf, 0xf2, 0x87,
    0x7f, 0xdc, 0x5, 0xfe, 0xe0, 0x11, 0x95, 0x7f,
    0xf8, 0x80, 0x22, 0x0, 0x2d, 0x57, 0xff, 0x10,
    0xc0, 0x3d, 0x9f, 0xff, 0xfc, 0xd, 0x0, 0xc2,
    0xfe, 0x6, 0xe, 0xff, 0xe1, 0x21, 0x97, 0x10,
    0x84, 0x0, 0xc, 0x77, 0x36, 0xa2, 0x38, 0x80,
    0xb, 0x0, 0x1f, 0x14, 0x4d, 0x6f, 0xed, 0x30,
    0x7, 0xff, 0x0, 0xcb, 0xbf, 0x69, 0xc5, 0x65,
    0x0, 0x3f, 0xf8, 0x64, 0xb1, 0x9c, 0xe4, 0x40,
    0xf, 0xc2, 0x2, 0x0, 0x25, 0x8b, 0xde, 0x79,
    0x10, 0xf, 0xca, 0xb, 0x7f, 0xb4, 0xe8, 0x2d,
    0x38, 0x60, 0x1f, 0xb0, 0x3f, 0x11, 0xeb, 0x7f,
    0x25, 0x8c, 0x3, 0xf9, 0x41, 0x1e, 0xe1, 0x48,
    0x3, 0xff, 0x82, 0xc4, 0x84, 0x1, 0xf4, 0x4c,
    0x8c, 0x4, 0x3, 0x94, 0xe4, 0x3, 0xf1, 0xb3,
    0x6, 0x0, 0x3c, 0x78, 0x40, 0x1f, 0xaf, 0xfd,
    0xce, 0x1, 0x80,

    /* U+9AD4 "體" */
    0x0, 0xff, 0xe0, 0x88, 0x80, 0x4, 0x1, 0xe2,
    0x77, 0xf0, 0x80, 0x6a, 0xd0, 0x8d, 0x0, 0xf4,
    0xc4, 0x7a, 0x40, 0x9d, 0xca, 0x4e, 0x80, 0xee,
    0x50, 0x9, 0xc7, 0xfe, 0xd0, 0xa, 0x62, 0x2,
    0x28, 0x30, 0x88, 0x51, 0x0, 0x72, 0x45, 0x80,
    0x4e, 0x7e, 0xe5, 0xee, 0x5f, 0x20, 0x20, 0x1d,
    0x4c, 0x80, 0x18, 0x58, 0xcc, 0xc6, 0x66, 0xf0,
    0xf, 0xd5, 0x80, 0x18, 0xa5, 0x6, 0x50, 0x65,
    0x80, 0x3f, 0xe1, 0x0, 0x1f, 0xb9, 0x7b, 0x97,
    0xd0, 0x4, 0xe6, 0x3e, 0x37, 0xc0, 0xca, 0x7,
    0x4a, 0x74, 0xa7, 0x52, 0x1, 0x60, 0xc4, 0x78,
    0x36, 0x8d, 0x84, 0x98, 0x49, 0x81, 0x4c, 0x0,
    0x6c, 0xde, 0xf, 0x7e, 0xef, 0xeb, 0x0, 0x40,
    0xf7, 0x78, 0xcd, 0xdb, 0xbf, 0xdd, 0x60, 0x68,
    0x15, 0x76, 0x90, 0xb4, 0xba, 0xaf, 0xeb, 0x90,
    0xc, 0x5c, 0xa8, 0x1, 0x27, 0xcc, 0xfe, 0x2,
    0x0, 0xc6, 0xfe, 0xe0, 0x10, 0xa9, 0x2a, 0xf3,
    0x9f, 0x0, 0x72, 0xe2, 0x0, 0x79, 0x26, 0x7c,
    0x1, 0xc2, 0x0, 0x19, 0xe0, 0xe, 0x78, 0x8f,
    0x0, 0x71, 0x82, 0xe6, 0x1c, 0x2, 0x15, 0x5,
    0x5e, 0x73, 0xf0, 0x9, 0x86, 0x46, 0xb8, 0x3,
    0x52, 0xe, 0xed, 0x65, 0xea, 0x1, 0x1a, 0xe6,
    0xa8, 0x7, 0x84, 0xcc, 0x0, 0xa1, 0x30, 0x9,
    0xc3, 0x44, 0x4f, 0x60, 0x25, 0x10, 0x20, 0xf8,
    0x93, 0x28, 0x82, 0x87, 0x8b, 0x1, 0xd3, 0x13,
    0xbe, 0x50, 0x37, 0x60, 0x37, 0x74, 0x4, 0x70,
    0x0, 0xb7, 0xf4, 0x57, 0xff, 0xfe, 0xd0,

    /* U+9AD8 "高" */
    0x0, 0xff, 0x20, 0x7, 0xff, 0x21, 0xae, 0x0,
    0x3f, 0xf8, 0xe8, 0xc, 0x1, 0xfe, 0x8f, 0xff,
    0xda, 0x3, 0xff, 0xfb, 0x8b, 0x91, 0x3f, 0xf9,
    0x6, 0xd7, 0x7a, 0xab, 0xfe, 0xbb, 0xd4, 0x20,
    0x1b, 0xbb, 0xff, 0x81, 0xf8, 0x1, 0xf1, 0x8,
    0xa6, 0x7f, 0xa0, 0x8, 0x3, 0xf8, 0x99, 0xbf,
    0x9c, 0x3, 0xfe, 0x28, 0x8f, 0xf0, 0x7, 0xf1,
    0x10, 0x5d, 0xff, 0xc0, 0x80, 0x1f, 0xb7, 0xff,
    0xff, 0x81, 0x40, 0x1d, 0x5f, 0xff, 0xfc, 0x64,
    0x0, 0x20, 0x22, 0x7f, 0xf0, 0xc8, 0x30, 0x3,
    0x5d, 0xff, 0xf1, 0x0, 0x3f, 0x27, 0xff, 0xf4,
    0x80, 0x7f, 0xc6, 0xb, 0x11, 0xe0, 0x50, 0xf,
    0xfe, 0xf, 0xbb, 0xf8, 0x3, 0xff, 0x86, 0x46,
    0x7e, 0x0, 0xff, 0xe0, 0x88, 0x46, 0x67, 0x81,
    0xc0, 0x3f, 0xe6, 0xcb, 0xbf, 0xd4, 0x1, 0xff,
    0xc0, 0x34, 0x4f, 0xc3, 0x55, 0x7, 0x80, 0x14,
    0xc0, 0x3f, 0xf8, 0x3a, 0xc0, 0xee, 0x0,

    /* U+9C7C "鱼" */
    0x0, 0xf9, 0x9c, 0x3, 0xff, 0x8e, 0x93, 0x20,
    0xf, 0xfe, 0x30, 0xd0, 0x1d, 0x5d, 0xf2, 0x0,
    0x7f, 0xd4, 0x20, 0x4a, 0x89, 0xd0, 0x1, 0xfe,
    0x94, 0x3e, 0xff, 0xdc, 0x21, 0x0, 0x1f, 0xd0,
    0xc3, 0xa2, 0x1, 0xa0, 0x55, 0x0, 0x3f, 0x4b,
    0x85, 0x8, 0x6, 0x56, 0x8, 0x0, 0xfd, 0x8c,
    0x0, 0xbf, 0xfe, 0xa0, 0x6, 0xff, 0xe5, 0x0,
    0x9, 0x10, 0x41, 0x9b, 0x84, 0x15, 0x9b, 0x18,
    0x68, 0x0, 0x7f, 0x4c, 0x26, 0x79, 0x42, 0x26,
    0x78, 0x3, 0x84, 0x3, 0xff, 0x9b, 0x33, 0xca,
    0x11, 0x33, 0xb8, 0x3, 0xf9, 0x9b, 0x84, 0x15,
    0x9b, 0x20, 0x7, 0xf7, 0xff, 0x20, 0x6f, 0xfe,
    0xa0, 0xf, 0xfe, 0x98, 0x80, 0x7f, 0xc6, 0x1,
    0xfd, 0xdf, 0xf9, 0x3, 0x7f, 0xf4, 0x80, 0x7d,
    0xa, 0xbf, 0xfc, 0x26, 0xa0, 0xe, 0x5a, 0xaf,
    0xfe, 0x14, 0x90, 0x4, 0x23, 0xff, 0xc8, 0x3,
    0xee, 0xff, 0xe4, 0x48, 0xa1, 0x9f, 0xff, 0x19,
    0x30,

    /* U+9C7F "鱿" */
    0x0, 0x85, 0x80, 0x3f, 0x8d, 0x80, 0x3f, 0xd5,
    0x22, 0x1, 0xfa, 0x64, 0x24, 0xc0, 0x1e, 0x14,
    0x19, 0x89, 0x60, 0xe, 0x10, 0x2, 0xcb, 0x0,
    0x73, 0x0, 0xbb, 0x9a, 0x40, 0x3f, 0x38, 0xc9,
    0x0, 0x69, 0x3f, 0xf6, 0x2, 0x0, 0x7f, 0x50,
    0x48, 0x4, 0xe3, 0x0, 0x9, 0x9, 0x0, 0xfe,
    0x49, 0xd0, 0x1, 0xc0, 0xb9, 0xa2, 0x98, 0x88,
    0x3, 0xc6, 0x0, 0x66, 0x0, 0x20, 0x7, 0x31,
    0x60, 0x79, 0x87, 0xff, 0x90, 0x37, 0xff, 0x60,
    0x40, 0x15, 0x40, 0x45, 0x11, 0xc, 0xf0, 0x0,
    0xcf, 0x90, 0xc, 0x59, 0x50, 0x11, 0x58, 0x13,
    0x32, 0x10, 0xa9, 0xcc, 0xa0, 0x3, 0xff, 0x86,
    0x22, 0x98, 0x0, 0xf9, 0x3f, 0x3, 0x3d, 0x0,
    0x30, 0x81, 0x0, 0x7f, 0x13, 0xa8, 0x2b, 0x90,
    0x6, 0x20, 0x50, 0xf, 0xc6, 0xd1, 0x21, 0x30,
    0xc0, 0x19, 0x3, 0xc0, 0x3f, 0xf9, 0x18, 0xa,
    0x1, 0xfc, 0xb1, 0x41, 0x50, 0xa2, 0x1, 0x20,
    0x98, 0x7, 0xe7, 0x17, 0x60, 0x67, 0x12, 0x0,
    0x30, 0x38, 0x7, 0xf5, 0x7f, 0xfd, 0x80, 0xb,
    0xa, 0x0, 0xe4, 0xa0, 0xe, 0x23, 0x57, 0x99,
    0xb, 0x11, 0x98, 0x3, 0xb1, 0x45, 0xb3, 0xbf,
    0x72, 0xa1, 0x91, 0x64, 0x3c, 0x3, 0xc4, 0x2,
    0x64, 0x68, 0xd3, 0x7b, 0xfb, 0x20, 0xe6, 0x0,
    0x22, 0x7f, 0x94, 0xc1, 0x7b, 0x6e, 0x59, 0x8,
    0x0, 0x2b, 0x0, 0x14, 0xa1, 0x99, 0x78, 0x0,

    /* U+9C9C "鲜" */
    0x0, 0x85, 0x80, 0x3f, 0xf9, 0x35, 0x22, 0x1,
    0xea, 0x50, 0xc, 0x7c, 0xa0, 0x18, 0x50, 0x66,
    0x26, 0x0, 0x35, 0x80, 0x6f, 0x17, 0x0, 0xcc,
    0x2, 0xee, 0x67, 0x50, 0x4, 0xb, 0x0, 0xc,
    0xca, 0x40, 0x1a, 0x4b, 0xfe, 0x11, 0x28, 0x0,
    0xa1, 0x40, 0x10, 0x10, 0x1, 0xa4, 0x64, 0x0,
    0xc3, 0x60, 0xc, 0xe9, 0xde, 0xe2, 0x6, 0x6b,
    0x2, 0xb0, 0x64, 0x44, 0x1a, 0x80, 0xe4, 0x50,
    0x9, 0x19, 0x9, 0x87, 0x80, 0x1d, 0xe1, 0x7,
    0xb0, 0xbc, 0xc9, 0xc2, 0x73, 0x25, 0xb, 0x4,
    0xfc, 0xc, 0xf4, 0x0, 0xff, 0xe1, 0x8, 0x80,
    0x3c, 0x20, 0x1f, 0xfc, 0xd5, 0xbc, 0xc3, 0x84,
    0xe6, 0x28, 0x3, 0x27, 0xe0, 0x67, 0xa8, 0x0,
    0x94, 0xcc, 0x20, 0x46, 0x67, 0x10, 0x8, 0x5d,
    0x41, 0x5c, 0x80, 0xf, 0xdf, 0xe6, 0xb, 0xff,
    0x68, 0x80, 0x4b, 0x12, 0x13, 0xe, 0x1, 0xff,
    0xc3, 0x30, 0xf, 0xfe, 0x5a, 0xc5, 0x5, 0x43,
    0x81, 0xdd, 0xe7, 0x8, 0xbb, 0xa4, 0x0, 0xe2,
    0xec, 0xc, 0xe4, 0x6c, 0x89, 0x84, 0xd, 0x13,
    0x0, 0x2b, 0xff, 0xec, 0x5f, 0xfc, 0xc1, 0x7f,
    0xf6, 0x80, 0x7f, 0x84, 0x3, 0xff, 0x82, 0x26,
    0xaf, 0x37, 0x9d, 0xfc, 0x80, 0x1f, 0xfc, 0xa,
    0xca, 0x86, 0x43, 0x25, 0x74, 0x0, 0xff, 0xe0,
    0x43, 0xcd, 0xe7, 0x7e, 0x54, 0x0, 0x7f, 0xf0,
    0x4e, 0x19, 0xc, 0x40, 0x3f, 0xbc, 0x54, 0x3,
    0x80,

    /* U+9CD5 "鳕" */
    0x0, 0x88, 0xc0, 0x3f, 0xf9, 0x19, 0xe0, 0x1c,
    0xd1, 0x1f, 0xcc, 0x1, 0x18, 0x84, 0x4b, 0x80,
    0x25, 0xdf, 0xfa, 0x0, 0x2a, 0x3, 0x76, 0x86,
    0xf, 0xfc, 0xe1, 0x7f, 0xf7, 0x0, 0x5, 0x97,
    0x74, 0x2, 0xe0, 0xcd, 0x8c, 0x31, 0x9b, 0x0,
    0x20, 0x20, 0x94, 0x20, 0x5e, 0x67, 0x20, 0x3c,
    0xce, 0x74, 0x62, 0x64, 0x80, 0x22, 0x78, 0x67,
    0xf9, 0xc3, 0x3f, 0xd8, 0x1f, 0x0, 0x57, 0x60,
    0x5, 0xe7, 0x84, 0xc3, 0x78, 0x3b, 0xa2, 0xc3,
    0xfc, 0x7, 0x60, 0xb6, 0x62, 0xce, 0xe5, 0xd0,
    0x0, 0xd2, 0x94, 0xb1, 0x83, 0xa0, 0xea, 0x30,
    0xc, 0x6e, 0xac, 0x0, 0xdb, 0xaa, 0x61, 0x0,
    0xff, 0x13, 0xb9, 0x40, 0x26, 0x77, 0x8, 0x0,
    0x56, 0x86, 0xe9, 0xc0, 0x9, 0x31, 0x26, 0x41,
    0x10, 0x95, 0x0, 0xcc, 0x2, 0xc6, 0x0, 0x6e,
    0xfc, 0x4d, 0x3e, 0xfe, 0x40, 0x9, 0x70, 0x6b,
    0x10, 0x0, 0x93, 0x3f, 0xc6, 0x1, 0xff, 0x63,
    0x37, 0xf4, 0x80, 0x4c, 0xa3, 0xaa, 0xc0, 0x8,
    0xff, 0xfb, 0x80, 0x40, 0x6, 0x54, 0xb, 0x46,
    0x20, 0x1f, 0xc6, 0x1, 0xbe, 0xab, 0xd8, 0x3,
    0xff, 0xf6, 0x80, 0x62, 0x55, 0xe7, 0x60, 0x18,
    0x77, 0xf3, 0x0, 0x42, 0xaf, 0x39, 0xdf, 0xb6,
    0x80, 0xf1, 0x1f, 0x0, 0x55, 0x48, 0x62, 0x57,
    0x9c, 0x46, 0xaa, 0xfa, 0xc0, 0x28, 0xac, 0xfe,
    0xb8, 0x63, 0xd, 0x55, 0xfc, 0x1, 0x1a, 0x98,
    0x7, 0xd7, 0xff, 0xf8, 0x8c, 0x0,

    /* U+9E21 "鸡" */
    0x0, 0xff, 0xe1, 0xa9, 0x80, 0x7f, 0xf2, 0x16,
    0xa4, 0x3, 0xff, 0x8a, 0x26, 0x6e, 0xf, 0x33,
    0x84, 0x2, 0x5b, 0xbe, 0xca, 0x50, 0xfc, 0xc2,
    0x5, 0x66, 0x60, 0xb, 0x11, 0x38, 0xd7, 0x80,
    0x45, 0x33, 0xe0, 0x30, 0xa, 0x7f, 0xfa, 0xc0,
    0x80, 0x6, 0xc4, 0x46, 0x68, 0xc, 0x3, 0xf8,
    0xc3, 0xc0, 0x36, 0x5a, 0x80, 0x42, 0x1, 0xbe,
    0x80, 0x2d, 0x5, 0x0, 0xd0, 0xd4, 0x84, 0xc,
    0x1, 0x95, 0x4c, 0x0, 0x40, 0x30, 0xe, 0x99,
    0x2b, 0x1, 0x0, 0x6b, 0x19, 0x14, 0x15, 0x0,
    0xf8, 0xde, 0x3, 0x40, 0x30, 0xd8, 0x56, 0x87,
    0x80, 0x7d, 0x32, 0x33, 0x28, 0x7, 0x2a, 0x91,
    0x81, 0x40, 0x3e, 0xce, 0xe6, 0x0, 0x7d, 0x60,
    0x6, 0x0, 0xc5, 0x11, 0xa6, 0x51, 0x7, 0x0,
    0xe1, 0x20, 0x30, 0x8, 0xc1, 0xdf, 0xf4, 0x28,
    0x6, 0x62, 0x5, 0x30, 0x6, 0x7f, 0xfe, 0x50,
    0x10, 0x8, 0x60, 0x1c, 0x3c, 0x3, 0xff, 0x8b,
    0x2, 0xb0, 0x46, 0x65, 0xaa, 0xfa, 0x44, 0x0,
    0xc0, 0x6, 0x60, 0xd8, 0x41, 0x96, 0x2a, 0xfc,
    0xc4, 0x20, 0x60, 0xd2, 0x14, 0x20, 0xb8, 0x33,
    0xff, 0xf8, 0xd8, 0x4, 0x20, 0x25, 0x0, 0x3f,
    0xf8, 0x64, 0x20, 0xc, 0xc3, 0x0, 0x7f, 0xf0,
    0xe, 0x1e, 0x81, 0x0, 0x4, 0x60, 0x1f, 0xfc,
    0x27, 0x85, 0x28, 0x0, 0xff, 0xe2, 0x9f, 0xfd,
    0xa4, 0x0,

    /* U+9E2D "鸭" */
    0x0, 0xff, 0xe2, 0x10, 0x7, 0xff, 0x22, 0x34,
    0xc0, 0x3a, 0x6f, 0x33, 0xd6, 0x60, 0x19, 0x44,
    0xc0, 0x30, 0xb2, 0x11, 0xc, 0xc4, 0x69, 0x61,
    0x9f, 0xe2, 0x1f, 0xfb, 0x0, 0x27, 0xef, 0x6,
    0xee, 0x0, 0x46, 0xa, 0xbc, 0x4, 0x1, 0xff,
    0xc2, 0x4a, 0x8a, 0xa8, 0xc0, 0x3f, 0xf8, 0xbb,
    0x40, 0x11, 0x80, 0x46, 0xcc, 0x5, 0x66, 0x0,
    0x7a, 0xd6, 0xc0, 0x44, 0x1, 0x24, 0xc0, 0x1c,
    0xc0, 0x7, 0x93, 0xc, 0xd, 0xc0, 0x26, 0xdc,
    0x5, 0xdc, 0x0, 0xf8, 0xe8, 0xc4, 0x80, 0x21,
    0x22, 0x1, 0x91, 0x0, 0x3e, 0x8d, 0xc0, 0xd0,
    0xf, 0xfe, 0x2c, 0x54, 0xe2, 0x0, 0x42, 0x1,
    0xc6, 0x1, 0x9c, 0x8a, 0x74, 0x12, 0x0, 0x9b,
    0xf8, 0x1b, 0xf4, 0x2, 0x13, 0xdd, 0xfa, 0x45,
    0xd5, 0x60, 0x25, 0x5a, 0x82, 0xdd, 0xfc, 0xc0,
    0x61, 0x15, 0x4b, 0x4, 0xaa, 0x88, 0x16, 0x23,
    0xd2, 0x1, 0xff, 0xc1, 0xbf, 0xff, 0x50, 0x81,
    0x80, 0x7f, 0xda, 0xab, 0xec, 0x30, 0x10, 0xf,
    0xf9, 0xaa, 0xbc, 0xc2, 0x1e, 0x1, 0xff, 0xc7,
    0x60, 0x20, 0xf, 0xfe, 0x39, 0x3, 0x0, 0x7f,
    0xf1, 0xd, 0xdd, 0x20, 0x60, 0x18, 0x4b, 0xc0,
    0x3f, 0x96, 0x20, 0x32, 0x1, 0xed, 0x60, 0xf,
    0xe6, 0xfe, 0xf6, 0x0,

    /* U+9EA6 "麦" */
    0x0, 0xff, 0x22, 0x0, 0x3f, 0xf9, 0x17, 0x40,
    0x1f, 0xf1, 0x4c, 0xfe, 0x1, 0x99, 0xfc, 0x80,
    0x4, 0x66, 0xfc, 0x0, 0x66, 0xfd, 0xa0, 0x6,
    0xff, 0xfc, 0x3, 0xff, 0xfa, 0x40, 0x3f, 0xf9,
    0xdd, 0xff, 0xe0, 0x1f, 0xff, 0x90, 0x3, 0xa5,
    0xdf, 0xc0, 0x7, 0x7f, 0x94, 0x3, 0x9e, 0x23,
    0xc0, 0x31, 0x1f, 0x8, 0x1, 0x6a, 0xbf, 0x80,
    0x6a, 0xbf, 0x97, 0x15, 0x7f, 0x80, 0xa, 0xbf,
    0xd9, 0x3f, 0xfd, 0xc4, 0xd, 0xff, 0xff, 0x48,
    0x7, 0xe, 0x11, 0xc8, 0x6, 0x11, 0x80, 0x3f,
    0x93, 0xc8, 0xf, 0xff, 0xbb, 0xad, 0x0, 0xfa,
    0x6c, 0x40, 0xd5, 0x7e, 0x10, 0x30, 0xe, 0x7e,
    0x61, 0x70, 0x5, 0xd5, 0x76, 0x8, 0x50, 0x6,
    0x38, 0x17, 0xf8, 0x81, 0xe1, 0x80, 0x53, 0x20,
    0x94, 0x0, 0xc7, 0xbd, 0x2, 0xe, 0xe2, 0xc8,
    0x6e, 0x60, 0xa6, 0x0, 0xf1, 0x8, 0x6, 0x89,
    0x7, 0x91, 0x2d, 0x50, 0xf, 0xfe, 0xa, 0xe8,
    0x6, 0x67, 0x0, 0xff, 0x13, 0x57, 0xd2, 0x22,
    0xec, 0x88, 0xaf, 0xb7, 0x31, 0x0, 0x26, 0xfe,
    0xca, 0x8b, 0xed, 0xa2, 0x2f, 0x18, 0x12, 0x33,
    0xb9, 0x2c, 0x62, 0xb1, 0x9d, 0x4, 0x1, 0x8e,
    0x7f, 0x1d, 0x8, 0x7c,

    /* U+9ED1 "黑" */
    0x0, 0xa2, 0x67, 0xff, 0x84, 0xe0, 0x1c, 0x6e,
    0xcd, 0xff, 0xc2, 0x82, 0x0, 0xce, 0xd, 0xf7,
    0xdf, 0xe0, 0x1f, 0xf6, 0xdf, 0x98, 0x8, 0x7,
    0xe9, 0xb0, 0xf, 0x75, 0x3, 0x80, 0x7f, 0xa9,
    0x4c, 0x3, 0x21, 0xc8, 0x7, 0xff, 0x1, 0x81,
    0xc0, 0x37, 0x93, 0x80, 0x7f, 0xf0, 0x7, 0x90,
    0x3, 0x14, 0x80, 0x7f, 0xcd, 0xfe, 0xef, 0xf0,
    0xf, 0xb5, 0xff, 0x90, 0x3, 0xc8, 0xc8, 0x9e,
    0x0, 0x22, 0x79, 0x8c, 0x3, 0xa6, 0xef, 0xc0,
    0x37, 0x7e, 0x90, 0xe, 0x38, 0x8f, 0x80, 0x62,
    0x3e, 0x30, 0xd, 0x6e, 0xff, 0x0, 0x1d, 0xfe,
    0xb0, 0xd, 0x1f, 0xff, 0x0, 0xff, 0xfd, 0x0,
    0x1f, 0xfc, 0xc4, 0xbb, 0xfe, 0x1, 0xbb, 0xfe,
    0x62, 0x44, 0xfe, 0x0, 0x22, 0x7f, 0x73, 0x7f,
    0xff, 0xf2, 0x20, 0x2, 0x93, 0x0, 0xf8, 0x44,
    0x1, 0xb, 0x80, 0x74, 0x35, 0x80, 0x2f, 0x80,
    0x2a, 0xe2, 0x0, 0x2c, 0x60, 0x4, 0x2e, 0x14,
    0x1, 0x9, 0x0, 0xc, 0x14, 0x0, 0x88, 0x3a,
    0x0, 0x68, 0x31, 0x0, 0x8, 0x18, 0x1, 0x41,
    0x40, 0x15, 0xa, 0x91, 0x49, 0x20, 0x16, 0x13,
    0x0, 0x9, 0x90, 0x2, 0x1b, 0x42,

    /* U+FF01 "！" */
    0x4, 0x40, 0x25, 0xd9, 0x4, 0x0, 0x22, 0x0,
    0xb, 0x80, 0x1c, 0x2, 0x11, 0x0, 0x46, 0x0,
    0x31, 0x0, 0x8, 0x7, 0xf0, 0x88, 0x0, 0x6e,
    0x0, 0xd9, 0x0, 0xf2, 0x20, 0x1a, 0xec, 0xdc,
    0x0, 0xea, 0x33, 0x50,

    /* U+FF0B "＋" */
    0x0, 0xff, 0xe7, 0x66, 0x0, 0x3f, 0xf8, 0x84,
    0x40, 0xf, 0xff, 0xf8, 0x7, 0xff, 0x30, 0xcf,
    0xe0, 0x1, 0x9f, 0xc1, 0x59, 0x9f, 0x8, 0xb3,
    0x3e, 0xbe, 0x66, 0xf8, 0x0, 0xcd, 0xf7, 0xa4,
    0xcf, 0xc2, 0x29, 0x9f, 0x90, 0x3, 0xff, 0xfe,
    0x1, 0xff, 0xcb, 0x30, 0xf, 0xfe, 0x2c, 0xd0,
    0x7, 0xe0,

    /* U+FF0C "，" */
    0x0, 0xf9, 0x3b, 0xdc, 0x1, 0xe2, 0x10, 0x0,
    0x30, 0x8, 0xc2, 0x28, 0x80, 0x40, 0xa, 0x22,
    0x20, 0x2, 0x9c, 0x80, 0x2a, 0x86, 0xe0, 0x8a,
    0xd8, 0x0, 0x4f, 0x90, 0x8,

    /* U+FF1A "：" */
    0x0, 0xc9, 0xdc, 0x48, 0x11, 0x4b, 0x80, 0x1a,
    0x99, 0x94, 0x33, 0x21, 0x0, 0xff, 0xe8, 0x2f,
    0xf9, 0x60, 0x1, 0xe, 0x0, 0x6b, 0x77, 0x50,

    /* U+FF1F "？" */
    0x0, 0x96, 0x6f, 0x29, 0xc4, 0x2, 0x4e, 0xa6,
    0x43, 0x58, 0xe5, 0x5, 0xb1, 0x5a, 0xdc, 0xa2,
    0xa, 0x33, 0x5, 0x51, 0x48, 0xd7, 0x48, 0x25,
    0xbd, 0x40, 0x3c, 0xa0, 0xc0, 0x1f, 0xc2, 0xc,
    0x1, 0xf9, 0x18, 0x24, 0x3, 0xe4, 0xb0, 0x93,
    0x0, 0xf3, 0x58, 0x4b, 0x0, 0x79, 0xe4, 0x71,
    0x80, 0x3c, 0x30, 0x18, 0x60, 0x1f, 0x38, 0x21,
    0x0, 0x7e, 0x44, 0x68, 0x7, 0xf1, 0x5b, 0x0,
    0x7f, 0xf2, 0x98, 0xc0, 0x3f, 0xae, 0x70, 0x80,
    0x3f, 0x30, 0x1, 0x80, 0x3f, 0x41, 0x2a, 0x0,
    0x60
};


/*---------------------
 *  GLYPH DESCRIPTION
 *--------------------*/

static const lv_font_fmt_txt_glyph_dsc_t glyph_dsc[] = {
    {.bitmap_index = 0, .adv_w = 0, .box_w = 0, .box_h = 0, .ofs_x = 0, .ofs_y = 0} /* id = 0 reserved */,
    {.bitmap_index = 0, .adv_w = 86, .box_w = 0, .box_h = 0, .ofs_x = 0, .ofs_y = 0},
    {.bitmap_index = 0, .adv_w = 124, .box_w = 4, .box_h = 18, .ofs_x = 2, .ofs_y = -1},
    {.bitmap_index = 30, .adv_w = 182, .box_w = 8, .box_h = 8, .ofs_x = 2, .ofs_y = 11},
    {.bitmap_index = 63, .adv_w = 213, .box_w = 13, .box_h = 18, .ofs_x = 0, .ofs_y = -1},
    {.bitmap_index = 166, .adv_w = 213, .box_w = 11, .box_h = 24, .ofs_x = 1, .ofs_y = -4},
    {.bitmap_index = 271, .adv_w = 354, .box_w = 22, .box_h = 18, .ofs_x = 0, .ofs_y = -1},
    {.bitmap_index = 435, .adv_w = 261, .box_w = 16, .box_h = 18, .ofs_x = 0, .ofs_y = -1},
    {.bitmap_index = 557, .adv_w = 107, .box_w = 3, .box_h = 8, .ofs_x = 2, .ofs_y = 11},
    {.bitmap_index = 570, .adv_w = 130, .box_w = 5, .box_h = 25, .ofs_x = 2, .ofs_y = -6},
    {.bitmap_index = 635, .adv_w = 130, .box_w = 5, .box_h = 25, .ofs_x = 1, .ofs_y = -6},
    {.bitmap_index = 697, .adv_w = 179, .box_w = 9, .box_h = 8, .ofs_x = 1, .ofs_y = 11},
    {.bitmap_index = 731, .adv_w = 213, .box_w = 13, .box_h = 13, .ofs_x = 0, .ofs_y = 2},
    {.bitmap_index = 767, .adv_w = 107, .box_w = 5, .box_h = 9, .ofs_x = 1, .ofs_y = -6},
    {.bitmap_index = 790, .adv_w = 133, .box_w = 7, .box_h = 2, .ofs_x = 1, .ofs_y = 5},
    {.bitmap_index = 796, .adv_w = 107, .box_w = 4, .box_h = 4, .ofs_x = 1, .ofs_y = -1},
    {.bitmap_index = 805, .adv_w = 150, .box_w = 9, .box_h = 24, .ofs_x = 0, .ofs_y = -5},
    {.bitmap_index = 881, .adv_w = 213, .box_w = 12, .box_h = 18, .ofs_x = 1, .ofs_y = -1},
    {.bitmap_index = 972, .adv_w = 213, .box_w = 10, .box_h = 18, .ofs_x = 2, .ofs_y = -1},
    {.bitmap_index = 1000, .adv_w = 213, .box_w = 13, .box_h = 18, .ofs_x = 0, .ofs_y = -1},
    {.bitmap_index = 1084, .adv_w = 213, .box_w = 13, .box_h = 18, .ofs_x = 0, .ofs_y = -1},
    {.bitmap_index = 1179, .adv_w = 213, .box_w = 13, .box_h = 18, .ofs_x = 0, .ofs_y = -1},
    {.bitmap_index = 1245, .adv_w = 213, .box_w = 13, .box_h = 18, .ofs_x = 0, .ofs_y = -1},
    {.bitmap_index = 1336, .adv_w = 213, .box_w = 12, .box_h = 18, .ofs_x = 1, .ofs_y = -1},
    {.bitmap_index = 1434, .adv_w = 213, .box_w = 12, .box_h = 18, .ofs_x = 1, .ofs_y = -1},
    {.bitmap_index = 1502, .adv_w = 213, .box_w = 12, .box_h = 18, .ofs_x = 1, .ofs_y = -1},
    {.bitmap_index = 1602, .adv_w = 213, .box_w = 13, .box_h = 18, .ofs_x = 0, .ofs_y = -1},
    {.bitmap_index = 1701, .adv_w = 107, .box_w = 4, .box_h = 14, .ofs_x = 1, .ofs_y = -1},
    {.bitmap_index = 1723, .adv_w = 107, .box_w = 5, .box_h = 19, .ofs_x = 1, .ofs_y = -6},
    {.bitmap_index = 1761, .adv_w = 213, .box_w = 13, .box_h = 11, .ofs_x = 0, .ofs_y = 3},
    {.bitmap_index = 1820, .adv_w = 213, .box_w = 13, .box_h = 8, .ofs_x = 0, .ofs_y = 5},
    {.bitmap_index = 1842, .adv_w = 213, .box_w = 13, .box_h = 11, .ofs_x = 0, .ofs_y = 3},
    {.bitmap_index = 1901, .adv_w = 182, .box_w = 10, .box_h = 18, .ofs_x = 1, .ofs_y = -1},
    {.bitmap_index = 1973, .adv_w = 363, .box_w = 21, .box_h = 22, .ofs_x = 1, .ofs_y = -5},
    {.bitmap_index = 2171, .adv_w = 233, .box_w = 15, .box_h = 18, .ofs_x = 0, .ofs_y = -1},
    {.bitmap_index = 2274, .adv_w = 252, .box_w = 13, .box_h = 18, .ofs_x = 2, .ofs_y = -1},
    {.bitmap_index = 2358, .adv_w = 245, .box_w = 14, .box_h = 18, .ofs_x = 1, .ofs_y = -1},
    {.bitmap_index = 2450, .adv_w = 264, .box_w = 14, .box_h = 18, .ofs_x = 2, .ofs_y = -1},
    {.bitmap_index = 2536, .adv_w = 226, .box_w = 11, .box_h = 18, .ofs_x = 2, .ofs_y = -1},
    {.bitmap_index = 2578, .adv_w = 212, .box_w = 11, .box_h = 18, .ofs_x = 2, .ofs_y = -1},
    {.bitmap_index = 2610, .adv_w = 264, .box_w = 14, .box_h = 18, .ofs_x = 1, .ofs_y = -1},
    {.bitmap_index = 2708, .adv_w = 279, .box_w = 14, .box_h = 18, .ofs_x = 2, .ofs_y = -1},
    {.bitmap_index = 2746, .adv_w = 113, .box_w = 3, .box_h = 18, .ofs_x = 2, .ofs_y = -1},
    {.bitmap_index = 2754, .adv_w = 206, .box_w = 10, .box_h = 18, .ofs_x = 1, .ofs_y = -1},
    {.bitmap_index = 2788, .adv_w = 248, .box_w = 14, .box_h = 18, .ofs_x = 2, .ofs_y = -1},
    {.bitmap_index = 2875, .adv_w = 209, .box_w = 11, .box_h = 18, .ofs_x = 2, .ofs_y = -1},
    {.bitmap_index = 2897, .adv_w = 312, .box_w = 16, .box_h = 18, .ofs_x = 2, .ofs_y = -1},
    {.bitmap_index = 3002, .adv_w = 277, .box_w = 13, .box_h = 18, .ofs_x = 2, .ofs_y = -1},
    {.bitmap_index = 3078, .adv_w = 285, .box_w = 16, .box_h = 18, .ofs_x = 1, .ofs_y = -1},
    {.bitmap_index = 3193, .adv_w = 243, .box_w = 13, .box_h = 18, .ofs_x = 2, .ofs_y = -1},
    {.bitmap_index = 3258, .adv_w = 285, .box_w = 16, .box_h = 23, .ofs_x = 1, .ofs_y = -6},
    {.bitmap_index = 3402, .adv_w = 244, .box_w = 13, .box_h = 18, .ofs_x = 2, .ofs_y = -1},
    {.bitmap_index = 3483, .adv_w = 229, .box_w = 13, .box_h = 18, .ofs_x = 1, .ofs_y = -1},
    {.bitmap_index = 3582, .adv_w = 230, .box_w = 14, .box_h = 18, .ofs_x = 0, .ofs_y = -1},
    {.bitmap_index = 3614, .adv_w = 277, .box_w = 14, .box_h = 18, .ofs_x = 2, .ofs_y = -1},
    {.bitmap_index = 3676, .adv_w = 221, .box_w = 14, .box_h = 18, .ofs_x = 0, .ofs_y = -1},
    {.bitmap_index = 3776, .adv_w = 337, .box_w = 21, .box_h = 18, .ofs_x = 0, .ofs_y = -1},
    {.bitmap_index = 3943, .adv_w = 220, .box_w = 14, .box_h = 18, .ofs_x = 0, .ofs_y = -1},
    {.bitmap_index = 4048, .adv_w = 204, .box_w = 13, .box_h = 18, .ofs_x = 0, .ofs_y = -1},
    {.bitmap_index = 4117, .adv_w = 231, .box_w = 13, .box_h = 18, .ofs_x = 1, .ofs_y = -1},
    {.bitmap_index = 4194, .adv_w = 130, .box_w = 6, .box_h = 24, .ofs_x = 2, .ofs_y = -5},
    {.bitmap_index = 4216, .adv_w = 150, .box_w = 10, .box_h = 24, .ofs_x = 0, .ofs_y = -5},
    {.bitmap_index = 4294, .adv_w = 130, .box_w = 6, .box_h = 24, .ofs_x = 0, .ofs_y = -5},
    {.bitmap_index = 4316, .adv_w = 213, .box_w = 11, .box_h = 11, .ofs_x = 1, .ofs_y = 7},
    {.bitmap_index = 4368, .adv_w = 215, .box_w = 14, .box_h = 2, .ofs_x = 0, .ofs_y = -4},
    {.bitmap_index = 4376, .adv_w = 233, .box_w = 6, .box_h = 5, .ofs_x = 3, .ofs_y = 15},
    {.bitmap_index = 4392, .adv_w = 216, .box_w = 11, .box_h = 14, .ofs_x = 1, .ofs_y = -1},
    {.bitmap_index = 4464, .adv_w = 237, .box_w = 12, .box_h = 20, .ofs_x = 2, .ofs_y = -1},
    {.bitmap_index = 4542, .adv_w = 195, .box_w = 11, .box_h = 14, .ofs_x = 1, .ofs_y = -1},
    {.bitmap_index = 4605, .adv_w = 238, .box_w = 12, .box_h = 20, .ofs_x = 1, .ofs_y = -1},
    {.bitmap_index = 4685, .adv_w = 213, .box_w = 12, .box_h = 14, .ofs_x = 1, .ofs_y = -1},
    {.bitmap_index = 4757, .adv_w = 125, .box_w = 9, .box_h = 20, .ofs_x = 0, .ofs_y = -1},
    {.bitmap_index = 4804, .adv_w = 216, .box_w = 13, .box_h = 19, .ofs_x = 1, .ofs_y = -6},
    {.bitmap_index = 4916, .adv_w = 233, .box_w = 11, .box_h = 20, .ofs_x = 2, .ofs_y = -1},
    {.bitmap_index = 4965, .adv_w = 105, .box_w = 4, .box_h = 20, .ofs_x = 1, .ofs_y = -1},
    {.bitmap_index = 4984, .adv_w = 106, .box_w = 6, .box_h = 25, .ofs_x = -1, .ofs_y = -6},
    {.bitmap_index = 5020, .adv_w = 212, .box_w = 11, .box_h = 20, .ofs_x = 2, .ofs_y = -1},
    {.bitmap_index = 5085, .adv_w = 109, .box_w = 4, .box_h = 20, .ofs_x = 2, .ofs_y = -1},
    {.bitmap_index = 5097, .adv_w = 356, .box_w = 19, .box_h = 14, .ofs_x = 2, .ofs_y = -1},
    {.bitmap_index = 5166, .adv_w = 234, .box_w = 11, .box_h = 14, .ofs_x = 2, .ofs_y = -1},
    {.bitmap_index = 5206, .adv_w = 233, .box_w = 13, .box_h = 14, .ofs_x = 1, .ofs_y = -1},
    {.bitmap_index = 5288, .adv_w = 238, .box_w = 12, .box_h = 19, .ofs_x = 2, .ofs_y = -6},
    {.bitmap_index = 5370, .adv_w = 238, .box_w = 12, .box_h = 19, .ofs_x = 1, .ofs_y = -6},
    {.bitmap_index = 5451, .adv_w = 149, .box_w = 8, .box_h = 14, .ofs_x = 2, .ofs_y = -1},
    {.bitmap_index = 5478, .adv_w = 180, .box_w = 11, .box_h = 14, .ofs_x = 0, .ofs_y = -1},
    {.bitmap_index = 5546, .adv_w = 145, .box_w = 9, .box_h = 18, .ofs_x = 0, .ofs_y = -1},
    {.bitmap_index = 5589, .adv_w = 233, .box_w = 12, .box_h = 14, .ofs_x = 1, .ofs_y = -1},
    {.bitmap_index = 5630, .adv_w = 200, .box_w = 13, .box_h = 14, .ofs_x = 0, .ofs_y = -1},
    {.bitmap_index = 5707, .adv_w = 308, .box_w = 19, .box_h = 14, .ofs_x = 0, .ofs_y = -1},
    {.bitmap_index = 5828, .adv_w = 191, .box_w = 12, .box_h = 14, .ofs_x = 0, .ofs_y = -1},
    {.bitmap_index = 5903, .adv_w = 200, .box_w = 13, .box_h = 19, .ofs_x = 0, .ofs_y = -6},
    {.bitmap_index = 5998, .adv_w = 182, .box_w = 11, .box_h = 14, .ofs_x = 0, .ofs_y = -1},
    {.bitmap_index = 6052, .adv_w = 130, .box_w = 8, .box_h = 24, .ofs_x = 0, .ofs_y = -5},
    {.bitmap_index = 6118, .adv_w = 103, .box_w = 3, .box_h = 28, .ofs_x = 2, .ofs_y = -8},
    {.bitmap_index = 6127, .adv_w = 130, .box_w = 8, .box_h = 24, .ofs_x = 0, .ofs_y = -5},
    {.bitmap_index = 6195, .adv_w = 213, .box_w = 12, .box_h = 4, .ofs_x = 1, .ofs_y = 6},
    {.bitmap_index = 6219, .adv_w = 142, .box_w = 7, .box_h = 9, .ofs_x = 1, .ofs_y = 10},
    {.bitmap_index = 6250, .adv_w = 384, .box_w = 16, .box_h = 16, .ofs_x = 4, .ofs_y = 1},
    {.bitmap_index = 6352, .adv_w = 343, .box_w = 20, .box_h = 2, .ofs_x = 1, .ofs_y = 5},
    {.bitmap_index = 6360, .adv_w = 384, .box_w = 20, .box_h = 4, .ofs_x = 2, .ofs_y = 7},
    {.bitmap_index = 6395, .adv_w = 384, .box_w = 22, .box_h = 20, .ofs_x = 1, .ofs_y = -2},
    {.bitmap_index = 6541, .adv_w = 384, .box_w = 12, .box_h = 22, .ofs_x = 6, .ofs_y = -3},
    {.bitmap_index = 6593, .adv_w = 384, .box_w = 23, .box_h = 12, .ofs_x = 0, .ofs_y = 2},
    {.bitmap_index = 6663, .adv_w = 384, .box_w = 12, .box_h = 22, .ofs_x = 6, .ofs_y = -2},
    {.bitmap_index = 6714, .adv_w = 384, .box_w = 23, .box_h = 23, .ofs_x = 0, .ofs_y = -3},
    {.bitmap_index = 6862, .adv_w = 384, .box_w = 8, .box_h = 7, .ofs_x = 8, .ofs_y = 5},
    {.bitmap_index = 6886, .adv_w = 384, .box_w = 8, .box_h = 9, .ofs_x = 8, .ofs_y = 4},
    {.bitmap_index = 6921, .adv_w = 384, .box_w = 23, .box_h = 3, .ofs_x = 1, .ofs_y = 7},
    {.bitmap_index = 6935, .adv_w = 384, .box_w = 22, .box_h = 22, .ofs_x = 1, .ofs_y = -2},
    {.bitmap_index = 7031, .adv_w = 384, .box_w = 22, .box_h = 19, .ofs_x = 1, .ofs_y = -1},
    {.bitmap_index = 7093, .adv_w = 384, .box_w = 22, .box_h = 21, .ofs_x = 1, .ofs_y = -2},
    {.bitmap_index = 7151, .adv_w = 384, .box_w = 22, .box_h = 21, .ofs_x = 1, .ofs_y = -3},
    {.bitmap_index = 7221, .adv_w = 384, .box_w = 22, .box_h = 21, .ofs_x = 1, .ofs_y = -3},
    {.bitmap_index = 7334, .adv_w = 384, .box_w = 22, .box_h = 22, .ofs_x = 1, .ofs_y = -2},
    {.bitmap_index = 7507, .adv_w = 384, .box_w = 22, .box_h = 21, .ofs_x = 1, .ofs_y = -3},
    {.bitmap_index = 7655, .adv_w = 384, .box_w = 22, .box_h = 22, .ofs_x = 1, .ofs_y = -3},
    {.bitmap_index = 7757, .adv_w = 384, .box_w = 20, .box_h = 23, .ofs_x = 2, .ofs_y = -3},
    {.bitmap_index = 7830, .adv_w = 384, .box_w = 20, .box_h = 23, .ofs_x = 2, .ofs_y = -3},
    {.bitmap_index = 7955, .adv_w = 384, .box_w = 22, .box_h = 22, .ofs_x = 1, .ofs_y = -2},
    {.bitmap_index = 8055, .adv_w = 384, .box_w = 22, .box_h = 22, .ofs_x = 1, .ofs_y = -2},
    {.bitmap_index = 8225, .adv_w = 384, .box_w = 22, .box_h = 22, .ofs_x = 1, .ofs_y = -2},
    {.bitmap_index = 8367, .adv_w = 384, .box_w = 20, .box_h = 21, .ofs_x = 2, .ofs_y = -3},
    {.bitmap_index = 8445, .adv_w = 384, .box_w = 22, .box_h = 18, .ofs_x = 1, .ofs_y = -1},
    {.bitmap_index = 8489, .adv_w = 384, .box_w = 22, .box_h = 23, .ofs_x = 1, .ofs_y = -4},
    {.bitmap_index = 8582, .adv_w = 384, .box_w = 22, .box_h = 20, .ofs_x = 1, .ofs_y = -2},
    {.bitmap_index = 8711, .adv_w = 384, .box_w = 22, .box_h = 23, .ofs_x = 1, .ofs_y = -3},
    {.bitmap_index = 8864, .adv_w = 384, .box_w = 22, .box_h = 23, .ofs_x = 1, .ofs_y = -3},
    {.bitmap_index = 9012, .adv_w = 384, .box_w = 23, .box_h = 23, .ofs_x = 0, .ofs_y = -3},
    {.bitmap_index = 9189, .adv_w = 384, .box_w = 22, .box_h = 22, .ofs_x = 1, .ofs_y = -2},
    {.bitmap_index = 9340, .adv_w = 384, .box_w = 22, .box_h = 22, .ofs_x = 1, .ofs_y = -3},
    {.bitmap_index = 9522, .adv_w = 384, .box_w = 24, .box_h = 23, .ofs_x = 0, .ofs_y = -3},
    {.bitmap_index = 9694, .adv_w = 384, .box_w = 23, .box_h = 22, .ofs_x = 1, .ofs_y = -3},
    {.bitmap_index = 9878, .adv_w = 384, .box_w = 22, .box_h = 23, .ofs_x = 1, .ofs_y = -4},
    {.bitmap_index = 10022, .adv_w = 384, .box_w = 23, .box_h = 22, .ofs_x = 0, .ofs_y = -3},
    {.bitmap_index = 10138, .adv_w = 384, .box_w = 23, .box_h = 23, .ofs_x = 0, .ofs_y = -3},
    {.bitmap_index = 10331, .adv_w = 384, .box_w = 23, .box_h = 23, .ofs_x = 0, .ofs_y = -3},
    {.bitmap_index = 10497, .adv_w = 384, .box_w = 22, .box_h = 23, .ofs_x = 1, .ofs_y = -3},
    {.bitmap_index = 10670, .adv_w = 384, .box_w = 24, .box_h = 23, .ofs_x = 0, .ofs_y = -3},
    {.bitmap_index = 10853, .adv_w = 384, .box_w = 23, .box_h = 23, .ofs_x = 0, .ofs_y = -3},
    {.bitmap_index = 10984, .adv_w = 384, .box_w = 23, .box_h = 22, .ofs_x = 1, .ofs_y = -3},
    {.bitmap_index = 11152, .adv_w = 384, .box_w = 24, .box_h = 24, .ofs_x = 0, .ofs_y = -4},
    {.bitmap_index = 11340, .adv_w = 384, .box_w = 24, .box_h = 23, .ofs_x = 0, .ofs_y = -3},
    {.bitmap_index = 11525, .adv_w = 384, .box_w = 23, .box_h = 23, .ofs_x = 0, .ofs_y = -3},
    {.bitmap_index = 11673, .adv_w = 384, .box_w = 22, .box_h = 23, .ofs_x = 1, .ofs_y = -3},
    {.bitmap_index = 11852, .adv_w = 384, .box_w = 23, .box_h = 23, .ofs_x = 0, .ofs_y = -4},
    {.bitmap_index = 12022, .adv_w = 384, .box_w = 22, .box_h = 23, .ofs_x = 1, .ofs_y = -3},
    {.bitmap_index = 12152, .adv_w = 384, .box_w = 22, .box_h = 23, .ofs_x = 0, .ofs_y = -3},
    {.bitmap_index = 12331, .adv_w = 384, .box_w = 23, .box_h = 23, .ofs_x = 1, .ofs_y = -3},
    {.bitmap_index = 12491, .adv_w = 384, .box_w = 24, .box_h = 23, .ofs_x = 0, .ofs_y = -3},
    {.bitmap_index = 12689, .adv_w = 384, .box_w = 22, .box_h = 23, .ofs_x = 1, .ofs_y = -3},
    {.bitmap_index = 12841, .adv_w = 384, .box_w = 22, .box_h = 22, .ofs_x = 1, .ofs_y = -3},
    {.bitmap_index = 13009, .adv_w = 384, .box_w = 23, .box_h = 23, .ofs_x = 1, .ofs_y = -3},
    {.bitmap_index = 13159, .adv_w = 384, .box_w = 22, .box_h = 21, .ofs_x = 1, .ofs_y = -3},
    {.bitmap_index = 13301, .adv_w = 384, .box_w = 22, .box_h = 21, .ofs_x = 1, .ofs_y = -2},
    {.bitmap_index = 13439, .adv_w = 384, .box_w = 22, .box_h = 21, .ofs_x = 1, .ofs_y = -3},
    {.bitmap_index = 13589, .adv_w = 384, .box_w = 22, .box_h = 21, .ofs_x = 1, .ofs_y = -2},
    {.bitmap_index = 13717, .adv_w = 384, .box_w = 22, .box_h = 22, .ofs_x = 1, .ofs_y = -3},
    {.bitmap_index = 13881, .adv_w = 384, .box_w = 22, .box_h = 22, .ofs_x = 1, .ofs_y = -2},
    {.bitmap_index = 14035, .adv_w = 384, .box_w = 22, .box_h = 21, .ofs_x = 1, .ofs_y = -2},
    {.bitmap_index = 14170, .adv_w = 384, .box_w = 20, .box_h = 23, .ofs_x = 2, .ofs_y = -3},
    {.bitmap_index = 14300, .adv_w = 384, .box_w = 24, .box_h = 21, .ofs_x = 0, .ofs_y = -3},
    {.bitmap_index = 14425, .adv_w = 384, .box_w = 23, .box_h = 23, .ofs_x = 1, .ofs_y = -3},
    {.bitmap_index = 14612, .adv_w = 384, .box_w = 22, .box_h = 23, .ofs_x = 1, .ofs_y = -3},
    {.bitmap_index = 14797, .adv_w = 384, .box_w = 22, .box_h = 23, .ofs_x = 1, .ofs_y = -3},
    {.bitmap_index = 14987, .adv_w = 384, .box_w = 23, .box_h = 22, .ofs_x = 1, .ofs_y = -2},
    {.bitmap_index = 15160, .adv_w = 384, .box_w = 22, .box_h = 23, .ofs_x = 1, .ofs_y = -3},
    {.bitmap_index = 15332, .adv_w = 384, .box_w = 23, .box_h = 21, .ofs_x = 1, .ofs_y = -2},
    {.bitmap_index = 15427, .adv_w = 384, .box_w = 22, .box_h = 22, .ofs_x = 1, .ofs_y = -3},
    {.bitmap_index = 15522, .adv_w = 384, .box_w = 24, .box_h = 23, .ofs_x = 0, .ofs_y = -3},
    {.bitmap_index = 15636, .adv_w = 384, .box_w = 22, .box_h = 23, .ofs_x = 1, .ofs_y = -3},
    {.bitmap_index = 15811, .adv_w = 384, .box_w = 23, .box_h = 22, .ofs_x = 0, .ofs_y = -3},
    {.bitmap_index = 15996, .adv_w = 384, .box_w = 22, .box_h = 22, .ofs_x = 1, .ofs_y = -3},
    {.bitmap_index = 16150, .adv_w = 384, .box_w = 21, .box_h = 22, .ofs_x = 1, .ofs_y = -2},
    {.bitmap_index = 16300, .adv_w = 384, .box_w = 22, .box_h = 22, .ofs_x = 1, .ofs_y = -3},
    {.bitmap_index = 16442, .adv_w = 384, .box_w = 22, .box_h = 22, .ofs_x = 0, .ofs_y = -3},
    {.bitmap_index = 16590, .adv_w = 384, .box_w = 23, .box_h = 22, .ofs_x = 0, .ofs_y = -3},
    {.bitmap_index = 16748, .adv_w = 384, .box_w = 22, .box_h = 23, .ofs_x = 1, .ofs_y = -3},
    {.bitmap_index = 16936, .adv_w = 384, .box_w = 22, .box_h = 23, .ofs_x = 1, .ofs_y = -3},
    {.bitmap_index = 17105, .adv_w = 384, .box_w = 22, .box_h = 23, .ofs_x = 1, .ofs_y = -3},
    {.bitmap_index = 17270, .adv_w = 384, .box_w = 21, .box_h = 23, .ofs_x = 1, .ofs_y = -3},
    {.bitmap_index = 17409, .adv_w = 384, .box_w = 22, .box_h = 22, .ofs_x = 1, .ofs_y = -2},
    {.bitmap_index = 17580, .adv_w = 384, .box_w = 22, .box_h = 22, .ofs_x = 0, .ofs_y = -2},
    {.bitmap_index = 17730, .adv_w = 384, .box_w = 22, .box_h = 22, .ofs_x = 1, .ofs_y = -2},
    {.bitmap_index = 17915, .adv_w = 384, .box_w = 22, .box_h = 22, .ofs_x = 1, .ofs_y = -2},
    {.bitmap_index = 18104, .adv_w = 384, .box_w = 23, .box_h = 23, .ofs_x = 0, .ofs_y = -3},
    {.bitmap_index = 18288, .adv_w = 384, .box_w = 22, .box_h = 23, .ofs_x = 1, .ofs_y = -3},
    {.bitmap_index = 18490, .adv_w = 384, .box_w = 22, .box_h = 24, .ofs_x = 0, .ofs_y = -4},
    {.bitmap_index = 18670, .adv_w = 384, .box_w = 23, .box_h = 22, .ofs_x = 1, .ofs_y = -2},
    {.bitmap_index = 18817, .adv_w = 384, .box_w = 24, .box_h = 22, .ofs_x = 0, .ofs_y = -3},
    {.bitmap_index = 18995, .adv_w = 384, .box_w = 21, .box_h = 21, .ofs_x = 2, .ofs_y = -2},
    {.bitmap_index = 19131, .adv_w = 384, .box_w = 22, .box_h = 22, .ofs_x = 1, .ofs_y = -3},
    {.bitmap_index = 19213, .adv_w = 384, .box_w = 22, .box_h = 23, .ofs_x = 1, .ofs_y = -3},
    {.bitmap_index = 19312, .adv_w = 384, .box_w = 22, .box_h = 22, .ofs_x = 1, .ofs_y = -3},
    {.bitmap_index = 19455, .adv_w = 384, .box_w = 22, .box_h = 23, .ofs_x = 1, .ofs_y = -3},
    {.bitmap_index = 19552, .adv_w = 384, .box_w = 21, .box_h = 22, .ofs_x = 1, .ofs_y = -3},
    {.bitmap_index = 19684, .adv_w = 384, .box_w = 22, .box_h = 23, .ofs_x = 1, .ofs_y = -3},
    {.bitmap_index = 19838, .adv_w = 384, .box_w = 23, .box_h = 22, .ofs_x = 1, .ofs_y = -2},
    {.bitmap_index = 20028, .adv_w = 384, .box_w = 22, .box_h = 21, .ofs_x = 1, .ofs_y = -3},
    {.bitmap_index = 20113, .adv_w = 384, .box_w = 23, .box_h = 21, .ofs_x = 1, .ofs_y = -2},
    {.bitmap_index = 20239, .adv_w = 384, .box_w = 22, .box_h = 21, .ofs_x = 1, .ofs_y = -2},
    {.bitmap_index = 20384, .adv_w = 384, .box_w = 22, .box_h = 22, .ofs_x = 1, .ofs_y = -3},
    {.bitmap_index = 20545, .adv_w = 384, .box_w = 22, .box_h = 22, .ofs_x = 1, .ofs_y = -2},
    {.bitmap_index = 20680, .adv_w = 384, .box_w = 22, .box_h = 22, .ofs_x = 1, .ofs_y = -2},
    {.bitmap_index = 20879, .adv_w = 384, .box_w = 22, .box_h = 21, .ofs_x = 1, .ofs_y = -3},
    {.bitmap_index = 21049, .adv_w = 384, .box_w = 22, .box_h = 23, .ofs_x = 1, .ofs_y = -3},
    {.bitmap_index = 21246, .adv_w = 384, .box_w = 24, .box_h = 21, .ofs_x = 0, .ofs_y = -3},
    {.bitmap_index = 21429, .adv_w = 384, .box_w = 22, .box_h = 21, .ofs_x = 1, .ofs_y = -2},
    {.bitmap_index = 21612, .adv_w = 384, .box_w = 21, .box_h = 19, .ofs_x = 2, .ofs_y = -2},
    {.bitmap_index = 21662, .adv_w = 384, .box_w = 22, .box_h = 21, .ofs_x = 1, .ofs_y = -3},
    {.bitmap_index = 21749, .adv_w = 384, .box_w = 24, .box_h = 23, .ofs_x = 0, .ofs_y = -3},
    {.bitmap_index = 21886, .adv_w = 384, .box_w = 22, .box_h = 23, .ofs_x = 1, .ofs_y = -4},
    {.bitmap_index = 22017, .adv_w = 384, .box_w = 20, .box_h = 20, .ofs_x = 2, .ofs_y = -2},
    {.bitmap_index = 22102, .adv_w = 384, .box_w = 24, .box_h = 23, .ofs_x = 0, .ofs_y = -3},
    {.bitmap_index = 22270, .adv_w = 384, .box_w = 23, .box_h = 23, .ofs_x = 0, .ofs_y = -3},
    {.bitmap_index = 22420, .adv_w = 384, .box_w = 23, .box_h = 22, .ofs_x = 1, .ofs_y = -2},
    {.bitmap_index = 22557, .adv_w = 384, .box_w = 20, .box_h = 23, .ofs_x = 2, .ofs_y = -3},
    {.bitmap_index = 22657, .adv_w = 384, .box_w = 22, .box_h = 22, .ofs_x = 1, .ofs_y = -4},
    {.bitmap_index = 22813, .adv_w = 384, .box_w = 24, .box_h = 22, .ofs_x = 0, .ofs_y = -3},
    {.bitmap_index = 22955, .adv_w = 384, .box_w = 24, .box_h = 23, .ofs_x = 0, .ofs_y = -3},
    {.bitmap_index = 23108, .adv_w = 384, .box_w = 21, .box_h = 23, .ofs_x = 1, .ofs_y = -3},
    {.bitmap_index = 23238, .adv_w = 384, .box_w = 22, .box_h = 22, .ofs_x = 1, .ofs_y = -3},
    {.bitmap_index = 23396, .adv_w = 384, .box_w = 22, .box_h = 23, .ofs_x = 1, .ofs_y = -3},
    {.bitmap_index = 23545, .adv_w = 384, .box_w = 22, .box_h = 23, .ofs_x = 0, .ofs_y = -3},
    {.bitmap_index = 23705, .adv_w = 384, .box_w = 22, .box_h = 23, .ofs_x = 1, .ofs_y = -4},
    {.bitmap_index = 23894, .adv_w = 384, .box_w = 24, .box_h = 23, .ofs_x = 0, .ofs_y = -3},
    {.bitmap_index = 24049, .adv_w = 384, .box_w = 23, .box_h = 23, .ofs_x = 1, .ofs_y = -3},
    {.bitmap_index = 24234, .adv_w = 384, .box_w = 24, .box_h = 22, .ofs_x = 0, .ofs_y = -3},
    {.bitmap_index = 24419, .adv_w = 384, .box_w = 22, .box_h = 20, .ofs_x = 1, .ofs_y = -2},
    {.bitmap_index = 24538, .adv_w = 384, .box_w = 22, .box_h = 22, .ofs_x = 1, .ofs_y = -3},
    {.bitmap_index = 24621, .adv_w = 384, .box_w = 22, .box_h = 22, .ofs_x = 1, .ofs_y = -3},
    {.bitmap_index = 24760, .adv_w = 384, .box_w = 22, .box_h = 22, .ofs_x = 1, .ofs_y = -3},
    {.bitmap_index = 24899, .adv_w = 384, .box_w = 22, .box_h = 22, .ofs_x = 1, .ofs_y = -2},
    {.bitmap_index = 24966, .adv_w = 384, .box_w = 22, .box_h = 23, .ofs_x = 1, .ofs_y = -3},
    {.bitmap_index = 25098, .adv_w = 384, .box_w = 23, .box_h = 22, .ofs_x = 1, .ofs_y = -2},
    {.bitmap_index = 25267, .adv_w = 384, .box_w = 23, .box_h = 22, .ofs_x = 1, .ofs_y = -2},
    {.bitmap_index = 25394, .adv_w = 384, .box_w = 22, .box_h = 24, .ofs_x = 1, .ofs_y = -4},
    {.bitmap_index = 25576, .adv_w = 384, .box_w = 22, .box_h = 23, .ofs_x = 1, .ofs_y = -3},
    {.bitmap_index = 25749, .adv_w = 384, .box_w = 22, .box_h = 22, .ofs_x = 1, .ofs_y = -2},
    {.bitmap_index = 25911, .adv_w = 384, .box_w = 23, .box_h = 22, .ofs_x = 1, .ofs_y = -2},
    {.bitmap_index = 26070, .adv_w = 384, .box_w = 23, .box_h = 23, .ofs_x = 0, .ofs_y = -3},
    {.bitmap_index = 26272, .adv_w = 384, .box_w = 24, .box_h = 23, .ofs_x = 0, .ofs_y = -3},
    {.bitmap_index = 26455, .adv_w = 384, .box_w = 24, .box_h = 23, .ofs_x = 0, .ofs_y = -3},
    {.bitmap_index = 26657, .adv_w = 384, .box_w = 23, .box_h = 22, .ofs_x = 1, .ofs_y = -2},
    {.bitmap_index = 26832, .adv_w = 384, .box_w = 23, .box_h = 23, .ofs_x = 0, .ofs_y = -3},
    {.bitmap_index = 27022, .adv_w = 384, .box_w = 22, .box_h = 22, .ofs_x = 1, .ofs_y = -2},
    {.bitmap_index = 27088, .adv_w = 384, .box_w = 22, .box_h = 22, .ofs_x = 1, .ofs_y = -2},
    {.bitmap_index = 27208, .adv_w = 384, .box_w = 23, .box_h = 22, .ofs_x = 1, .ofs_y = -2},
    {.bitmap_index = 27389, .adv_w = 384, .box_w = 24, .box_h = 23, .ofs_x = 0, .ofs_y = -3},
    {.bitmap_index = 27569, .adv_w = 384, .box_w = 22, .box_h = 23, .ofs_x = 1, .ofs_y = -3},
    {.bitmap_index = 27736, .adv_w = 384, .box_w = 23, .box_h = 23, .ofs_x = 1, .ofs_y = -3},
    {.bitmap_index = 27904, .adv_w = 384, .box_w = 22, .box_h = 23, .ofs_x = 1, .ofs_y = -3},
    {.bitmap_index = 28097, .adv_w = 384, .box_w = 24, .box_h = 23, .ofs_x = 0, .ofs_y = -3},
    {.bitmap_index = 28294, .adv_w = 384, .box_w = 22, .box_h = 22, .ofs_x = 1, .ofs_y = -2},
    {.bitmap_index = 28436, .adv_w = 384, .box_w = 22, .box_h = 20, .ofs_x = 1, .ofs_y = -2},
    {.bitmap_index = 28564, .adv_w = 384, .box_w = 22, .box_h = 22, .ofs_x = 1, .ofs_y = -2},
    {.bitmap_index = 28713, .adv_w = 384, .box_w = 22, .box_h = 22, .ofs_x = 1, .ofs_y = -2},
    {.bitmap_index = 28877, .adv_w = 384, .box_w = 22, .box_h = 23, .ofs_x = 1, .ofs_y = -3},
    {.bitmap_index = 29049, .adv_w = 384, .box_w = 22, .box_h = 23, .ofs_x = 1, .ofs_y = -3},
    {.bitmap_index = 29203, .adv_w = 384, .box_w = 23, .box_h = 23, .ofs_x = 0, .ofs_y = -3},
    {.bitmap_index = 29424, .adv_w = 384, .box_w = 24, .box_h = 23, .ofs_x = 0, .ofs_y = -3},
    {.bitmap_index = 29621, .adv_w = 384, .box_w = 24, .box_h = 23, .ofs_x = 0, .ofs_y = -3},
    {.bitmap_index = 29831, .adv_w = 384, .box_w = 22, .box_h = 21, .ofs_x = 1, .ofs_y = -3},
    {.bitmap_index = 29925, .adv_w = 384, .box_w = 22, .box_h = 23, .ofs_x = 1, .ofs_y = -3},
    {.bitmap_index = 30042, .adv_w = 384, .box_w = 23, .box_h = 23, .ofs_x = 1, .ofs_y = -3},
    {.bitmap_index = 30185, .adv_w = 384, .box_w = 23, .box_h = 23, .ofs_x = 1, .ofs_y = -3},
    {.bitmap_index = 30387, .adv_w = 384, .box_w = 20, .box_h = 22, .ofs_x = 2, .ofs_y = -2},
    {.bitmap_index = 30513, .adv_w = 384, .box_w = 22, .box_h = 23, .ofs_x = 1, .ofs_y = -3},
    {.bitmap_index = 30697, .adv_w = 384, .box_w = 22, .box_h = 23, .ofs_x = 1, .ofs_y = -3},
    {.bitmap_index = 30850, .adv_w = 384, .box_w = 22, .box_h = 23, .ofs_x = 1, .ofs_y = -3},
    {.bitmap_index = 31002, .adv_w = 384, .box_w = 22, .box_h = 23, .ofs_x = 1, .ofs_y = -3},
    {.bitmap_index = 31203, .adv_w = 384, .box_w = 24, .box_h = 23, .ofs_x = 0, .ofs_y = -3},
    {.bitmap_index = 31386, .adv_w = 384, .box_w = 22, .box_h = 23, .ofs_x = 1, .ofs_y = -3},
    {.bitmap_index = 31492, .adv_w = 384, .box_w = 22, .box_h = 23, .ofs_x = 1, .ofs_y = -3},
    {.bitmap_index = 31665, .adv_w = 384, .box_w = 23, .box_h = 23, .ofs_x = 0, .ofs_y = -3},
    {.bitmap_index = 31849, .adv_w = 384, .box_w = 23, .box_h = 22, .ofs_x = 1, .ofs_y = -3},
    {.bitmap_index = 31969, .adv_w = 384, .box_w = 22, .box_h = 22, .ofs_x = 1, .ofs_y = -2},
    {.bitmap_index = 32114, .adv_w = 384, .box_w = 22, .box_h = 23, .ofs_x = 1, .ofs_y = -3},
    {.bitmap_index = 32276, .adv_w = 384, .box_w = 22, .box_h = 22, .ofs_x = 1, .ofs_y = -3},
    {.bitmap_index = 32409, .adv_w = 384, .box_w = 23, .box_h = 22, .ofs_x = 0, .ofs_y = -3},
    {.bitmap_index = 32577, .adv_w = 384, .box_w = 22, .box_h = 22, .ofs_x = 1, .ofs_y = -3},
    {.bitmap_index = 32746, .adv_w = 384, .box_w = 21, .box_h = 23, .ofs_x = 1, .ofs_y = -4},
    {.bitmap_index = 32932, .adv_w = 384, .box_w = 22, .box_h = 23, .ofs_x = 1, .ofs_y = -4},
    {.bitmap_index = 33131, .adv_w = 384, .box_w = 21, .box_h = 22, .ofs_x = 1, .ofs_y = -3},
    {.bitmap_index = 33315, .adv_w = 384, .box_w = 22, .box_h = 18, .ofs_x = 1, .ofs_y = -1},
    {.bitmap_index = 33363, .adv_w = 384, .box_w = 23, .box_h = 22, .ofs_x = 0, .ofs_y = -2},
    {.bitmap_index = 33496, .adv_w = 384, .box_w = 24, .box_h = 21, .ofs_x = 0, .ofs_y = -3},
    {.bitmap_index = 33648, .adv_w = 384, .box_w = 20, .box_h = 21, .ofs_x = 3, .ofs_y = -2},
    {.bitmap_index = 33727, .adv_w = 384, .box_w = 21, .box_h = 20, .ofs_x = 2, .ofs_y = -2},
    {.bitmap_index = 33813, .adv_w = 384, .box_w = 22, .box_h = 23, .ofs_x = 1, .ofs_y = -3},
    {.bitmap_index = 33954, .adv_w = 384, .box_w = 22, .box_h = 23, .ofs_x = 1, .ofs_y = -3},
    {.bitmap_index = 34110, .adv_w = 384, .box_w = 21, .box_h = 23, .ofs_x = 2, .ofs_y = -3},
    {.bitmap_index = 34272, .adv_w = 384, .box_w = 22, .box_h = 21, .ofs_x = 1, .ofs_y = -3},
    {.bitmap_index = 34335, .adv_w = 384, .box_w = 22, .box_h = 21, .ofs_x = 1, .ofs_y = -3},
    {.bitmap_index = 34437, .adv_w = 384, .box_w = 22, .box_h = 23, .ofs_x = 1, .ofs_y = -3},
    {.bitmap_index = 34553, .adv_w = 384, .box_w = 22, .box_h = 23, .ofs_x = 1, .ofs_y = -3},
    {.bitmap_index = 34699, .adv_w = 384, .box_w = 22, .box_h = 23, .ofs_x = 1, .ofs_y = -3},
    {.bitmap_index = 34862, .adv_w = 384, .box_w = 22, .box_h = 23, .ofs_x = 1, .ofs_y = -3},
    {.bitmap_index = 35040, .adv_w = 384, .box_w = 22, .box_h = 23, .ofs_x = 1, .ofs_y = -3},
    {.bitmap_index = 35220, .adv_w = 384, .box_w = 22, .box_h = 23, .ofs_x = 1, .ofs_y = -3},
    {.bitmap_index = 35399, .adv_w = 384, .box_w = 22, .box_h = 23, .ofs_x = 1, .ofs_y = -3},
    {.bitmap_index = 35588, .adv_w = 384, .box_w = 22, .box_h = 21, .ofs_x = 1, .ofs_y = -3},
    {.bitmap_index = 35697, .adv_w = 384, .box_w = 23, .box_h = 23, .ofs_x = 1, .ofs_y = -3},
    {.bitmap_index = 35862, .adv_w = 384, .box_w = 22, .box_h = 23, .ofs_x = 1, .ofs_y = -4},
    {.bitmap_index = 36050, .adv_w = 384, .box_w = 19, .box_h = 23, .ofs_x = 2, .ofs_y = -3},
    {.bitmap_index = 36171, .adv_w = 384, .box_w = 22, .box_h = 22, .ofs_x = 1, .ofs_y = -3},
    {.bitmap_index = 36349, .adv_w = 384, .box_w = 23, .box_h = 23, .ofs_x = 0, .ofs_y = -3},
    {.bitmap_index = 36522, .adv_w = 384, .box_w = 24, .box_h = 23, .ofs_x = 0, .ofs_y = -3},
    {.bitmap_index = 36741, .adv_w = 384, .box_w = 24, .box_h = 23, .ofs_x = 0, .ofs_y = -3},
    {.bitmap_index = 36955, .adv_w = 384, .box_w = 23, .box_h = 21, .ofs_x = 1, .ofs_y = -2},
    {.bitmap_index = 37107, .adv_w = 384, .box_w = 23, .box_h = 23, .ofs_x = 0, .ofs_y = -3},
    {.bitmap_index = 37282, .adv_w = 384, .box_w = 22, .box_h = 22, .ofs_x = 1, .ofs_y = -2},
    {.bitmap_index = 37464, .adv_w = 384, .box_w = 22, .box_h = 23, .ofs_x = 1, .ofs_y = -3},
    {.bitmap_index = 37656, .adv_w = 384, .box_w = 22, .box_h = 22, .ofs_x = 1, .ofs_y = -2},
    {.bitmap_index = 37810, .adv_w = 384, .box_w = 22, .box_h = 22, .ofs_x = 1, .ofs_y = -2},
    {.bitmap_index = 38010, .adv_w = 384, .box_w = 22, .box_h = 21, .ofs_x = 1, .ofs_y = -2},
    {.bitmap_index = 38176, .adv_w = 384, .box_w = 22, .box_h = 22, .ofs_x = 1, .ofs_y = -2},
    {.bitmap_index = 38368, .adv_w = 384, .box_w = 22, .box_h = 22, .ofs_x = 1, .ofs_y = -2},
    {.bitmap_index = 38536, .adv_w = 384, .box_w = 23, .box_h = 23, .ofs_x = 1, .ofs_y = -3},
    {.bitmap_index = 38748, .adv_w = 384, .box_w = 24, .box_h = 23, .ofs_x = 0, .ofs_y = -3},
    {.bitmap_index = 38941, .adv_w = 384, .box_w = 22, .box_h = 23, .ofs_x = 1, .ofs_y = -3},
    {.bitmap_index = 39141, .adv_w = 384, .box_w = 22, .box_h = 23, .ofs_x = 1, .ofs_y = -3},
    {.bitmap_index = 39333, .adv_w = 384, .box_w = 23, .box_h = 22, .ofs_x = 0, .ofs_y = -3},
    {.bitmap_index = 39506, .adv_w = 384, .box_w = 22, .box_h = 23, .ofs_x = 0, .ofs_y = -3},
    {.bitmap_index = 39697, .adv_w = 384, .box_w = 22, .box_h = 23, .ofs_x = 1, .ofs_y = -3},
    {.bitmap_index = 39805, .adv_w = 384, .box_w = 22, .box_h = 22, .ofs_x = 1, .ofs_y = -2},
    {.bitmap_index = 39925, .adv_w = 384, .box_w = 22, .box_h = 23, .ofs_x = 1, .ofs_y = -3},
    {.bitmap_index = 40050, .adv_w = 384, .box_w = 23, .box_h = 23, .ofs_x = 1, .ofs_y = -3},
    {.bitmap_index = 40178, .adv_w = 384, .box_w = 23, .box_h = 23, .ofs_x = 1, .ofs_y = -3},
    {.bitmap_index = 40318, .adv_w = 384, .box_w = 22, .box_h = 23, .ofs_x = 1, .ofs_y = -3},
    {.bitmap_index = 40504, .adv_w = 384, .box_w = 23, .box_h = 22, .ofs_x = 0, .ofs_y = -2},
    {.bitmap_index = 40694, .adv_w = 384, .box_w = 24, .box_h = 23, .ofs_x = 0, .ofs_y = -3},
    {.bitmap_index = 40869, .adv_w = 384, .box_w = 24, .box_h = 23, .ofs_x = 0, .ofs_y = -3},
    {.bitmap_index = 41030, .adv_w = 384, .box_w = 23, .box_h = 23, .ofs_x = 0, .ofs_y = -3},
    {.bitmap_index = 41240, .adv_w = 384, .box_w = 23, .box_h = 23, .ofs_x = 1, .ofs_y = -3},
    {.bitmap_index = 41429, .adv_w = 384, .box_w = 24, .box_h = 23, .ofs_x = 0, .ofs_y = -3},
    {.bitmap_index = 41613, .adv_w = 384, .box_w = 23, .box_h = 22, .ofs_x = 0, .ofs_y = -3},
    {.bitmap_index = 41766, .adv_w = 384, .box_w = 24, .box_h = 23, .ofs_x = 0, .ofs_y = -3},
    {.bitmap_index = 41979, .adv_w = 384, .box_w = 23, .box_h = 23, .ofs_x = 1, .ofs_y = -3},
    {.bitmap_index = 42180, .adv_w = 384, .box_w = 22, .box_h = 23, .ofs_x = 1, .ofs_y = -3},
    {.bitmap_index = 42375, .adv_w = 384, .box_w = 23, .box_h = 22, .ofs_x = 0, .ofs_y = -2},
    {.bitmap_index = 42547, .adv_w = 384, .box_w = 22, .box_h = 24, .ofs_x = 1, .ofs_y = -4},
    {.bitmap_index = 42720, .adv_w = 384, .box_w = 24, .box_h = 23, .ofs_x = 0, .ofs_y = -3},
    {.bitmap_index = 42902, .adv_w = 384, .box_w = 22, .box_h = 23, .ofs_x = 1, .ofs_y = -3},
    {.bitmap_index = 43097, .adv_w = 384, .box_w = 24, .box_h = 23, .ofs_x = 0, .ofs_y = -3},
    {.bitmap_index = 43318, .adv_w = 384, .box_w = 24, .box_h = 23, .ofs_x = 0, .ofs_y = -3},
    {.bitmap_index = 43502, .adv_w = 384, .box_w = 24, .box_h = 22, .ofs_x = 0, .ofs_y = -2},
    {.bitmap_index = 43684, .adv_w = 384, .box_w = 23, .box_h = 23, .ofs_x = 1, .ofs_y = -3},
    {.bitmap_index = 43848, .adv_w = 384, .box_w = 23, .box_h = 23, .ofs_x = 0, .ofs_y = -3},
    {.bitmap_index = 44045, .adv_w = 384, .box_w = 24, .box_h = 24, .ofs_x = 0, .ofs_y = -4},
    {.bitmap_index = 44288, .adv_w = 384, .box_w = 23, .box_h = 24, .ofs_x = 1, .ofs_y = -4},
    {.bitmap_index = 44505, .adv_w = 384, .box_w = 22, .box_h = 23, .ofs_x = 1, .ofs_y = -3},
    {.bitmap_index = 44660, .adv_w = 384, .box_w = 23, .box_h = 22, .ofs_x = 1, .ofs_y = -3},
    {.bitmap_index = 44836, .adv_w = 384, .box_w = 24, .box_h = 23, .ofs_x = 0, .ofs_y = -3},
    {.bitmap_index = 45060, .adv_w = 384, .box_w = 23, .box_h = 23, .ofs_x = 0, .ofs_y = -3},
    {.bitmap_index = 45282, .adv_w = 384, .box_w = 23, .box_h = 23, .ofs_x = 1, .ofs_y = -3},
    {.bitmap_index = 45513, .adv_w = 384, .box_w = 22, .box_h = 23, .ofs_x = 1, .ofs_y = -3},
    {.bitmap_index = 45679, .adv_w = 384, .box_w = 23, .box_h = 23, .ofs_x = 1, .ofs_y = -3},
    {.bitmap_index = 45858, .adv_w = 384, .box_w = 22, .box_h = 23, .ofs_x = 1, .ofs_y = -3},
    {.bitmap_index = 46047, .adv_w = 384, .box_w = 22, .box_h = 22, .ofs_x = 1, .ofs_y = -2},
    {.bitmap_index = 46189, .adv_w = 384, .box_w = 24, .box_h = 23, .ofs_x = 0, .ofs_y = -3},
    {.bitmap_index = 46410, .adv_w = 384, .box_w = 22, .box_h = 20, .ofs_x = 1, .ofs_y = -2},
    {.bitmap_index = 46539, .adv_w = 384, .box_w = 18, .box_h = 20, .ofs_x = 3, .ofs_y = -2},
    {.bitmap_index = 46598, .adv_w = 384, .box_w = 22, .box_h = 22, .ofs_x = 1, .ofs_y = -2},
    {.bitmap_index = 46727, .adv_w = 384, .box_w = 22, .box_h = 23, .ofs_x = 1, .ofs_y = -4},
    {.bitmap_index = 46873, .adv_w = 384, .box_w = 22, .box_h = 21, .ofs_x = 1, .ofs_y = -2},
    {.bitmap_index = 47010, .adv_w = 384, .box_w = 22, .box_h = 22, .ofs_x = 1, .ofs_y = -3},
    {.bitmap_index = 47156, .adv_w = 384, .box_w = 24, .box_h = 21, .ofs_x = 0, .ofs_y = -2},
    {.bitmap_index = 47300, .adv_w = 384, .box_w = 24, .box_h = 23, .ofs_x = 0, .ofs_y = -3},
    {.bitmap_index = 47460, .adv_w = 384, .box_w = 24, .box_h = 23, .ofs_x = 0, .ofs_y = -3},
    {.bitmap_index = 47651, .adv_w = 384, .box_w = 22, .box_h = 22, .ofs_x = 1, .ofs_y = -3},
    {.bitmap_index = 47748, .adv_w = 384, .box_w = 22, .box_h = 22, .ofs_x = 1, .ofs_y = -3},
    {.bitmap_index = 47910, .adv_w = 384, .box_w = 24, .box_h = 23, .ofs_x = 0, .ofs_y = -3},
    {.bitmap_index = 48117, .adv_w = 384, .box_w = 22, .box_h = 22, .ofs_x = 1, .ofs_y = -3},
    {.bitmap_index = 48295, .adv_w = 384, .box_w = 19, .box_h = 22, .ofs_x = 1, .ofs_y = -3},
    {.bitmap_index = 48398, .adv_w = 384, .box_w = 22, .box_h = 23, .ofs_x = 1, .ofs_y = -3},
    {.bitmap_index = 48545, .adv_w = 384, .box_w = 22, .box_h = 22, .ofs_x = 1, .ofs_y = -3},
    {.bitmap_index = 48721, .adv_w = 384, .box_w = 23, .box_h = 24, .ofs_x = 0, .ofs_y = -4},
    {.bitmap_index = 48913, .adv_w = 384, .box_w = 23, .box_h = 23, .ofs_x = 0, .ofs_y = -3},
    {.bitmap_index = 49096, .adv_w = 384, .box_w = 22, .box_h = 23, .ofs_x = 1, .ofs_y = -3},
    {.bitmap_index = 49236, .adv_w = 384, .box_w = 22, .box_h = 23, .ofs_x = 1, .ofs_y = -3},
    {.bitmap_index = 49373, .adv_w = 384, .box_w = 24, .box_h = 23, .ofs_x = 0, .ofs_y = -3},
    {.bitmap_index = 49542, .adv_w = 384, .box_w = 22, .box_h = 23, .ofs_x = 1, .ofs_y = -3},
    {.bitmap_index = 49719, .adv_w = 384, .box_w = 24, .box_h = 23, .ofs_x = 0, .ofs_y = -3},
    {.bitmap_index = 49886, .adv_w = 384, .box_w = 22, .box_h = 23, .ofs_x = 1, .ofs_y = -3},
    {.bitmap_index = 50040, .adv_w = 384, .box_w = 22, .box_h = 23, .ofs_x = 1, .ofs_y = -3},
    {.bitmap_index = 50233, .adv_w = 384, .box_w = 22, .box_h = 23, .ofs_x = 1, .ofs_y = -3},
    {.bitmap_index = 50399, .adv_w = 384, .box_w = 24, .box_h = 23, .ofs_x = 0, .ofs_y = -3},
    {.bitmap_index = 50559, .adv_w = 384, .box_w = 23, .box_h = 23, .ofs_x = 0, .ofs_y = -3},
    {.bitmap_index = 50772, .adv_w = 384, .box_w = 24, .box_h = 23, .ofs_x = 0, .ofs_y = -3},
    {.bitmap_index = 50976, .adv_w = 384, .box_w = 22, .box_h = 22, .ofs_x = 1, .ofs_y = -3},
    {.bitmap_index = 51140, .adv_w = 384, .box_w = 22, .box_h = 23, .ofs_x = 1, .ofs_y = -3},
    {.bitmap_index = 51324, .adv_w = 384, .box_w = 23, .box_h = 23, .ofs_x = 0, .ofs_y = -3},
    {.bitmap_index = 51502, .adv_w = 384, .box_w = 22, .box_h = 23, .ofs_x = 1, .ofs_y = -3},
    {.bitmap_index = 51707, .adv_w = 384, .box_w = 22, .box_h = 23, .ofs_x = 1, .ofs_y = -3},
    {.bitmap_index = 51889, .adv_w = 384, .box_w = 24, .box_h = 23, .ofs_x = 0, .ofs_y = -3},
    {.bitmap_index = 52061, .adv_w = 384, .box_w = 22, .box_h = 23, .ofs_x = 0, .ofs_y = -3},
    {.bitmap_index = 52232, .adv_w = 384, .box_w = 23, .box_h = 23, .ofs_x = 0, .ofs_y = -3},
    {.bitmap_index = 52454, .adv_w = 384, .box_w = 23, .box_h = 23, .ofs_x = 0, .ofs_y = -3},
    {.bitmap_index = 52651, .adv_w = 384, .box_w = 22, .box_h = 23, .ofs_x = 1, .ofs_y = -3},
    {.bitmap_index = 52853, .adv_w = 384, .box_w = 24, .box_h = 24, .ofs_x = 0, .ofs_y = -4},
    {.bitmap_index = 53078, .adv_w = 384, .box_w = 22, .box_h = 23, .ofs_x = 1, .ofs_y = -3},
    {.bitmap_index = 53252, .adv_w = 384, .box_w = 23, .box_h = 23, .ofs_x = 0, .ofs_y = -3},
    {.bitmap_index = 53460, .adv_w = 384, .box_w = 23, .box_h = 23, .ofs_x = 1, .ofs_y = -3},
    {.bitmap_index = 53663, .adv_w = 384, .box_w = 22, .box_h = 22, .ofs_x = 1, .ofs_y = -2},
    {.bitmap_index = 53736, .adv_w = 384, .box_w = 22, .box_h = 22, .ofs_x = 1, .ofs_y = -2},
    {.bitmap_index = 53887, .adv_w = 384, .box_w = 24, .box_h = 23, .ofs_x = 0, .ofs_y = -3},
    {.bitmap_index = 54100, .adv_w = 384, .box_w = 22, .box_h = 23, .ofs_x = 1, .ofs_y = -3},
    {.bitmap_index = 54298, .adv_w = 384, .box_w = 22, .box_h = 23, .ofs_x = 1, .ofs_y = -3},
    {.bitmap_index = 54484, .adv_w = 384, .box_w = 23, .box_h = 23, .ofs_x = 1, .ofs_y = -3},
    {.bitmap_index = 54619, .adv_w = 384, .box_w = 23, .box_h = 23, .ofs_x = 1, .ofs_y = -3},
    {.bitmap_index = 54775, .adv_w = 384, .box_w = 22, .box_h = 22, .ofs_x = 1, .ofs_y = -3},
    {.bitmap_index = 54983, .adv_w = 384, .box_w = 23, .box_h = 23, .ofs_x = 1, .ofs_y = -3},
    {.bitmap_index = 55156, .adv_w = 384, .box_w = 22, .box_h = 22, .ofs_x = 1, .ofs_y = -3},
    {.bitmap_index = 55351, .adv_w = 384, .box_w = 22, .box_h = 22, .ofs_x = 1, .ofs_y = -2},
    {.bitmap_index = 55508, .adv_w = 384, .box_w = 22, .box_h = 23, .ofs_x = 1, .ofs_y = -3},
    {.bitmap_index = 55688, .adv_w = 384, .box_w = 23, .box_h = 23, .ofs_x = 0, .ofs_y = -3},
    {.bitmap_index = 55896, .adv_w = 384, .box_w = 23, .box_h = 23, .ofs_x = 1, .ofs_y = -3},
    {.bitmap_index = 56054, .adv_w = 384, .box_w = 22, .box_h = 22, .ofs_x = 1, .ofs_y = -2},
    {.bitmap_index = 56198, .adv_w = 384, .box_w = 22, .box_h = 22, .ofs_x = 1, .ofs_y = -3},
    {.bitmap_index = 56397, .adv_w = 384, .box_w = 22, .box_h = 23, .ofs_x = 1, .ofs_y = -3},
    {.bitmap_index = 56618, .adv_w = 384, .box_w = 22, .box_h = 23, .ofs_x = 1, .ofs_y = -3},
    {.bitmap_index = 56831, .adv_w = 384, .box_w = 22, .box_h = 23, .ofs_x = 1, .ofs_y = -3},
    {.bitmap_index = 57041, .adv_w = 384, .box_w = 23, .box_h = 22, .ofs_x = 1, .ofs_y = -2},
    {.bitmap_index = 57245, .adv_w = 384, .box_w = 22, .box_h = 23, .ofs_x = 1, .ofs_y = -3},
    {.bitmap_index = 57444, .adv_w = 384, .box_w = 21, .box_h = 24, .ofs_x = 1, .ofs_y = -4},
    {.bitmap_index = 57645, .adv_w = 384, .box_w = 22, .box_h = 23, .ofs_x = 1, .ofs_y = -3},
    {.bitmap_index = 57851, .adv_w = 384, .box_w = 22, .box_h = 22, .ofs_x = 1, .ofs_y = -3},
    {.bitmap_index = 58058, .adv_w = 384, .box_w = 23, .box_h = 24, .ofs_x = 1, .ofs_y = -4},
    {.bitmap_index = 58250, .adv_w = 384, .box_w = 23, .box_h = 21, .ofs_x = 1, .ofs_y = -2},
    {.bitmap_index = 58404, .adv_w = 384, .box_w = 23, .box_h = 21, .ofs_x = 1, .ofs_y = -2},
    {.bitmap_index = 58586, .adv_w = 384, .box_w = 22, .box_h = 22, .ofs_x = 1, .ofs_y = -3},
    {.bitmap_index = 58775, .adv_w = 384, .box_w = 22, .box_h = 23, .ofs_x = 1, .ofs_y = -3},
    {.bitmap_index = 58990, .adv_w = 384, .box_w = 22, .box_h = 22, .ofs_x = 1, .ofs_y = -2},
    {.bitmap_index = 59188, .adv_w = 384, .box_w = 22, .box_h = 23, .ofs_x = 1, .ofs_y = -3},
    {.bitmap_index = 59396, .adv_w = 384, .box_w = 22, .box_h = 22, .ofs_x = 1, .ofs_y = -3},
    {.bitmap_index = 59564, .adv_w = 384, .box_w = 22, .box_h = 23, .ofs_x = 1, .ofs_y = -3},
    {.bitmap_index = 59720, .adv_w = 384, .box_w = 22, .box_h = 23, .ofs_x = 1, .ofs_y = -3},
    {.bitmap_index = 59897, .adv_w = 384, .box_w = 23, .box_h = 24, .ofs_x = 1, .ofs_y = -4},
    {.bitmap_index = 60081, .adv_w = 384, .box_w = 22, .box_h = 22, .ofs_x = 1, .ofs_y = -2},
    {.bitmap_index = 60207, .adv_w = 384, .box_w = 22, .box_h = 23, .ofs_x = 1, .ofs_y = -3},
    {.bitmap_index = 60398, .adv_w = 384, .box_w = 22, .box_h = 24, .ofs_x = 1, .ofs_y = -4},
    {.bitmap_index = 60610, .adv_w = 384, .box_w = 23, .box_h = 23, .ofs_x = 1, .ofs_y = -3},
    {.bitmap_index = 60838, .adv_w = 384, .box_w = 22, .box_h = 22, .ofs_x = 1, .ofs_y = -3},
    {.bitmap_index = 61063, .adv_w = 384, .box_w = 23, .box_h = 23, .ofs_x = 1, .ofs_y = -3},
    {.bitmap_index = 61275, .adv_w = 384, .box_w = 22, .box_h = 23, .ofs_x = 1, .ofs_y = -3},
    {.bitmap_index = 61444, .adv_w = 384, .box_w = 22, .box_h = 23, .ofs_x = 1, .ofs_y = -3},
    {.bitmap_index = 61641, .adv_w = 384, .box_w = 23, .box_h = 22, .ofs_x = 0, .ofs_y = -2},
    {.bitmap_index = 61831, .adv_w = 384, .box_w = 22, .box_h = 22, .ofs_x = 1, .ofs_y = -2},
    {.bitmap_index = 62054, .adv_w = 384, .box_w = 22, .box_h = 22, .ofs_x = 1, .ofs_y = -3},
    {.bitmap_index = 62244, .adv_w = 384, .box_w = 22, .box_h = 22, .ofs_x = 1, .ofs_y = -2},
    {.bitmap_index = 62425, .adv_w = 384, .box_w = 23, .box_h = 23, .ofs_x = 1, .ofs_y = -3},
    {.bitmap_index = 62655, .adv_w = 384, .box_w = 23, .box_h = 22, .ofs_x = 1, .ofs_y = -2},
    {.bitmap_index = 62877, .adv_w = 384, .box_w = 22, .box_h = 22, .ofs_x = 1, .ofs_y = -3},
    {.bitmap_index = 63078, .adv_w = 384, .box_w = 22, .box_h = 23, .ofs_x = 1, .ofs_y = -3},
    {.bitmap_index = 63267, .adv_w = 384, .box_w = 18, .box_h = 23, .ofs_x = 1, .ofs_y = -3},
    {.bitmap_index = 63369, .adv_w = 384, .box_w = 23, .box_h = 24, .ofs_x = 0, .ofs_y = -4},
    {.bitmap_index = 63566, .adv_w = 384, .box_w = 22, .box_h = 23, .ofs_x = 1, .ofs_y = -3},
    {.bitmap_index = 63669, .adv_w = 384, .box_w = 23, .box_h = 23, .ofs_x = 0, .ofs_y = -3},
    {.bitmap_index = 63884, .adv_w = 384, .box_w = 23, .box_h = 23, .ofs_x = 0, .ofs_y = -3},
    {.bitmap_index = 64055, .adv_w = 384, .box_w = 23, .box_h = 23, .ofs_x = 1, .ofs_y = -3},
    {.bitmap_index = 64234, .adv_w = 384, .box_w = 24, .box_h = 24, .ofs_x = 0, .ofs_y = -4},
    {.bitmap_index = 64454, .adv_w = 384, .box_w = 22, .box_h = 23, .ofs_x = 1, .ofs_y = -3},
    {.bitmap_index = 64620, .adv_w = 384, .box_w = 22, .box_h = 20, .ofs_x = 1, .ofs_y = -2},
    {.bitmap_index = 64714, .adv_w = 384, .box_w = 22, .box_h = 23, .ofs_x = 1, .ofs_y = -4},
    {.bitmap_index = 64886, .adv_w = 384, .box_w = 22, .box_h = 21, .ofs_x = 1, .ofs_y = -2},
    {.bitmap_index = 65038, .adv_w = 384, .box_w = 23, .box_h = 23, .ofs_x = 1, .ofs_y = -3},
    {.bitmap_index = 65241, .adv_w = 384, .box_w = 23, .box_h = 21, .ofs_x = 1, .ofs_y = -2},
    {.bitmap_index = 65399, .adv_w = 384, .box_w = 23, .box_h = 22, .ofs_x = 1, .ofs_y = -3},
    {.bitmap_index = 65589, .adv_w = 384, .box_w = 23, .box_h = 24, .ofs_x = 1, .ofs_y = -4},
    {.bitmap_index = 65766, .adv_w = 384, .box_w = 22, .box_h = 22, .ofs_x = 1, .ofs_y = -2},
    {.bitmap_index = 65875, .adv_w = 384, .box_w = 21, .box_h = 21, .ofs_x = 1, .ofs_y = -3},
    {.bitmap_index = 66000, .adv_w = 384, .box_w = 21, .box_h = 22, .ofs_x = 3, .ofs_y = -2},
    {.bitmap_index = 66106, .adv_w = 384, .box_w = 22, .box_h = 23, .ofs_x = 1, .ofs_y = -4},
    {.bitmap_index = 66266, .adv_w = 384, .box_w = 22, .box_h = 23, .ofs_x = 1, .ofs_y = -3},
    {.bitmap_index = 66450, .adv_w = 384, .box_w = 20, .box_h = 23, .ofs_x = 2, .ofs_y = -3},
    {.bitmap_index = 66537, .adv_w = 384, .box_w = 21, .box_h = 23, .ofs_x = 2, .ofs_y = -3},
    {.bitmap_index = 66708, .adv_w = 384, .box_w = 23, .box_h = 23, .ofs_x = 0, .ofs_y = -3},
    {.bitmap_index = 66890, .adv_w = 384, .box_w = 24, .box_h = 19, .ofs_x = 0, .ofs_y = -2},
    {.bitmap_index = 66957, .adv_w = 384, .box_w = 22, .box_h = 22, .ofs_x = 1, .ofs_y = -2},
    {.bitmap_index = 67114, .adv_w = 384, .box_w = 22, .box_h = 22, .ofs_x = 1, .ofs_y = -2},
    {.bitmap_index = 67252, .adv_w = 384, .box_w = 22, .box_h = 22, .ofs_x = 1, .ofs_y = -2},
    {.bitmap_index = 67417, .adv_w = 384, .box_w = 22, .box_h = 22, .ofs_x = 1, .ofs_y = -2},
    {.bitmap_index = 67542, .adv_w = 384, .box_w = 23, .box_h = 23, .ofs_x = 0, .ofs_y = -3},
    {.bitmap_index = 67686, .adv_w = 384, .box_w = 21, .box_h = 22, .ofs_x = 1, .ofs_y = -2},
    {.bitmap_index = 67830, .adv_w = 384, .box_w = 23, .box_h = 22, .ofs_x = 1, .ofs_y = -2},
    {.bitmap_index = 67996, .adv_w = 384, .box_w = 23, .box_h = 22, .ofs_x = 0, .ofs_y = -2},
    {.bitmap_index = 68173, .adv_w = 384, .box_w = 23, .box_h = 22, .ofs_x = 0, .ofs_y = -2},
    {.bitmap_index = 68371, .adv_w = 384, .box_w = 23, .box_h = 23, .ofs_x = 0, .ofs_y = -3},
    {.bitmap_index = 68570, .adv_w = 384, .box_w = 23, .box_h = 23, .ofs_x = 0, .ofs_y = -3},
    {.bitmap_index = 68753, .adv_w = 384, .box_w = 22, .box_h = 21, .ofs_x = 1, .ofs_y = -3},
    {.bitmap_index = 68867, .adv_w = 384, .box_w = 22, .box_h = 23, .ofs_x = 1, .ofs_y = -3},
    {.bitmap_index = 69059, .adv_w = 384, .box_w = 22, .box_h = 24, .ofs_x = 1, .ofs_y = -4},
    {.bitmap_index = 69259, .adv_w = 384, .box_w = 23, .box_h = 22, .ofs_x = 0, .ofs_y = -3},
    {.bitmap_index = 69411, .adv_w = 384, .box_w = 23, .box_h = 23, .ofs_x = 0, .ofs_y = -3},
    {.bitmap_index = 69609, .adv_w = 384, .box_w = 23, .box_h = 23, .ofs_x = 0, .ofs_y = -3},
    {.bitmap_index = 69826, .adv_w = 384, .box_w = 24, .box_h = 22, .ofs_x = 0, .ofs_y = -3},
    {.bitmap_index = 70004, .adv_w = 384, .box_w = 22, .box_h = 22, .ofs_x = 1, .ofs_y = -2},
    {.bitmap_index = 70147, .adv_w = 384, .box_w = 22, .box_h = 22, .ofs_x = 1, .ofs_y = -2},
    {.bitmap_index = 70286, .adv_w = 384, .box_w = 22, .box_h = 22, .ofs_x = 1, .ofs_y = -2},
    {.bitmap_index = 70443, .adv_w = 384, .box_w = 22, .box_h = 23, .ofs_x = 1, .ofs_y = -3},
    {.bitmap_index = 70630, .adv_w = 384, .box_w = 22, .box_h = 23, .ofs_x = 1, .ofs_y = -3},
    {.bitmap_index = 70809, .adv_w = 384, .box_w = 22, .box_h = 22, .ofs_x = 1, .ofs_y = -2},
    {.bitmap_index = 71009, .adv_w = 384, .box_w = 21, .box_h = 23, .ofs_x = 1, .ofs_y = -3},
    {.bitmap_index = 71175, .adv_w = 384, .box_w = 22, .box_h = 23, .ofs_x = 1, .ofs_y = -3},
    {.bitmap_index = 71362, .adv_w = 384, .box_w = 24, .box_h = 23, .ofs_x = 0, .ofs_y = -3},
    {.bitmap_index = 71533, .adv_w = 384, .box_w = 22, .box_h = 23, .ofs_x = 1, .ofs_y = -3},
    {.bitmap_index = 71729, .adv_w = 384, .box_w = 22, .box_h = 23, .ofs_x = 1, .ofs_y = -3},
    {.bitmap_index = 71890, .adv_w = 384, .box_w = 22, .box_h = 22, .ofs_x = 1, .ofs_y = -2},
    {.bitmap_index = 72082, .adv_w = 384, .box_w = 23, .box_h = 23, .ofs_x = 0, .ofs_y = -3},
    {.bitmap_index = 72304, .adv_w = 384, .box_w = 23, .box_h = 23, .ofs_x = 0, .ofs_y = -3},
    {.bitmap_index = 72482, .adv_w = 384, .box_w = 22, .box_h = 22, .ofs_x = 1, .ofs_y = -3},
    {.bitmap_index = 72686, .adv_w = 384, .box_w = 22, .box_h = 23, .ofs_x = 1, .ofs_y = -3},
    {.bitmap_index = 72900, .adv_w = 384, .box_w = 24, .box_h = 23, .ofs_x = 0, .ofs_y = -3},
    {.bitmap_index = 73127, .adv_w = 384, .box_w = 22, .box_h = 23, .ofs_x = 1, .ofs_y = -3},
    {.bitmap_index = 73357, .adv_w = 384, .box_w = 23, .box_h = 22, .ofs_x = 0, .ofs_y = -2},
    {.bitmap_index = 73513, .adv_w = 384, .box_w = 22, .box_h = 23, .ofs_x = 1, .ofs_y = -3},
    {.bitmap_index = 73708, .adv_w = 384, .box_w = 23, .box_h = 22, .ofs_x = 0, .ofs_y = -2},
    {.bitmap_index = 73911, .adv_w = 384, .box_w = 22, .box_h = 21, .ofs_x = 1, .ofs_y = -2},
    {.bitmap_index = 74073, .adv_w = 384, .box_w = 24, .box_h = 22, .ofs_x = 0, .ofs_y = -2},
    {.bitmap_index = 74271, .adv_w = 384, .box_w = 24, .box_h = 23, .ofs_x = 0, .ofs_y = -3},
    {.bitmap_index = 74465, .adv_w = 384, .box_w = 22, .box_h = 22, .ofs_x = 1, .ofs_y = -2},
    {.bitmap_index = 74666, .adv_w = 384, .box_w = 22, .box_h = 23, .ofs_x = 1, .ofs_y = -3},
    {.bitmap_index = 74885, .adv_w = 384, .box_w = 22, .box_h = 23, .ofs_x = 1, .ofs_y = -3},
    {.bitmap_index = 75075, .adv_w = 384, .box_w = 24, .box_h = 23, .ofs_x = 0, .ofs_y = -3},
    {.bitmap_index = 75318, .adv_w = 384, .box_w = 22, .box_h = 23, .ofs_x = 1, .ofs_y = -3},
    {.bitmap_index = 75526, .adv_w = 384, .box_w = 22, .box_h = 24, .ofs_x = 1, .ofs_y = -4},
    {.bitmap_index = 75758, .adv_w = 384, .box_w = 20, .box_h = 21, .ofs_x = 2, .ofs_y = -3},
    {.bitmap_index = 75908, .adv_w = 384, .box_w = 21, .box_h = 22, .ofs_x = 1, .ofs_y = -3},
    {.bitmap_index = 76067, .adv_w = 384, .box_w = 22, .box_h = 21, .ofs_x = 1, .ofs_y = -2},
    {.bitmap_index = 76211, .adv_w = 384, .box_w = 22, .box_h = 23, .ofs_x = 1, .ofs_y = -3},
    {.bitmap_index = 76322, .adv_w = 384, .box_w = 22, .box_h = 23, .ofs_x = 1, .ofs_y = -3},
    {.bitmap_index = 76494, .adv_w = 384, .box_w = 23, .box_h = 23, .ofs_x = 0, .ofs_y = -3},
    {.bitmap_index = 76715, .adv_w = 384, .box_w = 20, .box_h = 24, .ofs_x = 2, .ofs_y = -4},
    {.bitmap_index = 76875, .adv_w = 384, .box_w = 22, .box_h = 22, .ofs_x = 1, .ofs_y = -3},
    {.bitmap_index = 77079, .adv_w = 384, .box_w = 24, .box_h = 23, .ofs_x = 0, .ofs_y = -3},
    {.bitmap_index = 77285, .adv_w = 384, .box_w = 21, .box_h = 23, .ofs_x = 1, .ofs_y = -3},
    {.bitmap_index = 77455, .adv_w = 384, .box_w = 22, .box_h = 23, .ofs_x = 1, .ofs_y = -3},
    {.bitmap_index = 77646, .adv_w = 384, .box_w = 23, .box_h = 23, .ofs_x = 1, .ofs_y = -3},
    {.bitmap_index = 77851, .adv_w = 384, .box_w = 22, .box_h = 23, .ofs_x = 1, .ofs_y = -3},
    {.bitmap_index = 78023, .adv_w = 384, .box_w = 22, .box_h = 23, .ofs_x = 1, .ofs_y = -3},
    {.bitmap_index = 78229, .adv_w = 384, .box_w = 23, .box_h = 23, .ofs_x = 0, .ofs_y = -3},
    {.bitmap_index = 78429, .adv_w = 384, .box_w = 23, .box_h = 23, .ofs_x = 0, .ofs_y = -3},
    {.bitmap_index = 78618, .adv_w = 384, .box_w = 23, .box_h = 23, .ofs_x = 0, .ofs_y = -3},
    {.bitmap_index = 78843, .adv_w = 384, .box_w = 18, .box_h = 23, .ofs_x = 3, .ofs_y = -3},
    {.bitmap_index = 78934, .adv_w = 384, .box_w = 22, .box_h = 21, .ofs_x = 1, .ofs_y = -2},
    {.bitmap_index = 79067, .adv_w = 384, .box_w = 23, .box_h = 22, .ofs_x = 1, .ofs_y = -2},
    {.bitmap_index = 79202, .adv_w = 384, .box_w = 22, .box_h = 23, .ofs_x = 1, .ofs_y = -3},
    {.bitmap_index = 79320, .adv_w = 384, .box_w = 22, .box_h = 22, .ofs_x = 1, .ofs_y = -2},
    {.bitmap_index = 79491, .adv_w = 384, .box_w = 22, .box_h = 23, .ofs_x = 1, .ofs_y = -3},
    {.bitmap_index = 79647, .adv_w = 384, .box_w = 22, .box_h = 23, .ofs_x = 1, .ofs_y = -3},
    {.bitmap_index = 79804, .adv_w = 384, .box_w = 22, .box_h = 23, .ofs_x = 1, .ofs_y = -3},
    {.bitmap_index = 79979, .adv_w = 384, .box_w = 22, .box_h = 24, .ofs_x = 1, .ofs_y = -4},
    {.bitmap_index = 80178, .adv_w = 384, .box_w = 22, .box_h = 23, .ofs_x = 1, .ofs_y = -3},
    {.bitmap_index = 80313, .adv_w = 384, .box_w = 23, .box_h = 23, .ofs_x = 1, .ofs_y = -3},
    {.bitmap_index = 80500, .adv_w = 384, .box_w = 22, .box_h = 23, .ofs_x = 1, .ofs_y = -3},
    {.bitmap_index = 80706, .adv_w = 384, .box_w = 22, .box_h = 23, .ofs_x = 1, .ofs_y = -3},
    {.bitmap_index = 80901, .adv_w = 384, .box_w = 22, .box_h = 23, .ofs_x = 1, .ofs_y = -3},
    {.bitmap_index = 81079, .adv_w = 384, .box_w = 22, .box_h = 23, .ofs_x = 1, .ofs_y = -3},
    {.bitmap_index = 81287, .adv_w = 384, .box_w = 23, .box_h = 23, .ofs_x = 1, .ofs_y = -3},
    {.bitmap_index = 81488, .adv_w = 384, .box_w = 22, .box_h = 23, .ofs_x = 1, .ofs_y = -3},
    {.bitmap_index = 81702, .adv_w = 384, .box_w = 23, .box_h = 23, .ofs_x = 0, .ofs_y = -3},
    {.bitmap_index = 81906, .adv_w = 384, .box_w = 23, .box_h = 22, .ofs_x = 1, .ofs_y = -2},
    {.bitmap_index = 82107, .adv_w = 384, .box_w = 23, .box_h = 23, .ofs_x = 1, .ofs_y = -3},
    {.bitmap_index = 82323, .adv_w = 384, .box_w = 24, .box_h = 23, .ofs_x = 0, .ofs_y = -3},
    {.bitmap_index = 82530, .adv_w = 384, .box_w = 22, .box_h = 23, .ofs_x = 1, .ofs_y = -3},
    {.bitmap_index = 82757, .adv_w = 384, .box_w = 24, .box_h = 23, .ofs_x = 0, .ofs_y = -3},
    {.bitmap_index = 82913, .adv_w = 384, .box_w = 23, .box_h = 22, .ofs_x = 1, .ofs_y = -2},
    {.bitmap_index = 83105, .adv_w = 384, .box_w = 22, .box_h = 22, .ofs_x = 1, .ofs_y = -3},
    {.bitmap_index = 83287, .adv_w = 384, .box_w = 23, .box_h = 23, .ofs_x = 1, .ofs_y = -3},
    {.bitmap_index = 83413, .adv_w = 384, .box_w = 22, .box_h = 22, .ofs_x = 1, .ofs_y = -2},
    {.bitmap_index = 83585, .adv_w = 384, .box_w = 22, .box_h = 23, .ofs_x = 1, .ofs_y = -3},
    {.bitmap_index = 83784, .adv_w = 384, .box_w = 22, .box_h = 23, .ofs_x = 1, .ofs_y = -3},
    {.bitmap_index = 83980, .adv_w = 384, .box_w = 23, .box_h = 24, .ofs_x = 0, .ofs_y = -4},
    {.bitmap_index = 84191, .adv_w = 384, .box_w = 24, .box_h = 21, .ofs_x = 0, .ofs_y = -3},
    {.bitmap_index = 84322, .adv_w = 384, .box_w = 22, .box_h = 22, .ofs_x = 1, .ofs_y = -3},
    {.bitmap_index = 84498, .adv_w = 384, .box_w = 22, .box_h = 23, .ofs_x = 1, .ofs_y = -4},
    {.bitmap_index = 84705, .adv_w = 384, .box_w = 23, .box_h = 23, .ofs_x = 0, .ofs_y = -3},
    {.bitmap_index = 84921, .adv_w = 384, .box_w = 24, .box_h = 23, .ofs_x = 0, .ofs_y = -3},
    {.bitmap_index = 85041, .adv_w = 384, .box_w = 24, .box_h = 23, .ofs_x = 0, .ofs_y = -3},
    {.bitmap_index = 85246, .adv_w = 384, .box_w = 23, .box_h = 22, .ofs_x = 1, .ofs_y = -3},
    {.bitmap_index = 85364, .adv_w = 384, .box_w = 22, .box_h = 23, .ofs_x = 1, .ofs_y = -3},
    {.bitmap_index = 85528, .adv_w = 384, .box_w = 22, .box_h = 22, .ofs_x = 1, .ofs_y = -2},
    {.bitmap_index = 85638, .adv_w = 384, .box_w = 23, .box_h = 22, .ofs_x = 0, .ofs_y = -3},
    {.bitmap_index = 85828, .adv_w = 384, .box_w = 22, .box_h = 23, .ofs_x = 1, .ofs_y = -3},
    {.bitmap_index = 86032, .adv_w = 384, .box_w = 24, .box_h = 22, .ofs_x = 0, .ofs_y = -3},
    {.bitmap_index = 86210, .adv_w = 384, .box_w = 23, .box_h = 22, .ofs_x = 0, .ofs_y = -3},
    {.bitmap_index = 86384, .adv_w = 384, .box_w = 23, .box_h = 23, .ofs_x = 1, .ofs_y = -3},
    {.bitmap_index = 86576, .adv_w = 384, .box_w = 23, .box_h = 23, .ofs_x = 1, .ofs_y = -3},
    {.bitmap_index = 86756, .adv_w = 384, .box_w = 22, .box_h = 22, .ofs_x = 0, .ofs_y = -3},
    {.bitmap_index = 86929, .adv_w = 384, .box_w = 24, .box_h = 23, .ofs_x = 0, .ofs_y = -3},
    {.bitmap_index = 87125, .adv_w = 384, .box_w = 22, .box_h = 21, .ofs_x = 1, .ofs_y = -2},
    {.bitmap_index = 87234, .adv_w = 384, .box_w = 21, .box_h = 21, .ofs_x = 1, .ofs_y = -2},
    {.bitmap_index = 87347, .adv_w = 384, .box_w = 24, .box_h = 22, .ofs_x = 0, .ofs_y = -2},
    {.bitmap_index = 87543, .adv_w = 384, .box_w = 22, .box_h = 23, .ofs_x = 1, .ofs_y = -3},
    {.bitmap_index = 87743, .adv_w = 384, .box_w = 22, .box_h = 23, .ofs_x = 1, .ofs_y = -3},
    {.bitmap_index = 87932, .adv_w = 384, .box_w = 22, .box_h = 23, .ofs_x = 1, .ofs_y = -3},
    {.bitmap_index = 88147, .adv_w = 384, .box_w = 22, .box_h = 24, .ofs_x = 1, .ofs_y = -4},
    {.bitmap_index = 88349, .adv_w = 384, .box_w = 22, .box_h = 24, .ofs_x = 1, .ofs_y = -4},
    {.bitmap_index = 88550, .adv_w = 384, .box_w = 22, .box_h = 23, .ofs_x = 1, .ofs_y = -3},
    {.bitmap_index = 88756, .adv_w = 384, .box_w = 22, .box_h = 23, .ofs_x = 1, .ofs_y = -3},
    {.bitmap_index = 88953, .adv_w = 384, .box_w = 22, .box_h = 22, .ofs_x = 1, .ofs_y = -2},
    {.bitmap_index = 89109, .adv_w = 384, .box_w = 24, .box_h = 23, .ofs_x = 0, .ofs_y = -3},
    {.bitmap_index = 89302, .adv_w = 384, .box_w = 22, .box_h = 23, .ofs_x = 1, .ofs_y = -3},
    {.bitmap_index = 89501, .adv_w = 384, .box_w = 23, .box_h = 23, .ofs_x = 1, .ofs_y = -3},
    {.bitmap_index = 89717, .adv_w = 384, .box_w = 24, .box_h = 22, .ofs_x = 0, .ofs_y = -3},
    {.bitmap_index = 89899, .adv_w = 384, .box_w = 22, .box_h = 21, .ofs_x = 1, .ofs_y = -2},
    {.bitmap_index = 90075, .adv_w = 384, .box_w = 22, .box_h = 21, .ofs_x = 1, .ofs_y = -2},
    {.bitmap_index = 90239, .adv_w = 384, .box_w = 22, .box_h = 23, .ofs_x = 1, .ofs_y = -3},
    {.bitmap_index = 90433, .adv_w = 384, .box_w = 23, .box_h = 23, .ofs_x = 1, .ofs_y = -3},
    {.bitmap_index = 90671, .adv_w = 384, .box_w = 23, .box_h = 23, .ofs_x = 1, .ofs_y = -3},
    {.bitmap_index = 90895, .adv_w = 384, .box_w = 23, .box_h = 23, .ofs_x = 1, .ofs_y = -3},
    {.bitmap_index = 91116, .adv_w = 384, .box_w = 23, .box_h = 23, .ofs_x = 1, .ofs_y = -3},
    {.bitmap_index = 91331, .adv_w = 384, .box_w = 22, .box_h = 23, .ofs_x = 1, .ofs_y = -3},
    {.bitmap_index = 91513, .adv_w = 384, .box_w = 23, .box_h = 24, .ofs_x = 0, .ofs_y = -4},
    {.bitmap_index = 91716, .adv_w = 384, .box_w = 22, .box_h = 22, .ofs_x = 1, .ofs_y = -3},
    {.bitmap_index = 91867, .adv_w = 384, .box_w = 24, .box_h = 23, .ofs_x = 0, .ofs_y = -3},
    {.bitmap_index = 92051, .adv_w = 384, .box_w = 23, .box_h = 24, .ofs_x = 1, .ofs_y = -4},
    {.bitmap_index = 92250, .adv_w = 384, .box_w = 24, .box_h = 23, .ofs_x = 0, .ofs_y = -3},
    {.bitmap_index = 92457, .adv_w = 384, .box_w = 24, .box_h = 23, .ofs_x = 0, .ofs_y = -3},
    {.bitmap_index = 92667, .adv_w = 384, .box_w = 23, .box_h = 23, .ofs_x = 1, .ofs_y = -3},
    {.bitmap_index = 92871, .adv_w = 384, .box_w = 23, .box_h = 22, .ofs_x = 1, .ofs_y = -3},
    {.bitmap_index = 93077, .adv_w = 384, .box_w = 22, .box_h = 21, .ofs_x = 1, .ofs_y = -2},
    {.bitmap_index = 93198, .adv_w = 384, .box_w = 22, .box_h = 22, .ofs_x = 1, .ofs_y = -2},
    {.bitmap_index = 93359, .adv_w = 384, .box_w = 22, .box_h = 21, .ofs_x = 1, .ofs_y = -2},
    {.bitmap_index = 93500, .adv_w = 384, .box_w = 23, .box_h = 22, .ofs_x = 1, .ofs_y = -2},
    {.bitmap_index = 93670, .adv_w = 384, .box_w = 23, .box_h = 22, .ofs_x = 1, .ofs_y = -3},
    {.bitmap_index = 93811, .adv_w = 384, .box_w = 22, .box_h = 23, .ofs_x = 1, .ofs_y = -3},
    {.bitmap_index = 93972, .adv_w = 384, .box_w = 23, .box_h = 22, .ofs_x = 0, .ofs_y = -2},
    {.bitmap_index = 94175, .adv_w = 384, .box_w = 22, .box_h = 22, .ofs_x = 0, .ofs_y = -2},
    {.bitmap_index = 94328, .adv_w = 384, .box_w = 22, .box_h = 24, .ofs_x = 1, .ofs_y = -4},
    {.bitmap_index = 94539, .adv_w = 384, .box_w = 23, .box_h = 22, .ofs_x = 0, .ofs_y = -2},
    {.bitmap_index = 94729, .adv_w = 384, .box_w = 22, .box_h = 24, .ofs_x = 1, .ofs_y = -4},
    {.bitmap_index = 94927, .adv_w = 384, .box_w = 22, .box_h = 23, .ofs_x = 1, .ofs_y = -3},
    {.bitmap_index = 95131, .adv_w = 384, .box_w = 24, .box_h = 23, .ofs_x = 0, .ofs_y = -3},
    {.bitmap_index = 95372, .adv_w = 384, .box_w = 22, .box_h = 22, .ofs_x = 1, .ofs_y = -2},
    {.bitmap_index = 95519, .adv_w = 384, .box_w = 20, .box_h = 23, .ofs_x = 2, .ofs_y = -3},
    {.bitmap_index = 95590, .adv_w = 384, .box_w = 20, .box_h = 22, .ofs_x = 2, .ofs_y = -3},
    {.bitmap_index = 95733, .adv_w = 384, .box_w = 20, .box_h = 22, .ofs_x = 2, .ofs_y = -3},
    {.bitmap_index = 95834, .adv_w = 384, .box_w = 20, .box_h = 22, .ofs_x = 2, .ofs_y = -3},
    {.bitmap_index = 95945, .adv_w = 384, .box_w = 22, .box_h = 23, .ofs_x = 1, .ofs_y = -3},
    {.bitmap_index = 96135, .adv_w = 384, .box_w = 22, .box_h = 23, .ofs_x = 1, .ofs_y = -3},
    {.bitmap_index = 96312, .adv_w = 384, .box_w = 22, .box_h = 23, .ofs_x = 2, .ofs_y = -3},
    {.bitmap_index = 96473, .adv_w = 384, .box_w = 22, .box_h = 24, .ofs_x = 1, .ofs_y = -4},
    {.bitmap_index = 96672, .adv_w = 384, .box_w = 23, .box_h = 24, .ofs_x = 1, .ofs_y = -4},
    {.bitmap_index = 96877, .adv_w = 384, .box_w = 22, .box_h = 23, .ofs_x = 1, .ofs_y = -3},
    {.bitmap_index = 97057, .adv_w = 384, .box_w = 22, .box_h = 22, .ofs_x = 1, .ofs_y = -3},
    {.bitmap_index = 97245, .adv_w = 384, .box_w = 22, .box_h = 22, .ofs_x = 1, .ofs_y = -3},
    {.bitmap_index = 97419, .adv_w = 384, .box_w = 22, .box_h = 22, .ofs_x = 1, .ofs_y = -3},
    {.bitmap_index = 97615, .adv_w = 384, .box_w = 22, .box_h = 23, .ofs_x = 1, .ofs_y = -3},
    {.bitmap_index = 97761, .adv_w = 384, .box_w = 24, .box_h = 23, .ofs_x = 0, .ofs_y = -3},
    {.bitmap_index = 97971, .adv_w = 384, .box_w = 24, .box_h = 21, .ofs_x = 0, .ofs_y = -3},
    {.bitmap_index = 98079, .adv_w = 384, .box_w = 24, .box_h = 23, .ofs_x = 0, .ofs_y = -3},
    {.bitmap_index = 98226, .adv_w = 384, .box_w = 24, .box_h = 22, .ofs_x = 0, .ofs_y = -3},
    {.bitmap_index = 98422, .adv_w = 384, .box_w = 22, .box_h = 22, .ofs_x = 1, .ofs_y = -3},
    {.bitmap_index = 98559, .adv_w = 384, .box_w = 23, .box_h = 22, .ofs_x = 1, .ofs_y = -3},
    {.bitmap_index = 98708, .adv_w = 384, .box_w = 22, .box_h = 21, .ofs_x = 1, .ofs_y = -2},
    {.bitmap_index = 98886, .adv_w = 384, .box_w = 23, .box_h = 21, .ofs_x = 0, .ofs_y = -2},
    {.bitmap_index = 99086, .adv_w = 384, .box_w = 24, .box_h = 22, .ofs_x = 0, .ofs_y = -3},
    {.bitmap_index = 99282, .adv_w = 384, .box_w = 22, .box_h = 22, .ofs_x = 1, .ofs_y = -3},
    {.bitmap_index = 99477, .adv_w = 384, .box_w = 23, .box_h = 23, .ofs_x = 0, .ofs_y = -3},
    {.bitmap_index = 99694, .adv_w = 384, .box_w = 23, .box_h = 23, .ofs_x = 1, .ofs_y = -3},
    {.bitmap_index = 99902, .adv_w = 384, .box_w = 23, .box_h = 21, .ofs_x = 1, .ofs_y = -2},
    {.bitmap_index = 100078, .adv_w = 384, .box_w = 22, .box_h = 23, .ofs_x = 1, .ofs_y = -3},
    {.bitmap_index = 100255, .adv_w = 384, .box_w = 23, .box_h = 22, .ofs_x = 1, .ofs_y = -2},
    {.bitmap_index = 100413, .adv_w = 384, .box_w = 23, .box_h = 23, .ofs_x = 0, .ofs_y = -3},
    {.bitmap_index = 100608, .adv_w = 384, .box_w = 22, .box_h = 22, .ofs_x = 0, .ofs_y = -2},
    {.bitmap_index = 100787, .adv_w = 384, .box_w = 24, .box_h = 23, .ofs_x = 0, .ofs_y = -3},
    {.bitmap_index = 100965, .adv_w = 384, .box_w = 24, .box_h = 23, .ofs_x = 0, .ofs_y = -3},
    {.bitmap_index = 101196, .adv_w = 384, .box_w = 23, .box_h = 22, .ofs_x = 0, .ofs_y = -3},
    {.bitmap_index = 101433, .adv_w = 384, .box_w = 22, .box_h = 23, .ofs_x = 1, .ofs_y = -4},
    {.bitmap_index = 101604, .adv_w = 384, .box_w = 23, .box_h = 23, .ofs_x = 1, .ofs_y = -3},
    {.bitmap_index = 101819, .adv_w = 384, .box_w = 22, .box_h = 23, .ofs_x = 1, .ofs_y = -3},
    {.bitmap_index = 101954, .adv_w = 384, .box_w = 22, .box_h = 22, .ofs_x = 1, .ofs_y = -2},
    {.bitmap_index = 102091, .adv_w = 384, .box_w = 23, .box_h = 22, .ofs_x = 1, .ofs_y = -2},
    {.bitmap_index = 102291, .adv_w = 384, .box_w = 23, .box_h = 23, .ofs_x = 1, .ofs_y = -3},
    {.bitmap_index = 102492, .adv_w = 384, .box_w = 22, .box_h = 23, .ofs_x = 1, .ofs_y = -3},
    {.bitmap_index = 102698, .adv_w = 384, .box_w = 23, .box_h = 23, .ofs_x = 0, .ofs_y = -3},
    {.bitmap_index = 102892, .adv_w = 384, .box_w = 22, .box_h = 24, .ofs_x = 1, .ofs_y = -4},
    {.bitmap_index = 103072, .adv_w = 384, .box_w = 22, .box_h = 23, .ofs_x = 1, .ofs_y = -3},
    {.bitmap_index = 103244, .adv_w = 384, .box_w = 22, .box_h = 22, .ofs_x = 1, .ofs_y = -3},
    {.bitmap_index = 103410, .adv_w = 384, .box_w = 4, .box_h = 19, .ofs_x = 10, .ofs_y = -1},
    {.bitmap_index = 103446, .adv_w = 384, .box_w = 18, .box_h = 19, .ofs_x = 3, .ofs_y = -1},
    {.bitmap_index = 103496, .adv_w = 384, .box_w = 6, .box_h = 10, .ofs_x = 9, .ofs_y = 3},
    {.bitmap_index = 103525, .adv_w = 384, .box_w = 4, .box_h = 17, .ofs_x = 10, .ofs_y = 0},
    {.bitmap_index = 103549, .adv_w = 384, .box_w = 12, .box_h = 19, .ofs_x = 6, .ofs_y = -1}
};

/*---------------------
 *  CHARACTER MAPPING
 *--------------------*/

static const uint16_t unicode_list_1[] = {
    0x0, 0x27, 0x1f64, 0x1f76, 0x2053, 0x20e1, 0x20e2, 0x20e3,
    0x231e, 0x2f51, 0x2f52, 0x4d50, 0x4d53, 0x4d59, 0x4d5a, 0x4d5b,
    0x4d5d, 0x4d72, 0x4d74, 0x4d7a, 0x4d7d, 0x4d82, 0x4d8b, 0x4d99,
    0x4d9b, 0x4dd6, 0x4ddc, 0x4dde, 0x4de4, 0x4dfe, 0x4e0a, 0x4e15,
    0x4e1a, 0x4e1e, 0x4e26, 0x4e35, 0x4e46, 0x4e4b, 0x4e4d, 0x4e70,
    0x4e9d, 0x4e9e, 0x4e9f, 0x4ea3, 0x4eb0, 0x4ecf, 0x4ef7, 0x4f0f,
    0x4f2d, 0x4f31, 0x4f62, 0x4f8c, 0x4faa, 0x4fac, 0x5095, 0x509b,
    0x50b5, 0x50b8, 0x50bb, 0x50bd, 0x50c3, 0x50c6, 0x50c7, 0x50d5,
    0x50dd, 0x5100, 0x5107, 0x510b, 0x5116, 0x5119, 0x5130, 0x514a,
    0x514b, 0x5156, 0x5157, 0x5170, 0x5180, 0x5186, 0x5187, 0x518a,
    0x518b, 0x5192, 0x519d, 0x51eb, 0x51ef, 0x51f0, 0x51f1, 0x51f8,
    0x51f9, 0x524f, 0x5250, 0x5255, 0x5269, 0x528a, 0x5293, 0x5298,
    0x52a5, 0x52b1, 0x52c3, 0x52c4, 0x52c7, 0x52d2, 0x52db, 0x52e8,
    0x52ef, 0x530b, 0x5312, 0x5319, 0x5321, 0x5326, 0x5330, 0x5333,
    0x533f, 0x5343, 0x5347, 0x5348, 0x5354, 0x535d, 0x535e, 0x5361,
    0x5367, 0x5376, 0x537b, 0x537f, 0x53c3, 0x53cd, 0x53dc, 0x543a,
    0x54ec, 0x5507, 0x55b8, 0x562b, 0x562e, 0x5632, 0x5640, 0x566f,
    0x5678, 0x5680, 0x5690, 0x5697, 0x56a7, 0x56db, 0x56f2, 0x572f,
    0x5749, 0x57a4, 0x57bb, 0x57ee, 0x583b, 0x5840, 0x5854, 0x5857,
    0x585d, 0x5866, 0x586a, 0x586c, 0x5877, 0x5879, 0x587a, 0x5881,
    0x5889, 0x5897, 0x58c6, 0x58cd, 0x591b, 0x5aa0, 0x5aa7, 0x5aa8,
    0x5aac, 0x5ad3, 0x5ad9, 0x5adc, 0x5aea, 0x5b06, 0x5b09, 0x5b48,
    0x5b49, 0x5b56, 0x5b5f, 0x5b61, 0x5b66, 0x5b8c, 0x5b92, 0x5b9f,
    0x5ba1, 0x5ba5, 0x5bae, 0x5d35, 0x5d36, 0x5d37, 0x5d41, 0x5d42,
    0x5d53, 0x5d76, 0x5d88, 0x5dc2, 0x5dc3, 0x5dc4, 0x5dc6, 0x5ddf,
    0x5de4, 0x5de5, 0x5df6, 0x5e46, 0x5e50, 0x5e5f, 0x5e8a, 0x5ea3,
    0x5eb2, 0x5ed5, 0x5efe, 0x5f07, 0x5f13, 0x5f3b, 0x5f51, 0x5fb2,
    0x5fbf, 0x5ff8, 0x5ffc, 0x6043, 0x605f, 0x606f, 0x60b2, 0x6160,
    0x6166, 0x6190, 0x6197, 0x619b, 0x619d, 0x619e, 0x61a3, 0x61da,
    0x61f5, 0x61fb, 0x6209, 0x621c, 0x6224, 0x6239, 0x6251, 0x6257,
    0x6259, 0x626e, 0x62b2, 0x62be, 0x62d9, 0x62e2, 0x62f2, 0x62f5,
    0x62f7, 0x6320, 0x6322, 0x6396, 0x63e2, 0x6436, 0x647f, 0x6486,
    0x648e, 0x6498, 0x64c0, 0x64d7, 0x64e9, 0x6500, 0x6509, 0x651b,
    0x6530, 0x6535, 0x6546, 0x655e, 0x656f, 0x657f, 0x658e, 0x65be,
    0x65d2, 0x6642, 0x6644, 0x664f, 0x6650, 0x6658, 0x6659, 0x665d,
    0x666d, 0x666f, 0x667a, 0x667c, 0x668a, 0x6692, 0x66a0, 0x66af,
    0x66b1, 0x66b5, 0x66bf, 0x66ce, 0x66cf, 0x66ec, 0x6706, 0x6757,
    0x6758, 0x6789, 0x6796, 0x67b3, 0x6862, 0x68d4, 0x6971, 0x6994,
    0x6a71, 0x6a72, 0x6a77, 0x6ab2, 0x6ab5, 0x6ada, 0x6b05, 0x6b1f,
    0x6b64, 0x6b84, 0x6bb4, 0x6bcd, 0x6bf1, 0x6c09, 0x6c31, 0x6c32,
    0x6c38, 0x6c51, 0x6c91, 0x6c95, 0x6c96, 0x6c97, 0x6cc7, 0x6cd2,
    0x6cd8, 0x6d02, 0x6d41, 0x6d55, 0x6d79, 0x6dcf, 0x6de0, 0x6e31,
    0x6e64, 0x6ebe, 0x6fbd, 0x6fbf, 0x6fd9, 0x7008, 0x7009, 0x7028,
    0x7034, 0x7037, 0x703b, 0x703d, 0x7049, 0x7067, 0x7069, 0x7086,
    0x70b7, 0x70be, 0x70ef, 0x7101, 0x7135, 0x7186, 0x7197, 0x7198,
    0x71ab, 0x71b9, 0x71c9, 0x7206, 0x727a, 0x72d7, 0x72d9, 0x72eb,
    0x7300, 0x7353, 0x7356, 0x7383, 0x73ae, 0x746f, 0x7478, 0x7485,
    0x749c, 0x74a9, 0x75cd, 0x75d4, 0x75fe, 0x760f, 0x7620, 0x7626,
    0x7628, 0x7644, 0x7648, 0x7735, 0x7739, 0x7752, 0x7784, 0x77be,
    0x77de, 0x788a, 0x78d1, 0x790d, 0x791d, 0x7922, 0x794b, 0x795b,
    0x79ca, 0x7a1b, 0x7a35, 0x7a7c, 0x7a99, 0x7ace, 0x7ad0, 0x7ae4,
    0x7af1, 0x7b01, 0x7bc3, 0x7bcb, 0x7bd9, 0x7be7, 0x7c1a, 0x7c25,
    0x7c26, 0x7d91, 0x7df2, 0x7df6, 0x7e08, 0x7e14, 0x7e1f, 0x7e23,
    0x7e37, 0x7e3d, 0x7e45, 0x7e63, 0x7e66, 0x7e68, 0x7ea1, 0x7ea7,
    0x7ebe, 0x7eda, 0x7ede, 0x7f15, 0x7fd9, 0x7ff0, 0x7ffa, 0x8031,
    0x8048, 0x804d, 0x8052, 0x805a, 0x807f, 0x80a4, 0x80cf, 0x813a,
    0x8143, 0x81c2, 0x81d2, 0x81e9, 0x8201, 0x8209, 0x8241, 0x8254,
    0x8299, 0x831c, 0x832c, 0x8354, 0x8378, 0x83b1, 0x83ec, 0x8408,
    0x8419, 0x847c, 0x84d4, 0x84ff, 0x851f, 0x85ce, 0x85ed, 0x861b,
    0x879c, 0x87b8, 0x8815, 0x8849, 0x8860, 0x88cf, 0x88d1, 0x88d6,
    0x8933, 0x8950, 0x8ab6, 0x8af1, 0x8af4, 0x8af9, 0x8b0e, 0x8b35,
    0x8b3d, 0x8b3f, 0x8b44, 0x8b47, 0x8b53, 0x8b81, 0x8b96, 0x8c6d,
    0x8cd5, 0x8ebc, 0x8ecb, 0x8ecd, 0x8ed5, 0x8ee1, 0x8f09, 0x8f0e,
    0x8f17, 0x8f1e, 0x8f20, 0x8f24, 0x8f28, 0x8f2b, 0x8f2f, 0x8f59,
    0x8f5f, 0x8f64, 0x8f6a, 0x8f6f, 0x9038, 0x904d, 0x909d, 0x90a2,
    0x90b5, 0x90ba, 0x90c1, 0x90c5, 0x911a, 0x911c, 0x911d, 0x911f,
    0x9121, 0x93d8, 0x93ef, 0x93fe, 0x942d, 0x944a, 0x9451, 0x9455,
    0x9471, 0x947e, 0x94cf, 0x9538, 0x953d, 0x953e, 0x9544, 0x9582,
    0x9586, 0x9594, 0x959d, 0x95b4, 0x9616, 0x9646, 0x9650, 0x966c,
    0x96a2, 0x96a9, 0x96b2, 0x9743, 0x9760, 0x97c5, 0x97c6, 0x97cb,
    0x97d2, 0x97d4, 0x97e8, 0x97ec, 0x97ed, 0x981e, 0x982f, 0x98ba,
    0x98cc, 0x98d5, 0x98e9, 0x98f8, 0x99f4, 0x99f8, 0x9a24, 0x9a28,
    0x9bcc, 0x9bcf, 0x9bec, 0x9c25, 0x9d71, 0x9d7d, 0x9df6, 0x9e21,
    0xfe51, 0xfe5b, 0xfe5c, 0xfe6a, 0xfe6f
};

/*Collect the unicode lists and glyph_id offsets*/
static const lv_font_fmt_txt_cmap_t cmaps[] =
{
    {
        .range_start = 32, .range_length = 95, .glyph_id_start = 1,
        .unicode_list = NULL, .glyph_id_ofs_list = NULL, .list_length = 0, .type = LV_FONT_FMT_TXT_CMAP_FORMAT0_TINY
    },
    {
        .range_start = 176, .range_length = 65136, .glyph_id_start = 96,
        .unicode_list = unicode_list_1, .glyph_id_ofs_list = NULL, .list_length = 589, .type = LV_FONT_FMT_TXT_CMAP_SPARSE_TINY
    }
};

/*-----------------
 *    KERNING
 *----------------*/


/*Map glyph_ids to kern left classes*/
static const uint8_t kern_left_class_mapping[] =
{
    0, 0, 0, 1, 0, 0, 0, 0,
    0, 2, 0, 0, 0, 3, 4, 3,
    5, 0, 0, 0, 0, 0, 0, 0,
    0, 0, 0, 6, 6, 0, 0, 0,
    0, 0, 7, 8, 9, 10, 11, 12,
    13, 0, 0, 14, 15, 16, 0, 0,
    10, 17, 10, 18, 19, 20, 21, 22,
    23, 24, 25, 26, 2, 27, 0, 0,
    0, 0, 28, 29, 30, 0, 31, 32,
    33, 34, 0, 0, 35, 36, 34, 34,
    29, 29, 37, 38, 39, 40, 37, 41,
    42, 43, 44, 45, 2, 0, 0, 0,
    0, 0, 4, 0, 0, 0, 0, 0,
    0, 0, 0, 0, 0, 0, 0, 0,
    0, 0, 0, 0, 0, 0, 0, 0,
    0, 0, 0, 0, 0, 0, 0, 0,
    0, 0, 0, 0, 0, 0, 0, 0,
    0, 0, 0, 0, 0, 0, 0, 0,
    0, 0, 0, 0, 0, 0, 0, 0,
    0, 0, 0, 0, 0, 0, 0, 0,
    0, 0, 0, 0, 0, 0, 0, 0,
    0, 0, 0, 0, 0, 0, 0, 0,
    0, 0, 0, 0, 0, 0, 0, 0,
    0, 0, 0, 0, 0, 0, 0, 0,
    0, 0, 0, 0, 0, 0, 0, 0,
    0, 0, 0, 0, 0, 0, 0, 0,
    0, 0, 0, 0, 0, 0, 0, 0,
    0, 0, 0, 0, 0, 0, 0, 0,
    0, 0, 0, 0, 0, 0, 0, 0,
    0, 0, 0, 0, 0, 0, 0, 0,
    0, 0, 0, 0, 0, 0, 0, 0,
    0, 0, 0, 0, 0, 0, 0, 0,
    0, 0, 0, 0, 0, 0, 0, 0,
    0, 0, 0, 0, 0, 0, 0, 0,
    0, 0, 0, 0, 0, 0, 0, 0,
    0, 0, 0, 0, 0, 0, 0, 0,
    0, 0, 0, 0, 0, 0, 0, 0,
    0, 0, 0, 0, 0, 0, 0, 0,
    0, 0, 0, 0, 0, 0, 0, 0,
    0, 0, 0, 0, 0, 0, 0, 0,
    0, 0, 0, 0, 0, 0, 0, 0,
    0, 0, 0, 0, 0, 0, 0, 0,
    0, 0, 0, 0, 0, 0, 0, 0,
    0, 0, 0, 0, 0, 0, 0, 0,
    0, 0, 0, 0, 0, 0, 0, 0,
    0, 0, 0, 0, 0, 0, 0, 0,
    0, 0, 0, 0, 0, 0, 0, 0,
    0, 0, 0, 0, 0, 0, 0, 0,
    0, 0, 0, 0, 0, 0, 0, 0,
    0, 0, 0, 0, 0, 0, 0, 0,
    0, 0, 0, 0, 0, 0, 0, 0,
    0, 0, 0, 0, 0, 0, 0, 0,
    0, 0, 0, 0, 0, 0, 0, 0,
    0, 0, 0, 0, 0, 0, 0, 0,
    0, 0, 0, 0, 0, 0, 0, 0,
    0, 0, 0, 0, 0, 0, 0, 0,
    0, 0, 0, 0, 0, 0, 0, 0,
    0, 0, 0, 0, 0, 0, 0, 0,
    0, 0, 0, 0, 0, 0, 0, 0,
    0, 0, 0, 0, 0, 0, 0, 0,
    0, 0, 0, 0, 0, 0, 0, 0,
    0, 0, 0, 0, 0, 0, 0, 0,
    0, 0, 0, 0, 0, 0, 0, 0,
    0, 0, 0, 0, 0, 0, 0, 0,
    0, 0, 0, 0, 0, 0, 0, 0,
    0, 0, 0, 0, 0, 0, 0, 0,
    0, 0, 0, 0, 0, 0, 0, 0,
    0, 0, 0, 0, 0, 0, 0, 0,
    0, 0, 0, 0, 0, 0, 0, 0,
    0, 0, 0, 0, 0, 0, 0, 0,
    0, 0, 0, 0, 0, 0, 0, 0,
    0, 0, 0, 0, 0, 0, 0, 0,
    0, 0, 0, 0, 0, 0, 0, 0,
    0, 0, 0, 0, 0, 0, 0, 0,
    0, 0, 0, 0, 0, 0, 0, 0,
    0, 0, 0, 0, 0, 0, 0, 0,
    0, 0, 0, 0, 0, 0, 0, 0,
    0, 0, 0, 0, 0, 0, 0, 0,
    0, 0, 0, 0, 0, 0, 0, 0,
    0, 0, 0, 0, 0, 0, 0, 0,
    0, 0, 0, 0, 0, 0, 0, 0,
    0, 0, 0, 0, 0, 0, 0, 0,
    0, 0, 0, 0, 0, 0, 0, 0,
    0, 0, 0, 0, 0, 0, 0, 0,
    0, 0, 0, 0, 0, 0, 0, 0,
    0, 0, 0, 0, 0
};

/*Map glyph_ids to kern right classes*/
static const uint8_t kern_right_class_mapping[] =
{
    0, 0, 1, 2, 0, 0, 0, 0,
    0, 0, 3, 4, 0, 5, 6, 5,
    7, 0, 0, 0, 0, 0, 0, 0,
    0, 0, 0, 8, 8, 0, 0, 0,
    9, 0, 10, 0, 11, 0, 0, 0,
    11, 0, 0, 12, 0, 0, 0, 0,
    11, 0, 11, 0, 13, 14, 15, 16,
    17, 18, 19, 20, 0, 21, 0, 0,
    0, 0, 22, 0, 23, 23, 23, 24,
    25, 0, 26, 27, 0, 0, 28, 28,
    29, 28, 23, 28, 30, 31, 32, 33,
    34, 35, 36, 37, 0, 0, 0, 0,
    0, 0, 38, 0, 0, 0, 0, 0,
    0, 0, 0, 0, 0, 0, 0, 0,
    0, 0, 0, 0, 0, 0, 0, 0,
    0, 0, 0, 0, 0, 0, 0, 0,
    0, 0, 0, 0, 0, 0, 0, 0,
    0, 0, 0, 0, 0, 0, 0, 0,
    0, 0, 0, 0, 0, 0, 0, 0,
    0, 0, 0, 0, 0, 0, 0, 0,
    0, 0, 0, 0, 0, 0, 0, 0,
    0, 0, 0, 0, 0, 0, 0, 0,
    0, 0, 0, 0, 0, 0, 0, 0,
    0, 0, 0, 0, 0, 0, 0, 0,
    0, 0, 0, 0, 0, 0, 0, 0,
    0, 0, 0, 0, 0, 0, 0, 0,
    0, 0, 0, 0, 0, 0, 0, 0,
    0, 0, 0, 0, 0, 0, 0, 0,
    0, 0, 0, 0, 0, 0, 0, 0,
    0, 0, 0, 0, 0, 0, 0, 0,
    0, 0, 0, 0, 0, 0, 0, 0,
    0, 0, 0, 0, 0, 0, 0, 0,
    0, 0, 0, 0, 0, 0, 0, 0,
    0, 0, 0, 0, 0, 0, 0, 0,
    0, 0, 0, 0, 0, 0, 0, 0,
    0, 0, 0, 0, 0, 0, 0, 0,
    0, 0, 0, 0, 0, 0, 0, 0,
    0, 0, 0, 0, 0, 0, 0, 0,
    0, 0, 0, 0, 0, 0, 0, 0,
    0, 0, 0, 0, 0, 0, 0, 0,
    0, 0, 0, 0, 0, 0, 0, 0,
    0, 0, 0, 0, 0, 0, 0, 0,
    0, 0, 0, 0, 0, 0, 0, 0,
    0, 0, 0, 0, 0, 0, 0, 0,
    0, 0, 0, 0, 0, 0, 0, 0,
    0, 0, 0, 0, 0, 0, 0, 0,
    0, 0, 0, 0, 0, 0, 0, 0,
    0, 0, 0, 0, 0, 0, 0, 0,
    0, 0, 0, 0, 0, 0, 0, 0,
    0, 0, 0, 0, 0, 0, 0, 0,
    0, 0, 0, 0, 0, 0, 0, 0,
    0, 0, 0, 0, 0, 0, 0, 0,
    0, 0, 0, 0, 0, 0, 0, 0,
    0, 0, 0, 0, 0, 0, 0, 0,
    0, 0, 0, 0, 0, 0, 0, 0,
    0, 0, 0, 0, 0, 0, 0, 0,
    0, 0, 0, 0, 0, 0, 0, 0,
    0, 0, 0, 0, 0, 0, 0, 0,
    0, 0, 0, 0, 0, 0, 0, 0,
    0, 0, 0, 0, 0, 0, 0, 0,
    0, 0, 0, 0, 0, 0, 0, 0,
    0, 0, 0, 0, 0, 0, 0, 0,
    0, 0, 0, 0, 0, 0, 0, 0,
    0, 0, 0, 0, 0, 0, 0, 0,
    0, 0, 0, 0, 0, 0, 0, 0,
    0, 0, 0, 0, 0, 0, 0, 0,
    0, 0, 0, 0, 0, 0, 0, 0,
    0, 0, 0, 0, 0, 0, 0, 0,
    0, 0, 0, 0, 0, 0, 0, 0,
    0, 0, 0, 0, 0, 0, 0, 0,
    0, 0, 0, 0, 0, 0, 0, 0,
    0, 0, 0, 0, 0, 0, 0, 0,
    0, 0, 0, 0, 0, 0, 0, 0,
    0, 0, 0, 0, 0, 0, 0, 0,
    0, 0, 0, 0, 0, 0, 0, 0,
    0, 0, 0, 0, 0, 0, 0, 0,
    0, 0, 0, 0, 0, 0, 0, 0,
    0, 0, 0, 0, 0, 0, 0, 0,
    0, 0, 0, 0, 0, 0, 0, 0,
    0, 0, 0, 0, 0, 0, 0, 0,
    0, 0, 0, 0, 0, 0, 0, 0,
    0, 0, 0, 0, 0, 0, 0, 0,
    0, 0, 0, 0, 0, 0, 0, 0,
    0, 0, 0, 0, 0, 0, 0, 0,
    0, 0, 0, 0, 0, 0, 0, 0,
    0, 0, 0, 0, 0
};

/*Kern values between classes*/
static const int8_t kern_class_values[] =
{
    0, 0, 0, 0, -49, 0, 0, 0,
    0, -23, 0, -41, -4, 0, 0, 0,
    0, -4, 0, 0, 0, 0, -13, 0,
    0, 0, 0, 0, -13, -9, 0, 0,
    0, 0, 0, 0, 0, 0, 0, 0,
    0, 0, 0, 0, 0, 0, 0, 0,
    0, -9, 0, 0, 0, 0, 0, 0,
    0, 0, 0, 0, 0, 0, 0, 0,
    34, 0, 0, 0, 0, 0, 0, 0,
    0, 0, 0, 0, 0, -41, 0, -59,
    0, 0, 0, 0, 0, 0, 0, 0,
    0, -42, -9, -28, -15, 0, -39, 0,
    0, 0, -5, 0, 0, 0, 11, 0,
    -5, 0, -19, 0, -15, -10, 0, -9,
    0, 0, 0, 0, 0, 0, 0, 0,
    0, 0, 0, 0, 0, -9, -7, -20,
    0, -8, -4, -12, -28, -9, 0, 0,
    0, 0, 0, 0, 0, 0, 0, 0,
    -11, 0, -3, 0, -6, 0, 0, 0,
    0, 0, 0, 0, 0, 0, 0, 0,
    0, -17, -4, -34, 0, 0, 0, 0,
    0, 0, 0, 0, 0, -10, -13, 0,
    -4, 11, 11, 0, -13, 0, 4, -9,
    0, 0, 0, 0, 0, 0, 0, 0,
    0, -21, 0, 0, 0, 0, 0, 0,
    0, 0, 0, 0, 0, 0, 0, 0,
    -11, 0, 0, 0, 0, 0, 0, 0,
    2, 0, 0, 0, 0, 0, 0, 0,
    0, 0, 0, 0, 0, -23, 0, -40,
    0, 0, 0, 0, -11, -3, -4, 0,
    0, -23, -6, -6, 0, 2, -6, -3,
    -17, 10, 0, -4, 0, 0, 0, 0,
    0, 10, -6, -3, -3, -1, -1, -3,
    0, 0, 0, 0, 0, -13, 0, 0,
    0, 0, 0, 0, 0, -7, -6, -10,
    0, -2, -1, -1, -6, -1, 0, 0,
    0, 0, 0, 0, 0, 0, 0, 0,
    -4, 0, -6, -4, -4, -6, 0, 0,
    0, 0, 0, 0, 0, -11, 0, 0,
    0, 0, -12, -4, -10, -7, -6, -1,
    -1, -1, -3, -4, 0, 0, 0, 0,
    -9, 0, 0, 0, 0, 0, -12, -4,
    -6, -4, 0, -6, 0, -11, 0, 0,
    0, -15, 0, 0, -7, 0, 0, -4,
    0, -17, 0, -10, 0, -4, -3, -7,
    -9, -9, 0, 0, 0, 0, 0, 0,
    0, 0, 0, 0, 0, 0, 0, 0,
    -6, 0, -3, 0, 0, 0, 0, 0,
    0, 0, 0, 0, 0, 0, 0, 0,
    0, 0, 0, 0, 0, 0, 0, 0,
    0, 0, -4, 0, 0, 0, 0, 0,
    -4, 0, -10, 0, -4, 0, -13, -4,
    0, 0, 0, 0, 0, 0, -31, 0,
    -30, 0, 0, -16, -4, -60, -9, 0,
    0, 2, 2, -10, 0, -13, 0, -15,
    -6, 0, -10, 0, 0, -9, -6, -9,
    -4, -7, -9, -7, -11, -7, -13, 0,
    0, 0, 0, -12, 0, 0, 0, 0,
    0, -1, 0, 0, 0, -9, 0, -6,
    -1, 0, 0, 0, 0, 0, 0, 0,
    0, 0, 0, 0, 0, 0, 0, 0,
    0, 0, 0, 0, 0, 0, 0, 0,
    0, 0, -10, 0, 0, 0, 0, 0,
    0, -17, 0, 0, 0, 0, 0, 0,
    0, 0, 0, 0, 0, 0, 0, 0,
    0, 0, 0, 0, 0, 0, 0, 0,
    0, 0, 0, 0, 0, -9, 0, -17,
    0, -13, 0, 0, -3, -4, -9, 0,
    -4, -7, -6, -5, -4, 0, -7, 0,
    0, 0, -3, 0, 0, 0, -4, 0,
    -3, 0, -14, -6, -9, -7, -7, -9,
    -6, -13, 0, -38, 0, -65, 0, -23,
    0, 0, -14, 1, -11, 0, -10, -51,
    -12, -33, -24, 0, -33, 0, -34, 0,
    -5, -6, -1, 0, 0, 0, -5, 0,
    -9, -4, -15, -15, 0, -15, 0, -23,
    0, 0, 0, 0, -48, -14, -33, 0,
    0, -21, 0, -63, -4, -10, 0, 0,
    0, -10, -4, -33, 0, -18, -10, 0,
    -13, 0, 0, 0, -10, -4, 0, 0,
    0, 0, -6, 0, -9, -14, 0, 0,
    0, -4, 0, -13, 0, 0, 0, -1,
    0, -7, -6, -6, 0, 2, 3, -1,
    0, -4, 0, -1, -4, 0, -1, 0,
    0, 0, -4, 0, 0, 0, 0, 0,
    -3, 0, -3, -13, 0, 0, 0, -7,
    0, 6, 0, 0, 0, 0, 0, -6,
    -6, -9, 0, 0, 0, 0, -6, 0,
    0, 0, 0, 0, 0, 0, 0, 0,
    0, 0, -10, 0, 0, 0, 0, 0,
    0, 6, 0, 0, 0, 0, -46, -31,
    -38, -9, 0, -17, -10, -54, -17, 0,
    0, 0, 0, -9, -6, -23, 0, -31,
    -28, -7, -31, 0, 0, -20, -28, -25,
    -7, -20, -14, -15, -17, -14, -32, -31,
    0, 0, 0, 0, -7, 0, -13, 0,
    0, -7, 0, -20, -4, 0, 0, -1,
    0, -4, -6, 0, 0, -1, 0, 0,
    -4, 0, 0, 0, 0, -1, 0, 0,
    0, 0, -3, 0, 0, 0, 0, 0,
    0, 0, -28, -8, -20, 0, 0, -6,
    -4, -31, -4, 0, -4, 4, 0, 0,
    0, -8, 0, -10, -6, 0, -9, 0,
    0, -9, -6, -5, 0, -13, -4, -4,
    -6, -4, -11, 5, 0, 0, 0, 0,
    -15, -4, -13, 0, 0, 0, -3, -28,
    -3, 0, 0, 0, 0, 0, 0, -3,
    0, -7, 0, 0, -5, 0, 0, 0,
    0, 0, 0, 0, 0, 0, 0, 0,
    -4, -4, 0, -4, 0, -4, 0, -12,
    0, 0, 0, 1, -7, 0, -6, -9,
    -4, 0, 0, 0, 0, 0, 0, -4,
    -3, -7, 0, 0, 0, 0, -3, 0,
    -7, -4, -7, -6, -4, -7, -6, -12,
    0, 0, 0, 0, -39, -28, -29, -11,
    -3, -6, -6, -43, -7, -6, -4, 0,
    0, 0, 0, -11, 0, -29, -18, 0,
    -26, 0, 0, -17, -18, -18, -12, -15,
    -6, -10, -15, -6, -20, -28, 0, 0,
    0, 0, 0, -15, 0, 0, 0, -3,
    -9, -14, -13, 0, -4, -3, -3, 0,
    -6, -7, 0, -7, -9, -9, -6, 0,
    0, 0, -9, 0, -6, -10, -7, -7,
    -10, -7, 0, -15, 0, 0, 0, 0,
    0, 0, 0, 0, 0, 0, 0, 0,
    0, -37, -13, -22, -13, 0, -31, 0,
    0, 0, 0, 0, 14, 0, 31, 0,
    0, 0, 0, 0, -9, -4, 0, 5,
    0, 0, 0, 0, 0, -23, 0, 0,
    0, 0, -5, 0, 0, 0, 0, -10,
    0, -7, -1, 0, -10, 0, 0, 0,
    0, 0, 0, 0, 0, 0, 0, 0,
    -6, 0, 0, 0, 0, 0, 0, 0,
    0, -13, 0, -11, -4, 3, 0, 0,
    -5, 0, 0, 0, 0, -25, 0, -8,
    0, -1, -20, 0, -11, -6, 0, 0,
    0, 0, 0, 0, 0, 0, -7, 0,
    -1, -1, -7, -1, -2, 3, 0, 0,
    0, 0, 0, -9, 0, 0, 0, 0,
    0, 0, 0, -9, 0, -6, 0, 0,
    -10, 0, 0, -4, -9, 0, -4, 0,
    0, 0, -9, 0, -4, 0, 3, 3,
    3, 3, 0, -9, 0, 0, 0, -15,
    0, 4, 0, 0, -3, 0, 0, -9,
    -9, -10, 0, -7, -4, 0, -11, 0,
    -9, -6, 0, 0, -4, 0, 0, 0,
    0, 0, -4, 0, 2, 2, -3, 2,
    0, 4, 6, 17, 21, 0, -21, -6,
    -6, 0, 11, 0, 0, 0, 0, 20,
    0, 29, 20, 14, 26, 0, 27, -9,
    -4, 0, -6, 0, -4, 0, -4, -1,
    0, 0, 5, 0, -1, 0, -6, -6,
    0, 0, 6, -14, 0, 0, 20, 0,
    -15, 0, 0, 0, 0, -11, 0, 0,
    0, 0, -6, 0, 0, -7, -6, 0,
    0, 0, 16, 0, -6, 0, 0, 0,
    -1, -1, 0, 6, -6, 0, 0, 0,
    0, -15, 0, 0, 0, 0, -3, 0,
    0, 0, 0, -10, 0, -4, 0, 0,
    -7, 0, 0, 0, 0, 0, 0, 0,
    0, 0, 0, 0, 0, 0, 0, 0,
    0, 0, 0, 0, 0, 0, 0, -9,
    5, -19, 0, 5, -5, 0, 0, 0,
    0, -15, 0, 0, 0, 0, -5, 0,
    0, -4, -7, 0, -4, 0, -4, 0,
    -7, 0, -9, -6, 0, 0, -3, 0,
    -3, -19, 0, 0, 0, 0, 0, 0,
    0, 0, 0, 0, 0, 0, 0, 0,
    0, 0, 0, 0, 0, 0, 0, 0,
    0, 0, 0, 0, 3, 0, 0, 0,
    0, 0, 0, 0, 0, 0, 0, 0,
    0, 0, 0, -10, 0, 0, 0, 0,
    0, 0, 0, 0, 0, -9, 0, -6,
    0, 0, -13, 0, 0, 0, 0, 0,
    0, 0, 0, 0, 0, 0, 0, 0,
    0, 0, 0, 0, 0, 0, 0, 0,
    0, 0, -24, -10, -15, 11, 0, -6,
    0, -23, 0, 0, 0, 0, 0, 0,
    0, -4, 5, -10, -4, 0, -4, 0,
    0, 0, -4, -1, 0, 0, 11, 8,
    0, 11, -1, -10, 0, 0, 0, -21,
    0, 4, 0, 0, -4, 0, 0, 0,
    0, -10, 0, -4, 0, 0, -9, 0,
    0, 0, 0, 0, 0, 0, 0, 0,
    0, 0, -9, 0, 0, 0, 0, 0,
    0, 4, 0, 0, 0, 0, 3, -11,
    4, 6, -11, 0, 0, 0, 0, -6,
    0, 0, 0, 0, -1, 0, 0, -9,
    -6, 0, -4, 0, 0, 0, -6, -4,
    -9, 0, 0, 0, -7, 0, 0, -11,
    0, 0, 0, -5, -15, -3, -9, 0,
    0, -5, 0, -17, 0, -9, 0, -4,
    0, 0, -6, -4, 0, -9, -1, 0,
    0, 0, -4, 0, -1, 0, 0, 0,
    0, 0, 0, 0, -10, -3, 0, 0,
    0, -5, -17, 0, -3, 0, 0, -1,
    0, -13, 0, -10, 0, -4, 0, -6,
    -10, 0, 0, -4, -1, 0, 0, 0,
    -4, 0, -1, 0, 0, 0, 0, 0,
    0, 0, -7, 0, -6, 0, 0, -10,
    -3, -6, 0, 0, 0, 0, -4, 0,
    -1, -14, 0, -6, 0, -4, -15, 0,
    0, -4, -7, 0, 0, 0, 0, 0,
    3, 0, -10, 0, 0, 0, 0, 0,
    0, -6, 0, 0, 0, 0, -15, 0,
    -6, 0, 0, 0, 0, -17, 0, -9,
    0, -1, 0, -1, -3, 0, 0, -9,
    -1, 0, 0, 0, -4, 0, -1, 0,
    0, 0, 0, 0, -6, 0, -10, 0,
    0, 0, 0, 0, 0, -7, 0, 0,
    0, 0, 0, 0, 0, -11, 0, 0,
    0, 0, -13, 0, 0, -10, -4, 0,
    -3, 0, 0, 0, -4, 0, 0, -4,
    -1, 0, 0, -1, 0, -7
};


/*Collect the kern class' data in one place*/
static const lv_font_fmt_txt_kern_classes_t kern_classes =
{
    .class_pair_values   = kern_class_values,
    .left_class_mapping  = kern_left_class_mapping,
    .right_class_mapping = kern_right_class_mapping,
    .left_class_cnt      = 45,
    .right_class_cnt     = 38,
};

/*--------------------
 *  ALL CUSTOM DATA
 *--------------------*/

#if LVGL_VERSION_MAJOR == 8
/*Store all the custom data of the font*/
static  lv_font_fmt_txt_glyph_cache_t cache;
#endif

#if LVGL_VERSION_MAJOR >= 8
static const lv_font_fmt_txt_dsc_t font_dsc = {
#else
static lv_font_fmt_txt_dsc_t font_dsc = {
#endif
    .glyph_bitmap = glyph_bitmap,
    .glyph_dsc = glyph_dsc,
    .cmaps = cmaps,
    .kern_dsc = &kern_classes,
    .kern_scale = 16,
    .cmap_num = 2,
    .bpp = 4,
    .kern_classes = 1,
    .bitmap_format = 1,
#if LVGL_VERSION_MAJOR == 8
    .cache = &cache
#endif
};



/*-----------------
 *  PUBLIC FONT
 *----------------*/

/*Initialize a public general font descriptor*/
#if LVGL_VERSION_MAJOR >= 8
const lv_font_t c_taiwanpearl_regular_24 = {
#else
lv_font_t c_taiwanpearl_regular_24 = {
#endif
    .get_glyph_dsc = lv_font_get_glyph_dsc_fmt_txt,    /*Function pointer to get glyph's data*/
    .get_glyph_bitmap = lv_font_get_bitmap_fmt_txt,    /*Function pointer to get glyph's bitmap*/
    .line_height = 28,          /*The maximum line height required by the font*/
    .base_line = 8,             /*Baseline measured from the bottom of the line*/
#if !(LVGL_VERSION_MAJOR == 6 && LVGL_VERSION_MINOR == 0)
    .subpx = LV_FONT_SUBPX_NONE,
#endif
#if LV_VERSION_CHECK(7, 4, 0) || LVGL_VERSION_MAJOR >= 8
    .underline_position = -2,
    .underline_thickness = 1,
#endif
    .dsc = &font_dsc,          /*The custom font data. Will be accessed by `get_glyph_bitmap/dsc` */
#if LV_VERSION_CHECK(8, 2, 0) || LVGL_VERSION_MAJOR >= 9
    .fallback = NULL,
#endif
    .user_data = NULL,
};



#endif /*#if C_TAIWANPEARL_REGULAR_24*/

