/*******************************************************************************
 * Size: 72 px
 * Bpp: 4
 * Opts: --font D:/My_STM32_Project/UIBUILDWER/first_ui_project/resources/font/TaiwanPearl_Regular.ttf --size 72 --bpp 4 -r 0x0020-0x007e -r 0x6d45 -r 0x4e2d -r 0x6df1 -r 0x5168 -r 0x719f --format lvgl -o D:/My_STM32_Project/UIBUILDWER/first_ui_project/ui_builder/font/c_taiwanpearl_regular_72.c
 ******************************************************************************/

#ifdef __has_include
    #if __has_include("lvgl.h")
        #ifndef LV_LVGL_H_INCLUDE_SIMPLE
            #define LV_LVGL_H_INCLUDE_SIMPLE
        #endif
    #endif
#endif

#ifdef LV_LVGL_H_INCLUDE_SIMPLE
    #include "lvgl.h"
#else
    #include "lvgl/lvgl.h"
#endif

#ifndef C_TAIWANPEARL_REGULAR_72
#define C_TAIWANPEARL_REGULAR_72 1
#endif

#if C_TAIWANPEARL_REGULAR_72

/*-----------------
 *    BITMAPS
 *----------------*/

/*Store the image of the glyphs*/
static LV_ATTRIBUTE_LARGE_CONST const uint8_t glyph_bitmap[] = {
    /* U+0020 " " */

    /* U+0021 "!" */
    0x0, 0x9f, 0x7f, 0xa8, 0x40, 0x33, 0x41, 0x0,
    0xad, 0x0, 0x6a, 0x0, 0xe4, 0x0, 0xc2, 0x1,
    0xe1, 0x0, 0x84, 0x3, 0xff, 0x8a, 0x20, 0x1f,
    0xfc, 0x27, 0x0, 0xff, 0xe4, 0x88, 0x7, 0x8,
    0x7, 0xff, 0xc, 0xc0, 0x3f, 0xf8, 0x86, 0x1,
    0x84, 0x3, 0xff, 0x88, 0x20, 0x1f, 0xfc, 0x3f,
    0x0, 0xe7, 0x0, 0xff, 0xe1, 0x88, 0x7, 0x8,
    0x7, 0xff, 0xc, 0xc0, 0x38, 0xc0, 0x3f, 0xf8,
    0x62, 0x1, 0xff, 0xc4, 0x10, 0xc, 0xe0, 0x1f,
    0xfc, 0x4f, 0x0, 0xff, 0xe1, 0x88, 0x7, 0x8,
    0x7, 0xff, 0xc, 0xc0, 0x38, 0xc0, 0x3f, 0xf8,
    0x62, 0x1, 0xc2, 0x1, 0xff, 0xc9, 0x70, 0xf,
    0xfe, 0x20, 0x80, 0x61, 0x0, 0xfe, 0x12, 0x0,
    0xfc, 0x34, 0x1, 0xed, 0xbc, 0xe4, 0x0, 0xf1,
    0xa1, 0x80, 0x7f, 0xfa, 0x51, 0x94, 0x40, 0x39,
    0x3a, 0xe6, 0xb9, 0xc0, 0x24, 0xb1, 0x0, 0xd0,
    0xe0, 0xa, 0x0, 0xfa, 0x4, 0xc4, 0x3, 0xf2,
    0x30, 0x7, 0xf1, 0x0, 0x7f, 0xc8, 0x1, 0xfc,
    0x62, 0xa0, 0x1f, 0x12, 0x5, 0x90, 0x7, 0xb8,
    0x0, 0x38, 0xe4, 0x2, 0xba, 0x60,

    /* U+0022 "\"" */
    0x3, 0xbe, 0xfc, 0x40, 0xf, 0xc9, 0x9f, 0xed,
    0x50, 0x2c, 0x41, 0x3, 0xb1, 0x0, 0xf0, 0xd9,
    0x80, 0xa, 0x8d, 0x40, 0x3c, 0x80, 0x1e, 0x40,
    0xf, 0x27, 0x0, 0x78, 0xc0, 0x3f, 0xf8, 0x3f,
    0xc0, 0x1e, 0x30, 0xf, 0x8, 0x7, 0xbc, 0x40,
    0x3c, 0x20, 0x1e, 0x70, 0xf, 0x9, 0x80, 0x79,
    0xc0, 0x3c, 0x20, 0x1e, 0x31, 0x0, 0xf1, 0x0,
    0x78, 0xc0, 0x3c, 0xce, 0x1, 0xe1, 0x0, 0xf0,
    0x80, 0x78, 0x48, 0x3, 0xff, 0x84, 0x20, 0x1c,
    0x62, 0x1, 0xc2, 0x1, 0xf8, 0xc0, 0x38, 0x40,
    0x3c, 0x60, 0x1f, 0x84, 0x3, 0xe1, 0x0, 0xc2,
    0x1, 0xf9, 0xc0, 0x30, 0x80, 0xc, 0x3, 0x38,
    0x7, 0xe1, 0x0, 0xc6, 0x0, 0x60, 0xc, 0x40,
    0x1f, 0x8c, 0x3, 0x8, 0x0, 0x40, 0x30, 0x80,
    0x7e, 0x10, 0xc, 0xc0, 0x3, 0x0, 0xde, 0x1,
    0xfb, 0x80, 0x31, 0x80, 0x4, 0x3, 0x8, 0x7,
    0xe3, 0x0, 0xc2, 0x0, 0xf0, 0xc, 0xa0, 0x1f,
    0x84, 0x3, 0x68, 0x0, 0x80, 0x22, 0x30, 0xf,
    0xce, 0x1, 0xa, 0x0, 0x4, 0x5, 0x3c, 0x3,
    0xf8, 0x40, 0x7, 0xa2, 0x0,

    /* U+0023 "#" */
    0x0, 0xff, 0x86, 0xff, 0x50, 0x3, 0xfe, 0xbf,
    0xd4, 0x0, 0xff, 0xe2, 0x42, 0x1, 0x48, 0x7,
    0xfa, 0x10, 0xa, 0x40, 0x3f, 0xf8, 0x88, 0x1,
    0x18, 0x7, 0xf9, 0x0, 0x23, 0x0, 0xff, 0xe2,
    0x10, 0x4, 0x40, 0x1f, 0xe2, 0x0, 0x88, 0x3,
    0xff, 0x86, 0x20, 0x19, 0x80, 0x3f, 0xc2, 0x1,
    0x30, 0x7, 0xff, 0xc, 0x80, 0x31, 0x0, 0x7f,
    0x18, 0x6, 0x20, 0xf, 0xfe, 0x1b, 0x0, 0x6e,
    0x0, 0xfe, 0x60, 0xd, 0xc0, 0x1f, 0xfc, 0x32,
    0x0, 0xc4, 0x1, 0xfc, 0x40, 0x18, 0x80, 0x3f,
    0xf8, 0x7c, 0x1, 0x98, 0x3, 0xfb, 0x80, 0x33,
    0x0, 0x7f, 0xf0, 0xc8, 0x3, 0x10, 0x7, 0xf1,
    0x0, 0x62, 0x0, 0xff, 0xe1, 0xb0, 0x4, 0x20,
    0x1f, 0xe6, 0x0, 0x88, 0x3, 0xff, 0x88, 0x40,
    0x11, 0x0, 0x7f, 0x88, 0x2, 0x60, 0xf, 0xfe,
    0x18, 0x80, 0x66, 0x0, 0xfe, 0x10, 0xc, 0x40,
    0x1f, 0xfc, 0x32, 0x0, 0xc4, 0x1, 0xfc, 0x40,
    0x1b, 0x80, 0x3f, 0xf8, 0x6c, 0x1, 0xb8, 0x3,
    0xf9, 0x80, 0x31, 0x0, 0x7e, 0x1a, 0xff, 0xea,
    0x0, 0xd3, 0xff, 0xfd, 0x40, 0x1a, 0xbf, 0xf5,
    0x88, 0x2, 0x14, 0x3, 0xff, 0xa4, 0x90, 0x0,
    0x20, 0xf, 0xfe, 0xa2, 0x80, 0x8, 0x3, 0xff,
    0xa8, 0xc0, 0x8, 0x41, 0x0, 0xff, 0xe8, 0xa,
    0x58, 0x0, 0x6f, 0xbf, 0xf0, 0x6, 0x5f, 0xff,
    0xf0, 0x6, 0x4f, 0xfd, 0xd6, 0x20, 0x1f, 0x84,
    0x3, 0x10, 0x7, 0xf1, 0x0, 0x62, 0x0, 0xff,
    0xe1, 0xa8, 0x6, 0xe0, 0xf, 0xe6, 0x0, 0xdc,
    0x1, 0xff, 0xc3, 0x20, 0xc, 0x40, 0x1f, 0xc4,
    0x1, 0x88, 0x3, 0xff, 0x87, 0xc0, 0x19, 0x80,
    0x3f, 0xb8, 0x3, 0x30, 0x7, 0xff, 0xc, 0x80,
    0x31, 0x0, 0x7f, 0x18, 0x6, 0x30, 0xf, 0xfe,
    0x1b, 0x80, 0x42, 0x1, 0xfe, 0x60, 0x8, 0x40,
    0x3f, 0xf8, 0x84, 0x1, 0x10, 0x7, 0xf8, 0x80,
    0x22, 0x0, 0xff, 0xe1, 0x88, 0x6, 0x60, 0xf,
    0xe1, 0x0, 0xcc, 0x1, 0xff, 0xc3, 0x20, 0xc,
    0x40, 0x1f, 0xca, 0x1, 0x88, 0x3, 0xff, 0x86,
    0xa0, 0x1b, 0x80, 0x3f, 0x88, 0x3, 0x70, 0x7,
    0xf3, 0x77, 0xfe, 0x90, 0xd, 0x3f, 0xff, 0xd2,
    0x1, 0xa7, 0xff, 0x6a, 0x0, 0xa, 0x44, 0x3,
    0xff, 0xa2, 0x54, 0x0, 0x60, 0xf, 0xfe, 0xa0,
    0x88, 0x18, 0x3, 0xff, 0xa8, 0x22, 0x2, 0x91,
    0x0, 0xff, 0xe8, 0x95, 0x0, 0x4d, 0xdf, 0xf7,
    0x0, 0x64, 0xff, 0xfe, 0xe0, 0xc, 0x9f, 0xfd,
    0xa8, 0x1, 0xf8, 0x80, 0x31, 0x0, 0x7f, 0x10,
    0x6, 0x20, 0xf, 0xfe, 0x1b, 0x0, 0x6e, 0x0,
    0xfe, 0x60, 0xd, 0xc0, 0x1f, 0xfc, 0x32, 0x0,
    0xc4, 0x1, 0xfc, 0x40, 0x18, 0x80, 0x3f, 0xf8,
    0x7c, 0x1, 0x98, 0x3, 0xfb, 0x80, 0x33, 0x0,
    0x7f, 0xf0, 0xc8, 0x3, 0x10, 0x7, 0xf1, 0x0,
    0x62, 0x0, 0xff, 0xe1, 0xb0, 0x6, 0x10, 0xf,
    0xe6, 0x0, 0xc2, 0x1, 0xff, 0xc3, 0x20, 0x8,
    0x80, 0x3f, 0xc4, 0x1, 0x10, 0x7, 0xff, 0xc,
    0x40, 0x33, 0x0, 0x7f, 0x8, 0x6, 0x60, 0xf,
    0xfe, 0x19, 0x0, 0x62, 0x0, 0xfe, 0x20, 0xc,
    0x40, 0x1f, 0xfc, 0x36, 0x0, 0xdc, 0x1, 0xfc,
    0xc0, 0x1b, 0xc0, 0x3f, 0xf8, 0x64, 0x1, 0x88,
    0x3, 0xf8, 0x80, 0x31, 0x0, 0x7f, 0xf0, 0xf8,
    0x3, 0x30, 0x7, 0xf7, 0x0, 0x66, 0x0, 0xff,
    0xe1, 0x90, 0x6, 0x20, 0xf, 0xe2, 0x0, 0xc4,
    0x1, 0xff, 0xc7, 0x11, 0x0, 0x7f, 0x38, 0x4,
    0x40, 0x1f, 0xfc, 0x4c, 0x0, 0xa0, 0x3, 0xfd,
    0x60, 0x15, 0x0, 0x7f, 0xf1, 0x1e, 0xa3, 0x18,
    0x3, 0xfc, 0xf5, 0x16, 0xe0, 0x1f, 0xf0,

    /* U+0024 "$" */
    0x0, 0xff, 0xe1, 0x2e, 0xfd, 0x90, 0x7, 0xff,
    0x38, 0x68, 0x81, 0x24, 0x3, 0xff, 0x9c, 0xa0,
    0x19, 0x40, 0x3f, 0xff, 0xe0, 0x1f, 0xff, 0xf0,
    0xf, 0xfe, 0xb2, 0xcc, 0x80, 0x30, 0xed, 0x41,
    0x80, 0x7f, 0xf1, 0x46, 0x7e, 0x98, 0x80, 0x38,
    0x95, 0xf3, 0x9c, 0x3, 0xff, 0x84, 0xdc, 0xc0,
    0x1f, 0xfc, 0x11, 0x8e, 0x50, 0xf, 0xfa, 0x64,
    0x1, 0xff, 0xc5, 0x1a, 0x70, 0xf, 0xe9, 0x60,
    0xf, 0xfe, 0x44, 0x40, 0x3, 0xe7, 0x60, 0xf,
    0xe2, 0x32, 0x10, 0xf, 0xe7, 0x30, 0xe, 0x28,
    0x0, 0xf8, 0xef, 0xf7, 0x37, 0xb9, 0x48, 0x1,
    0xf3, 0x0, 0x74, 0x0, 0x7d, 0x18, 0x80, 0x1c,
    0x2b, 0x74, 0x20, 0x18, 0x50, 0x3, 0x12, 0x80,
    0x7a, 0x5c, 0x3, 0xfc, 0xbe, 0x80, 0x1, 0xd1,
    0x0, 0xc8, 0x1, 0xe4, 0x60, 0xf, 0xfe, 0x0,
    0xde, 0x57, 0x98, 0x7, 0x68, 0x7, 0xa0, 0x3,
    0xff, 0x86, 0x6a, 0x20, 0x1e, 0x60, 0xe, 0x13,
    0x0, 0xff, 0xe6, 0x18, 0x7, 0x18, 0x7, 0xff,
    0x34, 0x40, 0x3f, 0xfb, 0x26, 0x1, 0xff, 0xcd,
    0x20, 0xe, 0x12, 0x0, 0xff, 0xe6, 0x38, 0x7,
    0xa8, 0x3, 0xff, 0x99, 0x80, 0x1e, 0x72, 0x0,
    0xff, 0xe5, 0xb8, 0x7, 0xd8, 0x20, 0x1f, 0xfc,
    0xa1, 0x60, 0xf, 0xf, 0x98, 0x7, 0xff, 0x2a,
    0x4, 0x3, 0xc3, 0x90, 0x1, 0xff, 0xc9, 0x1a,
    0x0, 0xfc, 0xfc, 0xc0, 0x1f, 0xfc, 0x84, 0x90,
    0xf, 0xc3, 0x3a, 0xa0, 0x1f, 0xfc, 0x76, 0x90,
    0xf, 0xe2, 0xad, 0x60, 0xf, 0xfe, 0x33, 0x61,
    0x0, 0x7f, 0x14, 0xea, 0x80, 0x7f, 0xf1, 0x4f,
    0x64, 0x40, 0x3f, 0x8a, 0xb0, 0xc0, 0x3f, 0xf8,
    0xad, 0xec, 0x1, 0xfe, 0x3c, 0x90, 0xf, 0xfe,
    0x28, 0xce, 0xa0, 0x7, 0xf9, 0xb4, 0x80, 0x3f,
    0xf8, 0xa5, 0x78, 0x60, 0x1f, 0xc5, 0x86, 0x1,
    0xff, 0xc6, 0x3c, 0xb2, 0x0, 0xfc, 0x3a, 0x40,
    0x1f, 0xfc, 0x74, 0xda, 0x20, 0xf, 0x87, 0xc0,
    0x3f, 0xf9, 0x2b, 0xac, 0x1, 0xf1, 0x40, 0x7,
    0xff, 0x2a, 0x60, 0x3, 0xe7, 0x10, 0xf, 0xfe,
    0x53, 0xb8, 0x3, 0xe6, 0x0, 0xff, 0xe5, 0xc1,
    0x80, 0x7a, 0xc0, 0x3f, 0xf9, 0x90, 0x1, 0xe3,
    0x10, 0xf, 0xfe, 0x5a, 0x8, 0x7, 0x88, 0x3,
    0xff, 0x98, 0x80, 0x1e, 0x70, 0xf, 0xfe, 0x61,
    0x0, 0x78, 0x40, 0x3f, 0xf9, 0x9e, 0x1, 0xe1,
    0x0, 0xff, 0xe6, 0x78, 0x7, 0x9c, 0x3, 0xff,
    0x98, 0x40, 0x1e, 0x20, 0xf, 0xfe, 0x62, 0x80,
    0x71, 0x8, 0x2, 0xbf, 0xc, 0x3, 0xff, 0x8a,
    0xe0, 0x1e, 0x40, 0x4, 0x28, 0x1e, 0x40, 0x7,
    0xff, 0xc, 0xe0, 0x3, 0xda, 0x0, 0x70, 0xc,
    0xfa, 0xa0, 0x1f, 0xfc, 0x4, 0xd0, 0xf, 0x1a,
    0x1, 0x0, 0x78, 0xab, 0x61, 0x0, 0x3c, 0x2b,
    0x76, 0x10, 0xf, 0x40, 0x0, 0x88, 0x1, 0xf1,
    0x3d, 0xff, 0x6e, 0x6f, 0x72, 0x90, 0x3, 0xe7,
    0x40, 0xb, 0xc8, 0x3, 0xfc, 0x24, 0x64, 0x20,
    0x1f, 0xc9, 0x0, 0x18, 0xb5, 0x40, 0x3f, 0xf9,
    0x49, 0x60, 0x1f, 0x55, 0xc, 0x3, 0xff, 0x8e,
    0xf6, 0x1, 0xfc, 0xb9, 0x6a, 0x1, 0xff, 0xc3,
    0x4c, 0x80, 0xf, 0xfe, 0x2, 0x57, 0xdb, 0xa9,
    0x0, 0x78, 0x5a, 0xba, 0xcc, 0x3, 0xff, 0x88,
    0x91, 0x5b, 0x60, 0x1d, 0xf2, 0xa2, 0x1, 0xff,
    0xcf, 0x11, 0x0, 0x7f, 0xff, 0xc0, 0x3f, 0xff,
    0xe0, 0x12, 0x80, 0x65, 0x0, 0xff, 0xe7, 0xd,
    0x10, 0x1c, 0x80, 0x7f, 0xf0, 0x40,

    /* U+0025 "%" */
    0x0, 0xfc, 0x71, 0x9d, 0xfe, 0xdb, 0x61, 0x0,
    0xff, 0xe6, 0xa6, 0x7f, 0x10, 0x7, 0xff, 0x20,
    0xaf, 0x1c, 0xc4, 0x0, 0x49, 0x3d, 0x0, 0x1f,
    0xfc, 0xb5, 0xb3, 0x1, 0x60, 0xf, 0xfe, 0x3a,
    0xea, 0x0, 0x7f, 0x9f, 0x4, 0x3, 0xff, 0x93,
    0x60, 0x10, 0xa0, 0x7, 0xff, 0x19, 0x68, 0x3,
    0xff, 0x82, 0x78, 0x20, 0x1f, 0xfc, 0x78, 0x10,
    0xa, 0x0, 0x3f, 0xf8, 0xc5, 0x40, 0x1c, 0x2f,
    0x52, 0xa0, 0x1c, 0x54, 0x1, 0xff, 0xc6, 0x17,
    0x0, 0x89, 0x80, 0x3f, 0xf8, 0xdc, 0x1, 0xcf,
    0xd0, 0xad, 0x5a, 0x40, 0x19, 0x14, 0x3, 0xff,
    0x8b, 0x0, 0x1a, 0x40, 0x3f, 0xf8, 0xca, 0x60,
    0x19, 0xe0, 0x3, 0x8b, 0x4, 0x3, 0x58, 0x7,
    0xff, 0x10, 0x98, 0x2, 0x34, 0x0, 0xff, 0xe3,
    0x40, 0x6, 0x28, 0x0, 0xf8, 0x68, 0x3, 0xb,
    0x0, 0x7f, 0xf0, 0xe0, 0x3, 0x78, 0x7, 0xff,
    0x18, 0xc8, 0x3, 0x40, 0x7, 0xf2, 0x18, 0x6,
    0xd0, 0xf, 0xfe, 0x11, 0xa8, 0x4, 0x86, 0x1,
    0xff, 0xc6, 0xb0, 0xc, 0x2a, 0x1, 0xfe, 0x90,
    0xc, 0x82, 0x1, 0xff, 0xc1, 0x80, 0xd, 0x20,
    0x1f, 0xfc, 0x74, 0x0, 0xc8, 0x1, 0xff, 0x28,
    0x7, 0x20, 0x7, 0xff, 0x0, 0xd0, 0x2, 0x52,
    0x0, 0xff, 0xe3, 0x98, 0x6, 0xc0, 0xf, 0xfe,
    0x1, 0x0, 0x6d, 0x0, 0xff, 0xe0, 0x78, 0x6,
    0x80, 0xf, 0xfe, 0x38, 0x80, 0x71, 0x0, 0x7f,
    0xf0, 0x1c, 0x3, 0x18, 0x7, 0xfc, 0xa6, 0x1,
    0x31, 0x0, 0x7f, 0xf1, 0xc8, 0x3, 0x94, 0x3,
    0xff, 0x80, 0x40, 0x19, 0x80, 0x3f, 0xe8, 0x0,
    0xd0, 0x1, 0xff, 0xc8, 0x60, 0xe, 0x10, 0xf,
    0xfe, 0x7, 0x0, 0x63, 0x0, 0xff, 0x31, 0x0,
    0x50, 0x20, 0x1f, 0xfe, 0xb8, 0x0, 0x85, 0xc0,
    0x3f, 0xf9, 0x26, 0x1, 0xff, 0xc6, 0x30, 0xc,
    0x20, 0x1f, 0xce, 0x20, 0x14, 0x0, 0x7f, 0xf2,
    0x8c, 0x3, 0xff, 0x8c, 0x60, 0x1f, 0xfc, 0x29,
    0x0, 0x89, 0x80, 0x3f, 0xf9, 0x42, 0x1, 0xff,
    0xcb, 0x10, 0xf, 0xd0, 0x20, 0x14, 0x0, 0x7f,
    0xf2, 0xdc, 0x3, 0x84, 0x3, 0xff, 0x80, 0x20,
    0x18, 0xc0, 0x3e, 0x17, 0x0, 0x89, 0x40, 0x3f,
    0xf9, 0x62, 0x1, 0xc4, 0x1, 0xff, 0xc0, 0xe0,
    0xc, 0x20, 0x1f, 0x40, 0x6, 0x90, 0xf, 0xfe,
    0x61, 0x0, 0x73, 0x0, 0x7f, 0xf0, 0x14, 0x3,
    0x28, 0x7, 0x89, 0x80, 0x23, 0x40, 0xf, 0xc2,
    0x8c, 0xec, 0xa2, 0x1, 0xfe, 0x30, 0xd, 0x80,
    0x1f, 0xfc, 0x3, 0x0, 0xde, 0x1, 0xe8, 0x0,
    0xde, 0x1, 0xf2, 0x67, 0x5c, 0xc4, 0xd7, 0x63,
    0x0, 0x7e, 0x50, 0xc, 0x80, 0x1f, 0xf2, 0x0,
    0x72, 0x80, 0x71, 0xa8, 0x4, 0xa6, 0x1, 0xc3,
    0x76, 0x30, 0xf, 0x8e, 0x70, 0x80, 0x3d, 0xa0,
    0x18, 0x8c, 0x3, 0xfd, 0xc0, 0x18, 0x4c, 0x3,
    0xa0, 0x3, 0x40, 0x7, 0x16, 0x20, 0x7, 0xfc,
    0x78, 0x40, 0x1c, 0x82, 0x1, 0xa4, 0x3, 0xf8,
    0x94, 0x3, 0x30, 0x7, 0x22, 0x0, 0x26, 0x20,
    0xc, 0x38, 0x40, 0x1f, 0xfc, 0x11, 0xc1, 0x0,
    0xe7, 0x0, 0xca, 0x80, 0x1f, 0xb8, 0x3, 0xa8,
    0x3, 0xa0, 0x3, 0x40, 0x7, 0x50, 0x80, 0x61,
    0x8d, 0xfd, 0x81, 0x0, 0xc3, 0x40, 0x1d, 0x0,
    0x1d, 0x46, 0x1, 0xe9, 0x30, 0xc, 0xa4, 0x1,
    0x94, 0xc0, 0x27, 0x10, 0xc, 0xa8, 0x1, 0x8b,
    0xdc, 0x80, 0x9f, 0xc8, 0x3, 0x22, 0x0, 0x30,
    0xc8, 0x6, 0x1c, 0x82, 0x1, 0x5c, 0x60, 0xe,
    0xb0, 0xe, 0x80, 0xd, 0x20, 0x1d, 0x0, 0x1d,
    0xe2, 0x1, 0xc3, 0xe0, 0x1d, 0x20, 0x1c, 0xc8,
    0x1, 0xcf, 0xbf, 0xd4, 0x60, 0x1d, 0x42, 0x1,
    0x98, 0x80, 0x28, 0x10, 0xc, 0x84, 0x1, 0xa0,
    0x80, 0x3e, 0x29, 0x0, 0xc4, 0x80, 0x1d, 0x46,
    0x1, 0xff, 0xc2, 0x85, 0x0, 0xe8, 0x0, 0x85,
    0xc0, 0x3b, 0x80, 0x30, 0xb8, 0x7, 0xf3, 0x8,
    0x6, 0xd0, 0xe, 0x1c, 0x50, 0xf, 0xfe, 0x5,
    0x38, 0x7, 0x38, 0x80, 0x50, 0x1, 0xe4, 0x0,
    0xce, 0x1, 0xff, 0x38, 0x6, 0x70, 0xf, 0xab,
    0x10, 0x3, 0xe1, 0x7e, 0x50, 0xf, 0x48, 0x4,
    0x4c, 0x1, 0xc4, 0x20, 0x1b, 0x0, 0x3f, 0xed,
    0x0, 0xc2, 0x20, 0xf, 0x8e, 0xfe, 0xe6, 0x21,
    0x59, 0xd0, 0x20, 0x1e, 0x81, 0x0, 0xa0, 0x3,
    0xce, 0x1, 0xce, 0x1, 0xff, 0x20, 0x7, 0x28,
    0x7, 0xf9, 0x19, 0xdc, 0xa6, 0x1, 0xf8, 0x5c,
    0x2, 0x35, 0x0, 0xf1, 0x0, 0x71, 0x0, 0x7f,
    0xf0, 0x4, 0x3, 0x18, 0x7, 0xff, 0x32, 0x0,
    0x34, 0x0, 0x7d, 0xc0, 0x18, 0x40, 0x3f, 0xf8,
    0x24, 0x1, 0xbc, 0x3, 0xff, 0x96, 0x4c, 0x1,
    0x22, 0x0, 0x3e, 0x30, 0xc, 0x60, 0x1f, 0xfc,
    0x17, 0x0, 0xc2, 0x1, 0xff, 0xcb, 0x80, 0xd,
    0x0, 0x1f, 0xfc, 0x11, 0x0, 0xff, 0xe0, 0x88,
    0x6, 0x30, 0xf, 0xfe, 0x51, 0xa8, 0x4, 0xa6,
    0x1, 0xff, 0xd4, 0x10, 0xf, 0xfe, 0x54, 0x0,
    0x68, 0x0, 0xfe, 0x30, 0xc, 0x20, 0x1f, 0xfc,
    0x11, 0x0, 0xc2, 0x1, 0xff, 0xc9, 0x44, 0x0,
    0x4c, 0x40, 0x1f, 0xfc, 0x23, 0x0, 0xff, 0xe3,
    0x18, 0x7, 0xff, 0x26, 0x0, 0x34, 0x0, 0x7f,
    0x84, 0x3, 0x8, 0x7, 0xff, 0x5, 0x80, 0x30,
    0x80, 0x7f, 0xf2, 0x14, 0xc0, 0x27, 0x10, 0xf,
    0xf7, 0x0, 0x70, 0x80, 0x7f, 0xf0, 0x8, 0x3,
    0x70, 0x7, 0xff, 0x22, 0x0, 0x21, 0x90, 0xf,
    0xf9, 0x40, 0x39, 0x40, 0x3f, 0xe2, 0x0, 0xe2,
    0x0, 0xff, 0xe3, 0xb1, 0x0, 0x52, 0x20, 0x1f,
    0xf1, 0x80, 0x71, 0x80, 0x7f, 0xc8, 0x1, 0xca,
    0x1, 0xff, 0xc7, 0x80, 0x8, 0x5c, 0x3, 0xff,
    0x82, 0x60, 0x1a, 0xc0, 0x3f, 0xed, 0x0, 0xc6,
    0x20, 0x1f, 0xfc, 0x67, 0x10, 0xa, 0x0, 0x3f,
    0xf8, 0x54, 0x1, 0x8c, 0xc0, 0x1f, 0xc4, 0x80,
    0x19, 0x0, 0x3f, 0xf8, 0xc3, 0x20, 0x11, 0x30,
    0x7, 0xff, 0x9, 0xc0, 0x3a, 0x40, 0x3f, 0xa0,
    0x3, 0xa8, 0x3, 0xff, 0x8d, 0x22, 0x1, 0x40,
    0x7, 0xff, 0xc, 0x58, 0x3, 0x2b, 0x0, 0x7c,
    0xca, 0x1, 0x94, 0x80, 0x3f, 0xf8, 0xa2, 0xe0,
    0x11, 0xa8, 0x7, 0xff, 0x12, 0x0, 0x3a, 0x58,
    0x3, 0x9a, 0x40, 0x3a, 0x0, 0x3f, 0xf8, 0xd0,
    0x1, 0xa0, 0x3, 0xff, 0x8a, 0x32, 0x1, 0xd3,
    0xb0, 0xf1, 0xb2, 0x1, 0xd0, 0x40, 0x1f, 0xfc,
    0x52, 0x60, 0x9, 0x10, 0x1, 0xff, 0xc6, 0x66,
    0x0, 0x71, 0x3c, 0x39, 0x0, 0x72, 0xb8, 0x7,
    0xff, 0x1a, 0x0, 0x34, 0x0, 0x7f, 0xf2, 0x25,
    0xc0, 0x3f, 0xf8, 0x2d, 0x40, 0x1f, 0xfc, 0x75,
    0x0, 0x9c, 0xc0, 0x3f, 0xf9, 0x31, 0x64, 0x1,
    0xfc, 0x55, 0x20, 0x1f, 0xfc, 0x83, 0x2, 0x88,
    0x0, 0x7f, 0xf2, 0xd3, 0x6d, 0x88, 0x0, 0x24,
    0xd5, 0xaa, 0x1, 0xe0,

    /* U+0026 "&" */
    0x0, 0xff, 0xe1, 0xa, 0xd6, 0xf7, 0xf6, 0xd3,
    0x8, 0x7, 0xff, 0x59, 0xfa, 0x94, 0x84, 0x4,
    0x96, 0x7a, 0x0, 0x3f, 0xfa, 0x65, 0xb0, 0x1,
    0xff, 0x3e, 0x8, 0x7, 0xff, 0x40, 0xb0, 0x80,
    0x3f, 0xf8, 0x27, 0x80, 0x1f, 0xfc, 0xf1, 0xf1,
    0x0, 0xff, 0xe1, 0x94, 0x80, 0x7f, 0xf3, 0xa8,
    0x80, 0x38, 0x63, 0x7b, 0x68, 0x80, 0x39, 0x88,
    0x3, 0xff, 0x98, 0x88, 0x0, 0xe3, 0xf7, 0x21,
    0x25, 0xd2, 0x0, 0xeb, 0x0, 0xff, 0xe6, 0x40,
    0x7, 0x16, 0x8, 0x7, 0xb8, 0x3, 0x9c, 0x3,
    0xff, 0x96, 0x26, 0x1, 0xd2, 0x1, 0xf8, 0xc8,
    0x3, 0x8, 0x80, 0x3f, 0xf9, 0x48, 0x1, 0xc2,
    0x80, 0x1f, 0xc8, 0x1, 0xc4, 0x1, 0xff, 0xca,
    0xd0, 0xe, 0x40, 0xf, 0xf0, 0x80, 0x73, 0x80,
    0x7f, 0xf2, 0x88, 0x3, 0xb4, 0x3, 0xff, 0x88,
    0xe0, 0x1f, 0xfc, 0xa1, 0x0, 0xe1, 0x0, 0xff,
    0x10, 0x7, 0x10, 0x7, 0xff, 0x28, 0x40, 0x3b,
    0xc0, 0x3f, 0xca, 0x1, 0x88, 0x40, 0x3f, 0xf9,
    0x46, 0x1, 0xce, 0x1, 0xfc, 0xe0, 0x1c, 0xa0,
    0x1f, 0xfc, 0xbe, 0x0, 0xe1, 0x20, 0xf, 0x8e,
    0x0, 0x3a, 0x40, 0x3f, 0xf9, 0x66, 0x1, 0xe5,
    0x0, 0xf1, 0x68, 0x7, 0x38, 0x80, 0x7f, 0xf2,
    0xd0, 0x3, 0xd8, 0x1, 0xc7, 0x82, 0x1, 0x8a,
    0x0, 0x3f, 0xf9, 0xa4, 0x1, 0xc8, 0x1, 0x97,
    0x4, 0x3, 0xb8, 0x3, 0xff, 0x9d, 0x40, 0x1e,
    0x50, 0x4, 0x50, 0x7, 0xa8, 0xc0, 0x3f, 0xf9,
    0xca, 0x1, 0xec, 0x2c, 0x70, 0xf, 0x42, 0x80,
    0x7f, 0xf3, 0xc8, 0xc0, 0x39, 0xb4, 0xc0, 0x3d,
    0x2e, 0x1, 0xff, 0xd1, 0x90, 0xf, 0xfe, 0x0,
    0xdb, 0x0, 0x7f, 0xf4, 0x94, 0x80, 0x3f, 0xc7,
    0xe8, 0x1, 0xff, 0xd4, 0x50, 0xf, 0xe6, 0xc1,
    0x0, 0xff, 0xea, 0x3b, 0x80, 0x3e, 0x1b, 0x90,
    0xf, 0xfe, 0x32, 0xe7, 0xf5, 0x90, 0x7, 0xf5,
    0xc0, 0x7, 0xe2, 0x40, 0xf, 0xfe, 0x32, 0xd1,
    0x80, 0xa5, 0x80, 0x7c, 0x3a, 0x80, 0x1f, 0xc6,
    0xe0, 0x1f, 0xfc, 0x68, 0x0, 0xe1, 0x0, 0xf1,
    0x79, 0x0, 0x7f, 0xd0, 0x40, 0x1f, 0xfc, 0x43,
    0x20, 0xe, 0xc0, 0xe, 0x2c, 0x10, 0xf, 0xfe,
    0xf, 0x80, 0x7f, 0xf1, 0x2c, 0x3, 0x85, 0x0,
    0x30, 0xf8, 0x80, 0x79, 0x34, 0x40, 0x38, 0xa4,
    0x3, 0xff, 0x86, 0xa0, 0x1c, 0xe0, 0x1d, 0xa4,
    0x1, 0xe5, 0xb2, 0xa0, 0xf, 0x33, 0x80, 0x7f,
    0xf0, 0x4c, 0x80, 0x3a, 0x80, 0x33, 0x98, 0x7,
    0x96, 0x80, 0x8, 0xe0, 0x1e, 0x84, 0x0, 0xff,
    0xe0, 0x48, 0x7, 0x11, 0x80, 0x43, 0x0, 0x1e,
    0x3a, 0x0, 0xd0, 0x60, 0x1e, 0xa2, 0x0, 0xff,
    0xa, 0x80, 0x75, 0x80, 0x66, 0x0, 0xf0, 0xe8,
    0x7, 0xb8, 0x40, 0x38, 0x70, 0x80, 0x3f, 0xa0,
    0x3, 0x85, 0x80, 0x34, 0x80, 0x7a, 0x4, 0x3,
    0xc5, 0xa0, 0x1e, 0x1f, 0x10, 0xf, 0x89, 0x80,
    0x39, 0x80, 0x31, 0x8, 0x7, 0xb, 0x0, 0x7e,
    0x39, 0x0, 0xf1, 0x60, 0x80, 0x7a, 0x40, 0x3d,
    0x20, 0x19, 0x0, 0x3c, 0xc0, 0x1f, 0xe6, 0x60,
    0x7, 0x8b, 0x4, 0x3, 0x22, 0x0, 0x3a, 0x4,
    0x3, 0x8, 0x7, 0xb0, 0x3, 0xfe, 0x95, 0x0,
    0xf1, 0x79, 0x0, 0x54, 0x1, 0xc4, 0xe0, 0x1d,
    0xc0, 0x1e, 0x70, 0xf, 0xfe, 0x5, 0x20, 0x7,
    0x87, 0x50, 0x28, 0x40, 0x3a, 0x0, 0x3f, 0xf8,
    0x2e, 0x1, 0xff, 0xc1, 0xb4, 0x0, 0xfa, 0xe5,
    0x40, 0x39, 0x14, 0x3, 0xdc, 0x1, 0xe2, 0x0,
    0xff, 0xe1, 0x59, 0x80, 0x7c, 0xc0, 0x1c, 0x34,
    0x1, 0xf0, 0x80, 0x7b, 0x0, 0x3f, 0xf8, 0x78,
    0x80, 0x1f, 0xfc, 0xb, 0x10, 0xf, 0x94, 0x3,
    0xc8, 0x1, 0xff, 0xc4, 0xb5, 0x0, 0xff, 0x2a,
    0x80, 0x3f, 0x18, 0x7, 0x85, 0x80, 0x3f, 0xf8,
    0x94, 0xc0, 0x1f, 0xe1, 0x0, 0xfe, 0x50, 0xf,
    0x41, 0x0, 0x7f, 0xf1, 0x28, 0x3, 0xf9, 0x7d,
    0x40, 0x3f, 0x48, 0x7, 0x87, 0xc4, 0x3, 0xff,
    0x84, 0xf8, 0x1, 0xfe, 0x1a, 0xb2, 0x0, 0xf1,
    0xa0, 0x7, 0x8b, 0xd0, 0x3, 0xfe, 0x3c, 0x80,
    0xf, 0xfe, 0xa, 0x6d, 0x10, 0x7, 0x48, 0x80,
    0x78, 0x6f, 0x14, 0x40, 0x3c, 0xb7, 0x86, 0x1,
    0xff, 0xc4, 0x5d, 0xc5, 0x0, 0x8a, 0x80, 0x3f,
    0x1d, 0x76, 0xdd, 0x5e, 0x7d, 0x20, 0x7, 0xc9,
    0x94, 0x20, 0x1f, 0xc7, 0x44, 0x1, 0x24, 0x80,
    0x7f, 0x89, 0x15, 0xc, 0x3, 0xf2, 0x65, 0x9a,
    0xfb, 0x0, 0x7f, 0x98, 0x3, 0x35, 0x0, 0x7f,
    0xf2, 0x13, 0x2c, 0xc0, 0x21, 0x9c, 0x40, 0xf,
    0xcc, 0x1, 0xcb, 0xa8, 0x1, 0xff, 0xc4, 0x5d,
    0xb3, 0x0, 0xf8, 0xee, 0xc8, 0x1, 0xc6, 0x40,
    0x1e, 0x2b, 0xb2, 0x0, 0x7f, 0xc5, 0x1d, 0x44,
    0x1, 0xff, 0x25, 0xe3, 0x90, 0xf, 0x0, 0x7f,
    0x25, 0xf5, 0x31, 0x88, 0x4, 0x4f, 0x9a, 0xe2,
    0x1, 0xff, 0xc3, 0x38, 0xdf, 0xe2, 0x0,

    /* U+0027 "'" */
    0x3, 0xbe, 0xfc, 0x40, 0x2c, 0x41, 0x3, 0xb1,
    0x50, 0xf, 0x27, 0x0, 0x78, 0xf8, 0x3, 0xc6,
    0x20, 0x1e, 0x13, 0x0, 0xf3, 0x88, 0x7, 0x89,
    0xc0, 0x3c, 0x24, 0x1, 0xf0, 0x80, 0x70, 0x80,
    0x7c, 0x60, 0x1, 0x0, 0xc2, 0x0, 0x30, 0xc,
    0xe0, 0x6, 0x0, 0xc4, 0x0, 0x10, 0xc, 0x20,
    0x3, 0x0, 0xde, 0x0, 0x10, 0xc, 0x20, 0xf,
    0x0, 0xca, 0x0, 0x20, 0x8, 0x8c, 0x0, 0x20,
    0x29, 0xe0, 0x0,

    /* U+0028 "(" */
    0x0, 0xff, 0x99, 0x82, 0x1, 0xff, 0x6c, 0xcb,
    0x90, 0x3, 0xfa, 0x48, 0x2, 0xf0, 0xf, 0xc4,
    0xc0, 0x18, 0xc0, 0x3f, 0x48, 0x7, 0x50, 0x7,
    0xc8, 0x80, 0xc, 0xe4, 0x1, 0xf4, 0x0, 0x61,
    0x90, 0xf, 0x90, 0xc0, 0x34, 0x8, 0x7, 0xd0,
    0x1, 0x85, 0x80, 0x3e, 0x33, 0x0, 0x69, 0x0,
    0xfd, 0x20, 0x1c, 0xc0, 0x1f, 0xa, 0x80, 0x66,
    0x10, 0xf, 0x9c, 0x3, 0xa8, 0x3, 0xf5, 0x80,
    0x62, 0x30, 0xf, 0x88, 0x80, 0x19, 0x40, 0x3f,
    0x28, 0x7, 0x58, 0x7, 0xeb, 0x0, 0xc2, 0x60,
    0x1f, 0x9, 0x80, 0x64, 0x0, 0xfc, 0x80, 0x1d,
    0xe0, 0x1f, 0xb0, 0x3, 0x90, 0x3, 0xf2, 0x0,
    0x61, 0x10, 0x7, 0xc2, 0x40, 0x19, 0x40, 0x3f,
    0x28, 0x7, 0x60, 0x7, 0xe3, 0x0, 0xe2, 0x0,
    0xfd, 0xa0, 0x1c, 0xe0, 0x1f, 0x98, 0x3, 0x88,
    0x3, 0xf1, 0x80, 0x61, 0x0, 0xfc, 0x20, 0x1c,
    0x40, 0x1f, 0x8c, 0x3, 0x9c, 0x3, 0xf3, 0x0,
    0x71, 0x0, 0x7e, 0x10, 0xe, 0x10, 0xf, 0xc4,
    0x1, 0xde, 0x1, 0xff, 0xc2, 0x10, 0xf, 0xde,
    0x1, 0xff, 0xc8, 0x30, 0xf, 0xc2, 0x1, 0xff,
    0xd1, 0x10, 0xf, 0xfe, 0x8f, 0x80, 0x71, 0x80,
    0x7f, 0xf2, 0xc4, 0x3, 0x84, 0x3, 0xf1, 0x0,
    0x77, 0x80, 0x7e, 0x70, 0xe, 0x20, 0xf, 0xc4,
    0x1, 0xc2, 0x1, 0xf8, 0x40, 0x39, 0xc0, 0x3f,
    0x88, 0x3, 0x18, 0x7, 0xf3, 0x0, 0x70, 0x80,
    0x7e, 0x30, 0xe, 0x20, 0xf, 0xdc, 0x1, 0xca,
    0x1, 0xf9, 0x40, 0x3b, 0xc0, 0x3f, 0x18, 0x7,
    0x28, 0x7, 0xf2, 0x0, 0x63, 0x0, 0xfe, 0xc0,
    0xe, 0x30, 0xf, 0xc8, 0x1, 0xc8, 0x1, 0xf8,
    0xc4, 0x3, 0x60, 0x7, 0xf2, 0x0, 0x64, 0x0,
    0xfe, 0xf0, 0xe, 0x50, 0xf, 0xca, 0x1, 0xde,
    0x1, 0xfc, 0xa0, 0x19, 0x44, 0x3, 0xf4, 0x80,
    0x73, 0x80, 0x7e, 0x32, 0x0, 0xd4, 0x1, 0xfd,
    0x40, 0x18, 0xcc, 0x1, 0xf9, 0xc0, 0x3a, 0x0,
    0x3f, 0x9c, 0x3, 0x21, 0x0, 0x7e, 0x90, 0xe,
    0x80, 0xf, 0xc2, 0xe0, 0x19, 0x50, 0x3, 0xf4,
    0x88, 0x6, 0x90, 0xf, 0xc3, 0x20, 0x18, 0x94,
    0x3, 0xf3, 0x90, 0x6, 0xe0, 0xf, 0xe9, 0x0,
    0xc4, 0x1, 0xfc, 0x92, 0x22, 0x69,

    /* U+0029 ")" */
    0x5, 0xdf, 0x80, 0xf, 0xf1, 0xd1, 0x3, 0xb8,
    0x3, 0xf9, 0x80, 0x34, 0x10, 0x7, 0xe4, 0x0,
    0xe8, 0x0, 0xfc, 0x2e, 0x1, 0x95, 0x0, 0x3f,
    0x40, 0x80, 0x69, 0x0, 0xfe, 0x80, 0xc, 0x48,
    0x1, 0xf9, 0x84, 0x3, 0x40, 0x7, 0xf4, 0x80,
    0x63, 0x40, 0xf, 0xce, 0x20, 0x1b, 0xc0, 0x3f,
    0x98, 0x3, 0x21, 0x0, 0x7e, 0xa0, 0xe, 0xa0,
    0xf, 0xc4, 0x60, 0x19, 0x80, 0x3f, 0xa8, 0x3,
    0xa, 0x80, 0x7e, 0x70, 0xe, 0xf0, 0xf, 0xc2,
    0x60, 0x19, 0x40, 0x3f, 0xac, 0x3, 0x90, 0x3,
    0xf2, 0x80, 0x76, 0x80, 0x7e, 0x21, 0x0, 0xc8,
    0x1, 0xfc, 0x80, 0x18, 0x84, 0x3, 0xf6, 0x80,
    0x72, 0x80, 0x7e, 0x30, 0xe, 0xc0, 0xf, 0xc8,
    0x1, 0xc6, 0x1, 0xfc, 0x20, 0x19, 0x40, 0x3f,
    0x88, 0x3, 0x8, 0x80, 0x3f, 0x28, 0x7, 0x10,
    0x7, 0xee, 0x0, 0xe5, 0x0, 0xfc, 0x40, 0x1d,
    0xc0, 0x1f, 0x84, 0x3, 0x84, 0x3, 0xf3, 0x80,
    0x71, 0x0, 0x7e, 0x20, 0xe, 0x70, 0xf, 0xc2,
    0x1, 0xc2, 0x1, 0xff, 0xc2, 0x30, 0xf, 0xfe,
    0x88, 0x80, 0x7f, 0x8, 0x7, 0xff, 0x44, 0x40,
    0x3f, 0xf8, 0xe2, 0x1, 0xff, 0xd1, 0x30, 0xf,
    0xc2, 0x1, 0xc2, 0x1, 0xf8, 0xc0, 0x39, 0x80,
    0x3f, 0x30, 0x7, 0x18, 0x7, 0xe1, 0x0, 0xee,
    0x0, 0xfc, 0x40, 0x1c, 0x20, 0x1f, 0xb8, 0x3,
    0x94, 0x3, 0xf1, 0x0, 0x71, 0x0, 0x7e, 0x50,
    0xc, 0x22, 0x0, 0xfc, 0x20, 0x19, 0x40, 0x3f,
    0x18, 0x7, 0x18, 0x7, 0xe4, 0x0, 0xec, 0x0,
    0xfd, 0xa0, 0x1c, 0xa0, 0x1f, 0x90, 0x3, 0x10,
    0x80, 0x7c, 0x42, 0x1, 0x90, 0x3, 0xf2, 0x80,
    0x76, 0x80, 0x7e, 0xc0, 0xc, 0x28, 0x1, 0xf9,
    0x0, 0x32, 0x0, 0x7e, 0x60, 0xe, 0xf0, 0xf,
    0xda, 0x1, 0x85, 0x40, 0x3e, 0x14, 0x0, 0xcc,
    0x1, 0xfa, 0x40, 0x3a, 0x80, 0x3f, 0x30, 0x6,
    0x42, 0x0, 0xf9, 0x84, 0x3, 0x78, 0x7, 0xeb,
    0x0, 0xc6, 0x80, 0x1f, 0x31, 0x0, 0x69, 0x0,
    0xfd, 0x0, 0x18, 0x94, 0x3, 0xe8, 0x10, 0xd,
    0x20, 0x1f, 0xb, 0x80, 0x64, 0x40, 0x7, 0xc8,
    0x1, 0xd2, 0x1, 0xf9, 0x80, 0x33, 0x90, 0x7,
    0xe3, 0xb3, 0x6, 0x80, 0xf, 0xe0,

    /* U+002A "*" */
    0x0, 0xff, 0x93, 0x3f, 0x80, 0x3f, 0xf9, 0x5,
    0x66, 0x2, 0x1, 0xff, 0xc8, 0x50, 0xc, 0x20,
    0x1f, 0xfc, 0x7e, 0x0, 0xc4, 0x1, 0xff, 0xc7,
    0x20, 0xc, 0xe0, 0x1f, 0xfc, 0x76, 0x0, 0xc4,
    0x1, 0xff, 0xc7, 0x30, 0xc, 0x20, 0x1f, 0xe2,
    0xce, 0xc8, 0x40, 0x8, 0x40, 0x37, 0x0, 0x9,
    0xab, 0xb9, 0x0, 0xf, 0x31, 0x37, 0xbf, 0xbb,
    0x0, 0x73, 0x5f, 0x6c, 0xa8, 0x89, 0xd0, 0x8,
    0x3, 0xc8, 0x80, 0xf, 0x20, 0x80, 0x7b, 0x1,
    0x0, 0x3f, 0xf9, 0x56, 0x17, 0x2, 0x1, 0xff,
    0xc6, 0x4c, 0x30, 0x3, 0xf5, 0x20, 0x7, 0xff,
    0x4, 0x5f, 0x6c, 0xc0, 0x39, 0x6f, 0x54, 0x3,
    0xf8, 0x6b, 0xa0, 0x80, 0x3f, 0x8b, 0xc0, 0x3f,
    0x89, 0x40, 0x3f, 0xf8, 0x30, 0x1, 0xfc, 0x6c,
    0x1, 0xff, 0xc0, 0x72, 0x0, 0xff, 0x48, 0x80,
    0x7f, 0x8a, 0x0, 0x39, 0xcc, 0x3, 0xac, 0x3,
    0xfd, 0x20, 0x1d, 0x10, 0xd2, 0x0, 0xca, 0x80,
    0x1f, 0x91, 0x0, 0x19, 0x5c, 0x7, 0xc0, 0x3a,
    0x0, 0x3f, 0x60, 0x6, 0x3a, 0x0, 0x8a, 0xc0,
    0x31, 0x80, 0x7e, 0xd0, 0x8, 0x74, 0x3, 0x92,
    0x0, 0x21, 0x0, 0xfc, 0xae, 0x25, 0x82, 0x1,
    0xe7, 0x80, 0x3c, 0x0, 0xc0,

    /* U+002B "+" */
    0x0, 0xff, 0xe2, 0x2c, 0xc9, 0x40, 0x3f, 0xfa,
    0x6f, 0x4c, 0xca, 0x70, 0xf, 0xfe, 0x95, 0x80,
    0x6b, 0x0, 0xff, 0xe9, 0x8, 0x6, 0x10, 0xf,
    0xff, 0xf8, 0x7, 0xff, 0xfc, 0x3, 0xff, 0xfe,
    0x1, 0xff, 0xff, 0x0, 0xff, 0xff, 0x80, 0x7f,
    0xff, 0x5f, 0xbf, 0xff, 0xf8, 0x4, 0x1, 0x8b,
    0xff, 0xff, 0x81, 0xd0, 0x7, 0x2, 0x1, 0xff,
    0xd2, 0x17, 0x45, 0x0, 0xff, 0xeb, 0x19, 0x80,
    0x3f, 0xfa, 0xc4, 0xa6, 0x1, 0xff, 0xd4, 0x35,
    0xc, 0xc5, 0xd5, 0x7f, 0xc2, 0x1, 0x86, 0xab,
    0xfe, 0xbc, 0xc0, 0x4, 0x68, 0xab, 0xff, 0x18,
    0x6, 0x35, 0x5f, 0xf9, 0xc, 0x3, 0xff, 0xfe,
    0x1, 0xff, 0xff, 0x0, 0xff, 0xff, 0x80, 0x7f,
    0xff, 0xc0, 0x3f, 0xff, 0xe0, 0x1f, 0xff, 0xe7,
    0x0, 0xc8, 0x1, 0xff, 0xd2, 0xb4, 0x1, 0x58,
    0x0, 0xff, 0xe1, 0x80,

    /* U+002C "," */
    0x0, 0xc6, 0xf0, 0xe4, 0x1, 0xe1, 0xcc, 0x43,
    0xc6, 0xc0, 0x7, 0x61, 0x80, 0x73, 0xb8, 0x2,
    0x72, 0x0, 0xfa, 0x4, 0x1, 0x80, 0x1f, 0xcc,
    0x0, 0x70, 0xf, 0xeb, 0x0, 0x30, 0x7, 0xf1,
    0x0, 0x3c, 0x3, 0xf8, 0x40, 0xa, 0xc0, 0x1f,
    0xc2, 0x0, 0x9a, 0x40, 0xf, 0xf9, 0x6f, 0xe0,
    0x3, 0x84, 0x3, 0xd6, 0x1, 0x84, 0x3, 0xc2,
    0x60, 0x19, 0x0, 0x3c, 0xe0, 0x1d, 0xe0, 0x1e,
    0xa0, 0xc, 0x2a, 0x1, 0xc4, 0x60, 0x19, 0x80,
    0x38, 0x7c, 0x3, 0xc, 0x0, 0x62, 0xc2, 0x0,
    0xd4, 0x1, 0xa3, 0x48, 0x3, 0x3a, 0x0, 0x4e,
    0xe0, 0xe, 0x48, 0x0, 0xd6, 0x1, 0xc7, 0x60,
    0x1c, 0xa0, 0x19, 0xb0, 0x3, 0xd0, 0x40, 0xb9,
    0x20, 0x1f, 0x0,

    /* U+002D "-" */
    0x3, 0x67, 0x7f, 0xfe, 0xb, 0x18, 0x36, 0x4c,
    0x47, 0xff, 0x6, 0x71, 0xa8, 0x3, 0xff, 0x8b,
    0x62, 0x1, 0xff, 0xc5, 0x37, 0x0, 0xff, 0xe2,
    0xac, 0x20, 0x7, 0xff, 0xc, 0xe4,

    /* U+002E "." */
    0x0, 0x89, 0x54, 0x40, 0x18, 0x6f, 0x6a, 0x9b,
    0x62, 0x0, 0xd4, 0x0, 0xc9, 0x80, 0xe6, 0x1,
    0xe2, 0x7b, 0x0, 0xfd, 0x44, 0x1, 0xf8, 0x80,
    0x3f, 0x85, 0x0, 0x3f, 0x2f, 0x0, 0x7e, 0xf4,
    0x80, 0xf, 0x3a, 0x3, 0xd9, 0x80, 0xe, 0xa0,
    0x0,

    /* U+002F "/" */
    0x0, 0xff, 0xe4, 0x9e, 0x7f, 0x28, 0x7, 0xff,
    0x20, 0x70, 0xc0, 0x60, 0x3, 0xff, 0x91, 0x20,
    0x19, 0x80, 0x3f, 0xf9, 0xa, 0x1, 0xb4, 0x3,
    0xff, 0x8e, 0x44, 0x0, 0xce, 0x1, 0xff, 0xc7,
    0x50, 0xc, 0x62, 0x1, 0xff, 0xc7, 0xb0, 0xd,
    0x60, 0x1f, 0xfc, 0x71, 0x30, 0xc, 0xa0, 0x1f,
    0xfc, 0x77, 0x0, 0xc4, 0x40, 0xf, 0xfe, 0x3e,
    0x80, 0x65, 0x0, 0xff, 0xe4, 0x20, 0x6, 0xb0,
    0xf, 0xfe, 0x3a, 0x80, 0x61, 0x30, 0xf, 0xfe,
    0x3f, 0x80, 0x67, 0x0, 0xff, 0xe4, 0x20, 0x6,
    0xd0, 0xf, 0xfe, 0x3a, 0x8, 0x6, 0x40, 0xf,
    0xfe, 0x3e, 0x80, 0x65, 0x0, 0xff, 0xe4, 0x38,
    0x6, 0xc0, 0xf, 0xfe, 0x39, 0x88, 0x6, 0x70,
    0xf, 0xfe, 0x3d, 0x80, 0x63, 0x10, 0xf, 0xfe,
    0x3a, 0x80, 0x6b, 0x0, 0xff, 0xe3, 0x91, 0x0,
    0x32, 0x80, 0x7f, 0xf1, 0xd4, 0x3, 0x11, 0x0,
    0x3f, 0xf8, 0xf6, 0x1, 0x94, 0x3, 0xff, 0x8e,
    0x26, 0x1, 0xac, 0x3, 0xff, 0x8e, 0xe0, 0x18,
    0x4c, 0x3, 0xff, 0x8f, 0xa0, 0x19, 0xc0, 0x3f,
    0xf9, 0x8, 0x1, 0xb4, 0x3, 0xff, 0x8e, 0xa0,
    0x18, 0x50, 0x3, 0xff, 0x8f, 0xe0, 0x19, 0x0,
    0x3f, 0xf9, 0x8, 0x1, 0xbc, 0x3, 0xff, 0x8e,
    0x62, 0x1, 0x94, 0x3, 0xff, 0x8f, 0x60, 0x19,
    0x0, 0x3f, 0xf9, 0xa, 0x1, 0xb4, 0x3, 0xff,
    0x8e, 0x44, 0x0, 0xce, 0x1, 0xff, 0xc7, 0x50,
    0xc, 0x62, 0x1, 0xff, 0xc7, 0xb0, 0xd, 0x60,
    0x1f, 0xfc, 0x71, 0x30, 0xc, 0xa0, 0x1f, 0xfc,
    0x77, 0x0, 0xc4, 0x40, 0xf, 0xfe, 0x3e, 0x80,
    0x65, 0x0, 0xff, 0xe3, 0x8a, 0x0, 0x6b, 0x0,
    0xff, 0xe3, 0xa0, 0x6, 0x13, 0x0, 0xff, 0xe3,
    0xf8, 0x6, 0x70, 0xf, 0xfe, 0x42, 0x80, 0x6d,
    0x0, 0xff, 0xe3, 0xa0, 0x7, 0x20, 0x7, 0xff,
    0x1f, 0x40, 0x32, 0x80, 0x7f, 0xf2, 0x1c, 0x3,
    0x78, 0x7, 0xff, 0x1c, 0xc4, 0x3, 0x20, 0x7,
    0xff, 0x1e, 0xc0, 0x32, 0x8, 0x7, 0xff, 0x1d,
    0x40, 0x36, 0x80, 0x7f, 0xf1, 0xc8, 0x80, 0x19,
    0xc0, 0x3f, 0xf8, 0xea, 0x1, 0x8c, 0x40, 0x3f,
    0xf8, 0xf6, 0x1, 0xac, 0x3, 0xff, 0x8e, 0x26,
    0x1, 0x90, 0x3, 0xff, 0x8e, 0xe0, 0x18, 0x4c,
    0x3, 0xff, 0x8f, 0xa0, 0x19, 0xc0, 0x3f, 0xf9,
    0x8, 0x1, 0xb4, 0x3, 0xff, 0x8e, 0xa0, 0x18,
    0x50, 0x3, 0xff, 0x8f, 0xe0, 0x19, 0x0, 0x3f,
    0xf9, 0xa, 0x1, 0xbc, 0x3, 0xff, 0x8e, 0x80,
    0x1c, 0xa0, 0x1f, 0xfc, 0x7d, 0x0, 0xc8, 0x1,
    0xff, 0xc8, 0x70, 0xd, 0xa0, 0x1f, 0xfc, 0x73,
    0x10, 0xc, 0xe0, 0x1f, 0xfc, 0x7b, 0x0, 0xc6,
    0x20, 0x1f, 0xfc, 0x75, 0x0, 0xd6, 0x1, 0xff,
    0xc7, 0x22, 0x0, 0x65, 0x0, 0xff, 0xe3, 0xa8,
    0x6, 0x22, 0x0, 0x7f, 0xf1, 0xec, 0x3, 0x28,
    0x7, 0xff, 0x20, 0x80, 0x34, 0x80, 0x7f, 0xf2,
    0x20, 0x40, 0xf0, 0x40, 0x3f, 0xf9, 0x0,

    /* U+0030 "0" */
    0x0, 0xff, 0xe0, 0x24, 0xe6, 0xff, 0xbb, 0x25,
    0x0, 0x3f, 0xf9, 0x4f, 0xd6, 0xc6, 0x40, 0x1,
    0x36, 0xbe, 0x70, 0xf, 0xfe, 0x31, 0xf4, 0x8,
    0x7, 0xf8, 0x63, 0x4c, 0x3, 0xff, 0x86, 0xb8,
    0x20, 0x1f, 0xfc, 0x22, 0xc5, 0x0, 0xff, 0xe0,
    0xad, 0x0, 0x7f, 0xf1, 0xa9, 0x40, 0x3f, 0xe3,
    0xa0, 0xf, 0xc4, 0x88, 0x20, 0xf, 0xd4, 0x60,
    0x1f, 0xed, 0x0, 0xf9, 0xb7, 0x57, 0x6d, 0xd2,
    0x80, 0x7d, 0xc0, 0x1f, 0xd2, 0x20, 0x1e, 0xa9,
    0x20, 0xc, 0x55, 0x20, 0x1e, 0x28, 0x0, 0xf8,
    0x98, 0x3, 0xd4, 0xa0, 0x1f, 0x9a, 0x40, 0x3c,
    0xe2, 0x1, 0xeb, 0x0, 0xf3, 0x28, 0x7, 0xf9,
    0x90, 0x3, 0xd2, 0x1, 0xc2, 0xc0, 0x1e, 0x80,
    0xf, 0xfe, 0x4, 0x80, 0x79, 0xc0, 0x39, 0xc0,
    0x3c, 0xe2, 0x1, 0xff, 0xc0, 0x26, 0x0, 0xf2,
    0x80, 0x6a, 0x0, 0xf4, 0x80, 0x7f, 0xf0, 0xa8,
    0x3, 0xdc, 0x1, 0x9, 0x80, 0x71, 0x88, 0x7,
    0xff, 0x8, 0xc8, 0x3, 0x90, 0x2, 0x50, 0xf,
    0x58, 0x7, 0xff, 0x11, 0x40, 0x3c, 0x80, 0xc,
    0x0, 0xf2, 0x0, 0x7f, 0xf1, 0x30, 0x3, 0xd8,
    0x0, 0x40, 0xf, 0x18, 0x7, 0xff, 0x11, 0x40,
    0x3c, 0x60, 0x2, 0x0, 0xe2, 0x0, 0xff, 0xe2,
    0x88, 0x80, 0x39, 0x40, 0x44, 0x1, 0xce, 0x1,
    0xff, 0xc6, 0x20, 0xe, 0x10, 0x20, 0xf, 0x10,
    0x7, 0xff, 0x19, 0x40, 0x3c, 0x4c, 0x1, 0xef,
    0x0, 0xff, 0xe3, 0x8, 0x7, 0x98, 0xc0, 0x3c,
    0x40, 0x1f, 0xfc, 0x6e, 0x0, 0xf1, 0x70, 0x7,
    0x84, 0x3, 0xff, 0x8c, 0x60, 0x1e, 0x11, 0x0,
    0x79, 0xc0, 0x3f, 0xf8, 0xc2, 0x1, 0xef, 0x0,
    0xf8, 0x40, 0x3f, 0xf8, 0xce, 0x1, 0xe1, 0x30,
    0xf, 0xff, 0xf8, 0x7, 0xff, 0x34, 0xc0, 0x3f,
    0xfa, 0xa6, 0x1, 0xff, 0xd6, 0x30, 0xf, 0xfe,
    0x6b, 0x80, 0x78, 0x40, 0x3e, 0x10, 0xf, 0xfe,
    0x77, 0x0, 0x79, 0xc0, 0x3f, 0xf8, 0xc2, 0x1,
    0xef, 0x10, 0xf, 0x8, 0x7, 0xff, 0x18, 0xc0,
    0x3c, 0x46, 0x1, 0xe2, 0x0, 0xff, 0xe3, 0x70,
    0x7, 0x85, 0x80, 0x3d, 0xc0, 0x1f, 0xfc, 0x62,
    0x0, 0xf3, 0x10, 0x7, 0x88, 0x3, 0xff, 0x8c,
    0xc0, 0x1e, 0x21, 0x10, 0x7, 0x30, 0x7, 0xff,
    0x18, 0x80, 0x38, 0x80, 0xa, 0x1, 0xc4, 0x20,
    0x1f, 0xfc, 0x41, 0x10, 0x7, 0x38, 0x0, 0xc0,
    0x3c, 0xa0, 0x1f, 0xfc, 0x44, 0x0, 0xf6, 0x80,
    0x30, 0x3, 0xd8, 0x1, 0xff, 0xc4, 0xc0, 0xf,
    0x20, 0x1, 0x0, 0x3c, 0xa0, 0x1f, 0xfc, 0x44,
    0x0, 0xf1, 0x80, 0x48, 0x1, 0xc4, 0x40, 0xf,
    0xfe, 0x11, 0x90, 0x7, 0x28, 0x6, 0xd0, 0xf,
    0x58, 0x7, 0xff, 0xa, 0x40, 0x3d, 0xc0, 0x19,
    0x80, 0x3c, 0xc2, 0x1, 0xff, 0xc0, 0x25, 0x0,
    0xe1, 0x40, 0xe, 0x60, 0xf, 0x58, 0x7, 0xff,
    0x2, 0x40, 0x3d, 0x20, 0x1e, 0x80, 0xf, 0x2a,
    0x80, 0x3f, 0xcc, 0x80, 0x1e, 0x70, 0xf, 0xb,
    0x80, 0x7a, 0x94, 0x3, 0xf2, 0xc8, 0x7, 0xa0,
    0x3, 0xf4, 0x10, 0x7, 0xaa, 0x44, 0x3, 0xc,
    0xd0, 0x7, 0x8d, 0xc0, 0x3f, 0xb8, 0x3, 0xe6,
    0xec, 0xaa, 0x67, 0x30, 0x7, 0x87, 0x80, 0x3f,
    0xc7, 0x40, 0x1f, 0x8d, 0x54, 0x60, 0x1f, 0xa8,
    0x80, 0x3f, 0xe5, 0xa0, 0xf, 0xfe, 0x35, 0xa0,
    0x7, 0xff, 0x5, 0x70, 0x80, 0x3f, 0xf8, 0x45,
    0xa8, 0x1, 0xff, 0xc3, 0x3d, 0x81, 0x0, 0xff,
    0xc, 0xe9, 0x0, 0x7f, 0xf1, 0x9f, 0xad, 0x8c,
    0x40, 0x4, 0x6f, 0x7c, 0xc0, 0x1f, 0xe0,

    /* U+0031 "1" */
    0x0, 0xff, 0xe0, 0x37, 0x7f, 0xba, 0x0, 0x3f,
    0xf9, 0x4d, 0xb2, 0x20, 0x1, 0x77, 0x0, 0x7f,
    0xf1, 0x8e, 0x7a, 0x48, 0x3, 0xd6, 0x1, 0xff,
    0xc3, 0x6b, 0xfc, 0x61, 0x0, 0xfc, 0x40, 0x1f,
    0xfc, 0x2d, 0x94, 0x0, 0xff, 0xe7, 0x29, 0x0,
    0x7f, 0xf4, 0xc, 0x3, 0xff, 0xa2, 0xe0, 0x1f,
    0xfd, 0x11, 0xe9, 0x87, 0x7e, 0x30, 0xf, 0xfe,
    0x48, 0xb3, 0xc4, 0x77, 0x0, 0x7f, 0xff, 0xc0,
    0x3f, 0xff, 0xe0, 0x1f, 0xff, 0xf0, 0xf, 0xff,
    0xf8, 0x7, 0xff, 0xfc, 0x3, 0xff, 0xfe, 0x1,
    0xff, 0xff, 0x0, 0xff, 0xff, 0x80, 0x7f, 0xff,
    0xc0, 0x3f, 0xff, 0xe0, 0x1f, 0xff, 0xf0, 0xf,
    0xff, 0xf8, 0x7, 0xff, 0xfc, 0x3, 0xff, 0xfe,
    0x1, 0xff, 0xff, 0x0, 0xd3, 0xbd, 0xdf, 0xb0,
    0x3, 0xc3, 0xdd, 0xf6, 0xe2, 0x84, 0x31, 0x8,
    0xff, 0x0, 0x7c, 0x23, 0xf1, 0x1d, 0x1a, 0x0,
    0x7f, 0xf4, 0x10, 0x40, 0x3f, 0xfa, 0x28, 0x1,
    0xff, 0xd0, 0x48, 0x40, 0xf, 0xfe, 0x68, 0xc1,
    0x80,

    /* U+0032 "2" */
    0x0, 0xff, 0xa, 0xce, 0x77, 0xfd, 0xd9, 0x2a,
    0x1, 0xff, 0xc9, 0x3b, 0xea, 0x63, 0x10, 0x8,
    0x4d, 0xab, 0xe4, 0x80, 0x3f, 0xf8, 0x85, 0x78,
    0x80, 0x1f, 0xfc, 0x16, 0xd8, 0x0, 0xff, 0xe1,
    0x3e, 0xa0, 0x7, 0xff, 0x15, 0xf0, 0x40, 0x3f,
    0xc3, 0x70, 0x1, 0xff, 0xc8, 0x3c, 0x10, 0xf,
    0xc3, 0x88, 0x1, 0xfc, 0x24, 0x20, 0x1f, 0xe2,
    0xd0, 0xf, 0xda, 0x40, 0x1e, 0x27, 0xcf, 0xed,
    0xef, 0xd8, 0x10, 0xf, 0x8d, 0xc0, 0x3c, 0x86,
    0x1, 0xc3, 0x3b, 0x6, 0x1, 0xc4, 0xfc, 0xe0,
    0x1f, 0x40, 0x80, 0x7f, 0xc3, 0x8c, 0x1, 0xff,
    0x44, 0x0, 0x3e, 0x90, 0xe, 0x44, 0x0, 0x43,
    0x84, 0x1, 0xff, 0xc1, 0x75, 0x0, 0xf3, 0x0,
    0x7a, 0xd8, 0x53, 0x8, 0x3, 0xff, 0x87, 0x60,
    0x1e, 0x14, 0x0, 0xf4, 0xf5, 0x90, 0x7, 0xff,
    0x10, 0x58, 0x3, 0xd8, 0x1, 0xff, 0xcf, 0xd0,
    0xf, 0x18, 0x7, 0xff, 0x3d, 0x40, 0x3c, 0xc0,
    0x1f, 0xfc, 0xf1, 0x0, 0xf1, 0x80, 0x7f, 0xf4,
    0x4, 0x3, 0x84, 0x3, 0xff, 0xe6, 0x20, 0x1c,
    0x20, 0x1f, 0xfc, 0xf1, 0x0, 0xf1, 0x0, 0x7f,
    0xf3, 0xd4, 0x3, 0xcc, 0x1, 0xff, 0xcf, 0xc0,
    0xf, 0x68, 0x7, 0xff, 0x3d, 0x0, 0x3c, 0x80,
    0x1f, 0xfc, 0xe2, 0x30, 0xe, 0x13, 0x0, 0xff,
    0xe7, 0x50, 0x7, 0x9c, 0x3, 0xff, 0x9e, 0xc0,
    0x1e, 0xa0, 0xf, 0xfe, 0x73, 0x88, 0x7, 0x11,
    0x80, 0x7f, 0xf3, 0xa4, 0x3, 0xd0, 0x1, 0xff,
    0xce, 0x81, 0x0, 0xe2, 0x50, 0xf, 0xfe, 0x69,
    0x38, 0x7, 0xa0, 0x3, 0xff, 0x9d, 0xc0, 0x1e,
    0x45, 0x0, 0xff, 0xe6, 0xb9, 0x80, 0x7a, 0x40,
    0x3f, 0xf9, 0xa7, 0x0, 0x1e, 0x82, 0x0, 0xff,
    0xe6, 0xf, 0x0, 0x79, 0x1c, 0x3, 0xff, 0x9b,
    0x44, 0x1, 0xc3, 0x40, 0x1f, 0xfc, 0xd8, 0x40,
    0xf, 0x58, 0x80, 0x7f, 0xf3, 0x15, 0xc0, 0x3c,
    0xca, 0x1, 0xff, 0xcc, 0x4a, 0x0, 0xf1, 0xc8,
    0x7, 0xff, 0x30, 0xac, 0x3, 0xc3, 0xa0, 0x1f,
    0xfc, 0xc2, 0xc0, 0xf, 0xb0, 0x40, 0x3f, 0xf9,
    0x63, 0xe2, 0x1, 0xea, 0x20, 0xf, 0xfe, 0x58,
    0xe1, 0x0, 0x7a, 0x54, 0x3, 0xff, 0x96, 0x38,
    0x40, 0x1e, 0x76, 0x0, 0xff, 0xe5, 0x8e, 0x10,
    0x7, 0x9a, 0x0, 0x3f, 0xf9, 0x65, 0x84, 0x1,
    0xe5, 0x90, 0xf, 0xfe, 0x59, 0x61, 0x0, 0x79,
    0x68, 0x3, 0xff, 0x96, 0x78, 0x20, 0x1e, 0x5a,
    0x0, 0xff, 0xe5, 0xae, 0x8, 0x7, 0x96, 0x80,
    0x3f, 0xf9, 0x6d, 0x40, 0x1f, 0x2d, 0x0, 0x7f,
    0xf2, 0xda, 0x40, 0x3f, 0x27, 0x77, 0xff, 0x1b,
    0x71, 0x80, 0x7, 0x20, 0x1f, 0xc2, 0x3f, 0xfc,
    0x72, 0x39, 0x30, 0xf0, 0xf, 0xfe, 0xa2, 0x1,
    0x80, 0x7f, 0xf5, 0x3c, 0x4, 0x3, 0xff, 0xa9,
    0x81, 0x44, 0x1, 0xff, 0xd1, 0x17, 0x40,

    /* U+0033 "3" */
    0x0, 0xff, 0x8d, 0xa6, 0xf3, 0x2b, 0xa7, 0x40,
    0xf, 0xfe, 0x49, 0x4f, 0x64, 0xb2, 0x19, 0xc8,
    0xb1, 0x7f, 0x68, 0x1, 0xff, 0xc4, 0x2b, 0xd6,
    0x10, 0xf, 0xfe, 0x2, 0x5e, 0x18, 0x7, 0xff,
    0x5, 0xf5, 0x0, 0x3f, 0xf8, 0xa7, 0x90, 0x1,
    0xff, 0x54, 0x0, 0x7f, 0xf2, 0x5e, 0x80, 0x3f,
    0xa9, 0x40, 0x3f, 0xf9, 0x6b, 0x0, 0x1f, 0x1a,
    0x80, 0x7c, 0x6f, 0x7b, 0xdf, 0xdb, 0x26, 0x1,
    0xf9, 0xd4, 0x3, 0xc2, 0x1, 0xe4, 0xcc, 0x42,
    0x10, 0x80, 0x93, 0x65, 0x88, 0x7, 0xd0, 0x1,
    0xe2, 0x40, 0xc, 0xf6, 0x60, 0x1f, 0xe4, 0xf2,
    0x0, 0xf1, 0x28, 0x7, 0xa9, 0x0, 0x6a, 0x0,
    0x3f, 0xf8, 0x23, 0xe0, 0x1f, 0x70, 0x7, 0x86,
    0xfb, 0x8a, 0x1, 0xff, 0xc3, 0x27, 0x0, 0xf2,
    0x0, 0x7e, 0x10, 0xf, 0xfe, 0x35, 0x80, 0x7c,
    0x40, 0x1f, 0xfc, 0xe3, 0x0, 0xf8, 0x40, 0x3f,
    0xf9, 0xe4, 0x1, 0xe7, 0x0, 0xff, 0xe7, 0x88,
    0x7, 0x9c, 0x3, 0xff, 0x9e, 0x40, 0x1e, 0x10,
    0xf, 0xfe, 0x78, 0x80, 0x78, 0x80, 0x3f, 0xf9,
    0xc6, 0x1, 0xe4, 0x0, 0xff, 0xe7, 0xd8, 0x7,
    0xb0, 0x3, 0xff, 0x9e, 0xc0, 0x1c, 0x2e, 0x1,
    0xff, 0xce, 0x91, 0x0, 0xe9, 0x0, 0xff, 0xe7,
    0x43, 0x0, 0x71, 0xb8, 0x7, 0xff, 0x30, 0xf1,
    0xc0, 0x38, 0xb4, 0x3, 0xff, 0x90, 0x24, 0xb1,
    0xb8, 0x60, 0x1c, 0x78, 0x20, 0x1f, 0xfc, 0x46,
    0xdf, 0xf7, 0x6d, 0x39, 0x0, 0x79, 0x70, 0x40,
    0x3f, 0xf8, 0x87, 0x24, 0x1, 0xff, 0x1d, 0xd0,
    0x7, 0xff, 0x19, 0x40, 0x3f, 0xf8, 0x5, 0xe8,
    0x1, 0xff, 0xc7, 0x40, 0xf, 0xfe, 0x1, 0x66,
    0x10, 0x3, 0xff, 0x8c, 0x50, 0x1, 0xff, 0xc1,
    0x3b, 0xb0, 0x80, 0x7f, 0xf1, 0x5f, 0x65, 0xd9,
    0x50, 0xc4, 0x3, 0xe4, 0xf4, 0x0, 0xff, 0xe2,
    0x93, 0x44, 0xd5, 0xe7, 0x6c, 0x90, 0x7, 0xd,
    0xa0, 0x7, 0xff, 0x30, 0x9b, 0x60, 0x3, 0xd6,
    0x60, 0x1f, 0xfc, 0xe7, 0xb0, 0xf, 0x70, 0x80,
    0x7f, 0xf3, 0x92, 0x0, 0x38, 0xa4, 0x3, 0xff,
    0x9e, 0xe2, 0x1, 0xce, 0x20, 0x1f, 0xfc, 0xf6,
    0x0, 0xf3, 0x0, 0x7f, 0xf3, 0xf0, 0x3, 0xd8,
    0x1, 0xff, 0xcf, 0x50, 0xf, 0x28, 0x7, 0xff,
    0x3c, 0x40, 0x3c, 0x20, 0x1f, 0xfd, 0x71, 0x0,
    0xff, 0xf8, 0x90, 0x7, 0xc2, 0x1, 0xff, 0xce,
    0x40, 0xf, 0x8, 0x7, 0xff, 0x3f, 0x40, 0x3c,
    0xa0, 0x14, 0x6c, 0x0, 0x7f, 0xf2, 0xd, 0x0,
    0x3d, 0x80, 0x7, 0x71, 0x3e, 0x8, 0x7, 0xff,
    0x14, 0x78, 0x3, 0xe5, 0x1, 0x80, 0x8, 0xfc,
    0xc0, 0x3f, 0xf8, 0x63, 0xa4, 0x1, 0xe4, 0x20,
    0x50, 0xe, 0x1c, 0xa2, 0x0, 0xff, 0xe0, 0x2f,
    0x98, 0x7, 0xd2, 0x0, 0x50, 0xf, 0x97, 0x72,
    0x10, 0x40, 0x38, 0xdf, 0x68, 0x40, 0x3e, 0x82,
    0x0, 0xc, 0x80, 0x7e, 0x37, 0xbe, 0xff, 0x77,
    0xfb, 0x20, 0x80, 0x3f, 0x2b, 0x80, 0x66, 0x90,
    0xf, 0xfe, 0x8, 0x80, 0x7f, 0xf0, 0x16, 0x80,
    0x3c, 0xd6, 0x20, 0x1f, 0xfc, 0xb8, 0xa0, 0xf,
    0xc9, 0xce, 0x1, 0xff, 0xc8, 0x3d, 0x70, 0xf,
    0xfa, 0x3a, 0xc, 0x3, 0xff, 0x86, 0xb9, 0x82,
    0x0, 0xff, 0xe0, 0x8b, 0xe7, 0x53, 0xa1, 0x8,
    0x4, 0x24, 0x8f, 0x7f, 0x46, 0x1, 0xfc,

    /* U+0034 "4" */
    0x0, 0xff, 0xe5, 0xa3, 0xbc, 0xa2, 0x1, 0xff,
    0xd1, 0x2d, 0xb8, 0x8a, 0xbc, 0xc0, 0x3f, 0xf9,
    0xe3, 0x84, 0x1, 0xc3, 0x20, 0x1f, 0xfc, 0xfa,
    0x10, 0xf, 0x9c, 0x3, 0xff, 0x9c, 0xa8, 0x1,
    0xf8, 0xc0, 0x3f, 0xf9, 0xa3, 0x60, 0x1f, 0xfd,
    0x7b, 0x10, 0xf, 0xfe, 0xb2, 0x28, 0x7, 0xff,
    0x5e, 0x80, 0x3f, 0xfa, 0xf2, 0x20, 0x1c, 0x20,
    0x1f, 0xfd, 0x4, 0x60, 0xe, 0x58, 0x0, 0xff,
    0xe8, 0x48, 0x7, 0xac, 0x3, 0xff, 0xa1, 0x4,
    0x1, 0xd0, 0x20, 0x1f, 0xfc, 0xf3, 0x70, 0xe,
    0x27, 0x1, 0x0, 0xff, 0xe7, 0x70, 0x7, 0xa4,
    0x3, 0xff, 0xa1, 0x4, 0x1, 0xca, 0x80, 0x1f,
    0xfc, 0xf2, 0x70, 0xe, 0x1b, 0x0, 0xff, 0xe8,
    0x70, 0x7, 0xa8, 0x40, 0x2f, 0x0, 0xff, 0xe5,
    0xb9, 0x80, 0x73, 0x20, 0x7, 0xff, 0x3c, 0xa0,
    0x3, 0x86, 0x40, 0x3f, 0xfa, 0x1c, 0x1, 0xea,
    0x0, 0xff, 0xe8, 0x31, 0x80, 0x73, 0x20, 0x7,
    0xff, 0x3c, 0x64, 0x3, 0x86, 0x40, 0x3e, 0x10,
    0xf, 0xfe, 0x45, 0x0, 0x7a, 0x80, 0x3f, 0xfa,
    0xa, 0x80, 0x1c, 0xc8, 0x1, 0xff, 0xcf, 0x1b,
    0x0, 0xe2, 0x90, 0xf, 0xfe, 0x85, 0x88, 0x7,
    0x48, 0x7, 0xf8, 0xc0, 0x3f, 0xf8, 0xaa, 0xa0,
    0xe, 0x64, 0x0, 0xff, 0xe7, 0x8d, 0x80, 0x71,
    0x48, 0x7, 0xff, 0x42, 0x4, 0x3, 0xb8, 0x3,
    0xff, 0xa0, 0x8c, 0x1, 0xcc, 0x60, 0x1f, 0xfc,
    0x1, 0x0, 0xff, 0xe1, 0xd0, 0x7, 0x14, 0x80,
    0x7f, 0xf4, 0x20, 0x40, 0x3b, 0x80, 0x3f, 0xfa,
    0x2, 0xe0, 0x1e, 0x8a, 0xaf, 0xfe, 0x12, 0x80,
    0x70, 0xd5, 0x73, 0x3, 0x0, 0x7c, 0x8a, 0xbf,
    0xfc, 0x21, 0x0, 0xf2, 0xaf, 0x4b, 0xe0, 0x7,
    0xff, 0x5e, 0xdc, 0x3, 0xff, 0xae, 0x2c, 0x1,
    0xff, 0xd7, 0x7b, 0x40, 0xf, 0xfe, 0xaa, 0x40,
    0xdf, 0xff, 0xff, 0x25, 0x0, 0x38, 0x7f, 0xfa,
    0xc8, 0x3, 0xff, 0xfe, 0x1, 0xff, 0xff, 0x0,
    0xff, 0xff, 0x80, 0x7f, 0xff, 0xc0, 0x3f, 0xff,
    0xe0, 0x1f, 0xfc, 0xc3, 0x0, 0xff, 0xe9, 0x8,
    0x7, 0x8, 0x7, 0xff, 0x4a, 0x44, 0x3, 0x40,
    0x7, 0xff, 0x48, 0xfe, 0xa2, 0x79, 0x0, 0x3e,

    /* U+0035 "5" */
    0x0, 0xf1, 0xe7, 0xff, 0xff, 0x2a, 0x80, 0x3f,
    0x87, 0x4c, 0x3, 0xff, 0x94, 0xae, 0x1, 0xf9,
    0x4, 0x3, 0xff, 0x99, 0xa0, 0x1f, 0x88, 0x3,
    0xff, 0x9a, 0x20, 0x1f, 0xb8, 0x3, 0xff, 0x9a,
    0x60, 0x1f, 0x8c, 0x3, 0xff, 0x98, 0x90, 0x1,
    0xf8, 0x40, 0x3d, 0x9d, 0xdf, 0xfc, 0x4f, 0xb0,
    0xf, 0xe7, 0x0, 0xe3, 0x30, 0x8f, 0xff, 0x10,
    0x3, 0xfe, 0x10, 0xe, 0x60, 0xf, 0xfe, 0x81,
    0x80, 0x71, 0x80, 0x7f, 0xf4, 0x4, 0x3, 0xb8,
    0x3, 0xff, 0x9e, 0x20, 0x1e, 0x10, 0xf, 0xfe,
    0x79, 0x80, 0x78, 0x80, 0x3f, 0xf9, 0xe2, 0x1,
    0xe7, 0x0, 0xff, 0xe7, 0xb8, 0x7, 0x88, 0x3,
    0xff, 0x9e, 0x20, 0x1e, 0x10, 0xf, 0xfe, 0x79,
    0x80, 0x70, 0x80, 0x7f, 0xf4, 0x4, 0x3, 0x8c,
    0x3, 0xff, 0xa1, 0xc0, 0x1c, 0xc0, 0x1f, 0xfd,
    0x3, 0x0, 0xe1, 0x0, 0xc9, 0x1b, 0xfe, 0xdb,
    0x84, 0x0, 0xff, 0xe1, 0x88, 0x7, 0x31, 0xbe,
    0x7d, 0xb9, 0x0, 0x9, 0x1e, 0xfa, 0x4, 0x3,
    0xff, 0x80, 0xe0, 0x1c, 0x79, 0x6, 0x1, 0xfe,
    0x17, 0xe7, 0x0, 0xff, 0x84, 0x3, 0xff, 0x95,
    0x18, 0x20, 0x1f, 0xfd, 0x53, 0xc1, 0x0, 0xfc,
    0x80, 0x1f, 0xa, 0xc4, 0xd5, 0x21, 0x44, 0x3,
    0xf1, 0x60, 0x7, 0xeb, 0x10, 0xc, 0x77, 0xd4,
    0xec, 0xaa, 0x7a, 0xea, 0x20, 0xf, 0x8a, 0x40,
    0x3e, 0x2c, 0x63, 0x4a, 0xc4, 0x0, 0xfe, 0x5d,
    0x50, 0xf, 0x98, 0xc0, 0x3e, 0x29, 0xcb, 0x50,
    0xf, 0xfe, 0xd, 0x30, 0x7, 0xd0, 0x1, 0xff,
    0xce, 0x92, 0x0, 0xf2, 0x8, 0x7, 0xff, 0x3b,
    0x80, 0x3e, 0x70, 0xf, 0xfe, 0x71, 0x98, 0x3,
    0xda, 0x1, 0xff, 0xcf, 0xa0, 0xf, 0x28, 0x7,
    0xff, 0x3d, 0x0, 0x3c, 0x20, 0x1f, 0xfc, 0xf2,
    0x10, 0xf, 0x10, 0x7, 0xff, 0x3c, 0xc0, 0x3c,
    0x20, 0x1f, 0xfc, 0xf1, 0x0, 0xf3, 0x80, 0x7f,
    0xfc, 0x84, 0x3, 0xce, 0x1, 0xff, 0xcf, 0x20,
    0xf, 0x10, 0x7, 0xff, 0x38, 0x80, 0x3e, 0x10,
    0xf, 0xfe, 0x72, 0x0, 0x78, 0xc0, 0x3f, 0xf9,
    0xf4, 0x1, 0xe5, 0x0, 0xff, 0xe7, 0x21, 0x80,
    0x7b, 0x40, 0x25, 0x95, 0x0, 0xff, 0xe4, 0x48,
    0x7, 0x85, 0x0, 0xf, 0x4d, 0x52, 0x1, 0xff,
    0xc6, 0xa2, 0x0, 0xf4, 0x80, 0x6, 0x0, 0x26,
    0xc1, 0x0, 0xff, 0xe1, 0xd2, 0x80, 0x78, 0x9c,
    0x0, 0x80, 0x1c, 0x7d, 0x2, 0x1, 0xff, 0x1e,
    0x28, 0x7, 0xd2, 0x1, 0x30, 0x7, 0xcf, 0xd6,
    0xe6, 0x20, 0x18, 0x5a, 0xf0, 0xc0, 0x3e, 0x74,
    0x0, 0x8d, 0xc0, 0x3f, 0x24, 0x67, 0x7f, 0x73,
    0xfa, 0x50, 0x3, 0xf2, 0xc0, 0x7, 0x44, 0x0,
    0x3f, 0xf8, 0x2, 0x20, 0xf, 0xf9, 0xa8, 0x3,
    0xe7, 0xb1, 0x0, 0xff, 0xe5, 0x4c, 0x80, 0x3f,
    0x93, 0xdc, 0x3, 0xff, 0x8e, 0x9a, 0xc0, 0x1f,
    0xf0, 0xc7, 0x41, 0x80, 0x7f, 0xf0, 0x92, 0xec,
    0x40, 0x1f, 0xfc, 0x21, 0x7c, 0xea, 0x74, 0x21,
    0x0, 0x84, 0xd6, 0x7a, 0xd0, 0x3, 0xfc,

    /* U+0036 "6" */
    0x0, 0xff, 0xe1, 0x93, 0x4d, 0xee, 0xd9, 0x70,
    0xa2, 0x1, 0xff, 0xc8, 0x6d, 0xd4, 0xb2, 0x11,
    0x46, 0x8f, 0x5d, 0x46, 0x1, 0xff, 0xc4, 0x5e,
    0x92, 0x0, 0xff, 0xe0, 0x2e, 0x48, 0x7, 0xff,
    0x4, 0x6e, 0x84, 0x3, 0xff, 0x88, 0xd6, 0x1,
    0xff, 0x16, 0x20, 0x7, 0xff, 0x1d, 0x28, 0x3,
    0xf8, 0xb0, 0x80, 0x3f, 0xf9, 0x2a, 0x20, 0x1f,
    0xf, 0x88, 0x7, 0xc7, 0x3b, 0xfe, 0xed, 0xb7,
    0x20, 0xf, 0x8, 0x7, 0xda, 0x40, 0x1e, 0x2b,
    0xc6, 0x20, 0x0, 0x92, 0x46, 0xc0, 0x6, 0x60,
    0xf, 0x9c, 0xc0, 0x3c, 0xba, 0x80, 0x1f, 0xe7,
    0xa0, 0x3, 0x48, 0x7, 0x8a, 0x0, 0x3c, 0xb4,
    0x1, 0xff, 0xc1, 0x5f, 0xe9, 0x0, 0xfa, 0x0,
    0x3c, 0x74, 0x1, 0xff, 0xc4, 0x10, 0xf, 0x8d,
    0x40, 0x3d, 0xc0, 0x1f, 0xfc, 0xda, 0x0, 0xf3,
    0x90, 0x7, 0xff, 0x35, 0x80, 0x38, 0x60, 0x3,
    0xff, 0x9a, 0xa0, 0x1e, 0x90, 0xf, 0xfe, 0x77,
    0x80, 0x79, 0x80, 0x3f, 0xf9, 0xc8, 0x1, 0xc8,
    0x20, 0x1f, 0xfc, 0xd2, 0x10, 0xe, 0xd0, 0xf,
    0xfe, 0x72, 0x0, 0x79, 0x0, 0x3f, 0xf9, 0xdc,
    0x1, 0xe2, 0x0, 0xff, 0xe7, 0x18, 0x7, 0x18,
    0x7, 0xff, 0x3d, 0x80, 0x39, 0x80, 0x3c, 0x31,
    0x9d, 0xff, 0x6d, 0xb9, 0x80, 0x7f, 0x88, 0x3,
    0x8c, 0x3, 0xa3, 0x9c, 0xc4, 0x2, 0x24, 0x8c,
    0xd5, 0x0, 0xff, 0xe1, 0x70, 0x4, 0x7a, 0xe0,
    0x1f, 0xf1, 0x56, 0x10, 0x7, 0x8, 0x7, 0x84,
    0x0, 0xd8, 0x40, 0x1f, 0xfc, 0x23, 0xc3, 0x0,
    0xc6, 0x1, 0xee, 0x1a, 0x90, 0xf, 0xfe, 0x28,
    0xe1, 0x0, 0x7f, 0x9f, 0x94, 0x3, 0x92, 0x26,
    0xa5, 0x88, 0x3, 0xf7, 0x80, 0x42, 0x1, 0xff,
    0xc0, 0x7e, 0xb7, 0x65, 0x69, 0xdb, 0x20, 0xf,
    0x14, 0x80, 0x7f, 0xf0, 0x53, 0x60, 0x40, 0x3e,
    0x4d, 0x40, 0xf, 0x30, 0x80, 0x80, 0x7f, 0x3d,
    0x90, 0x7, 0xfd, 0x64, 0x1, 0xe9, 0x0, 0xff,
    0x44, 0x0, 0x3f, 0xf8, 0x5c, 0x1, 0xe7, 0x3,
    0x0, 0xf9, 0x9c, 0x3, 0xff, 0x86, 0x68, 0x1,
    0xe3, 0x10, 0xf, 0x1c, 0x80, 0x7f, 0xf1, 0x7c,
    0x3, 0xc8, 0x1, 0xf2, 0x0, 0x7f, 0xf1, 0x90,
    0x3, 0xda, 0x4, 0x1, 0xc4, 0x1, 0xff, 0xc7,
    0x20, 0xe, 0x60, 0x60, 0xe, 0x10, 0xf, 0xfe,
    0x3b, 0x0, 0x70, 0x81, 0x0, 0x72, 0x80, 0x7f,
    0xf1, 0xc4, 0x3, 0x8c, 0x38, 0x3, 0x84, 0x3,
    0xff, 0x8e, 0x60, 0x1c, 0x20, 0x80, 0x1e, 0x40,
    0xf, 0xfe, 0x71, 0x80, 0x78, 0xc0, 0x3f, 0xf8,
    0xc6, 0x1, 0xc2, 0x0, 0x30, 0xe, 0xb0, 0xf,
    0xfe, 0x33, 0x0, 0x71, 0x0, 0x2c, 0x3, 0x8c,
    0x40, 0x3f, 0xf8, 0xa6, 0x1, 0xcc, 0x0, 0x50,
    0xf, 0x30, 0x7, 0xff, 0x10, 0xc0, 0x3d, 0x80,
    0x2, 0x30, 0xe, 0x90, 0xf, 0xfe, 0x25, 0x0,
    0x79, 0x40, 0x2a, 0x0, 0xe1, 0x70, 0xf, 0xfe,
    0x1b, 0x80, 0x71, 0x18, 0x4, 0xc2, 0x1, 0xd0,
    0x40, 0x1f, 0xfc, 0x19, 0x10, 0xe, 0xa0, 0xe,
    0x80, 0xf, 0x78, 0x80, 0x7f, 0xc8, 0xc0, 0x1e,
    0x60, 0xe, 0x63, 0x0, 0xe2, 0xc2, 0x0, 0xfe,
    0x4b, 0x0, 0xf4, 0x8, 0x7, 0xb8, 0x3, 0xc5,
    0x8e, 0x1, 0xe1, 0x8b, 0x0, 0xf1, 0xb8, 0x7,
    0xc5, 0x60, 0x1e, 0x18, 0xfb, 0x87, 0x8b, 0xe7,
    0x0, 0xf0, 0xf0, 0x7, 0xf2, 0x48, 0x7, 0xe4,
    0x78, 0x74, 0x0, 0xfd, 0xa4, 0x1, 0xfe, 0x6a,
    0x0, 0xff, 0xe3, 0xe, 0x18, 0x7, 0xff, 0x1,
    0x74, 0xc0, 0x3f, 0xf8, 0x69, 0xe6, 0x1, 0xff,
    0xc2, 0x2c, 0xa2, 0x0, 0xff, 0x8a, 0xac, 0x40,
    0x3f, 0xf8, 0xab, 0xb9, 0x8, 0x40, 0x10, 0xa3,
    0xe6, 0xa8, 0x7, 0xe0,

    /* U+0037 "7" */
    0x0, 0x84, 0x7f, 0xfa, 0x0, 0x1a, 0xbf, 0xbb,
    0xff, 0xa1, 0xfa, 0x4e, 0xa0, 0x1f, 0xfd, 0x22,
    0x8d, 0x0, 0xff, 0xea, 0x8, 0x7, 0xff, 0x54,
    0xb0, 0x3, 0xff, 0xa9, 0x4c, 0xc1, 0x0, 0xff,
    0xe8, 0xa1, 0x84, 0xf7, 0xff, 0xff, 0x28, 0xc0,
    0x3d, 0x20, 0x1f, 0xfc, 0xd5, 0x30, 0xe, 0xa2,
    0x0, 0xff, 0xe6, 0xd, 0x80, 0x72, 0xa8, 0x3,
    0xff, 0x9b, 0x62, 0x1, 0x8a, 0x80, 0x3f, 0xf9,
    0xaa, 0xa0, 0xe, 0xe0, 0xf, 0xfe, 0x68, 0xd8,
    0x7, 0x39, 0x80, 0x7f, 0xf3, 0x60, 0x40, 0x30,
    0xc0, 0x7, 0xff, 0x34, 0x98, 0x3, 0xac, 0x3,
    0xff, 0x9d, 0x20, 0x1c, 0x6a, 0x1, 0xff, 0xcd,
    0x44, 0x0, 0x77, 0x80, 0x7f, 0xf3, 0xa0, 0x3,
    0x90, 0xc0, 0x3f, 0xf9, 0xa8, 0x60, 0x1d, 0x0,
    0x1f, 0xfc, 0xef, 0x0, 0xe3, 0x30, 0x7, 0xff,
    0x34, 0xd0, 0x3, 0xa0, 0x3, 0xff, 0x9d, 0x20,
    0x1c, 0x48, 0x1, 0xff, 0xcd, 0x15, 0x0, 0xea,
    0x0, 0xff, 0xe7, 0x30, 0x7, 0x94, 0x3, 0xff,
    0x9d, 0x40, 0x1c, 0x64, 0x1, 0xff, 0xcd, 0x32,
    0x0, 0xea, 0x0, 0xff, 0xe7, 0x58, 0x7, 0x9c,
    0x3, 0xff, 0x9c, 0xc0, 0x1c, 0x62, 0x1, 0xff,
    0xcd, 0x31, 0x0, 0xe4, 0x0, 0xff, 0xe7, 0x20,
    0x7, 0xb0, 0x3, 0xff, 0x9d, 0x60, 0x1e, 0x40,
    0xf, 0xfe, 0x71, 0x80, 0x71, 0x80, 0x7f, 0xf3,
    0x90, 0x3, 0xc8, 0x1, 0xff, 0xce, 0xc0, 0xf,
    0x68, 0x7, 0xff, 0x38, 0xc0, 0x3c, 0xc0, 0x1f,
    0xfc, 0xe5, 0x0, 0xf1, 0x80, 0x7f, 0xf3, 0x48,
    0x40, 0x38, 0x80, 0x3f, 0xf9, 0xce, 0x1, 0xe7,
    0x0, 0xff, 0xe7, 0x68, 0x7, 0xb4, 0x3, 0xff,
    0x9c, 0x60, 0x1e, 0x10, 0xf, 0xfe, 0x73, 0x0,
    0x78, 0x80, 0x3f, 0xf9, 0xc4, 0x1, 0xe6, 0x0,
    0xff, 0xe6, 0x88, 0x7, 0xc4, 0x1, 0xff, 0xcd,
    0x20, 0xf, 0x8, 0x7, 0xff, 0x39, 0x80, 0x3c,
    0x40, 0x1f, 0xfc, 0xe2, 0x0, 0xf3, 0x80, 0x7f,
    0xf3, 0xbc, 0x3, 0xc2, 0x1, 0xff, 0xce, 0x10,
    0xf, 0x18, 0x7, 0xff, 0x38, 0xc0, 0x3c, 0x20,
    0x1f, 0xfc, 0xe1, 0x0, 0xf7, 0x80, 0x7f, 0xf3,
    0x98, 0x3, 0xc2, 0x1, 0xff, 0xce, 0x10, 0xf,
    0x10, 0x7, 0xff, 0x39, 0x0, 0x38, 0x50, 0x3,
    0xff, 0x9d, 0xe, 0x40, 0x29, 0x80, 0x1f, 0xfc,
    0x40,

    /* U+0038 "8" */
    0x0, 0xff, 0xe0, 0x24, 0x66, 0xf7, 0xf6, 0xdc,
    0x18, 0x7, 0xff, 0x20, 0x67, 0xed, 0xcc, 0x84,
    0x4, 0x91, 0xf3, 0x98, 0x3, 0xff, 0x8a, 0xfc,
    0xc0, 0x1f, 0xfc, 0x1, 0x9e, 0x30, 0xf, 0xfe,
    0x8, 0xdc, 0x0, 0x7f, 0xf1, 0x7, 0x18, 0x3,
    0xfe, 0x1c, 0x40, 0xf, 0xfe, 0x3c, 0xb0, 0x7,
    0xfb, 0x48, 0x3, 0xe4, 0x9a, 0xba, 0x72, 0x0,
    0xfa, 0x50, 0x3, 0xf3, 0x98, 0x7, 0x97, 0xad,
    0x95, 0x16, 0x36, 0xc4, 0x3, 0xd4, 0x1, 0xf0,
    0xc0, 0x7, 0xa2, 0x84, 0x3, 0xe4, 0xf3, 0x0,
    0xe1, 0x70, 0xf, 0x30, 0x7, 0x99, 0xc0, 0x3f,
    0xc3, 0xa2, 0x1, 0xd2, 0x1, 0xeb, 0x0, 0xe1,
    0x90, 0xf, 0xfe, 0x0, 0xd8, 0x7, 0xa, 0x0,
    0x71, 0x80, 0x73, 0x0, 0x7f, 0xf0, 0x94, 0xc0,
    0x3b, 0x0, 0x31, 0x80, 0x7b, 0x0, 0x3f, 0xf8,
    0x76, 0x1, 0xc8, 0x1, 0x98, 0x3, 0xcc, 0x1,
    0xff, 0xc3, 0x40, 0xe, 0x10, 0xf, 0xf8, 0x80,
    0x3f, 0xf8, 0x64, 0x1, 0xc4, 0x1, 0xff, 0x8,
    0x7, 0xff, 0xc, 0x40, 0x3f, 0xcc, 0x1, 0xe2,
    0x0, 0xff, 0xe1, 0x88, 0x7, 0x8, 0x6, 0x20,
    0xf, 0x20, 0x7, 0xff, 0xc, 0x80, 0x38, 0x80,
    0x30, 0x90, 0x7, 0x50, 0x7, 0xff, 0xd, 0x0,
    0x39, 0x40, 0x3a, 0x80, 0x38, 0x9c, 0x3, 0xff,
    0x85, 0x60, 0x1d, 0xa0, 0x1c, 0xc0, 0x1e, 0x85,
    0x0, 0xff, 0xe0, 0x19, 0x80, 0x31, 0x20, 0x7,
    0xb, 0x80, 0x7a, 0xa0, 0x3, 0xfe, 0xf0, 0xe,
    0xb0, 0xf, 0xa0, 0x80, 0x3c, 0xf8, 0x60, 0x1f,
    0x98, 0xc0, 0x31, 0xb0, 0x7, 0xef, 0x10, 0xf,
    0x1e, 0x51, 0x0, 0x71, 0xc8, 0x7, 0x70, 0x7,
    0xf1, 0x68, 0x7, 0xe5, 0xda, 0x20, 0x1, 0x68,
    0x7, 0x51, 0x0, 0x7f, 0x8f, 0x4, 0x3, 0xf2,
    0xed, 0xb6, 0x8, 0x6, 0x65, 0x0, 0xff, 0xe0,
    0x1f, 0x98, 0x7, 0xf2, 0x48, 0x80, 0x65, 0x90,
    0xf, 0xfe, 0x13, 0x98, 0x7, 0xff, 0xd, 0x68,
    0x3, 0xff, 0x85, 0x52, 0x1, 0xff, 0xc4, 0x20,
    0xf, 0xfe, 0x8, 0xe2, 0x80, 0x72, 0x80, 0x7f,
    0xcf, 0xa4, 0x1, 0xfe, 0x1d, 0x30, 0xc, 0x59,
    0x5d, 0x2, 0x1, 0xfc, 0x5a, 0x80, 0x1f, 0xda,
    0x60, 0x18, 0xf0, 0xc0, 0x5f, 0xa8, 0xc0, 0x3f,
    0xad, 0x40, 0x3e, 0xa3, 0x0, 0xc5, 0x82, 0x1,
    0xcb, 0x96, 0x60, 0x1f, 0xa9, 0x0, 0x39, 0x94,
    0x3, 0xe, 0x0, 0x7f, 0x26, 0x50, 0x80, 0x7d,
    0x42, 0x1, 0xc, 0x0, 0x75, 0x88, 0x7, 0xfc,
    0xbc, 0xa0, 0x1e, 0x1a, 0x0, 0xa0, 0x40, 0x31,
    0xa8, 0x7, 0xff, 0xa, 0x9c, 0x3, 0xc8, 0x80,
    0x3, 0x0, 0x74, 0x80, 0x7f, 0xf1, 0x21, 0x40,
    0x3d, 0xe0, 0xa0, 0x1e, 0x50, 0xf, 0xfe, 0x2d,
    0x88, 0x7, 0x20, 0xe0, 0x7, 0x20, 0x7, 0xff,
    0x18, 0x58, 0x3, 0xce, 0xa0, 0x1c, 0x60, 0x1f,
    0xfc, 0x7a, 0x0, 0xf7, 0x90, 0x7, 0x78, 0x7,
    0xff, 0x1c, 0x80, 0x3c, 0x42, 0x1, 0xff, 0xce,
    0x20, 0xe, 0x71, 0x0, 0xef, 0x0, 0xff, 0xe7,
    0x9, 0x80, 0x71, 0x80, 0x7f, 0xf2, 0x8, 0x3,
    0x85, 0x80, 0x39, 0x0, 0x3f, 0xf8, 0xe4, 0x1,
    0xe6, 0xc0, 0xf, 0x38, 0x7, 0xff, 0x1a, 0x80,
    0x3d, 0x8a, 0x1, 0xe8, 0x10, 0xf, 0xfe, 0x20,
    0xb8, 0x7, 0x9c, 0x90, 0x3, 0xd8, 0x20, 0x1f,
    0xfc, 0x3d, 0x0, 0xf2, 0x8, 0x48, 0x7, 0x8b,
    0x8, 0x3, 0xff, 0x80, 0x36, 0x60, 0x1e, 0x80,
    0x1, 0x40, 0x7, 0x8b, 0x60, 0x40, 0x3f, 0x9b,
    0xd0, 0x3, 0xce, 0x60, 0x13, 0xa8, 0x7, 0xcf,
    0xd9, 0xa, 0x88, 0x57, 0xae, 0x91, 0x0, 0xf2,
    0x40, 0x7, 0x52, 0x80, 0x7e, 0x37, 0xab, 0xb5,
    0x42, 0x88, 0x7, 0xc9, 0x60, 0x1f, 0x54, 0x80,
    0x7f, 0xf2, 0x9e, 0xc0, 0x3f, 0x9b, 0x50, 0x3,
    0xff, 0x8c, 0x59, 0x0, 0x1f, 0xf1, 0x5e, 0xb0,
    0x7, 0xff, 0x9, 0x2f, 0x4c, 0x3, 0xff, 0x84,
    0x53, 0xf7, 0x8, 0x42, 0x0, 0x12, 0x37, 0xae,
    0xb4, 0x0, 0xfc,

    /* U+0039 "9" */
    0x0, 0xff, 0x8e, 0x2f, 0xbf, 0xdd, 0xb4, 0xe4,
    0x1, 0xff, 0xca, 0x5d, 0xc7, 0x41, 0x0, 0x9,
    0x2c, 0x6e, 0x28, 0x7, 0xff, 0x18, 0x72, 0x88,
    0x3, 0xfe, 0x3a, 0xc2, 0x0, 0xff, 0xe1, 0x9f,
    0x98, 0x7, 0xff, 0xc, 0xf5, 0x40, 0x3f, 0xf8,
    0x29, 0x82, 0x1, 0xff, 0xc6, 0xa6, 0x0, 0xff,
    0x8a, 0xc0, 0x3f, 0x12, 0x2a, 0x10, 0x7, 0xe9,
    0x60, 0xf, 0xf7, 0x80, 0x7c, 0xbb, 0xab, 0xab,
    0xdd, 0x30, 0x7, 0xd2, 0x60, 0x1f, 0xa0, 0x80,
    0x3d, 0x34, 0x40, 0x1c, 0x53, 0xa4, 0x1, 0xee,
    0x0, 0xf8, 0x5c, 0x3, 0xd2, 0xc0, 0x1f, 0xc5,
    0x86, 0x1, 0xc5, 0x0, 0x1e, 0x90, 0xf, 0x2b,
    0x0, 0x7f, 0xc3, 0xa2, 0x1, 0xce, 0x20, 0x1c,
    0xc0, 0x1e, 0xb0, 0xf, 0xfe, 0x8, 0xd8, 0x7,
    0xa0, 0x3, 0x18, 0x80, 0x73, 0x8, 0x7, 0xff,
    0x9, 0x48, 0x3, 0x98, 0x3, 0x20, 0x7, 0xa8,
    0x3, 0xff, 0x89, 0x0, 0x1e, 0x50, 0xb, 0x0,
    0x3c, 0x60, 0x1f, 0xfc, 0x45, 0x10, 0xe, 0xf0,
    0x9, 0x80, 0x38, 0xc0, 0x3f, 0xf8, 0xc8, 0x1,
    0xca, 0x1, 0x10, 0x7, 0x30, 0x7, 0xff, 0x1b,
    0xc0, 0x3c, 0x60, 0x1f, 0x8c, 0x3, 0xff, 0x8c,
    0xe0, 0x1e, 0x50, 0xf, 0xfe, 0x79, 0x8, 0x7,
    0x78, 0x7, 0xff, 0x40, 0x80, 0x39, 0x40, 0x2,
    0x1, 0xc6, 0x1, 0xff, 0xc7, 0x60, 0xe, 0x20,
    0x1, 0x80, 0x73, 0x0, 0x7f, 0xf1, 0xc8, 0x3,
    0x84, 0x0, 0x20, 0x1c, 0x60, 0x1f, 0xfc, 0x7f,
    0x0, 0xf0, 0x82, 0x0, 0x78, 0xc0, 0x3f, 0xf8,
    0xd6, 0x1, 0xe3, 0xd, 0x0, 0xf5, 0x0, 0x7f,
    0xf1, 0x60, 0xc0, 0x3f, 0x20, 0x7, 0x98, 0x40,
    0x3f, 0xf8, 0x6a, 0xe0, 0x1f, 0x8, 0xa, 0x0,
    0x7a, 0x0, 0x3f, 0xf8, 0x4b, 0x40, 0x1f, 0xf7,
    0x80, 0x79, 0x98, 0x1, 0xff, 0xc0, 0x7a, 0x0,
    0xfe, 0x10, 0x2, 0x10, 0x7, 0xa6, 0x0, 0x3f,
    0x8f, 0x20, 0x3, 0xff, 0x85, 0xe0, 0x1f, 0x3f,
    0x41, 0x88, 0x0, 0x9a, 0xf0, 0xc0, 0x32, 0x0,
    0x7f, 0x8a, 0x40, 0x3e, 0x17, 0xce, 0xff, 0x6c,
    0xa0, 0x7, 0x46, 0x80, 0x78, 0xc0, 0x33, 0x38,
    0x7, 0xff, 0x1e, 0x5c, 0x40, 0x3c, 0x20, 0x1d,
    0x12, 0x1, 0xff, 0xc4, 0x2c, 0x60, 0xf0, 0xe,
    0x10, 0xf, 0x9b, 0x94, 0x3, 0xff, 0x83, 0x1a,
    0x60, 0x2, 0x0, 0xe2, 0x0, 0xfc, 0x35, 0xd0,
    0x60, 0x1f, 0x24, 0xfb, 0x80, 0x66, 0x0, 0xe6,
    0x0, 0xff, 0xb, 0xe7, 0xf6, 0x65, 0xbf, 0x6c,
    0x1, 0xe2, 0x0, 0xe2, 0x0, 0xff, 0xe1, 0x9,
    0x9c, 0x40, 0x1f, 0x84, 0x40, 0x1d, 0xa0, 0x1f,
    0xfc, 0xf5, 0x0, 0xf3, 0x80, 0x7f, 0xf3, 0xf0,
    0x3, 0x84, 0x80, 0x3f, 0xf9, 0xe8, 0x1, 0xc8,
    0x1, 0xff, 0xcf, 0x13, 0x0, 0xec, 0x0, 0xff,
    0xe7, 0xb8, 0x7, 0x9c, 0x3, 0xff, 0x9f, 0x60,
    0x1c, 0x62, 0x1, 0xff, 0xce, 0x52, 0x0, 0xe9,
    0x0, 0xff, 0xe7, 0xc0, 0x7, 0xa, 0x80, 0x7f,
    0xf3, 0xa4, 0x80, 0x39, 0x80, 0x3f, 0xf9, 0xcc,
    0xc0, 0xe, 0x18, 0x0, 0xfc, 0x9b, 0x86, 0x1,
    0xff, 0xc1, 0x79, 0x0, 0xf4, 0x0, 0x7e, 0x5b,
    0x23, 0xc5, 0x0, 0xff, 0xd, 0x40, 0x7, 0x91,
    0x80, 0x3f, 0x58, 0x6, 0xab, 0x51, 0x0, 0xe3,
    0x9e, 0x50, 0xf, 0xd, 0x0, 0x7e, 0x11, 0x0,
    0x72, 0x57, 0x73, 0x76, 0xfc, 0x60, 0xf, 0xda,
    0x20, 0x1f, 0x85, 0x0, 0x3f, 0x9, 0x14, 0x1,
    0xfc, 0x38, 0x60, 0x1f, 0xea, 0x20, 0xf, 0xfe,
    0x39, 0x61, 0x80, 0x7f, 0xc3, 0x8a, 0x1, 0xff,
    0xc5, 0x7d, 0x20, 0xf, 0xfe, 0x8, 0xd5, 0xa0,
    0x7, 0xff, 0x5, 0xb6, 0x0, 0x3f, 0xf8, 0xa9,
    0x7d, 0x2c, 0x62, 0x1, 0x9, 0xb5, 0x74, 0x90,
    0x7, 0xff, 0x0,

    /* U+003A ":" */
    0x0, 0x8d, 0xdc, 0x60, 0x18, 0x73, 0x11, 0xc,
    0xc0, 0x80, 0x30, 0xc0, 0x31, 0xe0, 0x39, 0x0,
    0x78, 0xa2, 0xc0, 0x3f, 0x29, 0x0, 0x7e, 0x20,
    0xf, 0xe1, 0x40, 0xf, 0xcb, 0x20, 0x1f, 0xbc,
    0xe0, 0x3, 0xd0, 0x80, 0xf6, 0x80, 0x3, 0xb7,
    0x0, 0x92, 0xff, 0xd8, 0x80, 0x1f, 0xff, 0xf0,
    0xf, 0xff, 0xf8, 0x7, 0xff, 0x34, 0x95, 0x44,
    0x1, 0x86, 0xf6, 0xa9, 0xb6, 0x20, 0xd, 0x40,
    0xc, 0x98, 0xe, 0x60, 0x1e, 0x27, 0xb0, 0xf,
    0xd4, 0x40, 0x1f, 0x88, 0x3, 0xf8, 0x50, 0x3,
    0xf2, 0xf0, 0x7, 0xef, 0x48, 0x0, 0xf3, 0xa0,
    0x3d, 0x98, 0x0, 0xea, 0x0,

    /* U+003B ";" */
    0x0, 0xc6, 0xee, 0x30, 0xf, 0x87, 0x31, 0x10,
    0xcc, 0x8, 0x7, 0x61, 0x80, 0x63, 0xc0, 0xc,
    0xe4, 0x1, 0xe2, 0x80, 0xa, 0xc0, 0x3f, 0x28,
    0x4, 0x40, 0x1f, 0x88, 0x3, 0xff, 0x80, 0x20,
    0x12, 0x0, 0x7e, 0x50, 0xb, 0x80, 0x3f, 0x40,
    0x4, 0x8e, 0x1, 0xe8, 0x30, 0xd, 0x16, 0x80,
    0x4, 0xb7, 0x0, 0xf2, 0x5f, 0xfa, 0xd0, 0x3,
    0xff, 0xfe, 0x1, 0xff, 0xff, 0x0, 0xff, 0xff,
    0x80, 0x63, 0x78, 0x72, 0x0, 0xf0, 0xe6, 0x21,
    0xe3, 0x60, 0x3, 0xb0, 0xc0, 0x39, 0xdc, 0x1,
    0x39, 0x0, 0x7d, 0x2, 0x0, 0xc0, 0xf, 0xe6,
    0x0, 0x38, 0x7, 0xf5, 0x80, 0x18, 0x3, 0xf8,
    0x80, 0x1e, 0x1, 0xfc, 0x20, 0x5, 0x60, 0xf,
    0xe1, 0x0, 0x4d, 0x20, 0x7, 0xfc, 0xb7, 0xf0,
    0x1, 0xc2, 0x1, 0xeb, 0x0, 0xc2, 0x1, 0xe1,
    0x30, 0xc, 0x80, 0x1e, 0x70, 0xe, 0xf0, 0xf,
    0x50, 0x6, 0x15, 0x0, 0xe2, 0x30, 0xc, 0xc0,
    0x1c, 0x3e, 0x1, 0x86, 0x0, 0x31, 0x61, 0x0,
    0x6a, 0x0, 0xd1, 0xa4, 0x1, 0x9d, 0x0, 0x27,
    0x70, 0x7, 0x24, 0x0, 0x6b, 0x0, 0xe3, 0xb0,
    0xe, 0x50, 0xc, 0xd8, 0x1, 0xe8, 0x20, 0x5c,
    0x90, 0xf, 0x80,

    /* U+003C "<" */
    0x0, 0xff, 0xea, 0x99, 0x0, 0x7f, 0xf4, 0xca,
    0x3b, 0x34, 0x80, 0x3f, 0xfa, 0xb, 0x9a, 0xe2,
    0x0, 0x40, 0xf, 0xfe, 0x69, 0xcf, 0xd1, 0x80,
    0x7f, 0xf4, 0x5b, 0x30, 0xc0, 0x1f, 0x88, 0x3,
    0xff, 0x90, 0x75, 0xf2, 0x60, 0x1f, 0xc4, 0x80,
    0x1f, 0xfc, 0x51, 0x7d, 0xc5, 0x0, 0xff, 0x8f,
    0xc0, 0x3f, 0xf8, 0x89, 0x5d, 0x4, 0x1, 0xfe,
    0x16, 0xcc, 0x10, 0x7, 0xff, 0x4, 0x63, 0xad,
    0x40, 0x3f, 0xe5, 0xbe, 0x93, 0x0, 0xff, 0xe0,
    0xad, 0xf3, 0x88, 0x7, 0xf8, 0xe7, 0xa9, 0x0,
    0x3f, 0xf8, 0x25, 0x1d, 0x48, 0x1, 0xfe, 0x17,
    0xdc, 0x61, 0x0, 0xff, 0xe0, 0xb6, 0x6b, 0x88,
    0x7, 0xf9, 0x6f, 0xa0, 0x80, 0x3f, 0xf8, 0x25,
    0x3f, 0x26, 0x1, 0xfe, 0x39, 0xfa, 0x40, 0xf,
    0xfe, 0x1a, 0xeb, 0x0, 0x7f, 0x8a, 0x37, 0x18,
    0x3, 0xff, 0x8a, 0x34, 0x1, 0xfe, 0x6c, 0xd7,
    0x20, 0xf, 0xfe, 0x3a, 0x0, 0x7e, 0x4a, 0xf9,
    0x30, 0xf, 0xfe, 0x51, 0x80, 0x7c, 0x7c, 0xa0,
    0x1f, 0xfc, 0xd2, 0x0, 0xf8, 0xeb, 0xa0, 0x80,
    0x3f, 0xf9, 0x68, 0x40, 0x1f, 0x85, 0xf7, 0x18,
    0x3, 0xff, 0x95, 0xe6, 0x1, 0xfe, 0x39, 0xfa,
    0x40, 0xf, 0xfe, 0x39, 0x66, 0x14, 0x3, 0xfe,
    0x5b, 0xe8, 0x20, 0xf, 0xfe, 0x31, 0xd7, 0x49,
    0x0, 0x7f, 0x85, 0xf6, 0xd4, 0x3, 0xff, 0x8c,
    0x2d, 0xb8, 0xc0, 0x1f, 0xf2, 0x57, 0xc9, 0x80,
    0x7f, 0xf1, 0x8e, 0x7e, 0x4c, 0x3, 0xfe, 0x6c,
    0xd7, 0x10, 0xf, 0xfe, 0x33, 0x66, 0xb8, 0x80,
    0x7f, 0x8a, 0x3a, 0xd0, 0x3, 0xff, 0x8c, 0x51,
    0xd4, 0x80, 0x1f, 0xf2, 0x5f, 0x40, 0x80, 0x7f,
    0xf1, 0x96, 0xf9, 0xc4, 0x3, 0xfc, 0x2f, 0xca,
    0x1, 0xff, 0xc7, 0x18, 0xeb, 0x50, 0xf, 0xfa,
    0x80, 0x3f, 0xf9, 0x49, 0x5d, 0x4, 0x1, 0xfc,
    0x80, 0x1f, 0xfc, 0xb1, 0x7d, 0xc5, 0x0, 0xf8,
    0x80, 0x3f, 0xf9, 0xc7, 0x5f, 0x26, 0x1, 0x88,
    0x3, 0xff, 0xa2, 0xd9, 0x86, 0x13, 0x40,

    /* U+003D "=" */
    0x0, 0x1a, 0x2a, 0xff, 0xf4, 0x10, 0xc0, 0x2c,
    0xc5, 0xd5, 0x7f, 0xf4, 0x2f, 0x30, 0xa, 0x60,
    0x1f, 0xfd, 0x43, 0x53, 0x0, 0xff, 0xeb, 0x12,
    0x80, 0x7f, 0xf5, 0x90, 0xdc, 0x40, 0x3f, 0xfa,
    0x43, 0x6, 0x11, 0xdf, 0xff, 0xfd, 0x2e, 0x70,
    0xf, 0xff, 0xf8, 0x7, 0xff, 0xfc, 0x3, 0xff,
    0xfe, 0x1, 0xff, 0xff, 0x0, 0xff, 0xf9, 0x9a,
    0xaf, 0xff, 0x48, 0xc0, 0x2c, 0xc5, 0x57, 0xff,
    0x4b, 0x30, 0xa, 0x60, 0x1f, 0xfd, 0x43, 0x53,
    0x0, 0xff, 0xeb, 0x12, 0x80, 0x7f, 0xf5, 0x90,
    0xdc, 0x40, 0x3f, 0xfa, 0x43, 0x6,

    /* U+003E ">" */
    0x3, 0x30, 0x7, 0xff, 0x54, 0xb3, 0x1d, 0x4,
    0x1, 0xff, 0xd2, 0x40, 0x0, 0xbe, 0xe3, 0x0,
    0x7f, 0xf5, 0x8e, 0x7e, 0x4c, 0x3, 0xff, 0x9a,
    0x40, 0x1f, 0x9b, 0x35, 0x84, 0x3, 0xff, 0x94,
    0x84, 0x1, 0xfc, 0x53, 0xd4, 0x80, 0x1f, 0xfc,
    0x9f, 0x30, 0xf, 0xf9, 0x6f, 0x5c, 0x40, 0x3f,
    0xf8, 0xc5, 0x98, 0x61, 0x0, 0xff, 0x14, 0x75,
    0x20, 0x7, 0xff, 0x18, 0xe7, 0xa9, 0x0, 0x3f,
    0xe5, 0xbe, 0x82, 0x0, 0xff, 0xe3, 0x2d, 0xf4,
    0x10, 0x7, 0xf8, 0x5f, 0x6d, 0x40, 0x3f, 0xf8,
    0xc2, 0xfb, 0x8a, 0x1, 0xff, 0x25, 0x74, 0x10,
    0x7, 0xff, 0x18, 0xeb, 0xe4, 0xc0, 0x3f, 0xc2,
    0xfb, 0x8c, 0x1, 0xff, 0xc7, 0x6c, 0xd7, 0x10,
    0xf, 0xf1, 0xcf, 0xc9, 0x0, 0x7f, 0xf1, 0x8a,
    0x3a, 0xd4, 0x3, 0xfe, 0x6d, 0x60, 0xf, 0xfe,
    0x42, 0x57, 0x41, 0x0, 0x7f, 0xa4, 0x40, 0x3f,
    0xf9, 0x22, 0xfb, 0x8c, 0x20, 0x1f, 0x9c, 0x3,
    0xff, 0x98, 0x73, 0xe6, 0x1, 0xf0, 0x80, 0x7f,
    0xf3, 0x12, 0xb8, 0xc0, 0x3e, 0x30, 0xf, 0xfe,
    0x49, 0xcf, 0x5a, 0x80, 0x7e, 0x24, 0x0, 0xff,
    0xe3, 0xb, 0xee, 0x30, 0x80, 0x7f, 0x1f, 0x80,
    0x7f, 0xf1, 0x56, 0xfa, 0x8, 0x3, 0xfc, 0xb7,
    0x84, 0x1, 0xff, 0xc2, 0x39, 0xfa, 0x40, 0xf,
    0xf1, 0x4f, 0x52, 0x0, 0x7f, 0xf0, 0x49, 0xf7,
    0x18, 0x3, 0xfe, 0x6c, 0xd6, 0x10, 0xf, 0xfe,
    0xb, 0x66, 0xc1, 0x0, 0x7f, 0x8e, 0x7e, 0x4c,
    0x3, 0xff, 0x82, 0x95, 0xf2, 0x60, 0x1f, 0xe1,
    0x7d, 0xc6, 0x0, 0xff, 0xe0, 0x8c, 0x75, 0xa8,
    0x7, 0xfc, 0x95, 0xd0, 0x40, 0x1f, 0xfc, 0x25,
    0xe7, 0x10, 0xf, 0xf0, 0xbf, 0x5a, 0x80, 0x7f,
    0xf1, 0x6, 0x80, 0x3f, 0xe5, 0xbe, 0x81, 0x0,
    0xff, 0xe3, 0x20, 0x7, 0xf1, 0x47, 0x52, 0x0,
    0x7f, 0xf2, 0x48, 0x3, 0xe5, 0xcd, 0x71, 0x0,
    0xff, 0xe5, 0x88, 0x6, 0x39, 0xfa, 0x30, 0xf,
    0xfe, 0x73, 0x90, 0xb6, 0x61, 0x80, 0x3f, 0xfa,
    0x20,

    /* U+003F "?" */
    0x0, 0xfc, 0x6f, 0x59, 0xbb, 0x5d, 0x39, 0x80,
    0x7f, 0xf0, 0x86, 0x7b, 0x21, 0x4c, 0x8a, 0x45,
    0x8c, 0xe7, 0x0, 0xff, 0xa3, 0x98, 0x40, 0x3f,
    0xe1, 0x8e, 0x50, 0xf, 0x87, 0x1c, 0x3, 0xff,
    0x88, 0x35, 0x0, 0x1e, 0xd3, 0x0, 0xff, 0xe3,
    0xbc, 0x0, 0x6a, 0x30, 0xf, 0xfe, 0x4b, 0xa8,
    0x0, 0x54, 0x3, 0xc7, 0x19, 0xdf, 0xee, 0xb6,
    0x0, 0xfd, 0x60, 0x1, 0x0, 0xe1, 0xbc, 0x73,
    0x10, 0x0, 0xa4, 0xe8, 0x80, 0x78, 0x58, 0x1,
    0x20, 0x10, 0xe2, 0x0, 0x7f, 0x17, 0x88, 0x7,
    0xa8, 0x0, 0xd6, 0xad, 0xe4, 0x1, 0xff, 0xd,
    0x80, 0x78, 0xc4, 0x0, 0x95, 0x22, 0x1, 0xff,
    0xc1, 0x52, 0x0, 0xf2, 0x80, 0x7f, 0xf2, 0x10,
    0x3, 0xc4, 0x1, 0xff, 0xc8, 0xf0, 0xf, 0x8,
    0x7, 0xff, 0x20, 0xc0, 0x3f, 0xfa, 0xc2, 0x1,
    0xff, 0xc8, 0xd0, 0xf, 0x10, 0x7, 0xff, 0x21,
    0x40, 0x3c, 0x80, 0x1f, 0xfc, 0x74, 0x20, 0xe,
    0x50, 0xf, 0xfe, 0x44, 0x0, 0x7b, 0x80, 0x3f,
    0xf8, 0xea, 0x60, 0x1c, 0x68, 0x1, 0xff, 0xc6,
    0x1b, 0x0, 0xf7, 0x80, 0x7f, 0xf1, 0xf4, 0x40,
    0x39, 0x8c, 0x3, 0xff, 0x8d, 0x26, 0x1, 0xc5,
    0x20, 0x1f, 0xfc, 0x66, 0x60, 0x7, 0xf, 0x80,
    0x7f, 0xf1, 0x8e, 0x40, 0x3d, 0x44, 0x1, 0xff,
    0xc5, 0x1d, 0x0, 0xf4, 0xa0, 0x7, 0xff, 0x1b,
    0x44, 0x3, 0x99, 0x80, 0x1f, 0xfc, 0x68, 0x30,
    0xe, 0x39, 0x0, 0xff, 0xe3, 0x13, 0x80, 0x70,
    0xe8, 0x7, 0xff, 0x1f, 0x80, 0x3d, 0x62, 0x1,
    0xff, 0xc6, 0x43, 0x0, 0xe5, 0x50, 0x7, 0xff,
    0x1f, 0xc0, 0x3d, 0x0, 0x1f, 0xfc, 0x71, 0x40,
    0xe, 0x62, 0x0, 0xff, 0xe3, 0xa0, 0x7, 0xa8,
    0x3, 0xff, 0x91, 0xa0, 0x1c, 0x26, 0x1, 0xff,
    0xc8, 0x10, 0xe, 0x20, 0xf, 0xfe, 0x48, 0x80,
    0x73, 0x80, 0x7f, 0xf2, 0x74, 0x3, 0x84, 0x3,
    0xff, 0x92, 0xaa, 0x0, 0x8a, 0x0, 0x3f, 0xf9,
    0x55, 0xd9, 0xba, 0x20, 0xf, 0xfe, 0x58, 0x99,
    0x0, 0x7f, 0xff, 0xc0, 0x3f, 0xfe, 0x46, 0xca,
    0x40, 0x1f, 0xfc, 0xa1, 0xbc, 0x9a, 0xda, 0x0,
    0xff, 0xe4, 0xe, 0x20, 0x6, 0x5c, 0x0, 0xff,
    0xe3, 0xc9, 0x0, 0x78, 0xd8, 0x3, 0xff, 0x8c,
    0xa0, 0x1f, 0xa8, 0x3, 0xff, 0x8c, 0x40, 0x1f,
    0x88, 0x3, 0xff, 0xc4, 0x60, 0x1f, 0x94, 0x3,
    0xff, 0x8d, 0x40, 0x1f, 0xbc, 0x3, 0xff, 0x8c,
    0xca, 0x1, 0xe8, 0x40, 0xf, 0xfe, 0x3d, 0x49,
    0x80, 0x12, 0xdc, 0x3, 0xfe,

    /* U+0040 "@" */
    0x0, 0xff, 0xe8, 0x12, 0xbc, 0xd5, 0xdd, 0x54,
    0x86, 0x40, 0xf, 0xff, 0x9, 0xbd, 0xfe, 0xd4,
    0x32, 0xa2, 0x4a, 0xa7, 0x9b, 0xfd, 0x83, 0x0,
    0xff, 0xed, 0xb, 0xee, 0x42, 0x0, 0x7f, 0xf0,
    0xc9, 0xf3, 0x9c, 0x3, 0xff, 0xac, 0x55, 0xd0,
    0x40, 0x1f, 0xfc, 0x91, 0x8f, 0x70, 0xf, 0xfe,
    0x90, 0xd6, 0xa8, 0x7, 0xff, 0x3e, 0x35, 0x0,
    0x3f, 0xf9, 0xef, 0xca, 0x1, 0xf8, 0x56, 0x2f,
    0x7b, 0xfe, 0xec, 0xa8, 0x41, 0x0, 0xf8, 0xad,
    0xc0, 0x3f, 0xf9, 0x85, 0x90, 0x1, 0xf0, 0xbe,
    0x75, 0x3a, 0x10, 0x80, 0x42, 0x6a, 0xf7, 0xd8,
    0xc0, 0x1f, 0x45, 0x0, 0x7f, 0xf2, 0x97, 0x4c,
    0x3, 0xc5, 0x5d, 0x6, 0x1, 0xff, 0xc3, 0x39,
    0xe7, 0x0, 0xf2, 0xd8, 0x7, 0xff, 0x21, 0xe8,
    0x3, 0xc3, 0x3a, 0xa0, 0x1f, 0xfc, 0x81, 0x8e,
    0x40, 0xe, 0x4a, 0x0, 0xff, 0xe3, 0x4c, 0x0,
    0x79, 0xbd, 0x80, 0x3f, 0xf9, 0x83, 0x70, 0x1,
    0xcb, 0x0, 0x1f, 0xfc, 0x49, 0x60, 0xe, 0x1b,
    0x91, 0x0, 0xff, 0xe7, 0xbd, 0x0, 0x73, 0xa0,
    0x7, 0xff, 0x9, 0xd8, 0x3, 0x8b, 0x10, 0x3,
    0xff, 0xa4, 0xb2, 0x1, 0xd4, 0x20, 0x1f, 0xfc,
    0x5, 0x80, 0xe, 0x3d, 0x20, 0xf, 0xfe, 0xa3,
    0x38, 0x6, 0x18, 0x0, 0xff, 0x8a, 0x80, 0x39,
    0x30, 0x3, 0xff, 0xaf, 0x6, 0x1, 0x98, 0x80,
    0x3f, 0xdc, 0x1, 0xc7, 0x60, 0x1f, 0xfd, 0x9e,
    0x0, 0xe8, 0x0, 0xfe, 0x73, 0x0, 0xc3, 0xa0,
    0x1f, 0xfd, 0xa2, 0x70, 0xc, 0xa2, 0x1, 0xf0,
    0xc0, 0x7, 0x68, 0x80, 0x7f, 0xf6, 0xe4, 0x3,
    0x98, 0x3, 0xeb, 0x0, 0xe7, 0x30, 0xf, 0xfe,
    0xe0, 0xb0, 0x6, 0xb0, 0xf, 0x12, 0x80, 0x62,
    0x80, 0xf, 0xfe, 0x19, 0x3d, 0xf7, 0xfb, 0xb1,
    0x80, 0x39, 0x54, 0x20, 0x1f, 0xea, 0x0, 0xc6,
    0x20, 0x1d, 0x60, 0x1d, 0x0, 0x1f, 0xfc, 0x22,
    0xad, 0x84, 0x10, 0x0, 0x9c, 0xe1, 0x1, 0x75,
    0x53, 0x0, 0x3f, 0xc6, 0x20, 0x19, 0x0, 0x30,
    0xb0, 0x6, 0x35, 0x0, 0xff, 0xe0, 0xb6, 0xa8,
    0x7, 0xf1, 0xe0, 0xc8, 0x80, 0x8, 0x80, 0x1f,
    0xe4, 0x0, 0xda, 0x1, 0x98, 0x3, 0xa0, 0x3,
    0xff, 0x83, 0x32, 0x0, 0xff, 0xe0, 0xe, 0xa0,
    0x6, 0x20, 0xf, 0xf6, 0x0, 0x63, 0x0, 0xd4,
    0x1, 0x89, 0x0, 0x3f, 0xf8, 0x12, 0xc0, 0x1f,
    0xfc, 0x23, 0x0, 0xc4, 0x1, 0xff, 0x28, 0x6,
    0x60, 0x8, 0xc8, 0x3, 0x58, 0x7, 0xff, 0x1,
    0xd8, 0x3, 0xcd, 0x7d, 0xfb, 0x2, 0x1, 0xf3,
    0x80, 0x7f, 0xc4, 0x1, 0x88, 0x2, 0xb0, 0xe,
    0x70, 0xf, 0xf8, 0xe0, 0x3, 0x8f, 0x65, 0x4,
    0x9, 0xfc, 0xc0, 0x3d, 0xa0, 0x1f, 0xf0, 0x80,
    0x70, 0x80, 0x14, 0x3, 0x20, 0x80, 0x7f, 0xdc,
    0x1, 0xc9, 0x84, 0x1, 0xe1, 0xd1, 0x0, 0xe4,
    0x0, 0xff, 0xe0, 0x8, 0x6, 0x30, 0x12, 0x0,
    0xda, 0x1, 0xff, 0x39, 0x0, 0x63, 0xb0, 0xf,
    0xe1, 0x70, 0xe, 0x30, 0xf, 0xfe, 0x1, 0x80,
    0x79, 0x40, 0x39, 0x0, 0x3f, 0xe9, 0x0, 0xee,
    0x0, 0xff, 0x88, 0x3, 0x10, 0x7, 0xff, 0x4,
    0x40, 0x30, 0x86, 0x0, 0x61, 0x20, 0xf, 0xf3,
    0x88, 0x6, 0x72, 0x0, 0xff, 0x94, 0x3, 0x38,
    0x7, 0xff, 0x4, 0x40, 0x30, 0x81, 0x0, 0x65,
    0x0, 0xff, 0xa8, 0x3, 0xc, 0x0, 0x7f, 0xc2,
    0x20, 0xd, 0xa0, 0x1f, 0xfc, 0x13, 0x0, 0xc6,
    0xc, 0x1, 0x88, 0x3, 0xfc, 0x64, 0x1, 0x98,
    0x3, 0xff, 0x80, 0xa0, 0x1c, 0x60, 0x1f, 0xfc,
    0x11, 0x0, 0xc2, 0x6, 0x1, 0xbc, 0x3, 0xfd,
    0x60, 0x1d, 0x40, 0x1f, 0xfc, 0x3, 0x0, 0xe4,
    0x0, 0xff, 0xe0, 0x8, 0x6, 0x10, 0xf, 0x88,
    0x3, 0xfc, 0x60, 0x18, 0x88, 0x1, 0xff, 0xc0,
    0xd0, 0xc, 0x40, 0x1f, 0xfc, 0x15, 0x0, 0xc4,
    0x2, 0x1, 0xce, 0x1, 0xfe, 0x50, 0xc, 0xe0,
    0x1f, 0xfc, 0x17, 0x0, 0xce, 0x1, 0xff, 0xc1,
    0x30, 0xc, 0xa0, 0x60, 0x1f, 0xfc, 0x41, 0x0,
    0xc4, 0x1, 0xff, 0xc1, 0x20, 0xd, 0xa0, 0x1f,
    0xfc, 0x1c, 0x0, 0xde, 0x1, 0xf0, 0x80, 0x7f,
    0x10, 0x7, 0x78, 0x7, 0xff, 0x0, 0xc0, 0x38,
    0xc0, 0x3f, 0xf8, 0x2, 0x80, 0x19, 0xc0, 0x3f,
    0xfb, 0xa, 0x1, 0xca, 0x1, 0xff, 0xc0, 0x60,
    0xc, 0x62, 0x1, 0xf0, 0x80, 0x7f, 0x18, 0x7,
    0x70, 0x7, 0xff, 0x3, 0x80, 0x30, 0x88, 0x3,
    0xff, 0x81, 0x20, 0x1a, 0xc0, 0x6, 0x1, 0xff,
    0xc3, 0x10, 0xe, 0x20, 0xf, 0xfe, 0x2, 0x0,
    0x63, 0x0, 0xff, 0xe0, 0x38, 0x80, 0x66, 0x0,
    0x8, 0x7, 0x30, 0x7, 0xf8, 0x40, 0x32, 0x0,
    0x7f, 0xd2, 0x60, 0x1f, 0xfc, 0x42, 0x80, 0xc,
    0xe2, 0x1, 0xf8, 0x80, 0x3f, 0xc8, 0x1, 0xcc,
    0x1, 0xfd, 0x4c, 0x1, 0xc4, 0x1, 0xfe, 0x1f,
    0x0, 0xc3, 0x20, 0x18, 0x80, 0x37, 0x0, 0x7f,
    0xb0, 0x3, 0xa0, 0x80, 0x3c, 0x58, 0xa0, 0x1f,
    0x18, 0x7, 0xe1, 0xd2, 0x0, 0xd6, 0x20, 0x19,
    0xc0, 0x32, 0x0, 0x7f, 0x98, 0x40, 0x30, 0xe3,
    0x8, 0x0, 0xa3, 0x4c, 0x3, 0xf7, 0x80, 0x7c,
    0x78, 0x60, 0x19, 0x94, 0x3, 0xb4, 0x3, 0x10,
    0x7, 0xfd, 0x20, 0x1c, 0x33, 0xdf, 0xed, 0x70,
    0xc, 0x74, 0x1, 0x8f, 0x14, 0x40, 0x52, 0xb0,
    0x80, 0x32, 0x48, 0x7, 0x8c, 0x3, 0x94, 0x3,
    0xfc, 0xe8, 0x1, 0xff, 0xc2, 0x4c, 0x51, 0x0,
    0xc7, 0x5d, 0xfd, 0x6a, 0x1, 0xc7, 0x60, 0x1f,
    0x20, 0x7, 0x78, 0x7, 0xfd, 0x68, 0x1, 0xff,
    0xc0, 0x6b, 0x0, 0x48, 0x7, 0xff, 0xd, 0x70,
    0x3, 0xf9, 0x0, 0x32, 0x80, 0x7f, 0xf0, 0x2d,
    0xc0, 0x3f, 0x8f, 0x24, 0x2, 0x75, 0x0, 0xff,
    0xe0, 0xc5, 0x0, 0x7f, 0xb4, 0x3, 0x98, 0x3,
    0xff, 0x81, 0x1d, 0x6, 0x20, 0x2, 0x6b, 0xc3,
    0x0, 0xea, 0x90, 0xf, 0xf2, 0xeb, 0x80, 0x7f,
    0xce, 0x1, 0xd6, 0x1, 0xff, 0xc1, 0x17, 0xce,
    0xff, 0x6c, 0xa0, 0x7, 0xe6, 0xf9, 0x42, 0x0,
    0x12, 0xcf, 0x51, 0x0, 0x7f, 0xf0, 0x5, 0x80,
    0x31, 0x38, 0x7, 0xff, 0x4d, 0xaf, 0x7f, 0xdb,
    0x4c, 0x20, 0x1f, 0xfc, 0x3b, 0x0, 0xe8, 0x20,
    0xf, 0xff, 0x51, 0x30, 0x7, 0x70, 0x7, 0xff,
    0xae, 0x4, 0x3, 0x1c, 0x80, 0x7f, 0xfa, 0x86,
    0xc0, 0x39, 0xa0, 0x3, 0xff, 0xd4, 0xaa, 0x0,
    0xe7, 0x90, 0xf, 0xff, 0x55, 0x18, 0x7, 0x35,
    0x88, 0x7, 0xff, 0xa7, 0x48, 0x3, 0x93, 0xd0,
    0x3, 0xff, 0xd0, 0x38, 0x40, 0x1c, 0x37, 0x62,
    0x0, 0xff, 0xe4, 0x8b, 0x40, 0x80, 0x7f, 0xf3,
    0x87, 0x50, 0x3, 0xc9, 0xb6, 0xa0, 0x1f, 0xfc,
    0x52, 0x9e, 0x97, 0xc0, 0xf, 0xfe, 0x85, 0xc0,
    0x7, 0xc9, 0x5f, 0x4e, 0x62, 0x1, 0xf8, 0x52,
    0x37, 0x4c, 0x1, 0x11, 0x0, 0x3f, 0xfa, 0xf,
    0x84, 0x1, 0xf9, 0x63, 0x3b, 0xf7, 0x32, 0xdd,
    0x7f, 0x5b, 0x90, 0x7, 0x8c, 0x3, 0xff, 0xa2,
    0x7b, 0x22, 0x1, 0xff, 0x11, 0x9c, 0x44, 0x0,
    0xff, 0x48, 0x80, 0x7f, 0xf4, 0xdb, 0xa4, 0x80,
    0x3f, 0xf9, 0x6d, 0xcc, 0x1, 0xff, 0xd6, 0x6d,
    0xc7, 0x20, 0xf, 0xfe, 0x29, 0xc7, 0x48, 0x80,
    0x7f, 0xf6, 0x4e, 0x37, 0xad, 0xd4, 0xc4, 0x40,
    0x10, 0x91, 0xac, 0x57, 0x63, 0x88, 0x7, 0xff,
    0x24,

    /* U+0041 "A" */
    0x0, 0xff, 0xe3, 0x26, 0x7f, 0xdd, 0x44, 0x1,
    0xff, 0xd7, 0x4b, 0x30, 0x8, 0x57, 0x4, 0x3,
    0xff, 0xad, 0x0, 0x1f, 0xc, 0x80, 0x7f, 0xf5,
    0x48, 0xc0, 0x3f, 0x30, 0x7, 0xff, 0x56, 0x80,
    0x3f, 0x85, 0x0, 0x3f, 0xfa, 0x8a, 0x1, 0xfe,
    0xd0, 0xf, 0xfe, 0x99, 0x90, 0x6, 0x10, 0xe,
    0x70, 0xf, 0xfe, 0x9d, 0x80, 0x73, 0x10, 0x6,
    0x14, 0x0, 0xff, 0xe9, 0x30, 0x7, 0x5a, 0x80,
    0x77, 0x0, 0x7f, 0xf4, 0x4c, 0x40, 0x30, 0x9e,
    0x0, 0x72, 0x80, 0x7f, 0xf4, 0x68, 0x3, 0x9c,
    0x10, 0x3, 0xca, 0x1, 0xff, 0xd0, 0x70, 0xe,
    0xd0, 0x2, 0x80, 0x77, 0x80, 0x7f, 0xf3, 0xd0,
    0x40, 0x39, 0x0, 0x18, 0x1, 0xca, 0x1, 0xff,
    0xcf, 0xd0, 0xe, 0x50, 0x9, 0xc0, 0x3c, 0xa0,
    0x1f, 0xfc, 0xe7, 0x0, 0xef, 0x0, 0x84, 0xc0,
    0x3b, 0xc0, 0x3f, 0xf9, 0xa8, 0x20, 0x1c, 0xa0,
    0x1a, 0xc0, 0x39, 0x40, 0x3f, 0xf9, 0xbc, 0x1,
    0xc8, 0x1, 0xc8, 0x1, 0xe5, 0x0, 0xff, 0xe6,
    0x28, 0x7, 0x68, 0x7, 0x18, 0x80, 0x77, 0x0,
    0x7f, 0xf2, 0xd4, 0x3, 0xce, 0x1, 0xe7, 0x0,
    0xe4, 0x10, 0xf, 0xfe, 0x57, 0x80, 0x71, 0x88,
    0x7, 0xb4, 0x3, 0xce, 0x1, 0xff, 0xca, 0x50,
    0xe, 0xb0, 0xf, 0x90, 0x3, 0xda, 0x1, 0xff,
    0xc9, 0x50, 0xf, 0x28, 0x7, 0xe5, 0x0, 0xe4,
    0x10, 0xf, 0xfe, 0x47, 0x0, 0x71, 0x10, 0x3,
    0xf7, 0x80, 0x79, 0xc0, 0x3f, 0xf8, 0xe2, 0x80,
    0x1c, 0xa0, 0x1f, 0xca, 0x1, 0xea, 0x0, 0xff,
    0xe3, 0xb8, 0x7, 0xac, 0x3, 0xfc, 0x80, 0x1c,
    0x62, 0x1, 0xff, 0xc6, 0xd0, 0xe, 0x23, 0x0,
    0xff, 0x68, 0x7, 0x9c, 0x3, 0xff, 0x8a, 0x28,
    0x1, 0xca, 0x1, 0xff, 0x38, 0x7, 0xa8, 0x3,
    0xff, 0x8a, 0xe0, 0x1e, 0xb0, 0xf, 0xf8, 0x48,
    0x3, 0x8c, 0x40, 0x3f, 0xf8, 0x94, 0x1, 0xc2,
    0x60, 0x1f, 0xfc, 0x5, 0x0, 0xf3, 0x0, 0x7f,
    0xf0, 0xc4, 0xc0, 0x39, 0xc0, 0x3f, 0xf8, 0x3a,
    0x1, 0xeb, 0x0, 0xff, 0xe1, 0xb0, 0x7, 0xb4,
    0x3, 0xff, 0x82, 0x40, 0x1e, 0x32, 0x0, 0xff,
    0xe1, 0x58, 0x7, 0xa2, 0xef, 0xff, 0x81, 0x90,
    0x1, 0xf2, 0x80, 0x7f, 0xf0, 0x48, 0xc0, 0x3c,
    0x68, 0x9f, 0xfc, 0x3, 0x0, 0xfd, 0x40, 0x1f,
    0xfc, 0x15, 0x0, 0xff, 0xe8, 0x91, 0x0, 0x3f,
    0xf8, 0x14, 0x1, 0xff, 0xd2, 0xa0, 0xf, 0xf8,
    0x88, 0x1, 0xff, 0xd2, 0x50, 0xf, 0xfa, 0x80,
    0x3f, 0xfa, 0x64, 0x60, 0x1f, 0xe5, 0x0, 0xf7,
    0x7f, 0xff, 0xf1, 0x94, 0x3, 0xd6, 0x1, 0xfc,
    0x64, 0x1, 0xc6, 0x20, 0x1f, 0xfc, 0x6e, 0x0,
    0xf2, 0x80, 0x7f, 0x58, 0x7, 0xac, 0x3, 0xff,
    0x8e, 0x80, 0x1e, 0x23, 0x0, 0xfc, 0xa0, 0x1e,
    0x50, 0xf, 0xfe, 0x42, 0x80, 0x7a, 0xc0, 0x3e,
    0x32, 0x0, 0xe2, 0x20, 0x7, 0xff, 0x23, 0xc0,
    0x3c, 0xc0, 0x1f, 0x58, 0x7, 0x94, 0x3, 0xff,
    0x92, 0xa0, 0x1e, 0x13, 0x0, 0xf3, 0x0, 0x7a,
    0xc0, 0x3f, 0xf9, 0x48, 0x1, 0xea, 0x0, 0xe3,
    0x10, 0xe, 0x13, 0x0, 0xff, 0xe5, 0x68, 0x7,
    0x9c, 0x3, 0xa8, 0x3, 0xce, 0x1, 0xff, 0xcb,
    0x70, 0xf, 0xa, 0x0, 0x67, 0x0, 0xf5, 0x0,
    0x7f, 0xf2, 0xc5, 0x0, 0x3d, 0xa0, 0x12, 0x8,
    0x7, 0x9, 0x80, 0x7f, 0xf3, 0x34, 0x3, 0xce,
    0x1, 0x68, 0x7, 0x9c, 0x3, 0xff, 0x9a, 0xe0,
    0x1e, 0x14, 0x0, 0x38, 0x7, 0xb4, 0x3, 0xff,
    0x9a, 0x26, 0x1, 0xee, 0x4, 0x10, 0xf, 0x20,
    0x7, 0xff, 0x3a, 0xc0, 0x3c, 0xa0, 0x20, 0x1e,
    0x90, 0xf, 0xfe, 0x7b, 0x88, 0x7, 0xca, 0xc2,
    0x2, 0x94, 0xc0, 0x1f, 0xfd, 0xf, 0x62, 0x0,
    0x15, 0x0,

    /* U+0042 "B" */
    0x1, 0x9e, 0xff, 0xff, 0xe1, 0x76, 0xea, 0xe1,
    0x8c, 0x3, 0xff, 0x87, 0x6c, 0x20, 0x1f, 0xfc,
    0x21, 0x22, 0x23, 0xce, 0x74, 0xa0, 0x7, 0xff,
    0x1, 0x0, 0x3f, 0xf9, 0x62, 0xd7, 0x88, 0x1,
    0xfe, 0x10, 0xf, 0xfe, 0x71, 0xdd, 0x84, 0x3,
    0xff, 0xb2, 0x9e, 0x40, 0x1f, 0xfc, 0x21, 0x44,
    0xf8, 0xcc, 0x40, 0x1f, 0xfc, 0x1, 0xf0, 0xf,
    0xfe, 0x16, 0xdd, 0xfd, 0x98, 0xdf, 0xeb, 0x72,
    0x0, 0xfc, 0x52, 0x1, 0xff, 0xc1, 0x10, 0xf,
    0xf8, 0x52, 0x36, 0x84, 0x3, 0xe6, 0x20, 0xf,
    0xfe, 0x82, 0xf9, 0x80, 0x7d, 0x40, 0x1f, 0xfd,
    0x11, 0xd1, 0x0, 0xf2, 0x80, 0x7f, 0xf4, 0x86,
    0x40, 0x3c, 0x40, 0x1f, 0xfd, 0x36, 0x0, 0xf8,
    0x80, 0x3f, 0xfa, 0x42, 0x20, 0xf, 0x8, 0x7,
    0xff, 0x4c, 0x80, 0x3c, 0xe0, 0x1f, 0xfd, 0xa7,
    0x0, 0xff, 0xe9, 0x90, 0x7, 0x88, 0x3, 0xff,
    0xa4, 0x22, 0x0, 0xe2, 0x10, 0xf, 0xfe, 0x93,
    0x0, 0x79, 0x0, 0x3f, 0xfa, 0x43, 0x20, 0x1e,
    0xa0, 0xf, 0xfe, 0x88, 0xe8, 0x80, 0x72, 0x18,
    0x7, 0xff, 0x41, 0x30, 0xc0, 0x3d, 0x20, 0x1f,
    0xfc, 0xe1, 0x6b, 0xb1, 0x0, 0x7a, 0x48, 0x3,
    0xff, 0x83, 0x4e, 0xff, 0xa2, 0x6f, 0x7a, 0x50,
    0x3, 0xe8, 0x60, 0xf, 0xfe, 0x13, 0xc4, 0x7e,
    0x76, 0x42, 0x0, 0xfe, 0xa7, 0x0, 0xff, 0xeb,
    0xae, 0xa8, 0x7, 0xff, 0x61, 0x21, 0x0, 0x3f,
    0xfb, 0x2, 0xb7, 0xa8, 0x1, 0xff, 0xd9, 0x2b,
    0x90, 0xf, 0xfe, 0xe, 0xff, 0xff, 0xbb, 0x6e,
    0x14, 0x40, 0x3f, 0x35, 0x80, 0x7f, 0xf2, 0xc4,
    0x91, 0xeb, 0xb1, 0x40, 0x3e, 0x4a, 0x0, 0xff,
    0xe8, 0x1d, 0x69, 0x0, 0x79, 0x58, 0x3, 0xff,
    0xa2, 0x58, 0x60, 0x1e, 0x80, 0xf, 0xfe, 0x90,
    0xe8, 0x80, 0x70, 0xb0, 0x7, 0xff, 0x48, 0x64,
    0x3, 0xda, 0x1, 0xff, 0xd3, 0x60, 0xf, 0x20,
    0x7, 0xff, 0x4c, 0x48, 0x3, 0xc4, 0x1, 0xff,
    0xd3, 0x60, 0xf, 0x8, 0x7, 0xff, 0x69, 0xc0,
    0x3f, 0xfa, 0x6e, 0x1, 0xe7, 0x0, 0xff, 0xe9,
    0x90, 0x7, 0x84, 0x3, 0xff, 0xa4, 0x42, 0x1,
    0xe2, 0x0, 0xff, 0xe9, 0x50, 0x7, 0x88, 0x3,
    0xff, 0xa4, 0x4e, 0x1, 0xe5, 0x0, 0xff, 0xe9,
    0x70, 0x7, 0xd4, 0x1, 0xff, 0xd0, 0x1d, 0x30,
    0xf, 0x21, 0x0, 0x7f, 0xf3, 0x86, 0x38, 0x80,
    0x3e, 0x90, 0xf, 0xf0, 0x80, 0x7f, 0xf0, 0x4d,
    0xaf, 0x9c, 0x3, 0xf4, 0x90, 0x7, 0xfb, 0x6e,
    0xff, 0x66, 0x37, 0xbf, 0x25, 0x0, 0x3f, 0x9d,
    0x80, 0x3f, 0xe1, 0x44, 0xfc, 0x66, 0x21, 0x0,
    0xff, 0xe0, 0x4c, 0x0, 0x7f, 0xf5, 0xcf, 0x18,
    0x3, 0xc2, 0x1, 0xff, 0xcf, 0x2a, 0xc3, 0x0,
    0xf9, 0x0, 0x3f, 0xf9, 0x82, 0xd9, 0xaa, 0x1,
    0xfd, 0x6a, 0x20, 0x1f, 0xfc, 0x31, 0x23, 0x47,
    0xad, 0xe9, 0x30, 0xf, 0xf0,

    /* U+0043 "C" */
    0x0, 0xff, 0xe3, 0x1b, 0xd6, 0x77, 0xfd, 0xdb,
    0x70, 0x80, 0x1f, 0xfc, 0xc3, 0x9f, 0xc8, 0x53,
    0x10, 0x8, 0x49, 0x1e, 0xfe, 0x48, 0x3, 0xff,
    0x8e, 0x79, 0x86, 0x0, 0xff, 0xe1, 0xb6, 0xc8,
    0x7, 0xff, 0x10, 0x6b, 0xc, 0x3, 0xff, 0x8e,
    0xda, 0x40, 0x1f, 0xfc, 0x13, 0xf5, 0x0, 0xff,
    0xe5, 0x16, 0x8, 0x7, 0xfc, 0xb8, 0x20, 0x1f,
    0xfc, 0xc1, 0xc0, 0xf, 0xf3, 0x50, 0x7, 0xf0,
    0xac, 0x5e, 0x6e, 0x5c, 0xb1, 0x0, 0x7c, 0x48,
    0x1, 0xf9, 0x64, 0x3, 0xf1, 0xd7, 0x53, 0xa1,
    0x91, 0xa3, 0x4e, 0xd9, 0x80, 0x79, 0xc0, 0x3e,
    0x3a, 0x0, 0xfd, 0x38, 0xa0, 0x1f, 0xf2, 0x63,
    0x80, 0x63, 0x30, 0x7, 0x87, 0x40, 0x3e, 0x2d,
    0x60, 0xf, 0xfe, 0x1c, 0x48, 0x0, 0xf4, 0x3,
    0xe8, 0x10, 0xf, 0x16, 0x10, 0x7, 0xff, 0x15,
    0xbf, 0x70, 0x40, 0x3c, 0x6c, 0x1, 0xe1, 0xf1,
    0x0, 0xff, 0xe4, 0x10, 0x7, 0xef, 0x0, 0xfa,
    0x88, 0x3, 0xff, 0xa2, 0x86, 0x1, 0xe6, 0x40,
    0xf, 0xfe, 0x97, 0x80, 0x7d, 0x0, 0x1f, 0xfd,
    0x21, 0x40, 0xf, 0x38, 0x80, 0x7f, 0xf4, 0x98,
    0x3, 0xe9, 0x0, 0xff, 0xe9, 0xe0, 0x7, 0x90,
    0x40, 0x3f, 0xfa, 0x68, 0x1, 0xed, 0x0, 0xff,
    0xe9, 0x98, 0x7, 0xce, 0x1, 0xff, 0xd3, 0x40,
    0xf, 0x8, 0x80, 0x3f, 0xfa, 0x7c, 0x1, 0xe5,
    0x0, 0xff, 0xea, 0x10, 0x7, 0x8c, 0x3, 0xff,
    0xa8, 0xc0, 0x1e, 0xf0, 0xf, 0xfe, 0xa1, 0x0,
    0x78, 0x80, 0x3f, 0xfb, 0x62, 0x1, 0xff, 0xff,
    0x0, 0xff, 0xff, 0x80, 0x7f, 0xf9, 0x44, 0x3,
    0xff, 0xa8, 0x40, 0x1e, 0x20, 0xf, 0xfe, 0xa3,
    0x0, 0x7b, 0x80, 0x3f, 0xfa, 0x82, 0x1, 0xe2,
    0x0, 0xff, 0xea, 0x68, 0x7, 0x94, 0x3, 0xff,
    0xa8, 0x60, 0x1e, 0x12, 0x0, 0xff, 0xe9, 0xa8,
    0x7, 0xc8, 0x1, 0xff, 0xd3, 0x13, 0x0, 0xf6,
    0x80, 0x7f, 0xf5, 0x10, 0x3, 0xc8, 0x20, 0x1f,
    0xfd, 0x3a, 0x0, 0xfa, 0x40, 0x3f, 0xfa, 0x64,
    0x60, 0x1e, 0x61, 0x0, 0xff, 0xe9, 0xd0, 0x7,
    0x86, 0x40, 0x3f, 0xfa, 0x6c, 0x20, 0x1e, 0x73,
    0x0, 0xff, 0xe9, 0xc0, 0x7, 0xda, 0x20, 0x1f,
    0xfc, 0xa1, 0x0, 0xf9, 0x8c, 0x3, 0xc3, 0xa0,
    0x1f, 0xfc, 0x82, 0xce, 0xd3, 0x0, 0xf7, 0x0,
    0x7c, 0x78, 0x20, 0x1f, 0xfc, 0x53, 0xc3, 0x2,
    0xd1, 0x0, 0xe2, 0x90, 0xf, 0x8f, 0xd0, 0x3,
    0xff, 0x86, 0xd8, 0x20, 0x10, 0xc8, 0x7, 0x99,
    0x80, 0x1f, 0xd, 0xd9, 0x0, 0x3f, 0xe5, 0xd9,
    0x0, 0xf0, 0x80, 0x7d, 0x2a, 0x1, 0xf9, 0x2f,
    0xa9, 0xd5, 0x10, 0xad, 0x19, 0xf4, 0x40, 0x1f,
    0x50, 0x7, 0xea, 0x50, 0xf, 0xe1, 0x58, 0xab,
    0xb5, 0x4b, 0x98, 0x7, 0xf4, 0x18, 0x7, 0xf5,
    0x40, 0x7, 0xff, 0x3a, 0x1c, 0x3, 0xfe, 0x7c,
    0x20, 0xf, 0xfe, 0x5d, 0x38, 0x7, 0xff, 0x4,
    0xf6, 0x4, 0x3, 0xff, 0x8e, 0xbc, 0xa0, 0x1f,
    0xfc, 0x47, 0xe9, 0x30, 0xf, 0xfe, 0x10, 0xb6,
    0xd0, 0x80, 0x7f, 0xf1, 0xdb, 0x3a, 0x99, 0x4,
    0x40, 0x10, 0x9a, 0xc6, 0x74, 0x90, 0x7, 0x80,

    /* U+0044 "D" */
    0x1, 0x9e, 0xff, 0xff, 0xe0, 0x76, 0xe5, 0x3a,
    0x8, 0x7, 0xff, 0x1a, 0xd8, 0x40, 0x3f, 0xf8,
    0x2, 0x46, 0xb1, 0x7d, 0x8e, 0x40, 0x1f, 0xfc,
    0x34, 0x0, 0xff, 0xe4, 0x9c, 0x6d, 0x98, 0x7,
    0xff, 0x4, 0x40, 0x3f, 0xf9, 0x89, 0x94, 0x40,
    0x1f, 0xfd, 0xa5, 0xd5, 0x0, 0xff, 0xe3, 0x8,
    0xfc, 0x1, 0xff, 0xc2, 0xa9, 0x0, 0xff, 0xe2,
    0x5f, 0x77, 0xdf, 0xd7, 0x8, 0x1, 0xfe, 0x6a,
    0x0, 0xff, 0xe1, 0xb0, 0x7, 0xe1, 0x47, 0xbe,
    0x81, 0x0, 0xfc, 0xb2, 0x1, 0xff, 0xcf, 0x17,
    0xe8, 0x0, 0xfc, 0xcc, 0x0, 0xff, 0xe8, 0xbe,
    0x8, 0x7, 0xd2, 0x40, 0x1f, 0xfd, 0x13, 0xf2,
    0x0, 0xfb, 0x80, 0x3f, 0xfa, 0x43, 0xe2, 0x1,
    0xe3, 0x50, 0xf, 0xfe, 0x91, 0x58, 0x7, 0xd0,
    0x1, 0xff, 0xd3, 0x55, 0x0, 0x78, 0x90, 0x3,
    0xff, 0xa7, 0x0, 0x1f, 0x78, 0x7, 0xff, 0x4c,
    0x94, 0x3, 0xc8, 0x1, 0xff, 0xd4, 0xe0, 0xf,
    0x94, 0x3, 0xff, 0xa6, 0x82, 0x1, 0xec, 0x0,
    0xff, 0xea, 0x20, 0x7, 0x94, 0x3, 0xff, 0xa9,
    0x80, 0x1e, 0x30, 0xf, 0xfe, 0xa2, 0x80, 0x7c,
    0x40, 0x1f, 0xfd, 0x32, 0x0, 0xf9, 0x80, 0x3f,
    0xfa, 0x62, 0x1, 0xf1, 0x0, 0x7f, 0xf5, 0x8,
    0x3, 0xc2, 0x1, 0xff, 0xdb, 0xf0, 0xf, 0xfe,
    0xa0, 0x80, 0x7f, 0xff, 0xc0, 0x3f, 0xfc, 0x2,
    0x1, 0xef, 0x0, 0xff, 0xea, 0x18, 0x7, 0xff,
    0x6c, 0x40, 0x3c, 0x40, 0x1f, 0xfd, 0x31, 0x0,
    0xf9, 0x80, 0x3f, 0xfa, 0x6a, 0x1, 0xf1, 0x0,
    0x7f, 0xf4, 0xcc, 0x3, 0xc2, 0x20, 0xf, 0xfe,
    0x9e, 0x0, 0x79, 0x40, 0x3f, 0xfa, 0x88, 0x1,
    0xe3, 0x0, 0xff, 0xe9, 0xa8, 0x7, 0xd6, 0x1,
    0xff, 0xd3, 0xe0, 0xf, 0x9, 0x80, 0x7f, 0xf4,
    0x8d, 0x0, 0x3c, 0xe0, 0x1f, 0xfd, 0x3f, 0x0,
    0xfa, 0x80, 0x3f, 0xfa, 0x4c, 0x60, 0x1e, 0x33,
    0x0, 0x7f, 0xf4, 0x4a, 0x40, 0x3e, 0x80, 0xf,
    0xfe, 0x89, 0x60, 0x7, 0xc8, 0x80, 0xf, 0xfe,
    0x81, 0xe0, 0x80, 0x7d, 0x40, 0x1f, 0xfd, 0x8,
    0xc1, 0x0, 0xfa, 0x84, 0x3, 0xff, 0x9a, 0x2f,
    0xce, 0x1, 0xf9, 0xd4, 0x3, 0xff, 0x82, 0xc0,
    0x1f, 0x85, 0x1e, 0xfa, 0x4, 0x3, 0xf2, 0xc0,
    0x7, 0xff, 0xa, 0xfb, 0xbe, 0xfe, 0xb8, 0x40,
    0xf, 0xf3, 0xd0, 0x7, 0xff, 0x10, 0x47, 0xe0,
    0xf, 0xfe, 0x14, 0xc0, 0x7, 0xff, 0x61, 0x35,
    0x80, 0x3f, 0xc2, 0x1, 0xff, 0xcc, 0x3b, 0xb1,
    0x0, 0x7f, 0xc8, 0x1, 0xff, 0xc9, 0x27, 0xdc,
    0x40, 0xf, 0xfe, 0xd, 0xa8, 0x80, 0x7f, 0xf0,
    0x44, 0xd5, 0xeb, 0xb6, 0x8, 0x3, 0xff, 0x84,

    /* U+0045 "E" */
    0x1, 0x9e, 0xff, 0xff, 0xe7, 0x58, 0x80, 0x2d,
    0x84, 0x3, 0xff, 0x9c, 0x90, 0x0, 0x40, 0xf,
    0xfe, 0x8a, 0x0, 0x4, 0x3, 0xff, 0xe4, 0xe0,
    0x1f, 0xfd, 0x33, 0x80, 0xf, 0xe8, 0xee, 0xff,
    0xe4, 0x7e, 0x10, 0x7, 0xf2, 0x88, 0xff, 0xf2,
    0x0, 0x3f, 0xff, 0xe0, 0x1f, 0xff, 0xf0, 0xf,
    0xff, 0xf8, 0x7, 0xff, 0xfc, 0x3, 0xff, 0xfe,
    0x1, 0xff, 0xff, 0x0, 0xff, 0xe6, 0x6f, 0xff,
    0xff, 0x17, 0xc, 0x3, 0xff, 0xa6, 0x7c, 0x1,
    0xff, 0xd4, 0x20, 0xf, 0xff, 0xa9, 0x0, 0x7f,
    0xf4, 0xc6, 0x40, 0x3f, 0xf8, 0x39, 0xdd, 0xff,
    0xc6, 0x40, 0xf, 0xfe, 0x8, 0x8f, 0xff, 0x18,
    0x3, 0xff, 0xfe, 0x1, 0xff, 0xff, 0x0, 0xff,
    0xff, 0x80, 0x7f, 0xff, 0xc0, 0x3f, 0xff, 0xe0,
    0x1f, 0xff, 0xf0, 0xf, 0xff, 0xf8, 0x7, 0xff,
    0x19, 0x44, 0x7f, 0xf9, 0x20, 0x1f, 0xf4, 0x77,
    0x7f, 0xf2, 0x7e, 0x80, 0x3f, 0xfa, 0x8a, 0xc0,
    0x1f, 0xfd, 0x4f, 0x1, 0x0, 0xff, 0xea, 0x20,
    0x7, 0xff, 0x4b, 0xc2, 0xd4, 0x40, 0x3f, 0xf9,
    0xc2, 0xcc,

    /* U+0046 "F" */
    0x0, 0xc2, 0x3f, 0xfc, 0xd0, 0xc, 0x37, 0xfd,
    0xdf, 0xfc, 0xdf, 0xc2, 0xb, 0x40, 0xf, 0xfe,
    0x79, 0xc0, 0x28, 0x7, 0xff, 0x45, 0xc0, 0x3f,
    0xfe, 0x6e, 0x1, 0xff, 0xd2, 0x4b, 0x0, 0xfd,
    0x5f, 0xff, 0xfc, 0x9b, 0x10, 0xf, 0xce, 0x1,
    0xff, 0xff, 0x0, 0xff, 0xff, 0x80, 0x7f, 0xff,
    0xc0, 0x3f, 0xff, 0xe0, 0x1f, 0xff, 0xf0, 0xf,
    0xff, 0xf8, 0x7, 0xff, 0xc7, 0x7f, 0xff, 0xf8,
    0xbc, 0xa0, 0x1f, 0xfd, 0x21, 0xa1, 0x0, 0xff,
    0xe9, 0xa8, 0x7, 0xff, 0x4d, 0xc0, 0x3f, 0xfa,
    0x64, 0x1, 0xff, 0xd1, 0x2b, 0x10, 0xf, 0xfb,
    0x7f, 0xff, 0xf8, 0xba, 0x80, 0x1f, 0xff, 0xf0,
    0xf, 0xff, 0xf8, 0x7, 0xff, 0xfc, 0x3, 0xff,
    0xfe, 0x1, 0xff, 0xff, 0x0, 0xff, 0xff, 0x80,
    0x7f, 0xff, 0xc0, 0x3f, 0xff, 0xe0, 0x1f, 0xfe,
    0x11, 0x0, 0xf1, 0x0, 0x7f, 0xf3, 0x20, 0x3,
    0x9c, 0x3, 0xff, 0x9a, 0xdb, 0x31, 0x3b, 0x0,
    0x1f, 0xfc, 0xc0,

    /* U+0047 "G" */
    0x0, 0xff, 0xe3, 0xa, 0xcd, 0xef, 0x7f, 0xdd,
    0xb7, 0x8, 0x1, 0xff, 0xcd, 0x17, 0xce, 0xa6,
    0x42, 0x10, 0x8, 0x49, 0x1e, 0xfe, 0x90, 0x3,
    0xff, 0x90, 0x33, 0xd0, 0x60, 0x1f, 0xfc, 0x35,
    0xbb, 0x10, 0x7, 0xff, 0x15, 0xf9, 0x80, 0x3f,
    0xf9, 0x9, 0xac, 0x1, 0xff, 0xc2, 0x2c, 0x80,
    0xf, 0xfe, 0x64, 0xb8, 0x7, 0xff, 0x0, 0xf0,
    0xc0, 0x3f, 0xf9, 0xd0, 0xa0, 0x1f, 0xe4, 0xc1,
    0x0, 0xfe, 0x15, 0x8a, 0xbc, 0xba, 0x85, 0x20,
    0xf, 0xd0, 0x1, 0xfc, 0x76, 0x1, 0xfc, 0xb9,
    0xd4, 0xea, 0x86, 0x8a, 0xf5, 0xb8, 0xa0, 0x1e,
    0x10, 0xf, 0xc5, 0xa0, 0x1f, 0x93, 0x68, 0xc0,
    0x3f, 0xe3, 0xab, 0x10, 0xd, 0x0, 0x1f, 0xbc,
    0x40, 0x3e, 0x9b, 0x20, 0xf, 0xfe, 0x1a, 0x61,
    0x80, 0x25, 0x0, 0x3e, 0x92, 0x0, 0xfa, 0xd8,
    0x3, 0xff, 0x8c, 0x59, 0xbc, 0xc0, 0x1f, 0x13,
    0x0, 0x7d, 0x48, 0x1, 0xff, 0xc9, 0x21, 0x0,
    0xfd, 0x20, 0x1f, 0x42, 0x80, 0x7f, 0xf4, 0xcd,
    0x0, 0x3c, 0x6e, 0x1, 0xff, 0xd4, 0x90, 0xf,
    0xbc, 0x3, 0xff, 0xa8, 0x2a, 0x1, 0xe5, 0x30,
    0xf, 0xfe, 0xa3, 0x80, 0x7d, 0x20, 0x1f, 0xfd,
    0x5d, 0x0, 0xf1, 0x18, 0x7, 0xff, 0x55, 0x0,
    0x3d, 0x40, 0x1f, 0xfd, 0x53, 0x0, 0xf9, 0x0,
    0x3f, 0xfa, 0xa8, 0x1, 0xf1, 0x80, 0x7f, 0xf5,
    0x78, 0x3, 0xc6, 0x1, 0xff, 0xd6, 0x20, 0xf,
    0x28, 0x7, 0xff, 0x59, 0x80, 0x3d, 0xc0, 0x1f,
    0xfd, 0x62, 0x0, 0xf1, 0x0, 0x7f, 0xf7, 0x44,
    0x3, 0xff, 0xda, 0x79, 0xff, 0xff, 0xc0, 0xec,
    0x30, 0xf, 0xfe, 0x6e, 0x98, 0x7, 0xff, 0x0,
    0x4f, 0x4, 0x3, 0xff, 0x96, 0x42, 0x1, 0xff,
    0xc4, 0x70, 0xf, 0xfe, 0xef, 0x0, 0x7e, 0x20,
    0xf, 0xfe, 0x11, 0x8, 0x7, 0xff, 0x18, 0x80,
    0x3c, 0x20, 0x1f, 0xfc, 0x3a, 0x20, 0xf, 0xfe,
    0x28, 0x80, 0x7b, 0x80, 0x3f, 0xf8, 0x69, 0xbf,
    0xff, 0xac, 0x3, 0xf3, 0x0, 0x79, 0x40, 0x3f,
    0xf9, 0xa8, 0x1, 0xfb, 0x40, 0x3c, 0x40, 0x1f,
    0xfd, 0x63, 0x0, 0xf0, 0x90, 0x7, 0xff, 0x55,
    0x40, 0x3e, 0x50, 0xf, 0xfe, 0xa8, 0x98, 0x7,
    0xac, 0x3, 0xff, 0xac, 0x80, 0x1e, 0x32, 0x0,
    0xff, 0xea, 0xd0, 0x7, 0xd6, 0x1, 0xff, 0xd5,
    0x23, 0x0, 0xf3, 0x8, 0x7, 0xff, 0x56, 0x80,
    0x3e, 0xb0, 0xf, 0xfe, 0xab, 0x10, 0x7, 0x95,
    0x40, 0x1f, 0xfd, 0x58, 0x0, 0xfa, 0x88, 0x3,
    0xff, 0xa8, 0xa8, 0x1, 0xf6, 0x10, 0x7, 0xff,
    0x52, 0x40, 0x3e, 0x1c, 0x40, 0xf, 0xfe, 0x30,
    0x80, 0x7f, 0xf0, 0xa, 0x80, 0x3e, 0x1b, 0x91,
    0x0, 0xff, 0xe1, 0x9e, 0x0, 0x7f, 0xf0, 0x56,
    0x0, 0x3f, 0x37, 0x49, 0x80, 0x7f, 0xc7, 0x58,
    0x40, 0x1f, 0xfc, 0x27, 0x70, 0x7, 0xf3, 0x67,
    0x53, 0xaa, 0x1a, 0x2b, 0x56, 0xe2, 0x80, 0x7e,
    0xf0, 0xf, 0xd1, 0x0, 0xf, 0xf0, 0xac, 0x55,
    0xe5, 0xd4, 0xa9, 0x0, 0x7f, 0x23, 0x80, 0x7f,
    0x3d, 0x80, 0x7f, 0xf4, 0x1a, 0xc0, 0x3f, 0xe4,
    0xe4, 0x0, 0xff, 0xe6, 0xd, 0x48, 0x7, 0xff,
    0x4, 0x6e, 0xc6, 0x1, 0xff, 0xc8, 0x18, 0xe5,
    0x0, 0xff, 0xe2, 0x26, 0x61, 0x80, 0x3f, 0xf8,
    0x89, 0x3c, 0xe0, 0x1f, 0xfc, 0x83, 0x9f, 0xc8,
    0x53, 0x10, 0xc, 0x26, 0xb1, 0x7f, 0x6c, 0x1,
    0xf0,

    /* U+0048 "H" */
    0x0, 0xff, 0xee, 0x8d, 0x77, 0xf5, 0x90, 0x7,
    0xff, 0x36, 0x37, 0xfd, 0x88, 0x0, 0xd5, 0x10,
    0x14, 0xc0, 0xf, 0xfe, 0x63, 0x39, 0x0, 0xe,
    0xc4, 0xc, 0x3, 0x84, 0x40, 0x1f, 0xfc, 0xbc,
    0x0, 0xf2, 0x0, 0x7e, 0x30, 0xf, 0xff, 0xf8,
    0x7, 0xff, 0xfc, 0x3, 0xff, 0xfe, 0x1, 0xff,
    0xff, 0x0, 0xff, 0xff, 0x80, 0x7f, 0xff, 0xc0,
    0x3f, 0xff, 0xe0, 0x1f, 0xff, 0xf0, 0xf, 0xff,
    0xf8, 0x7, 0xff, 0xfc, 0x3, 0xfb, 0x7f, 0xff,
    0xf9, 0x6a, 0x1, 0xff, 0xff, 0x0, 0xff, 0xff,
    0x80, 0x7f, 0xfd, 0x6f, 0x77, 0xff, 0x96, 0x80,
    0x1f, 0xfc, 0x36, 0x22, 0xff, 0xe5, 0x88, 0x7,
    0xff, 0xfc, 0x3, 0xff, 0xfe, 0x1, 0xff, 0xff,
    0x0, 0xff, 0xff, 0x80, 0x7f, 0xff, 0xc0, 0x3f,
    0xff, 0xe0, 0x1f, 0xff, 0xf0, 0xf, 0xff, 0xf8,
    0x7, 0xff, 0xfc, 0x3, 0xff, 0xfe, 0x1, 0xff,
    0xf5, 0x30, 0xf, 0xfe, 0xa2, 0x0, 0x71, 0x8,
    0x7, 0xff, 0x2f, 0x0, 0x3c, 0x81, 0x4c, 0x20,
    0x2b, 0xe0, 0x1f, 0xfc, 0xc6, 0x82, 0x1, 0x3b,
    0x10,

    /* U+0049 "I" */
    0x0, 0xff, 0xd, 0x77, 0xf5, 0x90, 0x3, 0x54,
    0x40, 0x53, 0xc0, 0x6, 0x1, 0xc4, 0x20, 0x1f,
    0x8c, 0x3, 0xff, 0xfe, 0x1, 0xff, 0xff, 0x0,
    0xff, 0xff, 0x80, 0x7f, 0xff, 0xc0, 0x3f, 0xff,
    0xe0, 0x1f, 0xfe, 0x33, 0x4, 0x0, 0xe2, 0x10,
    0xa6, 0x10, 0x15, 0xf0,

    /* U+004A "J" */
    0x0, 0xff, 0xe5, 0x1d, 0xf7, 0xec, 0x0, 0x7f,
    0xf2, 0x87, 0x10, 0x40, 0x9e, 0x0, 0x3f, 0xf9,
    0x2a, 0x1, 0xe3, 0x0, 0xff, 0xe4, 0x88, 0x7,
    0x9c, 0x3, 0xff, 0xfe, 0x1, 0xff, 0xff, 0x0,
    0xff, 0xff, 0x80, 0x7f, 0xff, 0xc0, 0x3f, 0xff,
    0xe0, 0x1f, 0xff, 0xf0, 0xf, 0xff, 0xf8, 0x7,
    0xff, 0xfc, 0x3, 0xff, 0xfe, 0x1, 0xff, 0xff,
    0x0, 0xff, 0xff, 0x80, 0x7f, 0xff, 0xc0, 0x3f,
    0xff, 0xe0, 0x1f, 0xfd, 0x43, 0x0, 0xf3, 0x80,
    0x7f, 0xf2, 0x44, 0x3, 0xc2, 0x1, 0xff, 0xc9,
    0xe0, 0xf, 0x18, 0x7, 0xff, 0x25, 0x40, 0x3d,
    0xe0, 0x1f, 0xfc, 0x81, 0x30, 0xf, 0x28, 0xc,
    0xf6, 0xa0, 0x7, 0xff, 0x9, 0xc0, 0x3e, 0x31,
    0xc6, 0x12, 0xb2, 0x0, 0xff, 0xe0, 0xc0, 0x7,
    0x90, 0x2c, 0x80, 0x37, 0x80, 0x7f, 0xf0, 0x28,
    0x40, 0x3d, 0xe0, 0x20, 0x1c, 0x5a, 0x80, 0x1f,
    0x8a, 0xd4, 0x3, 0xc4, 0x81, 0xa0, 0x1e, 0x2b,
    0xd8, 0x64, 0x42, 0xbd, 0xea, 0x0, 0x7d, 0x0,
    0x6, 0x20, 0xf, 0x89, 0xe6, 0xed, 0x50, 0x80,
    0x1f, 0x95, 0x40, 0x17, 0x0, 0x7f, 0xf2, 0x86,
    0xc0, 0x31, 0xd8, 0x7, 0xff, 0x20, 0x70, 0x40,
    0x39, 0x34, 0xc0, 0x3f, 0xf8, 0xa7, 0xe4, 0x1,
    0xf1, 0x65, 0x18, 0x7, 0xff, 0x4, 0xa7, 0x4,
    0x3, 0xfc, 0xb9, 0xb2, 0xc6, 0x20, 0x18, 0x92,
    0x33, 0x58, 0x3, 0xe0,

    /* U+004B "K" */
    0x0, 0xff, 0xee, 0x8d, 0x77, 0xf5, 0x90, 0x7,
    0xff, 0x24, 0x5f, 0x3b, 0xfd, 0xcc, 0x1, 0xb5,
    0x44, 0x5, 0x3c, 0x3, 0xff, 0x90, 0x7f, 0x6,
    0x20, 0x1, 0xd0, 0xc, 0x60, 0x1c, 0x42, 0x1,
    0xff, 0xc6, 0x2d, 0x10, 0xe, 0x1a, 0x0, 0xff,
    0x8c, 0x3, 0xff, 0x8d, 0xe2, 0x1, 0xed, 0x10,
    0xf, 0xfe, 0x8d, 0x90, 0x7, 0xa4, 0xc0, 0x3f,
    0xfa, 0x32, 0x80, 0x1e, 0x76, 0x0, 0xff, 0xe8,
    0xb3, 0x0, 0x3c, 0x90, 0x1, 0xff, 0xd1, 0x49,
    0x0, 0xf1, 0x50, 0x7, 0xff, 0x44, 0xac, 0x3,
    0xef, 0x10, 0xf, 0xfe, 0x80, 0xf8, 0x7, 0xd6,
    0x40, 0x1f, 0xfd, 0x1d, 0x20, 0xf, 0x42, 0x0,
    0x7f, 0xf4, 0x68, 0xc0, 0x3c, 0xce, 0x1, 0xff,
    0xd1, 0x75, 0x0, 0xf1, 0xc8, 0x7, 0xff, 0x45,
    0x60, 0x3, 0xc3, 0xa0, 0x1f, 0xfd, 0x13, 0xa0,
    0xf, 0xb4, 0x40, 0x3f, 0xfa, 0x3, 0xa0, 0x1f,
    0x51, 0x80, 0x7f, 0xf4, 0x74, 0x40, 0x3c, 0xea,
    0x1, 0xff, 0xd1, 0xa3, 0x0, 0xf2, 0xc0, 0x7,
    0xff, 0x46, 0x14, 0x3, 0xc5, 0x40, 0x1f, 0xfd,
    0x15, 0x70, 0xf, 0xe, 0x0, 0x7f, 0xf4, 0x4e,
    0x80, 0x3e, 0x71, 0x0, 0xff, 0xe8, 0xe, 0x80,
    0x7e, 0x62, 0x0, 0xff, 0xe8, 0x60, 0x80, 0x7f,
    0x48, 0x7, 0xff, 0x3e, 0xc8, 0x3, 0xfc, 0x8a,
    0x1, 0xff, 0xcd, 0x84, 0x0, 0xff, 0xe0, 0x58,
    0x7, 0xff, 0x32, 0x9c, 0x3, 0xff, 0x82, 0x30,
    0x1, 0xff, 0xcb, 0x70, 0xf, 0xa5, 0x80, 0x3c,
    0xe2, 0x1, 0xff, 0xd1, 0x76, 0x81, 0x0, 0xf5,
    0x80, 0x7f, 0xf4, 0x16, 0x0, 0x60, 0x3, 0xca,
    0x80, 0x1f, 0xfc, 0xe3, 0xa0, 0x9, 0x88, 0x3,
    0xd2, 0x1, 0xff, 0xcd, 0x1d, 0x0, 0xe9, 0x0,
    0xf1, 0x30, 0x7, 0xff, 0x33, 0x4, 0x3, 0x91,
    0x0, 0x1e, 0x81, 0x0, 0xff, 0xe5, 0x59, 0x0,
    0x7d, 0x20, 0x1e, 0x18, 0x0, 0xff, 0xe4, 0xc2,
    0x0, 0x7e, 0x27, 0x0, 0xf3, 0x18, 0x7, 0xff,
    0x1d, 0x9c, 0x3, 0xfd, 0x2, 0x1, 0xef, 0x0,
    0xff, 0xe3, 0x24, 0x80, 0x7f, 0xf0, 0x20, 0x3,
    0xc6, 0xa0, 0x1f, 0xfc, 0x59, 0x0, 0xff, 0xe0,
    0xb1, 0x80, 0x7a, 0xc0, 0x3f, 0xfa, 0x9e, 0x1,
    0xe1, 0x80, 0xf, 0xfe, 0x99, 0xa8, 0x7, 0x9c,
    0x80, 0x3f, 0xfa, 0x76, 0x1, 0xf4, 0x80, 0x7f,
    0xf4, 0xc6, 0x0, 0x3c, 0x88, 0x0, 0xff, 0xe9,
    0xb8, 0x80, 0x7a, 0x40, 0x3f, 0xfa, 0x96, 0x1,
    0xe2, 0x70, 0xf, 0xfe, 0x9a, 0x98, 0x7, 0xa0,
    0x40, 0x3f, 0xfa, 0x7c, 0x1, 0xf5, 0x80, 0x7f,
    0xf4, 0xc9, 0x80, 0x3c, 0xa6, 0x1, 0xff, 0xd3,
    0x81, 0x0, 0xf7, 0x80, 0x7f, 0xf4, 0xc6, 0x40,
    0x3c, 0x6c, 0x1, 0xff, 0xd3, 0x72, 0x0, 0xf4,
    0x8, 0x7, 0xff, 0x4e, 0x40, 0x3c, 0x30, 0x1,
    0xfc, 0x60, 0x1f, 0xfc, 0x94, 0x40, 0x7, 0x98,
    0x81, 0x0, 0x38, 0x84, 0x3, 0xff, 0x95, 0x44,
    0x1, 0xea, 0xa, 0x61, 0x1, 0x5f, 0x0, 0xff,
    0xe5, 0x8e, 0xc1, 0x88, 0xa, 0x50,

    /* U+004C "L" */
    0x1, 0xae, 0xfe, 0xa2, 0x0, 0xff, 0xe6, 0xea,
    0x88, 0xa, 0xf8, 0x7, 0xff, 0x34, 0xc0, 0x38,
    0x84, 0x3, 0xff, 0xa6, 0x60, 0x1f, 0xff, 0xf0,
    0xf, 0xff, 0xf8, 0x7, 0xff, 0xfc, 0x3, 0xff,
    0xfe, 0x1, 0xff, 0xff, 0x0, 0xff, 0xff, 0x80,
    0x7f, 0xff, 0xc0, 0x3f, 0xff, 0xe0, 0x1f, 0xff,
    0xf0, 0xf, 0xff, 0xf8, 0x7, 0xff, 0xfc, 0x3,
    0xff, 0xfe, 0x1, 0xff, 0xff, 0x0, 0xff, 0xff,
    0x80, 0x7f, 0xff, 0xc0, 0x3f, 0xff, 0xe0, 0x1f,
    0xff, 0xf0, 0xf, 0xff, 0xf8, 0x7, 0xff, 0x35,
    0x44, 0x7f, 0xf9, 0x0, 0x1f, 0xf4, 0x77, 0x7f,
    0xf2, 0x50, 0x3, 0xff, 0xa4, 0x34, 0x1, 0xff,
    0xd3, 0x11, 0x0, 0x80, 0x7f, 0xf4, 0x44, 0x10,
    0x3, 0xff, 0xa0, 0x40, 0xb, 0x51, 0x0, 0xff,
    0xe6, 0x9f, 0x0,

    /* U+004D "M" */
    0x0, 0xff, 0xf1, 0x8d, 0x77, 0xfd, 0xd0, 0x1,
    0xff, 0xd0, 0x4c, 0xff, 0xda, 0x80, 0xb, 0x51,
    0x0, 0x85, 0xec, 0x3, 0xff, 0x9c, 0x96, 0x60,
    0x18, 0xac, 0x41, 0x0, 0x3e, 0x43, 0x0, 0xff,
    0xe6, 0xc0, 0x7, 0xe4, 0x1, 0x0, 0xfd, 0x20,
    0x1f, 0xfc, 0xc2, 0x30, 0xf, 0xc4, 0x1, 0xfe,
    0x50, 0xf, 0xfe, 0x65, 0x0, 0x7f, 0xf2, 0x54,
    0x3, 0xff, 0x96, 0xc0, 0x1f, 0xfc, 0x9e, 0x0,
    0xff, 0xe5, 0x18, 0x80, 0x7f, 0xf2, 0x50, 0x40,
    0x3f, 0xf9, 0x34, 0x1, 0xff, 0xcb, 0x60, 0xf,
    0xfe, 0x4b, 0x80, 0x7f, 0xf2, 0xe8, 0x3, 0xff,
    0x90, 0x82, 0x1, 0xff, 0xc6, 0x40, 0xc, 0x46,
    0x1, 0xff, 0xc7, 0xe0, 0xe, 0x30, 0xf, 0xfe,
    0xf, 0x0, 0x75, 0x0, 0x7f, 0xf1, 0xd4, 0x3,
    0x13, 0x0, 0x7f, 0xf0, 0x5c, 0x40, 0x33, 0x80,
    0x7f, 0xf1, 0x94, 0x3, 0xa8, 0x40, 0x3f, 0xf8,
    0x4c, 0x1, 0x85, 0x0, 0x3f, 0xf8, 0xbe, 0x1,
    0xcc, 0xe0, 0x1f, 0xfc, 0x11, 0xb0, 0xe, 0xe0,
    0xf, 0xfe, 0x2a, 0x80, 0x64, 0x11, 0x0, 0x7f,
    0xf0, 0x8c, 0x80, 0x32, 0x88, 0x7, 0xff, 0xd,
    0x80, 0x3b, 0x80, 0xc0, 0x3f, 0xf8, 0x2e, 0x14,
    0x1, 0xce, 0x1, 0xff, 0xc3, 0xd0, 0xe, 0x50,
    0x10, 0xf, 0xfe, 0x1b, 0x0, 0x75, 0x0, 0x7f,
    0xf0, 0x85, 0x0, 0x32, 0x80, 0x7f, 0xf1, 0x4,
    0x4, 0xc0, 0x31, 0x90, 0x7, 0xff, 0x5, 0xc0,
    0x3b, 0x80, 0x3f, 0xf8, 0xf4, 0x1, 0xd4, 0x1,
    0xff, 0xc1, 0xa0, 0xc, 0x28, 0x2, 0x1, 0xff,
    0xc2, 0x30, 0x3, 0x0, 0x73, 0x0, 0x7f, 0xf0,
    0x8, 0xc0, 0x33, 0x0, 0xc, 0x3, 0xff, 0x8c,
    0xa0, 0x18, 0x50, 0x3, 0xfe, 0x50, 0xe, 0xa0,
    0xf, 0xfe, 0x4f, 0x0, 0x76, 0x80, 0x7f, 0xd4,
    0x1, 0x8c, 0x80, 0x2, 0x1, 0xff, 0xc6, 0x41,
    0x0, 0xcc, 0x1, 0xfe, 0x22, 0x0, 0x6a, 0x0,
    0xff, 0xe3, 0x8, 0x6, 0x70, 0xe, 0x50, 0xf,
    0xea, 0x0, 0xe7, 0x0, 0xff, 0xe5, 0xd0, 0x7,
    0x70, 0x7, 0xf2, 0x80, 0x65, 0x10, 0xf, 0xfe,
    0x59, 0x90, 0x6, 0x41, 0x0, 0xf8, 0xc8, 0x3,
    0x78, 0x7, 0xff, 0x35, 0x40, 0x39, 0x80, 0x3e,
    0xa0, 0xc, 0x2a, 0x1, 0xff, 0xcd, 0xa0, 0xe,
    0xa0, 0xf, 0x9c, 0x3, 0x38, 0x7, 0xff, 0x38,
    0x8c, 0x3, 0x11, 0x80, 0x72, 0x8, 0x6, 0xa0,
    0xf, 0xfe, 0x7d, 0x0, 0x75, 0x0, 0x76, 0x80,
    0x62, 0x30, 0xf, 0xfe, 0x7b, 0x80, 0x73, 0x80,
    0x73, 0x0, 0x6a, 0x0, 0xff, 0xe8, 0xa, 0x0,
    0x61, 0x40, 0x9, 0x40, 0x39, 0x80, 0x3f, 0xfa,
    0x3c, 0x1, 0xdc, 0x1, 0x78, 0x6, 0x41, 0x0,
    0xff, 0xe8, 0xa8, 0x7, 0x28, 0x80, 0x14, 0x3,
    0x68, 0x7, 0xff, 0x4d, 0x80, 0x39, 0xc1, 0x40,
    0x39, 0x80, 0x3f, 0xfa, 0x7a, 0x1, 0xd4, 0x1c,
    0x1, 0x94, 0x3, 0xff, 0xa8, 0x82, 0x1, 0x8c,
    0xc8, 0x1, 0xb8, 0x3, 0xff, 0xaa, 0xc0, 0x1d,
    0xa0, 0x18, 0x50, 0x3, 0xff, 0xab, 0x40, 0x1c,
    0x20, 0x19, 0x80, 0x3f, 0xfa, 0xc4, 0x60, 0x1f,
    0xd4, 0x1, 0xff, 0xd7, 0xb0, 0xf, 0xc6, 0x40,
    0x1f, 0xfd, 0x76, 0x0, 0xfd, 0x60, 0x1f, 0xfd,
    0x81, 0x40, 0xf, 0x98, 0x3, 0xff, 0xb3, 0xc0,
    0x1e, 0x41, 0x0, 0xff, 0xec, 0xa8, 0x7, 0xbc,
    0x3, 0xff, 0xb6, 0xe0, 0x19, 0x90, 0x3, 0xff,
    0xb7, 0x12, 0xad, 0x72, 0x1, 0xff, 0xdd, 0x6a,
    0x94, 0x0, 0xff, 0xff, 0x8, 0x7, 0xff, 0x48,
    0x40, 0x3f, 0x18, 0x7, 0x28, 0x7, 0xff, 0x48,
    0x84, 0x3, 0x90, 0x39, 0x4, 0xa, 0x8c, 0x3,
    0xff, 0xa7, 0xa8, 0x20, 0x52, 0x60,

    /* U+004E "N" */
    0x0, 0xff, 0xee, 0xd, 0x77, 0xfb, 0xa4, 0x40,
    0x3f, 0xf9, 0x93, 0xdf, 0xeb, 0x20, 0xb5, 0x10,
    0x0, 0xb6, 0x8, 0x7, 0xff, 0x2a, 0x18, 0x40,
    0x9, 0xc0, 0x80, 0x1e, 0x2b, 0x0, 0xff, 0xe5,
    0x18, 0x7, 0x18, 0x8, 0x7, 0xca, 0x60, 0x1f,
    0xfc, 0x97, 0x0, 0xff, 0xe2, 0x78, 0x7, 0xff,
    0x68, 0xd4, 0x3, 0xff, 0xb5, 0x60, 0x1f, 0xfd,
    0xa1, 0x80, 0xf, 0xfe, 0xd3, 0x88, 0x7, 0xff,
    0x6a, 0xc0, 0x3f, 0xfa, 0x8e, 0x1, 0xca, 0x60,
    0x1f, 0xfd, 0x3c, 0x40, 0xe, 0xf0, 0xf, 0xfe,
    0x98, 0xc8, 0x7, 0x1a, 0x80, 0x7f, 0xf4, 0xc9,
    0x80, 0x3a, 0xc0, 0x3f, 0xfa, 0x46, 0x10, 0x20,
    0x18, 0x60, 0x3, 0xff, 0xa6, 0x32, 0x1, 0xce,
    0x40, 0x1f, 0xfd, 0x1, 0x0, 0x39, 0x0, 0x74,
    0x0, 0x7f, 0xf4, 0x3c, 0x2, 0x90, 0xe, 0x53,
    0x0, 0xff, 0xe9, 0xa2, 0x0, 0x3b, 0xc0, 0x3f,
    0xf9, 0xe2, 0x1, 0xa4, 0x3, 0x8d, 0x80, 0x3f,
    0xfa, 0x64, 0xc0, 0x1d, 0x0, 0x1f, 0xfc, 0xe3,
    0x0, 0xe8, 0x0, 0xe1, 0x80, 0xf, 0xfe, 0x98,
    0xc0, 0x7, 0x39, 0x0, 0x7f, 0xf3, 0x4, 0x3,
    0xce, 0x40, 0x1d, 0x0, 0x1f, 0xfc, 0xc7, 0x0,
    0xfa, 0x0, 0x39, 0x50, 0x3, 0xff, 0xa6, 0xa6,
    0x1, 0xd2, 0x1, 0xff, 0xd4, 0xf0, 0xe, 0x26,
    0x0, 0xff, 0xe9, 0x9a, 0x80, 0x74, 0x0, 0x7e,
    0x70, 0xf, 0xfe, 0x5d, 0x80, 0x70, 0xc0, 0x7,
    0xff, 0x4c, 0x60, 0x3, 0x9c, 0x80, 0x3f, 0xfa,
    0x6e, 0x20, 0x1d, 0x20, 0x1e, 0x10, 0xf, 0xfe,
    0x6d, 0x80, 0x72, 0x20, 0x3, 0xff, 0xa6, 0xa6,
    0x1, 0xd2, 0x1, 0xc6, 0x1, 0xff, 0xce, 0xf0,
    0xe, 0x26, 0x0, 0xc2, 0x1, 0xff, 0xce, 0x35,
    0x0, 0xe8, 0x10, 0xb, 0xc0, 0x3f, 0xf9, 0xf6,
    0x1, 0xc3, 0x0, 0x1f, 0xfd, 0x31, 0x70, 0xe,
    0x62, 0x0, 0x8, 0x7, 0xff, 0x42, 0x4, 0x3,
    0xa4, 0x0, 0x60, 0x1f, 0xfd, 0x18, 0x0, 0xe4,
    0x40, 0x8, 0x7, 0xff, 0x45, 0x8c, 0x3, 0xa4,
    0x1c, 0x3, 0xff, 0xa5, 0x0, 0x1c, 0x4c, 0x20,
    0x1f, 0xfd, 0x24, 0x50, 0xe, 0x80, 0xf, 0xfe,
    0xa4, 0x0, 0x70, 0xd8, 0x7, 0xff, 0x4c, 0x9c,
    0x3, 0x98, 0x3, 0xff, 0xa9, 0x2, 0x1, 0xff,
    0xda, 0x80, 0xf, 0xfe, 0xd3, 0x10, 0x7, 0xff,
    0x6a, 0x40, 0x3f, 0xfb, 0x48, 0x80, 0xf, 0xfe,
    0xd4, 0x80, 0x7f, 0xf6, 0x89, 0xc0, 0x3e, 0x10,
    0x30, 0xe, 0x40, 0xf, 0xfe, 0x54, 0x18, 0x7,
    0x9c, 0x39, 0x4, 0x5, 0xa0, 0x3, 0xff, 0x97,
    0x8e, 0x40, 0x1, 0x69,

    /* U+004F "O" */
    0x0, 0xff, 0xe2, 0x9b, 0x56, 0x77, 0xfd, 0xdb,
    0x70, 0x80, 0x1f, 0xfd, 0x31, 0x8d, 0xc9, 0x53,
    0x10, 0x8, 0x49, 0x1e, 0xfe, 0x90, 0x3, 0xff,
    0x9c, 0x33, 0xce, 0x40, 0x1f, 0xfc, 0x25, 0xbd,
    0x40, 0xf, 0xfe, 0x5b, 0x73, 0x0, 0x7f, 0xf1,
    0xca, 0xe8, 0x40, 0x3f, 0xf9, 0x15, 0x20, 0x1f,
    0xfc, 0xb5, 0xf3, 0x0, 0xff, 0xe2, 0x8e, 0x28,
    0x7, 0xff, 0x34, 0x71, 0x40, 0x3f, 0xf8, 0x98,
    0x60, 0x1f, 0xc4, 0xd3, 0x77, 0x4b, 0x98, 0x7,
    0xfa, 0x90, 0x3, 0xff, 0x85, 0x84, 0x1, 0xf9,
    0xb7, 0x52, 0xc8, 0x93, 0x46, 0x74, 0x8, 0x7,
    0xeb, 0x30, 0xf, 0xfe, 0x4, 0x98, 0x7, 0xc5,
    0x92, 0x40, 0x1f, 0xc2, 0xfc, 0xe0, 0x1f, 0xb4,
    0x40, 0x3f, 0xc8, 0xc0, 0x1f, 0x2e, 0x98, 0x7,
    0xff, 0xa, 0x28, 0x3, 0xe1, 0xa0, 0xf, 0xf5,
    0x0, 0x7c, 0xb4, 0x1, 0xff, 0xc5, 0x5b, 0x0,
    0xf9, 0x14, 0x3, 0xf4, 0x8, 0x7, 0x8e, 0x80,
    0x3f, 0xf8, 0xe9, 0x40, 0x1f, 0x58, 0x7, 0xc2,
    0xe0, 0x1f, 0x70, 0x7, 0xff, 0x25, 0x54, 0x1,
    0xe1, 0x60, 0xf, 0x30, 0x7, 0xd2, 0x40, 0x1f,
    0xfc, 0xab, 0x10, 0xf, 0x58, 0x7, 0xa4, 0x3,
    0xc4, 0xc0, 0x1f, 0xfc, 0xb1, 0x90, 0xf, 0x12,
    0x0, 0x64, 0x10, 0xf, 0x58, 0x7, 0xff, 0x35,
    0xc4, 0x3, 0xdc, 0x1, 0xb4, 0x3, 0xe6, 0x0,
    0xff, 0xe7, 0x38, 0x7, 0x94, 0x3, 0x20, 0x7,
    0x94, 0x3, 0xff, 0x9f, 0x40, 0x1f, 0x18, 0x0,
    0x48, 0x3, 0xde, 0x1, 0xff, 0xcf, 0x31, 0x0,
    0xf5, 0x80, 0x10, 0x3, 0xe4, 0x0, 0xff, 0xe8,
    0x20, 0x7, 0x8c, 0x1, 0xa0, 0x1e, 0x21, 0x0,
    0xff, 0xe8, 0x68, 0x7, 0x94, 0x0, 0x40, 0x1e,
    0x60, 0xf, 0xfe, 0x89, 0x80, 0x78, 0x40, 0xc,
    0x1, 0xe3, 0x0, 0xff, 0xe8, 0xb0, 0x7, 0xc4,
    0x4, 0x1, 0xef, 0x0, 0xff, 0xe8, 0x90, 0x7,
    0xcc, 0x2, 0x1, 0xe2, 0x0, 0xff, 0xe9, 0x8,
    0x7, 0x84, 0x3, 0xf0, 0x80, 0x7f, 0xff, 0xc0,
    0x6, 0x1, 0xe3, 0x0, 0xff, 0xff, 0x80, 0x7f,
    0xfd, 0x4c, 0x3, 0xf1, 0x0, 0x7f, 0xf4, 0x88,
    0x3, 0xf1, 0x0, 0x78, 0x40, 0x3f, 0xfb, 0x2c,
    0x2, 0x1, 0xee, 0x0, 0xff, 0xe8, 0x90, 0x7,
    0xc2, 0xc, 0x1, 0xe2, 0x0, 0xff, 0xe8, 0xb8,
    0x7, 0xc4, 0x1a, 0x1, 0xe5, 0x0, 0xff, 0xe8,
    0x90, 0x7, 0x88, 0x0, 0x60, 0x1e, 0x12, 0x0,
    0xff, 0xe8, 0x60, 0x7, 0x9c, 0x0, 0xa0, 0x1f,
    0x20, 0x7, 0xff, 0x41, 0x0, 0x3d, 0xa0, 0x1,
    0x30, 0xf, 0x68, 0x7, 0xff, 0x3d, 0x0, 0x3e,
    0x50, 0x9, 0x0, 0x3c, 0x82, 0x1, 0xff, 0xce,
    0xe0, 0xf, 0x9, 0x0, 0x54, 0x1, 0xf4, 0x80,
    0x7f, 0xf3, 0x45, 0x40, 0x3c, 0xc0, 0x18, 0x88,
    0x1, 0xe6, 0x0, 0xff, 0xe6, 0xc0, 0x7, 0xd6,
    0x1, 0xd6, 0x1, 0xe1, 0x80, 0xf, 0xfe, 0x59,
    0x30, 0x7, 0x8c, 0xc0, 0x1c, 0xc2, 0x1, 0xe7,
    0x30, 0xf, 0xfe, 0x57, 0x0, 0x7d, 0x20, 0x1f,
    0x40, 0x7, 0xdc, 0x20, 0x1f, 0xfc, 0x88, 0x30,
    0xf, 0x1a, 0x80, 0x7c, 0xc4, 0x1, 0xe2, 0xa0,
    0xf, 0xfe, 0x3a, 0xb8, 0x7, 0xde, 0x1, 0xfd,
    0xc0, 0x1f, 0x25, 0x88, 0x7, 0xff, 0x11, 0xa8,
    0x3, 0xe6, 0x30, 0xf, 0xe3, 0x80, 0xf, 0x93,
    0xc, 0x3, 0xff, 0x82, 0x33, 0x20, 0xf, 0x8a,
    0x40, 0x3f, 0xe7, 0x50, 0xf, 0x8b, 0x28, 0xc0,
    0x3f, 0x85, 0xfd, 0x80, 0x3e, 0x1f, 0x0, 0xff,
    0xe0, 0xd2, 0x0, 0x7e, 0x5c, 0xd9, 0x64, 0x34,
    0x58, 0xbe, 0x81, 0x0, 0xfd, 0xa4, 0x1, 0xff,
    0xc2, 0xb4, 0x0, 0xfe, 0x26, 0x9b, 0xcb, 0xa7,
    0x40, 0xf, 0xf5, 0x98, 0x7, 0xff, 0x12, 0xd8,
    0x3, 0xff, 0x9a, 0x5a, 0x80, 0x1f, 0xfc, 0x69,
    0xa1, 0x0, 0xff, 0xe5, 0x2e, 0x90, 0x7, 0xff,
    0x21, 0x7d, 0x80, 0x3f, 0xf8, 0xe7, 0x74, 0x1,
    0xff, 0xcb, 0x19, 0xe8, 0x20, 0xf, 0xfe, 0x12,
    0xde, 0x20, 0x7, 0xff, 0x38, 0x5f, 0x75, 0x2a,
    0x62, 0x1, 0x9, 0x23, 0xdf, 0xd2, 0x0, 0x7f,
    0xf0, 0x80,

    /* U+0050 "P" */
    0x1, 0x9e, 0xff, 0xff, 0xe1, 0x76, 0xe5, 0x42,
    0x90, 0x7, 0xff, 0x6, 0xd8, 0x40, 0x3f, 0xf8,
    0x42, 0x46, 0xaf, 0x5b, 0xa8, 0x30, 0xf, 0xf2,
    0x0, 0x7f, 0xf2, 0xc9, 0xf2, 0xcc, 0x3, 0xf0,
    0x80, 0x7f, 0xf3, 0x93, 0x24, 0x3, 0xff, 0xb0,
    0xd8, 0x20, 0x1f, 0xfc, 0x11, 0x1f, 0xc0, 0x1f,
    0xfc, 0x23, 0xd0, 0xf, 0xfe, 0x5, 0xf7, 0x7e,
    0xff, 0x75, 0xca, 0x80, 0x7f, 0x1d, 0x0, 0x7f,
    0xcc, 0x1, 0xfe, 0x14, 0x6a, 0xfa, 0x20, 0xf,
    0x95, 0x0, 0x3f, 0xf9, 0xcb, 0xac, 0x1, 0xf4,
    0x0, 0x7f, 0xf4, 0x25, 0x80, 0x3c, 0x66, 0x0,
    0xff, 0xe8, 0x40, 0x80, 0x7a, 0xc0, 0x3f, 0xfa,
    0x3, 0x20, 0x1e, 0x40, 0xf, 0xfe, 0x8a, 0x0,
    0x78, 0xc0, 0x3f, 0xfa, 0x26, 0x1, 0xf0, 0x80,
    0x7f, 0xf4, 0x48, 0x3, 0xc6, 0x1, 0xff, 0xd1,
    0x10, 0xf, 0x8, 0x7, 0xff, 0x44, 0x40, 0x3f,
    0xfb, 0x6, 0x1, 0xe1, 0x0, 0xff, 0xe8, 0x8,
    0x80, 0x3c, 0x60, 0x1f, 0xfd, 0x4, 0x0, 0xf0,
    0x88, 0x3, 0xff, 0xa1, 0xc0, 0x1e, 0x50, 0xf,
    0xfe, 0x81, 0xa0, 0x7, 0xb4, 0x3, 0xff, 0x9e,
    0x3a, 0x1, 0xf3, 0x80, 0x7f, 0xf3, 0x8b, 0x4,
    0x3, 0xcc, 0x20, 0x1f, 0xfc, 0xd7, 0xd2, 0x0,
    0xf0, 0xc0, 0x7, 0xff, 0x28, 0x9a, 0xbe, 0x0,
    0x3f, 0x58, 0x80, 0x7f, 0xbf, 0x33, 0xed, 0xd7,
    0x7e, 0xca, 0x80, 0x7f, 0x42, 0x80, 0x7f, 0xc4,
    0x67, 0xf1, 0x10, 0x40, 0x3f, 0xf8, 0x12, 0xe0,
    0x1f, 0xfd, 0x52, 0xc6, 0x0, 0xff, 0xea, 0xc,
    0x69, 0x80, 0x7f, 0xf4, 0xd2, 0xb9, 0xc0, 0x3f,
    0xf9, 0xe2, 0x6b, 0x17, 0xf6, 0xa0, 0x1f, 0xfc,
    0x6d, 0xff, 0xff, 0x76, 0x53, 0xa0, 0x7, 0xff,
    0xfc, 0x3, 0xff, 0xfe, 0x1, 0xff, 0xff, 0x0,
    0xff, 0xff, 0x80, 0x7f, 0xff, 0xc0, 0x3f, 0xff,
    0xe0, 0x1f, 0xff, 0xf0, 0xf, 0xff, 0xf8, 0x7,
    0xff, 0x98, 0xc0, 0x3f, 0xfa, 0x28, 0x1, 0xc4,
    0x20, 0x1f, 0xfd, 0x1a, 0x61, 0x1, 0x5f, 0x0,
    0xff, 0xe8, 0x80,

    /* U+0051 "Q" */
    0x0, 0xff, 0xe2, 0x93, 0x4e, 0x77, 0xfd, 0xdb,
    0x70, 0x80, 0x1f, 0xfd, 0x42, 0x8e, 0xd9, 0x63,
    0x10, 0x8, 0x49, 0x1e, 0xfe, 0xd4, 0x3, 0xff,
    0x9e, 0x53, 0xae, 0x20, 0x1f, 0xfc, 0x24, 0xad,
    0x50, 0xf, 0xfe, 0x63, 0x6b, 0x0, 0x7f, 0xf1,
    0xca, 0xac, 0x40, 0x3f, 0xf9, 0x37, 0x20, 0x1f,
    0xfc, 0xb4, 0xf3, 0x0, 0xff, 0xe3, 0xe, 0xa0,
    0x7, 0xff, 0x34, 0x71, 0x40, 0x3f, 0xf8, 0x83,
    0x84, 0x1, 0xfc, 0x4d, 0x37, 0x97, 0x4e, 0x80,
    0x1f, 0xea, 0x40, 0xf, 0xfe, 0x1e, 0x10, 0x7,
    0xe6, 0xdd, 0x4b, 0x21, 0xa2, 0xc5, 0xfc, 0x88,
    0x7, 0xeb, 0x30, 0xf, 0xfe, 0xd, 0x10, 0x7,
    0xc7, 0xb2, 0x40, 0x1f, 0xe6, 0xe7, 0x0, 0xfd,
    0xa2, 0x1, 0xff, 0x32, 0x80, 0x7c, 0xb8, 0x40,
    0x1f, 0xfc, 0x28, 0xb0, 0xf, 0x86, 0x80, 0x3f,
    0xc3, 0x0, 0x1f, 0x2d, 0x0, 0x7f, 0xf1, 0x52,
    0xc0, 0x3e, 0x45, 0x0, 0xfe, 0x81, 0x0, 0xf1,
    0xd0, 0x7, 0xff, 0x1d, 0x28, 0x3, 0xeb, 0x0,
    0xfc, 0x2c, 0x1, 0xf6, 0x80, 0x7f, 0xf2, 0x55,
    0x40, 0x1e, 0x17, 0x0, 0xfa, 0x0, 0x3e, 0x91,
    0x0, 0xff, 0xe5, 0x58, 0x80, 0x7a, 0x40, 0x3e,
    0x60, 0xf, 0x13, 0x0, 0x7f, 0xf2, 0xc6, 0x40,
    0x3c, 0x2a, 0x1, 0xca, 0x1, 0xf5, 0x80, 0x7f,
    0xf3, 0x5c, 0x40, 0x3d, 0xc0, 0x1d, 0xe0, 0x1f,
    0x30, 0x7, 0xff, 0x39, 0x80, 0x3c, 0x80, 0x1c,
    0x80, 0x1e, 0x50, 0xf, 0xfe, 0x7d, 0x80, 0x7c,
    0x80, 0x11, 0x88, 0x7, 0xbc, 0x3, 0xff, 0x9e,
    0x62, 0x1, 0xed, 0x0, 0x94, 0x3, 0xe4, 0x0,
    0xff, 0xe8, 0x20, 0x7, 0x94, 0x2, 0xf0, 0xf,
    0x10, 0x80, 0x7f, 0xf4, 0x30, 0x3, 0xc6, 0x1,
    0x10, 0x7, 0x98, 0x3, 0xff, 0xa2, 0x40, 0x1f,
    0x8, 0x1, 0x80, 0x3c, 0x60, 0x1f, 0xfd, 0x15,
    0x0, 0xf8, 0x80, 0x6, 0x1, 0xef, 0x0, 0xff,
    0xe8, 0x88, 0x7, 0xce, 0x0, 0x10, 0xf, 0x10,
    0x7, 0xff, 0x48, 0x40, 0x3c, 0x20, 0x1f, 0xc2,
    0x1, 0xff, 0xd2, 0x30, 0xf, 0x18, 0x7, 0xff,
    0xfc, 0x3, 0xff, 0xf0, 0x60, 0x1f, 0xfe, 0x61,
    0x0, 0xf1, 0x0, 0x7f, 0xf4, 0x88, 0x3, 0xc2,
    0x0, 0x20, 0xf, 0x8, 0x7, 0xff, 0x65, 0x80,
    0xe, 0x1, 0xee, 0x0, 0xff, 0xe8, 0x90, 0x7,
    0xc4, 0x0, 0x20, 0xf, 0x10, 0x7, 0xff, 0x45,
    0x80, 0x3c, 0x20, 0x17, 0x80, 0x79, 0x40, 0x3f,
    0xfa, 0x26, 0x1, 0xe2, 0x0, 0x94, 0x3, 0xc2,
    0x40, 0x1f, 0xfd, 0xc, 0x0, 0xf2, 0x0, 0x46,
    0x1, 0xf2, 0x0, 0x7f, 0xf4, 0x10, 0x3, 0xda,
    0x1, 0x90, 0x3, 0xda, 0x1, 0xff, 0xcf, 0x40,
    0xf, 0x90, 0x3, 0x68, 0x7, 0x90, 0x40, 0x3f,
    0xf9, 0xdc, 0x1, 0xe3, 0x10, 0xc, 0xe0, 0x1f,
    0x30, 0x7, 0xff, 0x34, 0x54, 0x3, 0xd6, 0x1,
    0xc2, 0x80, 0x1e, 0x90, 0xf, 0xfe, 0x6c, 0x80,
    0x7c, 0xc0, 0x1e, 0xf0, 0xf, 0xb, 0x0, 0x7f,
    0xf2, 0xc5, 0xc0, 0x3c, 0xa2, 0x1, 0xe4, 0x20,
    0xf, 0x48, 0x80, 0x7f, 0xf2, 0xa8, 0x3, 0xe9,
    0x0, 0xfd, 0x20, 0x1f, 0x68, 0x7, 0xff, 0x25,
    0x90, 0x3, 0xca, 0x60, 0x1f, 0x91, 0x0, 0x1e,
    0x39, 0x0, 0xff, 0xe3, 0xa4, 0x80, 0x7d, 0x0,
    0x1f, 0xea, 0x0, 0xf9, 0xa8, 0x3, 0xff, 0x8a,
    0x96, 0x1, 0xf4, 0x90, 0x7, 0xf8, 0x68, 0x3,
    0xe5, 0xc2, 0x0, 0xff, 0xe1, 0x3d, 0x80, 0x7c,
    0x8c, 0x1, 0xff, 0xc0, 0x57, 0x0, 0xf8, 0xf6,
    0x4, 0x3, 0xfc, 0xbb, 0x0, 0x1f, 0x15, 0x0,
    0x7f, 0xf0, 0xa1, 0x80, 0x3f, 0x3f, 0x5b, 0xa1,
    0x9, 0x1a, 0xcf, 0x51, 0x0, 0x7c, 0x38, 0x20,
    0x1f, 0xfc, 0x39, 0x70, 0xf, 0xe4, 0x8b, 0xde,
    0xdc, 0xa6, 0x10, 0xf, 0xc7, 0xe2, 0x1, 0xff,
    0xc5, 0x89, 0x0, 0xff, 0xe6, 0xa6, 0x8, 0x7,
    0xff, 0x1d, 0xb4, 0xc0, 0x3f, 0xf9, 0x23, 0x56,
    0x1, 0xff, 0xca, 0x2c, 0xa2, 0x0, 0xff, 0xe2,
    0x8b, 0xfa, 0x80, 0x7f, 0xf3, 0x57, 0x71, 0x40,
    0x3f, 0xf8, 0x27, 0x3d, 0x2, 0x1, 0xff, 0xd0,
    0x3a, 0xfd, 0x93, 0x0, 0xfa, 0xbf, 0x18, 0x3,
    0xff, 0xac, 0x4d, 0xe0, 0x1f, 0x60, 0x7, 0xff,
    0x6c, 0xd0, 0x3, 0xcc, 0xa0, 0x1f, 0xfd, 0xb9,
    0x0, 0xfa, 0x94, 0x3, 0xff, 0xb4, 0x4e, 0x1,
    0xf5, 0x40, 0x7, 0xff, 0x6a, 0xc, 0x3, 0xe7,
    0xd6, 0x0, 0xff, 0xec, 0xe9, 0x0, 0x7c, 0x53,
    0xd2, 0x82, 0x1, 0xa, 0x33, 0x8, 0x3, 0xff,
    0x9a, 0x38, 0x40, 0x1f, 0x85, 0xaf, 0xbf, 0xbf,
    0xae, 0x65, 0xa8, 0x1, 0xff, 0xcd, 0x1c, 0x40,
    0xf, 0xfe, 0x0, 0x80, 0x7a, 0x0, 0x3f, 0xf9,
    0xc3, 0x70, 0x1, 0xff, 0xc6, 0x31, 0x0, 0xff,
    0xe7, 0xbe, 0xa8, 0x7, 0xff, 0x88, 0xab, 0x5c,
    0x40, 0x3f, 0xf8, 0x2e, 0x20, 0x1f, 0xfd, 0x22,
    0x8e, 0xc9, 0x53, 0x10, 0x0, 0xa3, 0x4d, 0xfc,
    0x0,

    /* U+0052 "R" */
    0x0, 0x3e, 0x6f, 0x77, 0xff, 0x3, 0x76, 0xca,
    0x96, 0x30, 0xf, 0xfe, 0x14, 0xc1, 0x90, 0x8f,
    0xff, 0x0, 0x8a, 0x35, 0x69, 0xcf, 0xb6, 0x0,
    0xff, 0x9c, 0x3, 0xff, 0x98, 0x93, 0xf0, 0x1,
    0xfc, 0x20, 0x1f, 0xfc, 0xf7, 0xe4, 0x0, 0xff,
    0xec, 0xd, 0xb0, 0x7, 0xff, 0x66, 0x50, 0x3,
    0xff, 0x81, 0x5f, 0xff, 0xdd, 0xb7, 0x2c, 0x20,
    0x1f, 0xd4, 0x40, 0x1f, 0xf3, 0x80, 0x7f, 0x9,
    0x23, 0x4f, 0x61, 0x80, 0x7c, 0x30, 0x1, 0xff,
    0xcf, 0x3c, 0x90, 0xf, 0x94, 0x80, 0x3f, 0xfa,
    0xd, 0x40, 0x1f, 0x50, 0x7, 0xff, 0x45, 0x50,
    0x3, 0xc8, 0x1, 0xff, 0xd2, 0xf0, 0xf, 0x18,
    0x7, 0xff, 0x49, 0x0, 0x3e, 0x30, 0xf, 0xfe,
    0x91, 0x80, 0x79, 0xc0, 0x3f, 0xfa, 0x4e, 0x1,
    0xe1, 0x0, 0xff, 0xe9, 0x8, 0x7, 0x8c, 0x3,
    0xff, 0xa4, 0x20, 0x1e, 0x20, 0xf, 0xfe, 0x93,
    0x0, 0x79, 0xc0, 0x3f, 0xfa, 0x22, 0x40, 0x1e,
    0x20, 0xf, 0xfe, 0x8b, 0x80, 0x78, 0x84, 0x3,
    0xff, 0xa3, 0x0, 0x1e, 0x40, 0xf, 0xfe, 0x8c,
    0x88, 0x7, 0xb4, 0x3, 0xff, 0xa1, 0x2c, 0x1,
    0xe3, 0x40, 0xf, 0xfe, 0x72, 0x6b, 0x0, 0x7d,
    0x0, 0x1f, 0xfc, 0xb1, 0x48, 0xdb, 0x20, 0xf,
    0x9d, 0x0, 0x3f, 0xef, 0xdd, 0xfe, 0xef, 0xeb,
    0x72, 0x0, 0xfc, 0x90, 0x1, 0xff, 0xc0, 0x22,
    0xff, 0x8, 0x7, 0xff, 0x1, 0x2c, 0x3, 0xff,
    0xae, 0xf6, 0x1, 0xff, 0xd6, 0x4d, 0x80, 0xf,
    0xfe, 0xa1, 0x36, 0xd9, 0x0, 0x7f, 0xf5, 0xb,
    0x64, 0x80, 0x3f, 0xf8, 0xdb, 0xff, 0xfa, 0x40,
    0x3c, 0x4c, 0x1, 0xff, 0xd1, 0x62, 0x0, 0xf4,
    0x8, 0x7, 0xff, 0x46, 0x40, 0x3c, 0x30, 0x1,
    0xff, 0xd1, 0x45, 0x0, 0xf3, 0x18, 0x7, 0xff,
    0x46, 0x0, 0x3e, 0xf0, 0xf, 0xfe, 0x89, 0x38,
    0x7, 0x8d, 0x40, 0x3f, 0xfa, 0x30, 0x20, 0x1e,
    0xb0, 0xf, 0xfe, 0x95, 0x80, 0x78, 0x60, 0x3,
    0xff, 0xa2, 0xa6, 0x1, 0xe7, 0x20, 0xf, 0xfe,
    0x8f, 0x0, 0x7d, 0x20, 0x1f, 0xfd, 0x12, 0x60,
    0xf, 0x22, 0x80, 0x7f, 0xf4, 0x60, 0x40, 0x3d,
    0x60, 0x1f, 0xfd, 0x11, 0x80, 0xf, 0xc, 0x0,
    0x7f, 0xf4, 0x58, 0x80, 0x3c, 0xe4, 0x1, 0xff,
    0xd1, 0x90, 0xf, 0xa4, 0x3, 0xff, 0xa2, 0x8a,
    0x1, 0xe4, 0x50, 0xf, 0xfe, 0x8d, 0x80, 0x7d,
    0x0, 0x1f, 0xfd, 0x11, 0x70, 0xf, 0x14, 0x0,
    0x7f, 0xf4, 0x60, 0x40, 0x3c, 0xe4, 0x1, 0xfc,
    0x60, 0x1f, 0xfc, 0x7b, 0x0, 0xfa, 0x40, 0x8,
    0x1, 0xc4, 0x20, 0x1f, 0xfc, 0x75, 0x60, 0xf,
    0x20, 0x2, 0x98, 0x40, 0x57, 0xc0, 0x3f, 0xf9,
    0x33, 0x6a, 0x20, 0x2, 0x80,

    /* U+0053 "S" */
    0x0, 0xff, 0xe0, 0x12, 0xce, 0x6f, 0x7f, 0xbb,
    0x6e, 0x54, 0x40, 0x3f, 0xf9, 0x2b, 0x9b, 0x4c,
    0x64, 0x20, 0x1, 0x24, 0x6a, 0xec, 0x60, 0xf,
    0xfe, 0x2a, 0xf5, 0x18, 0x7, 0xff, 0x8, 0xe7,
    0x98, 0x3, 0xff, 0x82, 0x35, 0x41, 0x0, 0xff,
    0xe3, 0xc, 0xd0, 0x7, 0xfc, 0x5e, 0xa0, 0x1f,
    0xfc, 0xa5, 0xc1, 0x0, 0xfc, 0x38, 0x20, 0x1f,
    0xfc, 0xc3, 0xd0, 0xf, 0xda, 0x20, 0x1f, 0x89,
    0xa6, 0xee, 0xa8, 0x52, 0x0, 0xfc, 0x6a, 0x1,
    0xe7, 0x30, 0xf, 0x93, 0x36, 0x59, 0x12, 0x57,
    0xad, 0xd3, 0x0, 0x7c, 0x20, 0x1c, 0x30, 0x1,
    0xf5, 0x59, 0x80, 0x7f, 0x8a, 0x78, 0xc0, 0x31,
    0x20, 0x7, 0x30, 0x7, 0xd4, 0xa0, 0x1f, 0xfc,
    0x21, 0xc6, 0x0, 0x17, 0x80, 0x7a, 0xc0, 0x3c,
    0xaa, 0x0, 0xff, 0xe2, 0xce, 0xe6, 0x90, 0x7,
    0x8c, 0x3, 0xdc, 0x1, 0xff, 0xc7, 0x23, 0x0,
    0xf8, 0x80, 0x3e, 0x40, 0xf, 0xfe, 0x83, 0x0,
    0x78, 0x40, 0x3f, 0xfb, 0x2, 0x1, 0xff, 0xd1,
    0x70, 0xf, 0x84, 0x3, 0xff, 0xa0, 0x40, 0x1f,
    0x30, 0x7, 0xff, 0x40, 0x48, 0x3, 0xd2, 0x20,
    0x1f, 0xfd, 0x4, 0x0, 0xf0, 0xd0, 0x7, 0xff,
    0x42, 0xc0, 0x3e, 0x4c, 0x20, 0xf, 0xfe, 0x71,
    0x28, 0x7, 0xc7, 0xb0, 0x20, 0x1f, 0xfc, 0xdb,
    0x10, 0xf, 0xcf, 0xd0, 0x20, 0x1f, 0xfc, 0xb1,
    0xa0, 0xf, 0xf3, 0xf4, 0x90, 0x7, 0xff, 0x29,
    0x28, 0x3, 0xfe, 0x6d, 0xc5, 0x0, 0xff, 0xe4,
    0xad, 0x88, 0x7, 0xfc, 0x75, 0xce, 0x20, 0x1f,
    0xfc, 0x74, 0xf4, 0x0, 0xff, 0xe0, 0xc, 0x74,
    0x90, 0x7, 0xff, 0x18, 0x6e, 0x84, 0x3, 0xff,
    0x82, 0xdb, 0x44, 0x1, 0xff, 0xc6, 0x5e, 0x92,
    0x0, 0xff, 0xe0, 0xae, 0xc8, 0x80, 0x7f, 0xf1,
    0x9b, 0x68, 0xc0, 0x3f, 0xf8, 0x2d, 0xe8, 0x1,
    0xff, 0xc7, 0x5c, 0xc2, 0x80, 0x7f, 0xf0, 0x6,
    0xdc, 0x3, 0xff, 0x90, 0x75, 0xce, 0x20, 0x1f,
    0xf4, 0x40, 0x3, 0xff, 0x92, 0x31, 0xd2, 0x40,
    0x1f, 0xe7, 0x70, 0x7, 0xff, 0x2d, 0xb6, 0x44,
    0x3, 0xfa, 0x8, 0x3, 0xff, 0x98, 0xdc, 0xe0,
    0x1f, 0xd0, 0x1, 0xff, 0xce, 0x8d, 0x20, 0xf,
    0x94, 0x40, 0x3f, 0xf9, 0xc5, 0x84, 0x1, 0xf3,
    0x80, 0x7f, 0xf3, 0xc7, 0xc0, 0x3e, 0xc0, 0xf,
    0xfe, 0x81, 0x28, 0x7, 0x9c, 0x3, 0xff, 0xa3,
    0xe0, 0x1e, 0x30, 0xf, 0xfe, 0x8b, 0x0, 0x78,
    0x40, 0x3f, 0xfa, 0x22, 0x1, 0xff, 0xd8, 0x60,
    0xf, 0xfe, 0xc1, 0x80, 0x78, 0x80, 0x25, 0xa6,
    0x0, 0xff, 0xe5, 0xd8, 0x7, 0x90, 0x1, 0x14,
    0xb3, 0x60, 0x1f, 0xfc, 0x94, 0x30, 0xf, 0x60,
    0x2b, 0x80, 0x49, 0x62, 0x1, 0xff, 0xc6, 0x1a,
    0x0, 0xf0, 0xa8, 0x48, 0x7, 0x27, 0xa8, 0x7,
    0xff, 0x10, 0xfc, 0x40, 0x3d, 0x20, 0x7, 0x0,
    0xf0, 0xd6, 0xb0, 0x80, 0x7f, 0xc5, 0x38, 0x20,
    0x1e, 0x27, 0x0, 0x40, 0x7, 0xe2, 0x9e, 0xc9,
    0x75, 0x43, 0x45, 0x69, 0xdd, 0x30, 0x7, 0xef,
    0x0, 0x8e, 0x80, 0x3f, 0xc6, 0xd1, 0x57, 0x97,
    0x52, 0xc4, 0x1, 0xfd, 0x64, 0x1, 0x96, 0xc4,
    0x3, 0xff, 0x9f, 0x68, 0x1, 0xe4, 0xf4, 0x0,
    0xff, 0xe6, 0x16, 0xa0, 0x7, 0xe1, 0xbb, 0x18,
    0x7, 0xff, 0x26, 0x34, 0x80, 0x3f, 0xe4, 0xcc,
    0x30, 0x80, 0x7f, 0xf0, 0xca, 0x3d, 0xc0, 0x3f,
    0xf8, 0x67, 0x3d, 0xb2, 0xc8, 0x42, 0x1, 0x88,
    0xda, 0x77, 0x4e, 0x1, 0xfe,

    /* U+0054 "T" */
    0x0, 0x84, 0x7f, 0xfa, 0xa0, 0x18, 0xb3, 0xfb,
    0xbf, 0xfa, 0xbf, 0xc8, 0x12, 0x60, 0x1f, 0xfd,
    0x71, 0xa0, 0x50, 0xf, 0xfe, 0xc8, 0x88, 0x3,
    0xff, 0xb8, 0x80, 0x1f, 0xfd, 0x92, 0x18, 0x40,
    0xf, 0xfe, 0xb9, 0xf0, 0x15, 0xff, 0xff, 0xf0,
    0x80, 0x3e, 0xef, 0xff, 0xfe, 0xe, 0x18, 0x7,
    0xff, 0xfc, 0x3, 0xff, 0xfe, 0x1, 0xff, 0xff,
    0x0, 0xff, 0xff, 0x80, 0x7f, 0xff, 0xc0, 0x3f,
    0xff, 0xe0, 0x1f, 0xff, 0xf0, 0xf, 0xff, 0xf8,
    0x7, 0xff, 0xfc, 0x3, 0xff, 0xfe, 0x1, 0xff,
    0xff, 0x0, 0xff, 0xff, 0x80, 0x7f, 0xff, 0xc0,
    0x3f, 0xff, 0xe0, 0x1f, 0xff, 0xf0, 0xf, 0xff,
    0xf8, 0x7, 0xff, 0xfc, 0x3, 0xff, 0xfe, 0x1,
    0xff, 0xff, 0x0, 0xff, 0xff, 0x80, 0x7f, 0xff,
    0xc0, 0x3f, 0xff, 0xe0, 0x1f, 0xff, 0xf0, 0xf,
    0xff, 0x42, 0x0, 0x71, 0x8, 0x7, 0xff, 0x52,
    0x98, 0x40, 0x57, 0xc0, 0x3f, 0xf8, 0xa0,

    /* U+0055 "U" */
    0x3, 0xbe, 0xfd, 0x80, 0xf, 0xfe, 0x74, 0x77,
    0xf5, 0x90, 0x3, 0x50, 0x40, 0x9e, 0x40, 0x3f,
    0xf9, 0x8c, 0xe2, 0x2, 0x9e, 0x6, 0x20, 0x1c,
    0xe0, 0x1f, 0xfc, 0xcc, 0x0, 0xe2, 0x17, 0x0,
    0xff, 0xed, 0x18, 0x7, 0xff, 0xfc, 0x3, 0xff,
    0xfe, 0x1, 0xff, 0xff, 0x0, 0xff, 0xff, 0x80,
    0x7f, 0xff, 0xc0, 0x3f, 0xff, 0xe0, 0x1f, 0xff,
    0xf0, 0xf, 0xff, 0xf8, 0x7, 0xff, 0xfc, 0x3,
    0xff, 0xfe, 0x1, 0xff, 0xff, 0x0, 0xff, 0xff,
    0x80, 0x7f, 0xff, 0xc0, 0x3f, 0xff, 0xe0, 0x1f,
    0xfd, 0x27, 0x0, 0xff, 0xf1, 0x8, 0x7, 0xff,
    0x30, 0x40, 0x3c, 0x60, 0x1f, 0xfd, 0xc1, 0x0,
    0xff, 0xe9, 0xb0, 0x7, 0x84, 0x80, 0x3e, 0x20,
    0xf, 0xfe, 0x59, 0x80, 0x70, 0x80, 0x7f, 0x30,
    0x7, 0xff, 0x2c, 0x40, 0x38, 0xc0, 0x6, 0x1,
    0xe3, 0x0, 0xff, 0xe5, 0x18, 0x7, 0x98, 0x0,
    0xc0, 0x1e, 0xd0, 0xf, 0xfe, 0x52, 0x0, 0x78,
    0xc0, 0x1a, 0x1, 0xe4, 0x0, 0xff, 0xe5, 0x60,
    0x7, 0xb4, 0x0, 0x80, 0x1e, 0x14, 0x0, 0xff,
    0xe4, 0xa, 0x0, 0x79, 0x0, 0x6, 0x1, 0xf7,
    0x0, 0x7f, 0xf2, 0x18, 0x3, 0xc4, 0x20, 0x13,
    0x0, 0x79, 0x48, 0x3, 0xff, 0x8c, 0x32, 0x1,
    0xe5, 0x0, 0xda, 0x1, 0xf7, 0x0, 0x7f, 0xf1,
    0xac, 0x40, 0x3d, 0x40, 0x19, 0x8, 0x3, 0xc7,
    0x20, 0x1f, 0xfc, 0x47, 0x50, 0xf, 0x21, 0x0,
    0x74, 0x0, 0x7c, 0xd4, 0x1, 0xff, 0xc2, 0x98,
    0x0, 0xfa, 0x0, 0x3c, 0xa8, 0x1, 0xf2, 0xea,
    0x80, 0x7f, 0x97, 0x58, 0x3, 0xe5, 0x30, 0xf,
    0xa8, 0x40, 0x3e, 0x2a, 0xea, 0x65, 0x44, 0x2b,
    0xd7, 0x51, 0x0, 0x7c, 0x36, 0x1, 0xf8, 0x74,
    0x3, 0xf8, 0x56, 0x6a, 0xed, 0x50, 0xa2, 0x1,
    0xfd, 0x82, 0x1, 0xfc, 0x78, 0x20, 0x1f, 0xfc,
    0xc1, 0xc2, 0x0, 0xff, 0x8f, 0xc, 0x3, 0xff,
    0x94, 0x78, 0x60, 0x1f, 0xfc, 0x12, 0xc9, 0x10,
    0xf, 0xfe, 0x30, 0xce, 0x10, 0x7, 0xff, 0x11,
    0xba, 0x48, 0x3, 0xff, 0x84, 0x53, 0xcc, 0x1,
    0xff, 0xc8, 0x6d, 0xd4, 0xb1, 0x88, 0x6, 0x13,
    0x69, 0xdd, 0x30, 0x7, 0xfc,

    /* U+0056 "V" */
    0x1a, 0xef, 0xeb, 0x50, 0xf, 0xfe, 0x84, 0x6f,
    0xfb, 0x14, 0x25, 0x44, 0x5, 0x29, 0x80, 0x3f,
    0xf9, 0xd8, 0xe4, 0x0, 0x3a, 0xe, 0x0, 0xf4,
    0x80, 0x7f, 0xf3, 0x50, 0xc0, 0x3e, 0x40, 0xf,
    0x90, 0x3, 0xff, 0x99, 0xa0, 0x1e, 0x50, 0x23,
    0x0, 0xf6, 0x80, 0x7f, 0xf3, 0x1c, 0x3, 0xde,
    0x0, 0xb0, 0xf, 0x38, 0x7, 0xff, 0x2c, 0x84,
    0x3, 0xca, 0x0, 0x50, 0xf, 0x9, 0x80, 0x7f,
    0xf2, 0x94, 0x3, 0xc8, 0x1, 0x11, 0x0, 0x3c,
    0x80, 0x1f, 0xfc, 0xab, 0x0, 0xf6, 0x80, 0x65,
    0x0, 0xf5, 0x80, 0x7f, 0xf2, 0x44, 0xc0, 0x3c,
    0xe0, 0x1a, 0xc0, 0x3c, 0x62, 0x1, 0xff, 0xc8,
    0x40, 0xf, 0x20, 0x80, 0x63, 0x10, 0xf, 0x38,
    0x7, 0xff, 0x23, 0xc0, 0x3d, 0xa0, 0x1e, 0x60,
    0xf, 0x60, 0x7, 0xff, 0x21, 0x40, 0x3c, 0xe0,
    0x1e, 0xb0, 0xf, 0x28, 0x7, 0xff, 0x1d, 0x0,
    0x3c, 0x62, 0x1, 0xe3, 0x10, 0xf, 0x20, 0x7,
    0xff, 0x1b, 0x0, 0x3d, 0x60, 0x1f, 0x9c, 0x3,
    0xda, 0x1, 0xff, 0xc6, 0x50, 0xf, 0x28, 0x7,
    0xed, 0x0, 0xf3, 0x80, 0x7f, 0xf1, 0x48, 0x80,
    0x1c, 0x64, 0x1, 0xf9, 0x4, 0x3, 0x84, 0x80,
    0x3f, 0xf8, 0x8a, 0x1, 0xeb, 0x0, 0xff, 0x20,
    0x7, 0x94, 0x3, 0xff, 0x89, 0x80, 0x1e, 0x50,
    0xf, 0xf7, 0x80, 0x7a, 0xc0, 0x3f, 0xf8, 0x88,
    0x1, 0xc4, 0x40, 0xf, 0xf2, 0x80, 0x78, 0xc4,
    0x3, 0xff, 0x84, 0xa0, 0x1e, 0x50, 0xf, 0xfe,
    0x2, 0x80, 0x79, 0xc0, 0x3f, 0xf8, 0x5e, 0x1,
    0xeb, 0x0, 0xff, 0xe0, 0x78, 0x7, 0xb0, 0x3,
    0xff, 0x84, 0x80, 0x1c, 0x46, 0x1, 0xff, 0xc0,
    0x50, 0xf, 0x28, 0x7, 0xff, 0x4, 0xc4, 0x3,
    0x94, 0x3, 0xff, 0x84, 0x80, 0x1e, 0x40, 0xf,
    0xfe, 0x5, 0x80, 0x7a, 0xc0, 0x3f, 0xf8, 0x5a,
    0x1, 0xed, 0x0, 0xff, 0xe0, 0x28, 0x7, 0x9,
    0x80, 0x7f, 0xf0, 0x9c, 0x3, 0xce, 0x1, 0xff,
    0x9, 0x0, 0x73, 0x80, 0x7f, 0xf0, 0xc5, 0x0,
    0x38, 0x48, 0x3, 0xfc, 0xe0, 0x1e, 0xd0, 0xf,
    0xfe, 0x26, 0x80, 0x79, 0x40, 0x3f, 0xda, 0x1,
    0xc2, 0x80, 0x1f, 0xfc, 0x47, 0x0, 0xf5, 0x80,
    0x7f, 0x90, 0x3, 0x9c, 0x3, 0xff, 0x8a, 0x26,
    0x1, 0xc6, 0x20, 0x1f, 0x90, 0x3, 0xda, 0x1,
    0xff, 0xc6, 0xb0, 0xf, 0x20, 0x7, 0xed, 0x0,
    0xf2, 0x0, 0x7f, 0xf1, 0x94, 0x3, 0xde, 0x1,
    0xf9, 0xc0, 0x39, 0x40, 0x3f, 0xf8, 0xe4, 0x40,
    0xe, 0x40, 0xf, 0x8c, 0x40, 0x3b, 0xc0, 0x3f,
    0xf9, 0x14, 0x1, 0xc2, 0x60, 0x1e, 0x40, 0xf,
    0x28, 0x7, 0xff, 0x21, 0x40, 0x3d, 0x60, 0x1e,
    0xb0, 0xe, 0x50, 0xf, 0xfe, 0x49, 0x10, 0x3,
    0x90, 0x3, 0x84, 0xc0, 0x3b, 0xc0, 0x3f, 0xf9,
    0x4a, 0x1, 0xc6, 0x20, 0x19, 0xc0, 0x3c, 0xa0,
    0x1f, 0xfc, 0xab, 0x0, 0xf3, 0x80, 0x6d, 0x0,
    0xe4, 0x0, 0xff, 0xe5, 0x98, 0x80, 0x76, 0x0,
    0x64, 0x0, 0xed, 0x0, 0xff, 0xe6, 0x38, 0x7,
    0x28, 0x4, 0xa0, 0x1e, 0x70, 0xf, 0xfe, 0x65,
    0x0, 0x79, 0x0, 0x1e, 0x1, 0xc8, 0x20, 0x1f,
    0xfc, 0xc3, 0x10, 0xe, 0xd0, 0x2, 0x80, 0x76,
    0x80, 0x7f, 0xf3, 0x9c, 0x3, 0x90, 0x14, 0x3,
    0xce, 0x1, 0xff, 0xce, 0xd0, 0xe, 0x22, 0x78,
    0x7, 0x18, 0x80, 0x7f, 0xf3, 0x90, 0x3, 0xca,
    0xa0, 0xe, 0xb0, 0xf, 0xfe, 0x82, 0x80, 0x74,
    0x0, 0x79, 0x40, 0x3f, 0xfa, 0x1e, 0x1, 0xff,
    0x19, 0x0, 0x7f, 0xf4, 0x14, 0x3, 0xfe, 0xb0,
    0xf, 0xfe, 0x92, 0x80, 0x7f, 0x94, 0x3, 0xff,
    0xa5, 0xe0, 0x1f, 0xc4, 0x40, 0xf, 0xfe, 0x92,
    0x80, 0x7f, 0x50, 0x7, 0xff, 0x52, 0x0, 0x3e,
    0x16, 0x0, 0xff, 0xea, 0x3c, 0x90, 0x4, 0x2b,
    0x82, 0x1, 0xff, 0xc4,

    /* U+0057 "W" */
    0x3b, 0xef, 0xea, 0x20, 0xf, 0xfe, 0x44, 0x6f,
    0xf5, 0x10, 0x7, 0xff, 0x21, 0xb3, 0xfd, 0x88,
    0x1c, 0x82, 0x2, 0xb8, 0x1, 0xff, 0xc7, 0x97,
    0x20, 0x15, 0xc2, 0x0, 0xff, 0xe3, 0x34, 0x98,
    0x0, 0xec, 0xc, 0x3, 0x85, 0x40, 0x3f, 0xf8,
    0xa2, 0xc0, 0x1c, 0x36, 0x1, 0xff, 0xc6, 0xa0,
    0xf, 0x94, 0x3, 0xd8, 0x1, 0xff, 0xc5, 0x40,
    0xf, 0x9c, 0x3, 0xff, 0x8c, 0x60, 0x1c, 0x41,
    0x80, 0x1e, 0x50, 0xf, 0xfe, 0x2e, 0x0, 0x7c,
    0x24, 0x1, 0xff, 0xc4, 0x20, 0xf, 0x38, 0x18,
    0x7, 0x8c, 0x3, 0xff, 0x8a, 0x80, 0x1f, 0x90,
    0x3, 0xff, 0x88, 0x80, 0x1e, 0xc0, 0x50, 0xf,
    0x88, 0x3, 0xff, 0x86, 0x24, 0x1, 0xfb, 0x40,
    0x3f, 0xf8, 0x9e, 0x1, 0xe5, 0x1, 0x20, 0xf,
    0x38, 0x7, 0xff, 0xd, 0x0, 0x3f, 0x94, 0x3,
    0xff, 0x88, 0xa0, 0x1e, 0x30, 0x3, 0x80, 0x7b,
    0x40, 0x3f, 0xf8, 0x78, 0x1, 0xfc, 0x26, 0x1,
    0xff, 0xc3, 0x30, 0xe, 0x30, 0xb, 0x0, 0x3c,
    0x60, 0x1f, 0xfc, 0x37, 0x0, 0xff, 0x20, 0x7,
    0xff, 0x8, 0x80, 0x3c, 0xa0, 0x12, 0x80, 0x79,
    0x40, 0x3f, 0xf8, 0x44, 0x20, 0x18, 0xc0, 0x3b,
    0x0, 0x3f, 0xf8, 0x4e, 0x1, 0xec, 0x0, 0x8c,
    0x3, 0xc2, 0x20, 0xf, 0xfe, 0xa, 0x0, 0x75,
    0x10, 0x6, 0x40, 0xf, 0xfe, 0x16, 0x80, 0x79,
    0xc0, 0x31, 0x80, 0x79, 0x0, 0x3f, 0xf8, 0x38,
    0x1, 0xc8, 0xe0, 0x1c, 0x60, 0x1f, 0xfc, 0x13,
    0x0, 0xf1, 0x0, 0x65, 0x0, 0xf6, 0x80, 0x7f,
    0xf0, 0x50, 0x3, 0x9, 0x60, 0x7, 0x20, 0x7,
    0xff, 0x5, 0x40, 0x39, 0x0, 0x3b, 0x0, 0x3c,
    0x60, 0x1f, 0xfc, 0x2, 0x10, 0xc, 0x80, 0x80,
    0x1d, 0x80, 0x1f, 0xfc, 0x2, 0x10, 0xe, 0x30,
    0xe, 0x70, 0xf, 0x28, 0x7, 0xff, 0x1, 0x0,
    0x3b, 0x0, 0x84, 0x3, 0x20, 0x7, 0xff, 0x1,
    0xc0, 0x3d, 0xa0, 0x1c, 0x42, 0x1, 0xc2, 0x20,
    0xf, 0xfb, 0x0, 0x39, 0x0, 0x8, 0x1, 0xc8,
    0x1, 0xff, 0x68, 0x7, 0x90, 0x3, 0xca, 0x1,
    0xe5, 0x0, 0xff, 0x90, 0x3, 0x9, 0x0, 0x30,
    0x3, 0xb0, 0x3, 0xfe, 0x30, 0xe, 0x11, 0x0,
    0x78, 0xc0, 0x3c, 0x60, 0x1f, 0xe2, 0x10, 0xc,
    0x80, 0x12, 0x0, 0x72, 0x0, 0x7f, 0xca, 0x1,
    0xca, 0x1, 0xf6, 0x0, 0x7b, 0x40, 0x3f, 0xc8,
    0x1, 0xd8, 0x1, 0x10, 0x80, 0x63, 0x0, 0xff,
    0x8, 0x80, 0x3b, 0x0, 0x3e, 0x50, 0xf, 0x38,
    0x7, 0xfb, 0x0, 0x39, 0x0, 0x32, 0x80, 0x72,
    0x0, 0x7f, 0x28, 0x7, 0x8c, 0x3, 0xe1, 0x20,
    0xe, 0x21, 0x0, 0xfe, 0x40, 0xc, 0x24, 0x1,
    0xb0, 0x3, 0xb0, 0x3, 0xfb, 0x0, 0x3c, 0xa0,
    0x1f, 0x9c, 0x3, 0xca, 0x1, 0xf8, 0x84, 0x3,
    0x20, 0x7, 0x20, 0x7, 0x20, 0x7, 0xf1, 0x80,
    0x71, 0x8, 0x7, 0xed, 0x0, 0xf1, 0x80, 0x7e,
    0x40, 0xe, 0xd0, 0xe, 0x30, 0xe, 0x30, 0xf,
    0xe5, 0x0, 0xe7, 0x0, 0xfe, 0x40, 0xf, 0x68,
    0x7, 0xec, 0x0, 0xe4, 0x0, 0xf2, 0x0, 0x72,
    0x0, 0x7c, 0x22, 0x0, 0xec, 0x0, 0xfe, 0x30,
    0xf, 0x38, 0x7, 0xe4, 0x0, 0xc2, 0x60, 0x1e,
    0xc0, 0xe, 0xc0, 0xf, 0x94, 0x3, 0xca, 0x1,
    0xfe, 0x30, 0xe, 0x20, 0xf, 0x88, 0x40, 0x32,
    0x80, 0x7c, 0x80, 0x1c, 0xa0, 0x1f, 0x18, 0x7,
    0x8c, 0x3, 0xfc, 0xa0, 0x1e, 0x30, 0xf, 0x28,
    0x7, 0x60, 0x7, 0xc6, 0x1, 0xc4, 0x20, 0x1e,
    0xd0, 0xe, 0x30, 0xf, 0xfb, 0xc0, 0x3c, 0xa0,
    0x1e, 0xc0, 0xe, 0x40, 0xf, 0xc6, 0x1, 0xc8,
    0x1, 0xe7, 0x0, 0xe5, 0x0, 0xff, 0x90, 0x3,
    0xde, 0x1, 0xe5, 0x0, 0xc2, 0x60, 0x1f, 0x90,
    0x3, 0xb0, 0x3, 0xc4, 0x1, 0xde, 0x1, 0xff,
    0x10, 0x7, 0x94, 0x3, 0x88, 0x40, 0x32, 0x80,
    0x7f, 0x60, 0x7, 0x20, 0x7, 0x18, 0x7, 0x90,
    0x3, 0xff, 0x80, 0x80, 0x1c, 0x60, 0x1c, 0xe0,
    0x1d, 0x80, 0x1f, 0xc8, 0x1, 0xc4, 0x20, 0x19,
    0x40, 0x3c, 0x40, 0x1f, 0xfc, 0x3, 0x0, 0xf1,
    0x0, 0x6c, 0x0, 0xe4, 0x0, 0xff, 0x18, 0x7,
    0x28, 0x6, 0xf0, 0xe, 0x40, 0xf, 0xfe, 0xe,
    0x0, 0x79, 0x80, 0x32, 0x0, 0x71, 0x80, 0x7f,
    0x90, 0x3, 0xb0, 0x3, 0x10, 0x7, 0x18, 0x7,
    0xff, 0x5, 0x40, 0x3c, 0x60, 0x18, 0x80, 0x32,
    0x0, 0x7f, 0xda, 0x1, 0xc8, 0x1, 0x94, 0x3,
    0xb4, 0x3, 0xff, 0x82, 0x22, 0x0, 0xed, 0x0,
    0x90, 0x3, 0xb0, 0x3, 0xfe, 0x40, 0xe, 0x30,
    0x8, 0x44, 0x1, 0xc8, 0x1, 0xff, 0xc2, 0x40,
    0xe, 0x70, 0xb, 0x0, 0x39, 0x0, 0x3f, 0xe1,
    0x20, 0xe, 0x40, 0x2, 0x80, 0x70, 0x88, 0x3,
    0xff, 0x85, 0xa0, 0x1c, 0x40, 0x12, 0x0, 0x71,
    0x80, 0x7f, 0xf0, 0x10, 0x3, 0xb0, 0x0, 0x60,
    0x1c, 0xa0, 0x1f, 0xfc, 0x34, 0x0, 0xf1, 0x80,
    0xc, 0x3, 0x20, 0x7, 0xff, 0x7, 0x0, 0x38,
    0xc0, 0x1a, 0x1, 0xd8, 0x1, 0xff, 0xc3, 0x30,
    0xf, 0x28, 0x18, 0x7, 0x60, 0x7, 0xff, 0x5,
    0x0, 0x39, 0x0, 0xc, 0x1, 0xc6, 0x1, 0xff,
    0xc4, 0x20, 0xe, 0xf0, 0x40, 0xe, 0x40, 0xf,
    0xfe, 0x8, 0x90, 0x7, 0x18, 0x18, 0x7, 0x28,
    0x7, 0xff, 0x11, 0x0, 0x38, 0x83, 0x0, 0x38,
    0xc0, 0x3f, 0xf8, 0x48, 0x1, 0xc8, 0x40, 0x1c,
    0x42, 0x1, 0xff, 0xc4, 0xf0, 0xe, 0x50, 0x40,
    0xc, 0x80, 0x1f, 0xfc, 0x3f, 0x0, 0xec, 0x70,
    0xe, 0x70, 0xf, 0xfe, 0x2a, 0x0, 0x70, 0xa8,
    0x7, 0x60, 0x7, 0xff, 0xd, 0x0, 0x39, 0x34,
    0x3, 0xb4, 0x3, 0xff, 0x8a, 0x40, 0x1e, 0x90,
    0xe, 0x40, 0xf, 0xfe, 0x19, 0x8, 0x7, 0x28,
    0x7, 0x20, 0x7, 0xff, 0x18, 0xc0, 0x38, 0xc0,
    0x38, 0xc0, 0x3f, 0xf8, 0x88, 0x1, 0xc4, 0x1,
    0xc6, 0x1, 0xff, 0xc6, 0x40, 0xf, 0xf2, 0x0,
    0x7f, 0xf1, 0x70, 0x3, 0xfc, 0x60, 0x1f, 0xfc,
    0x7d, 0x0, 0xff, 0x60, 0x7, 0xff, 0x15, 0x0,
    0x3f, 0xca, 0x1, 0xff, 0xc7, 0x40, 0xf, 0xf2,
    0x0, 0x7f, 0xf1, 0x48, 0x40, 0x3f, 0xbc, 0x3,
    0xff, 0x8e, 0x22, 0x0, 0xfe, 0x30, 0xf, 0xfe,
    0x32, 0x80, 0x7f, 0x20, 0x7, 0xff, 0x21, 0x0,
    0x3f, 0x28, 0x7, 0xff, 0x1f, 0x40, 0x3f, 0x9,
    0x0, 0x7f, 0xf2, 0x24, 0x3, 0xf4, 0x80, 0x7f,
    0xf1, 0xd8, 0x80, 0x3e, 0x60, 0xf, 0xfe, 0x49,
    0xd9, 0x80, 0x63, 0xb3, 0x0, 0xff, 0xe4, 0x7a,
    0x88, 0x4, 0x4f, 0x0, 0x1f, 0xf0,

    /* U+0058 "X" */
    0x0, 0xff, 0xee, 0xc7, 0x7f, 0xba, 0x8c, 0x3,
    0xff, 0x94, 0xd9, 0xff, 0x58, 0x80, 0x4e, 0x20,
    0x1, 0x5c, 0x50, 0xf, 0xfe, 0x45, 0xc9, 0x80,
    0x48, 0x80, 0x9, 0x0, 0x3d, 0x42, 0x1, 0xff,
    0xc6, 0x64, 0x0, 0xe1, 0x50, 0xa, 0x40, 0x3e,
    0x80, 0xf, 0xfe, 0x34, 0x0, 0x7a, 0x0, 0x31,
    0x38, 0x7, 0x98, 0x80, 0x3f, 0xf8, 0x8e, 0x20,
    0x1c, 0x4c, 0x1, 0xd2, 0x20, 0x1e, 0x80, 0xf,
    0xfe, 0x24, 0x80, 0x7a, 0x40, 0x3c, 0x30, 0x1,
    0xe5, 0x30, 0xf, 0xfe, 0x14, 0x8, 0x7, 0x22,
    0x0, 0x3e, 0x62, 0x0, 0xf7, 0x80, 0x7f, 0xf0,
    0x45, 0xc0, 0x3d, 0x0, 0x1f, 0xd2, 0x1, 0xe3,
    0x40, 0xf, 0xfe, 0x4, 0x0, 0x79, 0x4c, 0x3,
    0xf9, 0x10, 0x1, 0xe9, 0x0, 0xff, 0x85, 0x80,
    0x3d, 0x60, 0x1f, 0xf4, 0x80, 0x78, 0x94, 0x3,
    0xfd, 0x0, 0x1e, 0x71, 0x0, 0xff, 0x89, 0x80,
    0x3d, 0x60, 0x1f, 0xc4, 0xc0, 0x1c, 0x30, 0x1,
    0xff, 0xc1, 0x81, 0x0, 0xe1, 0x70, 0xf, 0xd0,
    0x1, 0xe8, 0x0, 0xff, 0xe1, 0xc, 0x80, 0x7a,
    0x40, 0x3e, 0x25, 0x0, 0xe2, 0x60, 0xf, 0xfe,
    0x1b, 0x90, 0x7, 0xc, 0x0, 0x7a, 0x40, 0x3d,
    0x20, 0x1f, 0xfc, 0x59, 0x0, 0xf3, 0x88, 0x6,
    0x34, 0x0, 0xe4, 0x40, 0x7, 0xff, 0x15, 0x10,
    0x1, 0xe8, 0x0, 0xd0, 0x1, 0xe9, 0x0, 0xff,
    0xe3, 0xc8, 0x7, 0x98, 0x80, 0x8, 0x80, 0xe,
    0x62, 0x0, 0xff, 0xe3, 0x93, 0x0, 0x7a, 0x0,
    0x10, 0x1, 0xe8, 0x0, 0xff, 0xe4, 0xc0, 0x7,
    0x94, 0xd4, 0xc0, 0x3a, 0x4, 0x3, 0xff, 0x92,
    0x30, 0x1, 0xe8, 0x80, 0x7, 0xb, 0x80, 0x7f,
    0xf2, 0xdc, 0x80, 0x39, 0x8, 0x3, 0xac, 0x3,
    0xff, 0x9b, 0x0, 0x1f, 0xf1, 0xa8, 0x7, 0xff,
    0x35, 0x4c, 0x3, 0xfd, 0xe0, 0x1f, 0xfc, 0xff,
    0x0, 0xfe, 0x53, 0x0, 0xff, 0xe7, 0x9a, 0x0,
    0x7e, 0x80, 0xf, 0xfe, 0x80, 0xa0, 0x7, 0xff,
    0x66, 0x0, 0x3f, 0xa4, 0x3, 0xff, 0x9e, 0x4c,
    0x1, 0xfc, 0x88, 0x0, 0xff, 0xe7, 0x48, 0x7,
    0xfd, 0x20, 0x1f, 0xfc, 0xd5, 0x40, 0xe, 0x10,
    0xe, 0x26, 0x0, 0xff, 0xe6, 0x40, 0x7, 0x16,
    0x0, 0x7a, 0x4, 0x3, 0xff, 0x94, 0xe4, 0x1,
    0xd0, 0x4e, 0x1, 0xc3, 0x0, 0x1f, 0xfc, 0x91,
    0x80, 0xe, 0x35, 0x9, 0x10, 0xe, 0x62, 0x0,
    0xff, 0xe4, 0x40, 0x7, 0xa0, 0x0, 0x32, 0x1,
    0xe9, 0x0, 0xff, 0xe3, 0x93, 0x0, 0x72, 0x20,
    0x2, 0x72, 0x0, 0xe4, 0x50, 0xf, 0xfe, 0x34,
    0x80, 0x7a, 0x0, 0x3a, 0x0, 0x3d, 0x0, 0x1f,
    0xfc, 0x54, 0x40, 0x7, 0x29, 0x80, 0x72, 0x98,
    0x7, 0x13, 0x80, 0x7f, 0xf1, 0x24, 0x3, 0xd0,
    0x1, 0xf4, 0x0, 0x7a, 0x4, 0x3, 0xff, 0x84,
    0xe4, 0x1, 0xcc, 0x40, 0x1f, 0x22, 0x0, 0x3d,
    0x60, 0x1f, 0xfc, 0x11, 0x90, 0xf, 0x40, 0x7,
    0xf4, 0x80, 0x79, 0x4c, 0x3, 0xff, 0x81, 0x2,
    0x1, 0xd0, 0x20, 0x1f, 0xc4, 0xc0, 0x1e, 0xf0,
    0xf, 0xf8, 0x98, 0x3, 0x85, 0xc0, 0x3f, 0xe8,
    0x0, 0xf1, 0xa8, 0x7, 0xfa, 0x40, 0x3d, 0x0,
    0x1f, 0xfc, 0x1, 0x70, 0xf, 0x58, 0x7, 0xf2,
    0x20, 0x3, 0x89, 0x80, 0x3f, 0xf8, 0x30, 0x20,
    0x1c, 0x30, 0x1, 0xfa, 0x40, 0x3d, 0x0, 0x1f,
    0xfc, 0x38, 0x0, 0xf3, 0x90, 0x7, 0x98, 0x80,
    0x38, 0xd4, 0x3, 0xff, 0x86, 0xc4, 0x1, 0xe8,
    0x0, 0xe1, 0x80, 0xf, 0x40, 0x7, 0xff, 0x16,
    0x0, 0x3c, 0xa8, 0x1, 0xa0, 0x40, 0x39, 0x10,
    0x1, 0xff, 0xc5, 0x53, 0x0, 0xf4, 0x80, 0x44,
    0xc0, 0x1e, 0x90, 0xf, 0xfe, 0x3f, 0x80, 0x78,
    0x98, 0x1, 0x20, 0x1e, 0x52, 0x0, 0xff, 0xe3,
    0x9a, 0x0, 0x7a, 0x0, 0x8, 0x1, 0xc5, 0x60,
    0x1f, 0xfc, 0x9a, 0x10, 0xe, 0x15, 0x7, 0x10,
    0x13, 0x7d, 0x10, 0xf, 0xfe, 0x48, 0xf3, 0x98,
    0x80, 0xaa, 0x80,

    /* U+0059 "Y" */
    0x1b, 0xef, 0xeb, 0x50, 0xf, 0xfe, 0x61, 0xd7,
    0x7f, 0xb0, 0xd9, 0x4, 0x5, 0x2a, 0x80, 0x1f,
    0xfc, 0xa4, 0xc5, 0x10, 0x1, 0xc2, 0x0, 0x79,
    0x54, 0x1, 0xff, 0xc9, 0x90, 0xf, 0x69, 0xa0,
    0x7, 0xa4, 0x3, 0xff, 0x90, 0xa4, 0x1, 0xc2,
    0xc1, 0xe0, 0x1e, 0x33, 0x0, 0x7f, 0xf1, 0xe0,
    0x3, 0xd0, 0x0, 0x43, 0x0, 0xf4, 0x80, 0x7f,
    0xf1, 0x90, 0x80, 0x38, 0x58, 0x2, 0x80, 0xf,
    0x29, 0x0, 0x7f, 0xf1, 0x60, 0x3, 0xd2, 0x1,
    0x90, 0xc0, 0x3d, 0x60, 0x1f, 0xfc, 0x44, 0x30,
    0xe, 0x17, 0x0, 0xe8, 0x0, 0xf3, 0x8, 0x7,
    0xff, 0xf, 0xc0, 0x3d, 0x20, 0x1e, 0x43, 0x0,
    0xf3, 0x0, 0x7f, 0xf0, 0x8d, 0x0, 0x38, 0x5c,
    0x3, 0xe8, 0x0, 0xf4, 0x80, 0x7f, 0xf0, 0xa4,
    0x3, 0xd2, 0x1, 0xf9, 0xc, 0x3, 0x85, 0x80,
    0x3f, 0xf8, 0x4, 0xa0, 0x1c, 0x2e, 0x1, 0xfd,
    0x0, 0x1e, 0xb0, 0xf, 0xfe, 0x5, 0x80, 0x7a,
    0x40, 0x3f, 0xc8, 0x60, 0x1c, 0x48, 0x1, 0xfe,
    0x16, 0x0, 0xe1, 0x70, 0xf, 0xfa, 0x40, 0x3d,
    0x0, 0x1f, 0xe9, 0x0, 0xf4, 0x80, 0x7f, 0xf0,
    0x14, 0x80, 0x38, 0xcc, 0x1, 0xf8, 0x5c, 0x3,
    0xcc, 0x1, 0xff, 0xc1, 0x80, 0xf, 0x48, 0x7,
    0xe6, 0x0, 0xf3, 0x88, 0x7, 0xff, 0x5, 0x48,
    0x3, 0x94, 0x40, 0x3e, 0x90, 0xf, 0x48, 0x7,
    0xff, 0xe, 0x0, 0x3d, 0x20, 0x1e, 0x71, 0x0,
    0xe7, 0x10, 0xf, 0xfe, 0x1a, 0x90, 0x7, 0x38,
    0x7, 0xa4, 0x3, 0xd2, 0x1, 0xff, 0xc5, 0x80,
    0xf, 0x38, 0x6, 0x61, 0x0, 0xe7, 0x10, 0xf,
    0xfe, 0x2a, 0x90, 0x7, 0x48, 0x6, 0xb0, 0xf,
    0x48, 0x7, 0xff, 0x1e, 0x0, 0x38, 0x54, 0x0,
    0xa4, 0x1, 0xce, 0x20, 0x1f, 0xfc, 0x75, 0x20,
    0xe, 0x80, 0x4, 0x80, 0x7a, 0x40, 0x3f, 0xf9,
    0x36, 0x1, 0xc4, 0x88, 0x30, 0xe, 0x71, 0x0,
    0xff, 0xe4, 0xb1, 0x0, 0x77, 0xf8, 0x3, 0xd2,
    0x1, 0xff, 0xcb, 0xb0, 0xe, 0x44, 0x0, 0x73,
    0x8, 0x7, 0xff, 0x2d, 0x88, 0x3, 0xfe, 0x80,
    0xf, 0xfe, 0x6d, 0x80, 0x7f, 0x98, 0x40, 0x3f,
    0xf9, 0xac, 0x20, 0x1f, 0xd0, 0x1, 0xff, 0xcf,
    0x80, 0xf, 0xcc, 0x20, 0x1f, 0xfc, 0xf6, 0x10,
    0xf, 0xa0, 0x3, 0xff, 0xa2, 0xc0, 0x1e, 0x41,
    0x0, 0xff, 0xe8, 0xf8, 0x7, 0x84, 0x3, 0xff,
    0xfe, 0x1, 0xff, 0xff, 0x0, 0xff, 0xff, 0x80,
    0x7f, 0xff, 0xc0, 0x3f, 0xff, 0xe0, 0x1f, 0xff,
    0xf0, 0xf, 0xff, 0xf8, 0x7, 0xff, 0xfc, 0x3,
    0xff, 0xb4, 0x20, 0x1e, 0x30, 0xf, 0xfe, 0x92,
    0x80, 0x7b, 0x0, 0x3f, 0xfa, 0x47, 0x46, 0x0,
    0x28, 0x50, 0xf, 0xfe, 0x18,

    /* U+005A "Z" */
    0x0, 0x8f, 0x3f, 0xff, 0xfa, 0x58, 0x40, 0x1b,
    0x8c, 0x3, 0xff, 0xa4, 0x72, 0x1, 0x88, 0x3,
    0xff, 0xa8, 0xc0, 0x1f, 0xfd, 0x96, 0x0, 0xc4,
    0x1, 0xff, 0xd4, 0xc0, 0xd, 0xc4, 0x1, 0xff,
    0xd3, 0x60, 0xc, 0x7b, 0xfd, 0xdf, 0xfc, 0x98,
    0x0, 0xfa, 0x4, 0x3, 0xe1, 0x1f, 0xfe, 0x4d,
    0x0, 0x78, 0x9c, 0x3, 0xff, 0xa0, 0xe4, 0x1,
    0xee, 0x0, 0xff, 0xe8, 0x14, 0x0, 0x79, 0xcc,
    0x3, 0xff, 0xa1, 0xc0, 0x1e, 0x28, 0x0, 0xff,
    0xe8, 0x31, 0x80, 0x7b, 0x80, 0x3f, 0xfa, 0x5,
    0x20, 0x1e, 0x63, 0x0, 0xff, 0xe8, 0x48, 0x7,
    0x86, 0x40, 0x3f, 0xfa, 0xc, 0x80, 0x1e, 0xa0,
    0xf, 0xfe, 0x80, 0xc0, 0x7, 0x95, 0x0, 0x3f,
    0xfa, 0x16, 0x20, 0x1c, 0x36, 0x1, 0xff, 0xd0,
    0x55, 0x0, 0x7a, 0xc4, 0x3, 0xff, 0x9e, 0x36,
    0x1, 0xe5, 0x50, 0x7, 0xff, 0x42, 0xc4, 0x3,
    0x86, 0xc0, 0x3f, 0xfa, 0x8, 0xa0, 0x1e, 0x81,
    0x0, 0xff, 0xe8, 0x50, 0x7, 0x91, 0x80, 0x3f,
    0xfa, 0x12, 0x20, 0x1e, 0xa0, 0xf, 0xfe, 0x81,
    0xb0, 0x7, 0xa4, 0x40, 0x3f, 0xfa, 0x1c, 0x1,
    0xe3, 0x60, 0xf, 0xfe, 0x84, 0x10, 0x7, 0xb8,
    0x3, 0xff, 0xa0, 0x6e, 0x1, 0xe8, 0x20, 0xf,
    0xfe, 0x87, 0x0, 0x78, 0xdc, 0x3, 0xff, 0xa0,
    0xe4, 0x1, 0xef, 0x0, 0xff, 0xe8, 0x14, 0x0,
    0x79, 0xcc, 0x3, 0xff, 0xa1, 0xc0, 0x1e, 0x28,
    0x0, 0xff, 0xe8, 0x39, 0x80, 0x7b, 0x80, 0x3f,
    0xfa, 0x5, 0x0, 0x1e, 0x63, 0x0, 0xff, 0xe8,
    0x48, 0x7, 0x8a, 0x40, 0x3f, 0xfa, 0xc, 0x80,
    0x1e, 0x90, 0xf, 0xfe, 0x80, 0xc0, 0x7, 0x99,
    0x0, 0x3f, 0xfa, 0x16, 0x20, 0x1c, 0x30, 0x1,
    0xff, 0xd0, 0x55, 0x0, 0x7a, 0xc4, 0x3, 0xff,
    0x9e, 0x36, 0x1, 0xe5, 0x50, 0x7, 0xff, 0x42,
    0xc4, 0x3, 0x86, 0xc0, 0x3f, 0xfa, 0x8, 0xa0,
    0x1e, 0xb1, 0x0, 0xff, 0xe8, 0x50, 0x7, 0x91,
    0x40, 0x3f, 0xfa, 0x12, 0x20, 0x1e, 0xa0, 0xf,
    0xfe, 0x81, 0xb0, 0x7, 0xa4, 0x40, 0x3f, 0xfa,
    0x1c, 0x1, 0xe3, 0x60, 0xf, 0xfe, 0x84, 0x10,
    0x7, 0xb8, 0x3, 0xff, 0xa0, 0x6e, 0x1, 0xe5,
    0x31, 0x1f, 0xfe, 0x60, 0x6, 0xf0, 0xf, 0x97,
    0xbb, 0xff, 0x9c, 0x80, 0x66, 0x0, 0xff, 0xea,
    0x8d, 0x2, 0x0, 0x7f, 0xf5, 0xc4, 0x5c, 0x1,
    0xff, 0xd9, 0xe0, 0xf, 0xfe, 0xb9, 0xb, 0x20,
    0x7, 0xff, 0x54, 0xb8, 0x0,

    /* U+005B "[" */
    0x5, 0xdf, 0xff, 0xf6, 0xa8, 0x1d, 0x10, 0x7,
    0xf8, 0xa8, 0x2c, 0x3, 0xff, 0x86, 0x20, 0x1f,
    0xfc, 0x19, 0x0, 0xf0, 0xef, 0x77, 0x7f, 0x98,
    0x3, 0xca, 0x42, 0x3c, 0x1, 0xff, 0xff, 0x0,
    0xff, 0xff, 0x80, 0x7f, 0xff, 0xc0, 0x3f, 0xff,
    0xe0, 0x1f, 0xff, 0xf0, 0xf, 0xff, 0xf8, 0x7,
    0xff, 0xfc, 0x3, 0xff, 0xfe, 0x1, 0xff, 0xff,
    0x0, 0xff, 0xff, 0x80, 0x7f, 0xff, 0xc0, 0x3f,
    0xff, 0xe0, 0x1f, 0xfe, 0x94, 0xff, 0xfb, 0x98,
    0x4, 0x3, 0xff, 0x80, 0x32, 0x18, 0x1, 0xff,
    0xc2, 0x14, 0x80, 0xf, 0xfe, 0x4, 0x8, 0x3f,
    0xf6, 0xef, 0xee, 0xf7, 0x0,

    /* U+005C "\\" */
    0x2d, 0xfd, 0x50, 0xf, 0xfe, 0x55, 0x10, 0x15,
    0x20, 0x7, 0xff, 0x27, 0xc0, 0x37, 0x80, 0x7f,
    0xf2, 0x54, 0x3, 0x20, 0x7, 0xff, 0x24, 0x88,
    0x1, 0x94, 0x3, 0xff, 0x92, 0xa0, 0x1b, 0xc0,
    0x3f, 0xf9, 0x36, 0x1, 0x94, 0x3, 0xff, 0x92,
    0x62, 0x1, 0x90, 0x3, 0xff, 0x92, 0xe0, 0x1b,
    0x40, 0x3f, 0xf9, 0x3a, 0x1, 0x9c, 0x3, 0xff,
    0x92, 0x80, 0x18, 0x4c, 0x3, 0xff, 0x92, 0xa0,
    0x1a, 0xc0, 0x3f, 0xf9, 0x3e, 0x1, 0x94, 0x3,
    0xff, 0x92, 0x80, 0x18, 0x88, 0x1, 0xff, 0xc8,
    0x14, 0x0, 0xca, 0x1, 0xff, 0xc9, 0xd0, 0xd,
    0x60, 0x1f, 0xfc, 0x97, 0x0, 0xc6, 0x20, 0x1f,
    0xfc, 0x81, 0x30, 0xc, 0xe0, 0x1f, 0xfc, 0x9b,
    0x0, 0xda, 0x1, 0xff, 0xc9, 0x50, 0xc, 0x80,
    0x1f, 0xfc, 0x92, 0x20, 0x6, 0x50, 0xf, 0xfe,
    0x4a, 0x80, 0x6c, 0x0, 0xff, 0xe4, 0xe0, 0x6,
    0x70, 0xf, 0xfe, 0x4a, 0x8, 0x4, 0x26, 0x1,
    0xff, 0xc9, 0x40, 0xd, 0x60, 0x1f, 0xfc, 0x9f,
    0x0, 0xca, 0x1, 0xff, 0xc9, 0x50, 0xc, 0x44,
    0x0, 0xff, 0xe4, 0xa0, 0x6, 0x50, 0xf, 0xfe,
    0x4e, 0x80, 0x6b, 0x0, 0xff, 0xe4, 0xb8, 0x6,
    0x31, 0x0, 0xff, 0xe4, 0x9, 0x80, 0x67, 0x0,
    0xff, 0xe4, 0xd8, 0x6, 0xd0, 0xf, 0xfe, 0x4a,
    0x80, 0x64, 0x0, 0xff, 0xe4, 0x91, 0x0, 0x32,
    0x80, 0x7f, 0xf2, 0x54, 0x3, 0x78, 0x7, 0xff,
    0x26, 0xc0, 0x32, 0x80, 0x7f, 0xf2, 0x4c, 0x40,
    0x32, 0x0, 0x7f, 0xf2, 0x5c, 0x3, 0x68, 0x7,
    0xff, 0x27, 0x40, 0x33, 0x80, 0x7f, 0xf2, 0x50,
    0x3, 0x9, 0x80, 0x7f, 0xf2, 0x54, 0x3, 0x58,
    0x7, 0xff, 0x27, 0xc0, 0x32, 0x80, 0x7f, 0xf2,
    0x54, 0x3, 0x11, 0x0, 0x3f, 0xf9, 0x28, 0x1,
    0x94, 0x3, 0xff, 0x93, 0xa0, 0x1a, 0xc0, 0x3f,
    0xf9, 0x2e, 0x1, 0x8c, 0x40, 0x3f, 0xf9, 0x2,
    0x60, 0x19, 0xc0, 0x3f, 0xf9, 0x36, 0x1, 0xb4,
    0x3, 0xff, 0x92, 0xa0, 0x19, 0x0, 0x3f, 0xf9,
    0x24, 0x40, 0xc, 0xa0, 0x1f, 0xfc, 0x95, 0x0,
    0xde, 0x1, 0xff, 0xc9, 0xb0, 0xc, 0x80, 0x1f,
    0xfc, 0x93, 0x10, 0x8, 0x50, 0x3, 0xff, 0x92,
    0xe0, 0x1b, 0x40, 0x3f, 0xf9, 0x3a, 0x1, 0x9c,
    0x3, 0xff, 0x92, 0x80, 0x18, 0x4c, 0x3, 0xff,
    0x92, 0xa0, 0x19, 0x0, 0x3f, 0xf9, 0x3e, 0x1,
    0xac, 0x3, 0xff, 0x92, 0x80, 0x18, 0xc4, 0x3,
    0xff, 0x90, 0x26, 0x1, 0x9c, 0x3, 0xff, 0x93,
    0x60, 0x1b, 0x40, 0x3f, 0xf9, 0x2a, 0x1, 0x90,
    0x40, 0x3f, 0xf9, 0x4, 0x40, 0xc, 0x80, 0x1f,
    0xfc, 0x95, 0x0, 0xde, 0x1, 0xff, 0xc9, 0xb0,
    0xc, 0xa0, 0x1f, 0xfc, 0x93, 0x10, 0xc, 0x80,
    0x1f, 0xfc, 0x97, 0x0, 0xda, 0x1, 0xff, 0xc9,
    0xd0, 0xc, 0xe0, 0x1f, 0xfc, 0x94, 0x30, 0x8,
    0x40, 0x3f, 0xf9, 0x5a, 0xa0, 0x2e, 0x0,

    /* U+005D "]" */
    0x1b, 0xff, 0xff, 0x74, 0x80, 0x2d, 0x0, 0x3f,
    0xc2, 0xd2, 0x1, 0xff, 0xc3, 0x70, 0x92, 0x0,
    0xff, 0xe0, 0x8, 0x1e, 0xff, 0x77, 0x94, 0x3,
    0xf8, 0x47, 0xd8, 0x1, 0xff, 0xff, 0x0, 0xff,
    0xff, 0x80, 0x7f, 0xff, 0xc0, 0x3f, 0xff, 0xe0,
    0x1f, 0xff, 0xf0, 0xf, 0xff, 0xf8, 0x7, 0xff,
    0xfc, 0x3, 0xff, 0xfe, 0x1, 0xff, 0xff, 0x0,
    0xff, 0xff, 0x80, 0x7f, 0xff, 0xc0, 0x3f, 0xff,
    0xe0, 0x1f, 0xfe, 0x62, 0xbf, 0xff, 0xa4, 0x3,
    0xd0, 0x80, 0x1f, 0xfc, 0x1, 0x0, 0xff, 0xe1,
    0xa0, 0x41, 0x0, 0x7f, 0xc9, 0x60, 0x5b, 0xdb,
    0xbf, 0xbb, 0xec, 0x40,

    /* U+005E "^" */
    0x0, 0xff, 0xe0, 0xa3, 0xb1, 0x80, 0x7f, 0xf3,
    0xb, 0x6e, 0x27, 0x30, 0x20, 0x1f, 0xfc, 0xae,
    0x20, 0xc, 0x74, 0x1, 0xff, 0xc9, 0x43, 0x0,
    0xf2, 0x18, 0x7, 0xff, 0x23, 0x80, 0x3f, 0x50,
    0x7, 0xff, 0x1c, 0x54, 0x3, 0xf3, 0x0, 0x7f,
    0xf1, 0xd8, 0x3, 0xfc, 0xc0, 0x1f, 0xfc, 0x6a,
    0x0, 0xc2, 0x1, 0xd4, 0x1, 0xff, 0xc5, 0x32,
    0x0, 0xd0, 0x60, 0x18, 0xc8, 0x3, 0xff, 0x89,
    0x20, 0x1c, 0xd4, 0x1, 0xd6, 0x1, 0xff, 0xc4,
    0x50, 0xc, 0xa0, 0xc0, 0x1c, 0xe0, 0x1f, 0xfc,
    0x36, 0x0, 0xee, 0x0, 0x28, 0x6, 0x15, 0x0,
    0xff, 0xe1, 0x50, 0x6, 0x14, 0x0, 0x48, 0x7,
    0x70, 0x7, 0xff, 0x4, 0xcc, 0x1, 0x98, 0x2,
    0x32, 0x0, 0xc8, 0x40, 0x1f, 0xfc, 0xa, 0x0,
    0xeb, 0x0, 0xd4, 0x1, 0xd4, 0x1, 0xff, 0xc0,
    0x60, 0xc, 0x46, 0x1, 0x98, 0x3, 0x98, 0x3,
    0xfe, 0x60, 0xe, 0xa0, 0xe, 0x14, 0x0, 0xc2,
    0xa0, 0x1f, 0xea, 0x0, 0xe6, 0x0, 0xf7, 0x80,
    0x77, 0x0, 0x7f, 0x11, 0x80, 0x64, 0x10, 0xf,
    0x20, 0x80, 0x64, 0x10, 0xf, 0xd6, 0x1, 0xdc,
    0x1, 0xf9, 0x80, 0x39, 0x80, 0x3f, 0x38, 0x7,
    0x28, 0x7, 0xea, 0x0, 0xe9, 0x0, 0xf9, 0x44,
    0x3, 0x30, 0x7, 0xf1, 0x20, 0x6, 0x14, 0x0,
    0xf7, 0x0, 0x75, 0x0, 0x7f, 0xb8, 0x3, 0xb8,
    0x3, 0x89, 0x0, 0x30, 0x98, 0x7, 0xf9, 0x44,
    0x3, 0x28, 0x80, 0x6a, 0x0, 0xe6, 0x0, 0xff,
    0xe0, 0x38, 0x7, 0x30, 0x6, 0x60, 0xe, 0xa0,
    0xf, 0xfe, 0x5, 0x0, 0x75, 0x0, 0x4a, 0x20,
    0x18, 0xc8, 0x3, 0xff, 0x80, 0x66, 0x0, 0xc4,
    0x80, 0xe, 0x0, 0xea, 0x0, 0xff, 0xe1, 0x50,
    0x7, 0x70, 0xa, 0x0, 0x73, 0x80, 0x7f, 0xf0,
    0x9c, 0x3, 0x94, 0x58, 0x3, 0x94, 0x40, 0x3f,
    0xf8, 0x42, 0xa0, 0x1c, 0xfa, 0x1, 0xd0, 0x1,
    0xff, 0xc4, 0x80, 0xe, 0xf9, 0x20, 0x14, 0xc2,
    0x0, 0xff, 0xe2, 0x16, 0xa8, 0x81, 0x50,

    /* U+005F "_" */
    0x3, 0xab, 0xcc, 0xff, 0xea, 0x5d, 0x20, 0xe,
    0x2a, 0x19, 0xff, 0xf5, 0x11, 0x6c, 0x94, 0x3,
    0xff, 0xb4, 0x8c, 0x1, 0xff, 0xda, 0x22, 0x48,
    0x80, 0x7f, 0xf5, 0x85, 0x90,

    /* U+0060 "`" */
    0x0, 0x3f, 0x69, 0x80, 0x7f, 0xaa, 0x4, 0xb0,
    0x80, 0x3f, 0x42, 0x80, 0x6c, 0x10, 0xf, 0x94,
    0x3, 0x87, 0x0, 0x3e, 0x40, 0xf, 0x15, 0x80,
    0x7a, 0xc, 0x3, 0xc9, 0x20, 0x1c, 0x3a, 0x60,
    0x1e, 0x67, 0x0, 0xe1, 0xc4, 0x0, 0xf4, 0x28,
    0x7, 0xad, 0x0, 0x3d, 0x48, 0x1, 0xeb, 0x50,
    0xf, 0x51, 0x0, 0x7a, 0x98, 0x3, 0x87, 0xc4,
    0x3, 0xd2, 0xc0, 0x1c, 0x52, 0x1, 0xf4, 0xb8,
    0x7, 0x10, 0x7, 0xe8, 0x80, 0x6, 0xe0, 0xf,
    0xe7, 0xa1, 0x2b, 0x40,

    /* U+0061 "a" */
    0x0, 0xff, 0x89, 0x67, 0x37, 0xbf, 0xdd, 0xb6,
    0xe4, 0x1, 0xff, 0xc5, 0x17, 0xdd, 0x53, 0x19,
    0x8, 0x0, 0x49, 0x23, 0x71, 0x40, 0x3f, 0xf8,
    0x25, 0x5d, 0x4, 0x1, 0xff, 0xc1, 0x3a, 0xb1,
    0x0, 0xff, 0x46, 0xa8, 0x7, 0xff, 0x19, 0x30,
    0x40, 0x3f, 0x6b, 0x80, 0x7f, 0xf2, 0x4b, 0x40,
    0x3e, 0x62, 0x0, 0xff, 0x9, 0x10, 0x40, 0x3f,
    0x8d, 0x80, 0x3c, 0x20, 0x1f, 0x24, 0xe7, 0xf6,
    0xeb, 0xbe, 0xd0, 0x3, 0xe9, 0x10, 0xe, 0x50,
    0xe, 0x7e, 0xb6, 0x30, 0xf, 0x25, 0xd0, 0x7,
    0xcc, 0x1, 0xc5, 0x20, 0x4, 0xd8, 0x10, 0xf,
    0xf9, 0x64, 0x3, 0xd4, 0x1, 0xe6, 0xff, 0x59,
    0x0, 0x7f, 0xf0, 0x98, 0x80, 0x38, 0x88, 0x1,
    0xff, 0xcd, 0x50, 0xf, 0x20, 0x7, 0xff, 0x37,
    0x0, 0x3d, 0xe0, 0x1f, 0xfc, 0xd7, 0x0, 0xf2,
    0x80, 0x7f, 0xf3, 0x44, 0x3, 0xc2, 0x1, 0xff,
    0xcd, 0x60, 0xf, 0x18, 0x7, 0xff, 0x24, 0x91,
    0xa2, 0x80, 0x3c, 0x20, 0x1f, 0xfc, 0x43, 0x7a,
    0xdf, 0xdb, 0x97, 0x10, 0xf, 0xfe, 0x39, 0x3d,
    0xfe, 0x42, 0x90, 0x7, 0xff, 0x2d, 0x73, 0x61,
    0x0, 0x3f, 0xf9, 0xcd, 0xd4, 0x60, 0x1f, 0xfc,
    0x11, 0x0, 0xff, 0xe0, 0x96, 0xc8, 0x80, 0x7f,
    0xa, 0x3d, 0x6f, 0xf0, 0x7, 0xff, 0x1, 0x74,
    0x80, 0x3f, 0x24, 0xef, 0x5c, 0x29, 0x0, 0x7f,
    0xf0, 0x52, 0x80, 0x3e, 0x18, 0xeb, 0x62, 0x0,
    0xff, 0xe2, 0x95, 0x80, 0x7c, 0xfc, 0xe2, 0x1,
    0xff, 0xc8, 0x90, 0xf, 0xe, 0x40, 0x7, 0xff,
    0x28, 0xd0, 0x3, 0xda, 0x60, 0x1f, 0xfc, 0xbb,
    0x0, 0xf3, 0x98, 0x7, 0xff, 0x31, 0x0, 0x3d,
    0x20, 0x1f, 0xfc, 0xd2, 0x0, 0xe1, 0x10, 0x7,
    0xff, 0x34, 0x40, 0x38, 0xc0, 0x3f, 0xfa, 0x84,
    0x1, 0xff, 0xc4, 0x30, 0xf, 0xfe, 0x21, 0x0,
    0x7f, 0xf0, 0x9b, 0x0, 0x3f, 0x88, 0x3, 0xd4,
    0x1, 0xff, 0xc0, 0x1a, 0x90, 0xf, 0xf2, 0x80,
    0x79, 0xcc, 0x3, 0xfc, 0xbe, 0xa0, 0x1f, 0xf5,
    0x80, 0x7d, 0x8e, 0x1, 0xe1, 0x6d, 0xa1, 0x0,
    0xff, 0xe0, 0x1a, 0x0, 0x7d, 0x1f, 0x95, 0x35,
    0xbd, 0x24, 0x1, 0xc4, 0x1, 0xfd, 0x20, 0x1f,
    0xc6, 0xac, 0xa4, 0x1, 0xe4, 0xce, 0x0, 0xfe,
    0x2b, 0x0, 0xff, 0xe2, 0xa6, 0x59, 0x90, 0x7,
    0xf9, 0x2c, 0x40, 0x3f, 0xf8, 0x29, 0x96, 0x60,
    0x1, 0x30, 0xc, 0x60, 0x1c, 0x9e, 0xc0, 0x1f,
    0xe6, 0xdb, 0x30, 0xe, 0xe3, 0x0, 0x17, 0x80,
    0x78, 0x67, 0xa5, 0x48, 0x40, 0x52, 0x7e, 0x48,
    0x3, 0xe2, 0xcf, 0xf6, 0x98, 0x0,

    /* U+0062 "b" */
    0x6, 0xdf, 0xec, 0x40, 0xf, 0xfe, 0x8a, 0xc9,
    0x0, 0x9d, 0x88, 0x7, 0xff, 0x43, 0x40, 0x3c,
    0x80, 0x1f, 0xfd, 0x1, 0x0, 0xff, 0xff, 0x80,
    0x7f, 0xff, 0xc4, 0x3, 0xff, 0xfe, 0x1, 0xff,
    0xff, 0x0, 0xff, 0xfa, 0xb8, 0x7, 0xff, 0xfc,
    0x3, 0xff, 0xfe, 0x2d, 0x59, 0xbb, 0x5c, 0xa8,
    0x80, 0x7f, 0xf2, 0xd2, 0xfa, 0x54, 0xc8, 0xa4,
    0x6a, 0xeb, 0x30, 0xf, 0xfe, 0x20, 0x80, 0xa,
    0xec, 0x80, 0x1f, 0xf2, 0x64, 0x80, 0x7f, 0xf1,
    0x5f, 0x50, 0x3, 0xff, 0x86, 0xda, 0x40, 0x1f,
    0xfc, 0x16, 0xc8, 0x0, 0xff, 0xe3, 0x16, 0x8,
    0x7, 0xff, 0x2, 0xcc, 0x3, 0xff, 0x90, 0x38,
    0x1, 0xff, 0xc6, 0x16, 0xbe, 0xfe, 0xda, 0x40,
    0xf, 0xc5, 0x20, 0x1f, 0xfc, 0x48, 0xe9, 0x41,
    0x1, 0x25, 0xbd, 0x30, 0xf, 0x98, 0xc0, 0x3f,
    0xf8, 0x2b, 0xce, 0x1, 0xfc, 0x58, 0xa0, 0x1f,
    0x40, 0x7, 0xff, 0x2, 0x68, 0x40, 0x3f, 0xf8,
    0x14, 0x60, 0x1e, 0x42, 0x0, 0xfe, 0x1c, 0x60,
    0xf, 0xfe, 0x1f, 0x80, 0x7d, 0x40, 0x1f, 0xd0,
    0x60, 0x1f, 0xfc, 0x43, 0x40, 0xf, 0x30, 0x7,
    0xf1, 0x80, 0x7f, 0xf1, 0xb8, 0x3, 0xc2, 0x40,
    0x1f, 0xfc, 0xf5, 0x0, 0xf9, 0x0, 0x3f, 0xfa,
    0x6, 0x1, 0xef, 0x0, 0xff, 0xe8, 0x28, 0x7,
    0x88, 0x3, 0xff, 0xa1, 0xc0, 0x1e, 0x60, 0xf,
    0xfe, 0x80, 0x80, 0x78, 0x80, 0x3f, 0xfa, 0x6,
    0x1, 0xff, 0xd7, 0x10, 0xf, 0xff, 0xd8, 0x80,
    0x7f, 0xf5, 0xcc, 0x3, 0xff, 0xae, 0x20, 0x1e,
    0x20, 0xf, 0xfe, 0x86, 0x80, 0x78, 0x40, 0x3f,
    0xfa, 0xe, 0x1, 0xe5, 0x0, 0xff, 0xe7, 0x89,
    0x0, 0x7b, 0xc0, 0x3f, 0xf9, 0xec, 0x1, 0xf2,
    0x0, 0x7f, 0xf3, 0xe8, 0x3, 0xc4, 0x40, 0xf,
    0xfe, 0x72, 0x90, 0x7, 0xa8, 0x3, 0xff, 0x9c,
    0x36, 0x1, 0xf3, 0x0, 0x7f, 0x71, 0x0, 0x7f,
    0xf0, 0xe8, 0x40, 0x3c, 0xc2, 0x1, 0xfc, 0x9b,
    0x22, 0x1, 0xff, 0xc0, 0xa4, 0x0, 0xfa, 0x0,
    0x3f, 0xf8, 0xd, 0xd2, 0x40, 0x1f, 0x8b, 0x14,
    0x3, 0xe9, 0x10, 0xf, 0xfe, 0x13, 0x6e, 0x31,
    0x0, 0x49, 0x5a, 0x60, 0x1f, 0x2b, 0x0, 0x7f,
    0xf1, 0x4e, 0x77, 0xbf, 0xd6, 0xa0, 0x1f, 0x8e,
    0x80, 0x3f, 0xe1, 0x20, 0xf, 0xc2, 0x1, 0xff,
    0x1e, 0x0, 0x7f, 0xf0, 0x1f, 0x54, 0x3, 0xff,
    0x8c, 0xb8, 0x1, 0xf0, 0x80, 0x76, 0x85, 0x50,
    0x40, 0x3f, 0xf8, 0x43, 0x34, 0x1, 0xfa, 0x80,
    0x32, 0xa0, 0x1, 0x7a, 0x4, 0x3, 0xfc, 0x2f,
    0xec, 0x1, 0xfc, 0x5d, 0x53, 0x94, 0x1, 0xcf,
    0xd6, 0xc6, 0x20, 0x1, 0x36, 0xbe, 0x81, 0x0,
    0xff, 0x0,

    /* U+0063 "c" */
    0x0, 0xff, 0xe0, 0x8a, 0xcd, 0xf7, 0xfb, 0xb7,
    0x25, 0x44, 0x3, 0xff, 0x8a, 0x75, 0xd4, 0xc8,
    0x20, 0x1, 0x23, 0x6a, 0xe9, 0x10, 0xf, 0xfe,
    0x9, 0x5e, 0x28, 0x7, 0xff, 0x5, 0xb9, 0x40,
    0x3f, 0xe7, 0xd4, 0x0, 0xff, 0xe2, 0xd4, 0x0,
    0x7f, 0x54, 0x0, 0x7f, 0xf2, 0x1c, 0xc0, 0x3e,
    0xc5, 0x0, 0xff, 0x9, 0x10, 0x40, 0x3f, 0x38,
    0x7, 0xac, 0xc0, 0x3f, 0x2d, 0xff, 0x6e, 0xbb,
    0x60, 0x40, 0x31, 0x20, 0x7, 0x4a, 0x0, 0x7c,
    0x7b, 0x48, 0x1, 0xc4, 0xfe, 0x80, 0x2, 0xf0,
    0xe, 0x46, 0x0, 0xf9, 0xb0, 0x80, 0x3f, 0x86,
    0xf2, 0xf4, 0x80, 0x3a, 0x40, 0x3e, 0x69, 0x0,
    0xff, 0xe0, 0x9a, 0x0, 0x79, 0x88, 0x3, 0xc7,
    0x20, 0x1f, 0xfc, 0xab, 0x0, 0xfb, 0x80, 0x3f,
    0xf9, 0x48, 0x40, 0x1e, 0x72, 0x0, 0xff, 0xe5,
    0x68, 0x7, 0xd2, 0x1, 0xff, 0xcb, 0x40, 0xf,
    0x28, 0x80, 0x7f, 0xf2, 0x84, 0x80, 0x3d, 0x80,
    0x1f, 0xfc, 0xb2, 0x0, 0xf9, 0x40, 0x3f, 0xf9,
    0x6c, 0x1, 0xf1, 0x80, 0x7f, 0xf2, 0xc8, 0x3,
    0xc2, 0x1, 0xff, 0xcc, 0xf0, 0xf, 0x18, 0x7,
    0xff, 0x4c, 0x40, 0x3f, 0xfd, 0x9e, 0x1, 0xe1,
    0x0, 0xff, 0xe6, 0x8, 0x7, 0x88, 0x3, 0xff,
    0x98, 0x40, 0x1f, 0x8, 0x7, 0xff, 0x2d, 0x80,
    0x3e, 0x50, 0xf, 0xfe, 0x59, 0x8, 0x7, 0xb4,
    0x3, 0xff, 0x98, 0xa0, 0x1e, 0x70, 0xf, 0xfe,
    0x66, 0x80, 0x78, 0x54, 0x3, 0xff, 0x96, 0xe0,
    0x1f, 0x40, 0x7, 0xff, 0x2c, 0x54, 0x3, 0xc5,
    0x0, 0x1f, 0xfc, 0xb8, 0x0, 0xf9, 0xd4, 0x3,
    0xff, 0x94, 0x4c, 0x1, 0xf5, 0x30, 0x7, 0xff,
    0x9, 0xed, 0x40, 0x3a, 0x44, 0x3, 0xe9, 0x90,
    0x80, 0x7f, 0x8b, 0x61, 0x29, 0x40, 0x3b, 0x40,
    0x3f, 0x37, 0x4a, 0x0, 0x71, 0x2d, 0xe9, 0x0,
    0x50, 0x1, 0xc7, 0x40, 0x1f, 0xcd, 0x7f, 0xee,
    0xe7, 0xed, 0x20, 0x7, 0x10, 0x7, 0x96, 0xc0,
    0x3f, 0xf8, 0x2, 0x20, 0xf, 0xe4, 0x0, 0xf9,
    0x30, 0x80, 0x3f, 0xf9, 0x7, 0x40, 0x1f, 0x8f,
    0x5c, 0x3, 0xff, 0x8c, 0xd8, 0x20, 0x1f, 0xe8,
    0xe6, 0x10, 0xf, 0xfe, 0xa, 0xe4, 0x80, 0x7f,
    0xf0, 0x46, 0x7a, 0xdd, 0x8, 0x2, 0x12, 0x47,
    0xbe, 0xa3, 0x0, 0xc0,

    /* U+0064 "d" */
    0x0, 0xff, 0xe8, 0xc6, 0xff, 0x59, 0x0, 0x7f,
    0xf4, 0x61, 0xc8, 0x5, 0x30, 0x3, 0xff, 0xa2,
    0x60, 0x1c, 0x24, 0x1, 0xff, 0xd0, 0x70, 0xf,
    0x8, 0x7, 0xff, 0x41, 0xc0, 0x3f, 0xff, 0xe0,
    0x1f, 0xff, 0x81, 0x0, 0xff, 0xff, 0x80, 0x7f,
    0xf5, 0xc, 0x3, 0xff, 0xfe, 0x1, 0xff, 0xd4,
    0x10, 0xf, 0xff, 0xf8, 0x7, 0xff, 0x10, 0x56,
    0x73, 0xba, 0xdb, 0x83, 0x0, 0xef, 0x0, 0xff,
    0xe2, 0x95, 0x75, 0x31, 0x88, 0xc4, 0x8f, 0x98,
    0x30, 0xf, 0xfe, 0x44, 0x6a, 0x80, 0x7f, 0xc7,
    0x92, 0x1, 0xff, 0xc5, 0x2d, 0x70, 0xf, 0xfe,
    0x1b, 0x72, 0x0, 0x7f, 0xf0, 0x8f, 0x8, 0x3,
    0xff, 0x8a, 0x37, 0x20, 0x1f, 0xfc, 0x2, 0xd1,
    0x0, 0xff, 0xe4, 0x8, 0x7, 0xfc, 0x3e, 0x20,
    0x1f, 0x96, 0xf7, 0xfb, 0x69, 0x44, 0x3, 0xff,
    0x89, 0x44, 0x1, 0xf2, 0xf5, 0x21, 0x0, 0x92,
    0xd7, 0x40, 0x80, 0x7f, 0xf0, 0x55, 0x0, 0x3e,
    0x8a, 0x10, 0xf, 0xe7, 0xe5, 0x0, 0xff, 0xe0,
    0x58, 0x7, 0xd0, 0xe0, 0x1f, 0xfc, 0x1a, 0xa0,
    0x7, 0xf9, 0x84, 0x3, 0xca, 0xe0, 0x1f, 0xfc,
    0x35, 0x30, 0xf, 0xeb, 0x0, 0xfa, 0xc0, 0x3f,
    0xf9, 0xc6, 0x40, 0x1e, 0x81, 0x0, 0xff, 0xe7,
    0x20, 0x7, 0xcc, 0x1, 0xff, 0xcf, 0xc0, 0xf,
    0x20, 0x80, 0x7f, 0xf3, 0xd0, 0x3, 0xd8, 0x1,
    0xff, 0xcf, 0x10, 0xf, 0x8c, 0x3, 0xff, 0x9e,
    0x40, 0x1f, 0x20, 0x7, 0xff, 0x3d, 0x80, 0x3f,
    0xfb, 0xc2, 0x1, 0xff, 0xd0, 0x30, 0xf, 0x18,
    0x7, 0xff, 0xd0, 0xc0, 0x3c, 0x60, 0x1f, 0xfd,
    0x1, 0x0, 0xf0, 0x80, 0x7f, 0xf4, 0x1c, 0x3,
    0xe1, 0x0, 0xff, 0xe7, 0x90, 0x7, 0xca, 0x1,
    0xff, 0xcf, 0x11, 0x0, 0x78, 0xc0, 0x3f, 0xfa,
    0xa, 0x1, 0xeb, 0x0, 0xff, 0xe8, 0x60, 0x7,
    0x8c, 0x40, 0x3f, 0xf9, 0xe8, 0x1, 0xf4, 0x80,
    0x7f, 0xf3, 0xcc, 0x80, 0x3c, 0xe4, 0x1, 0xff,
    0xc4, 0x43, 0x0, 0xfe, 0xa0, 0xf, 0xa4, 0x3,
    0xff, 0x86, 0xb6, 0x1, 0xfe, 0x71, 0x0, 0xf2,
    0x50, 0x7, 0xff, 0x6, 0x28, 0x3, 0xff, 0x81,
    0x0, 0x1f, 0x2d, 0x90, 0x7, 0xf2, 0x6b, 0x80,
    0x7f, 0xf0, 0x58, 0xc0, 0x3e, 0x4d, 0x94, 0x0,
    0xc4, 0xd9, 0x64, 0x1, 0xff, 0xc3, 0xe1, 0x0,
    0xfc, 0xd7, 0xfe, 0xef, 0xd9, 0x30, 0xf, 0xfe,
    0x29, 0x68, 0x7, 0xff, 0x0, 0x40, 0x3f, 0x16,
    0x80, 0x7f, 0xf0, 0xf, 0x4, 0x3, 0xff, 0x8c,
    0xba, 0x44, 0x0, 0xe1, 0x0, 0xf1, 0xfa, 0x0,
    0x7f, 0xf0, 0xc6, 0xa8, 0x0, 0x70, 0xe, 0x30,
    0xf, 0x86, 0xec, 0x60, 0x1f, 0xf1, 0x47, 0x28,
    0x5, 0x2, 0x1, 0x30, 0x80, 0x7f, 0x26, 0x6c,
    0xa9, 0x8, 0x0, 0x4d, 0xef, 0x5c, 0x3, 0x8b,
    0xea, 0x72, 0x40,

    /* U+0065 "e" */
    0x0, 0xff, 0xe0, 0xa4, 0x5f, 0x7f, 0xdb, 0x70,
    0x80, 0x1f, 0xfc, 0xa7, 0xeb, 0x74, 0x10, 0x8,
    0x91, 0xef, 0x9c, 0x3, 0xff, 0x8c, 0xbd, 0x2,
    0x1, 0xff, 0xc, 0x72, 0x0, 0x7f, 0xf0, 0xea,
    0x82, 0x1, 0xff, 0xc3, 0x1b, 0x70, 0xf, 0xfe,
    0x0, 0xe2, 0x80, 0x7f, 0xf1, 0xe2, 0x0, 0x1f,
    0xe1, 0xc3, 0x0, 0xfc, 0x48, 0xa8, 0x60, 0x1f,
    0x9d, 0x40, 0x3f, 0xb4, 0x80, 0x3c, 0x33, 0xdb,
    0x75, 0x79, 0xd2, 0x20, 0x1e, 0xa1, 0x0, 0xfa,
    0x4c, 0x3, 0xcd, 0xcc, 0x20, 0x1c, 0x2d, 0xe8,
    0x1, 0xeb, 0x0, 0xf2, 0x30, 0x7, 0xa6, 0x40,
    0x1f, 0xe1, 0xb4, 0x0, 0xe5, 0x20, 0xe, 0x90,
    0xf, 0x43, 0x0, 0x7f, 0xf0, 0x68, 0x40, 0x3a,
    0xc0, 0x33, 0x10, 0x7, 0x2b, 0x80, 0x7f, 0xf0,
    0x86, 0x0, 0x39, 0xc0, 0x35, 0x80, 0x7a, 0xc0,
    0x3f, 0xf8, 0x8c, 0x20, 0x18, 0x4c, 0x0, 0x64,
    0x1, 0xce, 0x20, 0x1f, 0xfc, 0x54, 0x0, 0xe4,
    0x0, 0x58, 0x7, 0xa8, 0x3, 0xff, 0x8d, 0x80,
    0x1d, 0xa0, 0x5, 0x0, 0xe2, 0x20, 0x7, 0xff,
    0x18, 0x80, 0x39, 0xc0, 0x4, 0x1, 0xce, 0x1,
    0xff, 0xc7, 0x70, 0xe, 0x30, 0x30, 0xf, 0x68,
    0x7, 0xff, 0x1d, 0x40, 0x38, 0x41, 0x80, 0x3d,
    0x1f, 0xff, 0xfc, 0x79, 0x0, 0xf8, 0x80, 0x3f,
    0xfa, 0xde, 0x1, 0xff, 0xd4, 0x10, 0xf, 0xfe,
    0xb3, 0x80, 0x7f, 0xf5, 0x52, 0x43, 0xc0, 0x3c,
    0x59, 0xbb, 0xff, 0xca, 0xfb, 0x0, 0x8, 0x7,
    0x94, 0xc8, 0xbf, 0xf9, 0x40, 0x18, 0x80, 0x3c,
    0x20, 0x1f, 0xfc, 0xf6, 0x0, 0xf1, 0x0, 0x7f,
    0xf3, 0xc8, 0x40, 0x39, 0x0, 0x3f, 0xfa, 0x8,
    0x1, 0xe5, 0x0, 0xff, 0xe7, 0xf8, 0x7, 0xa4,
    0x3, 0xff, 0x9e, 0xa0, 0x1e, 0x36, 0x0, 0xff,
    0xe7, 0xb0, 0x7, 0xa0, 0x80, 0x3f, 0xf9, 0xd0,
    0x1, 0xe1, 0xf1, 0x0, 0xff, 0xe6, 0x8b, 0x80,
    0x78, 0xb0, 0x80, 0x3f, 0xf9, 0xb0, 0x60, 0x1e,
    0x2d, 0x60, 0xf, 0xfe, 0xa, 0x5e, 0xb0, 0x7,
    0xee, 0x10, 0xf, 0xa7, 0x58, 0x40, 0x3f, 0x2d,
    0xd9, 0xa, 0x50, 0x3, 0xe2, 0xd0, 0xf, 0xc5,
    0x3d, 0xb7, 0x53, 0x57, 0xbf, 0x48, 0x1, 0xb8,
    0x3, 0xf1, 0xe0, 0x80, 0x7f, 0x12, 0x2b, 0x2a,
    0x10, 0x7, 0xff, 0x14, 0xfc, 0xc0, 0x3f, 0xf9,
    0x52, 0x1, 0xfe, 0x1c, 0x91, 0x0, 0xff, 0xe3,
    0x2e, 0x98, 0x7, 0xff, 0x1, 0xba, 0x8, 0x3,
    0xff, 0x84, 0xb9, 0x44, 0x1, 0xff, 0xc3, 0x7d,
    0xd4, 0x29, 0x88, 0x4, 0x24, 0xb1, 0x7f, 0x46,
    0x1, 0xe0,

    /* U+0066 "f" */
    0x0, 0xff, 0xe0, 0x92, 0xbc, 0x41, 0x44, 0x3,
    0xff, 0x86, 0xfb, 0xaa, 0x87, 0x75, 0x77, 0x2d,
    0x0, 0x3f, 0xc7, 0xd0, 0x40, 0x1f, 0xa, 0x59,
    0x0, 0x7e, 0x4c, 0x10, 0xf, 0xfe, 0x3, 0x0,
    0x7c, 0x36, 0x1, 0xff, 0xc2, 0x50, 0xf, 0xa8,
    0x3, 0xff, 0x84, 0xc2, 0x1, 0xe3, 0x40, 0xf,
    0xa3, 0x7f, 0xb2, 0x6a, 0x40, 0x3e, 0xa0, 0xf,
    0xb1, 0xc8, 0x4, 0xd9, 0x40, 0x3f, 0x38, 0x7,
    0xa0, 0xc0, 0x3f, 0xf8, 0x42, 0x20, 0xf, 0x38,
    0x7, 0xff, 0xd, 0x40, 0x3c, 0x60, 0x1f, 0xfc,
    0x41, 0x0, 0xf2, 0x80, 0x7f, 0xf1, 0xc, 0x3,
    0xc2, 0x1, 0xff, 0xc4, 0x10, 0xf, 0x78, 0x7,
    0xff, 0xfc, 0x3, 0xff, 0xda, 0x4d, 0x15, 0x40,
    0xf, 0x55, 0xdf, 0x53, 0x0, 0x64, 0xd9, 0x75,
    0x20, 0xf, 0x12, 0x27, 0x2c, 0xb0, 0x5, 0xe0,
    0x1f, 0xfc, 0x7d, 0x0, 0x9c, 0x3, 0xff, 0x96,
    0xa0, 0x1f, 0xfc, 0x73, 0x0, 0xa1, 0x0, 0x3f,
    0xf8, 0xab, 0x0, 0x10, 0xdf, 0xfd, 0x0, 0x1e,
    0x8f, 0xff, 0x50, 0x7, 0xff, 0xfc, 0x3, 0xff,
    0xfe, 0x1, 0xff, 0xff, 0x0, 0xff, 0xff, 0x80,
    0x7f, 0xff, 0xc0, 0x3f, 0xff, 0xe0, 0x1f, 0xff,
    0xf0, 0xf, 0xff, 0xf8, 0x7, 0xff, 0xfc, 0x3,
    0xff, 0xd4, 0x40, 0x1e, 0x20, 0xf, 0xfe, 0x22,
    0x90, 0x6, 0x25, 0x0, 0xff, 0xe2, 0xed, 0xc4,
    0x2f, 0x40, 0x3f, 0xf8, 0x0,

    /* U+0067 "g" */
    0x0, 0xff, 0xe1, 0x89, 0x10, 0x40, 0x3f, 0xfa,
    0x2b, 0x3b, 0xfd, 0xba, 0xef, 0xd9, 0x77, 0xff,
    0x99, 0x0, 0x3f, 0xe7, 0xea, 0x62, 0x0, 0xf1,
    0x34, 0x47, 0xfd, 0x37, 0x20, 0x1f, 0x8f, 0xa0,
    0x40, 0x3f, 0xf9, 0x8c, 0x1, 0xf3, 0xe0, 0x80,
    0x7f, 0xf5, 0x62, 0x0, 0x1f, 0xfd, 0x2, 0x0,
    0xe6, 0x70, 0xf, 0x92, 0xb7, 0xfb, 0x20, 0x80,
    0x3f, 0xf8, 0x25, 0xc0, 0x18, 0x64, 0x3, 0xc3,
    0x96, 0xa4, 0x2, 0x6f, 0xae, 0x1, 0xe4, 0xff,
    0xed, 0x30, 0xd, 0x60, 0x1e, 0x1f, 0x30, 0xf,
    0xd1, 0x20, 0x1c, 0x8e, 0x1, 0xfc, 0x2a, 0x1,
    0xed, 0x10, 0xf, 0xf3, 0x30, 0x3, 0xa0, 0x3,
    0xf9, 0x80, 0x3c, 0xa6, 0x1, 0xff, 0xc0, 0x80,
    0xf, 0x38, 0x7, 0xec, 0x0, 0xf4, 0x80, 0x7f,
    0xf0, 0x45, 0x80, 0x3b, 0x0, 0x3f, 0x28, 0x7,
    0x9, 0x80, 0x7f, 0xf0, 0xb0, 0x3, 0x90, 0x3,
    0xf0, 0x80, 0x71, 0x0, 0x7f, 0xf0, 0xdc, 0x3,
    0xc2, 0x1, 0xff, 0xc1, 0x70, 0xf, 0xfe, 0x19,
    0x80, 0x78, 0xc0, 0x3f, 0xfa, 0x22, 0x1, 0xe1,
    0x0, 0xff, 0xe0, 0xb8, 0x7, 0xff, 0xc, 0x80,
    0x3f, 0xf8, 0x42, 0x1, 0xc6, 0x1, 0xff, 0xc3,
    0x60, 0xf, 0x10, 0x7, 0xca, 0x1, 0xe3, 0x0,
    0xff, 0xe1, 0x68, 0x7, 0x8, 0x80, 0x3e, 0xc0,
    0xf, 0x48, 0x7, 0xff, 0x9, 0x80, 0x39, 0x0,
    0x3f, 0x28, 0x7, 0x94, 0xc0, 0x3f, 0xf8, 0x10,
    0x1, 0xee, 0x0, 0xfc, 0x4a, 0x1, 0xee, 0x10,
    0xf, 0xf2, 0xb8, 0x7, 0x12, 0x0, 0x7f, 0x40,
    0x7, 0x8b, 0xc, 0x3, 0xf3, 0xd0, 0x7, 0xa4,
    0x3, 0xfc, 0x52, 0x1, 0xe2, 0xca, 0x41, 0x1,
    0x37, 0xd8, 0x0, 0xf3, 0xa0, 0x7, 0xfc, 0xce,
    0x1, 0xf2, 0xdf, 0x7f, 0x64, 0x10, 0x7, 0x96,
    0x0, 0x3f, 0xf8, 0x30, 0x60, 0x1f, 0xfc, 0x77,
    0xa0, 0xf, 0xfe, 0x11, 0x10, 0x3, 0xff, 0x8a,
    0x37, 0x0, 0x1f, 0xfc, 0x23, 0xc1, 0x0, 0x84,
    0xc0, 0x3f, 0xc3, 0x1c, 0x80, 0x1f, 0xfc, 0x21,
    0xd1, 0x0, 0xd9, 0x8d, 0x84, 0x21, 0x23, 0x48,
    0xce, 0x70, 0xf, 0xfe, 0x25, 0x88, 0x6, 0x92,
    0x2, 0x7b, 0xde, 0xdc, 0xb7, 0x30, 0xf, 0xfe,
    0x32, 0x80, 0x61, 0x60, 0xf, 0xfe, 0x89, 0x80,
    0x72, 0x80, 0x7f, 0xf4, 0x98, 0x3, 0xff, 0xbc,
    0x80, 0x1f, 0xfd, 0x26, 0x0, 0xf5, 0x80, 0x7f,
    0xf4, 0x4c, 0x3, 0xc9, 0xce, 0x62, 0x1, 0xff,
    0xce, 0x50, 0xf, 0xc, 0x67, 0x7f, 0xff, 0xbb,
    0x99, 0x4e, 0x80, 0x1f, 0xeb, 0x0, 0xff, 0xe4,
    0x8, 0x8d, 0x62, 0xfe, 0x48, 0x3, 0xe1, 0xb0,
    0xf, 0xfe, 0x73, 0x6c, 0x0, 0x7c, 0x96, 0x1,
    0xff, 0xcf, 0x7a, 0x0, 0xf1, 0x48, 0x7, 0xff,
    0x41, 0x58, 0x3, 0x26, 0x90, 0x6, 0x97, 0x42,
    0x10, 0xf, 0xfe, 0x44, 0x80, 0x47, 0x60, 0x18,
    0x75, 0xa2, 0xf7, 0xbf, 0xff, 0xbb, 0x24, 0xc0,
    0x3f, 0x28, 0xe, 0x80, 0x76, 0x10, 0x7, 0xff,
    0x8, 0x4d, 0xb2, 0x80, 0x3e, 0xc0, 0x81, 0x0,
    0xd2, 0x40, 0x1f, 0xfc, 0x75, 0x70, 0xf, 0x10,
    0x30, 0x6, 0x16, 0x0, 0xff, 0xe4, 0xd0, 0x7,
    0x9d, 0x40, 0x38, 0x80, 0x3f, 0xf9, 0x44, 0x1,
    0xe7, 0x20, 0xe, 0x60, 0xf, 0xfe, 0x51, 0x0,
    0x78, 0xbc, 0x3, 0x98, 0x3, 0xff, 0x94, 0xa0,
    0x1e, 0xcf, 0x0, 0xe3, 0x10, 0xf, 0xfe, 0x40,
    0xc8, 0x7, 0xa, 0x98, 0x7, 0xac, 0x3, 0xff,
    0x8e, 0x3a, 0x20, 0x1d, 0x20, 0x80, 0x1e, 0x58,
    0x0, 0xff, 0xe2, 0x9e, 0x18, 0x7, 0x13, 0x80,
    0x18, 0x3, 0xcf, 0x66, 0x1, 0xff, 0xc1, 0x19,
    0xc2, 0x0, 0xe1, 0xf0, 0xa, 0x4, 0x3, 0xc9,
    0x98, 0x73, 0x10, 0xf, 0x1b, 0x5f, 0x30, 0x7,
    0x87, 0x48, 0x2, 0x1d, 0x0, 0xfc, 0x71, 0x9d,
    0xfd, 0xba, 0xef, 0xc9, 0x40, 0xf, 0x8b, 0xc,
    0x3, 0x8f, 0x48, 0x3, 0xfe, 0x12, 0x20, 0x80,
    0x7f, 0x9f, 0x48, 0x3, 0xe2, 0xd7, 0x0, 0xff,
    0xe5, 0x2e, 0xc0, 0x7, 0xfd, 0x1d, 0x6, 0x1,
    0xff, 0xc4, 0x28, 0xea, 0x20, 0xf, 0xfe, 0x8,
    0xbe, 0x75, 0x42, 0x99, 0x8, 0x4, 0x24, 0x8f,
    0x5b, 0xa7, 0x10, 0xf, 0xe0,

    /* U+0068 "h" */
    0x6, 0xdf, 0xec, 0x40, 0xf, 0xfe, 0x72, 0xc9,
    0x0, 0x9d, 0x88, 0x7, 0xff, 0x37, 0x40, 0x3c,
    0x80, 0x1f, 0xfc, 0xd1, 0x0, 0xff, 0xff, 0x80,
    0x7f, 0xfc, 0xc4, 0x3, 0xff, 0xfe, 0x1, 0xff,
    0xff, 0x0, 0xff, 0xff, 0x80, 0x73, 0x80, 0x7f,
    0xff, 0xc0, 0x3f, 0xfa, 0x67, 0x17, 0xdf, 0xee,
    0xc8, 0x40, 0xf, 0xfe, 0x4b, 0x6e, 0x3a, 0x8,
    0x0, 0x4d, 0xef, 0x54, 0x3, 0xff, 0x8a, 0x9b,
    0x24, 0x1, 0xfe, 0x2a, 0x90, 0xf, 0xfe, 0x0,
    0x80, 0x26, 0xc8, 0x3, 0xff, 0x84, 0xd4, 0x1,
    0xff, 0xc0, 0x1c, 0x60, 0xf, 0xfe, 0x2a, 0xb8,
    0x7, 0xf9, 0xfc, 0xc0, 0x3f, 0xf8, 0xf0, 0x20,
    0x1f, 0xd4, 0x20, 0x1c, 0x93, 0x9b, 0xd9, 0x24,
    0x1, 0xfa, 0x40, 0x3f, 0xf8, 0x49, 0xb6, 0xc6,
    0x42, 0x6d, 0xac, 0x1, 0xf3, 0x0, 0x7f, 0xf0,
    0x6a, 0xc8, 0x3, 0xf4, 0xa0, 0x7, 0x85, 0x0,
    0x3f, 0xc3, 0xaa, 0x1, 0xff, 0x48, 0x7, 0xd8,
    0x1, 0xfc, 0x5e, 0x40, 0x1f, 0xfc, 0x2, 0x40,
    0xf, 0x18, 0x7, 0xe3, 0xc1, 0x0, 0xff, 0xe1,
    0x68, 0x7, 0x98, 0x3, 0xf4, 0x88, 0x7, 0xff,
    0xd, 0x40, 0x3c, 0x40, 0x1f, 0xfc, 0xd2, 0x0,
    0xff, 0xea, 0x8, 0x7, 0xc2, 0x1, 0xff, 0xee,
    0x10, 0xf, 0xff, 0xf8, 0x7, 0xff, 0xfc, 0x3,
    0xff, 0xfe, 0x1, 0xff, 0xff, 0x0, 0xff, 0xff,
    0x80, 0x7f, 0xff, 0xc0, 0x3f, 0xff, 0xe0, 0x1f,
    0xff, 0xf0, 0xf, 0xff, 0xf8, 0x7, 0xff, 0x37,
    0x80, 0x3c, 0xc0, 0x1f, 0xfc, 0x52, 0x0, 0xf0,
    0xb1, 0x0, 0x64, 0x30, 0xf, 0xfe, 0x2c, 0x0,
    0x74, 0x0, 0xed, 0xcc, 0xb2, 0xc0, 0x3f, 0xf8,
    0xc9, 0xd5, 0x35, 0xae, 0x0,

    /* U+0069 "i" */
    0x0, 0x2e, 0x7f, 0xad, 0x0, 0x28, 0xa3, 0x0,
    0x25, 0xa8, 0x1b, 0x80, 0x7a, 0x86, 0xc0, 0x3f,
    0x39, 0x0, 0x7e, 0xe2, 0x0, 0xfd, 0xf8, 0x1,
    0xf9, 0x51, 0x40, 0x3c, 0xe4, 0x15, 0x24, 0x0,
    0x3a, 0x80, 0x9, 0xb7, 0xfd, 0x8a, 0x1, 0xff,
    0xf5, 0x24, 0x40, 0x80, 0x76, 0x6d, 0xdb, 0xa4,
    0x2, 0x73, 0x0, 0xcc, 0x60, 0xe, 0x0, 0xf3,
    0x0, 0x7f, 0xff, 0xc0, 0x3f, 0xff, 0xe0, 0x1f,
    0xff, 0xf0, 0xf, 0xff, 0xf8, 0x7, 0xff, 0x50,
    0x40, 0x3f, 0xb4, 0x3, 0xc8, 0x0, 0x59, 0x20,
    0x13, 0xb1, 0x0,

    /* U+006A "j" */
    0x0, 0xff, 0x2e, 0x7f, 0xac, 0xc0, 0x3f, 0xe7,
    0xa3, 0x0, 0x26, 0x28, 0x7, 0xf1, 0x40, 0x7,
    0xa8, 0x40, 0x3f, 0x28, 0x7, 0xe4, 0x0, 0xfd,
    0xe0, 0x1f, 0x88, 0x3, 0xf7, 0x80, 0x7e, 0x20,
    0xf, 0xca, 0x1, 0xf9, 0x0, 0x3f, 0x13, 0x80,
    0x7a, 0x44, 0x3, 0xfa, 0x29, 0x4, 0x49, 0x6c,
    0x1, 0xff, 0x2d, 0xf7, 0x2d, 0x0, 0x3f, 0xff,
    0xe0, 0x1f, 0xfe, 0x23, 0x66, 0x18, 0x7, 0xff,
    0x7, 0x31, 0x32, 0xcc, 0x0, 0x7f, 0xca, 0x60,
    0x18, 0xd4, 0x3, 0xfc, 0x40, 0x1e, 0x20, 0xf,
    0xfe, 0x2f, 0x80, 0x7f, 0xff, 0xc0, 0x3f, 0xff,
    0xe0, 0x1f, 0xff, 0xf0, 0xf, 0xff, 0xf8, 0x7,
    0xff, 0xfc, 0x3, 0xff, 0xfe, 0x1, 0xff, 0xff,
    0x0, 0xff, 0xff, 0x80, 0x7f, 0xff, 0xc0, 0x3f,
    0xfc, 0x1e, 0x1, 0xfe, 0xf0, 0xf, 0xfe, 0x28,
    0x80, 0x78, 0x40, 0x3f, 0xca, 0x1, 0xe3, 0x0,
    0xff, 0x18, 0x7, 0x98, 0x3, 0xf9, 0xc0, 0x3e,
    0x20, 0x1, 0x0, 0x71, 0xc0, 0x7, 0x88, 0x40,
    0xf7, 0xf2, 0x65, 0x78, 0x1, 0xf2, 0x80, 0x10,
    0x0, 0x6c, 0xc4, 0x0, 0xfd, 0x60, 0xc, 0x0,
    0xff, 0xe0, 0xa1, 0x80, 0x1c, 0x3, 0xff, 0x80,
    0x34, 0x1, 0x58, 0x7, 0xfc, 0x3a, 0x20, 0x13,
    0xda, 0x98, 0x80, 0x61, 0x38, 0xf3, 0x0, 0xc0,

    /* U+006B "k" */
    0x6, 0xdf, 0xeb, 0x30, 0xf, 0xfe, 0x72, 0xc9,
    0x0, 0xa6, 0x8, 0x7, 0xff, 0x37, 0x40, 0x3c,
    0xa0, 0x1f, 0xfc, 0xd1, 0x0, 0xff, 0xff, 0x80,
    0x7f, 0xff, 0xc0, 0x3f, 0xff, 0xe0, 0x1f, 0xff,
    0xf0, 0xf, 0xff, 0xf8, 0x7, 0xff, 0xfc, 0x3,
    0xff, 0xf0, 0xd5, 0x9b, 0xaa, 0x10, 0xf, 0xfe,
    0x61, 0x6c, 0xa9, 0x91, 0x15, 0x0, 0x3f, 0xf9,
    0x63, 0x84, 0x1, 0xc8, 0xa0, 0x1f, 0xfc, 0xbd,
    0x10, 0xe, 0x2a, 0x0, 0xff, 0xe5, 0xd1, 0x80,
    0x7b, 0xc4, 0x3, 0xff, 0x94, 0xea, 0x1, 0xeb,
    0x20, 0xf, 0xfe, 0x52, 0x40, 0x7, 0xa1, 0x0,
    0x3f, 0xf9, 0x45, 0x60, 0x1e, 0x67, 0x0, 0xff,
    0xe5, 0xf, 0x80, 0x78, 0xe4, 0x3, 0xff, 0x97,
    0x44, 0x1, 0xc5, 0xa0, 0x1f, 0xfc, 0xb9, 0x40,
    0xf, 0x78, 0x80, 0x7f, 0xf2, 0x99, 0x80, 0x1e,
    0xb2, 0x0, 0xff, 0xe5, 0x24, 0x80, 0x7a, 0x10,
    0x3, 0xff, 0x94, 0x54, 0x1, 0xe5, 0x70, 0xf,
    0xfe, 0x5f, 0x88, 0x7, 0x1d, 0x0, 0x7f, 0xf2,
    0xec, 0x80, 0x38, 0x74, 0x3, 0xff, 0x97, 0x8,
    0x1, 0xe3, 0x10, 0xf, 0xfe, 0x52, 0xb8, 0x7,
    0xc4, 0xe0, 0x1f, 0xfc, 0x93, 0xa0, 0xf, 0xe8,
    0x20, 0xf, 0xfe, 0x39, 0x68, 0x7, 0xfd, 0xc0,
    0x1f, 0xfc, 0x79, 0x10, 0xf, 0xf8, 0xd8, 0x3,
    0xff, 0x98, 0x58, 0x1, 0xe9, 0x10, 0xf, 0xfe,
    0x50, 0xe1, 0xb8, 0x7, 0xa8, 0x3, 0xff, 0x95,
    0xa2, 0x10, 0x20, 0x1c, 0x8a, 0x1, 0xff, 0xc8,
    0xb3, 0x0, 0xac, 0x3, 0xd6, 0x20, 0x1f, 0xfc,
    0x69, 0x40, 0xc, 0xa8, 0x1, 0xc3, 0x0, 0x1f,
    0xfc, 0x57, 0x60, 0xf, 0x48, 0x7, 0x99, 0x0,
    0x3f, 0xf8, 0x6b, 0x0, 0x1f, 0x13, 0x80, 0x7a,
    0x40, 0x3f, 0xf8, 0x47, 0x40, 0x1f, 0xd0, 0x40,
    0x1c, 0x50, 0x1, 0xff, 0xc1, 0x80, 0xf, 0xfa,
    0x40, 0x3c, 0xe4, 0x1, 0xff, 0xcc, 0x44, 0x0,
    0x7b, 0x80, 0x3f, 0xf9, 0xb4, 0x1, 0xe3, 0x70,
    0xf, 0xfe, 0x60, 0xc0, 0x7, 0xa0, 0x40, 0x3f,
    0xf9, 0x8e, 0x40, 0x1e, 0xa0, 0xf, 0xfe, 0x6c,
    0x80, 0x79, 0x14, 0x3, 0xff, 0x98, 0x8a, 0x1,
    0xeb, 0x10, 0xf, 0xfe, 0x65, 0x80, 0x78, 0x6c,
    0x38, 0x3, 0xcc, 0x1, 0xff, 0xc3, 0x19, 0x0,
    0xf2, 0x93, 0x10, 0x6, 0x52, 0x0, 0xff, 0xe2,
    0x34, 0x88, 0x7, 0x87, 0x6e, 0x65, 0x94, 0x1,
    0xff, 0xc6, 0x6e, 0xc9, 0x9b, 0x48,

    /* U+006C "l" */
    0x6, 0xdf, 0xec, 0x40, 0xe, 0x59, 0x20, 0x13,
    0xb1, 0x0, 0xda, 0x1, 0xe4, 0x0, 0xc2, 0x1,
    0xff, 0xff, 0x0, 0xff, 0xff, 0x80, 0x7f, 0xff,
    0xc0, 0x3f, 0xff, 0xe0, 0x1f, 0xff, 0xf0, 0xf,
    0xff, 0xf8, 0x7, 0xff, 0xfc, 0x3, 0xff, 0xb4,
    0x20, 0x1e, 0x30, 0xf, 0xfb, 0x40, 0x37, 0x0,
    0x79, 0x36, 0xdc, 0x14, 0x3, 0xe2, 0x4a, 0x3,
    0x0, 0xfe, 0x20, 0x2, 0x80, 0x7f, 0x18, 0x40,
    0x7, 0xf0, 0x81, 0x62, 0x8, 0x6, 0x29, 0x20,

    /* U+006D "m" */
    0x0, 0xff, 0xe3, 0x11, 0x4, 0x3, 0xff, 0x90,
    0x24, 0x20, 0x1f, 0xfc, 0x13, 0x42, 0x0, 0xfe,
    0x4a, 0xef, 0xdd, 0x77, 0xe3, 0x88, 0x7, 0xff,
    0x5, 0x6b, 0xb9, 0xbd, 0xfd, 0x4a, 0x1, 0xf0,
    0xee, 0x5e, 0xc8, 0x7, 0x97, 0x6d, 0x44, 0x3,
    0x8e, 0x3a, 0x0, 0x3f, 0xcd, 0xd4, 0xa2, 0x1,
    0x85, 0x6b, 0x54, 0x3, 0x98, 0x80, 0x26, 0x30,
    0x8, 0xb2, 0x88, 0x3, 0xfe, 0x7c, 0x10, 0xf,
    0x16, 0x48, 0x80, 0x7f, 0x8a, 0xa0, 0x3, 0x70,
    0x7, 0x20, 0x1, 0x74, 0xc0, 0x3f, 0xf8, 0x47,
    0xa0, 0x1c, 0xba, 0x60, 0x1f, 0xfc, 0x27, 0x80,
    0xf, 0xee, 0x7, 0xa0, 0xf, 0xfe, 0x29, 0xc0,
    0x4, 0xf4, 0x1, 0xff, 0xc5, 0x74, 0x0, 0xfc,
    0x71, 0x0, 0xf, 0xfe, 0x3b, 0x90, 0x4c, 0x0,
    0x7f, 0xf1, 0xe4, 0x3, 0xf2, 0xb8, 0x7, 0x14,
    0x67, 0xfb, 0xa9, 0x0, 0x3f, 0x5c, 0xb0, 0x7,
    0x25, 0x77, 0xf6, 0x38, 0x80, 0x7c, 0x48, 0x1,
    0xff, 0xc1, 0x9d, 0x73, 0x0, 0xa, 0xdc, 0x80,
    0x7c, 0xcc, 0x0, 0xc5, 0x96, 0xa2, 0x2, 0x71,
    0xe6, 0x1, 0xf7, 0x0, 0x7f, 0xc7, 0xcc, 0x1,
    0xf9, 0x98, 0x1, 0xff, 0x36, 0x98, 0x7, 0xc3,
    0xa2, 0x1, 0xe5, 0x0, 0xff, 0x2e, 0x8, 0x7,
    0xfa, 0x40, 0x3f, 0xd3, 0x20, 0xf, 0xf0, 0xc0,
    0x7, 0xc6, 0x1, 0xf9, 0xa8, 0x3, 0xff, 0x82,
    0xa0, 0x1f, 0xa9, 0x80, 0x3f, 0xf8, 0xc, 0x1,
    0xf2, 0x80, 0x7c, 0xb2, 0x1, 0xff, 0xc2, 0xf0,
    0xf, 0xa9, 0x40, 0x3f, 0xf8, 0x48, 0x1, 0xee,
    0x0, 0xfb, 0xc0, 0x3f, 0xf8, 0x6c, 0x1, 0xf2,
    0x0, 0x7f, 0xf0, 0xcc, 0x3, 0xc4, 0x1, 0xff,
    0xcb, 0x30, 0xf, 0xfe, 0x5e, 0x80, 0x78, 0x40,
    0x3f, 0xfc, 0x62, 0x1, 0xff, 0xea, 0x70, 0xf,
    0xfe, 0x98, 0x80, 0x7f, 0xf4, 0x5c, 0x3, 0xff,
    0xfe, 0x1, 0xff, 0xff, 0x0, 0xff, 0xff, 0x80,
    0x7f, 0xff, 0xc0, 0x3f, 0xff, 0xe0, 0x1f, 0xff,
    0xf0, 0xf, 0xff, 0xf8, 0x7, 0xff, 0xfc, 0x3,
    0xff, 0xfe, 0x1, 0xff, 0xff, 0x0, 0xff, 0xff,
    0x80, 0x7f, 0xff, 0xc0, 0x3f, 0xff, 0xe0, 0x1f,
    0xff, 0xf0, 0xf, 0xff, 0x30, 0x80, 0x7f, 0xf2,
    0xcc, 0x3, 0xc2, 0x1, 0xff, 0xc3, 0x10, 0xf,
    0x3e, 0x80, 0x79, 0x0, 0x3f, 0xf8, 0x8e, 0x1,
    0xc6, 0x1, 0xff, 0xc4, 0x21, 0x0, 0xec, 0x59,
    0x20, 0x13, 0xb1, 0x0, 0xff, 0xe2, 0x5b, 0x8,
    0xa, 0xf0, 0x7, 0xff, 0x17, 0x50, 0x40, 0x9d,
    0xc0,

    /* U+006E "n" */
    0x0, 0xff, 0xe3, 0x88, 0x7, 0xff, 0xc, 0xd0,
    0x80, 0x3f, 0xc9, 0x3b, 0xfd, 0xfe, 0xea, 0x60,
    0xf, 0xc3, 0xb9, 0x7b, 0x20, 0x1f, 0x3f, 0x5b,
    0x10, 0x6, 0x15, 0x9e, 0x70, 0xf, 0x31, 0x0,
    0x4c, 0x60, 0x19, 0xba, 0x4, 0x3, 0xfc, 0x31,
    0x60, 0x1d, 0xc0, 0x1c, 0x80, 0x1, 0xb9, 0x10,
    0xf, 0xfe, 0x12, 0x58, 0x7, 0xfb, 0xc1, 0x3d,
    0x0, 0x3f, 0xf8, 0xa9, 0x0, 0x1f, 0xc4, 0xd6,
    0x20, 0x1f, 0xfc, 0x77, 0x20, 0xf, 0xcb, 0x20,
    0x1e, 0x5a, 0xdf, 0xf7, 0x52, 0x0, 0x7e, 0xb0,
    0xf, 0xfe, 0x13, 0x75, 0x29, 0x0, 0x5, 0x6e,
    0x0, 0x3e, 0x60, 0xf, 0xfe, 0x0, 0xdc, 0x88,
    0x7, 0xe7, 0x60, 0xf, 0x90, 0x3, 0xfc, 0x7e,
    0x80, 0x1f, 0xf4, 0x0, 0x7d, 0x80, 0x1f, 0xc9,
    0x82, 0x1, 0xff, 0xc0, 0x15, 0x0, 0xf1, 0x80,
    0x7e, 0x4b, 0x0, 0xff, 0xe1, 0xf8, 0x7, 0x94,
    0x3, 0xf7, 0x0, 0x7f, 0xf1, 0x18, 0x3, 0xc2,
    0x1, 0xff, 0xcd, 0x30, 0xf, 0xfe, 0xe0, 0x80,
    0x7f, 0xfb, 0x84, 0x3, 0xff, 0xfe, 0x1, 0xff,
    0xff, 0x0, 0xff, 0xff, 0x80, 0x7f, 0xff, 0xc0,
    0x3f, 0xff, 0xe0, 0x1f, 0xff, 0xf0, 0xf, 0xff,
    0xf8, 0x7, 0xff, 0xfc, 0x3, 0xff, 0xee, 0x20,
    0x1f, 0xfd, 0x4d, 0x0, 0xf2, 0x0, 0x7f, 0xf1,
    0x5c, 0x3, 0x88, 0x56, 0x48, 0x4, 0xec, 0x40,
    0x3f, 0xf8, 0xb2, 0xc2, 0x2, 0xbe, 0x0,

    /* U+006F "o" */
    0x0, 0xff, 0xe0, 0x9b, 0xde, 0xff, 0xdd, 0x94,
    0xc2, 0x1, 0xff, 0xcb, 0x17, 0xec, 0x84, 0x20,
    0x8, 0x4d, 0x67, 0xad, 0x0, 0x3f, 0xf9, 0xd,
    0xf0, 0x20, 0x1f, 0xfc, 0x4, 0xbc, 0x20, 0xf,
    0xfe, 0x20, 0xdc, 0x88, 0x7, 0xff, 0x10, 0xf5,
    0xc0, 0x3f, 0xf8, 0x45, 0xe8, 0x1, 0xff, 0xc8,
    0x8a, 0x0, 0xff, 0xe0, 0x16, 0x8, 0x7, 0xf0,
    0x90, 0x80, 0x7f, 0x96, 0xc0, 0x3f, 0xc3, 0x82,
    0x1, 0xf1, 0xcf, 0x73, 0x7b, 0xf5, 0xc4, 0x3,
    0xe4, 0x90, 0xf, 0xed, 0x10, 0xf, 0xa7, 0x18,
    0x40, 0x31, 0x47, 0x30, 0x7, 0xcc, 0xc0, 0xf,
    0x9c, 0xc0, 0x3c, 0x38, 0xc0, 0x1f, 0xe9, 0x90,
    0x7, 0xd2, 0x20, 0x1c, 0x30, 0x1, 0xf6, 0x98,
    0x7, 0xff, 0x1, 0xa0, 0x3, 0xeb, 0x0, 0xe9,
    0x0, 0xfa, 0xc, 0x3, 0xff, 0x84, 0xe8, 0x1,
    0xe5, 0x20, 0xc, 0xc0, 0x1e, 0x27, 0x0, 0xff,
    0xe2, 0x48, 0x7, 0xd6, 0x1, 0x28, 0x80, 0x7a,
    0x0, 0x3f, 0xf8, 0xa4, 0xc0, 0x1e, 0x70, 0xb,
    0xc0, 0x3c, 0x2a, 0x1, 0xff, 0xc6, 0xa0, 0xf,
    0x9, 0x80, 0x10, 0x3, 0xce, 0x1, 0xff, 0xc7,
    0x32, 0x0, 0xf2, 0x0, 0x88, 0x3, 0xd8, 0x1,
    0xff, 0xc8, 0x40, 0xf, 0x60, 0x28, 0x7, 0xce,
    0x1, 0xff, 0xc8, 0xf0, 0xf, 0x30, 0x10, 0x7,
    0xc4, 0x1, 0xff, 0xc8, 0x50, 0xf, 0x10, 0x8,
    0x7, 0x84, 0x3, 0xff, 0x92, 0x20, 0x1f, 0xf,
    0x80, 0x78, 0xc0, 0x3f, 0xf9, 0x26, 0x1, 0xff,
    0xc3, 0x10, 0xf, 0xfe, 0x48, 0x80, 0x7c, 0x60,
    0x1f, 0x8, 0x7, 0xff, 0x24, 0x40, 0x3e, 0x3f,
    0x0, 0xf1, 0x80, 0x7f, 0xf2, 0x4c, 0x3, 0xf0,
    0x80, 0x78, 0x40, 0x3f, 0xf9, 0x22, 0x1, 0xf0,
    0x90, 0x7, 0xc2, 0x1, 0xff, 0xc8, 0x60, 0xf,
    0x8, 0x28, 0x7, 0xca, 0x1, 0xff, 0xc8, 0xc0,
    0xf, 0x28, 0x8, 0x80, 0x3d, 0x80, 0x1f, 0xfc,
    0x85, 0x0, 0xf1, 0x80, 0x10, 0x3, 0xcc, 0x1,
    0xff, 0xc7, 0x23, 0x0, 0xf6, 0x0, 0x3c, 0x3,
    0xc2, 0x80, 0x1f, 0xfc, 0x6a, 0x0, 0xf9, 0x0,
    0xa, 0x1, 0xf4, 0x0, 0x7f, 0xf1, 0x45, 0xc0,
    0x3c, 0xc0, 0x19, 0xc0, 0x3c, 0x6a, 0x1, 0xff,
    0xc4, 0xb0, 0xf, 0xac, 0x3, 0x48, 0x7, 0xd6,
    0x40, 0x1f, 0xfc, 0x26, 0x50, 0xf, 0x29, 0x0,
    0x61, 0x80, 0xf, 0xe, 0x10, 0x7, 0xff, 0x1,
    0x64, 0x3, 0xe8, 0x0, 0xf3, 0x98, 0x7, 0x87,
    0x58, 0x3, 0xfd, 0x34, 0x1, 0xf4, 0x90, 0x7,
    0xda, 0x20, 0x1f, 0x4e, 0x39, 0x0, 0x63, 0x8e,
    0x60, 0xf, 0x95, 0x80, 0x3f, 0xe, 0x88, 0x7,
    0xc7, 0x1b, 0xfd, 0xfe, 0xc7, 0x10, 0xf, 0x92,
    0x80, 0x3f, 0xc7, 0x82, 0x1, 0xfe, 0x10, 0xf,
    0xf9, 0x6c, 0x3, 0xff, 0x80, 0x5e, 0x60, 0x1f,
    0xfc, 0x87, 0xa0, 0xf, 0xfe, 0x10, 0xe4, 0x88,
    0x7, 0xff, 0x10, 0xb2, 0x0, 0x3f, 0xf8, 0xad,
    0xd0, 0x40, 0x1f, 0xfc, 0x3, 0xad, 0x30, 0xf,
    0xfe, 0x43, 0xee, 0x42, 0x10, 0x80, 0x4, 0x96,
    0x77, 0x14, 0x3, 0xfe,

    /* U+0070 "p" */
    0x0, 0xff, 0xe1, 0xa, 0xce, 0x6f, 0x6d, 0xca,
    0x88, 0x7, 0xff, 0x0, 0xe6, 0xa0, 0x40, 0x3c,
    0x97, 0xd4, 0xc6, 0x42, 0x48, 0xd5, 0xd4, 0x40,
    0x1f, 0xc7, 0x8c, 0xaf, 0xe2, 0x1, 0x1e, 0x5a,
    0x0, 0x7f, 0xcb, 0xb2, 0x1, 0xfa, 0xc0, 0x30,
    0xb8, 0xc, 0xe1, 0x80, 0x7f, 0xf0, 0xdb, 0x4,
    0x3, 0xc2, 0x1, 0xde, 0x7e, 0xc0, 0x1f, 0xfc,
    0x63, 0xc1, 0x0, 0xff, 0x9f, 0x4, 0x3, 0xff,
    0x90, 0x54, 0x1, 0xff, 0x8, 0x7, 0xcd, 0x7d,
    0xfd, 0xb2, 0x80, 0x1f, 0x91, 0xc0, 0x3f, 0xf8,
    0x8f, 0xd2, 0x82, 0x2, 0x4d, 0x78, 0x60, 0x1f,
    0x40, 0x80, 0x7f, 0xf0, 0x4f, 0x60, 0x40, 0x3f,
    0x1e, 0x20, 0x7, 0xd0, 0x1, 0xff, 0xc0, 0x7c,
    0x20, 0xf, 0xfe, 0x5, 0x90, 0x7, 0x98, 0x40,
    0x3f, 0xd5, 0x0, 0x1f, 0xfc, 0x39, 0x0, 0xf9,
    0x80, 0x3f, 0xa5, 0x40, 0x3f, 0xf8, 0x88, 0x60,
    0x1e, 0xb0, 0xf, 0xe3, 0x0, 0xff, 0xe3, 0x50,
    0x7, 0x8c, 0x40, 0x3f, 0xf9, 0xee, 0x1, 0xf2,
    0x0, 0x7f, 0xf3, 0xc4, 0x80, 0x3d, 0xa0, 0x1f,
    0xfd, 0x7, 0x0, 0xf1, 0x80, 0x7f, 0xf4, 0x8,
    0x3, 0xcc, 0x1, 0xff, 0xd0, 0xe0, 0xf, 0x18,
    0x7, 0xff, 0x40, 0xc0, 0x3c, 0x20, 0x1f, 0xfd,
    0x1, 0x0, 0xff, 0xff, 0x80, 0x7f, 0xf5, 0x4,
    0x3, 0xff, 0xae, 0x60, 0x1e, 0x10, 0xf, 0xfe,
    0x87, 0x80, 0x78, 0xc0, 0x3f, 0xfa, 0xa, 0x1,
    0xe6, 0x0, 0xff, 0xe8, 0x18, 0x7, 0x8c, 0x3,
    0xff, 0x9e, 0x60, 0x1f, 0x60, 0x7, 0xff, 0x3e,
    0x80, 0x3e, 0x40, 0xf, 0xfe, 0x7b, 0x80, 0x79,
    0x0, 0x3f, 0xf9, 0xf0, 0x20, 0x1e, 0xe0, 0xf,
    0xfe, 0x71, 0x38, 0x7, 0x85, 0x40, 0x3f, 0xa0,
    0x80, 0x3f, 0xf8, 0x7e, 0x1, 0xf4, 0x0, 0x7f,
    0x8b, 0x58, 0x3, 0xff, 0x83, 0x84, 0x1, 0xe2,
    0x60, 0xf, 0xfe, 0x4, 0xea, 0x80, 0x7f, 0x1e,
    0x98, 0x7, 0xdc, 0x1, 0xff, 0xc2, 0x2a, 0xe8,
    0x42, 0x0, 0x12, 0xde, 0x10, 0x7, 0xd0, 0x60,
    0x1f, 0xfc, 0x41, 0x7b, 0xdf, 0xf6, 0xd2, 0x0,
    0x7e, 0x67, 0x0, 0xff, 0xe0, 0x8, 0x7, 0xff,
    0x21, 0xa4, 0x3, 0xff, 0x83, 0xae, 0x1, 0xff,
    0xc6, 0x89, 0x0, 0xff, 0xe1, 0xc6, 0x18, 0x7,
    0xff, 0x8, 0xb1, 0xc0, 0x3f, 0xf8, 0xa7, 0x94,
    0x60, 0x1f, 0xe2, 0xad, 0x30, 0xf, 0xfe, 0x23,
    0x80, 0x4b, 0x9b, 0x2a, 0x64, 0x43, 0x58, 0xdd,
    0x28, 0x7, 0xff, 0x30, 0x9a, 0xb3, 0x75, 0x94,
    0xe4, 0x1, 0xff, 0xff, 0x0, 0xff, 0xff, 0x80,
    0x7f, 0xff, 0xc0, 0x3f, 0xe1, 0x0, 0xff, 0xff,
    0x80, 0x7f, 0xff, 0xc0, 0x3f, 0xfd, 0xd8, 0x1,
    0xe7, 0x0, 0xff, 0xe8, 0x2c, 0x10, 0x0, 0xec,
    0x80, 0x3f, 0xfa, 0x0,

    /* U+0071 "q" */
    0x0, 0xff, 0xe0, 0xb, 0x56, 0xf7, 0x59, 0x2c,
    0x20, 0x1f, 0xfc, 0xb2, 0xae, 0x95, 0x21, 0x18,
    0xda, 0x7a, 0xd0, 0x3, 0x92, 0x6a, 0x4, 0x3,
    0xfd, 0x1a, 0xa0, 0x1f, 0xf2, 0x5d, 0x88, 0x0,
    0xd6, 0xca, 0xf8, 0x1, 0xf8, 0x71, 0xc0, 0x3f,
    0xf8, 0x69, 0xac, 0x16, 0x1, 0x88, 0x80, 0x1e,
    0x2f, 0x30, 0xf, 0xfe, 0x34, 0xd9, 0x0, 0x70,
    0x80, 0x70, 0xf8, 0x80, 0x7f, 0xf2, 0x10, 0x3,
    0xff, 0x81, 0xa4, 0x1, 0xf9, 0xaf, 0xbf, 0xb6,
    0x94, 0x3, 0xff, 0x8b, 0x26, 0x1, 0xf2, 0xf4,
    0xa0, 0x80, 0x92, 0xd7, 0xb8, 0x7, 0xff, 0x9,
    0x18, 0x3, 0xe8, 0xa1, 0x0, 0xfe, 0x8e, 0x40,
    0xf, 0xfe, 0x4, 0x80, 0x7c, 0xee, 0x0, 0xff,
    0xe0, 0xd, 0xc0, 0x7, 0xf9, 0x48, 0x3, 0xc7,
    0x0, 0x1f, 0xfc, 0x37, 0x30, 0xf, 0xee, 0x0,
    0xfb, 0x80, 0x3f, 0xf9, 0xc2, 0x80, 0x1e, 0x62,
    0x0, 0xff, 0xe7, 0x38, 0x7, 0xd6, 0x1, 0xff,
    0xcf, 0xc0, 0xf, 0x19, 0x0, 0x7f, 0xf3, 0xd0,
    0x3, 0xc8, 0x1, 0xff, 0xd0, 0x10, 0xf, 0x68,
    0x7, 0xff, 0x3c, 0x80, 0x3e, 0x40, 0xf, 0xfe,
    0x7b, 0x0, 0x7c, 0x20, 0x1f, 0xfc, 0xf1, 0x0,
    0xf0, 0x80, 0x7f, 0xf4, 0xc, 0x3, 0xc6, 0x1,
    0xff, 0xf4, 0x30, 0xf, 0x18, 0x7, 0xff, 0x5c,
    0x40, 0x3f, 0xfa, 0x2, 0x1, 0xff, 0xd7, 0x60,
    0xf, 0x88, 0x3, 0xff, 0x9e, 0x40, 0x1f, 0x38,
    0x7, 0xff, 0x40, 0x80, 0x3d, 0xa0, 0x1f, 0xfd,
    0x7, 0x0, 0xf3, 0x0, 0x7f, 0xf4, 0x30, 0x3,
    0xc2, 0x60, 0x1f, 0xfc, 0xf7, 0x0, 0xfa, 0x0,
    0x3f, 0xf8, 0xc2, 0x1, 0xf8, 0x50, 0x3, 0xc8,
    0x80, 0xf, 0xfe, 0x24, 0x10, 0x7, 0xf7, 0x0,
    0x7d, 0x22, 0x1, 0xff, 0xc2, 0x97, 0x0, 0xff,
    0x29, 0x0, 0x78, 0xb4, 0x3, 0xff, 0x80, 0x36,
    0xc0, 0x1f, 0xfc, 0x9, 0x0, 0xf8, 0xf4, 0xc0,
    0x3f, 0x9b, 0xd0, 0x3, 0xff, 0x82, 0x8a, 0x1,
    0xf1, 0x66, 0x18, 0xc4, 0x5, 0x23, 0xa4, 0x40,
    0x3f, 0xf8, 0x76, 0x40, 0x1f, 0x8e, 0x73, 0xbf,
    0xad, 0xc4, 0x3, 0x84, 0x3, 0xfe, 0x1f, 0x10,
    0xf, 0xfe, 0x39, 0x54, 0x80, 0x7f, 0xf0, 0xb,
    0xc8, 0x3, 0xff, 0x88, 0x31, 0xaa, 0x1, 0xff,
    0xc2, 0x1d, 0x60, 0xf, 0xfe, 0x13, 0xfb, 0x80,
    0x7f, 0xf1, 0xa7, 0x54, 0x3, 0xf8, 0x5f, 0xa0,
    0x40, 0x2f, 0x0, 0xff, 0xe2, 0x15, 0x75, 0x31,
    0x90, 0x89, 0x27, 0xa0, 0x40, 0x3f, 0xf9, 0x82,
    0xb3, 0x9b, 0xdc, 0xb6, 0x0, 0xff, 0xff, 0x80,
    0x70, 0x80, 0x7f, 0xff, 0xc0, 0x3f, 0xfa, 0x86,
    0x1, 0xff, 0xff, 0x0, 0xff, 0xea, 0x8, 0x7,
    0xff, 0xfc, 0x3, 0xff, 0xa8, 0xe0, 0x1f, 0xfd,
    0xe1, 0x0, 0xff, 0xe8, 0x20, 0x7, 0x9, 0x0,
    0x7f, 0xf4, 0x21, 0xc4, 0x5, 0x34, 0x0,

    /* U+0072 "r" */
    0x0, 0xff, 0xe1, 0x8a, 0x29, 0x80, 0x71, 0xa1,
    0x0, 0x7e, 0x5c, 0xeb, 0xac, 0xfb, 0x11, 0x6e,
    0x5e, 0xc8, 0x7, 0xd, 0xd1, 0x80, 0x72, 0x43,
    0x10, 0x4, 0xc6, 0x1, 0x1f, 0xa0, 0x7, 0xe2,
    0xe0, 0xe, 0x50, 0x2, 0x60, 0x80, 0x7f, 0x8,
    0x7, 0x84, 0xe, 0xc0, 0x3f, 0xef, 0x0, 0xf7,
    0xe, 0x80, 0x7f, 0xc8, 0xa0, 0x1e, 0x3a, 0x10,
    0xc, 0x31, 0xbf, 0xb7, 0x96, 0x1, 0xf2, 0xa0,
    0x6, 0x6e, 0x72, 0x2, 0x43, 0x0, 0xff, 0xe0,
    0xcc, 0x80, 0x3f, 0xf8, 0xf2, 0xc0, 0x1f, 0xfc,
    0x75, 0x60, 0xf, 0xfe, 0x38, 0xd8, 0x7, 0xff,
    0x22, 0x4, 0x3, 0xff, 0x8e, 0x2c, 0x1, 0xff,
    0xc8, 0x60, 0xf, 0xfe, 0x4e, 0x80, 0x7f, 0xff,
    0xc0, 0x3f, 0xff, 0xe0, 0x1f, 0xff, 0xf0, 0xf,
    0xff, 0xf8, 0x7, 0xff, 0xfc, 0x3, 0xff, 0xfe,
    0x1, 0xff, 0xce, 0x10, 0xf, 0xfe, 0x4e, 0x80,
    0x79, 0x0, 0x3f, 0xf8, 0x4b, 0x24, 0x2, 0x76,
    0x20, 0x1f, 0xfc, 0x20,

    /* U+0073 "s" */
    0x0, 0xff, 0x1b, 0xd6, 0xf7, 0xfb, 0xb6, 0xe1,
    0x0, 0x3f, 0xf8, 0x8f, 0xb9, 0xa, 0x42, 0x0,
    0x12, 0x47, 0xbe, 0x81, 0x0, 0xff, 0x8f, 0x60,
    0x80, 0x3f, 0xf8, 0x2, 0xfe, 0x80, 0x1f, 0xcd,
    0x84, 0x1, 0xff, 0xc4, 0x1b, 0x80, 0xf, 0x9a,
    0x40, 0x3f, 0xf9, 0xe, 0x60, 0x1c, 0x52, 0x1,
    0xf8, 0x95, 0x9d, 0x90, 0x40, 0x3f, 0xf8, 0x32,
    0x1, 0xf3, 0x6e, 0xaa, 0x62, 0x6f, 0xac, 0xc0,
    0x31, 0x98, 0x3, 0x12, 0x0, 0x7a, 0xe4, 0x80,
    0x3e, 0x4c, 0x81, 0x4, 0xd0, 0xe, 0x50, 0xf,
    0x3a, 0x0, 0x7f, 0xcf, 0xdc, 0xb1, 0x0, 0xed,
    0x0, 0xf5, 0x0, 0x7f, 0xf0, 0x84, 0x3, 0xe6,
    0x0, 0xf1, 0x0, 0x7f, 0xfa, 0x1c, 0x3, 0xca,
    0x1, 0xff, 0xca, 0x30, 0xf, 0x40, 0x7, 0xff,
    0x2a, 0xc0, 0x3c, 0x58, 0x20, 0x1f, 0xfc, 0x83,
    0x30, 0x7, 0x8f, 0x9c, 0x40, 0x3f, 0xf8, 0xfc,
    0x1, 0xfa, 0x3a, 0x4c, 0x3, 0xff, 0x8a, 0x54,
    0x1, 0xfc, 0xd9, 0xae, 0x40, 0x1f, 0xfc, 0x35,
    0xc1, 0x0, 0xfe, 0x28, 0xdc, 0x60, 0xf, 0xfe,
    0x11, 0xfa, 0x80, 0x7f, 0xc7, 0x3c, 0xc0, 0x1f,
    0xfc, 0x11, 0xab, 0x30, 0xf, 0xf8, 0x67, 0x50,
    0x3, 0xff, 0x82, 0x99, 0x6a, 0x1, 0xff, 0x15,
    0xd0, 0x7, 0xff, 0x9, 0x2b, 0xa0, 0x80, 0x3f,
    0xcb, 0x60, 0x1f, 0xfc, 0x31, 0x7d, 0xb5, 0x0,
    0xfe, 0x48, 0x0, 0xff, 0xe2, 0xa5, 0x6b, 0x0,
    0x7e, 0x72, 0x0, 0xff, 0xe3, 0x14, 0xe9, 0x80,
    0x7d, 0x60, 0x1f, 0xfc, 0x82, 0xc3, 0x0, 0xf3,
    0x80, 0x7f, 0xf2, 0xb4, 0x3, 0xc2, 0x40, 0x1f,
    0xfc, 0x91, 0x50, 0xf, 0x8, 0x7, 0xff, 0x2b,
    0x40, 0x3c, 0xe0, 0x1f, 0xfc, 0xaf, 0x0, 0xf3,
    0x0, 0x42, 0x1, 0xff, 0xc6, 0x40, 0xf, 0x18,
    0x2, 0xbb, 0xdc, 0x3, 0xff, 0x86, 0x66, 0x0,
    0xe3, 0x10, 0x85, 0x0, 0x46, 0x98, 0x7, 0xff,
    0x0, 0x74, 0x3, 0xd6, 0x0, 0x70, 0xc, 0x59,
    0x68, 0x1, 0xfc, 0xde, 0x20, 0x1c, 0x2e, 0x1,
    0xfc, 0x97, 0xf9, 0x30, 0xee, 0x8b, 0xe9, 0x10,
    0xf, 0x58, 0x4, 0xe0, 0x1f, 0xc6, 0xcf, 0x10,
    0x74, 0x10, 0xf, 0x9d, 0x40, 0x28, 0x80, 0x7,
    0xff, 0x29, 0xe0, 0x3, 0x9f, 0x4c, 0x3, 0xff,
    0x8c, 0x37, 0x0, 0x1f, 0x16, 0x61, 0x80, 0x3f,
    0xf8, 0x43, 0x1e, 0x80, 0x1f, 0xe3, 0x9f, 0xc8,
    0x53, 0x21, 0x0, 0x9, 0x24, 0x67, 0x38, 0x80,
    0x78,

    /* U+0074 "t" */
    0x0, 0xfc, 0xdb, 0xfd, 0x0, 0x1f, 0xfc, 0x73,
    0x92, 0x1, 0x75, 0x0, 0xff, 0xe3, 0x20, 0x7,
    0x68, 0x7, 0xff, 0x1b, 0x80, 0x38, 0x40, 0x3f,
    0xf8, 0xc6, 0x1, 0xff, 0xcc, 0x10, 0xf, 0xfe,
    0x63, 0x80, 0x7f, 0xf3, 0x8, 0x3, 0xff, 0x98,
    0x20, 0x1f, 0xfe, 0x21, 0x25, 0x0, 0xf1, 0x2a,
    0xfe, 0x20, 0x9, 0x77, 0xfb, 0x68, 0x3, 0xc9,
    0x55, 0xfb, 0x60, 0x1, 0x44, 0x1, 0xff, 0xc8,
    0x70, 0x30, 0xf, 0xfe, 0x59, 0x8, 0x7, 0xff,
    0x2c, 0x88, 0x80, 0x1f, 0xfc, 0x97, 0x0, 0x5d,
    0xaa, 0x64, 0xa0, 0x1e, 0x49, 0x9f, 0xab, 0x20,
    0x2, 0x45, 0x66, 0x60, 0x7, 0x89, 0x9b, 0xe5,
    0x30, 0xf, 0xff, 0xf8, 0x7, 0xff, 0xfc, 0x3,
    0xff, 0xfe, 0x1, 0xff, 0xff, 0x0, 0xff, 0xff,
    0x80, 0x7f, 0xff, 0xc0, 0x3f, 0xff, 0xe0, 0x1f,
    0x8c, 0x3, 0xc6, 0x1, 0xff, 0xc5, 0x10, 0xf,
    0x30, 0x7, 0xff, 0x15, 0x80, 0x3c, 0x60, 0x1f,
    0xfc, 0x52, 0x10, 0xf, 0x28, 0x7, 0xff, 0x15,
    0x40, 0x3d, 0x62, 0x1, 0xff, 0xc4, 0xd0, 0xf,
    0xe, 0x18, 0x7, 0x8, 0x7, 0xf3, 0x8, 0x7,
    0x8b, 0x3a, 0xed, 0xbf, 0xda, 0x20, 0x1f, 0xa4,
    0x3, 0xf0, 0xa2, 0x8, 0x0, 0x52, 0x1, 0xf9,
    0xd0, 0x3, 0xff, 0x84, 0x80, 0x1f, 0xd6, 0x80,
    0x1f, 0xfc, 0xcb, 0x81, 0x0, 0xff, 0x17, 0x80,
    0x7f, 0xcf, 0xd4, 0xc4, 0x20, 0x29, 0x17, 0xda,
    0x60,

    /* U+0075 "u" */
    0x0, 0x8d, 0xc, 0x3, 0xff, 0x92, 0x48, 0x81,
    0x0, 0x97, 0xf2, 0xf3, 0x88, 0x3, 0xff, 0x8d,
    0x9b, 0x76, 0xe8, 0x0, 0x50, 0x6, 0x19, 0x0,
    0xff, 0xe2, 0xb9, 0x80, 0x67, 0x31, 0x0, 0xf3,
    0x0, 0x7f, 0xf1, 0x78, 0x3, 0xcc, 0x1, 0xf1,
    0x80, 0x7f, 0xf1, 0x4c, 0x3, 0xff, 0xfe, 0x1,
    0xff, 0xff, 0x0, 0xff, 0xff, 0x80, 0x7f, 0xff,
    0xc0, 0x3f, 0xff, 0xe0, 0x1f, 0xff, 0xf0, 0xf,
    0xff, 0xf8, 0x7, 0xff, 0xfc, 0x3, 0xff, 0xfe,
    0x1, 0xff, 0xd4, 0x10, 0xf, 0xfe, 0x68, 0x80,
    0x7f, 0xf7, 0x8, 0x3, 0xff, 0x88, 0x20, 0x1f,
    0x88, 0x3, 0xce, 0x1, 0xff, 0xc3, 0x84, 0x0,
    0xfc, 0xc0, 0x1e, 0xf0, 0xf, 0xfe, 0x13, 0x38,
    0x7, 0xf1, 0x80, 0x79, 0x40, 0x3f, 0xf8, 0x2d,
    0x20, 0x1f, 0xec, 0x0, 0xfa, 0x40, 0x3f, 0xe8,
    0x90, 0xf, 0xf9, 0x0, 0x3e, 0x67, 0x0, 0xfc,
    0x58, 0xe0, 0x1f, 0xfc, 0x16, 0x0, 0xfa, 0x31,
    0x88, 0x48, 0xde, 0xf4, 0xc0, 0x32, 0x0, 0x7f,
    0x58, 0x7, 0xe3, 0x9d, 0xed, 0xc8, 0x40, 0xe,
    0x4b, 0x20, 0xf, 0xc4, 0xe0, 0x1f, 0xfc, 0x75,
    0xb0, 0x60, 0xf, 0xe8, 0x30, 0xf, 0xfe, 0x2c,
    0x50, 0x0, 0x80, 0x3f, 0xd8, 0xa0, 0x1f, 0xfc,
    0x23, 0xc7, 0x0, 0xb0, 0x3, 0x90, 0x3, 0xaa,
    0x48, 0x3, 0xfc, 0x55, 0x86, 0x1, 0x95, 0xc4,
    0xa, 0x84, 0x3, 0xcd, 0xb6, 0xc6, 0x20, 0x1,
    0x47, 0xcd, 0x50, 0xf, 0xa3, 0xbf, 0x54, 0x0,

    /* U+0076 "v" */
    0x3, 0x67, 0x62, 0x0, 0xff, 0xe6, 0x1b, 0x3a,
    0x88, 0x2e, 0x4c, 0x4e, 0xd0, 0x7, 0xff, 0x24,
    0x73, 0x13, 0x15, 0xe1, 0xa0, 0x1c, 0xae, 0x1,
    0xff, 0xc8, 0x83, 0x0, 0xc2, 0x2c, 0x0, 0xf4,
    0x80, 0x7f, 0xf2, 0x18, 0x3, 0x88, 0x50, 0x40,
    0x38, 0x4c, 0x3, 0xff, 0x8c, 0xa0, 0x1e, 0xa0,
    0x3, 0x0, 0x7a, 0x80, 0x3f, 0xf8, 0xdc, 0x1,
    0xe6, 0x0, 0x58, 0x7, 0x9c, 0x3, 0xff, 0x8c,
    0x80, 0x1c, 0x62, 0x0, 0x32, 0x0, 0xe1, 0x30,
    0xf, 0xfe, 0x22, 0x80, 0x7a, 0x80, 0x35, 0x0,
    0x7a, 0xc0, 0x3f, 0xf8, 0x9c, 0x1, 0xe7, 0x0,
    0xcc, 0x1, 0xe5, 0x0, 0xff, 0xe1, 0x8a, 0x0,
    0x72, 0x8, 0x6, 0x14, 0x0, 0xe2, 0x30, 0xf,
    0xfe, 0x13, 0x80, 0x7b, 0x80, 0x3d, 0xa0, 0x1e,
    0xb0, 0xf, 0xfe, 0x16, 0x80, 0x79, 0x40, 0x3c,
    0xc0, 0x1e, 0x50, 0xf, 0xfe, 0x8, 0xa0, 0x7,
    0x30, 0x7, 0xe5, 0x0, 0xe2, 0x20, 0x7, 0xff,
    0x1, 0xc0, 0x3d, 0xa0, 0x1f, 0xb8, 0x3, 0xd4,
    0x1, 0xff, 0xc0, 0xd0, 0xe, 0x14, 0x0, 0xfc,
    0x82, 0x1, 0xca, 0x1, 0xff, 0xa, 0x0, 0x73,
    0x0, 0x7f, 0x9c, 0x3, 0x88, 0x80, 0x1f, 0xe7,
    0x0, 0xf5, 0x80, 0x7f, 0xa8, 0x3, 0xca, 0x1,
    0xfe, 0xd0, 0xe, 0x23, 0x0, 0xff, 0x19, 0x0,
    0x75, 0x80, 0x7f, 0xa, 0x0, 0x75, 0x0, 0x7f,
    0xf0, 0x28, 0x3, 0x8c, 0x80, 0x3f, 0x38, 0x7,
    0x94, 0x3, 0xff, 0x80, 0xa0, 0x1e, 0x50, 0xf,
    0xd4, 0x1, 0xc6, 0x40, 0x1f, 0xfc, 0x2, 0x30,
    0xe, 0xb0, 0xf, 0x84, 0xc0, 0x3a, 0x80, 0x3f,
    0xf8, 0x54, 0x1, 0xc6, 0x20, 0x1e, 0x70, 0xf,
    0x38, 0x7, 0xff, 0x9, 0xc0, 0x3c, 0xc0, 0x1e,
    0xa0, 0xe, 0x41, 0x0, 0xff, 0xe1, 0xa, 0x80,
    0x75, 0x80, 0x70, 0x98, 0x7, 0x70, 0x7, 0xff,
    0x13, 0x80, 0x38, 0xc4, 0x3, 0x30, 0x7, 0x94,
    0x3, 0xff, 0x88, 0x82, 0x1, 0xce, 0x1, 0xac,
    0x3, 0x94, 0x3, 0xff, 0x8c, 0xe0, 0x1d, 0xa0,
    0x10, 0x98, 0x7, 0x70, 0x7, 0xff, 0x1a, 0x80,
    0x39, 0x4, 0x0, 0xc0, 0x1c, 0x28, 0x1, 0xff,
    0xc6, 0x32, 0x0, 0xe7, 0x0, 0x58, 0x7, 0x38,
    0x7, 0xff, 0x22, 0x80, 0x3b, 0x40, 0x8c, 0x3,
    0xa8, 0x3, 0xff, 0x90, 0xa0, 0x1c, 0x82, 0xa0,
    0x1c, 0x46, 0x1, 0xff, 0xc8, 0x23, 0x0, 0xe4,
    0xb0, 0xe, 0x50, 0xf, 0xfe, 0x55, 0x0, 0x74,
    0x18, 0x7, 0x50, 0x7, 0xff, 0x29, 0xc0, 0x38,
    0x80, 0x38, 0xc8, 0x3, 0xff, 0x94, 0x2a, 0x1,
    0xfe, 0xa0, 0xf, 0xfe, 0x67, 0x80, 0x7f, 0x9c,
    0x3, 0xff, 0x98, 0xa2, 0x1, 0xf9, 0x4, 0x3,
    0xff, 0x9b, 0x0, 0x1f, 0xa0, 0x3, 0xff, 0x9c,
    0xd4, 0x40, 0x19, 0x30, 0xc0, 0x3f, 0xf8, 0x20,

    /* U+0077 "w" */
    0x3, 0x67, 0x51, 0x0, 0xff, 0xe3, 0xab, 0xb9,
    0x40, 0x3f, 0xf8, 0xe2, 0xae, 0xc4, 0xf, 0x93,
    0x15, 0xce, 0x1, 0xff, 0xc4, 0x2e, 0xa8, 0x85,
    0x71, 0x80, 0x7f, 0xf1, 0x17, 0xaa, 0x27, 0x53,
    0x0, 0x3a, 0x8, 0x3, 0xff, 0x87, 0x22, 0x1,
    0x87, 0x80, 0x3f, 0xf8, 0x94, 0x1, 0xc6, 0x60,
    0xf, 0x28, 0x7, 0xff, 0x8, 0x50, 0x3, 0xc4,
    0x40, 0xf, 0xfe, 0x12, 0x80, 0x78, 0xf0, 0x3,
    0xd6, 0x1, 0xff, 0xc2, 0x40, 0xf, 0xca, 0x1,
    0xff, 0xc2, 0xc0, 0xf, 0x22, 0x0, 0x3c, 0x60,
    0x1f, 0xfc, 0x2c, 0x0, 0xfd, 0x80, 0x1f, 0xfc,
    0x24, 0x0, 0xe4, 0x0, 0x20, 0x7, 0x90, 0x3,
    0xff, 0x82, 0x80, 0x1f, 0x90, 0x3, 0xff, 0x82,
    0x24, 0x1, 0xd8, 0x0, 0xd0, 0xf, 0x60, 0x7,
    0xff, 0x0, 0x88, 0x1, 0xfc, 0x80, 0x1f, 0xfc,
    0x4, 0x0, 0xf2, 0x0, 0x10, 0x3, 0xc8, 0x1,
    0xff, 0xc0, 0x40, 0xc, 0x40, 0x1d, 0x80, 0x1f,
    0xfc, 0xc, 0x0, 0xe1, 0x30, 0x1, 0x10, 0x3,
    0x8c, 0x3, 0xff, 0x81, 0x80, 0x1a, 0xc0, 0x39,
    0x0, 0x3f, 0xf8, 0x8, 0x1, 0xc8, 0x1, 0x90,
    0x3, 0xc8, 0x1, 0xff, 0x20, 0x6, 0x44, 0x0,
    0x63, 0x10, 0xf, 0xf0, 0x90, 0x7, 0x60, 0x6,
    0xd0, 0xf, 0x60, 0x7, 0xf8, 0x84, 0x2, 0x12,
    0xc0, 0xe, 0x40, 0xf, 0xf2, 0x0, 0x79, 0xc0,
    0x32, 0x0, 0x79, 0x0, 0x3f, 0xc8, 0x1, 0x9c,
    0x14, 0x3, 0xb0, 0x3, 0xfd, 0x80, 0x1c, 0x42,
    0x1, 0xc8, 0x1, 0xc6, 0x20, 0x1f, 0xda, 0x1,
    0xb0, 0x8, 0x40, 0x32, 0x0, 0x7f, 0x90, 0x3,
    0x90, 0x3, 0xd8, 0x1, 0xe4, 0x0, 0xfe, 0x50,
    0xc, 0x80, 0x4, 0x0, 0xc4, 0x20, 0x1f, 0x84,
    0x80, 0x3b, 0x40, 0x3c, 0x80, 0x1e, 0xc0, 0xf,
    0xc6, 0x20, 0x11, 0x8, 0x3, 0xc0, 0x39, 0xc0,
    0x3f, 0x20, 0x7, 0x90, 0x3, 0xc6, 0x20, 0x1c,
    0x80, 0x1f, 0x90, 0x3, 0x20, 0x4, 0x80, 0x1d,
    0x80, 0x1f, 0xb0, 0x3, 0x90, 0x3, 0xf2, 0x0,
    0x71, 0x8, 0x7, 0xd8, 0x1, 0xb0, 0x2, 0x12,
    0x0, 0xc8, 0x1, 0xf9, 0x0, 0x3b, 0x0, 0x3f,
    0x78, 0x7, 0x90, 0x3, 0xe4, 0x0, 0xc8, 0x1,
    0x94, 0x3, 0x9, 0x0, 0x78, 0x48, 0x3, 0x90,
    0x3, 0xf2, 0x0, 0x7b, 0x0, 0x3c, 0x60, 0x18,
    0x84, 0x3, 0x60, 0x7, 0x28, 0x7, 0x90, 0x3,
    0x84, 0xc0, 0x3f, 0x9, 0x80, 0x72, 0x0, 0x7a,
    0xc0, 0x32, 0x0, 0x72, 0x0, 0x76, 0x0, 0x7b,
    0x0, 0x39, 0x0, 0x3f, 0xc8, 0x1, 0xc4, 0x20,
    0x1c, 0x80, 0x1b, 0x0, 0x3c, 0x60, 0x19, 0x0,
    0x3c, 0x80, 0x1d, 0x80, 0x1f, 0xeb, 0x0, 0xf2,
    0x0, 0x71, 0x80, 0x64, 0x0, 0xf5, 0x80, 0x71,
    0x80, 0x61, 0x20, 0xe, 0x70, 0xf, 0xf1, 0x88,
    0x7, 0x60, 0x6, 0x40, 0xc, 0x42, 0x1, 0xe4,
    0x0, 0xeb, 0x0, 0xc8, 0x1, 0xc4, 0x20, 0x1f,
    0xf2, 0x0, 0x73, 0x80, 0x6c, 0x0, 0xc8, 0x1,
    0xf1, 0x88, 0x6, 0x40, 0xd, 0x80, 0x1c, 0x80,
    0x1f, 0xfc, 0xc, 0x0, 0xe1, 0x20, 0x9, 0x0,
    0x36, 0x0, 0x7e, 0x40, 0xc, 0x60, 0x19, 0xc0,
    0x3b, 0x40, 0x3f, 0xf8, 0xe, 0x1, 0xe4, 0x0,
    0x9, 0x80, 0x64, 0x0, 0xfd, 0x80, 0x1c, 0x80,
    0x2, 0x10, 0xe, 0x40, 0xf, 0xfe, 0x0, 0x90,
    0x7, 0x60, 0x1, 0x0, 0x31, 0x8, 0x7, 0xe4,
    0x0, 0xed, 0x0, 0x20, 0x7, 0x18, 0x7, 0xff,
    0x9, 0x40, 0x39, 0x0, 0x18, 0x1, 0x90, 0x3,
    0xf8, 0x88, 0x1, 0x90, 0x1, 0x80, 0x1d, 0x60,
    0x1f, 0xfc, 0x2c, 0x0, 0xe1, 0x20, 0x40, 0xd,
    0x80, 0x1f, 0xe4, 0x0, 0xc4, 0x20, 0x80, 0x1c,
    0x80, 0x1f, 0xfc, 0x24, 0x0, 0xf2, 0x9, 0x0,
    0x64, 0x0, 0xff, 0x60, 0x7, 0x21, 0x8, 0x7,
    0x18, 0x7, 0xff, 0xd, 0x0, 0x3b, 0x10, 0x3,
    0x10, 0x80, 0x7f, 0x90, 0x3, 0xbd, 0x0, 0x39,
    0x40, 0x3f, 0xf8, 0x98, 0x1, 0xc9, 0x80, 0x19,
    0x40, 0x3f, 0xe1, 0x30, 0xc, 0x98, 0x1, 0xd8,
    0x1, 0xff, 0xc4, 0x50, 0xe, 0x16, 0x0, 0xd8,
    0x1, 0xff, 0xc0, 0x40, 0xc, 0x2a, 0x1, 0xc8,
    0x1, 0xff, 0xc4, 0x21, 0x0, 0xff, 0x28, 0x7,
    0xff, 0x2, 0xc0, 0x3f, 0xc4, 0x40, 0xf, 0xfe,
    0x2b, 0x80, 0x7f, 0x18, 0x80, 0x7f, 0xf0, 0xc,
    0x3, 0xfc, 0x80, 0x1f, 0xfc, 0x6c, 0x0, 0xfe,
    0x40, 0xf, 0xfe, 0x12, 0x0, 0x7f, 0x60, 0x7,
    0xff, 0x19, 0x40, 0x3f, 0xac, 0x3, 0xff, 0x85,
    0xa0, 0x1f, 0xca, 0x1, 0xff, 0xc7, 0x70, 0xf,
    0x8c, 0xc0, 0x1f, 0xfc, 0x26, 0x10, 0xf, 0x9c,
    0x3, 0xff, 0x91, 0x10, 0x20, 0x8, 0x5b, 0x40,
    0x3f, 0xf8, 0x98, 0xa2, 0x1, 0x14, 0x40, 0x3,
    0xfc,

    /* U+0078 "x" */
    0x0, 0x8d, 0x10, 0x40, 0x1f, 0xfc, 0x81, 0x44,
    0x18, 0x7, 0x76, 0x5d, 0xb7, 0x48, 0x1, 0xff,
    0xc4, 0x3c, 0xeb, 0xb6, 0x60, 0x2, 0x11, 0x0,
    0x62, 0xb4, 0x0, 0xff, 0xe1, 0x16, 0x18, 0x6,
    0x20, 0x8, 0x58, 0x3, 0xd4, 0x20, 0x1f, 0xfc,
    0x1e, 0x0, 0xf4, 0x80, 0x69, 0x10, 0xe, 0x18,
    0x0, 0xff, 0xe0, 0x29, 0x80, 0x71, 0x38, 0x7,
    0x50, 0x7, 0x98, 0xc0, 0x3f, 0xeb, 0x0, 0xf7,
    0x0, 0x79, 0x14, 0x3, 0xde, 0x1, 0xfe, 0x81,
    0x0, 0xe6, 0x30, 0xf, 0xac, 0x40, 0x38, 0xd8,
    0x3, 0xf1, 0x38, 0x7, 0xc, 0x0, 0x7e, 0x1b,
    0x0, 0xf4, 0x8, 0x7, 0xd0, 0x1, 0xe8, 0x10,
    0xf, 0xe5, 0x40, 0xe, 0x1b, 0x0, 0xf2, 0x28,
    0x7, 0x1b, 0x0, 0x7f, 0xd4, 0x1, 0xe5, 0x30,
    0xe, 0x90, 0xf, 0x70, 0x7, 0xff, 0x0, 0x64,
    0x3, 0xdc, 0x1, 0x98, 0x80, 0x39, 0xc8, 0x3,
    0xff, 0x82, 0xc6, 0x1, 0xc4, 0xe0, 0x1, 0x80,
    0xe, 0x28, 0x0, 0xff, 0xe1, 0xf0, 0x7, 0xa0,
    0x42, 0x4, 0x3, 0xa4, 0x3, 0xff, 0x88, 0x4e,
    0x1, 0xeb, 0x26, 0x0, 0xe5, 0x40, 0xf, 0xfe,
    0x2c, 0x10, 0x7, 0x2f, 0x80, 0x70, 0xd8, 0x7,
    0xff, 0x1f, 0x80, 0x3c, 0x40, 0x1d, 0x2, 0x1,
    0xff, 0xc7, 0x36, 0x0, 0xff, 0x1b, 0x0, 0x7f,
    0xf2, 0x64, 0x40, 0x3f, 0xb8, 0x3, 0xff, 0x97,
    0x20, 0x1f, 0x9c, 0x80, 0x3f, 0xf9, 0x74, 0x1,
    0xfb, 0x80, 0x3f, 0xf9, 0x70, 0x40, 0x1f, 0xa4,
    0x40, 0x3f, 0xf9, 0x26, 0xe0, 0x1f, 0xea, 0x0,
    0xff, 0xe4, 0xf0, 0x7, 0xfc, 0x8a, 0x1, 0xff,
    0xc7, 0x72, 0x0, 0xe6, 0x0, 0xf5, 0x88, 0x7,
    0xff, 0x14, 0xa0, 0x3, 0x9e, 0x48, 0x3, 0x86,
    0xc0, 0x3f, 0xf8, 0xb2, 0x1, 0xc3, 0x1, 0xc0,
    0x1e, 0x55, 0x0, 0x7f, 0xf0, 0xd9, 0x0, 0x3a,
    0xc0, 0x6, 0xc0, 0x1e, 0xb1, 0x0, 0xff, 0xe0,
    0x8c, 0x0, 0x71, 0xa8, 0x5, 0x24, 0x1, 0xc3,
    0x60, 0x1f, 0xfc, 0x1b, 0x10, 0xe, 0xf0, 0xe,
    0x90, 0xf, 0x2a, 0x0, 0x7f, 0xc8, 0xa0, 0x1c,
    0xc6, 0x1, 0xc8, 0xc0, 0x1e, 0xa1, 0x0, 0xff,
    0x50, 0x7, 0xa0, 0x3, 0xe8, 0x10, 0xe, 0x18,
    0x0, 0xfe, 0x91, 0x0, 0xe8, 0x10, 0xf, 0x86,
    0xc0, 0x3c, 0xc8, 0x1, 0xf1, 0xb0, 0x7, 0x13,
    0x80, 0x7f, 0x2a, 0x80, 0x3d, 0x40, 0x1f, 0x70,
    0x7, 0xa4, 0x3, 0xfe, 0xb1, 0x0, 0xe1, 0x90,
    0xe, 0x72, 0x0, 0xe4, 0x40, 0x7, 0xfc, 0x30,
    0x1, 0xe6, 0x40, 0x8, 0xa0, 0x3, 0xd2, 0x1,
    0xff, 0xc1, 0x64, 0x0, 0xf4, 0x80, 0x5c, 0x1,
    0xe7, 0x20, 0xf, 0xfe, 0x14, 0x80, 0x78, 0xa0,
    0x8, 0xc0, 0x38, 0xe0, 0x3, 0xff, 0x86, 0x54,
    0x1, 0xe7, 0x2, 0x51, 0x1, 0x39, 0xc0, 0xf,
    0xfe, 0x2a, 0xeb, 0x10, 0x0, 0x60, 0x0,

    /* U+0079 "y" */
    0x1b, 0xef, 0xea, 0x30, 0xf, 0xfe, 0x51, 0xdf,
    0x7e, 0xb8, 0x32, 0x8, 0xa, 0xe2, 0x0, 0x7f,
    0xf2, 0xf, 0x10, 0x40, 0xa0, 0x88, 0x1, 0xe9,
    0x0, 0xff, 0xe4, 0x40, 0x7, 0x8d, 0x44, 0x3,
    0x88, 0xc0, 0x3f, 0xf8, 0xe8, 0x1, 0xc8, 0x20,
    0xc0, 0x1e, 0xa0, 0xf, 0xfe, 0x32, 0x80, 0x7b,
    0x40, 0x14, 0x1, 0xe7, 0x0, 0xff, 0xe3, 0x78,
    0x7, 0x98, 0x0, 0x48, 0x1, 0xc2, 0xa0, 0x1f,
    0xfc, 0x55, 0x0, 0xe5, 0x0, 0xdc, 0x1, 0xee,
    0x0, 0xff, 0xe2, 0x20, 0x7, 0xbc, 0x3, 0x28,
    0x80, 0x72, 0x8, 0x7, 0xff, 0xf, 0x40, 0x3c,
    0xa0, 0x1c, 0xc0, 0x1e, 0x60, 0xf, 0xfe, 0x1b,
    0x80, 0x73, 0x0, 0x7a, 0x80, 0x3d, 0x40, 0x1f,
    0xfc, 0x23, 0x10, 0xe, 0xd0, 0xf, 0x12, 0x0,
    0x71, 0x18, 0x7, 0xff, 0x6, 0xc0, 0x38, 0x50,
    0x3, 0xee, 0x0, 0xf5, 0x0, 0x7f, 0xf0, 0x54,
    0x3, 0x9c, 0x3, 0xf2, 0x88, 0x7, 0x38, 0x7,
    0xff, 0x0, 0xc8, 0x3, 0xa8, 0x3, 0xf9, 0x80,
    0x38, 0x54, 0x3, 0xfe, 0xb0, 0xe, 0x23, 0x0,
    0xfe, 0x90, 0xf, 0x70, 0x7, 0xfc, 0xa0, 0x1c,
    0xa0, 0x1f, 0xe1, 0x40, 0xe, 0x41, 0x0, 0xfe,
    0x22, 0x0, 0x75, 0x0, 0x7f, 0xde, 0x1, 0xe7,
    0x0, 0xfe, 0x50, 0xe, 0x32, 0x0, 0xff, 0x90,
    0x40, 0x3a, 0x80, 0x3f, 0xac, 0x3, 0xac, 0x3,
    0xff, 0x83, 0x20, 0x1c, 0x64, 0x1, 0xf0, 0x98,
    0x7, 0x30, 0x7, 0xff, 0x5, 0x80, 0x3d, 0x40,
    0x1f, 0x38, 0x7, 0x18, 0x80, 0x7f, 0xf0, 0x45,
    0x40, 0x39, 0x80, 0x3e, 0xd0, 0xe, 0xa0, 0xf,
    0xfe, 0x1f, 0x0, 0x70, 0xa0, 0x7, 0x90, 0x3,
    0x9c, 0x3, 0xff, 0x86, 0x84, 0x1, 0xdc, 0x1,
    0xca, 0x1, 0xc8, 0x20, 0x1f, 0xfc, 0x4a, 0x0,
    0xe5, 0x10, 0xd, 0xe0, 0x1d, 0xc0, 0x1f, 0xfc,
    0x56, 0x0, 0xf3, 0x80, 0x65, 0x0, 0xe5, 0x0,
    0xff, 0xe2, 0x8a, 0x80, 0x75, 0x0, 0x48, 0x1,
    0xca, 0x1, 0xff, 0xc7, 0xe0, 0xe, 0x32, 0x0,
    0x68, 0x7, 0x70, 0x7, 0xff, 0x1d, 0x8, 0x3,
    0xa8, 0x0, 0xe0, 0x18, 0x50, 0x3, 0xff, 0x91,
    0x40, 0x1c, 0xc0, 0x82, 0x1, 0x9c, 0x3, 0xff,
    0x92, 0xc0, 0x1c, 0x29, 0xa0, 0x1d, 0x40, 0x1f,
    0xfc, 0x91, 0x50, 0xe, 0xe7, 0x0, 0xc2, 0x60,
    0x1f, 0xfc, 0xa9, 0x0, 0xe5, 0x10, 0xc, 0xc0,
    0x1f, 0xfc, 0xb3, 0x20, 0xf, 0xf5, 0x0, 0x7f,
    0xf3, 0x2c, 0x3, 0xf8, 0x88, 0x1, 0xff, 0xcc,
    0x70, 0xf, 0xea, 0x0, 0xff, 0xe6, 0x8b, 0x0,
    0x7e, 0x50, 0xf, 0xfe, 0x75, 0x0, 0x7c, 0x64,
    0x1, 0xff, 0xce, 0x32, 0x0, 0xf5, 0x0, 0x7f,
    0xf4, 0x1c, 0x3, 0xce, 0x1, 0xff, 0xd0, 0x50,
    0xe, 0x41, 0x0, 0xff, 0xe7, 0xa0, 0x7, 0xb8,
    0x3, 0xff, 0xa1, 0xc0, 0x1e, 0x50, 0xf, 0xfe,
    0x82, 0x80, 0x72, 0x80, 0x7f, 0xf4, 0x1c, 0x3,
    0xd2, 0x1, 0xff, 0xd0, 0x90, 0xe, 0x23, 0x0,
    0xff, 0xe7, 0xc8, 0x80, 0x75, 0x80, 0x7f, 0xf3,
    0xd5, 0x80, 0x38, 0x58, 0x3, 0xff, 0x9c, 0xb4,
    0x1, 0xe8, 0x0, 0xff, 0xe6, 0x9d, 0x50, 0x3,
    0xc4, 0xc0, 0x1f, 0xfc, 0x85, 0xab, 0xce, 0xc5,
    0x0, 0xfb, 0x80, 0x3f, 0xf9, 0xd, 0x4a, 0x86,
    0x20, 0x1f, 0xa0, 0xc0, 0x3f, 0xf9, 0x10, 0x1,
    0xff, 0xc0, 0x57, 0x0, 0xff, 0xe4, 0x8, 0x80,
    0x3f, 0xe5, 0xa0, 0xf, 0xfe, 0x48, 0x90, 0x7,
    0xfa, 0x68, 0x3, 0xff, 0x97, 0x8e, 0x62, 0x1,
    0x9, 0xc7, 0x30, 0x7, 0xff, 0x28,

    /* U+007A "z" */
    0x0, 0x9f, 0xbf, 0xff, 0xf9, 0x76, 0x20, 0x11,
    0xc0, 0x80, 0x7f, 0xf2, 0xd1, 0x80, 0x24, 0x0,
    0xff, 0xe7, 0x78, 0x4, 0x20, 0x1f, 0xfc, 0xed,
    0x0, 0x90, 0x3, 0xff, 0x9a, 0x2a, 0x1, 0x15,
    0xaa, 0x27, 0xff, 0xc, 0x3, 0xf4, 0x0, 0x72,
    0x55, 0xdf, 0xff, 0xc, 0x80, 0x3c, 0x8c, 0x1,
    0xff, 0xc9, 0x82, 0x0, 0xe1, 0xa0, 0xf, 0xfe,
    0x49, 0xb8, 0x7, 0xac, 0x40, 0x3f, 0xf9, 0x3c,
    0x1, 0xe5, 0x50, 0x7, 0xff, 0x26, 0x48, 0x3,
    0x86, 0xc0, 0x3f, 0xf9, 0x28, 0xc0, 0x1e, 0xa1,
    0x0, 0xff, 0xe4, 0xd, 0x0, 0x79, 0x90, 0x3,
    0xff, 0x93, 0x62, 0x1, 0xc5, 0x20, 0x1f, 0xfc,
    0x95, 0x50, 0x7, 0xb8, 0x3, 0xff, 0x92, 0x34,
    0x1, 0xe8, 0x30, 0xf, 0xfe, 0x4d, 0x0, 0x78,
    0xdc, 0x3, 0xff, 0x92, 0xe8, 0x1, 0xee, 0x0,
    0xff, 0xe4, 0x94, 0x0, 0x7a, 0x48, 0x3, 0xff,
    0x93, 0xc0, 0x1e, 0x46, 0x0, 0xff, 0xe4, 0xc1,
    0x80, 0x70, 0xd0, 0x7, 0xff, 0x24, 0xdc, 0x3,
    0xd6, 0x20, 0x1f, 0xfc, 0x9e, 0x0, 0xf2, 0xa8,
    0x3, 0xff, 0x93, 0x24, 0x1, 0xc3, 0x60, 0x1f,
    0xfc, 0x94, 0x60, 0xf, 0x50, 0x80, 0x7f, 0xf2,
    0x6, 0x80, 0x3c, 0xc8, 0x1, 0xff, 0xc9, 0xb1,
    0x0, 0xe2, 0x90, 0xf, 0xfe, 0x4a, 0xa8, 0x3,
    0xdc, 0x1, 0xff, 0xc9, 0x1a, 0x0, 0xf4, 0x18,
    0x7, 0xff, 0x26, 0x80, 0x3c, 0x6e, 0x1, 0xff,
    0xc9, 0x74, 0x0, 0xf7, 0x0, 0x7f, 0xf2, 0x4a,
    0x0, 0x3d, 0x24, 0x1, 0xff, 0xc9, 0xe0, 0xf,
    0x23, 0x0, 0x7f, 0xf2, 0x5c, 0xc0, 0x3c, 0xb7,
    0x7f, 0xfc, 0x69, 0x20, 0x18, 0x0, 0xf8, 0x51,
    0x3f, 0xf8, 0xcd, 0x80, 0xe0, 0x1f, 0xfd, 0x1,
    0x4f, 0x0, 0xff, 0xf8, 0x2c, 0x20, 0x7, 0xff,
    0x38, 0xa8, 0x40,

    /* U+007B "{" */
    0x0, 0xff, 0x89, 0xef, 0x7f, 0xed, 0x50, 0xf,
    0xfa, 0xb6, 0x10, 0x80, 0x22, 0xa0, 0xf, 0xe1,
    0xd5, 0x0, 0xff, 0xe3, 0x51, 0x0, 0x7f, 0x40,
    0x7, 0xe3, 0x40, 0xe, 0x19, 0xde, 0xf7, 0x0,
    0xfd, 0x40, 0x1c, 0x5e, 0xc4, 0x20, 0x1f, 0xe4,
    0x0, 0xe9, 0x10, 0xf, 0xfe, 0x9, 0x0, 0x72,
    0x0, 0x7f, 0xf0, 0x48, 0x3, 0x8c, 0x3, 0xff,
    0x84, 0x20, 0x1c, 0xc0, 0x1f, 0xfc, 0x27, 0x0,
    0xe3, 0x0, 0xff, 0xeb, 0xb8, 0x7, 0xff, 0x20,
    0x40, 0x38, 0xc0, 0x3f, 0xf8, 0x46, 0x1, 0xff,
    0xdd, 0x10, 0xe, 0x10, 0xf, 0xfe, 0xeb, 0x80,
    0x7f, 0xf0, 0xc4, 0x3, 0xff, 0x90, 0x60, 0x18,
    0x40, 0x3f, 0xf8, 0x62, 0x1, 0xff, 0xcd, 0x30,
    0xf, 0xfe, 0x1b, 0x80, 0x7f, 0xf2, 0x4, 0x3,
    0x8, 0x7, 0xff, 0xc, 0xc0, 0x3f, 0xf9, 0xa4,
    0x1, 0xff, 0xc3, 0x30, 0xc, 0xe0, 0x1f, 0xfc,
    0x37, 0x0, 0xda, 0x1, 0xff, 0xc2, 0x22, 0x0,
    0x63, 0x0, 0xff, 0xe1, 0x40, 0x7, 0x28, 0x7,
    0xff, 0x0, 0x69, 0x40, 0x30, 0x88, 0x3, 0xfa,
    0x2f, 0x79, 0x40, 0x3a, 0x0, 0x3f, 0x99, 0xd0,
    0x80, 0x3c, 0xec, 0x1, 0xfc, 0x60, 0x1f, 0xb6,
    0x0, 0x3f, 0xca, 0x20, 0x1f, 0x6a, 0x80, 0x7f,
    0xd8, 0x40, 0x1f, 0x51, 0x80, 0x7f, 0x8b, 0x72,
    0x1c, 0x3, 0xb8, 0x3, 0xff, 0x80, 0x6f, 0x14,
    0x1, 0x89, 0x0, 0x3f, 0xf8, 0x4a, 0x1, 0xda,
    0x1, 0xff, 0xc3, 0x40, 0xc, 0xa0, 0x1f, 0xfc,
    0x31, 0x0, 0xc4, 0x1, 0xff, 0xc3, 0x30, 0xc,
    0x20, 0x1f, 0xfd, 0x83, 0x0, 0xff, 0xe4, 0x8,
    0x6, 0x10, 0xf, 0xfe, 0xc3, 0x80, 0x63, 0x0,
    0xff, 0xe1, 0x88, 0x7, 0xff, 0x20, 0xc0, 0x30,
    0x80, 0x7f, 0xf6, 0x4, 0x3, 0x38, 0x7, 0xff,
    0x5c, 0x40, 0x3f, 0xf9, 0xc2, 0x1, 0xff, 0xc2,
    0x30, 0xf, 0xfe, 0x40, 0x80, 0x71, 0x80, 0x7f,
    0xf5, 0xdc, 0x3, 0x88, 0x3, 0xff, 0x84, 0xe0,
    0x1c, 0xa0, 0x1f, 0xfc, 0x21, 0x0, 0xe1, 0x10,
    0x7, 0xff, 0x4, 0x80, 0x3c, 0xa0, 0x1f, 0xfc,
    0x22, 0x0, 0xe3, 0x0, 0xff, 0xe1, 0x38, 0x7,
    0x58, 0x7, 0xff, 0xb, 0x80, 0x38, 0xf1, 0x44,
    0x3, 0xfe, 0x43, 0x0, 0xe3, 0xae, 0xfe, 0x70,
    0xf, 0xee, 0x10, 0xf, 0xc3, 0x2, 0x1, 0xf8,
    0xb0, 0xc0, 0x3f, 0xf8, 0xe5, 0x96, 0xa4, 0x1,
    0xd0, 0x20, 0x1f, 0xf2, 0x56, 0xff, 0x75, 0xee,
    0x0,

    /* U+007C "|" */
    0x3, 0x75, 0x0, 0x2e, 0x45, 0x58, 0x70, 0x4,
    0x84, 0xc0, 0x18, 0x40, 0x3f, 0xff, 0xe0, 0x1f,
    0xff, 0xf0, 0xf, 0xff, 0xf8, 0x7, 0xff, 0xfc,
    0x3, 0xff, 0xfe, 0x1, 0xff, 0xf9, 0x10, 0xe,
    0x50, 0xc, 0x70, 0x80, 0x54, 0x0,

    /* U+007D "}" */
    0x1b, 0xff, 0xbb, 0x25, 0x40, 0x3f, 0xeb, 0x40,
    0x8, 0x4d, 0xab, 0x4c, 0x3, 0xff, 0x8c, 0x58,
    0x80, 0x1f, 0xa4, 0x40, 0x3f, 0xa8, 0x40, 0x3e,
    0x3e, 0xfd, 0xb4, 0x0, 0xe1, 0x90, 0xf, 0xf1,
    0x25, 0xb8, 0x7, 0x30, 0x7, 0xff, 0x6, 0x80,
    0x38, 0x48, 0x3, 0xff, 0x80, 0x40, 0x1e, 0x70,
    0xf, 0xfe, 0x9, 0x80, 0x71, 0x0, 0x7f, 0xf0,
    0x54, 0x3, 0xbc, 0x3, 0xff, 0x83, 0x80, 0x1c,
    0x20, 0x1f, 0xfc, 0x16, 0x0, 0xff, 0xe3, 0xb8,
    0x7, 0x8, 0x7, 0xff, 0x6f, 0xc0, 0x3f, 0xf8,
    0x22, 0x1, 0xc2, 0x1, 0xff, 0xd5, 0x30, 0xe,
    0x30, 0xf, 0xfe, 0x38, 0x80, 0x7f, 0xf5, 0x44,
    0x3, 0x9c, 0x3, 0xff, 0x8e, 0x20, 0x1f, 0xfc,
    0x1f, 0x0, 0xff, 0xe6, 0x98, 0x7, 0xff, 0x1c,
    0x40, 0x3f, 0xf8, 0x22, 0x1, 0xff, 0xc7, 0x10,
    0xf, 0xfe, 0xdf, 0x0, 0x70, 0x80, 0x7f, 0xf0,
    0x54, 0x3, 0x94, 0x3, 0xff, 0x82, 0x60, 0x1d,
    0xc0, 0x1f, 0xfc, 0x26, 0x0, 0xcb, 0x8, 0x40,
    0x1f, 0xf4, 0x8, 0x6, 0x7b, 0xdd, 0x20, 0x7,
    0xf0, 0xe8, 0x80, 0x78, 0xac, 0xc0, 0x3f, 0x8f,
    0x8c, 0x3, 0xe9, 0x0, 0xfe, 0x2c, 0x30, 0xf,
    0x84, 0x3, 0xfb, 0xcc, 0x3, 0xe2, 0xf0, 0xf,
    0xcc, 0x40, 0x1d, 0x3d, 0xfa, 0x80, 0x1f, 0xb0,
    0x3, 0xb1, 0x84, 0x3, 0xfe, 0x70, 0xc, 0xc6,
    0x1, 0xff, 0xc1, 0x20, 0xd, 0xa0, 0x1f, 0xfc,
    0x13, 0x0, 0xe5, 0x0, 0xff, 0xe0, 0xa8, 0x7,
    0x8, 0x7, 0xff, 0x7, 0x80, 0x3f, 0xfc, 0x22,
    0x1, 0xff, 0xc7, 0x30, 0xf, 0xfe, 0xf, 0x80,
    0x7f, 0xf3, 0x44, 0x3, 0xff, 0x82, 0x20, 0x1c,
    0xe0, 0x1f, 0xfd, 0xb1, 0x0, 0xff, 0xe0, 0x98,
    0x7, 0xff, 0x34, 0xc0, 0x3f, 0xf8, 0x22, 0x1,
    0xc2, 0x1, 0xff, 0xdb, 0xf0, 0xf, 0xfe, 0xb,
    0x80, 0x70, 0x80, 0x7f, 0xf5, 0x5c, 0x3, 0x84,
    0x3, 0xff, 0x82, 0x40, 0x1d, 0xe0, 0x1f, 0xfc,
    0x1f, 0x0, 0xe1, 0x0, 0xff, 0xe0, 0xa0, 0x7,
    0x28, 0x7, 0xff, 0x1, 0x88, 0x3, 0x8c, 0x3,
    0xf8, 0x4e, 0x64, 0x1, 0xcc, 0x1, 0xf1, 0x67,
    0xf6, 0x30, 0x7, 0xac, 0x3, 0xe8, 0x30, 0xf,
    0xe9, 0x20, 0xf, 0xfe, 0x20, 0xd3, 0x0, 0x7e,
    0x82, 0x0, 0xc2, 0x93, 0xca, 0x1, 0xfc, 0x5b,
    0xdb, 0xdf, 0xd6, 0xc0, 0x1f, 0xf0,

    /* U+007E "~" */
    0x0, 0xe2, 0x7b, 0xef, 0xf6, 0xc9, 0x80, 0x7f,
    0xf3, 0x27, 0x61, 0x4, 0x0, 0x4d, 0x98, 0x30,
    0xf, 0xfe, 0x40, 0xe3, 0x0, 0x7f, 0x1e, 0x40,
    0x7, 0xff, 0x4, 0x88, 0x1, 0xb4, 0xc0, 0x3f,
    0xf8, 0xf, 0xa6, 0x1, 0xfe, 0x8d, 0xd4, 0x80,
    0x1c, 0xc0, 0x3f, 0xf8, 0x45, 0x8e, 0x1, 0xf9,
    0xdc, 0x0, 0x65, 0x18, 0x0, 0xe4, 0x8a, 0x95,
    0x0, 0xfa, 0x30, 0x80, 0x39, 0x20, 0x3, 0x9c,
    0x3, 0xae, 0xce, 0xad, 0x5a, 0x60, 0x1e, 0x3d,
    0xb7, 0x68, 0xcb, 0x0, 0xe4, 0x30, 0xd, 0x8,
    0x1, 0xc5, 0x90, 0x1, 0xf2, 0x44, 0xb9, 0x80,
    0x74, 0xa, 0xa8, 0x0, 0xce, 0x1, 0xf9, 0xf0,
    0x80, 0x3f, 0xf8, 0x46, 0xe0, 0xa, 0xdd, 0x48,
    0x7, 0xf8, 0xf5, 0x80, 0x3f, 0xf8, 0x5, 0xa0,
    0x18, 0x88, 0x1, 0xff, 0xc1, 0x9b, 0x20, 0xf,
    0xe6, 0xd1, 0x0, 0xff, 0xe4, 0x26, 0xda, 0x90,
    0x0, 0x4d, 0xf6, 0x40, 0x30,

    /* U+4E2D "中" */
    0x0, 0xff, 0xe8, 0x88, 0x80, 0x3f, 0xfd, 0x69,
    0xdd, 0x69, 0x0, 0x7f, 0xfa, 0x68, 0x40, 0x5,
    0x20, 0x1f, 0xfe, 0x81, 0x10, 0x6, 0x50, 0xf,
    0xff, 0xf8, 0x7, 0xff, 0xfc, 0x3, 0xff, 0xfe,
    0x1, 0xff, 0xff, 0x0, 0xff, 0xff, 0x80, 0x7f,
    0xff, 0xc0, 0x3f, 0xff, 0xe0, 0x1f, 0xfd, 0x64,
    0x8a, 0xaf, 0xfe, 0x55, 0x80, 0x70, 0xd5, 0x7f,
    0xf2, 0xe0, 0xc0, 0xd, 0x6e, 0xab, 0xff, 0xcb,
    0x0, 0xf2, 0xaf, 0xff, 0x2d, 0xf1, 0x42, 0xc0,
    0x3f, 0xfd, 0x92, 0x4, 0x1, 0xff, 0xec, 0x30,
    0xf, 0xff, 0xf8, 0x7, 0xff, 0x94, 0xb7, 0xff,
    0xff, 0x8d, 0xc0, 0x1c, 0x3f, 0xff, 0xfc, 0x7c,
    0x0, 0xff, 0xe0, 0x39, 0x0, 0x7f, 0xf8, 0xc,
    0x3, 0xff, 0xfe, 0x1, 0xff, 0xff, 0x0, 0xff,
    0xff, 0x80, 0x7f, 0xff, 0xc0, 0x3f, 0xff, 0xe0,
    0x1f, 0xff, 0xf0, 0xf, 0xff, 0xf8, 0x7, 0xff,
    0xfc, 0x3, 0xff, 0xfe, 0x1, 0xff, 0xff, 0x0,
    0xff, 0xff, 0x80, 0x7f, 0xff, 0xc0, 0x3f, 0xfd,
    0x8e, 0x20, 0x1f, 0xfe, 0x4, 0x0, 0xff, 0xe0,
    0x17, 0x7f, 0xff, 0xf1, 0xb8, 0x3, 0x87, 0xff,
    0xff, 0x8f, 0x60, 0x1f, 0xff, 0xf0, 0xf, 0xff,
    0x31, 0x0, 0x7f, 0xfb, 0xc, 0x2c, 0x3, 0xff,
    0xd9, 0x20, 0xd6, 0xea, 0xbf, 0xfc, 0xb0, 0xf,
    0x2a, 0xff, 0xf2, 0xdf, 0x14, 0x0, 0x91, 0x55,
    0xff, 0xca, 0xb0, 0xe, 0x1a, 0xaf, 0xfe, 0x5c,
    0x18, 0x7, 0xff, 0xfc, 0x3, 0xff, 0xfe, 0x1,
    0xff, 0xff, 0x0, 0xff, 0xff, 0x80, 0x7f, 0xff,
    0xc0, 0x3f, 0xff, 0xe0, 0x1f, 0xff, 0xf0, 0xf,
    0xff, 0xf8, 0x7, 0xff, 0xfc, 0x3, 0xff, 0xfe,
    0x1, 0xff, 0xff, 0x0, 0xff, 0xff, 0x80, 0x7f,
    0xff, 0xc0, 0x3f, 0xff, 0xe0, 0x1f, 0xff, 0xf0,
    0xf, 0xfe, 0x58, 0x80, 0x71, 0x80, 0x7f, 0xfa,
    0x48, 0x3, 0x38, 0x7, 0xff, 0xa7, 0xcc, 0x5,
    0x6c, 0x3, 0xff, 0x9c,

    /* U+5168 "全" */
    0x0, 0xff, 0xe1, 0xa3, 0x37, 0xff, 0x15, 0x4c,
    0x3, 0xff, 0xc3, 0x57, 0x33, 0xff, 0xc5, 0xac,
    0xe4, 0x0, 0xff, 0xef, 0x12, 0x80, 0x7f, 0xf2,
    0x6, 0xc8, 0x3, 0xff, 0xba, 0x20, 0x1f, 0xfc,
    0xbf, 0x0, 0xff, 0xee, 0x90, 0x7, 0xff, 0x2c,
    0xa8, 0x3, 0xff, 0xb8, 0x34, 0x20, 0x1f, 0xfc,
    0xa5, 0x70, 0xf, 0xfe, 0xe2, 0xf7, 0xff, 0xf5,
    0x80, 0x78, 0x44, 0x1, 0xd0, 0xa0, 0x1f, 0xfe,
    0x53, 0xb0, 0xe, 0x1f, 0xc1, 0x0, 0xea, 0x40,
    0xf, 0xff, 0x19, 0x68, 0x7, 0xb0, 0x4b, 0x40,
    0x3d, 0x68, 0x1, 0xff, 0xe1, 0x3c, 0x10, 0xe,
    0xb2, 0x0, 0x1d, 0x0, 0x7a, 0xd0, 0x3, 0xff,
    0xbe, 0x78, 0x20, 0x1d, 0x48, 0x1, 0x96, 0x0,
    0x3d, 0x6a, 0x1, 0xff, 0xdd, 0x4c, 0x0, 0xf5,
    0x28, 0x7, 0x9d, 0xc0, 0x1e, 0xa7, 0x0, 0xff,
    0xed, 0xad, 0x80, 0x7a, 0x94, 0x3, 0xf4, 0x38,
    0x7, 0xa2, 0x40, 0x3f, 0xfb, 0x31, 0x40, 0x1e,
    0xa5, 0x0, 0xff, 0x43, 0x0, 0x79, 0xac, 0x40,
    0x3f, 0xfa, 0xd4, 0xe0, 0x1e, 0xb5, 0x0, 0xff,
    0xe0, 0x4b, 0x80, 0x79, 0x30, 0xc0, 0x3f, 0xfa,
    0x63, 0x8a, 0x1, 0xc3, 0x88, 0x1, 0xff, 0xc2,
    0x88, 0x0, 0x78, 0xb1, 0x80, 0x3f, 0xfa, 0x27,
    0xe6, 0x1, 0xc5, 0x86, 0x1, 0xff, 0xc4, 0x79,
    0x0, 0xfa, 0x68, 0x3, 0xff, 0x9e, 0xf8, 0x20,
    0x1c, 0x78, 0x40, 0x1f, 0xfc, 0x66, 0xb0, 0xf,
    0x97, 0x4c, 0x3, 0xff, 0x96, 0x37, 0x0, 0x1e,
    0x6c, 0x10, 0xf, 0xfe, 0x42, 0x69, 0x0, 0x78,
    0xb1, 0xc0, 0x3f, 0xf9, 0x29, 0xe8, 0x1, 0xe8,
    0x90, 0xf, 0xfe, 0x59, 0x61, 0x80, 0x7d, 0x18,
    0x40, 0x1f, 0xfc, 0x69, 0xb1, 0x0, 0xe1, 0xb7,
    0x0, 0xff, 0xe6, 0x8e, 0x30, 0x7, 0xc7, 0xb0,
    0x1, 0xff, 0xc3, 0x4e, 0x60, 0xf, 0x1e, 0x20,
    0x7, 0xff, 0x42, 0x64, 0x1, 0xf9, 0xf9, 0x40,
    0x3f, 0xe1, 0xab, 0x10, 0xf, 0x2e, 0x10, 0x7,
    0xff, 0x49, 0xb0, 0x80, 0x3e, 0x1a, 0xb3, 0x0,
    0xfc, 0xfc, 0xa0, 0x1f, 0x4d, 0x0, 0x7f, 0xf5,
    0x4f, 0x54, 0x3, 0xf2, 0x65, 0xa0, 0x6, 0x6e,
    0x80, 0xf, 0x8b, 0x58, 0x3, 0xff, 0xb1, 0x54,
    0x10, 0xf, 0xc9, 0x78, 0x22, 0xc9, 0x10, 0xf,
    0x9b, 0x5f, 0x7f, 0xff, 0xfb, 0x1c, 0x7e, 0x80,
    0x1f, 0xc6, 0xea, 0x60, 0x1f, 0xd, 0xc8, 0xd1,
    0x0, 0x7f, 0xf6, 0x6, 0x4e, 0xe8, 0x40, 0x3f,
    0x2a, 0x80, 0x3e, 0x6e, 0x40, 0x20, 0xf, 0xfe,
    0xe3, 0x82, 0xf3, 0x0, 0x79, 0x4c, 0x68, 0x3,
    0x1e, 0x48, 0x4, 0x40, 0x1f, 0xfd, 0xc1, 0x0,
    0xa7, 0x98, 0x2, 0x4a, 0x0, 0x2d, 0x19, 0xa7,
    0xc, 0x3, 0xb, 0x80, 0x7f, 0xf6, 0x91, 0x0,
    0x18, 0x67, 0x66, 0xec, 0x1, 0x97, 0x30, 0xc0,
    0x1f, 0x47, 0x66, 0x7f, 0xf0, 0xa8, 0x3, 0x8f,
    0x33, 0xff, 0x87, 0xd6, 0x1, 0xf1, 0x32, 0x0,
    0x7f, 0xf1, 0x44, 0xcf, 0xff, 0x84, 0xe0, 0x1e,
    0x33, 0xff, 0xe1, 0x88, 0x7, 0xff, 0xfc, 0x3,
    0xff, 0xfe, 0x1, 0xff, 0xff, 0x0, 0xff, 0xff,
    0x80, 0x7f, 0xff, 0xc0, 0x3f, 0xff, 0xe0, 0x1f,
    0xff, 0xf0, 0xf, 0xfe, 0x89, 0x17, 0xff, 0x15,
    0x80, 0x3c, 0x45, 0xff, 0xc6, 0x0, 0xff, 0xe5,
    0x47, 0xee, 0xff, 0xf1, 0x6c, 0x3, 0x8f, 0x77,
    0xff, 0x8d, 0xec, 0x1, 0xff, 0xc7, 0x27, 0x0,
    0xff, 0xf0, 0x48, 0x7, 0xff, 0x1d, 0x80, 0x3f,
    0xfc, 0x44, 0x1, 0xff, 0xc6, 0x60, 0xf, 0xff,
    0x11, 0x0, 0x7f, 0xf1, 0x8a, 0x44, 0x3, 0xff,
    0xbc, 0x34, 0x1, 0xff, 0xc8, 0x6e, 0xff, 0xff,
    0xe2, 0xe8, 0x7, 0x1f, 0xff, 0xff, 0x1b, 0x94,
    0x3, 0xff, 0xfe, 0x1, 0xff, 0xff, 0x0, 0xff,
    0xff, 0x80, 0x7f, 0xff, 0xc0, 0x3f, 0xff, 0xe0,
    0x1f, 0xff, 0xf0, 0xf, 0xff, 0xf8, 0x7, 0xff,
    0xfc, 0x3, 0xff, 0xfc, 0x6a, 0xbf, 0xfc, 0xc4,
    0x0, 0xe1, 0x55, 0xff, 0xe6, 0xa0, 0x80, 0x7b,
    0x31, 0x55, 0xff, 0xcc, 0x90, 0xe, 0x2a, 0xaf,
    0xfe, 0x6d, 0xf1, 0x80, 0x65, 0x30, 0xf, 0xff,
    0x7c, 0x80, 0x63, 0x0, 0xff, 0xf8, 0x30, 0x6,
    0x50, 0xf, 0xff, 0x82, 0x0, 0x63, 0x92, 0x0,
    0xff, 0xf6, 0xa, 0xc8, 0x0,

    /* U+6D45 "浅" */
    0x0, 0xff, 0xeb, 0x88, 0x7, 0xff, 0xcc, 0xf7,
    0xbf, 0x4, 0x3, 0xff, 0xa8, 0x33, 0x92, 0x40,
    0x1f, 0xfc, 0xbe, 0x20, 0x1, 0xc0, 0x7, 0x89,
    0x44, 0x3, 0xff, 0x97, 0x8c, 0x6d, 0xb6, 0x60,
    0x1f, 0xfc, 0x92, 0x0, 0xca, 0x1, 0xcf, 0xb5,
    0xcc, 0x1, 0xff, 0xc9, 0x62, 0x0, 0xc9, 0x94,
    0x40, 0x1f, 0xfc, 0xc1, 0x0, 0xc7, 0x0, 0x14,
    0xc8, 0x3, 0xff, 0x90, 0xa0, 0x1f, 0x2e, 0xb8,
    0x7, 0xff, 0x2c, 0xc0, 0x33, 0x80, 0x73, 0x69,
    0x0, 0x7f, 0xf1, 0x8e, 0xc4, 0x3, 0xe8, 0xb1,
    0x0, 0xff, 0xe7, 0x23, 0x0, 0x71, 0x6a, 0x80,
    0x7f, 0xf1, 0x93, 0x9c, 0x3, 0xe4, 0xc1, 0x0,
    0xff, 0xe7, 0x4c, 0x0, 0x7a, 0xa4, 0x3, 0xff,
    0x8f, 0x1c, 0xa0, 0x1e, 0x2c, 0x10, 0xf, 0xfe,
    0x10, 0x80, 0x61, 0x0, 0xf3, 0xd8, 0x80, 0x73,
    0x60, 0x80, 0x7f, 0xf1, 0x86, 0xac, 0x40, 0x38,
    0xa4, 0x3, 0xff, 0x84, 0x60, 0x1f, 0xfc, 0x4,
    0xc3, 0x0, 0xe3, 0xd0, 0xf, 0xfe, 0x42, 0x7a,
    0x0, 0x77, 0x80, 0x7f, 0xf0, 0x84, 0x3, 0xff,
    0x82, 0x58, 0xa0, 0x1c, 0x40, 0x1f, 0xfc, 0x91,
    0xb5, 0x0, 0xcc, 0x1, 0xff, 0xc2, 0x70, 0xe,
    0x10, 0xf, 0xea, 0x80, 0xc, 0xc0, 0x1f, 0xfc,
    0xba, 0x70, 0x1c, 0x10, 0xf, 0xfe, 0x10, 0x80,
    0x71, 0x80, 0x7f, 0x9f, 0x8, 0x1e, 0x0, 0x3f,
    0xf9, 0x91, 0xfc, 0x60, 0x1f, 0xfc, 0x33, 0x0,
    0xe1, 0x0, 0xff, 0x8f, 0x7e, 0x0, 0x22, 0x32,
    0x0, 0xff, 0xed, 0x8, 0x7, 0x38, 0x7, 0xf8,
    0x91, 0xa2, 0xb3, 0xbf, 0x73, 0x60, 0x3, 0xff,
    0xb3, 0xe0, 0x1c, 0x20, 0x26, 0xad, 0x15, 0x9d,
    0xfb, 0x72, 0xea, 0x62, 0x1, 0x9c, 0x40, 0x3f,
    0xfb, 0xd7, 0xfd, 0x95, 0x2e, 0xa6, 0x20, 0x1f,
    0xfc, 0x15, 0x0, 0xff, 0xe8, 0x12, 0x34, 0x56,
    0x77, 0xc0, 0x7, 0x8, 0x7, 0xff, 0x29, 0x80,
    0x3f, 0xf9, 0x63, 0x39, 0xdf, 0xb7, 0x2e, 0xa6,
    0x20, 0x1f, 0xfd, 0x1, 0x82, 0x0, 0xff, 0xe5,
    0xdb, 0x18, 0x80, 0x7f, 0xf4, 0x49, 0x1a, 0x2b,
    0x3b, 0x8e, 0x1, 0xff, 0xcc, 0x70, 0xf, 0xfe,
    0x61, 0x23, 0x45, 0x67, 0x7e, 0xdc, 0xba, 0x98,
    0x80, 0x7e, 0x59, 0x72, 0x0, 0xff, 0xe1, 0x30,
    0x7, 0xff, 0x18, 0x62, 0xb3, 0xbf, 0x6e, 0x5d,
    0x4c, 0x40, 0x3f, 0xf8, 0x73, 0x4d, 0x1b, 0x44,
    0x1, 0xff, 0xc0, 0xf0, 0xf, 0x85, 0x1a, 0x2b,
    0x8, 0x3, 0xb, 0xa9, 0x88, 0x7, 0xff, 0x28,
    0xd8, 0x3, 0x2e, 0xd1, 0x0, 0x7f, 0x93, 0x1d,
    0xd3, 0x7b, 0xfd, 0x72, 0xea, 0x6e, 0x1, 0xc4,
    0x1, 0xff, 0xd5, 0x5d, 0x80, 0xf, 0xf1, 0xc4,
    0x19, 0x8, 0x3, 0xe2, 0x0, 0xe6, 0x0, 0xff,
    0xe6, 0x9c, 0x80, 0x7e, 0x7d, 0x30, 0xf, 0xfe,
    0x4f, 0x0, 0x71, 0x0, 0x7f, 0xf3, 0x9b, 0x98,
    0x3, 0xe2, 0xc6, 0x0, 0xff, 0xe4, 0x28, 0x7,
    0x78, 0x7, 0xff, 0x3c, 0x67, 0x98, 0x3, 0xe9,
    0x70, 0xf, 0xfe, 0x39, 0x0, 0x71, 0x0, 0x7f,
    0xf4, 0x46, 0x70, 0xc0, 0x3d, 0x20, 0x1f, 0xfc,
    0x71, 0x0, 0xe5, 0x0, 0xff, 0xe1, 0x9, 0xab,
    0xcd, 0xef, 0x58, 0x80, 0x7c, 0x78, 0xe0, 0x1c,
    0xa0, 0x1f, 0xfc, 0x82, 0x0, 0xc2, 0x1, 0xf1,
    0x23, 0x45, 0x67, 0xf6, 0x54, 0x32, 0x10, 0xa5,
    0x0, 0x7f, 0x45, 0x0, 0x68, 0x0, 0xff, 0xe4,
    0x38, 0x7, 0x32, 0xbd, 0x67, 0x7e, 0xdc, 0xba,
    0x98, 0x7, 0xf9, 0x0, 0x3f, 0xcb, 0x84, 0x34,
    0x60, 0x1f, 0xfc, 0x52, 0x46, 0x60, 0x7, 0x4d,
    0x42, 0x98, 0x80, 0x7f, 0xf4, 0x4f, 0x79, 0x40,
    0x3f, 0xc2, 0x6a, 0xf3, 0x7d, 0xfb, 0x72, 0x60,
    0x1f, 0xfd, 0x7, 0x0, 0xff, 0xe4, 0xbd, 0x67,
    0x73, 0x2a, 0x19, 0x4, 0x3, 0xff, 0x9e, 0x26,
    0xaf, 0x5b, 0x0, 0x1f, 0xfc, 0x8d, 0x85, 0x31,
    0x0, 0xff, 0xe7, 0x92, 0x34, 0x5e, 0xff, 0x65,
    0x42, 0x90, 0x7, 0xff, 0x20, 0x88, 0x1, 0xff,
    0xcb, 0x13, 0x57, 0x9c, 0xef, 0xdb, 0x97, 0x42,
    0x0, 0xff, 0xe7, 0x98, 0x7, 0xff, 0x10, 0x84,
    0x3, 0xab, 0xb2, 0xa1, 0x8c, 0x40, 0x3f, 0xab,
    0xf1, 0x0, 0x3f, 0xf9, 0x22, 0x80, 0x1f, 0x12,
    0x34, 0x56, 0x77, 0xed, 0x80, 0x76, 0x80, 0x7f,
    0xf0, 0xe9, 0x40, 0xed, 0xc0, 0x3f, 0xf9, 0x37,
    0xc, 0xf3, 0x7b, 0xfb, 0x72, 0xea, 0x62, 0x0,
    0x70, 0xe, 0x40, 0xf, 0xfe, 0x13, 0xa8, 0x6,
    0x90, 0xf, 0xfe, 0x18, 0x80, 0x79, 0xe6, 0x19,
    0x8, 0x3, 0xfc, 0x42, 0x1, 0x8c, 0x3, 0xff,
    0x82, 0xb0, 0x1, 0xce, 0x1, 0xff, 0xc2, 0x5e,
    0xf7, 0x0, 0xff, 0xe4, 0xa0, 0x7, 0x20, 0x7,
    0xfc, 0x94, 0x1, 0xc5, 0x20, 0x1f, 0xfc, 0x2b,
    0x0, 0x43, 0x0, 0x7f, 0xf2, 0x30, 0x3, 0xb4,
    0x3, 0xfc, 0x96, 0x1, 0xef, 0x0, 0xff, 0xe1,
    0x30, 0x80, 0x56, 0x1, 0xff, 0xc8, 0x40, 0xe,
    0x40, 0xf, 0xe5, 0xb0, 0xf, 0x59, 0x0, 0x7f,
    0xf0, 0xac, 0x3, 0x18, 0x7, 0xff, 0x20, 0x88,
    0x1, 0x88, 0x80, 0x1f, 0x3d, 0x0, 0x7a, 0x90,
    0x3, 0xff, 0x84, 0x84, 0x1, 0x94, 0x3, 0xff,
    0x92, 0x80, 0x1c, 0xa0, 0x1e, 0xa8, 0x0, 0xf4,
    0xa8, 0x7, 0xff, 0xf, 0xc0, 0x3b, 0xc0, 0x3f,
    0xf9, 0x3a, 0x1, 0xd8, 0x1, 0x8b, 0x54, 0x3,
    0xd2, 0xc0, 0x1f, 0xfc, 0x32, 0x40, 0xc, 0x48,
    0x1, 0xff, 0xc9, 0x40, 0xe, 0x41, 0x0, 0x2e,
    0x90, 0x7, 0xa9, 0x80, 0x3f, 0xf8, 0x96, 0x1,
    0xd4, 0x1, 0xff, 0xcb, 0x50, 0xe, 0x61, 0xaa,
    0x0, 0x78, 0x71, 0x40, 0x3f, 0xf8, 0x82, 0xc0,
    0x1c, 0xc0, 0x1f, 0xfc, 0xbf, 0x0, 0xea, 0xf5,
    0x0, 0xf1, 0x61, 0x80, 0x7f, 0xf1, 0x64, 0x3,
    0x98, 0x40, 0x3f, 0xf9, 0x6a, 0x20, 0x18, 0x84,
    0x3, 0xcb, 0xa4, 0x1, 0xc9, 0x4, 0x1, 0xfe,
    0x60, 0xe, 0xb0, 0xf, 0xfe, 0x6b, 0x80, 0x7f,
    0xd3, 0x40, 0x1f, 0x5b, 0xea, 0x80, 0x7e, 0x71,
    0x0, 0xc8, 0x40, 0x1f, 0xfc, 0xdf, 0x0, 0xfe,
    0x2d, 0x60, 0xf, 0x8c, 0x2, 0xa2, 0x0, 0xfa,
    0x40, 0x3a, 0x0, 0x3f, 0xf9, 0x87, 0x72, 0x1,
    0xf9, 0xf4, 0x80, 0x3f, 0x38, 0x6, 0xa0, 0xf,
    0x38, 0x80, 0x63, 0x30, 0x7, 0xff, 0x28, 0xef,
    0x10, 0x3, 0xf4, 0xc0, 0x7, 0xf8, 0x40, 0x31,
    0x0, 0x7a, 0x40, 0x3a, 0x40, 0x3f, 0xf9, 0x29,
    0x78, 0x80, 0x1f, 0xea, 0x0, 0xff, 0x88, 0x3,
    0xfd, 0x2, 0x1, 0x89, 0x40, 0x3f, 0xf8, 0xeb,
    0xb6, 0x80, 0x1f, 0xfc, 0x3, 0x60, 0xf, 0xf7,
    0x0, 0x62, 0x0, 0xc2, 0xe0, 0x1d, 0x0, 0x1f,
    0xfc, 0x52, 0x8e, 0xa2, 0x0, 0xfc, 0x64, 0x1,
    0xd2, 0x40, 0x1f, 0xca, 0x1, 0xb8, 0x3, 0x40,
    0x7, 0x12, 0x80, 0x7f, 0xf0, 0xdb, 0x35, 0xc4,
    0x3, 0xf1, 0x56, 0x70, 0x7, 0xbc, 0x3, 0xf8,
    0xc0, 0x31, 0x0, 0x46, 0xc0, 0x1d, 0x60, 0x1f,
    0xfc, 0x1, 0x6a, 0xf9, 0x30, 0xf, 0xe1, 0x9d,
    0x50, 0x35, 0x0, 0xe2, 0xb0, 0xf, 0x8c, 0x3,
    0x94, 0x2, 0x80, 0xe, 0x26, 0x0, 0xfe, 0x27,
    0xce, 0x95, 0x0, 0xff, 0x14, 0xf3, 0x0, 0x6b,
    0x10, 0xe, 0x4c, 0x10, 0xe, 0xa0, 0xc, 0x22,
    0x0, 0x22, 0x0, 0x3a, 0x0, 0x3f, 0x9b, 0x60,
    0xc0, 0x3f, 0xe3, 0xbd, 0x60, 0xf, 0xe, 0x80,
    0x78, 0xf9, 0xc4, 0x0, 0x6c, 0x1, 0x9c, 0x2,
    0xd0, 0xe, 0x25, 0x0, 0xfe, 0xf0, 0xf, 0xfe,
    0x3, 0x66, 0x10, 0x3, 0xf8, 0xe4, 0x3, 0xe8,
    0xed, 0xcc, 0x0, 0x76, 0x80, 0x5c, 0x1, 0xd0,
    0x1, 0xfe, 0xa0, 0xf, 0xe3, 0x9f, 0x93, 0x0,
    0xff, 0xe0, 0x33, 0x80, 0x7e, 0x23, 0x0, 0xe2,
    0x40, 0x9, 0xcc, 0x2, 0x35, 0x0, 0xff, 0x1c,
    0x80, 0x71, 0xc6, 0xe3, 0x0, 0x7f, 0xf1, 0x22,
    0x0, 0x1f, 0xfc, 0x28, 0x0, 0xec, 0x83, 0x4e,
    0x0, 0xff, 0xe0, 0x35, 0xaa, 0xa7, 0xb1, 0xc8,
    0x3, 0xff, 0x8e, 0xf4, 0x20, 0x1f, 0xf2, 0xa8,
    0x3, 0xcf, 0x96, 0x40, 0x1f, 0xfc, 0x14, 0xaa,
    0x30, 0x80, 0x7f, 0xf2, 0xd7, 0xd8, 0x3, 0xf9,
    0xa8, 0x3, 0xff, 0xd2, 0x33, 0xd2, 0x84, 0x0,
    0x25, 0xb9, 0x0, 0xc0,

    /* U+6DF1 "深" */
    0x0, 0xf3, 0x39, 0x80, 0x7f, 0xfc, 0xb2, 0x63,
    0x2c, 0xc0, 0x3f, 0xfd, 0xf0, 0x60, 0x12, 0x65,
    0x90, 0x7, 0xf2, 0xbc, 0x47, 0xff, 0x61, 0xcc,
    0x3, 0xf1, 0x0, 0x79, 0x36, 0x0, 0x3e, 0xca,
    0x87, 0x7f, 0xfe, 0xc4, 0x63, 0x0, 0x7d, 0x22,
    0x1, 0xf3, 0xe9, 0x0, 0x64, 0x30, 0xf, 0xfe,
    0xe4, 0x0, 0x7c, 0x78, 0x80, 0x1f, 0x16, 0xa0,
    0x4, 0x60, 0x1f, 0xfd, 0xd1, 0x10, 0x7, 0xc5,
    0x76, 0x20, 0xf, 0xad, 0x0, 0x3f, 0xfd, 0x69,
    0xb0, 0x1, 0xf4, 0x80, 0x7e, 0x25, 0x5f, 0xfe,
    0x8a, 0x0, 0x7f, 0xf1, 0x9f, 0x8, 0x3, 0x84,
    0x3, 0xf6, 0xd5, 0x7f, 0xf4, 0x6e, 0x0, 0x3f,
    0xf8, 0xc7, 0xa8, 0x1, 0xa4, 0x3, 0xff, 0x88,
    0xf7, 0x24, 0x1, 0xf2, 0x55, 0x18, 0x3, 0xf0,
    0x80, 0x7f, 0xf2, 0x2d, 0x80, 0xe, 0xa0, 0x1f,
    0xfc, 0x3b, 0x84, 0x6c, 0x0, 0xf1, 0xda, 0xaa,
    0x58, 0x3, 0xff, 0xa3, 0x3b, 0xa8, 0x0, 0xff,
    0xe1, 0x92, 0x0, 0x42, 0x20, 0xe, 0xb0, 0xd,
    0xa0, 0x1f, 0xfd, 0x22, 0x20, 0x7, 0xff, 0x11,
    0x0, 0x38, 0x40, 0x38, 0x40, 0x33, 0x80, 0x7f,
    0xf7, 0x44, 0x3, 0xdc, 0x1, 0x84, 0x3, 0xff,
    0x8e, 0x60, 0x1c, 0x20, 0x1f, 0xfc, 0xa4, 0x0,
    0xca, 0x1, 0xe3, 0x0, 0xc4, 0x1, 0xff, 0xc7,
    0x41, 0x0, 0x94, 0x3, 0xff, 0x96, 0x72, 0x42,
    0x92, 0x1, 0xc2, 0x80, 0x19, 0x0, 0x3f, 0xf8,
    0xe3, 0xf0, 0xf3, 0x40, 0x1f, 0xfc, 0xc6, 0xde,
    0xb2, 0x0, 0xe9, 0x0, 0xeb, 0x0, 0xff, 0xe4,
    0xb, 0xc3, 0x0, 0x7f, 0xf5, 0x89, 0xc0, 0x30,
    0x98, 0x7, 0xff, 0xbb, 0xc0, 0x3a, 0x0, 0x3f,
    0xfd, 0xd6, 0x40, 0x18, 0x98, 0x3, 0xe1, 0x0,
    0xff, 0xe5, 0x1e, 0xfe, 0xb8, 0x7, 0xff, 0x24,
    0x71, 0x0, 0x3a, 0x40, 0x3f, 0xfa, 0x45, 0x84,
    0x5, 0x1c, 0xe0, 0x1f, 0xfc, 0x66, 0xf3, 0x0,
    0xe7, 0x40, 0xf, 0xde, 0x1, 0x8d, 0x4c, 0xc8,
    0xaa, 0x66, 0x3c, 0x42, 0x64, 0xc0, 0x5, 0x0,
    0xe1, 0x8e, 0x50, 0xf, 0xfe, 0x9, 0x47, 0x48,
    0x80, 0x72, 0x40, 0x7, 0xf1, 0x80, 0x75, 0x66,
    0x2e, 0xa9, 0x32, 0x87, 0x73, 0x32, 0x68, 0xc,
    0x3, 0xe1, 0xaa, 0x8, 0x7, 0xc2, 0xd5, 0xda,
    0xe2, 0x1, 0xe4, 0xb0, 0xf, 0xf2, 0x80, 0x7f,
    0xf1, 0xd4, 0x12, 0xc4, 0x3, 0xe5, 0xc2, 0x0,
    0xe3, 0xe9, 0x51, 0x0, 0xfc, 0xd6, 0x1, 0xff,
    0xb, 0x0, 0x7f, 0xf1, 0xc4, 0x13, 0xa4, 0x40,
    0x3c, 0x58, 0x40, 0x19, 0x0, 0x3f, 0xc3, 0x72,
    0x1, 0xff, 0xc1, 0x84, 0x0, 0xff, 0xe2, 0x98,
    0x80, 0x4d, 0xec, 0x1, 0xe1, 0xe0, 0xc, 0xa0,
    0x1f, 0x8a, 0x79, 0x0, 0x3f, 0x14, 0x54, 0x8,
    0xd, 0xe4, 0x2a, 0x24, 0xab, 0x33, 0x1d, 0xe8,
    0x85, 0x60, 0x7, 0xc, 0xd8, 0x80, 0x7f, 0x8a,
    0xc4, 0x2, 0x37, 0xcd, 0x60, 0xf, 0xf6, 0x3a,
    0xbf, 0x80, 0x46, 0xf5, 0x77, 0x55, 0x53, 0x28,
    0x89, 0xdc, 0xa0, 0x1f, 0x93, 0xcc, 0x3, 0x50,
    0x7, 0x27, 0x66, 0x3b, 0x20, 0xc0, 0x3f, 0xe3,
    0x10, 0x8, 0x50, 0x3, 0xff, 0xa0, 0x38, 0x80,
    0x4, 0x60, 0xf, 0x8c, 0xc2, 0x1, 0xff, 0xc2,
    0x70, 0xe, 0x10, 0xf, 0xfe, 0x95, 0xda, 0xac,
    0x3, 0xff, 0xe6, 0x8a, 0x1, 0xff, 0xff, 0x0,
    0xff, 0xff, 0x80, 0x7f, 0xfb, 0x27, 0xbf, 0xff,
    0xf8, 0x96, 0x1, 0xd5, 0xff, 0xff, 0xc5, 0xd4,
    0x0, 0xff, 0xe4, 0xc3, 0x8, 0x7, 0xff, 0x70,
    0xac, 0x3, 0xff, 0x92, 0x60, 0x1f, 0xfe, 0x3,
    0x0, 0xff, 0xe1, 0x29, 0x0, 0x61, 0x0, 0xff,
    0xf0, 0x10, 0x7, 0xff, 0x6, 0xeb, 0x5c, 0x2,
    0x81, 0x0, 0xff, 0xef, 0x30, 0x80, 0x7f, 0xf0,
    0x11, 0x0, 0x8, 0x40, 0x1, 0x76, 0x5d, 0xff,
    0xf0, 0x18, 0x3, 0xff, 0x82, 0xf7, 0x7f, 0xfc,
    0x1d, 0x90, 0xf, 0xfe, 0xc, 0x0, 0x6e, 0x0,
    0xc6, 0x89, 0xff, 0x2b, 0x80, 0x7f, 0xf0, 0x59,
    0x51, 0x3f, 0xf8, 0x4, 0x1, 0xff, 0xc1, 0x33,
    0x0, 0x63, 0x0, 0xff, 0xe2, 0x58, 0x80, 0x7f,
    0xf0, 0x46, 0xc0, 0x3f, 0xf9, 0xd2, 0x1, 0xd8,
    0x1, 0xff, 0xc3, 0x65, 0x0, 0xff, 0x10, 0x6,
    0x57, 0x0, 0xff, 0xe6, 0x12, 0x80, 0x62, 0x50,
    0xf, 0xfe, 0x11, 0xc8, 0x7, 0x40, 0x7, 0x59,
    0x0, 0x68, 0x50, 0xf, 0xfe, 0x5d, 0x80, 0x75,
    0x80, 0x7f, 0xf0, 0x8b, 0x40, 0x3a, 0xc, 0x3,
    0x8f, 0xc0, 0x3a, 0x8c, 0x3, 0xff, 0x92, 0x2c,
    0x1, 0x85, 0x80, 0x3f, 0xf8, 0x23, 0x82, 0x1,
    0x8d, 0xc0, 0x3e, 0x29, 0x0, 0xec, 0x30, 0xf,
    0xfe, 0x44, 0x0, 0x73, 0x0, 0x7f, 0xf0, 0x47,
    0x4, 0x3, 0xb8, 0x3, 0xf9, 0x94, 0x3, 0xb4,
    0xc0, 0x3f, 0xf8, 0xc2, 0xc0, 0x1d, 0x20, 0x1f,
    0xfc, 0x2, 0xf2, 0x0, 0xea, 0x20, 0xf, 0xf5,
    0x18, 0x6, 0x1c, 0x40, 0xf, 0xfe, 0x2c, 0x80,
    0x73, 0x8, 0x7, 0xfc, 0x98, 0x20, 0x1c, 0xea,
    0x1, 0xff, 0xc0, 0xd2, 0x0, 0xeb, 0x50, 0xf,
    0xfe, 0x18, 0xb8, 0x7, 0x58, 0x7, 0xfc, 0xd6,
    0x20, 0x1c, 0xb0, 0x1, 0xff, 0xc1, 0x1f, 0x10,
    0xe, 0xa8, 0x0, 0xff, 0xe1, 0x48, 0x7, 0x29,
    0x0, 0x7f, 0xa6, 0x40, 0x1e, 0x3a, 0x0, 0xff,
    0xe1, 0x96, 0x88, 0x7, 0x3d, 0x88, 0x7, 0xfc,
    0x2e, 0x1, 0xd2, 0x1, 0xfc, 0x5a, 0xc0, 0x1e,
    0x3c, 0x0, 0xff, 0xe2, 0x9e, 0x88, 0x7, 0x27,
    0xa0, 0x7, 0xfa, 0x0, 0x39, 0xc, 0x3, 0xf3,
    0xe9, 0x0, 0x78, 0xf0, 0x3, 0xff, 0x8e, 0x78,
    0x20, 0x1c, 0x37, 0x20, 0x1f, 0x89, 0x80, 0x3a,
    0x0, 0x3e, 0x5d, 0x80, 0xf, 0x93, 0x0, 0x3f,
    0xf9, 0x25, 0x84, 0x1, 0xe6, 0xd5, 0x0, 0xf4,
    0x80, 0x72, 0x18, 0x7, 0x26, 0xd1, 0x0, 0x7c,
    0xd6, 0x1, 0xff, 0xcb, 0x2c, 0x30, 0xf, 0x15,
    0x60, 0x80, 0x48, 0x80, 0xe, 0x80, 0xe, 0x2b,
    0x20, 0xf, 0xd5, 0x20, 0x1f, 0xfc, 0xd1, 0xc5,
    0x0, 0xf8, 0xdc, 0x2, 0x90, 0xe, 0x53, 0x0,
    0xff, 0xe1, 0x26, 0xa8, 0x7, 0xff, 0x42, 0xa0,
    0x3, 0xe2, 0x0, 0x31, 0x0, 0x74, 0x0, 0x78,
    0x98, 0x3, 0x86, 0x6c, 0x80, 0x3f, 0xfa, 0x4f,
    0x84, 0x1, 0x99, 0x0, 0x16, 0x1, 0xca, 0x40,
    0x1f, 0x4b, 0x0, 0x6, 0x39, 0x80, 0x3f, 0xfa,
    0xa7, 0xb0, 0x22, 0x89, 0x0, 0x84, 0x3, 0xa0,
    0x3, 0xfa, 0x7b, 0x79, 0xc0, 0x3f, 0xfb, 0x2f,
    0xdc, 0x70, 0xd, 0xe0, 0x19, 0x88, 0x3, 0xfc,
    0x24, 0x1, 0xff, 0xe3, 0x3d, 0x30, 0x28, 0x0,
    0xff, 0xf8, 0x96, 0x76, 0x88, 0x7, 0xff, 0xcc,
    0x40, 0x3f, 0xfa, 0x8a, 0x1, 0xce, 0x1, 0xff,
    0xef, 0x1a, 0x20, 0x2a, 0x20, 0xf, 0xfe, 0x48,

    /* U+719F "熟" */
    0x0, 0xff, 0xe2, 0x88, 0x7, 0xff, 0x34, 0xd9,
    0x0, 0x3f, 0xfb, 0x17, 0xfd, 0xa4, 0x1, 0xff,
    0xca, 0x7c, 0x9b, 0xb0, 0x7, 0xff, 0x59, 0x90,
    0x0, 0x5e, 0x1, 0xff, 0xca, 0x90, 0x9, 0x8,
    0x3, 0xff, 0xaa, 0x60, 0x18, 0x98, 0x3, 0xff,
    0x92, 0x20, 0x19, 0x80, 0x3f, 0xfa, 0xaa, 0x20,
    0x1a, 0x4, 0x3, 0xff, 0xe1, 0x20, 0x18, 0x64,
    0x3, 0xff, 0xc4, 0x9b, 0xff, 0xff, 0xc0, 0x80,
    0xe, 0x7f, 0xff, 0xf6, 0xa8, 0x7, 0xff, 0x5a,
    0xc8, 0x3, 0xff, 0xa2, 0x54, 0x20, 0x1f, 0xfd,
    0x41, 0x0, 0xff, 0xea, 0x98, 0x7, 0xff, 0x50,
    0x54, 0x3, 0xff, 0xa6, 0xa4, 0x1, 0xff, 0xd5,
    0xac, 0xaa, 0xff, 0xe8, 0xe5, 0x0, 0x7f, 0xf5,
    0xcd, 0x57, 0xff, 0xa2, 0x60, 0x1, 0x67, 0x88,
    0xc0, 0x1d, 0xd1, 0x1f, 0x9c, 0xc0, 0x3f, 0xfb,
    0xe5, 0xd3, 0xe, 0xf8, 0x3, 0x95, 0xdf, 0xf4,
    0x63, 0x0, 0x7f, 0xf0, 0x9f, 0xbf, 0xff, 0xf9,
    0x1d, 0x20, 0x1a, 0x80, 0x3f, 0xf9, 0x70, 0x1,
    0xff, 0xc1, 0x58, 0x10, 0xf, 0xfe, 0x40, 0xb4,
    0x0, 0x7f, 0xf3, 0xc4, 0x80, 0x3f, 0xf8, 0x18,
    0x1, 0xff, 0xcc, 0x50, 0xa, 0xc0, 0x3f, 0xf9,
    0x8c, 0x1, 0xff, 0xc0, 0x30, 0xc, 0x2c, 0xdf,
    0xfc, 0x22, 0x0, 0xc6, 0x1, 0x1e, 0xc3, 0xbf,
    0x0, 0x78, 0x49, 0x15, 0x88, 0x3, 0xff, 0x8c,
    0x20, 0x1a, 0xa6, 0x7f, 0xf8, 0x5c, 0x1, 0xfc,
    0x4f, 0x11, 0xc0, 0x1d, 0x7d, 0xb7, 0x53, 0xc0,
    0x1f, 0xfc, 0xb7, 0x0, 0xff, 0xe1, 0x8, 0x7,
    0xff, 0x25, 0xc0, 0x38, 0x80, 0x3f, 0xff, 0xe0,
    0x1f, 0xfc, 0x34, 0x0, 0xff, 0xe1, 0x38, 0x7,
    0xff, 0xc, 0x40, 0x38, 0x40, 0x3f, 0xf9, 0x82,
    0x1, 0xa3, 0xff, 0xff, 0x85, 0x40, 0x1f, 0xfc,
    0x33, 0x0, 0xe3, 0x0, 0xe1, 0x0, 0xff, 0xe3,
    0x10, 0x7, 0xff, 0x30, 0x80, 0x3f, 0xc2, 0x1,
    0xc2, 0x1, 0xff, 0xcc, 0xa0, 0xf, 0xfe, 0x64,
    0x80, 0x45, 0x9b, 0x2, 0x0, 0x60, 0xf, 0xfe,
    0x91, 0x6b, 0xaa, 0x27, 0xff, 0x1d, 0xad, 0x40,
    0x2c, 0x32, 0x7f, 0x50, 0x30, 0xc, 0x40, 0x1f,
    0xfc, 0xe2, 0x8a, 0xbb, 0xff, 0xe3, 0xca, 0x0,
    0x44, 0x20, 0x10, 0xd5, 0x3c, 0x3, 0x30, 0x7,
    0xff, 0x7c, 0x47, 0x0, 0x78, 0x88, 0x1, 0xca,
    0xc0, 0x18, 0x80, 0x3f, 0xf9, 0x63, 0x5b, 0xdd,
    0xdf, 0xff, 0xfc, 0xe, 0xed, 0xfa, 0xe0, 0x1b,
    0xc4, 0x3, 0xfd, 0xe0, 0x1f, 0xfc, 0xb8, 0x52,
    0x11, 0xe0, 0xf, 0xfe, 0x29, 0x45, 0x80, 0x45,
    0xea, 0x1, 0xfc, 0xa0, 0x1f, 0x8, 0x6, 0x10,
    0xf, 0xf1, 0x80, 0x7f, 0xf3, 0x94, 0x3, 0xd,
    0x50, 0x40, 0x3f, 0xfa, 0x72, 0x40, 0x1f, 0xfc,
    0xc2, 0xd0, 0xf, 0x2f, 0x98, 0x7, 0xb1, 0x0,
    0x3c, 0x60, 0x1f, 0xfc, 0x33, 0xde, 0xdd, 0xff,
    0xe0, 0xb8, 0x80, 0x78, 0xab, 0x4c, 0x3, 0xe1,
    0xd0, 0xf, 0xad, 0xc0, 0x38, 0x40, 0x3f, 0xf8,
    0xa2, 0x45, 0xff, 0x2e, 0xb8, 0x80, 0x61, 0x9d,
    0x50, 0xf, 0xf3, 0x0, 0x7e, 0x89, 0x0, 0xfe,
    0x30, 0xf, 0xfe, 0x5d, 0x40, 0x7, 0xc, 0x73,
    0x0, 0x7f, 0xf0, 0x28, 0x3, 0xf9, 0xa8, 0x2,
    0x70, 0xf, 0xfe, 0x79, 0xa8, 0x7, 0x47, 0x38,
    0x7, 0xff, 0x5, 0x8, 0x3, 0xfc, 0xb2, 0x0,
    0x10, 0xc, 0x20, 0x1f, 0xfc, 0xa5, 0x0, 0xec,
    0x70, 0xf, 0xfe, 0x1f, 0x80, 0x74, 0x88, 0x7,
    0x31, 0x81, 0x80, 0x7f, 0xf3, 0xc4, 0x3, 0x9,
    0x10, 0xd1, 0x59, 0xe2, 0x6a, 0x8a, 0x1, 0x8d,
    0x0, 0x31, 0x37, 0x90, 0x7, 0x20, 0x8, 0x6,
    0xf0, 0xf, 0xf0, 0x91, 0xa2, 0xb3, 0xba, 0x26,
    0xae, 0x40, 0x30, 0xf6, 0xe5, 0xd4, 0xc3, 0xb2,
    0xaa, 0x88, 0x2, 0xf0, 0xe, 0xb0, 0x1c, 0x20,
    0xc, 0x61, 0xc0, 0x18, 0x40, 0x27, 0xd2, 0x0,
    0x37, 0xf6, 0xe5, 0xd4, 0xc4, 0x1d, 0x95, 0x4,
    0x3, 0xff, 0x8a, 0x20, 0x5, 0x30, 0xc, 0x4c,
    0x0, 0x1c, 0x10, 0x1, 0xa0, 0x18, 0x6, 0x30,
    0xa, 0x8b, 0xc0, 0x10, 0x1, 0xff, 0xd2, 0x23,
    0x1, 0xb0, 0xe, 0x80, 0xc, 0x3a, 0x22, 0xe0,
    0x3, 0x0, 0x61, 0x0, 0x88, 0x9, 0x40, 0x3f,
    0xf9, 0x82, 0x46, 0x8a, 0xf1, 0x5a, 0x0, 0xa1,
    0x0, 0xc6, 0xa0, 0x1c, 0x7d, 0xc2, 0x0, 0x8,
    0x6, 0x60, 0xf, 0x68, 0x40, 0x7, 0xc2, 0x46,
    0x8a, 0xc6, 0x1, 0x8b, 0x7f, 0xdd, 0xb9, 0x75,
    0xe, 0xa0, 0x8, 0x40, 0xe, 0xe0, 0xf, 0xfe,
    0x1, 0x0, 0x62, 0x0, 0x8, 0x4, 0x20, 0xdb,
    0x79, 0xbd, 0xfe, 0xed, 0xcb, 0xa9, 0x40, 0xe,
    0x20, 0xf, 0xf9, 0x9c, 0x3, 0xa0, 0x80, 0x3f,
    0xf8, 0x24, 0x1, 0x88, 0x3, 0x84, 0x0, 0x48,
    0x64, 0x20, 0x1f, 0xfc, 0xd6, 0x90, 0xe, 0x47,
    0x0, 0xff, 0xe1, 0x38, 0x6, 0x50, 0x20, 0xb,
    0x80, 0x3f, 0xfa, 0x6f, 0x20, 0x1c, 0x54, 0x1,
    0xff, 0xc3, 0xc0, 0xd, 0x20, 0xa0, 0x11, 0x0,
    0x7f, 0xf4, 0xaa, 0x0, 0x38, 0x7c, 0x40, 0x3f,
    0xf8, 0x6e, 0x1, 0x87, 0x60, 0x2, 0x60, 0xf,
    0xcb, 0x7b, 0xbc, 0xe0, 0x18, 0x40, 0x3f, 0x62,
    0x80, 0x70, 0xe1, 0x0, 0x7f, 0xf1, 0x5, 0x40,
    0x31, 0x8, 0x0, 0x88, 0x1, 0xfa, 0x90, 0x8b,
    0x80, 0x39, 0x40, 0x3e, 0x23, 0x0, 0xe1, 0xc2,
    0x0, 0xff, 0xe3, 0x40, 0x7, 0xe5, 0x0, 0xfe,
    0x30, 0xf, 0xfa, 0xc0, 0x3e, 0x22, 0x0, 0x63,
    0xf2, 0x0, 0xff, 0xe3, 0x95, 0x0, 0x78, 0x64,
    0x3, 0xfb, 0x54, 0x3, 0xe2, 0x7e, 0x20, 0xf,
    0xde, 0x60, 0x7, 0xc1, 0x0, 0xff, 0xe4, 0xae,
    0x18, 0x4, 0x78, 0x20, 0x1f, 0xc3, 0x5f, 0x97,
    0x6c, 0xdf, 0xd8, 0x10, 0xf, 0xe2, 0xcd, 0xf8,
    0x0, 0xff, 0xe6, 0x1e, 0x76, 0xf6, 0x10, 0x7,
    0xff, 0x4, 0xd1, 0x6, 0x40, 0x1f, 0xfc, 0x32,
    0x0, 0xff, 0xe8, 0x9, 0x8, 0x7, 0xff, 0x9,
    0x18, 0xc0, 0x3f, 0xfb, 0x8b, 0x10, 0x20, 0xf,
    0xfe, 0x3e, 0x5c, 0xe4, 0x80, 0x7f, 0x2c, 0x28,
    0x7, 0xff, 0x1, 0xea, 0x48, 0x3, 0xfd, 0x14,
    0xee, 0xd4, 0x0, 0xff, 0xe2, 0xc1, 0x80, 0x4c,
    0x1, 0xfb, 0x29, 0xea, 0xc0, 0x3f, 0xd9, 0xa,
    0xda, 0x20, 0x1f, 0xc6, 0x1, 0xa8, 0x40, 0x3f,
    0xf8, 0x8e, 0x1, 0x88, 0x3, 0xe2, 0x30, 0x9,
    0x4, 0x3, 0xf8, 0xc0, 0x34, 0x0, 0x7f, 0x70,
    0x6, 0x1b, 0x0, 0xff, 0xe1, 0xb0, 0x7, 0x50,
    0x7, 0xc2, 0x1, 0xca, 0x1, 0xfc, 0x40, 0x19,
    0xc0, 0x3f, 0x95, 0x0, 0x32, 0xa0, 0x7, 0xff,
    0xa, 0x0, 0x39, 0x80, 0x3e, 0x20, 0xe, 0x20,
    0xf, 0xe5, 0x0, 0xc2, 0x80, 0x1f, 0xd4, 0x1,
    0xd2, 0x1, 0xff, 0xc1, 0x71, 0x0, 0xc8, 0x20,
    0x1f, 0x8, 0x7, 0x78, 0x7, 0xf5, 0x80, 0x77,
    0x0, 0x7f, 0xc, 0x80, 0x62, 0x80, 0xf, 0xf8,
    0xa0, 0x3, 0xa0, 0x3, 0xf8, 0x80, 0x31, 0x0,
    0x7f, 0x18, 0x80, 0x65, 0x0, 0xff, 0x31, 0x80,
    0x67, 0x20, 0xf, 0xf7, 0x0, 0x72, 0x18, 0x7,
    0xf3, 0x0, 0x65, 0x0, 0xff, 0x38, 0x7, 0x28,
    0x7, 0xfb, 0x80, 0x3a, 0x40, 0x3f, 0xac, 0xc0,
    0x3a, 0x40, 0x3f, 0xc4, 0x1, 0x84, 0x3, 0xfd,
    0x40, 0x1d, 0xc0, 0x1f, 0xe2, 0x60, 0xc, 0x8a,
    0x1, 0xf4, 0xa0, 0x7, 0x49, 0x0, 0x7f, 0xb8,
    0x3, 0x88, 0x3, 0xf8, 0xc4, 0x3, 0x20, 0x80,
    0x7f, 0xa0, 0x3, 0xac, 0x40, 0x39, 0x18, 0x3,
    0x99, 0x80, 0x1f, 0xf1, 0x0, 0x73, 0x0, 0x7f,
    0x9c, 0x3, 0x94, 0x3, 0xfc, 0x2c, 0x1, 0x85,
    0xc0, 0x39, 0xc0, 0x39, 0x64, 0x3, 0xff, 0x80,
    0xe0, 0x1c, 0xa0, 0x1f, 0xea, 0x0, 0xe7, 0x0,
    0xff, 0xac, 0x3, 0xfe, 0x3b, 0x40, 0x17, 0xa0,
    0xf, 0xfe, 0x9, 0x38, 0x0, 0xa8, 0x40, 0x3f,
    0xc7, 0x22, 0x7, 0x66, 0x1, 0xff, 0x14, 0x88,
    0x14, 0x30, 0x7, 0x92, 0xff, 0xa0, 0x3, 0xff,
    0x87, 0x1f, 0xed, 0x50, 0xf, 0xfe, 0x3, 0x77,
    0xe2, 0x0, 0x7f, 0xf0, 0x5b, 0xbf, 0x5c, 0x3,
    0x0
};


/*---------------------
 *  GLYPH DESCRIPTION
 *--------------------*/

static const lv_font_fmt_txt_glyph_dsc_t glyph_dsc[] = {
    {.bitmap_index = 0, .adv_w = 0, .box_w = 0, .box_h = 0, .ofs_x = 0, .ofs_y = 0} /* id = 0 reserved */,
    {.bitmap_index = 0, .adv_w = 258, .box_w = 0, .box_h = 0, .ofs_x = 0, .ofs_y = 0},
    {.bitmap_index = 0, .adv_w = 371, .box_w = 11, .box_h = 55, .ofs_x = 6, .ofs_y = -3},
    {.bitmap_index = 158, .adv_w = 547, .box_w = 22, .box_h = 21, .ofs_x = 6, .ofs_y = 32},
    {.bitmap_index = 315, .adv_w = 639, .box_w = 36, .box_h = 53, .ofs_x = 2, .ofs_y = -3},
    {.bitmap_index = 818, .adv_w = 639, .box_w = 32, .box_h = 69, .ofs_x = 4, .ofs_y = -11},
    {.bitmap_index = 1296, .adv_w = 1061, .box_w = 62, .box_h = 55, .ofs_x = 2, .ofs_y = -3},
    {.bitmap_index = 2228, .adv_w = 783, .box_w = 46, .box_h = 55, .ofs_x = 2, .ofs_y = -3},
    {.bitmap_index = 2899, .adv_w = 320, .box_w = 8, .box_h = 21, .ofs_x = 6, .ofs_y = 32},
    {.bitmap_index = 2966, .adv_w = 389, .box_w = 15, .box_h = 72, .ofs_x = 6, .ofs_y = -16},
    {.bitmap_index = 3276, .adv_w = 389, .box_w = 15, .box_h = 72, .ofs_x = 3, .ofs_y = -16},
    {.bitmap_index = 3586, .adv_w = 538, .box_w = 25, .box_h = 23, .ofs_x = 4, .ofs_y = 32},
    {.bitmap_index = 3759, .adv_w = 639, .box_w = 36, .box_h = 37, .ofs_x = 2, .ofs_y = 6},
    {.bitmap_index = 3883, .adv_w = 320, .box_w = 13, .box_h = 23, .ofs_x = 4, .ofs_y = -15},
    {.bitmap_index = 3990, .adv_w = 399, .box_w = 19, .box_h = 6, .ofs_x = 3, .ofs_y = 15},
    {.bitmap_index = 4020, .adv_w = 320, .box_w = 10, .box_h = 11, .ofs_x = 5, .ofs_y = -3},
    {.bitmap_index = 4061, .adv_w = 451, .box_w = 26, .box_h = 70, .ofs_x = 1, .ofs_y = -15},
    {.bitmap_index = 4468, .adv_w = 639, .box_w = 34, .box_h = 55, .ofs_x = 3, .ofs_y = -3},
    {.bitmap_index = 4955, .adv_w = 639, .box_w = 30, .box_h = 53, .ofs_x = 6, .ofs_y = -2},
    {.bitmap_index = 5100, .adv_w = 639, .box_w = 35, .box_h = 54, .ofs_x = 2, .ofs_y = -2},
    {.bitmap_index = 5491, .adv_w = 639, .box_w = 35, .box_h = 55, .ofs_x = 2, .ofs_y = -3},
    {.bitmap_index = 5946, .adv_w = 639, .box_w = 37, .box_h = 54, .ofs_x = 1, .ofs_y = -3},
    {.bitmap_index = 6250, .adv_w = 639, .box_w = 35, .box_h = 54, .ofs_x = 2, .ofs_y = -3},
    {.bitmap_index = 6665, .adv_w = 639, .box_w = 34, .box_h = 55, .ofs_x = 3, .ofs_y = -3},
    {.bitmap_index = 7173, .adv_w = 639, .box_w = 34, .box_h = 54, .ofs_x = 3, .ofs_y = -2},
    {.bitmap_index = 7494, .adv_w = 639, .box_w = 34, .box_h = 55, .ofs_x = 3, .ofs_y = -3},
    {.bitmap_index = 8041, .adv_w = 639, .box_w = 35, .box_h = 55, .ofs_x = 2, .ofs_y = -3},
    {.bitmap_index = 8556, .adv_w = 320, .box_w = 10, .box_h = 40, .ofs_x = 5, .ofs_y = -3},
    {.bitmap_index = 8649, .adv_w = 320, .box_w = 13, .box_h = 52, .ofs_x = 4, .ofs_y = -15},
    {.bitmap_index = 8820, .adv_w = 639, .box_w = 36, .box_h = 32, .ofs_x = 2, .ofs_y = 9},
    {.bitmap_index = 9099, .adv_w = 639, .box_w = 36, .box_h = 23, .ofs_x = 2, .ofs_y = 13},
    {.bitmap_index = 9185, .adv_w = 639, .box_w = 36, .box_h = 32, .ofs_x = 2, .ofs_y = 9},
    {.bitmap_index = 9466, .adv_w = 546, .box_w = 28, .box_h = 56, .ofs_x = 3, .ofs_y = -3},
    {.bitmap_index = 9815, .adv_w = 1089, .box_w = 62, .box_h = 65, .ofs_x = 3, .ofs_y = -15},
    {.bitmap_index = 10816, .adv_w = 699, .box_w = 44, .box_h = 53, .ofs_x = 0, .ofs_y = -2},
    {.bitmap_index = 11330, .adv_w = 756, .box_w = 39, .box_h = 53, .ofs_x = 6, .ofs_y = -2},
    {.bitmap_index = 11727, .adv_w = 735, .box_w = 40, .box_h = 55, .ofs_x = 3, .ofs_y = -3},
    {.bitmap_index = 12159, .adv_w = 791, .box_w = 40, .box_h = 53, .ofs_x = 6, .ofs_y = -2},
    {.bitmap_index = 12527, .adv_w = 677, .box_w = 33, .box_h = 53, .ofs_x = 6, .ofs_y = -2},
    {.bitmap_index = 12681, .adv_w = 636, .box_w = 32, .box_h = 54, .ofs_x = 6, .ofs_y = -3},
    {.bitmap_index = 12820, .adv_w = 793, .box_w = 42, .box_h = 55, .ofs_x = 3, .ofs_y = -3},
    {.bitmap_index = 13285, .adv_w = 838, .box_w = 40, .box_h = 54, .ofs_x = 6, .ofs_y = -2},
    {.bitmap_index = 13438, .adv_w = 338, .box_w = 9, .box_h = 54, .ofs_x = 6, .ofs_y = -2},
    {.bitmap_index = 13482, .adv_w = 617, .box_w = 29, .box_h = 54, .ofs_x = 3, .ofs_y = -3},
    {.bitmap_index = 13678, .adv_w = 744, .box_w = 40, .box_h = 54, .ofs_x = 6, .ofs_y = -2},
    {.bitmap_index = 14092, .adv_w = 626, .box_w = 32, .box_h = 53, .ofs_x = 6, .ofs_y = -2},
    {.bitmap_index = 14207, .adv_w = 935, .box_w = 46, .box_h = 54, .ofs_x = 6, .ofs_y = -2},
    {.bitmap_index = 14709, .adv_w = 831, .box_w = 39, .box_h = 54, .ofs_x = 6, .ofs_y = -2},
    {.bitmap_index = 15065, .adv_w = 854, .box_w = 47, .box_h = 55, .ofs_x = 3, .ofs_y = -3},
    {.bitmap_index = 15627, .adv_w = 728, .box_w = 37, .box_h = 53, .ofs_x = 6, .ofs_y = -2},
    {.bitmap_index = 15910, .adv_w = 854, .box_w = 48, .box_h = 67, .ofs_x = 3, .ofs_y = -15},
    {.bitmap_index = 16583, .adv_w = 732, .box_w = 38, .box_h = 53, .ofs_x = 6, .ofs_y = -2},
    {.bitmap_index = 16956, .adv_w = 687, .box_w = 37, .box_h = 55, .ofs_x = 4, .ofs_y = -3},
    {.bitmap_index = 17433, .adv_w = 690, .box_w = 40, .box_h = 54, .ofs_x = 2, .ofs_y = -2},
    {.bitmap_index = 17568, .adv_w = 830, .box_w = 40, .box_h = 54, .ofs_x = 6, .ofs_y = -3},
    {.bitmap_index = 17869, .adv_w = 662, .box_w = 42, .box_h = 53, .ofs_x = 0, .ofs_y = -2},
    {.bitmap_index = 18393, .adv_w = 1011, .box_w = 60, .box_h = 53, .ofs_x = 2, .ofs_y = -2},
    {.bitmap_index = 19287, .adv_w = 659, .box_w = 39, .box_h = 54, .ofs_x = 1, .ofs_y = -2},
    {.bitmap_index = 19826, .adv_w = 611, .box_w = 38, .box_h = 53, .ofs_x = 0, .ofs_y = -2},
    {.bitmap_index = 20199, .adv_w = 694, .box_w = 38, .box_h = 53, .ofs_x = 3, .ofs_y = -2},
    {.bitmap_index = 20540, .adv_w = 389, .box_w = 16, .box_h = 70, .ofs_x = 7, .ofs_y = -15},
    {.bitmap_index = 20633, .adv_w = 451, .box_w = 27, .box_h = 70, .ofs_x = 1, .ofs_y = -15},
    {.bitmap_index = 21032, .adv_w = 389, .box_w = 16, .box_h = 70, .ofs_x = 2, .ofs_y = -15},
    {.bitmap_index = 21124, .adv_w = 639, .box_w = 30, .box_h = 32, .ofs_x = 5, .ofs_y = 20},
    {.bitmap_index = 21403, .adv_w = 644, .box_w = 40, .box_h = 5, .ofs_x = 0, .ofs_y = -12},
    {.bitmap_index = 21432, .adv_w = 698, .box_w = 15, .box_h = 15, .ofs_x = 11, .ofs_y = 44},
    {.bitmap_index = 21508, .adv_w = 649, .box_w = 33, .box_h = 41, .ofs_x = 3, .ofs_y = -3},
    {.bitmap_index = 21866, .adv_w = 711, .box_w = 36, .box_h = 58, .ofs_x = 6, .ofs_y = -3},
    {.bitmap_index = 22236, .adv_w = 586, .box_w = 32, .box_h = 41, .ofs_x = 3, .ofs_y = -3},
    {.bitmap_index = 22552, .adv_w = 713, .box_w = 36, .box_h = 58, .ofs_x = 3, .ofs_y = -3},
    {.bitmap_index = 22939, .adv_w = 638, .box_w = 35, .box_h = 41, .ofs_x = 3, .ofs_y = -3},
    {.bitmap_index = 23293, .adv_w = 374, .box_w = 24, .box_h = 59, .ofs_x = 2, .ofs_y = -3},
    {.bitmap_index = 23490, .adv_w = 648, .box_w = 37, .box_h = 59, .ofs_x = 3, .ofs_y = -20},
    {.bitmap_index = 24063, .adv_w = 699, .box_w = 33, .box_h = 58, .ofs_x = 6, .ofs_y = -3},
    {.bitmap_index = 24300, .adv_w = 316, .box_w = 10, .box_h = 56, .ofs_x = 5, .ofs_y = -2},
    {.bitmap_index = 24383, .adv_w = 317, .box_w = 18, .box_h = 73, .ofs_x = -3, .ofs_y = -20},
    {.bitmap_index = 24567, .adv_w = 636, .box_w = 33, .box_h = 58, .ofs_x = 6, .ofs_y = -3},
    {.bitmap_index = 24901, .adv_w = 327, .box_w = 12, .box_h = 58, .ofs_x = 6, .ofs_y = -3},
    {.bitmap_index = 24973, .adv_w = 1067, .box_w = 55, .box_h = 41, .ofs_x = 6, .ofs_y = -2},
    {.bitmap_index = 25318, .adv_w = 703, .box_w = 33, .box_h = 41, .ofs_x = 6, .ofs_y = -2},
    {.bitmap_index = 25517, .adv_w = 698, .box_w = 38, .box_h = 41, .ofs_x = 3, .ofs_y = -3},
    {.bitmap_index = 25937, .adv_w = 713, .box_w = 36, .box_h = 57, .ofs_x = 6, .ofs_y = -19},
    {.bitmap_index = 26317, .adv_w = 713, .box_w = 36, .box_h = 57, .ofs_x = 3, .ofs_y = -19},
    {.bitmap_index = 26708, .adv_w = 447, .box_w = 22, .box_h = 41, .ofs_x = 6, .ofs_y = -2},
    {.bitmap_index = 26848, .adv_w = 539, .box_w = 30, .box_h = 41, .ofs_x = 2, .ofs_y = -3},
    {.bitmap_index = 27185, .adv_w = 434, .box_w = 25, .box_h = 51, .ofs_x = 1, .ofs_y = -3},
    {.bitmap_index = 27386, .adv_w = 699, .box_w = 33, .box_h = 41, .ofs_x = 5, .ofs_y = -3},
    {.bitmap_index = 27594, .adv_w = 600, .box_w = 36, .box_h = 40, .ofs_x = 1, .ofs_y = -2},
    {.bitmap_index = 27978, .adv_w = 924, .box_w = 54, .box_h = 40, .ofs_x = 2, .ofs_y = -2},
    {.bitmap_index = 28627, .adv_w = 573, .box_w = 34, .box_h = 40, .ofs_x = 1, .ofs_y = -2},
    {.bitmap_index = 29018, .adv_w = 600, .box_w = 36, .box_h = 56, .ofs_x = 1, .ofs_y = -19},
    {.bitmap_index = 29504, .adv_w = 546, .box_w = 31, .box_h = 39, .ofs_x = 2, .ofs_y = -2},
    {.bitmap_index = 29755, .adv_w = 389, .box_w = 21, .box_h = 70, .ofs_x = 2, .ofs_y = -15},
    {.bitmap_index = 30092, .adv_w = 309, .box_w = 6, .box_h = 81, .ofs_x = 7, .ofs_y = -22},
    {.bitmap_index = 30130, .adv_w = 389, .box_w = 20, .box_h = 70, .ofs_x = 2, .ofs_y = -15},
    {.bitmap_index = 30456, .adv_w = 639, .box_w = 34, .box_h = 12, .ofs_x = 3, .ofs_y = 18},
    {.bitmap_index = 30589, .adv_w = 1152, .box_w = 59, .box_h = 67, .ofs_x = 6, .ofs_y = -8},
    {.bitmap_index = 30857, .adv_w = 1152, .box_w = 66, .box_h = 63, .ofs_x = 3, .ofs_y = -6},
    {.bitmap_index = 31438, .adv_w = 1152, .box_w = 66, .box_h = 67, .ofs_x = 3, .ofs_y = -8},
    {.bitmap_index = 32554, .adv_w = 1152, .box_w = 66, .box_h = 65, .ofs_x = 3, .ofs_y = -8},
    {.bitmap_index = 33474, .adv_w = 1152, .box_w = 67, .box_h = 67, .ofs_x = 3, .ofs_y = -8}
};

/*---------------------
 *  CHARACTER MAPPING
 *--------------------*/

static const uint16_t unicode_list_1[] = {
    0x0, 0x33b, 0x1f18, 0x1fc4, 0x2372
};

/*Collect the unicode lists and glyph_id offsets*/
static const lv_font_fmt_txt_cmap_t cmaps[] =
{
    {
        .range_start = 32, .range_length = 95, .glyph_id_start = 1,
        .unicode_list = NULL, .glyph_id_ofs_list = NULL, .list_length = 0, .type = LV_FONT_FMT_TXT_CMAP_FORMAT0_TINY
    },
    {
        .range_start = 20013, .range_length = 9075, .glyph_id_start = 96,
        .unicode_list = unicode_list_1, .glyph_id_ofs_list = NULL, .list_length = 5, .type = LV_FONT_FMT_TXT_CMAP_SPARSE_TINY
    }
};

/*-----------------
 *    KERNING
 *----------------*/


/*Map glyph_ids to kern left classes*/
static const uint8_t kern_left_class_mapping[] =
{
    0, 0, 0, 1, 0, 0, 0, 0,
    0, 2, 0, 0, 0, 3, 4, 3,
    5, 0, 0, 0, 0, 0, 0, 0,
    0, 0, 0, 6, 6, 0, 0, 0,
    0, 0, 7, 8, 9, 10, 11, 12,
    13, 0, 0, 14, 15, 16, 0, 0,
    10, 17, 10, 18, 19, 20, 21, 22,
    23, 24, 25, 26, 2, 27, 0, 0,
    0, 0, 28, 29, 30, 0, 31, 32,
    33, 34, 0, 0, 35, 36, 34, 34,
    29, 29, 37, 38, 39, 40, 37, 41,
    42, 43, 44, 45, 2, 0, 0, 0,
    0, 0, 0, 0, 0
};

/*Map glyph_ids to kern right classes*/
static const uint8_t kern_right_class_mapping[] =
{
    0, 0, 1, 2, 0, 0, 0, 0,
    0, 0, 3, 4, 0, 5, 6, 5,
    7, 0, 0, 0, 0, 0, 0, 0,
    0, 0, 0, 8, 8, 0, 0, 0,
    9, 0, 10, 0, 11, 0, 0, 0,
    11, 0, 0, 12, 0, 0, 0, 0,
    11, 0, 11, 0, 13, 14, 15, 16,
    17, 18, 19, 20, 0, 21, 0, 0,
    0, 0, 22, 0, 23, 23, 23, 24,
    25, 0, 26, 27, 0, 0, 28, 28,
    29, 28, 23, 28, 30, 31, 32, 33,
    34, 35, 36, 37, 0, 0, 0, 0,
    0, 0, 0, 0, 0
};

/*Kern values between classes*/
static const int8_t kern_class_values[] =
{
    0, 0, 0, 0, -87, 0, 0, 0,
    0, -41, 0, -73, -7, 0, 0, 0,
    0, -7, 0, 0, 0, 0, -23, 0,
    0, 0, 0, 0, -23, -15, 0, 0,
    0, 0, 0, 0, 0, 0, 0, 0,
    0, 0, 0, 0, 0, 0, 0, 0,
    -15, 0, 0, 0, 0, 0, 0, 0,
    0, 0, 0, 0, 0, 0, 0, 61,
    0, 0, 0, 0, 0, 0, 0, 0,
    0, 0, 0, -73, 0, -105, 0, 0,
    0, 0, 0, 0, 0, 0, 0, -75,
    -15, -50, -26, 0, -70, 0, 0, 0,
    -9, 0, 0, 0, 20, 0, -9, 0,
    -35, 0, -26, -17, 0, -15, 0, 0,
    0, 0, 0, 0, 0, 0, 0, 0,
    0, 0, -15, -13, -36, 0, -15, -7,
    -21, -51, -15, 0, 0, 0, 0, 0,
    0, 0, 0, 0, 0, -20, 0, -5,
    0, -10, 0, 0, 0, 0, 0, 0,
    0, 0, 0, 0, 0, -31, -7, -61,
    0, 0, 0, 0, 0, 0, 0, 0,
    0, -19, -24, 0, -7, 20, 20, 0,
    -24, 0, 7, -15, 0, 0, 0, 0,
    0, 0, 0, 0, -37, 0, 0, 0,
    0, 0, 0, 0, 0, 0, 0, 0,
    0, 0, 0, -20, 0, 0, 0, 0,
    0, 0, 0, 3, 0, 0, 0, 0,
    0, 0, 0, 0, 0, 0, 0, -41,
    0, -72, 0, 0, 0, 0, -20, -5,
    -7, 0, 0, -41, -11, -10, 0, 3,
    -10, -5, -31, 18, 0, -7, 0, 0,
    0, 0, 0, 18, -10, -5, -5, -3,
    -3, -5, 0, 0, 0, 0, -23, 0,
    0, 0, 0, 0, 0, 0, -12, -10,
    -19, 0, -4, -3, -3, -10, -3, 0,
    0, 0, 0, 0, 0, 0, 0, 0,
    0, -7, 0, -10, -7, -7, -10, 0,
    0, 0, 0, 0, 0, -20, 0, 0,
    0, 0, -22, -7, -19, -13, -10, -3,
    -3, -3, -5, -7, 0, 0, 0, 0,
    -15, 0, 0, 0, 0, 0, -21, -7,
    -10, -7, 0, -10, 0, 0, 0, 0,
    -26, 0, 0, -13, 0, 0, -7, 0,
    -30, 0, -19, 0, -7, -5, -13, -15,
    -15, 0, 0, 0, 0, 0, 0, 0,
    0, 0, 0, 0, 0, 0, 0, -10,
    0, -5, 0, 0, 0, 0, 0, 0,
    0, 0, 0, 0, 0, 0, 0, 0,
    0, 0, 0, 0, 0, 0, 0, 0,
    -7, 0, 0, 0, 0, 0, -7, 0,
    -19, 0, -7, 0, -23, -7, 0, 0,
    0, 0, 0, -55, 0, -53, 0, 0,
    -29, -7, -106, -15, 0, 0, 3, 3,
    -19, 0, -23, 0, -26, -10, 0, -19,
    0, 0, -15, -10, -15, -7, -12, -15,
    -12, -20, -12, -23, 0, 0, 0, -21,
    0, 0, 0, 0, 0, -3, 0, 0,
    0, -15, 0, -10, -3, 0, 0, 0,
    0, 0, 0, 0, 0, 0, 0, 0,
    0, 0, 0, 0, 0, 0, 0, 0,
    0, 0, 0, 0, 0, -19, 0, 0,
    0, 0, 0, 0, -31, 0, 0, 0,
    0, 0, 0, 0, 0, 0, 0, 0,
    0, 0, 0, 0, 0, 0, 0, 0,
    0, 0, 0, 0, 0, 0, 0, -16,
    0, -31, 0, -23, 0, 0, -5, -7,
    -15, 0, -7, -13, -10, -9, -7, 0,
    -12, 0, 0, 0, -5, 0, 0, 0,
    -7, 0, -5, 0, -25, -11, -15, -12,
    -12, -15, -10, 0, -67, 0, -116, 0,
    -41, 0, 0, -25, 2, -20, 0, -17,
    -91, -22, -58, -43, 0, -58, 0, -61,
    0, -9, -10, -3, 0, 0, 0, -9,
    0, -15, -7, -27, -26, 0, -27, 0,
    0, 0, 0, 0, -85, -25, -58, 0,
    0, -38, 0, -112, -7, -19, 0, 0,
    0, -19, -7, -59, 0, -33, -19, 0,
    -23, 0, 0, 0, -19, -7, 0, 0,
    0, 0, -10, 0, -15, 0, 0, 0,
    -7, 0, -24, 0, 0, 0, -3, 0,
    -13, -10, -10, 0, 4, 5, -3, 0,
    -7, 0, -3, -7, 0, -3, 0, 0,
    0, -7, 0, 0, 0, 0, 0, -5,
    0, -5, 0, 0, 0, -12, 0, 10,
    0, 0, 0, 0, 0, -10, -10, -15,
    0, 0, 0, 0, -10, 0, 0, 0,
    0, 0, 0, 0, 0, 0, 0, 0,
    -19, 0, 0, 0, 0, 0, 0, 0,
    0, 0, 0, -81, -55, -68, -15, 0,
    -31, -19, -96, -30, 0, 0, 0, 0,
    -15, -10, -41, 0, -55, -51, -13, -55,
    0, 0, -35, -51, -45, -13, -35, -25,
    -26, -30, -25, -57, 0, 0, 0, 0,
    -12, 0, -24, 0, 0, -12, 0, -36,
    -7, 0, 0, -3, 0, -7, -10, 0,
    0, -3, 0, 0, -7, 0, 0, 0,
    0, -3, 0, 0, 0, 0, -5, 0,
    0, 0, 0, 0, 0, -50, -15, -35,
    0, 0, -10, -7, -55, -7, 0, -7,
    7, 0, 0, 0, -15, 0, -17, -11,
    0, -17, 0, 0, -15, -11, -9, 0,
    -23, -7, -7, -11, -7, -19, 0, 0,
    0, 0, -26, -7, -23, 0, 0, 0,
    -5, -50, -5, 0, 0, 0, 0, 0,
    0, -5, 0, -12, 0, 0, -9, 0,
    0, 0, 0, 0, 0, 0, 0, 0,
    0, 0, -7, 0, -7, 0, -7, 0,
    -21, 0, 0, 0, 2, -13, 0, -10,
    -15, -7, 0, 0, 0, 0, 0, 0,
    -7, -5, -12, 0, 0, 0, 0, -5,
    0, -12, -7, -12, -10, -7, -12, -10,
    0, 0, 0, 0, -69, -51, -51, -19,
    -5, -10, -10, -77, -12, -10, -7, 0,
    0, 0, 0, -20, 0, -51, -31, 0,
    -46, 0, 0, -31, -31, -31, -21, -26,
    -10, -19, -26, -10, -36, 0, 0, 0,
    0, 0, -26, 0, 0, 0, -5, -15,
    -25, -23, 0, -7, -5, -5, 0, -10,
    -12, 0, -12, -17, -15, -11, 0, 0,
    0, -17, 0, -10, -18, -12, -12, -19,
    -12, 0, 0, 0, 0, 0, 0, 0,
    0, 0, 0, 0, 0, 0, 0, -65,
    -23, -40, -23, 0, -55, 0, 0, 0,
    0, 0, 25, 0, 55, 0, 0, 0,
    0, 0, -15, -7, 0, 9, 0, 0,
    0, 0, -41, 0, 0, 0, 0, -9,
    0, 0, 0, 0, -19, 0, -12, -3,
    0, -19, 0, 0, 0, 0, 0, 0,
    0, 0, 0, 0, 0, -10, 0, 0,
    0, 0, 0, 0, 0, -23, 0, -20,
    -7, 5, 0, 0, -9, 0, 0, 0,
    0, -44, 0, -15, 0, -3, -35, 0,
    -20, -11, 0, 0, 0, 0, 0, 0,
    0, 0, -13, 0, -3, -3, -13, -3,
    -4, 0, 0, 0, 0, 0, -15, 0,
    0, 0, 0, 0, 0, 0, -15, 0,
    -10, 0, 0, -19, 0, 0, -7, -17,
    0, -7, 0, 0, 0, -17, 0, -7,
    0, 5, 5, 6, 5, 0, 0, 0,
    0, -26, 0, 7, 0, 0, -5, 0,
    0, -15, -15, -19, 0, -12, -7, 0,
    -20, 0, -15, -11, 0, 0, -7, 0,
    0, 0, 0, 0, -7, 0, 3, 3,
    -5, 3, 0, 11, 31, 37, 0, -38,
    -10, -11, 0, 20, 0, 0, 0, 0,
    35, 0, 51, 35, 25, 45, 0, 48,
    -15, -7, 0, -11, 0, -7, 0, -7,
    -3, 0, 0, 9, 0, -3, 0, -10,
    0, 0, 11, -25, 0, 0, 36, 0,
    -27, 0, 0, 0, 0, -20, 0, 0,
    0, 0, -10, 0, 0, -12, -10, 0,
    0, 0, 28, 0, -10, 0, 0, 0,
    -3, -3, 0, 11, -10, 0, 0, 0,
    -26, 0, 0, 0, 0, -5, 0, 0,
    0, 0, -19, 0, -7, 0, 0, -12,
    0, 0, 0, 0, 0, 0, 0, 0,
    0, 0, 0, 0, 0, 0, 0, 0,
    0, 0, 0, 0, 0, -17, 9, -33,
    0, 9, -9, 0, 0, 0, 0, -27,
    0, 0, 0, 0, -9, 0, 0, -7,
    -13, 0, -7, 0, -7, 0, -13, 0,
    -16, -10, 0, 0, -5, 0, -5, 0,
    0, 0, 0, 0, 0, 0, 0, 0,
    0, 0, 0, 0, 0, 0, 0, 0,
    0, 0, 0, 0, 0, 0, 0, 0,
    0, 6, 0, 0, 0, 0, 0, 0,
    0, 0, 0, 0, 0, 0, 0, -19,
    0, 0, 0, 0, 0, 0, 0, 0,
    0, -15, 0, -10, 0, 0, -23, 0,
    0, 0, 0, 0, 0, 0, 0, 0,
    0, 0, 0, 0, 0, 0, 0, 0,
    0, 0, 0, 0, 0, -43, -19, -26,
    20, 0, -10, 0, -41, 0, 0, 0,
    0, 0, 0, 0, -7, 9, -19, -7,
    0, -7, 0, 0, 0, -7, -3, 0,
    0, 20, 15, 0, 20, -3, 0, 0,
    0, -37, 0, 7, 0, 0, -8, 0,
    0, 0, 0, -19, 0, -7, 0, 0,
    -15, 0, 0, 0, 0, 0, 0, 0,
    0, 0, 0, 0, -15, 0, 0, 0,
    0, 0, 0, 0, 0, 0, 0, 5,
    -20, 7, 11, -20, 0, 0, 0, 0,
    -10, 0, 0, 0, 0, -3, 0, 0,
    -17, -10, 0, -7, 0, 0, 0, -10,
    -7, -15, 0, 0, 0, -12, 0, 0,
    0, 0, 0, -9, -26, -5, -15, 0,
    0, -9, 0, -31, 0, -15, 0, -7,
    0, 0, -10, -7, 0, -15, -3, 0,
    0, 0, -7, 0, -3, 0, 0, 0,
    0, 0, 0, 0, -19, 0, 0, 0,
    -9, -31, 0, -5, 0, 0, -3, 0,
    -23, 0, -19, 0, -7, 0, -10, -19,
    0, 0, -7, -3, 0, 0, 0, -7,
    0, -3, 0, 0, 0, 0, 0, 0,
    0, -13, -10, 0, 0, -17, -5, -10,
    0, 0, 0, 0, -7, 0, -3, -25,
    0, -11, 0, -7, -26, 0, 0, -7,
    -13, 0, 0, 0, 0, 0, 5, 0,
    -19, 0, 0, 0, 0, 0, 0, 0,
    0, 0, 0, -26, 0, -11, 0, 0,
    0, 0, -31, 0, -15, 0, -3, 0,
    -3, -5, 0, 0, -15, -3, 0, 0,
    0, -7, 0, -3, 0, 0, 0, 0,
    0, -10, 0, -19, 0, 0, 0, 0,
    0, -12, 0, 0, 0, 0, 0, 0,
    0, -20, 0, 0, 0, 0, -23, 0,
    0, -18, -7, 0, -5, 0, 0, 0,
    -7, 0, 0, -7, -3, 0, 0, -3,
    0
};


/*Collect the kern class' data in one place*/
static const lv_font_fmt_txt_kern_classes_t kern_classes =
{
    .class_pair_values   = kern_class_values,
    .left_class_mapping  = kern_left_class_mapping,
    .right_class_mapping = kern_right_class_mapping,
    .left_class_cnt      = 45,
    .right_class_cnt     = 37,
};

/*--------------------
 *  ALL CUSTOM DATA
 *--------------------*/

#if LVGL_VERSION_MAJOR == 8
/*Store all the custom data of the font*/
static  lv_font_fmt_txt_glyph_cache_t cache;
#endif

#if LVGL_VERSION_MAJOR >= 8
static const lv_font_fmt_txt_dsc_t font_dsc = {
#else
static lv_font_fmt_txt_dsc_t font_dsc = {
#endif
    .glyph_bitmap = glyph_bitmap,
    .glyph_dsc = glyph_dsc,
    .cmaps = cmaps,
    .kern_dsc = &kern_classes,
    .kern_scale = 27,
    .cmap_num = 2,
    .bpp = 4,
    .kern_classes = 1,
    .bitmap_format = 1,
#if LVGL_VERSION_MAJOR == 8
    .cache = &cache
#endif
};



/*-----------------
 *  PUBLIC FONT
 *----------------*/

/*Initialize a public general font descriptor*/
#if LVGL_VERSION_MAJOR >= 8
const lv_font_t c_taiwanpearl_regular_72 = {
#else
lv_font_t c_taiwanpearl_regular_72 = {
#endif
    .get_glyph_dsc = lv_font_get_glyph_dsc_fmt_txt,    /*Function pointer to get glyph's data*/
    .get_glyph_bitmap = lv_font_get_bitmap_fmt_txt,    /*Function pointer to get glyph's bitmap*/
    .line_height = 81,          /*The maximum line height required by the font*/
    .base_line = 22,             /*Baseline measured from the bottom of the line*/
#if !(LVGL_VERSION_MAJOR == 6 && LVGL_VERSION_MINOR == 0)
    .subpx = LV_FONT_SUBPX_NONE,
#endif
#if LV_VERSION_CHECK(7, 4, 0) || LVGL_VERSION_MAJOR >= 8
    .underline_position = -5,
    .underline_thickness = 4,
#endif
    .dsc = &font_dsc,          /*The custom font data. Will be accessed by `get_glyph_bitmap/dsc` */
#if LV_VERSION_CHECK(8, 2, 0) || LVGL_VERSION_MAJOR >= 9
    .fallback = NULL,
#endif
    .user_data = NULL,
};



#endif /*#if C_TAIWANPEARL_REGULAR_72*/

