/*******************************************************************************
 * Size: 36 px
 * Bpp: 4
 * Opts: --font D:/My_STM32_Project/UIBUILDWER/first_ui_project/resources/font/TaiwanPearl_Regular.ttf --size 36 --bpp 4 -r 0x0020-0x007e -r 0x5f00 -r 0x59cb -r 0x6682 -r 0x505c -r 0x786e -r 0x5b9a -r 0x2103 -r 0x65f6 -r 0x5206 -r 0x4e0b -r 0x4e00 -r 0x6b65 -r 0x2191 -r 0x2193 -r 0x8ba4 -r 0x53d6 -r 0x6d88 -r 0x9876 -r 0x70e7 -r 0x70e4 -r 0x8282 -r 0x4e0a -r 0x5e95 -r 0x96c6 -r 0x4e2d -r 0x5bf9 -r 0x6d41 -r 0x90e8 -r 0x7a7a -r 0x6c14 -r 0x70b8 -r 0x53d1 -r 0x9175 -r 0x6162 -r 0x716e -r 0x89e3 -r 0x51bb -r 0x70ed -r 0x98ce -r 0x70f9 -r 0x996a -r 0x529f -r 0x80fd -r 0x7279 -r 0x6b8a -r 0x4e09 -r 0x4e3b -r 0x4e49 -r 0x4e8c -r 0x4e94 -r 0x4eca -r 0x4fdd -r 0x5165 -r 0x516d -r 0x51b7 -r 0x51fa -r 0x5230 -r 0x52a0 -r 0x5305 -r 0x5343 -r 0x5355 -r 0x5374 -r 0x5377 -r 0x56db -r 0x56de -r 0x5916 -r 0x591a -r 0x5929 -r 0x5947 -r 0x5b8c -r 0x5c0f -r 0x5c42 -r 0x5df2 -r 0x5e72 -r 0x5e74 -r 0x5f0f -r 0x5f3a -r 0x6210 -r 0x62ab -r 0x62d4 -r 0x63a2 -r 0x63d2 -r 0x653e -r 0x65e5 -r 0x660e -r 0x661f -r 0x66f2 -r 0x6708 -r 0x671f -r 0x6750 -r 0x6761 -r 0x679c -r 0x6bb5 -r 0x6d01 -r 0x6e05 -r 0x6e29 -r 0x7389 -r 0x7c73 -r 0x7ea6 -r 0x81ea -r 0x8272 -r 0x83dc -r 0x8428 -r 0x85af -r 0x897f -r 0x8bf7 -r 0x9488 -r 0x949f -r 0x9762 -r 0x9875 -r 0x9884 -r 0x989d -r 0x98df -r 0x9985 -r 0x9aa4 -r 0xff01 -r 0x8be5 -r 0x4e0d -r 0x652f -r 0x6301 -r 0xff0c -r 0x70d8 -r 0x7119 -r 0x8981 -r 0x3001 -r 0x9700 -r 0x5168 -r 0x9ea6 -r 0x571f -r 0x53f8 -r 0x53ef -r 0x9882 -r 0x914d -r 0x7f51 -r 0x5bb9 -r 0x628a -r 0x6309 -r 0x5c55 -r 0x745e -r 0x58eb -r 0x739b -r 0x5fb7 -r 0x7433 -r 0x6d77 -r 0x7ef5 -r 0x86cb -r 0x7cd5 -r 0x7eb8 -r 0x676f -r 0x5de7 -r 0x514b -r 0x529b -r 0x6ce1 -r 0x8299 -r 0x631e -r 0x9165 -r 0x997c -r 0x677e -r 0x7cca -r 0x6a21 -r 0x5177 -r 0x7cd6 -r 0x7c89 -r 0x76ae -r 0x51b0 -r 0x5976 -r 0x6cb9 -r 0x6c64 -r 0x5319 -r 0x5398 -r 0x62b9 -r 0x6d82 -r 0x5012 -r 0x538b -r 0x586b -r 0x6492 -r 0x5747 -r 0x5300 -r 0x4e2a -r 0x4e86 -r 0x516b -r 0x5237 -r 0x53f3 -r 0x540e -r 0x5668 -r 0x5927 -r 0x5b83 -r 0x5de6 -r 0x63a5 -r 0x65b9 -r 0x65e0 -r 0x6765 -r 0x6bcf -r 0x6db2 -r 0x6ee1 -r 0x7136 -r 0x7167 -r 0x72b6 -r 0x767d -r 0x76f4 -r 0x79fb -r 0x8102 -r 0x81f3 -r 0x8ba9 -r 0x8c03 -r 0x94fa -r 0x957f -r 0x6839 -r 0x662f -r 0x5426 -r 0x5ef6 -r 0x8fdf --format lvgl -o D:/My_STM32_Project/UIBUILDWER/first_ui_project/ui_builder/font/c_taiwanpearl_regular_36.c
 ******************************************************************************/

#ifdef __has_include
    #if __has_include("lvgl.h")
        #ifndef LV_LVGL_H_INCLUDE_SIMPLE
            #define LV_LVGL_H_INCLUDE_SIMPLE
        #endif
    #endif
#endif

#ifdef LV_LVGL_H_INCLUDE_SIMPLE
    #include "lvgl.h"
#else
    #include "lvgl/lvgl.h"
#endif

#ifndef C_TAIWANPEARL_REGULAR_36
#define C_TAIWANPEARL_REGULAR_36 1
#endif

#if C_TAIWANPEARL_REGULAR_36

/*-----------------
 *    BITMAPS
 *----------------*/

/*Store the image of the glyphs*/
static LV_ATTRIBUTE_LARGE_CONST const uint8_t glyph_bitmap[] = {
    /* U+0020 " " */

    /* U+0021 "!" */
    0x7, 0xee, 0x18, 0x2, 0x44, 0x56, 0x1, 0xf8,
    0xc0, 0x3f, 0x78, 0x0, 0x40, 0x3f, 0x8, 0x7,
    0xe7, 0x0, 0x18, 0x7, 0xe1, 0x0, 0x8, 0x7,
    0xe3, 0x0, 0x38, 0x7, 0xe1, 0x0, 0xfc, 0x20,
    0xf, 0x0, 0xfc, 0x60, 0x18, 0xc4, 0x0, 0xfd,
    0x80, 0x18, 0xc4, 0x2, 0xcd, 0xe6, 0x7, 0x30,
    0x4, 0x8e, 0x80, 0x62, 0xc0, 0xc, 0x4c, 0xc0,
    0x2b, 0x10,

    /* U+0022 "\"" */
    0x16, 0x71, 0x0, 0x85, 0xdc, 0x37, 0x31, 0x0,
    0xa, 0x22, 0xb6, 0x0, 0x18, 0x4, 0x60, 0x1,
    0x70, 0x1, 0x80, 0x46, 0x0, 0x12, 0x0, 0x8,
    0x4, 0x20, 0x3, 0x10, 0x7, 0x80, 0x5e, 0x0,
    0x1f, 0x0, 0x8, 0x4, 0x20, 0xf, 0x10, 0x1,
    0x80, 0x44, 0x0, 0x12, 0x0, 0x8, 0x4, 0xe0,
    0x3, 0x70, 0x3, 0x0, 0x42, 0x0, 0x61, 0x5,
    0x20, 0x8, 0xc1, 0xc,

    /* U+0023 "#" */
    0x0, 0xe2, 0xec, 0x0, 0xe9, 0xf4, 0x0, 0xf9,
    0x44, 0x80, 0x39, 0x80, 0x80, 0x3e, 0xe0, 0x20,
    0xc, 0x20, 0x2, 0x0, 0xf8, 0x81, 0x80, 0x31,
    0x0, 0x18, 0x3, 0xe6, 0x2, 0x0, 0xcc, 0x0,
    0x20, 0xf, 0x88, 0x34, 0x3, 0x68, 0x10, 0x7,
    0xc4, 0x0, 0x60, 0xc, 0x40, 0xc0, 0x1a, 0x7f,
    0xda, 0x0, 0xcf, 0xfc, 0xa0, 0x9f, 0xe9, 0x4,
    0x0, 0xff, 0xe1, 0xa0, 0x74, 0x41, 0x0, 0x62,
    0x38, 0x0, 0xb1, 0xe, 0x3, 0x77, 0x10, 0x13,
    0xbe, 0x60, 0x7, 0x3b, 0x8c, 0x3, 0x10, 0x30,
    0x6, 0x20, 0x3, 0x0, 0x7c, 0xc0, 0x40, 0x19,
    0x80, 0x4, 0x1, 0xf1, 0x7, 0x0, 0x62, 0x1,
    0x0, 0xf8, 0x40, 0x4, 0x1, 0xb8, 0x8, 0x3,
    0xb, 0xc4, 0x0, 0x1b, 0x11, 0x90, 0x6, 0x20,
    0x81, 0x10, 0x76, 0x0, 0x33, 0xbe, 0x20, 0x27,
    0x75, 0x87, 0x80, 0x7f, 0xf0, 0xcc, 0x1b, 0xfc,
    0xc0, 0x5f, 0xfb, 0x80, 0x17, 0xfe, 0xc0, 0xc,
    0x40, 0xc0, 0x18, 0x80, 0xc, 0x1, 0xf3, 0x1,
    0x0, 0x66, 0x0, 0x10, 0x7, 0xc4, 0x1e, 0x1,
    0x88, 0x4, 0x3, 0xe1, 0x0, 0x10, 0x6, 0xe0,
    0x20, 0xf, 0x88, 0x0, 0xc0, 0x18, 0x81, 0x80,
    0x3e, 0x60, 0x1, 0x0, 0x66, 0x2, 0x0, 0xf9,
    0x81, 0x80, 0x39, 0xc2, 0xc0, 0x38,

    /* U+0024 "$" */
    0x0, 0xfa, 0xf4, 0x80, 0x3f, 0xf8, 0x4, 0x84,
    0xa0, 0x1f, 0xfd, 0xe1, 0x7e, 0x0, 0x4d, 0xb0,
    0x80, 0x79, 0x7a, 0xc, 0x0, 0x29, 0x3e, 0xa0,
    0x19, 0xa8, 0x3, 0xf0, 0xd2, 0x80, 0xa, 0x40,
    0x3, 0x3d, 0xfb, 0x22, 0x0, 0xc0, 0x5, 0x80,
    0x58, 0xc2, 0x4, 0xde, 0xa9, 0x0, 0x4, 0x0,
    0x31, 0x0, 0x70, 0xd5, 0x88, 0x0, 0x80, 0x1e,
    0x1, 0xff, 0xc3, 0xe0, 0xf, 0xfe, 0x1, 0x0,
    0x14, 0x3, 0xff, 0x81, 0x40, 0x2, 0x80, 0xf,
    0xf9, 0x84, 0x0, 0xf6, 0x40, 0x1f, 0xc3, 0x40,
    0x12, 0x6c, 0x88, 0x7, 0xe4, 0xc2, 0x0, 0x9b,
    0xa0, 0x40, 0x3e, 0x3d, 0x80, 0xc, 0xfe, 0xa0,
    0x1f, 0x9f, 0x98, 0x2, 0x1a, 0x80, 0xf, 0xc3,
    0x3a, 0xa0, 0x13, 0xb0, 0x7, 0xf1, 0x54, 0x80,
    0x52, 0x20, 0x1f, 0xe6, 0x70, 0x9, 0xc0, 0x3f,
    0xe9, 0x0, 0xbc, 0x3, 0xfe, 0x12, 0x0, 0x18,
    0x7, 0xff, 0x1, 0x80, 0x6, 0x1, 0xff, 0xc0,
    0x50, 0x7, 0x17, 0x61, 0x0, 0x7c, 0xc2, 0x0,
    0x5a, 0x13, 0xd9, 0x30, 0x8, 0x62, 0x40, 0x8,
    0x56, 0x1, 0x36, 0x7f, 0x74, 0xe0, 0x1, 0xa0,
    0x3d, 0x30, 0xc, 0x22, 0x0, 0x8b, 0x4, 0x0,
    0x59, 0x87, 0x30, 0xc, 0xb3, 0xa4, 0x1, 0xc7,
    0x19, 0xa0, 0x7, 0xa6, 0x0, 0xff, 0xe0, 0xf8,
    0x7, 0xff, 0x40, 0x8c, 0x50, 0x3, 0xc0,

    /* U+0025 "%" */
    0x0, 0x92, 0xfb, 0xfa, 0x88, 0x3, 0xfe, 0x7f,
    0x80, 0xf, 0xe8, 0xb4, 0x10, 0x15, 0xd5, 0x0,
    0xfe, 0x28, 0xc, 0x0, 0xfc, 0xce, 0x5, 0x59,
    0x22, 0x14, 0x40, 0x1f, 0xa4, 0x11, 0x0, 0x1f,
    0xa0, 0x7, 0x14, 0xdb, 0x40, 0x12, 0x1, 0xf2,
    0x20, 0x24, 0x3, 0xf2, 0x8, 0x48, 0x80, 0x46,
    0xa0, 0x82, 0x1, 0xe9, 0x6, 0x20, 0xf, 0xd8,
    0x0, 0x50, 0xe, 0xc0, 0x2, 0x80, 0x73, 0x90,
    0x40, 0x7, 0xf1, 0x0, 0x8, 0x3, 0x94, 0x0,
    0x40, 0x18, 0x64, 0x20, 0x40, 0x3f, 0xf9, 0x22,
    0x1, 0xa0, 0x49, 0xc0, 0x3f, 0xf9, 0xc4, 0xc1,
    0x0, 0x1f, 0xf1, 0x0, 0x8, 0x3, 0x98, 0x0,
    0x40, 0x14, 0x81, 0xa8, 0x2, 0x37, 0xfa, 0xd0,
    0x2, 0xd0, 0x2, 0x0, 0x76, 0x0, 0x1c, 0x0,
    0x88, 0xf, 0x2, 0xd7, 0x20, 0x14, 0xb7, 0x0,
    0x28, 0x2, 0xc0, 0x31, 0x30, 0x11, 0x0, 0x12,
    0xa, 0x61, 0xc4, 0xd, 0x72, 0x21, 0xa, 0x0,
    0x70, 0x2b, 0x20, 0x3f, 0x0, 0x40, 0x1, 0x88,
    0x2c, 0x18, 0xc1, 0xe5, 0x1b, 0xc4, 0x2c, 0x1,
    0x8, 0x9, 0xbf, 0x84, 0xc, 0xa0, 0x8, 0x7,
    0x10, 0xa0, 0x4, 0x0, 0x43, 0x20, 0x28, 0x0,
    0xb7, 0x10, 0x8, 0xa6, 0x40, 0x8, 0x11, 0x40,
    0x0, 0xc1, 0x40, 0x39, 0x40, 0x18, 0x1, 0x47,
    0x6e, 0x6e, 0x98, 0x0, 0x2e, 0x16, 0x0, 0x30,
    0x1, 0x0, 0x71, 0x0, 0xc, 0x3, 0x88, 0xc8,
    0x3, 0x58, 0x1a, 0x80, 0x1c, 0x1, 0xc0, 0x1e,
    0x20, 0x70, 0xf, 0xf8, 0xd4, 0x3c, 0x2, 0x10,
    0xf, 0xf8, 0x40, 0x3f, 0xef, 0x5, 0x30, 0x8,
    0x40, 0x3f, 0xe1, 0x0, 0xff, 0x29, 0x84, 0x0,
    0x67, 0x0, 0x70, 0x7, 0x88, 0x1c, 0x3, 0xfd,
    0x60, 0xe4, 0x1, 0x8c, 0x0, 0x60, 0x1c, 0x40,
    0x3, 0x0, 0xfe, 0x71, 0x14, 0x0, 0x78, 0xc1,
    0x0, 0x39, 0x40, 0x18, 0x1, 0xf8, 0x60, 0x20,
    0x3, 0xea, 0x0, 0x40, 0x4, 0x32, 0x2, 0x80,
    0x1f, 0xa0, 0x9, 0x80, 0x3e, 0x62, 0x7, 0x93,
    0x5c, 0x10, 0xb0, 0xf, 0xc4, 0xc1, 0x20, 0x1f,
    0xd8, 0x40, 0xd9, 0x44, 0xe, 0xa0, 0x1f, 0x90,
    0x1d, 0x0, 0x3f, 0x87, 0x5c, 0x80, 0x52, 0xe0,
    0x0,

    /* U+0026 "&" */
    0x0, 0xf1, 0xd7, 0x7f, 0xb1, 0x80, 0x3f, 0xf8,
    0x6f, 0x8a, 0x20, 0x3, 0x9c, 0x0, 0xff, 0xe0,
    0xac, 0x0, 0x9, 0x94, 0x0, 0x72, 0x1, 0xff,
    0xc0, 0xb0, 0x3, 0x6c, 0xd6, 0x0, 0x18, 0x3,
    0xfe, 0x31, 0x0, 0x48, 0x4, 0x64, 0x0, 0x10,
    0xf, 0xf3, 0x0, 0xc, 0x3, 0x84, 0x0, 0x20,
    0x1f, 0xe1, 0x0, 0x8, 0x6, 0x23, 0x3, 0x0,
    0xff, 0x98, 0x0, 0x44, 0x0, 0xf, 0x80, 0x20,
    0x3, 0xfe, 0x21, 0x0, 0x50, 0x1f, 0x90, 0x3a,
    0x0, 0x7f, 0xf0, 0x18, 0x0, 0xb1, 0x82, 0xd,
    0x0, 0x1f, 0xfc, 0x19, 0x0, 0x13, 0x80, 0x26,
    0x40, 0x1f, 0xfc, 0x23, 0x10, 0x8, 0xf5, 0x80,
    0x3e, 0x17, 0x70, 0x6, 0x4d, 0x10, 0x9, 0x48,
    0x3, 0xf6, 0x44, 0x10, 0x0, 0xb6, 0x0, 0x30,
    0x3, 0x28, 0x7, 0xc6, 0x40, 0x4, 0x4, 0xa0,
    0x2, 0xe3, 0x80, 0x28, 0x80, 0x3d, 0x40, 0x5,
    0x0, 0x50, 0x0, 0xe8, 0x20, 0xc0, 0x18, 0x20,
    0x18, 0x58, 0x1, 0x20, 0xc2, 0x0, 0xe0, 0xb,
    0x44, 0x7, 0x4, 0x2, 0x80, 0x1, 0x98, 0x30,
    0x0, 0x64, 0x1, 0xe, 0x80, 0xb, 0x8, 0x9,
    0x80, 0x1e, 0x0, 0x60, 0x3, 0x0, 0x71, 0xe0,
    0x0, 0xb1, 0x3c, 0x0, 0xc6, 0x0, 0x70, 0x0,
    0x80, 0x78, 0xec, 0x0, 0x36, 0x40, 0x30, 0x1,
    0x10, 0x1, 0x4, 0x3, 0xc9, 0x82, 0x1, 0xac,
    0x40, 0x2d, 0x0, 0xac, 0x3, 0xe2, 0x20, 0x6,
    0xb5, 0x0, 0x90, 0xc0, 0xb, 0x88, 0x1, 0xb,
    0xf9, 0x80, 0x61, 0xab, 0x40, 0x6, 0x88, 0x0,
    0xef, 0xf7, 0xb9, 0x2, 0x9, 0x92, 0x1, 0x25,
    0xb8, 0xf, 0xa0, 0x6, 0x21, 0x0, 0x26, 0x59,
    0xb6, 0x98, 0x5, 0xe0, 0x1, 0xbc, 0x62, 0x0,
    0x13, 0xed, 0x98, 0x4, 0x59, 0x46, 0x34,

    /* U+0027 "'" */
    0x16, 0x71, 0xb9, 0x88, 0x30, 0x0, 0xdc, 0x0,
    0x64, 0x0, 0x11, 0x0, 0x3f, 0xc0, 0x1, 0x10,
    0x0, 0xc8, 0x0, 0x2e, 0x0, 0x61, 0x5, 0x20,

    /* U+0028 "(" */
    0x0, 0xc3, 0x9a, 0x40, 0x1a, 0xc, 0x84, 0x2,
    0x26, 0x3, 0x30, 0x5, 0x0, 0x8, 0x0, 0x85,
    0x40, 0xd0, 0x2, 0x90, 0x4, 0x80, 0x66, 0x0,
    0x28, 0x4, 0x62, 0xa, 0x1, 0xac, 0x1, 0xe0,
    0x19, 0x0, 0x8, 0x1, 0x8c, 0x4, 0x40, 0x11,
    0x80, 0x14, 0x3, 0x28, 0x0, 0xc0, 0x37, 0x0,
    0x38, 0x3, 0x10, 0x0, 0xc0, 0x30, 0x80, 0x4,
    0x3, 0x38, 0x1, 0xc0, 0x3e, 0x10, 0xf, 0xfe,
    0x18, 0x80, 0x67, 0x0, 0x38, 0x6, 0x20, 0x0,
    0x80, 0x61, 0x0, 0x18, 0x6, 0xe0, 0x7, 0x0,
    0x65, 0x0, 0x18, 0x6, 0x30, 0x2, 0x80, 0x71,
    0x80, 0x88, 0x3, 0x20, 0x1, 0x0, 0x35, 0x80,
    0x3c, 0x3, 0x18, 0x82, 0x80, 0x73, 0x0, 0x14,
    0x3, 0x48, 0x2, 0x40, 0x30, 0xa8, 0x1a, 0x0,
    0x68, 0x0, 0x40, 0x6, 0x26, 0x3, 0x30, 0x6,
    0x93, 0x21,

    /* U+0029 ")" */
    0xc, 0xd1, 0x0, 0xc2, 0x65, 0x40, 0x18, 0x54,
    0x11, 0x0, 0x1a, 0x0, 0x10, 0x1, 0x89, 0x40,
    0xd0, 0x3, 0x40, 0x3, 0x80, 0x31, 0x10, 0x14,
    0x40, 0x32, 0x80, 0x1c, 0x3, 0x58, 0x3, 0x40,
    0x31, 0x88, 0x20, 0x7, 0x28, 0x0, 0xc0, 0x31,
    0x80, 0x14, 0x3, 0x70, 0x3, 0xc0, 0x32, 0x80,
    0x8, 0x3, 0x8, 0x1, 0x80, 0x31, 0x80, 0xc,
    0x3, 0x8, 0x0, 0x40, 0x3f, 0xfa, 0x2, 0x0,
    0x10, 0xc, 0x60, 0x3, 0x0, 0xc2, 0x0, 0x60,
    0xc, 0xc0, 0x2, 0x0, 0xda, 0x0, 0xf0, 0xc,
    0x60, 0x5, 0x0, 0xca, 0x0, 0x30, 0x8, 0x84,
    0x10, 0x3, 0x50, 0x3, 0x40, 0x32, 0x80, 0x1c,
    0x2, 0x22, 0x2, 0x88, 0x5, 0x0, 0xe, 0x0,
    0x89, 0x40, 0xd0, 0x2, 0x80, 0x4, 0x0, 0x42,
    0xa0, 0x88, 0x0, 0x84, 0xca, 0x40, 0x30,

    /* U+002A "*" */
    0x0, 0xe5, 0xf7, 0x0, 0xff, 0x48, 0x70, 0x7,
    0xf8, 0x80, 0xc0, 0x3c, 0xca, 0x20, 0x20, 0xc0,
    0x4c, 0xa0, 0xf3, 0x5d, 0xa0, 0x3, 0xed, 0x9a,
    0x35, 0x20, 0x1, 0x0, 0x42, 0x0, 0x43, 0x2d,
    0xb4, 0x0, 0xe6, 0xdb, 0x0, 0x93, 0xc0, 0x3a,
    0x8, 0x3, 0xa4, 0x0, 0x40, 0xb, 0x0, 0xe7,
    0x20, 0x7d, 0x40, 0x54, 0x0, 0xd8, 0x9, 0x1,
    0x44, 0x6, 0x1, 0xa6, 0x56, 0x0, 0x1c, 0x97,
    0x0, 0x0,

    /* U+002B "+" */
    0x0, 0xfc, 0x66, 0x0, 0xff, 0xe1, 0xae, 0x61,
    0x0, 0x3f, 0xf8, 0x46, 0x0, 0x20, 0xf, 0xff,
    0xf8, 0x7, 0xff, 0x28, 0xea, 0xbe, 0x0, 0x55,
    0x7c, 0x70, 0xab, 0xe3, 0x0, 0x1a, 0xaf, 0xa3,
    0x0, 0x3f, 0xf8, 0x9a, 0xff, 0xfe, 0x90, 0x4,
    0xff, 0xf9, 0x80, 0x3f, 0xff, 0xe0, 0x1f, 0xfd,
    0xc4, 0x11, 0x20, 0x7, 0xc0,

    /* U+002C "," */
    0x3, 0xac, 0x60, 0x0, 0xe2, 0x9c, 0xa8, 0x20,
    0x6, 0x90, 0x60, 0xc, 0x60, 0x70, 0x20, 0x1c,
    0xfc, 0x60, 0x1c, 0x46, 0x8, 0x1, 0x28, 0x3,
    0x80, 0x9, 0x0, 0x6a, 0xf, 0x60, 0x3c, 0x0,
    0xa0, 0x1d, 0x20, 0x7, 0x4f, 0x18, 0x4,

    /* U+002D "-" */
    0x1a, 0xbb, 0xf9, 0x9d, 0x51, 0x3e, 0x85, 0x10,
    0xf, 0x90,

    /* U+002E "." */
    0x0, 0x8, 0x80, 0x29, 0xee, 0x48, 0x23, 0x0,
    0x19, 0x8, 0x3, 0x1a, 0x80, 0x64, 0x39, 0x11,
    0x41, 0x80,

    /* U+002F "/" */
    0x0, 0xff, 0xaf, 0xd0, 0x3, 0xfc, 0xa8, 0x1,
    0xff, 0xc0, 0xf0, 0x2, 0x0, 0x7f, 0x90, 0x14,
    0x3, 0xfc, 0x82, 0x1e, 0x1, 0xfe, 0xd0, 0x2,
    0x0, 0x7f, 0x9c, 0x10, 0x40, 0x3f, 0x8c, 0x43,
    0x40, 0x3f, 0xd6, 0x0, 0x70, 0xf, 0xf2, 0x81,
    0x88, 0x7, 0xf1, 0x10, 0x2c, 0x3, 0xfc, 0xa0,
    0x5, 0x0, 0xff, 0x58, 0x11, 0x0, 0x3f, 0x84,
    0xc1, 0x40, 0x3f, 0xce, 0x0, 0xb0, 0xf, 0xf6,
    0x80, 0x98, 0x7, 0xf9, 0x1, 0xc0, 0x3f, 0xca,
    0x0, 0xc0, 0xf, 0xf7, 0x80, 0x14, 0x3, 0xfc,
    0x80, 0x80, 0x1f, 0xe4, 0x10, 0xd0, 0xf, 0xf6,
    0x80, 0x1c, 0x3, 0xfc, 0xe0, 0x62, 0x1, 0xfc,
    0x62, 0x16, 0x1, 0xfe, 0xb0, 0x2, 0x80, 0x7f,
    0x94, 0x8, 0x80, 0x1f, 0xc4, 0x40, 0x50, 0xf,
    0xf2, 0x80, 0x2c, 0x3, 0xfd, 0x60, 0x26, 0x1,
    0xfc, 0x26, 0xe, 0x1, 0xfe, 0x70, 0x6, 0x80,
    0x7f, 0xb4, 0x0, 0x80, 0x1f, 0xe4, 0x5, 0x0,
    0xff, 0x28, 0x3, 0xc0, 0x3f, 0xf8, 0x8, 0xa0,
    0x1f, 0xe0,

    /* U+0030 "0" */
    0x0, 0xe2, 0x9d, 0xff, 0x6c, 0x10, 0x7, 0xf3,
    0xeb, 0x10, 0x0, 0x9f, 0x58, 0x3, 0xe8, 0x80,
    0x4, 0x22, 0x0, 0xa5, 0xc0, 0x39, 0x1c, 0x0,
    0x7b, 0xdc, 0xc2, 0x0, 0x41, 0x80, 0x68, 0x0,
    0x16, 0x10, 0x0, 0xf0, 0x40, 0x10, 0x1, 0x19,
    0x80, 0x12, 0x1, 0xc3, 0x60, 0x4, 0x20, 0x5,
    0x0, 0x5, 0x0, 0x3c, 0xa2, 0x0, 0x50, 0x2,
    0x0, 0x1c, 0x3, 0xf2, 0x0, 0x2c, 0x0, 0x40,
    0xf, 0x0, 0xfd, 0x80, 0x3, 0x2, 0x0, 0x88,
    0x3, 0xf1, 0x0, 0x42, 0x20, 0x9, 0x80, 0x3f,
    0x38, 0x4, 0x4e, 0x1, 0x18, 0x7, 0xe1, 0x0,
    0xc2, 0x1, 0xff, 0xc0, 0x30, 0x9, 0xc0, 0x3f,
    0xf8, 0xc2, 0x1, 0xff, 0xc0, 0x30, 0xc, 0xe0,
    0x11, 0x80, 0x7e, 0x10, 0x9, 0xc8, 0x2, 0x60,
    0xf, 0xcc, 0x1, 0x10, 0x80, 0x44, 0x1, 0xf8,
    0x80, 0x21, 0x3, 0x0, 0x78, 0x7, 0xed, 0x0,
    0x18, 0x1, 0x0, 0xe, 0x1, 0xf9, 0x0, 0x8,
    0x0, 0xb0, 0x0, 0xa8, 0x7, 0x94, 0x40, 0x14,
    0x0, 0x33, 0x0, 0x20, 0x3, 0x86, 0xc0, 0x8,
    0x40, 0x17, 0x80, 0xb, 0x8, 0x0, 0x58, 0x20,
    0x8, 0x0, 0xc7, 0x0, 0x3, 0xde, 0xdd, 0x10,
    0x2, 0xc, 0x3, 0x9e, 0x0, 0x21, 0x20, 0xa,
    0x5c, 0x3, 0xe7, 0xd7, 0x20, 0x1, 0x36, 0xb0,
    0x6,

    /* U+0031 "1" */
    0x0, 0xe5, 0xdf, 0xd2, 0x0, 0xf9, 0x67, 0xa8,
    0x80, 0x90, 0x3, 0xd3, 0x4c, 0x20, 0x18, 0x40,
    0x3f, 0xf9, 0x33, 0xdb, 0xab, 0x0, 0xff, 0x84,
    0x88, 0xa0, 0x1f, 0xff, 0xf0, 0xf, 0xff, 0xf8,
    0x7, 0xff, 0xfc, 0x3, 0xff, 0xb7, 0x1d, 0xff,
    0x70, 0x5, 0x1f, 0xf7, 0x2b, 0x8, 0x7, 0xfc,
    0x3c, 0xe0, 0x1f, 0xfc, 0x1d,

    /* U+0032 "2" */
    0x0, 0xc7, 0x39, 0xdf, 0xd6, 0xc0, 0x1f, 0x8a,
    0xf1, 0x8c, 0x40, 0x52, 0x79, 0x0, 0x39, 0x35,
    0x0, 0x21, 0x0, 0xc3, 0x68, 0x1, 0xd, 0x80,
    0xe, 0xff, 0xbf, 0x58, 0x2, 0xa0, 0x8, 0x48,
    0x17, 0x10, 0x2, 0x29, 0x80, 0x0, 0xb8, 0x5,
    0x97, 0x40, 0x1f, 0x39, 0x0, 0x30, 0x2, 0x14,
    0x0, 0xfe, 0x50, 0x2, 0x80, 0x7f, 0xf0, 0xbc,
    0x0, 0x20, 0x1f, 0xfc, 0x2f, 0x0, 0x8, 0x7,
    0xff, 0x8, 0x80, 0x4, 0x1, 0xff, 0xc2, 0x40,
    0x2, 0x0, 0x7f, 0xf0, 0x54, 0x40, 0x16, 0x1,
    0xff, 0xc1, 0x80, 0x2, 0x18, 0x7, 0xff, 0x1,
    0x88, 0x1, 0x0, 0x1f, 0xfc, 0x2, 0x90, 0x3,
    0x18, 0x7, 0xff, 0x3, 0x80, 0x5, 0x20, 0x1f,
    0xfc, 0xa, 0x30, 0x7, 0x0, 0x7f, 0xf0, 0x21,
    0x40, 0x14, 0x60, 0x1f, 0xf3, 0xb8, 0x0, 0xea,
    0x1, 0xff, 0x3c, 0x0, 0x1a, 0x0, 0x3f, 0xe8,
    0x80, 0x1, 0x64, 0x3, 0xfe, 0x97, 0x0, 0x2d,
    0x0, 0x7f, 0xd6, 0xc0, 0x6, 0xa0, 0xf, 0xfb,
    0x10, 0x2, 0x6f, 0xff, 0xdd, 0x80, 0xc6, 0x1,
    0xff, 0xc1, 0x13, 0x31, 0x0, 0x7f, 0xf0, 0xc8,
    0x80,

    /* U+0033 "3" */
    0x0, 0xcb, 0x5b, 0xdf, 0xd9, 0x26, 0x1, 0xf1,
    0xed, 0x29, 0x8, 0x9, 0xb6, 0x58, 0x80, 0x65,
    0xc2, 0x0, 0x84, 0x40, 0x19, 0x30, 0x40, 0x22,
    0x0, 0x25, 0xff, 0x73, 0xe8, 0x80, 0x5, 0x0,
    0x13, 0xc5, 0x5a, 0x0, 0x65, 0xc1, 0x0, 0x30,
    0x6, 0x75, 0x0, 0xf8, 0x58, 0x2, 0x10, 0xf,
    0xfe, 0xf, 0x0, 0x7f, 0xf1, 0x7c, 0x0, 0x42,
    0x1, 0xff, 0xc0, 0x26, 0x0, 0x58, 0x7, 0xfc,
    0x2d, 0x80, 0x5, 0x60, 0xf, 0x92, 0xf7, 0xb9,
    0x22, 0x11, 0x40, 0x1f, 0xb9, 0x8, 0x40, 0x2b,
    0x70, 0xf, 0xe9, 0x30, 0xe, 0xbc, 0x10, 0xf,
    0xc7, 0x9f, 0xee, 0xa3, 0x3, 0xf3, 0x0, 0xff,
    0x85, 0x71, 0x40, 0x74, 0x40, 0x3f, 0xf8, 0x34,
    0x0, 0x19, 0x0, 0xff, 0xe1, 0x28, 0x1, 0x40,
    0x3f, 0xf8, 0x44, 0x0, 0x20, 0xf, 0xfe, 0xa1,
    0x0, 0x73, 0x18, 0x7, 0xf0, 0xa8, 0x0, 0xc1,
    0xa7, 0x14, 0x3, 0xf5, 0x0, 0x54, 0x1e, 0x0,
    0xab, 0x51, 0x0, 0xa, 0xea, 0x0, 0x9, 0x82,
    0xc, 0x0, 0x95, 0xdf, 0xee, 0xa2, 0x0, 0xf,
    0x80, 0x7, 0x18, 0x3, 0xfc, 0x9e, 0x40, 0x1a,
    0x7a, 0x10, 0x84, 0x4, 0xdb, 0x2c, 0x40, 0x20,

    /* U+0034 "4" */
    0x0, 0xff, 0x9f, 0xbf, 0x48, 0x3, 0xff, 0x82,
    0xb0, 0x20, 0x48, 0x1, 0xff, 0xc0, 0x1b, 0x0,
    0xc2, 0x1, 0xff, 0xc0, 0xa1, 0x0, 0xff, 0xe2,
    0x2a, 0x0, 0x8, 0x3, 0xff, 0x82, 0x36, 0x0,
    0x86, 0x0, 0xff, 0xe0, 0xd0, 0x81, 0xb8, 0x7,
    0xff, 0x5, 0x50, 0x1, 0xe0, 0x1f, 0xfc, 0x11,
    0xb0, 0x3, 0x98, 0x38, 0x7, 0xfd, 0x42, 0x7,
    0x0, 0x1f, 0xfc, 0x15, 0x40, 0x7, 0x0, 0x7f,
    0xf0, 0x46, 0xc0, 0x10, 0x40, 0x1f, 0xfc, 0x1b,
    0x10, 0x37, 0x0, 0xc2, 0x1, 0xf9, 0x54, 0x0,
    0xe0, 0xf, 0xfe, 0x8, 0xd8, 0x2, 0x48, 0x3,
    0xff, 0x83, 0x62, 0x8, 0xc0, 0x1f, 0xfc, 0x12,
    0x50, 0x2, 0x7f, 0xfc, 0x40, 0x8, 0xff, 0x4b,
    0x80, 0x7f, 0xf1, 0x5d, 0xc6, 0x45, 0xfe, 0x0,
    0x84, 0x89, 0x25, 0x9b, 0xbf, 0xe1, 0x0, 0x4e,
    0xe9, 0xc0, 0x3f, 0xff, 0xe0, 0x1f, 0xfc, 0x13,
    0x0, 0x8, 0x7, 0xff, 0xd, 0x40, 0x90, 0x2,

    /* U+0035 "5" */
    0x0, 0xb3, 0xff, 0xfe, 0x80, 0xc, 0x66, 0x0,
    0xff, 0x94, 0x3, 0x30, 0x7, 0xff, 0x1, 0x0,
    0x31, 0x80, 0x7, 0xbf, 0xff, 0x48, 0x6, 0x10,
    0x1, 0x8, 0x7, 0xff, 0x7, 0xc0, 0xc, 0x1,
    0xff, 0xc2, 0x20, 0x1, 0x0, 0x7f, 0xf0, 0x84,
    0x1, 0xe0, 0x1f, 0xfc, 0x27, 0x0, 0x10, 0x1b,
    0xcc, 0x28, 0x80, 0x7c, 0x20, 0x8, 0xfc, 0x86,
    0x7a, 0xe8, 0x0, 0xf1, 0x80, 0x8, 0x3, 0xe7,
    0xc1, 0x0, 0xce, 0x0, 0x5c, 0xef, 0xe9, 0x10,
    0x1, 0xd0, 0x6, 0x9c, 0xda, 0x31, 0x1, 0x6f,
    0x20, 0x2, 0x20, 0x3, 0x19, 0x0, 0x78, 0x78,
    0x2, 0xe0, 0xf, 0xfe, 0x9, 0xa0, 0x1, 0x0,
    0x3f, 0xf8, 0x46, 0x0, 0x10, 0xf, 0xfe, 0x17,
    0x0, 0x42, 0x1, 0xff, 0xd3, 0xe0, 0x8, 0x40,
    0x3f, 0xf8, 0x2a, 0x0, 0x30, 0x2, 0x8, 0x7,
    0xf2, 0x10, 0x2, 0xc1, 0xaf, 0xcc, 0x3, 0xe2,
    0xa0, 0x9, 0x83, 0x0, 0x72, 0x90, 0x40, 0x2,
    0xfa, 0x20, 0x9, 0x10, 0xb2, 0x0, 0x2d, 0xf7,
    0xfb, 0xa0, 0x2, 0x86, 0x0, 0xe, 0xb0, 0x7,
    0xf0, 0xd3, 0x80, 0x74, 0xf4, 0x21, 0x0, 0x5,
    0x27, 0x94, 0x3, 0x0,

    /* U+0036 "6" */
    0x0, 0xf9, 0x6f, 0x7f, 0xdb, 0x48, 0x1, 0xf9,
    0x3a, 0x90, 0x80, 0x4, 0xb7, 0x60, 0xf, 0x35,
    0x88, 0x7, 0xe4, 0x70, 0xc, 0xb2, 0x0, 0x19,
    0xef, 0xf7, 0x48, 0x1, 0x0, 0x21, 0xb0, 0x2,
    0x73, 0x8, 0x0, 0x5b, 0xb8, 0x60, 0x14, 0x8,
    0x15, 0x80, 0x7c, 0x22, 0x0, 0xcc, 0x0, 0x90,
    0xf, 0xfe, 0xa, 0x80, 0x9, 0x0, 0x3f, 0xf8,
    0x38, 0x0, 0x50, 0xf, 0xfe, 0x12, 0x80, 0x34,
    0x0, 0xdb, 0xfe, 0xda, 0x40, 0xe, 0x30, 0x3,
    0xe, 0x49, 0x0, 0x9, 0x6e, 0x80, 0x3e, 0x9f,
    0x30, 0x24, 0x30, 0x9, 0x6c, 0x3, 0xca, 0x29,
    0x9b, 0x79, 0xca, 0x0, 0x46, 0x1, 0x0, 0xcf,
    0x66, 0x1, 0xd, 0x18, 0x2, 0xc0, 0x40, 0x26,
    0x80, 0xf, 0xa0, 0x0, 0x44, 0x0, 0xda, 0x1,
    0xf9, 0x0, 0x27, 0x1, 0x0, 0x10, 0x7, 0xf1,
    0x0, 0x8, 0x14, 0x1, 0xe0, 0x1f, 0xc2, 0x1,
    0x8c, 0x0, 0x80, 0x1f, 0xc2, 0x0, 0x10, 0xb0,
    0x1, 0x10, 0x3, 0xf1, 0x0, 0x8, 0xc, 0x40,
    0x10, 0x1, 0xf3, 0x0, 0x48, 0x0, 0x80, 0x2,
    0xa8, 0x3, 0x86, 0x0, 0xc, 0x1, 0x31, 0x80,
    0x29, 0x80, 0x22, 0xd1, 0x0, 0x40, 0x6, 0xd1,
    0x0, 0x4f, 0x66, 0xe8, 0xc0, 0x16, 0x20, 0x18,
    0x7d, 0x0, 0x2, 0x64, 0x0, 0x1b, 0x40, 0xf,
    0xd, 0xd9, 0x48, 0x0, 0x71, 0xe8, 0x1, 0x0,

    /* U+0037 "7" */
    0x1e, 0xff, 0xff, 0xe1, 0x71, 0xa0, 0x80, 0x7f,
    0xf0, 0x85, 0xd0, 0x40, 0x3f, 0xf8, 0x42, 0x83,
    0xdf, 0xff, 0xee, 0x0, 0xac, 0x3, 0xff, 0x83,
    0x60, 0x6, 0x50, 0xf, 0xfe, 0x2, 0xa8, 0xa,
    0x40, 0x3f, 0xf8, 0x36, 0x0, 0x90, 0xf, 0xfe,
    0xc, 0x8, 0x2a, 0x0, 0x7f, 0xf0, 0x5, 0xc0,
    0x10, 0x1, 0xff, 0xc1, 0x90, 0x2, 0x10, 0x7,
    0xff, 0x5, 0xc0, 0x1e, 0x1, 0xff, 0xc1, 0x60,
    0x0, 0xa0, 0x7, 0xff, 0x6, 0x80, 0xc, 0x1,
    0xff, 0xc1, 0x13, 0x0, 0x60, 0x7, 0xff, 0x5,
    0x0, 0x24, 0x0, 0xff, 0xe0, 0xf8, 0x0, 0xc0,
    0x3f, 0xf8, 0x48, 0x0, 0x50, 0xf, 0xfe, 0x8,
    0x88, 0x1, 0xe0, 0x1f, 0xfc, 0x15, 0x0, 0x94,
    0x3, 0xff, 0x82, 0x40, 0x11, 0x0, 0x7f, 0xf0,
    0x7c, 0x2, 0x10, 0xf, 0xfe, 0x9, 0x0, 0x4,
    0x3, 0xff, 0x84, 0xe0, 0x3, 0x0, 0xff, 0xe1,
    0x8, 0x0, 0x40, 0x3f, 0xf8, 0x46, 0x0, 0x60,
    0xf, 0xfe, 0x13, 0x0, 0xf0, 0x7, 0xe0,

    /* U+0038 "8" */
    0x0, 0xe3, 0x9d, 0xff, 0x75, 0xa8, 0x7, 0xf4,
    0xe3, 0x10, 0x0, 0x52, 0xb4, 0x80, 0x3d, 0x6c,
    0x0, 0x14, 0x52, 0x0, 0x16, 0x8, 0x6, 0x74,
    0x0, 0x3f, 0x5d, 0x6d, 0x0, 0x6, 0x80, 0x35,
    0x0, 0x16, 0x0, 0x32, 0xd0, 0x1, 0x8, 0x0,
    0x24, 0x0, 0x90, 0xf, 0x29, 0x0, 0x10, 0x0,
    0x60, 0x11, 0x80, 0x7c, 0x80, 0x1, 0x0, 0x10,
    0x4, 0x20, 0x1f, 0x8, 0x7, 0x8c, 0x0, 0x80,
    0x1f, 0x18, 0x1, 0x0, 0x29, 0x0, 0x40, 0x80,
    0x70, 0xa0, 0x19, 0x80, 0x25, 0x60, 0x2c, 0x30,
    0xd, 0x0, 0xe, 0x0, 0xe9, 0x60, 0x2c, 0xa3,
    0x5, 0x60, 0xa2, 0x0, 0xf5, 0x8, 0xa, 0xe6,
    0x28, 0x25, 0x40, 0x3c, 0xd8, 0x35, 0xd4, 0x66,
    0x0, 0x59, 0x0, 0x73, 0x48, 0x5a, 0x82, 0xe5,
    0x90, 0x16, 0xa0, 0x4, 0x92, 0xe, 0x80, 0x19,
    0x35, 0x80, 0x16, 0x40, 0x9, 0x0, 0x48, 0x7,
    0xd2, 0x80, 0x9, 0x3, 0x20, 0x21, 0x0, 0xfd,
    0x0, 0x4, 0x25, 0x0, 0x30, 0x7, 0xf1, 0x80,
    0x4e, 0x20, 0x6, 0x0, 0xff, 0xe0, 0x99, 0x0,
    0x8, 0x80, 0x1f, 0x88, 0x2, 0x24, 0x0, 0xa4,
    0x3, 0xf4, 0x80, 0x48, 0x2e, 0x0, 0x4b, 0x20,
    0xc, 0x34, 0x80, 0x7, 0x0, 0x42, 0x80, 0x13,
    0x75, 0x54, 0xce, 0x50, 0x2, 0x40, 0x5, 0x50,
    0x1, 0x12, 0xa8, 0xc0, 0x27, 0xb0, 0xe, 0x7e,
    0x94, 0x10, 0x0, 0xa4, 0x74, 0x0, 0x40,

    /* U+0039 "9" */
    0x0, 0xc3, 0x1b, 0xfe, 0xda, 0x40, 0xf, 0xe7,
    0xe7, 0x20, 0x1, 0x2d, 0xe1, 0x0, 0x7a, 0x20,
    0x1, 0x11, 0x0, 0x23, 0xc2, 0x0, 0xc8, 0xe0,
    0x3, 0xdd, 0xbe, 0x84, 0x7, 0xc0, 0x34, 0x0,
    0xf, 0x8, 0x2, 0x5c, 0x10, 0x28, 0x0, 0x11,
    0x80, 0x20, 0x3, 0xc5, 0x60, 0x7, 0x0, 0x20,
    0x0, 0x50, 0x3, 0xe5, 0x10, 0x2, 0x80, 0x80,
    0x8, 0x3, 0xf9, 0xc0, 0x18, 0x1, 0x84, 0x3,
    0xfb, 0xc0, 0x8, 0x2, 0x0, 0x30, 0xf, 0xe2,
    0x0, 0x10, 0x28, 0x0, 0x50, 0x3, 0xf7, 0x80,
    0x63, 0x10, 0x4, 0x0, 0x78, 0x69, 0x0, 0x21,
    0x8, 0x0, 0x1e, 0xa8, 0x81, 0x3f, 0xa8, 0x7,
    0x99, 0x40, 0x5, 0x5d, 0xfb, 0x2, 0x54, 0x1,
    0x8, 0x2, 0xa0, 0x40, 0x3c, 0xda, 0x20, 0x1f,
    0x3f, 0x5b, 0xb3, 0xcf, 0x48, 0x10, 0x0, 0x80,
    0x3c, 0x91, 0x30, 0xc2, 0x0, 0xf0, 0x3, 0x80,
    0x7f, 0xf0, 0x90, 0x1, 0xa0, 0x1f, 0xfc, 0x12,
    0x20, 0x1, 0x0, 0x3f, 0xf8, 0x34, 0x0, 0x13,
    0x0, 0xff, 0xe0, 0x13, 0x80, 0x18, 0x3, 0x21,
    0x80, 0x78, 0x7c, 0x0, 0x32, 0x1, 0x25, 0xe4,
    0x8, 0x0, 0x5b, 0xc8, 0x1, 0x62, 0x1, 0x18,
    0x1, 0xfb, 0xfb, 0x92, 0x20, 0x9, 0x50, 0xc,
    0xec, 0x1, 0x84, 0x2, 0x1b, 0x60, 0xf, 0x4e,
    0x31, 0x0, 0x5, 0x27, 0x90, 0x3, 0x80,

    /* U+003A ":" */
    0x6, 0xee, 0x30, 0x1c, 0x88, 0xa4, 0xd4, 0x3,
    0x29, 0x0, 0x62, 0x45, 0x0, 0x2a, 0x5, 0x6e,
    0xa8, 0x2, 0x22, 0x0, 0x7f, 0xf8, 0x84, 0x40,
    0x14, 0xf7, 0x24, 0x11, 0x80, 0xc, 0x84, 0x1,
    0x8d, 0x40, 0x32, 0x1c, 0x88, 0xa0, 0xc0,

    /* U+003B ";" */
    0x6, 0xee, 0x30, 0x0, 0xe4, 0x45, 0x26, 0xa,
    0x1, 0x94, 0x8, 0x3, 0x10, 0x22, 0x80, 0x15,
    0x0, 0x15, 0xba, 0xa0, 0xc, 0x44, 0x0, 0xff,
    0xf8, 0x1d, 0x63, 0x0, 0x7, 0x14, 0xe5, 0x41,
    0x0, 0x34, 0x83, 0x0, 0x63, 0x3, 0x81, 0x0,
    0xe7, 0xe3, 0x0, 0xe2, 0x30, 0x40, 0x9, 0x40,
    0x1c, 0x0, 0x48, 0x3, 0x50, 0x7b, 0x1, 0xe0,
    0x5, 0x0, 0xe9, 0x0, 0x3a, 0x78, 0xc0, 0x20,

    /* U+003C "<" */
    0x0, 0xff, 0xe1, 0x94, 0x28, 0x7, 0xff, 0x5,
    0xb3, 0x5f, 0x80, 0x3f, 0xc7, 0x3f, 0x26, 0x0,
    0x30, 0xf, 0x85, 0xf7, 0x18, 0x2, 0x28, 0x80,
    0x7, 0x25, 0x74, 0x10, 0x4, 0xd9, 0xae, 0x1,
    0xb, 0xed, 0xa8, 0x4, 0x95, 0xf2, 0x60, 0x10,
    0xd7, 0x41, 0x0, 0xa, 0x3a, 0xd4, 0x3, 0xd0,
    0xa0, 0x1, 0x6c, 0xd7, 0x10, 0xf, 0xc6, 0x1,
    0x16, 0x18, 0x7, 0xfd, 0xc0, 0x11, 0xd7, 0xc9,
    0x80, 0x7f, 0x27, 0xc9, 0x80, 0x4d, 0x9a, 0xe2,
    0x1, 0xf9, 0xb3, 0xc, 0x1, 0x14, 0x75, 0xa8,
    0x7, 0xe3, 0x9f, 0xa3, 0x0, 0x92, 0xba, 0x48,
    0x3, 0xf2, 0xe6, 0xb8, 0x80, 0x5, 0xb5, 0x40,
    0x3f, 0x8a, 0x3a, 0x90, 0x2, 0xf0, 0xf, 0xfe,
    0x2, 0xdf, 0x41, 0x10,

    /* U+003D "=" */
    0x6f, 0xff, 0xfe, 0x23, 0x68, 0x7, 0xff, 0x13,
    0x61, 0x57, 0xff, 0x89, 0x7, 0x55, 0xff, 0xc4,
    0x30, 0xf, 0xff, 0xe1, 0xd5, 0x7f, 0xf1, 0xe,
    0x15, 0x7f, 0xf8, 0x91, 0x80, 0x1f, 0xfc, 0x4d,

    /* U+003E ">" */
    0x58, 0x20, 0xf, 0xfe, 0x1f, 0x3e, 0xe3, 0x0,
    0x7f, 0xf0, 0x4c, 0x0, 0x73, 0xf2, 0x60, 0x1f,
    0xe8, 0x81, 0x0, 0x4d, 0x9a, 0xe2, 0x1, 0xf9,
    0xf6, 0xd4, 0x2, 0x28, 0xea, 0x40, 0xf, 0xc9,
    0x5f, 0x26, 0x1, 0x2d, 0xeb, 0x88, 0x7, 0xe6,
    0xcd, 0x71, 0x0, 0x14, 0x75, 0x8, 0x7, 0xe2,
    0x8e, 0xa4, 0x0, 0x96, 0x0, 0x3f, 0xe5, 0x84,
    0x0, 0x8c, 0x3, 0xf8, 0xa3, 0x71, 0x0, 0x29,
    0x0, 0xf9, 0xb3, 0x5c, 0x80, 0x7, 0x3e, 0x60,
    0x19, 0x2b, 0xe4, 0xc0, 0x26, 0xcc, 0x30, 0x4,
    0x51, 0xd6, 0xa0, 0x11, 0xd7, 0xc9, 0x80, 0x65,
    0xd7, 0x10, 0x0, 0xbe, 0xe2, 0x80, 0x7d, 0xc0,
    0x12, 0x57, 0x41, 0x0, 0x7f, 0x11, 0x1f, 0xad,
    0x40, 0x3f, 0xf8, 0x0,

    /* U+003F "?" */
    0x0, 0x8a, 0x33, 0x7b, 0x69, 0x40, 0x3d, 0x1a,
    0xe6, 0x42, 0x4b, 0x5a, 0x40, 0x14, 0xb8, 0x7,
    0xe2, 0xc1, 0x0, 0x30, 0x1, 0xf7, 0xfd, 0x86,
    0x0, 0x18, 0x0, 0x49, 0xdc, 0x10, 0x0, 0xf0,
    0x80, 0xc, 0x0, 0x6c, 0x40, 0xf, 0x40, 0x4,
    0x40, 0x1f, 0xe6, 0x0, 0x84, 0x3, 0xff, 0x84,
    0x20, 0x1f, 0xeb, 0x0, 0x9, 0x0, 0x7f, 0xb,
    0x80, 0x18, 0x3, 0xfd, 0x40, 0x1, 0x80, 0xf,
    0xe8, 0x40, 0x6, 0x80, 0x7f, 0x23, 0x80, 0x24,
    0xc0, 0x3f, 0x15, 0x80, 0x19, 0x80, 0x1f, 0xd2,
    0x0, 0x29, 0x0, 0xfe, 0x44, 0x0, 0x38, 0x3,
    0xfd, 0xa0, 0x4, 0x30, 0xf, 0xf2, 0x80, 0x34,
    0x3, 0xfe, 0x70, 0x1, 0x80, 0x7f, 0xd2, 0xce,
    0xa0, 0x1f, 0xf1, 0x4c, 0x0, 0x7f, 0xf4, 0x8,
    0x40, 0x3f, 0xf8, 0x15, 0xbd, 0x20, 0x1f, 0xe5,
    0x50, 0x1, 0x90, 0x3, 0xf8, 0x80, 0x31, 0x0,
    0x7f, 0x18, 0x6, 0x50, 0xf, 0xe4, 0x81, 0x14,
    0x98, 0x7, 0x0,

    /* U+0040 "@" */
    0x0, 0xff, 0xe0, 0x13, 0x56, 0xf7, 0xfb, 0x72,
    0x10, 0x3, 0xff, 0x8e, 0x99, 0xb2, 0xa4, 0x20,
    0x2, 0x37, 0xbe, 0x70, 0xf, 0xfe, 0x19, 0xdd,
    0x8c, 0x0, 0x6f, 0x32, 0x87, 0x41, 0x1, 0x8e,
    0x30, 0xf, 0xfe, 0x3, 0x62, 0x0, 0xc7, 0x64,
    0x33, 0x1e, 0x2f, 0xac, 0xc0, 0x71, 0x0, 0x3f,
    0xd3, 0x20, 0x3, 0xfb, 0x88, 0x7, 0xe4, 0xc9,
    0x0, 0x59, 0x80, 0x7e, 0xa6, 0x1, 0xb8, 0x10,
    0xf, 0xfe, 0x3, 0x58, 0x3, 0x40, 0x3e, 0x75,
    0x1, 0xc4, 0x0, 0xff, 0xe1, 0xa4, 0x0, 0xb8,
    0x7, 0x14, 0x0, 0x34, 0x80, 0x3f, 0xf8, 0xae,
    0x41, 0x20, 0x1d, 0x20, 0x9, 0x30, 0xf, 0xa,
    0xbb, 0x8, 0x0, 0x80, 0x3a, 0x0, 0x54, 0x2,
    0x44, 0x1, 0xb0, 0x7, 0xd, 0x75, 0x44, 0xf2,
    0x5e, 0xb8, 0x6, 0x50, 0x6, 0x0, 0x5e, 0x0,
    0x80, 0xe, 0x1c, 0x50, 0xe, 0xb4, 0x0, 0xf9,
    0x1, 0x0, 0x2, 0x80, 0x68, 0x1, 0xda, 0x40,
    0x79, 0xfa, 0x80, 0x11, 0x80, 0x71, 0x81, 0x0,
    0x1c, 0x1, 0x40, 0x1c, 0xe6, 0x9, 0x86, 0x5,
    0x62, 0x0, 0x50, 0xe, 0xf0, 0xd, 0xe0, 0x7,
    0x0, 0xc3, 0x0, 0x34, 0x1, 0xf0, 0x88, 0x3,
    0x84, 0x0, 0x20, 0xa0, 0x22, 0x0, 0xcc, 0x0,
    0x91, 0x0, 0xc2, 0x20, 0x40, 0xf, 0x8, 0x0,
    0x40, 0xc1, 0x40, 0x3b, 0x0, 0xc, 0x1, 0xc4,
    0x0, 0xd0, 0xf, 0x70, 0x8, 0x6, 0x10, 0xe,
    0x40, 0x21, 0x0, 0xe5, 0x0, 0x18, 0x7, 0x94,
    0x14, 0x4, 0x0, 0x60, 0x1f, 0x8, 0x7, 0xbc,
    0x0, 0xa0, 0x1c, 0x26, 0x18, 0x2, 0x0, 0x30,
    0xf, 0x84, 0x3, 0xca, 0x0, 0x10, 0xe, 0x80,
    0x3, 0x0, 0x61, 0x0, 0xf8, 0x80, 0x38, 0xcc,
    0x1, 0xf1, 0xb0, 0x28, 0x80, 0x4, 0x1c, 0x3,
    0x90, 0x0, 0xe0, 0x12, 0x60, 0x4, 0x80, 0x12,
    0x60, 0xd, 0x80, 0x4a, 0x6, 0x1, 0xdc, 0x0,
    0x8a, 0x7b, 0xb0, 0x18, 0x2, 0xe6, 0x2e, 0xc0,
    0xd, 0x10, 0xb, 0x0, 0x8, 0x1, 0x95, 0x80,
    0xb, 0x8, 0xd, 0x8a, 0x0, 0x67, 0x40, 0x2c,
    0x30, 0xc, 0x80, 0xf, 0x0, 0xe9, 0x91, 0x80,
    0xa5, 0xc8, 0x54, 0x98, 0x0, 0xe7, 0x4c, 0x3,
    0x8c, 0xc0, 0x86, 0x1, 0xcd, 0x9f, 0xd6, 0x80,
    0x13, 0x67, 0xfb, 0x18, 0x3, 0xf4, 0x0, 0x38,
    0x3, 0xff, 0xa0, 0x88, 0x2, 0xa0, 0xf, 0xfe,
    0x85, 0x10, 0x2d, 0x88, 0x7, 0xff, 0x38, 0x7c,
    0x41, 0x3d, 0x80, 0x3f, 0xc4, 0xc2, 0x1, 0xff,
    0xc1, 0x2f, 0x40, 0x19, 0xe9, 0x52, 0x10, 0x1,
    0x2d, 0x6c, 0xc8, 0x3, 0xff, 0x84, 0x37, 0x22,
    0x2, 0xd5, 0xbd, 0xfe, 0xda, 0x50, 0x1b, 0x0,
    0xff, 0xe2, 0x37, 0x52, 0x88, 0x7, 0xc5, 0x1c,
    0x60, 0x1f, 0xfc, 0x65, 0xae, 0xdc, 0xaa, 0xb3,
    0xb5, 0xc0, 0x3f, 0xe0,

    /* U+0041 "A" */
    0x0, 0xfc, 0x39, 0xfe, 0xa0, 0xf, 0xfe, 0x2c,
    0x98, 0x1, 0x58, 0x3, 0xff, 0x88, 0xa0, 0x1b,
    0x40, 0x3f, 0xf8, 0x66, 0x40, 0x42, 0x8, 0x20,
    0x1f, 0xfc, 0x2a, 0x0, 0x52, 0x0, 0x1c, 0x3,
    0xff, 0x84, 0xe0, 0x5, 0xf0, 0x5, 0x0, 0x7f,
    0xf0, 0x50, 0x40, 0x88, 0x80, 0x3, 0x20, 0xf,
    0xfe, 0x6, 0x80, 0x14, 0x5, 0x0, 0xa, 0x1,
    0xff, 0xc0, 0x70, 0x5, 0x0, 0x34, 0x1, 0x40,
    0x1f, 0xf2, 0x88, 0x11, 0x0, 0xe, 0x0, 0x22,
    0x0, 0x7f, 0xbc, 0x0, 0xa0, 0x10, 0x98, 0x2,
    0x80, 0x3f, 0xca, 0x0, 0xb0, 0xd, 0x60, 0x5,
    0x0, 0xfe, 0x50, 0x0, 0x98, 0x6, 0x50, 0x1,
    0x18, 0x7, 0xee, 0x0, 0x30, 0x7, 0x10, 0x80,
    0x28, 0x3, 0xe1, 0x40, 0x5, 0x80, 0x79, 0x40,
    0xe, 0x1, 0xf3, 0x80, 0x5d, 0xbb, 0xdc, 0x80,
    0x1, 0x40, 0xf, 0x50, 0x4, 0x45, 0xe1, 0x0,
    0xda, 0x1, 0xc2, 0x60, 0x1f, 0xfc, 0x27, 0x0,
    0xe6, 0x0, 0xbf, 0xff, 0xb0, 0x0, 0x28, 0x1,
    0xac, 0x0, 0xa0, 0x1f, 0xc6, 0x20, 0xe, 0x0,
    0x88, 0xc0, 0x1e, 0x1, 0xfe, 0x70, 0x2, 0x80,
    0x54, 0x1, 0x28, 0x7, 0xfb, 0x40, 0x25, 0x0,
    0x28, 0x1, 0x0, 0x3f, 0xe4, 0x10, 0x7, 0x1,
    0x90, 0x3, 0x40, 0x3f, 0xf8, 0x8, 0x0, 0x41,
    0xb0, 0x9, 0xc0, 0x3f, 0xf8, 0x1c, 0x1, 0x3f,
    0x80, 0xc8, 0x80, 0x7f, 0xf0, 0x11, 0x40, 0x6,

    /* U+0042 "B" */
    0x2e, 0xff, 0xfd, 0xd7, 0x6, 0x1, 0xe5, 0x10,
    0xf, 0xc2, 0x8f, 0x98, 0x30, 0xd, 0xe0, 0x10,
    0x91, 0x42, 0x1, 0xc7, 0x88, 0x1, 0xf7, 0xee,
    0xdd, 0xfd, 0x46, 0x1, 0x50, 0x7, 0xff, 0x4,
    0x57, 0x14, 0x0, 0x2a, 0x1, 0xff, 0xc3, 0xb0,
    0xb, 0x40, 0x3f, 0xf8, 0x62, 0x20, 0x0, 0x80,
    0x7f, 0xf1, 0x4, 0x0, 0x20, 0x1f, 0xfc, 0x33,
    0x0, 0xb0, 0x3, 0xff, 0x84, 0x3c, 0x0, 0x24,
    0x0, 0xff, 0x85, 0x23, 0xc8, 0x1, 0xc0, 0x1f,
    0x77, 0xfe, 0xeb, 0x71, 0x2, 0xc3, 0x0, 0xff,
    0xe2, 0xb3, 0x0, 0x3f, 0x1a, 0x26, 0x32, 0x0,
    0x92, 0xb0, 0x40, 0x3d, 0xb7, 0x7b, 0x37, 0xed,
    0x40, 0x7, 0x80, 0x1f, 0xfc, 0x24, 0xa9, 0x0,
    0x14, 0x0, 0x7f, 0xf0, 0xd9, 0x0, 0xc, 0x1,
    0xff, 0xc4, 0xd0, 0x0, 0x88, 0x3, 0xff, 0x86,
    0x60, 0x11, 0x80, 0x7f, 0xf0, 0xc8, 0x2, 0x20,
    0xf, 0xfe, 0x1d, 0x0, 0x8, 0x3, 0xff, 0x87,
    0x44, 0x0, 0xa0, 0xf, 0xfe, 0x1, 0x3e, 0xa8,
    0x0, 0x9c, 0x3, 0xbf, 0xbb, 0xbf, 0x60, 0x80,
    0x5, 0xe0, 0xf, 0x0, 0x84, 0x7c, 0x1, 0xcf,
    0xa4, 0x0, 0x51, 0x0, 0xfc, 0x24, 0xb3, 0xd0,
    0x1, 0x80,

    /* U+0043 "C" */
    0x0, 0xfc, 0x71, 0x9d, 0xfe, 0xda, 0x60, 0xf,
    0xf1, 0xe6, 0x1c, 0xc4, 0x0, 0x4b, 0x3c, 0x80,
    0x1f, 0x3e, 0x18, 0x7, 0xf0, 0xda, 0x0, 0x74,
    0xc0, 0x4, 0x73, 0x9d, 0xb8, 0xe2, 0x0, 0xd0,
    0xc, 0xcc, 0x0, 0xd, 0x63, 0x18, 0x91, 0xc7,
    0xa1, 0x58, 0x4, 0x52, 0x0, 0x1d, 0x50, 0xf,
    0x86, 0xf4, 0x80, 0x28, 0x0, 0xac, 0xc0, 0x3f,
    0xf8, 0x42, 0xa0, 0x4, 0x50, 0xf, 0xfe, 0x1b,
    0x80, 0x5c, 0x1, 0xff, 0xc4, 0xc0, 0x9, 0x40,
    0x3f, 0xf8, 0x8e, 0x0, 0x20, 0xf, 0xfe, 0x29,
    0x80, 0x18, 0x3, 0xff, 0x8a, 0x20, 0x1, 0x0,
    0xff, 0xed, 0x8, 0x0, 0x40, 0x3f, 0xf8, 0xa6,
    0x0, 0x60, 0xf, 0xfe, 0x2b, 0x80, 0x8, 0x3,
    0xff, 0x8b, 0x80, 0x12, 0x80, 0x7f, 0xf1, 0x10,
    0x2, 0xe0, 0xf, 0xfe, 0x21, 0x20, 0x1, 0x10,
    0x1, 0xff, 0xc4, 0x80, 0xa, 0x88, 0x3, 0xfc,
    0x84, 0x1, 0x1b, 0x80, 0x7, 0x10, 0x3, 0xf5,
    0xdb, 0x4, 0x2, 0x84, 0x0, 0xd, 0xd9, 0x8c,
    0x88, 0x93, 0xe8, 0x2, 0x40, 0x1a, 0xd8, 0x2,
    0x49, 0xcd, 0xd5, 0xb0, 0x4, 0xe6, 0x1, 0xd3,
    0x44, 0x1, 0xfc, 0x35, 0x0, 0x1f, 0x2e, 0xdb,
    0x10, 0x80, 0x92, 0xd7, 0x28, 0x0,

    /* U+0044 "D" */
    0x2e, 0xff, 0xf7, 0x6d, 0x31, 0x0, 0x7c, 0xa2,
    0x1, 0xe1, 0x25, 0x9d, 0xb3, 0x0, 0xef, 0x0,
    0xff, 0xe0, 0x26, 0x38, 0x7, 0xee, 0xff, 0xd9,
    0x4, 0x1, 0x44, 0x80, 0x7f, 0xf0, 0xd, 0xf6,
    0x40, 0x26, 0x60, 0x7, 0xff, 0x9, 0xac, 0x2,
    0x91, 0x0, 0xff, 0xe1, 0x24, 0x0, 0x52, 0x1,
    0xff, 0xc3, 0x71, 0x0, 0x38, 0x7, 0xff, 0x11,
    0x80, 0x23, 0x0, 0xff, 0xe1, 0xe0, 0x4, 0x80,
    0x1f, 0xfc, 0x35, 0x0, 0xb8, 0x3, 0xff, 0x86,
    0x20, 0x11, 0x80, 0x7f, 0xf1, 0x4, 0x0, 0xc0,
    0x1f, 0xfc, 0x77, 0x0, 0xff, 0xe2, 0x8, 0x0,
    0x40, 0x3f, 0xf8, 0x62, 0x1, 0x18, 0x7, 0xff,
    0xd, 0x40, 0x2f, 0x0, 0xff, 0xe1, 0xe0, 0x4,
    0x80, 0x1f, 0xfc, 0x36, 0x0, 0x9, 0x0, 0x7f,
    0xf0, 0xa0, 0x40, 0x12, 0x1, 0xff, 0xc2, 0x47,
    0x0, 0x98, 0x3, 0xff, 0x82, 0xd6, 0x1, 0x50,
    0x80, 0x7f, 0x8d, 0xf6, 0x40, 0x27, 0x50, 0xf,
    0x77, 0xfe, 0xc8, 0x20, 0xa, 0x20, 0x1, 0x78,
    0x7, 0xff, 0x1, 0x31, 0xc0, 0x32, 0x88, 0x7,
    0x84, 0x92, 0x36, 0xcc, 0x3, 0x80,

    /* U+0045 "E" */
    0x2e, 0xff, 0xff, 0xe0, 0xc8, 0x28, 0x80, 0x7f,
    0xf0, 0x5c, 0x3c, 0x3, 0xff, 0x84, 0x80, 0x1d,
    0xbf, 0xff, 0xea, 0x0, 0xe3, 0x0, 0xff, 0xff,
    0x80, 0x7f, 0xf7, 0xfb, 0xff, 0xf5, 0x80, 0x7f,
    0xf1, 0x10, 0x3, 0xff, 0x88, 0x80, 0x1f, 0x77,
    0xff, 0xeb, 0x0, 0xff, 0xff, 0x80, 0x7f, 0xf9,
    0xcc, 0x3, 0xff, 0x89, 0xbf, 0xff, 0xee, 0x1f,
    0x0, 0xff, 0xe1, 0xa, 0xa8, 0x40, 0x3f, 0xf8,
    0x22, 0xa0,

    /* U+0046 "F" */
    0x2e, 0xff, 0xff, 0xe0, 0xca, 0x88, 0x7, 0xff,
    0x5, 0xfc, 0x3, 0xff, 0x84, 0x80, 0x1b, 0x7f,
    0xff, 0xd4, 0x1, 0x8c, 0x3, 0xff, 0xfe, 0x1,
    0xff, 0xd8, 0xef, 0xff, 0xd8, 0x1, 0xff, 0xc3,
    0x31, 0x0, 0xff, 0xe1, 0x18, 0x80, 0x77, 0x7f,
    0xfe, 0xc0, 0xf, 0xff, 0xf8, 0x7, 0xff, 0xfc,
    0x40, 0x3f, 0xeb, 0x10, 0x50, 0xf, 0xfe, 0x0,

    /* U+0047 "G" */
    0x0, 0xfc, 0x4f, 0x7b, 0xfe, 0xec, 0x93, 0x0,
    0xff, 0x1d, 0xec, 0x21, 0x0, 0x4, 0xdb, 0x30,
    0x20, 0x1f, 0x36, 0x20, 0x7, 0xf8, 0xfc, 0x80,
    0x3a, 0x24, 0x2, 0x17, 0xbd, 0xda, 0x94, 0x0,
    0x2e, 0x1, 0x99, 0xc0, 0x28, 0xe8, 0x42, 0x29,
    0x6b, 0xd, 0x54, 0x1, 0x14, 0x80, 0x56, 0xe0,
    0x1f, 0x8f, 0x28, 0x3, 0x58, 0x5, 0x28, 0x1,
    0xff, 0xc3, 0x16, 0x0, 0x1b, 0x0, 0x7f, 0xf1,
    0x1c, 0x2, 0xa0, 0xf, 0xfe, 0x2e, 0x0, 0x4e,
    0x1, 0xff, 0xc5, 0x70, 0x1, 0x8, 0x7, 0xff,
    0x14, 0xc0, 0xc, 0x1, 0xff, 0xc6, 0x10, 0x0,
    0x80, 0x7c, 0x9f, 0xff, 0x60, 0x7, 0xff, 0x7,
    0x40, 0x3e, 0x33, 0x0, 0x80, 0x4, 0x3, 0xed,
    0x0, 0xfc, 0xe0, 0x60, 0x6, 0x0, 0xf9, 0x3f,
    0xf7, 0x0, 0x73, 0x80, 0x8, 0x40, 0x3f, 0xe1,
    0x0, 0xec, 0x0, 0x90, 0x3, 0xff, 0x8a, 0x80,
    0x14, 0x80, 0x7f, 0xf1, 0x49, 0x40, 0x6, 0xc0,
    0x1f, 0xfc, 0x59, 0x0, 0xa4, 0xc0, 0x3f, 0xf8,
    0x87, 0x0, 0x16, 0x30, 0x7, 0xe3, 0x0, 0xf9,
    0xd4, 0x2, 0x9d, 0x84, 0x22, 0x96, 0xb0, 0x2,
    0x70, 0xd, 0x4e, 0x1, 0x13, 0xde, 0xed, 0x4a,
    0x1, 0x39, 0x80, 0x74, 0x59, 0x80, 0x7f, 0x8a,
    0xe0, 0x3, 0xe4, 0xcc, 0x39, 0x88, 0x0, 0x4d,
    0xef, 0x50, 0x0,

    /* U+0048 "H" */
    0x3e, 0xfa, 0x0, 0xff, 0xe0, 0x3f, 0xf2, 0xd8,
    0x82, 0x80, 0x7f, 0xf0, 0x28, 0x7, 0xc0, 0x30,
    0x80, 0x7f, 0xff, 0xc0, 0x3f, 0xff, 0xe0, 0x1f,
    0xc6, 0x23, 0xff, 0x0, 0x7e, 0xde, 0xef, 0xf8,
    0x80, 0x3f, 0xfc, 0x7d, 0xff, 0xff, 0x10, 0x7,
    0xff, 0xfc, 0x3, 0xff, 0xfe, 0x1, 0xff, 0xd9,
    0x10, 0xf, 0xfe, 0x1d, 0x88, 0x28, 0x7, 0xff,
    0x2, 0x80, 0x7c,

    /* U+0049 "I" */
    0x3e, 0xfa, 0xb, 0x10, 0x50, 0xe, 0x10, 0xf,
    0xff, 0xf8, 0x7, 0xff, 0x58, 0x6c, 0x41, 0x40,

    /* U+004A "J" */
    0x0, 0xff, 0x97, 0xbe, 0x0, 0x3f, 0xef, 0x10,
    0x60, 0xf, 0xff, 0xf8, 0x7, 0xff, 0xfc, 0x3,
    0xff, 0xfe, 0x1, 0xff, 0xce, 0x10, 0x1, 0x80,
    0x7f, 0xcc, 0x0, 0x10, 0x26, 0x0, 0xf8, 0x48,
    0x0, 0xa5, 0xb3, 0x60, 0x1e, 0x80, 0xb, 0x18,
    0x0, 0x98, 0xa4, 0x44, 0xa6, 0x0, 0x12, 0xa2,
    0x0, 0x7, 0x5b, 0xab, 0x50, 0xb, 0x80, 0x16,
    0xa0, 0x1f, 0xd6, 0x60, 0x15, 0x5b, 0x10, 0x80,
    0x9b, 0xf2, 0x0, 0x0,

    /* U+004B "K" */
    0x3e, 0xfa, 0x0, 0xff, 0x26, 0x7f, 0x90, 0x2c,
    0x41, 0x40, 0x3f, 0x92, 0xcc, 0xd, 0x0, 0x38,
    0x40, 0x3e, 0x2b, 0x0, 0x16, 0x80, 0x7f, 0xf0,
    0x47, 0xc0, 0x2f, 0x10, 0xf, 0xfe, 0xe, 0x90,
    0x2, 0xc8, 0x3, 0xff, 0x83, 0x46, 0x0, 0x84,
    0x0, 0xff, 0xe0, 0xc2, 0x80, 0x19, 0xc0, 0x3f,
    0xf8, 0x2c, 0xe0, 0x3, 0x90, 0xf, 0xfe, 0xa,
    0x48, 0x0, 0xb4, 0x3, 0xff, 0x82, 0x56, 0x1,
    0x78, 0x80, 0x7f, 0xf0, 0x7, 0x0, 0x31, 0x80,
    0x7f, 0xf0, 0x74, 0x40, 0x35, 0x80, 0x7f, 0xf0,
    0x28, 0xc0, 0x2, 0x0, 0x53, 0x0, 0xff, 0x90,
    0x0, 0x9e, 0x20, 0xe, 0x0, 0xff, 0xe0, 0x95,
    0xc, 0x0, 0x9, 0xc0, 0x3f, 0xe1, 0xc1, 0x6,
    0x20, 0x4, 0x8, 0x7, 0xfb, 0x44, 0x2, 0xe0,
    0xa, 0xc0, 0x3f, 0xa8, 0xc0, 0x31, 0xa8, 0x1,
    0x4c, 0x3, 0xf2, 0x0, 0x7a, 0xc0, 0x2e, 0x0,
    0xff, 0xe1, 0x8c, 0x0, 0x9, 0x80, 0x3f, 0xf8,
    0x6e, 0x40, 0x9, 0x10, 0xf, 0xfe, 0x1c, 0x80,
    0x56, 0x1, 0xff, 0xc3, 0x44, 0x0, 0x14, 0xc0,
    0x3f, 0xf8, 0x72, 0x1, 0x70, 0x7, 0x8, 0x7,
    0xf1, 0x38, 0x0, 0x9a, 0xc4, 0x14, 0x3, 0xfe,
    0x86, 0x10, 0xf0,

    /* U+004C "L" */
    0x3e, 0xfa, 0x0, 0xff, 0xe0, 0x58, 0x82, 0x80,
    0x7f, 0xf1, 0x4, 0x3, 0xff, 0xfe, 0x1, 0xff,
    0xff, 0x0, 0xff, 0xff, 0x80, 0x7f, 0xff, 0xc0,
    0x3f, 0xf8, 0xe6, 0x1, 0xff, 0xc3, 0xdf, 0xff,
    0xf2, 0x78, 0x7, 0xff, 0xb, 0x14, 0x40, 0x3f,
    0xf8, 0x38,

    /* U+004D "M" */
    0x2e, 0xff, 0x48, 0x7, 0xff, 0x5, 0xbb, 0xfc,
    0xaa, 0x10, 0x3, 0x18, 0x7, 0xff, 0x2, 0x44,
    0x1, 0xde, 0x1, 0xa8, 0x3, 0xfe, 0x50, 0xf,
    0xf3, 0x0, 0x7f, 0xdc, 0x1, 0xff, 0x28, 0x7,
    0xf0, 0xa0, 0x7, 0xe4, 0x0, 0x70, 0x7, 0xf3,
    0x0, 0xc, 0x3, 0xc4, 0x40, 0x41, 0x0, 0xfd,
    0x60, 0xb, 0x0, 0xfa, 0x80, 0xc, 0x1, 0xf1,
    0x18, 0x20, 0x7, 0xc6, 0xc0, 0xa, 0x0, 0xfa,
    0x80, 0x1c, 0x1, 0xf8, 0x50, 0x8, 0xc0, 0x3c,
    0xa0, 0x5, 0xf0, 0xf, 0x8, 0x70, 0x2, 0x80,
    0x38, 0xc8, 0x18, 0x4, 0x3, 0xf2, 0x80, 0x18,
    0x3, 0xa8, 0x1, 0x40, 0x1f, 0xf2, 0x80, 0x14,
    0x3, 0x38, 0x11, 0x80, 0x7f, 0xdc, 0x0, 0xe0,
    0x9, 0x4, 0x28, 0x3, 0xff, 0x80, 0x82, 0x8,
    0x20, 0xe, 0x0, 0x30, 0x7, 0xff, 0x5, 0x80,
    0xc, 0x0, 0x50, 0x41, 0x0, 0xff, 0xe0, 0xd0,
    0x2, 0x81, 0x40, 0x1c, 0x1, 0xff, 0xc2, 0x23,
    0x2, 0x3e, 0x0, 0x28, 0x7, 0xff, 0xe, 0x80,
    0x10, 0x80, 0xc0, 0x1f, 0xfc, 0x47, 0x0, 0x20,
    0x2, 0x80, 0x3f, 0xf8, 0x82, 0xa0, 0x11, 0x18,
    0x7, 0xff, 0x17, 0x80, 0x2a, 0x0, 0xff, 0xe3,
    0x21, 0x0, 0xb0, 0x7, 0xff, 0x1f, 0x2b, 0xc4,
    0x3, 0xff, 0x8e, 0x2a, 0x20, 0x1f, 0xeb, 0x10,
    0xd0, 0xf, 0xfe, 0x1e, 0x88, 0x68,

    /* U+004E "N" */
    0x2e, 0xfd, 0x30, 0xf, 0xfa, 0x3f, 0x8d, 0x44,
    0xb, 0x40, 0x3f, 0xe5, 0x1, 0x4f, 0x0, 0x86,
    0x0, 0x3f, 0xc6, 0x0, 0xf0, 0xe, 0x72, 0x0,
    0xff, 0xe3, 0xc8, 0x7, 0xff, 0x11, 0x44, 0x11,
    0x0, 0x1f, 0xfc, 0x4b, 0x0, 0x48, 0x7, 0xff,
    0xc, 0x54, 0xc0, 0x9c, 0x3, 0xff, 0x89, 0xe0,
    0x8, 0x10, 0xf, 0xfe, 0xb, 0x81, 0xa8, 0x2,
    0xc0, 0x3f, 0xf8, 0x22, 0x0, 0xb0, 0x2, 0x98,
    0x7, 0xff, 0xc, 0x60, 0x1, 0xe0, 0x1f, 0xfc,
    0x3, 0x0, 0x9c, 0x80, 0xd8, 0x3, 0xff, 0x89,
    0x0, 0x8, 0x10, 0xf, 0xfe, 0x1a, 0xa0, 0xc,
    0x0, 0x46, 0x1, 0xff, 0xc0, 0x90, 0x3, 0x10,
    0x7, 0xff, 0xc, 0x98, 0x1, 0x20, 0x1, 0x0,
    0xff, 0xe0, 0xc0, 0x82, 0x28, 0x38, 0x7, 0xff,
    0x4, 0x60, 0x1, 0x60, 0x20, 0x1f, 0xfc, 0x26,
    0x20, 0x17, 0x30, 0xf, 0xfe, 0x1c, 0x80, 0x20,
    0xc0, 0x3f, 0xf8, 0x68, 0xa0, 0x5, 0x0, 0xff,
    0xe2, 0x40, 0x7, 0xff, 0x1c, 0x9c, 0x3, 0xff,
    0x8f, 0x2, 0x1, 0x7d, 0x88, 0x30, 0x7, 0xfd,
    0xa4, 0x2, 0xa0,

    /* U+004F "O" */
    0x0, 0xfc, 0xb5, 0xbd, 0xfd, 0x90, 0x80, 0x1f,
    0xfc, 0x17, 0xea, 0x52, 0x10, 0x13, 0x7b, 0xc3,
    0x0, 0xfe, 0x1b, 0x81, 0x0, 0xfe, 0x3c, 0x70,
    0xf, 0xda, 0x80, 0x12, 0xd6, 0x6e, 0x49, 0x80,
    0x51, 0x0, 0xf, 0x51, 0x80, 0xb, 0x29, 0x4c,
    0x8d, 0xb2, 0x80, 0x27, 0x40, 0xc, 0x6a, 0x0,
    0x1c, 0x30, 0xf, 0x96, 0xc0, 0x2a, 0x0, 0xde,
    0x1, 0x50, 0x80, 0x7f, 0x23, 0x80, 0x5, 0x80,
    0x4, 0x60, 0x4, 0x40, 0x7, 0xfd, 0x0, 0x15,
    0x80, 0x14, 0x2, 0xf0, 0xf, 0xfe, 0xb, 0x0,
    0x8, 0x81, 0x80, 0x12, 0x0, 0x7f, 0xf0, 0x70,
    0x2, 0x70, 0x60, 0x1, 0x0, 0x7f, 0xf0, 0x90,
    0x2, 0xd0, 0x30, 0x3, 0x0, 0x7f, 0xf0, 0x84,
    0x2, 0x10, 0x10, 0x0, 0x80, 0x7f, 0xf1, 0x8c,
    0x3, 0xff, 0x9a, 0x20, 0x1, 0x0, 0xff, 0xe3,
    0x18, 0x18, 0x1, 0x80, 0x3f, 0xf8, 0x44, 0x1,
    0x8, 0x38, 0x0, 0x80, 0x3f, 0xf8, 0x4e, 0x1,
    0x68, 0x60, 0x4, 0xa0, 0x1f, 0xfc, 0x1f, 0x0,
    0x90, 0x10, 0x2, 0xe0, 0xf, 0xfe, 0x0, 0xa8,
    0x0, 0x84, 0x9, 0x0, 0x8, 0x80, 0xf, 0xfa,
    0x0, 0x2b, 0x0, 0xa0, 0x2, 0xa2, 0x0, 0xfe,
    0x56, 0x0, 0xb, 0x0, 0x46, 0xe0, 0x1, 0xc3,
    0x0, 0xf9, 0xa8, 0x2, 0xd0, 0xe, 0x84, 0x0,
    0xe, 0x5a, 0x99, 0x1b, 0xe4, 0x80, 0x50, 0x60,
    0x1e, 0xb5, 0x0, 0x92, 0xb3, 0x72, 0xc, 0x2,
    0x97, 0x0, 0xfd, 0x52, 0x20, 0x1f, 0xc7, 0x8c,
    0x1, 0xfe, 0x6e, 0xa5, 0x21, 0x1, 0x37, 0xcc,
    0x18, 0x7, 0x0,

    /* U+0050 "P" */
    0x2e, 0xff, 0xfb, 0xb6, 0xdc, 0x80, 0x39, 0x44,
    0x3, 0xe1, 0x24, 0x8d, 0xb2, 0x0, 0xbc, 0x3,
    0xff, 0x82, 0x9a, 0x60, 0x1e, 0xef, 0xfe, 0xd9,
    0x30, 0xb, 0x44, 0x3, 0xfe, 0x26, 0xc7, 0x0,
    0xc, 0x80, 0x7f, 0xf0, 0xa0, 0x80, 0xa, 0x1,
    0xff, 0xc3, 0x50, 0x1, 0x0, 0x7f, 0xf0, 0xf8,
    0x2, 0x10, 0xf, 0xfe, 0x10, 0x80, 0x7f, 0xf1,
    0xb8, 0x2, 0x10, 0xf, 0xfe, 0x8, 0xb0, 0x1,
    0x0, 0x3f, 0xf8, 0x23, 0xa0, 0x17, 0x0, 0x7f,
    0x85, 0x23, 0xcc, 0x0, 0x8a, 0x1, 0xdd, 0xff,
    0xba, 0xdc, 0x40, 0x7, 0x60, 0x1f, 0xfc, 0x31,
    0x8c, 0x0, 0xf8, 0x47, 0x88, 0xda, 0xb9, 0xc0,
    0x3f, 0x7f, 0x76, 0xdc, 0x95, 0x0, 0xff, 0xff,
    0x80, 0x7f, 0xfe, 0x4, 0x3, 0xff, 0x85, 0x62,
    0xa, 0x1, 0xff, 0xc3,

    /* U+0051 "Q" */
    0x0, 0xfc, 0x93, 0xbd, 0xfd, 0x90, 0x60, 0x1f,
    0xfc, 0x24, 0xdb, 0x62, 0x10, 0x13, 0x7c, 0xb2,
    0x0, 0xff, 0xa6, 0xc8, 0x3, 0xf9, 0x35, 0x0,
    0x3f, 0xa9, 0x80, 0x24, 0xac, 0xdc, 0x82, 0x0,
    0xad, 0x0, 0x3e, 0x65, 0x0, 0xd, 0xd9, 0x4c,
    0x8d, 0xf5, 0xc0, 0x2b, 0x10, 0xe, 0x29, 0x0,
    0xb5, 0x0, 0x3e, 0x88, 0x0, 0x54, 0x1, 0xd6,
    0x1, 0x49, 0x80, 0x7f, 0x3a, 0x0, 0x11, 0x0,
    0x10, 0xb0, 0x0, 0x98, 0x3, 0xfe, 0x90, 0xb,
    0xc0, 0x24, 0x0, 0xa8, 0x3, 0xff, 0x80, 0x46,
    0x0, 0x40, 0xb, 0x0, 0x25, 0x0, 0xff, 0xe0,
    0xd0, 0x4, 0x80, 0x5, 0x0, 0x9, 0x0, 0x7f,
    0xf0, 0x54, 0x2, 0x30, 0x1, 0x0, 0x8, 0x3,
    0xff, 0x84, 0x60, 0x17, 0x0, 0x4, 0x0, 0xe0,
    0x1f, 0xfc, 0x63, 0x0, 0xe1, 0x0, 0xff, 0xe1,
    0x88, 0x0, 0x40, 0x3f, 0xf9, 0x22, 0x0, 0x10,
    0x0, 0x80, 0x4, 0x3, 0xff, 0x8c, 0x60, 0x3,
    0x0, 0x38, 0x7, 0xff, 0x8, 0x40, 0x21, 0x0,
    0x38, 0x0, 0xc0, 0x3f, 0xf8, 0x4a, 0x1, 0x68,
    0x3, 0x0, 0x23, 0x0, 0xff, 0xe0, 0xe0, 0x4,
    0x80, 0x4, 0x0, 0xac, 0x3, 0xff, 0x82, 0xa0,
    0x1, 0x10, 0x0, 0x88, 0x0, 0x60, 0xf, 0xfe,
    0x2, 0x10, 0x1, 0x80, 0x34, 0x0, 0x6, 0x0,
    0x3f, 0xe9, 0x0, 0xa4, 0x3, 0x29, 0x0, 0x1d,
    0x40, 0x3f, 0xa4, 0x80, 0xc, 0x20, 0x1d, 0xe0,
    0x15, 0x38, 0x7, 0xd4, 0xc0, 0x3, 0x90, 0xf,
    0x15, 0x0, 0x51, 0xae, 0x86, 0xb3, 0xca, 0x0,
    0x1e, 0x0, 0xfc, 0xb4, 0x1, 0x14, 0x5e, 0x53,
    0x8, 0x0, 0xb0, 0x80, 0x3f, 0x97, 0x94, 0x3,
    0xf0, 0xbe, 0x90, 0x7, 0xfc, 0x35, 0xd2, 0xa0,
    0x11, 0xd7, 0x40, 0x7, 0xff, 0xc, 0x5a, 0x88,
    0x0, 0x6e, 0x1, 0xff, 0xc8, 0x80, 0xb, 0xc,
    0x3, 0xff, 0x8e, 0xae, 0x0, 0x1c, 0xa4, 0x10,
    0x24, 0x0, 0xff, 0xe1, 0x43, 0x80, 0x4b, 0x7d,
    0xfb, 0x78, 0x1, 0xff, 0xc2, 0x8b, 0x20, 0xf,
    0x8c, 0x3, 0xff, 0x86, 0x9b, 0x6c, 0x64, 0x26,
    0xd4, 0x0,

    /* U+0052 "R" */
    0x2e, 0xff, 0xfd, 0xd9, 0x2a, 0x1, 0xca, 0x20,
    0x1f, 0x84, 0xda, 0xb9, 0x80, 0x2f, 0x0, 0xff,
    0xe0, 0x8c, 0xc0, 0x7, 0xbb, 0xff, 0xba, 0xd4,
    0x2, 0x74, 0x0, 0xff, 0x85, 0x2a, 0xc0, 0x2f,
    0x0, 0xff, 0xe1, 0x22, 0x80, 0x10, 0x3, 0xff,
    0x87, 0x80, 0x11, 0x0, 0x7f, 0xf0, 0x8c, 0x3,
    0xff, 0x8c, 0x40, 0x11, 0x80, 0x7f, 0xf0, 0xac,
    0x0, 0x22, 0x0, 0xff, 0xe0, 0xc1, 0x80, 0x18,
    0x3, 0xfe, 0x26, 0xd7, 0x0, 0xc, 0x80, 0x77,
    0x7f, 0xf6, 0xc9, 0x0, 0x7, 0x44, 0x3, 0xff,
    0x86, 0xbe, 0x60, 0x1e, 0x11, 0xc0, 0x19, 0xba,
    0x84, 0x3, 0xef, 0xee, 0xc2, 0x0, 0x41, 0x0,
    0xff, 0xe0, 0x8c, 0x80, 0x9, 0xc0, 0x3f, 0xf8,
    0x4e, 0x40, 0x8, 0x10, 0xf, 0xfe, 0x14, 0x80,
    0x56, 0x1, 0xff, 0xc2, 0x44, 0x0, 0x15, 0x0,
    0x3f, 0xf8, 0x52, 0x1, 0x48, 0x7, 0xff, 0x8,
    0x9c, 0x0, 0x4c, 0x1, 0xff, 0xc2, 0x81, 0x0,
    0x40, 0x80, 0x7f, 0xf0, 0xa0, 0x0, 0x30, 0x1,
    0xc2, 0x1, 0xf9, 0x8c, 0x0, 0xc7, 0x62, 0xa,
    0x1, 0xfe, 0xe4, 0x0, 0x30,

    /* U+0053 "S" */
    0x0, 0xe5, 0xad, 0xff, 0x76, 0xca, 0x0, 0x7c,
    0x9d, 0x4a, 0x40, 0x1, 0x26, 0xbd, 0x20, 0xc,
    0xd6, 0x20, 0x1f, 0xc5, 0xa8, 0x0, 0x39, 0x0,
    0x92, 0xb3, 0x72, 0x94, 0x2, 0xe0, 0x4, 0x0,
    0x55, 0x6a, 0x64, 0x6b, 0x5a, 0x63, 0x0, 0x4,
    0x0, 0x2a, 0x80, 0x3e, 0x2c, 0xe2, 0x2, 0x0,
    0xb4, 0x3, 0xff, 0x82, 0x60, 0x17, 0x0, 0x7f,
    0xf0, 0x44, 0x80, 0xc, 0x40, 0x1f, 0xfc, 0x1b,
    0x0, 0xb1, 0x40, 0x3f, 0xf8, 0xc, 0xa0, 0x1,
    0xad, 0x60, 0xf, 0xfa, 0x98, 0x2, 0x29, 0xf9,
    0x30, 0xf, 0xe9, 0xc4, 0x0, 0xcd, 0x98, 0x50,
    0xf, 0xc7, 0x78, 0xc0, 0x18, 0xeb, 0x8, 0x3,
    0xf1, 0xcf, 0xc9, 0x0, 0x47, 0xa8, 0x1, 0xfe,
    0x6d, 0xa2, 0x0, 0xac, 0x80, 0x3f, 0xe5, 0xd6,
    0x0, 0xac, 0x3, 0xff, 0x83, 0x24, 0x0, 0x40,
    0xf, 0xfe, 0x13, 0x80, 0x8, 0x3, 0xff, 0x8f,
    0xa, 0x1, 0xff, 0x20, 0x0, 0xe9, 0xea, 0x44,
    0x3, 0xf5, 0x8, 0x2, 0xd8, 0x0, 0xdd, 0x2a,
    0x64, 0x43, 0x7d, 0x50, 0x1, 0x3e, 0x98, 0x4,
    0xd5, 0x9b, 0xac, 0x82, 0x0, 0xf, 0x80, 0xe3,
    0x80, 0x7f, 0xcb, 0xe4, 0x1, 0x47, 0xd3, 0x10,
    0x80, 0x5, 0x1f, 0x68, 0x40, 0x0,

    /* U+0054 "T" */
    0xaf, 0xff, 0xfe, 0x32, 0x28, 0x7, 0xff, 0x1b,
    0x10, 0x3, 0xff, 0x8d, 0x97, 0xff, 0xf0, 0x4,
    0xdf, 0xff, 0x20, 0x7, 0xfc, 0x20, 0x1f, 0xff,
    0xf0, 0xf, 0xff, 0xf8, 0x7, 0xff, 0xfc, 0x3,
    0xff, 0xfe, 0x1, 0xff, 0xff, 0x0, 0xff, 0xee,
    0xb0, 0xd, 0x80, 0x7e,

    /* U+0055 "U" */
    0x4e, 0xf9, 0x0, 0xff, 0xe0, 0x3f, 0xf2, 0x68,
    0x83, 0x0, 0x7f, 0xf0, 0x28, 0x7, 0x4c, 0x3,
    0xff, 0xfe, 0x1, 0xff, 0xff, 0x0, 0xff, 0xff,
    0x80, 0x7f, 0xf5, 0x8c, 0x3, 0xff, 0x8c, 0x22,
    0x0, 0xff, 0xe1, 0x98, 0x3, 0xfc, 0x1, 0x10,
    0x7, 0xfc, 0x20, 0x1, 0x30, 0x9, 0x0, 0x3f,
    0xc8, 0x1, 0x2a, 0x80, 0x2d, 0x0, 0xff, 0x68,
    0x4, 0x62, 0x60, 0x4, 0x30, 0xf, 0xc4, 0xc0,
    0x4, 0x0, 0x48, 0x5, 0xa4, 0x1, 0xe2, 0xf0,
    0xb, 0xc0, 0xa, 0x80, 0x1, 0xd8, 0x42, 0x22,
    0x46, 0x90, 0x1, 0x10, 0x1, 0x51, 0x80, 0x4f,
    0x7b, 0xab, 0x70, 0x8, 0xec, 0x3, 0xe, 0x30,
    0x7, 0xf9, 0xb0, 0x3, 0xe9, 0xe8, 0x41, 0x0,
    0xa, 0x47, 0x48, 0x6,

    /* U+0056 "V" */
    0x8f, 0xe7, 0x0, 0xff, 0xe0, 0xcf, 0xf9, 0x48,
    0x6, 0x4, 0x3, 0xfe, 0x36, 0x0, 0x1f, 0x0,
    0x48, 0x1, 0xff, 0x58, 0x4, 0xe8, 0x1, 0x78,
    0x7, 0xfc, 0xa0, 0x3, 0x10, 0x50, 0x2, 0x80,
    0x7f, 0x88, 0x80, 0xa, 0x0, 0x78, 0x4, 0x80,
    0x1f, 0xc8, 0x1, 0x38, 0x1, 0x40, 0x2d, 0x0,
    0xfe, 0xd0, 0x1, 0x88, 0x4, 0xa0, 0x7, 0x0,
    0xfe, 0x40, 0x5, 0x80, 0x6f, 0x0, 0x9, 0x80,
    0x7c, 0xa0, 0x13, 0x0, 0x65, 0x0, 0xac, 0x3,
    0xef, 0x0, 0x18, 0x80, 0x72, 0x0, 0x14, 0x3,
    0xe4, 0x0, 0x58, 0x7, 0xb8, 0x0, 0x42, 0x1,
    0xc6, 0x20, 0x5, 0x0, 0xf2, 0x80, 0x4e, 0x1,
    0xd6, 0x0, 0x32, 0x0, 0xf9, 0x0, 0x1a, 0x1,
    0xca, 0x0, 0xb0, 0xf, 0xda, 0x0, 0x40, 0xc,
    0x44, 0x0, 0x28, 0x7, 0xe7, 0x0, 0x94, 0x2,
    0x50, 0x1, 0x90, 0x7, 0xe1, 0x40, 0x6, 0x0,
    0x56, 0x0, 0xb0, 0xf, 0xf6, 0x80, 0x1c, 0x0,
    0x26, 0x0, 0x50, 0xf, 0xf3, 0x80, 0x4, 0xc1,
    0x0, 0x4, 0x40, 0xf, 0xf0, 0xa0, 0x2, 0xc3,
    0x80, 0x14, 0x1, 0xff, 0xc0, 0xd0, 0x2, 0x8a,
    0x0, 0x14, 0x3, 0xff, 0x80, 0xe0, 0x2, 0x60,
    0x1, 0x10, 0x3, 0xff, 0x80, 0x26, 0x0, 0x80,
    0x2, 0x80, 0x7f, 0xf0, 0xa8, 0x3, 0xa8, 0x3,
    0xff, 0x84, 0xe0, 0x18, 0x88, 0x1, 0xff, 0xc2,
    0x18, 0x0, 0xc, 0x80, 0x7e,

    /* U+0057 "W" */
    0xbf, 0xe4, 0x0, 0xfe, 0x8f, 0xe4, 0x0, 0xfe,
    0x7f, 0xf2, 0xa8, 0x7, 0xc0, 0x3f, 0xb, 0x80,
    0xd0, 0x7, 0xf4, 0x0, 0x9, 0x0, 0xa, 0x1,
    0xf9, 0xc0, 0x21, 0x20, 0xf, 0x88, 0x2, 0x3d,
    0x0, 0x9, 0x0, 0x7d, 0x80, 0x19, 0x0, 0x3e,
    0x70, 0x9, 0x10, 0x1, 0x38, 0x7, 0xc8, 0x1,
    0xb0, 0x3, 0xed, 0x0, 0x10, 0x18, 0x5, 0xa0,
    0x1e, 0x21, 0x3, 0x0, 0x20, 0x7, 0xc6, 0x0,
    0x40, 0x1, 0x80, 0xc, 0x3, 0xc8, 0x0, 0xb4,
    0x1, 0x30, 0xf, 0x20, 0x3, 0xc0, 0xa, 0x0,
    0x50, 0xf, 0x60, 0x1, 0x30, 0x0, 0x80, 0x1c,
    0x40, 0x12, 0x0, 0x30, 0x0, 0x22, 0x0, 0xe4,
    0x0, 0x1a, 0x0, 0x30, 0x3, 0x9c, 0x2, 0x20,
    0x3, 0x80, 0x48, 0x1, 0x88, 0x41, 0x0, 0xc0,
    0x8, 0x1, 0xda, 0x0, 0x30, 0x8, 0x84, 0x1,
    0xa0, 0x19, 0x40, 0x18, 0x0, 0x40, 0x2, 0x0,
    0x63, 0x0, 0x20, 0x6, 0x50, 0x1, 0x80, 0x6c,
    0x0, 0x20, 0x3, 0x0, 0x18, 0x1, 0x94, 0x1,
    0xa0, 0x18, 0xc0, 0xa, 0x1, 0x90, 0x0, 0x60,
    0x4, 0x0, 0x20, 0x4, 0x42, 0x0, 0x40, 0xd,
    0x80, 0x1, 0x10, 0x0, 0xc0, 0x8, 0x1, 0x18,
    0x0, 0xc0, 0x27, 0x0, 0x8, 0x80, 0x32, 0x80,
    0x4a, 0x0, 0x40, 0x6, 0x0, 0x63, 0x0, 0x20,
    0x3, 0x40, 0xa, 0x1, 0xc2, 0x40, 0x3, 0x0,
    0x60, 0x1, 0x0, 0x32, 0x0, 0x30, 0x0, 0x60,
    0xc, 0x0, 0xf3, 0x80, 0x34, 0x0, 0xa0, 0x3,
    0x0, 0xd8, 0x0, 0x40, 0x2, 0x80, 0xc, 0x3,
    0xd8, 0x0, 0x70, 0x21, 0x4, 0x0, 0xe4, 0x0,
    0x18, 0x0, 0x40, 0x8, 0x1, 0xe5, 0x0, 0x10,
    0x20, 0x3, 0x0, 0x3c, 0x60, 0x4, 0x30, 0x1,
    0x0, 0x7c, 0x60, 0x11, 0xe0, 0x1, 0x0, 0x3c,
    0x80, 0xc, 0x50, 0x2, 0x0, 0x7e, 0x30, 0x2,
    0xa0, 0x0, 0xc0, 0x3d, 0x80, 0x4, 0xf0, 0x7,
    0x80, 0x7e, 0x40, 0x6, 0x88, 0x20, 0x7, 0xc8,
    0x0, 0x34, 0x0, 0x28, 0x7, 0xed, 0x0, 0x20,
    0x3, 0x0, 0x3f, 0x18, 0x0, 0x80, 0x6, 0x1,
    0xf9, 0x0, 0x39, 0x0, 0x3f, 0x20, 0x6, 0x30,
    0xf, 0xe1, 0x10, 0x4, 0x26, 0x1, 0xfb, 0x0,
    0x32, 0x0, 0x7f, 0xac, 0x40, 0x60, 0x3, 0xf9,
    0x14, 0x0, 0x54, 0x1, 0xc0,

    /* U+0058 "X" */
    0x6, 0xff, 0x58, 0x80, 0x7f, 0x1e, 0x7f, 0x8,
    0x28, 0x1, 0x2c, 0x3, 0xfb, 0x8c, 0xc, 0x40,
    0xd4, 0x0, 0xa6, 0x1, 0xf3, 0x10, 0x2, 0x40,
    0x2b, 0x0, 0xbc, 0x3, 0xe8, 0x0, 0x22, 0x0,
    0x21, 0x80, 0x1, 0xa8, 0x7, 0x38, 0x80, 0x24,
    0x3, 0x9c, 0x80, 0x10, 0x1, 0xd2, 0x0, 0x72,
    0x0, 0xf4, 0x80, 0x9, 0x80, 0x28, 0x10, 0x19,
    0x0, 0xf9, 0x10, 0x0, 0x80, 0x0, 0xb8, 0x2,
    0x4, 0x3, 0xf4, 0x80, 0x6, 0x2, 0x0, 0x4,
    0xc0, 0x1f, 0xc4, 0xc0, 0x7, 0x36, 0x0, 0x48,
    0x7, 0xfd, 0x2, 0x0, 0xc0, 0x2, 0x20, 0x3,
    0xfe, 0x18, 0x0, 0xe9, 0x0, 0xff, 0xe0, 0xb0,
    0x80, 0x4c, 0x40, 0x1f, 0xfc, 0x14, 0x10, 0x9,
    0x0, 0x3f, 0xf8, 0x52, 0x1, 0x89, 0x80, 0x3f,
    0xf8, 0xe, 0x40, 0x2e, 0x0, 0x81, 0x0, 0xff,
    0xc, 0x0, 0x2e, 0x4, 0x6, 0x0, 0x3f, 0xd0,
    0x0, 0x35, 0x8, 0x0, 0x31, 0x80, 0x7e, 0x36,
    0x0, 0x40, 0x1, 0x88, 0x1, 0xe0, 0x1f, 0xbc,
    0x0, 0x88, 0x0, 0xa4, 0x0, 0x6c, 0x1, 0xe5,
    0x30, 0x4, 0x80, 0x64, 0x40, 0x2, 0x0, 0x3d,
    0x60, 0x6, 0x20, 0xe, 0x90, 0x0, 0xc0, 0x6,
    0x81, 0x0, 0x40, 0x7, 0x89, 0x80, 0xe, 0x40,
    0x2, 0x70, 0x3, 0x88, 0x7, 0xd0, 0x1, 0x48,
    0x2, 0x0, 0x3, 0x0, 0x1f, 0x86, 0x0, 0x8,
    0xa0, 0xe0, 0x54, 0x1, 0xfe, 0x76, 0x10, 0xd0,

    /* U+0059 "Y" */
    0x9f, 0xe8, 0x0, 0xff, 0x97, 0xbe, 0xb8, 0x5,
    0xd0, 0x3, 0xf8, 0x68, 0x40, 0x9c, 0x40, 0x1e,
    0x1, 0xfd, 0x20, 0x14, 0x84, 0x80, 0x10, 0xc0,
    0x3e, 0x17, 0x0, 0x38, 0x83, 0x88, 0x2, 0x40,
    0x3e, 0x90, 0xa, 0x40, 0x29, 0x0, 0x29, 0x0,
    0x79, 0x80, 0xe, 0x20, 0x13, 0x88, 0x2, 0xc0,
    0x39, 0xc4, 0x1, 0x20, 0x1d, 0x20, 0x6, 0x10,
    0xd, 0x20, 0x7, 0x10, 0xe, 0x71, 0x0, 0x48,
    0x4, 0xc2, 0x0, 0x90, 0xf, 0xa4, 0x0, 0xc0,
    0x14, 0x0, 0x1c, 0x40, 0x3e, 0x71, 0x1, 0x60,
    0x61, 0x0, 0x48, 0x7, 0xf4, 0x80, 0x20, 0x2c,
    0x0, 0xe2, 0x1, 0xfc, 0xe2, 0x3, 0x64, 0x0,
    0x90, 0xf, 0xfa, 0x40, 0x8, 0x0, 0x71, 0x0,
    0xff, 0x9c, 0x40, 0x34, 0x80, 0x7f, 0xf0, 0x64,
    0x2, 0x71, 0x0, 0xff, 0xe0, 0xa0, 0x5, 0xa0,
    0x1f, 0xff, 0xf0, 0xf, 0xff, 0xf8, 0x7, 0xff,
    0x10, 0xcc, 0x4, 0x80, 0x1f, 0x0,

    /* U+005A "Z" */
    0x0, 0x5f, 0xff, 0xff, 0xe, 0x80, 0x24, 0x0,
    0xff, 0xe1, 0xb8, 0x4, 0x60, 0x1f, 0xfc, 0x34,
    0x0, 0xb3, 0xff, 0xfe, 0x20, 0x0, 0xc0, 0x7,
    0xff, 0x9, 0x88, 0x1, 0x2, 0x1, 0xff, 0xc1,
    0x29, 0x0, 0x23, 0x0, 0x7f, 0xf0, 0xa4, 0x2,
    0xa0, 0xf, 0xfe, 0x13, 0x20, 0x2, 0x44, 0x3,
    0xff, 0x82, 0x52, 0x0, 0x46, 0x0, 0xff, 0xe1,
    0x48, 0x5, 0x40, 0x1f, 0xfc, 0x26, 0x40, 0x4,
    0x88, 0x7, 0xff, 0x4, 0x64, 0x0, 0x8c, 0x1,
    0xff, 0xc2, 0xa0, 0xa, 0x80, 0x3f, 0xf8, 0x4c,
    0x80, 0x9, 0x10, 0xf, 0xfe, 0x8, 0xc8, 0x1,
    0x18, 0x3, 0xff, 0x85, 0x40, 0x15, 0x0, 0x7f,
    0xf0, 0x99, 0x0, 0x12, 0x20, 0x1f, 0xfc, 0x11,
    0x90, 0x2, 0x30, 0x7, 0xff, 0xa, 0x80, 0x2a,
    0x0, 0xff, 0xe1, 0x32, 0x0, 0x24, 0x40, 0x3f,
    0xf8, 0x23, 0x20, 0x4, 0x60, 0xf, 0xfe, 0x15,
    0x0, 0x54, 0x1, 0xff, 0xc2, 0x54, 0x0, 0x40,
    0x80, 0x7f, 0xf0, 0xac, 0x2, 0x8f, 0xff, 0xfe,
    0x6, 0x1, 0x88, 0x7, 0xff, 0x10, 0xc0, 0x44,
    0x1, 0xff, 0xc4, 0x40,

    /* U+005B "[" */
    0xc, 0xff, 0xec, 0x4, 0x30, 0xe, 0x10, 0x10,
    0x4, 0x7f, 0xda, 0x1, 0x88, 0x3, 0xff, 0xfe,
    0x1, 0xff, 0xff, 0x0, 0xff, 0xff, 0x80, 0x7f,
    0xf5, 0xcc, 0x44, 0x1, 0x8, 0x2, 0x7b, 0x9f,
    0xa0, 0x86, 0x1, 0xc2, 0x0,

    /* U+005C "\\" */
    0x2f, 0xc0, 0xf, 0xfe, 0x9, 0xb0, 0x7, 0xf8,
    0x88, 0x14, 0x1, 0xff, 0x28, 0x18, 0x80, 0x7f,
    0xac, 0x0, 0x80, 0x1f, 0xe3, 0x10, 0xf0, 0xf,
    0xf9, 0xc1, 0x40, 0x3f, 0xed, 0x0, 0x20, 0x7,
    0xf9, 0x0, 0x1a, 0x1, 0xff, 0x28, 0x38, 0x7,
    0xfd, 0xe0, 0x26, 0x1, 0xfe, 0x50, 0x5, 0x80,
    0x7f, 0xc8, 0xa, 0x1, 0xff, 0x68, 0x11, 0x0,
    0x3f, 0xce, 0x0, 0x50, 0xf, 0xf0, 0x98, 0x58,
    0x7, 0xfd, 0x60, 0x62, 0x1, 0xfe, 0x50, 0x3,
    0x80, 0x7f, 0x88, 0x81, 0xa0, 0x1f, 0xf2, 0x82,
    0x0, 0x7f, 0xd6, 0x0, 0x50, 0xf, 0xf1, 0x88,
    0x78, 0x7, 0xfc, 0xe0, 0xa0, 0x1f, 0xf6, 0x80,
    0x10, 0x3, 0xfc, 0x80, 0xd, 0x0, 0xff, 0x90,
    0x1c, 0x3, 0xfe, 0xd0, 0x13, 0x0, 0xff, 0x38,
    0x2, 0xc0, 0x3f, 0xc2, 0x60, 0xa0, 0x1f, 0xf5,
    0x81, 0x10, 0x3, 0xfc, 0xa0, 0x5, 0x0, 0xff,
    0x11, 0x2, 0xc0, 0x3f, 0xe5, 0x3, 0x10, 0xf,
    0xf5, 0x80, 0x1c, 0x3, 0xfc, 0x6c, 0x6,

    /* U+005D "]" */
    0x9f, 0xfe, 0xd2, 0x30, 0xe, 0x25, 0xaf, 0xfa,
    0x80, 0x1e, 0x1, 0x98, 0x3, 0xff, 0xfe, 0x1,
    0xff, 0xff, 0x0, 0xff, 0xff, 0x80, 0x61, 0x13,
    0x80, 0x55, 0xfd, 0xcb, 0x0, 0x78, 0x7, 0x85,
    0x40,

    /* U+005E "^" */
    0x0, 0xf0, 0xbb, 0x8, 0x7, 0xff, 0x3, 0x22,
    0x70, 0x3, 0xfe, 0x52, 0x0, 0x12, 0x80, 0x7f,
    0xb8, 0x3, 0x70, 0x7, 0xf1, 0x20, 0x29, 0x2,
    0x10, 0x7, 0xea, 0x0, 0x75, 0x0, 0x28, 0x3,
    0xf3, 0x0, 0xa3, 0x0, 0x18, 0x3, 0xe5, 0x10,
    0x60, 0x14, 0x1, 0x50, 0xf, 0x70, 0x2, 0x80,
    0x1e, 0x0, 0xe0, 0xe, 0x24, 0x3, 0x20, 0x2,
    0x8, 0x20, 0x80, 0x6a, 0x0, 0x50, 0x6, 0x60,
    0x4, 0x80, 0x66, 0x0, 0x38, 0x6, 0x90, 0x3,
    0x0, 0x4a, 0x20, 0xa2, 0x1, 0x85, 0x0, 0x54,
    0x1, 0xc0, 0xe, 0x0, 0xf7, 0x0, 0x38, 0x9,
    0x0, 0x50, 0x3, 0xca, 0x20, 0x82, 0x20, 0x1b,
    0x0, 0xfd, 0x62, 0x4,

    /* U+005F "_" */
    0x5, 0x66, 0xff, 0xe2, 0x28, 0xcd, 0x4c, 0xff,
    0xf1, 0x2a, 0xfc, 0x3, 0xff, 0x8d, 0xa0,

    /* U+0060 "`" */
    0x1, 0x60, 0xe, 0x1f, 0x9b, 0x0, 0xc8, 0x20,
    0x94, 0x1, 0x2a, 0x80, 0xb, 0x0, 0x15, 0x28,
    0x1, 0xd8, 0x2, 0xa6, 0x0, 0x4a, 0x0, 0x52,
    0xe0, 0x8, 0x0, 0xd1, 0x1, 0xa0,

    /* U+0061 "a" */
    0x0, 0xe5, 0xad, 0xef, 0xec, 0x70, 0xf, 0x9b,
    0xa9, 0x48, 0x40, 0x4e, 0x38, 0xc0, 0x34, 0xc8,
    0x40, 0x30, 0x80, 0x43, 0xa2, 0x1, 0xe5, 0xbf,
    0xf7, 0x72, 0x0, 0x3, 0x0, 0x14, 0x4e, 0xd2,
    0x0, 0x42, 0xec, 0x0, 0x60, 0x8, 0x58, 0x80,
    0x3e, 0xa0, 0x9, 0x0, 0x3f, 0xf8, 0x4, 0x1,
    0x10, 0x7, 0xf8, 0x92, 0x0, 0x21, 0x0, 0xf2,
    0x4e, 0xfe, 0xdb, 0x0, 0x5e, 0x1, 0xa3, 0xad,
    0x88, 0x0, 0x26, 0x1, 0xe3, 0xd7, 0x10, 0x27,
    0xbe, 0xe6, 0x0, 0x70, 0xe9, 0x0, 0xd6, 0xc2,
    0x8, 0x7, 0xd0, 0x20, 0x3e, 0xa0, 0x1f, 0xf3,
    0x80, 0x18, 0x40, 0x3f, 0xf8, 0x2, 0x0, 0xf0,
    0xf, 0xfe, 0x26, 0x0, 0x78, 0xb0, 0x3, 0x90,
    0x0, 0x8c, 0x1, 0x14, 0x69, 0x80, 0x77, 0x80,
    0x53, 0xfb, 0xda, 0xe0, 0x66, 0x0, 0xc9, 0x20,
    0x18, 0x84, 0x12, 0xf1, 0x0, 0x39, 0xb5, 0x84,
    0x5, 0xb6, 0xd0, 0x28, 0x45, 0x60,

    /* U+0062 "b" */
    0x6f, 0xe5, 0x0, 0xff, 0xe1, 0x50, 0xf, 0x80,
    0x7f, 0xff, 0xc0, 0x3f, 0xfa, 0x86, 0x1, 0xff,
    0xda, 0x4a, 0xef, 0xec, 0x71, 0x0, 0xfc, 0x59,
    0x6a, 0x20, 0x27, 0x1e, 0x80, 0x1e, 0x4d, 0x30,
    0xf, 0x86, 0xd0, 0x3, 0x88, 0x0, 0xfb, 0xfe,
    0xc5, 0x0, 0xa8, 0x40, 0x38, 0xf6, 0x8, 0x0,
    0x74, 0xe0, 0x1, 0x90, 0xc, 0x78, 0x40, 0x1e,
    0x81, 0x0, 0x30, 0x6, 0x70, 0xf, 0xe6, 0x0,
    0x9, 0x0, 0x7f, 0xf0, 0x74, 0x2, 0x70, 0xf,
    0xfe, 0xb, 0x0, 0x44, 0x1, 0xff, 0xc1, 0x10,
    0xb, 0xc0, 0x3f, 0xf8, 0xbe, 0x1, 0xff, 0xc1,
    0x60, 0x8, 0x40, 0x3f, 0xf8, 0x26, 0x1, 0x10,
    0x7, 0xff, 0x6, 0xc0, 0x24, 0x0, 0xff, 0xe0,
    0x21, 0x80, 0x14, 0x3, 0x2b, 0x0, 0x78, 0xa8,
    0x2, 0x80, 0xc, 0x33, 0xce, 0x40, 0x2d, 0x82,
    0x0, 0x72, 0x0, 0xf0, 0xc6, 0xff, 0x48, 0x80,
    0x16, 0x0, 0x3a, 0xdc, 0x3, 0xf3, 0xd0, 0x5,
    0x60, 0x88, 0x8d, 0x72, 0x0, 0x13, 0xec, 0x0,
    0x60,

    /* U+0063 "c" */
    0x0, 0xf1, 0xce, 0xf7, 0xf5, 0xb0, 0x7, 0xc5,
    0x78, 0xc4, 0x20, 0x29, 0x3a, 0x40, 0x19, 0x31,
    0x0, 0x3f, 0x15, 0x80, 0x45, 0x62, 0x0, 0x4c,
    0xff, 0xa4, 0x42, 0x80, 0x2f, 0x0, 0xa2, 0xcc,
    0x2, 0x6e, 0xf3, 0x0, 0x29, 0x0, 0x15, 0xc0,
    0x3f, 0xee, 0x0, 0xac, 0x3, 0xff, 0x80, 0x80,
    0x4, 0x10, 0xf, 0xf8, 0x80, 0x23, 0x0, 0xff,
    0xe0, 0x8, 0x5, 0xc0, 0x1f, 0xfd, 0x11, 0x0,
    0x84, 0x3, 0xff, 0x80, 0x40, 0x16, 0x0, 0x7f,
    0xf0, 0x4c, 0x0, 0x82, 0x1, 0xff, 0xc0, 0xb0,
    0xa, 0x40, 0x3f, 0xf8, 0xe, 0x20, 0x7, 0x60,
    0xf, 0x8c, 0x3, 0x50, 0x5, 0x34, 0x60, 0x12,
    0x5e, 0x60, 0x2, 0x49, 0x0, 0x97, 0x3f, 0xeb,
    0x40, 0x20, 0xc, 0xd6, 0x40, 0x1f, 0x87, 0x40,
    0x39, 0x36, 0x50, 0x40, 0x2, 0x93, 0xc6, 0x0,

    /* U+0064 "d" */
    0x0, 0xff, 0xe1, 0x16, 0xfd, 0x80, 0x7f, 0xf0,
    0xd0, 0x81, 0x4, 0x3, 0xff, 0x84, 0x60, 0x1f,
    0xff, 0xf1, 0x0, 0xff, 0xf2, 0x36, 0x77, 0xf5,
    0x20, 0x7, 0xf9, 0x3a, 0x4c, 0x40, 0x56, 0xe8,
    0x40, 0x3e, 0x5b, 0x10, 0xf, 0x96, 0x80, 0x3c,
    0x74, 0x1, 0x2e, 0x7f, 0xb1, 0x80, 0x3f, 0x70,
    0x5, 0x34, 0x60, 0x3, 0x9d, 0x30, 0xe, 0x52,
    0x0, 0x33, 0x0, 0x3c, 0x54, 0x1, 0xdc, 0x1,
    0x40, 0x7, 0xff, 0x9, 0x40, 0x6, 0x20, 0x1f,
    0xfc, 0x11, 0x10, 0x1, 0x0, 0x3f, 0xf8, 0x46,
    0x1, 0x78, 0x7, 0xff, 0x54, 0xc0, 0x2f, 0x0,
    0xff, 0xe1, 0x8, 0x4, 0x40, 0x1f, 0xfc, 0x33,
    0x0, 0x20, 0x7, 0xff, 0xd, 0x0, 0x2, 0xa0,
    0x1f, 0x84, 0x3, 0xa8, 0x2, 0xb2, 0x0, 0xf3,
    0xc0, 0x7, 0x13, 0x0, 0x7, 0x18, 0x40, 0x9,
    0x90, 0x1, 0xf4, 0x98, 0x0, 0x67, 0xbf, 0xd6,
    0x60, 0x80, 0x1f, 0x62, 0x80, 0x7e, 0x7b, 0x10,
    0xf, 0xaa, 0xd8, 0x80, 0x4, 0xfd, 0x1, 0x20,
    0x82,

    /* U+0065 "e" */
    0x0, 0xf2, 0xd7, 0x7f, 0x64, 0x10, 0x7, 0xe3,
    0xda, 0x51, 0x1, 0x37, 0xd7, 0x0, 0xf2, 0x61,
    0x0, 0x44, 0x40, 0xa, 0x20, 0x1, 0x8a, 0xc0,
    0x5, 0x7f, 0xba, 0xe6, 0x0, 0x3a, 0x0, 0x5e,
    0x0, 0x3d, 0x40, 0x8, 0x65, 0x80, 0x10, 0x0,
    0x52, 0x1, 0xd0, 0xf, 0xa4, 0x40, 0xc4, 0x38,
    0x0, 0xc2, 0x1, 0xf9, 0x0, 0x8, 0x8, 0x0,
    0xc0, 0xf, 0xfe, 0x1, 0x10, 0x2, 0xbf, 0xff,
    0xe5, 0x0, 0x78, 0x80, 0x7f, 0xf1, 0x35, 0xc0,
    0x23, 0x66, 0xff, 0xa1, 0x58, 0x2, 0x89, 0x9f,
    0xf9, 0xc0, 0x80, 0x22, 0x0, 0xff, 0xe1, 0x18,
    0x2, 0x80, 0x3f, 0xf8, 0x56, 0x0, 0x35, 0x0,
    0xff, 0xe0, 0xb8, 0x80, 0x29, 0x0, 0x3f, 0xf8,
    0x34, 0x1, 0x5c, 0x8, 0x6, 0x4b, 0xc0, 0xc,
    0x92, 0x1, 0x3f, 0x73, 0x75, 0xf6, 0x86, 0x80,
    0x19, 0xb0, 0x80, 0x21, 0x22, 0x0, 0x4a, 0x80,
    0x1c, 0x7b, 0x4a, 0x40, 0x1, 0x36, 0xca, 0x0,
    0x0,

    /* U+0066 "f" */
    0x0, 0xe5, 0xbe, 0xfd, 0x92, 0x0, 0xd5, 0x44,
    0x10, 0x26, 0xb0, 0x9, 0x94, 0x2, 0x11, 0x6,
    0x80, 0x56, 0x1, 0x67, 0x73, 0xd0, 0x0, 0x24,
    0x0, 0x73, 0x0, 0xf1, 0x0, 0x5a, 0x1, 0xff,
    0x8, 0x7, 0xff, 0x1d, 0xc0, 0x3f, 0xa7, 0xec,
    0x2, 0xbf, 0xf7, 0x10, 0x20, 0x7, 0xe1, 0x70,
    0x84, 0x30, 0x8, 0xd1, 0xc, 0xa0, 0xb7, 0xe0,
    0x14, 0x5d, 0xa4, 0x3, 0xff, 0xfe, 0x1, 0xff,
    0xff, 0x0, 0xff, 0xe7, 0x38, 0x7, 0xc6, 0x60,
    0x33, 0x0, 0x70,

    /* U+0067 "g" */
    0x0, 0xe4, 0xad, 0xff, 0xff, 0x20, 0x4, 0x37,
    0x65, 0x20, 0xf, 0xf6, 0x0, 0x7, 0x10, 0x0,
    0x4a, 0xa1, 0x0, 0xc8, 0x85, 0xa0, 0x5, 0x90,
    0x2, 0xb6, 0xa9, 0xce, 0x1, 0x7d, 0xd1, 0x0,
    0xa8, 0x2, 0x54, 0x3, 0x42, 0x80, 0x3c, 0x3,
    0x38, 0x4, 0xc0, 0x1e, 0x90, 0x2, 0x0, 0x61,
    0x0, 0x10, 0x7, 0xc6, 0x1, 0x8, 0x7, 0x8c,
    0x3, 0xe1, 0x0, 0x84, 0x2, 0x20, 0x0, 0x90,
    0x7, 0x90, 0x0, 0x20, 0x19, 0x0, 0x29, 0x0,
    0xf4, 0x0, 0x18, 0x3, 0xb, 0x80, 0x12, 0xcc,
    0x0, 0xba, 0x40, 0x32, 0x1, 0xd0, 0x80, 0x4,
    0xcf, 0xf5, 0x10, 0xe, 0x8, 0x7, 0x84, 0x0,
    0x20, 0x1c, 0xde, 0x40, 0x1e, 0x85, 0x9, 0xeb,
    0x99, 0x5f, 0x48, 0x80, 0x7c, 0xe0, 0x2c, 0x8,
    0xcc, 0x41, 0x0, 0xfc, 0x40, 0x1, 0x0, 0xff,
    0xe1, 0x98, 0x5, 0x44, 0x1, 0xff, 0xc1, 0x14,
    0x0, 0x2e, 0xff, 0xfb, 0xb2, 0x8, 0x3, 0x51,
    0x0, 0x7f, 0x9, 0xbe, 0xc0, 0x4, 0x84, 0x4,
    0x40, 0xf, 0xf3, 0xa8, 0x25, 0x2, 0x6e, 0xbf,
    0xfd, 0xac, 0x1, 0x48, 0x50, 0x2, 0x80, 0x3f,
    0x14, 0xa0, 0x0, 0x8c, 0x40, 0x84, 0x3, 0xfc,
    0x40, 0x2, 0x0, 0x88, 0x3, 0xfe, 0x40, 0x2,
    0x10, 0x5, 0x20, 0x1f, 0x86, 0xc8, 0x6, 0x45,
    0x80, 0xd, 0x8c, 0x40, 0x1, 0x38, 0xf4, 0x0,
    0x50, 0x84, 0xa8, 0x0, 0xe7, 0x7f, 0xdd, 0x8e,
    0x20, 0x58, 0x80, 0x15, 0x5a, 0x0, 0x7e, 0x4a,
    0xd3, 0x0, 0xe4, 0xbf, 0xca, 0xa4, 0xd6, 0x7d,
    0xa8, 0x6,

    /* U+0068 "h" */
    0x6f, 0xe5, 0x0, 0xff, 0xe0, 0xd0, 0xf, 0x80,
    0x7f, 0xff, 0xc0, 0x3f, 0xf9, 0xc6, 0x1, 0xff,
    0xd8, 0x17, 0xcf, 0xf6, 0xc0, 0x80, 0x7e, 0x7e,
    0x83, 0x0, 0x13, 0xf9, 0x0, 0x7a, 0xa0, 0x3,
    0xe1, 0xf0, 0xe, 0x65, 0x4, 0xbd, 0xea, 0x10,
    0x1, 0x28, 0x7, 0xa6, 0xd0, 0x85, 0x70, 0x2,
    0xe0, 0xe, 0xc6, 0x0, 0xe2, 0x30, 0x2, 0x80,
    0x64, 0x30, 0xf, 0x94, 0x0, 0x20, 0x1f, 0xfc,
    0x1e, 0x0, 0xff, 0xe4, 0x8, 0x7, 0xff, 0xfc,
    0x3, 0xff, 0xfe, 0x1, 0xe1, 0x0, 0xff, 0xe0,
    0xd, 0x0, 0xf8, 0x7, 0xe5, 0x20, 0x50,

    /* U+0069 "i" */
    0x6, 0xee, 0x30, 0x14, 0x88, 0xa4, 0x58, 0x3,
    0x12, 0x8, 0x0, 0x8c, 0x3e, 0x65, 0x80, 0x1,
    0x66, 0x8, 0x7, 0xff, 0x9, 0xbf, 0x94, 0x1,
    0x40, 0x3e, 0x1, 0xc2, 0x1, 0xff, 0xff, 0x0,
    0xff, 0xe4, 0x8, 0x2, 0x80, 0x7c, 0x0,

    /* U+006A "j" */
    0x0, 0xe1, 0x66, 0x0, 0x7d, 0x93, 0x2c, 0x0,
    0xe3, 0x20, 0x1, 0x98, 0x3, 0x8, 0x6, 0x20,
    0xc, 0x50, 0x22, 0x91, 0x0, 0xe7, 0xee, 0x30,
    0x7, 0xff, 0x61, 0xbb, 0x8c, 0x1, 0xed, 0x11,
    0x68, 0x7, 0xf3, 0x80, 0x7f, 0xff, 0xc0, 0x3f,
    0xff, 0xe0, 0x1f, 0xfd, 0xb7, 0x0, 0xf3, 0x0,
    0x7f, 0x10, 0x0, 0x40, 0x39, 0xc0, 0x2d, 0x2,
    0xfd, 0xd4, 0x0, 0x48, 0xe, 0x4, 0x40, 0x9,
    0xc, 0x11, 0x2, 0x0, 0x16, 0xb0, 0x0,

    /* U+006B "k" */
    0x6f, 0xe4, 0x0, 0xff, 0xe0, 0xd0, 0xf, 0x0,
    0x7f, 0xff, 0xc0, 0x3f, 0xff, 0x9, 0xbf, 0xc2,
    0x1, 0xff, 0x25, 0x90, 0x20, 0x80, 0x7f, 0x8a,
    0x80, 0x7, 0x40, 0x1f, 0xf7, 0x88, 0xe, 0x80,
    0x7f, 0xd4, 0x40, 0xd, 0x10, 0xf, 0xf3, 0xa8,
    0x2, 0x4c, 0x3, 0xfc, 0x90, 0x0, 0x76, 0x0,
    0xff, 0x15, 0x80, 0x12, 0x0, 0x3f, 0xc3, 0xe0,
    0x11, 0x80, 0x7f, 0xd4, 0x40, 0x13, 0x90, 0x7,
    0xf2, 0xa0, 0x0, 0x80, 0x1c, 0x1, 0xff, 0xc0,
    0x9e, 0x0, 0x1b, 0x0, 0x7f, 0x9d, 0x8d, 0x80,
    0x12, 0x20, 0x1f, 0x96, 0x0, 0x10, 0x20, 0xb,
    0x0, 0xf8, 0xa8, 0x2, 0x18, 0x0, 0x2a, 0x0,
    0x79, 0xc0, 0x39, 0x8c, 0x1, 0x40, 0x1f, 0xfc,
    0x1f, 0x0, 0xc, 0x0, 0x7f, 0xf0, 0xd, 0x40,
    0xe, 0x60, 0x1f, 0xfc, 0xb, 0x0, 0xbc, 0x28,
    0x7, 0x80, 0x3e, 0x1b, 0x20, 0x21,

    /* U+006C "l" */
    0x6f, 0xe5, 0x0, 0x50, 0xf, 0x80, 0x70, 0x80,
    0x7f, 0xff, 0xc0, 0x3f, 0xfe, 0x4e, 0x0, 0x60,
    0x1, 0xf2, 0xe0, 0x4, 0x3a, 0xc6, 0x0, 0x1d,

    /* U+006D "m" */
    0x7f, 0xb0, 0x8, 0xe7, 0x7f, 0xad, 0x0, 0x38,
    0xeb, 0xbf, 0xa8, 0xc0, 0x2b, 0x4, 0x30, 0x9c,
    0x62, 0x1, 0x4b, 0x80, 0xa, 0x71, 0x44, 0x5,
    0x71, 0x80, 0x39, 0x71, 0x80, 0x3e, 0x75, 0x1d,
    0x60, 0xf, 0xa4, 0xc0, 0x34, 0x98, 0x2d, 0xf6,
    0x28, 0x5, 0x18, 0x40, 0xd9, 0xd6, 0x60, 0x14,
    0x0, 0x7a, 0xa8, 0x82, 0x74, 0x80, 0x2, 0x20,
    0xe4, 0x98, 0xa6, 0x10, 0x1, 0x0, 0x3b, 0x14,
    0x3, 0xbc, 0x2, 0x2c, 0x30, 0xe, 0xa0, 0x8,
    0xc0, 0x24, 0x30, 0xf, 0x28, 0x4, 0xa4, 0x1,
    0xe4, 0x0, 0x9c, 0x3, 0xfe, 0x10, 0xf, 0xf8,
    0x40, 0x21, 0x0, 0xff, 0xe5, 0x98, 0x4, 0x60,
    0x1f, 0xff, 0xf0, 0xf, 0xff, 0xf8, 0x7, 0xff,
    0xfc, 0x3, 0xff, 0xa4, 0x20, 0x1f, 0xfc, 0xb3,
    0xa0, 0x1f, 0x0, 0xfc, 0xc0, 0x36, 0x1, 0xf0,
    0xa0, 0x12, 0x0,

    /* U+006E "n" */
    0x7f, 0xb0, 0x8, 0x5f, 0x3f, 0xdb, 0x2, 0x1,
    0x58, 0x21, 0x83, 0xf4, 0x18, 0x0, 0x9f, 0xc8,
    0x3, 0x9a, 0xe0, 0x3, 0xe1, 0xf0, 0xe, 0xa4,
    0x4, 0xbd, 0xea, 0x10, 0x1, 0x28, 0x7, 0xa6,
    0xd0, 0x85, 0x70, 0x2, 0xe0, 0xe, 0xc6, 0x0,
    0xe2, 0x30, 0x2, 0x80, 0x64, 0x30, 0xf, 0x94,
    0x0, 0x20, 0x1f, 0xfc, 0x1e, 0x0, 0xff, 0xe4,
    0x8, 0x7, 0xff, 0xfc, 0x3, 0xff, 0xfe, 0x1,
    0xe1, 0x0, 0xff, 0xe0, 0xd, 0x0, 0xf8, 0x7,
    0xe5, 0x20, 0x50,

    /* U+006F "o" */
    0x0, 0xf2, 0xd6, 0xff, 0xb6, 0x50, 0x3, 0xfc,
    0x7b, 0x4a, 0x40, 0x2, 0x6b, 0xb1, 0x0, 0x7c,
    0xb8, 0x40, 0x1f, 0x93, 0xc, 0x3, 0x8e, 0x80,
    0x27, 0xdf, 0xf6, 0xb0, 0x0, 0x74, 0x40, 0x36,
    0x80, 0x57, 0x4, 0x0, 0x29, 0x90, 0x0, 0x68,
    0x2, 0x61, 0x0, 0x3a, 0x0, 0x79, 0x94, 0x0,
    0x86, 0x0, 0xa0, 0xa, 0x0, 0x3f, 0x40, 0x5,
    0x40, 0x3, 0x0, 0x28, 0x7, 0xf1, 0x10, 0x0,
    0x80, 0x40, 0x16, 0x80, 0x7f, 0x9c, 0x0, 0x40,
    0x20, 0x10, 0x80, 0x7f, 0x88, 0x3, 0xff, 0x98,
    0x20, 0x10, 0x80, 0x7f, 0x84, 0x3, 0x10, 0x5,
    0xa0, 0x1f, 0xe5, 0x0, 0x10, 0x0, 0xc0, 0xa,
    0x1, 0xfc, 0x46, 0x0, 0x40, 0x5, 0x0, 0x4e,
    0x1, 0xfa, 0x0, 0x2a, 0x0, 0x30, 0x80, 0x21,
    0x0, 0x3c, 0xca, 0x0, 0x43, 0x0, 0xa8, 0x2,
    0xb8, 0x20, 0x1, 0x4c, 0x80, 0x3, 0x20, 0x19,
    0x28, 0x2, 0x7d, 0xff, 0x6b, 0x0, 0x7, 0x48,
    0x3, 0x97, 0x8, 0x3, 0xf1, 0xe1, 0x80, 0x7c,
    0x7b, 0x4a, 0x40, 0x2, 0x6b, 0xc2, 0x0, 0xc0,

    /* U+0070 "p" */
    0x7f, 0xb0, 0x9, 0x6b, 0xbf, 0xb1, 0xc4, 0x3,
    0x58, 0x21, 0xa6, 0xd2, 0x88, 0x9, 0xc7, 0xa0,
    0x7, 0xbe, 0xc8, 0x3, 0xe1, 0xb4, 0x0, 0xe3,
    0x0, 0x3e, 0xff, 0xb1, 0x40, 0x2a, 0x10, 0xe,
    0x3d, 0x82, 0x0, 0x1d, 0x38, 0x0, 0x64, 0x3,
    0x1e, 0x10, 0x7, 0xa0, 0x40, 0xc, 0x1, 0x9c,
    0x3, 0xf9, 0x80, 0x2, 0x40, 0x1f, 0xfc, 0x1d,
    0x0, 0x9c, 0x3, 0xff, 0x82, 0xc0, 0x11, 0x0,
    0x7f, 0xf0, 0x44, 0x2, 0xf0, 0xf, 0xfe, 0x2f,
    0x80, 0x7f, 0xf0, 0x58, 0x2, 0x10, 0xf, 0xfe,
    0x9, 0x80, 0x44, 0x1, 0xff, 0xc1, 0xb0, 0x9,
    0x0, 0x3f, 0xf8, 0x8, 0x60, 0x5, 0x0, 0xca,
    0x80, 0x1e, 0x2a, 0x0, 0xa0, 0x3, 0xd, 0xd2,
    0x0, 0x5, 0xb0, 0x40, 0xe, 0x40, 0x1e, 0x5b,
    0xff, 0x74, 0x88, 0x1, 0x60, 0x3, 0x96, 0x0,
    0x3f, 0x3d, 0x0, 0x78, 0xdf, 0x9c, 0x80, 0x4,
    0xfb, 0x0, 0x1f, 0x18, 0xc, 0x6f, 0xfb, 0x60,
    0x80, 0x3f, 0xff, 0xe0, 0x1f, 0xfd, 0xab, 0x1,
    0xf0, 0xf, 0xfe, 0x10,

    /* U+0071 "q" */
    0x0, 0xf3, 0xe7, 0x7e, 0xd2, 0x0, 0x1f, 0xf0,
    0x3, 0x93, 0xa0, 0xc4, 0x9, 0x6f, 0x4e, 0x0,
    0xc4, 0x2, 0x5b, 0x10, 0xf, 0x8b, 0x0, 0x3c,
    0x74, 0x1, 0x2e, 0x7f, 0xb1, 0x80, 0x3f, 0x70,
    0x5, 0x34, 0x60, 0x3, 0x9d, 0x30, 0xe, 0x52,
    0x0, 0x33, 0x0, 0x3c, 0x54, 0x1, 0xdc, 0x1,
    0x40, 0x7, 0xff, 0x9, 0x40, 0x6, 0x20, 0x1f,
    0xfc, 0x11, 0x10, 0x1, 0x0, 0x3f, 0xf8, 0x46,
    0x1, 0x78, 0x7, 0xff, 0x54, 0xc0, 0x2f, 0x0,
    0xff, 0xe1, 0x8, 0x4, 0x40, 0x1f, 0xfc, 0x33,
    0x0, 0x20, 0x7, 0xff, 0xd, 0x0, 0x2, 0xa0,
    0x1f, 0x84, 0x3, 0xa8, 0x2, 0xb2, 0x0, 0xf3,
    0xc0, 0x7, 0x13, 0x0, 0x7, 0x18, 0x40, 0x57,
    0x20, 0x3, 0xe9, 0x30, 0x0, 0xcf, 0x7f, 0x51,
    0x82, 0x0, 0x7d, 0x8a, 0x1, 0xf2, 0xec, 0x0,
    0x7e, 0xab, 0x62, 0x1, 0x6d, 0xa2, 0x70, 0xf,
    0xe4, 0x9d, 0xfe, 0x92, 0x0, 0xff, 0xee, 0x8,
    0x7, 0xff, 0xfc, 0xc0, 0x3f, 0xf8, 0xc8, 0x40,
    0x82,

    /* U+0072 "r" */
    0x7f, 0xb0, 0x9, 0x73, 0xfa, 0x2c, 0x10, 0x82,
    0x68, 0xc0, 0x54, 0x2, 0x69, 0x60, 0xc, 0x80,
    0x17, 0xb0, 0xb, 0xcd, 0x48, 0x4, 0x80, 0x9f,
    0xc, 0xa0, 0x1c, 0x76, 0x20, 0x1f, 0xbc, 0x3,
    0xf8, 0xcc, 0x1, 0xfc, 0xe0, 0x1f, 0xff, 0xf0,
    0xf, 0xfe, 0xb0, 0x80, 0x7d, 0x40, 0x3e, 0x1,
    0xf0,

    /* U+0073 "s" */
    0x0, 0xcb, 0x5d, 0xfe, 0xeb, 0x50, 0xe, 0x2c,
    0xa5, 0x10, 0x0, 0xa5, 0x69, 0x0, 0x5e, 0x60,
    0x11, 0x90, 0x4, 0x56, 0x0, 0x82, 0x0, 0x47,
    0xe6, 0xfd, 0x10, 0xd0, 0x1, 0x40, 0x8, 0xe0,
    0x19, 0x77, 0x8c, 0x0, 0x60, 0x3, 0x0, 0xff,
    0x88, 0x0, 0xa0, 0x1f, 0xf5, 0x0, 0xb, 0x50,
    0x3, 0xf9, 0x98, 0x0, 0x2b, 0xd7, 0x20, 0xf,
    0xa6, 0x42, 0x0, 0x28, 0xdc, 0x40, 0xf, 0x37,
    0x49, 0x0, 0x47, 0x74, 0x1, 0xf3, 0x6e, 0x30,
    0x4, 0xb6, 0x1, 0xf8, 0xe7, 0x8c, 0x0, 0x88,
    0x0, 0xfe, 0x1c, 0x10, 0x6, 0x80, 0x7f, 0xc4,
    0x1, 0x95, 0x0, 0x3f, 0x18, 0x3, 0x96, 0xae,
    0xc6, 0x1, 0x8a, 0xc0, 0x25, 0x30, 0x2, 0x67,
    0xe6, 0x37, 0x48, 0x0, 0x72, 0x69, 0x0, 0xc6,
    0x62, 0x0, 0x9e, 0x0, 0xd, 0xf2, 0xa4, 0x1,
    0x1b, 0xec, 0x0, 0x0,

    /* U+0074 "t" */
    0x0, 0xc2, 0xea, 0x1, 0xfe, 0xb8, 0xa3, 0x0,
    0xfe, 0x60, 0x3, 0x80, 0x7f, 0x10, 0x7, 0xff,
    0x0, 0x40, 0x3f, 0xe2, 0x0, 0xff, 0x67, 0xe8,
    0x5, 0x7f, 0xf9, 0x44, 0xc0, 0x3f, 0xda, 0x2e,
    0xa6, 0x1, 0x1a, 0x24, 0xb4, 0x11, 0x5e, 0x1,
    0x45, 0xdd, 0x44, 0x1, 0xff, 0xff, 0x0, 0xff,
    0xf7, 0x8, 0x4, 0x20, 0x1f, 0x88, 0x2, 0xc0,
    0xf, 0xe3, 0x0, 0x32, 0x0, 0x7e, 0x90, 0xa,
    0xfb, 0x9f, 0x20, 0x19, 0x58, 0x2, 0x11, 0x2,
    0x0, 0x74, 0xd2, 0x8, 0x1b, 0x70,

    /* U+0075 "u" */
    0xa, 0xfd, 0x20, 0xf, 0xcf, 0xfc, 0xa0, 0xa0,
    0x48, 0x1, 0xfa, 0xc0, 0x7c, 0x3, 0x8, 0x7,
    0xe1, 0x0, 0xff, 0xff, 0x80, 0x7f, 0xff, 0xc0,
    0x3f, 0xf9, 0xfe, 0x1, 0xff, 0xc1, 0x10, 0x1,
    0x80, 0x7c, 0xe4, 0x1, 0x90, 0x0, 0x84, 0x1,
    0xcf, 0x0, 0x1d, 0xe0, 0x16, 0x28, 0x92, 0xdc,
    0x0, 0x79, 0x48, 0x0, 0x35, 0xdb, 0x48, 0x9,
    0x0, 0x1d, 0xc2, 0x1, 0xf4, 0x59, 0x80, 0x71,
    0xfb, 0x90, 0x0, 0x9f, 0x5c, 0x10, 0x83, 0xc0,

    /* U+0076 "v" */
    0x2e, 0xfb, 0x0, 0xff, 0xd, 0xfe, 0x80, 0x4,
    0x11, 0xc0, 0x3f, 0xa5, 0x0, 0xc0, 0x8c, 0x1,
    0x60, 0x1f, 0xca, 0x0, 0x70, 0x5, 0x0, 0xc,
    0x40, 0x3e, 0x22, 0x0, 0x28, 0x0, 0xe0, 0x13,
    0x80, 0x7d, 0x40, 0x2, 0x30, 0x0, 0xa0, 0x3,
    0x40, 0x3e, 0x50, 0x2, 0x80, 0x6e, 0x0, 0x20,
    0x80, 0x71, 0x10, 0x1, 0x40, 0x19, 0x40, 0x27,
    0x0, 0xea, 0x0, 0x11, 0x0, 0x39, 0x40, 0x1a,
    0x1, 0xca, 0x0, 0xa0, 0xf, 0x70, 0x1, 0x0,
    0x31, 0x10, 0x0, 0xc0, 0x1e, 0x41, 0x0, 0x28,
    0x5, 0x40, 0x3, 0x10, 0xf, 0x9c, 0x1, 0xe0,
    0x12, 0x80, 0x28, 0x3, 0xf5, 0x0, 0x14, 0x0,
    0x44, 0x0, 0x38, 0x7, 0xe3, 0x20, 0x2, 0x85,
    0x0, 0x10, 0x40, 0x3f, 0xa8, 0x1, 0xe0, 0xa0,
    0xe, 0x0, 0xff, 0x28, 0x1, 0x4c, 0x80, 0xa,
    0x1, 0xfe, 0x23, 0x0, 0x78, 0x1, 0x40, 0x3f,
    0xf8, 0x14, 0x0, 0x30, 0x7, 0x0, 0x7f, 0xf0,
    0x1c, 0x3, 0xa, 0x0, 0x7f, 0xf0, 0x6, 0x40,
    0x3, 0x60, 0x1f, 0x0,

    /* U+0077 "w" */
    0xaf, 0xd3, 0x0, 0xf8, 0x77, 0xf4, 0x80, 0x3e,
    0x3d, 0xf8, 0x60, 0x28, 0x0, 0xfa, 0x48, 0xa,
    0xc0, 0x3e, 0x92, 0x2, 0x40, 0x2, 0x0, 0x7c,
    0x80, 0x12, 0x0, 0x7c, 0x80, 0xf, 0xb0, 0x8,
    0xc0, 0x38, 0x4c, 0x2, 0x21, 0x0, 0xe2, 0x10,
    0x2, 0x18, 0x4, 0x80, 0x1c, 0x80, 0x4, 0x0,
    0x38, 0x7, 0x20, 0x0, 0x84, 0x14, 0x1, 0x60,
    0x1d, 0x80, 0xf, 0x0, 0x60, 0x7, 0x60, 0x1,
    0x0, 0x18, 0x0, 0x30, 0xe, 0x40, 0x44, 0x0,
    0x10, 0x3, 0x90, 0x1, 0xa0, 0x4, 0x0, 0x90,
    0x2, 0x12, 0xc, 0x4, 0x1, 0x20, 0x8, 0x84,
    0x0, 0x80, 0x2, 0x20, 0x3, 0x0, 0x24, 0x0,
    0x20, 0x60, 0x1, 0x0, 0x24, 0x0, 0x18, 0x6,
    0x40, 0x2, 0x0, 0x58, 0x0, 0x30, 0x50, 0x6,
    0x0, 0x58, 0x0, 0xb0, 0xd, 0xa0, 0x3, 0x0,
    0x90, 0x10, 0x0, 0x42, 0x8, 0x1, 0x20, 0x1,
    0x0, 0x32, 0x0, 0x48, 0x2, 0x41, 0x80, 0x12,
    0x0, 0x98, 0x10, 0x80, 0xc, 0x3, 0x90, 0x1,
    0x80, 0x80, 0x4, 0x0, 0xb0, 0x0, 0x80, 0x80,
    0x4, 0x0, 0xf6, 0x0, 0x10, 0x30, 0x0, 0x60,
    0x13, 0x80, 0x30, 0x30, 0x1, 0xa0, 0x1e, 0x40,
    0x1, 0x82, 0x2, 0x0, 0x61, 0x20, 0x40, 0x40,
    0x2, 0x0, 0x78, 0xc4, 0x0, 0xc4, 0x18, 0x1,
    0xc8, 0x0, 0x61, 0x1, 0x20, 0xf, 0x90, 0x1,
    0x0, 0x4, 0x0, 0xec, 0x0, 0x40, 0x1, 0x0,
    0x3f, 0x78, 0x0, 0x40, 0x6, 0x1, 0xc8, 0x0,
    0x10, 0x7, 0x80, 0x7e, 0x40, 0xc, 0x80, 0x1e,
    0x13, 0x0, 0xc8, 0x1, 0xf8, 0x60, 0x0, 0x50,
    0x1, 0xf4, 0x8, 0x1, 0xc4, 0x3, 0x0,

    /* U+0078 "x" */
    0x6, 0xfe, 0x90, 0xf, 0xd3, 0xde, 0xa0, 0x5,
    0x1, 0x68, 0x0, 0xf3, 0x30, 0x41, 0x80, 0x6,
    0xc0, 0x7, 0x20, 0xc, 0x30, 0x0, 0x63, 0x0,
    0xa0, 0x40, 0x12, 0x1, 0xa0, 0x40, 0x60, 0x3,
    0xd, 0x80, 0x11, 0x40, 0x4, 0xc0, 0x8, 0x10,
    0xe, 0x54, 0x0, 0x58, 0x2, 0x40, 0x6, 0xc0,
    0x1f, 0x48, 0x0, 0x61, 0x10, 0x0, 0xe0, 0xf,
    0xc5, 0x0, 0x7, 0x90, 0x3, 0x90, 0x7, 0xf3,
    0x98, 0x0, 0x80, 0x60, 0x3, 0xfe, 0x80, 0xd,
    0x60, 0x1f, 0xfc, 0xf, 0x0, 0xc4, 0x1, 0xff,
    0x2a, 0x0, 0x68, 0x20, 0xf, 0xe1, 0xb0, 0x4,
    0x88, 0x3, 0x80, 0x3f, 0xa0, 0x40, 0xda, 0xc0,
    0x6, 0xc0, 0x1f, 0x1b, 0x0, 0x3c, 0x15, 0x0,
    0x12, 0x20, 0x1e, 0xe0, 0x3, 0x18, 0x2, 0x40,
    0x2a, 0x0, 0xe7, 0x20, 0x4, 0x0, 0x45, 0x0,
    0x4, 0x50, 0x8, 0xa0, 0x1, 0x2, 0x1, 0x9c,
    0x80, 0x16, 0x20, 0x9, 0x0, 0x13, 0x80, 0x7b,
    0x80, 0x3, 0x60, 0x5, 0x3, 0xe0, 0xf, 0x8e,
    0x88, 0x1c, 0x0,

    /* U+0079 "y" */
    0x2e, 0xfb, 0x0, 0xff, 0xaf, 0xf4, 0xc, 0x41,
    0x20, 0x3, 0xf9, 0xd0, 0xc, 0x5, 0x40, 0xa,
    0x1, 0xfd, 0x60, 0x7, 0x0, 0x70, 0x0, 0x90,
    0x3, 0xe1, 0x30, 0x5, 0x0, 0x10, 0x80, 0x1c,
    0x1, 0xf3, 0x80, 0x4, 0xc0, 0x2a, 0x0, 0x28,
    0x7, 0xda, 0x0, 0x60, 0xc, 0xc0, 0x12, 0x80,
    0x79, 0x0, 0x14, 0x1, 0x85, 0x40, 0x1c, 0x1,
    0xca, 0x0, 0x22, 0x0, 0x74, 0x80, 0x10, 0x80,
    0x37, 0x80, 0x28, 0x3, 0xc6, 0x40, 0x5, 0x0,
    0xca, 0x0, 0x50, 0xf, 0xa8, 0x1, 0x40, 0x12,
    0x0, 0xc, 0x80, 0x3e, 0x60, 0x1, 0x18, 0x3,
    0x40, 0x14, 0x1, 0xf8, 0x54, 0x1, 0x40, 0x7,
    0x0, 0x38, 0x7, 0xf4, 0x80, 0x18, 0xc, 0x41,
    0x4, 0x3, 0xf8, 0xc8, 0x0, 0xb6, 0x0, 0xe0,
    0xf, 0xfa, 0xc0, 0x1c, 0xa0, 0x5, 0x0, 0xff,
    0x98, 0x0, 0x84, 0xa, 0x1, 0xff, 0xc1, 0x60,
    0xd, 0xc0, 0x1f, 0xfc, 0x1a, 0x0, 0x85, 0x0,
    0x3f, 0xf8, 0x26, 0x40, 0x7, 0x0, 0xff, 0xe1,
    0x9, 0x0, 0x34, 0x3, 0xff, 0x84, 0xe0, 0x1,
    0x40, 0xf, 0xfe, 0x15, 0x80, 0x18, 0x3, 0xff,
    0x84, 0xe4, 0x0, 0x90, 0xf, 0xfe, 0xc, 0x40,
    0x0, 0xe2, 0x1, 0xfc, 0x39, 0xde, 0xe0, 0x2,
    0x80, 0xf, 0xf3, 0x18, 0x80, 0x43, 0xe0, 0x1f,
    0xf1, 0x90, 0x0, 0x57, 0xc8, 0x3, 0xfc,

    /* U+007A "z" */
    0x6, 0xff, 0xff, 0xe0, 0x40, 0x3, 0x40, 0x3f,
    0xf8, 0x6, 0x0, 0xe2, 0x2f, 0xc0, 0x1b, 0x80,
    0xb, 0xbb, 0xf7, 0x80, 0x48, 0xa0, 0x1f, 0xe9,
    0x0, 0xa4, 0x3, 0xfc, 0xc8, 0x0, 0x92, 0x0,
    0xfe, 0x29, 0x0, 0x23, 0x0, 0x7f, 0xb8, 0x2,
    0xa0, 0xf, 0xf3, 0x98, 0x2, 0x44, 0x3, 0xf8,
    0xa0, 0x0, 0x8c, 0x1, 0xfe, 0xe0, 0xa, 0x80,
    0x3f, 0xce, 0x60, 0x9, 0x10, 0xf, 0xe2, 0x80,
    0x2, 0x30, 0x7, 0xfb, 0x80, 0x3, 0x40, 0x1f,
    0xe7, 0x30, 0x5, 0x88, 0x7, 0xf1, 0x40, 0x1,
    0x14, 0x3, 0xfd, 0xc0, 0x1, 0xa0, 0xf, 0xf3,
    0x18, 0x0, 0x7f, 0xbb, 0xed, 0xa0, 0xa0, 0xc,
    0x23, 0xf8, 0x94, 0x94, 0x3, 0xff, 0x82, 0x64,

    /* U+007B "{" */
    0x0, 0xe7, 0xcf, 0xf6, 0x0, 0x75, 0x41, 0x80,
    0x4, 0x3, 0x1a, 0x80, 0x27, 0xb4, 0x3, 0x20,
    0x1, 0x98, 0x20, 0x1d, 0xc0, 0xc, 0x0, 0xf8,
    0xc0, 0x2, 0x1, 0xf1, 0x80, 0x7f, 0x84, 0x0,
    0x20, 0x1f, 0xfc, 0x6f, 0x0, 0x18, 0x7, 0xc2,
    0x1, 0xfe, 0x30, 0x0, 0x80, 0x7f, 0xf2, 0x44,
    0x3, 0xe2, 0x0, 0x28, 0x7, 0x86, 0x40, 0x6,
    0x1, 0x96, 0xf8, 0x41, 0x80, 0x3b, 0xd0, 0x0,
    0x92, 0x1, 0xd0, 0x60, 0x4, 0x90, 0xe, 0x2c,
    0xf4, 0x6, 0x10, 0xf, 0xb4, 0x0, 0x80, 0x1f,
    0x10, 0x0, 0x80, 0x3e, 0x10, 0xf, 0xfe, 0x49,
    0x80, 0x4, 0x3, 0xe1, 0x0, 0xff, 0x78, 0x0,
    0xc0, 0x3f, 0xf8, 0xc2, 0x0, 0x10, 0xf, 0x8c,
    0x0, 0x20, 0x1f, 0x18, 0x3, 0x40, 0x3e, 0xe0,
    0x1, 0x80, 0x7c, 0x80, 0x4, 0x51, 0x0, 0xe3,
    0x50, 0x5, 0x77, 0x0, 0x3a, 0xa0, 0xc0, 0x4,
    0x0,

    /* U+007C "|" */
    0x2e, 0xc0, 0x41, 0x31, 0x0, 0x8c, 0x3, 0xff,
    0xfe, 0x1, 0xff, 0xf8, 0x34, 0x13, 0x10,

    /* U+007D "}" */
    0x9f, 0xf6, 0xc0, 0x7, 0x10, 0x0, 0x9f, 0x0,
    0x35, 0xf5, 0x88, 0x1a, 0x80, 0x61, 0x46, 0x0,
    0x78, 0x7, 0xb4, 0x0, 0xc0, 0x1e, 0x70, 0xf,
    0xfe, 0x53, 0x80, 0x7f, 0x8, 0x7, 0x84, 0x3,
    0xff, 0x80, 0x60, 0x1f, 0xc2, 0x1, 0xe7, 0x0,
    0xfe, 0x70, 0x7, 0x80, 0x78, 0x40, 0x1c, 0x1,
    0xe2, 0x10, 0x40, 0xf, 0xa0, 0xb, 0xf0, 0xc0,
    0x33, 0x30, 0x0, 0x7e, 0x1, 0x99, 0x80, 0x3,
    0xb0, 0xd, 0x60, 0xc, 0xc3, 0x80, 0x62, 0x5,
    0x30, 0xe, 0x30, 0x1, 0x0, 0x79, 0xc0, 0x3f,
    0x9c, 0x3, 0xff, 0x80, 0x20, 0x1f, 0xc6, 0x1,
    0xe1, 0x0, 0xff, 0xe0, 0x8, 0x7, 0xf3, 0x80,
    0x78, 0xc0, 0x3f, 0x8c, 0x3, 0xf9, 0x0, 0xc,
    0x1, 0x85, 0x20, 0x1, 0xe0, 0x15, 0xf5, 0x88,
    0x1a, 0x80, 0x44, 0x0, 0x27, 0xc0, 0xc,

    /* U+007E "~" */
    0x0, 0x14, 0xf7, 0xeb, 0x80, 0x7f, 0xc7, 0xac,
    0x20, 0x51, 0xa8, 0x1, 0xcc, 0xc0, 0x7, 0x0,
    0xd, 0x4, 0xa, 0xe0, 0x2, 0x69, 0x91, 0x14,
    0x13, 0x97, 0xce, 0x0, 0x7e, 0xbd, 0x90, 0x22,
    0xa2, 0x58, 0x2, 0x8b, 0x10, 0x14, 0x20, 0x7,
    0x0, 0x1d, 0x80, 0x39, 0x3d, 0xc8, 0x5, 0x74,
    0xc0,

    /* U+2103 "℃" */
    0x0, 0x85, 0x61, 0xcc, 0x3, 0xff, 0xa0, 0xdd,
    0x4f, 0x19, 0x62, 0x1, 0xff, 0x13, 0x56, 0x6e,
    0xae, 0xc, 0x3, 0x96, 0x40, 0x99, 0x1, 0x30,
    0x3, 0xf8, 0xaf, 0x65, 0x4c, 0x88, 0x8f, 0x96,
    0x20, 0x15, 0x82, 0xec, 0xde, 0x1, 0x38, 0x7,
    0xcd, 0xa8, 0x1, 0xfc, 0x98, 0x20, 0x82, 0x16,
    0x1, 0x1b, 0x85, 0x80, 0x7a, 0x24, 0x3, 0x2c,
    0x54, 0xb9, 0x0, 0x9, 0x80, 0x80, 0x84, 0x3,
    0x68, 0x10, 0x7, 0x2b, 0x80, 0x4d, 0xd4, 0xea,
    0xd1, 0xb0, 0x2, 0xc0, 0x60, 0x40, 0x1c, 0x60,
    0x60, 0x18, 0xa8, 0x2, 0x89, 0x10, 0xf, 0x3e,
    0xf8, 0x83, 0x80, 0x14, 0x3, 0x50, 0x38, 0x6,
    0xb0, 0x9, 0x9c, 0x3, 0xf8, 0x84, 0x0, 0x4a,
    0x14, 0xc4, 0x76, 0x61, 0x20, 0x10, 0xb0, 0x0,
    0x64, 0x3, 0xff, 0x87, 0x64, 0x13, 0xb8, 0x81,
    0x26, 0x1, 0x38, 0x4, 0xc0, 0x1f, 0xfc, 0x41,
    0xd8, 0x20, 0x14, 0xc6, 0x0, 0xd8, 0x1, 0x50,
    0x7, 0xff, 0x19, 0xf7, 0xfa, 0xcc, 0x3, 0x90,
    0x0, 0x24, 0x1, 0xff, 0xd1, 0x10, 0x2, 0x80,
    0x7f, 0xf4, 0x44, 0x2, 0x10, 0xf, 0xfe, 0x89,
    0x0, 0x44, 0x1, 0xff, 0xd5, 0x10, 0xf, 0xfe,
    0x88, 0x80, 0x46, 0x1, 0xff, 0xd1, 0x30, 0x8,
    0x40, 0x3f, 0xfa, 0x22, 0x20, 0x2, 0x80, 0x7f,
    0xf4, 0x94, 0x0, 0x24, 0x1, 0xff, 0xd1, 0xc0,
    0x9, 0x40, 0x3f, 0xfa, 0x2c, 0x1, 0x48, 0x7,
    0xff, 0x44, 0x54, 0x0, 0x32, 0x1, 0xff, 0xd1,
    0x80, 0x9, 0x98, 0x1, 0xfc, 0xb8, 0x60, 0x1f,
    0xfc, 0x42, 0x90, 0xa, 0x60, 0x3, 0xe7, 0xa3,
    0xd0, 0xf, 0xfe, 0x2b, 0x30, 0x2, 0x7f, 0xa7,
    0x67, 0xae, 0x80, 0xf, 0xfe, 0x4c, 0xc0, 0x6,
    0x58, 0x98, 0x51, 0x0, 0xe, 0x0, 0x7f, 0xf1,
    0xdf, 0xc, 0x3, 0xf9, 0x7c, 0x80, 0x3f, 0xf9,
    0x7, 0x9b, 0xa, 0x64, 0x6b, 0x3b, 0x42, 0x0,

    /* U+2191 "↑" */
    0x0, 0xf9, 0x1c, 0x3, 0xff, 0x84, 0x77, 0x12,
    0x1, 0xff, 0xc1, 0xe0, 0x3, 0x28, 0x7, 0xfd,
    0x44, 0x1, 0x59, 0x0, 0x7f, 0x42, 0x80, 0x61,
    0xf1, 0x0, 0xf9, 0xdc, 0x4, 0x0, 0x20, 0x2c,
    0x10, 0xe, 0x88, 0x0, 0xf0, 0x1, 0x18, 0xb,
    0x4, 0x2, 0xa7, 0x0, 0x69, 0x0, 0x52, 0x80,
    0x5e, 0x61, 0x6a, 0x0, 0xc3, 0x0, 0xeb, 0x30,
    0x1c, 0x27, 0x1, 0xc3, 0x0, 0xfb, 0x14, 0x0,
    0x3e, 0xde, 0x60, 0x1f, 0xd5, 0x30, 0x66, 0x91,
    0x0, 0xff, 0x99, 0xc0, 0x3f, 0xff, 0xe0, 0x1f,
    0xff, 0xf0, 0xf, 0xff, 0xf8, 0x7, 0xff, 0xfc,
    0x3, 0xff, 0xaa, 0x20, 0x1f, 0xfc, 0x11, 0x30,
    0xc0, 0xf, 0x80,

    /* U+2193 "↓" */
    0x0, 0xf9, 0xa0, 0x40, 0x3f, 0xf8, 0x23, 0x2f,
    0x20, 0x1f, 0xfc, 0x41, 0x0, 0xff, 0xff, 0x80,
    0x7f, 0xff, 0xc0, 0x3f, 0xff, 0xe0, 0x1f, 0xff,
    0xf0, 0xf, 0xfe, 0x99, 0x0, 0x7f, 0xf0, 0x4,
    0x41, 0x5b, 0x20, 0x1f, 0xe4, 0xfe, 0x17, 0x6,
    0xb0, 0xf, 0xcb, 0x62, 0x5, 0xc2, 0x9, 0x80,
    0x1e, 0x5a, 0x0, 0x31, 0x9b, 0x8, 0xe, 0xc0,
    0x32, 0x50, 0x2, 0x64, 0x0, 0x2c, 0x20, 0x4b,
    0x0, 0x15, 0x0, 0x2d, 0x80, 0x30, 0xe1, 0x2,
    0x80, 0x10, 0x42, 0xd0, 0x3, 0xc3, 0x82, 0x1,
    0xd2, 0x80, 0x1f, 0x87, 0x40, 0x33, 0x30, 0x3,
    0xfc, 0x6e, 0x0, 0x29, 0x0, 0xff, 0xe0, 0x42,
    0x8f, 0x80, 0x7c,

    /* U+3001 "、" */
    0x0, 0xff, 0x16, 0xfb, 0x0, 0x7a, 0x48, 0x26,
    0x0, 0x3b, 0x80, 0x27, 0xa0, 0xc, 0xb6, 0x1,
    0x2d, 0x0, 0x64, 0xc1, 0x0, 0x2c, 0x80, 0x63,
    0xc1, 0x0, 0x34, 0x0, 0x62, 0xd0, 0x9, 0xd8,
    0x3, 0x1d, 0x80, 0x5a, 0x1, 0xc9, 0x40, 0xf,
    0x0, 0xf2, 0xf7, 0x10,

    /* U+4E00 "一" */
    0x2, 0x44, 0xff, 0xe9, 0x80, 0xed, 0xdf, 0xff,
    0x4d, 0xc8, 0x3, 0xff, 0xa9, 0xa6, 0xa4, 0x5f,
    0xfd, 0x23, 0x90,

    /* U+4E09 "三" */
    0x0, 0x26, 0xef, 0xff, 0x37, 0x8, 0x3, 0x71,
    0x17, 0xff, 0x34, 0xd4, 0x3, 0x60, 0x7, 0xff,
    0x39, 0x0, 0x33, 0x7f, 0xff, 0xf3, 0x8c, 0x3,
    0xff, 0xfe, 0x1, 0xff, 0xff, 0x0, 0xff, 0xff,
    0x80, 0x7f, 0xf6, 0x4b, 0xbf, 0xff, 0xf9, 0xa,
    0x1, 0xfc, 0x82, 0x1, 0xff, 0xc8, 0xf0, 0xf,
    0xe4, 0x31, 0x1f, 0xfe, 0x39, 0x70, 0x7, 0xf1,
    0x67, 0x77, 0xff, 0x1f, 0x50, 0x3, 0xff, 0xfe,
    0x1, 0xff, 0xff, 0x0, 0xff, 0xff, 0x80, 0x7f,
    0xf6, 0x17, 0x77, 0xff, 0xa3, 0x83, 0xc4, 0x5f,
    0xfd, 0x13, 0x73, 0x0, 0xff, 0xe9, 0x2c, 0x7f,
    0x77, 0xff, 0x43, 0xcc,

    /* U+4E0A "上" */
    0x0, 0xff, 0xe1, 0x25, 0xd0, 0x7, 0xff, 0x4f,
    0x91, 0x50, 0x3, 0xff, 0xa4, 0x20, 0x1, 0x0,
    0xff, 0xff, 0x80, 0x7f, 0xff, 0xc0, 0x3f, 0xff,
    0xe0, 0x1f, 0xff, 0xf0, 0xe, 0x8c, 0xcf, 0xfe,
    0x1, 0x80, 0x7f, 0xf2, 0x8, 0xcf, 0xff, 0x81,
    0x20, 0x1f, 0xfd, 0x5c, 0x0, 0xff, 0xe4, 0x57,
    0xff, 0xff, 0x1, 0x80, 0x3f, 0xff, 0xe0, 0x1f,
    0xff, 0xf0, 0xf, 0xff, 0xf8, 0x7, 0xff, 0xfc,
    0x3, 0xff, 0xfe, 0x1, 0xff, 0xfb, 0x9d, 0xdf,
    0xfe, 0x2, 0x0, 0x2f, 0x77, 0xff, 0x85, 0x40,
    0x2c, 0x45, 0xff, 0xc0, 0x0, 0x84, 0x8b, 0xff,
    0x84, 0xa4, 0x24, 0x1, 0xff, 0xd2, 0x22, 0x6,
    0xff, 0xff, 0xf4, 0xb4, 0x0,

    /* U+4E0B "下" */
    0x6b, 0xbf, 0xfe, 0x93, 0x4, 0xa2, 0x7f, 0xf4,
    0xa4, 0xc, 0x3, 0xff, 0xa4, 0x61, 0x9d, 0xbb,
    0xff, 0x50, 0x0, 0xb7, 0x7f, 0xf8, 0x3d, 0x80,
    0x1, 0x22, 0xff, 0x98, 0x2, 0x22, 0xff, 0xe0,
    0x88, 0x7, 0xff, 0xfc, 0x3, 0xff, 0xfe, 0x5d,
    0x2, 0x1, 0xff, 0xd2, 0x17, 0xe8, 0x0, 0xff,
    0xea, 0x3f, 0x30, 0x7, 0xff, 0x38, 0xb5, 0x0,
    0x3, 0x3a, 0x80, 0x1f, 0xfc, 0xd2, 0xbb, 0x10,
    0x0, 0xae, 0x88, 0x3, 0xff, 0x9a, 0x9b, 0x22,
    0x0, 0x5d, 0x70, 0xf, 0xfe, 0x73, 0x7b, 0x0,
    0x51, 0x84, 0x1, 0xff, 0xcd, 0x19, 0xb1, 0x0,
    0x1d, 0x80, 0x7f, 0xf3, 0xd3, 0x94, 0x1, 0x40,
    0x1f, 0xfd, 0x1a, 0xa6, 0x18, 0x7, 0xff, 0x49,
    0x4c, 0x3, 0xff, 0xfe, 0x1, 0xff, 0xff, 0x0,
    0xff, 0xff, 0x80, 0x7f, 0xff, 0xc0, 0x3f, 0xf8,
    0xa2, 0x1, 0xff, 0xd1, 0x33, 0x5, 0x80, 0x7f,
    0xf1, 0x0,

    /* U+4E0D "不" */
    0xa, 0xcc, 0xff, 0xe8, 0x98, 0x1a, 0x99, 0xff,
    0xf4, 0x64, 0x8, 0x40, 0x3f, 0xfa, 0x38, 0x3,
    0xdf, 0xff, 0xfc, 0x24, 0x0, 0xf, 0x7f, 0xff,
    0x98, 0x3, 0xff, 0x88, 0xa8, 0x0, 0xb1, 0x0,
    0xff, 0xe7, 0xd, 0x80, 0x15, 0x40, 0x1f, 0xfc,
    0xfa, 0x10, 0x1b, 0x0, 0xff, 0xe7, 0xba, 0x0,
    0x14, 0x40, 0x3f, 0xf9, 0xcb, 0x0, 0x1f, 0xfd,
    0x23, 0xa0, 0xf, 0x35, 0x20, 0x7, 0xff, 0x24,
    0xf0, 0x3, 0xc7, 0x2b, 0x74, 0x20, 0x1f, 0xfc,
    0x63, 0xc0, 0x1, 0x40, 0x4, 0x6c, 0x0, 0x5f,
    0x50, 0xf, 0xfe, 0x22, 0xe0, 0x0, 0x7c, 0x80,
    0x34, 0xd8, 0x80, 0xd5, 0x0, 0x3f, 0xf8, 0x4d,
    0x40, 0x1, 0xc2, 0x0, 0xf2, 0x79, 0x80, 0x17,
    0x4c, 0x3, 0xfe, 0x99, 0x0, 0xb, 0x8, 0x3,
    0xf0, 0xe3, 0x80, 0xb, 0x18, 0x3, 0xf1, 0x63,
    0x0, 0xf, 0x8, 0x3, 0xfe, 0x8a, 0x0, 0xa6,
    0x40, 0x1e, 0x7d, 0x30, 0x2, 0x60, 0x80, 0x7f,
    0xf0, 0x57, 0x48, 0x0, 0xd6, 0x1, 0x26, 0xc0,
    0x5, 0x16, 0x1, 0xff, 0xc4, 0x2c, 0x30, 0x2,
    0x58, 0x3d, 0x90, 0x0, 0xb1, 0xc0, 0x3f, 0xf8,
    0xc3, 0x88, 0x0, 0x43, 0x0, 0xcf, 0xa6, 0x1,
    0xff, 0xc9, 0xb5, 0x7, 0x37, 0x86, 0xd8, 0x0,
    0xff, 0xe6, 0x56, 0xc0, 0x1, 0xe4, 0x80, 0x3f,
    0xf9, 0xc4, 0x1, 0xff, 0xff, 0x0, 0xff, 0xff,
    0x80, 0x7f, 0xff, 0xc0, 0x3f, 0xfd, 0x68, 0x41,
    0xa0, 0x1f, 0xfc, 0x30,

    /* U+4E2A "个" */
    0x0, 0xff, 0xe2, 0x25, 0x20, 0x7, 0xff, 0x48,
    0xad, 0x6c, 0x3, 0xff, 0xa5, 0x20, 0x4, 0x0,
    0xff, 0xe8, 0xc2, 0x0, 0x10, 0xc0, 0x3f, 0xf9,
    0xec, 0xe0, 0x1b, 0xc, 0x3, 0xff, 0x9a, 0xd2,
    0x0, 0xa4, 0x0, 0x69, 0x0, 0x7f, 0xf2, 0xda,
    0x40, 0x10, 0xb6, 0x60, 0x38, 0x60, 0x1f, 0xfc,
    0x98, 0x90, 0x3, 0x38, 0x3, 0x48, 0x7, 0x10,
    0x3, 0xff, 0x8f, 0x4e, 0x0, 0x59, 0x0, 0x87,
    0x8, 0x1, 0x6c, 0x1, 0xff, 0xc4, 0x2d, 0x50,
    0x3, 0xd0, 0x7, 0xe, 0x18, 0x2, 0x68, 0x40,
    0x3f, 0xf8, 0x2d, 0xa4, 0x0, 0x88, 0x0, 0x5,
    0xd0, 0x0, 0x38, 0x80, 0x5, 0xf4, 0x0, 0xff,
    0x15, 0xc8, 0x5, 0x4e, 0x1, 0x5c, 0x59, 0x0,
    0x56, 0xc0, 0x1, 0xb9, 0x10, 0xf, 0xc, 0x6a,
    0x0, 0xb, 0x14, 0x3, 0x8, 0x0, 0x40, 0x34,
    0xd0, 0x80, 0x1b, 0xdc, 0x3, 0x47, 0x38, 0x4,
    0xba, 0x60, 0x1f, 0xfc, 0x25, 0xf3, 0x0, 0xc,
    0x6a, 0x82, 0xb8, 0x4, 0x35, 0x40, 0xf, 0xfe,
    0x28, 0xe4, 0x88, 0x0, 0xa8, 0x14, 0xc0, 0xf,
    0xca, 0x1, 0xff, 0xc8, 0x6f, 0x60, 0x3, 0x80,
    0x32, 0xfa, 0x0, 0x3f, 0xf9, 0x63, 0x3b, 0x90,
    0x1, 0x20, 0x80, 0x7f, 0xf3, 0x88, 0xc0, 0x3f,
    0xff, 0xe0, 0x1f, 0xff, 0xf0, 0xf, 0xff, 0xf8,
    0x7, 0xff, 0xfc, 0x3, 0xff, 0xfe, 0x1, 0xff,
    0xff, 0x0, 0xff, 0xef, 0xe8, 0x11, 0x80, 0x7f,
    0xf0, 0xc0,

    /* U+4E2D "中" */
    0x0, 0xff, 0xef, 0xd7, 0xe8, 0x7, 0xff, 0x3d,
    0x0, 0x84, 0x3, 0xff, 0xfe, 0x1, 0xff, 0xee,
    0x3b, 0xcc, 0xff, 0x84, 0x1, 0x99, 0xff, 0xc0,
    0x70, 0x94, 0x33, 0xff, 0x80, 0x22, 0x33, 0xff,
    0xa0, 0x4, 0x3, 0xff, 0xa0, 0x20, 0x16, 0x7f,
    0xff, 0x8, 0x3, 0xbf, 0xff, 0x70, 0x80, 0x78,
    0x80, 0x3f, 0xf9, 0x22, 0x1, 0xff, 0xff, 0x0,
    0xff, 0xff, 0x80, 0x7f, 0xf6, 0x4c, 0x3, 0xff,
    0xa3, 0x9b, 0xbf, 0xc2, 0x0, 0xcd, 0xdf, 0xe1,
    0x0, 0xf0, 0x91, 0x7f, 0x0, 0x44, 0x5f, 0xe0,
    0x8, 0x78, 0x3, 0xff, 0x9e, 0x80, 0xbf, 0xff,
    0xfc, 0x1, 0x0, 0x77, 0xff, 0xfd, 0x60, 0x1f,
    0xff, 0xf0, 0xf, 0xff, 0xf8, 0x7, 0xff, 0xfc,
    0x3, 0xff, 0xfe, 0x1, 0xff, 0xc2, 0x70, 0x41,
    0x0, 0xff, 0xe0, 0x80,

    /* U+4E3B "主" */
    0x0, 0xff, 0xe0, 0x1c, 0xa8, 0x7, 0xff, 0x4b,
    0x1a, 0xa8, 0x1, 0xff, 0xd1, 0x80, 0x2, 0xe9,
    0x0, 0x7f, 0xf3, 0xde, 0x80, 0x5, 0x86, 0x1,
    0xff, 0xcf, 0x5d, 0x10, 0x1c, 0x20, 0xf, 0xfe,
    0x79, 0x60, 0x80, 0x24, 0x3, 0xff, 0xa0, 0x5a,
    0x21, 0xa0, 0x1f, 0xfc, 0x21, 0xef, 0xff, 0xfe,
    0xe, 0x8, 0x4f, 0xff, 0xf7, 0x8, 0x4, 0x42,
    0x1, 0xff, 0xce, 0x15, 0x0, 0x8d, 0x4c, 0xff,
    0xe1, 0x0, 0x9, 0x9f, 0xfc, 0xa8, 0x1, 0xab,
    0x33, 0xfe, 0x60, 0x3, 0x66, 0x7f, 0xd4, 0x1,
    0xff, 0xff, 0x0, 0xff, 0xff, 0x80, 0x7f, 0xfa,
    0x8a, 0xae, 0xff, 0x94, 0x0, 0xb7, 0x7f, 0xd4,
    0x80, 0x1f, 0x5a, 0xa2, 0x7f, 0x10, 0x0, 0x91,
    0x3f, 0x96, 0x0, 0x3e, 0xf0, 0xf, 0xfe, 0x62,
    0x80, 0x7c, 0xdf, 0xff, 0xe7, 0x0, 0x3f, 0xff,
    0xfa, 0x40, 0x3f, 0xff, 0xe0, 0x1f, 0xff, 0xf0,
    0xf, 0xff, 0xf8, 0x7, 0xff, 0x7e, 0xbf, 0xff,
    0xf8, 0x2e, 0x0, 0x7f, 0xff, 0xfe, 0xe, 0x2,
    0x0, 0x7f, 0xf4, 0x8c, 0x64, 0xc8, 0xbf, 0xfa,
    0x6, 0xc2,

    /* U+4E49 "义" */
    0x0, 0xff, 0xe1, 0x14, 0x10, 0x7, 0xff, 0x4e,
    0x5f, 0x0, 0x3f, 0xfa, 0x66, 0x2, 0xe0, 0x1f,
    0xfd, 0x29, 0x0, 0x48, 0x7, 0xf4, 0x5a, 0x0,
    0x7f, 0x11, 0x0, 0x3e, 0x16, 0x1, 0x60, 0xf,
    0x89, 0xd2, 0x80, 0x3f, 0x26, 0xe8, 0xc0, 0x3e,
    0xb0, 0x5, 0x80, 0x7d, 0x40, 0x4, 0x0, 0xfc,
    0xe0, 0x8, 0x0, 0xf8, 0x90, 0x8, 0xc0, 0x3c,
    0xc0, 0x9, 0x0, 0xfc, 0x64, 0x8, 0x40, 0x1f,
    0x68, 0x2, 0x80, 0x39, 0x44, 0x8, 0xc0, 0x3f,
    0xac, 0x1, 0x60, 0x1f, 0x38, 0x0, 0xc0, 0x3b,
    0x80, 0x16, 0x1, 0xfe, 0x61, 0x6, 0x10, 0xf,
    0xd, 0x4d, 0x0, 0x62, 0x40, 0x3, 0x80, 0x7f,
    0xcc, 0x0, 0x80, 0xf, 0x95, 0x80, 0x3a, 0x0,
    0xc, 0x20, 0x1f, 0xf4, 0x88, 0x31, 0x0, 0x7f,
    0xf0, 0x9, 0x40, 0x10, 0x1, 0xff, 0xc0, 0x18,
    0x0, 0x48, 0x7, 0xff, 0x2, 0x40, 0xe, 0x20,
    0x1f, 0xfc, 0x16, 0x20, 0x45, 0x0, 0xff, 0x22,
    0x0, 0x60, 0x3, 0xff, 0x87, 0x20, 0xb, 0x10,
    0xf, 0xea, 0x0, 0x40, 0x7, 0xff, 0x11, 0x14,
    0x7, 0x40, 0x3f, 0x48, 0x81, 0xb0, 0x7, 0xff,
    0x16, 0xc4, 0xd, 0xc0, 0x3c, 0x8c, 0x0, 0xe0,
    0xf, 0xfe, 0x30, 0xd0, 0x2, 0x10, 0x3, 0x15,
    0x0, 0x24, 0x80, 0x3f, 0xf8, 0xe8, 0xe0, 0xb,
    0x30, 0x0, 0xf8, 0x82, 0x30, 0x7, 0xff, 0x26,
    0x10, 0x1, 0xa4, 0x1a, 0x40, 0x54, 0x1, 0xff,
    0xcb, 0xa2, 0x1, 0xcb, 0x30, 0x1f, 0x10, 0xf,
    0xfe, 0x58, 0xe0, 0x80, 0xa0, 0x3, 0x48, 0x3,
    0xff, 0x9a, 0x3a, 0x1, 0xa0, 0xc0, 0x3f, 0xf9,
    0xc3, 0xe0, 0x1a, 0x10, 0x3, 0xff, 0x9a, 0x9e,
    0x60, 0x1d, 0x6e, 0x1, 0xff, 0xcb, 0x8b, 0x10,
    0x1c, 0xd1, 0x0, 0x45, 0x88, 0x7, 0xff, 0x1d,
    0x35, 0xc0, 0x7, 0xe6, 0x5e, 0x60, 0x4, 0xf6,
    0x0, 0xff, 0xe2, 0x15, 0x59, 0x0, 0x1f, 0x4,
    0x0, 0x38, 0xc0, 0x1, 0x9b, 0x30, 0xf, 0xfe,
    0x1, 0x56, 0xa8, 0x0, 0xf2, 0x0, 0x3d, 0x36,
    0x20, 0x4, 0xca, 0x20, 0xf, 0xcb, 0x7a, 0xa0,
    0x1, 0x8c, 0x30, 0xf, 0xc9, 0xea, 0x1, 0x2e,
    0xda, 0x80, 0x68, 0xfa, 0x40, 0x9, 0xfd, 0xc0,
    0x3f, 0xe1, 0xac, 0x40, 0x9, 0x2b, 0xe4, 0x9,
    0xc0, 0x21, 0x7e, 0x81, 0x0, 0xff, 0xe1, 0x1d,
    0xd9, 0x0, 0x33, 0x81, 0x38, 0x25, 0x74, 0x8,
    0x7, 0xff, 0x19, 0x2f, 0x5c, 0x89, 0xa0,

    /* U+4E86 "了" */
    0x1, 0x22, 0xc6, 0x7f, 0xc8, 0x9f, 0xca, 0xa3,
    0x0, 0x27, 0x6e, 0xec, 0xcf, 0xeb, 0xbf, 0xea,
    0xa6, 0x69, 0x90, 0x7, 0xff, 0x38, 0xa1, 0xd5,
    0x13, 0xff, 0x92, 0x20, 0x10, 0xc8, 0xd5, 0xdf,
    0xff, 0x23, 0x44, 0x0, 0x38, 0x40, 0x1f, 0xfc,
    0x97, 0x90, 0x1, 0x61, 0x0, 0x7f, 0xf2, 0x6a,
    0x0, 0x9, 0xa4, 0x1, 0xff, 0xc8, 0x3d, 0x50,
    0x3, 0xd8, 0x7, 0xff, 0x26, 0x30, 0x80, 0x6e,
    0x0, 0x3f, 0xf9, 0xd, 0xce, 0x0, 0x5f, 0x40,
    0xf, 0xfe, 0x46, 0x48, 0x80, 0xd5, 0x4, 0x3,
    0xff, 0x90, 0x86, 0x0, 0x7e, 0x50, 0xf, 0xfe,
    0x50, 0x80, 0x16, 0x0, 0x3f, 0xff, 0xe0, 0x1f,
    0xff, 0xf0, 0xf, 0xff, 0xf8, 0x7, 0xff, 0xfc,
    0x3, 0xff, 0xfe, 0x1, 0xff, 0xff, 0x0, 0x1d,
    0xe6, 0x75, 0x0, 0x8, 0x3, 0xff, 0x8c, 0xc8,
    0x67, 0xc0, 0x15, 0x80, 0x7f, 0xf1, 0x95, 0x80,
    0x30, 0x9b, 0x61, 0x80, 0x7f, 0xf0, 0x0,

    /* U+4E8C "二" */
    0x0, 0xff, 0xeb, 0xcf, 0xff, 0xff, 0x32, 0x80,
    0x3c, 0xe0, 0x1f, 0xfc, 0xc5, 0x0, 0xf2, 0x0,
    0x7f, 0xf3, 0x14, 0x3, 0xd5, 0xff, 0xff, 0xcc,
    0xa0, 0xf, 0xff, 0xf8, 0x7, 0xff, 0xfc, 0x3,
    0xff, 0xfe, 0x1, 0xff, 0xff, 0x0, 0xff, 0xff,
    0x80, 0x7f, 0xff, 0xc0, 0x3f, 0xff, 0xe0, 0x1f,
    0xfc, 0xa9, 0xff, 0xff, 0xe9, 0x4b, 0x80, 0x7f,
    0xf4, 0x99, 0x40, 0x3f, 0xfa, 0x47, 0x7b, 0xbf,
    0xfd, 0x2c,

    /* U+4E94 "五" */
    0x0, 0x1e, 0x6e, 0xff, 0xf3, 0x2c, 0x40, 0x3a,
    0x4c, 0x8b, 0xff, 0x98, 0x8e, 0x1, 0xd8, 0x1,
    0xff, 0xce, 0x50, 0xe, 0x6f, 0xff, 0xe7, 0x0,
    0x37, 0xff, 0xff, 0x4, 0xc0, 0x3f, 0xf8, 0x62,
    0x0, 0xf0, 0xf, 0xfe, 0x8a, 0x80, 0x8, 0x3,
    0xff, 0xa2, 0x40, 0x6, 0x0, 0xff, 0xe8, 0x88,
    0x0, 0x80, 0x3f, 0xfa, 0x6, 0x0, 0x20, 0xf,
    0xfe, 0x8b, 0x0, 0x18, 0x3, 0xff, 0x98, 0x23,
    0xda, 0x0, 0x21, 0x0, 0xff, 0xe4, 0xb7, 0xf7,
    0x73, 0x80, 0x1b, 0xbf, 0xff, 0xa4, 0x3, 0xfe,
    0xc0, 0xf, 0xfe, 0x43, 0x80, 0x7f, 0xdc, 0x86,
    0x7c, 0x1, 0x19, 0xfe, 0x20, 0x1, 0x80, 0x7f,
    0xc9, 0x79, 0x9b, 0x80, 0x3, 0x99, 0xfb, 0x80,
    0x2, 0x1, 0xff, 0xc5, 0x70, 0x1, 0x0, 0x7e,
    0x70, 0x3, 0x80, 0x7f, 0xf1, 0x74, 0x0, 0xa0,
    0x1f, 0x88, 0x0, 0x20, 0x1f, 0xfc, 0x52, 0x0,
    0x78, 0x7, 0xe1, 0x0, 0x10, 0x7, 0xff, 0x15,
    0xc0, 0xa, 0x1, 0xfb, 0x80, 0x1e, 0x1, 0xff,
    0xc5, 0x20, 0x1, 0x0, 0x7e, 0x30, 0x1, 0x0,
    0x7f, 0xf1, 0xc, 0x0, 0x22, 0x0, 0xfc, 0xc0,
    0x1, 0x0, 0xff, 0xe2, 0x28, 0x1, 0x0, 0x3f,
    0x84, 0x0, 0xc0, 0x1f, 0xfc, 0x4f, 0x0, 0x68,
    0x7, 0xf1, 0x0, 0x8, 0x3, 0xff, 0x88, 0x80,
    0x3, 0x0, 0xfc, 0x20, 0x1, 0x0, 0xff, 0xe2,
    0x90, 0x1, 0x40, 0x3f, 0x18, 0x0, 0xc0, 0x3f,
    0x46, 0xf7, 0x7c, 0x1, 0x7f, 0x77, 0xec, 0x0,
    0x17, 0x77, 0x6c, 0x83, 0x10, 0x8f, 0xc0, 0x10,
    0x8f, 0xf8, 0x2, 0x11, 0xe2, 0x60, 0x70, 0xf,
    0xfe, 0x92, 0x0,

    /* U+4ECA "今" */
    0x0, 0xff, 0xe2, 0x5f, 0x30, 0x7, 0xff, 0x4a,
    0x50, 0x60, 0x3, 0xff, 0xa2, 0xac, 0x0, 0x14,
    0x0, 0xff, 0xe7, 0xa5, 0x0, 0x6b, 0x40, 0xf,
    0xfe, 0x6a, 0x58, 0x1, 0x1c, 0x1, 0x68, 0x1,
    0xff, 0xcb, 0x5b, 0x0, 0x1d, 0xc3, 0x0, 0x2d,
    0x80, 0x3f, 0xf9, 0x2f, 0x40, 0x2, 0xd0, 0x4,
    0xb0, 0x2, 0x64, 0x1, 0xff, 0xc7, 0xa8, 0x0,
    0x16, 0x8, 0x5, 0x2e, 0x0, 0x6c, 0x20, 0xf,
    0xfe, 0x19, 0x6a, 0x80, 0xf, 0x4, 0x3, 0xa2,
    0x40, 0x7, 0xac, 0x1, 0xff, 0xc1, 0x7d, 0x20,
    0x2, 0xe0, 0x80, 0x7c, 0xd6, 0x20, 0x9, 0xb2,
    0x0, 0xfe, 0x3c, 0x80, 0x9, 0xe8, 0x3, 0xfc,
    0x9e, 0x60, 0x4, 0xd7, 0x0, 0xf0, 0xce, 0x18,
    0x0, 0xb2, 0x21, 0x99, 0xfe, 0xb3, 0xc6, 0x0,
    0xa3, 0x54, 0x2, 0x9e, 0x60, 0x9, 0x74, 0xc5,
    0xcc, 0xff, 0xc8, 0xa1, 0x36, 0x20, 0x2, 0xad,
    0x1, 0x60, 0x8, 0xf2, 0x80, 0x2, 0x80, 0x1f,
    0xe1, 0x40, 0x2, 0x7a, 0x80, 0x46, 0x3, 0x20,
    0x33, 0x86, 0x1, 0xaf, 0xff, 0xfd, 0xc6, 0x1,
    0xd, 0x62, 0x1e, 0x0, 0x1b, 0xf9, 0x80, 0x3f,
    0xf9, 0x87, 0x78, 0x40, 0x1f, 0xfd, 0xca, 0xcc,
    0x6e, 0xfb, 0xbb, 0xbf, 0xff, 0x74, 0x88, 0x7,
    0xe3, 0x53, 0x31, 0x17, 0x84, 0x78, 0x3, 0xf0,
    0xb3, 0x80, 0x7e, 0x31, 0x0, 0xff, 0xe5, 0x13,
    0x0, 0x7f, 0x77, 0xff, 0xff, 0x19, 0x40, 0x2e,
    0x0, 0xff, 0xe8, 0x22, 0x80, 0x20, 0xc0, 0x3f,
    0xf9, 0xe5, 0x40, 0x4, 0x70, 0xf, 0xfe, 0x87,
    0x8, 0xd, 0x0, 0x7f, 0xf4, 0x24, 0xc0, 0x14,
    0x20, 0x1f, 0xfc, 0xf5, 0x60, 0x4, 0x20, 0x7,
    0xff, 0x3c, 0xa8, 0x0, 0x8e, 0x1, 0xff, 0xcf,
    0x1f, 0x0, 0x15, 0x80, 0x7f, 0xf4, 0x28, 0x80,
    0x1e, 0x1, 0xff, 0xd0, 0x84, 0x0, 0x51, 0x0,
    0x7f, 0xf3, 0xd9, 0xc0, 0xe, 0xa0, 0x1f, 0xfc,
    0xf1, 0x90, 0x2, 0x40, 0x7, 0xff, 0x40, 0x5c,
    0x12, 0x80, 0x3f, 0xf8, 0x40,

    /* U+4FDD "保" */
    0x0, 0xfc, 0x79, 0x40, 0x1f, 0xfd, 0x38, 0x35,
    0x30, 0x69, 0x9f, 0xfe, 0x23, 0x0, 0x7f, 0x89,
    0x0, 0x4d, 0x25, 0x9b, 0xff, 0x89, 0x28, 0x1,
    0xfd, 0x0, 0x9, 0x2, 0x0, 0xff, 0xe3, 0x10,
    0x7, 0xe2, 0x50, 0x17, 0x0, 0xd1, 0xff, 0xff,
    0xc0, 0x60, 0xf, 0xfa, 0x40, 0x12, 0x1, 0xc4,
    0x1, 0xff, 0xc0, 0x10, 0xf, 0xf2, 0xa0, 0xb,
    0x80, 0x7f, 0xf4, 0x6c, 0x1, 0x0, 0x1f, 0xfd,
    0x19, 0x10, 0x16, 0x0, 0xff, 0xe8, 0x23, 0x0,
    0xc, 0x3, 0xff, 0xa0, 0x34, 0x1, 0xff, 0x4c,
    0xff, 0xf0, 0x54, 0x3, 0xea, 0x10, 0xf, 0xc6,
    0x0, 0x36, 0x6f, 0xfe, 0x1, 0x0, 0xc, 0x2,
    0x94, 0x0, 0xfe, 0x41, 0x0, 0xff, 0xe2, 0x12,
    0x0, 0x1d, 0x80, 0x12, 0x20, 0x1e, 0x1e, 0xff,
    0xf2, 0x80, 0x2f, 0xff, 0xda, 0x20, 0xc, 0x0,
    0x33, 0x0, 0x3f, 0xf8, 0x66, 0x1, 0xff, 0xc1,
    0xe0, 0x49, 0x0, 0xff, 0xe9, 0x2e, 0x58, 0x7,
    0xff, 0x50, 0xc0, 0x3f, 0x57, 0xff, 0xf3, 0x0,
    0x2f, 0xff, 0xf7, 0x10, 0x7, 0xf9, 0x40, 0x3f,
    0xf9, 0x22, 0x80, 0x1f, 0xe8, 0x44, 0xfe, 0x10,
    0x1, 0xa2, 0x7e, 0x57, 0x0, 0xff, 0x3d, 0xdf,
    0xf3, 0x80, 0x22, 0xef, 0xf5, 0x8, 0x7, 0xff,
    0xc, 0x90, 0x3, 0xf8, 0xc4, 0x3, 0xff, 0x90,
    0x5b, 0x70, 0x1, 0xf2, 0xe7, 0x20, 0x7, 0xff,
    0x1e, 0x40, 0x1a, 0x1, 0xf3, 0x80, 0x2c, 0xc0,
    0x3f, 0xf8, 0xaa, 0x80, 0x6a, 0x1, 0xf1, 0x50,
    0x3, 0x44, 0x3, 0xff, 0x86, 0x36, 0x0, 0xe0,
    0xf, 0xe5, 0x80, 0x1d, 0x0, 0xff, 0xe1, 0xd0,
    0x83, 0x90, 0x7, 0xf9, 0xd0, 0xe, 0x0, 0x3f,
    0xf8, 0x30, 0x80, 0x70, 0x1, 0xff, 0xc0, 0xa1,
    0x7, 0x30, 0xf, 0xf9, 0xdc, 0x0, 0xe0, 0xf,
    0xfe, 0x8, 0xd0, 0x2, 0x0, 0x3f, 0xeb, 0x0,
    0x59, 0x0, 0x7f, 0xf0, 0x91, 0x0, 0x1f, 0xfc,
    0x1d, 0x6a, 0x40, 0xf, 0xfe, 0x25, 0x4d, 0x0,
    0x7f, 0xc3, 0x2a, 0x1, 0xff, 0xc5, 0x16, 0x10,
    0xf, 0x38, 0x28, 0x7, 0xff, 0x3, 0x0, 0x54,
    0x3, 0xff, 0x87, 0x3f, 0x0, 0x1f, 0xfc, 0x5,
    0xfe, 0x10, 0xf, 0xf0,

    /* U+5012 "倒" */
    0x0, 0xfa, 0x64, 0x20, 0x1f, 0xfc, 0x81, 0x0,
    0xfc, 0xcd, 0x20, 0x7, 0xff, 0x1d, 0xbb, 0x40,
    0x3e, 0xa0, 0x3, 0x44, 0xcf, 0xfc, 0x80, 0x2,
    0x0, 0xbc, 0x8, 0x40, 0x38, 0x4c, 0xd, 0x5d,
    0x9b, 0xfe, 0xa0, 0x7d, 0xc0, 0xf, 0xf9, 0x80,
    0x14, 0x84, 0x22, 0x0, 0x84, 0x7c, 0xe1, 0xc0,
    0x60, 0x1f, 0xf5, 0x0, 0x18, 0xb7, 0xbc, 0x0,
    0x9d, 0xde, 0x90, 0xf, 0xfe, 0x12, 0x10, 0x30,
    0x6, 0x60, 0x4, 0x80, 0x4, 0x3, 0xff, 0x8d,
    0xe0, 0xb, 0x0, 0xd2, 0xa, 0x40, 0x3d, 0xc2,
    0x0, 0xff, 0xe1, 0x92, 0x0, 0x90, 0x4, 0xc2,
    0x10, 0x0, 0x11, 0xb8, 0x3, 0xff, 0x87, 0x20,
    0x1f, 0x40, 0x31, 0x0, 0x56, 0x6, 0xe0, 0x1f,
    0xfc, 0x14, 0x40, 0x7, 0xa4, 0x42, 0xc0, 0x91,
    0xb4, 0x1, 0x4, 0x1, 0xff, 0xc0, 0x90, 0xf,
    0x2b, 0x0, 0x33, 0xf6, 0xe5, 0xc0, 0x2b, 0x0,
    0xff, 0xa4, 0x80, 0x3d, 0xc0, 0x10, 0x80, 0x63,
    0x53, 0x6, 0x10, 0xf, 0xe5, 0x60, 0x1, 0x0,
    0x6d, 0x0, 0x1b, 0x4d, 0xf7, 0xe5, 0x70, 0x1,
    0x40, 0x3f, 0xa0, 0x1, 0x2, 0x1, 0x9b, 0x7f,
    0x25, 0xc8, 0xc0, 0x22, 0xa9, 0x40, 0xf, 0xe1,
    0x2, 0x70, 0xf, 0x10, 0x5, 0x53, 0xe0, 0x19,
    0x58, 0x3, 0xfd, 0x23, 0xe0, 0x1f, 0xf3, 0x81,
    0x80, 0x7f, 0xf1, 0x17, 0x88, 0x3, 0xff, 0xb6,
    0x6e, 0xf8, 0x80, 0x5d, 0xf3, 0x0, 0x7f, 0xf2,
    0x32, 0x23, 0x8, 0x2, 0x23, 0x4b, 0x80, 0x7f,
    0xf1, 0xcc, 0x3, 0xff, 0x80, 0x60, 0x1f, 0xfc,
    0x7c, 0xff, 0xc6, 0x3, 0xff, 0xc8, 0x1, 0xff,
    0xf7, 0xf0, 0x40, 0xf, 0xfe, 0x93, 0x7d, 0x80,
    0x7f, 0xf3, 0xd, 0xab, 0xb4, 0x3, 0xff, 0x96,
    0x22, 0x1, 0xfc, 0x95, 0x12, 0x10, 0xf, 0xfe,
    0x32, 0x3d, 0x77, 0x8, 0x3, 0xc2, 0xe2, 0x1,
    0xff, 0xc5, 0xbb, 0x42, 0x88, 0x6, 0x15, 0x9d,
    0xe8, 0x0, 0xff, 0xe3, 0x30, 0x6, 0x15, 0x9d,
    0xea, 0x62, 0x0, 0xff, 0xe4, 0x41, 0xac, 0xef,
    0x53, 0x10, 0x7, 0xc8, 0xef, 0x43, 0x80, 0x4,
    0x3, 0x38, 0x4, 0xb9, 0x4c, 0x40, 0x1f, 0xf7,
    0xc4, 0x4e, 0x20, 0xa0, 0x1d, 0x80, 0xe0, 0x1f,
    0xfc, 0x58, 0x20, 0x8, 0x9e, 0x80,

    /* U+505C "停" */
    0x0, 0xff, 0xef, 0x26, 0x38, 0x7, 0xe3, 0xff,
    0x18, 0x7, 0xff, 0x1e, 0x4e, 0x0, 0x3f, 0x38,
    0x3, 0xc0, 0x3f, 0xf8, 0xc8, 0x40, 0xa0, 0x1f,
    0x90, 0xc0, 0xd4, 0x3, 0xff, 0x8b, 0xc0, 0x9,
    0xbf, 0xff, 0xc6, 0x0, 0xaf, 0xff, 0xdc, 0xa0,
    0x1e, 0x25, 0x3, 0x32, 0x0, 0x7f, 0xf2, 0x7,
    0xc0, 0x3d, 0x60, 0x9, 0xa, 0x77, 0xff, 0xe4,
    0xc0, 0x7, 0x13, 0x1, 0xa8, 0x2c, 0x47, 0xff,
    0x24, 0x80, 0x3a, 0x0, 0x10, 0x1, 0x8b, 0x7f,
    0xff, 0xf8, 0x5c, 0x80, 0x1f, 0x22, 0x81, 0xa0,
    0x6, 0xa2, 0x0, 0xff, 0xe1, 0xf, 0x0, 0x7d,
    0x20, 0x6, 0x0, 0xfd, 0x79, 0x9f, 0xe9, 0x0,
    0x8, 0x7, 0xa0, 0x80, 0x3f, 0xc2, 0x86, 0x7f,
    0xe4, 0x0, 0xfc, 0x6e, 0x1, 0xff, 0x8, 0x7,
    0xfc, 0x20, 0x1f, 0xe, 0x80, 0x7f, 0xf0, 0x7f,
    0xff, 0xec, 0x0, 0x8, 0x6, 0xd1, 0x3, 0x0,
    0xfd, 0x80, 0x1f, 0xfc, 0x4c, 0x0, 0x88, 0xc0,
    0x1e, 0x1, 0xf9, 0x37, 0x33, 0xff, 0x85, 0xac,
    0x1, 0x10, 0x85, 0x90, 0x7, 0xf1, 0x19, 0xff,
    0xf0, 0x88, 0x3, 0xb6, 0x90, 0x3, 0xe6, 0x88,
    0xff, 0xe4, 0x30, 0x0, 0xd4, 0x3, 0xe8, 0x97,
    0x7f, 0xfe, 0x44, 0xc0, 0x7, 0xf8, 0x80, 0x2,
    0x3f, 0xfc, 0x50, 0x8, 0x80, 0x3f, 0xf8, 0x3d,
    0xdf, 0xfc, 0x5f, 0x0, 0xff, 0xe1, 0x88, 0x7,
    0xff, 0x4c, 0xc0, 0xd3, 0xbf, 0xff, 0xf8, 0x5a,
    0x42, 0x6, 0x1, 0xfe, 0x88, 0x71, 0x88, 0x7,
    0xff, 0x8, 0x9b, 0x62, 0x0, 0x1f, 0xe1, 0x73,
    0x69, 0x88, 0xe2, 0x0, 0x3c, 0x47, 0x52, 0x1b,
    0x88, 0x7, 0xff, 0x4, 0x59, 0xdf, 0x98, 0x1,
    0x4e, 0xfc, 0xa0, 0x1f, 0xff, 0xf0, 0xf, 0xff,
    0xf8, 0x7, 0xff, 0x4, 0xc0, 0x3f, 0xf9, 0xab,
    0x53, 0x2a, 0x40, 0x0, 0x80, 0x7f, 0xf1, 0x4c,
    0x3, 0xee, 0x56, 0x62, 0x80, 0xc, 0x3, 0xff,
    0x86, 0x26, 0x18, 0x1, 0xf4, 0xa1, 0x14, 0x6f,
    0xa0, 0x1f, 0xf0,

    /* U+514B "克" */
    0x0, 0xff, 0xf1, 0x9f, 0xf9, 0x0, 0x3f, 0xfa,
    0x2a, 0x0, 0x30, 0xf, 0xfe, 0xa7, 0x80, 0x7f,
    0xf1, 0x22, 0xab, 0xff, 0x82, 0x0, 0x5a, 0xaf,
    0xfe, 0x9, 0x82, 0x3a, 0xaf, 0xff, 0x0, 0xc0,
    0x4, 0xab, 0xff, 0xc1, 0x80, 0x61, 0x0, 0xff,
    0xe8, 0xe0, 0x17, 0x7f, 0xff, 0xf0, 0x24, 0x0,
    0xff, 0xff, 0xfc, 0x17, 0x0, 0xff, 0xff, 0x80,
    0x7f, 0xf4, 0x47, 0x7f, 0xff, 0x48, 0x1, 0xff,
    0xff, 0x9c, 0x3, 0xf9, 0x8, 0x3, 0xff, 0x93,
    0x40, 0x1f, 0xc6, 0x0, 0x27, 0x7f, 0xfe, 0x22,
    0x80, 0x7f, 0xf0, 0xee, 0x23, 0xff, 0x89, 0x40,
    0x1f, 0xff, 0xf0, 0xf, 0xfe, 0xd8, 0x80, 0x7f,
    0xf1, 0x4, 0x3, 0xff, 0x87, 0x1f, 0xff, 0xfc,
    0x4e, 0x0, 0xff, 0xe0, 0x10, 0x7, 0xff, 0x28,
    0x40, 0x3f, 0x91, 0xd1, 0x30, 0x4, 0x68, 0x98,
    0x80, 0x6, 0x89, 0x97, 0xc0, 0x3f, 0xd1, 0x77,
    0x80, 0x2e, 0xbb, 0xca, 0x0, 0x9b, 0xbd, 0x46,
    0x1, 0xff, 0xc2, 0x30, 0x8, 0x80, 0x3f, 0xfa,
    0x8, 0x0, 0x30, 0xf, 0xfe, 0x8d, 0x80, 0x2c,
    0x3, 0xff, 0xa0, 0x86, 0x0, 0x60, 0xf, 0xfe,
    0x2c, 0x30, 0x7, 0xe1, 0xa0, 0x2, 0x88, 0x7,
    0xff, 0x10, 0x9e, 0x54, 0x3, 0xc3, 0xa2, 0x0,
    0xb0, 0xf, 0xfe, 0x28, 0x80, 0x34, 0x3, 0x93,
    0xcc, 0x1, 0x42, 0x1, 0xff, 0xc5, 0x70, 0x7,
    0x80, 0x4b, 0x96, 0x20, 0x8, 0x50, 0xf, 0xbc,
    0x0, 0x60, 0x1f, 0x68, 0x0, 0x93, 0x3e, 0x8c,
    0x2, 0x97, 0x0, 0xfc, 0x20, 0x9, 0xfe, 0xe6,
    0xeb, 0x35, 0x80, 0x9, 0xe6, 0x1, 0x97, 0x58,
    0x3, 0xf9, 0xc0, 0x30, 0x88, 0x88, 0x64, 0x0,
    0x51, 0x81, 0x2, 0x7d, 0xa2, 0x0, 0xff, 0xe,
    0x20, 0x80, 0x7c, 0x2f, 0x40, 0x7d, 0xcd, 0x82,
    0x0, 0xff, 0xe0, 0x9d, 0xf7, 0xff, 0xdd, 0x0,
    0x0,

    /* U+5165 "入" */
    0x0, 0xfa, 0x3f, 0xff, 0xca, 0x1, 0xff, 0xca,
    0x40, 0xf, 0xf4, 0x80, 0x7f, 0xf2, 0xa8, 0x84,
    0x7e, 0x0, 0x8, 0x7, 0xff, 0x29, 0xb7, 0xbb,
    0xe0, 0x1, 0x80, 0x7f, 0xf4, 0xc8, 0x4, 0x3,
    0xff, 0xa6, 0xc0, 0x1f, 0xfd, 0x52, 0x0, 0x8,
    0x7, 0xff, 0x45, 0xd0, 0x0, 0x40, 0x1f, 0xfd,
    0x5, 0x82, 0x0, 0x28, 0x7, 0xff, 0x43, 0xc0,
    0x37, 0x0, 0x7f, 0xf4, 0x10, 0x3, 0x18, 0x7,
    0xff, 0x3c, 0x84, 0x0, 0x40, 0x80, 0x1f, 0xfc,
    0xf5, 0x0, 0x1d, 0x80, 0x10, 0x3, 0xff, 0x9d,
    0x40, 0xb, 0x40, 0x6, 0x80, 0x7f, 0xf3, 0x48,
    0x80, 0x5, 0x22, 0x3, 0x80, 0x7f, 0xf3, 0x6c,
    0x0, 0x64, 0x14, 0x2, 0xa0, 0x1f, 0xfc, 0xb1,
    0x60, 0x4, 0x80, 0x18, 0x1, 0x20, 0x1f, 0xfc,
    0xb9, 0x0, 0xa, 0x80, 0x5, 0x0, 0xd0, 0x3,
    0xff, 0x92, 0x2e, 0x0, 0x90, 0xd, 0x0, 0x9,
    0x0, 0xff, 0xe4, 0xd8, 0x0, 0x5c, 0x3, 0x19,
    0x80, 0x9c, 0x3, 0xff, 0x8e, 0x8a, 0x0, 0x90,
    0xf, 0x40, 0x2, 0x8, 0x3, 0xff, 0x8a, 0x34,
    0x0, 0x27, 0x0, 0xf2, 0x28, 0x3, 0xc0, 0x3f,
    0xf8, 0xb6, 0x20, 0x9, 0x0, 0xfd, 0x60, 0x2,
    0xb0, 0xf, 0xfe, 0x1b, 0xa8, 0x1, 0x90, 0x3,
    0xf0, 0xd0, 0x1, 0x24, 0x3, 0xff, 0x82, 0xd0,
    0x0, 0x39, 0x0, 0xff, 0x2b, 0x0, 0x1a, 0x80,
    0x3f, 0xe6, 0x90, 0x0, 0xf0, 0x7, 0xff, 0x2,
    0x50, 0x0, 0xb6, 0x1, 0xfd, 0x12, 0x1, 0x69,
    0x0, 0x7f, 0xf0, 0x6c, 0xc0, 0x9, 0xa6, 0x1,
    0xc5, 0x8e, 0x1, 0x61, 0x80, 0x7f, 0xf0, 0xf4,
    0xc0, 0x5, 0x8e, 0x1, 0x3e, 0x98, 0x0, 0x74,
    0xc0, 0x3f, 0xf8, 0x83, 0x8a, 0x1, 0x46, 0x0,
    0x20, 0x2, 0x4f, 0x20, 0xf, 0xfe, 0x3d, 0x48,
    0x4, 0x64, 0x16, 0x43, 0x36, 0x20, 0x1f, 0xfc,
    0x96, 0xd3, 0x19, 0x20, 0x4d, 0xe6, 0x0, 0xff,
    0xe6, 0x16, 0x73, 0x0,

    /* U+5168 "全" */
    0x0, 0xff, 0xee, 0xaf, 0xff, 0xfa, 0x40, 0x3f,
    0xf9, 0x58, 0x1, 0xfe, 0x68, 0x0, 0xff, 0xe4,
    0xda, 0xaf, 0x10, 0x7, 0x3a, 0x80, 0x7f, 0xf2,
    0xa, 0xab, 0x71, 0x0, 0x2e, 0x80, 0x14, 0x80,
    0x1f, 0xfc, 0xb4, 0xb0, 0x4, 0xa2, 0xc0, 0x2,
    0xd4, 0x3, 0xff, 0x92, 0x96, 0x0, 0x96, 0x0,
    0x3b, 0x80, 0x14, 0xc0, 0x1f, 0xfc, 0x77, 0xb0,
    0x4, 0xb0, 0x6, 0x87, 0x0, 0x4c, 0x80, 0x3f,
    0xf8, 0xb5, 0x0, 0xa, 0x60, 0xf, 0x44, 0x0,
    0xd, 0x84, 0x1, 0xff, 0xc1, 0x2c, 0x50, 0x1c,
    0x50, 0xf, 0xcf, 0x40, 0x3, 0xc5, 0x0, 0xff,
    0x9b, 0x4c, 0xf, 0xcc, 0x3, 0xfc, 0xb8, 0x20,
    0x35, 0x41, 0x0, 0xf8, 0xae, 0x40, 0xd, 0x82,
    0x1, 0xff, 0xc0, 0x3f, 0x30, 0x2, 0xf3, 0x80,
    0x61, 0x8d, 0x40, 0x4, 0xc8, 0x3, 0xff, 0x86,
    0x39, 0x0, 0x14, 0x73, 0x80, 0xf3, 0x80, 0xf,
    0x6b, 0xff, 0xff, 0x8d, 0x56, 0x60, 0x1, 0x82,
    0x12, 0x0, 0x46, 0x19, 0x80, 0x3f, 0xf8, 0xc4,
    0xd9, 0x22, 0xc, 0x41, 0x95, 0xce, 0x3, 0x2c,
    0xdf, 0x10, 0x0, 0xd9, 0xbe, 0x82, 0x6, 0xed,
    0x90, 0x0, 0xa8, 0x80, 0x4d, 0x33, 0xf2, 0x0,
    0x2a, 0x67, 0xe7, 0x0, 0xc4, 0x1, 0xff, 0xff,
    0x0, 0xff, 0xfc, 0x37, 0xff, 0xf3, 0x0, 0x27,
    0xff, 0xf9, 0x40, 0x3f, 0xde, 0x1, 0xff, 0xca,
    0xd0, 0xf, 0xf5, 0xbb, 0x37, 0xe2, 0x0, 0x23,
    0x37, 0xe7, 0x90, 0xf, 0xf1, 0x44, 0xcf, 0xe4,
    0x0, 0x6c, 0xcf, 0xe8, 0x10, 0xf, 0xff, 0xf8,
    0x7, 0xff, 0xe2, 0x2a, 0xef, 0xfe, 0x40, 0x5,
    0x5d, 0xff, 0xf0, 0x24, 0x2, 0x27, 0x54, 0x4f,
    0xf8, 0x80, 0x6, 0x89, 0xff, 0xc0, 0x65, 0x0,
    0x11, 0x80, 0x7f, 0xf4, 0x9, 0xc0,

    /* U+516B "八" */
    0x0, 0xff, 0x88, 0x3, 0x37, 0xfe, 0xa0, 0xf,
    0xfe, 0x56, 0xea, 0xc0, 0x2c, 0x0, 0xca, 0xa0,
    0xf, 0xfe, 0x40, 0x90, 0x28, 0x5, 0xe2, 0x20,
    0xb, 0x40, 0x3f, 0xf9, 0x4, 0x0, 0x30, 0x9,
    0x7b, 0x94, 0x0, 0x20, 0xf, 0xfe, 0x43, 0x80,
    0x4, 0x3, 0xce, 0x0, 0x70, 0xf, 0xfe, 0x40,
    0x80, 0x18, 0x3, 0xc4, 0x0, 0x20, 0xf, 0xfe,
    0x41, 0x0, 0x8, 0x3, 0xe2, 0x0, 0x8, 0x7,
    0xff, 0x1f, 0x80, 0x1c, 0x1, 0xf3, 0x80, 0x14,
    0x3, 0xff, 0x8e, 0x40, 0x2, 0x0, 0xf8, 0x80,
    0x6, 0x1, 0xff, 0xc7, 0x50, 0x3, 0x0, 0x7d,
    0x80, 0xd, 0x0, 0xff, 0xe3, 0x88, 0x0, 0x80,
    0x3e, 0x50, 0x3, 0x80, 0x7f, 0xf1, 0x8c, 0x0,
    0x40, 0x1f, 0x84, 0x40, 0x40, 0x1f, 0xfc, 0x65,
    0x0, 0x38, 0x7, 0xf2, 0x80, 0x10, 0x3, 0xff,
    0x8b, 0xe0, 0xd, 0x0, 0xfe, 0xc0, 0x6, 0x0,
    0x7f, 0xf1, 0x50, 0x0, 0x80, 0x1f, 0xc8, 0x0,
    0x50, 0xf, 0xfe, 0x20, 0x90, 0x0, 0xc0, 0x3f,
    0x8c, 0x40, 0x84, 0x3, 0xff, 0x86, 0xa0, 0x4,
    0x0, 0xff, 0x90, 0x0, 0xe0, 0x1f, 0xfc, 0x3d,
    0x0, 0x18, 0x7, 0xfd, 0xe0, 0xa, 0x0, 0xff,
    0xe1, 0xa0, 0x2, 0xc0, 0x3f, 0xe5, 0x0, 0x18,
    0x80, 0x7f, 0xf0, 0x48, 0x80, 0x3, 0x0, 0xff,
    0xe0, 0x20, 0x2, 0x40, 0x3f, 0xf8, 0x34, 0x0,
    0x50, 0xf, 0xfe, 0xf, 0x0, 0x18, 0x3, 0xff,
    0x82, 0xc0, 0xe, 0x0, 0xff, 0xe0, 0xa8, 0x80,
    0xb0, 0x7, 0xfc, 0xa2, 0x2, 0x80, 0x1f, 0xfc,
    0x26, 0x0, 0x58, 0x7, 0xfd, 0x0, 0x6, 0x0,
    0xff, 0xe1, 0xc8, 0x0, 0x9c, 0x3, 0xf9, 0x88,
    0x1, 0x20, 0x1f, 0xfc, 0x31, 0x60, 0x4, 0x8,
    0x7, 0xc3, 0x20, 0x7, 0x10, 0xf, 0xfe, 0x24,
    0x0, 0x5a, 0x1, 0xf6, 0x80, 0x6, 0x0, 0x3f,
    0xf8, 0xa3, 0x0, 0x3, 0x80, 0xe, 0xa3, 0x0,
    0x50, 0x7, 0xff, 0x1d, 0xcc, 0x0, 0xee, 0x0,
    0xa9, 0x40, 0xe, 0x80, 0x1f, 0xfc, 0x8d, 0x10,
    0x4, 0x40, 0x5, 0x40, 0xb, 0x0, 0x1f, 0xfc,
    0x91, 0xd0, 0x9, 0xc4, 0x52, 0x2d, 0x40, 0x1f,
    0xfc, 0xb3, 0xc1, 0x15, 0x88, 0x37, 0x48, 0x7,
    0xff, 0x34, 0xfb, 0x88, 0x0,

    /* U+516D "六" */
    0x0, 0xff, 0xe0, 0x8c, 0xb8, 0x7, 0xff, 0x49,
    0x99, 0xa, 0x1, 0xff, 0xd4, 0x80, 0xf, 0xfe,
    0x8a, 0x80, 0x9, 0x40, 0x3f, 0xfa, 0x4, 0xa0,
    0x8, 0x0, 0xff, 0xe8, 0xc8, 0x0, 0x8c, 0x3,
    0xff, 0xa0, 0x64, 0x0, 0x70, 0xf, 0xfe, 0x8d,
    0x83, 0x20, 0x7, 0xff, 0x45, 0xbe, 0x40, 0x3f,
    0xf8, 0x71, 0xdd, 0xff, 0xd2, 0x90, 0x61, 0x1f,
    0xfe, 0x93, 0x2, 0x0, 0x7f, 0xf4, 0x90, 0x2b,
    0xff, 0xff, 0xa5, 0x60, 0x1f, 0xff, 0xf0, 0xf,
    0xfe, 0xb3, 0x28, 0x7, 0xf1, 0x4a, 0x80, 0x7f,
    0xf1, 0x9e, 0x6a, 0x80, 0x1f, 0xb9, 0xa9, 0x40,
    0x3f, 0xf8, 0xb2, 0x0, 0x30, 0xf, 0xc8, 0x0,
    0xb1, 0x0, 0xff, 0xe1, 0xb8, 0x80, 0x2c, 0x3,
    0xf4, 0x10, 0xd, 0x0, 0x7f, 0xf0, 0xe4, 0x0,
    0xa4, 0x1, 0xfd, 0xc0, 0x4, 0x50, 0xf, 0xfe,
    0xc, 0x8, 0x2, 0x0, 0x3f, 0xc6, 0xc0, 0xb,
    0x10, 0xf, 0xf8, 0x5c, 0x0, 0xc4, 0x1, 0xff,
    0x48, 0x80, 0xd0, 0x7, 0xfd, 0x60, 0x14, 0x0,
    0x7f, 0xf0, 0x68, 0x0, 0x8a, 0x1, 0xfc, 0x8a,
    0x0, 0x81, 0x0, 0xff, 0xe0, 0xa2, 0x80, 0x2c,
    0x40, 0x3f, 0x50, 0x0, 0x9c, 0x3, 0xff, 0x87,
    0x60, 0x1, 0xb0, 0xf, 0xa4, 0x40, 0x12, 0x1,
    0xff, 0xc4, 0x18, 0x0, 0x2a, 0x0, 0x72, 0x30,
    0x1, 0x50, 0x3, 0xff, 0x8a, 0xe4, 0x0, 0x90,
    0xc, 0x34, 0x0, 0x1b, 0x0, 0xff, 0xe3, 0xf0,
    0x0, 0xa0, 0x2, 0xa1, 0x0, 0x58, 0x80, 0x7f,
    0xf1, 0xcd, 0x40, 0xe, 0x21, 0x28, 0x0, 0x55,
    0x0, 0x7f, 0xf2, 0x60, 0x2, 0xb0, 0x40, 0x1,
    0x50, 0x7, 0xff, 0x28, 0x98, 0x0, 0x21, 0x86,
    0x3e, 0x1, 0xff, 0xcc, 0x83, 0x6b, 0x0,

    /* U+5177 "具" */
    0x0, 0xf9, 0x1d, 0xff, 0xf8, 0xcc, 0x20, 0x1f,
    0xfc, 0x4, 0xb8, 0x8f, 0xfe, 0x34, 0xd0, 0x7,
    0xff, 0x0, 0x80, 0x3f, 0xf9, 0xc, 0x1, 0xff,
    0xc3, 0x8f, 0xff, 0xfe, 0x17, 0x0, 0x7f, 0xf1,
    0x84, 0x3, 0xff, 0x84, 0x20, 0x1f, 0xfc, 0x61,
    0x22, 0xff, 0xe1, 0x80, 0x7f, 0xf1, 0xa3, 0x77,
    0xff, 0x86, 0x1, 0xff, 0xe8, 0x9e, 0xef, 0xfe,
    0x18, 0x7, 0xff, 0x1c, 0x47, 0xff, 0x86, 0x1,
    0xff, 0xc7, 0x11, 0xff, 0xe1, 0x80, 0x7f, 0xf1,
    0xa7, 0xbb, 0xff, 0x86, 0x1, 0xff, 0xe8, 0x8d,
    0xdf, 0xfe, 0x18, 0x7, 0xff, 0x18, 0x48, 0xbf,
    0xf8, 0x60, 0x1f, 0xfe, 0x89, 0xff, 0xff, 0xe1,
    0x80, 0x7f, 0xfa, 0x1a, 0xab, 0xff, 0x86, 0x1,
    0xff, 0xc6, 0xf5, 0x5f, 0xfe, 0x18, 0x7, 0xff,
    0x81, 0xea, 0xb8, 0x1, 0x55, 0xff, 0xc4, 0x0,
    0x15, 0x56, 0x70, 0x18, 0x55, 0xc6, 0x0, 0x35,
    0x5f, 0xfe, 0x18, 0x4, 0xab, 0xa0, 0x84, 0x80,
    0x3f, 0xfa, 0x44, 0x40, 0xdf, 0xff, 0xd1, 0x3f,
    0xff, 0xdc, 0xcf, 0xdf, 0xff, 0x68, 0x7, 0xf1,
    0x64, 0x4d, 0x0, 0x7e, 0xa6, 0x7e, 0x81, 0x0,
    0xff, 0xe1, 0x3e, 0x98, 0x7, 0xfd, 0xc0, 0x13,
    0xf4, 0x0, 0x7f, 0xc9, 0xb0, 0x1, 0x45, 0x0,
    0x7e, 0x5e, 0x60, 0x9, 0xf9, 0x80, 0x3e, 0x3b,
    0xb1, 0x0, 0xb, 0x1c, 0x3, 0xfc, 0x33, 0xca,
    0x0, 0x19, 0xd3, 0x0, 0x93, 0x30, 0x80, 0x13,
    0xe9, 0x80, 0x7f, 0xf0, 0x46, 0xb0, 0xc0, 0x5,
    0x92, 0x0, 0xa3, 0x0, 0x9b, 0xa0, 0x3, 0xff,
    0x8a, 0x79, 0x0, 0x13, 0x0, 0x28, 0x4a, 0x3a,
    0x44, 0x3, 0xff, 0x90, 0xfa, 0x83, 0x60,

    /* U+51B0 "冰" */
    0x0, 0xff, 0xe4, 0x8, 0x7, 0xff, 0x48, 0x7b,
    0x8c, 0x1, 0xff, 0xd1, 0x21, 0xc, 0x0, 0xff,
    0xe0, 0x8, 0x7, 0xff, 0x4d, 0xbb, 0x8a, 0x1,
    0xff, 0xd1, 0xd0, 0x1a, 0xb1, 0x0, 0xff, 0xe7,
    0xd2, 0x80, 0x13, 0xcc, 0x3, 0xff, 0x9c, 0x35,
    0x20, 0x1, 0xc2, 0x0, 0xff, 0xe0, 0x88, 0x7,
    0xff, 0x5, 0xb4, 0x80, 0xe, 0x1, 0xff, 0xc1,
    0x40, 0xf, 0xa2, 0x0, 0x1c, 0x58, 0x88, 0x50,
    0xf, 0xfe, 0x11, 0x80, 0x74, 0xbb, 0xa0, 0x3,
    0x86, 0xec, 0x11, 0xb9, 0x8b, 0xaa, 0x4b, 0x0,
    0x72, 0x80, 0x66, 0x60, 0x2, 0xc0, 0x3f, 0x98,
    0x8c, 0xc8, 0xaa, 0x69, 0x40, 0xd, 0xa0, 0x12,
    0x48, 0x2, 0x8c, 0x3, 0xf9, 0xc0, 0x3f, 0xf8,
    0x28, 0x0, 0x4b, 0x0, 0x42, 0x80, 0x7f, 0xa7,
    0xff, 0x98, 0x0, 0xa0, 0x1c, 0xa9, 0x60, 0x7,
    0x70, 0x7, 0xff, 0x15, 0x40, 0x44, 0x1, 0xd1,
    0x60, 0x7, 0x80, 0xf, 0xfe, 0x31, 0x82, 0x0,
    0x61, 0x2, 0x0, 0x44, 0x0, 0x3f, 0xf8, 0xca,
    0x0, 0xc0, 0xc, 0xa2, 0x0, 0x97, 0x0, 0xff,
    0x92, 0x0, 0x3d, 0xe0, 0x7, 0x0, 0xc2, 0xe0,
    0x2c, 0x1, 0xff, 0xd, 0x3c, 0x0, 0x61, 0x50,
    0x31, 0x0, 0xea, 0x1, 0x60, 0xf, 0xfa, 0x44,
    0x3c, 0x3, 0x30, 0x2, 0x80, 0x3c, 0x64, 0x10,
    0x1, 0xfe, 0x17, 0x0, 0x30, 0x6, 0x90, 0x16,
    0x0, 0xfa, 0xc0, 0x5c, 0x3, 0xfa, 0x40, 0xe,
    0x20, 0x13, 0x8, 0x30, 0x7, 0xe6, 0x10, 0x82,
    0x0, 0xf8, 0x5c, 0x1, 0x20, 0x10, 0xc0, 0x2,
    0x40, 0x3f, 0xa0, 0x1, 0xc0, 0x1f, 0x58, 0x1,
    0x84, 0x2, 0x81, 0x7, 0x10, 0xf, 0xe6, 0x30,
    0x39, 0x0, 0xe3, 0x50, 0x4, 0x0, 0x48, 0xc0,
    0x32, 0x1, 0xff, 0x78, 0x1, 0x9c, 0x3, 0x70,
    0x2, 0x4, 0x0, 0x54, 0x0, 0xb1, 0x0, 0xff,
    0x8e, 0x0, 0x11, 0x0, 0x3, 0x90, 0xb, 0x80,
    0xb, 0x4, 0x15, 0x40, 0x1f, 0xfc, 0x17, 0x50,
    0x3, 0xe1, 0x50, 0x2, 0xc0, 0x2c, 0x10, 0x2a,
    0x0, 0xff, 0xe1, 0xd2, 0x0, 0xf, 0xa0, 0x11,
    0x40, 0x22, 0x2, 0xc0, 0xf, 0xfe, 0x2d, 0xb8,
    0x2, 0x57, 0xec, 0x3, 0x6c, 0x60, 0x80, 0x7f,
    0xf1, 0xa3, 0x30, 0xa0, 0x1f, 0xb, 0x88, 0x7,
    0xe7, 0x0, 0xff, 0x8c, 0xc0, 0x1f, 0xfc, 0x3b,
    0xee, 0xac, 0x0, 0x40, 0x1f, 0xfc, 0xd5, 0x11,
    0x80, 0x2a, 0x0, 0xff, 0xe6, 0xd1, 0x0, 0x9,
    0x70, 0x80, 0x3f, 0xe0,

    /* U+51B7 "冷" */
    0x0, 0xff, 0xe3, 0x26, 0xd8, 0x7, 0xff, 0x4,
    0x94, 0x3, 0xff, 0x87, 0x44, 0x82, 0x1, 0xff,
    0xe, 0xd5, 0x0, 0x3f, 0xf8, 0x30, 0x20, 0x6,
    0x0, 0xff, 0x84, 0x81, 0x58, 0x3, 0xfe, 0x37,
    0x0, 0xa1, 0x0, 0x3f, 0xee, 0x0, 0x49, 0x0,
    0x7f, 0xe, 0x80, 0x1c, 0x1, 0x64, 0x1, 0xfe,
    0x37, 0x0, 0x48, 0x7, 0xf6, 0x88, 0x34, 0x50,
    0x3, 0x8, 0x3, 0xfd, 0x4, 0x8, 0xa0, 0x1f,
    0x59, 0x81, 0xc8, 0x2c, 0x0, 0xe1, 0x80, 0x7f,
    0xa0, 0x1, 0x20, 0x1e, 0xb4, 0x1, 0xd0, 0x9,
    0xdc, 0x3, 0x8a, 0x1, 0xfc, 0xa4, 0x4, 0x1,
    0xd6, 0x80, 0x38, 0x20, 0x1a, 0x20, 0x0, 0xa8,
    0x0, 0xfe, 0x93, 0xa0, 0x8, 0x71, 0x0, 0x1a,
    0x40, 0x1e, 0x78, 0x0, 0x3d, 0x88, 0x7, 0xc9,
    0x88, 0x0, 0x3f, 0x30, 0x19, 0x75, 0x5f, 0xc7,
    0x0, 0x4, 0xf5, 0x0, 0xff, 0x46, 0x8, 0x15,
    0x4d, 0xd5, 0x7e, 0xb8, 0xb1, 0x1, 0xac, 0x10,
    0xf, 0x99, 0xc0, 0xb, 0xac, 0x1, 0xff, 0xc0,
    0x4f, 0x40, 0x1, 0x90, 0x7, 0xce, 0x85, 0x54,
    0x2, 0xdb, 0xbf, 0xec, 0xe0, 0x1b, 0x94, 0xa3,
    0x0, 0xf8, 0x6f, 0x54, 0x2, 0x24, 0x4f, 0xe3,
    0x10, 0x9, 0xad, 0x40, 0x3f, 0xfc, 0x22, 0xaa,
    0x66, 0xf3, 0xbf, 0xcc, 0x20, 0x1f, 0xfc, 0x3c,
    0xaa, 0x4c, 0xfa, 0x23, 0xe9, 0xe3, 0x0, 0xfc,
    0xd0, 0x1, 0x84, 0x3, 0xff, 0x9a, 0x32, 0xec,
    0x1, 0x66, 0x7f, 0xf0, 0x8c, 0x0, 0xa6, 0x1,
    0xf3, 0x0, 0xc, 0x3, 0x19, 0xff, 0xf0, 0x14,
    0xc0, 0x6c, 0x3, 0xf5, 0x0, 0x14, 0x3, 0xff,
    0x86, 0x72, 0x0, 0xd1, 0x0, 0xf9, 0x8, 0x18,
    0x3, 0xff, 0x86, 0x3a, 0x0, 0x93, 0x0, 0xfd,
    0xe0, 0xa, 0x0, 0xf8, 0x58, 0x40, 0x30, 0xe0,
    0x83, 0x30, 0x3, 0xf1, 0x20, 0x19, 0x80, 0x3e,
    0xf9, 0xf3, 0x0, 0xe, 0x90, 0x24, 0x80, 0x7f,
    0x58, 0x2, 0x80, 0x3f, 0x38, 0xe, 0x20, 0xe9,
    0x81, 0xd8, 0x7, 0xf0, 0xb0, 0xb, 0x0, 0x7e,
    0x97, 0x0, 0x5e, 0x18, 0x1e, 0x0, 0x7f, 0xa4,
    0x0, 0xc0, 0x1f, 0xe8, 0x70, 0x1, 0x1, 0x68,
    0x7, 0xf8, 0x5c, 0x1, 0x20, 0x1f, 0xf4, 0x38,
    0x5, 0x62, 0x1, 0xfe, 0x40, 0x3, 0x8, 0x7,
    0xff, 0x2, 0x18, 0x1, 0x2a, 0x1, 0xfe, 0x56,
    0x38, 0x0, 0xff, 0xe1, 0x4b, 0x0, 0x28, 0xc0,
    0x3f, 0xd3, 0x82, 0x1, 0xff, 0xc3, 0x95, 0x0,
    0x50, 0x7, 0xff, 0x46, 0x8c, 0xac, 0x3, 0xf8,

    /* U+51BB "冻" */
    0x0, 0xff, 0xe3, 0x8, 0x7, 0xff, 0x53, 0x3b,
    0x0, 0x3f, 0xf8, 0x82, 0x1, 0xff, 0xc1, 0x23,
    0x3, 0x0, 0xff, 0xe1, 0xbf, 0x58, 0x7, 0xff,
    0x1, 0x40, 0x8, 0x1, 0xff, 0xc3, 0xd0, 0x49,
    0x0, 0xff, 0xb0, 0x1, 0xa0, 0x1f, 0xfc, 0x3b,
    0x10, 0x65, 0x0, 0x85, 0x59, 0xb9, 0x0, 0x2,
    0xcd, 0xff, 0x29, 0x0, 0x6, 0xc0, 0x16, 0x20,
    0xb, 0xa9, 0x9e, 0x0, 0xa2, 0x67, 0xfe, 0xad,
    0x0, 0x95, 0x40, 0x36, 0x0, 0x30, 0xf, 0xfe,
    0x7d, 0x80, 0x15, 0x2, 0x6e, 0xab, 0x0, 0x55,
    0x5f, 0xfc, 0x2d, 0x0, 0xc3, 0x0, 0xf, 0x0,
    0x22, 0xac, 0x1, 0x22, 0xaf, 0xff, 0x8, 0x80,
    0x39, 0xc0, 0xc, 0x1, 0xee, 0x0, 0x70, 0x7,
    0xff, 0x26, 0x53, 0xc0, 0x38, 0x90, 0x5, 0x40,
    0x3, 0x76, 0x20, 0xf, 0xfe, 0x1b, 0x59, 0x0,
    0x75, 0x0, 0x24, 0x2, 0x44, 0x94, 0x3, 0xff,
    0x94, 0x2e, 0x0, 0x60, 0x8, 0xc0, 0x3f, 0xf9,
    0xb2, 0x0, 0x61, 0x0, 0xff, 0xe8, 0xb, 0x80,
    0x20, 0x3, 0xff, 0xa3, 0x40, 0x1, 0x67, 0x7d,
    0x80, 0xc, 0x77, 0xf3, 0x8, 0x7, 0xff, 0x5,
    0x0, 0x3, 0x11, 0xca, 0x0, 0x48, 0x8f, 0x4c,
    0x80, 0x3f, 0xf8, 0x24, 0x1, 0xff, 0xc7, 0xf0,
    0xf, 0x86, 0x90, 0x2, 0xf9, 0xcc, 0xf9, 0xc0,
    0xd, 0x99, 0xed, 0x70, 0xf, 0xa1, 0x6c, 0x2,
    0x26, 0x33, 0xfb, 0x80, 0x1c, 0x67, 0xe2, 0x0,
    0xfc, 0xc0, 0x20, 0x1f, 0xfc, 0x31, 0x0, 0xff,
    0xe1, 0x30, 0x1, 0x80, 0x38, 0xa5, 0x80, 0x3f,
    0xc5, 0x28, 0x1, 0xfd, 0x60, 0x9, 0x0, 0xee,
    0x69, 0x20, 0xf, 0xe8, 0x6b, 0x30, 0xf, 0x90,
    0x81, 0x44, 0x3, 0x19, 0x80, 0x48, 0x3, 0xc6,
    0x0, 0xf0, 0x7, 0x0, 0x7d, 0x0, 0xe, 0x0,
    0xe8, 0x0, 0x40, 0x7, 0xf9, 0x50, 0xa, 0x40,
    0x38, 0xcc, 0x6, 0x80, 0x19, 0x10, 0x2, 0xc0,
    0x1f, 0x8, 0x5, 0x40, 0x6, 0x30, 0xd, 0x0,
    0x9, 0x0, 0xea, 0x0, 0x40, 0x7, 0xff, 0x0,
    0x64, 0x1, 0xc0, 0x12, 0x20, 0x9, 0x40, 0x35,
    0x88, 0x23, 0x0, 0x7f, 0xf0, 0x58, 0x80, 0x94,
    0x1, 0x20, 0x8, 0x0, 0xd0, 0x80, 0x34, 0x1,
    0xff, 0xc3, 0x90, 0x7, 0x80, 0x90, 0x12, 0x80,
    0x64, 0x0, 0x50, 0x80, 0x7f, 0x38, 0x7, 0x21,
    0x86, 0x0, 0xda, 0xf0, 0x7, 0x6b, 0x52, 0x0,
    0x55, 0x77, 0x40, 0x7, 0xf6, 0xf3, 0x0, 0x12,
    0x8c, 0x3, 0x86, 0x54, 0x3, 0x2a, 0x24, 0x20,
    0x1, 0x0, 0xf0, 0x88, 0x3, 0xff, 0x8d, 0x42,
    0x0, 0x14, 0xc2, 0x0, 0xff, 0x0,

    /* U+51FA "出" */
    0x0, 0xff, 0xe1, 0x47, 0x60, 0x80, 0x7f, 0xf4,
    0x18, 0x4d, 0x0, 0x3f, 0xfc, 0xaa, 0xc0, 0x1f,
    0xfc, 0xa5, 0x71, 0x0, 0xcb, 0x53, 0x20, 0xf,
    0xfe, 0x42, 0xd4, 0x68, 0x6, 0x20, 0x1, 0x80,
    0x7f, 0xf2, 0xc, 0x0, 0x20, 0x1f, 0xff, 0xf0,
    0xf, 0xff, 0xf8, 0x7, 0xff, 0xfc, 0x3, 0xcc,
    0x23, 0xf8, 0x2, 0x31, 0x1f, 0xdc, 0x1, 0xfe,
    0x3e, 0xef, 0xc2, 0x0, 0x9e, 0xef, 0xce, 0x1,
    0xf0, 0x80, 0x7f, 0xf4, 0xdd, 0x8, 0x47, 0xf8,
    0x2, 0x11, 0xff, 0x8a, 0x0, 0x30, 0xde, 0xf7,
    0x7f, 0x8, 0x2, 0xfb, 0xbf, 0xda, 0xa0, 0x1f,
    0xfd, 0x7a, 0xd9, 0x0, 0xff, 0xe6, 0x3e, 0xd8,
    0x92, 0x93, 0x8, 0x7, 0xff, 0x2e, 0x49, 0x10,
    0x1, 0x8c, 0x3, 0xff, 0x9c, 0x60, 0x1f, 0xff,
    0xf0, 0xf, 0xff, 0xf8, 0x7, 0xff, 0xfc, 0x2,
    0x10, 0xf, 0xfe, 0x9e, 0x7f, 0xff, 0x8, 0x2,
    0xbf, 0xff, 0xc2, 0x1, 0xff, 0xd6, 0x32, 0x40,
    0xf, 0xfe, 0x81, 0x20,

    /* U+5206 "分" */
    0x0, 0xff, 0xe1, 0xa5, 0x5d, 0xf5, 0x18, 0x7,
    0xff, 0x1d, 0x2d, 0xc0, 0x28, 0x54, 0x4e, 0x5d,
    0x0, 0xff, 0xe3, 0xd2, 0x41, 0x0, 0x14, 0x3,
    0xe1, 0x60, 0xf, 0xfe, 0x2a, 0x88, 0x9, 0x0,
    0x27, 0xff, 0xa8, 0x1, 0x40, 0x1f, 0xfc, 0x5e,
    0x0, 0x30, 0x7, 0xf2, 0x90, 0x1a, 0x0, 0x7f,
    0xf0, 0xc5, 0x0, 0x12, 0x1, 0xfe, 0xb0, 0x4,
    0x80, 0x7f, 0xf0, 0xe0, 0x0, 0x82, 0x1, 0xfe,
    0x62, 0x2, 0x70, 0xf, 0xfe, 0x9, 0x30, 0x2,
    0x0, 0x3f, 0xf8, 0x12, 0x0, 0x82, 0x0, 0xff,
    0xe0, 0x48, 0x1, 0x4c, 0x3, 0xff, 0x80, 0x88,
    0x0, 0x78, 0x7, 0xfc, 0xe8, 0x0, 0xb0, 0xf,
    0xfe, 0x15, 0x8, 0x15, 0x0, 0x7f, 0x2c, 0x0,
    0x24, 0x40, 0x3f, 0xf8, 0x43, 0x40, 0x5, 0x90,
    0xf, 0x8e, 0x80, 0xa, 0xc0, 0x1f, 0xfc, 0x44,
    0x70, 0x3, 0x48, 0x7, 0x36, 0x0, 0xe, 0x80,
    0x3f, 0xf8, 0xd0, 0xa0, 0x6, 0xb1, 0x0, 0x44,
    0x80, 0x9, 0xee, 0xff, 0xf9, 0x18, 0x80, 0x4,
    0xe3, 0x17, 0x0, 0x1c, 0x22, 0x7f, 0xf2, 0x66,
    0x90, 0x2, 0x71, 0x80, 0x4c, 0x40, 0xf, 0xfe,
    0x5d, 0xb8, 0xba, 0x3, 0xfd, 0x80, 0xff, 0x77,
    0x68, 0x5, 0xdd, 0xfb, 0x40, 0x3a, 0x3a, 0x0,
    0x3f, 0x8, 0xf3, 0x0, 0x8, 0x47, 0xf1, 0x0,
    0x42, 0x1, 0xff, 0xc5, 0x30, 0x3, 0x0, 0x7f,
    0xf4, 0xb4, 0x1, 0x80, 0x1f, 0xf0, 0x80, 0x7f,
    0xf1, 0x90, 0x0, 0x80, 0x1f, 0x84, 0x3, 0xff,
    0x90, 0x82, 0x0, 0x30, 0xf, 0xc6, 0x0, 0x30,
    0xf, 0xfe, 0x2f, 0x0, 0x14, 0x3, 0xf8, 0x40,
    0xc, 0x1, 0xff, 0xc4, 0x25, 0x0, 0x48, 0x7,
    0xf3, 0x0, 0x4, 0x3, 0xff, 0x89, 0x20, 0x3,
    0x30, 0x7, 0xf1, 0x80, 0xc, 0x3, 0xff, 0x86,
    0xa8, 0x0, 0x80, 0xf, 0xf7, 0x0, 0x38, 0x3,
    0xff, 0x84, 0x74, 0x0, 0x54, 0x0, 0xff, 0x10,
    0x0, 0x80, 0x3f, 0xf8, 0x27, 0xa0, 0x1, 0xb0,
    0xf, 0xf9, 0xc0, 0xe, 0x1, 0xff, 0xc0, 0x7c,
    0x10, 0x1c, 0x10, 0xf, 0xf0, 0x90, 0x0, 0x80,
    0x3f, 0xcb, 0x90, 0x0, 0x1d, 0x20, 0xf, 0xfa,
    0x40, 0x6, 0x1, 0xfc, 0x9d, 0x46, 0x0, 0x2c,
    0x30, 0xe, 0x2d, 0xdb, 0x31, 0xae, 0x0, 0xb0,
    0xf, 0xee, 0x10, 0x9, 0xf4, 0x80, 0x3e, 0x22,
    0x8c, 0xc4, 0x0, 0x27, 0x0, 0xfe, 0xb3, 0x16,
    0xd8, 0x0, 0xfc, 0x52, 0x40, 0x18, 0x9b, 0x0,
    0x3f, 0x0,

    /* U+5230 "到" */
    0x0, 0xff, 0xe8, 0x24, 0x18, 0x7, 0xff, 0x42,
    0xdf, 0xca, 0xf7, 0x7f, 0xf8, 0x94, 0x1, 0xff,
    0xa, 0x20, 0x8b, 0xff, 0x88, 0xa4, 0x19, 0xec,
    0x1, 0xf3, 0xa1, 0x9e, 0x0, 0x88, 0xcf, 0xf3,
    0x10, 0x98, 0x60, 0x7, 0xc3, 0x79, 0x97, 0x0,
    0x59, 0x9f, 0xd2, 0x1, 0xff, 0xc5, 0xb0, 0x3,
    0x88, 0x1, 0xf0, 0xc0, 0x3f, 0xf9, 0x4, 0xc0,
    0x30, 0x1, 0x51, 0xe9, 0x0, 0x7f, 0xf1, 0xe4,
    0x1, 0x60, 0x1a, 0x40, 0x7c, 0x3, 0xff, 0x8c,
    0xa8, 0xa, 0xa0, 0xc, 0x8e, 0x5, 0x40, 0x1f,
    0xfc, 0x42, 0xa0, 0x1b, 0x0, 0x9, 0x22, 0xf8,
    0x1, 0x58, 0x3, 0xff, 0x84, 0x58, 0x1, 0x6f,
    0x7f, 0x6d, 0xd4, 0x0, 0x52, 0x20, 0x1f, 0xfc,
    0x16, 0x10, 0x0, 0x98, 0x80, 0x78, 0x48, 0x1,
    0x0, 0x1f, 0xfc, 0x14, 0x10, 0x1, 0xa3, 0x44,
    0xde, 0xf7, 0xf6, 0x88, 0x10, 0x7, 0xff, 0xb,
    0xb7, 0xf2, 0xe5, 0xd5, 0x88, 0x40, 0x2d, 0x8a,
    0x0, 0xff, 0xe1, 0x90, 0x6, 0x5c, 0xd2, 0x0,
    0xc6, 0xe2, 0x1, 0xff, 0xc8, 0x20, 0x3, 0x0,
    0x7f, 0xfa, 0x19, 0xdf, 0xb0, 0x1, 0xce, 0xfc,
    0xc0, 0x1f, 0xfc, 0x27, 0x98, 0x8e, 0x40, 0x2,
    0xc4, 0x74, 0xb0, 0x7, 0xff, 0x4, 0x80, 0x3f,
    0xf8, 0x84, 0x1, 0xff, 0xc1, 0x5e, 0xdd, 0xe7,
    0x0, 0x4e, 0xef, 0x72, 0x0, 0x7f, 0xf0, 0x84,
    0x8b, 0xbc, 0x0, 0x45, 0xe1, 0x0, 0xff, 0xea,
    0x88, 0x7, 0xff, 0x4d, 0xcf, 0x80, 0x3f, 0xf9,
    0x42, 0xb2, 0xa0, 0x8, 0xc4, 0x0, 0xff, 0xe3,
    0x1b, 0x56, 0xf5, 0x34, 0x80, 0x7f, 0xf1, 0x45,
    0x1e, 0xc0, 0x11, 0x2a, 0x40, 0x12, 0x0, 0x7f,
    0xf0, 0x5, 0xeb, 0x3f, 0xae, 0xc, 0x2, 0x14,
    0x7a, 0xdf, 0x80, 0xf, 0xfe, 0x3, 0x42, 0x98,
    0x4, 0x4b, 0x17, 0xdc, 0xb8, 0x52, 0x0, 0xff,
    0xe1, 0x32, 0x1b, 0x4e, 0x7e, 0xd3, 0xa0, 0x80,
    0x7f, 0xd1, 0x77, 0x68, 0x1, 0x86, 0xf2, 0x58,
    0xc0, 0x3f, 0xf8, 0xae, 0x89, 0x10, 0x3, 0x40,
    0x3f, 0xf9, 0x74, 0x20, 0x1, 0x49, 0x60,

    /* U+5237 "刷" */
    0x0, 0xff, 0xe8, 0x8b, 0xa0, 0x7, 0x9, 0x17,
    0xff, 0x4, 0x40, 0x3f, 0xd1, 0xb, 0x0, 0xd9,
    0xdb, 0xbf, 0xfc, 0x1e, 0x70, 0xf, 0xe2, 0x0,
    0x8, 0x4, 0x60, 0x1f, 0xfc, 0x3b, 0x0, 0xb,
    0x10, 0x7, 0xf8, 0x40, 0x5, 0x11, 0xfe, 0x70,
    0xe, 0xa9, 0xf0, 0xf, 0xfe, 0xa, 0xbb, 0xff,
    0xa0, 0x3, 0x9c, 0xc, 0x3, 0xff, 0xfe, 0x1,
    0x84, 0x8b, 0xfc, 0x60, 0x1f, 0xfc, 0x96, 0xdd,
    0xff, 0x60, 0x7, 0xff, 0x5d, 0x80, 0x3f, 0xf8,
    0xc9, 0x11, 0xc6, 0x0, 0x88, 0xd3, 0x60, 0x1f,
    0xfc, 0x63, 0x77, 0xe4, 0x0, 0x3b, 0xe6, 0x10,
    0xf, 0xff, 0x50, 0x8e, 0x0, 0x8, 0xe0, 0xf,
    0xfe, 0x47, 0xd7, 0xf7, 0x4c, 0x0, 0xee, 0xdf,
    0x0, 0x1f, 0xfc, 0x6f, 0x50, 0xf, 0xfe, 0x3,
    0x0, 0x7f, 0xf0, 0xcc, 0x3, 0x9a, 0x64, 0x80,
    0x9, 0x98, 0xc0, 0x40, 0x3f, 0xf8, 0x62, 0x0,
    0xf0, 0x5, 0x33, 0xc, 0x0, 0xcd, 0x20, 0x7,
    0xff, 0x20, 0x40, 0x3f, 0xfa, 0x2c, 0x0, 0x30,
    0xf, 0xfe, 0x89, 0x80, 0x4, 0x3, 0xff, 0xa3,
    0xc0, 0x6, 0x0, 0xff, 0xe8, 0x90, 0x0, 0xc0,
    0x3f, 0xf8, 0x94, 0x52, 0x1, 0xfe, 0x60, 0x20,
    0xf, 0xfe, 0x2b, 0x6b, 0x80, 0x7f, 0x8c, 0x1c,
    0x3, 0xff, 0xa2, 0x60, 0xd, 0x0, 0xff, 0x3c,
    0x20, 0x8, 0x7, 0xff, 0x9, 0x0, 0x8, 0x20,
    0x1, 0x0, 0xe3, 0x87, 0x30, 0x50, 0xf, 0xfe,
    0x15, 0x0, 0xc, 0xc, 0x88, 0x1, 0xc6, 0xe4,
    0x46, 0xa0, 0xf, 0xfe, 0x9, 0x90, 0x30, 0x3,
    0x34, 0x3, 0xe8, 0xdd, 0x48, 0x80, 0x7f, 0xf0,
    0x6c, 0x1, 0x40, 0x1f, 0xfc, 0x87, 0xdd, 0xb9,
    0x0, 0x3, 0x26, 0x86, 0x1, 0xff, 0xc8, 0xc2,
    0x28, 0x40, 0xc, 0x3, 0x96, 0x1, 0xfb, 0x1,
    0x40, 0x3f, 0xd2, 0x40, 0x11, 0x44, 0x80,

    /* U+529B "力" */
    0x0, 0xff, 0xe0, 0xce, 0xb8, 0x7, 0xff, 0x40,
    0x58, 0xa4, 0x3, 0xff, 0xfe, 0x1, 0xff, 0xff,
    0x0, 0xff, 0xe8, 0x9, 0x17, 0xf8, 0x2, 0x22,
    0xff, 0xe0, 0x88, 0x5, 0x1d, 0xbb, 0xfd, 0x80,
    0x1, 0xdd, 0xff, 0xe0, 0xf5, 0x80, 0xc, 0x3,
    0xff, 0xa0, 0x80, 0xf, 0x43, 0x3f, 0xe2, 0x0,
    0x8c, 0xff, 0xe2, 0x0, 0xe4, 0xbc, 0xcf, 0xe8,
    0x0, 0x2e, 0x67, 0xfd, 0xa0, 0x1, 0x0, 0xff,
    0xe0, 0x90, 0x0, 0x80, 0x3f, 0xe1, 0x0, 0xff,
    0xe2, 0x70, 0x3, 0x80, 0x3f, 0xe3, 0x0, 0x18,
    0x7, 0xff, 0x5, 0x40, 0x4, 0x1, 0xff, 0x8,
    0x1, 0x80, 0x3f, 0xf8, 0x26, 0x0, 0x50, 0xf,
    0xf9, 0xc0, 0x2, 0x1, 0xff, 0xc0, 0x40, 0x1,
    0x8, 0x7, 0xfc, 0x20, 0x3, 0x0, 0xff, 0xe0,
    0x68, 0x1, 0x0, 0x3f, 0xf8, 0x6, 0x0, 0x10,
    0xf, 0xfe, 0x3, 0x80, 0x30, 0x3, 0xff, 0x80,
    0x20, 0xf, 0x0, 0xff, 0x94, 0x40, 0xa, 0x1,
    0xff, 0xc0, 0xe0, 0x1, 0x0, 0x7f, 0xd2, 0x0,
    0x60, 0xf, 0xfe, 0x9, 0x80, 0x4, 0x3, 0xfc,
    0x86, 0x0, 0xa0, 0xf, 0xfe, 0xb, 0x0, 0x18,
    0x3, 0xfd, 0x20, 0x4, 0x30, 0xf, 0xfe, 0x9,
    0x0, 0xc, 0x3, 0xf9, 0x88, 0x1, 0x0, 0x1f,
    0xfc, 0x21, 0x0, 0x8, 0x7, 0xe2, 0x90, 0x2,
    0x98, 0x7, 0xff, 0x4, 0x80, 0x4, 0x1, 0xf8,
    0x7c, 0x0, 0x36, 0x1, 0xff, 0xc2, 0x70, 0x3,
    0x80, 0x7c, 0x3a, 0x40, 0xd, 0x10, 0xf, 0xfe,
    0x16, 0x80, 0x8, 0x3, 0xc3, 0x86, 0x0, 0xa3,
    0x0, 0xff, 0xe1, 0xa0, 0x3, 0x40, 0x38, 0xfc,
    0x80, 0x12, 0xa0, 0x1f, 0xfc, 0x32, 0x30, 0x2,
    0x0, 0x68, 0xc1, 0x0, 0x4b, 0x0, 0x7f, 0xf1,
    0x24, 0x0, 0x42, 0x1, 0x63, 0x80, 0x54, 0xc0,
    0x1f, 0xec, 0xff, 0x77, 0x5e, 0x80, 0xb, 0x0,
    0x8c, 0xc0, 0x2, 0xc5, 0x0, 0xff, 0x9c, 0x0,
    0x23, 0x0, 0x48, 0xc0, 0x11, 0xc9, 0x3e, 0x98,
    0x7, 0xff, 0x2, 0x90, 0x40, 0x21, 0x39, 0xb0,
    0xc,

    /* U+529F "功" */
    0x0, 0xff, 0xe4, 0x90, 0x80, 0x7f, 0xf4, 0x9f,
    0x78, 0x40, 0x3f, 0xfa, 0x3a, 0x0, 0x20, 0xf,
    0xfe, 0xfe, 0x7f, 0xff, 0xd8, 0x1, 0xfc, 0x20,
    0x1f, 0xc2, 0x60, 0x1f, 0xf1, 0x90, 0x7, 0x8,
    0x7, 0xff, 0x0, 0x58, 0xcf, 0x0, 0x46, 0x79,
    0x88, 0x3, 0xff, 0x8f, 0x39, 0x98, 0x80, 0x19,
    0x9a, 0x40, 0x3f, 0xfa, 0xaf, 0xff, 0xc8, 0x0,
    0xdf, 0xff, 0xce, 0x1, 0xff, 0xc2, 0xc0, 0xf,
    0xfe, 0x2d, 0x0, 0x7f, 0xf0, 0xb8, 0xcf, 0x80,
    0x23, 0x3f, 0x10, 0x0, 0x40, 0x3f, 0xf8, 0x4b,
    0x99, 0xc0, 0x1, 0xcc, 0xf8, 0x3, 0xff, 0x9a,
    0x60, 0x1f, 0xce, 0x1, 0xff, 0xc7, 0x10, 0x3,
    0x0, 0x78, 0xc0, 0x2, 0x1, 0xff, 0xc7, 0x20,
    0x0, 0x80, 0x78, 0x40, 0x6, 0x1, 0xff, 0xc7,
    0x50, 0x6, 0x80, 0x7f, 0xf4, 0x78, 0x0, 0x40,
    0x1e, 0x70, 0x0, 0x80, 0x7f, 0xf1, 0xcc, 0x0,
    0xe0, 0x1e, 0x10, 0x7, 0x80, 0x7f, 0xf1, 0xd0,
    0x0, 0x40, 0x1e, 0x30, 0x0, 0x80, 0x7f, 0xf1,
    0x8c, 0x0, 0x80, 0x1f, 0x8, 0x0, 0xc0, 0x3f,
    0xc7, 0x19, 0xf6, 0x1, 0x58, 0x0, 0xc0, 0x3e,
    0xf0, 0x0, 0x80, 0x7f, 0x7e, 0x39, 0x82, 0x80,
    0x4a, 0x0, 0xb0, 0xf, 0x84, 0x0, 0xe0, 0x2,
    0x69, 0xd2, 0x0, 0xf1, 0xd8, 0x0, 0xc8, 0x8,
    0xc0, 0x3e, 0x20, 0x0, 0x96, 0xea, 0x58, 0x80,
    0x21, 0x5a, 0xec, 0x50, 0x4, 0x80, 0x14, 0x3,
    0xf3, 0x80, 0xd, 0xc8, 0x3, 0x1b, 0xe7, 0x52,
    0x88, 0x4, 0x4a, 0x0, 0x90, 0xf, 0xc4, 0x0,
    0x14, 0x21, 0x5a, 0xec, 0x83, 0x0, 0xfa, 0x40,
    0xc, 0x20, 0x1f, 0x84, 0x4, 0x7, 0x7a, 0x94,
    0x40, 0x3f, 0x9d, 0x0, 0x16, 0x1, 0xf8, 0x80,
    0x4, 0x1, 0xff, 0xc3, 0x48, 0x0, 0x41, 0x0,
    0x7e, 0x70, 0x3, 0x0, 0x7f, 0xf0, 0x96, 0xc0,
    0x6, 0xe0, 0x1f, 0xd8, 0x0, 0xd0, 0xf, 0xfe,
    0xc, 0x50, 0x0, 0xb4, 0x3, 0xf8, 0x5c, 0x0,
    0x80, 0x1f, 0xf1, 0x6b, 0x80, 0xb, 0x4, 0x2,
    0x4d, 0xd6, 0x65, 0xc2, 0x2, 0x60, 0x1f, 0xf2,
    0x10, 0x1, 0x30, 0x40, 0x38, 0x88, 0x67, 0x0,
    0x54, 0x1, 0xff, 0xc0, 0x66, 0x1d, 0x58, 0x80,
    0x72, 0x38, 0x80, 0x42, 0xb8, 0x80, 0x0,

    /* U+52A0 "加" */
    0x0, 0xf4, 0x6b, 0x80, 0x7f, 0xf4, 0x5c, 0xa8,
    0x3, 0xff, 0xfe, 0x1, 0xff, 0xd3, 0x3d, 0xff,
    0xfe, 0xe6, 0x0, 0xfc, 0x20, 0x1f, 0xea, 0x20,
    0xf, 0xe1, 0xb0, 0x6a, 0xac, 0x0, 0x2a, 0xaf,
    0x49, 0x0, 0xc, 0x0, 0x23, 0xf0, 0x0, 0xc2,
    0x55, 0x70, 0x0, 0x55, 0x7c, 0xd0, 0x1, 0xdf,
    0xdd, 0xe0, 0xc, 0x20, 0x1f, 0xfc, 0x21, 0x0,
    0xff, 0xe2, 0x76, 0x65, 0x60, 0x4, 0xcc, 0xd2,
    0x1, 0xff, 0xc8, 0x33, 0x98, 0x0, 0x26, 0x79,
    0xc0, 0x3f, 0xf9, 0x62, 0x0, 0x30, 0xf, 0xfe,
    0x98, 0x80, 0x63, 0x0, 0x8, 0x7, 0xff, 0x21,
    0xc0, 0x1e, 0x1, 0xff, 0xd0, 0x20, 0x0, 0x80,
    0x7c, 0x60, 0x1f, 0xfc, 0x81, 0x0, 0x10, 0x6,
    0x10, 0xf, 0xfe, 0x5f, 0x0, 0x1c, 0x3, 0xff,
    0xa0, 0x40, 0x2, 0x0, 0xce, 0x0, 0x10, 0xf,
    0xfe, 0x43, 0x0, 0x4, 0x3, 0xff, 0xa0, 0x40,
    0x60, 0x1c, 0x20, 0xf, 0x0, 0xff, 0xe3, 0x90,
    0x1, 0x80, 0x3f, 0xfa, 0x8, 0x0, 0xd0, 0xe,
    0x30, 0x0, 0x80, 0x7f, 0xf1, 0xfc, 0x0, 0x60,
    0x1c, 0x20, 0x3, 0x0, 0xff, 0xe3, 0xa0, 0x1,
    0x40, 0x3f, 0x8, 0x7, 0xff, 0x18, 0x48, 0x8,
    0x40, 0x3b, 0x80, 0xe, 0x1, 0xff, 0xc6, 0x70,
    0x2, 0x80, 0x78, 0xc0, 0x2, 0x1, 0xff, 0xc6,
    0xa0, 0x6, 0x0, 0x79, 0x80, 0x6, 0x1, 0xc4,
    0x1, 0xc4, 0x1, 0xc6, 0x60, 0x14, 0x0, 0xf1,
    0x0, 0x4, 0x3, 0xb3, 0xff, 0xb4, 0x3, 0xbc,
    0x1, 0x20, 0x1e, 0x11, 0x1, 0x0, 0x44, 0x1,
    0xff, 0x10, 0x31, 0x80, 0x18, 0x3, 0xd2, 0x0,
    0x70, 0xa, 0x55, 0x13, 0xfd, 0xe5, 0x20, 0x8,
    0x10, 0x2f, 0xfc, 0xe0, 0xf, 0x0, 0x86, 0xae,
    0xff, 0xc6, 0xa0, 0x3, 0x70, 0x1, 0x80, 0x78,
    0xd4, 0x3, 0xff, 0x88, 0xe8, 0x5a, 0x1, 0xd,
    0xa1, 0x11, 0x23, 0x0, 0x3f, 0xf8, 0xa0,

    /* U+5300 "匀" */
    0x0, 0xff, 0x44, 0x4, 0x3, 0xff, 0xa0, 0xef,
    0x48, 0x7, 0xff, 0x42, 0x80, 0x18, 0x1, 0xff,
    0xcf, 0x42, 0x2, 0x40, 0xf, 0xfe, 0x7c, 0x0,
    0x2c, 0x3, 0xff, 0x9e, 0x86, 0x2, 0xe0, 0x1f,
    0xfc, 0xf8, 0x0, 0xf, 0x7f, 0xff, 0xf1, 0xb4,
    0x40, 0x3c, 0xc6, 0x1, 0xff, 0xca, 0x24, 0x0,
    0xe1, 0x80, 0x1, 0x19, 0xff, 0xf1, 0x80, 0x3f,
    0xa8, 0x40, 0xf7, 0x33, 0xff, 0x8c, 0xa0, 0x1f,
    0x32, 0x0, 0x3c, 0x3, 0xff, 0x94, 0x20, 0x11,
    0x48, 0x1, 0xcc, 0x3, 0xff, 0x8e, 0x20, 0x7,
    0x0, 0xf, 0x80, 0xa, 0x0, 0x90, 0x3, 0xff,
    0x97, 0xa4, 0x0, 0xf0, 0x2d, 0xbd, 0x40, 0xf,
    0xfe, 0x1b, 0x80, 0x4, 0x30, 0xc0, 0x14, 0x40,
    0x18, 0xae, 0xc4, 0x1, 0xff, 0xc1, 0x10, 0x1,
    0x9c, 0x0, 0x75, 0x0, 0x16, 0xa0, 0x1, 0x36,
    0x0, 0x3f, 0xf8, 0x62, 0x6a, 0xd, 0x0, 0x18,
    0xae, 0xc4, 0x0, 0x7e, 0x40, 0xf, 0xf1, 0x80,
    0x6a, 0xd9, 0x0, 0xf9, 0x35, 0xc0, 0x3, 0x6a,
    0x1, 0xfc, 0x20, 0x1c, 0x40, 0x1f, 0xe8, 0xc2,
    0x0, 0x30, 0x7, 0xfc, 0x20, 0x1f, 0xfc, 0x33,
    0xd8, 0xb3, 0x0, 0xfc, 0x20, 0x3, 0x0, 0xff,
    0xe2, 0xba, 0x0, 0x7f, 0x18, 0x0, 0x40, 0x3f,
    0xf8, 0xe2, 0xd7, 0xa8, 0x1, 0x84, 0x0, 0xe0,
    0x1f, 0xfc, 0x41, 0x6c, 0xe9, 0x42, 0xc0, 0xc,
    0xe0, 0x1, 0x0, 0xff, 0xe0, 0x93, 0xe7, 0x49,
    0x80, 0x47, 0x40, 0x18, 0x80, 0x4, 0x1, 0xfe,
    0x28, 0xdd, 0x41, 0x80, 0x42, 0xfb, 0x84, 0x1,
    0x84, 0x1, 0xe0, 0x1f, 0x1c, 0x6e, 0x9c, 0x80,
    0x21, 0x6c, 0xe8, 0x20, 0xf, 0x70, 0x0, 0x80,
    0x39, 0x7b, 0x1c, 0x80, 0x32, 0xdf, 0x49, 0x80,
    0x7f, 0x28, 0x1, 0x80, 0x38, 0xc4, 0x3, 0x2d,
    0x7d, 0x20, 0x7, 0xff, 0x0, 0xc0, 0x6, 0x1,
    0xcc, 0xc2, 0x5a, 0xfa, 0x50, 0xf, 0xfe, 0x12,
    0x0, 0x8, 0x3, 0xe9, 0xda, 0x50, 0xf, 0xfe,
    0x2c, 0x0, 0x10, 0x3, 0xff, 0x8e, 0x9b, 0x97,
    0x6a, 0xa5, 0xf1, 0x80, 0x28, 0x3, 0xff, 0x90,
    0x46, 0x88, 0x55, 0x20, 0x80, 0x18, 0xc0, 0x3f,
    0xf8, 0xe8, 0xe0, 0x1f, 0x14, 0xc8, 0x3, 0xff,
    0x93, 0x1f, 0xee, 0xdd, 0x77, 0xeb, 0x0, 0x60,

    /* U+5305 "包" */
    0x0, 0xfe, 0x4c, 0xa1, 0x0, 0xff, 0xe9, 0x51,
    0xaa, 0x80, 0x3f, 0xfa, 0x2c, 0x20, 0x48, 0x1,
    0xff, 0xd1, 0x80, 0x4, 0x0, 0x7f, 0xf4, 0x64,
    0x40, 0x5c, 0x8b, 0xff, 0x8a, 0x1, 0xff, 0x23,
    0x0, 0x7, 0x77, 0xff, 0x8d, 0xe4, 0x1, 0xf8,
    0x68, 0x3, 0xff, 0x96, 0x80, 0x1f, 0xb4, 0x40,
    0x55, 0x7f, 0xf8, 0xc2, 0x1, 0xfe, 0x93, 0x0,
    0x55, 0x7f, 0xf1, 0xdc, 0x3, 0xfa, 0x18, 0x1,
    0x8, 0x1, 0xff, 0xc9, 0x30, 0xe, 0x87, 0x0,
    0x2b, 0x80, 0x7f, 0xf1, 0xcc, 0x0, 0x20, 0x1a,
    0x9c, 0x0, 0x87, 0xff, 0xff, 0xc1, 0x70, 0xf,
    0xfe, 0x9, 0x28, 0x1, 0x2d, 0x80, 0x3f, 0xf8,
    0x36, 0x1, 0xe1, 0x0, 0x38, 0x4, 0x54, 0x4f,
    0x60, 0x19, 0x59, 0xbe, 0x50, 0x0, 0x80, 0x79,
    0xc0, 0x2, 0x1, 0x97, 0x60, 0x3, 0xd, 0x4c,
    0xfd, 0x40, 0x1f, 0xc2, 0x0, 0x30, 0xf, 0xfe,
    0x91, 0x80, 0x4, 0x3, 0xff, 0xa4, 0x20, 0x1f,
    0xfd, 0x71, 0x0, 0xff, 0xe9, 0x10, 0x0, 0xc0,
    0x3f, 0xf8, 0x3, 0xbb, 0xfb, 0x80, 0x3f, 0x30,
    0x1, 0x80, 0x3f, 0xf8, 0x24, 0x5f, 0x84, 0x0,
    0x20, 0x1c, 0x60, 0x2, 0x0, 0xff, 0xe0, 0xa2,
    0x7f, 0x97, 0xc0, 0x3a, 0xc0, 0x1e, 0x1, 0xff,
    0xc0, 0x1b, 0xbf, 0xf5, 0x19, 0xb7, 0x6e, 0x30,
    0x3, 0x80, 0x7f, 0xf3, 0x58, 0x8a, 0x10, 0x3,
    0x8, 0x7, 0xff, 0x35, 0x5c, 0x84, 0x92, 0x64,
    0x1, 0xff, 0xcf, 0x8d, 0xed, 0xb6, 0x0, 0xa1,
    0x0, 0x3f, 0xfa, 0x6a, 0xf6, 0x40, 0x1f, 0xfd,
    0x2d, 0x0, 0x38, 0x7, 0x84, 0x4, 0x3, 0xff,
    0x92, 0x80, 0x1, 0x0, 0xf1, 0x0, 0x1c, 0x3,
    0xff, 0x8e, 0xc6, 0x0, 0x50, 0xf, 0x58, 0x2,
    0x3f, 0x2e, 0xff, 0xf8, 0x9d, 0x20, 0x5, 0x10,
    0xf, 0x39, 0x80, 0x46, 0x89, 0xff, 0xc4, 0x10,
    0x1, 0x58, 0x7, 0xec, 0x95, 0x21, 0x0, 0xff,
    0xe2, 0x9, 0xc6, 0x88, 0x0,

    /* U+5319 "匙" */
    0x0, 0xd, 0xf7, 0x7f, 0xf0, 0x30, 0x80, 0x29,
    0xe7, 0x0, 0xff, 0xe0, 0x3a, 0x8, 0xff, 0xf0,
    0xd, 0x40, 0x26, 0x1a, 0x0, 0xff, 0xe1, 0xbd,
    0xdf, 0xe8, 0x0, 0x78, 0x7, 0xff, 0x26, 0xd1,
    0x3f, 0x80, 0x3f, 0xf9, 0x8e, 0x23, 0xf8, 0x3,
    0xff, 0x9b, 0x7d, 0xdf, 0xb0, 0x3, 0xff, 0xdd,
    0x9f, 0xff, 0xb0, 0x3, 0xff, 0xbe, 0x67, 0xf0,
    0x7, 0xe4, 0x33, 0xfc, 0x80, 0x1f, 0x8b, 0x33,
    0xea, 0x0, 0xfa, 0x33, 0x3f, 0x40, 0x3, 0xc0,
    0x3f, 0xf8, 0x22, 0x1, 0x9c, 0xc0, 0x3f, 0xf8,
    0x4, 0xa0, 0x1c, 0x2e, 0xfe, 0x89, 0x0, 0xc3,
    0x9f, 0xff, 0xfc, 0xd, 0x20, 0xe, 0x38, 0x8f,
    0x39, 0x0, 0x7f, 0xf6, 0x7, 0x7f, 0xff, 0xf8,
    0x94, 0x1, 0xff, 0xc3, 0x22, 0x0, 0x7f, 0xf1,
    0x14, 0x3, 0xff, 0x86, 0x73, 0xe, 0xfe, 0x0,
    0x13, 0xbf, 0x45, 0x80, 0x7f, 0xf1, 0x19, 0xe2,
    0x3c, 0x0, 0x68, 0x8e, 0x74, 0x0, 0xff, 0xe3,
    0x1e, 0xc8, 0x7, 0xff, 0x4e, 0x49, 0xc0, 0x3f,
    0xfa, 0x6c, 0x6, 0x1, 0xcb, 0x55, 0xd0, 0x1,
    0xff, 0xc7, 0x10, 0x60, 0xe, 0x15, 0x5e, 0x74,
    0x0, 0xff, 0xe3, 0x18, 0x8, 0x7, 0x9, 0x9f,
    0x2a, 0x0, 0x8, 0x8, 0x40, 0x3f, 0xf8, 0x2,
    0xa, 0x20, 0x19, 0x73, 0x3a, 0x80, 0x27, 0x0,
    0x76, 0xf7, 0xff, 0x18, 0x4, 0x60, 0x15, 0x80,
    0x7f, 0xf0, 0xa4, 0x2, 0x21, 0x0, 0xeb, 0x0,
    0x94, 0x2, 0x57, 0x0, 0xff, 0xe0, 0x9e, 0x31,
    0x9c, 0x88, 0x55, 0x35, 0x0, 0x58, 0x4, 0xe1,
    0x14, 0x1, 0xff, 0xc1, 0x39, 0xcc, 0xae, 0xd5,
    0x49, 0x20, 0x9, 0x1, 0x20, 0xc1, 0x40, 0x3f,
    0xf9, 0xcc, 0x21, 0xa1, 0xa6, 0x1, 0x2a, 0x0,
    0x7f, 0xf2, 0x46, 0x0, 0x50, 0x7, 0x18, 0x0,
    0x37, 0xfb, 0x75, 0x31, 0x1f, 0xfc, 0x33, 0x61,
    0x8, 0x0, 0xd3, 0xac, 0x20, 0x2, 0x45, 0x67,
    0x7f, 0xfe, 0x1b, 0x29, 0x2b, 0x0, 0x71, 0x4f,
    0x64, 0xb2, 0x10, 0x80, 0x7f, 0xf0, 0x95, 0x40,

    /* U+5343 "千" */
    0x0, 0xff, 0xe6, 0x8a, 0xa0, 0x7, 0xff, 0x3c,
    0x56, 0x33, 0xaa, 0xe0, 0x3, 0xff, 0x92, 0x6b,
    0x17, 0xdc, 0xa7, 0x30, 0x9, 0xc4, 0x3, 0xfe,
    0x12, 0x46, 0x8a, 0xce, 0xfc, 0xa7, 0x41, 0x0,
    0xc4, 0xd5, 0xc2, 0x1, 0xf3, 0x67, 0x7f, 0x6d,
    0xcb, 0xa9, 0x88, 0x7, 0x1a, 0xc5, 0xf6, 0xca,
    0x88, 0x7, 0xea, 0x31, 0x0, 0xf8, 0x90, 0x80,
    0x11, 0xf9, 0x4e, 0x82, 0x1, 0xff, 0xc0, 0x83,
    0x32, 0xb4, 0x4d, 0xef, 0xed, 0xa0, 0x0, 0x40,
    0x3f, 0xf8, 0xc9, 0x98, 0xa9, 0x76, 0x42, 0x0,
    0xff, 0xff, 0x80, 0x7f, 0xff, 0xc0, 0x3f, 0xff,
    0xe0, 0xc, 0xff, 0xff, 0xe0, 0xb0, 0x2, 0x7f,
    0xff, 0xf8, 0x3a, 0x0, 0x30, 0xf, 0xfe, 0x91,
    0x10, 0x18, 0xcf, 0xff, 0x82, 0x20, 0x1, 0x33,
    0xff, 0xe0, 0xb1, 0x4, 0xe6, 0x7f, 0xf0, 0x5c,
    0x1, 0x19, 0x9f, 0xfc, 0x19, 0x0, 0xff, 0xff,
    0x80, 0x7f, 0xff, 0xc0, 0x3f, 0xff, 0xe0, 0x1f,
    0xff, 0xf0, 0xf, 0xff, 0xf8, 0x7, 0xff, 0xfc,
    0x3, 0xff, 0xbd, 0xa2, 0x24, 0x0, 0xff, 0xe1,
    0x80,

    /* U+5355 "单" */
    0x0, 0xfc, 0xb2, 0x60, 0x1f, 0xfc, 0x17, 0x93,
    0x0, 0xff, 0xe1, 0xd3, 0x61, 0x80, 0x7f, 0xcd,
    0xd, 0xa0, 0x1f, 0xfc, 0x36, 0x0, 0x69, 0x0,
    0x7f, 0xc, 0x80, 0x24, 0x3, 0xff, 0x87, 0x24,
    0x3, 0x20, 0x1f, 0xd6, 0x0, 0x37, 0x0, 0xff,
    0xe2, 0x70, 0x1, 0x8, 0x3, 0xe3, 0x50, 0x7,
    0x0, 0x7f, 0xf1, 0x4d, 0xc0, 0x6, 0x1, 0xf7,
    0x0, 0x20, 0x80, 0x3f, 0xf8, 0x7, 0xbf, 0xf9,
    0xc0, 0x1d, 0xff, 0xf1, 0x0, 0x23, 0xfe, 0xe8,
    0x0, 0xfd, 0x24, 0x1, 0xff, 0xca, 0x17, 0x0,
    0xff, 0x91, 0xdf, 0xe3, 0x0, 0x23, 0xbf, 0xcc,
    0x1, 0xff, 0xc2, 0x98, 0x8f, 0x90, 0x1, 0xb1,
    0x1f, 0x48, 0x80, 0x7f, 0xff, 0xc0, 0x3d, 0xbf,
    0xff, 0x38, 0x2, 0x7f, 0xff, 0x8, 0x7, 0xff,
    0x8d, 0xe2, 0x3e, 0x40, 0x2, 0xc4, 0x7e, 0x0,
    0xff, 0xe1, 0x53, 0xbf, 0xc6, 0x0, 0xc7, 0x7f,
    0xc2, 0x1, 0xff, 0xe3, 0x10, 0xf, 0xfe, 0x38,
    0x80, 0x7f, 0xf0, 0x73, 0xff, 0xe7, 0x0, 0x4f,
    0xff, 0xe0, 0xf, 0xf8, 0x80, 0x3f, 0xf9, 0x82,
    0x1, 0xfa, 0x20, 0xef, 0xfc, 0x60, 0x4, 0x77,
    0xff, 0x68, 0x7, 0xf3, 0xc4, 0x7f, 0x20, 0x3,
    0x62, 0x3f, 0xc6, 0x1, 0xff, 0xe9, 0x10, 0xf,
    0xfe, 0x3e, 0x7f, 0xff, 0xf0, 0x58, 0x1, 0x3f,
    0xff, 0xfc, 0x1c, 0x0, 0x18, 0x7, 0xff, 0x48,
    0xc4, 0x25, 0x57, 0xff, 0x82, 0x40, 0x3, 0x55,
    0xff, 0xe0, 0xc8, 0x83, 0x55, 0x7f, 0xf0, 0x54,
    0x1, 0x55, 0xff, 0xc2, 0x60, 0xf, 0xff, 0xf8,
    0x7, 0xff, 0x88, 0xc0, 0x3f, 0xfa, 0x58, 0x22,
    0x70, 0xf, 0xfe, 0x18,

    /* U+5374 "却" */
    0x0, 0xfc, 0x44, 0x0, 0xff, 0xe8, 0xa6, 0xe8,
    0xc0, 0x3f, 0xfa, 0x4, 0x0, 0x60, 0xf, 0xf0,
    0x8f, 0xf0, 0x7, 0xf0, 0x80, 0xc, 0x3, 0xf3,
    0xff, 0x77, 0xf5, 0x80, 0x7f, 0xf2, 0x2c, 0x3,
    0xfc, 0x80, 0x1f, 0xfc, 0x81, 0x0, 0x22, 0xaf,
    0x0, 0x71, 0x55, 0x75, 0x80, 0x2a, 0xb9, 0x80,
    0x3d, 0x75, 0x5c, 0x80, 0x1a, 0x15, 0x78, 0xc0,
    0x6, 0xab, 0xa4, 0x40, 0x3f, 0xf8, 0x98, 0x1,
    0xff, 0xc1, 0x21, 0x0, 0xff, 0x9c, 0x3, 0x37,
    0xff, 0x40, 0x2, 0x7f, 0xf6, 0x80, 0x7f, 0xff,
    0xc0, 0x3f, 0xff, 0xe0, 0x1f, 0xfc, 0xa1, 0x0,
    0xa7, 0xff, 0xd0, 0x0, 0x9f, 0xfe, 0xc0, 0xf,
    0xfe, 0x1a, 0x0, 0x7f, 0xf0, 0xcc, 0x3, 0xff,
    0x87, 0x8, 0x9c, 0x40, 0x12, 0x27, 0xa0, 0x3,
    0xff, 0x86, 0xb7, 0x7c, 0x80, 0x7, 0xbb, 0xf3,
    0x80, 0x7f, 0xf2, 0x5c, 0x1, 0x20, 0x1f, 0xfc,
    0xf5, 0x10, 0x51, 0x0, 0x39, 0x80, 0x7f, 0xf2,
    0xe4, 0x1, 0x20, 0x7, 0x8c, 0x20, 0xf, 0xfe,
    0x9, 0x80, 0x7c, 0x86, 0x8, 0x60, 0x3, 0x0,
    0x40, 0x7, 0xff, 0x27, 0xc0, 0x10, 0x1, 0x21,
    0x82, 0x90, 0x7, 0xff, 0x1d, 0x10, 0xa, 0x60,
    0x1a, 0x0, 0x10, 0x1, 0xff, 0xc7, 0x80, 0x5,
    0x80, 0x73, 0x88, 0x29, 0x0, 0x7d, 0x17, 0x70,
    0x80, 0x73, 0x18, 0x41, 0x34, 0x5e, 0xfe, 0x8,
    0x2, 0x80, 0x3e, 0x64, 0x48, 0x0, 0x80, 0x2,
    0x80, 0x4, 0x64, 0xba, 0x10, 0x7, 0x30, 0x7,
    0xd0, 0x1, 0x96, 0x80, 0x12, 0x20, 0x1f, 0x1b,
    0x56, 0xb0, 0x9, 0x80, 0x79, 0xbf, 0x7b, 0xe8,
    0x40, 0x3c, 0x4b, 0x39, 0xf9, 0x2a, 0x58, 0x0,
    0x50, 0xf, 0xc4, 0x20, 0x1d, 0xe9, 0x3d, 0xb4,
    0xc6, 0x1, 0xca, 0x28, 0xc0, 0x1f, 0xfc, 0x34,
    0xb6, 0x10, 0xf, 0xf7, 0x58, 0x7, 0xff, 0x60,
    0x40, 0x3f, 0xfa, 0x2a, 0x8, 0x1, 0xfe,

    /* U+5377 "卷" */
    0x0, 0xff, 0xe2, 0x88, 0x7, 0xff, 0x52, 0xfa,
    0xc0, 0x3f, 0xf9, 0x55, 0xca, 0x1, 0xc4, 0x80,
    0xa0, 0x1c, 0x7d, 0xa4, 0x1, 0xff, 0xc1, 0x41,
    0xa5, 0x0, 0xc8, 0x0, 0x40, 0xe, 0xe1, 0x26,
    0x0, 0xff, 0xe0, 0xd8, 0x2, 0x84, 0x2, 0xc0,
    0x7, 0x80, 0x68, 0x20, 0x54, 0x0, 0xff, 0xe0,
    0xaa, 0x80, 0xe, 0x1, 0x20, 0x1, 0x0, 0x22,
    0x70, 0x1a, 0x0, 0xff, 0xe1, 0xd8, 0x82, 0x80,
    0x8, 0x40, 0x84, 0x2, 0xe0, 0x5, 0x0, 0x7f,
    0xc9, 0xff, 0xb8, 0x43, 0x3f, 0xda, 0x0, 0x2f,
    0xfc, 0x60, 0xb, 0xff, 0xc4, 0x1, 0xe3, 0x0,
    0xff, 0xe7, 0x38, 0x7, 0x9e, 0x1d, 0xff, 0x18,
    0x0, 0xdd, 0xff, 0xf8, 0x10, 0xa0, 0x1f, 0x3c,
    0x47, 0xd2, 0x60, 0xf, 0x88, 0xff, 0xe0, 0x38,
    0x7, 0xff, 0x12, 0xc0, 0xa, 0x60, 0x1f, 0xfd,
    0x4, 0x50, 0x5, 0x80, 0x7f, 0xf1, 0xce, 0xae,
    0xff, 0x50, 0x0, 0x6a, 0xef, 0xff, 0x87, 0x4a,
    0x0, 0x95, 0x44, 0xfc, 0x20, 0x1, 0x44, 0xff,
    0xe2, 0x2c, 0x0, 0x30, 0x40, 0x3f, 0xfa, 0x2a,
    0x0, 0x6e, 0xff, 0xe6, 0x0, 0xaf, 0xff, 0xf2,
    0x80, 0x13, 0xff, 0xe8, 0x0, 0xfd, 0x4c, 0x0,
    0xb4, 0x0, 0xfd, 0x48, 0x9, 0x60, 0x1f, 0xfc,
    0x11, 0xc5, 0x0, 0x5a, 0x0, 0x7f, 0xac, 0xc1,
    0x34, 0x80, 0x3f, 0xcb, 0xe6, 0x0, 0x2d, 0x99,
    0xff, 0xe0, 0x38, 0x0, 0xb5, 0xc0, 0x3e, 0x3b,
    0xa1, 0x2, 0x12, 0x66, 0xff, 0xe0, 0xa3, 0x28,
    0x2, 0x35, 0x40, 0x35, 0xe2, 0x0, 0x17, 0x4c,
    0x3, 0xff, 0x87, 0xd5, 0x20, 0x2, 0xaf, 0x91,
    0x24, 0x0, 0xd, 0x50, 0x3, 0x7f, 0xff, 0x98,
    0x0, 0x40, 0xda, 0xa0, 0x13, 0x39, 0x49, 0xc7,
    0x28, 0x7, 0xff, 0xd, 0x40, 0xc, 0x0, 0x2a,
    0xc5, 0x15, 0x60, 0x6c, 0x70, 0xf, 0xfe, 0x29,
    0x80, 0x8, 0x3, 0x1d, 0x75, 0x0, 0x7f, 0xf1,
    0x59, 0x8a, 0xa8, 0x0, 0x10, 0x80, 0x7f, 0xf3,
    0x12, 0x65, 0x54, 0x70, 0x5, 0x0, 0x7f, 0xf3,
    0x51, 0x88, 0x46, 0x39, 0x70, 0xa, 0x58, 0x3,
    0xff, 0x93, 0x3b, 0xdd, 0x63, 0x0, 0x48, 0xd2,
    0x80, 0x1f, 0xfd, 0x23, 0x0, 0xff, 0xe1, 0x88,
    0x0, 0x80, 0x3f, 0xf8, 0x54, 0x0, 0x50, 0xf,
    0xfe, 0x2, 0x80, 0x37, 0xb9, 0xba, 0xcc, 0xae,
    0xea, 0xab, 0x88, 0x8, 0x40, 0x3f, 0xf8, 0x16,
    0x1, 0x8, 0x88, 0x86, 0x72, 0x24, 0xab, 0x8,
    0x2, 0x40, 0x3f, 0xf8, 0x25, 0xac, 0x42, 0x1,
    0xff, 0xc0, 0x14, 0xb4, 0x0, 0xe0,

    /* U+538B "压" */
    0x0, 0x8e, 0xab, 0xff, 0xa1, 0x20, 0x1b, 0xd5,
    0x7f, 0xfa, 0xc, 0x80, 0x10, 0x80, 0x7f, 0xf4,
    0x58, 0x3, 0xd9, 0xbb, 0xff, 0xcd, 0xe2, 0x0,
    0xf1, 0x91, 0x7f, 0xf3, 0x44, 0x3, 0xff, 0x8e,
    0xb4, 0xa0, 0x1f, 0xfd, 0x3a, 0x5b, 0x0, 0xff,
    0xff, 0x80, 0x7f, 0xff, 0xc0, 0x3f, 0xff, 0xef,
    0xff, 0xfc, 0x0, 0x1f, 0xff, 0xf2, 0x0, 0x7c,
    0x20, 0xc, 0x0, 0xff, 0xe5, 0x18, 0x7, 0x18,
    0x6, 0xf4, 0x4f, 0xe0, 0x9, 0x13, 0xf9, 0x54,
    0x1, 0xf1, 0x80, 0x12, 0xef, 0xf8, 0x0, 0x37,
    0x7f, 0xd4, 0x40, 0x1c, 0x20, 0x1f, 0xfd, 0x71,
    0x0, 0xff, 0xe3, 0x1b, 0x0, 0x7f, 0x84, 0x0,
    0xc0, 0x1f, 0xfc, 0x6d, 0x9d, 0x20, 0xf, 0xc4,
    0x0, 0x30, 0xf, 0xfe, 0x34, 0x81, 0x6a, 0x0,
    0x7c, 0xc0, 0x1, 0x0, 0xff, 0xe3, 0x3c, 0x80,
    0x2c, 0xc0, 0x3d, 0xa0, 0xd, 0x0, 0xff, 0xe3,
    0xb4, 0x0, 0x34, 0x40, 0x38, 0xc0, 0xc, 0x1,
    0xff, 0xc8, 0x75, 0x1, 0x50, 0xe, 0x50, 0x1,
    0x0, 0x7f, 0xf2, 0x6c, 0xdd, 0x0, 0x30, 0x88,
    0x4, 0x40, 0x1f, 0xfc, 0x91, 0xc8, 0x0, 0xe5,
    0x0, 0x20, 0x7, 0xff, 0x4b, 0x40, 0x18, 0x0,
    0x22, 0xff, 0x80, 0x22, 0x2f, 0xf8, 0x2, 0x70,
    0x2, 0x6, 0xef, 0xff, 0x0, 0x0, 0x3b, 0xbf,
    0xf7, 0xa, 0x88, 0x19, 0x1, 0x0, 0x7f, 0xf3,
    0x44, 0x8c, 0x1, 0x40, 0x9, 0x55, 0xff, 0xe6,
    0xc1, 0xb2, 0x93, 0x0, 0x1a, 0xab, 0xff, 0x9a,
    0xe0,

    /* U+5398 "厘" */
    0x0, 0xff, 0xed, 0x57, 0xff, 0xff, 0x3f, 0x40,
    0x39, 0x40, 0x3f, 0xf9, 0xe4, 0x20, 0x10, 0x80,
    0x48, 0x9f, 0xfc, 0xc5, 0x81, 0x0, 0xf1, 0xdd,
    0xff, 0xf3, 0x29, 0xc0, 0x3f, 0xf8, 0x2, 0x3f,
    0xfc, 0x60, 0xf, 0xfe, 0x12, 0xff, 0x77, 0xff,
    0x1b, 0xd0, 0x3, 0xff, 0x81, 0xe0, 0x1f, 0xfc,
    0x8d, 0x0, 0xff, 0xe1, 0xcd, 0x57, 0x30, 0x2,
    0x6a, 0xb9, 0xc0, 0x3f, 0xf8, 0xcc, 0xab, 0xdc,
    0x0, 0x45, 0x5e, 0xb0, 0xf, 0xff, 0x42, 0xaf,
    0xb4, 0x0, 0xab, 0xe4, 0x0, 0xff, 0xe3, 0x55,
    0x79, 0x40, 0x11, 0x55, 0xd0, 0x1, 0xff, 0xdf,
    0x30, 0x3, 0x80, 0x77, 0xff, 0xa0, 0x1, 0xbf,
    0xfd, 0x80, 0x1f, 0xfd, 0xf1, 0x0, 0x8, 0x7,
    0x8, 0x7, 0xff, 0x9, 0xc0, 0x3f, 0x9c, 0x0,
    0x60, 0x1d, 0xdf, 0xfd, 0x0, 0xd, 0xff, 0xeb,
    0x0, 0xfe, 0x20, 0x0, 0x80, 0x34, 0x3, 0xff,
    0x91, 0xc0, 0x1e, 0x10, 0x7, 0x80, 0x1e, 0xa6,
    0x51, 0x13, 0xb8, 0xc0, 0xa, 0xee, 0x88, 0xa6,
    0x56, 0xe0, 0x1e, 0xe0, 0x1, 0x0, 0x4a, 0xcc,
    0x77, 0xa2, 0x8, 0x0, 0xe8, 0x83, 0xbc, 0xcc,
    0x40, 0xf, 0x94, 0x0, 0xc0, 0x1f, 0xf0, 0x80,
    0x7f, 0xf1, 0x8c, 0x0, 0x40, 0xc, 0xff, 0xfc,
    0xc0, 0xb, 0xff, 0xfd, 0x40, 0x1c, 0x40, 0x10,
    0x81, 0x18, 0x7, 0xff, 0x21, 0x40, 0x39, 0x0,
    0x6, 0x0, 0x29, 0x77, 0xfc, 0x40, 0x5, 0x77,
    0xfd, 0x60, 0x1d, 0xa0, 0x4, 0x0, 0x9a, 0x23,
    0xf3, 0x80, 0x3a, 0x23, 0xf2, 0x0, 0x61, 0x40,
    0x6, 0x0, 0x7f, 0xf4, 0x58, 0x2, 0x40, 0xf,
    0xfe, 0x80, 0xc8, 0x1, 0x41, 0x3b, 0xff, 0xfc,
    0xa0, 0xb, 0xff, 0xff, 0x71, 0xa0, 0x80, 0x38,
    0x34, 0x40, 0x3f, 0xf9, 0x82, 0x88, 0x0, 0x12,
    0x5, 0xaa, 0x27, 0xff, 0x31, 0x54, 0x34, 0x32,
    0x0, 0x2a, 0xbb, 0xff, 0xe6, 0x51, 0x0,

    /* U+53D1 "发" */
    0x0, 0xff, 0xe2, 0x8, 0x7, 0xff, 0x51, 0xfb,
    0x84, 0x1, 0xc2, 0x60, 0x1f, 0xfc, 0x3b, 0xe7,
    0x0, 0xea, 0x1, 0x40, 0xc, 0x5d, 0x8e, 0x1,
    0xff, 0xc1, 0x34, 0x1b, 0x0, 0xe2, 0x0, 0x28,
    0x7, 0xd0, 0xc0, 0x1f, 0xfc, 0xa, 0x0, 0x50,
    0x6, 0x20, 0x8, 0x80, 0x31, 0x58, 0x2, 0x54,
    0x3, 0xfe, 0x70, 0x3, 0x80, 0x66, 0x0, 0x8,
    0x80, 0x39, 0x24, 0x1, 0x46, 0x1, 0xfc, 0xc2,
    0xa, 0x20, 0x1b, 0x0, 0xa, 0x1, 0xf3, 0x38,
    0x2, 0x80, 0x3f, 0xac, 0x1, 0x20, 0x1c, 0x60,
    0xc, 0x0, 0xfd, 0x10, 0x68, 0x0, 0xfc, 0xc4,
    0x2, 0x60, 0x1c, 0x80, 0x2, 0x0, 0xfe, 0x79,
    0x10, 0xf, 0x86, 0x0, 0x3, 0xff, 0xe0, 0xa,
    0xbf, 0xff, 0xf8, 0x4a, 0x1, 0x8c, 0x40, 0x3f,
    0xf9, 0xf8, 0x1, 0x88, 0x82, 0x67, 0xf0, 0x4,
    0x46, 0x7f, 0xfc, 0x24, 0xa0, 0xe, 0xde, 0xcc,
    0xf6, 0x80, 0x5f, 0x99, 0xff, 0xc2, 0xb3, 0x0,
    0xff, 0xe0, 0xb0, 0x0, 0xc8, 0x3, 0xff, 0xa3,
    0x40, 0xb, 0x0, 0xff, 0xe8, 0xa1, 0x0, 0x2e,
    0xd9, 0x9d, 0xbb, 0xe5, 0x0, 0xff, 0xe2, 0x78,
    0x4, 0x68, 0x67, 0xc4, 0x5e, 0xa1, 0x0, 0xff,
    0xe1, 0x12, 0x0, 0x7f, 0xf1, 0x44, 0x3, 0xff,
    0x85, 0x20, 0x1b, 0xbf, 0xff, 0x98, 0x0, 0xa0,
    0x1f, 0xfc, 0x23, 0x40, 0xc, 0xc0, 0x1f, 0x85,
    0x80, 0x1c, 0x1, 0xff, 0xc2, 0xe0, 0x2, 0x10,
    0x48, 0x80, 0x7d, 0x0, 0x3, 0x40, 0xf, 0xfe,
    0xc, 0x10, 0x2, 0x64, 0x3, 0x40, 0x1e, 0x36,
    0x0, 0x78, 0x7, 0xff, 0x5, 0x1c, 0x1, 0x4,
    0x8c, 0x9, 0x0, 0x18, 0x74, 0x0, 0xa6, 0x1,
    0xff, 0xc0, 0x2a, 0x0, 0x1b, 0x80, 0x20, 0x41,
    0xd8, 0x2, 0xd1, 0x2, 0xa0, 0xf, 0xfe, 0x0,
    0xf8, 0x80, 0xe8, 0x4, 0x3a, 0x0, 0x96, 0xc,
    0x30, 0x7, 0x80, 0x7f, 0xf0, 0x7, 0x8, 0x1,
    0xa2, 0x1, 0x8e, 0x80, 0x13, 0xa6, 0x0, 0xb2,
    0x0, 0xff, 0x8f, 0xc8, 0x1, 0x46, 0x1, 0xe5,
    0x90, 0x1, 0x0, 0x2d, 0x0, 0x3f, 0xe7, 0xc1,
    0x0, 0x52, 0x80, 0x7e, 0x10, 0xc, 0x22, 0x0,
    0xff, 0xb2, 0x0, 0x2a, 0x50, 0xf, 0x8f, 0x60,
    0x3, 0xd, 0x59, 0x0, 0x7e, 0x13, 0x0, 0x16,
    0xa8, 0x7, 0x8e, 0xf0, 0x80, 0xd, 0x86, 0x0,
    0x4d, 0xa3, 0x0, 0xf0, 0xd1, 0xb6, 0x90, 0x6,
    0x16, 0xcc, 0x20, 0x0, 0xae, 0x4f, 0x20, 0x2,
    0x5c, 0xd7, 0x20, 0xc, 0xb9, 0x20, 0x19, 0x33,
    0xa4, 0xc0, 0x3, 0x3a, 0x80, 0x13, 0xf3, 0x0,
    0x45, 0x1b, 0xd4, 0x20, 0x1f, 0xb8, 0xc0, 0x22,
    0x9e, 0x60, 0xf, 0xc, 0xeb, 0x88, 0x4, 0x2a,
    0x40, 0x1f, 0xa0, 0xc9, 0xf3, 0x58, 0x3, 0xfc,
    0x51, 0xd6, 0xc4, 0x30, 0x60,

    /* U+53D6 "取" */
    0x9, 0xbb, 0xff, 0xe1, 0xd0, 0x80, 0x7f, 0xf0,
    0xcd, 0x91, 0x3f, 0xf8, 0x6a, 0xe0, 0x1f, 0xfc,
    0x33, 0x20, 0xf, 0xfe, 0x18, 0xa8, 0x8, 0xfe,
    0x22, 0x8, 0x6, 0xdf, 0x90, 0x5, 0x7f, 0xf8,
    0x40, 0x7e, 0x33, 0xfb, 0xbf, 0x6e, 0xbb, 0x84,
    0x1, 0xff, 0xc6, 0xc0, 0xf, 0xfe, 0x8, 0xa0,
    0x7, 0xff, 0x1b, 0x8c, 0x8b, 0xfc, 0x1, 0x10,
    0x7, 0xff, 0x19, 0x2c, 0x87, 0x77, 0xf2, 0x0,
    0x18, 0x3, 0xe9, 0xaa, 0xf0, 0x80, 0x6c, 0x3,
    0x20, 0xf, 0x94, 0x0, 0x40, 0x1f, 0x1a, 0xaf,
    0x80, 0x38, 0xc0, 0xe, 0x1, 0xe1, 0x10, 0x18,
    0x7, 0xff, 0x23, 0x0, 0x18, 0x1, 0xe5, 0x0,
    0x28, 0x7, 0xea, 0xff, 0xf0, 0x80, 0x64, 0x0,
    0x20, 0x7, 0xb4, 0x1, 0x80, 0x1f, 0xfc, 0x93,
    0x2, 0x10, 0xe, 0x40, 0x2, 0x0, 0x7f, 0xf2,
    0x6c, 0x0, 0xe0, 0x18, 0x88, 0x4, 0x20, 0x1f,
    0xfc, 0x95, 0x0, 0x50, 0x6, 0x50, 0x2, 0x80,
    0x7f, 0xf2, 0x88, 0x80, 0x64, 0x1, 0x50, 0x2,
    0xc0, 0x3f, 0xab, 0xff, 0xc2, 0x1, 0xea, 0x0,
    0x50, 0x1, 0x8, 0xc, 0xc0, 0x1f, 0xfc, 0xb6,
    0x0, 0x30, 0x3, 0xc0, 0x14, 0x1, 0xfe, 0x45,
    0x5f, 0x0, 0x7c, 0x2a, 0x2, 0xc6, 0x80, 0x6,
    0x0, 0xff, 0x75, 0x57, 0x84, 0x3, 0xe9, 0x0,
    0x5c, 0x0, 0x1c, 0x3, 0xff, 0x9c, 0x68, 0x4,
    0x80, 0x30, 0x1, 0xff, 0xcf, 0x80, 0xd, 0x0,
    0x1f, 0xfc, 0x62, 0x0, 0xfe, 0x33, 0x0, 0x4c,
    0x1, 0xff, 0xc0, 0xc7, 0x9c, 0xef, 0xd1, 0x0,
    0xfc, 0xa6, 0x1, 0x30, 0x7, 0x8e, 0xb2, 0x0,
    0xd, 0xc, 0x62, 0x1, 0xfe, 0x2b, 0x0, 0xd2,
    0x40, 0x1d, 0xa, 0x62, 0x1, 0xe3, 0x58, 0x10,
    0xf, 0xf, 0x88, 0x22, 0x0, 0x1e, 0x20, 0x1b,
    0x0, 0x2, 0x8d, 0x37, 0xdf, 0x94, 0xe0, 0x1f,
    0x69, 0x0, 0xd5, 0x4, 0xa, 0x80, 0x33, 0xef,
    0xf5, 0xcb, 0x20, 0x80, 0x7f, 0xe, 0x18, 0x3,
    0x44, 0x54, 0x0, 0x4b, 0x0, 0xc4, 0x1, 0xff,
    0xc3, 0x4f, 0x30, 0x5, 0x18, 0x1, 0x20, 0x0,
    0x9a, 0x60, 0x1f, 0xfc, 0x57, 0xb1, 0x0, 0x52,
    0x80, 0x67, 0x70, 0x0, 0xb1, 0x80, 0x3f, 0xf8,
    0x9c, 0x0, 0x1b, 0x50, 0xf, 0x44, 0x0, 0x2f,
    0x0, 0xff, 0xe0, 0xb8, 0x3c, 0x22, 0x3d, 0x0,
    0x3f, 0x3d, 0x89, 0xc0,

    /* U+53EF "可" */
    0x7c, 0xcf, 0xfe, 0x94, 0x4, 0x19, 0xff, 0xf4,
    0x9c, 0x50, 0x3, 0xff, 0xa4, 0x63, 0x7f, 0xff,
    0xfc, 0xba, 0x0, 0x2f, 0xfd, 0x80, 0x1f, 0xfc,
    0xd1, 0x0, 0xff, 0xff, 0x80, 0x7f, 0xf6, 0x27,
    0x33, 0xff, 0x81, 0x42, 0x1, 0xff, 0xc5, 0x46,
    0x33, 0xff, 0xe0, 0x2b, 0x0, 0x7f, 0xf1, 0x44,
    0x3, 0xff, 0x85, 0xe0, 0x1f, 0xfc, 0x86, 0xff,
    0xfd, 0x0, 0x1f, 0xfc, 0xb1, 0x0, 0xfc, 0x40,
    0x1f, 0xff, 0xf0, 0xf, 0xff, 0xf8, 0x7, 0xff,
    0x8c, 0xc0, 0x3f, 0xf9, 0x6f, 0xff, 0xfa, 0x40,
    0x3f, 0xf9, 0x2, 0x1, 0xff, 0xc2, 0xf0, 0xf,
    0xfe, 0x2a, 0x31, 0x91, 0x7f, 0x8d, 0x18, 0x3,
    0xff, 0x8d, 0x39, 0xbb, 0xfe, 0xcb, 0x10, 0xf,
    0xff, 0xf8, 0x7, 0xff, 0xfc, 0x3, 0xff, 0x90,
    0x40, 0x1f, 0xfc, 0xd6, 0xee, 0xef, 0x90, 0x1,
    0x0, 0x7f, 0xf2, 0xc4, 0x78, 0x3, 0x50, 0x7,
    0xff, 0x29, 0x98, 0x1, 0x84, 0xdb, 0x48, 0x3,
    0x80,

    /* U+53F3 "右" */
    0x0, 0xff, 0xe1, 0x2f, 0x61, 0x0, 0x7f, 0xf4,
    0xe4, 0x4d, 0x40, 0x3f, 0xfa, 0x42, 0x60, 0x4,
    0x0, 0xff, 0xe9, 0x20, 0x0, 0x4c, 0x3, 0xff,
    0xa5, 0x80, 0x4, 0x0, 0xff, 0xe9, 0xa0, 0x3,
    0x0, 0x3f, 0xfa, 0x44, 0x40, 0x2, 0x0, 0x7f,
    0xf1, 0xd7, 0xff, 0xfd, 0xa0, 0x16, 0xff, 0xff,
    0xf1, 0x60, 0x3c, 0x3, 0xff, 0xa8, 0x81, 0xc2,
    0x1, 0xff, 0xd2, 0x1b, 0x4, 0xef, 0xff, 0xca,
    0x0, 0x5f, 0xff, 0xfe, 0x37, 0x38, 0x7, 0xf8,
    0x54, 0x1, 0x20, 0x1f, 0xfd, 0x29, 0x0, 0x19,
    0x80, 0x3f, 0xfa, 0x4e, 0x0, 0x90, 0xf, 0xfe,
    0x94, 0x0, 0x9, 0x40, 0x3f, 0xfa, 0x22, 0xe0,
    0x9, 0x0, 0xff, 0xe9, 0x58, 0x0, 0xd0, 0x3,
    0xff, 0xa2, 0x8a, 0x0, 0x3e, 0xef, 0xfe, 0x3c,
    0x0, 0x7f, 0xa8, 0x3, 0x8, 0xff, 0xf1, 0xdc,
    0x3, 0xfa, 0xc4, 0x3, 0xff, 0xa9, 0x8, 0x1,
    0xdd, 0xff, 0xff, 0xc3, 0xd0, 0xf, 0xf3, 0x38,
    0x2, 0x4, 0x3, 0xff, 0x8c, 0x60, 0x1f, 0xcd,
    0x20, 0x5, 0x70, 0xf, 0xfe, 0x84, 0x48, 0x0,
    0xe8, 0x3, 0xff, 0x9e, 0x38, 0xe0, 0x3, 0xc0,
    0xf, 0xfe, 0x82, 0x18, 0x1, 0x30, 0x3, 0xff,
    0xa2, 0xa6, 0xd, 0x60, 0x1f, 0xfd, 0x3c, 0xd9,
    0x0, 0xff, 0xea, 0x90, 0x7, 0xff, 0x80, 0xc0,
    0x3f, 0xf8, 0x66, 0x1, 0xff, 0xc6, 0xde, 0xef,
    0xfe, 0x1e, 0x80, 0x7f, 0xf1, 0xc4, 0x7f, 0xf8,
    0x60, 0x1f, 0xfc, 0x46, 0x0, 0xff, 0xe4, 0xb0,
    0x4,

    /* U+53F8 "司" */
    0x6d, 0xdf, 0xfe, 0x7b, 0x51, 0x17, 0xff, 0x3e,
    0x2c, 0x47, 0xff, 0x98, 0x1, 0xb, 0xf7, 0x7f,
    0xf3, 0x3c, 0x3, 0xff, 0xe2, 0x31, 0x1f, 0xfc,
    0x85, 0x0, 0xfa, 0x5d, 0xff, 0xf9, 0x14, 0x20,
    0x1e, 0xd0, 0xf, 0xfe, 0x41, 0x8, 0x7, 0x97,
    0xff, 0xff, 0x91, 0xa0, 0x1f, 0xff, 0xa1, 0x1f,
    0xfe, 0x8, 0x7, 0xff, 0x4, 0x77, 0xfb, 0xbf,
    0xf8, 0x3e, 0xa0, 0x1f, 0xf2, 0x90, 0x7, 0xff,
    0xf, 0xc0, 0x3f, 0xe1, 0x0, 0x13, 0xbf, 0xf9,
    0x40, 0x2, 0x1, 0xff, 0xc2, 0x58, 0x8f, 0xf8,
    0x3, 0xff, 0xfe, 0x1, 0xff, 0xee, 0x20, 0xf,
    0xf3, 0x0, 0x7f, 0xf0, 0x84, 0x0, 0xbf, 0xff,
    0xeb, 0x0, 0xff, 0xe1, 0x38, 0x7, 0xff, 0x10,
    0x80, 0x3f, 0xe3, 0xa7, 0x7f, 0xfe, 0x14, 0x40,
    0x3, 0xff, 0x80, 0xb1, 0x1f, 0xfc, 0x27, 0x10,
    0xf, 0xff, 0x98, 0x80, 0x4, 0x3, 0xff, 0x91,
    0xbf, 0xfb, 0x80, 0x6, 0x1, 0xff, 0xc8, 0x20,
    0xf, 0xa8, 0x3, 0xff, 0x91, 0x42, 0x1, 0x12,
    0x53, 0x80,

    /* U+540E "后" */
    0x0, 0xff, 0xe6, 0x8a, 0x31, 0x0, 0x7f, 0xf2,
    0xc4, 0xd5, 0xe7, 0x3b, 0x97, 0x3a, 0xa0, 0x1f,
    0xf1, 0x1a, 0x2b, 0x44, 0xde, 0x77, 0xf6, 0x54,
    0x31, 0x88, 0x6, 0xc0, 0xf, 0xc9, 0xdf, 0xb9,
    0x75, 0x2e, 0xc8, 0x62, 0x1, 0xe2, 0x47, 0xad,
    0xf9, 0x0, 0xfd, 0x2, 0x1, 0xfc, 0x46, 0xaf,
    0x37, 0xbf, 0xb7, 0xa, 0x40, 0x1f, 0xfc, 0x15,
    0x8a, 0xbc, 0xdf, 0xf6, 0xe5, 0x43, 0x21, 0x0,
    0x7f, 0xf1, 0xed, 0xd5, 0xc, 0x80, 0x3f, 0xff,
    0xe0, 0x1f, 0xfc, 0x93, 0x0, 0xff, 0xea, 0xef,
    0xff, 0xff, 0x33, 0x40, 0x3f, 0xfa, 0xa4, 0x20,
    0x1f, 0x1a, 0x27, 0xff, 0x31, 0xc4, 0x3, 0x8,
    0x3, 0x6e, 0xff, 0xf9, 0x90, 0x1, 0xc6, 0x1,
    0xff, 0xd8, 0x10, 0xf, 0xfe, 0x90, 0x80, 0x7f,
    0xf6, 0xd6, 0xae, 0xff, 0xf8, 0x94, 0xe0, 0x1f,
    0x8, 0x0, 0x40, 0x2a, 0x54, 0x4f, 0xfe, 0x22,
    0xc1, 0x0, 0x78, 0x80, 0x4, 0x1, 0xff, 0xcb,
    0x10, 0xf, 0x30, 0x1, 0x80, 0x38, 0x7f, 0xff,
    0xf8, 0x44, 0x1, 0xfc, 0x40, 0x3, 0x0, 0xe3,
    0x0, 0xff, 0xe1, 0x8, 0x7, 0xf7, 0x0, 0x3c,
    0x3, 0xff, 0xa4, 0xa0, 0x5, 0x0, 0xff, 0xe9,
    0x18, 0x0, 0x80, 0x3f, 0xfa, 0x26, 0x0, 0x21,
    0x0, 0xff, 0xe8, 0xd8, 0x1, 0x0, 0x3f, 0xfa,
    0x4c, 0x0, 0xd0, 0xf, 0xfe, 0x8a, 0x88, 0xa,
    0x0, 0x7f, 0xf4, 0x60, 0x0, 0xc0, 0x1f, 0x17,
    0xff, 0xff, 0x8, 0xc0, 0x3c, 0xc4, 0x0, 0x90,
    0xf, 0xfe, 0x68, 0x80, 0x5c, 0x0, 0x71, 0x0,
    0xe9, 0x43, 0x3f, 0xfe, 0x22, 0x39, 0x0, 0x50,
    0x85, 0x0, 0x1e, 0x6b, 0xcc, 0xff, 0xe2, 0x5c,
    0x0, 0x60,

    /* U+5426 "否" */
    0x0, 0xff, 0xeb, 0x8f, 0x7f, 0xff, 0xf4, 0xdc,
    0x8, 0x40, 0x3f, 0xfa, 0x78, 0x6, 0x84, 0x5f,
    0xfc, 0x30, 0xc, 0x24, 0x5f, 0xf7, 0x0, 0x2f,
    0x77, 0xff, 0x85, 0x0, 0x11, 0xf6, 0xef, 0xfc,
    0xa0, 0x1f, 0xfc, 0x46, 0xa0, 0x1, 0xe0, 0x7,
    0xff, 0x42, 0x64, 0x0, 0x2d, 0x0, 0xff, 0xe7,
    0x96, 0x30, 0x4, 0xc2, 0x2, 0xa4, 0x1, 0xff,
    0xca, 0x6d, 0x30, 0xf, 0xf, 0xd6, 0xd9, 0x80,
    0x7f, 0xf1, 0x8f, 0x24, 0x2, 0x50, 0xc, 0x40,
    0x12, 0x65, 0x98, 0x7, 0xff, 0x8, 0xab, 0xc,
    0x0, 0x7b, 0xe0, 0x18, 0xfa, 0x44, 0x0, 0x99,
    0x44, 0x1, 0xfe, 0x29, 0xd5, 0x0, 0x9f, 0x8,
    0x3, 0xe6, 0xe8, 0x10, 0x2, 0xec, 0x0, 0x7c,
    0x75, 0xac, 0x1, 0x26, 0xc0, 0x7, 0xfc, 0xfc,
    0xe0, 0x13, 0xf2, 0x80, 0x5, 0xf7, 0x14, 0x2,
    0x2a, 0xb2, 0x0, 0xff, 0xe1, 0x46, 0xa0, 0x0,
    0x6a, 0x43, 0x20, 0x80, 0x21, 0x9d, 0x50, 0xf,
    0xfe, 0x29, 0x5d, 0x84, 0x0, 0xc5, 0x40, 0x11,
    0xd7, 0x30, 0x7, 0xff, 0x25, 0x3d, 0x2, 0x9,
    0xe9, 0xf3, 0xa, 0x1, 0xff, 0xcc, 0x1b, 0xf7,
    0x0, 0x2c, 0x18, 0x7, 0xfc, 0x20, 0x2, 0x0,
    0xff, 0xe9, 0xa5, 0x4c, 0x0, 0x7f, 0xf2, 0x5a,
    0xf3, 0x3f, 0xa6, 0xb7, 0x33, 0xfa, 0xcc, 0x3,
    0xfd, 0x28, 0x67, 0xff, 0xc9, 0x4f, 0x0, 0xfe,
    0x10, 0xf, 0xfe, 0x60, 0x80, 0x7f, 0xf0, 0x7f,
    0xff, 0xf8, 0xd0, 0x1, 0xff, 0xd6, 0x10, 0xf,
    0xff, 0xf8, 0x7, 0xff, 0xfc, 0x3, 0xff, 0xbb,
    0x97, 0x7f, 0xfc, 0x58, 0x0, 0xff, 0xe2, 0x1a,
    0x27, 0xff, 0x14, 0x40, 0x2, 0x1, 0xfc, 0x2a,
    0x1, 0xff, 0xcb, 0xa0, 0xe,

    /* U+5668 "器" */
    0x0, 0xc5, 0x11, 0xfc, 0xe4, 0x1, 0x8e, 0x23,
    0xfc, 0x60, 0x1f, 0x7b, 0xbf, 0xf4, 0x70, 0x6,
    0xd7, 0x7f, 0xf6, 0x80, 0x7c, 0x40, 0x1f, 0xe2,
    0x0, 0xc2, 0x1, 0xfe, 0x10, 0xf, 0xe3, 0xff,
    0xf0, 0x80, 0x70, 0x80, 0x17, 0xff, 0xc8, 0x0,
    0x10, 0xf, 0xce, 0x1, 0xe3, 0x0, 0xfc, 0x60,
    0x1e, 0x10, 0xf, 0xff, 0xf8, 0x7, 0xff, 0x75,
    0x62, 0x3a, 0x48, 0x3, 0xf3, 0xc4, 0x79, 0x0,
    0x3f, 0xe1, 0x77, 0xe6, 0x0, 0xf0, 0x80, 0x5,
    0xdf, 0xc2, 0x0, 0x10, 0xf, 0x38, 0x80, 0x7f,
    0xe, 0x20, 0x1, 0x84, 0x3, 0xf0, 0xb0, 0x7,
    0xd1, 0xdf, 0xff, 0xac, 0xf, 0xc0, 0x13, 0xde,
    0x0, 0x7f, 0xfd, 0xd2, 0x1, 0xff, 0xc5, 0xa0,
    0x6, 0x80, 0x71, 0x83, 0xf3, 0x0, 0x7f, 0xf2,
    0x28, 0x40, 0x98, 0x3, 0xb2, 0x44, 0x52, 0xc0,
    0x1f, 0x1c, 0xd5, 0x7f, 0x94, 0x0, 0x35, 0x5f,
    0x62, 0x0, 0x2a, 0xba, 0x50, 0x21, 0x95, 0x7f,
    0xc0, 0x11, 0xaa, 0xff, 0x0, 0xd, 0x57, 0x34,
    0x6, 0x88, 0x7, 0xff, 0x4e, 0xc1, 0xbb, 0xff,
    0xd2, 0x1, 0x47, 0xff, 0xda, 0xa0, 0x10, 0xcf,
    0xff, 0x9c, 0x3, 0xf4, 0xc8, 0x1, 0x6e, 0x1,
    0xf1, 0x56, 0xa0, 0xc, 0xea, 0x0, 0x7f, 0xc7,
    0xac, 0x5, 0xa8, 0x1, 0xfe, 0x2b, 0xc2, 0x2,
    0xba, 0x10, 0xf, 0x8a, 0xb0, 0x80, 0xf0, 0x80,
    0x3f, 0xf8, 0x27, 0xb0, 0x0, 0x5e, 0x50, 0xc,
    0x75, 0xaa, 0x1, 0x24, 0xc4, 0x65, 0x0, 0xcb,
    0x11, 0xef, 0x50, 0xa, 0xa4, 0x1, 0x98, 0x50,
    0xe, 0x77, 0xf5, 0x20, 0x1, 0x29, 0xdf, 0xe5,
    0x0, 0xcd, 0x20, 0x20, 0x1, 0x0, 0xff, 0x88,
    0x0, 0x40, 0x1f, 0xf2, 0x8, 0x68, 0x64, 0xe5,
    0x0, 0x23, 0xff, 0xa0, 0x3, 0xf5, 0x7f, 0xf5,
    0x80, 0x33, 0xbd, 0x0, 0x58, 0xc0, 0x3f, 0x84,
    0x3, 0xf0, 0x80, 0x7f, 0xff, 0xc0, 0x3f, 0xfc,
    0xb7, 0x11, 0xd4, 0x1, 0xfb, 0xe2, 0x3b, 0xc0,
    0x3f, 0xce, 0x0, 0x37, 0x7e, 0x30, 0x1, 0x80,
    0x72, 0x3b, 0xf2, 0x0, 0x7f, 0x8c, 0xc0, 0x1f,
    0xc4, 0x80, 0x7, 0x20, 0xf, 0xe2, 0x50, 0x8,

    /* U+56DB "四" */
    0x0, 0xff, 0xeb, 0xe7, 0xff, 0xff, 0x4b, 0x0,
    0xcc, 0x1, 0xff, 0xd2, 0x33, 0x38, 0x7, 0xff,
    0x51, 0xc0, 0x36, 0xf7, 0x78, 0x40, 0x17, 0xdd,
    0xac, 0x0, 0x7d, 0xde, 0xd0, 0xf, 0x84, 0x84,
    0x7c, 0x1, 0x30, 0x8e, 0x0, 0xc2, 0x3e, 0x20,
    0xf, 0xfe, 0x18, 0x80, 0x7f, 0xf6, 0xc, 0x3,
    0xff, 0xa2, 0x20, 0x10, 0x80, 0x7f, 0xf4, 0x4c,
    0x3, 0xff, 0xaa, 0xc0, 0x1, 0x0, 0xfc, 0x20,
    0x1f, 0xfc, 0x92, 0x0, 0x10, 0x7, 0xff, 0x4b,
    0x80, 0xc, 0x1, 0xff, 0xd2, 0x30, 0x6, 0x80,
    0x7f, 0xf4, 0x94, 0x0, 0x60, 0x1f, 0xfd, 0x13,
    0x10, 0x2, 0x0, 0x7e, 0x30, 0xf, 0xfe, 0x45,
    0x0, 0x10, 0x3, 0xce, 0x1, 0xff, 0xca, 0x16,
    0x0, 0x70, 0x7, 0xff, 0x4, 0x46, 0x0, 0xff,
    0xe0, 0xd0, 0x0, 0x54, 0x3, 0xc6, 0x0, 0x1f,
    0xfb, 0xba, 0xa0, 0xf, 0xfa, 0x50, 0x1, 0x60,
    0x1f, 0x94, 0x3, 0xf3, 0x0, 0x7f, 0x15, 0xb0,
    0x1, 0x54, 0x1, 0xfa, 0xa1, 0xd, 0x10, 0xaa,
    0x6f, 0x0, 0xfc, 0x5a, 0x80, 0x4, 0xa0, 0xf,
    0xf3, 0xde, 0x5d, 0xaa, 0x92, 0x60, 0x1f, 0xfc,
    0x6, 0xb0, 0xf, 0xfe, 0x81, 0x63, 0x5c, 0x80,
    0x7f, 0xf4, 0x8e, 0x50, 0x3, 0xff, 0xe6, 0x24,
    0x23, 0xff, 0xcc, 0x20, 0xf, 0xdb, 0xdd, 0xff,
    0xcc, 0xd0, 0xc, 0xe0, 0x1f, 0xfd, 0x47, 0x35,
    0x11, 0xff, 0xe9, 0x29, 0x80,

    /* U+56DE "回" */
    0x7, 0xdd, 0xff, 0xe9, 0x38, 0x2, 0x8, 0xbf,
    0xfa, 0x50, 0x1, 0xff, 0xdb, 0xac, 0xcf, 0xfe,
    0x64, 0x0, 0x7e, 0x43, 0x3f, 0xfe, 0x62, 0x0,
    0x7f, 0xff, 0xc0, 0x3f, 0xff, 0xc9, 0x9b, 0xbf,
    0xfc, 0x8, 0x0, 0xff, 0xe3, 0xc1, 0x91, 0x7f,
    0xf0, 0x1c, 0x80, 0x3f, 0xf8, 0xc2, 0x1, 0xff,
    0xc2, 0x10, 0xf, 0xfe, 0x4e, 0xff, 0xfe, 0x20,
    0xf, 0xfe, 0x61, 0x80, 0x7f, 0xff, 0xc0, 0x3f,
    0xff, 0xe0, 0x1f, 0xff, 0xf0, 0xf, 0xfe, 0x6,
    0x5d, 0xfd, 0x84, 0x1, 0xff, 0xc9, 0x10, 0x1,
    0x22, 0x7c, 0x60, 0x10, 0x80, 0x7f, 0xf1, 0xac,
    0x3, 0xff, 0x82, 0x64, 0x1, 0xff, 0xc6, 0x7f,
    0xff, 0xfe, 0xe, 0x0, 0x7f, 0xff, 0xc0, 0x3f,
    0xff, 0xe0, 0x1f, 0xfd, 0x6e, 0xef, 0xfe, 0x6e,
    0x0, 0x7f, 0x8, 0xff, 0xf3, 0x0, 0x3c, 0xc0,
    0x1f, 0xfd, 0x26, 0x0,

    /* U+571F "土" */
    0x0, 0xff, 0xe2, 0x19, 0x0, 0x7f, 0xf4, 0xdb,
    0x35, 0x0, 0x3f, 0xfa, 0x5e, 0x0, 0x20, 0xf,
    0xfe, 0xa8, 0x80, 0x7f, 0xff, 0xc0, 0x3f, 0xff,
    0xe0, 0x1f, 0xff, 0xf0, 0xf, 0xff, 0xaa, 0x5e,
    0x67, 0xf9, 0xc0, 0x15, 0x99, 0xfe, 0xb5, 0x0,
    0xf4, 0x21, 0x9f, 0xf8, 0x40, 0x4, 0x67, 0xfe,
    0x48, 0x0, 0xf2, 0x0, 0x7f, 0xf3, 0x90, 0x3,
    0xd1, 0xff, 0xff, 0x30, 0x2, 0x3f, 0xff, 0xe9,
    0x0, 0xff, 0xff, 0x80, 0x7f, 0xff, 0xc0, 0x3f,
    0xff, 0xe0, 0x1f, 0xff, 0xf0, 0xf, 0xff, 0xf8,
    0x7, 0xff, 0xed, 0xee, 0xff, 0xf8, 0x2e, 0x0,
    0xab, 0xbf, 0xfe, 0xc, 0x0, 0x21, 0x13, 0xff,
    0x82, 0x20, 0x2, 0x44, 0xff, 0xe0, 0xb9, 0x1,
    0x0, 0x7f, 0xf4, 0x84, 0x83, 0x7b, 0x77, 0xff,
    0xa1, 0xdc, 0x0,

    /* U+5747 "均" */
    0x0, 0xf2, 0x98, 0x7, 0xf1, 0xed, 0x8, 0x7,
    0xff, 0x15, 0xeb, 0x8, 0x3, 0xf7, 0x92, 0xa8,
    0x3, 0xff, 0x8b, 0xe0, 0x6, 0x0, 0xf8, 0x8c,
    0x5, 0x0, 0x3f, 0xfa, 0xa, 0x0, 0x70, 0xf,
    0xfe, 0x8c, 0x80, 0x28, 0x3, 0xff, 0xa0, 0xa2,
    0x4, 0x24, 0x5f, 0xf0, 0x80, 0x7f, 0xf1, 0x24,
    0x0, 0x5b, 0xbf, 0xfc, 0xe, 0xa0, 0xf, 0xfe,
    0x12, 0x98, 0x7, 0xff, 0x11, 0x40, 0x3f, 0x8,
    0x7, 0x58, 0x0, 0xd5, 0x7f, 0xe4, 0x0, 0x8,
    0x6f, 0xfc, 0xe0, 0xa, 0xff, 0x8e, 0x4, 0x7,
    0x2a, 0xbf, 0xeb, 0x0, 0x19, 0x10, 0x3, 0xfd,
    0x2e, 0x0, 0xb0, 0xf, 0xfe, 0x0, 0x80, 0x44,
    0xe8, 0x91, 0x0, 0xd, 0x12, 0x50, 0x2, 0x28,
    0x7, 0xff, 0xc, 0x42, 0x2e, 0xe5, 0x0, 0x45,
    0xd9, 0xc0, 0x2a, 0x0, 0xff, 0xe0, 0x98, 0x1,
    0xc0, 0x3f, 0xe3, 0x0, 0x51, 0x4d, 0x57, 0xd2,
    0xc0, 0x10, 0x80, 0x7f, 0xf0, 0xb5, 0xa9, 0x61,
    0x95, 0x7e, 0x69, 0x10, 0xe, 0x10, 0xf, 0xf8,
    0xa5, 0x40, 0xc0, 0x3f, 0x88, 0x40, 0xe, 0x0,
    0x30, 0xf, 0xfe, 0x1c, 0x7f, 0xff, 0x68, 0x4,
    0x20, 0x1f, 0xfd, 0x43, 0x0, 0x8, 0x7, 0xff,
    0x53, 0xc0, 0x3f, 0xfa, 0x22, 0x0, 0x10, 0xf,
    0xf9, 0xc, 0x3, 0xff, 0x89, 0xe0, 0x3, 0x0,
    0xfe, 0x5d, 0xbc, 0x1, 0x89, 0x9f, 0xf1, 0x80,
    0x4, 0x0, 0x20, 0x1f, 0xae, 0x88, 0x2, 0x97,
    0x66, 0xff, 0x40, 0x0, 0x80, 0xe, 0x1, 0xc6,
    0x1, 0xc3, 0x61, 0xa0, 0x1f, 0xf1, 0x80, 0x1c,
    0x0, 0x20, 0x1, 0x8f, 0x40, 0x8, 0x67, 0x90,
    0x17, 0xff, 0xfe, 0x80, 0x1, 0x0, 0x8, 0x27,
    0x9c, 0x2, 0x19, 0xe6, 0x0, 0xff, 0xe3, 0x8,
    0x8, 0x2b, 0x0, 0x43, 0x3c, 0xc0, 0x1f, 0xfc,
    0x72, 0x0, 0x10, 0x8, 0x0, 0x63, 0x98, 0x3,
    0xff, 0x92, 0xe0, 0x6, 0x4, 0x68, 0xe7, 0x0,
    0xff, 0xe5, 0xe0, 0x3, 0x40, 0x12, 0xe0, 0x1f,
    0xfc, 0xc2, 0x60, 0x2, 0x0, 0x7f, 0xf2, 0xab,
    0xb7, 0x32, 0xd0, 0x0, 0x98, 0x7, 0xff, 0x2c,
    0x48, 0xce, 0x0, 0xac, 0x3, 0xff, 0x97, 0x6,
    0x1, 0xc9, 0x6a, 0x1, 0xff, 0xcb, 0x2c, 0xff,
    0x77, 0xfa, 0xd0, 0x2,

    /* U+586B "填" */
    0x0, 0xff, 0xed, 0x26, 0xc8, 0x7, 0xff, 0x4,
    0xff, 0xca, 0x1, 0xff, 0xc2, 0xe2, 0x60, 0xf,
    0xfe, 0xd, 0x80, 0xc, 0x3, 0xff, 0x84, 0x20,
    0x1, 0x0, 0xff, 0xe0, 0x18, 0x1, 0x40, 0x3f,
    0xf9, 0x51, 0xff, 0xf2, 0x0, 0x33, 0xff, 0xee,
    0x20, 0xf, 0xfe, 0xa, 0x0, 0x7f, 0xf1, 0x85,
    0xc0, 0x3f, 0xf8, 0x3d, 0x11, 0xe6, 0x0, 0x24,
    0x47, 0xe9, 0x50, 0xf, 0xfe, 0x9, 0x3b, 0xfb,
    0xc0, 0x1e, 0xef, 0xf9, 0x80, 0x3f, 0xf8, 0xa4,
    0x5b, 0x0, 0xc, 0x45, 0xe0, 0xe, 0x17, 0x79,
    0x80, 0x12, 0xee, 0x40, 0xa, 0xf7, 0x72, 0x80,
    0x37, 0x7f, 0x0, 0x6b, 0x88, 0x88, 0x0, 0xf1,
    0xb, 0x10, 0x2, 0x0, 0x4, 0x7f, 0xc0, 0x2,
    0x10, 0x8, 0x80, 0x3f, 0x84, 0x40, 0x19, 0x7b,
    0xbf, 0xcc, 0x0, 0x30, 0xa, 0x37, 0x30, 0x60,
    0xb, 0xcc, 0x78, 0x7, 0x18, 0x7, 0xff, 0x18,
    0x8c, 0xce, 0x0, 0x53, 0x30, 0x80, 0x73, 0x7f,
    0xff, 0x98, 0x3, 0xff, 0x94, 0x26, 0x7f, 0xe1,
    0x0, 0xff, 0xe5, 0x3e, 0x67, 0xf9, 0x80, 0x3f,
    0xf9, 0x46, 0x23, 0xff, 0x0, 0x7f, 0xf2, 0x97,
    0xbb, 0xfc, 0xc0, 0x1f, 0xfc, 0xa1, 0x33, 0xff,
    0x8, 0x7, 0xff, 0x29, 0xf3, 0x3f, 0xcc, 0x1,
    0xff, 0xca, 0x33, 0xff, 0x88, 0x3, 0xff, 0x94,
    0xb9, 0x9f, 0xe5, 0x0, 0xff, 0xe1, 0xa2, 0x0,
    0x38, 0x95, 0x7f, 0xc4, 0x1, 0xff, 0xc1, 0xbf,
    0xbb, 0x0, 0x72, 0x55, 0x7f, 0x94, 0x3, 0xf9,
    0x18, 0x0, 0xa0, 0x4, 0x43, 0xb8, 0x0, 0xae,
    0xff, 0xe4, 0x0, 0x53, 0xb0, 0xc, 0xf5, 0x90,
    0x4, 0x53, 0x2b, 0x88, 0x0, 0xe, 0x23, 0xfc,
    0x60, 0x7, 0x89, 0x58, 0x61, 0x0, 0x97, 0x35,
    0x88, 0x40, 0x3f, 0xf9, 0x2d, 0xe0, 0x1, 0x7e,
    0xa3, 0x0, 0xbb, 0xff, 0xa1, 0x77, 0xff, 0x6a,
    0xbf, 0x7f, 0xf1, 0xb3, 0xd7, 0x40, 0x80, 0x7f,
    0xaa, 0x17, 0xc0, 0x35, 0xab, 0xfa, 0x0, 0x7a,
    0x14, 0x3, 0xfe, 0x2c, 0x50, 0x2, 0x80, 0x6b,
    0x10, 0x1b, 0x90, 0xf, 0xfe, 0x2c, 0x69, 0x80,
    0x22, 0x0, 0x18, 0xbd, 0x40, 0xd, 0xa4, 0x1,
    0xff, 0xc1, 0x6e, 0x70, 0x1, 0x63, 0x80, 0x78,
    0x6a, 0x80, 0x2, 0xc2, 0x0, 0xff, 0x8a, 0x44,
    0x0, 0xfa, 0x60, 0x1f, 0xcb, 0xa2, 0x2, 0xe0,
    0x1f, 0xf1, 0x28, 0xb7, 0x40, 0x7, 0xff, 0x0,
    0xbc, 0x91, 0x40,

    /* U+58EB "士" */
    0x0, 0xff, 0xf2, 0xaf, 0xf8, 0xc0, 0x3f, 0xfa,
    0x58, 0x0, 0x50, 0xf, 0xfe, 0xa8, 0x80, 0x7f,
    0xff, 0xc0, 0x3f, 0xff, 0xe0, 0x1f, 0xff, 0xf0,
    0xf, 0xff, 0x9c, 0x66, 0x7f, 0xf0, 0x5c, 0x1,
    0x59, 0x9f, 0xfc, 0x19, 0x0, 0x39, 0x9f, 0xff,
    0x4, 0x40, 0x4, 0x67, 0xff, 0xc1, 0x62, 0x2,
    0x0, 0xff, 0xe9, 0x11, 0x3, 0x7f, 0xff, 0xf8,
    0x2c, 0x0, 0x8f, 0xff, 0xfe, 0xe, 0x80, 0x7f,
    0xff, 0xc0, 0x3f, 0xff, 0xe0, 0x1f, 0xff, 0xf0,
    0xf, 0xff, 0xf8, 0x7, 0xff, 0xfc, 0x3, 0xff,
    0xf7, 0x7f, 0xff, 0xf3, 0x0, 0x23, 0xff, 0xfe,
    0xc0, 0xf, 0x20, 0x7, 0xff, 0x38, 0xcc, 0x1,
    0xca, 0x23, 0xff, 0xce, 0x33, 0x0, 0x0,

    /* U+5916 "外" */
    0x0, 0xff, 0xee, 0xbe, 0xb8, 0x7, 0xfd, 0x9f,
    0x0, 0x1f, 0xfc, 0x58, 0x29, 0x0, 0xff, 0x9,
    0x82, 0x80, 0x7f, 0xf1, 0x10, 0x0, 0x80, 0x1f,
    0xfd, 0x23, 0x0, 0x60, 0x7, 0xff, 0x4b, 0x0,
    0x8, 0x1, 0xff, 0xd2, 0x40, 0x4, 0x5d, 0xb3,
    0x1b, 0x94, 0x40, 0x1f, 0xfc, 0x94, 0x0, 0x95,
    0x10, 0x66, 0x23, 0x59, 0x0, 0xff, 0xe4, 0xf0,
    0x7, 0xff, 0x55, 0x40, 0xff, 0xfc, 0xe0, 0x2,
    0x0, 0xff, 0xe4, 0x30, 0x2, 0x80, 0x3c, 0x40,
    0xf, 0x0, 0xff, 0xe4, 0x58, 0xb, 0x0, 0x79,
    0xc0, 0x4, 0x1, 0xc4, 0x1, 0xff, 0xc1, 0x52,
    0x7, 0x0, 0xf0, 0x90, 0x1, 0x40, 0x3d, 0x8c,
    0x1, 0xff, 0x40, 0x0, 0x80, 0x3c, 0xa0, 0x1,
    0x10, 0x7, 0x8e, 0x70, 0x40, 0x3f, 0x41, 0x0,
    0x13, 0x44, 0x3, 0x60, 0x1, 0x0, 0x3f, 0x8f,
    0xcc, 0x3, 0xc8, 0xe0, 0x2, 0x2, 0xc2, 0x0,
    0x94, 0x1, 0x80, 0x1e, 0x2c, 0x10, 0x1c, 0x40,
    0xe, 0xa0, 0x4, 0x61, 0x81, 0x61, 0x1, 0x90,
    0x1, 0x0, 0x3e, 0x3c, 0x20, 0x5, 0xa8, 0x6,
    0x20, 0x37, 0x1c, 0x30, 0x1c, 0x1b, 0x0, 0x11,
    0x0, 0x3f, 0x16, 0x10, 0x2, 0x94, 0x2, 0xca,
    0xd0, 0xb, 0x4c, 0x7, 0x14, 0x0, 0xa0, 0x1f,
    0xe1, 0xc3, 0x0, 0x52, 0x0, 0x4a, 0x20, 0x10,
    0xe9, 0x1, 0x10, 0x1, 0x40, 0x1f, 0xf0, 0xe9,
    0x80, 0x2c, 0x40, 0x3f, 0xf, 0x88, 0x4, 0x64,
    0x1, 0xff, 0xc0, 0x1d, 0x20, 0x1, 0x80, 0x7f,
    0x14, 0x80, 0x54, 0x1, 0xff, 0xc2, 0x1f, 0x5c,
    0x20, 0xf, 0xf5, 0x80, 0x5, 0x80, 0x3f, 0xf8,
    0x65, 0x46, 0x1, 0xfe, 0x53, 0x0, 0x48, 0x7,
    0xff, 0x40, 0x6c, 0x0, 0x2e, 0x1, 0xff, 0xd0,
    0xb1, 0x0, 0x50, 0x7, 0xff, 0x41, 0xd4, 0x0,
    0xa8, 0x1, 0xff, 0xcf, 0x58, 0x0, 0xd, 0x80,
    0x7f, 0xf3, 0xda, 0x80, 0x2c, 0x10, 0xf, 0xfe,
    0x74, 0x48, 0x5, 0x64, 0x1, 0xff, 0xcd, 0x2c,
    0x70, 0xa, 0xd0, 0x3, 0xff, 0x9a, 0xfa, 0x60,
    0x1, 0xc4, 0x0, 0xff, 0xe7, 0x58, 0x4, 0x9e,
    0x60, 0x1f, 0xfc, 0xfe, 0x31, 0x9b, 0x10, 0xf,
    0xfe, 0x8, 0xa0, 0x28, 0x7, 0xf8,

    /* U+591A "多" */
    0x0, 0xff, 0xe0, 0x9d, 0xd9, 0x80, 0x3f, 0xf9,
    0xe7, 0x88, 0x8c, 0x0, 0xff, 0xe7, 0x2e, 0x0,
    0x12, 0x80, 0x30, 0x8c, 0x1, 0xff, 0xc6, 0x8a,
    0x0, 0x93, 0xff, 0xbb, 0xaf, 0x80, 0xf, 0xfe,
    0x11, 0xeb, 0x80, 0x7f, 0xf0, 0x9c, 0x3, 0xff,
    0x80, 0x33, 0x84, 0x3, 0x11, 0xfe, 0x0, 0x98,
    0x3, 0xfe, 0x7f, 0x60, 0x2, 0xfb, 0xbf, 0xf7,
    0x80, 0xa, 0x40, 0x3f, 0xc, 0x74, 0x8, 0x4,
    0xe8, 0x1, 0xfa, 0x1c, 0x1, 0xe0, 0x1f, 0xa3,
    0x9c, 0x40, 0x60, 0xc0, 0xab, 0xc, 0x3, 0xa5,
    0xc0, 0x16, 0x40, 0x1f, 0xf0, 0xc7, 0x3e, 0x51,
    0x1, 0xe4, 0x0, 0xb, 0x18, 0x1, 0x88, 0x1,
    0xfd, 0x17, 0x5c, 0xe0, 0x12, 0xeb, 0x80, 0x1f,
    0x1f, 0x4c, 0xb, 0x4c, 0x3, 0xfe, 0x45, 0x0,
    0xfa, 0x30, 0x40, 0xe0, 0x0, 0xb8, 0x40, 0x1f,
    0xfc, 0xa1, 0x40, 0xd, 0x32, 0x89, 0x30, 0xf,
    0xfe, 0x39, 0x4e, 0xa8, 0x0, 0xf5, 0x71, 0x98,
    0x80, 0x1f, 0xfc, 0x55, 0xbd, 0x60, 0x0, 0xd6,
    0x36, 0x80, 0x19, 0xc0, 0x3f, 0xf8, 0x49, 0x3d,
    0x48, 0x0, 0x18, 0xe5, 0x7b, 0x10, 0xa, 0x65,
    0x55, 0xd2, 0x80, 0x3, 0x7b, 0xfb, 0x61, 0x0,
    0x14, 0x73, 0x8d, 0xc0, 0x6, 0x66, 0x95, 0x79,
    0xad, 0x4b, 0x21, 0x0, 0x32, 0xde, 0xb8, 0x37,
    0x20, 0x7, 0xff, 0xd, 0x88, 0x80, 0x2, 0x6a,
    0xfa, 0x40, 0x4d, 0x90, 0x2, 0x77, 0xff, 0xf2,
    0x80, 0x10, 0xc3, 0x6f, 0x75, 0x2a, 0x0, 0x4c,
    0xb2, 0x1, 0xab, 0x10, 0xf, 0xc8, 0xa0, 0x9,
    0x0, 0x90, 0x80, 0x2, 0xfb, 0x66, 0x1, 0xe,
    0x8, 0x7, 0xe2, 0xa0, 0x3, 0x10, 0x7, 0xaf,
    0xa0, 0x80, 0xc, 0xc0, 0x3, 0x7a, 0x80, 0x78,
    0x7c, 0x40, 0xa4, 0x3, 0xc2, 0x80, 0x1, 0x7e,
    0x99, 0x61, 0x80, 0xd5, 0x4, 0x2, 0x2f, 0x20,
    0x7, 0x80, 0x7c, 0x38, 0xf7, 0xd0, 0x20, 0x3,
    0xc8, 0x0, 0x2f, 0x98, 0x2e, 0x88, 0x2, 0x88,
    0x3, 0xf1, 0xc2, 0x0, 0x7c, 0xf8, 0x20, 0x39,
    0x74, 0x1, 0x5a, 0x80, 0x7f, 0xf2, 0xf, 0xc8,
    0x0, 0x80, 0x1, 0xb4, 0x0, 0xff, 0xe5, 0x20,
    0x7, 0x27, 0xa0, 0x7, 0xff, 0x20, 0x5b, 0x68,
    0x80, 0x28, 0xb1, 0x0, 0xff, 0xe3, 0xad, 0xf4,
    0x90, 0x4, 0xfc, 0xe0, 0x1f, 0xfc, 0x41, 0x48,
    0xcf, 0xa4, 0x0, 0x85, 0xfa, 0x4, 0x3, 0xff,
    0x82, 0x53, 0x9f, 0xd6, 0xe6, 0x1, 0x92, 0xba,
    0x4, 0x3, 0xff, 0x86, 0xac, 0x60, 0x1c, 0x4d,
    0x5f, 0x6a, 0x1, 0xff, 0xc6, 0x63, 0x2, 0x58,
    0xbe, 0xd9, 0x50, 0xf, 0xfe, 0x30,

    /* U+5927 "大" */
    0x0, 0xff, 0xe2, 0x8, 0x7, 0xff, 0x44, 0xff,
    0x90, 0x3, 0xff, 0xa0, 0x80, 0xd, 0x0, 0xff,
    0xe8, 0x78, 0x0, 0x40, 0x3f, 0xfe, 0x2, 0x1,
    0xff, 0xd6, 0xf0, 0xf, 0xfe, 0x81, 0x80, 0x4,
    0x3, 0xff, 0xa0, 0x20, 0x3, 0x0, 0xff, 0xe8,
    0x30, 0x1, 0x80, 0x3f, 0xfa, 0x6, 0x0, 0x20,
    0xf, 0xfe, 0x12, 0xf7, 0x7f, 0xf0, 0x44, 0x1,
    0xfd, 0xdf, 0xfc, 0x17, 0xe1, 0x1f, 0xfe, 0x8,
    0x4, 0x23, 0xff, 0xc2, 0x9c, 0x0, 0xff, 0xe9,
    0x3b, 0xbf, 0xff, 0xf8, 0xa, 0x1, 0x9f, 0xff,
    0xff, 0x81, 0x20, 0x1f, 0xfc, 0x17, 0x0, 0xca,
    0x1, 0xff, 0xcd, 0x22, 0x0, 0x4, 0x8, 0xc0,
    0x3f, 0xf9, 0x88, 0x0, 0x56, 0x0, 0x48, 0x7,
    0xff, 0x32, 0x80, 0x19, 0x40, 0x5, 0x10, 0xf,
    0xfe, 0x51, 0x18, 0x1, 0xc9, 0x0, 0x12, 0x1,
    0xff, 0xca, 0xb0, 0x2, 0x8, 0x78, 0x1, 0xc4,
    0x3, 0xff, 0x90, 0x2c, 0x0, 0xf0, 0x2, 0x10,
    0x2, 0x0, 0x3f, 0xf9, 0x10, 0x0, 0x24, 0x0,
    0xa0, 0x0, 0xc6, 0x1, 0xff, 0xc6, 0x36, 0x0,
    0x40, 0x6, 0x53, 0x0, 0x70, 0x7, 0xff, 0x1b,
    0x80, 0x4, 0xa0, 0x1d, 0xe0, 0x2, 0x90, 0xf,
    0xfe, 0x24, 0x90, 0x3, 0x80, 0x3c, 0x6c, 0x0,
    0x65, 0x0, 0xff, 0xe1, 0x3b, 0x0, 0x1c, 0xc0,
    0x3e, 0x91, 0x0, 0x51, 0x80, 0x7f, 0xf0, 0x1e,
    0x0, 0x7, 0x0, 0x1f, 0xda, 0x1, 0x69, 0x80,
    0x7f, 0xa2, 0x0, 0x2, 0xd0, 0xf, 0xf1, 0xc8,
    0x0, 0x71, 0x0, 0x3e, 0x2c, 0x70, 0x1, 0x78,
    0x80, 0x7f, 0xcc, 0xe0, 0x15, 0xc0, 0x7, 0x46,
    0x98, 0x0, 0xf0, 0x80, 0x3f, 0xf8, 0x31, 0x0,
    0x9, 0xf1, 0x1, 0xb9, 0xc0, 0x26, 0xc1, 0x0,
    0xff, 0xe1, 0xbc, 0x80, 0x47, 0x76, 0xa1, 0x0,
    0x15, 0xc8, 0x7, 0xff, 0x19, 0xb4, 0xc0, 0x27,
    0xe2, 0x24, 0xea, 0x0, 0x7f, 0xf2, 0xb, 0x24,
    0x4f, 0x80,

    /* U+5929 "天" */
    0x0, 0x9, 0x17, 0xff, 0x38, 0x3, 0x87, 0xb7,
    0x7f, 0xf9, 0xdc, 0x1, 0x94, 0x3, 0xff, 0x9e,
    0x24, 0x1, 0x22, 0x99, 0xff, 0xc2, 0x0, 0x23,
    0x3f, 0xf9, 0x88, 0x3, 0x56, 0x67, 0xfc, 0xa0,
    0xe, 0xcc, 0xff, 0xa4, 0x3, 0xff, 0x8a, 0xe0,
    0x1f, 0xff, 0x51, 0x0, 0x8, 0x7, 0xff, 0xc8,
    0xc0, 0x3f, 0xfa, 0xe6, 0x1, 0xff, 0xc4, 0x23,
    0x3f, 0xfe, 0x0, 0x80, 0x14, 0xcf, 0xff, 0x80,
    0x40, 0x5, 0xdc, 0xcf, 0xfe, 0x0, 0x5, 0x79,
    0x9f, 0xfc, 0xd, 0x80, 0xd0, 0xf, 0xfe, 0x91,
    0x5, 0x22, 0x7f, 0xf0, 0x4, 0x3, 0x1a, 0x27,
    0xff, 0x2, 0x40, 0xae, 0xff, 0xf8, 0x4, 0x1,
    0xaa, 0xef, 0xff, 0x80, 0x60, 0x1f, 0xfc, 0x11,
    0x30, 0xd, 0x60, 0x1f, 0xfc, 0xe6, 0x0, 0x12,
    0x1, 0x20, 0x7, 0xff, 0x36, 0x40, 0x15, 0xe0,
    0x9, 0x0, 0xff, 0xe6, 0x38, 0x80, 0x19, 0xc,
    0x9, 0xc0, 0x3f, 0xf9, 0x43, 0x0, 0x7, 0x10,
    0x80, 0x4, 0x10, 0x7, 0xff, 0x27, 0x40, 0x3,
    0x20, 0x4, 0x50, 0x7, 0x80, 0x7f, 0xf2, 0x24,
    0xc0, 0x16, 0x20, 0x15, 0x88, 0x15, 0x80, 0x7f,
    0xf1, 0xa5, 0x80, 0xc, 0xa0, 0x18, 0x6c, 0x0,
    0x94, 0x1, 0xff, 0xc4, 0xa6, 0x0, 0x24, 0x80,
    0x79, 0x5c, 0x0, 0xb6, 0x1, 0xff, 0xc1, 0x2d,
    0x50, 0x1, 0xd8, 0x7, 0xe8, 0x50, 0x2, 0x69,
    0x80, 0x7f, 0xa3, 0x48, 0x0, 0x98, 0x1, 0xfe,
    0xa6, 0x0, 0x16, 0x40, 0x7, 0xcf, 0xce, 0x1,
    0x45, 0x80, 0x7f, 0xf0, 0x25, 0xc0, 0x27, 0xe7,
    0x10, 0x3, 0x74, 0x8, 0x0, 0xf1, 0xc0, 0x3f,
    0xf8, 0x51, 0x82, 0x0, 0x18, 0xea, 0xb, 0x10,
    0x1, 0x4e, 0x18, 0x7, 0xff, 0x10, 0xfa, 0x0,
    0x32, 0x8c, 0x91, 0xd6, 0xb0, 0x7, 0xff, 0x21,
    0xfe, 0x4c, 0x68, 0x40,

    /* U+5947 "奇" */
    0x0, 0xff, 0xe2, 0xa, 0x0, 0x7f, 0xf4, 0xc7,
    0xae, 0x80, 0x3f, 0xfa, 0x48, 0x1, 0xff, 0xd5,
    0x20, 0x1, 0x0, 0x7f, 0xf1, 0x47, 0x7f, 0xff,
    0xe8, 0x0, 0x3f, 0xff, 0xfd, 0xa4, 0x1, 0x94,
    0x80, 0x3f, 0xf9, 0xc4, 0x80, 0x19, 0x1d, 0x57,
    0xfc, 0x40, 0x2, 0x55, 0xff, 0xe0, 0x33, 0x0,
    0x3a, 0x2a, 0xbf, 0xac, 0xc0, 0x3, 0xf5, 0x5f,
    0xf4, 0x80, 0x7f, 0xf1, 0x34, 0x40, 0x7, 0x5f,
    0x48, 0x1, 0xff, 0xcb, 0x2c, 0x30, 0x2, 0x0,
    0x4b, 0x7a, 0xe2, 0x1, 0xff, 0xc6, 0x19, 0xd3,
    0x0, 0x65, 0xfd, 0x20, 0x0, 0xa3, 0xa9, 0x0,
    0x3f, 0xf8, 0x24, 0xd7, 0xcc, 0x0, 0x3d, 0x30,
    0x2, 0xdf, 0x41, 0x0, 0x16, 0xf5, 0x40, 0x3e,
    0x29, 0xce, 0xd9, 0x40, 0x1, 0x56, 0x10, 0x7,
    0xb, 0xed, 0xa0, 0x0, 0xab, 0x88, 0x3, 0x99,
    0x86, 0x20, 0x1, 0x7c, 0xd5, 0x0, 0xff, 0x25,
    0xea, 0x80, 0x46, 0x1, 0xc9, 0x2a, 0xf5, 0xbd,
    0x6, 0x1, 0xff, 0xc2, 0x2a, 0xc8, 0xc1, 0x0,
    0xd9, 0xf2, 0xaf, 0x5b, 0xff, 0xff, 0xc7, 0xc8,
    0xdf, 0xf6, 0x80, 0xc, 0x3, 0xff, 0xa4, 0x42,
    0x12, 0xca, 0xbf, 0xfc, 0xa1, 0x0, 0x22, 0xa9,
    0xa0, 0x41, 0xa6, 0xab, 0xff, 0x94, 0xa0, 0x8,
    0xaa, 0x4b, 0x80, 0x7f, 0xf7, 0x2f, 0xbb, 0xff,
    0x81, 0x20, 0x1f, 0xfc, 0x75, 0x41, 0x1f, 0xfe,
    0x3, 0x8, 0x7, 0xff, 0x24, 0xe2, 0x3f, 0x8,
    0x7, 0xff, 0x32, 0x9d, 0xff, 0x20, 0x7, 0xff,
    0xfc, 0x3, 0xff, 0xcf, 0x4e, 0xff, 0x90, 0x3,
    0xff, 0x98, 0x71, 0x1f, 0x84, 0x3, 0xff, 0x92,
    0x86, 0x1, 0xff, 0xb, 0x8, 0x7, 0xff, 0x18,
    0x73, 0xff, 0xfe, 0xe9, 0x0, 0xfe, 0x10, 0xf,
    0xfe, 0x58, 0xdd, 0xaa, 0xab, 0x40, 0x1, 0x80,
    0x7f, 0xf3, 0x11, 0xa, 0xb2, 0x0, 0xc, 0x40,
    0x3f, 0xf9, 0x63, 0x22, 0x1, 0x9, 0xbe, 0x80,
    0x78,

    /* U+5976 "奶" */
    0x0, 0xc9, 0xd6, 0x1, 0xff, 0xd2, 0xd1, 0x40,
    0xf, 0xfe, 0x91, 0x1, 0x0, 0x78, 0xe6, 0xab,
    0xfe, 0x95, 0x0, 0xfe, 0x60, 0x60, 0xf, 0x4b,
    0x2a, 0xff, 0xcd, 0x42, 0x1, 0xf8, 0x80, 0x80,
    0x3d, 0xa0, 0x1f, 0xfc, 0x23, 0x0, 0xf8, 0x40,
    0x1e, 0x0, 0xdf, 0x20, 0x7f, 0xf9, 0x0, 0x19,
    0xff, 0x88, 0x0, 0x40, 0x1f, 0x10, 0x0, 0x80,
    0x48, 0x1c, 0x3, 0xf0, 0x80, 0x63, 0x2, 0x0,
    0xf0, 0x92, 0x0, 0xd, 0xa4, 0x1, 0x30, 0x1,
    0xf1, 0x80, 0x42, 0x20, 0x70, 0xe, 0x6e, 0xd8,
    0x0, 0x44, 0xb8, 0x0, 0xdc, 0x80, 0x3f, 0xca,
    0x0, 0xd0, 0xe, 0x10, 0xf, 0xf9, 0x8, 0x2,
    0x70, 0x0, 0x80, 0x46, 0x0, 0x30, 0xe, 0x77,
    0x80, 0x9, 0x79, 0x60, 0xa, 0xb0, 0xc, 0x20,
    0x1e, 0xd0, 0x2, 0x0, 0x7a, 0x24, 0x1, 0xa8,
    0x6c, 0x0, 0x10, 0xf, 0x84, 0x3, 0x20, 0x10,
    0x7, 0xe5, 0x0, 0x20, 0x7, 0xfc, 0x40, 0x60,
    0x10, 0x88, 0x18, 0x47, 0x0, 0x63, 0x0, 0x10,
    0x0, 0x40, 0xe, 0x1, 0xf0, 0x80, 0x48, 0x0,
    0x4e, 0xed, 0xea, 0x0, 0xd0, 0x30, 0x9, 0x80,
    0x2, 0x1, 0x84, 0x0, 0xc0, 0x11, 0x80, 0x7e,
    0x20, 0x3, 0x82, 0x0, 0x44, 0x0, 0x20, 0xc,
    0x40, 0x2, 0x0, 0x9a, 0x59, 0xb1, 0x0, 0x4,
    0x4, 0x83, 0x40, 0x2e, 0x1, 0x0, 0xe6, 0x0,
    0x70, 0x6, 0x69, 0x9d, 0x60, 0x3, 0x4, 0x0,
    0x20, 0x4, 0xa0, 0x40, 0x1c, 0x40, 0x2, 0x0,
    0xff, 0xe0, 0x8, 0x60, 0x8, 0x80, 0x23, 0x5,
    0x0, 0xed, 0x0, 0x28, 0x7, 0xf0, 0x80, 0x1c,
    0xc, 0x5, 0x0, 0x6, 0x0, 0xc0, 0xe, 0x70,
    0x0, 0x80, 0x7f, 0x78, 0x0, 0x43, 0x80, 0x16,
    0xa1, 0x60, 0x4, 0x0, 0xe2, 0x3, 0x0, 0xff,
    0x8, 0x0, 0xc1, 0x28, 0x1, 0x4e, 0xa0, 0x42,
    0x1, 0x90, 0x0, 0xa0, 0x1f, 0xe3, 0x0, 0x8,
    0x1, 0x6c, 0x1, 0x4, 0x14, 0x1, 0xd8, 0x0,
    0xf0, 0xf, 0xf3, 0x0, 0x79, 0x2c, 0x3, 0x28,
    0x7, 0x28, 0x1, 0xc0, 0x3f, 0xc2, 0x4, 0x1,
    0xc9, 0x40, 0x15, 0x80, 0x63, 0x20, 0x21, 0x0,
    0xff, 0x10, 0x8, 0x7, 0xb8, 0x2, 0x69, 0x0,
    0xa4, 0x0, 0xa0, 0x1f, 0xe1, 0x0, 0x30, 0x7,
    0x22, 0x0, 0xc0, 0xc, 0xe0, 0x4a, 0x0, 0xa0,
    0xf, 0xf1, 0x0, 0x8, 0x3, 0xd, 0x0, 0x3a,
    0xc0, 0x10, 0x30, 0x0, 0x42, 0x0, 0xff, 0x28,
    0x3, 0x80, 0x35, 0x8, 0x41, 0x25, 0x0, 0xaa,
    0x80, 0x10, 0x1, 0xff, 0x60, 0x0, 0x80, 0x2a,
    0x40, 0x37, 0x0, 0x2c, 0xd5, 0x0, 0xc, 0x60,
    0x1f, 0xe1, 0x50, 0x2, 0x0, 0x29, 0x40, 0x74,
    0x3, 0x34, 0x88, 0x14, 0x80, 0x71, 0xe5, 0xda,
    0xaf, 0xc0, 0x8, 0x0, 0x55, 0x0, 0xe0, 0x80,
    0x7c, 0x3e, 0x1, 0xe6, 0x34, 0x42, 0xa0, 0x80,
    0x20, 0x0, 0x84, 0x4c, 0x20, 0xf, 0x64, 0x61,
    0x0, 0x79, 0x58, 0x40, 0x32, 0x69, 0x80, 0x7,
    0x74, 0x40, 0x1f, 0xb, 0x90, 0x7, 0xe9, 0xef,
    0xfd, 0x64, 0x1, 0x0,

    /* U+59CB "始" */
    0x0, 0xe4, 0xeb, 0x0, 0xff, 0xe0, 0xb6, 0xc8,
    0x7, 0xff, 0xf, 0x45, 0x0, 0x3f, 0xf8, 0x3,
    0x24, 0xc4, 0x1, 0xff, 0xc2, 0x20, 0x10, 0xf,
    0xfe, 0x4, 0x80, 0xc, 0x80, 0x3f, 0xf8, 0x4a,
    0xa, 0x1, 0xff, 0xb, 0x80, 0x20, 0x3, 0xff,
    0x86, 0x20, 0x60, 0x11, 0x0, 0x7d, 0x20, 0x3,
    0x40, 0xf, 0xfe, 0x11, 0x80, 0x38, 0x1, 0xba,
    0x60, 0xe, 0x27, 0x0, 0x78, 0x4, 0xf6, 0x40,
    0x1f, 0xca, 0x0, 0x50, 0x1, 0x7, 0x80, 0x74,
    0x80, 0x14, 0xc0, 0x28, 0x4c, 0x10, 0xf, 0xde,
    0x0, 0x74, 0x50, 0x2, 0x38, 0x4, 0x88, 0x0,
    0x58, 0x6, 0x70, 0x1b, 0x0, 0xcf, 0xdf, 0xe6,
    0x0, 0x5d, 0xa8, 0x0, 0x50, 0x60, 0x9, 0x0,
    0x40, 0x80, 0x68, 0x20, 0x55, 0x0, 0x5a, 0x20,
    0x1f, 0xf1, 0x18, 0x41, 0x1, 0xb8, 0x7, 0xb8,
    0x1, 0x60, 0x14, 0x22, 0x40, 0x6, 0xaa, 0x58,
    0x1, 0xb4, 0xd, 0xc0, 0x1c, 0x1, 0xf1, 0xb8,
    0xc, 0x0, 0xa, 0xed, 0x80, 0xb, 0x55, 0x80,
    0x2, 0x3, 0xc0, 0x8, 0x32, 0x34, 0x56, 0x78,
    0x93, 0x0, 0x39, 0x0, 0x6d, 0x1, 0x20, 0xe,
    0xf1, 0xc2, 0x0, 0x47, 0x6e, 0x5d, 0x4c, 0x3b,
    0x20, 0x5, 0x0, 0x19, 0x1, 0x0, 0x23, 0x0,
    0x9, 0x90, 0x7, 0xff, 0x4, 0x48, 0x41, 0x48,
    0x0, 0x42, 0x1a, 0x1, 0x30, 0x0, 0xc8, 0xc0,
    0x49, 0x15, 0xe2, 0x6f, 0x37, 0xbf, 0xb6, 0x80,
    0xa, 0x0, 0x40, 0x2, 0x80, 0x46, 0x0, 0x60,
    0xce, 0xe6, 0xdd, 0x43, 0xb2, 0x19, 0x8, 0x4,
    0x88, 0x35, 0x0, 0x68, 0x9, 0x0, 0x5c, 0x0,
    0x30, 0x0, 0x80, 0x7f, 0xf0, 0xef, 0x8, 0x0,
    0x80, 0x80, 0x19, 0x0, 0x40, 0x3f, 0xf9, 0x68,
    0x0, 0x20, 0x8, 0x48, 0x10, 0x2, 0x3d, 0xff,
    0xff, 0xe0, 0xea, 0x0, 0x4c, 0x0, 0x78, 0x0,
    0x20, 0x3, 0x0, 0x2a, 0x20, 0xf, 0xfe, 0x9,
    0x70, 0x4, 0x54, 0x0, 0x7c, 0x1e, 0x0, 0x20,
    0x4, 0x60, 0x3, 0x44, 0xfe, 0x30, 0x0, 0x80,
    0x65, 0xc1, 0x3, 0xf4, 0x3, 0x20, 0xf, 0x6d,
    0xdf, 0xf6, 0x80, 0x7e, 0x3f, 0x20, 0x10, 0x5,
    0x0, 0x7f, 0xf3, 0xc7, 0x50, 0x3, 0xff, 0xaa,
    0x40, 0x14, 0xb0, 0x7, 0xff, 0x3c, 0xd8, 0x3,
    0x4b, 0x0, 0x7f, 0xf3, 0x47, 0x40, 0x12, 0xe0,
    0x9, 0x50, 0xf, 0xfe, 0x65, 0x8, 0x1b, 0x43,
    0x80, 0x20, 0x3, 0xff, 0x97, 0x48, 0x3, 0xa0,
    0x8, 0x50, 0xa0, 0xf, 0xfe, 0x55, 0x28, 0x2,
    0x84, 0x2, 0xac, 0x70, 0xf, 0xfe, 0x40, 0xe2,
    0x80, 0x29, 0x0, 0x38, 0xc0, 0x3a, 0xa6, 0x7f,
    0xa8, 0x3, 0xa4, 0xc0, 0x14, 0xa0, 0x1f, 0xc6,
    0x0, 0x46, 0x6f, 0xe4, 0x0, 0x8, 0x2, 0x48,
    0x98, 0xa0, 0x1f, 0xea, 0x10, 0xf, 0xfe, 0x8,
    0xf0, 0x0,

    /* U+5B83 "它" */
    0x0, 0xff, 0xe0, 0xe, 0x72, 0x0, 0x7f, 0xf3,
    0x94, 0xc6, 0x40, 0x3f, 0xf9, 0xc8, 0x40, 0x4a,
    0x1, 0xff, 0xce, 0xb0, 0x4, 0x0, 0x7f, 0xf0,
    0x84, 0x7f, 0xf8, 0x8, 0x0, 0x25, 0x11, 0xff,
    0x82, 0x3b, 0xbf, 0xf8, 0x1a, 0x1, 0x57, 0x77,
    0xfd, 0xa, 0x1, 0xff, 0xd0, 0x53, 0x0, 0x1a,
    0x27, 0xff, 0x28, 0xc0, 0x6, 0x1, 0x65, 0xdf,
    0xff, 0x2b, 0x40, 0x3f, 0xfe, 0x66, 0x2, 0x0,
    0x8f, 0xb0, 0xf, 0xfe, 0x30, 0x80, 0xb, 0xa3,
    0x40, 0xa, 0x8, 0x20, 0x1f, 0xfc, 0x6b, 0x8e,
    0x37, 0x30, 0x1, 0x80, 0x7f, 0xf1, 0x10, 0x80,
    0x24, 0x72, 0x0, 0xff, 0xe4, 0x2e, 0xde, 0xa8,
    0x7, 0xff, 0x28, 0x5f, 0x68, 0x80, 0x10, 0x1,
    0xff, 0xc8, 0x5b, 0xe8, 0x20, 0x0, 0xbe, 0x0,
    0x7f, 0xf1, 0x5, 0xaf, 0xe9, 0x0, 0x23, 0x9e,
    0x81, 0x0, 0xff, 0xe0, 0xac, 0x67, 0x4a, 0x0,
    0x47, 0x1b, 0x8c, 0x1, 0xff, 0xc4, 0xb7, 0x30,
    0x9, 0x23, 0x71, 0xc8, 0x3, 0xff, 0x90, 0x4d,
    0x5f, 0x6e, 0x40, 0x1f, 0xfc, 0x99, 0xdd, 0x4a,
    0x80, 0x7f, 0xf3, 0x5c, 0x80, 0x3f, 0xff, 0xe0,
    0xde, 0xe0, 0x1f, 0xfc, 0xfd, 0x8, 0x0, 0xff,
    0xe7, 0xb0, 0x7, 0xe3, 0x0, 0x18, 0x7, 0xff,
    0x10, 0x88, 0x2, 0x1, 0xe1, 0x0, 0x58, 0x7,
    0xff, 0xc, 0x64, 0x0, 0x80, 0x1e, 0x40, 0x3,
    0x7f, 0x6e, 0xff, 0xf0, 0x3b, 0x88, 0x0, 0xe0,
    0xf, 0x48, 0x80, 0x42, 0x45, 0xff, 0xc0, 0x10,
    0x9, 0x90, 0x3, 0xc3, 0xf0, 0x82, 0x1, 0xff,
    0xc2, 0x14, 0xa9, 0x0, 0xfc, 0x2f, 0x7d, 0xff,
    0xff, 0xc2, 0xeb, 0x50, 0x8,

    /* U+5B8C "完" */
    0x0, 0xff, 0xe1, 0x8, 0x80, 0x3f, 0xfa, 0x4b,
    0xdc, 0x60, 0xf, 0xfe, 0x89, 0x80, 0x20, 0x3,
    0xff, 0xa2, 0xc2, 0x2, 0xe0, 0x1f, 0xfd, 0x19,
    0x0, 0x48, 0x80, 0x7f, 0xf0, 0xe7, 0xff, 0xff,
    0x81, 0x0, 0x1, 0xef, 0xff, 0xfa, 0x0, 0x26,
    0x0, 0xff, 0xe8, 0x30, 0x7, 0x91, 0x3f, 0xf9,
    0x66, 0x0, 0x10, 0xe, 0x2b, 0xbf, 0xfe, 0x5e,
    0x0, 0x7f, 0xff, 0xc0, 0x9, 0x55, 0xff, 0xc6,
    0x30, 0xf, 0xc8, 0xa, 0x0, 0x95, 0x5f, 0xfe,
    0x34, 0x0, 0x10, 0x14, 0x2, 0xbf, 0x80, 0x2,
    0x0, 0x7f, 0xf1, 0xb0, 0x1, 0x7f, 0x40, 0x1f,
    0xa7, 0xff, 0xff, 0x8c, 0xe0, 0x1f, 0xff, 0xf0,
    0xf, 0xfe, 0x9d, 0x7f, 0xff, 0xf4, 0xa8, 0x10,
    0x3, 0xff, 0xa4, 0x81, 0x8, 0x9f, 0x88, 0x0,
    0x28, 0x9c, 0x60, 0x1, 0x44, 0xfe, 0x80, 0x6b,
    0xbf, 0xe0, 0x3, 0x5d, 0xf4, 0x0, 0x1e, 0xef,
    0xf9, 0x80, 0x3f, 0xdc, 0x0, 0xe0, 0xf, 0xfe,
    0x89, 0x0, 0x8, 0x3, 0xff, 0xa2, 0xe0, 0x5,
    0x0, 0xff, 0xe8, 0x11, 0x0, 0x84, 0x3, 0xff,
    0xa1, 0x60, 0x5, 0x0, 0xff, 0xe8, 0x13, 0x0,
    0x28, 0x3, 0xff, 0x8a, 0x5f, 0x40, 0x1f, 0xf,
    0x80, 0x14, 0x80, 0x3f, 0xf8, 0xae, 0xa, 0x60,
    0x1c, 0x9e, 0x40, 0x36, 0x1, 0xff, 0xc6, 0x30,
    0x3, 0x80, 0x49, 0x76, 0x10, 0x6, 0x88, 0x7,
    0xf8, 0xc0, 0x3e, 0xc0, 0x3, 0x25, 0x75, 0xa0,
    0x0, 0xb4, 0xc0, 0x3f, 0x30, 0x1, 0x77, 0x59,
    0x8b, 0xb6, 0x28, 0x9, 0x42, 0x88, 0x0, 0x63,
    0x48, 0x3, 0xf8, 0x88, 0x0, 0x22, 0x19, 0x91,
    0x6, 0x0, 0x60, 0x81, 0x12, 0xd7, 0x38, 0x7,
    0xff, 0x3, 0xd4, 0x40, 0x3e, 0x17, 0x80,

    /* U+5B9A "定" */
    0x0, 0xff, 0xf2, 0xe7, 0xb8, 0x7, 0xff, 0x48,
    0x4c, 0x20, 0x40, 0x3f, 0xfa, 0x22, 0xa0, 0x8,
    0x0, 0xff, 0xe9, 0x48, 0x1, 0x88, 0x3, 0xff,
    0x89, 0x5f, 0xff, 0xfc, 0xc, 0x0, 0xb7, 0xff,
    0xfe, 0x90, 0xc, 0xa0, 0x1f, 0xfd, 0x6, 0x0,
    0xf9, 0x13, 0xff, 0x98, 0x1, 0xfc, 0x77, 0x7f,
    0xfc, 0xc1, 0x0, 0xff, 0xff, 0x80, 0x7f, 0xf5,
    0x50, 0x6c, 0x7, 0xbf, 0xff, 0xf8, 0xee, 0xc,
    0x2a, 0x1, 0xaf, 0x9c, 0x14, 0x40, 0x3f, 0xf8,
    0xf8, 0x11, 0xd4, 0x1, 0xf9, 0x19, 0x13, 0xe2,
    0x0, 0xa, 0x27, 0xef, 0x0, 0xff, 0xe0, 0xcd,
    0xdf, 0xd0, 0x0, 0x7b, 0xbf, 0xc8, 0x1, 0xff,
    0xe3, 0x27, 0x20, 0xf, 0xfe, 0x9f, 0xc7, 0x80,
    0x7f, 0xf4, 0x88, 0x80, 0x1f, 0xfd, 0x46, 0x0,
    0x38, 0x7, 0xe7, 0xbb, 0xfe, 0x70, 0xf, 0xf8,
    0xc0, 0x1a, 0x1, 0xf8, 0x51, 0x3f, 0xa0, 0x3,
    0xfe, 0xd0, 0x1, 0x0, 0x7f, 0xf1, 0x8c, 0x3,
    0xfe, 0x40, 0x7, 0x80, 0x7e, 0x6f, 0xff, 0xec,
    0x0, 0xff, 0x18, 0x80, 0x14, 0x40, 0x3f, 0xfa,
    0x16, 0x1, 0xa0, 0x3, 0xff, 0xa0, 0xc0, 0x3,
    0x6, 0x40, 0xf, 0xfe, 0x73, 0x88, 0x2f, 0x0,
    0x28, 0xc0, 0x3f, 0xf9, 0x83, 0x20, 0x9, 0x27,
    0x1, 0xc4, 0x0, 0xff, 0xe5, 0xd0, 0x82, 0x98,
    0x42, 0x80, 0x2e, 0xd8, 0x1, 0xff, 0xc8, 0x94,
    0x0, 0x40, 0x5, 0x4a, 0x0, 0x46, 0x0, 0x11,
    0x0, 0x3f, 0xf8, 0x74, 0xc0, 0x9, 0x20, 0xd,
    0x52, 0x20, 0x19, 0x37, 0xfd, 0xdb, 0xbf, 0xe1,
    0x25, 0x0, 0x33, 0x0, 0x3c, 0xdf, 0x4, 0x1,
    0xe1, 0x22, 0xff, 0x9, 0x48, 0xb4, 0x80, 0x7e,
    0x17, 0xdd, 0x53, 0x21, 0x8, 0x7, 0xfa, 0x0,

    /* U+5BB9 "容" */
    0x0, 0xff, 0xe2, 0x8, 0x7, 0xff, 0x4c, 0xff,
    0xa4, 0x3, 0xff, 0xaa, 0xc4, 0x1, 0xff, 0xd1,
    0x33, 0x0, 0x20, 0x3, 0xff, 0x88, 0x75, 0x77,
    0xff, 0xc0, 0x10, 0x2, 0xdd, 0xff, 0xf0, 0x18,
    0x2, 0x85, 0x44, 0xff, 0xe0, 0x10, 0x4, 0x89,
    0xff, 0xc0, 0x91, 0x0, 0x38, 0x7, 0xff, 0x48,
    0xc0, 0x3b, 0x3f, 0xff, 0xf9, 0x82, 0x1, 0xf8,
    0x40, 0x38, 0xd0, 0x3, 0xf8, 0x84, 0x3, 0xc6,
    0x1, 0xce, 0x1, 0xf3, 0x65, 0xd0, 0x7, 0xcf,
    0xbd, 0x0, 0x1f, 0xf1, 0x0, 0x90, 0x4, 0xb2,
    0x0, 0xf0, 0xf, 0xbc, 0x0, 0xfa, 0x40, 0x13,
    0x80, 0x90, 0x2, 0x77, 0xc0, 0x26, 0xa0, 0x3,
    0xa8, 0x7, 0xd1, 0x42, 0x5, 0xaa, 0x0, 0xad,
    0xf0, 0xc, 0x42, 0x0, 0x89, 0x0, 0x2c, 0x0,
    0x45, 0xda, 0x60, 0x5, 0xf4, 0x0, 0x54, 0x80,
    0x8, 0x40, 0x3c, 0x58, 0xe0, 0x4, 0xa0, 0xd,
    0xe2, 0x48, 0x1, 0xd, 0xb8, 0x1, 0xb4, 0x80,
    0x3c, 0x33, 0xa6, 0x0, 0x6b, 0x0, 0xd4, 0x40,
    0x9, 0x20, 0xd, 0x14, 0x0, 0x2c, 0x30, 0xe,
    0xd6, 0x0, 0xa6, 0x40, 0x1a, 0x14, 0x2, 0x1c,
    0x20, 0xc, 0xba, 0x20, 0x38, 0x1, 0xd2, 0x0,
    0x4d, 0x60, 0xd, 0x2e, 0x0, 0xa5, 0x1, 0xc2,
    0x0, 0xc5, 0xe4, 0x8, 0x1, 0xcb, 0xfe, 0xb2,
    0x0, 0xd4, 0xc0, 0x9, 0x5a, 0x60, 0x1d, 0x50,
    0xc, 0x39, 0x56, 0x1, 0xff, 0xc0, 0x2d, 0x50,
    0x5, 0x30, 0x2, 0x5c, 0x1, 0x52, 0x1, 0x85,
    0x40, 0x3f, 0xf8, 0xb, 0xa4, 0x3, 0x6a, 0x1,
    0xa2, 0x0, 0x6, 0xc3, 0x0, 0xff, 0xe1, 0xd,
    0x50, 0x0, 0x58, 0x80, 0x1e, 0x7c, 0x20, 0x3c,
    0x91, 0x0, 0xff, 0x9b, 0xd4, 0x0, 0xda, 0x40,
    0x1f, 0x8f, 0x54, 0x0, 0xdc, 0xe2, 0x1, 0xf2,
    0xec, 0x88, 0x0, 0x4a, 0xef, 0xff, 0x80, 0x20,
    0x1a, 0x3a, 0x4, 0x0, 0x2f, 0xb4, 0x40, 0x18,
    0x51, 0x3f, 0xf8, 0x40, 0x1e, 0x7e, 0x90, 0xc8,
    0x20, 0x1, 0x88, 0x7, 0xff, 0x22, 0xd4, 0x2,
    0x62, 0x70, 0x1, 0xde, 0x18, 0x3, 0xbf, 0xff,
    0xf8, 0x42, 0x0, 0x5a, 0xc4, 0x18, 0x2a, 0x9b,
    0xc4, 0x0, 0xff, 0xe6, 0x1d, 0xf3, 0x80, 0x19,
    0x0, 0x3f, 0xff, 0xe0, 0x1f, 0xff, 0x7d, 0xbb,
    0xff, 0xe1, 0x8, 0x7, 0xff, 0xc, 0x40, 0x6,
    0x89, 0xff, 0xc2, 0x0, 0xff, 0xe2, 0x50, 0x7,
    0xff, 0x1d, 0x44, 0x3, 0xc0,

    /* U+5BF9 "对" */
    0x0, 0xff, 0xe7, 0x21, 0x0, 0x7f, 0xf4, 0xa2,
    0xf4, 0x40, 0x3f, 0xfa, 0x24, 0x0, 0x20, 0xf,
    0xff, 0xdb, 0x4c, 0xfd, 0x55, 0x4b, 0x88, 0x7,
    0xff, 0x18, 0xe5, 0x9b, 0xe5, 0x59, 0xa2, 0xc0,
    0x3f, 0xf8, 0xc2, 0x1, 0xff, 0xc1, 0x10, 0xf,
    0xfe, 0x31, 0x76, 0x67, 0xf2, 0x0, 0xc, 0x3,
    0xff, 0x8e, 0x26, 0x7f, 0xc0, 0x17, 0x15, 0x5d,
    0xfe, 0x40, 0x4, 0x5d, 0xa4, 0x40, 0x3f, 0xe5,
    0x0, 0x15, 0x2a, 0x27, 0xe1, 0x0, 0x22, 0x4c,
    0xe0, 0x1f, 0xe1, 0x10, 0x1, 0x74, 0x3, 0xff,
    0x88, 0xa0, 0x1f, 0xe5, 0x0, 0x10, 0xaf, 0xff,
    0xf2, 0x80, 0x33, 0xfe, 0x30, 0x3, 0xd9, 0x0,
    0x71, 0x80, 0x10, 0x3, 0xff, 0x90, 0x50, 0x98,
    0x60, 0x1a, 0xc0, 0x18, 0x1, 0xff, 0xc8, 0x24,
    0x1, 0xc4, 0x0, 0x9, 0x80, 0x10, 0x3, 0xff,
    0x93, 0x6a, 0x0, 0xb4, 0x7, 0x0, 0x18, 0x80,
    0x17, 0xec, 0x3, 0xff, 0x8b, 0x4a, 0x0, 0xb4,
    0xd0, 0x5, 0x80, 0x5a, 0x9, 0x0, 0x1f, 0xfc,
    0x5a, 0x50, 0x5, 0xa0, 0x1, 0x80, 0x28, 0x10,
    0x73, 0x0, 0xff, 0xe2, 0xd2, 0x0, 0x64, 0x10,
    0xd, 0x0, 0xf, 0x0, 0xff, 0xe3, 0x59, 0x80,
    0x5a, 0x1, 0xcc, 0x20, 0x68, 0x1, 0xff, 0xc6,
    0x90, 0xa, 0xc0, 0x3d, 0x0, 0xf, 0x0, 0xff,
    0xe3, 0x48, 0x4, 0x56, 0x1, 0xcc, 0x20, 0x80,
    0x1f, 0xfc, 0x54, 0x30, 0xc, 0x90, 0x1, 0xce,
    0x2, 0x1, 0xff, 0xc5, 0x80, 0x3, 0xc0, 0x1,
    0xd0, 0x3, 0x44, 0x30, 0x3, 0xff, 0x88, 0xa6,
    0x0, 0x97, 0x40, 0x5, 0x0, 0x61, 0x72, 0x0,
    0xff, 0xe1, 0x8d, 0x80, 0x20, 0x42, 0x84, 0x6,
    0x0, 0x3f, 0xf9, 0x36, 0x20, 0x4e, 0x0, 0x18,
    0x0, 0xff, 0xe5, 0xba, 0x80, 0x38, 0x3, 0x32,
    0x2c, 0x0, 0x7f, 0xf1, 0xd6, 0x0, 0xe, 0x60,
    0x1d, 0x74, 0x1, 0xff, 0xc7, 0x6a, 0x0, 0x24,
    0x0, 0x7f, 0xf1, 0x84, 0x0, 0x20, 0x1a, 0x24,
    0x0, 0x54, 0x1, 0xff, 0xc2, 0xad, 0xee, 0x90,
    0x0, 0x60, 0x19, 0x0, 0x7, 0x82, 0x1, 0xff,
    0xc2, 0x42, 0x11, 0x80, 0x8, 0x20, 0x1b, 0xc5,
    0x70, 0x40, 0x3f, 0xf8, 0x74, 0x40, 0x1, 0x38,
    0xb0, 0xe,

    /* U+5C0F "小" */
    0x0, 0xff, 0xe2, 0x2c, 0x18, 0x7, 0xff, 0x4c,
    0x69, 0xf8, 0x3, 0xff, 0xa6, 0x60, 0x3, 0x0,
    0xff, 0xff, 0x80, 0x7f, 0xff, 0xc0, 0x3f, 0xff,
    0xe0, 0x1f, 0x37, 0xd8, 0x80, 0x7f, 0xf0, 0xef,
    0xe8, 0x3, 0xff, 0x83, 0x60, 0x8a, 0x1, 0xff,
    0xc3, 0x40, 0x55, 0x0, 0x7f, 0xc2, 0x40, 0x6,
    0x0, 0xff, 0xe1, 0xb8, 0x2, 0x0, 0x3f, 0xe4,
    0x0, 0x9, 0x0, 0x7f, 0xf0, 0xe0, 0x40, 0x9c,
    0x3, 0xfd, 0x80, 0x4, 0x0, 0xff, 0xe2, 0xc0,
    0x2, 0x40, 0x3f, 0xce, 0x0, 0xc0, 0xf, 0xfe,
    0x2b, 0x8, 0xb, 0x80, 0x7e, 0x41, 0x0, 0x38,
    0x7, 0xff, 0x1a, 0x40, 0x12, 0x1, 0xfb, 0x80,
    0x6, 0x20, 0x1f, 0xfc, 0x67, 0x0, 0xb, 0x0,
    0x78, 0x54, 0x1, 0x40, 0x1f, 0xfc, 0x87, 0x0,
    0x58, 0x7, 0x98, 0x2, 0x70, 0xf, 0xfe, 0x45,
    0x0, 0x9, 0x0, 0x3a, 0x40, 0xc, 0x20, 0x1f,
    0xfc, 0x82, 0x40, 0x7, 0x80, 0x66, 0x10, 0x5,
    0x80, 0x7f, 0xf2, 0xb8, 0x0, 0x82, 0x0, 0x18,
    0x0, 0x31, 0x0, 0x7f, 0xf2, 0x94, 0x40, 0xc,
    0x0, 0xa1, 0x1, 0x80, 0xf, 0xfe, 0x63, 0x80,
    0x2c, 0x5, 0x0, 0x16, 0x20, 0x1f, 0xfc, 0xcc,
    0x0, 0x18, 0xd, 0x1b, 0xa8, 0x7, 0xff, 0x35,
    0x0, 0x6, 0x0, 0x5c, 0x80, 0xf, 0xfe, 0x70,
    0xdd, 0x60, 0x7, 0xff, 0x51, 0x14, 0x3, 0xff,
    0xfe, 0x1, 0xff, 0xc0, 0x60, 0xf, 0xfe, 0x83,
    0x77, 0x75, 0x80, 0x8, 0x3, 0xff, 0x9b, 0xc2,
    0x3c, 0x1, 0x48, 0x7, 0xff, 0x36, 0x14, 0x3,
    0x12, 0xda, 0x80, 0x7f, 0xf1, 0x0,

    /* U+5C42 "层" */
    0x0, 0xcb, 0x11, 0xff, 0xcc, 0x70, 0xf, 0x25,
    0x3b, 0xff, 0xf3, 0x22, 0x40, 0x38, 0x40, 0x3f,
    0xf9, 0xc4, 0x1, 0xc6, 0x0, 0x6f, 0xff, 0xfe,
    0x45, 0x80, 0x7f, 0xdc, 0x1, 0xff, 0xc8, 0x60,
    0xf, 0xff, 0xa8, 0x80, 0x7f, 0xd1, 0xff, 0xff,
    0xc8, 0xc0, 0xf, 0xfe, 0xb9, 0x0, 0x7e, 0x36,
    0x6f, 0xfe, 0x53, 0xc0, 0x7, 0xeb, 0x99, 0xff,
    0xe5, 0x40, 0x80, 0x7f, 0xf8, 0x5e, 0x67, 0xff,
    0x8b, 0xc, 0x1, 0xfc, 0x20, 0x3, 0x86, 0x6f,
    0xfe, 0x2b, 0xc9, 0x80, 0x70, 0x80, 0x71, 0x8,
    0x7, 0xff, 0x18, 0x48, 0x3, 0xf1, 0x80, 0x7,
    0xbf, 0xff, 0xf8, 0xdc, 0x20, 0x1d, 0xe0, 0x1,
    0x0, 0xff, 0xe8, 0x88, 0x7, 0xff, 0x50, 0x80,
    0xc, 0x2f, 0x11, 0xff, 0xcb, 0x20, 0x9, 0xc0,
    0x7, 0x30, 0xef, 0xff, 0xcb, 0x80, 0x8, 0x80,
    0x3, 0xa0, 0x1f, 0xfc, 0xcd, 0x0, 0x84, 0x8,
    0x17, 0xfb, 0xb8, 0x80, 0x5, 0xdd, 0xff, 0xc1,
    0xf7, 0x0, 0x18, 0x1, 0x80, 0x21, 0x1c, 0xe4,
    0x0, 0xe1, 0x1f, 0x35, 0x80, 0x8e, 0x0, 0xca,
    0x0, 0x30, 0xf, 0xc, 0x0, 0x1c, 0xc0, 0x38,
    0xa1, 0x70, 0x3, 0xf7, 0x80, 0x34, 0x3, 0xd6,
    0x20, 0x50, 0x1, 0xe2, 0x20, 0x14, 0x0, 0x7c,
    0x80, 0x7, 0x0, 0xe6, 0x50, 0x7, 0x0, 0x7e,
    0xe0, 0x3, 0x98, 0x7, 0x11, 0x0, 0x48, 0x3,
    0x14, 0x80, 0x24, 0xc0, 0x3f, 0x1b, 0x0, 0x38,
    0x3, 0xa8, 0x0, 0xe0, 0x18, 0x7c, 0x0, 0xcc,
    0x0, 0xf8, 0x48, 0xf0, 0x0, 0x50, 0x1, 0x98,
    0x1, 0xa0, 0x10, 0xe9, 0x0, 0x55, 0x79, 0xba,
    0xef, 0xf7, 0x6e, 0x50, 0x4, 0xe4, 0x0, 0x61,
    0x1, 0x40, 0x9, 0x8c, 0x2, 0x65, 0x43, 0x22,
    0x8, 0x7, 0xfa, 0x40, 0x18, 0x0, 0x90, 0xc,
    0x60, 0x1f, 0x9, 0x1a, 0x2b, 0x44, 0xd5, 0xe5,
    0x80, 0x10, 0x82, 0xc, 0x9c, 0x3, 0x24, 0x42,
    0xaf, 0x7b, 0xfb, 0x72, 0xea, 0x5d, 0x95, 0xd,
    0x20, 0x58, 0x80,

    /* U+5C55 "展" */
    0x0, 0xc4, 0xf1, 0x1f, 0xfc, 0xb7, 0x20, 0xf,
    0xbe, 0x1d, 0xff, 0xf9, 0x71, 0x80, 0x1f, 0x18,
    0x7, 0xff, 0x34, 0x40, 0x3e, 0x10, 0x7, 0x7f,
    0xff, 0xf1, 0xf8, 0x80, 0x3f, 0xf8, 0x2, 0x1,
    0xff, 0xc7, 0x11, 0x0, 0x7f, 0xf8, 0xa2, 0x3f,
    0xf9, 0x26, 0x1, 0xff, 0xc0, 0x77, 0xff, 0xe4,
    0x80, 0x7f, 0xf6, 0x14, 0x3, 0xfd, 0xff, 0xea,
    0x26, 0xff, 0xf9, 0x8a, 0xbf, 0xf5, 0x0, 0x7f,
    0xf1, 0x3c, 0x98, 0x3, 0xe6, 0x2e, 0x0, 0xff,
    0xe4, 0x88, 0x7, 0xff, 0x38, 0x41, 0x1e, 0x22,
    0x60, 0x4, 0x47, 0xc0, 0x6, 0x88, 0xce, 0x40,
    0x1f, 0xeb, 0x87, 0x78, 0x80, 0xe, 0xff, 0x0,
    0x9, 0xdf, 0x44, 0x80, 0x7f, 0x8c, 0x3, 0xff,
    0x95, 0x80, 0x1f, 0x8c, 0x33, 0xff, 0x20, 0x3,
    0xff, 0xe0, 0x2, 0x7f, 0xf3, 0x80, 0x70, 0x80,
    0x4, 0x3, 0xff, 0xa4, 0x40, 0x7, 0x0, 0xff,
    0xe9, 0x38, 0x0, 0x52, 0x23, 0x98, 0x1, 0x11,
    0xf0, 0x1, 0xa2, 0x3c, 0xa0, 0x18, 0x80, 0x5,
    0x6e, 0xfc, 0x40, 0x7, 0x7f, 0x80, 0x4, 0xef,
    0xea, 0x20, 0x8, 0x40, 0x1c, 0x60, 0x1f, 0xfc,
    0xc1, 0x20, 0xb, 0x80, 0x5, 0x9f, 0xec, 0x0,
    0x37, 0xfe, 0x90, 0x4, 0xff, 0xfa, 0x5b, 0x7f,
    0x80, 0x32, 0x80, 0x18, 0x2, 0x10, 0xf, 0x98,
    0x42, 0x4, 0x2, 0x1a, 0x96, 0x90, 0xf, 0x18,
    0x0, 0x80, 0x3f, 0xf8, 0x10, 0x3, 0x40, 0x5,
    0xf5, 0x1, 0x80, 0xe, 0x30, 0x2, 0x0, 0x7f,
    0xf0, 0x58, 0xc1, 0x2a, 0xe8, 0x41, 0x7c, 0xc0,
    0x39, 0x0, 0x6, 0x1, 0xff, 0xc2, 0xe0, 0x2,
    0xa0, 0x15, 0xd0, 0x80, 0x7a, 0xc0, 0x16, 0x1,
    0xff, 0xc2, 0x2a, 0x0, 0xde, 0x80, 0x1f, 0x11,
    0x80, 0x98, 0x6, 0x10, 0xc, 0x29, 0x17, 0xfe,
    0x6a, 0x0, 0xb1, 0x40, 0x3e, 0x80, 0x3, 0x80,
    0x72, 0x0, 0x1f, 0x7a, 0xdd, 0x0, 0x2, 0xb4,
    0x0, 0x1a, 0xd6, 0x0, 0xc4, 0xa0, 0xb, 0x0,
    0xc9, 0x0, 0x1, 0x20, 0x8, 0x9b, 0x8, 0x17,
    0x4c, 0x0, 0x53, 0xf8, 0xc0, 0xe0, 0x5, 0x20,
    0xc, 0x60, 0x18, 0x56, 0x7b, 0x64, 0xc0, 0x22,
    0xc9, 0x20, 0x8, 0xe4, 0x15, 0xce, 0x0, 0x39,
    0x88, 0x91, 0xbd, 0x4c, 0x20, 0x1f, 0x9b, 0x6d,
    0x84, 0x54, 0x0, 0x8c, 0x20, 0xe, 0x1d, 0xd3,
    0x90, 0x7, 0xff, 0x9, 0x27, 0xb8, 0xa0,

    /* U+5DE6 "左" */
    0x0, 0xff, 0xf0, 0xe7, 0xc8, 0x7, 0xff, 0x44,
    0xcc, 0x8, 0x1, 0xff, 0xd1, 0x50, 0x3, 0x80,
    0x7f, 0xf4, 0x7c, 0x1, 0x80, 0x1f, 0xfd, 0x15,
    0x0, 0x28, 0x7, 0xff, 0x44, 0xc0, 0x6, 0x1,
    0xff, 0xc7, 0x4b, 0xcc, 0xfc, 0x1, 0x66, 0x7f,
    0xf1, 0x68, 0x1, 0xe8, 0x67, 0xf8, 0x2, 0x33,
    0xff, 0xe2, 0xa9, 0x86, 0x0, 0x7f, 0xf4, 0x44,
    0x81, 0xff, 0xff, 0x8, 0x3, 0xbf, 0xff, 0xf8,
    0xbc, 0x20, 0x1f, 0xc4, 0x20, 0x62, 0x1, 0xff,
    0xd0, 0x50, 0x2, 0x0, 0x7f, 0xf4, 0x70, 0x1,
    0x60, 0x1f, 0xfd, 0x1, 0x40, 0x13, 0x0, 0xff,
    0xe8, 0x38, 0x1, 0xc0, 0x3f, 0xfa, 0x34, 0x0,
    0xd0, 0xf, 0xfe, 0x81, 0x18, 0xd, 0x7f, 0xff,
    0xf1, 0xb8, 0x80, 0x3f, 0x50, 0x1, 0x4, 0x3,
    0xff, 0x8c, 0x2e, 0x1, 0xf9, 0x80, 0x10, 0xe8,
    0x9e, 0x30, 0x0, 0xa2, 0x7e, 0x65, 0x0, 0xf9,
    0xc4, 0x14, 0xa2, 0xef, 0xdc, 0x0, 0x5b, 0xbf,
    0xd2, 0x1, 0xfa, 0x40, 0x12, 0x1, 0xff, 0xd0,
    0x71, 0x4, 0x30, 0xf, 0xfe, 0x78, 0xc0, 0x2,
    0x0, 0x3f, 0xfa, 0x16, 0x0, 0x53, 0x0, 0xff,
    0xe7, 0xaa, 0x80, 0x10, 0x1, 0xff, 0xcf, 0x2a,
    0x0, 0x41, 0x0, 0x7f, 0xf3, 0x87, 0xc0, 0x8,
    0xe0, 0x1f, 0xfc, 0xe1, 0xc2, 0x1, 0xa0, 0xf,
    0xfe, 0x7b, 0x10, 0x3, 0x44, 0x3, 0xff, 0x9e,
    0xa0, 0xc, 0x30, 0x3, 0xf7, 0xff, 0xf6, 0x80,
    0x13, 0xff, 0xfd, 0x25, 0xda, 0x60, 0x15, 0x8,
    0x7, 0xff, 0x2d, 0xc0, 0x48, 0x3, 0x59, 0x17,
    0xff, 0x31, 0x80,

    /* U+5DE7 "巧" */
    0x0, 0xff, 0xe1, 0x9, 0x19, 0xff, 0xf1, 0x4,
    0x3, 0xff, 0x84, 0x3f, 0xb9, 0x9f, 0xfc, 0x4e,
    0x40, 0xf, 0xfe, 0x9, 0x88, 0x7, 0xff, 0x18,
    0x82, 0x6e, 0xff, 0xd4, 0x30, 0xab, 0x20, 0x4,
    0xab, 0xfe, 0x67, 0x56, 0x44, 0xff, 0x2c, 0x3d,
    0x55, 0xe0, 0x5, 0xaa, 0xff, 0x48, 0xb0, 0x7,
    0xff, 0x0, 0x80, 0x31, 0x80, 0x34, 0x3, 0xff,
    0x80, 0x7d, 0xbb, 0x80, 0x5, 0xbb, 0xa4, 0x3,
    0x68, 0x0, 0xc0, 0x3f, 0xf8, 0x22, 0x45, 0x80,
    0x22, 0x2c, 0x1, 0xce, 0x0, 0x50, 0xf, 0xfe,
    0x88, 0x90, 0x10, 0x80, 0x7f, 0xf4, 0x54, 0x0,
    0xe0, 0x1f, 0xfd, 0x23, 0x0, 0x60, 0x7, 0xff,
    0x4b, 0x0, 0xa, 0x1, 0xff, 0xd2, 0x40, 0x1,
    0x80, 0x7f, 0xf4, 0x50, 0x2, 0xdd, 0xff, 0xac,
    0x40, 0x3f, 0xf8, 0xa6, 0x1, 0x11, 0x7f, 0xc8,
    0xc0, 0x1f, 0xfc, 0x53, 0x10, 0xf, 0xfe, 0x10,
    0x80, 0x7f, 0xf1, 0x53, 0xbf, 0xff, 0xe5, 0x0,
    0x18, 0x7, 0xff, 0x54, 0x40, 0x3f, 0xfa, 0x42,
    0x0, 0x70, 0xf, 0xfe, 0x93, 0x0, 0x4, 0x3,
    0xfc, 0x2b, 0x19, 0x80, 0xf, 0xfe, 0x19, 0x80,
    0x8, 0x3, 0xc8, 0x0, 0x2e, 0xa7, 0x33, 0x10,
    0x7, 0xff, 0x8, 0x40, 0x39, 0xab, 0x7e, 0xc0,
    0x3e, 0x52, 0x0, 0xff, 0xe0, 0x90, 0x0, 0x80,
    0xf, 0x2a, 0x40, 0x18, 0x52, 0x2f, 0xe8, 0x3,
    0xff, 0x84, 0xc0, 0x6, 0x0, 0x10, 0x4, 0x4d,
    0x3b, 0xd6, 0xe8, 0x1, 0xff, 0xc4, 0x20, 0x1,
    0x0, 0x16, 0xaf, 0xb6, 0x58, 0x80, 0x3f, 0xf9,
    0x1e, 0x0, 0xe0, 0x9, 0x50, 0x40, 0x3f, 0xf9,
    0x8a, 0x0, 0x30, 0xf, 0xfe, 0x88, 0x98, 0x1,
    0x40, 0x3f, 0xfa, 0x30, 0x0, 0x31, 0x0, 0xff,
    0xe4, 0xe7, 0x6e, 0x62, 0xed, 0xcc, 0x0, 0x90,
    0xf, 0xfe, 0x58, 0x91, 0x99, 0x10, 0x20, 0x4,
    0x50, 0xf, 0xfe, 0x57, 0x18, 0x7, 0x89, 0xec,
    0x3, 0xff, 0x96, 0x59, 0xfe, 0xee, 0xbf, 0x60,
    0x3, 0x80,

    /* U+5DF2 "已" */
    0x6e, 0xff, 0xff, 0xe5, 0xf3, 0x0, 0x76, 0x88,
    0x7, 0xff, 0x2c, 0x68, 0x3, 0xb8, 0x47, 0xff,
    0x94, 0x1, 0x8, 0x7, 0x2f, 0x77, 0xff, 0x2b,
    0x40, 0x3f, 0xfa, 0x66, 0x1, 0xff, 0xde, 0x4b,
    0x70, 0xf, 0xfe, 0x8c, 0x24, 0x0, 0x7f, 0xf5,
    0x4, 0x3, 0xff, 0xfe, 0x1, 0xff, 0xda, 0x30,
    0xf, 0xfe, 0xf, 0xf7, 0x7f, 0xf1, 0x74, 0x3,
    0xff, 0x82, 0x23, 0xff, 0xc6, 0x0, 0xff, 0xeb,
    0xd, 0x80, 0x7f, 0xbb, 0xff, 0xff, 0x8f, 0xcc,
    0x1, 0xff, 0xff, 0x0, 0xff, 0xff, 0x80, 0x7f,
    0xc6, 0xc0, 0x1f, 0xfd, 0x2d, 0x9c, 0x0, 0xff,
    0xe8, 0x88, 0x18, 0x7, 0xff, 0x40, 0x80, 0x4,
    0x1, 0xff, 0xd0, 0x40, 0x3, 0x0, 0x4e, 0x0,
    0x20, 0xf, 0xfe, 0x4d, 0x0, 0x34, 0x2, 0x30,
    0x7, 0x20, 0x80, 0x7f, 0xf1, 0x52, 0xcc, 0x0,
    0xe0, 0x15, 0x80, 0xa, 0xfb, 0xff, 0xff, 0x8b,
    0x68, 0x0, 0x71, 0x0, 0x8e, 0x0, 0x3f, 0xf9,
    0x8b, 0x0, 0x1c, 0xfb, 0xa, 0x64, 0x41, 0x1f,
    0xfe, 0x9, 0x11, 0x1f, 0x28, 0x2,

    /* U+5E72 "干" */
    0x0, 0xa7, 0x33, 0xff, 0x9d, 0x62, 0x1, 0x89,
    0x8c, 0xff, 0xf9, 0xc8, 0xe0, 0x18, 0x84, 0x3,
    0xff, 0x9e, 0xa0, 0x1d, 0xdd, 0xff, 0xc0, 0x40,
    0x4, 0x77, 0x7f, 0xde, 0x60, 0x1e, 0x11, 0xff,
    0x80, 0x30, 0x8f, 0xfc, 0x1, 0xff, 0xff, 0x0,
    0xff, 0xff, 0x80, 0x7f, 0xff, 0xc0, 0x3f, 0xf8,
    0xd1, 0xbb, 0xff, 0xc1, 0x40, 0x4, 0xee, 0xff,
    0xf0, 0x64, 0x0, 0xe4, 0x5f, 0xfc, 0x10, 0x8,
    0x48, 0xbf, 0xf8, 0x2c, 0x20, 0x60, 0x1f, 0xfd,
    0x22, 0x10, 0xce, 0xef, 0xfe, 0xa, 0x0, 0x23,
    0xbb, 0xff, 0x83, 0xa0, 0x10, 0x8f, 0xff, 0x4,
    0x3, 0x8, 0xff, 0xf0, 0x40, 0x3f, 0xff, 0xe0,
    0x1f, 0xff, 0xf0, 0xf, 0xff, 0xf8, 0x7, 0xff,
    0xfc, 0x3, 0xff, 0xfe, 0x1, 0xff, 0xe6, 0x10,
    0xf, 0xfe, 0xaf, 0x80, 0xa8, 0x7, 0xff, 0xc,

    /* U+5E74 "年" */
    0x0, 0xfc, 0x7d, 0xc3, 0x0, 0xff, 0xe9, 0x40,
    0x89, 0x40, 0x3f, 0xfa, 0x24, 0x80, 0x2c, 0x1,
    0xff, 0xd1, 0xb0, 0x3, 0x0, 0x7f, 0xf4, 0x49,
    0x80, 0xd, 0xbb, 0xff, 0xc7, 0xc4, 0x0, 0xfd,
    0x20, 0x10, 0x91, 0x7f, 0xf1, 0xcf, 0x80, 0x3e,
    0x54, 0x0, 0xff, 0xe6, 0x78, 0x7, 0x86, 0xc0,
    0x11, 0xff, 0xf9, 0x40, 0x17, 0xff, 0xfe, 0x50,
    0xf, 0x50, 0x81, 0x38, 0x7, 0xff, 0x41, 0xd0,
    0x1, 0xc0, 0x1f, 0xfd, 0x5, 0x80, 0x4, 0x18,
    0x7, 0xff, 0x3d, 0x68, 0x0, 0xae, 0x1, 0xff,
    0xd0, 0xd0, 0x1, 0xd0, 0x4e, 0x67, 0xf2, 0x0,
    0x27, 0x33, 0xf5, 0xa8, 0x6, 0x88, 0x3e, 0x2,
    0xb1, 0x9f, 0xf0, 0x80, 0x8, 0xcf, 0xf2, 0x48,
    0x7, 0x3c, 0x0, 0xc, 0x3, 0xff, 0x97, 0x60,
    0x1f, 0xfc, 0x6, 0xff, 0xf9, 0x40, 0x17, 0xff,
    0xfc, 0xe0, 0x1f, 0xfc, 0x1, 0x0, 0xff, 0xff,
    0x80, 0x7f, 0xff, 0xc0, 0x3f, 0xfc, 0x3, 0xdf,
    0xfa, 0x40, 0xf, 0xff, 0xf2, 0x80, 0x2f, 0xff,
    0xfe, 0xe2, 0x20, 0x80, 0x7f, 0xf4, 0x85, 0xcd,
    0x91, 0x3f, 0xf8, 0x62, 0x0, 0x34, 0x4f, 0xf9,
    0x54, 0x13, 0x77, 0xff, 0xc3, 0x40, 0x4, 0x5d,
    0xff, 0xd4, 0x1, 0xff, 0xff, 0x0, 0xff, 0xff,
    0x80, 0x7f, 0xff, 0x3c, 0x9, 0x40, 0x3f, 0xf8,
    0x20,

    /* U+5E95 "底" */
    0x0, 0xff, 0xe2, 0x47, 0xd0, 0x7, 0xff, 0x4d,
    0x1, 0x58, 0x3, 0xff, 0xa5, 0x0, 0x8, 0x0,
    0xff, 0xe2, 0x94, 0xd5, 0x7f, 0xdc, 0x0, 0x1c,
    0xaa, 0xff, 0x4b, 0x0, 0x68, 0x65, 0x5f, 0xfe,
    0x0, 0x4, 0x6a, 0xbf, 0xe6, 0x91, 0x0, 0x98,
    0x3, 0xff, 0xa0, 0x42, 0x1, 0xec, 0xff, 0xff,
    0xe6, 0xe8, 0x7, 0xc4, 0x1, 0xff, 0xc8, 0x10,
    0xf, 0xfe, 0x78, 0x9a, 0xbd, 0x6f, 0x7a, 0x0,
    0x7f, 0xf0, 0xd1, 0x9d, 0xd1, 0x37, 0x9b, 0xfd,
    0x95, 0xa, 0x40, 0xb, 0x10, 0xf, 0xfe, 0xe,
    0x5c, 0xc4, 0x1d, 0x90, 0xc8, 0x3, 0x84, 0xd6,
    0x2c, 0x40, 0x3f, 0xf8, 0x26, 0x0, 0x12, 0x34,
    0x56, 0x81, 0x0, 0x6f, 0xf6, 0x53, 0xa0, 0x7,
    0xff, 0x10, 0xfb, 0x72, 0xea, 0x5c, 0x80, 0x4,
    0x1, 0xff, 0xca, 0x70, 0xf, 0x9c, 0x0, 0x40,
    0x1f, 0xfd, 0x22, 0x0, 0x8, 0x7, 0xff, 0x10,
    0x40, 0x3f, 0xf8, 0x3c, 0x0, 0x60, 0xf, 0xfe,
    0x91, 0x0, 0x8, 0x3, 0xff, 0x82, 0x20, 0x1f,
    0x93, 0xff, 0xea, 0x0, 0x47, 0xff, 0xda, 0x20,
    0x18, 0xc0, 0x3f, 0xf9, 0xe4, 0x40, 0xc, 0x20,
    0x20, 0x1e, 0x15, 0x5f, 0xc2, 0x0, 0x55, 0xf9,
    0xcc, 0x3, 0xc6, 0x1, 0xe5, 0xaa, 0xfc, 0x80,
    0x9, 0xaa, 0xf4, 0x0, 0x62, 0x0, 0x30, 0x7,
    0xff, 0xf, 0x0, 0x8, 0x1, 0xff, 0x30, 0x0,
    0x80, 0x3f, 0xf8, 0x68, 0x0, 0xc0, 0xf, 0xf8,
    0x80, 0x1c, 0x1, 0xff, 0xc3, 0x21, 0x4, 0x0,
    0xff, 0xb8, 0x0, 0x40, 0x1f, 0xe3, 0x9e, 0x60,
    0x3, 0x80, 0x14, 0x3, 0xfc, 0x80, 0x7, 0x0,
    0x84, 0x0, 0xe5, 0x1b, 0x8c, 0x22, 0x0, 0x50,
    0x3, 0x80, 0x39, 0x48, 0x2, 0x30, 0x1, 0x0,
    0x4e, 0x0, 0x3d, 0x72, 0x2, 0x87, 0x0, 0x19,
    0x2, 0x10, 0x4, 0x55, 0x80, 0x4, 0x0, 0x20,
    0x6, 0xd0, 0x8, 0x56, 0x77, 0x4e, 0x1, 0xac,
    0x1, 0x0, 0x10, 0x80, 0x90, 0x68, 0x3, 0x0,
    0x37, 0x13, 0xe7, 0x53, 0x10, 0x7, 0x98, 0x41,
    0x54, 0x0, 0x60, 0x1, 0xb, 0x0, 0x18, 0x3,
    0x2e, 0xc1, 0x80, 0xef, 0xff, 0xdb, 0x20, 0xa,
    0x40, 0xc0, 0x10, 0x60, 0x2, 0x8, 0x7, 0xf1,
    0x90, 0x7, 0xc4, 0x8a, 0x0, 0xbd, 0x60, 0x70,
    0xd, 0xe0, 0x1f, 0xe2, 0xb9, 0x88, 0xf5, 0x1d,
    0x20, 0x0, 0x80, 0x16, 0xf, 0x2e, 0x80, 0x1f,
    0xf2, 0x33, 0xbf, 0x94, 0x1, 0x72, 0x60, 0x54,
    0x40, 0x6, 0x80, 0xf, 0xfe, 0x63, 0x67, 0xea,
    0x80, 0x0,

    /* U+5EF6 "延" */
    0x0, 0xff, 0xe8, 0xb, 0x28, 0x6, 0x8a, 0xaf,
    0xb2, 0x0, 0x3f, 0xf8, 0x4, 0xaf, 0x5d, 0xc9,
    0xa8, 0x0, 0x23, 0xaa, 0xfc, 0x6c, 0x1, 0x12,
    0xb3, 0xcd, 0x67, 0x7e, 0xd4, 0x28, 0x80, 0x46,
    0x0, 0x61, 0x0, 0xfc, 0xe0, 0x4, 0xda, 0x98,
    0x65, 0x31, 0x0, 0xc4, 0x8f, 0x7d, 0x60, 0x2,
    0xef, 0xfe, 0x10, 0x5, 0x80, 0x14, 0x40, 0x21,
    0x35, 0x60, 0x1, 0x7e, 0xdc, 0x20, 0x80, 0x7f,
    0x28, 0x83, 0x10, 0x0, 0x7f, 0x7b, 0xfb, 0x2a,
    0x0, 0x3f, 0xf8, 0xd0, 0x0, 0x80, 0xc, 0x24,
    0x20, 0x1f, 0xfc, 0xa6, 0x20, 0x71, 0x0, 0xff,
    0xe8, 0xc0, 0xc, 0x0, 0x78, 0x98, 0x40, 0x3f,
    0xf9, 0x12, 0x21, 0x60, 0x1f, 0x64, 0xd0, 0x7,
    0xff, 0x1c, 0xd8, 0x11, 0x40, 0x3e, 0x10, 0x70,
    0xf, 0xfe, 0x3f, 0x0, 0x24, 0x3, 0xff, 0x8a,
    0x6c, 0xdc, 0xa4, 0x1, 0xa8, 0x80, 0x19, 0xff,
    0x60, 0x80, 0x7f, 0xf0, 0x6, 0x67, 0xab, 0x40,
    0x26, 0x50, 0x8, 0x40, 0x23, 0x50, 0xf, 0xfe,
    0x5a, 0xb, 0x3b, 0xe2, 0x0, 0x30, 0x7, 0xff,
    0x0, 0x6a, 0xbd, 0xa0, 0x11, 0x74, 0xc4, 0x65,
    0x0, 0x18, 0x7, 0xff, 0x0, 0xd5, 0x7c, 0x40,
    0x1f, 0xe3, 0x0, 0x8, 0x7, 0xff, 0x2c, 0x6d,
    0x80, 0x32, 0x81, 0x80, 0x7f, 0xf3, 0x19, 0x24,
    0x2, 0x11, 0x2, 0x80, 0x7f, 0xf3, 0x10, 0x0,
    0xc0, 0x4, 0x0, 0x78, 0x7, 0xff, 0x30, 0xc8,
    0x2c, 0x1, 0xe0, 0x4, 0x0, 0xff, 0xe6, 0xd8,
    0x13, 0x2, 0x80, 0x90, 0x7, 0xff, 0x35, 0x84,
    0x25, 0xc0, 0xe, 0x1, 0xff, 0xcf, 0xb0, 0x4,
    0x0, 0x34, 0x1, 0x1f, 0xe0, 0x1, 0xff, 0xdc,
    0x0, 0x2f, 0xff, 0xa8, 0x3, 0x2a, 0x80, 0x22,
    0x40, 0x1, 0x80, 0x7f, 0xf1, 0xd0, 0x3, 0xa8,
    0x40, 0x2, 0x1, 0x7a, 0xa2, 0x7f, 0xf1, 0xac,
    0x3, 0x90, 0x40, 0x7, 0xa4, 0x9, 0x57, 0x7f,
    0xfc, 0x65, 0x0, 0xe9, 0x0, 0xc5, 0xac, 0x1,
    0xff, 0xcd, 0xb2, 0x0, 0x48, 0x5, 0x3a, 0xc2,
    0x1, 0xff, 0xc8, 0x1b, 0x40, 0x4, 0xb6, 0x98,
    0x0, 0xa7, 0xb2, 0x14, 0xc4, 0x3, 0xff, 0x84,
    0x5e, 0x80, 0x7, 0x60, 0x2c, 0x92, 0x0, 0x8d,
    0xeb, 0x3b, 0xfb, 0x75, 0x99, 0xfc, 0xce, 0x20,
    0x6, 0x80, 0xc, 0xdb, 0x6a, 0x20, 0x1e, 0x12,
    0x21, 0x9f, 0xf0, 0x2a, 0xd, 0x48, 0x7, 0xc9,
    0x5d, 0xb2, 0xea, 0x64, 0x20, 0x1f, 0xe4, 0x60,

    /* U+5F00 "开" */
    0x0, 0x2e, 0x6e, 0xff, 0xf3, 0xe0, 0x3, 0x71,
    0x91, 0x7f, 0xf3, 0xdc, 0x3, 0x68, 0x80, 0x7f,
    0xf3, 0xd4, 0x3, 0x37, 0x7f, 0xf3, 0x80, 0x27,
    0xff, 0xf8, 0xc0, 0x1b, 0xff, 0xd4, 0x1, 0xff,
    0xff, 0x0, 0xff, 0xff, 0x80, 0x7f, 0xff, 0xc0,
    0x3f, 0xfd, 0xc2, 0x1, 0xff, 0xcd, 0xcf, 0xff,
    0x98, 0x1, 0x3f, 0xff, 0xc6, 0x0, 0xdf, 0xff,
    0x68, 0x0, 0xc0, 0x3f, 0xfa, 0x44, 0x20, 0xe6,
    0x7f, 0x8, 0x0, 0x8c, 0xff, 0x80, 0x23, 0x3f,
    0x9c, 0x42, 0x33, 0x3e, 0x20, 0x7, 0xe6, 0x7f,
    0x18, 0x3, 0xb3, 0x3d, 0x0, 0x1f, 0xe2, 0x0,
    0x10, 0x7, 0xff, 0x44, 0x84, 0x8, 0x3, 0xff,
    0xa4, 0x80, 0x7, 0x0, 0xff, 0xe9, 0x68, 0x3,
    0x0, 0x3f, 0xfa, 0x22, 0x80, 0x7, 0x0, 0xff,
    0xe8, 0xc8, 0x1, 0x4, 0x3, 0xff, 0xa0, 0x2e,
    0x0, 0xf0, 0xf, 0xfe, 0x8d, 0x0, 0x9, 0x0,
    0x3f, 0xfa, 0xe, 0x80, 0x9, 0x0, 0xff, 0xe8,
    0x34, 0x0, 0x15, 0x0, 0x3f, 0xf9, 0xf1, 0x20,
    0x2, 0xa0, 0xf, 0xfe, 0x70, 0xe3, 0x80, 0x7,
    0xc0, 0x3f, 0xf9, 0xee, 0x60, 0x2, 0xc2, 0x0,
    0xff, 0xe2, 0x98, 0x7, 0xf3, 0x28, 0x36, 0x90,
    0x7, 0xff, 0xe, 0xc0, 0xc4, 0x3, 0xf0,

    /* U+5F0F "式" */
    0x0, 0xff, 0xe3, 0x90, 0x80, 0x7f, 0xf4, 0xa7,
    0x78, 0x40, 0xd, 0x44, 0x1, 0xff, 0xcc, 0x20,
    0x1, 0x0, 0xca, 0xea, 0x0, 0x7f, 0xf3, 0x9c,
    0x6, 0x0, 0x16, 0xe0, 0x1f, 0xfc, 0xa1, 0x0,
    0x8, 0x1, 0xe4, 0x1, 0x14, 0x1, 0xff, 0xd0,
    0x6b, 0x0, 0x28, 0x7, 0xff, 0x24, 0xc0, 0x6,
    0x1, 0x93, 0x56, 0xc0, 0x26, 0xbb, 0xff, 0xe2,
    0xb8, 0x2, 0xef, 0xd2, 0x3f, 0x6e, 0x12, 0x89,
    0xff, 0xc5, 0x10, 0x1, 0x22, 0x7f, 0x40, 0x18,
    0x7, 0xff, 0x48, 0x83, 0x3b, 0xbf, 0xf8, 0xb2,
    0x0, 0x5e, 0xef, 0xed, 0x0, 0x8, 0xff, 0xf1,
    0x48, 0x2, 0x11, 0xfe, 0x0, 0xff, 0xe4, 0x38,
    0x1, 0x80, 0x3f, 0xfa, 0x24, 0x0, 0x10, 0xf,
    0xfe, 0x88, 0x80, 0x8, 0x3, 0xff, 0x80, 0x77,
    0x7f, 0xfc, 0x29, 0x0, 0x8, 0x0, 0x40, 0x3f,
    0xe9, 0x44, 0xff, 0xe1, 0x31, 0x81, 0x0, 0x8,
    0x3, 0xfe, 0xd0, 0xf, 0xfe, 0x10, 0x90, 0x28,
    0x1, 0x40, 0x3f, 0xe7, 0xff, 0xea, 0x0, 0x3f,
    0xff, 0x70, 0x87, 0x0, 0x38, 0x3, 0xff, 0x8a,
    0x20, 0x1f, 0xf1, 0x80, 0xc, 0x3, 0xff, 0xa2,
    0xa0, 0x5, 0x0, 0xff, 0xe8, 0x88, 0x80, 0x48,
    0x3, 0xff, 0xa2, 0xa0, 0x4, 0x0, 0xff, 0xe8,
    0xe0, 0x3, 0x0, 0x3f, 0xfa, 0x28, 0x0, 0x50,
    0xf, 0x8, 0x7, 0xff, 0x28, 0xc4, 0x0, 0x80,
    0x1d, 0xbc, 0x40, 0x1f, 0xfc, 0x31, 0x56, 0x0,
    0x98, 0x1, 0xc0, 0x1c, 0x43, 0x60, 0x1f, 0xe1,
    0x47, 0xbe, 0xe5, 0x4a, 0x0, 0x28, 0x0, 0xa2,
    0x1, 0x84, 0x3, 0xf1, 0xe0, 0x1, 0xae, 0x10,
    0x40, 0x2, 0xc0, 0x2, 0x40, 0x4, 0x0, 0x44,
    0x0, 0x10, 0x47, 0xad, 0xfc, 0x70, 0xf, 0x23,
    0xdf, 0x10, 0x5, 0x0, 0x6, 0x40, 0x3, 0x80,
    0x39, 0xee, 0x14, 0x80, 0x31, 0x34, 0xef, 0xdc,
    0x20, 0x7, 0x1a, 0x80, 0x2d, 0x43, 0x80, 0x8,
    0x40, 0x10, 0xac, 0x5f, 0xec, 0xb1, 0x0, 0x7f,
    0xac, 0x40, 0x15, 0xe8, 0x4, 0x45, 0xbb, 0x77,
    0x29, 0xd0, 0x3, 0xff, 0x86, 0x38, 0x40, 0x1d,
    0x0, 0x4, 0x40, 0x80, 0x7f, 0xf2, 0xb, 0x1c,
    0x80, 0xa5, 0x40,

    /* U+5F3A "强" */
    0x0, 0x84, 0x7e, 0x0, 0xff, 0xe6, 0xd7, 0xf7,
    0x7d, 0xfc, 0x20, 0x7, 0xff, 0xff, 0xe1, 0x28,
    0x6, 0x70, 0xf, 0xe1, 0x70, 0x5, 0x0, 0x7f,
    0xf0, 0xbc, 0x3, 0x4a, 0xaf, 0xc4, 0x1, 0xf0,
    0xc4, 0x7f, 0x30, 0x0, 0x40, 0x32, 0x55, 0x7d,
    0x0, 0x1f, 0x2b, 0xbf, 0xf4, 0x0, 0x7f, 0xff,
    0xc0, 0x3f, 0xf8, 0x8a, 0xbf, 0xe6, 0x0, 0xff,
    0xe1, 0x98, 0x7, 0xc3, 0x55, 0xfd, 0x0, 0x1,
    0x0, 0xe9, 0xff, 0xf4, 0x80, 0x72, 0x80, 0x7f,
    0xf0, 0xbc, 0x3, 0x98, 0x3, 0xf8, 0x80, 0x11,
    0xdd, 0xc6, 0x0, 0xde, 0xed, 0xea, 0x1, 0x8c,
    0x0, 0x4c, 0xde, 0x94, 0x0, 0x84, 0x79, 0xc0,
    0x6, 0x23, 0x80, 0x3c, 0xe0, 0x8, 0x99, 0xf3,
    0x0, 0x42, 0x45, 0xce, 0x0, 0x22, 0xf0, 0x7,
    0x10, 0x1, 0x80, 0x3f, 0x9b, 0xb7, 0x78, 0xc0,
    0x19, 0xbb, 0xde, 0xa0, 0x17, 0x0, 0x8, 0x3,
    0xfb, 0x0, 0x3f, 0xf8, 0x9e, 0x1, 0x18, 0x0,
    0x40, 0x3f, 0xf8, 0x13, 0x55, 0x10, 0x2, 0x6a,
    0xa9, 0x0, 0x8, 0x4, 0xc0, 0x24, 0x5f, 0x0,
    0x70, 0xb2, 0xac, 0xc0, 0x7, 0x55, 0x98, 0x3,
    0xc4, 0x3, 0xbb, 0xf5, 0x80, 0x7f, 0xf2, 0xc4,
    0x3, 0xf9, 0x0, 0x3f, 0xf9, 0x7f, 0x53, 0x3e,
    0x0, 0x84, 0x2, 0x10, 0xf, 0xf8, 0x40, 0x3c,
    0x2a, 0xcd, 0xe3, 0x0, 0x8, 0x6, 0xff, 0xc8,
    0x0, 0xef, 0xfb, 0x80, 0x2, 0x1, 0xff, 0x8,
    0x6, 0x30, 0xf, 0xfe, 0x21, 0x80, 0x7f, 0xc4,
    0x1, 0xa2, 0xe, 0xfc, 0x20, 0x6, 0x77, 0xe8,
    0x80, 0x7, 0xff, 0x4, 0x80, 0x2, 0xf1, 0x1c,
    0xa0, 0x8, 0x8a, 0xcb, 0x5c, 0x40, 0x3f, 0xc4,
    0x0, 0x10, 0xf, 0xfe, 0x1c, 0xad, 0x20, 0x7,
    0xfc, 0xc0, 0x6, 0x0, 0xff, 0xe1, 0xc8, 0x2,
    0x84, 0x3, 0xfc, 0x40, 0x2, 0x0, 0xff, 0xe1,
    0x9b, 0x80, 0xd0, 0x7, 0xfb, 0xc0, 0x1a, 0x1,
    0xe1, 0x23, 0x70, 0x4, 0xca, 0xad, 0x40, 0x8,
    0x80, 0xf, 0xe7, 0x0, 0x38, 0x67, 0x73, 0xfd,
    0xdb, 0x86, 0x0, 0x76, 0x54, 0x20, 0xa, 0x0,
    0x33, 0xd4, 0xcb, 0x4, 0x8, 0xa3, 0x11, 0x0,
    0x7f, 0xf1, 0xc, 0xc0, 0x14, 0xab, 0x30, 0xc0,
    0x10, 0x4, 0xa2, 0x46, 0x8c, 0xf1, 0x35, 0x79,
    0xbd, 0xff, 0x40, 0x1, 0x0, 0x2b, 0x10, 0x8,
    0xe9, 0x40, 0x15, 0xdb, 0x97, 0x30, 0xec, 0xa8,
    0x64, 0x20, 0x13, 0x0, 0xa8, 0x4, 0xbd, 0xff,
    0x62, 0x80, 0x7f, 0xf2, 0x7, 0xb8, 0x40,

    /* U+5FB7 "德" */
    0x0, 0xff, 0xe4, 0x88, 0x80, 0x3f, 0xf8, 0xd3,
    0x68, 0x1, 0xfe, 0x3e, 0xe2, 0x80, 0x7f, 0xf1,
    0x1d, 0x93, 0xc0, 0x3f, 0xc8, 0x0, 0x30, 0xf,
    0xfe, 0x1a, 0x40, 0x2, 0x40, 0x4c, 0xff, 0x68,
    0x4, 0x67, 0xf1, 0x8, 0x7, 0x1d, 0x80, 0x28,
    0x93, 0xb3, 0x3f, 0x28, 0x2, 0x73, 0x3e, 0xde,
    0x20, 0x8, 0xf4, 0x0, 0xca, 0x1, 0xff, 0xcf,
    0x3d, 0x10, 0x49, 0x0, 0x26, 0xe6, 0x7e, 0x0,
    0x16, 0x67, 0xf7, 0x10, 0x1e, 0x8, 0x25, 0x80,
    0x62, 0x33, 0xf8, 0x80, 0xe, 0x67, 0xfc, 0x20,
    0x78, 0x0, 0x4b, 0x0, 0xf8, 0xd1, 0x39, 0x80,
    0x6, 0x89, 0xf1, 0x80, 0x42, 0x0, 0x5b, 0x0,
    0xaf, 0x48, 0x23, 0x2e, 0xfa, 0x0, 0xd, 0x77,
    0xf6, 0x68, 0x0, 0xb3, 0x14, 0x1, 0x42, 0x13,
    0x82, 0x0, 0x7f, 0xf1, 0x88, 0x40, 0x6, 0x60,
    0x8, 0x9c, 0x9, 0x40, 0x23, 0xff, 0x80, 0x17,
    0xfe, 0xc0, 0x7, 0xfd, 0x0, 0x1f, 0xee, 0x0,
    0x40, 0x6, 0x70, 0xf, 0xfe, 0x10, 0x80, 0x7f,
    0x41, 0x81, 0xa8, 0x7, 0xff, 0x41, 0x1c, 0x1,
    0xe0, 0x1f, 0xfd, 0x1, 0xa0, 0x8, 0xc0, 0x39,
    0x91, 0x20, 0x1, 0xa2, 0x40, 0x4, 0x4b, 0x0,
    0x3e, 0xd1, 0x0, 0xf9, 0xc0, 0xae, 0xe0, 0x4,
    0x5d, 0xa0, 0x1, 0x77, 0x28, 0x0, 0x40, 0x2b,
    0x30, 0xf, 0xdc, 0x42, 0x3f, 0xfc, 0x57, 0x0,
    0xa9, 0x0, 0x2, 0x1, 0xe5, 0xde, 0xef, 0xfe,
    0x2c, 0x0, 0x1d, 0x40, 0x12, 0xa0, 0x1c, 0x45,
    0xff, 0xc9, 0x10, 0x10, 0x4, 0x30, 0x7, 0x4e,
    0xef, 0xff, 0x27, 0x91, 0x99, 0xe, 0x1, 0xe3,
    0x0, 0xff, 0xe5, 0x8, 0x4b, 0x80, 0x7d, 0x59,
    0x9f, 0xfc, 0x9d, 0x50, 0xf, 0xf8, 0xcf, 0xf1,
    0x77, 0x91, 0x9f, 0xf1, 0x0, 0x7f, 0xf2, 0x4,
    0xcd, 0x60, 0x1f, 0xfc, 0xb6, 0x50, 0x4, 0x40,
    0x1, 0x0, 0xaa, 0x0, 0xd1, 0xa8, 0x1, 0xff,
    0xc2, 0x49, 0xa0, 0x47, 0x72, 0x3, 0x18, 0x70,
    0x6, 0x22, 0x59, 0x0, 0x7f, 0xf0, 0x78, 0x4,
    0x4, 0x0, 0x20, 0xd, 0x99, 0x0, 0x68, 0x0,
    0x70, 0x7, 0xff, 0x0, 0x54, 0x18, 0x3, 0xe1,
    0x62, 0x0, 0x29, 0x12, 0x40, 0xd8, 0x3, 0xfe,
    0x80, 0x4, 0x80, 0x7f, 0xc5, 0x58, 0xc, 0x41,
    0x60, 0x1f, 0xe4, 0x60, 0x61, 0x0, 0xff, 0x98,
    0x4, 0x41, 0x60, 0x40, 0x1f, 0xe3, 0x1, 0x80,
    0x0, 0x80, 0x3d, 0x57, 0xde, 0x0, 0x10, 0x69,
    0xb0, 0xf, 0xf3, 0xef, 0x88, 0x1, 0x40, 0xb,
    0x55, 0xe4, 0x5, 0x0, 0x99, 0x0, 0x3d, 0xa0,
    0x80, 0x2, 0x10, 0x8, 0x68, 0xc0, 0x3f, 0x2d,
    0x80, 0x78,

    /* U+6162 "慢" */
    0x0, 0xff, 0xed, 0xd7, 0xc0, 0x7, 0xff, 0x4d,
    0x1, 0x40, 0x3d, 0x9f, 0xff, 0xfc, 0x2e, 0x90,
    0xf, 0xfe, 0x22, 0x18, 0x7, 0xff, 0x8, 0x58,
    0x3, 0xff, 0x88, 0x20, 0x9, 0xdd, 0xff, 0x90,
    0x0, 0x20, 0x1f, 0xfc, 0x65, 0x22, 0xff, 0xe0,
    0x0, 0x7f, 0xf2, 0xab, 0xff, 0xf9, 0x40, 0x3f,
    0xf8, 0x51, 0x80, 0x1f, 0x69, 0x91, 0x7c, 0x6c,
    0x1, 0xfb, 0xa4, 0x3, 0x11, 0xc0, 0x7, 0x9f,
    0x37, 0x7e, 0xc3, 0x0, 0xf8, 0x85, 0x0, 0x37,
    0x3, 0x88, 0x7, 0x3e, 0x6e, 0xfd, 0x86, 0x1,
    0xf0, 0x80, 0x79, 0x8, 0x18, 0x3, 0xe, 0x99,
    0x17, 0xc6, 0xc0, 0x10, 0x80, 0x4e, 0x2, 0x1,
    0xca, 0x18, 0xc, 0x0, 0x3a, 0xff, 0xfe, 0x5e,
    0x1, 0x0, 0xc4, 0xe, 0x1, 0xd8, 0xa, 0x7,
    0xbc, 0x20, 0x1f, 0xf3, 0xef, 0x80, 0x6f, 0x2,
    0x0, 0xe4, 0x17, 0x6e, 0xde, 0xff, 0xff, 0xe0,
    0xef, 0x69, 0x0, 0x10, 0x30, 0x3, 0xdd, 0x36,
    0x20, 0x1f, 0xfc, 0x52, 0xa0, 0x42, 0x4, 0x0,
    0xfc, 0x60, 0xbf, 0xf0, 0x85, 0x7f, 0xc0, 0xa,
    0xff, 0x70, 0x0, 0x43, 0x41, 0x44, 0x3, 0xfc,
    0x40, 0x1f, 0xf0, 0x80, 0x4, 0x3, 0x53, 0x58,
    0x7, 0xfc, 0x20, 0x1f, 0xfc, 0x21, 0x0, 0xc7,
    0x22, 0x1, 0xfc, 0x60, 0xdf, 0xf0, 0x85, 0x7f,
    0xc0, 0xb, 0xff, 0x70, 0x0, 0x40, 0x3f, 0xf8,
    0x34, 0x1, 0xff, 0xc6, 0x1b, 0x0, 0xff, 0xe0,
    0xbf, 0xff, 0xff, 0x1b, 0x8c, 0x3, 0xff, 0x82,
    0xce, 0xfd, 0x11, 0xfd, 0x32, 0x85, 0x0, 0xff,
    0xe1, 0x34, 0xc4, 0x73, 0xbf, 0xf3, 0x31, 0xe9,
    0xc0, 0x3f, 0xf8, 0x2a, 0x20, 0x1f, 0xfc, 0x64,
    0x0, 0xff, 0xe0, 0x9f, 0x7f, 0xa4, 0xb, 0xbf,
    0xff, 0x28, 0x1, 0x4c, 0x3, 0xff, 0x8b, 0xc0,
    0x58, 0x40, 0x1e, 0xa5, 0x2, 0xb0, 0xf, 0xfe,
    0x34, 0x10, 0x16, 0x20, 0x4, 0x58, 0xa0, 0x3e,
    0x20, 0x1f, 0xfc, 0x7c, 0x40, 0x1b, 0xa1, 0x7d,
    0x30, 0x2c, 0x20, 0xf, 0xfe, 0x40, 0xdc, 0x0,
    0x17, 0xa0, 0x0, 0xba, 0x40, 0x1f, 0xfc, 0xb4,
    0x40, 0x7, 0xf, 0x80, 0x7f, 0xf2, 0x45, 0x67,
    0xb1, 0x0, 0x38, 0x6b, 0xa9, 0x44, 0x3, 0xff,
    0x82, 0x73, 0x7d, 0xca, 0x61, 0x0, 0x1c, 0xfd,
    0x10, 0x0, 0x56, 0xbb, 0x69, 0x0, 0x3f, 0xd6,
    0xc8, 0x20, 0x11, 0xbe, 0xe3, 0x2, 0xee, 0x30,
    0x6, 0x25, 0xd0, 0xe, 0x70, 0x50, 0x4, 0x98,
    0xa3, 0xd7, 0x64, 0x10, 0x7, 0x1c, 0xfd, 0xba,
    0xa, 0xc8,

    /* U+6210 "成" */
    0x0, 0xff, 0xf4, 0xef, 0xc0, 0x1, 0x60, 0xc0,
    0x3f, 0xf9, 0xa4, 0x40, 0x50, 0x5, 0x3e, 0x59,
    0x0, 0x7f, 0xf2, 0xcc, 0x3, 0xa4, 0x0, 0x9b,
    0x0, 0x1f, 0xfc, 0xa1, 0x0, 0x18, 0x1, 0xb9,
    0x80, 0xf, 0x60, 0x1f, 0xfd, 0x1, 0x9b, 0x10,
    0x42, 0x0, 0xff, 0xe5, 0x88, 0x7, 0x26, 0x24,
    0x10, 0x7, 0xaf, 0xff, 0xff, 0x84, 0x1, 0x7f,
    0xfb, 0x52, 0x3f, 0xc4, 0x1, 0xa, 0x0, 0x7f,
    0xf4, 0x10, 0x2, 0x30, 0x8, 0x8c, 0xff, 0xe0,
    0x8, 0x8c, 0xff, 0x91, 0xc0, 0x3c, 0x5b, 0x99,
    0xff, 0x18, 0x3, 0xb3, 0x3f, 0xac, 0x40, 0x3f,
    0xf8, 0xec, 0x0, 0x70, 0xf, 0xfe, 0x91, 0x0,
    0x4, 0x3, 0xff, 0xa5, 0xe0, 0x2, 0x0, 0xe9,
    0xfc, 0x0, 0xfe, 0x2c, 0xcf, 0xca, 0x1, 0x10,
    0x3, 0x80, 0x30, 0xb0, 0x10, 0x7, 0xf8, 0xcf,
    0xf5, 0x80, 0x4c, 0x0, 0x20, 0xc, 0xc0, 0x7,
    0x0, 0xff, 0xe3, 0x8, 0x4, 0x60, 0x6, 0x0,
    0xd4, 0x0, 0xa0, 0xf, 0xe2, 0xde, 0xff, 0xc0,
    0x1f, 0x8, 0x10, 0x4, 0xa4, 0x6, 0x60, 0xf,
    0xe1, 0x21, 0x0, 0xc2, 0x2, 0x1, 0x94, 0x0,
    0x60, 0x9, 0x0, 0x48, 0x7, 0xff, 0x30, 0xc0,
    0xa, 0xa, 0x60, 0x4a, 0x1, 0xf0, 0x80, 0x1c,
    0x3, 0xc2, 0x6, 0x1, 0xb4, 0x1, 0x81, 0x60,
    0x8, 0x0, 0xfc, 0xe0, 0x1, 0x0, 0xfc, 0x20,
    0x19, 0xc0, 0xf, 0x22, 0x8, 0xa0, 0x1f, 0x84,
    0x0, 0x60, 0x1c, 0x20, 0x7, 0x0, 0xc4, 0x20,
    0x4c, 0x0, 0x90, 0xf, 0xe2, 0x0, 0x8, 0x7,
    0x18, 0x0, 0x40, 0x39, 0xc0, 0x34, 0x10, 0x7,
    0xf7, 0x0, 0x38, 0x3, 0x98, 0x0, 0x60, 0x1d,
    0x80, 0x11, 0xb8, 0x7, 0xf8, 0x80, 0x4, 0x1,
    0xda, 0x0, 0xe0, 0xe, 0xc0, 0xb, 0xc0, 0x3a,
    0xf4, 0x80, 0x25, 0x0, 0x29, 0x7f, 0xbb, 0xd8,
    0x0, 0x60, 0x19, 0xd8, 0x2, 0x40, 0xe, 0x52,
    0xa0, 0x1, 0x8, 0x8, 0x8c, 0x0, 0x20, 0x11,
    0xa0, 0x4, 0xd0, 0x1, 0xa4, 0x3, 0x84, 0x3,
    0x20, 0x1, 0x40, 0x6d, 0x56, 0x69, 0xc0, 0x9,
    0xe4, 0x1, 0x48, 0x2, 0xc0, 0x10, 0x80, 0x3c,
    0x1, 0xa0, 0xc, 0x0, 0x25, 0x55, 0x2c, 0x1,
    0x54, 0x0, 0x25, 0x60, 0x1, 0x24, 0x0, 0x50,
    0x1, 0x81, 0x20, 0x1, 0x80, 0x3f, 0x8f, 0x54,
    0x1, 0xc, 0x6, 0xa0, 0xf, 0x30, 0xe0, 0x2,
    0x84, 0x80, 0x10, 0x40, 0x3f, 0x4e, 0x10, 0x2,
    0x5c, 0x2, 0xb1, 0x2, 0xce, 0x50, 0x31, 0x4,
    0x0, 0x78, 0x7, 0xe1, 0x60, 0x0, 0xdb, 0x0,
    0x61, 0xc1, 0x0, 0x8, 0x2, 0x0, 0xe, 0x8,
    0x80, 0xf, 0xc3, 0x42, 0x9e, 0x80, 0x1e, 0x2f,
    0x71, 0x2, 0xa4, 0x0, 0x46, 0xd8, 0x7, 0xf9,
    0x7a, 0xc4, 0x3, 0xf0, 0xc7, 0x7e, 0xa8, 0x0,

    /* U+628A "把" */
    0x0, 0xe7, 0xe9, 0x0, 0xff, 0xe9, 0xd0, 0xb0,
    0x7, 0xc2, 0x3f, 0xfc, 0x30, 0xf, 0xfe, 0x2a,
    0xff, 0x77, 0xff, 0xf, 0xe0, 0x3, 0xff, 0x87,
    0xe0, 0x1f, 0xfc, 0x55, 0x0, 0xff, 0xe1, 0x88,
    0x0, 0x8c, 0xf0, 0x80, 0xc, 0xf1, 0x0, 0xc,
    0x3, 0xff, 0x8d, 0xd9, 0x99, 0x40, 0x19, 0x9c,
    0x1, 0xff, 0xdc, 0xbe, 0xe8, 0x80, 0x1d, 0xd2,
    0x80, 0x7f, 0xf2, 0x89, 0x4, 0x60, 0x8, 0x46,
    0xf0, 0xf, 0xfe, 0x51, 0x31, 0x9c, 0x1, 0x19,
    0x93, 0x80, 0x3f, 0xf9, 0x73, 0x99, 0x10, 0x3,
    0x31, 0x68, 0x1, 0xff, 0xff, 0x0, 0xff, 0xff,
    0x80, 0x7f, 0xf3, 0x18, 0xcf, 0x38, 0x0, 0xcf,
    0x20, 0x7, 0xff, 0x5, 0x67, 0xb8, 0x20, 0x15,
    0x66, 0x63, 0x0, 0x66, 0x6a, 0x0, 0x18, 0x7,
    0x88, 0xc0, 0x14, 0xc2, 0x22, 0x0, 0xff, 0xe3,
    0x8, 0x4, 0xb5, 0xda, 0x20, 0x18, 0x9c, 0xc0,
    0x25, 0x66, 0xff, 0xe0, 0xbf, 0x0, 0x16, 0x94,
    0x40, 0x34, 0x6e, 0xa0, 0x3, 0x4c, 0xff, 0xf0,
    0xa0, 0x80, 0xc, 0x0, 0x16, 0x10, 0x3, 0x90,
    0x7, 0xff, 0x30, 0xf3, 0x1d, 0x26, 0x1, 0xff,
    0xd1, 0x33, 0x0, 0x7f, 0xff, 0xc0, 0x3f, 0xf9,
    0x2f, 0x0, 0x1f, 0xfd, 0x48, 0x78, 0x0, 0xff,
    0xe9, 0x10, 0x0, 0xc0, 0x3f, 0xf8, 0x22, 0x0,
    0x70, 0xf, 0xfe, 0xa, 0x0, 0xc, 0x3, 0xff,
    0x82, 0x60, 0xd, 0x0, 0xff, 0xe0, 0xd0, 0x3,
    0x80, 0x3f, 0xf8, 0x38, 0x0, 0x6e, 0xcc, 0xff,
    0xbc, 0xc0, 0x58, 0x1, 0x35, 0x42, 0x1, 0x0,
    0xe5, 0x30, 0x0, 0x99, 0xff, 0xc0, 0x14, 0x0,
    0x5, 0x95, 0x40, 0x4, 0x0, 0xf6, 0x41, 0x88,
    0x7, 0xfc, 0x29, 0x6c, 0x0, 0x17, 0x0, 0x13,
    0xd0, 0x7, 0xcf, 0x9d, 0xff, 0xff, 0x75, 0xa0,
    0x0,

    /* U+62AB "披" */
    0x0, 0xff, 0xed, 0xbf, 0xd0, 0x7, 0xff, 0x5,
    0xff, 0x0, 0x3f, 0xf8, 0x78, 0x8, 0x1, 0xff,
    0xc1, 0xb0, 0x31, 0x0, 0xff, 0xe2, 0x8, 0x7,
    0xff, 0xfc, 0x3, 0xff, 0xa8, 0xdb, 0xdd, 0xe3,
    0x0, 0x66, 0x57, 0x53, 0x27, 0x10, 0xf, 0xfe,
    0x14, 0x10, 0x8f, 0x80, 0x22, 0x33, 0x22, 0xb3,
    0x22, 0x0, 0xc, 0xef, 0xf2, 0x0, 0x3f, 0xdc,
    0x80, 0x20, 0x2, 0x2e, 0x0, 0x88, 0xb8, 0x40,
    0x31, 0x98, 0x40, 0x3e, 0x1d, 0x0, 0x87, 0x77,
    0x8c, 0x1, 0x9b, 0xba, 0x40, 0x1e, 0x6, 0xc8,
    0x90, 0x80, 0x11, 0x2a, 0x0, 0x8c, 0x3, 0xff,
    0x83, 0x80, 0x4, 0x0, 0x4d, 0xdc, 0xa0, 0xb,
    0xb8, 0xc0, 0x3f, 0xf8, 0x82, 0x80, 0x44, 0x0,
    0xff, 0xe8, 0xa8, 0x1, 0x40, 0x3f, 0xfa, 0x48,
    0xa9, 0x20, 0x1f, 0xfc, 0xe3, 0x11, 0x11, 0x2e,
    0xc2, 0x1, 0xff, 0xc5, 0x2f, 0xfe, 0x30, 0x6,
    0xf7, 0x37, 0x5d, 0x82, 0x1, 0xff, 0xd4, 0x34,
    0x0, 0xff, 0x2b, 0x30, 0x80, 0x3c, 0x2c, 0xdf,
    0xc0, 0x13, 0x80, 0x79, 0x18, 0x1, 0x53, 0x2a,
    0x10, 0x1, 0x88, 0xd, 0xcc, 0xfd, 0x40, 0x2,
    0x20, 0x4, 0xf9, 0xf6, 0x40, 0x10, 0xb4, 0x80,
    0x4f, 0x20, 0xb, 0x0, 0xfa, 0x40, 0xa, 0x1,
    0x3c, 0x18, 0x7, 0x67, 0x48, 0x98, 0x0, 0x58,
    0x0, 0xc2, 0x1, 0xc4, 0xa0, 0x9, 0x0, 0x84,
    0x0, 0x4e, 0x40, 0x3, 0x0, 0x98, 0x0, 0x63,
    0x0, 0xb, 0x0, 0xe8, 0x0, 0x30, 0x80, 0x4d,
    0x5b, 0xa8, 0x60, 0xf, 0x10, 0x3, 0x81, 0xc8,
    0x15, 0x0, 0x24, 0x50, 0x4, 0x0, 0x72, 0x90,
    0x7, 0xf7, 0x0, 0x8, 0x1, 0x20, 0xa, 0x10,
    0x1a, 0x0, 0x48, 0x80, 0x7f, 0xf1, 0x8, 0x0,
    0xe0, 0x4, 0x60, 0x1d, 0x1d, 0x10, 0x46, 0x0,
    0xff, 0xe2, 0xb8, 0x0, 0x80, 0x29, 0x20, 0x3f,
    0x30, 0x2a, 0x0, 0xff, 0xe2, 0x89, 0x1, 0x80,
    0x77, 0x88, 0x8, 0xf, 0x88, 0x7, 0xff, 0x15,
    0xc0, 0x8, 0x1, 0xc6, 0x40, 0x11, 0x18, 0x7,
    0xff, 0x1b, 0x40, 0x16, 0x1, 0x8f, 0xcc, 0x2,
    0x3f, 0x40, 0xf, 0xfe, 0x21, 0x20, 0x9, 0x80,
    0x51, 0x82, 0x3, 0x0, 0x1, 0xb9, 0x10, 0xf,
    0xf8, 0x40, 0x12, 0x0, 0x90, 0x3, 0xf3, 0x80,
    0xf, 0xdf, 0x4, 0x0, 0xdd, 0x4, 0x1, 0x15,
    0x54, 0x80, 0x60, 0xc8, 0x2, 0xd3, 0xf0, 0x20,
    0x8, 0xc1, 0x3, 0xe6, 0x0, 0x9f, 0x70, 0x81,
    0x15, 0x60, 0x2, 0x6, 0x0, 0x20, 0x98, 0x2,
    0x5d, 0x70, 0xe, 0x9c, 0x40, 0x8, 0xc4, 0x19,
    0x0, 0x4, 0xf2, 0x10, 0x48, 0xc6, 0xc2, 0xdb,
    0x44, 0x1, 0xf1, 0xde, 0x31, 0xc9, 0x80,

    /* U+62B9 "抹" */
    0x0, 0xf8, 0x80, 0x3f, 0xfa, 0xbf, 0xb0, 0x1,
    0xff, 0xc1, 0xef, 0x60, 0xf, 0xfe, 0x19, 0x0,
    0xc, 0x3, 0xff, 0x80, 0x42, 0x18, 0x1, 0xff,
    0xd6, 0x10, 0xf, 0xff, 0xf8, 0x7, 0xff, 0x18,
    0x95, 0x7e, 0x40, 0x3, 0xaa, 0xfc, 0x80, 0x1f,
    0xfc, 0x3d, 0xaa, 0xfa, 0x40, 0x7, 0x55, 0xf5,
    0xd0, 0x3, 0x3f, 0xed, 0x0, 0x27, 0xfb, 0x98,
    0x3, 0xff, 0x94, 0x66, 0x0, 0xfe, 0x1c, 0xc4,
    0xcf, 0xce, 0x0, 0x29, 0x9f, 0xd6, 0x6, 0xc8,
    0x91, 0x80, 0x5, 0x12, 0xe3, 0x66, 0xfa, 0x80,
    0xc, 0xdf, 0xc2, 0x0, 0x9b, 0xbb, 0x80, 0xb,
    0x77, 0x20, 0x7, 0xff, 0xfc, 0x3, 0xff, 0xec,
    0xce, 0xfe, 0xa0, 0x3, 0x3b, 0xfc, 0x40, 0x1f,
    0xfc, 0x13, 0x27, 0x98, 0x8f, 0x38, 0x0, 0xa2,
    0x3e, 0xf0, 0xf, 0xf3, 0x57, 0x64, 0x88, 0x7,
    0xff, 0x19, 0x80, 0x3c, 0x74, 0x0, 0x25, 0x10,
    0x16, 0xdc, 0xce, 0x0, 0xf3, 0xe6, 0x75, 0x80,
    0x4d, 0x7f, 0x8e, 0x1, 0x8e, 0x28, 0x8, 0xcf,
    0x20, 0x7, 0x94, 0xcf, 0x80, 0x26, 0x94, 0x0,
    0xe2, 0xdc, 0x70, 0xf, 0xc, 0x0, 0x78, 0x9c,
    0x3, 0xe2, 0x0, 0x13, 0x48, 0x1, 0x88, 0x3,
    0xf5, 0x80, 0x18, 0x0, 0x84, 0x10, 0x20, 0x1e,
    0x4c, 0xdd, 0x4a, 0x0, 0x4, 0x3, 0xf3, 0xa8,
    0x1d, 0x80, 0x52, 0x0, 0xd0, 0xf, 0x8c, 0x80,
    0x3f, 0xf8, 0x27, 0x0, 0xf, 0x0, 0xc8, 0x80,
    0x37, 0x0, 0xff, 0xe4, 0xe, 0x80, 0x20, 0xc0,
    0x3a, 0x84, 0x20, 0xc0, 0x3f, 0xf8, 0x6, 0x1,
    0xc3, 0x82, 0x8, 0xe0, 0x1e, 0x1b, 0x0, 0x69,
    0x0, 0x7f, 0xf1, 0x7, 0x8, 0xa, 0x80, 0x3f,
    0x2a, 0x80, 0x7c, 0x40, 0x3f, 0xf8, 0x47, 0xe4,
    0x3, 0xe2, 0x1, 0xfd, 0x44, 0x5, 0x84, 0x1,
    0xfc, 0x20, 0x6, 0xc1, 0x0, 0x69, 0x0, 0x7f,
    0xde, 0x20, 0x58, 0x1, 0xff, 0xc0, 0xf0, 0x0,
    0xe1, 0x80, 0x7f, 0xf0, 0xb, 0x44, 0x10, 0x3,
    0xfb, 0xc0, 0x10, 0xa9, 0x86, 0x1, 0xff, 0xc2,
    0x3f, 0xaa, 0x0, 0x4d, 0x33, 0x0, 0x70, 0xd5,
    0x90, 0x7, 0xff, 0x10, 0x54, 0x3, 0x4b, 0x31,
    0x0, 0x2, 0x1, 0xff, 0xc3, 0x10, 0xf, 0xfe,
    0x5, 0x8, 0x0, 0xa5, 0x80, 0x3f, 0xf8, 0x4,
    0x61, 0xe0, 0x1f, 0xe0,

    /* U+62D4 "拔" */
    0x0, 0xe2, 0xa9, 0x0, 0xff, 0x4d, 0x8, 0x4,
    0x50, 0x80, 0x1f, 0xfc, 0xa, 0x56, 0x30, 0xf,
    0xc8, 0xca, 0xe0, 0x14, 0xbd, 0xd8, 0x80, 0x3f,
    0xc2, 0x1, 0xff, 0x8, 0x7, 0xa0, 0x41, 0x35,
    0xc0, 0x3f, 0xf9, 0x26, 0x1, 0xe3, 0xe7, 0x0,
    0x45, 0x88, 0x7, 0xff, 0x42, 0x30, 0x81, 0x20,
    0x3, 0xff, 0x94, 0x60, 0x1e, 0x3d, 0x40, 0xd0,
    0x8, 0x47, 0x0, 0x4e, 0x22, 0x0, 0xf0, 0x80,
    0x7f, 0xd7, 0xc8, 0x0, 0x5e, 0xec, 0xc0, 0xb,
    0xee, 0x8a, 0x2a, 0xab, 0x0, 0x75, 0x57, 0xf5,
    0xcb, 0x1, 0x0, 0x7f, 0x86, 0x9d, 0x56, 0x30,
    0x2, 0x2a, 0xff, 0x9a, 0x45, 0xa1, 0xde, 0x30,
    0x3, 0x3b, 0xaa, 0xc0, 0x3f, 0xf8, 0xe4, 0x22,
    0x78, 0x89, 0x40, 0x15, 0x10, 0x53, 0xff, 0xca,
    0x0, 0xdf, 0xff, 0xfb, 0x40, 0x3f, 0xf8, 0xc2,
    0x0, 0x60, 0xf, 0xfe, 0x93, 0x0, 0xc, 0x3,
    0xff, 0xa4, 0x60, 0xc, 0x0, 0xf1, 0xed, 0x80,
    0x7f, 0xf2, 0x4, 0x40, 0x4, 0x0, 0xf5, 0x12,
    0x18, 0x7, 0xff, 0x1c, 0x80, 0x32, 0x0, 0x72,
    0x80, 0x8, 0x3, 0xfe, 0x57, 0xbd, 0x40, 0x9,
    0x80, 0x36, 0x80, 0x71, 0x81, 0x8, 0x7, 0xc2,
    0x60, 0x9, 0x84, 0x23, 0x0, 0xb4, 0x0, 0x20,
    0xe0, 0x19, 0x0, 0x8, 0x1, 0xcb, 0x3b, 0xca,
    0x1, 0x89, 0xd8, 0x2, 0x40, 0x5, 0x80, 0xa8,
    0x5, 0x80, 0xd, 0x0, 0xd3, 0x4c, 0x40, 0x19,
    0xf7, 0x50, 0x20, 0x11, 0x80, 0xa8, 0x87, 0x0,
    0x4c, 0x0, 0x40, 0xf, 0x85, 0x90, 0x1, 0x64,
    0x1, 0xc6, 0x0, 0x40, 0x90, 0x43, 0x4, 0x10,
    0x50, 0xe, 0x9a, 0xde, 0x92, 0x0, 0xfe, 0xb0,
    0x6, 0x3, 0x0, 0x3c, 0x3c, 0x1, 0x20, 0x1e,
    0x52, 0x0, 0xff, 0xe0, 0x28, 0x1, 0x0, 0x5c,
    0xe, 0x50, 0xc, 0xc0, 0x1f, 0xfc, 0x72, 0x20,
    0x19, 0x0, 0x24, 0x41, 0x80, 0x10, 0x1, 0xff,
    0xc8, 0xb0, 0x5, 0x80, 0x43, 0x0, 0x12, 0x20,
    0x3, 0xff, 0x8e, 0x2c, 0x0, 0x60, 0xc, 0x80,
    0x11, 0x0, 0x7f, 0xf2, 0x20, 0x0, 0xa2, 0x1,
    0xbc, 0x2, 0x66, 0x0, 0x7f, 0xf1, 0x89, 0x80,
    0x10, 0x1, 0xac, 0x80, 0x80, 0x12, 0xc0, 0x1f,
    0xfc, 0x5f, 0x0, 0x31, 0x0, 0x54, 0x80, 0x39,
    0x20, 0x9, 0x70, 0xf, 0xfe, 0x1d, 0x10, 0xc,
    0x80, 0x7, 0x14, 0x1, 0xa2, 0xd0, 0x0, 0x8b,
    0x20, 0x8, 0xa6, 0x67, 0x0, 0x8, 0x52, 0x80,
    0x34, 0x0, 0xdc, 0x60, 0xc, 0x30, 0x3, 0xc0,
    0x1, 0x36, 0x84, 0x1d, 0x9a, 0x10, 0x12, 0x45,
    0x0, 0x51, 0x80, 0xc8, 0x0, 0x74, 0xc0, 0x33,
    0xd8, 0x80, 0x15, 0x1, 0x50, 0x0, 0x29, 0x80,
    0x8c, 0x34, 0xa0, 0x1, 0x81, 0x5f, 0x20, 0xf,
    0x27, 0x38, 0xaa, 0x80,

    /* U+6301 "持" */
    0x0, 0xf0, 0x80, 0x7f, 0xf5, 0x2b, 0xa8, 0x3,
    0xff, 0x82, 0xbf, 0x80, 0x1f, 0xfc, 0x37, 0x7,
    0x0, 0xff, 0xe0, 0xe0, 0x19, 0x0, 0x7f, 0xff,
    0xc0, 0x3f, 0xf8, 0x49, 0x11, 0xf9, 0x0, 0x17,
    0x11, 0xf3, 0x80, 0x7f, 0xf0, 0x6d, 0xdf, 0xf1,
    0x0, 0x19, 0xdf, 0xe8, 0x60, 0xf, 0xfe, 0x0,
    0x80, 0x7f, 0xf2, 0xc, 0xdd, 0xff, 0x10, 0x17,
    0xfb, 0x8f, 0xb7, 0x7f, 0x28, 0x2, 0xf7, 0x7e,
    0xe5, 0xb1, 0x0, 0xfc, 0x28, 0x4, 0x5f, 0x8c,
    0x0, 0xc4, 0x5f, 0x8, 0x52, 0xa2, 0x40, 0x12,
    0x24, 0xa0, 0x1f, 0xfc, 0xa2, 0xab, 0xb8, 0x80,
    0xae, 0xe2, 0x0, 0xff, 0xec, 0x45, 0x57, 0x90,
    0x1, 0x35, 0x5e, 0x40, 0xf, 0xfe, 0x1a, 0x3a,
    0xaf, 0x88, 0x0, 0x8a, 0xbe, 0x80, 0xf, 0xfe,
    0x1a, 0x88, 0x7, 0xff, 0x11, 0x0, 0x3f, 0xf8,
    0x63, 0xdf, 0xff, 0xfc, 0xc, 0xff, 0xa0, 0x3,
    0xff, 0x80, 0x60, 0x1f, 0xfc, 0x3c, 0xc5, 0x80,
    0x7f, 0xf0, 0xe, 0xbf, 0x18, 0x3, 0xff, 0x84,
    0x40, 0xc0, 0x1f, 0x89, 0x8c, 0x5, 0x40, 0x2,
    0x1, 0xff, 0xc4, 0x30, 0xe, 0x19, 0xdd, 0x48,
    0x80, 0x44, 0xee, 0x6f, 0xff, 0xfe, 0x8, 0x80,
    0xff, 0xdc, 0x36, 0xc4, 0x1, 0x87, 0x75, 0x1,
    0x80, 0x1f, 0xfc, 0x71, 0x23, 0x0, 0x1c, 0x10,
    0x19, 0x0, 0x50, 0xca, 0xbf, 0xfc, 0x0, 0x9,
    0x56, 0x73, 0x9b, 0xec, 0x70, 0xf, 0x8a, 0x6a,
    0x97, 0x6a, 0xaf, 0xc2, 0x3, 0x55, 0x40, 0x1,
    0x4, 0x3, 0xff, 0x80, 0xbd, 0xe2, 0x1, 0xff,
    0xd2, 0x20, 0x1b, 0x0, 0xff, 0xe9, 0x38, 0x82,
    0xa0, 0x7, 0xff, 0x4a, 0xc0, 0x12, 0x1, 0xff,
    0xd2, 0x54, 0x2, 0x80, 0xf, 0xfe, 0x95, 0x0,
    0x14, 0x3, 0xff, 0xa4, 0x34, 0x92, 0x1, 0xff,
    0xd3, 0x5b, 0x40, 0xf, 0x8c, 0x3, 0xc5, 0x55,
    0x10, 0x8, 0x7, 0xff, 0x4, 0xea, 0xee, 0x10,
    0x10, 0xf, 0x2a, 0xe0, 0x5, 0x80, 0x7f, 0xf0,
    0x69, 0x51, 0x20, 0x5, 0x80, 0x79, 0x8c, 0x0,
    0x50, 0xe0, 0x1f, 0xfc, 0x1b, 0x30, 0x8, 0xa1,
    0xc0, 0x38,

    /* U+6309 "按" */
    0x0, 0xf0, 0x80, 0x7f, 0xf5, 0x1f, 0xb8, 0x1,
    0xff, 0xc0, 0x4f, 0xe1, 0x0, 0xff, 0xe1, 0xe8,
    0x9, 0x0, 0x7f, 0xc4, 0x3, 0x20, 0x1f, 0xfd,
    0x27, 0x0, 0x30, 0x7, 0xff, 0x48, 0x4c, 0x4,
    0xc0, 0x3f, 0xf9, 0x4d, 0x33, 0xf0, 0x80, 0x3e,
    0x67, 0xe3, 0x0, 0xff, 0xe0, 0x94, 0xb3, 0x7c,
    0x40, 0x3, 0x66, 0xfb, 0x40, 0x3f, 0xf8, 0x2c,
    0x1, 0xff, 0xc7, 0x10, 0x3e, 0xff, 0x94, 0x1,
    0xbf, 0xe9, 0x0, 0x9f, 0xff, 0xff, 0x83, 0xc4,
    0x1, 0x20, 0x80, 0x7f, 0x38, 0x5, 0xe0, 0x19,
    0xe0, 0x80, 0x3c, 0x22, 0x0, 0x99, 0x51, 0x21,
    0x0, 0x1a, 0x22, 0x0, 0x3e, 0x68, 0x7b, 0x0,
    0xff, 0x86, 0xae, 0xe4, 0x0, 0x75, 0xd9, 0x9c,
    0x0, 0x20, 0x15, 0x0, 0x30, 0x3, 0xe7, 0x0,
    0xff, 0xe1, 0x9c, 0x3b, 0x80, 0x4, 0x60, 0x5,
    0x0, 0xc8, 0xe7, 0xf, 0x40, 0x1f, 0xfc, 0x27,
    0x81, 0x0, 0x28, 0x1, 0x80, 0x3a, 0xe3, 0x4e,
    0x14, 0x3, 0xff, 0x8f, 0x40, 0xd, 0x0, 0xc4,
    0x0, 0x30, 0xf, 0xfe, 0x22, 0xcc, 0xea, 0x20,
    0x6, 0xcc, 0xf0, 0x0, 0xe6, 0x62, 0x0, 0xff,
    0x8a, 0x99, 0xb2, 0x80, 0x4c, 0xdc, 0x80, 0x1,
    0x66, 0xac, 0x3, 0xfc, 0x36, 0x1, 0xff, 0xc9,
    0xc0, 0xf, 0xd5, 0x9c, 0xcc, 0xff, 0x9c, 0x0,
    0xdf, 0xfe, 0x10, 0x7, 0x7f, 0xca, 0x1, 0x91,
    0xc0, 0xe, 0x60, 0xf, 0x0, 0x98, 0x1, 0x60,
    0x1c, 0x62, 0x4, 0x20, 0x1c, 0xd7, 0xf6, 0x40,
    0x19, 0x29, 0x80, 0xc, 0x20, 0x84, 0x1, 0xd6,
    0x0, 0x40, 0xe, 0x89, 0x40, 0xe, 0x8e, 0xb5,
    0x0, 0xa0, 0x1, 0x0, 0x1e, 0x60, 0x5, 0x0,
    0x7e, 0x16, 0x30, 0x2, 0x88, 0x6, 0x61, 0x0,
    0x10, 0x7, 0x28, 0x81, 0x18, 0x7, 0x44, 0xdf,
    0x4b, 0x0, 0x7f, 0xf0, 0x3a, 0x4, 0x2, 0x80,
    0x5, 0x80, 0x7c, 0xc8, 0x1, 0xff, 0x35, 0x10,
    0x1, 0xfd, 0xc1, 0xc8, 0x5, 0x80, 0x3f, 0xf9,
    0x2b, 0xb2, 0x20, 0x31, 0xd0, 0x0, 0xb0, 0xf,
    0xfe, 0x63, 0x74, 0x0, 0x4, 0x0, 0x6a, 0x1,
    0xff, 0xce, 0x7a, 0x0, 0xc7, 0x22, 0x1, 0xff,
    0xcd, 0x9a, 0x0, 0xe6, 0xf5, 0x0, 0xff, 0xe4,
    0x8b, 0xf3, 0x0, 0xf, 0x5c, 0x0, 0x35, 0x62,
    0x1, 0xff, 0xc4, 0x15, 0xae, 0x81, 0x0, 0x3e,
    0x14, 0x61, 0x80, 0x13, 0xd0, 0x2, 0x26, 0x69,
    0xc0, 0x6, 0x0, 0x3d, 0xea, 0x50, 0x8, 0xf6,
    0x0, 0x23, 0xc7, 0x0, 0xd, 0xb0, 0x2, 0xa6,
    0x62, 0x2, 0x10, 0x5, 0x90, 0x6, 0x5c, 0xc1,
    0x0, 0x7a, 0x30, 0x40, 0x1e, 0x0, 0xb0, 0xc,
    0x7c, 0x1, 0x49, 0x82, 0x4f, 0x51, 0x80, 0x7f,
    0x1f, 0xa1, 0xc0, 0x0, 0xff, 0x37, 0xb0, 0xc0,
    0x21, 0xcf, 0xb6, 0x10, 0xf, 0xfe, 0x0, 0xde,
    0x8, 0x0,

    /* U+631E "挞" */
    0x0, 0xc8, 0xe2, 0x1, 0xff, 0xc4, 0x28, 0x50,
    0xf, 0xfa, 0xe2, 0x0, 0x1f, 0xfc, 0x4b, 0x7a,
    0x0, 0xff, 0x8, 0x0, 0xc0, 0x35, 0x7a, 0x0,
    0x7f, 0x18, 0x0, 0x40, 0x3f, 0xf8, 0xa8, 0x14,
    0x1, 0xff, 0xd2, 0x90, 0x19, 0x0, 0xff, 0xe8,
    0xb9, 0x3, 0x18, 0x7, 0xff, 0x46, 0x40, 0x1e,
    0x1, 0xff, 0xc5, 0x8e, 0xfe, 0x0, 0x2f, 0xf4,
    0x80, 0x11, 0x0, 0x20, 0x1f, 0xfc, 0x55, 0x10,
    0xf, 0xb, 0x80, 0x55, 0x38, 0x2, 0xce, 0xf9,
    0x80, 0xc, 0xef, 0x32, 0x5, 0x99, 0x88, 0x0,
    0x26, 0x69, 0x0, 0x85, 0x84, 0x2e, 0x62, 0x31,
    0x80, 0x22, 0x34, 0xd9, 0x36, 0x64, 0x0, 0x4c,
    0xc3, 0x80, 0x7c, 0x60, 0x1f, 0xfd, 0x49, 0xcb,
    0xbc, 0x20, 0x57, 0x7d, 0xa4, 0x1, 0xfe, 0x7e,
    0xff, 0x74, 0x80, 0xd, 0x13, 0x8, 0x1a, 0x27,
    0x10, 0x7, 0xfd, 0x82, 0x0, 0x16, 0x10, 0xe,
    0x20, 0x0, 0xc0, 0x7, 0xff, 0x13, 0x90, 0xc0,
    0x23, 0x0, 0xe6, 0x0, 0x9c, 0x40, 0x3f, 0xf8,
    0x28, 0x2b, 0x78, 0xc0, 0x1f, 0xb0, 0x3, 0x40,
    0x7, 0xfc, 0x9f, 0x76, 0x0, 0xff, 0xe0, 0x20,
    0xa, 0x3, 0x10, 0x7, 0x8a, 0x40, 0x2, 0x0,
    0x30, 0xf, 0xfe, 0x1, 0x82, 0x40, 0x2, 0x0,
    0x32, 0x66, 0xb8, 0x4, 0x2f, 0x20, 0x1f, 0xf2,
    0x80, 0x3c, 0xcc, 0xa, 0x40, 0x15, 0x18, 0x6,
    0x4e, 0x80, 0xf, 0xfe, 0x4, 0x80, 0x10, 0x20,
    0x1, 0x60, 0x11, 0x0, 0xb8, 0x0, 0x40, 0x3f,
    0xf8, 0x26, 0x60, 0x51, 0x4, 0x20, 0x61, 0x0,
    0x6d, 0xf4, 0x80, 0x7f, 0xf1, 0x20, 0x1, 0xc0,
    0x15, 0x80, 0x24, 0x0, 0x28, 0x1, 0xff, 0xc5,
    0x54, 0x4, 0x40, 0x4, 0xc2, 0xc, 0x1, 0xff,
    0xc8, 0x2b, 0x0, 0x40, 0x7, 0x38, 0xa, 0x0,
    0x7f, 0xf1, 0xfc, 0x41, 0x8c, 0x3, 0xac, 0x1,
    0xc0, 0x1f, 0xfc, 0x61, 0x20, 0x39, 0x0, 0xf1,
    0x10, 0x8, 0x3, 0xff, 0x8c, 0x36, 0xda, 0x1,
    0xfb, 0xa6, 0x0, 0x3f, 0xf8, 0x4a, 0x0, 0x40,
    0x49, 0x10, 0xf, 0xc6, 0xc0, 0x1f, 0xfc, 0x13,
    0xe3, 0x0, 0x4c, 0x84, 0x3, 0xff, 0x90, 0x60,
    0x11, 0x68, 0x96, 0xd8, 0xb7, 0x41, 0x80, 0x7f,
    0xf0, 0xa, 0xaa, 0x0, 0x8, 0x5, 0x22, 0x1e,
    0x49, 0xe6, 0xf, 0x9d, 0x95, 0x49, 0x9e, 0xaa,
    0x42, 0x2a, 0x90, 0x1, 0x80, 0x12, 0x83, 0x10,
    0x0, 0x72, 0x0, 0x2, 0x6a, 0xa6, 0x6e, 0x55,
    0x23, 0x98, 0x0, 0xe9, 0x0, 0x28, 0x38, 0x0,
    0xe7, 0xfa, 0x52, 0x10, 0xf, 0x86, 0x0,

    /* U+63A2 "探" */
    0x0, 0xeb, 0xe5, 0x0, 0xff, 0xe9, 0xa0, 0xf8,
    0x7, 0xff, 0x48, 0x40, 0x3e, 0xcf, 0xff, 0xfe,
    0x36, 0x88, 0x7, 0xff, 0x0, 0xcc, 0x1, 0xff,
    0xc6, 0x25, 0x0, 0xff, 0xe1, 0x93, 0xbf, 0xff,
    0x8, 0x80, 0x2, 0x1, 0xff, 0xc3, 0xa8, 0x89,
    0x5e, 0xa2, 0x1c, 0xe7, 0x11, 0x28, 0x7, 0xff,
    0x25, 0x8, 0x1c, 0x1, 0x80, 0x80, 0x1f, 0xd3,
    0xdf, 0xc0, 0x5, 0xfe, 0x40, 0x8, 0x40, 0x6,
    0x0, 0x60, 0xf, 0xdc, 0x0, 0x10, 0x3, 0x8,
    0x7, 0x87, 0x4d, 0xdc, 0xc0, 0xb, 0x0, 0x18,
    0x7, 0xe6, 0x9a, 0x40, 0x4, 0x22, 0xc, 0x0,
    0x28, 0x8a, 0x8, 0x80, 0x1, 0xc, 0x10, 0x3,
    0xfc, 0xca, 0x1, 0x3d, 0xdb, 0x40, 0x9, 0x76,
    0x30, 0xc, 0x54, 0x0, 0x80, 0x8, 0xc0, 0x3f,
    0xf9, 0x8d, 0xa2, 0xc, 0x60, 0x17, 0x0, 0x3b,
    0xaf, 0xfa, 0x40, 0x3f, 0xf8, 0x5, 0x7f, 0x20,
    0x4, 0x90, 0xc, 0xa0, 0x1, 0x18, 0x2, 0x70,
    0xf, 0xfe, 0x3, 0xa0, 0x5, 0x16, 0x1, 0x18,
    0x96, 0x3b, 0x31, 0xdd, 0x10, 0xd0, 0xf, 0xfe,
    0x2, 0xcb, 0x57, 0xb8, 0x5, 0x39, 0xe0, 0x71,
    0x32, 0x88, 0x3b, 0x8c, 0x3, 0xfc, 0x60, 0x6,
    0x95, 0x0, 0xe2, 0x1, 0x10, 0x7, 0xff, 0x15,
    0x3b, 0x28, 0x3, 0xff, 0x9c, 0x70, 0x0, 0x11,
    0x1, 0x8b, 0xc4, 0x7c, 0xa0, 0x8, 0x8f, 0xe5,
    0x0, 0x37, 0x63, 0x0, 0x47, 0x52, 0xd0, 0xef,
    0xf0, 0x80, 0x19, 0xdf, 0xf5, 0x0, 0x24, 0x40,
    0x32, 0xe2, 0x81, 0x80, 0x7f, 0xf2, 0x8, 0x0,
    0x20, 0x72, 0x1, 0xe4, 0xff, 0xf1, 0x80, 0x7a,
    0xff, 0xfd, 0xa0, 0xf, 0xdc, 0x70, 0xf, 0xfe,
    0x3, 0x18, 0x7, 0xa8, 0x40, 0x3f, 0x9, 0x0,
    0x7f, 0xf0, 0x4a, 0x40, 0x48, 0x0, 0xc0, 0x34,
    0x1, 0xff, 0xca, 0x1c, 0x0, 0x5b, 0x0, 0x21,
    0x1, 0x28, 0x3, 0xff, 0x90, 0x38, 0x20, 0xaa,
    0x0, 0xd4, 0x20, 0xb4, 0x1, 0xff, 0xc6, 0x2c,
    0x20, 0x3a, 0x0, 0xe1, 0xc1, 0x5, 0xb0, 0xf,
    0xfe, 0x22, 0x61, 0x1, 0x68, 0x7, 0xc5, 0xa0,
    0x4, 0xd3, 0x0, 0xff, 0xe0, 0x15, 0x58, 0x81,
    0x60, 0x80, 0x7e, 0x3c, 0x10, 0x2c, 0x90, 0xf,
    0xfb, 0xd4, 0x0, 0x9a, 0x20, 0x1f, 0xe3, 0xc2,
    0x0, 0x31, 0x0, 0x7f, 0xa8, 0x6, 0xac, 0x3,
    0xff, 0x82, 0x5a, 0xc2, 0xe4, 0x5, 0x55, 0x0,
    0xc, 0x0, 0xfd, 0xc5, 0x0, 0xff, 0xe2, 0x4f,
    0x40, 0x1, 0xd5, 0x48, 0x0, 0xd0, 0x8, 0x40,
    0x3f, 0xf9, 0x6a, 0x80, 0x3, 0xa4, 0x0, 0xff,
    0xe0, 0x60, 0x18, 0x80, 0x7f, 0x80,

    /* U+63A5 "接" */
    0x0, 0xf0, 0x80, 0x7f, 0xf5, 0x2f, 0xa4, 0x3,
    0xff, 0x80, 0x5f, 0xe9, 0x0, 0xff, 0xe1, 0xa8,
    0x28, 0x7, 0xff, 0xd, 0x8c, 0x3, 0xff, 0xa2,
    0x4a, 0x0, 0x80, 0xf, 0xfe, 0x51, 0x33, 0x7c,
    0x60, 0x4, 0x76, 0x6e, 0x50, 0xf, 0xfe, 0x1f,
    0x4c, 0xfc, 0xc0, 0x14, 0x4c, 0xf5, 0x30, 0x7,
    0xff, 0x9, 0x80, 0x3f, 0xf8, 0xc4, 0x1, 0xff,
    0xc2, 0xae, 0xe6, 0xce, 0x77, 0x7e, 0x9b, 0xee,
    0x7a, 0x1, 0x77, 0xfc, 0x20, 0x7f, 0xee, 0x60,
    0x0, 0x8a, 0x27, 0x84, 0x7e, 0x69, 0xb5, 0x10,
    0x9, 0x4, 0x3, 0xf0, 0xe8, 0x6, 0xc0, 0x28,
    0x0, 0xf4, 0x80, 0x14, 0x3, 0x3a, 0xa2, 0x40,
    0x12, 0x25, 0xe0, 0x19, 0x94, 0x1c, 0x80, 0x33,
    0x88, 0x38, 0x80, 0x61, 0xab, 0xb8, 0x40, 0xee,
    0xe4, 0x0, 0xe8, 0x0, 0x20, 0x6, 0x90, 0x19,
    0x0, 0xff, 0xe5, 0x14, 0xbb, 0x80, 0x27, 0x10,
    0x91, 0x0, 0xff, 0xe2, 0xbf, 0xff, 0x4b, 0xf7,
    0xfd, 0x0, 0x8, 0xff, 0xdc, 0x20, 0x1f, 0xfc,
    0xc, 0x0, 0xff, 0xe3, 0x89, 0x80, 0x7f, 0xf0,
    0x26, 0x1d, 0xff, 0xf8, 0xd2, 0x40, 0x1f, 0xfc,
    0x2, 0x78, 0x8e, 0xb6, 0x59, 0x88, 0xfe, 0x60,
    0xf, 0xc2, 0xfb, 0xe6, 0x1, 0xf7, 0x9, 0x18,
    0x7, 0x2b, 0x0, 0x7e, 0x41, 0x2, 0x82, 0x6,
    0x0, 0xf2, 0x90, 0x29, 0x0, 0x63, 0xa9, 0x80,
    0xc, 0xf7, 0xf6, 0x1, 0xcc, 0xad, 0x33, 0xd6,
    0x0, 0x19, 0x9e, 0x80, 0x2, 0x4c, 0x15, 0x42,
    0x0, 0x61, 0xaf, 0x92, 0x96, 0x6e, 0x10, 0x2,
    0x33, 0x72, 0x0, 0xd, 0x9e, 0xc8, 0x0, 0x4c,
    0x0, 0x25, 0x0, 0x11, 0x80, 0x7f, 0xf1, 0xc7,
    0x22, 0xfb, 0x64, 0x40, 0x3d, 0x9f, 0xf3, 0x0,
    0x27, 0xff, 0xd0, 0x0, 0x7f, 0xf7, 0x28, 0x20,
    0x80, 0x7f, 0xf0, 0x11, 0x81, 0x18, 0x3, 0xd2,
    0x0, 0xa0, 0xf, 0xfe, 0x3d, 0x0, 0x24, 0x3,
    0xd0, 0x20, 0xa4, 0x1, 0xff, 0xc6, 0x51, 0x0,
    0x7b, 0x88, 0x4, 0x8e, 0x0, 0x80, 0xf, 0xfe,
    0x3a, 0x28, 0x0, 0xa3, 0xa9, 0xe, 0x80, 0x10,
    0x40, 0x1f, 0xfc, 0x71, 0xae, 0x92, 0x0, 0x2d,
    0xe0, 0x82, 0x38, 0x7, 0xff, 0x28, 0x5b, 0x71,
    0x0, 0x38, 0xc0, 0x3f, 0xf9, 0xa3, 0x68, 0x1,
    0xcf, 0xce, 0x1, 0xff, 0xc8, 0x26, 0xbe, 0x70,
    0x0, 0xd3, 0x80, 0x6, 0x39, 0x80, 0x31, 0xdd,
    0xc2, 0xe, 0x1, 0x97, 0x3f, 0x65, 0x0, 0x27,
    0xe5, 0x8e, 0x60, 0x0, 0xce, 0x90, 0x1, 0x13,
    0x0, 0x30, 0x3, 0x71, 0x80, 0x63, 0x9f, 0x80,
    0x8, 0x67, 0x4c, 0x0, 0x48, 0x0, 0x63, 0x0,
    0x1c, 0x38, 0x6, 0x93, 0x33, 0x57, 0x63, 0x0,
    0x7c, 0x59, 0x22, 0xac, 0x0,

    /* U+63D2 "插" */
    0x0, 0xff, 0xed, 0xef, 0xb0, 0x7, 0xff, 0x48,
    0x48, 0x3c, 0x3, 0xd9, 0xff, 0xff, 0xc4, 0xa0,
    0xf, 0xe3, 0x0, 0xf1, 0x80, 0x7f, 0xf1, 0x10,
    0x3, 0xff, 0x89, 0x2a, 0xbe, 0x30, 0x1, 0xaa,
    0xfa, 0xc0, 0x3f, 0xf8, 0x8d, 0x55, 0xe9, 0x0,
    0x4d, 0x57, 0x94, 0x3, 0xff, 0xf7, 0xbf, 0xee,
    0x0, 0x2f, 0xfa, 0x41, 0x2e, 0xff, 0x40, 0x2,
    0x2e, 0xff, 0x18, 0x90, 0x7, 0xe4, 0xf, 0x44,
    0xfc, 0x40, 0x2, 0x44, 0xfd, 0x23, 0xa, 0xb0,
    0x0, 0x95, 0x52, 0x6, 0x1, 0xff, 0xc8, 0xd0,
    0x7a, 0xa5, 0x80, 0x1e, 0xa8, 0x81, 0x1f, 0xff,
    0xa8, 0x1, 0x5f, 0xff, 0x9c, 0x3, 0xff, 0xfe,
    0x1, 0xfe, 0x6a, 0x60, 0xf, 0xfe, 0x81, 0xcf,
    0xca, 0xcb, 0x80, 0x66, 0xef, 0xfd, 0xce, 0x1,
    0xff, 0xc2, 0x7c, 0x60, 0x9, 0x98, 0x1, 0xb4,
    0x40, 0x30, 0xc8, 0x7, 0xe1, 0x6b, 0xb0, 0x2,
    0x40, 0x7, 0x5f, 0x22, 0x1, 0xbd, 0xc, 0xe0,
    0x0, 0x80, 0x71, 0x0, 0x12, 0x51, 0x2, 0x2,
    0x3, 0x8a, 0x1, 0xf2, 0x5e, 0x64, 0x40, 0x19,
    0x27, 0xb0, 0x3, 0x90, 0x40, 0x23, 0x0, 0xff,
    0xe3, 0x25, 0xb0, 0x80, 0x43, 0x1b, 0x60, 0x1f,
    0xfc, 0xf3, 0x0, 0x23, 0x90, 0x7, 0xff, 0x31,
    0x22, 0x7b, 0x40, 0x3f, 0xfa, 0x4e, 0xc2, 0x1,
    0xff, 0x17, 0xfd, 0xa0, 0x1c, 0x9f, 0xf8, 0x80,
    0x3f, 0xf9, 0x44, 0x40, 0xc, 0x40, 0x1f, 0xfc,
    0xb1, 0x66, 0xa4, 0x80, 0x33, 0x43, 0x34, 0x20,
    0x1f, 0xfc, 0x63, 0x99, 0x98, 0x3, 0xcf, 0x33,
    0x18, 0x7, 0xff, 0xfc, 0x3, 0xff, 0xb2, 0x60,
    0x1f, 0xfc, 0xf2, 0xaa, 0x80, 0x3f, 0xc5, 0x77,
    0xd2, 0x0, 0x9b, 0xbe, 0x20, 0xc, 0xea, 0xa4,
    0x0, 0x68, 0x7, 0x8, 0x1, 0x13, 0x8c, 0x0,
    0x68, 0x9c, 0x1, 0xca, 0x80, 0x2, 0x84, 0x0,
    0xe6, 0x0, 0xff, 0xe3, 0x38, 0x0,

    /* U+6492 "撒" */
    0x0, 0xe1, 0x0, 0xff, 0xea, 0x5f, 0x30, 0x7,
    0x37, 0x30, 0x0, 0x76, 0x80, 0x3a, 0x79, 0x80,
    0x3f, 0xca, 0x1e, 0x1, 0xda, 0x3a, 0x0, 0x42,
    0x50, 0xe, 0x61, 0xf0, 0xf, 0xfe, 0x91, 0x0,
    0x3c, 0x3, 0xff, 0xa4, 0xc0, 0x5, 0x0, 0xff,
    0xe1, 0x8f, 0x7a, 0x2, 0x7f, 0xa8, 0x1, 0xf8,
    0x0, 0x20, 0x1, 0x0, 0x7f, 0xf1, 0x4, 0x3,
    0xfc, 0x40, 0xf, 0x1, 0x10, 0x7, 0xff, 0xc,
    0x76, 0xcc, 0xe, 0xec, 0xe0, 0xb, 0xf0, 0x2,
    0x81, 0x19, 0xf1, 0x3, 0x7f, 0xc2, 0xd, 0xfe,
    0x52, 0x47, 0x7, 0x44, 0x68, 0x1, 0x4, 0x0,
    0x60, 0x79, 0x9d, 0xaf, 0xe0, 0x1f, 0xb4, 0x3,
    0xff, 0x82, 0x60, 0x1f, 0xeb, 0x77, 0x80, 0x4,
    0xee, 0x90, 0xf, 0xfe, 0xd, 0x80, 0x33, 0x26,
    0x0, 0x6b, 0x94, 0x44, 0x20, 0x91, 0x6, 0xef,
    0x40, 0x4f, 0xf5, 0x0, 0x3f, 0x45, 0x40, 0x4c,
    0xe0, 0x1, 0x10, 0x3, 0xfd, 0x82, 0x1, 0xfe,
    0x26, 0x20, 0x10, 0x8, 0x81, 0x80, 0x3f, 0xea,
    0xa4, 0xcf, 0xfa, 0xf0, 0x2, 0x20, 0x3, 0x81,
    0x0, 0x7f, 0xc2, 0xac, 0xdf, 0xe7, 0x40, 0x9,
    0x80, 0x6, 0x1c, 0x1, 0xff, 0xc1, 0xad, 0xee,
    0xf6, 0xc2, 0x0, 0xc, 0xc, 0x4, 0x0, 0x60,
    0x1f, 0xc7, 0x8, 0x6a, 0x42, 0x3e, 0x27, 0x52,
    0x74, 0xd, 0x2, 0x0, 0x28, 0x7, 0xe6, 0xc7,
    0x97, 0x0, 0x35, 0xde, 0x70, 0xb, 0x63, 0x81,
    0xc1, 0x40, 0x44, 0x1, 0x13, 0xe0, 0x80, 0x67,
    0x0, 0xb5, 0x13, 0x58, 0x7, 0x20, 0x10, 0xf8,
    0x28, 0x5, 0x3b, 0x6, 0x1, 0x14, 0xd0, 0x4,
    0x7d, 0x62, 0x1, 0xf1, 0x0, 0x15, 0x0, 0xc0,
    0x24, 0x0, 0xe5, 0xd6, 0x0, 0xf2, 0x7a, 0x0,
    0x7c, 0x81, 0xc4, 0x18, 0x1, 0x59, 0x36, 0x8,
    0x18, 0x7, 0x8f, 0x8, 0x6d, 0x80, 0x3d, 0x80,
    0xa0, 0x4, 0x0, 0x9b, 0x64, 0xc0, 0x3f, 0xc5,
    0xae, 0xe6, 0x0, 0xf2, 0x0, 0x46, 0x1, 0xff,
    0xc5, 0x70, 0x4, 0x42, 0x80, 0x3c, 0x62, 0x0,
    0xa0, 0xf, 0xfe, 0x43, 0x73, 0x0, 0x7c, 0xe0,
    0x4, 0x0, 0xff, 0xe1, 0x8, 0x4, 0xdd, 0x22,
    0x20, 0xf, 0x90, 0x0, 0xe0, 0x1f, 0xfc, 0x23,
    0x0, 0x6c, 0x88, 0x3e, 0x80, 0x79, 0x48, 0x1,
    0x0, 0x1f, 0xfc, 0x2e, 0x0, 0x28, 0x1e, 0xc0,
    0x7, 0xd0, 0x1, 0x12, 0x80, 0x7f, 0xf0, 0x48,
    0xe, 0xf7, 0x8, 0x3, 0xe6, 0x20, 0x91, 0x8,
    0x0, 0xff, 0xe0, 0xa0, 0x30, 0x10, 0x7, 0xe1,
    0x90, 0x26, 0x90, 0x28, 0x0, 0xff, 0x88, 0x43,
    0x0, 0x3f, 0xda, 0x0, 0x90, 0x71, 0x7, 0x40,
    0x3, 0xc4, 0x88, 0x6, 0xb0, 0x3, 0x80, 0x42,
    0xd4, 0x1, 0x59, 0x83, 0x20, 0x2, 0xc0, 0x16,
    0x65, 0xe, 0xc0, 0xc, 0x1, 0x60, 0x41, 0x0,
    0xa6, 0x4c, 0x1, 0x20, 0x1c, 0x80, 0x4a, 0xc0,
    0x4, 0x26, 0x0, 0x14, 0x28, 0x9, 0x84, 0x80,
    0x6a, 0x20, 0x2a, 0x26, 0x4d, 0x0, 0xe9, 0x54,
    0x70, 0x9f, 0xf6, 0xb8, 0x5, 0x9c, 0x40, 0x18,
    0xb7, 0xf5, 0x42, 0x6c, 0x40, 0x3d, 0x56, 0x0,

    /* U+652F "支" */
    0x0, 0xff, 0xe2, 0x21, 0x80, 0x7f, 0xf4, 0xda,
    0xf1, 0x0, 0x3f, 0xfa, 0x5c, 0x0, 0x20, 0xf,
    0xff, 0xf8, 0x7, 0xff, 0x82, 0x73, 0x3f, 0xf8,
    0xc, 0x0, 0xbc, 0xcf, 0xfe, 0x4, 0x0, 0x44,
    0xc6, 0x7f, 0xfc, 0x1, 0x0, 0x11, 0x9f, 0xff,
    0x1, 0xc4, 0x0, 0x44, 0x0, 0xff, 0xe8, 0x10,
    0x80, 0x5b, 0xff, 0xff, 0xc0, 0x60, 0x4, 0xff,
    0xff, 0xf0, 0x34, 0x3, 0xff, 0x8a, 0x20, 0x1f,
    0xff, 0xf0, 0xf, 0xff, 0x21, 0x5e, 0x67, 0xf9,
    0x80, 0x17, 0x99, 0x6e, 0xec, 0x91, 0x0, 0xfd,
    0x48, 0x67, 0xfe, 0x10, 0x1, 0x19, 0xc4, 0x58,
    0xdb, 0x40, 0x3f, 0x68, 0x7, 0xff, 0x31, 0xc0,
    0x3f, 0x2f, 0xf5, 0x80, 0xb, 0xbb, 0xff, 0x85,
    0x40, 0x17, 0x80, 0x7f, 0x85, 0x4, 0x9, 0xc4,
    0x7f, 0xf8, 0x32, 0x0, 0x34, 0x0, 0xff, 0xe0,
    0x40, 0x2, 0x4, 0x3, 0xfe, 0x73, 0x0, 0x40,
    0x7, 0xff, 0x5, 0x8c, 0x7, 0x40, 0x3f, 0xc7,
    0x0, 0x6, 0x40, 0xf, 0xfe, 0x17, 0x0, 0xe,
    0x40, 0x3f, 0x16, 0x80, 0xa, 0x40, 0x3f, 0xf8,
    0x65, 0x20, 0x6, 0x80, 0xf, 0x16, 0x8, 0x3,
    0xc0, 0x3f, 0xf8, 0xac, 0xe0, 0x7, 0x80, 0xc,
    0x78, 0x20, 0xc, 0x20, 0xf, 0xfe, 0x34, 0x30,
    0x1, 0xec, 0x41, 0xf0, 0x40, 0x16, 0x60, 0x1f,
    0xfc, 0x89, 0x60, 0x2, 0x65, 0xc0, 0x0, 0xb5,
    0x0, 0x3f, 0xf9, 0x53, 0x0, 0x2, 0x40, 0x2,
    0x61, 0x0, 0x7f, 0xf3, 0x4, 0x40, 0x1d, 0x82,
    0x1, 0xff, 0xca, 0x17, 0xe9, 0x10, 0xe, 0x8e,
    0x71, 0x0, 0xff, 0xe2, 0x8a, 0xdf, 0x40, 0x80,
    0xa, 0x64, 0x20, 0x1, 0x8e, 0xb5, 0x0, 0xff,
    0x85, 0x23, 0x3a, 0x90, 0x2, 0x19, 0xd6, 0x67,
    0x38, 0x6, 0x4a, 0xfc, 0x84, 0x20, 0xd, 0x3b,
    0xd6, 0xe6, 0x1, 0x92, 0xb9, 0x80, 0x34, 0x74,
    0x10, 0x6, 0x37, 0xbd, 0xfb, 0x1, 0x62, 0x0,
    0xe3, 0x8d, 0xb5, 0x0, 0xf8, 0x5f, 0x71, 0xc8,
    0x3, 0xca, 0x2, 0xe0, 0x2, 0x6a, 0xec, 0x72,
    0x0, 0xff, 0xe0, 0x1c, 0x6e, 0xa9, 0x8c, 0x6,
    0x80, 0x11, 0xdf, 0xb2, 0xa2, 0x1, 0xff, 0xc6,
    0x25, 0x9c, 0xfe, 0x40,

    /* U+653E "放" */
    0x0, 0xf0, 0xde, 0x90, 0x7, 0xf8, 0x77, 0x94,
    0x3, 0xff, 0x88, 0x48, 0x50, 0x1, 0xfe, 0x72,
    0x1d, 0x0, 0xff, 0xe2, 0x19, 0x2, 0x88, 0x7,
    0xf7, 0x80, 0x34, 0x3, 0xff, 0x8b, 0x40, 0x6,
    0x0, 0xfe, 0x50, 0x2, 0x0, 0x7f, 0xf1, 0x58,
    0x0, 0x20, 0x1f, 0xc6, 0x4, 0x20, 0x1f, 0xf2,
    0xb3, 0x73, 0xb9, 0x81, 0x9b, 0x84, 0x0, 0x80,
    0x4, 0x0, 0xff, 0x92, 0xa6, 0x7c, 0xed, 0x33,
    0xeb, 0x0, 0x60, 0x1, 0x2e, 0xff, 0xa8, 0x98,
    0x3, 0xff, 0x86, 0x60, 0x5, 0x0, 0x12, 0x27,
    0xf2, 0xd1, 0x7f, 0x73, 0x0, 0xb, 0xdd, 0xfa,
    0x40, 0x88, 0x1, 0xff, 0xc1, 0xc0, 0x0, 0x8c,
    0x1, 0x8, 0xfe, 0x0, 0x50, 0x1, 0x2a, 0xf3,
    0x7b, 0x80, 0x2, 0xff, 0x20, 0x7, 0xff, 0x19,
    0x80, 0x2, 0xa8, 0x64, 0x24, 0x0, 0x70, 0xf,
    0xfe, 0x42, 0x88, 0x1, 0xc0, 0x39, 0x40, 0x1a,
    0x1, 0xff, 0xc8, 0x80, 0x8, 0x84, 0x3, 0x78,
    0x0, 0xc0, 0x3f, 0xcb, 0xff, 0xee, 0x6, 0x20,
    0xc, 0xa0, 0x19, 0x0, 0xa, 0x1, 0xff, 0xc5,
    0x13, 0x90, 0x4, 0x0, 0x34, 0x2, 0x12, 0x2,
    0x10, 0xf, 0xf0, 0x9a, 0x2b, 0x0, 0x52, 0x0,
    0x37, 0x20, 0x40, 0x9, 0x0, 0x8, 0x1, 0xff,
    0x3e, 0x5d, 0x49, 0x80, 0x30, 0x1, 0xe0, 0x80,
    0x44, 0x0, 0x78, 0x3, 0x0, 0x3f, 0x8, 0x7,
    0xf9, 0xee, 0x8c, 0x34, 0x0, 0xa0, 0x4, 0x0,
    0x28, 0x7, 0xe7, 0x0, 0x8, 0x7, 0xe4, 0x50,
    0x2, 0x0, 0x28, 0x10, 0x41, 0x40, 0x3f, 0x84,
    0x1, 0xe0, 0x18, 0x40, 0x2, 0x1, 0xca, 0x4,
    0x7e, 0x0, 0xe0, 0xf, 0xe3, 0x0, 0x8, 0x7,
    0xff, 0x7, 0x80, 0x1e, 0x80, 0x28, 0x1, 0xfd,
    0xe0, 0x2, 0x0, 0xc6, 0x1, 0xf9, 0x4, 0xc,
    0x0, 0xc0, 0x1f, 0xe5, 0x0, 0x28, 0x7, 0xff,
    0xa, 0x40, 0x34, 0x80, 0x7f, 0x8c, 0x0, 0x20,
    0x18, 0x40, 0x40, 0x3e, 0x60, 0x9, 0x84, 0x3,
    0xf8, 0x80, 0x8, 0x1, 0xf1, 0x80, 0x7c, 0xc0,
    0x12, 0x0, 0x7f, 0x94, 0x0, 0x60, 0x1f, 0x8,
    0x7, 0x92, 0x0, 0x22, 0x80, 0xf, 0xeb, 0x0,
    0x58, 0x6, 0x10, 0x3, 0x80, 0x71, 0xd0, 0x0,
    0xc0, 0xe, 0xa0, 0x1f, 0x19, 0x80, 0x4c, 0x3,
    0x10, 0x0, 0x80, 0x31, 0x68, 0x81, 0xe2, 0x80,
    0x28, 0xc0, 0x3d, 0x0, 0x9, 0x0, 0xe6, 0x0,
    0x70, 0x4, 0xba, 0x20, 0x5a, 0x16, 0x20, 0xc,
    0x40, 0xc, 0xa8, 0x0, 0x60, 0xe, 0xd0, 0x1,
    0x0, 0xcd, 0x0, 0xb, 0x4, 0x7, 0x0, 0x2b,
    0x70, 0x1, 0x50, 0x2, 0x4, 0x16, 0x1e, 0x1c,
    0x0, 0xed, 0xcc, 0x0, 0x3c, 0x10, 0x8, 0xb0,
    0x2, 0x8d, 0x25, 0x0, 0x23, 0x80, 0x2d, 0xe1,
    0xc0, 0x4, 0x49, 0x0, 0x9f, 0x4, 0x3, 0x8f,
    0x48, 0x0, 0x4e, 0xc4, 0x74, 0x1, 0x40, 0x6,
    0x4c, 0x8, 0x3, 0xc8, 0x0, 0xfc, 0x5a, 0xe2,
    0xca, 0x3b, 0x82, 0x1, 0x37, 0xee, 0xbe, 0xc4,
    0x1f, 0xb0, 0xc0, 0x3f, 0xe8, 0xe9, 0x0,

    /* U+65B9 "方" */
    0x0, 0xff, 0xf1, 0x2f, 0x68, 0x80, 0x7f, 0xf4,
    0x3c, 0x4a, 0x40, 0x3f, 0xfa, 0x1c, 0x0, 0x71,
    0x0, 0xff, 0xe7, 0xa1, 0x80, 0x24, 0x3, 0xff,
    0xa1, 0x0, 0x5, 0x0, 0xff, 0xe8, 0x22, 0x9c,
    0x80, 0x7f, 0xf0, 0x4b, 0x7f, 0xff, 0xf8, 0x4a,
    0x77, 0xff, 0xff, 0x73, 0x39, 0x0, 0x7f, 0xf4,
    0x7, 0x50, 0xc8, 0xbf, 0x0, 0x42, 0x45, 0xff,
    0xc5, 0xe1, 0xcd, 0xdf, 0xc8, 0x0, 0x8d, 0xdf,
    0xfe, 0x2a, 0x80, 0x7f, 0x9c, 0x0, 0x40, 0x1f,
    0xfd, 0x1, 0x0, 0x38, 0x7, 0xff, 0x40, 0xc0,
    0x2, 0x1, 0xff, 0xd0, 0x10, 0x1, 0x0, 0x7f,
    0xf3, 0xc8, 0x2, 0xbb, 0xff, 0xe1, 0x38, 0x7,
    0xff, 0x5, 0x80, 0x24, 0x4f, 0xfe, 0x14, 0x10,
    0x7, 0xff, 0x0, 0x80, 0x3f, 0xfa, 0x7e, 0x0,
    0x8f, 0xff, 0xfb, 0x80, 0x23, 0x0, 0xff, 0xe0,
    0x28, 0x1, 0x0, 0x3f, 0xe1, 0x10, 0x0, 0x40,
    0x3f, 0xf8, 0x6, 0x0, 0x30, 0xf, 0xfe, 0x0,
    0x80, 0x80, 0x7f, 0xf0, 0x14, 0x0, 0x80, 0x1f,
    0xfc, 0x1, 0x0, 0x18, 0x7, 0xff, 0x3, 0x80,
    0x1a, 0x1, 0xff, 0xc0, 0x30, 0x3, 0x0, 0x7f,
    0xc4, 0x80, 0x7, 0x0, 0xff, 0xe0, 0x30, 0x0,
    0x40, 0x3f, 0xeb, 0x0, 0x28, 0x80, 0x7f, 0xf0,
    0x8, 0x0, 0x40, 0x1f, 0xe2, 0x60, 0x4, 0x80,
    0x7f, 0xf0, 0x78, 0x1, 0xc0, 0x1f, 0xee, 0x0,
    0x21, 0x80, 0x7f, 0xf0, 0x4c, 0x0, 0x40, 0x1f,
    0xcc, 0x60, 0x8, 0x0, 0xff, 0xe1, 0x30, 0x1,
    0x40, 0x3f, 0x24, 0x80, 0x1c, 0xc0, 0x3f, 0xf8,
    0x22, 0x40, 0x22, 0x0, 0xf9, 0x2c, 0x0, 0x50,
    0x1, 0xff, 0xc2, 0x70, 0x2, 0x80, 0x7c, 0xf6,
    0x0, 0x1c, 0x0, 0xff, 0xe1, 0xd8, 0x3, 0x40,
    0x38, 0xf6, 0x0, 0x3, 0x82, 0x1, 0xf3, 0x6e,
    0xb3, 0x37, 0x10, 0x1, 0xc0, 0x3a, 0x88, 0x0,
    0x7e, 0x40, 0x1f, 0xc4, 0x43, 0x3c, 0x20, 0x9,
    0x10, 0xe, 0x83, 0x19, 0xc1, 0x0, 0xfe, 0x66,
    0x8, 0x6, 0x25, 0xb6, 0x0, 0xf0,

    /* U+65E0 "无" */
    0x0, 0x96, 0xef, 0xff, 0x9d, 0x0, 0x1e, 0x84,
    0x4f, 0xfe, 0x73, 0x90, 0x7, 0x20, 0x7, 0xff,
    0x38, 0x88, 0x1, 0xd3, 0xff, 0xfe, 0xe0, 0x1,
    0xff, 0xff, 0xf0, 0x34, 0x3, 0xff, 0x90, 0xe0,
    0x1f, 0xfd, 0x23, 0x0, 0x8, 0x7, 0xff, 0x48,
    0x40, 0x3f, 0xfa, 0xae, 0x0, 0x20, 0xf, 0xfe,
    0x91, 0x0, 0x3c, 0x3, 0xff, 0xa4, 0x20, 0x2,
    0x0, 0xff, 0xe9, 0x68, 0x0, 0x40, 0x3f, 0xf8,
    0xbb, 0xff, 0xff, 0xc0, 0x50, 0x5, 0xff, 0xff,
    0xf0, 0xb8, 0x0, 0x40, 0x1f, 0xfd, 0x21, 0x20,
    0x73, 0x3f, 0xfe, 0x0, 0x0, 0x44, 0x0, 0x23,
    0x3f, 0xf9, 0x88, 0x23, 0x33, 0xfe, 0xa0, 0x3,
    0x28, 0x2, 0x73, 0x3f, 0xe9, 0x0, 0xff, 0xe1,
    0x60, 0x3, 0x0, 0x3f, 0xfa, 0x4a, 0x0, 0x40,
    0xf, 0xfe, 0x8b, 0x0, 0x14, 0x3, 0xff, 0xa5,
    0x60, 0xe, 0x0, 0xff, 0xe8, 0xb1, 0x1, 0x20,
    0x7, 0xff, 0x46, 0x0, 0x10, 0x1, 0xff, 0xd1,
    0x91, 0x2, 0x50, 0xf, 0xfe, 0x82, 0x30, 0x2,
    0x40, 0x3f, 0xf8, 0x85, 0xf4, 0x1, 0xfc, 0x76,
    0x0, 0x54, 0x0, 0xff, 0xe2, 0x38, 0x2a, 0x0,
    0x7c, 0x5a, 0x0, 0x2a, 0x0, 0xff, 0xe2, 0x90,
    0x0, 0x40, 0x3c, 0x9a, 0x20, 0xf, 0x0, 0xff,
    0xe3, 0x70, 0x0, 0x40, 0x3a, 0x2c, 0x0, 0x38,
    0x40, 0x1f, 0x88, 0x3, 0xf0, 0xb8, 0x1, 0x40,
    0x26, 0xe7, 0x0, 0xe, 0x18, 0x7, 0x8c, 0x1,
    0x39, 0x77, 0xec, 0xf1, 0x2, 0x10, 0x6e, 0x91,
    0x0, 0x27, 0x90, 0x7, 0xd6, 0x1, 0x1a, 0x27,
    0x8c, 0x40, 0x10, 0x0, 0x91, 0x0, 0xc, 0xd8,
    0x80, 0x7e, 0x3a, 0x30, 0xf, 0xf1, 0xd2, 0x80,
    0x28, 0x4a, 0x79, 0x80, 0x3f, 0xe5, 0xcf, 0xff,
    0xf6, 0x28, 0x0,

    /* U+65E5 "日" */
    0x5d, 0xee, 0xff, 0xe5, 0x6b, 0x49, 0x8, 0xff,
    0xf2, 0x8a, 0x4, 0x3, 0xff, 0xa1, 0x1b, 0xbf,
    0xfc, 0x67, 0x0, 0xf1, 0x91, 0x7f, 0xf1, 0xb4,
    0x3, 0xff, 0xfe, 0x1, 0xff, 0xff, 0x0, 0xff,
    0xfa, 0x8, 0xff, 0xf1, 0xcc, 0x3, 0xd5, 0xdd,
    0xff, 0xc6, 0x90, 0xf, 0xff, 0x75, 0xff, 0xff,
    0xf1, 0xa8, 0x3, 0xff, 0xfe, 0x1, 0xff, 0xff,
    0x0, 0xff, 0xff, 0x80, 0x7f, 0xf0, 0xc8, 0x3,
    0xff, 0x8c, 0x40, 0x1e, 0x9f, 0xff, 0xfe, 0x34,
    0x0, 0x7f, 0xf4, 0x6c, 0x3, 0xff, 0x99, 0x20,

    /* U+65F6 "时" */
    0x0, 0xff, 0xe6, 0xb6, 0xd0, 0x7, 0xff, 0x4a,
    0x89, 0x44, 0x3, 0xff, 0xa2, 0x20, 0x3, 0x0,
    0xea, 0xff, 0xfe, 0xb0, 0xf, 0xfe, 0x52, 0x80,
    0x7f, 0x20, 0x80, 0x7f, 0xf3, 0x19, 0xb8, 0x40,
    0x3f, 0xf9, 0xc9, 0x33, 0xce, 0x1, 0xff, 0xd9,
    0xdf, 0xff, 0xf1, 0x0, 0x37, 0xfd, 0xc8, 0x1,
    0xff, 0xc1, 0x32, 0x0, 0xff, 0xe2, 0xe, 0x80,
    0x7f, 0xf0, 0x4d, 0x8, 0xbf, 0xc0, 0x11, 0x14,
    0x74, 0x1, 0xff, 0xc2, 0xbd, 0xdf, 0xf1, 0x0,
    0x3f, 0x75, 0x86, 0x1, 0xff, 0xf9, 0x4f, 0xfe,
    0x60, 0xe, 0x5f, 0xc0, 0xf, 0xfe, 0x91, 0x1,
    0xc8, 0x7, 0xff, 0x14, 0x55, 0x78, 0x80, 0x39,
    0xc4, 0x18, 0xc0, 0x3f, 0xf8, 0x8b, 0x55, 0xc8,
    0x1, 0xea, 0x0, 0x70, 0x7, 0xff, 0x45, 0x14,
    0xa, 0x0, 0x3f, 0xfa, 0x36, 0x20, 0xe6, 0x1,
    0xff, 0xd0, 0x18, 0x0, 0x78, 0x7, 0xff, 0x45,
    0x88, 0xd, 0x0, 0x3f, 0xfa, 0x32, 0x2, 0xc0,
    0x1f, 0xfd, 0x14, 0xcf, 0x20, 0xf, 0xfe, 0xa,
    0xcc, 0xf3, 0x80, 0x7f, 0x8c, 0x40, 0x3f, 0xf8,
    0x42, 0xcd, 0xc2, 0x1, 0xff, 0xcc, 0x40, 0xf,
    0xe4, 0x10, 0xf, 0xfe, 0x4d, 0xff, 0x77, 0xdf,
    0x60, 0x1f, 0xfc, 0xc1, 0x1f, 0x80, 0x3f, 0xff,
    0xe0, 0x1f, 0xc6, 0x1, 0xff, 0xca, 0x3c, 0xce,
    0xe2, 0x0, 0x8, 0x7, 0xff, 0x29, 0x4c, 0xf8,
    0x40, 0xa, 0x1, 0xff, 0xcb, 0x65, 0x0, 0xc4,
    0x93, 0x40, 0x1c,

    /* U+660E "明" */
    0x0, 0xff, 0xe2, 0x24, 0xd5, 0x7f, 0xf0, 0x14,
    0x1, 0x3f, 0xff, 0xdc, 0xe0, 0x15, 0xb2, 0xaf,
    0xff, 0x2, 0x84, 0x18, 0x3, 0xf8, 0x64, 0x3,
    0xff, 0x8c, 0x62, 0x1, 0x2a, 0xf2, 0x0, 0x7e,
    0x2d, 0xee, 0xfc, 0x60, 0x1e, 0x5a, 0xae, 0xb3,
    0x0, 0xf8, 0x48, 0x47, 0xf3, 0x0, 0x7f, 0xff,
    0xc0, 0x3f, 0xff, 0xc7, 0xdd, 0xfc, 0xa0, 0x1e,
    0x4b, 0xbf, 0x10, 0x7, 0xe1, 0x1f, 0xe0, 0xf,
    0x85, 0x13, 0xc2, 0x1, 0xf0, 0xa2, 0x7f, 0x8,
    0x7, 0xff, 0x24, 0xae, 0xff, 0x90, 0x3, 0xcb,
    0xff, 0xe3, 0x0, 0xf9, 0xc0, 0x3f, 0xfa, 0x2,
    0x0, 0x10, 0xf, 0xff, 0x81, 0x80, 0xc, 0x3,
    0xff, 0xa0, 0x20, 0x3, 0x22, 0xfe, 0x0, 0xff,
    0xe3, 0xa8, 0x1, 0x77, 0x7f, 0x94, 0x3, 0xcc,
    0x1, 0xc2, 0x20, 0xd, 0xc0, 0x1f, 0xfc, 0x73,
    0xff, 0xee, 0x20, 0xc, 0x40, 0x7, 0x7f, 0xf1,
    0x0, 0x42, 0x1, 0xff, 0x18, 0x1, 0x0, 0x62,
    0x3f, 0xce, 0x1, 0xa9, 0x57, 0xf9, 0xb8, 0xc,
    0x41, 0x40, 0x3f, 0xf8, 0x6b, 0x55, 0xfd, 0x26,
    0x16, 0x0, 0xd0, 0xf, 0xfe, 0x83, 0x0, 0x1c,
    0x3, 0xff, 0x9e, 0xe2, 0x8, 0x20, 0x1f, 0xfc,
    0xe2, 0x80, 0x7, 0x80, 0x7f, 0xf3, 0xf8, 0x0,
    0x68, 0x1, 0xff, 0xce, 0x93, 0x0, 0x78, 0x7,
    0xff, 0x3a, 0x58, 0x1, 0x6, 0x1, 0xe4, 0xba,
    0xaa, 0xd4, 0x0, 0x60, 0x1f, 0xc4, 0xc0, 0x6,
    0x70, 0xf, 0xc8, 0xab, 0x20, 0x0, 0xc4, 0x3,
    0xf8, 0x9c, 0x1e, 0x40, 0x3f, 0x23, 0x0, 0x62,
    0x6d, 0x0, 0xff, 0xa3, 0xe0, 0x3, 0xfd, 0x3f,
    0xfb, 0x64, 0x40,

    /* U+661F "星" */
    0x0, 0xcf, 0xdd, 0xff, 0xca, 0x80, 0xf, 0xd2,
    0x23, 0xff, 0xca, 0x70, 0xf, 0xc2, 0x0, 0x88,
    0xff, 0xe3, 0x0, 0x42, 0x1, 0xfc, 0x2e, 0xff,
    0xfc, 0x62, 0x0, 0xff, 0xf0, 0xaa, 0xff, 0xf1,
    0x8c, 0x3, 0xff, 0x80, 0x35, 0x5f, 0xfc, 0x61,
    0x0, 0xff, 0xf0, 0xf, 0xff, 0xff, 0x18, 0x80,
    0x3f, 0xfc, 0x2, 0x64, 0x5f, 0xfc, 0x53, 0x0,
    0xff, 0xe0, 0xe6, 0xef, 0xff, 0x14, 0x40, 0x3f,
    0xc8, 0x1, 0xff, 0xca, 0x31, 0x0, 0xfa, 0xf4,
    0xc1, 0xf3, 0x3d, 0x75, 0x99, 0xfd, 0xb8, 0x1,
    0xfc, 0x86, 0x6, 0x7e, 0x7b, 0xa6, 0x33, 0xfc,
    0x40, 0x1f, 0xe8, 0x0, 0x78, 0x7, 0x10, 0x3,
    0x40, 0x3f, 0xf8, 0xd2, 0x20, 0x26, 0xef, 0xd8,
    0x0, 0x37, 0x7f, 0xf3, 0x0, 0x79, 0x58, 0x0,
    0x31, 0x1e, 0x50, 0x2, 0x44, 0x7f, 0xa5, 0x80,
    0x31, 0x50, 0x7, 0xff, 0x34, 0x80, 0x21, 0xc0,
    0x3, 0xff, 0xfe, 0x80, 0x3, 0xff, 0xff, 0xc8,
    0x0, 0x2c, 0x10, 0x38, 0x0, 0xfc, 0x20, 0x1f,
    0xfc, 0x58, 0x20, 0x1d, 0x0, 0xff, 0xe7, 0xc1,
    0x96, 0xa, 0xb3, 0x7e, 0xc0, 0x1, 0xb3, 0x7f,
    0x10, 0x6, 0x2c, 0xd2, 0x6a, 0x99, 0xfc, 0xa0,
    0x4, 0x99, 0xfe, 0xc0, 0xf, 0xca, 0x20, 0x1f,
    0xfc, 0x94, 0x0, 0xfc, 0x7d, 0xff, 0xfa, 0x40,
    0xf, 0xff, 0xfd, 0x40, 0x1f, 0xff, 0x82, 0x89,
    0x9f, 0xfe, 0x5, 0x0, 0x12, 0x67, 0xff, 0x81,
    0x5, 0xe, 0xcd, 0xff, 0xc0, 0x30, 0x1, 0xb3,
    0x7f, 0xf0, 0x1e, 0x70, 0x3, 0xff, 0xa5, 0x80,

    /* U+662F "是" */
    0x0, 0xe9, 0xee, 0xff, 0xe5, 0x38, 0x7, 0xf0,
    0xb0, 0x8f, 0xff, 0x2a, 0x0, 0x3f, 0x8c, 0x0,
    0x35, 0x5f, 0xfc, 0x60, 0xf, 0xfe, 0x1a, 0xaf,
    0xff, 0x1c, 0x40, 0x3f, 0xfc, 0x89, 0xff, 0xff,
    0xc6, 0x10, 0xf, 0xff, 0x21, 0xe6, 0x7f, 0xf1,
    0x84, 0x3, 0xff, 0x84, 0xe6, 0x7f, 0xfc, 0x60,
    0xf, 0xfe, 0x1b, 0x80, 0x7f, 0xf4, 0x8c, 0x0,
    0x7f, 0xff, 0xfc, 0x61, 0x0, 0xff, 0x84, 0x40,
    0x1f, 0xfc, 0xa3, 0x0, 0xff, 0x7d, 0xd5, 0x7f,
    0xf2, 0x2f, 0x0, 0x3f, 0xc2, 0x8a, 0xbf, 0xfc,
    0x84, 0x0, 0xf9, 0x26, 0x7f, 0xfa, 0x48, 0x0,
    0x96, 0x6f, 0xfe, 0x95, 0x0, 0x1c, 0x3, 0xff,
    0xa4, 0xa0, 0xa, 0xff, 0xff, 0xe0, 0xe8, 0x1,
    0x3f, 0xff, 0xf8, 0x36, 0x1, 0xf9, 0x71, 0xc0,
    0x3f, 0xfa, 0x74, 0x70, 0x1, 0xff, 0xd2, 0x30,
    0x1, 0x80, 0x7f, 0xf4, 0x90, 0x1, 0x60, 0x1f,
    0x93, 0xff, 0xfe, 0x50, 0xf, 0xec, 0x0, 0xff,
    0xe5, 0xe8, 0x7, 0xe1, 0x40, 0x4, 0x80, 0x7e,
    0x16, 0x6f, 0xf3, 0xc8, 0x7, 0xe9, 0x0, 0x85,
    0xc0, 0x3e, 0x59, 0x9f, 0xf4, 0x8, 0x7, 0xc2,
    0xe0, 0x1, 0x8, 0x30, 0xf, 0xfe, 0x75, 0x0,
    0x1e, 0xc0, 0x1a, 0x80, 0x1f, 0xfc, 0xc7, 0x40,
    0x18, 0x56, 0x1, 0xb8, 0x10, 0xf, 0xfe, 0x4c,
    0x40, 0x1, 0x40, 0x9, 0x50, 0x3, 0xf7, 0x0,
    0x3f, 0xf8, 0xf4, 0xe0, 0x7, 0x40, 0xa, 0xa0,
    0x2, 0x30, 0x2, 0x76, 0xe5, 0xdf, 0xfc, 0x44,
    0x50, 0x2, 0xc0, 0x7, 0x3f, 0x30, 0x80, 0x61,
    0x23, 0x44, 0xff, 0x80, 0xa0, 0x5e, 0x80, 0x3e,
    0x19, 0xec, 0x85, 0x32, 0x10, 0xf, 0xf9, 0x88,

    /* U+6682 "暂" */
    0x0, 0xf1, 0x54, 0x88, 0x7, 0xff, 0x20, 0x80,
    0x3f, 0xb9, 0x59, 0x80, 0x1f, 0xfc, 0x31, 0x47,
    0xbf, 0xda, 0x0, 0x13, 0x36, 0x73, 0x0, 0x99,
    0xbc, 0xa0, 0x1, 0x7a, 0xbd, 0xfe, 0xb8, 0x40,
    0x2, 0x88, 0x74, 0xce, 0x80, 0xa, 0x26, 0x7d,
    0x4e, 0x15, 0xa, 0x84, 0x1, 0x89, 0x63, 0x44,
    0x10, 0x3, 0xff, 0x86, 0x26, 0xc, 0x0, 0x78,
    0xab, 0xdf, 0xda, 0x72, 0x0, 0x47, 0xfb, 0x40,
    0x3, 0xdf, 0xff, 0xb9, 0x0, 0xc0, 0xa1, 0xd5,
    0x8, 0x3, 0xfd, 0x20, 0xc, 0x10, 0x7b, 0x60,
    0xf, 0xfe, 0x63, 0x20, 0x59, 0x0, 0x25, 0x20,
    0x3, 0xff, 0x96, 0xd2, 0x4, 0x6e, 0xf0, 0x80,
    0xbb, 0xe6, 0x10, 0x8, 0xae, 0xff, 0xe3, 0x19,
    0x0, 0x14, 0x46, 0x0, 0xa2, 0x34, 0xc0, 0x6,
    0x44, 0xff, 0xa4, 0x44, 0x1, 0xff, 0xc2, 0x1c,
    0x1, 0x1, 0x44, 0xc4, 0x0, 0x34, 0x42, 0xc8,
    0x66, 0x3f, 0xfc, 0x0, 0x1f, 0xfd, 0xca, 0x1,
    0x3d, 0xde, 0xa0, 0x4, 0x5d, 0xa8, 0xc0, 0x8c,
    0x3, 0xff, 0x86, 0x40, 0xe, 0x0, 0xff, 0xe4,
    0x8, 0x0, 0x5e, 0x6f, 0x34, 0x9c, 0x0, 0x40,
    0x1f, 0xfc, 0x2, 0x57, 0x8a, 0xcd, 0xfe, 0x0,
    0xa1, 0x90, 0xc9, 0xf4, 0x0, 0xe0, 0x1f, 0xfc,
    0x9, 0xa8, 0x75, 0x32, 0x0, 0xf0, 0x9b, 0x4a,
    0xa8, 0x4, 0x80, 0x3f, 0xf8, 0x6, 0x1, 0x89,
    0x1a, 0x0, 0x3, 0xfd, 0x92, 0xc8, 0x40, 0xe0,
    0x1f, 0xfc, 0x18, 0xcd, 0xff, 0x6d, 0xcb, 0x80,
    0x7e, 0x90, 0x5, 0x0, 0x7f, 0xf0, 0x8c, 0x80,
    0x3c, 0x20, 0x1f, 0x30, 0x29, 0x80, 0x70, 0x80,
    0x1c, 0x3, 0xff, 0x83, 0x6d, 0x40, 0x1d, 0x76,
    0xa0, 0xf, 0x34, 0x49, 0x80, 0x7f, 0x5f, 0xfd,
    0x4d, 0x7f, 0xfe, 0xbf, 0xff, 0xd3, 0xe0, 0x1f,
    0xc8, 0x80, 0xf, 0xfe, 0x48, 0xb0, 0x7, 0xff,
    0x0, 0x9d, 0xff, 0xf8, 0xc0, 0x10, 0x80, 0x7f,
    0xc9, 0x11, 0xff, 0xc6, 0x10, 0xf, 0xff, 0x23,
    0x77, 0x7f, 0xf1, 0x84, 0x3, 0xff, 0x86, 0x23,
    0xff, 0xc6, 0x0, 0xff, 0xe1, 0xa5, 0x57, 0xff,
    0x18, 0x40, 0x3f, 0xf8, 0x44, 0xab, 0xff, 0xc6,
    0x0, 0xff, 0xf2, 0xa3, 0xbf, 0xff, 0x18, 0x40,
    0x3f, 0xf8, 0x45, 0x11, 0xff, 0xc6, 0x0, 0x84,
    0x3, 0xf2, 0x18, 0x7, 0xff, 0x29, 0x40, 0x38,

    /* U+66F2 "曲" */
    0x0, 0xfe, 0x28, 0x60, 0xf, 0x92, 0xc, 0x3,
    0xff, 0x8f, 0x2f, 0x26, 0x1, 0xeb, 0x7e, 0x0,
    0xff, 0xe3, 0xb8, 0x1, 0xc0, 0x38, 0x40, 0x6,
    0x1, 0xff, 0xff, 0x0, 0xff, 0xfa, 0x1a, 0x27,
    0xc2, 0x0, 0x34, 0x4f, 0x0, 0x5, 0x13, 0xf0,
    0x84, 0x65, 0xdf, 0xc4, 0x0, 0x8b, 0xbe, 0xa0,
    0xa, 0xef, 0xf7, 0x9, 0x80, 0x7f, 0xf4, 0x95,
    0xc0, 0x2, 0x67, 0xc0, 0x11, 0x19, 0xf1, 0x0,
    0x46, 0x7e, 0x0, 0xfa, 0xb3, 0x38, 0xc0, 0x13,
    0x99, 0xe0, 0x0, 0xe6, 0x79, 0x0, 0x3c, 0xe0,
    0x1f, 0xff, 0xf0, 0xf, 0xff, 0xf8, 0x7, 0xff,
    0x75, 0x88, 0xb8, 0x2, 0x22, 0xf8, 0x2, 0x22,
    0xf0, 0x7, 0xd5, 0xbb, 0xc6, 0x0, 0x9d, 0xde,
    0xc0, 0x0, 0xee, 0xf9, 0x0, 0x3f, 0xfb, 0x42,
    0x3e, 0x0, 0x84, 0x7e, 0x0, 0x84, 0x7c, 0x1,
    0xf6, 0xf7, 0x71, 0x80, 0x2b, 0xbb, 0xbc, 0x0,
    0x3d, 0xde, 0x40, 0xf, 0xff, 0xf8, 0x7, 0xff,
    0xfc, 0x3, 0xff, 0xc8, 0xe0, 0x1f, 0xfc, 0xc7,
    0x0, 0xf5, 0xff, 0xf1, 0x80, 0x2f, 0xff, 0xb8,
    0x0, 0x3f, 0xfe, 0x30, 0x9, 0xc0, 0x3f, 0xfa,
    0x7c, 0x1, 0xff, 0xd1, 0x34,

    /* U+6708 "月" */
    0x0, 0xfc, 0x23, 0xff, 0xc7, 0x0, 0xfc, 0x9f,
    0xdd, 0xff, 0xc7, 0xf5, 0x0, 0xf6, 0x80, 0x7f,
    0xf2, 0x78, 0x3, 0xc6, 0x0, 0x13, 0x3f, 0xfe,
    0x18, 0x80, 0x7f, 0xf0, 0x2f, 0x33, 0xff, 0x87,
    0x40, 0x1f, 0xfc, 0x1, 0x0, 0xff, 0xff, 0x80,
    0x7f, 0xf7, 0x26, 0xef, 0xff, 0x87, 0x0, 0x1f,
    0xfc, 0x2, 0x44, 0xff, 0xe1, 0x98, 0x7, 0xff,
    0x76, 0xff, 0xff, 0xf8, 0x76, 0x1, 0xfc, 0x20,
    0x7, 0x0, 0xff, 0xe6, 0xb8, 0x0, 0x40, 0x3f,
    0xfa, 0x6, 0x1, 0xff, 0xcd, 0x10, 0x0, 0x80,
    0x7f, 0xf3, 0x48, 0x3, 0xff, 0x9e, 0x40, 0x17,
    0xff, 0xff, 0x12, 0xc0, 0x3f, 0x38, 0x7, 0xff,
    0x40, 0x80, 0x4, 0x67, 0xff, 0xc4, 0x20, 0xf,
    0xda, 0x0, 0xec, 0xcf, 0xfe, 0x24, 0x80, 0x7e,
    0x50, 0x13, 0x0, 0xff, 0xe6, 0x20, 0x1, 0x0,
    0x3f, 0xf9, 0xbe, 0x0, 0xf0, 0xf, 0xfe, 0x61,
    0x20, 0xa, 0x80, 0x7f, 0xf3, 0x24, 0x0, 0xc0,
    0x1f, 0xfc, 0xc6, 0x40, 0x19, 0x0, 0xff, 0xe5,
    0xac, 0x80, 0x20, 0x40, 0x3f, 0xf8, 0xc2, 0x1,
    0x1d, 0x0, 0x11, 0x80, 0x3f, 0xf8, 0x13, 0xdd,
    0xea, 0x0, 0x12, 0x80, 0xe, 0xc0, 0x3f, 0xf8,
    0x22, 0x3f, 0x0, 0x56, 0xce, 0x9a, 0x1, 0xff,
    0xc2, 0x85, 0x0, 0xc2, 0x6d, 0xa4,

    /* U+671F "期" */
    0x0, 0xd5, 0xca, 0x1, 0xe8, 0xe6, 0x0, 0xff,
    0xe4, 0xa8, 0xf8, 0x7, 0x98, 0x68, 0x3, 0x1c,
    0x47, 0xf9, 0x80, 0x3e, 0x10, 0xf, 0xfe, 0xe,
    0xbb, 0xff, 0xa5, 0xc0, 0x3f, 0xf9, 0x2, 0x1,
    0xff, 0x70, 0x23, 0xc0, 0x1, 0xa2, 0x3c, 0x20,
    0x50, 0xa0, 0x18, 0xb3, 0x3d, 0x0, 0x3, 0x1b,
    0x87, 0x0, 0x13, 0xbf, 0x80, 0x2, 0xf4, 0x40,
    0x13, 0x19, 0xf9, 0x0, 0x21, 0x10, 0x7, 0xff,
    0x10, 0xc0, 0x3f, 0xf8, 0x7d, 0xba, 0x0, 0x26,
    0xef, 0x84, 0xf, 0x7c, 0x40, 0x3f, 0xf8, 0x84,
    0x40, 0x8, 0x8b, 0xc0, 0x11, 0x0, 0x7f, 0xf6,
    0x9d, 0x13, 0xca, 0x1, 0xfc, 0x9f, 0xfe, 0x10,
    0xf, 0xc7, 0x77, 0xe9, 0x0, 0xff, 0xef, 0x14,
    0xcf, 0x80, 0x3f, 0x8e, 0xef, 0xd2, 0x1, 0xfc,
    0xcd, 0xf0, 0x80, 0x7e, 0x74, 0x4f, 0x28, 0x7,
    0xff, 0x7c, 0x8b, 0xc0, 0x1f, 0xfc, 0xe4, 0xdd,
    0xf0, 0x80, 0x70, 0x80, 0x7f, 0xf5, 0xc, 0x3,
    0xff, 0x8e, 0x79, 0x9e, 0x0, 0xfe, 0x4d, 0xdf,
    0x70, 0x7, 0xf3, 0x99, 0xf8, 0x40, 0x38, 0x40,
    0x22, 0x2f, 0x80, 0x3f, 0xf9, 0x4e, 0x0, 0x35,
    0x5f, 0x20, 0x4, 0x31, 0x32, 0x0, 0x34, 0xcf,
    0x84, 0xa, 0x5c, 0x8, 0x1, 0x35, 0x5e, 0x80,
    0xa, 0x5d, 0x98, 0x0, 0x26, 0x6f, 0x0, 0x5,
    0xa0, 0xb8, 0x0, 0x20, 0x1f, 0xed, 0x0, 0xff,
    0xe2, 0x9, 0x8, 0x1, 0x80, 0x3f, 0xcb, 0xff,
    0xdd, 0xff, 0xfe, 0xe0, 0x50, 0x1, 0x0, 0x7f,
    0xf0, 0xf3, 0xa0, 0x2, 0x7e, 0x70, 0xc, 0x26,
    0x4, 0x1, 0xff, 0xc3, 0x63, 0x4, 0x0, 0xac,
    0x60, 0xc0, 0x27, 0x0, 0x30, 0x7, 0xff, 0xe,
    0xc0, 0x12, 0x1, 0x48, 0x3, 0x80, 0x2d, 0x0,
    0x60, 0x7, 0xff, 0xa, 0x8, 0x9, 0x40, 0x25,
    0x40, 0x28, 0x0, 0x20, 0x1, 0x0, 0x3f, 0xf8,
    0x2a, 0xe0, 0x9, 0x0, 0xea, 0x0, 0x39, 0x28,
    0x0, 0x4c, 0x3, 0xfc, 0x60, 0xd4, 0x0, 0x74,
    0x0, 0xe1, 0x90, 0x0, 0xf8, 0x1, 0xc0, 0x33,
    0x66, 0x5a, 0x0, 0x10, 0x90, 0x2, 0xc0, 0x7,
    0xcd, 0x36, 0x6e, 0x0, 0xb0, 0xd, 0x46, 0x70,
    0x80, 0x2c, 0x24, 0x56, 0x80, 0x3f, 0x99, 0x2,
    0x2, 0x8, 0x3, 0x79, 0x0, 0x9, 0x6c, 0xc1,
    0xba, 0x80, 0x3f, 0xf8, 0x2b, 0xee, 0x1, 0xc7,
    0xbf, 0xed, 0xa4, 0x0,

    /* U+6750 "材" */
    0x0, 0xff, 0xee, 0xc7, 0xe0, 0x7, 0xff, 0x17,
    0x3d, 0x80, 0x3f, 0xe4, 0x3, 0x0, 0xff, 0xe2,
    0x11, 0x85, 0x0, 0x7f, 0xc2, 0x1, 0xff, 0xff,
    0x0, 0xff, 0xff, 0x80, 0x7f, 0xf0, 0x52, 0xae,
    0xf1, 0x0, 0x2e, 0xf3, 0x2, 0xd5, 0x7f, 0x48,
    0x0, 0xaa, 0x92, 0x21, 0xea, 0x89, 0x80, 0x24,
    0x4d, 0x1, 0xa, 0xbf, 0xc8, 0x0, 0x15, 0x53,
    0x30, 0xc, 0x3, 0xff, 0x80, 0xa0, 0xe0, 0x1f,
    0xfc, 0x43, 0x8, 0xfe, 0xea, 0x0, 0x2d, 0xee,
    0xac, 0x2b, 0xbb, 0xf4, 0x0, 0x47, 0xdc, 0xf4,
    0x0, 0x84, 0x6c, 0x0, 0xac, 0x46, 0x0, 0x84,
    0x7f, 0x50, 0x6, 0x11, 0x0, 0x7c, 0x28, 0x1,
    0x34, 0x0, 0x7f, 0xf0, 0x18, 0x80, 0x3f, 0xf8,
    0x2e, 0x1, 0xce, 0xa0, 0x1f, 0xf4, 0x0, 0x7f,
    0xf0, 0xa8, 0x3, 0x8, 0x51, 0x80, 0x7f, 0x40,
    0x82, 0x0, 0x7f, 0xc6, 0x60, 0xd, 0x40, 0xd,
    0x20, 0xf, 0x8d, 0xc0, 0x60, 0x3, 0xfe, 0x90,
    0x12, 0x0, 0x24, 0x0, 0xf8, 0x7, 0xdc, 0x0,
    0xb1, 0x0, 0xff, 0xa, 0x83, 0x0, 0x67, 0x30,
    0x24, 0x0, 0xea, 0x20, 0x45, 0x0, 0xff, 0xa0,
    0x1, 0x40, 0x1d, 0xa2, 0xc, 0x1, 0x99, 0x40,
    0x68, 0x3, 0xfe, 0x26, 0x4, 0x20, 0xe, 0x1d,
    0xb2, 0x0, 0x8e, 0x40, 0x14, 0x20, 0x1f, 0xf4,
    0x0, 0x3c, 0x3, 0xe3, 0x40, 0x8, 0xb4, 0x0,
    0xe8, 0x1, 0xff, 0x2a, 0x80, 0xd0, 0x3, 0xfe,
    0x1c, 0x10, 0x38, 0x0, 0xff, 0x8a, 0xc0, 0x10,
    0x1, 0xff, 0x16, 0x8, 0xe, 0x80, 0x7f, 0xf0,
    0x20, 0x41, 0x10, 0x1, 0xfe, 0x3c, 0x20, 0x1c,
    0x10, 0xf, 0xfe, 0x1, 0x0, 0xd0, 0x7, 0xf9,
    0x30, 0x40, 0x1a, 0x40, 0x1f, 0xfc, 0x19, 0x3a,
    0x10, 0xf, 0xf0, 0x80, 0x58, 0x60, 0x1f, 0xfc,
    0x21, 0xc4, 0x0, 0xff, 0x95, 0xcf, 0x4c, 0x3,
    0xff, 0xa5, 0x18, 0x40, 0x1f, 0xff, 0xf0, 0x10,
    0x3, 0x80, 0x7f, 0xf3, 0x77, 0xbb, 0x60, 0x0,
    0x40, 0x3f, 0xe1, 0x0, 0xff, 0xe0, 0x98, 0x8e,
    0x0, 0xb8, 0x3, 0xfe, 0xb0, 0x40, 0xf, 0xfa,
    0x88, 0x0, 0x26, 0xd8, 0x80, 0x18,

    /* U+6761 "条" */
    0x0, 0xff, 0xe0, 0x5f, 0xe8, 0x80, 0x7f, 0xf4,
    0x61, 0x0, 0xc4, 0x3, 0xff, 0xa0, 0xae, 0x0,
    0xa0, 0xf, 0xfe, 0x82, 0x50, 0x5, 0x5d, 0xcf,
    0xff, 0xd4, 0x20, 0x1f, 0xfc, 0x34, 0xb0, 0xc,
    0x23, 0x0, 0x7e, 0x59, 0x0, 0xff, 0xe1, 0x2d,
    0x80, 0x44, 0x67, 0x91, 0x25, 0x51, 0x0, 0x56,
    0x1, 0xff, 0xc1, 0x8a, 0x0, 0xdd, 0x99, 0xae,
    0xea, 0x83, 0x0, 0x39, 0x80, 0x7f, 0xc5, 0x6e,
    0x0, 0x40, 0x6, 0x90, 0x7, 0x8b, 0xc4, 0xe,
    0x0, 0x3f, 0xe7, 0xd4, 0x0, 0x55, 0xc0, 0xe,
    0xa0, 0x6, 0x3c, 0x20, 0x2d, 0x0, 0xff, 0xaa,
    0x0, 0x5, 0x8a, 0xe, 0xe0, 0x5, 0xc0, 0x1,
    0xb0, 0x40, 0xb0, 0x40, 0x3f, 0xef, 0x0, 0x3e,
    0x98, 0x5, 0x12, 0x0, 0x7d, 0xc9, 0x0, 0x26,
    0x8, 0x7, 0xff, 0x1, 0x7f, 0xd0, 0x1, 0xe6,
    0xc1, 0x2, 0x30, 0x3, 0xd8, 0x80, 0x7f, 0xf2,
    0xca, 0x84, 0x3, 0x8d, 0x0, 0x3f, 0xf9, 0x49,
    0x5a, 0xc0, 0x11, 0x0, 0x12, 0xfa, 0xc, 0x3,
    0xff, 0x88, 0x93, 0xd6, 0xa0, 0x13, 0xf6, 0xd1,
    0x80, 0x5, 0xf3, 0xa9, 0x88, 0x3, 0xe1, 0x58,
    0xbf, 0xb6, 0x10, 0x1, 0x47, 0x40, 0x82, 0xe6,
    0x18, 0x40, 0x2, 0xb3, 0xbf, 0xb4, 0xc0, 0x5,
    0xea, 0x74, 0x0, 0x85, 0xaf, 0x5c, 0x53, 0xfc,
    0x40, 0x73, 0xd4, 0xc2, 0x1, 0x89, 0x68, 0x0,
    0xe0, 0x18, 0xdf, 0x3a, 0x50, 0x2, 0xc0, 0x3,
    0x80, 0x65, 0x9e, 0xd9, 0x63, 0x3, 0xe0, 0x1,
    0x64, 0xe7, 0xe4, 0x18, 0x7, 0xf1, 0x80, 0x7c,
    0x4d, 0x39, 0xf8, 0x40, 0x3, 0xbe, 0xb8, 0x8f,
    0xf2, 0x0, 0x36, 0x23, 0xff, 0x82, 0x80, 0xd,
    0x77, 0xff, 0xe0, 0x98, 0x1, 0x1d, 0xff, 0xf8,
    0x36, 0x0, 0x50, 0xf, 0xfe, 0x92, 0x0, 0x2f,
    0xfb, 0xbf, 0x9c, 0x3, 0xf4, 0xf7, 0x7f, 0x7d,
    0x80, 0x61, 0x1f, 0xd2, 0xe0, 0x2a, 0x0, 0x60,
    0x4, 0xb0, 0x8f, 0xe0, 0xf, 0xfe, 0x0, 0xd3,
    0x80, 0xe1, 0x0, 0x3e, 0xc0, 0x11, 0x40, 0x1f,
    0xfc, 0x64, 0xf5, 0x1, 0xc2, 0x0, 0xc9, 0x82,
    0xb, 0xa8, 0x1, 0xff, 0xc2, 0x1a, 0xb1, 0x3,
    0xf2, 0x0, 0xf1, 0xe1, 0x1, 0x5d, 0x8, 0x7,
    0xfc, 0xfc, 0xa0, 0x7, 0xc1, 0x0, 0xfc, 0x5a,
    0xc0, 0x5, 0xe8, 0x10, 0xf, 0xb, 0xf4, 0x0,
    0x6, 0xe0, 0x3, 0xff, 0x81, 0x36, 0x40, 0x7,
    0xe9, 0x30, 0xa, 0xba, 0x4, 0x0, 0xfc, 0x80,
    0x1f, 0xfc, 0x24, 0xd7, 0x0, 0x9b, 0x34, 0x0,
    0x80, 0x12, 0xec, 0x0, 0x7f, 0xf1, 0xa3, 0x98,
    0x3, 0xd8, 0xaf, 0xb4, 0x40, 0x1f, 0xf1, 0x80,
    0x7e, 0x19, 0xe9, 0x7c, 0x0, 0x15, 0x41, 0x0,
    0x7f, 0xac, 0x44, 0xe0, 0x1f, 0xe1, 0x68, 0x10,

    /* U+6765 "来" */
    0x0, 0xff, 0xf2, 0x9f, 0x70, 0xc0, 0x3f, 0xfa,
    0x48, 0x22, 0x40, 0xf, 0xfe, 0x97, 0x80, 0x7f,
    0xfa, 0xeb, 0x77, 0xfe, 0x60, 0x4, 0xee, 0xff,
    0xd8, 0x40, 0x18, 0xd4, 0x8b, 0xfe, 0x10, 0x0,
    0x91, 0x7f, 0xc6, 0xa0, 0x18, 0xc8, 0x3, 0xff,
    0x9c, 0x28, 0x1, 0xdb, 0xff, 0xff, 0x38, 0x2,
    0x3f, 0xff, 0xee, 0x30, 0xf, 0xcf, 0xac, 0x1,
    0xff, 0xc4, 0x2e, 0xe1, 0x80, 0x7f, 0xd6, 0x52,
    0xa0, 0x1f, 0xfc, 0x39, 0x11, 0x28, 0x7, 0xfd,
    0x0, 0xb, 0x10, 0xf, 0xfe, 0x9, 0x20, 0xb,
    0x0, 0x7f, 0xc8, 0x80, 0x18, 0x0, 0xff, 0xe0,
    0xc0, 0x2, 0x40, 0x3f, 0xf8, 0x30, 0x0, 0x60,
    0xf, 0xfe, 0x2, 0x28, 0x13, 0x80, 0x7f, 0xf0,
    0x4c, 0xc0, 0x1, 0x0, 0xff, 0xa4, 0x1, 0x20,
    0x1f, 0xfc, 0x39, 0x17, 0x10, 0xf, 0xf0, 0x90,
    0x32, 0x0, 0x7f, 0x8, 0xf9, 0x3e, 0x44, 0x70,
    0x5, 0xe2, 0x30, 0x65, 0x40, 0x8f, 0x80, 0x2b,
    0xee, 0xff, 0xe0, 0xb8, 0x1, 0xfb, 0xb6, 0x57,
    0x77, 0xd8, 0x0, 0x50, 0xf, 0xfe, 0x91, 0x80,
    0x2d, 0x57, 0xfe, 0x20, 0xf, 0x12, 0xaf, 0xfd,
    0x20, 0x5, 0xaa, 0xff, 0x41, 0x80, 0x78, 0xa2,
    0xab, 0xfc, 0xc0, 0x1f, 0xfc, 0x1, 0xf1, 0x2,
    0x0, 0x18, 0x3, 0xc4, 0x3, 0xff, 0x95, 0xa4,
    0xe, 0xa0, 0xb, 0x70, 0x2d, 0x0, 0xff, 0xe4,
    0xe, 0x18, 0x2c, 0x0, 0x68, 0x50, 0x3c, 0x10,
    0xf, 0xfe, 0x29, 0x61, 0x81, 0xd0, 0x7, 0xa8,
    0xc0, 0xf0, 0x40, 0x3f, 0xf8, 0x67, 0x84, 0x7,
    0x80, 0x1f, 0xb4, 0xc0, 0xbc, 0xc0, 0x3f, 0xf8,
    0x2f, 0x82, 0x9, 0x80, 0x1f, 0xc3, 0x86, 0x3,
    0x8c, 0x1, 0xfe, 0x1b, 0x80, 0x2, 0x58, 0x7,
    0xff, 0x3, 0x10, 0x1, 0x34, 0x20, 0x1f, 0x37,
    0xa0, 0x1, 0xec, 0x3, 0xff, 0x85, 0x6c, 0x0,
    0x5f, 0x50, 0xc, 0xbb, 0x22, 0x0, 0xa8, 0x0,
    0xff, 0xe2, 0x4c, 0x80, 0x3, 0x58, 0x80, 0x34,
    0x40, 0x3, 0xd5, 0x0, 0xff, 0xe3, 0x36, 0x10,
    0x0, 0xec, 0xc5, 0x80, 0x67, 0x8, 0x3, 0xff,
    0x90, 0x7b, 0x0, 0x4, 0x30, 0x9e, 0xe3, 0x0,
    0x7f, 0xbc, 0x3, 0xff, 0x82, 0xfd, 0x76, 0x0,
    0x84, 0x3, 0xff, 0x80, 0x82, 0x24, 0x0, 0xff,
    0x85, 0x0, 0x0,

    /* U+676F "杯" */
    0x0, 0xff, 0xee, 0x1f, 0xf8, 0x80, 0x3f, 0xfa,
    0x4a, 0x0, 0x70, 0xf, 0xfe, 0x90, 0x80, 0x7f,
    0xf7, 0x27, 0xff, 0xff, 0x8e, 0xc0, 0x1f, 0xfc,
    0x14, 0x0, 0xff, 0xe3, 0xe0, 0x7, 0xff, 0x6,
    0x55, 0x13, 0xf1, 0x80, 0x5, 0x13, 0x96, 0x40,
    0x3f, 0xf8, 0x29, 0x57, 0x7f, 0x9c, 0x1, 0x37,
    0x7d, 0x46, 0xf, 0x77, 0xa8, 0x1, 0x37, 0x73,
    0x80, 0x7e, 0x34, 0x1, 0x70, 0xf, 0x86, 0x11,
    0x31, 0x0, 0xd, 0x12, 0x80, 0xf, 0xde, 0x0,
    0x80, 0xf, 0xc2, 0x40, 0x1f, 0xf1, 0x80, 0x7c,
    0xa6, 0x4, 0xc0, 0x1f, 0xdb, 0xff, 0x70, 0x5,
    0x3f, 0xf6, 0x0, 0x78, 0x6c, 0x0, 0xc0, 0x1f,
    0xfc, 0x25, 0x0, 0xb0, 0x3, 0xfd, 0x42, 0x1,
    0x57, 0x30, 0x7, 0xfd, 0xa0, 0x12, 0xc8, 0x7,
    0xe8, 0x40, 0x9, 0xd4, 0x66, 0x0, 0x3f, 0xc8,
    0x1, 0x9a, 0x0, 0x3c, 0xce, 0x1, 0x9e, 0x80,
    0xf, 0x40, 0x1f, 0x90, 0x80, 0x22, 0x7, 0x70,
    0x6, 0x59, 0x0, 0x38, 0x4, 0xb6, 0x0, 0x5a,
    0x0, 0xfb, 0x80, 0x35, 0x98, 0x41, 0x80, 0x16,
    0x80, 0xf, 0x40, 0x19, 0x2c, 0x0, 0xb4, 0x1,
    0xc2, 0xa0, 0x60, 0x3, 0xe0, 0xc, 0xf4, 0x0,
    0x68, 0x0, 0xf2, 0x50, 0x1, 0x60, 0x3, 0x30,
    0x2, 0xc0, 0x22, 0xa8, 0x2b, 0x80, 0x2, 0xc8,
    0x7, 0xe5, 0x90, 0x3, 0xa0, 0x5, 0x20, 0xc0,
    0x1c, 0xa5, 0xc8, 0x0, 0x6a, 0x0, 0xff, 0x33,
    0x80, 0x24, 0x0, 0xc2, 0x14, 0x1, 0xef, 0x0,
    0xa6, 0x40, 0x1f, 0xfc, 0x8, 0x30, 0x70, 0x4,
    0x1, 0x98, 0x3, 0xd6, 0x66, 0xd6, 0x0, 0xff,
    0xe1, 0x6c, 0x50, 0x40, 0x84, 0x80, 0x7c, 0x39,
    0x82, 0x0, 0xff, 0xe1, 0x8b, 0x81, 0xb8, 0x12,
    0x80, 0x7f, 0xf4, 0x68, 0x1, 0x20, 0x1f, 0xfd,
    0x2c, 0x5, 0x40, 0xf, 0xfe, 0x92, 0xcd, 0x80,
    0x7f, 0xf5, 0x18, 0x40, 0x3f, 0xff, 0xe0, 0x1f,
    0xff, 0xf0, 0xf, 0xfe, 0x58, 0x80, 0x7f, 0xf5,
    0x50, 0x44, 0xe0, 0x1f, 0xf1, 0x18, 0x68, 0x7,
    0xf0,

    /* U+677E "松" */
    0x0, 0xff, 0xed, 0xcf, 0xc0, 0x7, 0xff, 0x49,
    0x1, 0x0, 0x3f, 0x8d, 0xc4, 0x37, 0xfe, 0xe4,
    0x0, 0xff, 0xe5, 0xec, 0x58, 0x10, 0x4, 0x30,
    0x1, 0xff, 0xca, 0x21, 0x0, 0xae, 0x20, 0x40,
    0x62, 0x1, 0xff, 0xc9, 0x70, 0x6, 0x2, 0x3b,
    0xac, 0x0, 0xe0, 0x1f, 0xfc, 0x9d, 0x0, 0x28,
    0x6, 0x40, 0x6, 0x80, 0x7f, 0xf2, 0x50, 0x0,
    0x60, 0x18, 0x84, 0x10, 0x3, 0xa2, 0xef, 0x10,
    0x15, 0xdd, 0x20, 0x10, 0x98, 0x18, 0x7, 0x9c,
    0x0, 0x80, 0x11, 0x3a, 0x26, 0x0, 0xa, 0x24,
    0xc8, 0x0, 0x40, 0x5, 0x80, 0x7b, 0x40, 0x1a,
    0x1, 0x10, 0x80, 0x7f, 0x85, 0x80, 0x1e, 0x0,
    0x50, 0xf, 0x20, 0x83, 0x0, 0x6e, 0xff, 0xa8,
    0x0, 0x7f, 0xf7, 0x10, 0xa, 0x81, 0x10, 0x3,
    0xe6, 0x0, 0x30, 0x7, 0xd8, 0x0, 0x10, 0xf,
    0x48, 0x2, 0x80, 0x6, 0x40, 0x1a, 0x80, 0x10,
    0x1, 0xf2, 0x0, 0x9, 0x80, 0x31, 0x38, 0x1,
    0x81, 0x73, 0x50, 0x2, 0x24, 0x1, 0x70, 0xe,
    0x12, 0x0, 0xa4, 0x80, 0x29, 0x0, 0x30, 0x87,
    0x80, 0x4, 0x3, 0x78, 0x2, 0x8, 0x3, 0x30,
    0x7, 0x70, 0x0, 0x50, 0x6, 0x0, 0x8, 0x0,
    0x40, 0xc, 0x88, 0x0, 0x28, 0x6, 0xa0, 0x8,
    0x80, 0xdc, 0x5, 0x2, 0xc4, 0xc, 0x40, 0xc4,
    0x3, 0xa4, 0x5, 0x80, 0x23, 0x20, 0x8, 0x5c,
    0x20, 0xc2, 0xec, 0xa0, 0xb, 0x0, 0x58, 0x7,
    0x8b, 0x78, 0x40, 0x2a, 0x2, 0x20, 0x2, 0x4,
    0x3c, 0x0, 0x80, 0x12, 0x80, 0x14, 0x3, 0xe2,
    0x0, 0xe6, 0xa, 0x0, 0xd2, 0xe, 0x1, 0xc6,
    0x40, 0x64, 0x1, 0xff, 0xc0, 0x70, 0x2, 0x80,
    0x67, 0x75, 0x0, 0x75, 0x0, 0x28, 0x3, 0xff,
    0x83, 0x20, 0x84, 0x1, 0xd0, 0x20, 0x1c, 0xc0,
    0x7, 0x0, 0xc8, 0xe0, 0x1e, 0x71, 0xe, 0x0,
    0xff, 0xe0, 0x30, 0x1, 0x44, 0x2, 0x1b, 0x89,
    0x0, 0xc5, 0x0, 0x2a, 0x1, 0xff, 0xc0, 0xa0,
    0x4, 0x80, 0x61, 0x10, 0x31, 0x0, 0x4a, 0x0,
    0x80, 0xf, 0xfe, 0x1, 0x98, 0x8, 0xc0, 0x3a,
    0x0, 0x10, 0x1, 0x18, 0x13, 0x0, 0x7f, 0xf0,
    0x24, 0x1, 0x60, 0x1e, 0x61, 0x5, 0x20, 0x2,
    0x3f, 0x0, 0x7f, 0xf0, 0x9, 0x40, 0x58, 0x3,
    0xe9, 0x0, 0x58, 0x5, 0x6, 0x1, 0xff, 0xc0,
    0xb0, 0x4, 0x0, 0x78, 0x48, 0x80, 0x6, 0x10,
    0xf, 0xfe, 0x19, 0x30, 0x0, 0x95, 0xe6, 0xf7,
    0xfb, 0x68, 0x2, 0x90, 0xf, 0xfe, 0x1f, 0x0,
    0x57, 0x50, 0xc8, 0x40, 0x1f, 0x30, 0x7, 0xff,
    0xc, 0xc0, 0x3f, 0xa, 0x34, 0x56, 0xa0, 0xa,
    0x80, 0x7f, 0xf0, 0x90, 0x0, 0x6d, 0x17, 0xbf,
    0xd7, 0x2e, 0xa5, 0xc0, 0xc, 0x0, 0xff, 0xe1,
    0x5e, 0x76, 0x4b, 0xa1, 0x0, 0x7c, 0xa6, 0xb0,
    0x1, 0xe5, 0xb, 0x0, 0xf1, 0x88, 0x7, 0xff,
    0x7, 0x28, 0x40,

    /* U+679C "果" */
    0x0, 0xe4, 0x88, 0xff, 0xe5, 0x30, 0x7, 0xf1,
    0x5b, 0xbf, 0xff, 0x2a, 0x58, 0x3, 0xf3, 0x0,
    0x7f, 0xf3, 0x38, 0x3, 0xfe, 0x4f, 0xff, 0x9c,
    0x0, 0xff, 0xff, 0x28, 0x7, 0xff, 0x8, 0x40,
    0x3e, 0xf0, 0xf, 0xf1, 0x0, 0x7f, 0xf9, 0x19,
    0xdf, 0xec, 0x0, 0x1b, 0xbf, 0xc8, 0x1, 0xff,
    0xc2, 0x38, 0x8f, 0x90, 0x0, 0x91, 0x1f, 0x18,
    0x7, 0xff, 0x91, 0x7f, 0xfe, 0x80, 0x3, 0xff,
    0xfc, 0xe0, 0x1f, 0xff, 0xf0, 0xf, 0x92, 0x23,
    0xeb, 0x0, 0x24, 0x47, 0xca, 0x1, 0xff, 0x38,
    0x0, 0x5d, 0xfe, 0x30, 0x1, 0xbb, 0xfc, 0x40,
    0xf, 0x0, 0xfc, 0x66, 0x0, 0xff, 0xe5, 0x12,
    0x80, 0x7f, 0x67, 0xff, 0xf4, 0x0, 0x1f, 0xff,
    0xfb, 0x48, 0x3, 0xff, 0xd3, 0xe0, 0x1f, 0xfc,
    0x78, 0xff, 0xff, 0xe0, 0xb8, 0x1, 0xff, 0xff,
    0xf8, 0x30, 0x0, 0x30, 0xf, 0xfe, 0x91, 0x80,
    0x21, 0x95, 0x7f, 0xc0, 0x1f, 0x95, 0x7f, 0xcd,
    0x0, 0x3, 0x9a, 0xaf, 0xe1, 0x0, 0xfc, 0xd7,
    0x55, 0xfa, 0x4c, 0x3, 0xfe, 0x1c, 0x40, 0x26,
    0x0, 0x3a, 0x81, 0xf9, 0x0, 0x7f, 0xf1, 0xcf,
    0xcc, 0xf, 0x38, 0x2, 0xa6, 0x1, 0xd7, 0x0,
    0xff, 0xe2, 0xc6, 0x8, 0x1e, 0x88, 0x7, 0x4c,
    0x0, 0x23, 0x8, 0x3, 0xff, 0x82, 0x9a, 0xe0,
    0x7, 0xc1, 0x0, 0xf9, 0xec, 0x40, 0xf6, 0x0,
    0x3f, 0xc7, 0x76, 0x20, 0x5, 0x40, 0x7, 0xf9,
    0x3d, 0x0, 0xf, 0xce, 0x1, 0xe4, 0xbc, 0x40,
    0x2, 0x6a, 0x80, 0x7f, 0xf0, 0x6, 0xe4, 0x0,
    0x31, 0xd0, 0x40, 0x3d, 0x68, 0x0, 0x1a, 0xb2,
    0x0, 0xff, 0xe1, 0xb7, 0x28, 0x0, 0x5f, 0x48,
    0x48, 0x0, 0x31, 0xca, 0x1, 0xff, 0xc6, 0x1a,
    0xc4, 0x0, 0x21, 0x6, 0xc5, 0x73, 0x80, 0x7f,
    0xf2, 0x8e, 0xf6, 0xac, 0x0, 0x2e, 0xa0, 0x1f,
    0xf2, 0x8, 0xac, 0x3, 0xfe, 0x25, 0x0, 0x0,

    /* U+6839 "根" */
    0x0, 0xff, 0xee, 0x3f, 0xd8, 0x7, 0xff, 0x4f,
    0x41, 0x0, 0x38, 0x62, 0x67, 0xff, 0x83, 0x2,
    0x1, 0xfc, 0x20, 0x1f, 0x5b, 0xb3, 0x7f, 0xf0,
    0x5e, 0xc0, 0x3f, 0xf8, 0xac, 0x1, 0xff, 0xc3,
    0x10, 0xf, 0xfe, 0x46, 0xff, 0xff, 0x68, 0x7,
    0xff, 0x2c, 0xc0, 0x3f, 0x8c, 0x3, 0xe2, 0x44,
    0xce, 0x0, 0x44, 0x88, 0x3, 0xff, 0x92, 0x3b,
    0x77, 0x8c, 0x1, 0x77, 0x68, 0x80, 0x7f, 0xf6,
    0x7b, 0xff, 0xfb, 0x80, 0x3c, 0x37, 0x33, 0x40,
    0x5, 0x33, 0x58, 0x80, 0x7f, 0xf2, 0x51, 0x9a,
    0x30, 0x9, 0x9a, 0x40, 0xc, 0xef, 0xff, 0x0,
    0x7f, 0xda, 0x1, 0x28, 0x7, 0xd3, 0x11, 0xfd,
    0x20, 0x1f, 0xf2, 0x0, 0x56, 0x20, 0x1f, 0xfc,
    0xf2, 0x20, 0x4, 0x34, 0x1, 0xff, 0xcf, 0xa0,
    0xe, 0x45, 0x0, 0xff, 0xe1, 0x90, 0x7, 0xf9,
    0x80, 0x32, 0x5, 0x80, 0x77, 0x7f, 0xff, 0x60,
    0x7, 0xf2, 0x8, 0x10, 0x2, 0x0, 0x60, 0x3,
    0xff, 0x8a, 0x40, 0x1e, 0xf0, 0x26, 0x0, 0x1a,
    0x81, 0x80, 0x67, 0x88, 0x20, 0x1, 0xe2, 0x3a,
    0x64, 0x1, 0xc4, 0x81, 0x40, 0x1a, 0x7, 0xc0,
    0x34, 0xbb, 0xbc, 0x1, 0xae, 0xfc, 0xc6, 0x1,
    0xd6, 0x0, 0x60, 0xc, 0x5c, 0x80, 0x1f, 0x20,
    0x3, 0x80, 0x3a, 0xb2, 0xc0, 0x22, 0x60, 0x41,
    0x0, 0xff, 0xe1, 0xa8, 0x20, 0x80, 0xb, 0x54,
    0x10, 0x2, 0x90, 0x7, 0x80, 0x7f, 0xf1, 0x38,
    0x1, 0x0, 0xfa, 0x40, 0x36, 0x0, 0x34, 0x3,
    0x40, 0xf, 0xfe, 0x22, 0x8, 0x36, 0x40, 0x0,
    0xf1, 0x0, 0xe, 0x0, 0x80, 0xf, 0xfe, 0x33,
    0x0, 0xc, 0x0, 0xf8, 0x40, 0x12, 0x1b, 0x20,
    0x7, 0xff, 0x1a, 0x40, 0x21, 0xc8, 0x0, 0xf6,
    0x48, 0x7, 0xff, 0x1c, 0x5c, 0x0, 0x66, 0x0,
    0xff, 0xe8, 0xc0, 0x81, 0x48, 0x7, 0xff, 0x4a,
    0x80, 0xc, 0xe0, 0x1f, 0xfc, 0xc2, 0x7b, 0xe6,
    0x47, 0x0, 0x44, 0x0, 0x3f, 0xf8, 0xc2, 0x0,
    0xae, 0xd8, 0x41, 0x10, 0x42, 0x80, 0x1f, 0xc,
    0x3, 0xff, 0x86, 0x64, 0x0, 0x41, 0x0, 0xc,
    0x38, 0x2, 0x94, 0x0, 0x79, 0x40, 0x1f, 0x8,
    0x7, 0x9c, 0x3, 0x1c, 0x6f, 0x38, 0x6, 0xa8,
    0x0, 0x90, 0x3, 0xec, 0x5, 0x0, 0xc8, 0x69,
    0x3d, 0x8e, 0x40, 0x1f, 0x3e, 0xa8, 0xd0, 0x7,
    0xcd, 0xf4, 0x1, 0xd9, 0x6c, 0x20, 0x1f, 0xf1,
    0x57, 0x20, 0x0,

    /* U+6A21 "模" */
    0x0, 0xff, 0xed, 0x97, 0xf8, 0x80, 0x3e, 0x6f,
    0xa0, 0xf, 0xb3, 0xd0, 0x3, 0xfc, 0xc0, 0x7,
    0x0, 0xfb, 0x41, 0x0, 0x3c, 0x26, 0x18, 0x1,
    0xfe, 0x10, 0xf, 0x9, 0x19, 0x9c, 0x4, 0xc8,
    0x0, 0x26, 0xa0, 0x2, 0x33, 0x88, 0x3, 0xff,
    0x83, 0xfb, 0x98, 0x30, 0x6, 0x6d, 0x7, 0xe5,
    0x80, 0x17, 0x32, 0xd3, 0x0, 0xff, 0xe0, 0x8,
    0x7, 0xe1, 0x1, 0x0, 0xfe, 0x70, 0xf, 0xfe,
    0x6, 0xdd, 0xc6, 0x0, 0xbb, 0x83, 0xb2, 0xc0,
    0xb, 0x99, 0x6a, 0x0, 0x11, 0x22, 0x0, 0x6a,
    0x20, 0x88, 0x89, 0x30, 0xa, 0x20, 0x0, 0x26,
    0xa0, 0x2, 0x33, 0x88, 0x1, 0x97, 0x74, 0x0,
    0x1e, 0xed, 0xa6, 0x1, 0x71, 0xc8, 0x7, 0x85,
    0x8e, 0x80, 0x3c, 0x20, 0x1f, 0xe6, 0x3, 0x41,
    0x92, 0x55, 0xfb, 0x25, 0xd0, 0x40, 0x34, 0x2a,
    0xc4, 0x0, 0x35, 0x53, 0x2a, 0xb2, 0xea, 0xbf,
    0xf8, 0x37, 0xc0, 0x19, 0x6a, 0xa1, 0x0, 0x4d,
    0x52, 0x43, 0x40, 0x21, 0x1f, 0xf8, 0x2, 0x30,
    0xf, 0x9, 0x80, 0x38, 0x3, 0xec, 0xee, 0xff,
    0x98, 0x3, 0xf9, 0x0, 0x24, 0x50, 0xf, 0xfe,
    0x87, 0x80, 0x6b, 0x0, 0xf6, 0x7f, 0xff, 0xcc,
    0x1, 0xfc, 0xa0, 0x18, 0x60, 0x3, 0xff, 0x9c,
    0xa0, 0x19, 0x1, 0xc8, 0x3, 0x5e, 0xef, 0xfc,
    0xc0, 0x1f, 0xbc, 0x4, 0x1, 0xa2, 0x10, 0x1,
    0x9c, 0x8b, 0xfe, 0x0, 0xfc, 0x2a, 0x8, 0x0,
    0x38, 0x5, 0x0, 0xd6, 0x89, 0xff, 0x28, 0x7,
    0xcc, 0x0, 0xf0, 0x9, 0x85, 0x3, 0xc0, 0xf,
    0x77, 0xff, 0x18, 0x0, 0x40, 0x34, 0x82, 0x80,
    0x77, 0xd8, 0x29, 0x8, 0x7, 0xff, 0x4, 0x54,
    0x80, 0x26, 0x10, 0xe0, 0xe, 0x10, 0x1, 0x6f,
    0x7f, 0xe9, 0x0, 0x47, 0xff, 0x75, 0x0, 0x68,
    0x2, 0x40, 0xf, 0xfe, 0x1f, 0x80, 0xc, 0x3,
    0xfc, 0xc2, 0x16, 0x1, 0xf1, 0x3c, 0x47, 0xc8,
    0x0, 0xd8, 0x8f, 0x9c, 0xc0, 0xc0, 0x98, 0x3,
    0xee, 0x87, 0x7f, 0x88, 0x0, 0xce, 0xff, 0x46,
    0x82, 0xa4, 0x80, 0x7e, 0x50, 0xf, 0xfe, 0x42,
    0x0, 0x2d, 0x0, 0x3f, 0x4f, 0xff, 0xb8, 0x40,
    0x19, 0x2f, 0xbf, 0xfe, 0xa0, 0xf, 0xfe, 0x3d,
    0x88, 0x18, 0x4b, 0xec, 0x88, 0x7, 0xff, 0x2e,
    0x54, 0x1, 0xe6, 0xa0, 0x6, 0xf6, 0x0, 0xff,
    0xe4, 0xd, 0x30, 0x2, 0xc, 0x2a, 0x84, 0x3,
    0x38, 0x60, 0x1f, 0xfc, 0x41, 0x8e, 0x50, 0x3,
    0xb8, 0x2, 0x5d, 0x70, 0x1, 0xe4, 0x0, 0x7f,
    0xf0, 0x5b, 0x39, 0xc0, 0x2a, 0x80, 0xf, 0x46,
    0x98, 0x1, 0xf4, 0x3, 0xc2, 0x1, 0x8a, 0x4c,
    0x2, 0x5e, 0x50, 0xf, 0xc5, 0x90, 0x0, 0x20,
    0xf, 0x28, 0x89, 0xc0, 0x98, 0xe, 0x3a, 0x84,
    0x3, 0xfe, 0x7c, 0x4b, 0x0,

    /* U+6B65 "步" */
    0x0, 0xff, 0xe2, 0x8, 0x7, 0xff, 0x4b, 0x7a,
    0x80, 0x3f, 0xfa, 0x2, 0x40, 0x80, 0x1f, 0xfc,
    0x84, 0x40, 0x7, 0xff, 0x45, 0x6e, 0xca, 0x1,
    0xf8, 0x55, 0x7f, 0x90, 0x3, 0xf8, 0x80, 0x4,
    0x1, 0xfd, 0x55, 0xfd, 0x6a, 0x1, 0xff, 0xe9,
    0x99, 0xfe, 0xa5, 0x0, 0xff, 0xe4, 0xb, 0x37,
    0xf2, 0x80, 0x7f, 0xfe, 0x4d, 0x12, 0xe0, 0x7,
    0x22, 0x72, 0x80, 0x48, 0x9f, 0xfc, 0x3, 0xa,
    0xcb, 0xb9, 0x80, 0xd, 0x77, 0xe0, 0x0, 0xdd,
    0xff, 0xf0, 0x32, 0x18, 0x3, 0xff, 0xa4, 0x3c,
    0xef, 0xff, 0xc1, 0x50, 0x1, 0x3b, 0xff, 0xf0,
    0x22, 0x5, 0x11, 0xff, 0xc1, 0xf0, 0x3, 0xc4,
    0x7f, 0xf0, 0x1c, 0x40, 0x3f, 0x56, 0x20, 0x7,
    0xff, 0xd, 0x4c, 0x3, 0xfe, 0x85, 0x3f, 0x0,
    0xff, 0xe1, 0x3d, 0x62, 0x80, 0x7f, 0x23, 0x80,
    0x20, 0x3, 0xff, 0x82, 0x30, 0x1, 0xff, 0x15,
    0x0, 0x20, 0xc0, 0x3f, 0xf8, 0x36, 0x0, 0x35,
    0x0, 0xf8, 0xb0, 0x41, 0x1c, 0x3, 0xff, 0x82,
    0xca, 0x0, 0xf0, 0xf, 0x8b, 0x4, 0xe, 0xc0,
    0x3f, 0xf8, 0x29, 0x20, 0x6, 0x30, 0xf, 0x26,
    0x88, 0x16, 0x80, 0x7f, 0xf0, 0x52, 0xc0, 0x7,
    0x20, 0x1e, 0x3b, 0x0, 0xf, 0x88, 0x7, 0xff,
    0x1, 0x6c, 0x0, 0x3a, 0x1, 0xf1, 0x8, 0x17,
    0x90, 0x7, 0xff, 0x2, 0x68, 0x0, 0x58, 0x20,
    0x1f, 0xf, 0xd6, 0x88, 0x7, 0xe4, 0x41, 0x96,
    0xb0, 0x0, 0xf0, 0x80, 0x3f, 0x85, 0x40, 0x3f,
    0xc3, 0x2c, 0xe4, 0x0, 0x5c, 0x10, 0xf, 0xfe,
    0x48, 0xce, 0xa8, 0x0, 0x6a, 0x80, 0x1f, 0xfc,
    0x95, 0xbe, 0x60, 0x9, 0x7d, 0x40, 0x3f, 0xf8,
    0xe9, 0x3d, 0x48, 0x1, 0x26, 0x50, 0x80, 0x7f,
    0xf0, 0xc9, 0x63, 0x3e, 0xd8, 0x40, 0x25, 0xcb,
    0x30, 0xf, 0xfe, 0x12, 0x67, 0xed, 0x39, 0x80,
    0x62, 0x8e, 0xa3, 0x0, 0xff, 0xe2, 0x61, 0x80,
    0x79, 0x23, 0x74, 0xe2, 0x1, 0xff, 0xc6, 0x93,
    0x2, 0x69, 0xcf, 0xb7, 0x20, 0xf, 0xfe, 0x48,

    /* U+6B8A "殊" */
    0x0, 0xff, 0xf6, 0x5f, 0xc0, 0x7, 0xf9, 0xe6,
    0xab, 0xfd, 0x28, 0x1, 0x8, 0x4, 0x80, 0x80,
    0x1f, 0xc7, 0xc, 0xab, 0xfe, 0x69, 0x1, 0xee,
    0x28, 0x6, 0x10, 0xf, 0xe2, 0x10, 0xf, 0xfe,
    0x2, 0x2, 0x8, 0x18, 0x7, 0xff, 0x8, 0x7b,
    0xfe, 0x10, 0x7, 0xff, 0xa4, 0x30, 0x0, 0x80,
    0x1f, 0xfc, 0x61, 0x10, 0x20, 0x7, 0xe5, 0x1,
    0x20, 0xf, 0xfe, 0x32, 0x80, 0xc, 0x3, 0xf1,
    0x81, 0xc4, 0x40, 0x3, 0x88, 0xe7, 0x20, 0xf,
    0x60, 0x3, 0x40, 0x3e, 0x50, 0x1, 0x3b, 0xc0,
    0x1, 0x77, 0xe8, 0xe0, 0xf, 0x18, 0x1, 0xc0,
    0x2, 0x20, 0xb, 0xc0, 0x3f, 0xf8, 0x6e, 0x1,
    0xe4, 0x0, 0x6f, 0xfb, 0xba, 0x21, 0x50, 0x4b,
    0xbc, 0x0, 0x2b, 0xbf, 0x50, 0x7, 0x20, 0x7,
    0xe1, 0xa9, 0x0, 0x7a, 0x26, 0x0, 0x91, 0x3c,
    0x20, 0x1d, 0xa0, 0x4, 0x55, 0x8c, 0x2, 0x70,
    0x24, 0x0, 0xff, 0xe3, 0xb8, 0xd, 0xd5, 0x60,
    0x2, 0x80, 0x20, 0x3, 0xff, 0x8e, 0xa2, 0xc,
    0x1, 0xbc, 0x1, 0x24, 0xaa, 0x0, 0xff, 0xe3,
    0xc8, 0x2, 0x80, 0x32, 0x81, 0x26, 0xd0, 0x7,
    0xff, 0x1d, 0xc, 0x4, 0xc0, 0x31, 0x83, 0x8d,
    0x5d, 0xfc, 0x0, 0x2b, 0xbf, 0xa4, 0x1, 0x20,
    0x1, 0xe7, 0x0, 0x20, 0x3, 0x59, 0x51, 0x3e,
    0x0, 0x91, 0x3e, 0x63, 0x82, 0x1, 0x0, 0x45,
    0x8e, 0x0, 0x11, 0x2, 0x1, 0xff, 0xc5, 0x33,
    0x80, 0x19, 0x40, 0x4, 0xf6, 0x1, 0x33, 0x77,
    0xff, 0x20, 0x7, 0x3f, 0xff, 0x60, 0x53, 0xd9,
    0x2e, 0x90, 0x8, 0x81, 0x0, 0x3e, 0x54, 0x0,
    0xe7, 0x20, 0xf, 0xc, 0x20, 0x0, 0xb0, 0x80,
    0x2f, 0x0, 0xf0, 0xd8, 0x10, 0x0, 0x88, 0x12,
    0x1, 0xff, 0xc0, 0x1f, 0x0, 0x94, 0x3, 0xd4,
    0x21, 0x20, 0x14, 0x82, 0x30, 0x7, 0xff, 0x1,
    0x80, 0xa, 0x1, 0xe9, 0x40, 0x64, 0x0, 0x90,
    0xc2, 0x48, 0x3, 0xfe, 0x80, 0x7, 0x0, 0x73,
    0xb0, 0x14, 0x80, 0x77, 0x0, 0x3c, 0x3, 0xfc,
    0x66, 0x2, 0x40, 0xc, 0xd0, 0x3, 0xe0, 0x1e,
    0x28, 0x2, 0xb0, 0xf, 0xef, 0x0, 0x58, 0x6,
    0x89, 0x0, 0x69, 0x0, 0x7c, 0xe6, 0x9, 0x40,
    0x1f, 0x31, 0x81, 0x30, 0x0, 0x6d, 0xc0, 0x16,
    0x60, 0x1f, 0xda, 0x20, 0xb4, 0x1, 0xc5, 0x0,
    0x8, 0x0, 0x27, 0xa0, 0x2, 0xd0, 0x3, 0xfc,
    0x3a, 0x0, 0x5a, 0x0, 0xde, 0x20, 0xaa, 0x0,
    0x10, 0x80, 0xe2, 0x0, 0x7f, 0xf0, 0xe, 0xc0,
    0x18, 0x0, 0x1c, 0x20, 0x1b, 0x0, 0x9a, 0x1b,
    0xcc, 0x3, 0xff, 0x84, 0x9b, 0x6c, 0x3, 0x86,
    0x0, 0xc1, 0x0, 0xcf, 0x22, 0x1, 0xff, 0xc4,
    0x24, 0x0, 0x49, 0x0, 0x30, 0x80, 0x3f, 0xf8,
    0xa2, 0x1, 0xfe, 0x93, 0x2d, 0x30, 0xf, 0xfe,
    0x22, 0x82, 0x0, 0x7f, 0x0,

    /* U+6BB5 "段" */
    0x0, 0xff, 0xf0, 0x1d, 0xfd, 0x0, 0x7f, 0xf3,
    0xc5, 0xb7, 0x10, 0x16, 0x0, 0x24, 0xef, 0xff,
    0xb0, 0x40, 0x3f, 0x8a, 0x33, 0xa4, 0x80, 0x2,
    0xf2, 0x1, 0x78, 0x80, 0x7c, 0x6e, 0x1, 0xf9,
    0xb5, 0xcc, 0x0, 0x2b, 0x7d, 0x2, 0x1, 0xe5,
    0x66, 0x8c, 0x0, 0x20, 0x1f, 0xb4, 0x0, 0x4f,
    0x7d, 0x48, 0x1, 0xfd, 0x53, 0x34, 0x0, 0x7f,
    0xce, 0x0, 0xc8, 0x40, 0xf, 0xfe, 0xfb, 0x80,
    0x80, 0x7f, 0xf4, 0xc8, 0xc, 0x3, 0xff, 0x8e,
    0x8a, 0xbe, 0x20, 0x8, 0x44, 0x2, 0x1, 0xff,
    0xc7, 0xaa, 0xfb, 0x40, 0x24, 0x0, 0x28, 0x7,
    0xff, 0x4b, 0x80, 0x1a, 0x1, 0x9c, 0x3, 0xff,
    0x85, 0x35, 0x5e, 0xd0, 0x2, 0x20, 0x5, 0x0,
    0x30, 0x80, 0x35, 0x54, 0xc6, 0x1, 0xf3, 0xaa,
    0xf8, 0x81, 0x2c, 0x1, 0x0, 0x1c, 0x40, 0x5,
    0xaa, 0x4e, 0x10, 0x7, 0xff, 0x8, 0xac, 0x0,
    0x8c, 0x1, 0xea, 0x20, 0x8, 0x4c, 0xc0, 0x1f,
    0xfc, 0x31, 0x5, 0xb0, 0xf, 0x97, 0x7f, 0xee,
    0xc1, 0x0, 0xff, 0xe1, 0x17, 0xe5, 0x0, 0x7f,
    0xf2, 0xbb, 0xff, 0xd8, 0x3, 0x1b, 0xbb, 0xbb,
    0xdf, 0xec, 0x10, 0xf, 0xfe, 0x21, 0x81, 0xa1,
    0x16, 0x11, 0xf0, 0x0, 0xe4, 0x3, 0xf9, 0xdf,
    0xeb, 0x3, 0x73, 0x2, 0x55, 0xf8, 0x40, 0x1c,
    0x1, 0xfd, 0x31, 0x1e, 0x40, 0x4, 0x28, 0xd,
    0x57, 0xc6, 0x0, 0x40, 0xf, 0xfe, 0x47, 0x1,
    0xa0, 0x7, 0x19, 0x1, 0x10, 0x3, 0xff, 0x90,
    0xc0, 0x8, 0x0, 0xe8, 0x0, 0x58, 0x7, 0xff,
    0x10, 0xd4, 0x80, 0x2, 0xc0, 0x6c, 0x1, 0x22,
    0x0, 0x58, 0x3, 0xfc, 0x8f, 0x39, 0xdf, 0x95,
    0x0, 0x14, 0x0, 0x24, 0x80, 0x14, 0x0, 0xb0,
    0xe, 0x18, 0xb3, 0x0, 0x54, 0x31, 0x88, 0x5,
    0xa0, 0x10, 0xc8, 0x3, 0xc6, 0xc4, 0x11, 0x40,
    0x3a, 0x5d, 0x0, 0x3e, 0x36, 0x8c, 0x70, 0xc,
    0xca, 0x5, 0xe8, 0x3, 0x40, 0x1e, 0xe0, 0xe,
    0x8b, 0xef, 0xc9, 0x73, 0x0, 0xf5, 0x10, 0x8,
    0x3, 0x44, 0x3, 0xcd, 0x9c, 0x60, 0x6, 0x41,
    0x0, 0xff, 0x88, 0x40, 0x21, 0x70, 0xf, 0xc6,
    0x20, 0x1f, 0xfc, 0x48, 0xd3, 0x0, 0x86, 0xe4,
    0x40, 0x3f, 0xf9, 0x25, 0x1c, 0xe0, 0x3, 0xc4,
    0x0, 0x37, 0xb8, 0x80, 0x7f, 0xf1, 0x6, 0x33,
    0x5c, 0x40, 0x11, 0x87, 0x70, 0x0, 0x18, 0xeb,
    0x50, 0xc, 0xe0, 0x1, 0x0, 0xf3, 0xb8, 0xc0,
    0x2, 0xfc, 0xe0, 0x13, 0xe9, 0x80, 0x49, 0x40,
    0x1b, 0x41, 0x0, 0x3e, 0x63, 0x5, 0xae, 0x81,
    0x0, 0xe2, 0xcb, 0x40, 0x4, 0x80, 0x66, 0xfb,
    0x0, 0xfd, 0x9f, 0x4a, 0x1, 0xfe, 0x4b, 0xee,
    0x30, 0x0,

    /* U+6BCF "每" */
    0x0, 0xff, 0xef, 0x47, 0xe8, 0x80, 0x7f, 0xf4,
    0x45, 0xc0, 0x80, 0x3f, 0xfa, 0x50, 0x0, 0x61,
    0x0, 0xff, 0xe8, 0x13, 0x0, 0xa, 0x67, 0xff,
    0x91, 0x0, 0x1f, 0xa4, 0x2, 0x46, 0x6f, 0xfe,
    0x43, 0xb0, 0x7, 0x95, 0x0, 0x3f, 0xf9, 0xaa,
    0x1, 0xc3, 0x60, 0x9, 0xff, 0xff, 0xe5, 0x98,
    0x7, 0x50, 0x82, 0x30, 0x7, 0xff, 0x41, 0xd0,
    0x6, 0x80, 0x3f, 0xfa, 0xb, 0x0, 0xb, 0x78,
    0x99, 0xff, 0xe3, 0x41, 0x0, 0x79, 0x28, 0x0,
    0xe9, 0x2e, 0xcd, 0xff, 0xc6, 0x7e, 0x0, 0xf5,
    0x80, 0x12, 0x8, 0x3, 0xff, 0x92, 0x20, 0x1e,
    0x90, 0x4b, 0x6, 0x0, 0x37, 0xfd, 0xa8, 0xb7,
    0xff, 0xfb, 0x40, 0x3f, 0x9b, 0xec, 0x0, 0x40,
    0xc, 0x0, 0x95, 0x16, 0xe8, 0x40, 0x3c, 0x40,
    0x1, 0x0, 0xff, 0xb4, 0x0, 0xc0, 0x13, 0xd1,
    0x2, 0xfb, 0x0, 0x70, 0x80, 0x1c, 0x3, 0xfe,
    0x60, 0x1, 0x0, 0x65, 0xd9, 0x1, 0x98, 0x0,
    0xff, 0xe3, 0x90, 0x8, 0x80, 0x3c, 0xda, 0x40,
    0x40, 0x18, 0xc0, 0x2, 0x1, 0xe6, 0x88, 0xc2,
    0x0, 0x77, 0xfc, 0xaa, 0x2, 0x77, 0xd6, 0x0,
    0x78, 0x8c, 0x25, 0x2e, 0xf8, 0x0, 0x31, 0x1f,
    0xce, 0xf, 0x11, 0x98, 0x0, 0x4e, 0xfa, 0xcc,
    0x3, 0xff, 0xa9, 0xa3, 0xfd, 0xd3, 0x80, 0x27,
    0xfe, 0xc0, 0x17, 0xef, 0xff, 0xd2, 0x0, 0x6e,
    0xec, 0xe0, 0x1, 0x18, 0x80, 0xa, 0x1, 0xc2,
    0xfe, 0xa0, 0x1f, 0x8, 0x3, 0x84, 0x70, 0x7,
    0x98, 0x0, 0x40, 0x11, 0xf2, 0x80, 0xd5, 0x4,
    0x3, 0xbc, 0x0, 0x40, 0x1f, 0xe3, 0x1, 0x10,
    0x6, 0x1a, 0xc2, 0x5, 0xc0, 0xe, 0x10, 0x0,
    0x80, 0x7f, 0x10, 0x0, 0x80, 0x3e, 0x3c, 0x40,
    0x21, 0x0, 0xc4, 0x0, 0x60, 0xf, 0xe7, 0x0,
    0x14, 0xcf, 0xe8, 0x20, 0x18, 0x99, 0xca, 0x0,
    0xb9, 0x93, 0x80, 0x78, 0xc0, 0x2, 0xcd, 0xfe,
    0x1, 0x66, 0xe1, 0x0, 0x33, 0x50, 0xc0, 0x1c,
    0x84, 0x1, 0xff, 0xce, 0x50, 0xe, 0x2d, 0xff,
    0xff, 0xe3, 0x58, 0x1, 0x3f, 0xf1, 0x80, 0x7f,
    0xf3, 0x74, 0x0, 0x60, 0x1f, 0xfc, 0xd4, 0x65,
    0x53, 0xb0, 0x2, 0xc0, 0x3f, 0xf9, 0xb7, 0x35,
    0x48, 0x0, 0x29, 0x80, 0x7f, 0xf3, 0x64, 0x80,
    0x22, 0x7a, 0x0, 0xf8,

    /* U+6C14 "气" */
    0x0, 0xfd, 0x5a, 0xa0, 0x1f, 0xfd, 0x25, 0x51,
    0x78, 0x7, 0xff, 0x4b, 0x80, 0x1e, 0x1, 0xff,
    0xd1, 0x24, 0x1, 0x40, 0xf, 0xfe, 0x8c, 0x0,
    0x7, 0xbf, 0xff, 0xf9, 0x2a, 0x1, 0xe2, 0x50,
    0xf, 0xfe, 0x6e, 0x80, 0x7a, 0x40, 0xb, 0x11,
    0xff, 0xca, 0x99, 0x0, 0x72, 0xa0, 0xd, 0x3b,
    0xff, 0xf2, 0x98, 0x40, 0x3a, 0xc0, 0x10, 0x6,
    0x7f, 0xfc, 0x80, 0xf, 0xd4, 0x20, 0x4d, 0x79,
    0x9f, 0xfc, 0x88, 0x0, 0xf2, 0xa8, 0x1, 0xc0,
    0xe0, 0x1f, 0xfc, 0x81, 0x0, 0xe3, 0xa0, 0x3,
    0x98, 0x66, 0x2e, 0xff, 0xf8, 0xd9, 0x20, 0x18,
    0xb0, 0x0, 0x70, 0x1, 0x1a, 0x27, 0xff, 0x18,
    0xc0, 0x39, 0x80, 0x5, 0xa0, 0x1f, 0xfd, 0x14,
    0xb6, 0xc2, 0xff, 0xff, 0xe4, 0x98, 0x7, 0xe4,
    0x91, 0x50, 0xf, 0xfe, 0x4c, 0x0, 0x7f, 0xcd,
    0xe, 0xff, 0xfc, 0x56, 0x0, 0x30, 0x7, 0xff,
    0x1, 0xe2, 0x3f, 0xf8, 0xb2, 0x0, 0x20, 0xf,
    0xfe, 0x98, 0x80, 0x7f, 0xf5, 0x4c, 0x3, 0xff,
    0xaa, 0x20, 0x1, 0x0, 0xff, 0xe9, 0x30, 0x0,
    0x80, 0x3f, 0xfa, 0x44, 0x0, 0x70, 0xf, 0xfe,
    0x97, 0x0, 0x8, 0x3, 0xff, 0xa4, 0xa0, 0xf,
    0x0, 0xff, 0xe9, 0x18, 0x1, 0x40, 0x3f, 0xfa,
    0x66, 0x6, 0x1, 0x17, 0x98, 0x7, 0xff, 0x35,
    0x0, 0xa, 0x0, 0x70, 0x90, 0xf, 0xfe, 0x6d,
    0x80, 0x24, 0x3, 0x8, 0x7, 0xff, 0x34, 0xc8,
    0xe, 0x3, 0x40, 0x80, 0x3f, 0xf9, 0xd0, 0x0,
    0x7e, 0x70, 0xf0, 0xf, 0xfe, 0x72, 0xb0, 0x0,
    0x40, 0xc, 0x1, 0xff, 0xcf, 0x99, 0x10, 0x15,
    0x80,

    /* U+6C64 "汤" */
    0x0, 0x88, 0x3, 0xff, 0xa5, 0xbb, 0x30, 0x6,
    0x15, 0x66, 0xff, 0xe1, 0x3a, 0x0, 0x70, 0x90,
    0x14, 0xea, 0x0, 0x2e, 0xa6, 0x7f, 0xf8, 0x51,
    0x64, 0x1, 0x87, 0xc, 0x0, 0x57, 0x0, 0x1f,
    0xfc, 0x61, 0x20, 0xe, 0x3c, 0x80, 0x9, 0xc2,
    0xea, 0x67, 0xfc, 0x40, 0x11, 0xf8, 0x7, 0xe7,
    0xd4, 0x7, 0x1, 0x56, 0x6f, 0xcf, 0xa4, 0x0,
    0x5c, 0x10, 0xf, 0xe2, 0xbf, 0x80, 0xf, 0xf1,
    0xe2, 0x0, 0x26, 0x80, 0x3f, 0xf9, 0x8f, 0x84,
    0x5, 0x8c, 0x1, 0xff, 0xcb, 0x2c, 0x80, 0x3,
    0x69, 0x80, 0x7f, 0xf2, 0xe3, 0x4c, 0x6, 0xe4,
    0x3, 0xfc, 0x2c, 0x60, 0x1f, 0xe5, 0xe7, 0x0,
    0x3f, 0x20, 0x7, 0xfd, 0xb3, 0x96, 0x40, 0x1e,
    0x5c, 0xa1, 0x0, 0x20, 0x44, 0x7f, 0xce, 0xa,
    0x0, 0x4d, 0x90, 0xc, 0x54, 0x60, 0x19, 0x1d,
    0xff, 0xf8, 0x11, 0x9, 0xc4, 0x0, 0x36, 0x88,
    0x0, 0x84, 0x3, 0xff, 0x8e, 0x20, 0x77, 0x61,
    0x2, 0x30, 0xb, 0x2f, 0x32, 0x40, 0x5, 0x66,
    0x44, 0x0, 0xcc, 0x30, 0x0, 0x40, 0x24, 0xf4,
    0x82, 0x0, 0x89, 0xc, 0xc4, 0x80, 0x6a, 0x66,
    0x22, 0x2, 0x19, 0xb0, 0x1, 0xe0, 0x18, 0x6d,
    0xc0, 0x3f, 0x40, 0x2, 0x0, 0x26, 0x0, 0x70,
    0x0, 0xc0, 0x2, 0x1, 0xff, 0xc2, 0x26, 0x3,
    0x40, 0xa, 0x80, 0xa, 0x0, 0xe0, 0x1, 0x80,
    0x7f, 0xf0, 0xb8, 0x1, 0xc0, 0x12, 0x10, 0x30,
    0x4, 0x20, 0x1, 0x0, 0xf3, 0x18, 0x7, 0x41,
    0x84, 0x10, 0x5, 0xe0, 0xb, 0x0, 0x8c, 0x0,
    0xc0, 0x1c, 0x93, 0x84, 0x1, 0x3b, 0x80, 0xdc,
    0x2, 0x34, 0x4, 0x20, 0x9, 0x80, 0x6, 0x1,
    0xd0, 0x0, 0x60, 0x4, 0x40, 0x7, 0x40, 0x34,
    0x0, 0x20, 0x3, 0x8, 0x0, 0x40, 0x31, 0x98,
    0x5, 0x7, 0x1c, 0x1, 0xa2, 0x1, 0x22, 0x1,
    0xc, 0x3, 0x10, 0x8, 0x7, 0x48, 0x2, 0x42,
    0xc, 0x7, 0xc, 0x3, 0x50, 0x2, 0x40, 0x30,
    0x80, 0x8, 0x3, 0x12, 0x80, 0x18, 0x21, 0x99,
    0xe6, 0x1, 0xa4, 0x41, 0xc8, 0x3, 0x10, 0x1,
    0xc0, 0x34, 0x0, 0x18, 0x40, 0x66, 0x42, 0x1,
    0x99, 0x80, 0x50, 0x1, 0xcc, 0x0, 0x30, 0x8,
    0xd4, 0x1, 0x60, 0x1f, 0xc9, 0x20, 0xf, 0x0,
    0xf6, 0x80, 0x38, 0x2, 0x80, 0x2, 0x90, 0x7,
    0xe3, 0xb0, 0x5, 0x10, 0x7, 0x8c, 0x0, 0xa0,
    0x4, 0x40, 0x2, 0x0, 0x3f, 0x2e, 0x0, 0x21,
    0x40, 0x3e, 0x40, 0x1, 0x80, 0x20, 0x0, 0xc4,
    0x1, 0xf4, 0x50, 0x1, 0xdc, 0x1, 0xf3, 0x0,
    0xc, 0x2, 0x30, 0x5, 0x80, 0x78, 0xf5, 0xc0,
    0x13, 0x0, 0x1a, 0x6e, 0xae, 0x40, 0x14, 0x1,
    0x59, 0xc1, 0x0, 0x7b, 0x48, 0x6, 0xd8, 0x3,
    0x99, 0x15, 0x0, 0x4, 0xc0, 0x12, 0x63, 0x80,
    0x7d, 0x66, 0xbe, 0x80, 0x1e, 0x91, 0x0, 0xb,
    0x60, 0x4,

    /* U+6CB9 "油" */
    0x0, 0xff, 0xe4, 0x89, 0x0, 0x7f, 0xf4, 0x87,
    0xb6, 0x0, 0x3f, 0xf8, 0xb, 0x2a, 0x1, 0xff,
    0xc2, 0x30, 0x1, 0x0, 0x7f, 0xc3, 0x4d, 0x5d,
    0x2, 0x1, 0xff, 0x8, 0x0, 0x40, 0x3f, 0xe1,
    0xa2, 0x1, 0x7e, 0x70, 0xf, 0xfe, 0x72, 0xed,
    0x98, 0x2, 0x1c, 0x3, 0xff, 0x9e, 0x99, 0x22,
    0xa, 0x1, 0xff, 0xd1, 0x6e, 0xe1, 0x0, 0x7f,
    0xf4, 0xc4, 0x0, 0xb7, 0x99, 0xef, 0x0, 0x2e,
    0x67, 0xce, 0x1, 0xff, 0xc1, 0xb4, 0x33, 0xf8,
    0x0, 0x26, 0x7f, 0x40, 0x80, 0x7f, 0xf0, 0x4,
    0x3, 0xff, 0x8e, 0x60, 0x6e, 0x60, 0x1f, 0xe1,
    0xee, 0xeb, 0x0, 0x27, 0x77, 0x18, 0x4, 0x59,
    0x19, 0x66, 0x1, 0xf8, 0xc4, 0x79, 0xc0, 0x21,
    0x1e, 0x70, 0x8, 0xc8, 0x0, 0x99, 0x42, 0x1,
    0xff, 0xcd, 0x1d, 0x81, 0x0, 0x2f, 0x90, 0x7,
    0xff, 0x39, 0xf9, 0xc0, 0x2, 0x80, 0x1f, 0xfd,
    0x8, 0xc2, 0x23, 0x0, 0x7f, 0xf4, 0x4f, 0x74,
    0x1, 0xff, 0xfc, 0x2f, 0xfe, 0xc0, 0x2, 0x7f,
    0xf2, 0x0, 0x7f, 0xf9, 0xcc, 0xfc, 0x0, 0x13,
    0x3e, 0x10, 0xf, 0xf4, 0xb8, 0x7, 0x16, 0x67,
    0x78, 0x1, 0x73, 0x39, 0x40, 0x3f, 0x95, 0xa0,
    0xc0, 0x3f, 0xfa, 0x30, 0x0, 0x70, 0xf, 0xfe,
    0x82, 0x90, 0x12, 0x0, 0x7f, 0xf4, 0x20, 0x1,
    0x60, 0x1f, 0xfd, 0x5, 0x20, 0x16, 0x0, 0xff,
    0xe8, 0x58, 0x2, 0x0, 0x3f, 0xfa, 0x10, 0x20,
    0x2c, 0x1, 0xe2, 0xcb, 0xbd, 0xe0, 0x5, 0xbb,
    0xe4, 0x0, 0xe2, 0x70, 0x4, 0x0, 0x70, 0x80,
    0xd, 0x13, 0x18, 0x0, 0x51, 0x38, 0x2, 0x30,
    0x4, 0x0, 0x9, 0x80, 0x39, 0xc0, 0x3f, 0xf8,
    0xc6, 0x20, 0x7, 0x0, 0x48, 0x7, 0xa7, 0xff,
    0xff, 0x8d, 0x80, 0x17, 0xa, 0xa0, 0x7, 0xff,
    0x3c,

    /* U+6CE1 "泡" */
    0x0, 0x91, 0x84, 0x3, 0xf8, 0x77, 0x8, 0x3,
    0xff, 0x8a, 0x77, 0x3d, 0x44, 0x1, 0xf4, 0x11,
    0xb8, 0x7, 0xff, 0x14, 0x88, 0x0, 0x5d, 0x70,
    0xf, 0x38, 0x1, 0x0, 0x3f, 0xf8, 0xa3, 0xb2,
    0x20, 0x8, 0x90, 0xc, 0xa2, 0x8, 0x20, 0x1f,
    0xfc, 0x76, 0xe6, 0x0, 0x28, 0x6, 0xe0, 0x0,
    0xbb, 0xff, 0xf0, 0x18, 0xc0, 0x3f, 0x4c, 0x8f,
    0xc0, 0x22, 0x40, 0x2, 0xc4, 0x7f, 0xf0, 0x27,
    0x0, 0x3f, 0x9b, 0xc, 0x2, 0x80, 0xf, 0xfe,
    0x31, 0x0, 0x7f, 0xf0, 0x4d, 0x40, 0x6a, 0xbf,
    0xf8, 0x22, 0x1, 0xff, 0xc4, 0xf0, 0x4, 0x2a,
    0xff, 0xf0, 0x48, 0x0, 0x60, 0x1f, 0xfc, 0x8,
    0x30, 0x36, 0x0, 0xff, 0xe0, 0x88, 0x7, 0x2e,
    0x40, 0x80, 0x72, 0xb8, 0x3, 0xc0, 0x3f, 0xf8,
    0x46, 0x0, 0x10, 0x5, 0x1b, 0xf3, 0x80, 0x47,
    0x40, 0x16, 0x7f, 0xff, 0x50, 0x7, 0xf9, 0xc0,
    0x28, 0xe4, 0x4, 0x0, 0x10, 0x7, 0xfc, 0xa0,
    0x18, 0x40, 0x3a, 0x39, 0xc0, 0x3, 0x62, 0xf0,
    0xde, 0x0, 0x16, 0x6f, 0x8, 0x0, 0x40, 0x38,
    0x40, 0x30, 0xc6, 0x98, 0x18, 0x83, 0xc9, 0x80,
    0x16, 0x67, 0xc8, 0x1, 0xff, 0xc3, 0x2c, 0xad,
    0x0, 0xff, 0xe4, 0x8, 0x0, 0xc0, 0x3f, 0x28,
    0x80, 0x7f, 0xf2, 0xc, 0x0, 0x20, 0x1f, 0xfd,
    0x21, 0x0, 0x38, 0x7, 0xff, 0x30, 0x40, 0x39,
    0xc0, 0x2, 0x1, 0xfc, 0x44, 0x0, 0xf2, 0x7f,
    0xf9, 0x0, 0x38, 0x80, 0x6, 0x1, 0xf8, 0x77,
    0x44, 0x1, 0xff, 0xc3, 0x10, 0x7, 0x80, 0x38,
    0x3, 0xf4, 0x80, 0x10, 0x3, 0x85, 0x57, 0xe6,
    0xb0, 0x9, 0x0, 0x6, 0x1, 0xf9, 0xc0, 0xe,
    0x1, 0xcb, 0x55, 0xf4, 0xc6, 0x63, 0x88, 0x0,
    0xa0, 0x1f, 0x38, 0x1, 0x84, 0x3, 0xff, 0x84,
    0x67, 0x8, 0x1, 0x44, 0x3, 0xc3, 0x0, 0xb,
    0x0, 0xff, 0xe1, 0xd0, 0x80, 0x9, 0xe8, 0x3,
    0xe9, 0x0, 0x29, 0x0, 0x7f, 0xf0, 0xd7, 0xbf,
    0xdb, 0x0, 0x1f, 0xb, 0x80, 0x20, 0x3, 0xff,
    0x97, 0xb8, 0x20, 0x15, 0x80, 0x14, 0x80, 0x3f,
    0xf9, 0x42, 0x47, 0x20, 0x4, 0x50, 0x5, 0x80,
    0x7e, 0x70, 0xf, 0xfe, 0x12, 0x80, 0x74, 0x80,
    0x1c, 0x40, 0x38, 0x40, 0x4, 0x1, 0xff, 0xc2,
    0xe0, 0x6, 0x81, 0x10, 0x6, 0x40, 0x3e, 0x30,
    0x1e, 0xba, 0xaf, 0xfb, 0x54, 0x0, 0x80, 0x50,
    0x36, 0x20, 0x1f, 0x48, 0x0, 0x51, 0x57, 0xfe,
    0x20, 0x4, 0x8, 0x1, 0xf9, 0x40, 0x3f, 0x2e,
    0x29, 0x0, 0x7f, 0xf0, 0x4, 0xe5, 0xc0,

    /* U+6D01 "洁" */
    0x0, 0xff, 0xe4, 0xa, 0x88, 0x7, 0xff, 0x4f,
    0xeb, 0x0, 0x3f, 0xf8, 0x23, 0xc, 0x1, 0xff,
    0xc3, 0x10, 0x20, 0xf, 0xfe, 0xd, 0xbc, 0xe9,
    0x80, 0x7f, 0xf4, 0x60, 0x80, 0xb2, 0x0, 0x3f,
    0xfa, 0x5, 0xb0, 0x0, 0x7b, 0x0, 0xff, 0xe8,
    0xbe, 0x88, 0x21, 0xae, 0x67, 0xf0, 0x5, 0x99,
    0xfd, 0x20, 0x1e, 0x2c, 0x48, 0x39, 0x33, 0xfe,
    0x0, 0x8c, 0xff, 0x98, 0xc0, 0x3c, 0x56, 0xe1,
    0x60, 0x1f, 0xfc, 0x92, 0x30, 0xf, 0xf3, 0xff,
    0xff, 0x0, 0x5f, 0xff, 0xda, 0x1, 0xff, 0xd8,
    0x25, 0x10, 0xf, 0xfe, 0x91, 0x6d, 0x73, 0x80,
    0x7f, 0xf4, 0x4c, 0x80, 0x11, 0xa8, 0x1, 0xff,
    0xcf, 0x1d, 0x91, 0x2, 0xb7, 0x0, 0x97, 0xbb,
    0xf0, 0x5, 0xdd, 0xf9, 0x80, 0x33, 0x73, 0x0,
    0x20, 0x2, 0xf1, 0x1f, 0xc0, 0x10, 0x8f, 0xea,
    0x0, 0xf4, 0xc8, 0x20, 0x2, 0xf2, 0x11, 0xff,
    0xe2, 0x95, 0x0, 0x7c, 0xde, 0xe0, 0x12, 0xef,
    0x77, 0xff, 0x17, 0x58, 0x3, 0xff, 0xfe, 0x1,
    0xfc, 0x23, 0xff, 0xc3, 0x0, 0xff, 0xe0, 0x22,
    0x80, 0x47, 0xfd, 0xdf, 0xfc, 0x3f, 0x60, 0xf,
    0xe2, 0xba, 0x40, 0x2, 0x0, 0x7f, 0xf1, 0x74,
    0x3, 0xfa, 0xc0, 0x4, 0x0, 0xf0, 0x1, 0x33,
    0x7f, 0xc6, 0x1, 0xff, 0xb, 0x0, 0x1c, 0x3,
    0xae, 0x67, 0xfe, 0x80, 0xf, 0xfa, 0x0, 0xe,
    0x20, 0x1f, 0xfd, 0x2, 0x60, 0x4, 0x80, 0x7f,
    0xf4, 0x60, 0x0, 0xe2, 0x1, 0xff, 0xd0, 0x45,
    0x0, 0x48, 0x7, 0xff, 0x46, 0x40, 0x10, 0x20,
    0x1f, 0x8, 0x7, 0xfc, 0x20, 0x1f, 0x9c, 0x80,
    0x5c, 0x3, 0xf4, 0x7f, 0xff, 0xd4, 0x1, 0xf0,
    0xc0, 0x2, 0xc0, 0x3d, 0xe0, 0x1f, 0xfc, 0x51,
    0x0, 0xc8, 0x0, 0x35, 0x0, 0xf3, 0x31, 0x13,
    0xff, 0x86, 0xb0, 0x1, 0x95, 0x87, 0xc0, 0x3e,
    0x19, 0xbb, 0xff, 0xe1, 0xd1, 0x0, 0x40,

    /* U+6D41 "流" */
    0x0, 0x91, 0x0, 0x1f, 0xfc, 0x37, 0xb5, 0x0,
    0xff, 0xe0, 0xa5, 0xdb, 0x8, 0x3, 0xff, 0x80,
    0x70, 0x94, 0x1, 0xff, 0xc1, 0x70, 0x1, 0xea,
    0x80, 0x7f, 0xdc, 0x0, 0x60, 0xf, 0xfe, 0x9,
    0xea, 0x0, 0x2a, 0x80, 0x1f, 0xcc, 0x40, 0x30,
    0x1, 0xff, 0xc2, 0x2b, 0x90, 0x2, 0xb9, 0x44,
    0xcf, 0xc0, 0x2, 0x89, 0x9f, 0xe4, 0x0, 0xf3,
    0x60, 0x0, 0xe1, 0xd9, 0xbc, 0x1, 0x1b, 0x37,
    0xfa, 0x40, 0x3e, 0x3d, 0xb4, 0xd0, 0xf, 0xfe,
    0x4b, 0x80, 0x7e, 0x24, 0x7, 0xff, 0xda, 0x1,
    0x67, 0xff, 0xbb, 0xff, 0xa8, 0x3, 0xff, 0x89,
    0xc0, 0x9, 0x30, 0xe, 0xce, 0x80, 0xf, 0xfe,
    0x44, 0x18, 0x33, 0x0, 0x3c, 0xe0, 0xf0, 0x1,
    0xe4, 0x95, 0x0, 0xfe, 0x57, 0x3, 0x90, 0xf,
    0xa8, 0x81, 0xd8, 0x3, 0xad, 0xab, 0x9c, 0x3,
    0xc7, 0x40, 0x3a, 0x1, 0xfd, 0x0, 0x9, 0x40,
    0xc, 0xe0, 0x1, 0x8d, 0x30, 0x9, 0x70, 0x0,
    0xb1, 0x57, 0x98, 0xde, 0xff, 0x75, 0x0, 0x54,
    0x40, 0x14, 0x73, 0x0, 0xb, 0x8, 0x1, 0x40,
    0x12, 0x32, 0xa1, 0x98, 0x84, 0x3, 0xe1, 0xf0,
    0xc, 0x33, 0x84, 0x1, 0xc8, 0x1, 0xe1, 0x34,
    0x56, 0x78, 0x9a, 0xbc, 0x30, 0x28, 0x0, 0xe3,
    0xd7, 0xa2, 0x0, 0x4c, 0xaf, 0x3b, 0xfd, 0xd9,
    0x75, 0x30, 0xec, 0xa8, 0x7c, 0x20, 0x1f, 0xd0,
    0xa0, 0x11, 0x32, 0x10, 0x80, 0x7f, 0xc2, 0x5,
    0x97, 0x0, 0x1f, 0xfc, 0x24, 0xee, 0x0, 0x6c,
    0xd2, 0x0, 0xa7, 0xac, 0x9, 0x0, 0x3f, 0xf8,
    0x66, 0x2, 0x40, 0x2, 0x32, 0x50, 0x9, 0x41,
    0x40, 0x3f, 0xf8, 0x26, 0x1, 0xfe, 0x10, 0xf,
    0xfe, 0x4b, 0x64, 0x80, 0x7f, 0xf4, 0xe0, 0x1c,
    0x2, 0xf0, 0x1, 0x80, 0x7f, 0xf2, 0xdc, 0x41,
    0x0, 0x21, 0x0, 0xff, 0xe6, 0x8c, 0x80, 0x20,
    0x2, 0x20, 0x0, 0x80, 0x7f, 0xf2, 0xa4, 0x41,
    0x88, 0x2, 0x50, 0x10, 0xf, 0xfe, 0x50, 0xb8,
    0x2, 0xc0, 0x22, 0x10, 0x50, 0xf, 0xfe, 0x55,
    0x80, 0x18, 0x80, 0x24, 0x0, 0x60, 0x7, 0xff,
    0x25, 0x14, 0x1, 0x0, 0x1a, 0x80, 0xa, 0x1,
    0xff, 0xc9, 0x90, 0x4, 0x8, 0x4, 0x86, 0x6,
    0x40, 0x1f, 0xfc, 0x88, 0x20, 0x17, 0x0, 0x86,
    0x80, 0x10, 0x1, 0xff, 0xc8, 0x17, 0x0, 0x58,
    0x4, 0x58, 0x20, 0x88, 0x0, 0xc2, 0x0, 0x10,
    0x9, 0xc0, 0x51, 0xa, 0x80, 0x1, 0x10, 0x1a,
    0x80, 0x54, 0x40, 0x34, 0x1, 0xc5, 0x52, 0xc0,
    0x11, 0x80, 0x2e, 0xd5, 0x66, 0x0, 0xc6, 0xe0,
    0xd, 0x44, 0x78, 0x20, 0x1e, 0x56, 0x0, 0xd2,
    0x80, 0x18, 0x48, 0x0, 0x52, 0x40, 0x18, 0xb7,
    0x8, 0x3, 0xff, 0x82, 0x37, 0xff, 0xb8, 0x40,

    /* U+6D77 "海" */
    0x0, 0x85, 0x4, 0x3, 0xf1, 0xee, 0x8, 0x7,
    0xff, 0x1f, 0x2f, 0x9c, 0x3, 0xe8, 0x23, 0x20,
    0xf, 0xfe, 0x39, 0x80, 0x23, 0x94, 0x3, 0xa,
    0x0, 0x98, 0x7, 0xff, 0x1f, 0xd4, 0x0, 0x35,
    0x20, 0x13, 0x0, 0x1c, 0x47, 0xff, 0x86, 0x1,
    0xc3, 0x56, 0x40, 0x4, 0x0, 0xa8, 0x0, 0xdd,
    0xdf, 0xfc, 0x38, 0x0, 0xf2, 0x6c, 0x27, 0x0,
    0x14, 0x80, 0x3f, 0xf8, 0xc6, 0x1, 0xf9, 0xec,
    0xc0, 0x10, 0x0, 0x77, 0xff, 0xe2, 0xc8, 0x7,
    0xff, 0x2, 0x8, 0x16, 0x23, 0xff, 0x8a, 0x40,
    0x1f, 0xf1, 0xb8, 0x2, 0x0, 0x3f, 0xfa, 0x3,
    0xa0, 0x7, 0x33, 0xff, 0xe1, 0x90, 0x7, 0xff,
    0x6, 0x84, 0xa, 0xbb, 0x33, 0xff, 0x85, 0xba,
    0x0, 0xcd, 0xb2, 0x20, 0x1b, 0x0, 0x7d, 0x0,
    0x3f, 0xf8, 0x84, 0x20, 0x14, 0x93, 0x74, 0x80,
    0x4f, 0xde, 0x5e, 0x0, 0x7a, 0xa3, 0x94, 0x55,
    0x78, 0x80, 0x2, 0x1, 0x50, 0x4, 0xda, 0x40,
    0x1, 0x10, 0x10, 0x2, 0x15, 0x5e, 0x50, 0xa,
    0xbc, 0xe0, 0x1e, 0x5e, 0x50, 0x1, 0x40, 0x7,
    0x30, 0x8, 0x4, 0xec, 0x14, 0xc0, 0x18, 0x40,
    0x3e, 0x1a, 0xa0, 0x84, 0x80, 0x71, 0x1, 0x0,
    0x69, 0x80, 0x90, 0xc, 0xc0, 0x20, 0x1f, 0x2f,
    0x79, 0x80, 0x61, 0x0, 0x30, 0x7, 0x3a, 0x90,
    0x6, 0x30, 0x30, 0xf, 0xfe, 0x3, 0x6f, 0x78,
    0x1, 0x7b, 0xbc, 0x85, 0xdd, 0x84, 0xb, 0xb5,
    0x0, 0x3f, 0xa8, 0x84, 0x40, 0x10, 0x8f, 0xc0,
    0x23, 0x80, 0x21, 0x2e, 0x0, 0xf2, 0x28, 0x49,
    0x98, 0x40, 0x4, 0x67, 0xff, 0xc0, 0x0, 0x9,
    0xa4, 0x80, 0x7a, 0xe9, 0x17, 0x30, 0xe0, 0xc,
    0xca, 0x89, 0x73, 0x3d, 0xa0, 0x4, 0xcb, 0x30,
    0xe, 0x50, 0x0, 0x80, 0x44, 0x0, 0x10, 0x1,
    0xb, 0x60, 0x80, 0x62, 0x0, 0x18, 0x7, 0xee,
    0x0, 0x20, 0x4, 0xa0, 0x60, 0x12, 0x48, 0x1e,
    0x80, 0x67, 0x0, 0x70, 0x7, 0xc2, 0x80, 0x82,
    0x1, 0x8, 0x30, 0x6, 0x69, 0x3, 0x80, 0x8,
    0x40, 0x2, 0x1, 0xf4, 0x80, 0x38, 0x2, 0x30,
    0x1, 0x0, 0x73, 0x48, 0xf8, 0x4, 0x40, 0x3,
    0x0, 0xf9, 0x80, 0x54, 0x2, 0x50, 0x3, 0xee,
    0xfa, 0xce, 0xb7, 0x69, 0x0, 0x5e, 0xa0, 0x6,
    0x51, 0x7, 0x0, 0xc2, 0x1, 0x11, 0x7f, 0xf0,
    0x4, 0x0, 0x25, 0xc0, 0x1a, 0x40, 0x16, 0x1,
    0x99, 0x8, 0x47, 0xff, 0x82, 0x1, 0x9, 0x70,
    0x4, 0x66, 0x3, 0x20, 0xc, 0x37, 0xbd, 0xdf,
    0xfc, 0xc, 0x0, 0x17, 0x6a, 0x0, 0x50, 0x0,
    0x90, 0xf, 0xfe, 0x45, 0x0, 0x10, 0x3, 0xc8,
    0x4, 0xa0, 0x1f, 0xfc, 0x36, 0x87, 0x74, 0x38,
    0x2, 0x80, 0x3d, 0x25, 0x0, 0x1f, 0xfc, 0x48,
    0x78, 0x83, 0x80, 0x10, 0xc0, 0x3c, 0xda, 0xa0,
    0x1f, 0xfc, 0x4a, 0x20, 0x8, 0xa2, 0xc0, 0x38,

    /* U+6D82 "涂" */
    0x0, 0xff, 0xed, 0x8, 0x7, 0xff, 0xe, 0xfe,
    0x0, 0x3f, 0xf8, 0x57, 0xda, 0xc0, 0x1f, 0xfc,
    0x7, 0x40, 0x30, 0xf, 0xfe, 0x12, 0x81, 0x4e,
    0xa0, 0x7, 0xf2, 0x40, 0x1, 0x4c, 0x3, 0xff,
    0x83, 0xec, 0x0, 0x2b, 0x90, 0xf, 0x8e, 0xc0,
    0x21, 0xd3, 0x0, 0xff, 0xe0, 0xc, 0xea, 0x0,
    0x19, 0x40, 0x39, 0x30, 0x1, 0x34, 0x3, 0xa8,
    0x1, 0xff, 0xc1, 0x2b, 0x80, 0x35, 0x0, 0xcb,
    0x60, 0x8, 0x65, 0x90, 0x1b, 0x60, 0xf, 0xfe,
    0x13, 0xf6, 0x0, 0x68, 0xa0, 0x3, 0xb8, 0x0,
    0xd4, 0x0, 0x9a, 0x10, 0xf, 0xfe, 0x8, 0x80,
    0x43, 0x6e, 0x0, 0x98, 0x0, 0xcb, 0x60, 0x5,
    0xf4, 0x0, 0xff, 0xe1, 0xaf, 0xa0, 0x2, 0x98,
    0x3, 0xc9, 0xa4, 0x3, 0x76, 0x20, 0xf, 0xf8,
    0xee, 0x84, 0xb, 0x54, 0x3, 0xf1, 0x6b, 0x0,
    0x13, 0x64, 0x0, 0x90, 0x80, 0x19, 0x71, 0x0,
    0xd, 0xc2, 0x67, 0xff, 0x5d, 0x88, 0x0, 0xc4,
    0x36, 0xf7, 0xaa, 0x0, 0x60, 0x1, 0xef, 0x66,
    0x7f, 0xf0, 0x77, 0x67, 0x39, 0x21, 0x50, 0x1,
    0x56, 0x11, 0xf6, 0xe1, 0x78, 0x7, 0xff, 0x8,
    0xc2, 0x31, 0x80, 0x15, 0xa8, 0x0, 0x3c, 0x11,
    0x10, 0x2, 0x2a, 0x67, 0x38, 0x0, 0xe6, 0x75,
    0x58, 0x7, 0xc5, 0x76, 0x10, 0x10, 0xf, 0x2b,
    0x36, 0xb0, 0x3, 0x37, 0x28, 0x80, 0x7f, 0x27,
    0xc6, 0x8, 0x7, 0xff, 0x48, 0x5c, 0xc0, 0x3f,
    0xfb, 0x4, 0xef, 0xfa, 0xc0, 0xc, 0xef, 0xf9,
    0x84, 0x3, 0xfe, 0xe8, 0x8f, 0xce, 0x0, 0x38,
    0x8f, 0xd3, 0x40, 0x1f, 0x84, 0x81, 0xc0, 0x3f,
    0xf9, 0x24, 0x1, 0xfb, 0x34, 0xef, 0x73, 0x3e,
    0xa0, 0x2, 0x66, 0x7e, 0xd9, 0x0, 0xf9, 0xc8,
    0x10, 0x8, 0xcf, 0xe6, 0x0, 0x11, 0x9f, 0xe2,
    0x0, 0xfd, 0x20, 0x5, 0x0, 0x8e, 0xdc, 0x3,
    0xfc, 0xf6, 0x80, 0x1f, 0xe8, 0x10, 0x52, 0x0,
    0xb5, 0x20, 0x3, 0xfd, 0x29, 0x66, 0x1, 0xf8,
    0x5c, 0x1, 0x0, 0x14, 0x8, 0x30, 0x7, 0x84,
    0x2, 0xb0, 0x6, 0x88, 0x7, 0xd6, 0x0, 0x62,
    0x0, 0x13, 0x80, 0xc8, 0x7, 0xf9, 0x5c, 0x7,
    0x40, 0x3c, 0x6a, 0x0, 0x80, 0xb, 0x80, 0x10,
    0x1, 0xf7, 0x80, 0x68, 0x30, 0x37, 0x0, 0xef,
    0x0, 0x38, 0x80, 0x28, 0xc1, 0x18, 0x3, 0xff,
    0x83, 0xc0, 0x8, 0x10, 0x9, 0xcc, 0x6, 0x0,
    0xa, 0xa0, 0x1a, 0x0, 0xff, 0xe1, 0x14, 0x0,
    0x1c, 0x0, 0x30, 0x0, 0xb0, 0x8, 0x40, 0x14,
    0x20, 0x1f, 0x84, 0x3, 0xce, 0x44, 0x70, 0x1,
    0x80, 0xd, 0x40, 0x24, 0xdc, 0x40, 0x3, 0x55,
    0x5e, 0x1, 0xfe, 0xdd, 0x8, 0x0, 0xad, 0x38,
    0x3, 0x88, 0xc0, 0x2d, 0x55, 0x8c, 0x0, 0x40,
    0x1f, 0xfc, 0x14, 0xb2, 0x0, 0xff, 0x49, 0x80,
    0x4, 0xe9, 0x0, 0x3f, 0xe0,

    /* U+6D88 "消" */
    0x0, 0xff, 0xe4, 0x90, 0x7, 0xff, 0x4, 0x84,
    0x3, 0xff, 0x87, 0x3b, 0xa0, 0xf, 0xf9, 0x77,
    0xa4, 0x40, 0x39, 0xe0, 0x3, 0xca, 0x4, 0x20,
    0x1c, 0xf6, 0x60, 0x1c, 0xdc, 0xe0, 0x12, 0x43,
    0xd8, 0x7, 0xff, 0x4, 0xa1, 0x20, 0x0, 0xb6,
    0x20, 0x8, 0xc2, 0x4, 0x20, 0x47, 0x0, 0xff,
    0xe0, 0x58, 0x3, 0x0, 0x24, 0xe7, 0x0, 0x1f,
    0x0, 0x3c, 0x1, 0x4, 0x1, 0xfe, 0x26, 0x1,
    0x70, 0xe, 0x8c, 0x20, 0x90, 0x1, 0x38, 0x2,
    0x0, 0x3f, 0xd2, 0x0, 0x80, 0xf, 0x8f, 0x74,
    0xa0, 0x14, 0x80, 0x14, 0x3, 0xf9, 0x50, 0xd,
    0x80, 0x3f, 0x88, 0x3, 0xa, 0x80, 0x4, 0x3,
    0xf7, 0x80, 0x38, 0x3, 0xff, 0x89, 0x6f, 0x82,
    0x1, 0xfa, 0xe7, 0x8, 0x3, 0xff, 0x88, 0x30,
    0x60, 0x1f, 0xc2, 0xc6, 0x1, 0x99, 0x80, 0x1f,
    0xc9, 0xdf, 0xfe, 0x30, 0x7, 0x7f, 0xf7, 0x48,
    0x2c, 0xcb, 0x94, 0x3, 0xee, 0x10, 0xf, 0xfe,
    0x18, 0xb0, 0xb8, 0x80, 0xd6, 0x20, 0x7, 0xe3,
    0x44, 0xff, 0xe0, 0x0, 0x62, 0xf7, 0x0, 0x1d,
    0xc0, 0x7, 0xdb, 0x77, 0xff, 0xc0, 0x40, 0xc,
    0x31, 0xaa, 0x0, 0x30, 0xf, 0xfe, 0x79, 0x55,
    0x16, 0x40, 0x3f, 0x2f, 0x64, 0xa0, 0x7, 0xff,
    0x11, 0x68, 0x80, 0x3f, 0x78, 0x9b, 0x5f, 0xd2,
    0x80, 0x7f, 0xf3, 0x2b, 0x65, 0x0, 0xb, 0x5f,
    0x0, 0x1f, 0xfc, 0xb2, 0x6b, 0xe9, 0x30, 0x3,
    0x88, 0x7, 0xff, 0x0, 0xa0, 0x3, 0xfe, 0x16,
    0xcd, 0x69, 0x10, 0xf, 0xfe, 0x7, 0x3c, 0x80,
    0x7f, 0xf0, 0x4a, 0x58, 0xd9, 0x40, 0x3f, 0x90,
    0xc0, 0xc0, 0x2, 0x0, 0x10, 0xe, 0x14, 0x8c,
    0xfc, 0x91, 0x0, 0xfe, 0x90, 0x4, 0x80, 0x7c,
    0x6d, 0x5b, 0xd6, 0xe6, 0x1, 0xff, 0xc0, 0x62,
    0x4, 0x30, 0x3, 0x80, 0xf, 0xf2, 0x54, 0x80,
    0x23, 0x7b, 0xf4, 0x0, 0xfd, 0x0, 0x8, 0x0,
    0x84, 0x5, 0x80, 0x31, 0xbd, 0xfe, 0x42, 0x0,
    0x7f, 0x40, 0x82, 0x18, 0x4, 0x40, 0x4b, 0x31,
    0x7f, 0x90, 0x80, 0x1f, 0xfc, 0x2, 0x70, 0x4,
    0x80, 0x42, 0x0, 0x60, 0x67, 0x40, 0xf, 0xfe,
    0x24, 0x80, 0x18, 0x80, 0x24, 0x0, 0x10, 0x7,
    0xff, 0x1d, 0x90, 0x1, 0x0, 0x1b, 0x0, 0x1a,
    0x1, 0xff, 0xc6, 0x19, 0x0, 0x40, 0x80, 0x67,
    0x0, 0x20, 0x7, 0xff, 0x18, 0x80, 0x4, 0xe0,
    0x19, 0x84, 0x10, 0x40, 0x3f, 0x25, 0x4c, 0xa9,
    0x0, 0x2, 0x6, 0xe3, 0xc0, 0x1c, 0x20, 0xe,
    0x0, 0xfe, 0xc5, 0x66, 0x28, 0x1, 0x0, 0x28,
    0xe3, 0x0, 0xe7, 0x65, 0x50, 0x7, 0xf4, 0xa0,
    0x4, 0x4d, 0x40, 0x1f, 0xfc, 0x9, 0xa0, 0xf,
    0xf0, 0xdf, 0xfd, 0xb2, 0x20,

    /* U+6DB2 "液" */
    0x0, 0xff, 0xe3, 0x1d, 0xc8, 0x7, 0xff, 0xa,
    0x2c, 0x80, 0x3f, 0xf8, 0x28, 0x86, 0x60, 0x7,
    0xff, 0x0, 0x9d, 0x35, 0x0, 0x3f, 0xf8, 0xa,
    0x0, 0xb0, 0xf, 0xfe, 0x1, 0x30, 0x2, 0xdc,
    0x3, 0xfe, 0x24, 0x2, 0x60, 0xf, 0xfe, 0x4,
    0xc0, 0x2, 0x24, 0xbf, 0xff, 0xc8, 0x0, 0x9f,
    0xff, 0xe3, 0x0, 0x9e, 0x80, 0xc, 0xe0, 0x1f,
    0xfc, 0xb5, 0x0, 0xcb, 0x67, 0x4a, 0xc8, 0x9f,
    0xfc, 0x96, 0x70, 0xe, 0x4c, 0x50, 0x9b, 0xb8,
    0x5b, 0xae, 0xf7, 0xa8, 0xdd, 0xfe, 0x91, 0x0,
    0xff, 0xe0, 0x1a, 0x97, 0x80, 0x6f, 0x15, 0x10,
    0xf, 0xfe, 0x4d, 0x0, 0x38, 0x2, 0x14, 0x4,
    0x10, 0xf, 0xe1, 0x50, 0xf, 0xe1, 0x60, 0x24,
    0x0, 0x98, 0x0, 0x4c, 0xd3, 0xbc, 0xc2, 0x0,
    0xaa, 0x71, 0x80, 0x7d, 0x20, 0x8, 0x0, 0xd4,
    0x0, 0x69, 0x9a, 0x22, 0x9f, 0x0, 0xc3, 0x8e,
    0x1, 0xc2, 0xe0, 0x4a, 0x1, 0x29, 0x0, 0x7f,
    0xf0, 0x6e, 0x0, 0x11, 0x62, 0x1, 0x40, 0x1,
    0xc0, 0x34, 0x0, 0x37, 0xff, 0xb8, 0x0, 0xa0,
    0x13, 0xe9, 0x2, 0x38, 0x0, 0x98, 0x3, 0xca,
    0x40, 0xf, 0x30, 0xc, 0xa0, 0xc, 0x0, 0xc5,
    0x88, 0x4e, 0x0, 0xe0, 0xf, 0xac, 0x0, 0x25,
    0x8c, 0x1, 0x60, 0x1, 0x0, 0x38, 0x6f, 0x44,
    0x1c, 0xc0, 0x3d, 0x2, 0xd, 0xe8, 0x13, 0x40,
    0x6, 0x1, 0x30, 0xf, 0xe4, 0x80, 0x10, 0xc,
    0x6e, 0x0, 0x41, 0xb7, 0x5, 0xc6, 0x10, 0x70,
    0xf, 0xf5, 0x0, 0x28, 0x2, 0x1e, 0x0, 0x89,
    0x2, 0x28, 0xe, 0x40, 0x14, 0x1, 0xfe, 0x70,
    0x74, 0x0, 0xac, 0x81, 0xc8, 0x20, 0x0, 0xb6,
    0x1, 0x11, 0x80, 0x7c, 0xfa, 0x53, 0xd0, 0x1,
    0xb4, 0x12, 0x20, 0x6, 0x80, 0x4, 0x30, 0x4,
    0x0, 0x7e, 0x82, 0xb0, 0x10, 0xe, 0x7c, 0xb0,
    0x52, 0x9, 0x0, 0x21, 0x81, 0xa8, 0x7, 0xca,
    0x1, 0xff, 0x18, 0x5, 0x0, 0x50, 0x12, 0x0,
    0x80, 0xf, 0xdc, 0x0, 0xd0, 0xf, 0xfe, 0x2,
    0xa0, 0x3d, 0x90, 0x2a, 0x0, 0x7c, 0x28, 0x2,
    0x80, 0x1f, 0xfc, 0x19, 0x0, 0x20, 0xd, 0x80,
    0x7e, 0x60, 0x3, 0x0, 0x7f, 0xf0, 0x89, 0xc0,
    0x2b, 0x10, 0xf, 0xd4, 0x0, 0xa0, 0xf, 0xfe,
    0x11, 0x30, 0x5, 0x2, 0x1, 0xf2, 0x10, 0x19,
    0x0, 0x7f, 0xf0, 0x4f, 0x4, 0x2, 0x2c, 0x20,
    0xf, 0x78, 0x2, 0x80, 0x3f, 0xf8, 0x2b, 0x82,
    0x9, 0xc6, 0x5, 0xaa, 0x1, 0x89, 0x0, 0xc,
    0x1, 0xff, 0xd, 0x50, 0x0, 0xb6, 0x38, 0x60,
    0xa, 0xa0, 0x80, 0x28, 0x0, 0xc0, 0x1f, 0xf4,
    0x72, 0x80, 0x1e, 0x80, 0x2c, 0x50, 0x2, 0xf4,
    0x85, 0x80, 0x2c, 0x3, 0xfc, 0xee, 0x0, 0xd,
    0xc0, 0x7, 0x54, 0x80, 0x4c, 0x66, 0xdc, 0x20,
    0xf, 0x94, 0x3d, 0x44, 0x1f, 0xd0, 0x3, 0xe6,
    0xe6, 0x17, 0x30, 0x23, 0x0, 0xfd, 0x5e, 0xa5,
    0xdf, 0x2, 0x1, 0xfc, 0x33, 0xd0, 0x0,

    /* U+6E05 "清" */
    0x0, 0xff, 0xe4, 0x90, 0x7, 0xff, 0xc, 0x44,
    0x1, 0xff, 0xc3, 0xcd, 0xb0, 0xf, 0xfe, 0x9,
    0xf7, 0x14, 0x3, 0xff, 0x84, 0x40, 0xa0, 0x1f,
    0xfc, 0x16, 0x0, 0x55, 0x0, 0x28, 0xdd, 0xfe,
    0x10, 0x1d, 0xdf, 0xe7, 0x0, 0x96, 0x40, 0xb,
    0xa6, 0xa, 0x45, 0xfc, 0x1, 0x11, 0x7f, 0x50,
    0x6, 0x6c, 0x10, 0x2c, 0xf, 0x99, 0xfe, 0x0,
    0xa6, 0x7f, 0xbc, 0x3, 0x8f, 0xd0, 0xc, 0x9,
    0x9b, 0xf8, 0x0, 0x2c, 0xdf, 0xc4, 0x1, 0xe1,
    0xbb, 0x68, 0x0, 0x95, 0x9b, 0xe0, 0x0, 0xb3,
    0x7c, 0xa2, 0x1, 0xfc, 0x82, 0x0, 0xda, 0x99,
    0xf8, 0x2, 0x99, 0xfa, 0xa8, 0x1, 0xff, 0xc1,
    0x52, 0x11, 0xf8, 0x2, 0x11, 0xf8, 0xb4, 0x3,
    0xff, 0x83, 0x5b, 0xdd, 0xf0, 0x0, 0x7b, 0xbe,
    0xd6, 0x0, 0x91, 0x80, 0x3f, 0xfa, 0x65, 0x73,
    0xa8, 0x1, 0x9a, 0xab, 0xfc, 0x0, 0x1a, 0xaf,
    0xe9, 0x20, 0x10, 0x2b, 0xb1, 0x0, 0x25, 0x57,
    0xfc, 0x1, 0x2a, 0xff, 0x35, 0x17, 0xa0, 0x1,
    0x34, 0x82, 0x59, 0x57, 0xff, 0x92, 0xd4, 0x3,
    0x74, 0x20, 0x1, 0x6, 0x9a, 0xaf, 0xfe, 0x4c,
    0x90, 0x4, 0xbe, 0xf2, 0x60, 0x1c, 0x8c, 0xdf,
    0xfc, 0x35, 0x0, 0xfc, 0x30, 0xc0, 0x1c, 0xf7,
    0x33, 0xff, 0xc3, 0xa8, 0x0, 0xff, 0xe1, 0xf0,
    0x4, 0x45, 0xff, 0x8, 0x0, 0xc0, 0x3f, 0xf8,
    0xd7, 0xbb, 0xff, 0xc0, 0x0, 0xff, 0xe0, 0xa0,
    0x7, 0xff, 0x51, 0xee, 0x40, 0x3d, 0xd1, 0x1f,
    0xf5, 0x0, 0x7f, 0xf0, 0x24, 0x14, 0x3, 0xca,
    0xef, 0xff, 0x30, 0x7, 0xfc, 0xc2, 0x14, 0x1,
    0xe4, 0x66, 0xff, 0x94, 0x3, 0xfe, 0xb0, 0x16,
    0x0, 0x8c, 0x1, 0xf3, 0x3f, 0xfc, 0x0, 0xf,
    0xf2, 0x90, 0x30, 0x6, 0x10, 0xf, 0xfe, 0x6c,
    0x0, 0x24, 0x3, 0x38, 0x2, 0x73, 0x3f, 0xee,
    0x0, 0xfe, 0x62, 0x7, 0x10, 0xc, 0x40, 0x2,
    0x33, 0xff, 0x88, 0x3, 0xfa, 0x0, 0x12, 0x1,
    0xc2, 0x5, 0x33, 0xff, 0xc0, 0x70, 0xf, 0xd0,
    0x20, 0xe2, 0x1, 0x94, 0x0, 0x8c, 0xdf, 0xfc,
    0xb, 0x0, 0xf8, 0x9c, 0x6, 0x40, 0x3b, 0x80,
    0x1e, 0x1, 0xff, 0xc8, 0x40, 0x4, 0x88, 0x6,
    0x34, 0x0, 0x38, 0x7, 0xf2, 0xad, 0x60, 0x1f,
    0x32, 0xa3, 0x80, 0x73, 0x0, 0x14, 0x40, 0x3f,
    0x2d, 0x54, 0xe0, 0x3, 0x0, 0xea, 0xb0, 0xf,
    0x2b, 0x15, 0x80, 0x7f, 0x29, 0x80, 0x66, 0x80,
    0xf, 0xfe, 0x14, 0xe8, 0x80, 0x7f, 0xb3, 0xba,
    0xf9, 0x0, 0xc0,

    /* U+6E29 "温" */
    0x0, 0x85, 0x44, 0x3, 0xff, 0xa7, 0xb5, 0xd4,
    0x40, 0x1c, 0xf3, 0x3f, 0xfc, 0x28, 0x30, 0xf,
    0x84, 0x0, 0xbb, 0x20, 0x14, 0x41, 0x9b, 0xff,
    0x84, 0xfa, 0x1, 0xf6, 0xb8, 0x4, 0xda, 0x20,
    0x20, 0x10, 0x8f, 0xfc, 0x0, 0x10, 0xf, 0xd1,
    0xa6, 0x0, 0x25, 0x0, 0xdb, 0xdd, 0xff, 0x8,
    0x7, 0xfc, 0x59, 0x44, 0xc8, 0x1, 0xff, 0xc4,
    0x30, 0xf, 0xfe, 0xa, 0xec, 0x80, 0x7f, 0xf6,
    0xff, 0x77, 0xfe, 0x20, 0xf, 0xfe, 0x49, 0x17,
    0xff, 0x0, 0x3, 0xff, 0x94, 0xce, 0xff, 0xf0,
    0x80, 0x7c, 0xb2, 0x80, 0x1f, 0xf5, 0xc4, 0x7f,
    0xc6, 0x1, 0xe1, 0xa6, 0xbe, 0x60, 0xf, 0xfe,
    0x80, 0xb8, 0x0, 0x67, 0x48, 0x3, 0xe7, 0x22,
    0xff, 0x8c, 0x3, 0xe8, 0xe6, 0x0, 0x16, 0x88,
    0x7, 0xab, 0x77, 0xfe, 0x10, 0xf, 0xc3, 0x3a,
    0x60, 0x1e, 0xf0, 0xf, 0xfe, 0x21, 0x80, 0x7e,
    0x2c, 0x8a, 0x10, 0x9, 0xae, 0xab, 0xff, 0x87,
    0xa0, 0x1f, 0xe7, 0x50, 0xe, 0x45, 0x5f, 0xfe,
    0x18, 0x80, 0x7f, 0xf9, 0x4f, 0x37, 0x7f, 0xf8,
    0x99, 0x0, 0x1f, 0xe3, 0x60, 0x4, 0x19, 0x17,
    0xff, 0x10, 0xdc, 0x40, 0x3f, 0xb6, 0x58, 0x1c,
    0x0, 0x68, 0x80, 0x1, 0x22, 0xc, 0x0, 0x89,
    0x0, 0x46, 0x1, 0xf9, 0xc4, 0x4, 0x2, 0x1c,
    0xbb, 0x10, 0x55, 0xdb, 0xc0, 0x15, 0x76, 0x60,
    0xf, 0xfa, 0x40, 0xc, 0x1, 0xff, 0xd1, 0x71,
    0x6, 0x10, 0xf, 0xfe, 0x80, 0xc0, 0x2, 0x0,
    0x3f, 0xfa, 0x30, 0x0, 0x61, 0x0, 0xff, 0xe8,
    0x13, 0x0, 0x20, 0x3, 0xff, 0xa3, 0x20, 0x8,
    0x10, 0xf, 0xfe, 0x83, 0x20, 0xb, 0x80, 0x7f,
    0xf4, 0x6, 0x0, 0x16, 0x0, 0x4a, 0xb2, 0x1,
    0xbb, 0x88, 0x2a, 0xed, 0xe0, 0xa, 0xbb, 0x20,
    0x3, 0xa8, 0x80, 0x84, 0xd, 0x40, 0x10, 0xa8,
    0x20, 0x4, 0x48, 0x0, 0x48, 0x83, 0x0, 0x22,
    0x44, 0x0, 0x35, 0xa0, 0x39, 0x3e, 0x0, 0xa8,
    0x8b, 0xff, 0x99, 0x60,

    /* U+6EE1 "满" */
    0x0, 0xff, 0xe6, 0x8, 0x7, 0xff, 0x28, 0xbf,
    0xc6, 0x1, 0xd5, 0xd2, 0x1, 0xfd, 0x5a, 0x80,
    0x1f, 0xce, 0x0, 0x50, 0xe, 0x40, 0x50, 0xf,
    0xc6, 0xa5, 0x72, 0x1, 0x11, 0x9e, 0x20, 0x7,
    0x19, 0xf0, 0x0, 0x4c, 0xf8, 0x40, 0x7, 0x0,
    0x6, 0xd3, 0x36, 0xe6, 0x68, 0x0, 0x3e, 0x67,
    0x8, 0x16, 0x67, 0x78, 0x4, 0xf6, 0x20, 0x58,
    0xe0, 0x1f, 0xfc, 0xf4, 0xf4, 0x4, 0x46, 0xdd,
    0xe7, 0x0, 0x35, 0xdf, 0x8, 0x15, 0xdf, 0x78,
    0x7, 0xd, 0xe5, 0x81, 0x22, 0x6d, 0x0, 0x7a,
    0x27, 0x0, 0x5, 0x13, 0x84, 0x3, 0xe3, 0x0,
    0xf9, 0x4, 0x48, 0x1, 0xce, 0x8, 0x1, 0xff,
    0xc5, 0x11, 0xc1, 0xfe, 0x31, 0x1e, 0x8e, 0x91,
    0x1e, 0x0, 0xff, 0x27, 0xf7, 0x7f, 0xf2, 0x84,
    0x8, 0x3, 0xc4, 0x1, 0xff, 0xca, 0x13, 0xad,
    0xc3, 0x0, 0xcd, 0x75, 0x5e, 0x10, 0x3a, 0xa9,
    0x0, 0x15, 0x5e, 0xc2, 0x70, 0x3c, 0x91, 0x0,
    0x91, 0x57, 0xc6, 0xc, 0xab, 0x18, 0x1, 0x57,
    0xc6, 0x18, 0xc0, 0x6, 0xf3, 0x0, 0xff, 0xe7,
    0xc, 0xe9, 0x80, 0xb0, 0x4, 0xf3, 0x3c, 0x40,
    0xf3, 0x32, 0x0, 0x26, 0x79, 0x40, 0x31, 0x64,
    0x41, 0x40, 0xf, 0xc, 0xdc, 0x0, 0x26, 0x68,
    0xc0, 0xc, 0xdd, 0x42, 0x1, 0xce, 0xe0, 0xb,
    0xc0, 0x3f, 0xf9, 0x26, 0x1, 0xfe, 0x10, 0x5,
    0xff, 0xb8, 0x1, 0x7f, 0xf1, 0x83, 0x7f, 0xcc,
    0x0, 0x10, 0xf, 0xfe, 0xb, 0x80, 0x14, 0x0,
    0xc0, 0x11, 0x7, 0x0, 0x42, 0x1, 0xfc, 0x2a,
    0x1, 0xf8, 0x80, 0x4, 0x1, 0x8, 0x8, 0x7,
    0xff, 0x6, 0xea, 0x40, 0x3e, 0xf0, 0x3, 0x0,
    0xc, 0x1, 0x4, 0x1, 0xff, 0x12, 0x82, 0x0,
    0x7c, 0xe0, 0x9, 0x30, 0x50, 0x0, 0xf0, 0x7,
    0xfd, 0x60, 0x5, 0x0, 0xf1, 0x8, 0x8, 0x68,
    0x68, 0x4, 0x70, 0x1, 0xfc, 0x2c, 0x0, 0x90,
    0xf, 0x58, 0x3, 0x0, 0x55, 0x2, 0x10, 0x1c,
    0x80, 0x3f, 0x40, 0x1, 0x84, 0x3, 0x89, 0x81,
    0x8a, 0xdc, 0x80, 0xd, 0x20, 0xb, 0x0, 0xf8,
    0x58, 0x1, 0x60, 0x1c, 0xfe, 0x0, 0xb0, 0x49,
    0x90, 0x20, 0x93, 0x0, 0x80, 0x7d, 0x60, 0x4,
    0x20, 0xe, 0xc2, 0x8, 0x20, 0x5, 0x8, 0x40,
    0x2, 0x6a, 0x0, 0x3c, 0x4a, 0x0, 0x80, 0xf,
    0x5b, 0x3b, 0x80, 0x2, 0x80, 0xc6, 0x1, 0x28,
    0x7, 0xdc, 0x0, 0x43, 0x0, 0xfa, 0x60, 0x2,
    0x1b, 0x79, 0x0, 0xff, 0x90, 0xc0, 0x12, 0x1,
    0xff, 0xc2, 0x48, 0x0, 0xff, 0xe0, 0x38, 0x1,
    0x48, 0x3, 0xff, 0x90, 0x46, 0x44, 0x0, 0x8,
    0x1e, 0x35, 0x80, 0x70, 0x80, 0x7f, 0xf0, 0xa3,
    0x73, 0x54, 0x4, 0x80, 0x7, 0x22, 0x1, 0xd8,
    0x4, 0x60, 0x1f, 0xf4, 0xa9, 0x10, 0xdb, 0x0,
    0x0,

    /* U+70B8 "炸" */
    0x0, 0xf2, 0xdb, 0x0, 0x7e, 0x1d, 0xd1, 0x0,
    0x7f, 0xf1, 0xe5, 0x20, 0x3, 0xf4, 0x91, 0x1c,
    0x3, 0xff, 0x92, 0x20, 0x1f, 0x90, 0x0, 0xe0,
    0x1f, 0xfd, 0x23, 0x2, 0x20, 0x7, 0xff, 0x45,
    0x0, 0x8, 0x1, 0xff, 0xce, 0x73, 0x0, 0x68,
    0x0, 0x55, 0x7f, 0xf8, 0x6, 0x0, 0x32, 0x0,
    0xfc, 0xf1, 0xa0, 0x7, 0x0, 0x3d, 0x57, 0xff,
    0x3, 0x14, 0xf3, 0x0, 0x1f, 0xb0, 0xc, 0xc,
    0x40, 0x3f, 0xf8, 0x86, 0x0, 0x14, 0x0, 0xf9,
    0x1, 0x42, 0x40, 0xa, 0xc0, 0x13, 0x37, 0xf4,
    0x31, 0x88, 0x68, 0x7, 0x90, 0x1, 0x42, 0xa0,
    0x35, 0x22, 0x0, 0x99, 0xfe, 0x70, 0x2, 0x3,
    0x80, 0x7b, 0x40, 0xca, 0x40, 0x12, 0x1, 0xff,
    0xc5, 0xc0, 0x13, 0x0, 0xe6, 0x9, 0x27, 0x0,
    0x30, 0x7, 0xff, 0x15, 0xc0, 0xa, 0x1, 0x94,
    0x5, 0x78, 0x0, 0xe2, 0x1, 0xff, 0xc5, 0x11,
    0x6, 0x0, 0x80, 0x34, 0x18, 0x4c, 0x6, 0x40,
    0x3d, 0x55, 0xfa, 0x48, 0x2, 0x40, 0x70, 0x8,
    0x66, 0x24, 0x60, 0x6c, 0x40, 0x3c, 0xab, 0xf9,
    0xa0, 0x2, 0xd0, 0x70, 0xc, 0x2e, 0x20, 0xfc,
    0xa0, 0x1f, 0xfc, 0x4f, 0x0, 0x9e, 0xa8, 0x6,
    0x6, 0x1, 0xff, 0xc2, 0xff, 0xfe, 0x50, 0xc,
    0xa0, 0x1, 0x1, 0x0, 0xff, 0xe9, 0x8, 0x1,
    0xc0, 0x3f, 0xfa, 0x44, 0x0, 0x20, 0xf, 0xfe,
    0x93, 0x0, 0x7f, 0xf5, 0x74, 0x0, 0xca, 0x1,
    0xff, 0xc1, 0xdd, 0xfe, 0x70, 0xf, 0x18, 0x5,
    0x44, 0x1, 0xff, 0xc0, 0x22, 0xfe, 0xa0, 0xf,
    0x20, 0x8, 0x3, 0xc0, 0x3f, 0xf8, 0x4, 0x5f,
    0xd6, 0x1, 0xc8, 0x0, 0x66, 0x1, 0x50, 0x7,
    0xfd, 0xbb, 0xfc, 0xc0, 0x1d, 0xc0, 0xb, 0x92,
    0x5, 0x60, 0xf, 0xfe, 0x60, 0xa8, 0x9, 0x87,
    0x0, 0x24, 0x3, 0xff, 0x99, 0x0, 0x9, 0x0,
    0x1b, 0x80, 0x4, 0x3, 0xff, 0x94, 0x6c, 0x0,
    0x60, 0xa, 0x12, 0x44, 0x3, 0xff, 0x92, 0x3c,
    0x0, 0x81, 0x0, 0xd6, 0xc0, 0x1f, 0xfc, 0xad,
    0x20, 0x27, 0x0, 0xff, 0xe8, 0x11, 0x80, 0xf8,
    0x7, 0xff, 0xc, 0xc0, 0x3f, 0xf8, 0x24, 0xe3,
    0xa4, 0x1, 0xff, 0xc3, 0x40, 0x50, 0xf, 0xf8,

    /* U+70D8 "烘" */
    0x0, 0xe1, 0xba, 0x0, 0xfe, 0x4a, 0x50, 0xe,
    0x19, 0x90, 0x80, 0x7f, 0x9d, 0x14, 0xc0, 0x3f,
    0x4a, 0xd0, 0x7, 0x3b, 0x31, 0xc0, 0x3f, 0xf8,
    0x2e, 0x1, 0xff, 0xff, 0x0, 0xff, 0xf4, 0x1f,
    0x30, 0x7, 0xc7, 0x8a, 0x1, 0xff, 0xc9, 0x51,
    0x80, 0xf, 0xac, 0xe1, 0x6e, 0xe2, 0x0, 0x5d,
    0xf8, 0x1, 0x77, 0x94, 0x14, 0x4, 0x80, 0x3c,
    0x60, 0xf0, 0x89, 0x0, 0x48, 0x9c, 0x40, 0x2,
    0x44, 0xa0, 0xc, 0x0, 0x80, 0x1e, 0x60, 0xc4,
    0x0, 0xff, 0xe3, 0x38, 0x1, 0x3, 0x0, 0x3c,
    0x40, 0x93, 0xdd, 0x10, 0x3, 0xbb, 0xa0, 0x1,
    0x1d, 0xd5, 0x0, 0xc, 0x10, 0x3, 0x90, 0x8,
    0x80, 0x23, 0x0, 0x42, 0x3e, 0x0, 0x8, 0xe0,
    0xb, 0x40, 0x44, 0x1, 0x3e, 0x2, 0x0, 0x7f,
    0xf2, 0xdc, 0x0, 0xa0, 0x19, 0x3, 0x0, 0x3f,
    0xf9, 0x64, 0x0, 0x21, 0x0, 0xe4, 0x0, 0xff,
    0xe6, 0x18, 0x20, 0x6, 0xdc, 0x10, 0xf, 0xfe,
    0x66, 0x79, 0x78, 0x0, 0x44, 0x60, 0x1f, 0xfd,
    0x1, 0x0, 0x18, 0x7, 0xff, 0x48, 0xc0, 0x2,
    0x1, 0xff, 0xc4, 0x10, 0x0, 0x80, 0x7f, 0x98,
    0x3, 0xd1, 0xff, 0x88, 0x1, 0xff, 0xd0, 0x0,
    0x8f, 0xfc, 0x40, 0x1c, 0x40, 0x40, 0x19, 0x0,
    0x3f, 0xf9, 0x8, 0x1, 0x84, 0x40, 0x4a, 0x1,
    0x4a, 0x19, 0xff, 0xf1, 0x95, 0xc0, 0x32, 0x80,
    0x54, 0x40, 0x5, 0xbc, 0xcf, 0xfe, 0x35, 0x8,
    0x6, 0x30, 0xd, 0xc0, 0x1f, 0xfd, 0xc, 0x1,
    0xa0, 0x38, 0x0, 0xf1, 0x66, 0x8, 0x3, 0x2d,
    0xb0, 0x7, 0xf9, 0x1, 0x15, 0x40, 0xe8, 0x1,
    0xdc, 0x66, 0x40, 0xd, 0x69, 0x2e, 0x1, 0xf9,
    0x80, 0x18, 0x16, 0x21, 0x0, 0x19, 0xcc, 0x5,
    0x80, 0x35, 0x0, 0x21, 0x80, 0x3e, 0xa0, 0x3,
    0x0, 0xc0, 0x38, 0x4, 0x70, 0x0, 0x80, 0xe,
    0x48, 0x0, 0x4a, 0x0, 0x72, 0x98, 0x28, 0x4,
    0xd3, 0x40, 0x2, 0xd0, 0x2, 0x30, 0x7, 0x9d,
    0x0, 0x14, 0x20, 0x10, 0xd8, 0x2, 0x0, 0x33,
    0x8, 0xf, 0x88, 0xd, 0x0, 0x7e, 0xa1, 0x1,
    0xb0, 0xa, 0xc4, 0x18, 0x80, 0x3c, 0x7e, 0x40,
    0xc, 0x10, 0xf, 0xc3, 0x40, 0x5, 0x20, 0x2,
    0x80, 0xc0, 0x7, 0xde, 0x20, 0x38, 0x40, 0x1f,
    0xe4, 0x60, 0x3, 0x0, 0x20, 0x74, 0x40, 0x3e,
    0xf2, 0x26, 0x18, 0x7, 0xff, 0x2, 0x49, 0x50,
    0x0,

    /* U+70E4 "烤" */
    0x0, 0xff, 0xe4, 0x8, 0x80, 0x3f, 0xf8, 0xa7,
    0x92, 0x1, 0xff, 0x17, 0x71, 0x0, 0x3f, 0xf8,
    0x96, 0x6c, 0x1, 0xff, 0x38, 0x0, 0xc0, 0x3e,
    0x22, 0x0, 0x7c, 0x20, 0x1, 0x0, 0xff, 0xe4,
    0x1e, 0xe9, 0x0, 0x3f, 0xfa, 0x5c, 0x1, 0xff,
    0xc6, 0x6e, 0xff, 0xa8, 0x1, 0x1f, 0xf7, 0x33,
    0x8, 0xd, 0x0, 0x3f, 0xf8, 0x74, 0x20, 0x1f,
    0xe1, 0xb8, 0x0, 0x40, 0x4, 0x40, 0x1f, 0xab,
    0x88, 0x14, 0x3, 0xff, 0x80, 0x42, 0xa, 0x80,
    0x6, 0xd7, 0x0, 0xf9, 0x45, 0xc2, 0x77, 0x32,
    0x80, 0x3, 0x66, 0x56, 0x0, 0x1b, 0x0, 0x84,
    0x2c, 0x3, 0xc8, 0x0, 0x70, 0x1, 0x19, 0xc4,
    0x0, 0xe3, 0x3a, 0x40, 0x16, 0x20, 0x11, 0x81,
    0x80, 0x7b, 0x0, 0xc8, 0x3, 0xff, 0x81, 0x64,
    0xa, 0xa0, 0xc, 0xa0, 0x3, 0x0, 0xe5, 0xa,
    0x0, 0xff, 0x78, 0x42, 0x1, 0x58, 0x7, 0x8,
    0x81, 0x40, 0x32, 0x90, 0x30, 0xf7, 0xff, 0x50,
    0x1, 0xfd, 0xc0, 0x5, 0xdf, 0xf9, 0x1, 0x43,
    0xc0, 0x37, 0x3, 0x1, 0x88, 0x7, 0xff, 0x1c,
    0xc0, 0x80, 0x80, 0x31, 0x85, 0x81, 0x4b, 0xbf,
    0x98, 0x2, 0x17, 0x7f, 0xa1, 0x83, 0x81, 0x80,
    0x34, 0xf1, 0x0, 0x1a, 0x23, 0xa5, 0x40, 0x5,
    0x91, 0x1f, 0x38, 0x81, 0x1, 0x0, 0x70, 0x80,
    0x7e, 0x4f, 0x30, 0x2c, 0x20, 0xf, 0xf2, 0x22,
    0x40, 0xc0, 0x3f, 0xe9, 0xb1, 0x0, 0xe, 0xe6,
    0x7d, 0x66, 0x0, 0x1b, 0x60, 0x10, 0x10, 0xf,
    0x93, 0x58, 0x3, 0x19, 0xff, 0x25, 0x0, 0x79,
    0x80, 0xc0, 0x38, 0xae, 0xc4, 0x1, 0x95, 0x9b,
    0xfd, 0x60, 0x1e, 0x20, 0x60, 0x8, 0xeb, 0x50,
    0x0, 0x80, 0x6, 0xa9, 0x9f, 0xf1, 0x0, 0x70,
    0x80, 0x18, 0x0, 0xb8, 0xa0, 0x2, 0xce, 0x0,
    0x60, 0x7, 0xff, 0x14, 0x80, 0x5, 0x0, 0xe2,
    0x3, 0x3a, 0x7e, 0x0, 0x40, 0xf, 0xfe, 0x2a,
    0x0, 0x4e, 0x85, 0xf7, 0xcc, 0x0, 0x40, 0x5,
    0xd5, 0x7e, 0x97, 0x0, 0xfb, 0x40, 0x35, 0x8,
    0x90, 0x2, 0x41, 0x0, 0x2a, 0xff, 0x34, 0x20,
    0x7, 0x90, 0xe, 0x40, 0x6c, 0x3, 0x95, 0x46,
    0x7f, 0xe0, 0x9, 0xc0, 0x38, 0xc4, 0x2d, 0x90,
    0x14, 0xc0, 0x30, 0xd6, 0x67, 0xf9, 0x40, 0x4,
    0x1, 0xd4, 0x0, 0x50, 0xa0, 0x2, 0x80, 0x7f,
    0xf1, 0x4, 0x0, 0x20, 0x18, 0x58, 0xc, 0x80,
    0x69, 0x1c, 0x3, 0xff, 0x88, 0xa0, 0x60, 0x1d,
    0x0, 0xa, 0x0, 0x96, 0xc4, 0x3, 0xff, 0x86,
    0x42, 0xa, 0x1, 0x8d, 0x80, 0x98, 0x3, 0xff,
    0x93, 0x40, 0xc, 0x0, 0x87, 0x40, 0x10, 0x1,
    0xff, 0xc2, 0x19, 0x94, 0x3b, 0xd2, 0xe0, 0x4,
    0x0, 0x94, 0x41, 0x54, 0x1, 0xff, 0xc3, 0x66,
    0x3c, 0x44, 0xc0, 0x7, 0x10, 0x9, 0x10, 0x74,
    0x1, 0xff, 0xc3, 0x19, 0x20, 0xc, 0x25, 0x10,
    0x0, 0xeb, 0xc0, 0xf, 0xfe, 0x2b, 0x6f, 0xfe,
    0xed, 0x70, 0xe,

    /* U+70E7 "烧" */
    0x0, 0xf5, 0x69, 0x0, 0x7f, 0x6f, 0x20, 0x7,
    0xff, 0x18, 0x54, 0x94, 0x3, 0xf8, 0x87, 0x80,
    0x3f, 0xfa, 0x64, 0xe, 0x1, 0xff, 0xd3, 0x60,
    0x20, 0xc, 0x24, 0x8c, 0xf2, 0xe0, 0x1f, 0xfc,
    0x51, 0x34, 0x0, 0xaf, 0x3b, 0xfb, 0x6e, 0x61,
    0xa0, 0xc0, 0x3f, 0xf8, 0x49, 0xfd, 0x96, 0x80,
    0x4, 0x31, 0x0, 0xf0, 0xa1, 0x0, 0x7f, 0xf0,
    0x25, 0x8, 0x3, 0xf2, 0x33, 0xcd, 0xe7, 0x7f,
    0x58, 0x80, 0x6a, 0x60, 0xe, 0x66, 0x43, 0x4c,
    0xab, 0x38, 0xc0, 0x15, 0x30, 0xc8, 0x6b, 0xfc,
    0x80, 0x19, 0x16, 0xc0, 0x3b, 0x1, 0xc1, 0x98,
    0xa6, 0x32, 0x0, 0x60, 0xc, 0xb6, 0x2, 0xe0,
    0x18, 0xc0, 0x3e, 0x70, 0xd0, 0xf, 0x28, 0x84,
    0x80, 0x51, 0x40, 0xa, 0x30, 0xd, 0xe0, 0x20,
    0x18, 0x88, 0xe, 0x1, 0xf4, 0x80, 0xcb, 0x73,
    0x80, 0x2d, 0x40, 0x38, 0x81, 0xc0, 0x32, 0x82,
    0x88, 0x7, 0xce, 0x20, 0xd2, 0x20, 0x9c, 0x80,
    0x1e, 0x70, 0x30, 0xd, 0x61, 0xc0, 0x1f, 0x98,
    0x3, 0xd, 0x58, 0x80, 0xf2, 0x80, 0x4, 0x83,
    0x40, 0x21, 0x11, 0x20, 0x7, 0x25, 0x7c, 0x88,
    0x4, 0x4a, 0x1, 0x20, 0xc8, 0x1, 0xc0, 0x8,
    0x60, 0x16, 0x60, 0x2, 0x7b, 0xfb, 0x50, 0x0,
    0xb9, 0x1, 0xe9, 0x80, 0x34, 0x3, 0x68, 0x28,
    0x80, 0x46, 0x22, 0x0, 0x2c, 0x20, 0x4, 0x75,
    0xd1, 0x82, 0x5, 0x98, 0xa7, 0x5, 0x0, 0x7a,
    0x40, 0x8, 0x7, 0xca, 0xa0, 0x38, 0xec, 0x50,
    0x0, 0xf9, 0x80, 0xd, 0x40, 0x14, 0x0, 0x4b,
    0x20, 0x70, 0x3, 0x0, 0x75, 0x7e, 0x38, 0x80,
    0x70, 0xe5, 0x18, 0x5, 0x6, 0x1, 0xe1, 0x0,
    0x8, 0x7, 0xff, 0x15, 0x73, 0xfb, 0xdc, 0x3,
    0xed, 0x0, 0x10, 0x4, 0x53, 0x55, 0xff, 0xc3,
    0xba, 0x93, 0x0, 0xf1, 0x0, 0xc, 0x2, 0xb6,
    0x55, 0xff, 0xe2, 0xb7, 0x80, 0x79, 0x80, 0x1a,
    0x40, 0xc, 0x0, 0xff, 0xe3, 0xa0, 0x7, 0x8c,
    0x0, 0x3e, 0x0, 0x5f, 0xfd, 0xa0, 0x5, 0xff,
    0x80, 0x7, 0xff, 0xd0, 0x1, 0xc6, 0x1, 0x8a,
    0x80, 0x3c, 0xc0, 0x2, 0x0, 0xff, 0xe2, 0xa0,
    0x2, 0x84, 0x15, 0xc0, 0x3b, 0x0, 0x1c, 0x1,
    0xff, 0xc5, 0xb0, 0x15, 0xd0, 0x4, 0x18, 0x6,
    0x40, 0x2, 0x0, 0x7f, 0xf1, 0x8, 0xc1, 0xc0,
    0xe8, 0x0, 0x80, 0x11, 0x98, 0x8, 0x80, 0x1f,
    0xfc, 0x4b, 0x0, 0x58, 0x1, 0x5c, 0x58, 0x2,
    0x80, 0x2, 0x80, 0x7f, 0xca, 0x60, 0x11, 0x30,
    0x19, 0x0, 0x51, 0xc2, 0x0, 0x74, 0x0, 0x48,
    0x7, 0xfd, 0x78, 0x60, 0xe, 0x0, 0x40, 0x7,
    0xc3, 0x30, 0x0, 0x91, 0x0, 0xff, 0x84, 0x14,
    0x24, 0xc1, 0x50, 0x3, 0x86, 0x79, 0x80, 0xc,
    0xc0, 0xf, 0x88, 0xb2, 0x0, 0xc, 0x18, 0x6,
    0xc0, 0x3d, 0xc, 0x1, 0x44, 0x80, 0x78, 0x80,
    0x77, 0x6b, 0x0, 0x20, 0x30, 0xe8, 0x80, 0x7a,
    0xc8, 0x5b, 0x5c, 0x3, 0xe8, 0x0, 0xfa, 0x4,
    0x27, 0x8c, 0x3, 0xe2, 0xde, 0x92, 0x0, 0xfc,
    0xbf, 0xb9, 0x9b, 0x9c, 0x0,

    /* U+70ED "热" */
    0x0, 0xff, 0xee, 0xe7, 0xa0, 0x7, 0xf2, 0xff,
    0x0, 0x7f, 0xf1, 0x84, 0xc3, 0x40, 0x3f, 0xb4,
    0x4, 0xc0, 0x3f, 0xf8, 0xa6, 0x1, 0xff, 0xc0,
    0x10, 0x0, 0x80, 0x7f, 0xfd, 0xcc, 0x3, 0xff,
    0x80, 0x7f, 0xfb, 0x40, 0xd, 0xff, 0x3b, 0x6f,
    0x74, 0xc0, 0xf, 0xee, 0xda, 0xc0, 0x1e, 0x40,
    0xf, 0xfb, 0x28, 0x84, 0x60, 0x8, 0x47, 0x8a,
    0x40, 0x3c, 0xca, 0x89, 0x80, 0x4, 0x88, 0x5f,
    0xf2, 0xae, 0x10, 0x2, 0xae, 0x0, 0xfe, 0x1a,
    0xbb, 0xa4, 0x0, 0x97, 0x6a, 0x43, 0xaa, 0xc6,
    0x0, 0xaa, 0xc8, 0x1, 0xff, 0xce, 0x20, 0x10,
    0xf, 0xfe, 0xa9, 0x0, 0x7f, 0xf4, 0x88, 0x0,
    0xe0, 0x1f, 0xfc, 0x92, 0x8c, 0xfd, 0x4, 0x20,
    0x60, 0x1, 0x0, 0x61, 0x0, 0xff, 0x85, 0x28,
    0x0, 0x8e, 0x60, 0x6d, 0x7b, 0x78, 0x0, 0xf0,
    0xf, 0xfe, 0xa, 0x4e, 0xf5, 0xb8, 0x6, 0x37,
    0xf2, 0x0, 0x23, 0x80, 0x14, 0x3, 0xff, 0x83,
    0x6c, 0x40, 0x1c, 0xbf, 0x90, 0x29, 0xce, 0x1,
    0x98, 0x3, 0x18, 0x7, 0xe3, 0x1, 0x6a, 0xc0,
    0x1, 0x0, 0x70, 0xc4, 0x80, 0x55, 0x41, 0x0,
    0x8, 0x7, 0xec, 0xee, 0x4a, 0x88, 0x3, 0xc0,
    0x3e, 0xa0, 0x0, 0x82, 0xfa, 0x7, 0x80, 0x4,
    0x3, 0xc2, 0x1, 0xff, 0xc1, 0x53, 0x2, 0xe5,
    0x1, 0xb2, 0x10, 0x1, 0x81, 0xc8, 0x80, 0x7f,
    0x8, 0x7, 0x15, 0x80, 0x20, 0x2a, 0x40, 0x6,
    0x40, 0x6, 0xb, 0x6b, 0x0, 0xff, 0xe1, 0x16,
    0x8, 0x2a, 0x80, 0xd, 0xb8, 0x2a, 0x0, 0xc0,
    0x10, 0x60, 0x9, 0x19, 0x94, 0x0, 0x30, 0x9,
    0xf4, 0x40, 0xac, 0x3, 0x11, 0x80, 0x90, 0x32,
    0x20, 0x18, 0x2, 0xb9, 0x93, 0x80, 0x4, 0x0,
    0x50, 0x0, 0x3c, 0x10, 0xf, 0xd6, 0x3, 0x64,
    0x18, 0x1, 0x38, 0x6, 0x64, 0x0, 0x13, 0x94,
    0x60, 0x80, 0x7f, 0x32, 0x0, 0x46, 0xc0, 0x14,
    0x76, 0xeb, 0xe4, 0x3, 0x46, 0xb8, 0x7, 0xff,
    0x2, 0xed, 0x15, 0x80, 0x1c, 0x2c, 0x82, 0x1,
    0xff, 0xc7, 0x87, 0x47, 0x50, 0xf, 0x1d, 0xcc,
    0x80, 0x21, 0x86, 0x0, 0xe6, 0xc5, 0x0, 0xcc,
    0xf1, 0x60, 0x1f, 0xb8, 0x1, 0x80, 0x13, 0x3c,
    0x80, 0x75, 0x1d, 0x80, 0x67, 0x10, 0x49, 0x0,
    0xf3, 0x10, 0x22, 0x0, 0x21, 0x0, 0x18, 0x6,
    0x40, 0x14, 0x0, 0x87, 0x40, 0xc, 0xc0, 0xc,
    0x52, 0x0, 0x90, 0xc, 0x40, 0x6, 0x0, 0xd6,
    0x0, 0xe0, 0xc, 0x70, 0x0, 0x92, 0x0, 0xf,
    0x80, 0x1c, 0x80, 0x33, 0x0, 0x8, 0x3, 0x18,
    0x82, 0x80, 0x73, 0x98, 0x2, 0xc0, 0x14, 0x40,
    0x90, 0x1, 0xc4, 0x0, 0xe0, 0xe, 0x70, 0x2,
    0x0, 0x77, 0x80, 0x8, 0x0, 0x62, 0x94, 0x1,
    0xf3, 0x9e, 0x80, 0x75, 0x89, 0x30, 0x7, 0x1b,
    0x24, 0x80,

    /* U+70F9 "烹" */
    0x0, 0xff, 0xf1, 0x3f, 0xf1, 0x0, 0x7f, 0xf4,
    0x87, 0x80, 0x3f, 0xf8, 0x68, 0xcd, 0xff, 0xc0,
    0x0, 0x8e, 0x19, 0xbf, 0xf8, 0x2, 0x77, 0x33,
    0xff, 0xc0, 0x80, 0x9, 0xe6, 0x7f, 0xf8, 0x14,
    0x44, 0x0, 0xff, 0xe8, 0xe, 0xe, 0xff, 0xff,
    0xf4, 0x39, 0xc0, 0x3d, 0x17, 0x99, 0xff, 0xc5,
    0xa2, 0x0, 0xff, 0x1b, 0xa1, 0x9f, 0xff, 0x15,
    0x60, 0x3, 0xfc, 0xe0, 0x5, 0xbb, 0xff, 0xe1,
    0x40, 0x0, 0x40, 0x3f, 0xf8, 0x38, 0x89, 0xff,
    0xc3, 0x0, 0xff, 0xe2, 0x70, 0x7, 0xff, 0x9,
    0x80, 0x3f, 0xf8, 0x8f, 0xff, 0xff, 0xc2, 0xa0,
    0x0, 0x80, 0x7f, 0x91, 0x48, 0x47, 0xff, 0x8a,
    0x72, 0x1, 0xff, 0x56, 0xf7, 0x7f, 0xf1, 0x70,
    0xc0, 0x3f, 0x22, 0x7f, 0xca, 0xbf, 0xfc, 0x11,
    0x0, 0xf5, 0x5d, 0xff, 0xd5, 0x5f, 0xfc, 0x1e,
    0x60, 0xe, 0xc1, 0x1f, 0xfe, 0x38, 0x7, 0xb8,
    0x3, 0x9b, 0xbb, 0xff, 0x87, 0xf6, 0x82, 0x1,
    0xb, 0xf4, 0x0, 0x7f, 0xf1, 0x92, 0xbb, 0x94,
    0xa0, 0x2d, 0x7d, 0x2, 0x1, 0xff, 0xc6, 0x1b,
    0x51, 0x12, 0xce, 0xf4, 0xa0, 0x7, 0xff, 0x24,
    0x80, 0xb, 0xd4, 0xc4, 0x1, 0xff, 0xcf, 0x20,
    0xf, 0xfe, 0x83, 0x80, 0x7f, 0xf3, 0x57, 0xb9,
    0xbb, 0x58, 0x3, 0x80, 0x3f, 0xf9, 0x62, 0x22,
    0x28, 0x0, 0x6e, 0x1, 0xff, 0xca, 0x5d, 0x99,
    0xaa, 0xf7, 0x4, 0x3, 0xff, 0x8c, 0xae, 0x20,
    0x2, 0x60, 0x55, 0x21, 0x0, 0x5, 0x0, 0x38,
    0x66, 0x4, 0x3, 0xcb, 0x50, 0xc0, 0x13, 0xce,
    0x0, 0x76, 0x5d, 0x0, 0x64, 0x67, 0xc1, 0x0,
    0xe8, 0x0, 0x28, 0x5, 0xe0, 0x4, 0x0, 0xcc,
    0xa, 0x20, 0x12, 0xa8, 0xb, 0x40, 0x33, 0x90,
    0x31, 0x0, 0x5c, 0x0, 0x20, 0xd, 0xe0, 0x6,
    0x0, 0xd4, 0x40, 0x72, 0x0, 0x28, 0x1, 0x80,
    0xc, 0x40, 0xe, 0x0, 0xc8, 0x21, 0x40, 0x1d,
    0xc0, 0x6, 0x41, 0xf0, 0x5, 0x8, 0x6, 0x60,
    0x1, 0x0, 0x73, 0x81, 0x18, 0x6, 0x38, 0x0,
    0x62, 0x98, 0xd2, 0x0, 0x71, 0x21, 0x78, 0x7,
    0x50, 0x10, 0x80, 0x73, 0x99, 0xa8,

    /* U+7119 "焙" */
    0x0, 0xe2, 0xa7, 0x0, 0xff, 0xe0, 0xc7, 0xd0,
    0x7, 0xff, 0xe, 0x96, 0x0, 0x3f, 0xf8, 0x28,
    0xa, 0x20, 0x1f, 0xfc, 0x21, 0x0, 0x8, 0x7,
    0xff, 0x1, 0x0, 0xe, 0x1, 0xff, 0xd2, 0xc0,
    0x6, 0x0, 0x7f, 0xf2, 0x87, 0xbf, 0xfd, 0x60,
    0x5, 0xff, 0xf7, 0x8, 0x7, 0xff, 0x8, 0xc4,
    0x3, 0xff, 0x88, 0x24, 0x0, 0x10, 0xf, 0xe6,
    0x22, 0x4b, 0xbf, 0xff, 0x5, 0x9d, 0xd2, 0x60,
    0xfc, 0xe0, 0x1f, 0x44, 0xf0, 0x34, 0x6b, 0x4,
    0x47, 0xe4, 0x62, 0x86, 0x0, 0x78, 0x50, 0x7,
    0xca, 0xe, 0x1, 0x60, 0xb8, 0x7, 0xca, 0x60,
    0xc0, 0x1b, 0x0, 0x88, 0x1, 0xc6, 0x41, 0xe0,
    0x16, 0x0, 0x14, 0x3, 0xdc, 0x0, 0x90, 0xc,
    0x80, 0x4, 0x0, 0xe9, 0x3, 0x40, 0x9, 0x40,
    0x1e, 0x1, 0xc4, 0x80, 0x4a, 0x1, 0xc8, 0x18,
    0x1, 0x8d, 0x42, 0x40, 0x39, 0x1, 0x40, 0x3a,
    0x80, 0x16, 0x1, 0xe3, 0x4, 0x0, 0xca, 0x4,
    0xa0, 0x1d, 0xa0, 0x2, 0x0, 0xcc, 0x2, 0xc0,
    0x1e, 0xd0, 0x12, 0x0, 0x95, 0xb8, 0x0, 0x93,
    0x37, 0x80, 0x2e, 0x66, 0xa1, 0x3, 0x99, 0xd0,
    0x0, 0x70, 0x3, 0x0, 0x45, 0x26, 0x0, 0xa6,
    0x6c, 0x0, 0x66, 0xca, 0x0, 0x26, 0x6c, 0xec,
    0x4, 0x20, 0xe6, 0x1, 0xf2, 0x80, 0x7f, 0xf1,
    0xd4, 0x1, 0x9a, 0x62, 0x1, 0xf5, 0xff, 0xff,
    0xf1, 0xcc, 0x0, 0x44, 0x0, 0xff, 0xeb, 0xb0,
    0x8, 0x7, 0xff, 0x4c, 0x80, 0x80, 0x3e, 0x37,
    0x7f, 0xfe, 0x12, 0x0, 0x7c, 0x20, 0x6, 0x0,
    0xfb, 0x22, 0x3f, 0xf8, 0x56, 0x80, 0x1e, 0x20,
    0x2, 0x8, 0x7, 0x10, 0x7, 0xff, 0x10, 0x80,
    0x3c, 0xa0, 0x1, 0xd0, 0xf, 0xc9, 0xff, 0xfe,
    0x60, 0xf, 0xec, 0x0, 0x8e, 0x40, 0x3e, 0x20,
    0xf, 0xf7, 0x0, 0x7f, 0x20, 0x1b, 0x3, 0x38,
    0x7, 0xff, 0x38, 0xc4, 0x12, 0x48, 0x21, 0x0,
    0x3f, 0xf9, 0xb4, 0x0, 0xb0, 0xe0, 0x4, 0x80,
    0x7f, 0xf3, 0x5, 0x80, 0x8c, 0xd, 0xc0, 0x84,
    0x3, 0xff, 0x97, 0x0, 0xb, 0x0, 0xa0, 0x98,
    0x40, 0x3f, 0xf9, 0x48, 0xc0, 0x2c, 0x1, 0xb6,
    0x40, 0x3f, 0xf9, 0x43, 0x40, 0xb, 0x0, 0xff,
    0xe0, 0x3c, 0xcf, 0xfa, 0x80, 0x39, 0xc4, 0x15,
    0x40, 0x1f, 0xfc, 0x1, 0x66, 0xff, 0x10, 0x7,
    0x39, 0x1d, 0x0, 0x7f, 0x89, 0x0, 0x3f, 0xf8,
    0x44, 0xe0, 0x0,

    /* U+7136 "然" */
    0x0, 0xfc, 0x20, 0x1f, 0xfd, 0x44, 0xef, 0x30,
    0xf, 0xfe, 0x5, 0x61, 0x80, 0x4, 0x3, 0xff,
    0x81, 0xe0, 0x1, 0x0, 0xff, 0x89, 0x4e, 0x87,
    0xb8, 0xc0, 0x1f, 0xe3, 0x40, 0x32, 0x0, 0x8,
    0x80, 0x3e, 0x10, 0xc, 0x21, 0x2c, 0x1, 0xfd,
    0x0, 0x3, 0xff, 0xbb, 0x9f, 0xa4, 0x1, 0xf0,
    0x8a, 0x80, 0x12, 0x60, 0x1f, 0x1a, 0x0, 0x7f,
    0x12, 0x0, 0x67, 0x0, 0xca, 0xe0, 0xe, 0x0,
    0xfb, 0x80, 0xf, 0x11, 0xc4, 0x0, 0x20, 0xf,
    0xf4, 0x20, 0x7, 0xe7, 0x20, 0x5, 0xbb, 0xf1,
    0x80, 0x10, 0x3, 0x8, 0x3, 0xc0, 0x2b, 0xb6,
    0x0, 0x71, 0x40, 0x5, 0x8e, 0x1, 0x18, 0x81,
    0xbd, 0xde, 0x80, 0x5, 0x5d, 0xef, 0xa8, 0x0,
    0xdc, 0x0, 0xa5, 0x8, 0xb0, 0x5, 0x0, 0x12,
    0x11, 0x31, 0x0, 0x9, 0x13, 0xce, 0x40, 0xa,
    0x30, 0x65, 0xa8, 0x4, 0xc2, 0x60, 0x5, 0x18,
    0x7, 0xff, 0x8, 0x88, 0x14, 0xa0, 0x72, 0x0,
    0x7a, 0x3, 0xd0, 0x1, 0x96, 0x7f, 0xe1, 0x0,
    0x93, 0xff, 0xb4, 0x0, 0xa0, 0x5a, 0x1, 0x96,
    0xc0, 0x35, 0x0, 0x71, 0x8, 0x4, 0x8c, 0x1,
    0xf3, 0x1e, 0x8, 0x7, 0x21, 0x80, 0x5, 0x80,
    0x39, 0x40, 0xc, 0x0, 0x91, 0x0, 0xf4, 0xe0,
    0x93, 0x56, 0xd8, 0x19, 0x80, 0x10, 0x1, 0xea,
    0x0, 0x44, 0x0, 0x14, 0x1, 0xe3, 0xae, 0xd9,
    0x52, 0x10, 0xe0, 0x1, 0xb0, 0x7, 0x21, 0x2,
    0xb, 0x90, 0x22, 0x80, 0x75, 0xa8, 0x81, 0x46,
    0xd5, 0x8, 0x1, 0xe0, 0x1e, 0x80, 0x7, 0x0,
    0x38, 0x1, 0x62, 0x1, 0xa5, 0xa3, 0x74, 0xe5,
    0xa, 0x0, 0x83, 0x0, 0xe6, 0x30, 0x25, 0x0,
    0x1b, 0x0, 0xc0, 0x6, 0x19, 0x72, 0x0, 0x43,
    0x80, 0x19, 0xc0, 0x38, 0xa4, 0x1, 0x20, 0x1a,
    0x4, 0x18, 0xc0, 0x3e, 0x1b, 0x70, 0x2, 0xc8,
    0x7, 0xf, 0x80, 0x11, 0x0, 0x18, 0x64, 0x1,
    0x0, 0x1e, 0x5f, 0x40, 0x3, 0x50, 0x7, 0xe,
    0x10, 0x15, 0x0, 0x79, 0xc4, 0x11, 0x0, 0x12,
    0xed, 0x8, 0x2, 0x64, 0x1, 0xc5, 0x84, 0x0,
    0xf1, 0x0, 0xfa, 0x0, 0x1e, 0x0, 0x5a, 0x20,
    0x1, 0xeb, 0x0, 0x72, 0xe9, 0x0, 0xe1, 0x0,
    0x7e, 0x61, 0x4, 0x20, 0x42, 0x2, 0xac, 0x20,
    0xf, 0x58, 0x0, 0xb0, 0xc0, 0x3f, 0xcc, 0x6,
    0x40, 0x3b, 0xb2, 0x80, 0x7e, 0xd3, 0x6d, 0x20,
    0xf, 0xfa, 0x37, 0x0, 0x31, 0x0, 0x7f, 0x8f,
    0x24, 0x3, 0xff, 0x84, 0x40, 0x1f, 0x2a, 0x80,
    0x3f, 0xf9, 0xe, 0xe0, 0xf, 0xe6, 0xaa, 0x28,
    0x4, 0x50, 0xc0, 0x1d, 0x18, 0x80, 0x19, 0x22,
    0x16, 0x1, 0xfa, 0x0, 0x8, 0x1, 0x53, 0xc8,
    0x80, 0x66, 0x39, 0x0, 0xc8, 0x40, 0x90, 0x1,
    0xe8, 0x10, 0x71, 0x0, 0xbc, 0x0, 0xa0, 0x19,
    0x0, 0x8c, 0x3, 0x70, 0x1, 0xd0, 0x3, 0x1b,
    0x80, 0xc0, 0x6, 0x20, 0x1, 0x0, 0x6f, 0x0,
    0x50, 0x6, 0x38, 0x0, 0x50, 0x4, 0x3a, 0x0,
    0xa0, 0xe, 0x60, 0x7, 0x0, 0x65, 0x0, 0x38,
    0x7, 0x39, 0x80, 0xc0, 0x3, 0x4, 0x1d, 0x0,
    0x38, 0x80, 0x4, 0x1, 0xca, 0x2, 0x80, 0x1d,
    0xe0, 0x4, 0x0, 0x20, 0x2c, 0x0, 0x78, 0x58,
    0xfc, 0x3, 0xa4, 0x49, 0x80, 0x38, 0xd0, 0x28,
    0x1, 0x3f, 0x40, 0x1f, 0xa7, 0x14, 0x3, 0x8f,
    0xb4, 0x80, 0x3d, 0x7e, 0xc0,

    /* U+7167 "照" */
    0x1, 0x8a, 0xaf, 0xa4, 0xc0, 0xaa, 0xbf, 0xf8,
    0x88, 0x0, 0x87, 0x55, 0xf9, 0xb8, 0x21, 0x57,
    0xff, 0x89, 0x20, 0x3, 0x0, 0xfe, 0x20, 0xf1,
    0x0, 0xff, 0xe1, 0x90, 0x7, 0x6f, 0xfe, 0x30,
    0x9, 0x7b, 0xff, 0x8, 0x3, 0xff, 0xc2, 0x2,
    0x1, 0xc6, 0x1, 0x9c, 0x3, 0xf2, 0x8, 0x20,
    0x7, 0x84, 0xc, 0x3, 0xff, 0x8f, 0x0, 0xe,
    0x0, 0xfc, 0xc0, 0x1f, 0xfc, 0x67, 0x30, 0x15,
    0x0, 0xe2, 0x0, 0x10, 0x7, 0xff, 0x15, 0x60,
    0x1, 0x60, 0x1e, 0x50, 0x7, 0x80, 0x7f, 0xf0,
    0xca, 0xa8, 0x0, 0x65, 0x0, 0x67, 0x73, 0x60,
    0x0, 0x80, 0x1d, 0xdf, 0xf9, 0x0, 0x3, 0x9a,
    0xa0, 0x7, 0x90, 0x8, 0x84, 0x44, 0x0, 0x52,
    0x0, 0xff, 0xe0, 0x99, 0x80, 0x7, 0x70, 0x1,
    0xb1, 0x95, 0x4f, 0x54, 0x0, 0xf3, 0x37, 0x8,
    0x0, 0xb2, 0x77, 0x10, 0x3, 0x8a, 0x6a, 0x90,
    0xa0, 0x1f, 0x44, 0xce, 0x50, 0x8, 0xcb, 0x3f,
    0xff, 0xf8, 0x1d, 0x20, 0x1f, 0xfc, 0x4e, 0x10,
    0xf, 0xfe, 0x0, 0xb0, 0x7, 0xff, 0x1d, 0xa2,
    0x3f, 0x84, 0x0, 0x20, 0x1f, 0xfc, 0x68, 0x77,
    0xfe, 0x50, 0xf, 0xff, 0xe5, 0xcc, 0xe4, 0x0,
    0xff, 0xe7, 0x2b, 0x36, 0x0, 0x8, 0x7, 0x39,
    0x9f, 0xe4, 0x60, 0xe, 0xf0, 0xf, 0xe7, 0x0,
    0xe9, 0xcc, 0xfd, 0x64, 0x1, 0xcb, 0xfd, 0xdf,
    0x7c, 0x80, 0x30, 0x3, 0xff, 0x84, 0x62, 0x1,
    0x84, 0x7e, 0x0, 0xcd, 0xb9, 0x9f, 0xfc, 0xd,
    0xc0, 0xf, 0xfe, 0x29, 0x19, 0xff, 0xf0, 0x8,
    0x3, 0xeb, 0xd3, 0x0, 0x85, 0xcc, 0x3, 0x8d,
    0x84, 0x3, 0x1f, 0xf8, 0xc0, 0x3d, 0x8, 0x56,
    0x1, 0x5c, 0x68, 0x7, 0x74, 0xe0, 0x6, 0x70,
    0x6, 0x88, 0x6, 0x17, 0x0, 0x50, 0x7, 0x8,
    0x80, 0x33, 0x81, 0x18, 0x4, 0x88, 0x1, 0xb0,
    0xd, 0x60, 0x6, 0x20, 0x8, 0xc0, 0x4, 0x1,
    0xbc, 0x1, 0x60, 0x1a, 0x80, 0xa, 0xa0, 0x2,
    0xa8, 0x6, 0x0, 0x37, 0x0, 0x18, 0x3, 0x20,
    0x1, 0x40, 0x30, 0xc8, 0x2, 0xc0, 0xa8, 0x1,
    0x2, 0x1, 0x88, 0x0, 0x40, 0x18, 0x50, 0x8,
    0xc0, 0x33, 0x10, 0xa, 0xf0, 0x1, 0x58, 0x3,
    0x98, 0x1, 0xc0, 0x1d, 0x80, 0xb, 0x0, 0xe8,
    0x0, 0x6d, 0x8a, 0x50, 0x7, 0x8d, 0xf, 0x40,
    0x39, 0x88, 0x70, 0x3, 0x94, 0x8e, 0x5f, 0xac,
    0x3, 0xf5, 0xe2, 0x0, 0x70, 0xef, 0x20, 0x7,
    0xb7, 0x4,

    /* U+716E "煮" */
    0x0, 0xff, 0xe1, 0x21, 0x0, 0x7f, 0xf4, 0xa2,
    0xf4, 0x3, 0xff, 0xa4, 0x40, 0x2, 0x0, 0xff,
    0xb, 0x98, 0x7, 0xe4, 0x4f, 0xcc, 0x0, 0x44,
    0xf8, 0x40, 0x5, 0xf1, 0x86, 0x1, 0xea, 0xbb,
    0xfc, 0x60, 0x9, 0xbb, 0xf7, 0xa, 0x68, 0x81,
    0x10, 0x3, 0xc6, 0x1, 0xff, 0xc7, 0xbb, 0x0,
    0xb, 0x4, 0x3, 0xd3, 0xbb, 0xf9, 0x0, 0x17,
    0xbb, 0xd8, 0x6a, 0x0, 0x4c, 0x10, 0xf, 0xc4,
    0x5f, 0x80, 0x26, 0x22, 0xcf, 0xa6, 0x0, 0x7b,
    0x10, 0xf, 0xfe, 0x58, 0xdd, 0x8, 0xd, 0xc0,
    0x7, 0xc9, 0x11, 0xff, 0x30, 0x2, 0xe2, 0x79,
    0x0, 0x27, 0xc8, 0x8f, 0x20, 0x4b, 0xbf, 0xfc,
    0x40, 0x6, 0x76, 0x0, 0xe6, 0x77, 0xfa, 0x81,
    0x0, 0x3f, 0xfa, 0x48, 0x13, 0xff, 0xfd, 0xac,
    0x1, 0x8a, 0x7f, 0xff, 0xf8, 0x34, 0x1, 0xfc,
    0xd9, 0xac, 0x0, 0x4b, 0xd6, 0x0, 0xff, 0xe4,
    0x2d, 0x7c, 0x98, 0x6, 0x4b, 0xff, 0xfe, 0xed,
    0x20, 0xf, 0x13, 0x5f, 0xd2, 0x80, 0x7f, 0xf1,
    0x84, 0x94, 0x3, 0x2f, 0x6c, 0xa0, 0x7, 0x4e,
    0x67, 0xff, 0x9, 0xc0, 0x1e, 0x1, 0x88, 0x40,
    0x23, 0xa4, 0x0, 0x39, 0x9f, 0xff, 0xb, 0x40,
    0x3e, 0x75, 0x48, 0xec, 0x51, 0x0, 0xff, 0xe7,
    0x55, 0xb8, 0x80, 0x77, 0x7f, 0xff, 0xf0, 0xa8,
    0x3, 0xff, 0xcd, 0x9d, 0xdf, 0xfc, 0x29, 0x0,
    0xff, 0xe2, 0x90, 0x8f, 0xff, 0x8, 0xc0, 0x3f,
    0xf8, 0xae, 0x67, 0xff, 0xc2, 0xd0, 0xf, 0xfe,
    0x2c, 0xe6, 0x7f, 0xf0, 0x9c, 0x1, 0xe0, 0x1f,
    0xf7, 0x10, 0x7, 0xff, 0x18, 0x94, 0x3, 0xfe,
    0x4d, 0xff, 0xff, 0xe3, 0x69, 0x0, 0x7f, 0x67,
    0x20, 0x7, 0xff, 0x0, 0x40, 0x38, 0xb2, 0xc8,
    0x3, 0xe8, 0x31, 0x30, 0x9, 0xff, 0x0, 0x3b,
    0xb8, 0xc0, 0x18, 0x4d, 0x30, 0x40, 0x38, 0x9c,
    0x0, 0xc0, 0x16, 0x81, 0x88, 0x7, 0xa0, 0x3,
    0x1b, 0x0, 0xe8, 0x7, 0x70, 0x1, 0xc4, 0x2,
    0x20, 0x1, 0x0, 0x66, 0x1, 0x50, 0xd, 0x24,
    0x7, 0x20, 0x14, 0x98, 0x14, 0x0, 0x6e, 0x0,
    0x30, 0x6, 0xb0, 0x7, 0x0, 0x77, 0x80, 0x18,
    0x81, 0xd8, 0x1, 0xc0, 0x1c, 0x40, 0xd, 0x0,
    0xc6, 0x40, 0x82, 0x1, 0x89, 0xc0, 0x8, 0x2,
    0x22, 0xc3, 0x0, 0xe5, 0x22, 0x60, 0x7, 0x40,
    0x18, 0x80, 0x74, 0x92, 0xb8,

    /* U+7279 "特" */
    0x0, 0xff, 0xee, 0xe7, 0xb8, 0x7, 0xff, 0x3,
    0x3e, 0x40, 0x3f, 0xf8, 0x62, 0x61, 0x80, 0x1f,
    0xfc, 0x3, 0x4, 0x0, 0xff, 0xe0, 0x8, 0x7,
    0xff, 0x20, 0xc0, 0x3f, 0xe2, 0xed, 0x0, 0xff,
    0x84, 0x7c, 0x1, 0x8, 0xf8, 0x3, 0x90, 0x8,
    0x3, 0xf9, 0x3f, 0xbb, 0xc0, 0x1, 0xee, 0xf7,
    0xb0, 0x5, 0xc0, 0x40, 0x1f, 0xd8, 0x1, 0xff,
    0xc5, 0xf0, 0x8, 0x81, 0x80, 0x3f, 0xa5, 0xd9,
    0xb9, 0x40, 0x26, 0x6f, 0xac, 0x2, 0x60, 0x69,
    0x80, 0x2, 0xcc, 0x9c, 0x6, 0x26, 0x7a, 0x80,
    0x3, 0x33, 0xf1, 0x0, 0x44, 0x4, 0xcc, 0x0,
    0xb, 0x32, 0x10, 0x3, 0xff, 0x92, 0x22, 0x0,
    0xff, 0x30, 0x7, 0xff, 0x25, 0x0, 0x19, 0x8b,
    0x0, 0x1e, 0x63, 0x88, 0x3, 0x8, 0xe0, 0x8,
    0x47, 0x80, 0x3b, 0x1, 0xc, 0xca, 0x0, 0x73,
    0x30, 0x80, 0x5b, 0xfd, 0xd8, 0x0, 0x3d, 0xdd,
    0xea, 0x1, 0x38, 0x60, 0x7, 0xff, 0x0, 0x80,
    0x3f, 0xf8, 0x58, 0x0, 0x51, 0x4, 0x0, 0xff,
    0xe0, 0x42, 0xaf, 0xff, 0xa, 0xc0, 0x4, 0x6,
    0x60, 0xf, 0xfe, 0x3, 0xd5, 0x7f, 0x41, 0x95,
    0x50, 0x80, 0xf, 0x7a, 0x1, 0xff, 0xcb, 0xa6,
    0x73, 0x0, 0xe4, 0x10, 0xf, 0xfe, 0x58, 0x80,
    0x1c, 0x3, 0xff, 0x82, 0xe6, 0xf4, 0x29, 0x33,
    0xff, 0x20, 0x3, 0xe6, 0x50, 0x1, 0xf2, 0x80,
    0xf, 0x21, 0x5a, 0x99, 0xbf, 0xe2, 0x0, 0x23,
    0x31, 0xd4, 0x0, 0xb3, 0x9f, 0x60, 0x1c, 0x28,
    0xa0, 0x1f, 0xfc, 0x66, 0xc, 0xa6, 0x30, 0xc,
    0x2d, 0x7c, 0x77, 0xfd, 0xdf, 0xe6, 0x0, 0x5f,
    0x73, 0xcc, 0x3, 0x85, 0x40, 0xb, 0x28, 0x1,
    0x85, 0xa0, 0x47, 0xe0, 0xc, 0x22, 0x0, 0xbd,
    0xa7, 0x7a, 0xc0, 0x3f, 0x92, 0x1a, 0xc0, 0x3f,
    0xf8, 0x67, 0x2c, 0x40, 0x1f, 0xf2, 0x18, 0x24,
    0x80, 0x7f, 0xf4, 0xb8, 0x41, 0x98, 0x1, 0xff,
    0xd1, 0x2a, 0x0, 0x4a, 0x0, 0x7f, 0xf4, 0x52,
    0x0, 0x1e, 0x1, 0xff, 0xd2, 0x77, 0x2c, 0x80,
    0x7f, 0xf4, 0xe2, 0x88, 0x3, 0xff, 0xec, 0x35,
    0x99, 0x30, 0x1, 0xc0, 0x3f, 0xf9, 0xaa, 0xa3,
    0x38, 0x0, 0x26, 0x1, 0xfe, 0x14, 0xd, 0x0,
    0xff, 0x91, 0x80, 0x22, 0x6f, 0x0, 0xe0,

    /* U+72B6 "状" */
    0x0, 0xff, 0xef, 0x6f, 0xc0, 0x7, 0xf4, 0x7d,
    0x0, 0x7f, 0xf1, 0x84, 0x81, 0x0, 0x3f, 0x94,
    0x14, 0x2, 0x7b, 0x30, 0xf, 0xfe, 0x9c, 0xa6,
    0x10, 0x7, 0xff, 0x4a, 0x0, 0x1e, 0x1, 0xe3,
    0x10, 0xf, 0xfe, 0x53, 0x20, 0x15, 0x0, 0x68,
    0xcf, 0x10, 0xf, 0xfe, 0x55, 0x8, 0x2a, 0x0,
    0x5e, 0x3, 0x80, 0x1f, 0xfc, 0xa1, 0xb0, 0x7,
    0x80, 0x4e, 0x60, 0x54, 0x1, 0xff, 0xca, 0x55,
    0x6, 0x0, 0x6d, 0x10, 0x56, 0x0, 0xff, 0xe5,
    0x57, 0x38, 0x6, 0x1a, 0x0, 0x41, 0x80, 0x7f,
    0xf2, 0x84, 0x3, 0xc8, 0xa0, 0x28, 0x1, 0xab,
    0x33, 0xe2, 0x0, 0x66, 0x7f, 0x50, 0x7, 0x40,
    0x9a, 0x0, 0x46, 0xa6, 0x7f, 0x0, 0x46, 0x7f,
    0xca, 0x80, 0x18, 0xbb, 0xc, 0x2, 0x21, 0x0,
    0xff, 0xe3, 0x8a, 0x80, 0x7f, 0xc3, 0xdf, 0xfe,
    0xd0, 0x9, 0xff, 0xff, 0x70, 0x80, 0x7f, 0xf1,
    0xc4, 0x2, 0x40, 0xf, 0xfe, 0x8a, 0x80, 0x46,
    0x1, 0xff, 0xc5, 0x70, 0xf, 0xfb, 0xc0, 0x32,
    0x0, 0x7f, 0xf0, 0xde, 0x40, 0x3f, 0xe5, 0x0,
    0xda, 0x1, 0xff, 0xc2, 0x78, 0x0, 0xff, 0xe0,
    0x18, 0x9, 0x3, 0x80, 0x7f, 0xf0, 0x62, 0x0,
    0x1f, 0xfc, 0x5, 0x0, 0x2d, 0x0, 0x98, 0x7,
    0xfd, 0x4e, 0x0, 0xa0, 0xf, 0xf7, 0x80, 0x35,
    0x40, 0x14, 0x1, 0xfe, 0xb5, 0x0, 0x5a, 0x0,
    0x7f, 0x94, 0x0, 0xe4, 0x60, 0xc0, 0x1f, 0x87,
    0x50, 0x1, 0x68, 0x1, 0xfe, 0x60, 0x1, 0x88,
    0x50, 0x1, 0xc0, 0x3e, 0x52, 0x0, 0x62, 0x0,
    0x7f, 0xd6, 0x0, 0xa0, 0x3, 0x80, 0x24, 0x3,
    0xe4, 0x21, 0xc3, 0x0, 0xff, 0x98, 0x80, 0x58,
    0x0, 0x2e, 0x3, 0x0, 0x1f, 0x6f, 0x98, 0x7,
    0xfc, 0x30, 0x0, 0x90, 0xd, 0x20, 0x7, 0x20,
    0xf, 0x84, 0x3, 0xff, 0x81, 0x62, 0x2, 0xe0,
    0x18, 0x5c, 0x1, 0xe0, 0x1f, 0xfc, 0x75, 0x50,
    0x2, 0xc0, 0x3d, 0x2, 0x5, 0x40, 0x1f, 0xfc,
    0x53, 0xa0, 0x2, 0xa8, 0x3, 0xea, 0x0, 0x2d,
    0x0, 0x7f, 0xf0, 0xcf, 0x40, 0x5, 0x60, 0x1f,
    0x91, 0xc0, 0xb, 0x62, 0x1, 0xff, 0xc0, 0x3c,
    0x10, 0x1f, 0x10, 0xf, 0xe8, 0x50, 0x2, 0x72,
    0x0, 0x7f, 0xd2, 0x0, 0x1d, 0x20, 0xf, 0xfa,
    0x98, 0x2, 0x30, 0xf, 0x84, 0xc2, 0xe0, 0xcd,
    0x86, 0x1, 0xff, 0xc1, 0x9a, 0x15, 0x70,

    /* U+7389 "玉" */
    0x0, 0xaf, 0x77, 0xff, 0x9d, 0x62, 0x1, 0x91,
    0x4, 0x5f, 0xfc, 0xe4, 0x70, 0xc, 0xa2, 0x1,
    0xff, 0xce, 0x14, 0x0, 0xc3, 0xdf, 0xff, 0xf2,
    0x0, 0x2f, 0xff, 0xfe, 0xe2, 0x0, 0xff, 0xff,
    0x80, 0x7f, 0xff, 0xc0, 0x3f, 0xff, 0xe0, 0x1f,
    0xfe, 0xa2, 0x2f, 0xf3, 0x80, 0x8, 0xbf, 0xe0,
    0xf, 0xe9, 0xdd, 0xff, 0x18, 0x2, 0x77, 0x7f,
    0xd8, 0x1, 0xf9, 0x40, 0x3f, 0xf9, 0x86, 0x1,
    0xfa, 0x15, 0x13, 0xf8, 0x40, 0x6, 0x89, 0xfc,
    0xb2, 0x1, 0xf9, 0x2a, 0xef, 0xf9, 0x40, 0x11,
    0x77, 0xfd, 0x4c, 0x1, 0xff, 0xce, 0x25, 0x0,
    0xff, 0xe9, 0x8e, 0xd6, 0x8, 0x7, 0xff, 0x44,
    0x4c, 0xf, 0x8, 0x3, 0xff, 0xa3, 0xa6, 0x5,
    0x84, 0x1, 0xff, 0xd0, 0x1c, 0x30, 0x1c, 0x20,
    0xf, 0xfe, 0x8e, 0x18, 0xe, 0x8, 0x7, 0xff,
    0x47, 0xc, 0x6, 0xc0, 0x3f, 0xfa, 0x5a, 0x21,
    0xc0, 0x1f, 0xfd, 0x21, 0xfe, 0x40, 0xf, 0x11,
    0x7f, 0xf0, 0x5c, 0x0, 0x45, 0xfc, 0x66, 0x22,
    0x80, 0x2e, 0xdd, 0xff, 0xe0, 0x98, 0x2, 0x77,
    0x7f, 0xf8, 0x3c, 0x0, 0x10, 0xf, 0xfe, 0x90,
    0x90, 0x42, 0x27, 0xff, 0x49, 0xc8,

    /* U+739B "玛" */
    0x0, 0xff, 0xeb, 0x4d, 0xdf, 0xf3, 0x80, 0x27,
    0xff, 0xff, 0x83, 0xc8, 0x1, 0x23, 0x22, 0x7f,
    0x40, 0x1, 0x0, 0x3f, 0xf8, 0x23, 0xc0, 0x12,
    0x88, 0x7, 0xf2, 0x0, 0x25, 0x57, 0xfe, 0x30,
    0x1, 0x80, 0x43, 0xdf, 0xf0, 0x80, 0xff, 0xd6,
    0x0, 0x4a, 0xaf, 0xfb, 0xc0, 0x2, 0x1, 0xff,
    0xc7, 0x22, 0x0, 0x7e, 0x60, 0x7, 0x80, 0x7f,
    0xf1, 0x8b, 0x74, 0xa0, 0x1f, 0x18, 0x0, 0x80,
    0x3f, 0xf8, 0xce, 0x0, 0x30, 0xf, 0xb8, 0x0,
    0xc0, 0x1f, 0xfc, 0x63, 0x0, 0x18, 0x7, 0xc4,
    0x0, 0x10, 0xf, 0xfe, 0x30, 0x80, 0x18, 0x3,
    0xe1, 0x0, 0x10, 0x7, 0xff, 0x1b, 0x80, 0x2,
    0x1, 0xf3, 0x0, 0x80, 0x71, 0x33, 0x40, 0x1,
    0x66, 0x28, 0x6, 0x30, 0x1, 0x0, 0x7c, 0x40,
    0x40, 0x1d, 0xf3, 0x30, 0x80, 0x26, 0x54, 0xc0,
    0x13, 0x0, 0x80, 0x7c, 0x20, 0x6, 0x0, 0xff,
    0xe1, 0x98, 0x4, 0x40, 0x40, 0x1f, 0x10, 0x0,
    0x80, 0x3b, 0x2e, 0xe1, 0x1, 0xbb, 0x62, 0x80,
    0x42, 0x5, 0x11, 0xf4, 0x80, 0xe, 0x20, 0xe6,
    0x2, 0x89, 0x0, 0x48, 0x83, 0x0, 0x88, 0x0,
    0x2e, 0xff, 0x28, 0x1, 0x1d, 0xd1, 0x0, 0xf,
    0xfe, 0x11, 0x10, 0x3, 0xff, 0x88, 0x20, 0x1f,
    0xfc, 0x3d, 0xff, 0xff, 0xe0, 0xd0, 0x0, 0xc0,
    0x3f, 0xfa, 0x2c, 0x0, 0xe0, 0xf, 0xfe, 0x8b,
    0x0, 0x4, 0x3, 0xff, 0xa2, 0x40, 0x2, 0x0,
    0xff, 0x8, 0x81, 0x66, 0x7f, 0xf8, 0x10, 0x41,
    0xe0, 0x7, 0x0, 0xfc, 0xd7, 0xd8, 0x14, 0xcd,
    0xff, 0xc0, 0x7b, 0x2, 0x0, 0x10, 0x6, 0x10,
    0x0, 0xca, 0x1, 0x9, 0x80, 0x7f, 0xf0, 0x7c,
    0x1c, 0x0, 0x20, 0x4f, 0x9c, 0x20, 0x18, 0x58,
    0x73, 0xff, 0xff, 0x82, 0xc0, 0x40, 0x40, 0x9b,
    0x6, 0x1, 0xb, 0x5f, 0x48, 0x7, 0xff, 0x10,
    0x80, 0xe, 0x4, 0x1, 0xb, 0x67, 0x4a, 0x0,
    0x7f, 0xf1, 0x90, 0x1, 0xa0, 0xe4, 0xd7, 0xd2,
    0x60, 0x1f, 0xfc, 0x9c, 0x0, 0x20, 0xe, 0xca,
    0x0, 0x7f, 0xf2, 0xc5, 0x40, 0x6, 0x1, 0xff,
    0xcb, 0x39, 0x87, 0x8c, 0x0, 0x30, 0x7, 0xff,
    0x31, 0x19, 0xe1, 0xc8, 0x1, 0x60, 0x1f, 0xfc,
    0xc6, 0x30, 0xc, 0x9a, 0x40, 0x1f, 0xfc, 0xc1,
    0xcf, 0xef, 0xf5, 0x90, 0x4,

    /* U+7433 "琳" */
    0x0, 0xff, 0xe1, 0xd6, 0xa0, 0x7, 0xcd, 0xb2,
    0x1, 0xff, 0xc8, 0x15, 0x2e, 0x0, 0xfa, 0x89,
    0x80, 0x3c, 0x31, 0x33, 0xf9, 0x0, 0x3f, 0xf9,
    0x6e, 0xe6, 0x6f, 0xd2, 0x1, 0xff, 0xcb, 0x51,
    0x0, 0xfc, 0xa0, 0x1f, 0xfc, 0xb3, 0xef, 0xf3,
    0x80, 0x3f, 0xe8, 0x0, 0xff, 0xfb, 0x9c, 0x46,
    0x0, 0x3c, 0x40, 0xc1, 0xe2, 0x4, 0x0, 0x88,
    0xca, 0x1, 0xff, 0x73, 0xbc, 0xc0, 0x2, 0x77,
    0x73, 0x43, 0xb8, 0x40, 0xe, 0xfa, 0x88, 0x3,
    0xfc, 0xc0, 0x1f, 0xce, 0x40, 0x1f, 0xe1, 0x30,
    0xf, 0xf5, 0xee, 0xc8, 0x0, 0x4d, 0xd5, 0x27,
    0x6d, 0x0, 0x47, 0xbb, 0x70, 0x80, 0x7f, 0xc4,
    0x53, 0x0, 0x4, 0x88, 0x0, 0x12, 0xd0, 0x8,
    0x8b, 0x0, 0x53, 0x76, 0x60, 0x5, 0xda, 0x84,
    0x0, 0x24, 0x0, 0x60, 0xf, 0x20, 0x4, 0x24,
    0x1, 0x8d, 0x91, 0x2, 0x0, 0x44, 0x2b, 0x0,
    0x10, 0x2, 0x39, 0x0, 0xe3, 0x0, 0xc8, 0x1,
    0x88, 0xc4, 0x40, 0x10, 0x88, 0x90, 0x1, 0x80,
    0x19, 0xa0, 0x2, 0x50, 0xe, 0xf0, 0xc, 0x39,
    0xdc, 0x70, 0x7, 0x73, 0x4c, 0x0, 0xe0, 0x1c,
    0xec, 0x0, 0xf0, 0xe, 0x70, 0xf, 0xfe, 0x21,
    0x8, 0x4, 0xa8, 0x12, 0x60, 0xa0, 0x1c, 0x26,
    0x1, 0xff, 0xc3, 0xa0, 0x20, 0xa, 0x84, 0x2d,
    0x40, 0x6, 0x0, 0x40, 0xb0, 0xf, 0xfe, 0x1b,
    0x2, 0x80, 0x43, 0x45, 0x5c, 0x8, 0x1, 0x60,
    0x28, 0x7, 0xff, 0x9, 0x4, 0x2c, 0x3, 0x26,
    0x82, 0x7, 0x0, 0x48, 0x4, 0x40, 0xf, 0xfe,
    0xf, 0x81, 0x10, 0x3, 0xd6, 0x0, 0x50, 0x8,
    0xc4, 0x28, 0x3, 0xf8, 0x52, 0x59, 0x2, 0x80,
    0x3c, 0x2c, 0xa, 0x1, 0xce, 0xc, 0x1, 0xfd,
    0xd6, 0xd2, 0x0, 0x60, 0xf, 0x40, 0x2, 0x40,
    0x3a, 0x80, 0x58, 0x2, 0x5a, 0x70, 0xf, 0x94,
    0x40, 0x38, 0xd8, 0xc, 0xc0, 0x1c, 0x64, 0x10,
    0x9, 0xf4, 0xa0, 0x12, 0x38, 0x5, 0x0, 0x1e,
    0xe0, 0x4, 0x0, 0x7d, 0x60, 0x33, 0xa0, 0x11,
    0xc7, 0x5f, 0x80, 0x18, 0x80, 0x3f, 0x2a, 0x0,
    0x7c, 0xc2, 0x5, 0x44, 0xfb, 0x8e, 0x20, 0xa0,
    0x50, 0x1, 0xf7, 0xad, 0x80, 0x7f, 0x52, 0x51,
    0xec, 0x10, 0x6, 0x2e, 0xc1, 0x0, 0xf8, 0xa8,
    0x40, 0x3f, 0x92, 0xc4, 0x3, 0xf8, 0x44, 0x1,
    0xff, 0xff, 0x0, 0xff, 0xfa, 0x9, 0x87, 0x80,
    0x7d, 0x60, 0xa0, 0x1e,

    /* U+745E "瑞" */
    0x0, 0xff, 0xe5, 0x8, 0x7, 0xff, 0x52, 0xfa,
    0x80, 0x3f, 0xf9, 0x67, 0x26, 0x1, 0xca, 0xe,
    0x1, 0xc5, 0x2a, 0x0, 0x1a, 0xbb, 0xfc, 0xa0,
    0xf, 0x6f, 0x0, 0xe1, 0x0, 0xfa, 0x1a, 0x80,
    0xe, 0xa8, 0x9f, 0xa0, 0x0, 0x20, 0x20, 0x1f,
    0xfc, 0x65, 0x10, 0xf, 0xca, 0x1, 0xff, 0xcb,
    0x3e, 0xff, 0x30, 0x3, 0xbf, 0xd0, 0x1, 0xff,
    0xfc, 0x2b, 0xaa, 0xc0, 0x2, 0xaa, 0xe5, 0x0,
    0xff, 0xe2, 0x88, 0x1, 0x15, 0x70, 0x4, 0xab,
    0xc0, 0x1f, 0xfc, 0x6a, 0x10, 0xf, 0xfe, 0x18,
    0xb8, 0x7, 0xff, 0xd, 0xbb, 0xff, 0xff, 0x87,
    0xd0, 0x1, 0xff, 0xd9, 0x68, 0x94, 0x0, 0x44,
    0x14, 0x6, 0x6a, 0xbf, 0xf8, 0xf0, 0x5, 0x2e,
    0xc4, 0x0, 0x67, 0xa0, 0x66, 0x2a, 0xff, 0xf1,
    0xdc, 0xc8, 0x40, 0x3e, 0x10, 0x41, 0x0, 0xff,
    0xe3, 0x91, 0x87, 0x6e, 0x94, 0x1, 0x9b, 0xc0,
    0x7d, 0xff, 0xf5, 0x0, 0x1f, 0xff, 0xf6, 0x80,
    0x44, 0x43, 0x0, 0x11, 0x0, 0x3f, 0xec, 0x0,
    0x58, 0x7, 0xff, 0x49, 0x0, 0x4c, 0x3, 0xff,
    0x96, 0xb3, 0x3e, 0x20, 0x4, 0xcf, 0xe7, 0x0,
    0xff, 0xe1, 0xd, 0x33, 0x78, 0x0, 0x2c, 0xdf,
    0xa1, 0x40, 0x3f, 0xf8, 0x24, 0x1, 0xff, 0xc7,
    0x20, 0xf, 0xfe, 0x23, 0xff, 0xa0, 0x1, 0xff,
    0x20, 0x27, 0xfb, 0x40, 0x3f, 0xf8, 0xfe, 0x1,
    0xff, 0xc1, 0x30, 0xf, 0xfe, 0x9, 0x10, 0x3,
    0xff, 0xa5, 0x1b, 0xb0, 0x80, 0x7f, 0xf3, 0x5,
    0x54, 0x0, 0x62, 0x0, 0x8, 0x7, 0xff, 0x28,
    0x6f, 0xa8, 0xc0, 0x32, 0x60, 0x7, 0xff, 0x2d,
    0x10, 0x1, 0x96, 0xbe, 0xcc, 0x3, 0xff, 0x96,
    0xe0, 0x2d, 0x7f, 0x4a, 0x1, 0xff, 0xce, 0x2e,
    0xe4, 0xa0, 0x7, 0xff, 0x48, 0x40, 0x3f, 0xf9,
    0xca, 0xc0, 0x1f, 0xfd, 0x33, 0xa8, 0x0, 0x10,
    0x7, 0xff, 0x4, 0x80, 0x4, 0x0, 0x41, 0x40,
    0xb, 0x3, 0xc, 0xc0, 0x4, 0x50, 0xf, 0xfe,
    0x8, 0xf6, 0xa8, 0x0, 0xfa, 0xc0, 0x27, 0xf7,
    0xc, 0xde, 0xb0, 0x0,

    /* U+767D "白" */
    0x0, 0xff, 0xed, 0xa7, 0xfa, 0xc0, 0x3f, 0xf9,
    0x90, 0x0, 0x41, 0x0, 0xff, 0xe5, 0x11, 0x80,
    0x14, 0x40, 0x3f, 0xf9, 0x4a, 0x1, 0x48, 0x7,
    0xff, 0x2e, 0x80, 0x6, 0x60, 0xf, 0xfe, 0x51,
    0x10, 0x1, 0x0, 0x1f, 0xfc, 0x27, 0xef, 0xff,
    0xb4, 0x2, 0xbf, 0xff, 0xfe, 0x7, 0x3c, 0x88,
    0x7, 0xff, 0x30, 0x64, 0x3, 0xff, 0x9e, 0x20,
    0x15, 0x6e, 0xff, 0xf2, 0x24, 0x3, 0xce, 0x45,
    0xff, 0xc8, 0x50, 0xf, 0xff, 0xf8, 0x7, 0xff,
    0xfc, 0x3, 0xff, 0x98, 0x23, 0xff, 0xc9, 0x70,
    0xf, 0x67, 0x77, 0xff, 0x22, 0xc0, 0x3f, 0xfe,
    0x5b, 0xff, 0xff, 0xc8, 0xc0, 0xf, 0xff, 0xf8,
    0x7, 0xff, 0xfc, 0x3, 0xff, 0xd0, 0xc2, 0x3f,
    0xfc, 0x86, 0x0, 0xf5, 0xf7, 0x7f, 0xf2, 0x28,
    0x3, 0xff, 0xa7, 0x20, 0x1f, 0xfc, 0xe7,

    /* U+76AE "皮" */
    0x0, 0xff, 0xe3, 0x8, 0x7, 0xff, 0x4c, 0x7b,
    0x8e, 0x1, 0xff, 0xd2, 0x21, 0xc, 0x0, 0xff,
    0xff, 0x80, 0x7f, 0xf0, 0x44, 0x7f, 0xce, 0x0,
    0x70, 0xf, 0xfe, 0x32, 0x7f, 0x77, 0xfa, 0xc0,
    0x7, 0xff, 0xbb, 0x75, 0x98, 0xba, 0x30, 0xf,
    0x68, 0x7, 0xff, 0x1c, 0x48, 0x86, 0x64, 0x58,
    0x0, 0xfe, 0x24, 0x4f, 0xc6, 0x0, 0x14, 0x4f,
    0xc2, 0x0, 0x20, 0xf, 0xee, 0xbb, 0xfd, 0xe0,
    0x5, 0xbb, 0xfc, 0x60, 0xa, 0x0, 0xff, 0xe8,
    0xa9, 0x1, 0x98, 0x3, 0xff, 0xa3, 0x20, 0x9,
    0x0, 0xff, 0xe8, 0x89, 0x81, 0x28, 0x7, 0xff,
    0x44, 0x61, 0x38, 0x3, 0xff, 0x90, 0xe0, 0x18,
    0x47, 0x11, 0x1a, 0xcc, 0x3, 0xf1, 0x80, 0x33,
    0xff, 0xf5, 0x80, 0x13, 0xfb, 0xb6, 0xeb, 0xb4,
    0xc0, 0x3f, 0xfa, 0x85, 0x40, 0x1f, 0xf1, 0xa2,
    0x0, 0x23, 0x44, 0xff, 0xe0, 0x0, 0x58, 0x1,
    0xf8, 0x40, 0x1b, 0x76, 0x70, 0x2, 0xdd, 0xff,
    0xde, 0x0, 0x15, 0x0, 0xfc, 0xe0, 0x1, 0x0,
    0x48, 0x1, 0x88, 0x3, 0xfd, 0x0, 0x6, 0x0,
    0xfe, 0x10, 0xe, 0x17, 0x0, 0x70, 0x7, 0xf2,
    0x98, 0xc, 0x80, 0x7f, 0x10, 0x8, 0x6, 0x82,
    0x3, 0x70, 0xf, 0x86, 0xc0, 0x10, 0x20, 0x1f,
    0x84, 0x0, 0x40, 0x1d, 0x20, 0x8, 0x40, 0xf,
    0x50, 0x81, 0xb0, 0x7, 0xf2, 0x80, 0x14, 0x3,
    0x91, 0xc0, 0x16, 0x60, 0x1a, 0x90, 0x7, 0x40,
    0x3f, 0xc6, 0x0, 0xe0, 0xf, 0x42, 0x0, 0x34,
    0xc0, 0x12, 0xa0, 0xd, 0x10, 0xf, 0xf6, 0x80,
    0xc, 0x3, 0xea, 0x20, 0x1c, 0x5b, 0x60, 0x1c,
    0x30, 0xf, 0xf9, 0x0, 0x8, 0x1, 0xf0, 0xe1,
    0x0, 0x29, 0x0, 0x70, 0xc0, 0x3f, 0xe4, 0x10,
    0x30, 0xf, 0xe1, 0xf0, 0xe, 0x82, 0x0, 0xff,
    0xe0, 0x70, 0x2, 0xc0, 0x3f, 0xc, 0x68, 0x7,
    0x4d, 0x10, 0x7, 0xf8, 0x54, 0x0, 0xa0, 0x1e,
    0x3a, 0xe7, 0x0, 0x90, 0x2, 0x5d, 0xb4, 0x0,
    0xfd, 0x0, 0x4, 0x20, 0x0, 0xa4, 0xf6, 0x28,
    0x4, 0x99, 0x7c, 0xa0, 0x12, 0x5f, 0x4a, 0x8,
    0x4, 0x8c, 0x0, 0x80, 0x6d, 0xeb, 0x61, 0x0,
    0x97, 0x2c, 0xc0, 0x6b, 0x14, 0x2, 0x16, 0xbe,
    0xd9, 0x3, 0x0, 0x29, 0x86, 0x90, 0x6, 0x39,
    0xea, 0x30, 0xe, 0x3a, 0xd7, 0x20, 0xc, 0x4e,
    0xe, 0xa5, 0x60, 0xa, 0x43, 0x6a, 0xec, 0x61,
    0x0, 0xfe, 0x28, 0xdc, 0x84, 0x12, 0xd0,

    /* U+76F4 "直" */
    0x0, 0xff, 0xe2, 0x18, 0x80, 0x7f, 0xf4, 0xdf,
    0x39, 0x0, 0x3f, 0xfa, 0x58, 0x0, 0x20, 0xf,
    0xfe, 0x93, 0x0, 0x8, 0x3, 0xff, 0x8b, 0xbf,
    0xff, 0xfc, 0x2, 0x0, 0x5f, 0xff, 0xff, 0x3,
    0x84, 0x0, 0x44, 0x0, 0xff, 0xe8, 0xa, 0x80,
    0xa, 0x19, 0x57, 0xfc, 0x80, 0x2, 0x55, 0xff,
    0xe0, 0xba, 0x0, 0x4f, 0x35, 0x5f, 0xed, 0x0,
    0x5d, 0x57, 0xff, 0x6, 0x0, 0x3f, 0xf8, 0x9e,
    0x0, 0x50, 0xf, 0xfe, 0x54, 0xf7, 0xff, 0x98,
    0x1, 0x9f, 0xff, 0xda, 0x40, 0x1f, 0xe1, 0x61,
    0x0, 0xff, 0xe3, 0x92, 0x80, 0x7f, 0xf0, 0x45,
    0xdf, 0xff, 0x88, 0x60, 0xf, 0x0, 0xff, 0xe0,
    0xa4, 0x47, 0xff, 0x12, 0x40, 0x3f, 0xfc, 0xcc,
    0xab, 0xff, 0xc4, 0xd0, 0xf, 0xfe, 0x21, 0xd5,
    0x7f, 0xf1, 0x1c, 0x3, 0xff, 0xcc, 0xbf, 0xff,
    0xfc, 0x4a, 0x0, 0xff, 0xf3, 0x32, 0xaf, 0xff,
    0x13, 0x0, 0x3f, 0xf8, 0x87, 0x55, 0xff, 0xc4,
    0x60, 0xf, 0xff, 0x32, 0xff, 0xff, 0xf1, 0x28,
    0x3, 0xff, 0xcc, 0xca, 0xbf, 0xfc, 0x4d, 0x0,
    0xff, 0xe2, 0x1d, 0x57, 0xff, 0x11, 0xc0, 0x3f,
    0xfc, 0xcb, 0xff, 0xff, 0xc4, 0xa0, 0xf, 0xff,
    0x19, 0x80, 0x7f, 0xf4, 0x7, 0xbf, 0xed, 0x0,
    0x2f, 0xff, 0xff, 0x12, 0x80, 0xf, 0xff, 0x8c,
    0x84, 0x3, 0xff, 0xa6, 0xa6, 0xea, 0xbf, 0xfd,
    0x26, 0x70,

    /* U+786E "确" */
    0x0, 0xff, 0xe3, 0xb5, 0xa8, 0x7, 0xff, 0x44,
    0xa5, 0x20, 0x3, 0xfe, 0x1e, 0xff, 0xff, 0xb8,
    0x80, 0x2a, 0x0, 0x28, 0x4, 0x22, 0x0, 0xf1,
    0x8, 0x7, 0xfc, 0x2e, 0x1, 0x30, 0x1, 0xff,
    0xee, 0xe6, 0x8, 0x6, 0x38, 0x66, 0x80, 0x26,
    0x6e, 0x75, 0x0, 0x30, 0x80, 0x7e, 0x34, 0x0,
    0xe7, 0x99, 0x80, 0x9, 0x33, 0xd0, 0x1, 0x40,
    0x2, 0x23, 0x38, 0x4, 0x80, 0x1f, 0x88, 0x0,
    0x60, 0x1f, 0xa0, 0x42, 0x5d, 0xf0, 0x5, 0x22,
    0x1, 0xf9, 0xc0, 0x1a, 0x1, 0xf1, 0xb8, 0x1b,
    0x0, 0x44, 0xe0, 0x8c, 0x1, 0xfd, 0xa0, 0x6,
    0x0, 0xf0, 0xe8, 0x3, 0xc0, 0x34, 0x80, 0x24,
    0x3, 0xfc, 0x60, 0x3, 0x0, 0xe1, 0xc1, 0x0,
    0x67, 0xfe, 0x40, 0x6, 0xff, 0xeb, 0x0, 0xe4,
    0x4, 0x0, 0xf5, 0x10, 0x7, 0xff, 0x11, 0x4,
    0x2, 0x30, 0x6, 0x0, 0x78, 0xc0, 0x33, 0xc4,
    0x48, 0x0, 0x88, 0xc4, 0x1, 0xe4, 0x0, 0x64,
    0xce, 0x82, 0x8c, 0x50, 0x5, 0x3b, 0xd8, 0x0,
    0x67, 0x7c, 0x1, 0xeb, 0x0, 0x23, 0x36, 0x7e,
    0x3, 0x30, 0x7, 0xff, 0x1c, 0x4c, 0x0, 0x23,
    0x80, 0x2, 0x1, 0xff, 0xca, 0x60, 0xb, 0xbb,
    0x20, 0x18, 0x7, 0x6f, 0xfd, 0x0, 0xe, 0xff,
    0x94, 0x3, 0xa8, 0x3, 0xe1, 0x0, 0xff, 0xe5,
    0xa9, 0x0, 0x7f, 0xf0, 0xde, 0x22, 0x40, 0x4,
    0x46, 0x30, 0xd, 0x0, 0x1f, 0xfc, 0x4a, 0x77,
    0xb0, 0x0, 0xce, 0xf3, 0x0, 0x4e, 0x40, 0x1f,
    0xfc, 0x13, 0x0, 0xff, 0xe2, 0xf8, 0x1, 0x80,
    0x3f, 0xe1, 0x0, 0xff, 0xe2, 0xc8, 0xc0, 0x80,
    0x7f, 0xf0, 0xa9, 0xde, 0xc0, 0x4, 0xbb, 0xcc,
    0x1, 0xf, 0x38, 0x7, 0xff, 0x1, 0x80, 0xf,
    0x11, 0x20, 0x1, 0xe2, 0x23, 0x0, 0xff, 0xe3,
    0x10, 0x7, 0xff, 0x4c, 0x80, 0xb, 0xff, 0xff,
    0x28, 0x7, 0xf5, 0xd5, 0x4a, 0x1, 0x38, 0x3,
    0x0, 0x3f, 0xf8, 0xde, 0x0, 0x45, 0x58, 0x0,
    0x61, 0xe0, 0x5, 0x0, 0xff, 0xe3, 0x29, 0x0,
    0x78, 0x6c, 0x14, 0x4, 0xc0, 0x3f, 0xf8, 0xc5,
    0xbf, 0xfe, 0xe6, 0x70, 0x3, 0x0, 0x7f, 0xf4,
    0xa, 0x40, 0x14, 0x1, 0xff, 0xd0, 0xe1, 0x6,
    0x20, 0xf, 0xd3, 0x55, 0x20, 0x0, 0x40, 0x3f,
    0xf8, 0x2, 0x5, 0x20, 0x1f, 0xcc, 0xab, 0x8,
    0x18, 0x7, 0xff, 0x7, 0xdf, 0x0, 0x3f, 0xd2,
    0x20, 0x2, 0x5d, 0x0, 0xff, 0xe0, 0x94, 0x8,
    0x7, 0xf9, 0xbb, 0xfd, 0xb4, 0x20,

    /* U+79FB "移" */
    0x0, 0xff, 0x8c, 0x40, 0x3f, 0x26, 0xe8, 0xc0,
    0x3f, 0xf8, 0xa9, 0x3d, 0x9e, 0x40, 0x1e, 0x1a,
    0x22, 0x8, 0x7, 0xff, 0x0, 0xda, 0x77, 0xed,
    0x84, 0x5, 0xc0, 0x3d, 0xa2, 0xe, 0x62, 0x22,
    0x20, 0x80, 0x76, 0x7e, 0x4b, 0x10, 0x4, 0xb5,
    0xea, 0x1, 0xd6, 0x60, 0x7, 0xee, 0xb7, 0x5d,
    0xc3, 0x0, 0x88, 0x2, 0x12, 0x0, 0x45, 0x28,
    0x7, 0xad, 0x0, 0x3f, 0xc2, 0xc0, 0x17, 0xde,
    0x7f, 0x40, 0x7, 0xf1, 0x6a, 0x1, 0xcc, 0xf9,
    0xc0, 0x2, 0xa0, 0x10, 0xa1, 0x80, 0x7f, 0xcb,
    0xa4, 0x3, 0xac, 0xde, 0x20, 0x4, 0x80, 0x7f,
    0xf1, 0xb, 0x28, 0x2, 0x1d, 0x20, 0xc, 0xca,
    0x4, 0xe0, 0x1f, 0xfc, 0x4b, 0x30, 0x4, 0xb0,
    0x1e, 0xb0, 0x1, 0x24, 0x1, 0xc0, 0x1f, 0xe3,
    0x0, 0xf4, 0x33, 0xf3, 0x4d, 0x8, 0x4c, 0x25,
    0x80, 0x20, 0xc0, 0x30, 0xf7, 0xfe, 0x90, 0x4,
    0x7f, 0xd7, 0x30, 0x20, 0x5, 0xc2, 0x7, 0xb0,
    0x4, 0x38, 0x7, 0x10, 0x80, 0x7f, 0xc8, 0x1,
    0xe2, 0x90, 0xd, 0xe, 0x1, 0xe3, 0x75, 0x5c,
    0x1, 0x1a, 0xad, 0x60, 0x1e, 0x6a, 0x0, 0xd,
    0xb8, 0x7, 0xe8, 0xaa, 0xac, 0x2, 0xba, 0xa9,
    0x40, 0x32, 0xec, 0x88, 0x12, 0x60, 0x80, 0x7f,
    0xf0, 0x24, 0x2, 0xf0, 0xe, 0x59, 0xea, 0x20,
    0x19, 0x5, 0x72, 0x0, 0xff, 0xe0, 0x30, 0x4,
    0xec, 0x1, 0x75, 0x30, 0x80, 0x1f, 0xb8, 0x40,
    0xa6, 0x1, 0xff, 0x30, 0x80, 0x69, 0x60, 0x2,
    0x80, 0xe, 0x7e, 0x19, 0xc0, 0x4, 0xf1, 0x19,
    0xcc, 0x3, 0xa0, 0x8, 0x0, 0x21, 0x2a, 0x17,
    0x9d, 0x8c, 0xd, 0x20, 0x13, 0xc3, 0xbe, 0x8c,
    0x20, 0x9, 0x84, 0x28, 0x1, 0x24, 0x14, 0x80,
    0x62, 0x0, 0x79, 0x0, 0xff, 0xe2, 0x40, 0x29,
    0x0, 0x5e, 0x0, 0xa0, 0xd, 0x50, 0x0, 0xbf,
    0xff, 0x40, 0x0, 0xc8, 0x1, 0x2, 0x12, 0x1,
    0x8a, 0x41, 0x0, 0x7, 0xaa, 0x0, 0xc4, 0x0,
    0xf5, 0x0, 0x24, 0x0, 0x4e, 0x8, 0x60, 0x1c,
    0xd5, 0x41, 0x9c, 0x20, 0xa, 0x84, 0x3, 0xa0,
    0x80, 0x94, 0x1, 0xc0, 0x8, 0x0, 0xf9, 0x47,
    0x98, 0x0, 0x80, 0x6, 0xf4, 0x0, 0x91, 0xc0,
    0x10, 0x0, 0x73, 0x6, 0x30, 0xf, 0xc2, 0x40,
    0x57, 0x6d, 0x30, 0x1b, 0x70, 0x2a, 0x0, 0x22,
    0x80, 0x61, 0x80, 0xf, 0xf6, 0xec, 0x80, 0x59,
    0x0, 0x8, 0xac, 0x10, 0x1a, 0x0, 0x98, 0xa8,
    0x40, 0x3f, 0xe2, 0x0, 0xe7, 0xb0, 0x2, 0x88,
    0x3, 0x44, 0x2, 0x1d, 0x40, 0xf, 0xfe, 0x3a,
    0x98, 0x4, 0x38, 0x60, 0x1f, 0xfc, 0xd6, 0xf3,
    0x0, 0xe, 0x18, 0x7, 0xff, 0x31, 0xb6, 0x44,
    0x0, 0xbc, 0x40, 0x1f, 0xfc, 0xa4, 0x9e, 0x92,
    0x0, 0x15, 0x50, 0x3, 0xff, 0x92, 0xb9, 0xf6,
    0xc2, 0x0, 0x29, 0xd5, 0x0, 0xff, 0xe5, 0x71,
    0x80, 0x65, 0xcd, 0x60, 0xf, 0xfe, 0x2b, 0x88,
    0x90, 0x2, 0xa4, 0x37, 0xbf, 0xa3, 0x0, 0xff,
    0xe0, 0x80,

    /* U+7A7A "空" */
    0x0, 0xff, 0xf0, 0xa7, 0x7a, 0x80, 0x7f, 0xf4,
    0x8, 0x42, 0xc0, 0x3f, 0xfa, 0xc, 0x20, 0x2e,
    0x1, 0xff, 0xd0, 0x90, 0x4, 0x8, 0x7, 0xff,
    0xa, 0xff, 0xff, 0xf8, 0x10, 0x1, 0x77, 0xff,
    0xfd, 0x60, 0x48, 0x1, 0xff, 0xd0, 0x43, 0x0,
    0xca, 0xbf, 0x8, 0x1, 0x15, 0x63, 0x0, 0x1a,
    0xaf, 0x80, 0x3e, 0x4a, 0xaf, 0x80, 0x2a, 0xae,
    0x0, 0x5d, 0x57, 0x90, 0x3, 0xff, 0x82, 0x22,
    0x0, 0x8, 0x7, 0xff, 0x3d, 0x40, 0x6, 0x1,
    0xff, 0xc9, 0x10, 0xf, 0x70, 0x2, 0xc0, 0x3f,
    0xf8, 0x44, 0x0, 0x12, 0x0, 0x10, 0x7, 0x22,
    0x80, 0x18, 0x3, 0xff, 0x85, 0x37, 0x84, 0x1d,
    0xb0, 0x1, 0x92, 0x80, 0xe, 0x20, 0x18, 0xc0,
    0x3f, 0xc8, 0x60, 0x1, 0x20, 0x8, 0xaa, 0xc4,
    0xe, 0x0, 0x38, 0x40, 0x14, 0xee, 0x88, 0xa6,
    0x55, 0x24, 0x0, 0x15, 0x8d, 0xd2, 0x80, 0x13,
    0x0, 0x3c, 0xa0, 0x2, 0x88, 0x3b, 0xcc, 0xc5,
    0x68, 0x2, 0xea, 0x72, 0x0, 0x15, 0x58, 0x7,
    0xc3, 0x42, 0x1, 0xfc, 0x3a, 0x4, 0x60, 0x1,
    0x6b, 0xd5, 0x0, 0xfe, 0x5e, 0xe6, 0xeb, 0xb9,
    0xff, 0xb9, 0xc0, 0x19, 0xbd, 0xc9, 0x40, 0xf,
    0xfe, 0x8, 0x91, 0x4, 0x40, 0x1f, 0xc4, 0x20,
    0x1f, 0xfd, 0x3a, 0xff, 0xff, 0xe5, 0x60, 0x7,
    0xe5, 0x0, 0xff, 0xe5, 0x19, 0x0, 0x7d, 0x8,
    0x67, 0xf8, 0x80, 0x2, 0x67, 0xf9, 0x18, 0x80,
    0x3e, 0x7b, 0xcc, 0xfd, 0x20, 0x4, 0xcc, 0xfd,
    0x72, 0x1, 0xff, 0xff, 0x0, 0xff, 0xff, 0x80,
    0x7f, 0xff, 0xc0, 0x34, 0xdd, 0xff, 0xf0, 0x20,
    0x0, 0x97, 0x7f, 0xfc, 0xa, 0x23, 0x64, 0x4f,
    0xfe, 0x1, 0x80, 0x5, 0x13, 0xff, 0x80, 0xb4,
    0x64, 0x1, 0xff, 0xd1, 0xc0,

    /* U+7C73 "米" */
    0x0, 0xff, 0xf2, 0xa7, 0xf8, 0xc0, 0x3f, 0xfa,
    0x58, 0x0, 0x40, 0xf, 0xfe, 0x39, 0xa8, 0x7,
    0xff, 0x24, 0x6a, 0x44, 0x3, 0xc7, 0x95, 0x60,
    0x1f, 0xfc, 0x88, 0x56, 0xb0, 0xf, 0x10, 0x82,
    0x40, 0x7, 0xff, 0x18, 0x98, 0x1, 0x80, 0x1e,
    0x1d, 0x0, 0x3a, 0x0, 0x7f, 0xf1, 0x60, 0x0,
    0x6c, 0x1, 0xf1, 0xb0, 0x2, 0x80, 0x3f, 0xf8,
    0x86, 0xa0, 0xf, 0x0, 0xfe, 0x81, 0x1, 0x80,
    0xf, 0xfe, 0x1f, 0x80, 0x18, 0xc0, 0x3f, 0x86,
    0x0, 0xe, 0x20, 0x1f, 0xfc, 0x17, 0x30, 0x19,
    0x0, 0xff, 0x98, 0x80, 0xc, 0x1, 0xff, 0xc0,
    0x28, 0x0, 0x50, 0x7, 0xff, 0x6, 0xc0, 0x2,
    0x1, 0xff, 0xc0, 0x80, 0x3, 0xa0, 0x7, 0xff,
    0x5, 0xa7, 0x18, 0x3, 0xff, 0x81, 0x28, 0xd0,
    0x1, 0xff, 0xc3, 0x63, 0x0, 0xff, 0xe0, 0x9d,
    0xc8, 0x7, 0xf8, 0x8b, 0xff, 0x82, 0x20, 0xf,
    0x22, 0xff, 0xe0, 0x80, 0x55, 0xbb, 0xff, 0xc1,
    0x60, 0x3, 0xee, 0xff, 0xf0, 0x64, 0x0, 0xe0,
    0x1f, 0xfd, 0x25, 0x0, 0x42, 0x27, 0xff, 0x4,
    0x80, 0x4, 0x89, 0xff, 0xc1, 0x80, 0x2, 0xdd,
    0xff, 0xf0, 0x54, 0x1, 0x57, 0x7f, 0xfc, 0x14,
    0x0, 0xff, 0xe0, 0x10, 0x80, 0x7e, 0x12, 0x0,
    0xff, 0xe4, 0x9e, 0xf1, 0x80, 0x79, 0x3b, 0x58,
    0x3, 0xff, 0x91, 0xe0, 0x1f, 0xce, 0x0, 0x97,
    0x0, 0xff, 0xe3, 0x29, 0x81, 0x98, 0x3, 0xc7,
    0x60, 0x8, 0x60, 0xf, 0xfe, 0x20, 0xd8, 0x3,
    0xc0, 0x3f, 0x25, 0x0, 0x25, 0x40, 0x3f, 0xf8,
    0x74, 0x20, 0xc6, 0x1, 0xfc, 0xb2, 0x0, 0xa4,
    0x0, 0xff, 0xe0, 0xc2, 0x0, 0xc8, 0x7, 0xfc,
    0xce, 0x0, 0xb2, 0x0, 0xff, 0x95, 0xc0, 0x1a,
    0x1, 0xff, 0xc1, 0x85, 0x0, 0x60, 0x80, 0x7f,
    0x25, 0x0, 0x20, 0xc0, 0x3f, 0xf8, 0x54, 0x60,
    0x3a, 0x1, 0xf8, 0xec, 0x0, 0xae, 0x1, 0xff,
    0xc4, 0xd1, 0x3, 0x90, 0xf, 0x1e, 0x0, 0xe,
    0x80, 0x3f, 0xf8, 0xa3, 0x40, 0x6, 0x60, 0x6,
    0x5c, 0x0, 0x16, 0x80, 0x7f, 0xf1, 0xd2, 0x0,
    0x12, 0x40, 0x9, 0xa0, 0x0, 0xf8, 0x80, 0x7f,
    0xf2, 0x1c, 0xc0, 0x1c, 0x0, 0x70, 0x1, 0x61,
    0x0, 0x7f, 0xf2, 0xb8, 0x0, 0x60, 0xa, 0x14,
    0xc2, 0x0, 0xfe, 0xc1, 0x12, 0x0, 0x7f, 0x8a,
    0x6, 0x80,

    /* U+7C89 "粉" */
    0x0, 0xff, 0xee, 0x3f, 0xe0, 0x7, 0xff, 0x4f,
    0x40, 0xc0, 0x3f, 0xc2, 0x0, 0xcf, 0xfd, 0xa6,
    0x1, 0xe4, 0x91, 0x0, 0x8, 0x7, 0x2d, 0x8,
    0x5, 0x7c, 0xe2, 0x60, 0x18, 0xa0, 0x3, 0xdc,
    0xd6, 0x1, 0xfa, 0x95, 0xc0, 0x2, 0x81, 0x83,
    0xa, 0xb0, 0x1, 0x0, 0x3d, 0x80, 0xa0, 0x1f,
    0x20, 0x0, 0x80, 0xa, 0x0, 0x30, 0x7a, 0xa9,
    0x80, 0x8, 0x1, 0xcc, 0x0, 0x50, 0xf, 0x60,
    0xa, 0x0, 0x30, 0x1, 0x80, 0x1d, 0x80, 0xd,
    0x0, 0xf2, 0x7, 0x80, 0x79, 0x1, 0xc0, 0x24,
    0x0, 0x20, 0x7, 0x38, 0x1, 0xc0, 0x3d, 0x80,
    0xe0, 0x1c, 0x46, 0x14, 0x0, 0x23, 0x3, 0x0,
    0xf1, 0x10, 0x4, 0xc0, 0x38, 0xc0, 0x80, 0x3a,
    0x80, 0x8c, 0x1, 0x40, 0xa, 0x0, 0xf9, 0x40,
    0x16, 0x1, 0xcc, 0x1, 0xf2, 0x5, 0x80, 0x5,
    0xc0, 0xe, 0x1, 0xf5, 0x0, 0x18, 0x3, 0x8a,
    0xb4, 0x3, 0xbd, 0xd8, 0x1, 0x20, 0x5, 0x10,
    0xf, 0x89, 0x0, 0x5c, 0x2, 0x24, 0x16, 0x47,
    0x0, 0x23, 0xe1, 0x81, 0xb8, 0x2, 0x0, 0x3f,
    0xbc, 0x1, 0x4, 0x3, 0xb7, 0x78, 0xc0, 0x17,
    0x76, 0x63, 0x80, 0xc, 0x40, 0x1f, 0xc8, 0x80,
    0x7, 0x1, 0x80, 0x7f, 0xf0, 0xc, 0x80, 0xa4,
    0x3, 0xfe, 0xa0, 0x1, 0xb1, 0x5c, 0xc4, 0x44,
    0x0, 0x88, 0xd2, 0xa5, 0x53, 0x55, 0xff, 0x59,
    0x0, 0xb8, 0x23, 0x3b, 0xcc, 0x0, 0x77, 0xcd,
    0x5b, 0xc, 0xab, 0xff, 0xc0, 0x2b, 0xf1, 0x0,
    0xca, 0x20, 0x19, 0x0, 0x39, 0x0, 0x3f, 0xf8,
    0x48, 0x20, 0x19, 0x2a, 0x80, 0x13, 0x5c, 0x80,
    0x6b, 0xff, 0x68, 0x1, 0x7f, 0xf7, 0x8, 0x7,
    0xec, 0x1, 0x0, 0x94, 0x18, 0xc0, 0x3c, 0xc0,
    0x2, 0x0, 0xc2, 0x40, 0x1f, 0x94, 0x30, 0x2,
    0x33, 0x7, 0x80, 0x78, 0x80, 0x1c, 0x1, 0xc2,
    0x2, 0x1, 0xc6, 0x40, 0x80, 0x1a, 0x0, 0xd0,
    0x3, 0xb8, 0x0, 0xa0, 0x1c, 0x60, 0x60, 0x1d,
    0x20, 0x44, 0x0, 0xc8, 0x41, 0x0, 0x1c, 0x80,
    0x3, 0x0, 0xe1, 0x1, 0x0, 0xc2, 0xa0, 0xa0,
    0x1e, 0xa0, 0x32, 0x0, 0xc6, 0x6, 0x1, 0xf9,
    0xc0, 0x34, 0x80, 0x28, 0x3, 0xcc, 0x1, 0xe4,
    0x0, 0x20, 0x7, 0x8, 0x0, 0x40, 0x21, 0x70,
    0x32, 0x0, 0xf0, 0xc4, 0x8, 0x2, 0xd0, 0x6,
    0x0, 0x71, 0x0, 0xc, 0x2, 0x90, 0x5, 0x0,
    0x7e, 0x77, 0x0, 0x66, 0x1, 0x40, 0xe, 0x60,
    0x7, 0x0, 0x70, 0xb0, 0x7, 0xff, 0x5, 0xc0,
    0xc, 0x1, 0xe3, 0x0, 0x10, 0x5, 0x41, 0x0,
    0x1f, 0xfc, 0x11, 0x90, 0x4, 0x80, 0x7b, 0xc0,
    0xc, 0x1, 0x16, 0xb0, 0x7, 0xff, 0x6, 0xc4,
    0x18, 0x40, 0x3c, 0xa0, 0x2, 0x0, 0xc4, 0x1,
    0xff, 0xc1, 0x75, 0x1, 0x80, 0xf, 0x9, 0x80,
    0x88, 0x3, 0xff, 0x8b, 0x30, 0x0, 0xb1, 0x0,
    0x2d, 0x4c, 0xb0, 0x0, 0xe0, 0x1f, 0xe1, 0x0,
    0xf0, 0xb0, 0x2, 0x14, 0x2, 0xe5, 0x66, 0x10,
    0x2, 0xc0, 0x3f, 0xd8, 0x8, 0x1, 0x85, 0xc6,
    0x9c, 0x3, 0x41, 0x0, 0x5, 0x74, 0x80, 0x30,

    /* U+7CCA "糊" */
    0x0, 0xe8, 0xe5, 0x0, 0xfd, 0x7c, 0x60, 0x1f,
    0xfc, 0x74, 0x1f, 0x0, 0xf8, 0x50, 0x50, 0x3,
    0xe, 0x7f, 0xfb, 0x98, 0x11, 0x40, 0x2, 0x2,
    0x0, 0x76, 0x0, 0xff, 0x9c, 0xc0, 0x3c, 0x30,
    0x13, 0x44, 0x1, 0xc5, 0x12, 0x1, 0xff, 0x8,
    0x1, 0x9d, 0xe2, 0x0, 0x9c, 0x14, 0x3, 0x90,
    0xc, 0x3, 0xff, 0x85, 0x31, 0x15, 0x0, 0x5e,
    0x16, 0x1, 0xde, 0x8, 0x1, 0xff, 0xca, 0x40,
    0x30, 0xe, 0x50, 0xb0, 0x11, 0x18, 0x3, 0xc4,
    0x60, 0xf, 0xfe, 0x0, 0x88, 0xc, 0x2, 0x13,
    0x15, 0xfe, 0xe6, 0x80, 0x1f, 0xba, 0x90, 0xf,
    0xfe, 0x2, 0x82, 0x80, 0x4e, 0xf, 0xc0, 0x1f,
    0xe2, 0x0, 0xff, 0xe0, 0x10, 0x18, 0x5, 0xe1,
    0xb1, 0x53, 0x30, 0x1, 0x66, 0x55, 0x40, 0x9,
    0xe0, 0x3, 0xe8, 0xb5, 0x0, 0xa2, 0x90, 0x15,
    0x98, 0xe0, 0xd, 0x66, 0x28, 0x80, 0x54, 0xf6,
    0x1, 0xc2, 0xa0, 0x80, 0x7, 0x51, 0x30, 0xf,
    0xfe, 0x1f, 0x82, 0x40, 0x6, 0xcb, 0xb8, 0x80,
    0xee, 0xd9, 0x0, 0x1f, 0xfc, 0x22, 0x80, 0x7b,
    0x0, 0x8c, 0x3, 0xf8, 0x40, 0x3f, 0xf8, 0x6e,
    0xa0, 0x40, 0x16, 0xc4, 0x42, 0x5, 0x11, 0x80,
    0x3f, 0xf8, 0x95, 0xd2, 0x1, 0x1b, 0xbc, 0x60,
    0xce, 0xf0, 0x80, 0x8, 0x80, 0xf, 0x21, 0x0,
    0xfc, 0x20, 0x1e, 0x61, 0x0, 0x8c, 0x40, 0xb,
    0xfb, 0x80, 0x7, 0xde, 0xa0, 0xf, 0xfe, 0xb,
    0x4c, 0x80, 0x2c, 0xa0, 0x7, 0x80, 0x7e, 0x50,
    0xf, 0x8e, 0x80, 0x37, 0x80, 0x80, 0x64, 0x20,
    0x8, 0x6a, 0xee, 0x40, 0xf, 0xcf, 0x84, 0x1,
    0x88, 0x38, 0x2, 0x40, 0xb0, 0x8, 0xd5, 0x12,
    0xc0, 0xb, 0xc0, 0x2b, 0x80, 0xf, 0x28, 0x10,
    0x5, 0xc0, 0xc0, 0x1f, 0xfc, 0x21, 0x84, 0x5,
    0x80, 0x8, 0x44, 0xe, 0x1, 0x20, 0x1, 0x80,
    0x3f, 0xe1, 0x3, 0xd0, 0x7a, 0x0, 0xc8, 0x0,
    0x20, 0x8, 0x50, 0x3c, 0x3, 0xfe, 0x20, 0x15,
    0xe8, 0x0, 0xef, 0x3, 0x0, 0xed, 0xa, 0x0,
    0xff, 0x9c, 0x18, 0x4, 0x3, 0x85, 0x41, 0x0,
    0x39, 0xb8, 0xc0, 0x3f, 0xe2, 0x2, 0x0, 0xf9,
    0x0, 0x16, 0x1, 0xe1, 0x0, 0x8c, 0x8b, 0x70,
    0x4, 0x21, 0xc0, 0x1f, 0x30, 0x11, 0x80, 0x7f,
    0x87, 0x77, 0x30, 0x0, 0xc0, 0xa, 0x1, 0xf1,
    0x95, 0x80, 0x7f, 0x10, 0x7, 0xe3, 0x40, 0x1,
    0x80, 0x7e, 0xc6, 0x0, 0xfe, 0x8a, 0x88, 0xf4,
    0xed, 0x82, 0x0, 0x7f, 0x8, 0x7, 0xfc, 0xae,
    0xfe, 0x62, 0x30, 0xd0, 0xf, 0xfe, 0x8c, 0x0,
    0x1c, 0x0, 0xcd, 0x58, 0x7, 0xc2, 0x2, 0x1,
    0xff, 0xc1, 0x60, 0x71, 0x0, 0x4c, 0xc6, 0x8,
    0x1, 0xc8, 0x18, 0x1, 0xff, 0xc1, 0xe6, 0x80,
    0xa, 0x0, 0x2, 0xb6, 0x1, 0xd1, 0xec, 0x1,
    0xff, 0xc1, 0x39, 0x0, 0xcf, 0xfe, 0xea, 0x10,

    /* U+7CD5 "糕" */
    0x0, 0xff, 0xee, 0x77, 0xa0, 0x7, 0xe5, 0x70,
    0xf, 0xcb, 0x2a, 0x1, 0xfc, 0x42, 0x6, 0x1,
    0xf1, 0x54, 0x50, 0x7, 0x86, 0x9a, 0x80, 0x39,
    0xa4, 0x3, 0xf5, 0x60, 0x80, 0x8, 0x41, 0x50,
    0x3, 0x98, 0x0, 0x80, 0x1d, 0xac, 0xc0, 0xf,
    0x12, 0x99, 0x0, 0x50, 0x0, 0xf0, 0xe, 0xa0,
    0x7, 0x80, 0x76, 0x5, 0x0, 0x79, 0x0, 0x6,
    0x1, 0x30, 0x1, 0x40, 0x31, 0x90, 0x1a, 0x0,
    0x72, 0x81, 0x90, 0x7, 0x60, 0x28, 0x0, 0x46,
    0x40, 0x71, 0x1d, 0x40, 0xa, 0x11, 0x80, 0x22,
    0x30, 0x40, 0xe, 0x40, 0xf0, 0xde, 0xe9, 0x1,
    0xbb, 0xb3, 0x0, 0x27, 0xba, 0xa0, 0x9, 0x43,
    0xc0, 0x32, 0x8, 0x28, 0x10, 0x7, 0xff, 0x15,
    0xc0, 0x2f, 0x5, 0x0, 0xda, 0xa, 0x0, 0xa6,
    0x6f, 0x20, 0x0, 0x99, 0xbe, 0x90, 0x9, 0x40,
    0x3c, 0x81, 0x20, 0x5, 0x99, 0xf7, 0x0, 0x12,
    0x67, 0xe4, 0x0, 0x8e, 0xb4, 0x3, 0x4c, 0x8c,
    0x3, 0xff, 0x96, 0x6a, 0x8, 0x80, 0x6, 0x89,
    0xa0, 0x80, 0x7f, 0xf2, 0x4f, 0x2a, 0xa9, 0x0,
    0x2d, 0x52, 0xf0, 0x1, 0x15, 0x5d, 0x20, 0x4,
    0xaa, 0xe9, 0x30, 0x3, 0x80, 0x7f, 0xf0, 0x55,
    0xd5, 0x78, 0xc0, 0x4, 0xab, 0xcd, 0xe0, 0x4,
    0xb9, 0x9a, 0x0, 0xb, 0x32, 0xaf, 0x7, 0x0,
    0xff, 0xe2, 0x28, 0x4, 0x8c, 0xd2, 0x80, 0x35,
    0x98, 0xa4, 0x5, 0xff, 0xe9, 0x0, 0x37, 0xff,
    0xa4, 0x3, 0x89, 0x84, 0x2, 0x31, 0x0, 0xff,
    0x18, 0x7, 0xff, 0xe, 0x26, 0x80, 0x1d, 0x94,
    0x1, 0xff, 0xce, 0x70, 0x10, 0x0, 0x82, 0x10,
    0x7, 0xff, 0x30, 0x88, 0x1a, 0x0, 0xf5, 0xa,
    0x4, 0x99, 0xfb, 0x80, 0x9, 0x33, 0xf4, 0x0,
    0x4a, 0x0, 0x70, 0xb, 0xc1, 0x82, 0x99, 0xbe,
    0x40, 0x1, 0x33, 0x7c, 0xea, 0x0, 0xb0, 0x40,
    0xc, 0x80, 0x2c, 0x40, 0x1f, 0xfc, 0x76, 0x2,
    0x30, 0xd0, 0xc, 0x26, 0x1b, 0x9b, 0xbf, 0xfc,
    0x6e, 0x30, 0xa0, 0x3, 0x80, 0x75, 0x81, 0x1,
    0x17, 0xff, 0x18, 0x40, 0xc, 0x6, 0x20, 0x1c,
    0xaa, 0x80, 0x14, 0x10, 0xf, 0x84, 0x2, 0x17,
    0x40, 0x9, 0x44, 0x2c, 0x3, 0xc5, 0x42, 0x1b,
    0x76, 0x3, 0xb7, 0x0, 0x2f, 0x58, 0x1, 0x22,
    0xcc, 0x0, 0x20, 0x6, 0x0, 0xfe, 0x13, 0x2,
    0x7, 0x48, 0x0, 0x8, 0x21, 0x82, 0x0, 0x3c,
    0x0, 0x84, 0xe2, 0x1, 0xfc, 0xe0, 0xc, 0x6,
    0x0, 0x10, 0x20, 0x2, 0x80, 0x60, 0xd, 0x40,
    0x1b, 0x0, 0x1f, 0xea, 0x0, 0x20, 0x10, 0x1,
    0x80, 0xa, 0xe, 0x0, 0x60, 0x4, 0x0, 0x7f,
    0xf0, 0x50, 0xc1, 0x40, 0x21, 0x3, 0x0, 0x60,
    0x9, 0x0, 0xa8, 0x11, 0x80, 0x7f, 0xc3, 0x40,
    0x8, 0x0, 0x88, 0x38, 0x0, 0x40, 0x3, 0x0,
    0x70, 0x1, 0x80, 0x3f, 0xe6, 0x10, 0x52, 0x0,
    0xfc, 0x93, 0x42, 0x0, 0x45, 0x45, 0x0, 0xe2,
    0x20, 0xa0, 0x1, 0x48, 0xec, 0x3, 0x20, 0xd0,
    0x4, 0xca, 0x1, 0xaa, 0xc0,

    /* U+7CD6 "糖" */
    0x0, 0xff, 0xed, 0xb7, 0xc0, 0x7, 0xff, 0x4,
    0x73, 0x90, 0x3, 0xff, 0x85, 0x80, 0x60, 0x1f,
    0xfc, 0x12, 0x31, 0x90, 0xf, 0xf3, 0x38, 0x6,
    0x70, 0x2, 0xc0, 0x7, 0xf1, 0x88, 0x11, 0x80,
    0x7f, 0x5c, 0x10, 0x7, 0xad, 0xcc, 0x12, 0x23,
    0xe2, 0x0, 0x7c, 0x47, 0x9c, 0x0, 0xc0, 0xa0,
    0x1c, 0x42, 0x4, 0x36, 0xef, 0xf1, 0x80, 0xd,
    0xdf, 0xd0, 0xe1, 0xa1, 0x80, 0x1c, 0xe0, 0x62,
    0x40, 0x1f, 0xfc, 0x72, 0x4, 0x4, 0x0, 0xec,
    0xb, 0x0, 0xcf, 0xff, 0xe7, 0x2b, 0xff, 0xf9,
    0x40, 0x80, 0x6, 0x1, 0x9c, 0x14, 0x3, 0x70,
    0x7, 0x9c, 0xb4, 0x3, 0xfc, 0x60, 0xa0, 0x12,
    0x9, 0x90, 0x7, 0x88, 0xcf, 0x0, 0x8, 0xcf,
    0x10, 0x7, 0x20, 0x10, 0x4, 0x41, 0x40, 0x1e,
    0x7d, 0xcc, 0xc0, 0x4, 0xcc, 0xda, 0xa0, 0x1a,
    0x35, 0x0, 0x26, 0xb6, 0x0, 0xf1, 0x8, 0x7,
    0xff, 0x3, 0x40, 0x22, 0x31, 0x31, 0x0, 0x1b,
    0x98, 0x7, 0x97, 0xbf, 0xf0, 0x1, 0xbf, 0xe0,
    0x0, 0x80, 0x13, 0x73, 0x24, 0x3, 0xcc, 0xc0,
    0x1f, 0xfc, 0x51, 0x0, 0xc2, 0x1, 0xfe, 0x10,
    0xd, 0x5d, 0xde, 0x0, 0x37, 0x74, 0x20, 0xde,
    0xaa, 0xba, 0xa8, 0xc0, 0xaa, 0xac, 0x0, 0xc6,
    0x23, 0xe0, 0x8, 0x46, 0x0, 0xc4, 0x8, 0xab,
    0x30, 0xa, 0xac, 0x20, 0xe0, 0x9, 0xcb, 0xbe,
    0x0, 0x25, 0xdc, 0x0, 0x4a, 0x70, 0x8, 0x48,
    0x2, 0x11, 0x0, 0x42, 0x0, 0x33, 0x22, 0x70,
    0x0, 0x91, 0x21, 0x2, 0x50, 0xd, 0x9a, 0x1,
    0x6f, 0x80, 0x78, 0x40, 0x8c, 0xf0, 0x0, 0xcf,
    0x8, 0x7, 0xc4, 0x1, 0x9c, 0x5c, 0x0, 0x60,
    0x7, 0x9d, 0xcc, 0xc0, 0x5, 0xcc, 0x80, 0x2,
    0x1, 0x90, 0x10, 0x2, 0xf0, 0x90, 0x0, 0x80,
    0x7, 0x80, 0x3f, 0xf8, 0x3, 0x60, 0x1b, 0x40,
    0xc0, 0x24, 0x21, 0x80, 0xd0, 0x1, 0xbf, 0xff,
    0x0, 0x1b, 0xff, 0x71, 0x80, 0x67, 0xb, 0x0,
    0xd4, 0xe, 0xc, 0x0, 0x10, 0xf, 0xfe, 0x32,
    0x8, 0x8c, 0x3, 0x30, 0x0, 0x88, 0x4, 0x3,
    0x9d, 0xff, 0x0, 0x1b, 0xff, 0x73, 0x0, 0x5c,
    0x8, 0x1, 0xc2, 0x88, 0x21, 0x7, 0x7, 0x31,
    0x0, 0xff, 0xc, 0x0, 0x5, 0x43, 0xc0, 0x3d,
    0x76, 0x30, 0x6, 0x80, 0x66, 0x88, 0xfc, 0x20,
    0x20, 0x9, 0x0, 0x28, 0x7, 0xe4, 0x0, 0x20,
    0x6, 0x87, 0x7f, 0xca, 0x1, 0x88, 0x18, 0x3,
    0xfa, 0xc0, 0x6, 0x1, 0xff, 0xc6, 0xe0, 0xb0,
    0xf, 0xc2, 0x60, 0xa0, 0x1f, 0xfc, 0x74, 0xe2,
    0x0, 0xfd, 0x20, 0xf, 0x0, 0xff, 0xe4, 0x8,
    0x7, 0xe1, 0x70, 0x15, 0x0, 0xff, 0xe8, 0xc0,
    0x2, 0x0, 0x3c, 0xca, 0xbf, 0xc0, 0x1f, 0xf3,
    0x80, 0x38, 0xd, 0x80, 0x3d, 0x15, 0x5f, 0x84,
    0x4, 0x3, 0xef, 0xc, 0x0, 0x3e, 0x68, 0x6,
    0x72, 0x0, 0xff, 0xe0, 0x48, 0x0,

    /* U+7EA6 "约" */
    0x0, 0xf8, 0xa9, 0x40, 0x3f, 0xa7, 0xdc, 0x3,
    0xff, 0x8d, 0xcb, 0x42, 0x1, 0xf1, 0x30, 0x68,
    0x7, 0xff, 0x14, 0xcc, 0x4, 0x20, 0x1f, 0x20,
    0x3, 0x0, 0x3f, 0xf8, 0xb0, 0x0, 0xb0, 0xf,
    0xda, 0x0, 0x70, 0xf, 0xfe, 0x21, 0xa0, 0xb,
    0x0, 0x7e, 0x40, 0x41, 0x0, 0xff, 0xe2, 0x78,
    0x2, 0xc0, 0x3f, 0x28, 0x3, 0x40, 0x3f, 0xf8,
    0x8a, 0x60, 0x6a, 0x1, 0xfb, 0x80, 0x1b, 0x55,
    0xfe, 0x80, 0xe, 0x80, 0x7, 0x80, 0x42, 0x1,
    0x85, 0x0, 0x8, 0xab, 0xfe, 0x73, 0x0, 0x9c,
    0x81, 0x8c, 0x0, 0x7d, 0xc2, 0x0, 0x40, 0x7,
    0xff, 0x18, 0xa0, 0x6, 0x0, 0x2e, 0x1, 0x60,
    0x16, 0x2, 0xff, 0xff, 0x20, 0x0, 0x40, 0x1c,
    0x0, 0xa1, 0x0, 0x39, 0x1, 0xa0, 0x50, 0x2,
    0x0, 0x3f, 0xc2, 0x1, 0xa4, 0xc0, 0xc5, 0xa2,
    0x60, 0x1, 0xc0, 0xc8, 0x4, 0xa0, 0x1f, 0xfc,
    0x13, 0x66, 0x0, 0xe, 0xa5, 0xd8, 0x1, 0x24,
    0x16, 0x0, 0x90, 0xf, 0xfe, 0x1a, 0x80, 0x7f,
    0x23, 0x0, 0x24, 0x9d, 0x0, 0x3f, 0xe1, 0x0,
    0x8d, 0xdd, 0x59, 0xd8, 0x0, 0x1a, 0x0, 0x93,
    0x61, 0x7f, 0x48, 0x3, 0xf3, 0x80, 0x4, 0x22,
    0xa, 0x61, 0xa0, 0xa, 0x10, 0xf, 0x68, 0x16,
    0x18, 0x7, 0xff, 0x13, 0x44, 0x25, 0x0, 0x3e,
    0x86, 0x1, 0xc3, 0x0, 0xf0, 0x80, 0x7d, 0x26,
    0xe, 0xc0, 0x1f, 0xd2, 0xc0, 0xc, 0x30, 0xf,
    0x84, 0x3, 0x33, 0x1, 0x20, 0x2, 0x24, 0x20,
    0xe, 0x95, 0x0, 0x69, 0x0, 0x63, 0x0, 0xe5,
    0x90, 0x6, 0xc5, 0x6f, 0xed, 0xf8, 0x7, 0xa8,
    0xc0, 0x78, 0x3, 0x8, 0x18, 0x2, 0x28, 0x2,
    0x97, 0x52, 0x0, 0x90, 0x3, 0xed, 0x20, 0x36,
    0x0, 0xe1, 0x2, 0x70, 0xf, 0x8d, 0xa3, 0x24,
    0x3, 0xe1, 0xe0, 0x1, 0x80, 0x4, 0x0, 0xe0,
    0x44, 0x1, 0x58, 0xbe, 0xfc, 0x97, 0x30, 0xf,
    0xe3, 0xaa, 0x28, 0x0, 0xc0, 0x2, 0x0, 0xdd,
    0x75, 0x3a, 0x8, 0x7, 0xff, 0xd, 0x54, 0x1,
    0x8, 0x0, 0x80, 0x22, 0x0, 0xff, 0xe6, 0xb0,
    0x3, 0xc0, 0x3f, 0xf8, 0x22, 0x20, 0xf, 0xfe,
    0x11, 0x0, 0x8, 0x3, 0xf0, 0xa4, 0x5f, 0x74,
    0x80, 0x1f, 0xfc, 0x1e, 0x0, 0x30, 0x4, 0x4b,
    0x17, 0xdc, 0xb7, 0x41, 0x0, 0x8, 0x7, 0xff,
    0x5, 0x40, 0x4, 0x5, 0xfb, 0x4e, 0x82, 0x1,
    0x8d, 0xad, 0x40, 0x3f, 0xf8, 0x26, 0x2, 0x20,
    0x60, 0xe, 0x25, 0x9c, 0xfc, 0x94, 0x0, 0xff,
    0xe0, 0xb0, 0x1, 0x40, 0x8, 0xaa, 0x8b, 0xfd,
    0xa6, 0x30, 0xf, 0xfa, 0x73, 0x17, 0x6c, 0x90,
    0x6, 0x80, 0x55, 0x47, 0x40, 0xf, 0xfe, 0x21,
    0x19, 0x91, 0x6, 0x0, 0x36, 0x0, 0xff, 0xe5,
    0xca, 0x8, 0x0, 0x4d, 0xf0, 0x2,

    /* U+7EB8 "纸" */
    0x0, 0xf8, 0xa0, 0x80, 0x3f, 0xf8, 0xc4, 0xc4,
    0x1, 0xfe, 0xe7, 0xd0, 0xf, 0xfe, 0x11, 0xb5,
    0x76, 0xce, 0xa0, 0x7, 0xe3, 0x30, 0x10, 0x7,
    0xe2, 0x47, 0xad, 0xfc, 0x95, 0x10, 0xb, 0x40,
    0x3f, 0x48, 0x2, 0xc0, 0x39, 0x33, 0xf6, 0xe1,
    0x48, 0x3, 0xa, 0x46, 0x48, 0x7, 0xc4, 0xa0,
    0x2c, 0x1, 0xd6, 0x60, 0x18, 0x4c, 0xc0, 0x7,
    0xeb, 0x73, 0x0, 0xfd, 0x0, 0x8, 0x0, 0xfc,
    0x35, 0x9d, 0xcc, 0x80, 0xf, 0xfe, 0x11, 0x28,
    0xb, 0x0, 0x7e, 0x45, 0x31, 0x0, 0xe1, 0x0,
    0xff, 0xa0, 0x1, 0x0, 0x1f, 0xfc, 0x37, 0x0,
    0xff, 0xe0, 0x9a, 0x82, 0x30, 0x0, 0x6d, 0xc0,
    0x3f, 0xf9, 0x9e, 0x0, 0x90, 0xa, 0xd2, 0x8,
    0x3, 0xf8, 0x40, 0x6, 0x1, 0xfc, 0xc6, 0x10,
    0x40, 0x4, 0x50, 0x12, 0x0, 0xff, 0xe4, 0x94,
    0x81, 0x31, 0xab, 0x48, 0x2, 0x80, 0x3f, 0xc6,
    0x0, 0x10, 0xf, 0x8b, 0x40, 0x5, 0xd9, 0x52,
    0x40, 0xc8, 0x1, 0xfe, 0x10, 0xf, 0xf1, 0x80,
    0x7f, 0x14, 0x80, 0x78, 0x47, 0xc0, 0x7, 0x11,
    0xe0, 0x0, 0xa0, 0xab, 0xd5, 0x88, 0x2, 0x40,
    0x3c, 0xbd, 0xde, 0x0, 0x1f, 0x77, 0x48, 0x2,
    0xfa, 0xa1, 0x74, 0x41, 0xd0, 0x3, 0xff, 0x92,
    0xa0, 0x1e, 0x56, 0x4, 0x80, 0xf, 0x89, 0x57,
    0xc0, 0x12, 0xae, 0x6f, 0x0, 0xe2, 0xa0, 0x2a,
    0x0, 0xfc, 0xf5, 0x5e, 0x0, 0xaa, 0xb4, 0x98,
    0x6, 0x1c, 0x0, 0x78, 0x80, 0x4, 0xc0, 0x3f,
    0xe2, 0x0, 0x8, 0x7, 0xf6, 0x8, 0x43, 0x3d,
    0x6f, 0x65, 0x0, 0x7f, 0x98, 0x0, 0x60, 0x1f,
    0xe, 0x10, 0x2, 0x2e, 0x14, 0x80, 0x18, 0x1,
    0xfe, 0x20, 0x3, 0x0, 0x7d, 0xa6, 0x1, 0xe2,
    0x58, 0xd6, 0x0, 0xff, 0x70, 0x0, 0x80, 0x3e,
    0x70, 0x0, 0xa4, 0x5f, 0x6d, 0x39, 0x0, 0x7f,
    0xc4, 0x0, 0xe0, 0xf, 0xa1, 0xf3, 0xad, 0xd0,
    0x40, 0x3f, 0xf8, 0x6e, 0x0, 0x20, 0xf, 0x8e,
    0xc, 0x3, 0xff, 0x90, 0x40, 0x7, 0x0, 0xff,
    0xe9, 0x98, 0x10, 0x80, 0x23, 0x44, 0x3, 0xe1,
    0x59, 0xcf, 0xf3, 0x0, 0x7f, 0xc8, 0x0, 0x50,
    0x1, 0x93, 0x0, 0x46, 0xf5, 0xdc, 0xa6, 0x30,
    0xf, 0xf9, 0x10, 0x16, 0x0, 0xd0, 0x3, 0x87,
    0x86, 0x7e, 0x42, 0x88, 0x4, 0x4d, 0x6c, 0x1,
    0xcb, 0x5f, 0x76, 0x3, 0x10, 0x70, 0x1, 0x7,
    0x1, 0x80, 0x62, 0x6a, 0xed, 0x94, 0x2, 0x0,
    0x2f, 0xd2, 0x80, 0x10, 0x0, 0xc0, 0x30, 0x22,
    0x2, 0x6, 0x36, 0xae, 0xd9, 0x51, 0x0, 0xd0,
    0x1, 0xe4, 0x9b, 0x0, 0x48, 0x1, 0xf8, 0x0,
    0x81, 0x39, 0x2a, 0x20, 0x1f, 0x90, 0x2, 0x39,
    0xeb, 0x60, 0x8, 0x68, 0x3, 0x30, 0x7, 0xff,
    0xd, 0x81, 0xb7, 0x18, 0x40, 0x3c, 0xb4, 0x42,
    0xd2, 0x0,

    /* U+7EF5 "绵" */
    0x0, 0xff, 0xe5, 0x19, 0x80, 0x3f, 0xf8, 0x8b,
    0xd4, 0x1, 0xff, 0x36, 0x62, 0x0, 0x3f, 0xf8,
    0x70, 0x2a, 0x40, 0x1f, 0xed, 0x0, 0x78, 0x7,
    0xff, 0x9, 0x8, 0xc, 0x80, 0x3f, 0xca, 0x0,
    0x60, 0xf, 0xfe, 0x17, 0x80, 0x20, 0x3, 0xab,
    0xff, 0x84, 0x1, 0xdf, 0xfd, 0xce, 0x1, 0xe2,
    0x40, 0x34, 0x0, 0xc4, 0xa0, 0x1f, 0xfc, 0x21,
    0x90, 0xf, 0x40, 0x2, 0x0, 0x38, 0x40, 0x5,
    0x55, 0xfe, 0x90, 0x0, 0x80, 0x71, 0xa8, 0x1a,
    0x0, 0x7e, 0x45, 0x5f, 0xf3, 0x10, 0x7, 0xd0,
    0x0, 0xf0, 0x0, 0xb0, 0x80, 0x7f, 0xf2, 0xd1,
    0x0, 0xe6, 0x0, 0xd9, 0xd0, 0xc, 0xdb, 0xbf,
    0xf1, 0x0, 0x7a, 0x40, 0xa0, 0x0, 0xc6, 0xe,
    0x1, 0xc4, 0x5f, 0xf0, 0x7, 0xa0, 0x82, 0x40,
    0x28, 0x0, 0x40, 0x6, 0x4a, 0xaf, 0xf8, 0x40,
    0x31, 0xb8, 0xe, 0x56, 0x70, 0x82, 0x98, 0x6,
    0x25, 0x5f, 0xf8, 0xc0, 0x36, 0x0, 0x5, 0xd4,
    0xc4, 0x1, 0x60, 0x1f, 0xfd, 0x39, 0x10, 0xe,
    0x55, 0xff, 0xe0, 0x10, 0x6, 0x51, 0x47, 0x98,
    0x0, 0x23, 0x0, 0x42, 0x0, 0x3a, 0xaf, 0xf8,
    0x0, 0x20, 0xa, 0xeb, 0x86, 0xa0, 0x1a, 0x0,
    0xc4, 0xa0, 0x1f, 0xfc, 0x21, 0x90, 0xf, 0x51,
    0x5, 0x88, 0x7, 0x57, 0xff, 0x70, 0x1, 0x3f,
    0xfb, 0x9c, 0x3, 0x99, 0x41, 0x94, 0x3, 0xff,
    0x9e, 0x92, 0x7, 0x20, 0x2a, 0xc0, 0x3, 0x88,
    0xf8, 0x0, 0xd1, 0x1e, 0x70, 0x8, 0xac, 0x0,
    0xb7, 0xdc, 0xa9, 0x50, 0xc7, 0x7f, 0x30, 0x0,
    0x9d, 0xfd, 0x10, 0x3, 0xc0, 0x9, 0x90, 0x40,
    0x6, 0x82, 0x1, 0xff, 0xc6, 0x20, 0xe1, 0x0,
    0xc2, 0xb3, 0xb8, 0x20, 0x12, 0x7f, 0xed, 0x0,
    0x27, 0xfe, 0xc0, 0xc, 0xe0, 0x2b, 0x5b, 0xd4,
    0xc4, 0x1, 0xc2, 0x1, 0x8c, 0x3, 0xe2, 0x0,
    0xd7, 0x9d, 0x4a, 0x40, 0x1f, 0xfc, 0xf1, 0x30,
    0xf, 0xb, 0x48, 0x80, 0x7f, 0xf3, 0xda, 0xfa,
    0x59, 0x0, 0x3f, 0xf9, 0x8b, 0x5f, 0x28, 0x0,
    0x44, 0x0, 0x7f, 0xf2, 0x4e, 0xbe, 0x94, 0x0,
    0x2f, 0xb6, 0x20, 0x1f, 0xfc, 0x27, 0x74, 0x80,
    0x6c, 0x50, 0x9, 0x2b, 0xa0, 0x80, 0x3f, 0xf8,
    0x69, 0x10, 0x70, 0x6, 0x80, 0x81, 0x47, 0x5a,
    0x80, 0x70, 0x90, 0x60, 0x7, 0xf2, 0x30, 0x0,
    0x59, 0xc3, 0x37, 0x4e, 0x20, 0x1f, 0xb7, 0xd8,
    0x3, 0xfd, 0x3f, 0xee, 0x90, 0x1, 0x10, 0x3,
    0xff, 0xce, 0x26, 0x1a, 0x1, 0xf8,

    /* U+7F51 "网" */
    0x6f, 0xff, 0xfe, 0x83, 0xd0, 0x7, 0xff, 0x42,
    0x40, 0x22, 0x44, 0xff, 0xe5, 0x18, 0x7, 0xb2,
    0xef, 0xff, 0x95, 0x80, 0x1f, 0xfe, 0x3, 0xa6,
    0x0, 0xf8, 0x65, 0x80, 0x3f, 0xf8, 0xbe, 0xb6,
    0x1, 0xf4, 0x34, 0x80, 0x7f, 0xca, 0x1, 0xc6,
    0xc, 0x2, 0x20, 0xc, 0x80, 0x40, 0x1f, 0xe7,
    0xac, 0x0, 0x88, 0x1, 0x85, 0xde, 0x40, 0x11,
    0x3, 0x80, 0x7f, 0x84, 0xe, 0x80, 0xe, 0x0,
    0x30, 0x0, 0xf8, 0x0, 0xc0, 0x1a, 0x1, 0xfe,
    0x64, 0x5, 0x70, 0xc0, 0x2, 0x94, 0x1, 0x50,
    0x28, 0x0, 0xc0, 0x3f, 0xea, 0x10, 0x83, 0x40,
    0x21, 0x7, 0x50, 0x56, 0xc0, 0x2, 0x80, 0x7f,
    0xc3, 0xa0, 0xd, 0x20, 0x50, 0xa, 0x88, 0x25,
    0x40, 0xc4, 0x3, 0xff, 0x80, 0x70, 0x2, 0x0,
    0xc0, 0xd, 0xc0, 0x1a, 0xc0, 0x3f, 0xf8, 0x4e,
    0x80, 0x12, 0x0, 0x63, 0x80, 0x9, 0x0, 0x3f,
    0xf8, 0x70, 0x1, 0x10, 0x7, 0x38, 0x80, 0x7f,
    0xf1, 0xac, 0x2, 0xe0, 0xe, 0x41, 0x0, 0x70,
    0x7, 0xff, 0xd, 0x80, 0x23, 0x70, 0xd, 0xc0,
    0x11, 0x38, 0x7, 0xff, 0x5, 0x44, 0x1c, 0x82,
    0x8, 0x0, 0x2a, 0x6, 0x21, 0x2, 0x1, 0xff,
    0xc0, 0x80, 0x4, 0xc8, 0x1, 0x20, 0x8, 0x0,
    0x45, 0x80, 0x2c, 0x3, 0xfe, 0x62, 0x7, 0x14,
    0x50, 0x50, 0x26, 0x3, 0x45, 0x30, 0x52, 0x0,
    0xfe, 0x19, 0x1, 0x90, 0x4, 0x4, 0x7, 0x0,
    0x20, 0x1, 0xe0, 0x5, 0x0, 0xfe, 0xa0, 0x4,
    0x8, 0x0, 0xbd, 0x9c, 0xc1, 0x10, 0x0, 0x34,
    0x16, 0x0, 0xfd, 0x28, 0x8, 0xc0, 0x1c, 0x90,
    0x0, 0xa0, 0xd, 0x7c, 0x20, 0x1f, 0x23, 0x0,
    0xd0, 0x7, 0x15, 0x80, 0x28, 0x40, 0x3f, 0xf8,
    0x4e, 0x83, 0xa2, 0x1, 0xc2, 0x0, 0x75, 0x0,
    0xff, 0xe1, 0x9d, 0xf1, 0x80, 0x78, 0xfb, 0x20,
    0x3, 0xff, 0x9e, 0x26, 0x1, 0xff, 0xd7, 0xce,
    0xdd, 0xbc, 0x0, 0x40, 0x1f, 0xfc, 0x97, 0x12,
    0x28, 0x2, 0x9b, 0x4, 0x10, 0xf, 0xfe, 0x2c,
    0x98, 0x0, 0x4d, 0xad, 0x40,

    /* U+80FD "能" */
    0x0, 0xff, 0xed, 0x8d, 0xd8, 0x80, 0x3f, 0x6f,
    0xc0, 0x7, 0xff, 0x1a, 0x11, 0xa, 0x1, 0xf0,
    0x90, 0x20, 0x7, 0xff, 0x14, 0xd8, 0x5, 0x80,
    0x80, 0x3f, 0xf9, 0xdc, 0x0, 0xa1, 0x7d, 0xe1,
    0x0, 0xff, 0xe5, 0xc9, 0x3, 0x20, 0x10, 0xd,
    0x0, 0x7f, 0xf2, 0x95, 0x80, 0xe4, 0x0, 0xa8,
    0x8, 0xe0, 0x1c, 0x7f, 0xff, 0xc8, 0x1, 0x8e,
    0x80, 0xb4, 0x3, 0x40, 0x2, 0x8, 0x3, 0xff,
    0x84, 0x40, 0x12, 0x60, 0x5, 0xba, 0xef, 0xf6,
    0x0, 0x52, 0x1, 0x85, 0xdf, 0xf4, 0x30, 0x5,
    0x0, 0x11, 0x19, 0x8, 0x7, 0x91, 0x0, 0x11,
    0x44, 0x7e, 0x70, 0xc, 0xa0, 0x18, 0x4d, 0x15,
    0xe2, 0x58, 0x1, 0xe0, 0x1f, 0xfc, 0x58, 0x9b,
    0xef, 0xec, 0xba, 0x87, 0x69, 0x10, 0xf, 0xfe,
    0x38, 0xb2, 0x8, 0x7, 0xf6, 0x55, 0x80, 0x7f,
    0xf1, 0x85, 0x59, 0xbf, 0x94, 0x94, 0x4, 0x0,
    0x42, 0x1, 0xc2, 0x38, 0x3, 0x65, 0x4c, 0xff,
    0x54, 0x0, 0x46, 0x3, 0xdf, 0xfd, 0xdd, 0xa0,
    0x2, 0x20, 0xf, 0xf8, 0xc0, 0x28, 0x0, 0xff,
    0xe0, 0x18, 0x7, 0x1e, 0xef, 0xac, 0x3, 0xc9,
    0xb0, 0xcd, 0x3b, 0xa2, 0x29, 0x95, 0x0, 0x73,
    0x11, 0x79, 0x40, 0x3e, 0x37, 0x99, 0xa2, 0xe,
    0xf3, 0x30, 0x40, 0x3c, 0xb6, 0x80, 0x1f, 0xed,
    0xe8, 0x0, 0xff, 0xe2, 0xf2, 0x5d, 0x8, 0x7,
    0xc2, 0x40, 0x80, 0x1f, 0xfc, 0x5b, 0x60, 0x5f,
    0x50, 0xf, 0xfe, 0x84, 0xd8, 0x8a, 0xa4, 0x3,
    0xf0, 0x99, 0xff, 0x0, 0x7f, 0x93, 0xd4, 0x38,
    0x3, 0xf1, 0x66, 0x7f, 0x50, 0x7, 0x8c, 0x2,
    0x1a, 0xef, 0x0, 0xff, 0xe3, 0x30, 0x4, 0x20,
    0x1f, 0x47, 0x30, 0x7, 0xe1, 0x66, 0xfe, 0xf0,
    0x8, 0xc0, 0x2, 0x0, 0x6e, 0x70, 0xf, 0xf1,
    0x4c, 0xff, 0x18, 0x4, 0x20, 0xf, 0x5d, 0x91,
    0x7, 0xd0, 0xf, 0xfe, 0x53, 0x0, 0x22, 0x88,
    0x17, 0x60, 0xc0, 0x3f, 0xf8, 0xcf, 0x42, 0x1a,
    0x0, 0xa3, 0x5c, 0xa2, 0x0, 0xff, 0xe4, 0x42,
    0xc0, 0x20, 0xa, 0xe5, 0x18, 0x7, 0xff, 0x34,
    0xcc, 0x8, 0x1, 0xff, 0xc1, 0x10, 0x0, 0x80,
    0x7e, 0x40, 0x7, 0x40, 0x3, 0xc0, 0x32, 0xb3,
    0x40, 0x1, 0x0, 0xe2, 0xb9, 0x9f, 0x55, 0x0,
    0x8, 0xc0, 0x4a, 0x1, 0xaa, 0x65, 0x0, 0xd,
    0x0, 0x98, 0x0, 0x8c, 0xde, 0x51, 0x3, 0x37,
    0xa7, 0x0, 0x74, 0x88, 0x0, 0x9d, 0xc0, 0x14,
    0xb9, 0x0, 0x7e, 0x15, 0xd0, 0x2b, 0x30, 0xe,
    0x6e, 0xff, 0x6c, 0x0, 0x74, 0x6f, 0xff, 0xee,
    0xa1, 0x0,

    /* U+8102 "脂" */
    0x0, 0xff, 0xe2, 0x5e, 0xa0, 0x7, 0xff, 0x15,
    0xf3, 0x77, 0xd9, 0x42, 0x4, 0x85, 0xc0, 0x1f,
    0xfc, 0x58, 0x32, 0x2f, 0x1a, 0xb0, 0x6, 0x10,
    0xf, 0xfe, 0x20, 0x80, 0x7f, 0xbc, 0x3, 0xff,
    0x99, 0x3f, 0xfb, 0x40, 0x3e, 0x69, 0x9f, 0xfa,
    0x8, 0x3, 0xc6, 0x1, 0x8c, 0x3, 0xe2, 0x66,
    0xff, 0x9e, 0x0, 0x3f, 0xfa, 0x63, 0xa0, 0x1f,
    0xfc, 0x74, 0xff, 0xff, 0xb9, 0xc0, 0x3e, 0x10,
    0xf, 0xfe, 0x9d, 0xf6, 0x8, 0x7, 0xff, 0x45,
    0xc0, 0xf0, 0x40, 0x3f, 0xfa, 0x19, 0x40, 0x58,
    0x60, 0x18, 0x80, 0x8, 0x82, 0x21, 0x9e, 0x44,
    0x95, 0x61, 0x0, 0xf2, 0xc8, 0x16, 0x0, 0x72,
    0x0, 0x2f, 0x75, 0x99, 0xae, 0xea, 0xab, 0x40,
    0x3e, 0x6a, 0x58, 0x0, 0xea, 0x30, 0xf, 0xfe,
    0x5a, 0xd3, 0x80, 0x70, 0xe7, 0x5d, 0xec, 0xcb,
    0x76, 0xee, 0xb0, 0x3, 0x84, 0x3, 0xff, 0x80,
    0x28, 0x98, 0xce, 0x22, 0x84, 0x60, 0xf, 0xfa,
    0x0, 0x3f, 0xf9, 0x86, 0x1, 0xcb, 0xcc, 0x1,
    0xcb, 0xff, 0xff, 0xc2, 0x50, 0x8, 0x40, 0xe,
    0x37, 0x42, 0x1, 0xee, 0x0, 0xff, 0xe1, 0x70,
    0x7, 0xa7, 0x90, 0xb, 0x0, 0x39, 0xc0, 0xa,
    0xcd, 0xf9, 0x40, 0xe, 0x1, 0x38, 0x1, 0x0,
    0xd, 0xa4, 0x1, 0xfa, 0xa6, 0x7f, 0x58, 0x7,
    0x84, 0x1, 0xab, 0x52, 0x1, 0xff, 0xce, 0x20,
    0x13, 0xa5, 0x0, 0xff, 0xe7, 0xf0, 0x18, 0x7,
    0xff, 0x9, 0xdf, 0xf9, 0x80, 0x3c, 0x40, 0xc0,
    0x1f, 0xfc, 0x28, 0x8f, 0xf0, 0x7, 0x98, 0xc,
    0x3, 0xff, 0xa4, 0x41, 0xc0, 0x1f, 0xfc, 0x2f,
    0xff, 0xee, 0x0, 0xe4, 0x0, 0x28, 0x7, 0xff,
    0x47, 0x0, 0x6, 0x1, 0xff, 0xd1, 0x50, 0x40,
    0xf, 0xfe, 0x89, 0x90, 0x60, 0x0, 0x6a, 0xb0,
    0x3, 0xc0, 0x3a, 0x1d, 0xff, 0x40, 0x6, 0x60,
    0x3, 0x0, 0xd, 0x56, 0x40, 0x2, 0x80, 0x1c,
    0x0, 0xf1, 0x1f, 0x98, 0x0, 0xe0, 0xa8, 0xc2,
    0x0, 0x27, 0x0, 0xa, 0x51, 0x0, 0x34, 0x3,
    0xff, 0x85, 0xa0, 0xb, 0x90, 0xd, 0x1f, 0xee,
    0xb5, 0x0, 0x9b, 0xff, 0xff, 0x84, 0xc0,

    /* U+81EA "自" */
    0x0, 0xff, 0xed, 0x6f, 0xe8, 0x80, 0x7f, 0xf2,
    0x90, 0x80, 0x80, 0x3f, 0xf9, 0x7a, 0x0, 0x41,
    0x0, 0xff, 0xe5, 0x20, 0x3, 0xc0, 0x3f, 0xf9,
    0x44, 0x40, 0x14, 0x0, 0xff, 0xe0, 0xbf, 0xff,
    0xed, 0x0, 0xf, 0xff, 0xff, 0x3, 0x2, 0x40,
    0x3f, 0xf9, 0x86, 0x82, 0x1, 0xff, 0xcd, 0x10,
    0xb, 0x7f, 0xff, 0xf8, 0xe2, 0x1, 0xff, 0xce,
    0x30, 0xf, 0xff, 0xf8, 0x7, 0xff, 0x3, 0xb3,
    0x3f, 0xf8, 0xe4, 0x1, 0xe3, 0x3f, 0xfe, 0x40,
    0x7, 0xff, 0x5a, 0xf7, 0x7f, 0xf8, 0xe4, 0x1,
    0xe6, 0x22, 0xff, 0xe3, 0x80, 0x7f, 0xff, 0xc0,
    0x3f, 0xf8, 0x42, 0x3f, 0xfc, 0x70, 0xf, 0xb7,
    0xbb, 0xff, 0x8e, 0x40, 0x1f, 0xfd, 0x52, 0x2f,
    0xfe, 0x40, 0x7, 0xdf, 0xbb, 0xff, 0xc7, 0x20,
    0xf, 0xff, 0xf8, 0x7, 0xff, 0x6f, 0x7b, 0xbf,
    0xf8, 0xe4, 0x1, 0x8, 0x4, 0x23, 0xff, 0xc7,
    0x0, 0x85, 0x80, 0x3f, 0xf9, 0x86, 0x80,

    /* U+81F3 "至" */
    0x0, 0xff, 0xeb, 0x8f, 0x7f, 0xff, 0xf4, 0x2c,
    0x2, 0x31, 0x0, 0xff, 0xe8, 0x20, 0x4, 0x4e,
    0xa8, 0x9f, 0x0, 0x42, 0x89, 0xff, 0xc3, 0x59,
    0x0, 0xd1, 0x57, 0x7e, 0x30, 0xa, 0xae, 0xff,
    0xf8, 0x74, 0xc0, 0x1f, 0xf2, 0xb8, 0x2, 0x10,
    0x3, 0xcf, 0x68, 0x1, 0xff, 0xc6, 0x3a, 0x0,
    0x33, 0x80, 0x78, 0xa1, 0x2e, 0x0, 0x3f, 0xf8,
    0x85, 0xa0, 0x4, 0x90, 0xf, 0x8a, 0x0, 0xf,
    0x40, 0x1f, 0xfc, 0x22, 0xc1, 0x4, 0xb0, 0xf,
    0xe7, 0xb0, 0x2, 0xe0, 0x80, 0x7f, 0xc7, 0x82,
    0x9, 0x60, 0x1f, 0xf2, 0x60, 0x81, 0xe0, 0x80,
    0x7f, 0x2e, 0x8, 0xf, 0x2b, 0x3b, 0xa2, 0x65,
    0x57, 0x98, 0xde, 0xd1, 0x0, 0x17, 0x90, 0x7,
    0xc7, 0x40, 0x10, 0xd5, 0x26, 0x20, 0xec, 0xc5,
    0x43, 0x31, 0x8, 0x80, 0x30, 0xe1, 0x0, 0x78,
    0x40, 0x3f, 0xf8, 0x42, 0x46, 0x8a, 0xa6, 0x78,
    0x20, 0x1f, 0x0, 0xf1, 0x3a, 0xb4, 0x4d, 0x52,
    0xf3, 0x7b, 0xfe, 0xed, 0xcb, 0xaa, 0x4c, 0x3f,
    0x88, 0x11, 0x80, 0x7a, 0x2a, 0x5d, 0x95, 0x48,
    0x64, 0x25, 0x76, 0x10, 0xf, 0xc5, 0x49, 0x46,
    0x1, 0xff, 0xc5, 0x54, 0x43, 0x80, 0x7f, 0x25,
    0xa8, 0x7, 0xff, 0x1b, 0xc0, 0x3f, 0xfd, 0xa2,
    0x3f, 0xe0, 0x8, 0x47, 0xfe, 0x0, 0xfe, 0xae,
    0xef, 0xf3, 0x80, 0x23, 0xbb, 0xfd, 0xa0, 0x1f,
    0x9c, 0x3, 0xff, 0x98, 0x42, 0x1, 0xf4, 0xb3,
    0x7f, 0x8c, 0x0, 0x6c, 0xdf, 0xe9, 0x10, 0xf,
    0x92, 0x67, 0xfc, 0x80, 0xa, 0x99, 0xff, 0x30,
    0x7, 0xff, 0xfc, 0x3, 0xff, 0xfe, 0x1, 0xff,
    0xcd, 0xcf, 0xff, 0xfe, 0xb, 0x80, 0x27, 0xff,
    0xff, 0x83, 0xa0, 0x3, 0x0, 0xff, 0xe9, 0x10,
    0x84, 0xa2, 0x7f, 0xf4, 0xa0, 0x40,

    /* U+8272 "色" */
    0x0, 0xff, 0x9f, 0x58, 0x3, 0xff, 0xa4, 0x70,
    0x54, 0x1, 0xff, 0xd2, 0xe0, 0x4, 0x80, 0x70,
    0x8c, 0x1, 0xff, 0xc9, 0x82, 0x0, 0x57, 0xff,
    0x77, 0x5f, 0x0, 0x1f, 0xfc, 0x65, 0x70, 0xf,
    0xfe, 0xb, 0x98, 0x7, 0xff, 0x10, 0xe8, 0x0,
    0xab, 0xfc, 0x1, 0x21, 0x80, 0x7f, 0xf0, 0xcb,
    0x40, 0x11, 0x55, 0xfb, 0xc0, 0x3, 0x40, 0x1f,
    0xfc, 0x32, 0xc1, 0x6, 0x70, 0xf, 0x8e, 0x80,
    0x1a, 0x20, 0x1f, 0xfc, 0x23, 0xc1, 0x4, 0x90,
    0xf, 0x8b, 0x40, 0x14, 0x60, 0x1f, 0xfc, 0x25,
    0xc1, 0x2, 0xa0, 0xf, 0x87, 0xc4, 0x19, 0x40,
    0x3f, 0xf8, 0x53, 0x40, 0x11, 0x77, 0xff, 0xdc,
    0x40, 0x6, 0xff, 0xfd, 0x40, 0x1d, 0xac, 0x1,
    0xff, 0xce, 0x50, 0xe, 0x20, 0x3, 0x8, 0x1,
    0x57, 0xf0, 0x0, 0x55, 0x7f, 0x0, 0x7e, 0x82,
    0xb9, 0x0, 0xd, 0x57, 0xe0, 0x1, 0x55, 0x7e,
    0x20, 0xf, 0x9f, 0x50, 0x3, 0xff, 0xfe, 0x1,
    0xff, 0xf4, 0x1b, 0xbf, 0xc0, 0x3, 0xbb, 0xfb,
    0x8, 0x3, 0xff, 0x84, 0x89, 0xf8, 0x2, 0x44,
    0xf8, 0xc0, 0x3f, 0xfb, 0xa, 0x1, 0xff, 0xf,
    0xff, 0xff, 0x26, 0x80, 0x3f, 0xff, 0xe0, 0x1f,
    0xfd, 0x7, 0x40, 0xf, 0xfe, 0x9a, 0x45, 0x98,
    0x7, 0xff, 0x48, 0xc0, 0xa, 0x1, 0xff, 0xd2,
    0xe0, 0x1, 0x80, 0x71, 0x80, 0x80, 0x7f, 0xf2,
    0x9c, 0x0, 0xe0, 0x1c, 0xc0, 0x7, 0x0, 0xff,
    0xe4, 0x40, 0x80, 0x90, 0x7, 0x68, 0x2, 0x3a,
    0xea, 0xbf, 0xf8, 0x97, 0xce, 0x0, 0x90, 0xf,
    0x32, 0x0, 0x5, 0x15, 0x7f, 0xf8, 0x88, 0x20,
    0x4, 0x70, 0xf, 0xae, 0xcc, 0x62, 0x1, 0xff,
    0xc5, 0x25, 0xab, 0x0, 0x0,

    /* U+8282 "节" */
    0x0, 0xfe, 0x10, 0xf, 0xfe, 0x0, 0x80, 0x7f,
    0xf1, 0x9b, 0xb8, 0x20, 0x1f, 0x8b, 0xf9, 0x80,
    0x3f, 0xf8, 0xbe, 0x2, 0xa0, 0x1f, 0x9c, 0x1,
    0x80, 0x1f, 0xfc, 0x53, 0x0, 0xff, 0xeb, 0x88,
    0x7, 0xff, 0x26, 0xff, 0xfe, 0x50, 0x5, 0x7f,
    0xfe, 0xa0, 0x2, 0xff, 0xfd, 0x80, 0x80, 0x1f,
    0xfd, 0x23, 0x9, 0x54, 0x4f, 0x8, 0x0, 0xd1,
    0x3f, 0x18, 0x0, 0x51, 0x3c, 0xb2, 0xd, 0x57,
    0x7e, 0x40, 0x4, 0x5d, 0xfe, 0x90, 0x2, 0x5d,
    0xfa, 0x98, 0x3, 0xff, 0xbc, 0x60, 0x1f, 0xf0,
    0x80, 0x7f, 0xf2, 0x29, 0x19, 0x0, 0x3f, 0x22,
    0xa4, 0x80, 0x7f, 0xf1, 0x4e, 0xe4, 0x3, 0xfd,
    0x56, 0x60, 0x1f, 0xe2, 0xbc, 0xcf, 0xfe, 0x65,
    0x8, 0x7, 0x2a, 0x19, 0xff, 0xf3, 0x15, 0x80,
    0x39, 0x0, 0x3f, 0xf9, 0xde, 0x1, 0xc7, 0xff,
    0xfb, 0x80, 0x3, 0xff, 0xff, 0x38, 0x7, 0xff,
    0x53, 0x80, 0x3f, 0xff, 0xe0, 0x1f, 0xff, 0xf0,
    0xf, 0xff, 0xf8, 0x7, 0xff, 0x68, 0x40, 0x3f,
    0xf9, 0xcd, 0xdd, 0xd0, 0x0, 0xf0, 0xf, 0xfe,
    0x5e, 0x8, 0xf0, 0x4, 0xa0, 0x1f, 0xfc, 0xb8,
    0x30, 0x8, 0x49, 0x70, 0x80, 0x3f, 0xf9, 0x65,
    0x9f, 0xf7, 0x6d, 0x18, 0x7, 0xff, 0xfc, 0x3,
    0xc2, 0x1, 0xff, 0xd5, 0x40, 0x70, 0xf, 0xfe,
    0x38,

    /* U+8299 "芙" */
    0x0, 0xf8, 0x44, 0x1, 0xff, 0xc2, 0x21, 0x0,
    0xff, 0xe1, 0x1f, 0x71, 0x0, 0x3f, 0xf8, 0xd,
    0xbc, 0x20, 0x1f, 0xfc, 0x16, 0x0, 0x18, 0x7,
    0xff, 0x3, 0xc0, 0x4, 0x1, 0xff, 0xc1, 0x30,
    0xf, 0xfe, 0x33, 0x80, 0x7c, 0xff, 0xfd, 0x20,
    0x8, 0xff, 0xdc, 0x47, 0xdf, 0xf9, 0x80, 0x17,
    0xff, 0xd6, 0x18, 0x1, 0xff, 0xc1, 0x16, 0x51,
    0x0, 0xff, 0xe0, 0xa0, 0x43, 0x2a, 0xe3, 0x0,
    0x1a, 0xae, 0x74, 0x67, 0x55, 0xc4, 0x0, 0x45,
    0x5c, 0xd4, 0x7, 0x35, 0x5c, 0x0, 0xba, 0xad,
    0x0, 0x8, 0xaa, 0xc8, 0x0, 0xfa, 0xad, 0x2a,
    0x1, 0xf1, 0x80, 0x7e, 0x32, 0x0, 0xfc, 0xe0,
    0x1f, 0xfc, 0x16, 0x0, 0x18, 0x6, 0x7c, 0xd2,
    0x0, 0xde, 0x0, 0x20, 0xf, 0xfe, 0x9, 0xff,
    0x20, 0x6, 0xe0, 0x3, 0x0, 0x66, 0xef, 0x10,
    0xf, 0xfe, 0x18, 0x80, 0x7f, 0xf0, 0x84, 0x3,
    0xff, 0x80, 0xb1, 0x1f, 0xe5, 0x0, 0x74, 0x47,
    0xf9, 0xc0, 0x3c, 0x34, 0xef, 0xfe, 0x30, 0x2,
    0xbb, 0xff, 0xa1, 0x40, 0x38, 0x44, 0x1, 0xff,
    0xcd, 0x60, 0xf, 0x77, 0x7f, 0xcc, 0x0, 0xae,
    0xef, 0xf7, 0x98, 0x7, 0xc2, 0x3f, 0xe0, 0x8,
    0x47, 0xfe, 0x0, 0xff, 0xe3, 0x98, 0x7, 0xff,
    0x9c, 0xea, 0xbf, 0xf8, 0x28, 0x0, 0xfa, 0xaf,
    0xfe, 0xa, 0x4, 0x2a, 0xff, 0xf0, 0x44, 0x0,
    0x8a, 0xbf, 0xfc, 0x18, 0x3, 0x0, 0xff, 0xe9,
    0x28, 0x47, 0xf7, 0x7f, 0xce, 0x1, 0x97, 0xbb,
    0xff, 0x81, 0x20, 0x10, 0x8f, 0xfc, 0xc0, 0x2,
    0x5, 0x31, 0x1f, 0xf8, 0x3, 0xff, 0x85, 0x22,
    0xb, 0x20, 0xe, 0x0, 0xff, 0xe6, 0x2b, 0x0,
    0x21, 0x10, 0x7, 0x20, 0x1f, 0xfc, 0xa6, 0xa0,
    0x4, 0x10, 0x50, 0x83, 0x40, 0x7, 0xff, 0x22,
    0x24, 0x0, 0xae, 0x0, 0x1d, 0x0, 0x3d, 0x0,
    0x7f, 0xf1, 0x4f, 0x1c, 0x0, 0xb4, 0x1, 0x8e,
    0x80, 0xb, 0xa6, 0x1, 0xff, 0xc1, 0x29, 0xc3,
    0x0, 0x35, 0x0, 0x79, 0x6c, 0x0, 0x59, 0x44,
    0x1, 0xfc, 0xb7, 0xac, 0x0, 0x1b, 0x90, 0xf,
    0xc9, 0x84, 0x0, 0x5d, 0xc6, 0x10, 0x8, 0xeb,
    0xe9, 0x0, 0x27, 0xe4, 0x0, 0xff, 0x1e, 0xb8,
    0x4, 0x73, 0xdc, 0xa0, 0xe5, 0x0, 0x86, 0x3a,
    0x0, 0x3f, 0xf8, 0x51, 0xcc, 0x20, 0x10, 0xa9,
    0x40, 0x89, 0xaf, 0x9c, 0x40, 0x3f, 0xf8, 0x83,
    0x3d, 0x4a, 0x21, 0x4,

    /* U+83DC "菜" */
    0x0, 0xfe, 0x10, 0xf, 0xfe, 0x10, 0x80, 0x7f,
    0xf1, 0x53, 0xbc, 0x80, 0x3f, 0xed, 0xe9, 0x0,
    0xff, 0xe2, 0x18, 0x1, 0xc0, 0x3f, 0xe2, 0x5,
    0x0, 0xfe, 0x48, 0x8f, 0x60, 0x3, 0xe2, 0x23,
    0x0, 0x34, 0x46, 0x0, 0x14, 0x47, 0x8c, 0x1,
    0x6e, 0xfe, 0x40, 0x2, 0xbb, 0xda, 0x5, 0x2e,
    0xf8, 0x0, 0x2e, 0xfe, 0xf0, 0x1, 0x80, 0x7f,
    0xf0, 0x50, 0x8, 0xc0, 0x3f, 0xf8, 0x28, 0x0,
    0xcf, 0xff, 0x40, 0x2, 0xbf, 0xea, 0x0, 0x67,
    0xfe, 0x0, 0x1f, 0xff, 0xa0, 0x3, 0xf8, 0x40,
    0x2, 0x1, 0xff, 0x10, 0x28, 0x7, 0xff, 0x11,
    0xa6, 0x90, 0x3, 0xfe, 0xe7, 0x1b, 0xd8, 0x0,
    0xff, 0xe1, 0x32, 0x88, 0x88, 0xd5, 0x9e, 0x6b,
    0x3b, 0xf1, 0xdc, 0x84, 0xf2, 0x1, 0xe2, 0xac,
    0xdd, 0x77, 0x3f, 0xdd, 0xcd, 0xca, 0x98, 0x65,
    0x31, 0x0, 0xe3, 0x6d, 0x0, 0xf2, 0x29, 0x91,
    0x4, 0x40, 0x1f, 0xe1, 0x34, 0x69, 0xbd, 0xfc,
    0x94, 0x0, 0xf3, 0x30, 0xd1, 0xa, 0xa6, 0x77,
    0x44, 0xd5, 0x37, 0xbf, 0xb2, 0xe5, 0x90, 0x80,
    0xa5, 0x40, 0x3e, 0x9c, 0x8a, 0xaa, 0x62, 0xe,
    0xd9, 0x50, 0x20, 0x1f, 0xdc, 0xd4, 0x40, 0x1f,
    0x46, 0x79, 0x0, 0x78, 0xc1, 0x5c, 0x3, 0xf2,
    0x98, 0x9, 0x0, 0x7d, 0xe0, 0x38, 0x20, 0x1d,
    0x0, 0x8, 0x0, 0xfd, 0x0, 0xb, 0x0, 0xfc,
    0xe4, 0x3, 0x40, 0x1c, 0x4a, 0x0, 0x40, 0xf,
    0x39, 0x2, 0xa8, 0x3, 0xfa, 0x0, 0x8, 0x40,
    0x1d, 0x80, 0x1f, 0x8a, 0x0, 0x6c, 0x3, 0xfc,
    0xa8, 0x0, 0x10, 0xe, 0x66, 0x4a, 0x0, 0x74,
    0x0, 0x28, 0x40, 0x3f, 0xea, 0x8b, 0x30, 0xe,
    0x66, 0x49, 0x80, 0x77, 0x9c, 0xa0, 0x7, 0xff,
    0x0, 0x5d, 0x0, 0x3d, 0xe0, 0x6, 0x0, 0xe5,
    0xc6, 0x0, 0xfc, 0x93, 0x3f, 0xfc, 0x14, 0x0,
    0x74, 0xcf, 0xff, 0x5, 0x0, 0x12, 0xcd, 0xff,
    0xc1, 0x20, 0x2, 0x33, 0x7f, 0xf0, 0x6c, 0x0,
    0x80, 0x1f, 0xfd, 0x24, 0x0, 0x4f, 0xff, 0xf9,
    0x80, 0x3f, 0x3f, 0xff, 0xfa, 0xc0, 0x3f, 0xe1,
    0xb6, 0x2, 0x50, 0x4, 0x10, 0x3d, 0x8, 0x7,
    0xff, 0x1d, 0x7d, 0x0, 0xf0, 0xc0, 0x3, 0x84,
    0xb, 0xe8, 0x1, 0xff, 0xc4, 0x2a, 0xa0, 0x82,
    0xe0, 0x80, 0x61, 0xd5, 0x1, 0xbb, 0x10, 0x7,
    0xff, 0x0, 0x63, 0x54, 0x1, 0x34, 0x1, 0xfa,
    0xa0, 0x0, 0x9b, 0x44, 0x1, 0xf8, 0xa7, 0x9c,
    0x0, 0x7a, 0xc0, 0x1f, 0xe7, 0xd3, 0x0, 0x2e,
    0xda, 0x80, 0x66, 0xcd, 0x60, 0x0, 0xce, 0x10,
    0x7, 0xff, 0x0, 0xb2, 0x84, 0x0, 0x95, 0xf4,
    0x5, 0x26, 0x1, 0x3f, 0xb0, 0x7, 0xff, 0x11,
    0x7a, 0x48, 0x2, 0x40, 0x28, 0x2, 0x8e, 0x81,
    0x0, 0xff, 0x18, 0x7, 0xe6, 0xdb, 0x55, 0x60,
    0x1, 0xff, 0x5c, 0x40, 0x3f, 0xb4, 0x44, 0xe0,
    0x1f, 0xe4, 0xaa, 0x10, 0x0,

    /* U+8428 "萨" */
    0x0, 0xff, 0x11, 0x0, 0x3f, 0xc4, 0x60, 0x1f,
    0xfc, 0x75, 0xdd, 0x20, 0x7, 0xe2, 0xdc, 0x60,
    0xf, 0xfe, 0x31, 0x0, 0x8, 0x3, 0xf3, 0x80,
    0x38, 0x3, 0xfc, 0x8e, 0xff, 0x60, 0x3, 0x5d,
    0xff, 0x78, 0x1, 0x1d, 0xfe, 0x40, 0x5, 0xc4,
    0x7c, 0x80, 0x4, 0x88, 0xfc, 0xa0, 0x3, 0x88,
    0xfa, 0xc8, 0x8, 0x3, 0xff, 0xa4, 0x26, 0x1b,
    0xff, 0xf3, 0x80, 0x23, 0xff, 0xf5, 0x0, 0x1b,
    0xff, 0xee, 0x10, 0xf, 0xee, 0x0, 0x10, 0x7,
    0xfd, 0xe0, 0x1f, 0xfc, 0x66, 0xaa, 0x28, 0x7,
    0xee, 0x7, 0x60, 0xf, 0xfe, 0x3, 0x44, 0x53,
    0x36, 0x20, 0x7, 0xf2, 0x3, 0x0, 0x7f, 0xf0,
    0x22, 0x5d, 0xe6, 0x6d, 0xa0, 0x1f, 0xce, 0x3,
    0x0, 0x1f, 0xf0, 0x80, 0x7f, 0xc8, 0xcd, 0xef,
    0x0, 0x1b, 0x37, 0x8c, 0x3, 0x18, 0x3, 0x7b,
    0x94, 0x0, 0xb0, 0x4b, 0x99, 0xf4, 0x0, 0x12,
    0x67, 0xd8, 0x20, 0x1e, 0x21, 0x16, 0x0, 0x18,
    0x1c, 0x3, 0xff, 0x8a, 0x22, 0x0, 0xfe, 0x70,
    0x61, 0x3, 0xfe, 0xe4, 0x4, 0xf7, 0x79, 0x82,
    0xbb, 0xa0, 0xf, 0xe5, 0x10, 0xb0, 0xc, 0x22,
    0xb0, 0x80, 0x11, 0xc6, 0xc1, 0xe2, 0x20, 0xf,
    0xf4, 0x82, 0x10, 0x7, 0xac, 0x6, 0x40, 0x34,
    0x0, 0x38, 0x3, 0xff, 0x80, 0x61, 0x80, 0x1f,
    0x39, 0x6, 0x80, 0x46, 0xa0, 0xc8, 0x1, 0xff,
    0xc0, 0x40, 0x92, 0x0, 0x1e, 0xff, 0xc4, 0x15,
    0xff, 0x60, 0x1, 0xbf, 0xf4, 0x0, 0x7e, 0xa1,
    0x17, 0x80, 0x28, 0x80, 0x3f, 0xf8, 0xaa, 0x1,
    0xf8, 0x74, 0x9, 0xc0, 0xc0, 0xa, 0xef, 0xff,
    0xc3, 0xe0, 0xf, 0xe3, 0x30, 0x50, 0x6, 0xb8,
    0x8f, 0xfe, 0x19, 0x80, 0x7f, 0x90, 0x8, 0x40,
    0x3f, 0xfa, 0x5e, 0x0, 0x30, 0xf, 0xfe, 0x97,
    0x80, 0xc, 0x40, 0x2, 0x1, 0xff, 0xcb, 0x13,
    0x57, 0x1, 0x13, 0x80, 0x7f, 0xf3, 0xaf, 0x28,
    0x0, 0xc0, 0x60, 0x40, 0x1f, 0xfc, 0xc9, 0x10,
    0x18, 0x81, 0x0, 0x1c, 0x3, 0xff, 0x98, 0x7d,
    0xfc, 0xe0, 0xa0, 0xc, 0x0, 0xff, 0xe9, 0x50,
    0x1, 0x0, 0x3f, 0xfa, 0x2a, 0x40, 0x64, 0x1,
    0xff, 0xd0, 0x2a, 0x0, 0x48, 0x7, 0xff, 0x24,
    0xc0, 0x3e, 0xb0, 0x2, 0x28, 0x7, 0xff, 0x27,
    0x1, 0x0, 0x3a, 0xc8, 0xec, 0x3, 0xff, 0x90,

    /* U+85AF "薯" */
    0x0, 0xff, 0xef, 0x37, 0xf0, 0x80, 0x7f, 0xcd,
    0xfa, 0x20, 0x1f, 0xfc, 0x3c, 0x1, 0x50, 0xf,
    0xfb, 0x40, 0x94, 0x3, 0xf6, 0xff, 0xf9, 0x40,
    0x17, 0xff, 0x70, 0x86, 0xff, 0xe4, 0x0, 0x5f,
    0xff, 0xa0, 0x8, 0x3, 0xff, 0x82, 0x24, 0x4,
    0x1, 0xff, 0xc2, 0x20, 0xca, 0x99, 0xe3, 0x0,
    0x3c, 0xcd, 0x66, 0x19, 0x53, 0x31, 0x80, 0x1e,
    0x67, 0xaa, 0xc0, 0xd5, 0x9b, 0xa4, 0x8e, 0x19,
    0xa4, 0x0, 0x1a, 0xb3, 0x52, 0x27, 0xc, 0xdc,
    0xa2, 0x1, 0x9f, 0x32, 0x91, 0xc, 0xcf, 0xfe,
    0x4, 0x90, 0x66, 0x67, 0x0, 0xf0, 0xc1, 0x9f,
    0xff, 0x36, 0x0, 0x3c, 0x60, 0x3, 0xaa, 0xe0,
    0x2, 0xd5, 0x70, 0x1, 0x6a, 0xb8, 0x80, 0x2,
    0x1, 0xf9, 0x57, 0xc0, 0xd, 0x55, 0xe0, 0x1,
    0x2a, 0xf3, 0x0, 0x7f, 0xf5, 0x5c, 0x3, 0xfe,
    0x6f, 0xfe, 0x0, 0x47, 0xff, 0x0, 0x1f, 0xff,
    0x8c, 0x3, 0xf1, 0x10, 0x3, 0xff, 0x9a, 0x42,
    0x1, 0xed, 0xd6, 0x67, 0xd6, 0x0, 0x3c, 0xcf,
    0xfe, 0x4, 0xe0, 0x7, 0xe2, 0x2f, 0xcc, 0x1,
    0x11, 0x7c, 0x67, 0xf, 0xcf, 0x88, 0x7, 0x93,
    0xfb, 0xbe, 0xd0, 0x1, 0xf7, 0x7d, 0xec, 0x98,
    0x60, 0x82, 0x1, 0xe1, 0x0, 0xff, 0xe4, 0x45,
    0x88, 0x45, 0x0, 0x7c, 0xbf, 0xdd, 0xf6, 0x80,
    0xf, 0xbb, 0xb1, 0x40, 0x40, 0xf5, 0xc0, 0x3f,
    0xc2, 0x3f, 0x18, 0x4, 0x23, 0x1d, 0xe2, 0x80,
    0xd6, 0x10, 0x7, 0xe, 0x77, 0x7f, 0xde, 0x0,
    0x3e, 0xeb, 0x54, 0x2, 0x1b, 0xee, 0xf3, 0x19,
    0x84, 0x7f, 0xf8, 0x0, 0x10, 0x8c, 0x1, 0xe1,
    0x1f, 0xbc, 0xb2, 0xab, 0xfc, 0xe4, 0x1, 0xc7,
    0x35, 0x5f, 0xfc, 0x8, 0x3, 0x55, 0xf8, 0x72,
    0xdc, 0x80, 0x2, 0xfb, 0x8c, 0xab, 0xff, 0xc0,
    0x10, 0xe, 0x26, 0xaf, 0xb6, 0x10, 0xc, 0x2d,
    0x9d, 0xdf, 0xea, 0x0, 0xe4, 0x7b, 0xed, 0x95,
    0x0, 0xfe, 0x11, 0xff, 0xe0, 0x29, 0x80, 0x55,
    0x70, 0x82, 0x0, 0x10, 0x2, 0xf7, 0x7f, 0xf1,
    0x10, 0x0, 0xe0, 0x17, 0x80, 0x9, 0xab, 0xb4,
    0x0, 0x42, 0x3f, 0xfc, 0x42, 0x0, 0xf2, 0xff,
    0xb6, 0x54, 0x40, 0x27, 0xee, 0xff, 0xe2, 0x30,
    0x7, 0xff, 0x14, 0x47, 0xff, 0x88, 0x1, 0xff,
    0xc5, 0x7f, 0xff, 0xfe, 0x23, 0x0, 0x7f, 0xf1,
    0x8, 0x3, 0xff, 0x88, 0x60, 0x1f, 0xfc, 0x11,
    0x0, 0x2f, 0xff, 0xff, 0x11, 0x40, 0xe, 0x1,
    0xfe, 0x24, 0x0, 0xff, 0xe4, 0x19, 0x80, 0x20,

    /* U+86CB "蛋" */
    0x0, 0x9a, 0x23, 0xf4, 0xcf, 0xff, 0xe, 0xaa,
    0x81, 0x0, 0xc7, 0x2e, 0xff, 0x99, 0xbf, 0xf8,
    0x6a, 0xb3, 0xd0, 0x6, 0x22, 0x0, 0x7f, 0xf3,
    0xc8, 0x3, 0xe, 0xff, 0xed, 0xcf, 0xfe, 0x80,
    0x4, 0xff, 0xff, 0x20, 0x2, 0xc0, 0x3f, 0x8b,
    0x71, 0x40, 0x3f, 0xf8, 0x84, 0x80, 0xa4, 0x1,
    0xfd, 0x60, 0x3, 0x0, 0xfb, 0x91, 0x3c, 0x63,
    0x60, 0x9, 0x0, 0xff, 0x30, 0x1, 0x80, 0x3e,
    0x7b, 0xbf, 0x66, 0x3c, 0x5c, 0xc0, 0x3f, 0x9c,
    0x2, 0x50, 0xf, 0xfe, 0x1b, 0xb7, 0x40, 0x7,
    0xf1, 0x40, 0x5, 0x4a, 0x1, 0xe9, 0xff, 0xfa,
    0x80, 0x3f, 0xe1, 0xe0, 0x3, 0x88, 0x55, 0x98,
    0x7, 0xff, 0x2c, 0x74, 0xc0, 0xe3, 0x8, 0x13,
    0x3a, 0x40, 0x1c, 0x42, 0x20, 0xf, 0xf0, 0x80,
    0x47, 0x86, 0x3, 0xa0, 0x58, 0xa0, 0x1, 0x10,
    0x1, 0xf7, 0xb9, 0xff, 0xfe, 0xe2, 0x8, 0xc2,
    0x0, 0x60, 0x80, 0x6, 0xb5, 0xcc, 0x3, 0xff,
    0x8a, 0x44, 0x47, 0x0, 0xe, 0x10, 0x7, 0x14,
    0x67, 0xed, 0xd4, 0x44, 0xef, 0xfd, 0x1e, 0xa,
    0x0, 0x3f, 0x30, 0xf, 0xe3, 0xdb, 0x67, 0x7a,
    0x23, 0xf9, 0xc8, 0x6, 0xeb, 0x4, 0x3, 0xfc,
    0xa0, 0x5, 0x0, 0xff, 0xe2, 0x22, 0x80, 0xdf,
    0x77, 0xf4, 0x0, 0x27, 0xbb, 0xfb, 0x8, 0x3,
    0xf3, 0xa0, 0x8f, 0xf8, 0x2, 0x11, 0xfe, 0x3a,
    0x0, 0xfc, 0x20, 0x6, 0xaa, 0xf9, 0x80, 0xb,
    0x55, 0xf3, 0x0, 0x4, 0x3, 0xfe, 0xd5, 0x5f,
    0xbc, 0x1, 0xaa, 0xbf, 0x68, 0x7, 0xff, 0x90,
    0x80, 0x3f, 0xf8, 0xc4, 0x1, 0xff, 0xc2, 0x9f,
    0xff, 0xa4, 0x1, 0x1f, 0xff, 0x48, 0x7, 0xfc,
    0x80, 0x1f, 0xfc, 0xcc, 0x0, 0xfc, 0x7b, 0x77,
    0xfc, 0xc0, 0x6, 0xbb, 0xd4, 0x9, 0x76, 0xd5,
    0x0, 0xfe, 0x24, 0x4f, 0xef, 0x0, 0x72, 0x26,
    0x10, 0x48, 0x62, 0x0, 0xff, 0xe8, 0x22, 0x0,
    0xf5, 0x40, 0x3f, 0xf8, 0x2, 0x31, 0x14, 0x66,
    0xe0, 0x6, 0xab, 0x31, 0xdc, 0x62, 0x0, 0xa9,
    0x0, 0xe4, 0xff, 0xee, 0xeb, 0x76, 0xcc, 0x38,
    0x1, 0x6a, 0x65, 0x10, 0x71, 0x0, 0x9b, 0x8,
    0x2, 0x30, 0xf, 0xfe, 0x48, 0x88, 0x8d, 0x8,
    0xf, 0xc, 0x0, 0xa8, 0x92, 0xa9, 0x9d, 0xd1,
    0x32, 0xaa, 0x5e, 0x6e, 0xbb, 0xfe, 0xee, 0x6e,
    0x5e, 0xa8, 0xe, 0x80, 0xa, 0xee, 0xaa, 0x4c,
    0x41, 0xd9, 0x8a, 0xa4, 0x32, 0x20, 0x80, 0x7f,
    0x53, 0x84, 0x0,

    /* U+897F "西" */
    0xb, 0xff, 0xff, 0xea, 0x48, 0xa, 0x0, 0x7f,
    0xf5, 0x18, 0x4, 0x40, 0x1f, 0xfd, 0x43, 0x0,
    0x76, 0xef, 0xf9, 0x0, 0x15, 0xbb, 0x9c, 0x0,
    0xdb, 0xbf, 0xec, 0x0, 0x88, 0xbf, 0xc0, 0x13,
    0x11, 0x6f, 0x0, 0x9, 0x17, 0xf8, 0x3, 0xff,
    0xfe, 0x1, 0xff, 0xda, 0x19, 0xbb, 0xf9, 0x40,
    0x1f, 0x77, 0xa8, 0x0, 0xb7, 0x7f, 0x8c, 0x3,
    0xda, 0xc8, 0x9f, 0x8, 0x0, 0xd1, 0x31, 0x0,
    0x9, 0x13, 0xf6, 0x8, 0x7, 0x18, 0x7, 0xff,
    0x45, 0x0, 0x3f, 0x56, 0x67, 0x10, 0x2, 0xb3,
    0x33, 0x0, 0x17, 0x33, 0xac, 0x40, 0x3f, 0xe5,
    0x33, 0xf0, 0x1, 0xc, 0xf7, 0x0, 0x8, 0xcf,
    0x90, 0xc0, 0x3f, 0xf8, 0x82, 0x20, 0x11, 0x0,
    0x7f, 0xf4, 0xd0, 0x0, 0xa0, 0x1f, 0xfd, 0x4e,
    0x0, 0x68, 0x7, 0xff, 0x4c, 0xd0, 0x0, 0xc0,
    0x1f, 0xfd, 0x22, 0xd0, 0x4, 0x0, 0x7f, 0x10,
    0x7, 0xff, 0x21, 0x30, 0x40, 0xdc, 0x3, 0xc2,
    0x0, 0x5e, 0xe6, 0xed, 0x84, 0x1, 0xff, 0xc,
    0x58, 0x81, 0xe8, 0x7, 0xc8, 0x1, 0x8, 0x88,
    0xa3, 0x0, 0xff, 0xe0, 0x4b, 0x80, 0x13, 0x4,
    0x3, 0xe2, 0x70, 0xf, 0xfe, 0x47, 0x80, 0x22,
    0xc0, 0x3f, 0xd1, 0xd9, 0x77, 0xe1, 0x0, 0xff,
    0x9a, 0xf9, 0xc0, 0x3f, 0xf8, 0x2, 0x68, 0x9e,
    0x30, 0xf, 0xf8, 0x50, 0x40, 0x3f, 0xff, 0xe0,
    0x1f, 0xff, 0x61, 0x0, 0xff, 0xe5, 0x98, 0x7,
    0xfd, 0xdf, 0xff, 0xfc, 0xb1, 0x0, 0xfc, 0x20,
    0x1f, 0xfd, 0x16, 0x0, 0xea, 0x10, 0xf, 0xfe,
    0x7c, 0x18, 0x0,

    /* U+8981 "要" */
    0x1, 0x89, 0x9f, 0xfe, 0x84, 0x0, 0x4e, 0xe6,
    0x6f, 0xfe, 0x83, 0xb0, 0x1, 0x44, 0x3, 0xff,
    0xa0, 0x2a, 0x0, 0x3e, 0xff, 0xfc, 0x60, 0xf,
    0xfe, 0x90, 0x4, 0xff, 0xfe, 0xe3, 0x0, 0xff,
    0xed, 0x89, 0x9f, 0x80, 0x23, 0x3e, 0xe0, 0x0,
    0x99, 0xf8, 0x80, 0x3e, 0x6e, 0xcc, 0xf1, 0x80,
    0x33, 0x39, 0xc0, 0x11, 0x99, 0xed, 0xa0, 0xf,
    0x68, 0x7, 0xff, 0x39, 0x40, 0x3f, 0xab, 0x33,
    0x10, 0x3, 0x33, 0x9c, 0x0, 0xf9, 0x9c, 0x1,
    0xff, 0xc0, 0x43, 0x3c, 0x20, 0x3, 0x3e, 0xe0,
    0x7, 0x19, 0xf0, 0x80, 0x7f, 0xff, 0xc0, 0x32,
    0x91, 0x60, 0x8, 0x8b, 0x84, 0x0, 0x24, 0x58,
    0xc4, 0x3, 0xfe, 0xbd, 0xdc, 0x60, 0xd, 0xde,
    0x80, 0x4, 0x6e, 0xec, 0x0, 0xfe, 0xc0, 0xf,
    0xfe, 0x72, 0x0, 0x79, 0xf2, 0xef, 0xf5, 0x5d,
    0xff, 0xf0, 0xf2, 0xc0, 0x3e, 0x34, 0x4f, 0x2c,
    0xd6, 0xa2, 0x7f, 0xf0, 0x8c, 0x3, 0xff, 0x87,
    0x4, 0x2, 0x1, 0xfc, 0x2a, 0x20, 0x1f, 0xfc,
    0x52, 0x60, 0x4, 0x80, 0x7f, 0x6d, 0x78, 0x7,
    0xe5, 0x88, 0xfd, 0xe0, 0x2, 0x98, 0x8f, 0xd2,
    0x60, 0x31, 0x1c, 0xa0, 0xa, 0x77, 0xfc, 0x40,
    0x2, 0x77, 0xfe, 0x60, 0x9, 0xdf, 0xa8, 0x0,
    0x80, 0x1f, 0xfd, 0x24, 0x0, 0x5f, 0xff, 0x90,
    0x0, 0xff, 0xff, 0xd8, 0x1, 0x57, 0xff, 0xac,
    0x3, 0xf3, 0xa0, 0x1c, 0x0, 0x7e, 0x3d, 0x0,
    0x2a, 0x80, 0x3f, 0xf8, 0x47, 0x0, 0xa, 0x0,
    0xfc, 0x9a, 0x20, 0x74, 0x1, 0xff, 0xc3, 0x80,
    0xa, 0x7f, 0x69, 0xd0, 0x42, 0x6c, 0x40, 0xb4,
    0x3, 0xff, 0x89, 0xc, 0x60, 0x11, 0x2c, 0x5f,
    0x7b, 0x0, 0x13, 0x44, 0x3, 0xff, 0x88, 0x73,
    0x9f, 0xb4, 0xc2, 0x1, 0xf2, 0x64, 0x20, 0x7,
    0xff, 0x18, 0xd7, 0xdc, 0x40, 0x30, 0x80, 0x46,
    0xf7, 0xf6, 0xe4, 0x1, 0xe1, 0x57, 0x89, 0xce,
    0xfc, 0x85, 0x10, 0x1, 0x47, 0x73, 0x65, 0x44,
    0x2, 0x48, 0xde, 0x93, 0x0, 0xae, 0xa1, 0xd8,
    0xc4, 0x3, 0x1c, 0x66, 0xb8, 0x81, 0x35, 0x76,
    0xc1, 0x80, 0x42, 0xde, 0x1, 0x70, 0x6, 0x24,
    0x69, 0xcf, 0xc7, 0x30, 0xf, 0xc4, 0xf9, 0xd2,
    0x60, 0xba, 0x1, 0x27, 0x6f, 0x7e, 0xdc, 0xb1,
    0x80, 0x7f, 0xf0, 0xc5, 0xb3, 0xe8, 0x40, 0x0,

    /* U+89E3 "解" */
    0x0, 0xe4, 0xea, 0x0, 0xff, 0xe9, 0xf8, 0xa8,
    0x7, 0xf1, 0x2a, 0xff, 0xf0, 0x50, 0x3, 0xe4,
    0x5, 0x0, 0x8, 0x7, 0xb6, 0xab, 0xff, 0x83,
    0x6c, 0x1, 0xca, 0x0, 0x5f, 0xf7, 0x7e, 0x10,
    0x4, 0x20, 0x1f, 0xfc, 0x2f, 0x0, 0xef, 0x0,
    0xf8, 0xd4, 0x2, 0xed, 0xda, 0x0, 0x13, 0xbb,
    0xa8, 0x0, 0x20, 0x18, 0x54, 0x12, 0xaa, 0x10,
    0x2, 0x80, 0x62, 0x2b, 0x0, 0xe, 0x45, 0x90,
    0x1, 0xe0, 0x1a, 0x40, 0x12, 0xaa, 0x41, 0x5,
    0x20, 0xf, 0x90, 0xc, 0x40, 0x31, 0x0, 0x4,
    0x2, 0x17, 0x4, 0x20, 0x3, 0x0, 0x20, 0x3,
    0xe7, 0x0, 0x58, 0x7, 0x38, 0x0, 0x80, 0x2b,
    0x0, 0x68, 0x8d, 0x20, 0x86, 0x22, 0x0, 0xc3,
    0x0, 0x7, 0x0, 0xe2, 0x0, 0x38, 0x1, 0x94,
    0x1, 0x3d, 0xd0, 0x82, 0x77, 0x56, 0x1, 0x50,
    0x2, 0x0, 0x3d, 0x80, 0x3, 0x2, 0x90, 0xf,
    0xfe, 0xa, 0x0, 0x29, 0x0, 0xdc, 0x0, 0xae,
    0xe8, 0x50, 0x20, 0x3, 0x0, 0x68, 0xcc, 0x10,
    0x46, 0x61, 0x80, 0x9, 0xca, 0x5, 0xa0, 0x15,
    0x44, 0x1c, 0x1, 0x40, 0x4, 0xa7, 0x0, 0x11,
    0x98, 0x0, 0x46, 0x6f, 0x0, 0x70, 0x82, 0x60,
    0x80, 0x54, 0x40, 0x2, 0x87, 0x0, 0x96, 0x40,
    0x3f, 0xf8, 0x37, 0x37, 0x48, 0x1, 0x37, 0xcf,
    0xfb, 0x5c, 0x3, 0xf1, 0x14, 0x0, 0x32, 0x20,
    0x80, 0x5, 0x93, 0x2a, 0x40, 0x12, 0xb0, 0x1,
    0xff, 0xc0, 0x8d, 0xd1, 0x4, 0xee, 0xa0, 0x3,
    0x11, 0x3, 0x80, 0x3f, 0xfa, 0x48, 0x0, 0xe7,
    0x70, 0x0, 0x9d, 0xf8, 0xc0, 0x3d, 0x5f, 0xe2,
    0xa, 0xff, 0x48, 0x6, 0xd0, 0x3, 0x44, 0x0,
    0x3, 0x11, 0xd8, 0x1, 0xff, 0xc6, 0x14, 0x0,
    0xff, 0xe0, 0x98, 0x7, 0xff, 0x1a, 0x0, 0x1d,
    0xff, 0x0, 0xf, 0xff, 0xb0, 0x3, 0xff, 0x8a,
    0x8c, 0xc, 0x20, 0x1f, 0xfc, 0x33, 0x0, 0x5f,
    0x70, 0x82, 0xfb, 0x90, 0x0, 0x30, 0x4, 0x0,
    0x7f, 0xf1, 0x4, 0x0, 0x23, 0x0, 0x4, 0x70,
    0x1, 0xef, 0x44, 0x3, 0xff, 0x88, 0xe0, 0x6,
    0x77, 0xf9, 0x0, 0x2, 0x75, 0x11, 0xc0, 0x2,
    0x88, 0xe7, 0x10, 0x1, 0x0, 0x26, 0x23, 0xed,
    0x0, 0x4c, 0x3b, 0xf8, 0x0, 0x2e, 0xfd, 0x10,
    0x0, 0x70, 0x8, 0x7, 0xfd, 0xa2, 0x1, 0xff,
    0xc2, 0x1c, 0x0, 0x18, 0x10, 0x7, 0xfc, 0xbd,
    0xff, 0xe0, 0x1, 0xff, 0xf7, 0x28, 0x1, 0x41,
    0x40, 0x3f, 0xfa, 0x46, 0x21, 0x80, 0x1f, 0xfd,
    0x2a, 0x0, 0x20, 0x7, 0xff, 0x44, 0x58, 0xc,
    0x40, 0x31, 0x33, 0x5a, 0x1, 0xff, 0xc8, 0x70,
    0x4, 0x80, 0x74, 0x4c, 0xc8, 0x6, 0x1, 0xff,
    0xc6, 0x74, 0x55, 0x0, 0x74, 0x10, 0x0, 0x53,
    0x80, 0x3f, 0x28, 0x58, 0x7, 0xc0,

    /* U+8BA4 "认" */
    0x0, 0xff, 0xe5, 0x8, 0x7, 0xff, 0x51, 0x3b,
    0xc4, 0x3, 0xff, 0x82, 0x3d, 0xc4, 0x0, 0xff,
    0xe0, 0xe0, 0x1, 0x40, 0x3f, 0xf8, 0x2a, 0x22,
    0xb5, 0x0, 0xff, 0xe1, 0x88, 0x7, 0xff, 0x5,
    0x18, 0x1, 0x4c, 0x1, 0xff, 0xc2, 0x10, 0xf,
    0xfe, 0x14, 0xb8, 0x2, 0x60, 0x3, 0xff, 0xa3,
    0x12, 0x0, 0x74, 0x0, 0xff, 0xe8, 0xb4, 0x1,
    0x28, 0x7, 0xf0, 0x80, 0x7f, 0xf2, 0x1f, 0x30,
    0x20, 0x1f, 0xfc, 0x7, 0x0, 0xff, 0xe3, 0x18,
    0x80, 0x7f, 0x8c, 0x3, 0xff, 0xaa, 0x20, 0x1,
    0x0, 0xff, 0xea, 0x98, 0x7, 0xfa, 0xff, 0xfd,
    0xc8, 0x1, 0xff, 0x38, 0x0, 0xc0, 0x3f, 0x85,
    0x0, 0x3c, 0x3e, 0x1, 0xff, 0x10, 0x1, 0xc0,
    0x3f, 0x85, 0x88, 0xb0, 0x80, 0x7f, 0xf0, 0x84,
    0x1, 0xa0, 0x1f, 0xe9, 0xdd, 0xde, 0x1, 0xff,
    0xc1, 0x10, 0x8, 0x80, 0x3f, 0xfa, 0x2a, 0x1,
    0x20, 0x7, 0xff, 0x44, 0x80, 0x21, 0x20, 0xf,
    0xfe, 0x87, 0x80, 0x67, 0x0, 0xff, 0xe8, 0x28,
    0x6, 0xf0, 0xf, 0xfe, 0x81, 0x80, 0x98, 0x20,
    0x7, 0xff, 0x3d, 0x0, 0x8, 0x80, 0x14, 0x0,
    0xff, 0xe7, 0x68, 0x3, 0x2c, 0x1, 0xc0, 0x1f,
    0xfc, 0xe7, 0x0, 0x21, 0x90, 0x28, 0x80, 0x7f,
    0xf1, 0xc8, 0x3, 0x30, 0x81, 0x10, 0x28, 0x0,
    0xc0, 0x1f, 0xfc, 0x51, 0xbd, 0x80, 0xa, 0xc0,
    0x14, 0x0, 0x60, 0x4, 0x80, 0x7f, 0xf0, 0xdd,
    0xdc, 0x81, 0xe0, 0x5, 0x20, 0x3, 0x0, 0x5,
    0x40, 0x60, 0x3, 0xfe, 0x30, 0x1, 0xc0, 0x1,
    0xdc, 0x0, 0x80, 0x3, 0x8, 0x5, 0x0, 0x7,
    0x30, 0xf, 0xf3, 0x80, 0x62, 0xc8, 0x0, 0x41,
    0x0, 0x20, 0x3, 0x13, 0x0, 0x38, 0x3, 0xf8,
    0xac, 0x2, 0x7d, 0x30, 0x2, 0x38, 0x2, 0x4,
    0x3, 0xa4, 0x40, 0xac, 0x3, 0xf4, 0x8, 0x16,
    0x40, 0x4, 0x76, 0x0, 0x37, 0x0, 0xfa, 0x80,
    0x9, 0x62, 0x1, 0xef, 0x6, 0xd3, 0x0, 0x9b,
    0x0, 0x5, 0xa0, 0x1f, 0x92, 0x40, 0x9, 0xe4,
    0x1, 0xcb, 0xf2, 0x1, 0xd0, 0x0, 0x2f, 0x10,
    0xf, 0xe6, 0x80, 0x0, 0xa8, 0x7, 0xff, 0x6,
    0xc1, 0x30, 0x80, 0x3f, 0xe7, 0xb1, 0x57, 0x0,
    0xff, 0xe0, 0xaf, 0xd8, 0x80, 0x7f, 0xf0, 0x53,
    0xa8, 0x0,

    /* U+8BA9 "让" */
    0x0, 0xe1, 0x0, 0xff, 0xe1, 0x47, 0x40, 0x7,
    0xff, 0xe, 0x3a, 0x80, 0x3f, 0xf8, 0x2c, 0x2c,
    0x1, 0xff, 0xc3, 0x40, 0x5c, 0x10, 0xf, 0xf8,
    0x40, 0x40, 0x3f, 0xf8, 0x7c, 0x40, 0x78, 0x20,
    0x1f, 0xfd, 0x2, 0xc3, 0x2, 0xc1, 0x0, 0xff,
    0xe8, 0xe, 0x18, 0x14, 0x0, 0x7f, 0xf4, 0xb4,
    0xc3, 0x80, 0x3f, 0xfa, 0x43, 0x98, 0x70, 0xf,
    0xfe, 0xa1, 0x80, 0x7f, 0xfc, 0x4, 0x7c, 0x1,
    0xff, 0xce, 0x2f, 0xee, 0xf5, 0x80, 0x7f, 0xf0,
    0xa6, 0x7e, 0x30, 0x9, 0x80, 0x3e, 0x40, 0xf,
    0xfe, 0x13, 0x37, 0xde, 0x1, 0x23, 0xaa, 0xe0,
    0x8, 0x40, 0x3f, 0xf9, 0xa, 0x1, 0xa2, 0xab,
    0x20, 0x7, 0xff, 0x13, 0x77, 0xe9, 0x0, 0xff,
    0xe7, 0x11, 0x7c, 0x1, 0xff, 0xff, 0x0, 0xff,
    0xff, 0x80, 0x7f, 0xff, 0xc0, 0x3f, 0xfa, 0x2a,
    0x60, 0x1f, 0xfd, 0x21, 0xba, 0x80, 0xf, 0xfe,
    0x8a, 0xfa, 0x1, 0x80, 0x7f, 0xf4, 0x6c, 0x41,
    0x60, 0x3, 0xff, 0x9c, 0xa0, 0x1a, 0x68, 0x3,
    0xff, 0x9c, 0xa2, 0x0, 0x2c, 0x60, 0xf, 0xfe,
    0x72, 0x50, 0x1, 0x30, 0xdf, 0xff, 0xf0, 0x5,
    0xff, 0xfd, 0xc2, 0x1, 0xb4, 0x0, 0xf6, 0x21,
    0x80, 0x1f, 0xfc, 0x81, 0x20, 0xd, 0xd, 0x50,
    0x1, 0x79, 0x9f, 0xff, 0x21, 0x4c,

    /* U+8BE5 "该" */
    0x0, 0xff, 0xe4, 0x90, 0x80, 0x7f, 0xf0, 0x88,
    0x80, 0x1f, 0xfc, 0x28, 0xde, 0x40, 0xf, 0xfe,
    0x2, 0x6e, 0x94, 0x3, 0xff, 0x83, 0xe0, 0x9,
    0x0, 0xff, 0xe0, 0x38, 0x2, 0x94, 0x3, 0xff,
    0x80, 0xc0, 0x2, 0x50, 0xf, 0xf8, 0xe8, 0x1,
    0x48, 0x1, 0xff, 0xa, 0x80, 0x3c, 0x3, 0xff,
    0x80, 0xb2, 0x0, 0xb2, 0x0, 0x3d, 0x57, 0xe6,
    0x0, 0x2d, 0x57, 0xc8, 0x1, 0xcc, 0xc0, 0x4,
    0x81, 0x42, 0xaf, 0xe3, 0x0, 0x95, 0x7e, 0x80,
    0xf, 0x49, 0x0, 0x81, 0x8, 0x7, 0xff, 0x1d,
    0x40, 0x3e, 0xf9, 0xa0, 0x7, 0x7f, 0xf7, 0x8,
    0x2, 0x7f, 0xff, 0xa4, 0x3, 0xe2, 0x60, 0xf,
    0xeb, 0x10, 0x36, 0x0, 0xff, 0xe7, 0xaa, 0x80,
    0x1c, 0x1, 0xff, 0xc1, 0x11, 0xf0, 0x7, 0xe2,
    0xa0, 0x4, 0x90, 0x6, 0x5b, 0x70, 0xc, 0x7f,
    0xdd, 0xeb, 0x0, 0xfb, 0x80, 0x8, 0xc0, 0x18,
    0x69, 0x20, 0x40, 0x25, 0x0, 0xf9, 0x0, 0x3d,
    0x66, 0x3, 0x40, 0x1d, 0x40, 0x6, 0x10, 0x9,
    0xd0, 0xcf, 0x0, 0x42, 0x1, 0x2e, 0xa0, 0x1,
    0x1a, 0x26, 0xaf, 0x10, 0x6, 0x40, 0x30, 0xde,
    0x66, 0x30, 0xe, 0x1a, 0x20, 0x9, 0x61, 0xd9,
    0x50, 0xc0, 0x1a, 0x1, 0xff, 0x38, 0x7, 0x8,
    0x80, 0x3f, 0xf8, 0x14, 0x60, 0x1f, 0xfc, 0x6a,
    0x8a, 0xbc, 0xde, 0xfa, 0x0, 0xa1, 0x40, 0x3f,
    0xf8, 0xe8, 0xea, 0x86, 0x42, 0xd4, 0x0, 0x87,
    0x0, 0x8d, 0xdc, 0x1, 0xff, 0xc8, 0x99, 0x0,
    0x25, 0xc0, 0x22, 0xc8, 0xb0, 0xf, 0xfe, 0x31,
    0x6b, 0x0, 0x29, 0x80, 0x37, 0x0, 0x38, 0x3,
    0xff, 0x8b, 0x1a, 0x40, 0x5a, 0xa0, 0x1a, 0x4c,
    0x24, 0x80, 0x3f, 0xf8, 0x6d, 0xce, 0x0, 0x5d,
    0x20, 0xd, 0xc, 0xc, 0xc0, 0xf, 0xfe, 0x12,
    0x74, 0x88, 0xd, 0x50, 0x3, 0xa5, 0xc1, 0x64,
    0x3, 0xff, 0x87, 0x82, 0x0, 0x7e, 0x50, 0xe,
    0xb6, 0x5, 0xa0, 0xf, 0xfe, 0x24, 0x3c, 0x74,
    0x0, 0x71, 0x6a, 0x2, 0xd0, 0x7, 0xff, 0x12,
    0x56, 0x1c, 0x40, 0x39, 0xf4, 0x80, 0x3f, 0xf8,
    0xc5, 0xad, 0x0, 0x1e, 0x2c, 0x80, 0xc, 0xb6,
    0x20, 0x1f, 0xfc, 0x1c, 0x20, 0x70, 0xc, 0x31,
    0xa6, 0x0, 0x99, 0x0, 0x13, 0x4, 0x3, 0xf9,
    0xc0, 0x31, 0xd8, 0x0, 0x5f, 0xdc, 0x0, 0x7a,
    0xcc, 0xa0, 0x1, 0x79, 0x0, 0x7c, 0x26, 0x1,
    0x2e, 0x9, 0x47, 0x40, 0x80, 0xce, 0x10, 0x1,
    0x70, 0x0, 0x38, 0x40, 0x1e, 0xa0, 0xa, 0x29,
    0xb3, 0x5c, 0x2, 0x7f, 0x60, 0xe, 0x3c, 0x10,
    0x1c, 0x20, 0xc, 0x28, 0x3, 0x6e, 0x32, 0x60,
    0x13, 0xf4, 0x8, 0x7, 0xc7, 0x82, 0x2, 0x80,
    0x18, 0x58, 0xb1, 0x0, 0x64, 0x4e, 0x7e, 0x4,
    0x3, 0xfc, 0x58, 0x28, 0xc0, 0x1d, 0x3a, 0x40,
    0x13, 0x76, 0x30, 0x7, 0xff, 0x8, 0xba, 0xc0,

    /* U+8BF7 "请" */
    0x0, 0xff, 0xe5, 0x8, 0x7, 0xff, 0x53, 0x7a,
    0x40, 0x3f, 0xf8, 0x29, 0xb2, 0x1, 0xff, 0xc3,
    0x20, 0x50, 0xf, 0xfe, 0xe, 0x93, 0x60, 0x80,
    0x71, 0x22, 0x7c, 0x0, 0x14, 0x4f, 0xc0, 0x1d,
    0x4, 0x7, 0x84, 0x1, 0x16, 0xdd, 0xfc, 0x0,
    0x2b, 0xbf, 0xce, 0x1, 0x87, 0xc, 0xb, 0x8,
    0x0, 0x64, 0x1, 0xff, 0xc5, 0x12, 0x0, 0xe1,
    0xc3, 0x1, 0xe0, 0x0, 0xef, 0xff, 0xc0, 0x3,
    0xff, 0xfb, 0x94, 0x3, 0xed, 0x20, 0x70, 0xf,
    0xfe, 0x90, 0xfb, 0xd0, 0x4, 0x7f, 0xff, 0x0,
    0xf, 0xff, 0xe4, 0x0, 0xfe, 0x28, 0x10, 0x9,
    0xc0, 0x3f, 0xf8, 0xa2, 0x1, 0xff, 0xc3, 0x4e,
    0xdd, 0xf0, 0x0, 0xb7, 0x7d, 0xca, 0x1, 0xff,
    0xc4, 0x12, 0x2f, 0x0, 0x4, 0x8b, 0xc2, 0x1,
    0x16, 0xff, 0xf7, 0x20, 0x4, 0xf3, 0x3f, 0x80,
    0x5, 0x33, 0xfa, 0x9, 0x8, 0x3, 0x87, 0xc0,
    0x7, 0xc, 0xdf, 0x80, 0x2, 0xcd, 0xf9, 0xed,
    0xd0, 0x8a, 0x10, 0xe, 0x36, 0x54, 0x4f, 0xfe,
    0x32, 0xd0, 0xde, 0xed, 0xe0, 0x1e, 0x9a, 0xbb,
    0xff, 0xe3, 0x51, 0x80, 0x70, 0x80, 0x7f, 0x2b,
    0x37, 0xff, 0x5, 0x40, 0x3f, 0xf8, 0xd3, 0x53,
    0x3f, 0xfc, 0x1a, 0x90, 0xf, 0xfe, 0x2a, 0x80,
    0x7f, 0xf0, 0xd4, 0x3, 0xff, 0x91, 0xff, 0xfe,
    0xe0, 0xf, 0xfe, 0xa8, 0x80, 0x7f, 0xf2, 0xf3,
    0x3f, 0xe0, 0xf, 0xfe, 0x59, 0x9f, 0xfc, 0x1,
    0xff, 0xcb, 0xbb, 0xff, 0x80, 0x3f, 0xf9, 0x68,
    0x9f, 0xf0, 0x7, 0xff, 0x10, 0xf6, 0xc0, 0x3f,
    0xfa, 0x4d, 0x84, 0xa0, 0x1b, 0xff, 0xfe, 0x0,
    0xff, 0xe1, 0x24, 0x80, 0x2c, 0x3, 0xff, 0x9c,
    0x60, 0x1d, 0x4a, 0x1, 0xb3, 0x3f, 0xe0, 0xf,
    0xfa, 0x40, 0x22, 0xd5, 0x0, 0xe3, 0x3f, 0xf8,
    0x3, 0xfc, 0x8a, 0x0, 0x5d, 0x20, 0xf, 0xfe,
    0x94, 0x50, 0x7, 0xff, 0x8, 0x62, 0xa6, 0xc0,
    0xe, 0x1, 0xf2, 0x35, 0x38, 0x7, 0xe1, 0x0,
    0xf2, 0x3a, 0xb2, 0x0, 0x34, 0x3, 0xf4, 0xa8,
    0x7, 0xd6, 0xe, 0x1, 0xe5, 0x72, 0x21, 0xad,
    0x30, 0x4,

    /* U+8C03 "调" */
    0x0, 0x93, 0x64, 0x3, 0xe4, 0x99, 0xff, 0xe2,
    0xb8, 0x6, 0xf2, 0x6c, 0x10, 0xe, 0xb6, 0x6f,
    0xfe, 0x2c, 0x30, 0x5, 0x22, 0x7, 0xe4, 0x1,
    0x8, 0x7, 0xff, 0x1c, 0x40, 0x22, 0xf2, 0x1,
    0xc1, 0x0, 0xe5, 0xff, 0xff, 0xe0, 0xd8, 0x7,
    0xc3, 0x84, 0x3, 0x40, 0x1c, 0x40, 0x1c, 0xfc,
    0xa0, 0x1c, 0xc0, 0x1f, 0x87, 0x4, 0x3, 0xff,
    0x83, 0x83, 0x80, 0x1f, 0xfc, 0x31, 0xd7, 0xa0,
    0xf, 0xe1, 0x13, 0x80, 0x4, 0x40, 0x1f, 0xfc,
    0x23, 0x81, 0x0, 0xf9, 0x3f, 0xb8, 0x60, 0xdd,
    0xcf, 0x80, 0xf, 0xfe, 0x50, 0x80, 0x7f, 0x8,
    0x7, 0xff, 0x29, 0x77, 0x30, 0x60, 0xb9, 0x8d,
    0x90, 0xf, 0x5f, 0x77, 0x69, 0x80, 0x7f, 0x11,
    0x98, 0x0, 0x67, 0x10, 0x7, 0x89, 0x4, 0x78,
    0xa8, 0x3, 0xff, 0x98, 0x46, 0x1, 0xe3, 0x0,
    0xfc, 0x46, 0x88, 0x10, 0x34, 0x48, 0xc0, 0x3d,
    0x9f, 0xf6, 0x0, 0x7f, 0x8b, 0x72, 0xec, 0x40,
    0xb7, 0x76, 0x50, 0x7, 0xf0, 0x80, 0x7f, 0x8c,
    0x80, 0x3f, 0x87, 0x40, 0x3f, 0xf8, 0xfe, 0x3b,
    0xff, 0xfd, 0xce, 0x1, 0xff, 0xe5, 0x30, 0x0,
    0x80, 0x9, 0x13, 0xe1, 0x0, 0xff, 0xe3, 0x8,
    0x0, 0xc1, 0x36, 0xef, 0xee, 0x10, 0xf, 0xfe,
    0x2b, 0x0, 0x4, 0xc, 0x3, 0xf9, 0x40, 0x3f,
    0xf8, 0xa6, 0x0, 0x70, 0x8, 0xbf, 0xf6, 0x0,
    0x7f, 0xf2, 0x3c, 0x0, 0x40, 0x10, 0x80, 0x61,
    0x0, 0xff, 0xe4, 0x10, 0x8, 0x80, 0x3f, 0xf9,
    0xe4, 0xa, 0x4, 0x1, 0x84, 0x40, 0x13, 0x0,
    0x7f, 0xf1, 0x6, 0xf7, 0x4, 0x14, 0x3, 0x17,
    0x7f, 0xd6, 0x1, 0xff, 0xc1, 0x10, 0x2, 0x20,
    0xc, 0x1, 0xa0, 0x4, 0x0, 0xfc, 0x2a, 0x1,
    0xfe, 0x60, 0xc, 0x84, 0x0, 0x40, 0x1, 0xf6,
    0xef, 0xdc, 0x20, 0x1f, 0xe9, 0x0, 0x9e, 0x8,
    0x10, 0x3, 0x9, 0x17, 0xc0, 0x1f, 0xf5, 0x98,
    0x2, 0xa2, 0x40, 0x1e, 0x1, 0xff, 0xcb, 0x70,
    0x1d, 0x54, 0x50, 0x34, 0x0, 0xff, 0x9e, 0xa6,
    0x5c, 0x0, 0x10, 0xd, 0xaf, 0xe4, 0x2, 0x0,
    0xf0, 0xf, 0xfe, 0x6, 0x2b, 0x30, 0xc0, 0x8,
    0x1, 0x86, 0x4, 0x0, 0xb7, 0x46, 0x1, 0xff,
    0xc0, 0x82, 0x0, 0xa, 0x59, 0x0,

    /* U+8FDF "迟" */
    0x0, 0x1e, 0xd8, 0x80, 0x7f, 0x84, 0x7f, 0xf8,
    0x20, 0x1f, 0x21, 0x27, 0x90, 0x7, 0xd9, 0xfd,
    0xdf, 0xfc, 0x1f, 0x90, 0xe, 0x75, 0x1, 0xc2,
    0x0, 0xe2, 0x30, 0xf, 0xfe, 0x1b, 0x0, 0x7a,
    0x94, 0x7, 0xc4, 0x3, 0x8, 0x4, 0x89, 0xfe,
    0x30, 0xf, 0xf5, 0x18, 0x15, 0x0, 0x7c, 0x77,
    0x7f, 0xec, 0x10, 0xf, 0xf6, 0x88, 0x21, 0x0,
    0x7f, 0xf4, 0x46, 0xc1, 0x8, 0x3, 0xff, 0xa4,
    0xbf, 0x60, 0x1f, 0xff, 0xf0, 0xf, 0xfe, 0xb1,
    0xff, 0xff, 0xc2, 0x1, 0xff, 0xd7, 0x10, 0xd,
    0xbf, 0xfe, 0x40, 0xc, 0xe0, 0x1, 0x55, 0xff,
    0xe0, 0xd0, 0x4, 0x44, 0x0, 0xf6, 0x80, 0x61,
    0x0, 0x3d, 0x57, 0x5d, 0x57, 0xc8, 0x1, 0x14,
    0x2a, 0xc4, 0x1, 0xf1, 0x0, 0x4, 0x3, 0x4f,
    0x68, 0x80, 0x7f, 0x9e, 0xaa, 0x90, 0xf, 0xb8,
    0x1, 0xa0, 0x19, 0x40, 0xb0, 0x40, 0x3f, 0xf9,
    0x2a, 0x0, 0x60, 0xd, 0xa4, 0x5, 0x82, 0x1,
    0xff, 0xc8, 0x30, 0x1, 0x80, 0x61, 0xf1, 0x2,
    0xc1, 0x0, 0xff, 0xe3, 0x18, 0x0, 0x80, 0x3c,
    0x58, 0x20, 0x5a, 0x1, 0xff, 0xc6, 0xb0, 0x2,
    0x0, 0x7c, 0x5a, 0x0, 0x3b, 0x0, 0xff, 0xe2,
    0xb0, 0x3, 0x40, 0x3f, 0x1d, 0x0, 0x12, 0x40,
    0x3f, 0xf8, 0x6c, 0x20, 0x28, 0x1, 0xfc, 0xae,
    0x0, 0x66, 0x0, 0x7f, 0xf0, 0x46, 0x0, 0xc,
    0x1, 0xff, 0x42, 0x80, 0x24, 0xc0, 0x3f, 0xf8,
    0x12, 0x20, 0x32, 0x1, 0xff, 0xc0, 0xa2, 0x0,
    0x78, 0x7, 0x87, 0x80, 0xa, 0x16, 0x0, 0xb1,
    0x0, 0xff, 0xe0, 0xf8, 0x2, 0x40, 0x39, 0x7d,
    0x40, 0x7, 0x83, 0xd6, 0xa0, 0x1f, 0xfc, 0x22,
    0xcd, 0x50, 0xc, 0xf4, 0x20, 0x18, 0xf6, 0x54,
    0x3, 0xff, 0x88, 0x64, 0x1, 0x9a, 0x0, 0x9,
    0xdc, 0x60, 0x3, 0xf5, 0x31, 0x90, 0x80, 0x7f,
    0x9, 0x1a, 0xb2, 0x80, 0x24, 0x0, 0x96, 0x22,
    0x9b, 0x10, 0x2, 0xce, 0x6f, 0x7f, 0xff, 0x76,
    0xe5, 0x4d, 0x18, 0x10, 0x1d, 0x80, 0x64, 0xe9,
    0x20, 0xf, 0xfe, 0x41, 0x7, 0x36, 0x80, 0x7c,
    0xdb, 0xd4, 0xec, 0x88, 0x33, 0xf2, 0x21, 0x54,
    0xcf, 0x18, 0x20,

    /* U+90E8 "部" */
    0x0, 0xff, 0xee, 0xc7, 0xd0, 0x7, 0xff, 0x48,
    0x81, 0x4c, 0x3, 0xfc, 0x48, 0x85, 0x5c, 0xcc,
    0x30, 0xf, 0xee, 0x0, 0x48, 0x7, 0xf2, 0xed,
    0xda, 0xab, 0x4c, 0xb1, 0x0, 0x3f, 0x20, 0x82,
    0x88, 0x7, 0xed, 0x0, 0xff, 0x70, 0x2, 0xff,
    0xfc, 0x20, 0xe, 0xff, 0xe9, 0x0, 0x8, 0x1,
    0xe6, 0x71, 0x0, 0x34, 0x0, 0x80, 0x1f, 0xfc,
    0x37, 0x0, 0xe9, 0x66, 0xc6, 0x0, 0x50, 0x4,
    0xaa, 0xff, 0xf0, 0x11, 0x55, 0x60, 0x1f, 0xc6,
    0x20, 0x84, 0x0, 0x6a, 0x94, 0x1a, 0xaf, 0x8d,
    0x1a, 0x94, 0x3, 0xfa, 0x80, 0x1c, 0x1, 0xcc,
    0x28, 0xc0, 0x1c, 0x2c, 0x6, 0x1, 0xff, 0x38,
    0xa, 0x80, 0x72, 0x80, 0x2c, 0x3, 0x98, 0x0,
    0xc0, 0x1f, 0xe4, 0x10, 0x60, 0xf, 0x9c, 0x9,
    0x0, 0x35, 0x0, 0x2c, 0x3, 0xfd, 0xc0, 0xa,
    0x0, 0xfa, 0xc0, 0x18, 0x1, 0x19, 0x1, 0x90,
    0x7, 0xf0, 0xa8, 0x21, 0x0, 0x7c, 0x60, 0x2,
    0x0, 0xac, 0x1, 0x20, 0x1f, 0xe6, 0x0, 0x78,
    0x7, 0x8, 0xe8, 0x49, 0x11, 0x98, 0x5, 0x4,
    0x40, 0x1f, 0xac, 0x5, 0x0, 0x36, 0xf7, 0x68,
    0x4c, 0xee, 0x84, 0x7, 0xba, 0xf8, 0x0, 0xf2,
    0x80, 0xa0, 0x4, 0x24, 0x1, 0xff, 0xc5, 0x30,
    0xf, 0x41, 0x5, 0x90, 0x0, 0x65, 0x9b, 0xff,
    0x8b, 0x0, 0x1e, 0x1f, 0x10, 0xf0, 0x9, 0xa6,
    0x7f, 0xf8, 0xa6, 0x1, 0xf1, 0x40, 0x13, 0x0,
    0x7f, 0xf4, 0x58, 0x82, 0xc0, 0x32, 0x4c, 0xff,
    0xf0, 0x50, 0x3, 0xfe, 0xa0, 0x22, 0x0, 0x56,
    0xcd, 0xff, 0xc1, 0xb0, 0xf, 0xf9, 0x0, 0x8,
    0x1, 0xff, 0xc6, 0x10, 0xf, 0xf1, 0x0, 0x38,
    0x0, 0x20, 0x4, 0xff, 0xfd, 0xc6, 0x0, 0x30,
    0xf, 0xf0, 0x80, 0x4, 0x3, 0x84, 0x3, 0xf0,
    0xb8, 0x7, 0xff, 0x4, 0x80, 0x3f, 0xfa, 0x96,
    0x0, 0xf0, 0xf, 0xfe, 0x6b, 0xdd, 0xb9, 0x80,
    0x8, 0x1, 0xff, 0xcd, 0xb4, 0x40, 0x80, 0x1c,
    0x80, 0x3f, 0xf9, 0xbe, 0x64, 0x44, 0xb8, 0x0,
    0xff, 0xe7, 0x1e, 0x6e, 0xad, 0x0, 0x3f, 0xfb,
    0x89, 0x33, 0xfa, 0x90, 0x3, 0xff, 0x8e, 0x20,
    0x1, 0x66, 0xfc, 0xa0, 0x11, 0x80, 0x4, 0x0,
    0x20, 0x1f, 0xf3, 0x0, 0x7f, 0xf0, 0x54, 0x40,
    0x18, 0x8, 0x1, 0xfc,

    /* U+914D "配" */
    0x2c, 0xdd, 0xff, 0xe1, 0xb8, 0x35, 0xe6, 0x7f,
    0xa8, 0x81, 0xc, 0x8b, 0xff, 0x87, 0x21, 0x8,
    0x67, 0xfe, 0x58, 0x7, 0x64, 0x48, 0xc0, 0x8,
    0x81, 0x1, 0x44, 0xd6, 0xa, 0x1, 0xff, 0xc0,
    0x10, 0x19, 0xbb, 0xa4, 0x1, 0x56, 0x80, 0x57,
    0x79, 0x42, 0xff, 0xbb, 0xf6, 0x0, 0x7f, 0xf3,
    0x44, 0x7f, 0x10, 0x7, 0xff, 0xf4, 0x5e, 0x21,
    0xc0, 0x8, 0x83, 0x81, 0x44, 0x48, 0x1, 0xff,
    0xc6, 0x88, 0x3b, 0x90, 0x0, 0xce, 0x40, 0x2e,
    0xf5, 0x88, 0x7, 0xff, 0x14, 0x80, 0x3f, 0xf8,
    0x66, 0x1, 0xff, 0xc7, 0x4f, 0xf1, 0x7, 0x7b,
    0x84, 0x7d, 0x0, 0x4, 0x3, 0xff, 0x8e, 0x20,
    0x1f, 0xe1, 0x0, 0xff, 0xed, 0x14, 0xd5, 0x7e,
    0xd0, 0xf, 0xf1, 0x80, 0x80, 0x7f, 0xa5, 0x95,
    0x7f, 0x18, 0x7, 0xf0, 0x88, 0x3, 0xff, 0x80,
    0xe0, 0x1f, 0xfc, 0xd, 0x0, 0xf3, 0x81, 0x80,
    0x6d, 0x22, 0x0, 0x7d, 0x9d, 0xdf, 0xbd, 0x80,
    0x3d, 0x60, 0x80, 0xe, 0x5, 0xd9, 0x0, 0xf8,
    0x84, 0x7f, 0x0, 0x78, 0x68, 0x86, 0x40, 0xe,
    0xa4, 0x41, 0x0, 0xff, 0xe5, 0x2a, 0x87, 0x44,
    0x0, 0x35, 0xba, 0xa0, 0xf, 0xfe, 0x52, 0x77,
    0xc, 0x3, 0xff, 0xa6, 0x20, 0x1f, 0xff, 0xf0,
    0xf, 0xfe, 0x79, 0xb3, 0x79, 0x40, 0x3f, 0xf8,
    0xc2, 0xa0, 0x1e, 0xc9, 0x9f, 0x53, 0x0, 0x7f,
    0xf1, 0x62, 0xa4, 0x3, 0x90, 0x40, 0x38, 0x94,
    0x3, 0xff, 0x8a, 0x40, 0xe0, 0x1d, 0x7d, 0xff,
    0xda, 0x60, 0x1f, 0xfc, 0x57, 0x0, 0xff, 0xea,
    0x90, 0x10, 0x7, 0xff, 0x28, 0xc0, 0x3e, 0x41,
    0x6, 0x0, 0x96, 0xab, 0xfd, 0x20, 0x19, 0x40,
    0x19, 0x8b, 0xbe, 0xcb, 0x0, 0x78, 0x6, 0x55,
    0xff, 0x10, 0x0, 0x43, 0x40, 0x2, 0x68, 0x9c,
    0x60, 0x2, 0x50, 0xe1, 0x0, 0xff, 0xe0, 0xa1,
    0x2, 0x51, 0x88, 0x7, 0xc2, 0xb8, 0x0,

    /* U+9165 "酥" */
    0x0, 0xff, 0xe7, 0x8b, 0xe3, 0x80, 0x67, 0x88,
    0xff, 0xe0, 0xa0, 0x7, 0xe1, 0x5a, 0xe8, 0x38,
    0x90, 0x2, 0x43, 0xbf, 0xff, 0x6, 0xc0, 0x31,
    0x2c, 0xe7, 0x52, 0x80, 0x5, 0xac, 0x0, 0xa4,
    0x1, 0xff, 0xc1, 0x51, 0x8c, 0xed, 0xa6, 0x30,
    0x9, 0x6f, 0xa4, 0x80, 0x3, 0xbf, 0xf3, 0x3,
    0xfa, 0x83, 0xff, 0xd4, 0xee, 0x31, 0x0, 0xf7,
    0x52, 0x0, 0x7f, 0xf2, 0x59, 0x4d, 0xab, 0x7d,
    0x0, 0x3f, 0xf9, 0xf5, 0x92, 0xa4, 0x1, 0xff,
    0xe4, 0x78, 0x94, 0x4, 0x97, 0x4, 0x99, 0x38,
    0x80, 0x7f, 0xf1, 0xe2, 0xe, 0xc4, 0x6, 0xc4,
    0x6, 0xcc, 0x89, 0x0, 0xff, 0xe3, 0x88, 0x0,
    0x40, 0x21, 0x0, 0x8, 0x80, 0x4, 0x1, 0xff,
    0xc9, 0x3e, 0xc0, 0x7e, 0x50, 0xfe, 0x30, 0x1,
    0x77, 0xff, 0x20, 0x3, 0xbf, 0xfb, 0x40, 0x33,
    0x80, 0x7f, 0x38, 0x1, 0xc4, 0x3, 0xff, 0x84,
    0x42, 0x1, 0xff, 0xc4, 0x56, 0x44, 0xc2, 0x1,
    0x91, 0x3a, 0x4, 0x3, 0xff, 0x8b, 0x37, 0x78,
    0x3, 0xb6, 0xef, 0x38, 0x7, 0x9c, 0x3c, 0x3,
    0xff, 0x82, 0xa2, 0x1, 0xa8, 0x3, 0xfe, 0x20,
    0x10, 0xf, 0xfe, 0xf, 0x0, 0x71, 0x98, 0x3,
    0xfd, 0xa0, 0xa0, 0x12, 0x10, 0x7, 0xc4, 0x80,
    0x1e, 0x90, 0xf, 0xe2, 0x41, 0x30, 0x20, 0xad,
    0x40, 0xf, 0x40, 0x0, 0xc0, 0xc, 0xa, 0x40,
    0x1f, 0x3f, 0x84, 0x80, 0x25, 0x95, 0x4, 0x3,
    0x89, 0x41, 0x5c, 0x1, 0x60, 0xb, 0x0, 0xf8,
    0x8d, 0xdc, 0x0, 0x19, 0xab, 0x50, 0xe, 0x80,
    0x4, 0x80, 0x46, 0xa0, 0xc4, 0x1, 0xe5, 0xe8,
    0x0, 0xff, 0xe0, 0x1a, 0x82, 0x18, 0x6, 0x90,
    0x4, 0x0, 0x7f, 0xf2, 0x7c, 0x1, 0xe0, 0x1c,
    0x68, 0xa, 0x60, 0x1f, 0xfc, 0x76, 0x30, 0x44,
    0x0, 0x7a, 0x0, 0x1c, 0x1, 0xf1, 0xa2, 0x71,
    0x80, 0x62, 0x90, 0x4, 0x0, 0x7c, 0x68, 0x5,
    0x0, 0x1c, 0xb9, 0x77, 0xd8, 0x80, 0x1, 0xf0,
    0x3, 0x18, 0x7, 0xe9, 0x0, 0x3a, 0x0, 0x67,
    0x43, 0x3e, 0x46, 0x0, 0x39, 0x1, 0x48, 0x7,
    0xf1, 0x40, 0x0, 0x40, 0x31, 0x5e, 0x67, 0x59,
    0x0, 0x19, 0x3, 0x80, 0x3f, 0xe7, 0x68, 0x50,
    0xf, 0xfe, 0x25, 0xe9, 0x80, 0x7f, 0xf0, 0x25,
    0xc0, 0x3f, 0xf8, 0xc4, 0x1, 0xff, 0xc7, 0x57,
    0x7f, 0xe5, 0x0, 0xff, 0xe5, 0x8c, 0x47, 0xf0,
    0x80, 0x7f, 0xf2, 0x68, 0x40, 0x3f, 0xe1, 0xe0,
    0xf, 0xb4, 0xc, 0x40, 0x3f, 0x1f, 0x7f, 0xff,
    0xdc, 0x80, 0x1f, 0x37, 0xe0, 0x7, 0xe0,

    /* U+9175 "酵" */
    0x0, 0xff, 0xe5, 0x8, 0x7, 0xff, 0x52, 0xfa,
    0x0, 0x3f, 0xe8, 0xaa, 0xff, 0xe0, 0x20, 0x7,
    0x94, 0xc, 0x3, 0xc4, 0xc2, 0x6, 0xea, 0xbf,
    0xfc, 0x9, 0x0, 0xfc, 0xe0, 0x1e, 0xc9, 0xb0,
    0x35, 0x33, 0x80, 0x6, 0x40, 0x26, 0x75, 0x80,
    0xbb, 0xe1, 0x1, 0x77, 0x8c, 0x20, 0x43, 0x0,
    0x15, 0x98, 0xe0, 0x1c, 0xa0, 0x4c, 0xc9, 0x82,
    0x62, 0x30, 0x0, 0xa2, 0x2d, 0x17, 0x1, 0x60,
    0xf, 0xfe, 0x2e, 0x80, 0x7f, 0x96, 0x0, 0x16,
    0x1, 0xff, 0xc6, 0x5f, 0xfc, 0x20, 0x7f, 0xf4,
    0x30, 0x1a, 0x80, 0x7f, 0xf4, 0x78, 0x1, 0xc0,
    0x18, 0x77, 0xf4, 0x7, 0xe0, 0x17, 0xfd, 0x60,
    0x1f, 0xfc, 0xa, 0x20, 0x82, 0x0, 0xce, 0x40,
    0x1f, 0xe4, 0x20, 0xf, 0xf3, 0x28, 0x23, 0x80,
    0x70, 0x80, 0x10, 0x41, 0x8, 0xc, 0xc0, 0x1,
    0xaf, 0xfe, 0x10, 0x3f, 0x90, 0x2, 0x7f, 0xe5,
    0x0, 0x92, 0xc8, 0x2e, 0x83, 0xf0, 0x2, 0x40,
    0xf, 0xfe, 0x2e, 0x80, 0x7f, 0xf0, 0xe9, 0xdf,
    0xc8, 0x1, 0x2b, 0xbf, 0xa4, 0x3, 0xc2, 0x1,
    0xf9, 0x22, 0x3a, 0x94, 0x0, 0xf5, 0x11, 0xe1,
    0x0, 0xe1, 0x0, 0xff, 0xe1, 0x16, 0x8, 0x34,
    0x0, 0x7f, 0xf0, 0x48, 0x80, 0x1f, 0xfc, 0x3,
    0xc1, 0x3, 0xb2, 0x33, 0x21, 0x80, 0x7e, 0x20,
    0x60, 0x9, 0x8, 0x3, 0xcb, 0x82, 0x0, 0x3d,
    0xd6, 0x62, 0xf3, 0x90, 0x3, 0xd4, 0x18, 0x4,
    0x11, 0xa0, 0x1d, 0x14, 0x1, 0xff, 0x9, 0x80,
    0x73, 0xb8, 0x5c, 0x15, 0xd1, 0x0, 0x11, 0x6b,
    0x80, 0x22, 0xef, 0x94, 0x2, 0x57, 0x0, 0xe3,
    0xa, 0x10, 0x4, 0x5d, 0x80, 0x17, 0xa4, 0x7,
    0xae, 0x89, 0x2f, 0xa8, 0x1, 0xe8, 0x3, 0xc9,
    0xe8, 0x1, 0xff, 0x46, 0x10, 0x4, 0x3e, 0x80,
    0x59, 0x0, 0x1f, 0xfc, 0x6b, 0xce, 0x70, 0xe,
    0x71, 0x5, 0xd3, 0x0, 0xff, 0xe4, 0x18, 0x80,
    0x78, 0x40, 0x1c, 0x1, 0xff, 0xca, 0x1a, 0xcc,
    0xf5, 0x0, 0x27, 0x33, 0xac, 0x40, 0x38, 0xd5,
    0x71, 0x0, 0x64, 0x53, 0x3f, 0x10, 0x0, 0x8c,
    0xf9, 0x1c, 0x3, 0x16, 0x55, 0x6d, 0x10, 0x9,
    0x10, 0x45, 0xe1, 0x0, 0x11, 0x78, 0xd0, 0x3,
    0x19, 0x0, 0x63, 0x10, 0x8, 0x6f, 0x77, 0xd2,
    0x0, 0xed, 0xde, 0xc2, 0x0, 0xc3, 0xbf, 0xfb,
    0x0, 0x3f, 0xf8, 0x62, 0x1, 0xff, 0xf7, 0x30,
    0xf, 0xf2, 0xbb, 0xfd, 0x0, 0x1f, 0xb, 0x3b,
    0xac, 0x0, 0x20, 0x1f, 0xe1, 0x88, 0xf9, 0xc0,
    0x3e, 0x69, 0x88, 0x18, 0x7, 0xfc, 0xa4, 0x1,
    0xfe, 0x43, 0x0, 0xcc, 0x80, 0x1, 0x4c, 0x0,
    0xfc,

    /* U+9488 "针" */
    0x0, 0xe1, 0xa6, 0x0, 0xff, 0xe1, 0xbd, 0xa0,
    0x7, 0xff, 0x6, 0xd6, 0x40, 0x3f, 0xf8, 0x70,
    0x90, 0x1, 0xff, 0xc0, 0x15, 0x4, 0x0, 0xff,
    0xe1, 0x8, 0x0, 0x40, 0x3f, 0xf8, 0x12, 0x0,
    0xf0, 0xf, 0xfe, 0x88, 0xb8, 0x2, 0xff, 0xfb,
    0x84, 0x3, 0xff, 0x95, 0x40, 0x1f, 0xc2, 0xa0,
    0x1f, 0xfc, 0x98, 0x40, 0x23, 0x3f, 0x95, 0x0,
    0x3f, 0xf9, 0xc, 0xe0, 0x39, 0x9f, 0xa8, 0x3,
    0xff, 0x90, 0x52, 0x0, 0xb1, 0x0, 0xff, 0xe9,
    0xb2, 0x80, 0x7f, 0xf4, 0x49, 0xdb, 0xe6, 0xab,
    0xe8, 0x0, 0xff, 0xe5, 0x44, 0xc9, 0x95, 0x7e,
    0x76, 0x0, 0xff, 0xe5, 0x90, 0x7, 0xf2, 0xb7,
    0xff, 0xdc, 0x0, 0x2f, 0xff, 0x90, 0x2, 0xdf,
    0xf5, 0x80, 0x1f, 0xfe, 0x3c, 0x0, 0xff, 0xe3,
    0x60, 0x7, 0x9c, 0x1, 0xe0, 0x1b, 0x8c, 0xfe,
    0x20, 0x8, 0xcf, 0xeb, 0x0, 0xff, 0xe1, 0x26,
    0x67, 0xe0, 0x1, 0x66, 0x7c, 0x60, 0x1f, 0xfd,
    0x73, 0x89, 0x9c, 0x0, 0xb9, 0x99, 0x80, 0x3f,
    0xf9, 0x3e, 0xec, 0xd2, 0x80, 0xd, 0x9a, 0x91,
    0x0, 0xff, 0xe4, 0x20, 0x7, 0xfc, 0x42, 0x1,
    0xff, 0xc8, 0x8f, 0xfd, 0x60, 0x7, 0xff, 0xb4,
    0x3, 0xff, 0x9c, 0xe0, 0xf, 0x0, 0xff, 0xff,
    0x80, 0x7f, 0xff, 0xc0, 0x3f, 0xf9, 0x4d, 0xb4,
    0x1, 0xff, 0xd0, 0xf6, 0xe9, 0x26, 0x0, 0xff,
    0xe6, 0xb8, 0x1, 0xe4, 0x40, 0x12, 0x1, 0xff,
    0xcd, 0x30, 0xe, 0x3c, 0x50, 0xf, 0xfe, 0x61,
    0xc0, 0x4, 0x35, 0x86, 0x1, 0xff, 0xcd, 0x50,
    0x9, 0xf9, 0x40, 0x3f, 0xf9, 0xee, 0x47, 0xb0,
    0x1, 0xff, 0xc0, 0x14, 0xa, 0x0, 0xfc,

    /* U+949F "钟" */
    0x0, 0xff, 0xed, 0x3d, 0x98, 0x7, 0xff, 0x9,
    0xff, 0x0, 0x3f, 0xf8, 0x5, 0x9, 0x20, 0x1f,
    0xfc, 0x2c, 0x3, 0x10, 0xf, 0xfa, 0x80, 0x1e,
    0x1, 0xff, 0xd1, 0x60, 0x25, 0x0, 0xff, 0xe8,
    0x30, 0x81, 0x7f, 0xfb, 0x0, 0x3f, 0xf9, 0x23,
    0x0, 0x1f, 0xc6, 0x1, 0xff, 0xc9, 0xa1, 0x4,
    0x55, 0xfa, 0x40, 0x3f, 0xf9, 0x12, 0x80, 0xb7,
    0x55, 0xf3, 0x1, 0xcd, 0x57, 0x28, 0x2, 0xea,
    0xba, 0x4, 0xd8, 0xa, 0x80, 0x3f, 0xda, 0xca,
    0xbc, 0x20, 0x5, 0x5f, 0x3c, 0x0, 0x5c, 0x1,
    0xff, 0x8, 0x7, 0xff, 0x10, 0x8d, 0xa5, 0xaa,
    0xef, 0xe9, 0x0, 0xc7, 0x99, 0x8c, 0x1, 0x79,
    0x95, 0x0, 0x69, 0x6b, 0x54, 0x4f, 0x99, 0x0,
    0x25, 0x33, 0xce, 0x0, 0x53, 0x39, 0x40, 0x3c,
    0xe0, 0x1f, 0x89, 0x40, 0x3f, 0xf9, 0x53, 0xfe,
    0x40, 0x7, 0x7f, 0xb4, 0x40, 0x3f, 0xff, 0xe0,
    0x1f, 0xfe, 0x3, 0x99, 0xca, 0x0, 0xb9, 0x99,
    0x80, 0x3f, 0xf8, 0x62, 0x1, 0xb9, 0x9b, 0x8,
    0x1, 0x59, 0xa9, 0x20, 0x3, 0x5d, 0xe5, 0x0,
    0x6d, 0xdd, 0x80, 0x19, 0x40, 0x3f, 0xe3, 0x20,
    0x9, 0x13, 0x8, 0x0, 0xd1, 0x22, 0x0, 0x8,
    0x47, 0xfe, 0x40, 0x7, 0x7f, 0xd8, 0xc, 0x1,
    0xff, 0xc4, 0xf0, 0xf, 0xfe, 0x1c, 0xff, 0xf9,
    0x0, 0x1d, 0xff, 0xe5, 0x0, 0xff, 0xff, 0x80,
    0x7f, 0xfe, 0xa, 0xf8, 0x40, 0x3f, 0xf9, 0xe5,
    0x3a, 0x82, 0x40, 0x1f, 0xfc, 0xc7, 0x0, 0x63,
    0x0, 0x10, 0xc0, 0x3f, 0xf9, 0x86, 0x1, 0x86,
    0x6c, 0x3, 0xff, 0x99, 0x80, 0x19, 0xf9, 0x80,
    0x3f, 0xf9, 0x84, 0x60, 0x4, 0xd8, 0x0, 0xff,
    0xe7, 0x12, 0x15, 0x59, 0x0, 0x7f, 0xf0, 0x34,
    0x10, 0x40, 0x3e,

    /* U+94FA "铺" */
    0x0, 0xe8, 0xb2, 0x0, 0xff, 0xe1, 0x26, 0x40,
    0xd, 0x40, 0x7, 0xf1, 0x3a, 0x28, 0x7, 0xff,
    0xb, 0x4d, 0xc1, 0x15, 0xf4, 0x80, 0x3e, 0xa0,
    0x2, 0x80, 0x7f, 0xf0, 0x8c, 0x2, 0x5a, 0x2,
    0xd5, 0x0, 0xf3, 0x1, 0xb2, 0x24, 0x62, 0x1,
    0xff, 0xc2, 0x5d, 0x20, 0xc0, 0xe, 0x71, 0x3,
    0xbb, 0xd9, 0xe0, 0x4e, 0xff, 0x30, 0x1, 0xde,
    0x55, 0xb8, 0xc0, 0x22, 0x80, 0xf, 0xc2, 0x1d,
    0x11, 0xf1, 0x80, 0x22, 0x33, 0xac, 0x60, 0x5,
    0xc0, 0xa, 0xaf, 0xb4, 0x14, 0x3, 0xff, 0x8a,
    0x60, 0xa, 0x30, 0x85, 0x5f, 0x88, 0x27, 0xff,
    0xe5, 0x0, 0x7f, 0xfd, 0x80, 0x8a, 0x6, 0xe0,
    0x1f, 0xfd, 0x17, 0x0, 0x70, 0x7, 0xff, 0x48,
    0xde, 0xd2, 0xae, 0xfd, 0x22, 0x0, 0x5c, 0xcf,
    0x20, 0x3, 0x33, 0xcc, 0x1, 0x42, 0x4a, 0xa2,
    0x79, 0x98, 0x0, 0x83, 0x3f, 0x8, 0x0, 0xcf,
    0xd2, 0x1, 0xca, 0x1, 0xf0, 0xa0, 0x0, 0xc0,
    0x8, 0x98, 0x80, 0x8, 0x98, 0x2, 0x10, 0xd,
    0x5f, 0xe1, 0x2, 0xff, 0x71, 0x80, 0x65, 0xbb,
    0xca, 0x0, 0xbb, 0xcc, 0x1, 0xff, 0xc9, 0x30,
    0xf, 0xff, 0xbb, 0xe6, 0x66, 0x0, 0x66, 0x67,
    0x0, 0xe3, 0x99, 0xc2, 0x7, 0x33, 0x40, 0x80,
    0x42, 0x67, 0x84, 0x0, 0x67, 0x84, 0x3, 0xbd,
    0x9b, 0x0, 0x5, 0x9a, 0x79, 0x0, 0x89, 0x9b,
    0x18, 0x1, 0x9b, 0x10, 0x7, 0x28, 0x7, 0xfd,
    0x80, 0x12, 0x4c, 0xe4, 0x0, 0x4c, 0xe4, 0x0,
    0xe9, 0xff, 0xc2, 0x5, 0xff, 0x90, 0x3, 0xff,
    0xf6, 0xb1, 0x19, 0x0, 0x11, 0x19, 0x40, 0x3f,
    0xf9, 0x26, 0xef, 0x8c, 0x0, 0xef, 0x8c, 0x3,
    0xff, 0xcc, 0x80, 0x19, 0xbf, 0xf3, 0x80, 0x3f,
    0xf3, 0x0, 0x7f, 0xf0, 0x93, 0x6d, 0x80, 0x3f,
    0xfa, 0x7, 0x56, 0x40, 0xa0, 0x1f, 0xfc, 0xe1,
    0x1, 0x50, 0x5, 0x18, 0x7, 0xff, 0x36, 0x0,
    0x32, 0x72, 0x80, 0x7f, 0xf3, 0x4d, 0xc0, 0x3,
    0x56, 0x20, 0x1f, 0xfc, 0x37, 0x84, 0x0, 0x8,
    0x7, 0x10, 0x1, 0x7d, 0x40, 0x3f, 0xf8, 0x87,
    0xe, 0x40, 0x40, 0x1e, 0x18, 0xaa, 0x8, 0x7,
    0x88, 0x3c, 0x3, 0x60, 0x28, 0x1a, 0x80, 0x13,
    0x80, 0x3e, 0x75, 0x0, 0xfd, 0x9a, 0xc0, 0x19,
    0x3e, 0x80, 0x15, 0xfe, 0xb3, 0x0, 0x0,

    /* U+957F "长" */
    0x0, 0xfa, 0x71, 0x80, 0x3f, 0xfa, 0x22, 0xc7,
    0x60, 0x1f, 0xfc, 0x22, 0xcc, 0x28, 0x7, 0xff,
    0x8, 0xc0, 0x3f, 0xf8, 0x25, 0x86, 0x69, 0x0,
    0xff, 0xe7, 0x9e, 0x8, 0xf, 0x0, 0x7f, 0xf3,
    0x9b, 0x4, 0x7, 0x48, 0x3, 0xff, 0x98, 0x35,
    0x20, 0x2, 0xc3, 0x0, 0xff, 0xe6, 0x2f, 0xa8,
    0x1, 0x34, 0x80, 0x3f, 0xf9, 0x65, 0x74, 0x20,
    0x8, 0xb0, 0xf, 0xfe, 0x58, 0xc6, 0xa0, 0x0,
    0xb1, 0xc0, 0x3f, 0xf9, 0x73, 0xce, 0x1, 0x3e,
    0x98, 0x7, 0xff, 0x2c, 0xd8, 0x2, 0x3d, 0x80,
    0xf, 0xfe, 0x69, 0xd1, 0x1d, 0xe1, 0x0, 0x7f,
    0xf3, 0xd7, 0x71, 0x0, 0x3f, 0xf9, 0x46, 0x1,
    0xff, 0xce, 0xbf, 0xfe, 0xd0, 0x0, 0xff, 0xff,
    0xf2, 0x68, 0x10, 0x3, 0xff, 0xa4, 0x81, 0x6,
    0x7c, 0x40, 0x11, 0x9f, 0x8, 0x0, 0x8c, 0xff,
    0xf8, 0x12, 0xf, 0x99, 0xe0, 0x0, 0xe6, 0x75,
    0x80, 0x1f, 0x33, 0xff, 0x80, 0xe0, 0x1f, 0xfc,
    0x45, 0x10, 0x52, 0x0, 0xff, 0xe8, 0xc8, 0x2,
    0x40, 0x3f, 0xfa, 0x2e, 0x20, 0x8a, 0x1, 0xff,
    0xd1, 0x80, 0x5, 0x90, 0x7, 0xff, 0x41, 0x8c,
    0x7, 0xc0, 0x3f, 0xfa, 0x3c, 0x0, 0x2c, 0x0,
    0xff, 0xe8, 0x15, 0x0, 0xf, 0x4, 0x3, 0xff,
    0x9e, 0xb0, 0x0, 0x3c, 0x20, 0xf, 0xfe, 0x58,
    0x98, 0x1, 0xd8, 0x0, 0x5a, 0xe0, 0x1f, 0xfc,
    0x61, 0x59, 0xde, 0xc7, 0x0, 0x4c, 0x0, 0x51,
    0x88, 0x1, 0xff, 0xc1, 0x19, 0xde, 0xa6, 0x20,
    0x7, 0x80, 0x4f, 0x42, 0x0, 0x3b, 0xc6, 0x10,
    0xf, 0x88, 0x2, 0x62, 0x0, 0xe4, 0x90, 0xc,
    0xbe, 0xa0, 0x11, 0xcf, 0x10, 0x7, 0xb4, 0x3,
    0xe5, 0x9e, 0xb1, 0x0, 0xe1, 0xac, 0x40, 0x8,
    0x88, 0x1, 0xc4, 0x20, 0x11, 0x35, 0xfd, 0x30,
    0x80, 0x7f, 0x1d, 0xf4, 0x3e, 0x0, 0x78, 0x94,
    0x5b, 0x75, 0x28, 0x1, 0xff, 0xc3, 0x17, 0x81,
    0x0,

    /* U+96C6 "集" */
    0x0, 0xff, 0xef, 0x4f, 0xd8, 0x7, 0x5f, 0xc0,
    0x7, 0xff, 0x29, 0x98, 0xe, 0x1, 0xc8, 0xe,
    0x40, 0x1f, 0xfc, 0x81, 0x80, 0x7, 0x80, 0x74,
    0x0, 0x20, 0x3, 0xff, 0x91, 0x42, 0x6, 0xca,
    0xbc, 0x20, 0x5, 0x65, 0x5f, 0xe1, 0x0, 0xfc,
    0xc8, 0x0, 0x3a, 0xaf, 0x48, 0x5, 0x35, 0x5f,
    0xda, 0x1, 0xf1, 0xc8, 0x7, 0xff, 0x31, 0x80,
    0x3c, 0x5a, 0x1, 0x6f, 0xff, 0xd0, 0x0, 0xaf,
    0xff, 0xf5, 0x0, 0x70, 0xf8, 0x80, 0x44, 0x1,
    0xff, 0xce, 0x2c, 0x20, 0xd, 0xff, 0xfa, 0x0,
    0x15, 0xff, 0xfb, 0x8c, 0x3, 0x16, 0x90, 0x31,
    0x0, 0x7f, 0xf2, 0x85, 0xc0, 0x30, 0x80, 0x1a,
    0x40, 0x2d, 0xdf, 0xce, 0x0, 0x9d, 0xdf, 0xdc,
    0x80, 0x18, 0xf2, 0xa4, 0x3, 0x11, 0x7e, 0xf0,
    0x1, 0x91, 0x7e, 0x10, 0xf, 0x1a, 0x80, 0x72,
    0x27, 0xee, 0x0, 0x6a, 0x27, 0xe3, 0x0, 0xff,
    0xe0, 0xdd, 0xfe, 0x60, 0x3, 0xdd, 0xfe, 0xc7,
    0x0, 0xff, 0xe0, 0x8, 0xff, 0x0, 0x4, 0x7f,
    0x88, 0xc0, 0x3f, 0xf8, 0x1d, 0xdf, 0xa4, 0x1,
    0x7d, 0xdf, 0xb5, 0x0, 0x3f, 0xf8, 0x6, 0x23,
    0xf7, 0x80, 0xc, 0x47, 0xfe, 0x0, 0xfc, 0x20,
    0xc, 0xee, 0xf9, 0xc0, 0x13, 0xdd, 0xff, 0x68,
    0x7, 0xca, 0x1, 0xff, 0xcd, 0x20, 0xf, 0xa7,
    0x2e, 0xff, 0x52, 0x2d, 0xdf, 0xff, 0x7, 0x40,
    0x3f, 0x1a, 0x27, 0xe2, 0x45, 0x4, 0x4f, 0xfe,
    0x1, 0x0, 0x62, 0x2f, 0xfe, 0xf, 0x0, 0x8,
    0xbf, 0xf8, 0x40, 0x17, 0x6e, 0xff, 0xf0, 0x58,
    0x1, 0x3b, 0xbf, 0xfc, 0x1e, 0x0, 0xff, 0xea,
    0x88, 0x3, 0xf2, 0xef, 0xff, 0x80, 0xa0, 0x7,
    0xbb, 0xff, 0xe0, 0x67, 0x0, 0x4, 0xd1, 0x3f,
    0xf8, 0x4, 0x0, 0xd4, 0x4f, 0xfe, 0x1, 0x88,
    0x7, 0xf9, 0x33, 0x54, 0x3, 0xe1, 0xdf, 0xe9,
    0x40, 0xf, 0xfe, 0x10, 0xb6, 0x59, 0x91, 0x80,
    0x7e, 0x30, 0x16, 0xbf, 0xa4, 0x0, 0xfc, 0x2d,
    0x7d, 0x26, 0x9, 0xac, 0x1, 0xf0, 0xf5, 0xb0,
    0x80, 0x16, 0xfa, 0x8, 0x2, 0x8d, 0xe9, 0x40,
    0x2, 0x65, 0x90, 0x7, 0xf9, 0x27, 0xad, 0x40,
    0x2, 0xfa, 0x60, 0x3, 0x20, 0x0, 0xbe, 0xd9,
    0x80, 0x7f, 0xf0, 0xd2, 0xba, 0x48, 0x8, 0xc0,
    0x17, 0x10, 0xce, 0x82, 0x0, 0xff, 0xe3, 0x8b,
    0x6e, 0x68, 0x6, 0x77, 0x18, 0x7, 0xfb, 0x4,
    0x90, 0x3, 0xfe, 0x30, 0x8,

    /* U+9700 "需" */
    0x0, 0x2e, 0xef, 0xff, 0x39, 0x0, 0x36, 0x11,
    0x7f, 0xf3, 0xb4, 0x3, 0x45, 0x4c, 0xff, 0x90,
    0x0, 0xd3, 0x3f, 0xea, 0x80, 0xc, 0x2a, 0xcd,
    0xfe, 0x30, 0x6, 0x33, 0x7f, 0x94, 0x40, 0x3f,
    0xfa, 0xf7, 0xff, 0xff, 0xc0, 0x70, 0x5, 0x7f,
    0xff, 0xf0, 0x2c, 0xd, 0x0, 0x3f, 0xfa, 0x8,
    0x80, 0x8, 0xea, 0xbf, 0xca, 0x0, 0x7a, 0xaf,
    0xa6, 0xa8, 0x60, 0x1, 0x0, 0x91, 0x7e, 0xa4,
    0x99, 0x57, 0x10, 0x3, 0x55, 0x70, 0xfd, 0xce,
    0x2a, 0x0, 0x7e, 0xd1, 0x38, 0xce, 0x91, 0x0,
    0xf1, 0x57, 0xda, 0x89, 0x78, 0x7, 0xf9, 0xfb,
    0x1c, 0x85, 0x90, 0x3, 0xca, 0xa0, 0x49, 0xdd,
    0x30, 0x7, 0xff, 0x0, 0xe3, 0x7b, 0x14, 0x3,
    0xcf, 0xdf, 0x6c, 0x40, 0x1e, 0x13, 0x30, 0xd8,
    0x4, 0x48, 0xf1, 0x6, 0x0, 0xf6, 0x7e, 0x54,
    0x20, 0x5, 0x82, 0x4a, 0x19, 0xc6, 0xfb, 0xfb,
    0x70, 0xc9, 0xe1, 0xe0, 0x1, 0x0, 0x9, 0xab,
    0xdf, 0xd9, 0x27, 0x68, 0x80, 0x6e, 0x20, 0x1,
    0x2c, 0xe4, 0x81, 0x0, 0x18, 0x33, 0xf6, 0x9c,
    0x81, 0x14, 0x3, 0xf4, 0xe6, 0x3f, 0x69, 0x8c,
    0x0, 0xbb, 0xc4, 0x1, 0x12, 0xc6, 0xea, 0x9c,
    0x3, 0x2f, 0x7f, 0xd9, 0x8f, 0xff, 0xdb, 0xdf,
    0xff, 0xb6, 0xbf, 0xee, 0x7c, 0x10, 0xf, 0xfe,
    0x80, 0xe4, 0x47, 0xff, 0x8, 0x40, 0xf, 0x11,
    0xff, 0xc1, 0x91, 0x77, 0xff, 0xe0, 0x30, 0x81,
    0xc3, 0xbf, 0xff, 0x4, 0x80, 0x30, 0x8f, 0xf3,
    0x80, 0x2c, 0x47, 0xfe, 0x0, 0xfa, 0x3b, 0xbf,
    0xa4, 0x1, 0x1d, 0xdf, 0xf7, 0xb0, 0x7, 0x28,
    0x7, 0xff, 0x37, 0x40, 0x38, 0xc0, 0x15, 0x77,
    0x80, 0x7, 0x77, 0xa8, 0x0, 0xb7, 0x7a, 0x40,
    0x3f, 0xc2, 0xa8, 0x98, 0x0, 0xc8, 0x9c, 0x0,
    0x34, 0x4c, 0xe0, 0x1, 0x0, 0xff, 0xf9, 0x98,
    0x7, 0xff, 0xcc, 0x40, 0x3f, 0xf9, 0xcc, 0xc9,
    0x0, 0xff, 0x18, 0x7, 0xff, 0xc, 0x40, 0xe6,
    0x4e, 0x0, 0xf0, 0xe, 0x50, 0x60, 0xe, 0x50,
    0xf0, 0xc, 0x26, 0x18, 0x6, 0xc0, 0x1, 0x67,
    0x0, 0xeb, 0xdb, 0x0, 0xea, 0xf5, 0x0, 0xec,
    0xf4, 0x0, 0x4f, 0xfb, 0xa4, 0x2,

    /* U+9762 "面" */
    0x7d, 0xdf, 0xfe, 0xa4, 0x5, 0x11, 0x7f, 0xf5,
    0x1c, 0x10, 0x3, 0xff, 0xa8, 0x81, 0x3f, 0xff,
    0xfc, 0x19, 0x0, 0xb7, 0xff, 0xff, 0x85, 0x60,
    0x1f, 0xfc, 0x3f, 0x0, 0x11, 0x0, 0x3f, 0xfa,
    0x4a, 0x0, 0x50, 0xf, 0xfe, 0x99, 0x80, 0x30,
    0x3, 0xff, 0xa4, 0x60, 0x12, 0x80, 0x7f, 0xf1,
    0xf3, 0xff, 0xfd, 0x80, 0x17, 0x7f, 0xff, 0xf0,
    0x70, 0x3, 0x11, 0x80, 0x7f, 0xf4, 0xc, 0x80,
    0x21, 0x0, 0x88, 0xcf, 0x0, 0x46, 0x7f, 0x10,
    0x0, 0x4c, 0xf1, 0x0, 0x42, 0x1, 0xe3, 0xdc,
    0xcc, 0x0, 0x2c, 0xcf, 0xb8, 0x0, 0xd9, 0x9b,
    0x44, 0x3, 0xff, 0xfe, 0x1, 0xff, 0xc0, 0x38,
    0x8f, 0xa4, 0x3, 0xff, 0x9c, 0x2e, 0xff, 0x28,
    0x7, 0xff, 0xc4, 0xbf, 0xfe, 0xb0, 0xf, 0xfe,
    0xb3, 0x80, 0x7f, 0xff, 0xc0, 0x3f, 0xf9, 0x27,
    0x33, 0xf8, 0x3, 0xff, 0x9c, 0x2c, 0xdf, 0x28,
    0x7, 0xff, 0xc4, 0xbf, 0xfe, 0xc0, 0xf, 0xff,
    0xf8, 0x7, 0xff, 0x90, 0xf7, 0x78, 0x0, 0x5b,
    0xbf, 0x80, 0xd, 0xbb, 0xb8, 0x40, 0x3c, 0x20,
    0x11, 0x17, 0x0, 0x44, 0x5f, 0x8, 0x0, 0x48,
    0xb0, 0x80, 0x42, 0x1, 0x12, 0x0, 0x7f, 0xf4,
    0x10, 0x80, 0x0,

    /* U+9875 "页" */
    0x0, 0xff, 0xea, 0x17, 0x7f, 0xff, 0xf4, 0x59,
    0x82, 0x1, 0xff, 0xd1, 0xc4, 0x64, 0x4f, 0xfe,
    0x0, 0x4, 0x68, 0x9f, 0xfc, 0x5, 0x90, 0x9b,
    0xbf, 0xfb, 0xc0, 0x3, 0x97, 0x7f, 0xfc, 0xa,
    0x30, 0xf, 0xfe, 0xf, 0x80, 0x20, 0x3, 0xff,
    0x9e, 0x48, 0x4, 0xc0, 0x1f, 0xfc, 0x72, 0x89,
    0x9f, 0x70, 0x0, 0x66, 0x7f, 0xe5, 0x0, 0xfd,
    0x2e, 0xcd, 0xe3, 0x0, 0x1b, 0x37, 0xfd, 0x42,
    0x1, 0xf3, 0x0, 0x7f, 0xf2, 0xc8, 0x3, 0xfd,
    0x9d, 0xdf, 0xfc, 0x51, 0x0, 0xff, 0xe0, 0x90,
    0x8f, 0xff, 0x14, 0xc0, 0x3f, 0xf9, 0x3, 0x78,
    0x60, 0x1f, 0xfd, 0x4, 0x41, 0xd8, 0x7, 0xff,
    0x40, 0xc0, 0x3f, 0xfe, 0x62, 0x1, 0xff, 0xf3,
    0xf0, 0xf, 0xff, 0x98, 0x80, 0x3c, 0x3, 0xff,
    0xa0, 0xa0, 0x3, 0x0, 0xff, 0xe7, 0x99, 0x80,
    0xa, 0x1, 0xf0, 0x80, 0x7f, 0x9c, 0x4, 0x40,
    0x1d, 0xe0, 0x5, 0x14, 0xb7, 0x10, 0x9, 0x80,
    0x4, 0x1, 0xf5, 0x5f, 0x80, 0x75, 0x18, 0x2,
    0x2, 0xd2, 0x39, 0xc0, 0x15, 0x9c, 0x20, 0x1f,
    0x90, 0x40, 0x21, 0xb5, 0x0, 0x41, 0x3, 0x80,
    0x51, 0xcc, 0x6, 0x20, 0x1f, 0xfc, 0x16, 0xf4,
    0x0, 0x33, 0x80, 0x23, 0x98, 0x0, 0x33, 0xa8,
    0x1, 0xff, 0xb, 0xf4, 0x88, 0x2, 0x24, 0x3,
    0xc, 0xea, 0x0, 0xa, 0xec, 0x40, 0x1e, 0x15,
    0xbe, 0x81, 0x0, 0x1e, 0xb8, 0x7, 0xc5, 0x76,
    0x20, 0x2, 0x6b, 0x80, 0xa, 0x77, 0xa9, 0x0,
    0x22, 0xac, 0x20, 0xf, 0xf2, 0x6c, 0x0, 0x51,
    0x61, 0x4c, 0x40, 0x19, 0x6f, 0x54, 0x3, 0xff,
    0x84, 0xfa, 0x60, 0x4, 0x9, 0x40, 0x27, 0xbf,
    0xa4, 0x0, 0xff, 0xe2, 0x96, 0x40, 0xc8, 0xd,
    0xfe, 0xc2, 0x0, 0x7f, 0xf2, 0x9f, 0x98, 0x0,

    /* U+9876 "顶" */
    0x0, 0xff, 0xe1, 0xc5, 0x57, 0xff, 0x12, 0x44,
    0x22, 0xab, 0xfe, 0x66, 0x3a, 0xaf, 0xff, 0x11,
    0x98, 0xae, 0xab, 0xff, 0x4a, 0x90, 0x7, 0xff,
    0x10, 0x51, 0xc0, 0x3f, 0xf8, 0x6, 0x6d, 0xff,
    0xf1, 0x80, 0x2f, 0xff, 0xdc, 0x65, 0xff, 0xcc,
    0x0, 0xaf, 0xfb, 0x0, 0x3e, 0x13, 0x1, 0x40,
    0xf, 0xfe, 0x10, 0x80, 0x4, 0x3, 0xfe, 0x70,
    0x3, 0x0, 0x7f, 0xf3, 0x52, 0x6a, 0xab, 0x0,
    0x25, 0x57, 0x94, 0x3, 0xff, 0x8d, 0x4c, 0xab,
    0x10, 0x0, 0xd5, 0x7d, 0x40, 0x1f, 0xfc, 0x61,
    0x0, 0xff, 0xe1, 0x88, 0x7, 0xff, 0x1c, 0xbb,
    0xff, 0xf8, 0xc0, 0x3f, 0xf9, 0x42, 0x20, 0xf,
    0xe7, 0x0, 0xff, 0xe7, 0xdf, 0x28, 0x7, 0xff,
    0x48, 0x50, 0x78, 0x3, 0xff, 0xa4, 0x60, 0x1f,
    0xff, 0xf0, 0xf, 0xff, 0xf8, 0x7, 0xff, 0xb0,
    0x40, 0x3f, 0xfa, 0x42, 0x0, 0x30, 0xf, 0xfe,
    0x92, 0x80, 0x38, 0x3, 0xff, 0x98, 0x20, 0xc0,
    0x16, 0x0, 0x10, 0x2, 0x10, 0x0, 0x80, 0x7f,
    0xf1, 0x72, 0x6c, 0x0, 0x2a, 0x2, 0x60, 0x15,
    0x53, 0x40, 0x3f, 0xf8, 0xc4, 0xc2, 0x0, 0x90,
    0x4, 0xad, 0xa0, 0x1, 0x48, 0x3, 0xff, 0x94,
    0x6e, 0x0, 0x6a, 0x4b, 0x80, 0xf, 0xfe, 0x61,
    0xe8, 0x2, 0x45, 0xc0, 0xf, 0x62, 0x1, 0xf8,
    0x4c, 0x3, 0xfe, 0x7c, 0x10, 0x46, 0x8, 0x80,
    0x1, 0x30, 0x40, 0x27, 0xff, 0xb9, 0x0, 0xc,
    0x1, 0xe4, 0xd8, 0x0, 0x1d, 0x80, 0x4f, 0x60,
    0x2, 0xf2, 0x0, 0x8, 0x7, 0x94, 0x80, 0x33,
    0x65, 0x90, 0x1, 0x70, 0x3, 0x93, 0x44, 0x7,
    0xc0, 0xd, 0x28, 0x85, 0x6b, 0xa0, 0xc, 0x52,
    0x60, 0x2, 0xba, 0x0, 0xf8, 0xb0, 0x40, 0x84,
    0x0, 0xd7, 0x6a, 0x94, 0x0, 0xe2, 0x60, 0x3a,
    0xd4, 0x0, 0xfe, 0x2d, 0x18, 0x10, 0xf, 0xfe,
    0x14, 0xfe, 0x28, 0x7, 0xff, 0x0, 0xf9, 0xc0,

    /* U+9882 "颂" */
    0x0, 0xcb, 0xf2, 0x0, 0x1a, 0x80, 0xc, 0xd1,
    0x33, 0xff, 0xc2, 0x70, 0xe, 0x90, 0x60, 0x2,
    0x2b, 0xa0, 0x0, 0xa5, 0xd9, 0xbf, 0xf8, 0x50,
    0xa0, 0x18, 0xc0, 0xc0, 0x8, 0x0, 0xe0, 0x1,
    0x10, 0x3, 0xff, 0x86, 0x2e, 0x1, 0x18, 0x1,
    0x0, 0x2, 0x80, 0xa2, 0x0, 0xdf, 0xff, 0x8,
    0x3, 0xbf, 0xfb, 0x88, 0x2, 0x40, 0x6, 0x0,
    0x5c, 0x0, 0x70, 0xf, 0xc4, 0x20, 0xa2, 0x1,
    0xfe, 0xb0, 0x2, 0x0, 0x4a, 0x0, 0xd0, 0xf,
    0xc8, 0x0, 0xe0, 0xf, 0xf0, 0x98, 0x20, 0x7,
    0x20, 0x20, 0x80, 0xe, 0x6a, 0xab, 0x0, 0x75,
    0x57, 0x28, 0x6, 0x60, 0x6, 0x80, 0x76, 0x80,
    0x10, 0x1, 0xec, 0xab, 0x10, 0x1, 0x57, 0xd4,
    0x1, 0xa8, 0x0, 0xe0, 0x1c, 0x80, 0xf, 0x0,
    0x10, 0x7, 0xff, 0x8, 0x40, 0xa, 0x40, 0xc2,
    0x1, 0xc4, 0x40, 0x40, 0xc, 0x7f, 0xff, 0xca,
    0x1, 0xd0, 0x0, 0xa0, 0xf, 0x90, 0x4, 0xc0,
    0x26, 0x0, 0xfe, 0x20, 0xc, 0xc4, 0x8, 0x60,
    0x7b, 0x60, 0x17, 0x80, 0x14, 0x3, 0xe6, 0xe8,
    0x0, 0xff, 0xa4, 0x1, 0x44, 0x86, 0x0, 0x70,
    0x15, 0x0, 0xfa, 0x85, 0x80, 0x3f, 0x34, 0xc8,
    0x80, 0x8, 0x0, 0x30, 0x0, 0xff, 0x18, 0x7,
    0xf0, 0x80, 0x7f, 0x33, 0x0, 0x2, 0x40, 0x80,
    0x1f, 0xfd, 0x27, 0x0, 0x68, 0x7, 0xff, 0x4b,
    0x40, 0xe, 0x1, 0xff, 0xd1, 0x14, 0x3, 0x10,
    0x99, 0x0, 0x7f, 0xf3, 0x9c, 0x1, 0x40, 0x4c,
    0xc7, 0x0, 0xff, 0xe0, 0x8, 0x7, 0xff, 0x2,
    0x80, 0xe, 0x4, 0x21, 0x40, 0x1f, 0xe1, 0x0,
    0xff, 0xe0, 0x91, 0x82, 0x88, 0x1, 0x80, 0x8c,
    0x3, 0xf8, 0xc0, 0xc0, 0x3f, 0xea, 0x0, 0x70,
    0x5, 0x60, 0xa, 0x0, 0xfe, 0x10, 0x60, 0xf,
    0xf9, 0x80, 0x90, 0x2, 0x32, 0x7, 0x0, 0x8c,
    0x3, 0x20, 0x0, 0xc0, 0x2f, 0x0, 0x8, 0x4,
    0xa2, 0x16, 0x1, 0xd4, 0x2, 0x80, 0x9, 0x78,
    0x0, 0x60, 0x3, 0x0, 0x26, 0x8a, 0x0, 0xd0,
    0x2, 0xc4, 0xaf, 0x5b, 0x0, 0xd, 0x0, 0x24,
    0x10, 0x1, 0x80, 0x8, 0xec, 0x2, 0xea, 0x1,
    0x31, 0x0, 0xfe, 0xd4, 0x29, 0x0, 0x4e, 0x1,
    0xe6, 0x10, 0x65, 0x89, 0xb0, 0xe, 0x19, 0x0,
    0xfc, 0x4a, 0x60, 0x24, 0x1, 0x8e, 0x40, 0x16,
    0x84, 0x9, 0x82, 0x1, 0x8, 0x6, 0x25, 0x9c,
    0xfd, 0xa9, 0x0, 0x20, 0x4, 0x7a, 0x0, 0x72,
    0x1c, 0x30, 0x3f, 0x20, 0xa, 0x1e, 0xff, 0x69,
    0x8c, 0x2, 0x40, 0x15, 0x0, 0x36, 0x8, 0x1c,
    0x0, 0x7, 0x10, 0x7, 0x8, 0x0, 0xf0, 0x80,
    0x1f, 0x87, 0xb8, 0x66, 0xb9, 0x0, 0x26, 0x80,
    0x75, 0xa8, 0xe, 0x8, 0x7, 0xff, 0x4, 0x40,
    0xb1, 0x0, 0xf, 0x62, 0x1, 0xea, 0x50, 0x13,
    0x0, 0xff, 0xe1, 0x92, 0xa, 0xec, 0x0, 0x7f,
    0x52, 0xc1, 0x0,

    /* U+9884 "预" */
    0x3, 0x89, 0x9e, 0xaa, 0xd2, 0xa0, 0x55, 0x77,
    0xff, 0xc3, 0x90, 0x7, 0x3b, 0x37, 0x2a, 0xe6,
    0xa4, 0xa5, 0x44, 0xff, 0xe1, 0xb2, 0x83, 0x80,
    0x7f, 0xf0, 0x1a, 0xc8, 0x47, 0xc0, 0x10, 0x8f,
    0x89, 0xc2, 0xbf, 0xff, 0x28, 0x1, 0xc8, 0xf7,
    0xbb, 0xc0, 0x17, 0x77, 0xb4, 0x80, 0x3f, 0x95,
    0x40, 0x50, 0x1, 0xf9, 0x0, 0xa, 0x1, 0xff,
    0x8, 0x6, 0x3a, 0x0, 0x78, 0x7, 0xf1, 0x80,
    0x3c, 0x3, 0xfc, 0x9d, 0xc6, 0x3, 0xc0, 0x5,
    0x90, 0x6, 0x49, 0xaa, 0xc0, 0xf, 0xaa, 0xd2,
    0x60, 0x18, 0x40, 0x67, 0x34, 0x1, 0x48, 0x1,
    0xd6, 0xca, 0xb1, 0x0, 0x15, 0x79, 0xb8, 0x3,
    0x2d, 0x88, 0x18, 0x84, 0xa8, 0x7, 0x8, 0x7,
    0xff, 0x8, 0x80, 0x39, 0x39, 0x80, 0x2a, 0x20,
    0xf, 0xc9, 0xff, 0xfb, 0x84, 0x3, 0xfa, 0x68,
    0x40, 0xf5, 0x40, 0x3e, 0x10, 0xf, 0xc2, 0x1,
    0xff, 0x2f, 0x98, 0x2, 0x40, 0x3f, 0xe9, 0xc4,
    0x0, 0xfc, 0xdd, 0xde, 0xf2, 0x0, 0x1f, 0xfb,
    0x4c, 0x3, 0xe6, 0x3e, 0x0, 0xfd, 0xa2, 0x3f,
    0x80, 0x38, 0x94, 0x3, 0xc2, 0x1, 0xff, 0x42,
    0xaf, 0x8, 0x1, 0x15, 0x44, 0x0, 0x40, 0xf,
    0xfe, 0x31, 0xd5, 0x71, 0x0, 0x2e, 0xa8, 0xe0,
    0x64, 0x1, 0xff, 0xd1, 0x15, 0xa, 0x0, 0xff,
    0xe9, 0x38, 0x1, 0xc0, 0x3f, 0xfa, 0x54, 0xa,
    0x20, 0x1f, 0xfd, 0x22, 0x9, 0x0, 0xfc, 0x60,
    0x3, 0x0, 0xff, 0xe3, 0xfe, 0x18, 0x7, 0xe1,
    0x0, 0x8, 0x7, 0xff, 0x1c, 0x4c, 0x3, 0xf9,
    0x80, 0x1c, 0x1, 0xff, 0xc4, 0x10, 0xf, 0x84,
    0x0, 0x60, 0xf, 0x0, 0x28, 0x4, 0x60, 0x40,
    0x1f, 0xfc, 0x7b, 0x88, 0x0, 0x14, 0x4, 0xc0,
    0x2f, 0x8e, 0x0, 0xff, 0xe3, 0xa3, 0x88, 0x38,
    0x1, 0xc1, 0xcc, 0x9, 0xcc, 0x3, 0xfc, 0x60,
    0x1f, 0xf1, 0x40, 0x2, 0xe2, 0x18, 0xe0, 0x1f,
    0xfc, 0xc2, 0xf0, 0x3, 0x16, 0x80, 0x22, 0x40,
    0x3f, 0xf9, 0x49, 0x84, 0x5, 0x20, 0xb0, 0x0,
    0x6a, 0x0, 0xff, 0x84, 0x3, 0xe1, 0x9b, 0x10,
    0x1f, 0x0, 0x9e, 0x80, 0xb, 0x60, 0x19, 0xee,
    0xe3, 0x0, 0xf8, 0xa7, 0xd8, 0x0, 0x78, 0x40,
    0x19, 0x68, 0x0, 0x94, 0x1, 0x42, 0x24, 0x0,
    0x70, 0xe, 0xf6, 0x10, 0x4, 0x61, 0x0, 0x79,
    0x68, 0x0, 0x80, 0x14, 0x88, 0x0, 0x9a, 0x80,
    0x3a, 0x4, 0xa3, 0x9c, 0x3, 0xf9, 0x60, 0x2c,
    0x2, 0x6e, 0xff, 0x6c, 0x88, 0x7, 0x2f, 0x6b,
    0x88, 0x7, 0xfc, 0xfe, 0xa0,

    /* U+989D "额" */
    0x0, 0xff, 0xee, 0xcf, 0xd0, 0x7, 0xff, 0x4c,
    0xc1, 0x54, 0x1, 0xf1, 0xa2, 0x7f, 0xf0, 0xc,
    0x40, 0x3f, 0x40, 0x2, 0xc0, 0x3d, 0x19, 0x77,
    0xff, 0xc0, 0xce, 0x10, 0x3d, 0xff, 0xda, 0x0,
    0x1f, 0xfd, 0xce, 0x20, 0x1f, 0xfc, 0x33, 0xa,
    0x20, 0xf, 0xfe, 0x0, 0xcc, 0xaa, 0xba, 0x0,
    0xd, 0x55, 0xd8, 0x40, 0x19, 0xdf, 0xfc, 0x40,
    0x20, 0xab, 0xc0, 0x14, 0x2a, 0xf1, 0x80, 0x61,
    0x88, 0xae, 0x62, 0x39, 0x40, 0x3f, 0x50, 0x20,
    0x80, 0x7f, 0xf0, 0x67, 0x3c, 0x3, 0xe1, 0x0,
    0x9, 0x11, 0x8, 0x34, 0x8b, 0x8, 0x6, 0xa5,
    0xb0, 0x36, 0x4, 0x0, 0xea, 0x58, 0xb, 0xed,
    0xd5, 0x80, 0x27, 0x77, 0x74, 0x80, 0x47, 0x4a,
    0x1e, 0x0, 0x5f, 0xfe, 0x9b, 0x60, 0x40, 0xf,
    0xfe, 0x3, 0x80, 0x7a, 0xc, 0x3, 0xf2, 0x28,
    0x8, 0x1, 0x2a, 0xbf, 0x10, 0x7, 0xce, 0xe0,
    0x49, 0x9c, 0xe0, 0x1, 0x40, 0xd, 0xaa, 0xbf,
    0x98, 0x3, 0xd3, 0x0, 0x76, 0xcd, 0x8c, 0x1,
    0x60, 0x1f, 0xd7, 0x40, 0x1f, 0xd8, 0xc0, 0x5c,
    0xa2, 0x0, 0x94, 0x5, 0x50, 0x7, 0xe3, 0x45,
    0x30, 0xf, 0xc2, 0x9, 0xf9, 0x5d, 0x54, 0x60,
    0x3a, 0x0, 0xfe, 0x60, 0xf, 0xfb, 0x72, 0xc9,
    0x80, 0xa, 0xa0, 0x2d, 0x0, 0xff, 0xe5, 0x98,
    0x2, 0x20, 0x1, 0x8a, 0x40, 0x3f, 0xf8, 0x22,
    0x1, 0xff, 0x15, 0xc0, 0x0, 0x40, 0xf, 0xca,
    0x1, 0xf8, 0xc0, 0x3f, 0xf8, 0x7, 0x3a, 0x80,
    0x7, 0xe9, 0x10, 0x1a, 0xb1, 0x0, 0xf0, 0x80,
    0xc, 0x3, 0xf6, 0x61, 0x80, 0x5, 0x90, 0xd,
    0xea, 0x0, 0x4b, 0x0, 0xf7, 0x80, 0x4, 0x3,
    0xe2, 0x30, 0x0, 0xce, 0x98, 0x4, 0x35, 0x62,
    0x12, 0x1, 0xe2, 0x1, 0x0, 0xfc, 0x52, 0xb5,
    0x40, 0x77, 0xf8, 0xb3, 0x8c, 0x3, 0xcc, 0x4,
    0x1, 0xfc, 0xd4, 0xd7, 0x31, 0x1f, 0x4e, 0x8,
    0x7, 0xc6, 0xc, 0x1, 0xff, 0x30, 0x7, 0xf8,
    0x40, 0x2, 0x1, 0x88, 0x1, 0xa0, 0x1f, 0xfc,
    0x2c, 0xff, 0xe4, 0x0, 0xe1, 0x5, 0x5, 0x0,
    0x20, 0x5, 0x80, 0x80, 0x1f, 0x84, 0x3, 0x84,
    0x3, 0xbb, 0xcc, 0x28, 0x4, 0xcc, 0x40, 0xff,
    0x40, 0x1f, 0xfc, 0xb5, 0x20, 0x62, 0xcd, 0x80,
    0xf, 0xfe, 0x68, 0xd8, 0x2, 0x4c, 0x41, 0xec,
    0x40, 0x3f, 0x84, 0x3, 0x84, 0x3, 0xc3, 0x82,
    0x12, 0x22, 0xc2, 0x4, 0xc2, 0x0, 0xfd, 0x9f,
    0xfc, 0x80, 0x1c, 0x9e, 0x40, 0xac, 0x0, 0x2c,
    0x40, 0x2c, 0x30, 0xc, 0xc0, 0x1f, 0xe1, 0x3,
    0xab, 0x10, 0x4a, 0x0, 0xc3, 0x6c, 0x3, 0x86,
    0x1, 0x1d, 0xc4, 0x7f, 0x60, 0xe2, 0x80, 0x1e,
    0xc0, 0x3e, 0x97, 0x0, 0x20, 0x6, 0x47, 0x7f,
    0xe2, 0x16, 0x15, 0xc8, 0x0, 0xfe, 0x87, 0x26,

    /* U+98CE "风" */
    0x0, 0xcb, 0x55, 0xff, 0xca, 0x40, 0xf, 0xea,
    0x55, 0xff, 0xe5, 0x50, 0x7, 0xe1, 0x0, 0xff,
    0xe5, 0x88, 0x80, 0x3f, 0xc3, 0xbb, 0xff, 0xc6,
    0x20, 0xf, 0xfe, 0x9, 0x91, 0x7f, 0xf1, 0x9c,
    0x3, 0xff, 0x9e, 0x20, 0x1f, 0xfd, 0x34, 0xee,
    0x8, 0x7, 0xff, 0x1d, 0x60, 0x3, 0xf7, 0x0,
    0x80, 0x7f, 0xf1, 0xd2, 0x9f, 0x0, 0x3c, 0x2a,
    0x6, 0x20, 0x1f, 0xfc, 0x64, 0x30, 0x39, 0x0,
    0xe7, 0x0, 0x58, 0x7, 0xff, 0x23, 0x44, 0x19,
    0xc0, 0x35, 0x80, 0x18, 0x3, 0xff, 0x90, 0x34,
    0x0, 0x84, 0x0, 0x21, 0x2, 0x88, 0x4, 0x60,
    0x1f, 0xfc, 0x54, 0x80, 0x5, 0x10, 0x40, 0x2,
    0x40, 0x3f, 0xf8, 0xc2, 0x1, 0x9d, 0x40, 0x79,
    0xc, 0xc, 0xc0, 0x1f, 0xfc, 0x33, 0x0, 0xfd,
    0x64, 0x7, 0x60, 0x8, 0x0, 0xe1, 0x0, 0x18,
    0x7, 0xf9, 0xc0, 0x38, 0x78, 0x3, 0x1a, 0x0,
    0x7f, 0xf1, 0x4, 0x0, 0x20, 0x1e, 0x38, 0x0,
    0xa4, 0x3, 0xde, 0x1, 0xfe, 0x70, 0x1, 0x80,
    0x7d, 0xc0, 0x14, 0x0, 0x7f, 0x8, 0x7, 0xc4,
    0x0, 0x10, 0xf, 0x23, 0x0, 0x45, 0x40, 0x1c,
    0x20, 0x7, 0x0, 0xfb, 0x80, 0x1c, 0x1, 0xc3,
    0x40, 0x5, 0x0, 0x2b, 0x0, 0x63, 0x0, 0xff,
    0x18, 0x0, 0x80, 0x3b, 0x44, 0xe, 0xa0, 0x1,
    0x26, 0x1, 0xe1, 0x0, 0xf9, 0x40, 0xa, 0x1,
    0xa8, 0xc0, 0x1c, 0xe, 0x80, 0xe, 0x0, 0x84,
    0x0, 0x60, 0x1e, 0x21, 0x0, 0x8, 0x5, 0x2a,
    0x0, 0xa2, 0x0, 0x50, 0x81, 0x48, 0x1, 0xc0,
    0x2, 0x1, 0xe4, 0x0, 0x18, 0x5, 0x2c, 0x0,
    0x85, 0x0, 0x86, 0xc0, 0xc, 0x80, 0x20, 0xe,
    0x0, 0xf6, 0x0, 0x10, 0x7, 0x18, 0x0, 0xce,
    0x1, 0xca, 0xa0, 0x5, 0x1, 0x0, 0x8, 0x1,
    0x6, 0x0, 0x40, 0x6, 0x5, 0x18, 0x1, 0xa4,
    0x3, 0xeb, 0x0, 0x9, 0x0, 0x83, 0x0, 0x1b,
    0x81, 0x4, 0x5, 0x3, 0x80, 0x13, 0x20, 0xf,
    0xc3, 0x49, 0x64, 0x4, 0x4, 0x0, 0x12, 0xe,
    0x0, 0x38, 0x1, 0x77, 0x4c, 0x1, 0xfe, 0x5b,
    0x40, 0x2, 0x80, 0x10, 0x40, 0x88, 0xa0, 0xa,
    0x0, 0x88, 0x80, 0x1f, 0xfc, 0x4c, 0x0, 0x42,
    0x80, 0xc8, 0x0, 0xcc, 0x1, 0xff, 0xc9, 0x51,
    0x3, 0xb0, 0x45, 0x0, 0x78, 0x7, 0xff, 0x2e,
    0x0, 0x35, 0xe9, 0x31, 0x80, 0x7f, 0xf2, 0xda,
    0x48, 0x60, 0xc0,

    /* U+98DF "食" */
    0x0, 0xff, 0xf1, 0x97, 0x71, 0x40, 0x3f, 0xfa,
    0x3e, 0x22, 0xe0, 0xf, 0xfe, 0x86, 0x10, 0x1,
    0x18, 0x3, 0xff, 0x9a, 0x5a, 0x60, 0x42, 0x13,
    0x20, 0xf, 0xfe, 0x5a, 0xe1, 0x1, 0xe6, 0x8,
    0x1b, 0x4c, 0x3, 0xff, 0x8e, 0x35, 0x41, 0x4,
    0xc1, 0x2c, 0x40, 0x2c, 0x91, 0x0, 0xff, 0xe2,
    0x37, 0xa8, 0x1, 0xec, 0x2, 0x1b, 0x80, 0x3,
    0x7b, 0x0, 0x7f, 0xf0, 0x57, 0x64, 0x40, 0x41,
    0xff, 0xfd, 0x0, 0x40, 0x33, 0xcc, 0x1, 0xfc,
    0xdb, 0x44, 0x0, 0x6e, 0x60, 0xf, 0xc5, 0xb2,
    0x20, 0x33, 0xd0, 0x20, 0x11, 0xd7, 0xc9, 0x0,
    0xf, 0x24, 0x27, 0xbb, 0xf6, 0x83, 0x7b, 0x0,
    0x5, 0xfa, 0xd8, 0x35, 0x40, 0x22, 0x79, 0x56,
    0x69, 0xdf, 0xf3, 0x34, 0xf9, 0x4a, 0x1, 0x24,
    0xa5, 0x80, 0x12, 0xbd, 0xea, 0x67, 0xff, 0x89,
    0x54, 0xbd, 0x60, 0x2, 0xa2, 0xf7, 0x2d, 0x58,
    0x2, 0x22, 0xff, 0xe1, 0x0, 0x44, 0x49, 0xfd,
    0xa0, 0x0, 0x88, 0x3, 0x9b, 0x77, 0xff, 0x84,
    0xa0, 0x1e, 0x20, 0xf, 0xf0, 0x80, 0x7f, 0xf5,
    0x1f, 0xff, 0xff, 0x84, 0xa0, 0x1f, 0xfe, 0x66,
    0xee, 0xff, 0xe1, 0x28, 0x7, 0xff, 0x14, 0x47,
    0xff, 0x86, 0x1, 0xff, 0xc6, 0x35, 0x5f, 0xfe,
    0x13, 0x80, 0x7f, 0xf1, 0x52, 0xab, 0xff, 0x84,
    0x40, 0x1f, 0xfd, 0x51, 0x43, 0x0, 0xff, 0xe1,
    0x3f, 0xff, 0xff, 0xf, 0xad, 0x7b, 0x86, 0x1,
    0xff, 0xc6, 0x76, 0x0, 0xf8, 0x6a, 0x82, 0x25,
    0x0, 0xff, 0xe2, 0xcc, 0x4f, 0x38, 0x6, 0x6f,
    0x50, 0x5, 0x30, 0x7, 0xff, 0x16, 0xcc, 0x6,
    0x35, 0x11, 0xb2, 0x20, 0xbc, 0xa0, 0x1f, 0xfc,
    0x62, 0xca, 0x20, 0x2b, 0xb1, 0x1, 0xe5, 0x8,
    0x7, 0xff, 0x25, 0x76, 0x0, 0x31, 0xe1, 0x80,
    0x7f, 0xf1, 0xc5, 0x1a, 0x6c, 0x5f, 0x50, 0x0,
    0x7c, 0x80, 0x1f, 0xfc, 0x2, 0x0, 0x24, 0xdf,
    0x72, 0xe5, 0x91, 0x0, 0x57, 0x42, 0x3, 0x74,
    0x20, 0x1f, 0xc3, 0x0, 0x3, 0x64, 0x10, 0xc,
    0xaa, 0x0, 0x97, 0xd8, 0x0, 0xbe, 0x80, 0x1f,
    0x94, 0x40, 0x38, 0x9a, 0x73, 0xe8, 0x3, 0x86,
    0x6c, 0x40, 0x6c, 0x3, 0xf2, 0x28, 0x24, 0x67,
    0xec, 0xb1, 0x80, 0x7f, 0x27, 0xa8, 0x48, 0x7,
    0xf5, 0x7d, 0xb9, 0x80, 0x7f, 0xf0, 0xc6, 0xbd,
    0x80, 0x30,

    /* U+996A "饪" */
    0x0, 0xc3, 0x76, 0x20, 0xf, 0xfe, 0x93, 0x22,
    0x40, 0x1f, 0xfc, 0x72, 0x7c, 0xb1, 0x0, 0xf6,
    0x80, 0x8, 0x3, 0xff, 0x84, 0x4b, 0x17, 0xdb,
    0x6, 0x94, 0x1, 0xe4, 0x0, 0x20, 0x7, 0xc8,
    0xf1, 0x59, 0xdf, 0xb4, 0xe8, 0x20, 0x11, 0x68,
    0x7, 0x8, 0x80, 0xc0, 0x3e, 0x6b, 0x87, 0x53,
    0x10, 0xc, 0x26, 0xd3, 0xba, 0x60, 0xe, 0x40,
    0x0, 0xcd, 0x55, 0x76, 0xa2, 0x10, 0x0, 0x9a,
    0xb0, 0x0, 0xbb, 0x25, 0x88, 0x3, 0xef, 0x0,
    0x13, 0x2a, 0xc8, 0x85, 0xde, 0xe7, 0xf6, 0x54,
    0x0, 0x7f, 0xf0, 0xd0, 0x3, 0xff, 0x80, 0x20,
    0x1f, 0xfc, 0x73, 0x10, 0x6f, 0xfe, 0x80, 0x6,
    0x80, 0x7f, 0xf2, 0x64, 0x1, 0x40, 0x1d, 0x60,
    0x4, 0x0, 0xff, 0xe4, 0xa, 0x81, 0x18, 0x6,
    0x23, 0x5, 0x0, 0xff, 0xe4, 0xc0, 0x2, 0x80,
    0x3a, 0xc0, 0x12, 0x1, 0xff, 0xc8, 0x36, 0x0,
    0x30, 0x35, 0xb0, 0x10, 0x19, 0x80, 0x3f, 0xf9,
    0x12, 0x0, 0x61, 0x8, 0x4b, 0xa, 0xa6, 0x80,
    0x7f, 0xf2, 0x70, 0x1, 0x0, 0x1, 0x3, 0x1,
    0x51, 0x0, 0xff, 0xe4, 0xb5, 0xe0, 0x80, 0x7f,
    0xf, 0x7f, 0xfb, 0x80, 0x5, 0xff, 0xf9, 0x41,
    0xc, 0x3, 0xfc, 0x42, 0x1, 0xff, 0xc6, 0xc0,
    0xf, 0xfe, 0x9, 0xba, 0x27, 0xc0, 0x12, 0x27,
    0xcb, 0x60, 0x1f, 0xfc, 0x28, 0xbb, 0xf5, 0x0,
    0xa, 0xef, 0xea, 0x20, 0xf, 0xff, 0xf8, 0x7,
    0xff, 0xfc, 0x3, 0xff, 0xa8, 0xf6, 0x1, 0xff,
    0xd2, 0x2c, 0x84, 0x40, 0x7, 0xff, 0x42, 0x34,
    0xc0, 0x50, 0x3, 0xff, 0x9e, 0x2e, 0x0, 0x4f,
    0x0, 0xff, 0xe6, 0xa0, 0x7, 0x4d, 0x88, 0x7,
    0xff, 0x30, 0x64, 0x2, 0x4e, 0x60, 0x4, 0xff,
    0xfb, 0x80, 0x5, 0xff, 0xf5, 0x0, 0x73, 0x10,
    0x2, 0x6c, 0x40, 0x24, 0x0, 0xff, 0xe2, 0xa0,
    0x7, 0x20, 0x16, 0xb0, 0x7, 0x42, 0x27, 0xff,
    0x16, 0x0, 0x38, 0xfb, 0x48, 0x3, 0xcb, 0x77,
    0xff, 0xc5, 0x60,

    /* U+997C "饼" */
    0x0, 0xff, 0xe2, 0x25, 0x20, 0x7, 0xff, 0x1d,
    0xff, 0x0, 0x3f, 0xa1, 0x6c, 0x80, 0x3e, 0x3d,
    0xa2, 0x0, 0xfa, 0x41, 0x80, 0x3f, 0xa8, 0x1,
    0xe0, 0x1f, 0x79, 0x2a, 0x0, 0x78, 0x44, 0x1a,
    0x1, 0xfc, 0xc6, 0x4, 0xe0, 0x1c, 0x66, 0x2,
    0x60, 0xf, 0x28, 0x0, 0xc0, 0x3f, 0xde, 0x0,
    0x90, 0xe, 0xf0, 0x4, 0x80, 0x7c, 0x60, 0xf,
    0xbb, 0xb3, 0x12, 0x1, 0x8c, 0x80, 0x48, 0x2,
    0x43, 0x5, 0x40, 0xf, 0xb0, 0x0, 0x89, 0x8c,
    0xcc, 0x80, 0x1a, 0x1, 0x88, 0x2, 0x90, 0x5,
    0x80, 0x7e, 0x40, 0x23, 0x3c, 0x1, 0x3c, 0xdd,
    0xdc, 0x85, 0x77, 0x69, 0x0, 0xd5, 0xda, 0x84,
    0x2, 0x40, 0x7, 0xe6, 0x64, 0x0, 0x99, 0x13,
    0xf8, 0x80, 0x2, 0x89, 0x2b, 0x80, 0x5c, 0x4,
    0x40, 0x8, 0x50, 0x14, 0xc4, 0x3, 0xff, 0x8a,
    0xa0, 0x1, 0x50, 0x50, 0xd, 0x20, 0xe, 0xe,
    0xff, 0x84, 0x7, 0xff, 0x18, 0x3, 0xff, 0x18,
    0x2, 0x40, 0x14, 0x1, 0x94, 0x5, 0x0, 0x3f,
    0xf9, 0x24, 0xe0, 0x64, 0x46, 0x10, 0xa, 0x0,
    0x3f, 0xf9, 0x56, 0x0, 0x90, 0xf9, 0x80, 0xdc,
    0x60, 0xf, 0xfe, 0x55, 0x1, 0x28, 0x18, 0x10,
    0x0, 0xc0, 0x3f, 0xf9, 0x67, 0xd8, 0x1, 0xff,
    0xd4, 0x11, 0x0, 0x7f, 0xf7, 0xc6, 0xf7, 0x70,
    0x80, 0xee, 0xe3, 0x0, 0x6e, 0xeb, 0x0, 0xff,
    0xe0, 0xaa, 0x11, 0x60, 0x8, 0x8b, 0x0, 0x44,
    0x59, 0xc, 0x3, 0xff, 0x80, 0xa4, 0x1, 0xff,
    0xc6, 0x33, 0x0, 0x7f, 0xf0, 0x7, 0x7f, 0xee,
    0x0, 0x2f, 0xfe, 0x30, 0x7, 0xfe, 0xc0, 0xf,
    0xfe, 0x31, 0x0, 0xc, 0x3, 0xff, 0xa4, 0xa0,
    0xf, 0x0, 0xff, 0xe9, 0x60, 0x1, 0x40, 0x3f,
    0xf9, 0x88, 0x1, 0xc8, 0x0, 0x30, 0xf, 0xfe,
    0x50, 0xe5, 0xa8, 0x4, 0x82, 0xa, 0x1, 0xff,
    0xca, 0x3f, 0x30, 0x30, 0xb, 0xc0, 0x1c, 0x1,
    0xff, 0xc9, 0x5c, 0x10, 0x36, 0x0, 0x22, 0x0,
    0x90, 0x3, 0xff, 0x8e, 0x20, 0x20, 0x5, 0xc0,
    0x0, 0xd0, 0x2, 0x0, 0x3f, 0xf8, 0xe2, 0x1,
    0xa2, 0x80, 0x5, 0x82, 0x8, 0xa0, 0x1f, 0xfc,
    0x78, 0x0, 0xa9, 0xc0, 0x9, 0xa4, 0x5, 0x40,
    0x1f, 0xfc, 0x86, 0x1, 0xc5, 0x0, 0xb8, 0x0,
    0x58, 0x20, 0x1f, 0x38, 0x7, 0xff, 0x1, 0xc7,
    0x4c, 0x3, 0x41, 0xb6, 0x88, 0x7, 0xec, 0x5,
    0x0, 0xf0,

    /* U+9985 "馅" */
    0x0, 0xe2, 0x0, 0xff, 0xe1, 0x11, 0x0, 0x3f,
    0xf8, 0x55, 0xba, 0x0, 0xff, 0xe0, 0x2e, 0xe9,
    0x0, 0x3f, 0xf8, 0x2a, 0x6, 0x1, 0xff, 0xc0,
    0x90, 0x3, 0x0, 0x7f, 0xf0, 0x8, 0x0, 0x80,
    0x1f, 0xf1, 0x18, 0x21, 0x0, 0x7f, 0xf0, 0x1c,
    0x1, 0xa0, 0x1f, 0xf5, 0x80, 0x13, 0xb9, 0xff,
    0xda, 0xa0, 0x1b, 0x40, 0x1c, 0xca, 0x86, 0x40,
    0x1c, 0x4c, 0x1, 0x8, 0x80, 0x38, 0xac, 0x3,
    0x20, 0x1, 0xa6, 0xaf, 0x37, 0x0, 0x34, 0x0,
    0x19, 0xdf, 0xc2, 0x0, 0x50, 0xc, 0x60, 0x1f,
    0x8c, 0x2, 0x45, 0x4, 0x98, 0x8e, 0xa1, 0x0,
    0x78, 0x4, 0x80, 0x8, 0xdd, 0xb0, 0x0, 0x40,
    0x14, 0x80, 0x24, 0x3, 0xd2, 0x0, 0x34, 0x0,
    0xb8, 0x0, 0xc4, 0x53, 0x0, 0x14, 0x1, 0x24,
    0xc, 0x40, 0x1c, 0x88, 0x0, 0x78, 0x4, 0x2a,
    0x8, 0x20, 0x17, 0x0, 0x28, 0x19, 0x80, 0x30,
    0x1, 0xe9, 0x0, 0x31, 0x80, 0x52, 0x0, 0xd0,
    0x8, 0x90, 0x10, 0x92, 0x40, 0x14, 0x20, 0x1c,
    0xe4, 0x3, 0x0, 0x10, 0xb8, 0x1, 0x89, 0x45,
    0x80, 0x10, 0x36, 0x0, 0x74, 0x0, 0xf6, 0x80,
    0x34, 0x40, 0x29, 0x0, 0x30, 0x65, 0x5a, 0x5e,
    0x18, 0xb0, 0x2c, 0x2, 0xe6, 0xa8, 0x2, 0xda,
    0x8c, 0x3, 0x60, 0x2, 0xc0, 0x41, 0x81, 0xc,
    0x1, 0x3d, 0x49, 0x94, 0x65, 0x40, 0x1, 0x95,
    0x0, 0xe4, 0xdc, 0x20, 0xf, 0xf1, 0xe5, 0x98,
    0x1, 0x30, 0x23, 0xbf, 0xfb, 0x98, 0x8, 0xc0,
    0x3f, 0xef, 0x30, 0x2, 0xed, 0x98, 0x20, 0x80,
    0x70, 0xd8, 0x7, 0xff, 0x8, 0x80, 0x1b, 0x44,
    0x1, 0x7b, 0xbe, 0x60, 0x1, 0x80, 0x7f, 0xf1,
    0x8, 0x80, 0x1c, 0x71, 0x1a, 0x40, 0x3f, 0xff,
    0xe0, 0x1f, 0x8d, 0x57, 0x10, 0x0, 0xd5, 0x70,
    0x7, 0xff, 0x1c, 0x6a, 0xb6, 0x80, 0xe5, 0x56,
    0x0, 0xff, 0xe6, 0x10, 0x0, 0x40, 0x3f, 0xf9,
    0x65, 0xdd, 0xb4, 0x7, 0xb7, 0x70, 0x7, 0xff,
    0x0, 0x6b, 0xcc, 0x3, 0x8, 0xe0, 0xc, 0x45,
    0x80, 0x3f, 0xe5, 0xf5, 0x7, 0x0, 0xff, 0xe7,
    0x1d, 0x8, 0x22, 0x0, 0x3f, 0xfa, 0x2f, 0x60,
    0x18, 0x9d, 0xff, 0xe8, 0x0, 0xf9, 0x0, 0x35,
    0x40, 0x7, 0xa2, 0x3f, 0xe7, 0x0, 0x18, 0x4,
    0x34, 0x0, 0x2d, 0x50, 0xc, 0xa0, 0x1f, 0xfc,
    0x4a, 0x0, 0x98, 0x41, 0x34, 0x80, 0x3a, 0xbf,
    0xff, 0xf8, 0x8e, 0x1, 0x28, 0xb5, 0x80, 0x7f,
    0xf3, 0x40,

    /* U+9AA4 "骤" */
    0x3, 0x78, 0x8f, 0x3a, 0x1, 0xdd, 0xff, 0x50,
    0xa, 0x21, 0x54, 0xca, 0x60, 0xe, 0x87, 0x7f,
    0x45, 0x8d, 0x22, 0x7f, 0x2a, 0x6d, 0xda, 0xa9,
    0x35, 0x88, 0xe, 0x1, 0xfc, 0x71, 0x20, 0x6,
    0x88, 0x80, 0x10, 0x8a, 0x1, 0xf3, 0x85, 0x7f,
    0xfa, 0x0, 0x6, 0x2c, 0x0, 0xd7, 0x78, 0x0,
    0xa1, 0x3f, 0xf9, 0xc0, 0x6, 0x1, 0xff, 0x8,
    0x6, 0xbf, 0xf8, 0x3, 0x44, 0x80, 0x4a, 0x8,
    0x1, 0x90, 0xc0, 0x2f, 0x0, 0xf8, 0x47, 0x0,
    0x66, 0x65, 0x81, 0x90, 0x70, 0x4, 0x97, 0x80,
    0x10, 0x80, 0x80, 0x75, 0x77, 0x40, 0x1a, 0x81,
    0x2a, 0x0, 0x54, 0x2, 0x20, 0x0, 0x80, 0xc,
    0x8, 0x3, 0xb5, 0x9a, 0x0, 0xc9, 0x20, 0xa8,
    0x10, 0x1, 0x84, 0x0, 0x20, 0x1, 0x7, 0x0,
    0xe6, 0x99, 0x80, 0x39, 0xa0, 0x0, 0x2c, 0x1,
    0xbc, 0x3, 0x9c, 0x4, 0x3, 0x9a, 0x22, 0x0,
    0xf7, 0x0, 0x5, 0x80, 0x30, 0x81, 0x0, 0x44,
    0x4, 0x1, 0xda, 0xef, 0x0, 0x18, 0x0, 0xcc,
    0x0, 0xa4, 0xc0, 0x22, 0x1, 0x0, 0x84, 0x3c,
    0x3, 0xba, 0xb3, 0x80, 0x16, 0x4f, 0x20, 0x5c,
    0x21, 0xa2, 0x0, 0x70, 0x60, 0x0, 0x80, 0x8,
    0x27, 0xc0, 0xa, 0xa3, 0x10, 0x2, 0x54, 0x0,
    0xe0, 0xe8, 0xb, 0x80, 0x8, 0xc, 0x0, 0x40,
    0x1, 0x1, 0x0, 0x12, 0x3c, 0xd8, 0x2, 0x74,
    0xf, 0x4, 0xe, 0x51, 0xc0, 0x2, 0x1c, 0x0,
    0x60, 0x3, 0x4, 0x77, 0xed, 0xc3, 0x21, 0x1,
    0x2f, 0x61, 0x19, 0x3, 0x58, 0x80, 0x80, 0x35,
    0x55, 0x80, 0x4, 0x30, 0x10, 0xf, 0x75, 0x34,
    0x5e, 0xfe, 0x6d, 0x0, 0x63, 0x0, 0x2d, 0x51,
    0x80, 0x13, 0x88, 0xd, 0x7b, 0xdf, 0xec, 0xa9,
    0x75, 0x20, 0x13, 0x30, 0x6, 0x22, 0x0, 0x7f,
    0x10, 0x6a, 0x10, 0x80, 0x4, 0x0, 0x51, 0x7d,
    0xcc, 0x90, 0xe, 0xde, 0xef, 0x50, 0x0, 0xc2,
    0xee, 0xce, 0xfe, 0x20, 0x77, 0x20, 0x80, 0xc,
    0x40, 0x38, 0x47, 0xcc, 0x0, 0x10, 0x2, 0x20,
    0xa6, 0x4, 0x3, 0xc3, 0x79, 0xc4, 0x1, 0xfe,
    0x70, 0x3, 0x80, 0x45, 0x8e, 0xe3, 0x0, 0xe4,
    0xf4, 0x2, 0x30, 0xf, 0x91, 0xc8, 0x40, 0x4,
    0x0, 0x7d, 0x20, 0xb2, 0x0, 0x21, 0x4d, 0x88,
    0x3e, 0x88, 0x4, 0x91, 0x9f, 0x71, 0x2, 0x0,
    0xa, 0xf4, 0x1, 0x6a, 0x0, 0x43, 0xac, 0x9,
    0xb0, 0x1, 0x47, 0xdb, 0x98, 0x0, 0xa7, 0xc0,
    0x43, 0xc4, 0x1f, 0x48, 0x44, 0x1, 0xd5, 0x64,
    0x1, 0x8c, 0x0, 0x2b, 0x3d, 0xa6, 0x40, 0x61,
    0x57, 0xd0, 0x11, 0xdc, 0x20, 0x20, 0x4, 0x8,
    0x7, 0x54, 0xe7, 0x53, 0x8, 0x1, 0x81, 0x80,
    0x8, 0x20, 0xee, 0x6, 0x20, 0x7a, 0x2, 0xf4,
    0x0, 0xc2, 0xc6, 0x1, 0xe3, 0x3, 0x0, 0x86,
    0xa0, 0x1a, 0x40, 0x25, 0xa0, 0x1b, 0xa2, 0x0,
    0xff, 0x10, 0x3, 0x80, 0x63, 0x94, 0x1e, 0x40,
    0x39, 0x70, 0x41, 0x76, 0xc8, 0x3, 0xf2, 0x80,
    0x10, 0x3d, 0xc0, 0x6e, 0x0, 0x3e, 0x3e, 0x60,
    0x2, 0x20, 0x3, 0x2b, 0x31, 0xe0, 0x4, 0x81,
    0xc5, 0xf9, 0x0, 0x3f, 0xd3, 0xaf, 0x2c, 0x1,
    0xaa, 0x65, 0x0, 0x8, 0x0, 0x4f, 0x40, 0x7,
    0xff, 0x4, 0xa1, 0x80, 0x3a, 0x84, 0x0, 0x72,
    0xc0, 0x1f, 0xe5, 0xf, 0x0, 0xfe,

    /* U+9EA6 "麦" */
    0x0, 0xff, 0xe2, 0x8, 0x7, 0xff, 0x51, 0x3b,
    0xc8, 0x3, 0xff, 0xa4, 0x60, 0x7, 0x0, 0xff,
    0xe3, 0x1a, 0x27, 0xfd, 0xa0, 0xd, 0x44, 0xff,
    0xe0, 0x0, 0x71, 0xe5, 0xdf, 0xfc, 0xa0, 0x7,
    0xbb, 0xff, 0xe0, 0x38, 0x6, 0x10, 0xf, 0xfe,
    0xa9, 0x76, 0xef, 0xfc, 0xc0, 0x8, 0xdd, 0xff,
    0xe0, 0x38, 0x7, 0x9, 0x17, 0xfd, 0xc0, 0x1,
    0x22, 0xff, 0xe0, 0x0, 0x7e, 0x13, 0x3f, 0xee,
    0x0, 0x71, 0x9f, 0xf1, 0x0, 0x7f, 0xf, 0x66,
    0x7f, 0x30, 0x1, 0xf3, 0x3f, 0xb5, 0xc0, 0x3f,
    0xfb, 0xc3, 0xdb, 0x99, 0xf9, 0x80, 0x11, 0x99,
    0xfd, 0xae, 0x1, 0xfc, 0x24, 0x67, 0xfb, 0x80,
    0x2, 0x67, 0xfc, 0x40, 0x1f, 0xfd, 0xcc, 0xff,
    0xff, 0xe0, 0xc0, 0x2, 0x7f, 0xff, 0xf8, 0x38,
    0x2, 0x60, 0x1f, 0xfd, 0x23, 0x11, 0x54, 0x3b,
    0xfe, 0x40, 0x9, 0x9d, 0xff, 0xf8, 0x71, 0x42,
    0xa, 0xf1, 0x1f, 0x5a, 0x0, 0x1e, 0x62, 0x3f,
    0xf8, 0x6e, 0xa0, 0x1f, 0xe3, 0xd0, 0x2, 0xc0,
    0x7, 0xff, 0x3d, 0x70, 0x40, 0x9, 0xdd, 0xdf,
    0xff, 0x59, 0x0, 0x7f, 0xf0, 0x66, 0x80, 0x30,
    0x8f, 0x80, 0x3e, 0x48, 0x0, 0xff, 0x8f, 0x58,
    0x2, 0x36, 0x6f, 0xf8, 0xc0, 0x2e, 0x0, 0xfe,
    0x19, 0xc2, 0x1, 0x0, 0xc, 0x4c, 0xff, 0x51,
    0x80, 0x15, 0x0, 0x3e, 0x19, 0xe6, 0x0, 0x37,
    0x38, 0x16, 0x88, 0x7, 0xc7, 0xa0, 0x2, 0xb0,
    0xf, 0xcc, 0xc0, 0x1, 0x5c, 0x84, 0x20, 0x1e,
    0x10, 0x7, 0x36, 0x8, 0x16, 0x8, 0x7, 0xe7,
    0x63, 0x9d, 0x40, 0xa, 0xd0, 0xb, 0x58, 0x0,
    0x57, 0x20, 0x3, 0xc1, 0x0, 0xff, 0x4e, 0x30,
    0x7, 0xad, 0x40, 0x13, 0x93, 0xa8, 0x0, 0x6c,
    0x10, 0xf, 0xfe, 0x4d, 0x40, 0x0, 0xd8, 0x0,
    0x35, 0x20, 0x1f, 0xfc, 0xb3, 0xe0, 0xf, 0x2b,
    0x0, 0x7f, 0xf2, 0x49, 0xf7, 0x18, 0x0, 0x22,
    0x0, 0x26, 0x6c, 0x18, 0x7, 0xff, 0x8, 0x9a,
    0x77, 0x50, 0x40, 0x3, 0xae, 0xe4, 0x90, 0x0,
    0x9f, 0x3e, 0xe1, 0x8, 0x3, 0x92, 0xb7, 0xf6,
    0x58, 0x80, 0x2, 0xd9, 0x85, 0x0, 0x36, 0xd2,
    0x0, 0x64, 0x7b, 0xdf, 0xeb, 0x10, 0xe5, 0x20,
    0xc, 0x4d, 0x7d, 0x26, 0x1, 0xe5, 0xbe, 0x94,
    0x10, 0xe, 0x14, 0x0, 0x41, 0x1, 0xbd, 0x6e,
    0xa5, 0x0, 0x3f, 0xe1, 0x6b, 0xec, 0x96, 0x31,
    0x15, 0x8,

    /* U+FF01 "！" */
    0xb, 0xff, 0x38, 0x12, 0x0, 0x28, 0x3, 0xe3,
    0x0, 0x84, 0x3, 0xe1, 0x0, 0x9c, 0x3, 0x84,
    0x0, 0x20, 0x3, 0x0, 0xfc, 0x60, 0x1, 0x0,
    0x8, 0x3, 0xc0, 0x38, 0x40, 0xe, 0x1, 0xc2,
    0x0, 0x30, 0xe, 0x10, 0x1, 0x80, 0x1c, 0x0,
    0x20, 0x1d, 0xe0, 0x3, 0x0, 0x24, 0xe8, 0x4,
    0x6c, 0x40, 0x1f, 0xfc, 0x36, 0xcb, 0x30, 0x49,
    0x34, 0xd0, 0xc0, 0x8, 0x4b, 0x80, 0x31, 0xb2,
    0x0, 0x24, 0x42, 0xfb, 0xd8, 0x0,

    /* U+FF0C "，" */
    0x0, 0xc2, 0x1, 0xd5, 0xfd, 0x82, 0x0, 0x85,
    0x0, 0x1d, 0x80, 0xc, 0x3, 0x28, 0x0, 0x80,
    0x38, 0x82, 0xc, 0x3, 0x8, 0xe, 0x6a, 0x0,
    0x8, 0x2, 0x20, 0x0, 0x88, 0x2, 0x14, 0x6,
    0x0, 0xd4, 0x3, 0x20, 0x6, 0xe4, 0xa, 0x10,
    0x89, 0x10, 0xa4, 0x0, 0x78, 0x1e, 0x28, 0x4,
    0xff, 0x86, 0x1, 0x80
};


/*---------------------
 *  GLYPH DESCRIPTION
 *--------------------*/

static const lv_font_fmt_txt_glyph_dsc_t glyph_dsc[] = {
    {.bitmap_index = 0, .adv_w = 0, .box_w = 0, .box_h = 0, .ofs_x = 0, .ofs_y = 0} /* id = 0 reserved */,
    {.bitmap_index = 0, .adv_w = 129, .box_w = 0, .box_h = 0, .ofs_x = 0, .ofs_y = 0},
    {.bitmap_index = 0, .adv_w = 186, .box_w = 6, .box_h = 26, .ofs_x = 3, .ofs_y = -1},
    {.bitmap_index = 58, .adv_w = 273, .box_w = 11, .box_h = 11, .ofs_x = 3, .ofs_y = 16},
    {.bitmap_index = 118, .adv_w = 320, .box_w = 18, .box_h = 26, .ofs_x = 1, .ofs_y = -1},
    {.bitmap_index = 300, .adv_w = 320, .box_w = 16, .box_h = 35, .ofs_x = 2, .ofs_y = -6},
    {.bitmap_index = 491, .adv_w = 530, .box_w = 31, .box_h = 26, .ofs_x = 1, .ofs_y = -1},
    {.bitmap_index = 796, .adv_w = 392, .box_w = 23, .box_h = 26, .ofs_x = 1, .ofs_y = -1},
    {.bitmap_index = 1043, .adv_w = 160, .box_w = 4, .box_h = 11, .ofs_x = 3, .ofs_y = 16},
    {.bitmap_index = 1067, .adv_w = 195, .box_w = 8, .box_h = 36, .ofs_x = 3, .ofs_y = -8},
    {.bitmap_index = 1189, .adv_w = 195, .box_w = 8, .box_h = 36, .ofs_x = 1, .ofs_y = -8},
    {.bitmap_index = 1308, .adv_w = 269, .box_w = 13, .box_h = 12, .ofs_x = 2, .ofs_y = 16},
    {.bitmap_index = 1374, .adv_w = 320, .box_w = 18, .box_h = 19, .ofs_x = 1, .ofs_y = 3},
    {.bitmap_index = 1427, .adv_w = 160, .box_w = 7, .box_h = 12, .ofs_x = 2, .ofs_y = -8},
    {.bitmap_index = 1466, .adv_w = 200, .box_w = 10, .box_h = 3, .ofs_x = 1, .ofs_y = 8},
    {.bitmap_index = 1476, .adv_w = 160, .box_w = 6, .box_h = 6, .ofs_x = 2, .ofs_y = -1},
    {.bitmap_index = 1494, .adv_w = 226, .box_w = 14, .box_h = 35, .ofs_x = 0, .ofs_y = -7},
    {.bitmap_index = 1640, .adv_w = 320, .box_w = 18, .box_h = 26, .ofs_x = 1, .ofs_y = -1},
    {.bitmap_index = 1825, .adv_w = 320, .box_w = 15, .box_h = 26, .ofs_x = 3, .ofs_y = -1},
    {.bitmap_index = 1878, .adv_w = 320, .box_w = 18, .box_h = 26, .ofs_x = 1, .ofs_y = -1},
    {.bitmap_index = 2039, .adv_w = 320, .box_w = 18, .box_h = 26, .ofs_x = 1, .ofs_y = -1},
    {.bitmap_index = 2207, .adv_w = 320, .box_w = 19, .box_h = 26, .ofs_x = 0, .ofs_y = -1},
    {.bitmap_index = 2343, .adv_w = 320, .box_w = 18, .box_h = 26, .ofs_x = 1, .ofs_y = -1},
    {.bitmap_index = 2507, .adv_w = 320, .box_w = 18, .box_h = 26, .ofs_x = 1, .ofs_y = -1},
    {.bitmap_index = 2699, .adv_w = 320, .box_w = 18, .box_h = 26, .ofs_x = 1, .ofs_y = -1},
    {.bitmap_index = 2842, .adv_w = 320, .box_w = 18, .box_h = 26, .ofs_x = 1, .ofs_y = -1},
    {.bitmap_index = 3041, .adv_w = 320, .box_w = 18, .box_h = 26, .ofs_x = 1, .ofs_y = -1},
    {.bitmap_index = 3232, .adv_w = 160, .box_w = 6, .box_h = 20, .ofs_x = 2, .ofs_y = -1},
    {.bitmap_index = 3271, .adv_w = 160, .box_w = 7, .box_h = 27, .ofs_x = 2, .ofs_y = -8},
    {.bitmap_index = 3335, .adv_w = 320, .box_w = 18, .box_h = 16, .ofs_x = 1, .ofs_y = 4},
    {.bitmap_index = 3443, .adv_w = 320, .box_w = 18, .box_h = 11, .ofs_x = 1, .ofs_y = 7},
    {.bitmap_index = 3475, .adv_w = 320, .box_w = 18, .box_h = 16, .ofs_x = 1, .ofs_y = 4},
    {.bitmap_index = 3583, .adv_w = 273, .box_w = 15, .box_h = 28, .ofs_x = 1, .ofs_y = -1},
    {.bitmap_index = 3722, .adv_w = 545, .box_w = 32, .box_h = 33, .ofs_x = 1, .ofs_y = -8},
    {.bitmap_index = 4110, .adv_w = 349, .box_w = 22, .box_h = 26, .ofs_x = 0, .ofs_y = -1},
    {.bitmap_index = 4310, .adv_w = 378, .box_w = 20, .box_h = 26, .ofs_x = 3, .ofs_y = -1},
    {.bitmap_index = 4480, .adv_w = 367, .box_w = 21, .box_h = 26, .ofs_x = 1, .ofs_y = -1},
    {.bitmap_index = 4654, .adv_w = 395, .box_w = 20, .box_h = 26, .ofs_x = 3, .ofs_y = -1},
    {.bitmap_index = 4812, .adv_w = 339, .box_w = 17, .box_h = 26, .ofs_x = 3, .ofs_y = -1},
    {.bitmap_index = 4878, .adv_w = 318, .box_w = 16, .box_h = 26, .ofs_x = 3, .ofs_y = -1},
    {.bitmap_index = 4934, .adv_w = 397, .box_w = 22, .box_h = 26, .ofs_x = 1, .ofs_y = -1},
    {.bitmap_index = 5121, .adv_w = 419, .box_w = 20, .box_h = 26, .ofs_x = 3, .ofs_y = -1},
    {.bitmap_index = 5180, .adv_w = 169, .box_w = 5, .box_h = 26, .ofs_x = 3, .ofs_y = -1},
    {.bitmap_index = 5196, .adv_w = 308, .box_w = 15, .box_h = 26, .ofs_x = 1, .ofs_y = -1},
    {.bitmap_index = 5264, .adv_w = 372, .box_w = 20, .box_h = 26, .ofs_x = 3, .ofs_y = -1},
    {.bitmap_index = 5435, .adv_w = 313, .box_w = 16, .box_h = 26, .ofs_x = 3, .ofs_y = -1},
    {.bitmap_index = 5477, .adv_w = 467, .box_w = 23, .box_h = 26, .ofs_x = 3, .ofs_y = -1},
    {.bitmap_index = 5667, .adv_w = 416, .box_w = 20, .box_h = 26, .ofs_x = 3, .ofs_y = -1},
    {.bitmap_index = 5822, .adv_w = 427, .box_w = 24, .box_h = 26, .ofs_x = 1, .ofs_y = -1},
    {.bitmap_index = 6041, .adv_w = 364, .box_w = 19, .box_h = 26, .ofs_x = 3, .ofs_y = -1},
    {.bitmap_index = 6157, .adv_w = 427, .box_w = 25, .box_h = 34, .ofs_x = 1, .ofs_y = -9},
    {.bitmap_index = 6447, .adv_w = 366, .box_w = 19, .box_h = 26, .ofs_x = 3, .ofs_y = -1},
    {.bitmap_index = 6604, .adv_w = 344, .box_w = 18, .box_h = 26, .ofs_x = 2, .ofs_y = -1},
    {.bitmap_index = 6778, .adv_w = 345, .box_w = 20, .box_h = 26, .ofs_x = 1, .ofs_y = -1},
    {.bitmap_index = 6822, .adv_w = 415, .box_w = 20, .box_h = 26, .ofs_x = 3, .ofs_y = -1},
    {.bitmap_index = 6930, .adv_w = 331, .box_w = 21, .box_h = 26, .ofs_x = 0, .ofs_y = -1},
    {.bitmap_index = 7127, .adv_w = 506, .box_w = 30, .box_h = 26, .ofs_x = 1, .ofs_y = -1},
    {.bitmap_index = 7444, .adv_w = 330, .box_w = 20, .box_h = 26, .ofs_x = 0, .ofs_y = -1},
    {.bitmap_index = 7644, .adv_w = 305, .box_w = 19, .box_h = 26, .ofs_x = 0, .ofs_y = -1},
    {.bitmap_index = 7778, .adv_w = 347, .box_w = 20, .box_h = 26, .ofs_x = 1, .ofs_y = -1},
    {.bitmap_index = 7934, .adv_w = 195, .box_w = 9, .box_h = 35, .ofs_x = 3, .ofs_y = -7},
    {.bitmap_index = 7971, .adv_w = 226, .box_w = 14, .box_h = 35, .ofs_x = 0, .ofs_y = -7},
    {.bitmap_index = 8114, .adv_w = 195, .box_w = 8, .box_h = 35, .ofs_x = 1, .ofs_y = -7},
    {.bitmap_index = 8147, .adv_w = 320, .box_w = 16, .box_h = 16, .ofs_x = 2, .ofs_y = 10},
    {.bitmap_index = 8247, .adv_w = 322, .box_w = 20, .box_h = 3, .ofs_x = 0, .ofs_y = -6},
    {.bitmap_index = 8262, .adv_w = 349, .box_w = 8, .box_h = 8, .ofs_x = 5, .ofs_y = 22},
    {.bitmap_index = 8292, .adv_w = 325, .box_w = 17, .box_h = 20, .ofs_x = 1, .ofs_y = -1},
    {.bitmap_index = 8426, .adv_w = 356, .box_w = 18, .box_h = 29, .ofs_x = 3, .ofs_y = -1},
    {.bitmap_index = 8571, .adv_w = 293, .box_w = 17, .box_h = 20, .ofs_x = 1, .ofs_y = -1},
    {.bitmap_index = 8691, .adv_w = 357, .box_w = 19, .box_h = 29, .ofs_x = 1, .ofs_y = -1},
    {.bitmap_index = 8836, .adv_w = 319, .box_w = 18, .box_h = 20, .ofs_x = 1, .ofs_y = -1},
    {.bitmap_index = 8973, .adv_w = 187, .box_w = 12, .box_h = 29, .ofs_x = 1, .ofs_y = -1},
    {.bitmap_index = 9048, .adv_w = 324, .box_w = 19, .box_h = 29, .ofs_x = 1, .ofs_y = -10},
    {.bitmap_index = 9266, .adv_w = 349, .box_w = 17, .box_h = 29, .ofs_x = 3, .ofs_y = -1},
    {.bitmap_index = 9353, .adv_w = 158, .box_w = 6, .box_h = 28, .ofs_x = 2, .ofs_y = -1},
    {.bitmap_index = 9392, .adv_w = 159, .box_w = 10, .box_h = 37, .ofs_x = -2, .ofs_y = -9},
    {.bitmap_index = 9463, .adv_w = 318, .box_w = 17, .box_h = 29, .ofs_x = 3, .ofs_y = -1},
    {.bitmap_index = 9589, .adv_w = 164, .box_w = 6, .box_h = 29, .ofs_x = 3, .ofs_y = -1},
    {.bitmap_index = 9613, .adv_w = 533, .box_w = 28, .box_h = 20, .ofs_x = 3, .ofs_y = -1},
    {.bitmap_index = 9736, .adv_w = 352, .box_w = 17, .box_h = 20, .ofs_x = 3, .ofs_y = -1},
    {.bitmap_index = 9811, .adv_w = 349, .box_w = 20, .box_h = 20, .ofs_x = 1, .ofs_y = -1},
    {.bitmap_index = 9963, .adv_w = 357, .box_w = 18, .box_h = 28, .ofs_x = 3, .ofs_y = -9},
    {.bitmap_index = 10111, .adv_w = 357, .box_w = 19, .box_h = 28, .ofs_x = 1, .ofs_y = -9},
    {.bitmap_index = 10256, .adv_w = 223, .box_w = 11, .box_h = 20, .ofs_x = 3, .ofs_y = -1},
    {.bitmap_index = 10305, .adv_w = 269, .box_w = 15, .box_h = 20, .ofs_x = 1, .ofs_y = -1},
    {.bitmap_index = 10429, .adv_w = 217, .box_w = 13, .box_h = 26, .ofs_x = 0, .ofs_y = -1},
    {.bitmap_index = 10507, .adv_w = 349, .box_w = 17, .box_h = 20, .ofs_x = 2, .ofs_y = -1},
    {.bitmap_index = 10579, .adv_w = 300, .box_w = 19, .box_h = 20, .ofs_x = 0, .ofs_y = -1},
    {.bitmap_index = 10727, .adv_w = 462, .box_w = 27, .box_h = 20, .ofs_x = 1, .ofs_y = -1},
    {.bitmap_index = 10958, .adv_w = 286, .box_w = 18, .box_h = 20, .ofs_x = 0, .ofs_y = -1},
    {.bitmap_index = 11105, .adv_w = 300, .box_w = 19, .box_h = 28, .ofs_x = 0, .ofs_y = -9},
    {.bitmap_index = 11296, .adv_w = 273, .box_w = 16, .box_h = 20, .ofs_x = 1, .ofs_y = -1},
    {.bitmap_index = 11400, .adv_w = 195, .box_w = 11, .box_h = 35, .ofs_x = 1, .ofs_y = -7},
    {.bitmap_index = 11529, .adv_w = 155, .box_w = 4, .box_h = 40, .ofs_x = 3, .ofs_y = -11},
    {.bitmap_index = 11544, .adv_w = 195, .box_w = 10, .box_h = 35, .ofs_x = 1, .ofs_y = -7},
    {.bitmap_index = 11663, .adv_w = 320, .box_w = 18, .box_h = 6, .ofs_x = 1, .ofs_y = 9},
    {.bitmap_index = 11712, .adv_w = 576, .box_w = 34, .box_h = 29, .ofs_x = 1, .ofs_y = -2},
    {.bitmap_index = 11976, .adv_w = 576, .box_w = 17, .box_h = 33, .ofs_x = 10, .ofs_y = -4},
    {.bitmap_index = 12075, .adv_w = 576, .box_w = 17, .box_h = 33, .ofs_x = 10, .ofs_y = -4},
    {.bitmap_index = 12174, .adv_w = 576, .box_w = 10, .box_h = 11, .ofs_x = 13, .ofs_y = 7},
    {.bitmap_index = 12218, .adv_w = 576, .box_w = 34, .box_h = 4, .ofs_x = 1, .ofs_y = 11},
    {.bitmap_index = 12237, .adv_w = 576, .box_w = 32, .box_h = 28, .ofs_x = 2, .ofs_y = -2},
    {.bitmap_index = 12329, .adv_w = 576, .box_w = 34, .box_h = 32, .ofs_x = 1, .ofs_y = -3},
    {.bitmap_index = 12430, .adv_w = 576, .box_w = 33, .box_h = 31, .ofs_x = 2, .ofs_y = -4},
    {.bitmap_index = 12560, .adv_w = 576, .box_w = 33, .box_h = 31, .ofs_x = 2, .ofs_y = -4},
    {.bitmap_index = 12764, .adv_w = 576, .box_w = 34, .box_h = 33, .ofs_x = 1, .ofs_y = -4},
    {.bitmap_index = 12966, .adv_w = 576, .box_w = 30, .box_h = 34, .ofs_x = 3, .ofs_y = -4},
    {.bitmap_index = 13082, .adv_w = 576, .box_w = 33, .box_h = 32, .ofs_x = 2, .ofs_y = -3},
    {.bitmap_index = 13236, .adv_w = 576, .box_w = 34, .box_h = 33, .ofs_x = 1, .ofs_y = -4},
    {.bitmap_index = 13571, .adv_w = 576, .box_w = 29, .box_h = 31, .ofs_x = 3, .ofs_y = -4},
    {.bitmap_index = 13706, .adv_w = 576, .box_w = 32, .box_h = 26, .ofs_x = 2, .ofs_y = -1},
    {.bitmap_index = 13772, .adv_w = 576, .box_w = 33, .box_h = 28, .ofs_x = 2, .ofs_y = -2},
    {.bitmap_index = 13999, .adv_w = 576, .box_w = 34, .box_h = 33, .ofs_x = 1, .ofs_y = -4},
    {.bitmap_index = 14276, .adv_w = 576, .box_w = 34, .box_h = 34, .ofs_x = 1, .ofs_y = -5},
    {.bitmap_index = 14576, .adv_w = 576, .box_w = 33, .box_h = 33, .ofs_x = 1, .ofs_y = -4},
    {.bitmap_index = 14886, .adv_w = 576, .box_w = 34, .box_h = 34, .ofs_x = 1, .ofs_y = -4},
    {.bitmap_index = 15161, .adv_w = 576, .box_w = 33, .box_h = 35, .ofs_x = 2, .ofs_y = -5},
    {.bitmap_index = 15418, .adv_w = 576, .box_w = 34, .box_h = 32, .ofs_x = 1, .ofs_y = -5},
    {.bitmap_index = 15686, .adv_w = 576, .box_w = 34, .box_h = 32, .ofs_x = 1, .ofs_y = -3},
    {.bitmap_index = 15932, .adv_w = 576, .box_w = 34, .box_h = 32, .ofs_x = 1, .ofs_y = -5},
    {.bitmap_index = 16241, .adv_w = 576, .box_w = 33, .box_h = 33, .ofs_x = 2, .ofs_y = -4},
    {.bitmap_index = 16480, .adv_w = 576, .box_w = 34, .box_h = 32, .ofs_x = 1, .ofs_y = -4},
    {.bitmap_index = 16711, .adv_w = 576, .box_w = 33, .box_h = 34, .ofs_x = 2, .ofs_y = -4},
    {.bitmap_index = 17051, .adv_w = 576, .box_w = 33, .box_h = 33, .ofs_x = 2, .ofs_y = -4},
    {.bitmap_index = 17395, .adv_w = 576, .box_w = 34, .box_h = 34, .ofs_x = 1, .ofs_y = -4},
    {.bitmap_index = 17753, .adv_w = 576, .box_w = 32, .box_h = 33, .ofs_x = 2, .ofs_y = -4},
    {.bitmap_index = 17893, .adv_w = 576, .box_w = 34, .box_h = 33, .ofs_x = 1, .ofs_y = -4},
    {.bitmap_index = 18231, .adv_w = 576, .box_w = 31, .box_h = 33, .ofs_x = 2, .ofs_y = -4},
    {.bitmap_index = 18518, .adv_w = 576, .box_w = 33, .box_h = 33, .ofs_x = 1, .ofs_y = -4},
    {.bitmap_index = 18773, .adv_w = 576, .box_w = 32, .box_h = 33, .ofs_x = 2, .ofs_y = -4},
    {.bitmap_index = 19054, .adv_w = 576, .box_w = 33, .box_h = 33, .ofs_x = 1, .ofs_y = -4},
    {.bitmap_index = 19365, .adv_w = 576, .box_w = 32, .box_h = 33, .ofs_x = 1, .ofs_y = -4},
    {.bitmap_index = 19628, .adv_w = 576, .box_w = 32, .box_h = 34, .ofs_x = 1, .ofs_y = -5},
    {.bitmap_index = 19940, .adv_w = 576, .box_w = 34, .box_h = 33, .ofs_x = 1, .ofs_y = -4},
    {.bitmap_index = 20209, .adv_w = 576, .box_w = 34, .box_h = 32, .ofs_x = 1, .ofs_y = -4},
    {.bitmap_index = 20489, .adv_w = 576, .box_w = 34, .box_h = 33, .ofs_x = 1, .ofs_y = -4},
    {.bitmap_index = 20642, .adv_w = 576, .box_w = 34, .box_h = 33, .ofs_x = 1, .ofs_y = -4},
    {.bitmap_index = 20870, .adv_w = 576, .box_w = 32, .box_h = 34, .ofs_x = 2, .ofs_y = -4},
    {.bitmap_index = 21133, .adv_w = 576, .box_w = 34, .box_h = 34, .ofs_x = 1, .ofs_y = -4},
    {.bitmap_index = 21483, .adv_w = 576, .box_w = 34, .box_h = 32, .ofs_x = 1, .ofs_y = -4},
    {.bitmap_index = 21692, .adv_w = 576, .box_w = 34, .box_h = 32, .ofs_x = 1, .ofs_y = -4},
    {.bitmap_index = 21955, .adv_w = 576, .box_w = 34, .box_h = 34, .ofs_x = 1, .ofs_y = -4},
    {.bitmap_index = 22336, .adv_w = 576, .box_w = 34, .box_h = 31, .ofs_x = 1, .ofs_y = -4},
    {.bitmap_index = 22660, .adv_w = 576, .box_w = 33, .box_h = 31, .ofs_x = 2, .ofs_y = -4},
    {.bitmap_index = 22797, .adv_w = 576, .box_w = 35, .box_h = 33, .ofs_x = 0, .ofs_y = -4},
    {.bitmap_index = 23006, .adv_w = 576, .box_w = 29, .box_h = 31, .ofs_x = 3, .ofs_y = -4},
    {.bitmap_index = 23152, .adv_w = 576, .box_w = 34, .box_h = 33, .ofs_x = 1, .ofs_y = -4},
    {.bitmap_index = 23386, .adv_w = 576, .box_w = 35, .box_h = 32, .ofs_x = 1, .ofs_y = -4},
    {.bitmap_index = 23623, .adv_w = 576, .box_w = 35, .box_h = 32, .ofs_x = 0, .ofs_y = -4},
    {.bitmap_index = 23919, .adv_w = 576, .box_w = 34, .box_h = 30, .ofs_x = 1, .ofs_y = -3},
    {.bitmap_index = 24116, .adv_w = 576, .box_w = 34, .box_h = 32, .ofs_x = 1, .ofs_y = -4},
    {.bitmap_index = 24240, .adv_w = 576, .box_w = 34, .box_h = 33, .ofs_x = 1, .ofs_y = -3},
    {.bitmap_index = 24355, .adv_w = 576, .box_w = 33, .box_h = 34, .ofs_x = 1, .ofs_y = -5},
    {.bitmap_index = 24663, .adv_w = 576, .box_w = 34, .box_h = 34, .ofs_x = 1, .ofs_y = -4},
    {.bitmap_index = 24994, .adv_w = 576, .box_w = 34, .box_h = 32, .ofs_x = 1, .ofs_y = -2},
    {.bitmap_index = 25097, .adv_w = 576, .box_w = 34, .box_h = 34, .ofs_x = 1, .ofs_y = -4},
    {.bitmap_index = 25399, .adv_w = 576, .box_w = 32, .box_h = 33, .ofs_x = 2, .ofs_y = -4},
    {.bitmap_index = 25757, .adv_w = 576, .box_w = 32, .box_h = 34, .ofs_x = 2, .ofs_y = -4},
    {.bitmap_index = 26023, .adv_w = 576, .box_w = 33, .box_h = 31, .ofs_x = 2, .ofs_y = -4},
    {.bitmap_index = 26275, .adv_w = 576, .box_w = 34, .box_h = 34, .ofs_x = 1, .ofs_y = -4},
    {.bitmap_index = 26540, .adv_w = 576, .box_w = 33, .box_h = 34, .ofs_x = 1, .ofs_y = -5},
    {.bitmap_index = 26960, .adv_w = 576, .box_w = 34, .box_h = 33, .ofs_x = 1, .ofs_y = -4},
    {.bitmap_index = 27346, .adv_w = 576, .box_w = 30, .box_h = 33, .ofs_x = 3, .ofs_y = -4},
    {.bitmap_index = 27575, .adv_w = 576, .box_w = 33, .box_h = 34, .ofs_x = 2, .ofs_y = -4},
    {.bitmap_index = 27814, .adv_w = 576, .box_w = 34, .box_h = 34, .ofs_x = 1, .ofs_y = -4},
    {.bitmap_index = 28054, .adv_w = 576, .box_w = 34, .box_h = 34, .ofs_x = 1, .ofs_y = -4},
    {.bitmap_index = 28387, .adv_w = 576, .box_w = 33, .box_h = 34, .ofs_x = 2, .ofs_y = -4},
    {.bitmap_index = 28693, .adv_w = 576, .box_w = 35, .box_h = 33, .ofs_x = 1, .ofs_y = -4},
    {.bitmap_index = 28915, .adv_w = 576, .box_w = 33, .box_h = 32, .ofs_x = 1, .ofs_y = -4},
    {.bitmap_index = 29190, .adv_w = 576, .box_w = 34, .box_h = 33, .ofs_x = 1, .ofs_y = -5},
    {.bitmap_index = 29517, .adv_w = 576, .box_w = 33, .box_h = 33, .ofs_x = 1, .ofs_y = -3},
    {.bitmap_index = 29736, .adv_w = 576, .box_w = 34, .box_h = 33, .ofs_x = 1, .ofs_y = -5},
    {.bitmap_index = 30010, .adv_w = 576, .box_w = 32, .box_h = 30, .ofs_x = 3, .ofs_y = -3},
    {.bitmap_index = 30160, .adv_w = 576, .box_w = 34, .box_h = 31, .ofs_x = 1, .ofs_y = -4},
    {.bitmap_index = 30280, .adv_w = 576, .box_w = 34, .box_h = 33, .ofs_x = 1, .ofs_y = -4},
    {.bitmap_index = 30465, .adv_w = 576, .box_w = 34, .box_h = 34, .ofs_x = 1, .ofs_y = -5},
    {.bitmap_index = 30811, .adv_w = 576, .box_w = 34, .box_h = 33, .ofs_x = 1, .ofs_y = -4},
    {.bitmap_index = 31147, .adv_w = 576, .box_w = 34, .box_h = 31, .ofs_x = 1, .ofs_y = -4},
    {.bitmap_index = 31322, .adv_w = 576, .box_w = 33, .box_h = 34, .ofs_x = 2, .ofs_y = -4},
    {.bitmap_index = 31621, .adv_w = 576, .box_w = 34, .box_h = 33, .ofs_x = 1, .ofs_y = -5},
    {.bitmap_index = 31964, .adv_w = 576, .box_w = 34, .box_h = 34, .ofs_x = 1, .ofs_y = -4},
    {.bitmap_index = 32326, .adv_w = 576, .box_w = 34, .box_h = 34, .ofs_x = 1, .ofs_y = -4},
    {.bitmap_index = 32672, .adv_w = 576, .box_w = 34, .box_h = 35, .ofs_x = 1, .ofs_y = -5},
    {.bitmap_index = 33056, .adv_w = 576, .box_w = 34, .box_h = 33, .ofs_x = 1, .ofs_y = -4},
    {.bitmap_index = 33305, .adv_w = 576, .box_w = 34, .box_h = 34, .ofs_x = 1, .ofs_y = -4},
    {.bitmap_index = 33672, .adv_w = 576, .box_w = 35, .box_h = 34, .ofs_x = 1, .ofs_y = -4},
    {.bitmap_index = 33988, .adv_w = 576, .box_w = 34, .box_h = 33, .ofs_x = 1, .ofs_y = -4},
    {.bitmap_index = 34368, .adv_w = 576, .box_w = 34, .box_h = 34, .ofs_x = 1, .ofs_y = -4},
    {.bitmap_index = 34658, .adv_w = 576, .box_w = 34, .box_h = 35, .ofs_x = 1, .ofs_y = -5},
    {.bitmap_index = 35044, .adv_w = 576, .box_w = 33, .box_h = 33, .ofs_x = 2, .ofs_y = -4},
    {.bitmap_index = 35395, .adv_w = 576, .box_w = 34, .box_h = 33, .ofs_x = 1, .ofs_y = -4},
    {.bitmap_index = 35753, .adv_w = 576, .box_w = 34, .box_h = 34, .ofs_x = 1, .ofs_y = -4},
    {.bitmap_index = 36126, .adv_w = 576, .box_w = 34, .box_h = 34, .ofs_x = 1, .ofs_y = -4},
    {.bitmap_index = 36388, .adv_w = 576, .box_w = 34, .box_h = 35, .ofs_x = 1, .ofs_y = -5},
    {.bitmap_index = 36812, .adv_w = 576, .box_w = 34, .box_h = 35, .ofs_x = 1, .ofs_y = -5},
    {.bitmap_index = 37112, .adv_w = 576, .box_w = 34, .box_h = 34, .ofs_x = 1, .ofs_y = -5},
    {.bitmap_index = 37527, .adv_w = 576, .box_w = 32, .box_h = 34, .ofs_x = 2, .ofs_y = -4},
    {.bitmap_index = 37805, .adv_w = 576, .box_w = 34, .box_h = 31, .ofs_x = 1, .ofs_y = -4},
    {.bitmap_index = 38048, .adv_w = 576, .box_w = 26, .box_h = 31, .ofs_x = 5, .ofs_y = -4},
    {.bitmap_index = 38128, .adv_w = 576, .box_w = 33, .box_h = 33, .ofs_x = 2, .ofs_y = -4},
    {.bitmap_index = 38331, .adv_w = 576, .box_w = 32, .box_h = 33, .ofs_x = 2, .ofs_y = -5},
    {.bitmap_index = 38558, .adv_w = 576, .box_w = 32, .box_h = 31, .ofs_x = 2, .ofs_y = -3},
    {.bitmap_index = 38774, .adv_w = 576, .box_w = 34, .box_h = 32, .ofs_x = 1, .ofs_y = -4},
    {.bitmap_index = 39006, .adv_w = 576, .box_w = 34, .box_h = 33, .ofs_x = 1, .ofs_y = -4},
    {.bitmap_index = 39326, .adv_w = 576, .box_w = 32, .box_h = 33, .ofs_x = 2, .ofs_y = -4},
    {.bitmap_index = 39491, .adv_w = 576, .box_w = 29, .box_h = 32, .ofs_x = 1, .ofs_y = -4},
    {.bitmap_index = 39673, .adv_w = 576, .box_w = 33, .box_h = 34, .ofs_x = 1, .ofs_y = -5},
    {.bitmap_index = 39997, .adv_w = 576, .box_w = 34, .box_h = 34, .ofs_x = 1, .ofs_y = -4},
    {.bitmap_index = 40291, .adv_w = 576, .box_w = 34, .box_h = 33, .ofs_x = 1, .ofs_y = -4},
    {.bitmap_index = 40667, .adv_w = 576, .box_w = 34, .box_h = 34, .ofs_x = 1, .ofs_y = -4},
    {.bitmap_index = 40982, .adv_w = 576, .box_w = 34, .box_h = 34, .ofs_x = 1, .ofs_y = -4},
    {.bitmap_index = 41263, .adv_w = 576, .box_w = 33, .box_h = 34, .ofs_x = 1, .ofs_y = -4},
    {.bitmap_index = 41658, .adv_w = 576, .box_w = 34, .box_h = 32, .ofs_x = 1, .ofs_y = -4},
    {.bitmap_index = 41922, .adv_w = 576, .box_w = 34, .box_h = 35, .ofs_x = 1, .ofs_y = -5},
    {.bitmap_index = 42253, .adv_w = 576, .box_w = 34, .box_h = 34, .ofs_x = 1, .ofs_y = -4},
    {.bitmap_index = 42634, .adv_w = 576, .box_w = 32, .box_h = 34, .ofs_x = 2, .ofs_y = -4},
    {.bitmap_index = 42914, .adv_w = 576, .box_w = 34, .box_h = 34, .ofs_x = 1, .ofs_y = -4},
    {.bitmap_index = 43303, .adv_w = 576, .box_w = 34, .box_h = 35, .ofs_x = 1, .ofs_y = -5},
    {.bitmap_index = 43673, .adv_w = 576, .box_w = 34, .box_h = 34, .ofs_x = 1, .ofs_y = -4},
    {.bitmap_index = 43989, .adv_w = 576, .box_w = 34, .box_h = 33, .ofs_x = 1, .ofs_y = -4},
    {.bitmap_index = 44214, .adv_w = 576, .box_w = 32, .box_h = 33, .ofs_x = 2, .ofs_y = -4},
    {.bitmap_index = 44608, .adv_w = 576, .box_w = 33, .box_h = 34, .ofs_x = 1, .ofs_y = -4},
    {.bitmap_index = 44857, .adv_w = 576, .box_w = 34, .box_h = 33, .ofs_x = 1, .ofs_y = -4},
    {.bitmap_index = 45208, .adv_w = 576, .box_w = 34, .box_h = 34, .ofs_x = 1, .ofs_y = -4},
    {.bitmap_index = 45471, .adv_w = 576, .box_w = 34, .box_h = 34, .ofs_x = 1, .ofs_y = -5},
    {.bitmap_index = 45847, .adv_w = 576, .box_w = 34, .box_h = 33, .ofs_x = 1, .ofs_y = -4},
    {.bitmap_index = 46239, .adv_w = 576, .box_w = 34, .box_h = 34, .ofs_x = 1, .ofs_y = -4},
    {.bitmap_index = 46628, .adv_w = 576, .box_w = 32, .box_h = 35, .ofs_x = 1, .ofs_y = -5},
    {.bitmap_index = 47001, .adv_w = 576, .box_w = 33, .box_h = 34, .ofs_x = 2, .ofs_y = -5},
    {.bitmap_index = 47408, .adv_w = 576, .box_w = 34, .box_h = 35, .ofs_x = 1, .ofs_y = -5},
    {.bitmap_index = 47755, .adv_w = 576, .box_w = 34, .box_h = 32, .ofs_x = 1, .ofs_y = -3},
    {.bitmap_index = 48031, .adv_w = 576, .box_w = 33, .box_h = 34, .ofs_x = 2, .ofs_y = -4},
    {.bitmap_index = 48416, .adv_w = 576, .box_w = 34, .box_h = 33, .ofs_x = 1, .ofs_y = -4},
    {.bitmap_index = 48720, .adv_w = 576, .box_w = 34, .box_h = 33, .ofs_x = 1, .ofs_y = -4},
    {.bitmap_index = 49049, .adv_w = 576, .box_w = 34, .box_h = 35, .ofs_x = 1, .ofs_y = -5},
    {.bitmap_index = 49452, .adv_w = 576, .box_w = 34, .box_h = 34, .ofs_x = 1, .ofs_y = -5},
    {.bitmap_index = 49873, .adv_w = 576, .box_w = 34, .box_h = 34, .ofs_x = 1, .ofs_y = -4},
    {.bitmap_index = 50259, .adv_w = 576, .box_w = 32, .box_h = 34, .ofs_x = 2, .ofs_y = -4},
    {.bitmap_index = 50553, .adv_w = 576, .box_w = 34, .box_h = 33, .ofs_x = 1, .ofs_y = -4},
    {.bitmap_index = 50884, .adv_w = 576, .box_w = 34, .box_h = 35, .ofs_x = 1, .ofs_y = -5},
    {.bitmap_index = 51345, .adv_w = 576, .box_w = 32, .box_h = 33, .ofs_x = 2, .ofs_y = -5},
    {.bitmap_index = 51683, .adv_w = 576, .box_w = 33, .box_h = 34, .ofs_x = 1, .ofs_y = -4},
    {.bitmap_index = 52008, .adv_w = 576, .box_w = 34, .box_h = 34, .ofs_x = 1, .ofs_y = -4},
    {.bitmap_index = 52319, .adv_w = 576, .box_w = 34, .box_h = 34, .ofs_x = 1, .ofs_y = -4},
    {.bitmap_index = 52646, .adv_w = 576, .box_w = 34, .box_h = 30, .ofs_x = 1, .ofs_y = -3},
    {.bitmap_index = 52812, .adv_w = 576, .box_w = 33, .box_h = 33, .ofs_x = 1, .ofs_y = -5},
    {.bitmap_index = 53129, .adv_w = 576, .box_w = 34, .box_h = 33, .ofs_x = 1, .ofs_y = -4},
    {.bitmap_index = 53461, .adv_w = 576, .box_w = 34, .box_h = 35, .ofs_x = 1, .ofs_y = -5},
    {.bitmap_index = 53745, .adv_w = 576, .box_w = 28, .box_h = 34, .ofs_x = 4, .ofs_y = -4},
    {.bitmap_index = 53864, .adv_w = 576, .box_w = 34, .box_h = 34, .ofs_x = 1, .ofs_y = -4},
    {.bitmap_index = 54199, .adv_w = 576, .box_w = 34, .box_h = 33, .ofs_x = 1, .ofs_y = -3},
    {.bitmap_index = 54393, .adv_w = 576, .box_w = 33, .box_h = 34, .ofs_x = 1, .ofs_y = -5},
    {.bitmap_index = 54735, .adv_w = 576, .box_w = 34, .box_h = 33, .ofs_x = 1, .ofs_y = -4},
    {.bitmap_index = 55145, .adv_w = 576, .box_w = 32, .box_h = 34, .ofs_x = 2, .ofs_y = -4},
    {.bitmap_index = 55390, .adv_w = 576, .box_w = 34, .box_h = 34, .ofs_x = 1, .ofs_y = -4},
    {.bitmap_index = 55712, .adv_w = 576, .box_w = 34, .box_h = 34, .ofs_x = 1, .ofs_y = -4},
    {.bitmap_index = 56136, .adv_w = 576, .box_w = 33, .box_h = 34, .ofs_x = 1, .ofs_y = -5},
    {.bitmap_index = 56528, .adv_w = 576, .box_w = 34, .box_h = 34, .ofs_x = 1, .ofs_y = -4},
    {.bitmap_index = 56941, .adv_w = 576, .box_w = 34, .box_h = 34, .ofs_x = 1, .ofs_y = -4},
    {.bitmap_index = 57339, .adv_w = 576, .box_w = 33, .box_h = 33, .ofs_x = 1, .ofs_y = -4},
    {.bitmap_index = 57721, .adv_w = 576, .box_w = 34, .box_h = 33, .ofs_x = 1, .ofs_y = -4},
    {.bitmap_index = 58107, .adv_w = 576, .box_w = 33, .box_h = 34, .ofs_x = 1, .ofs_y = -4},
    {.bitmap_index = 58449, .adv_w = 576, .box_w = 30, .box_h = 31, .ofs_x = 3, .ofs_y = -4},
    {.bitmap_index = 58734, .adv_w = 576, .box_w = 33, .box_h = 35, .ofs_x = 2, .ofs_y = -5},
    {.bitmap_index = 59088, .adv_w = 576, .box_w = 33, .box_h = 34, .ofs_x = 1, .ofs_y = -5},
    {.bitmap_index = 59383, .adv_w = 576, .box_w = 27, .box_h = 34, .ofs_x = 5, .ofs_y = -4},
    {.bitmap_index = 59518, .adv_w = 576, .box_w = 34, .box_h = 31, .ofs_x = 1, .ofs_y = -3},
    {.bitmap_index = 59764, .adv_w = 576, .box_w = 34, .box_h = 33, .ofs_x = 1, .ofs_y = -4},
    {.bitmap_index = 60001, .adv_w = 576, .box_w = 33, .box_h = 34, .ofs_x = 2, .ofs_y = -4},
    {.bitmap_index = 60186, .adv_w = 576, .box_w = 33, .box_h = 34, .ofs_x = 2, .ofs_y = -4},
    {.bitmap_index = 60518, .adv_w = 576, .box_w = 34, .box_h = 34, .ofs_x = 1, .ofs_y = -4},
    {.bitmap_index = 60915, .adv_w = 576, .box_w = 34, .box_h = 34, .ofs_x = 1, .ofs_y = -4},
    {.bitmap_index = 61235, .adv_w = 576, .box_w = 34, .box_h = 34, .ofs_x = 1, .ofs_y = -4},
    {.bitmap_index = 61579, .adv_w = 576, .box_w = 34, .box_h = 32, .ofs_x = 1, .ofs_y = -4},
    {.bitmap_index = 61918, .adv_w = 576, .box_w = 36, .box_h = 31, .ofs_x = 0, .ofs_y = -4},
    {.bitmap_index = 62137, .adv_w = 576, .box_w = 34, .box_h = 33, .ofs_x = 1, .ofs_y = -5},
    {.bitmap_index = 62457, .adv_w = 576, .box_w = 34, .box_h = 33, .ofs_x = 1, .ofs_y = -4},
    {.bitmap_index = 62839, .adv_w = 576, .box_w = 34, .box_h = 35, .ofs_x = 1, .ofs_y = -5},
    {.bitmap_index = 63153, .adv_w = 576, .box_w = 34, .box_h = 32, .ofs_x = 1, .ofs_y = -3},
    {.bitmap_index = 63335, .adv_w = 576, .box_w = 33, .box_h = 35, .ofs_x = 1, .ofs_y = -5},
    {.bitmap_index = 63727, .adv_w = 576, .box_w = 34, .box_h = 34, .ofs_x = 1, .ofs_y = -4},
    {.bitmap_index = 64017, .adv_w = 576, .box_w = 33, .box_h = 32, .ofs_x = 1, .ofs_y = -4},
    {.bitmap_index = 64327, .adv_w = 576, .box_w = 34, .box_h = 31, .ofs_x = 1, .ofs_y = -3},
    {.bitmap_index = 64626, .adv_w = 576, .box_w = 33, .box_h = 34, .ofs_x = 1, .ofs_y = -4},
    {.bitmap_index = 64942, .adv_w = 576, .box_w = 34, .box_h = 32, .ofs_x = 1, .ofs_y = -4},
    {.bitmap_index = 65205, .adv_w = 576, .box_w = 34, .box_h = 34, .ofs_x = 1, .ofs_y = -5},
    {.bitmap_index = 65556, .adv_w = 576, .box_w = 34, .box_h = 34, .ofs_x = 1, .ofs_y = -4},
    {.bitmap_index = 65917, .adv_w = 576, .box_w = 34, .box_h = 33, .ofs_x = 1, .ofs_y = -4},
    {.bitmap_index = 66148, .adv_w = 576, .box_w = 33, .box_h = 34, .ofs_x = 1, .ofs_y = -4},
    {.bitmap_index = 66391, .adv_w = 576, .box_w = 34, .box_h = 34, .ofs_x = 1, .ofs_y = -5},
    {.bitmap_index = 66710, .adv_w = 576, .box_w = 33, .box_h = 33, .ofs_x = 2, .ofs_y = -4},
    {.bitmap_index = 66975, .adv_w = 576, .box_w = 34, .box_h = 34, .ofs_x = 1, .ofs_y = -4},
    {.bitmap_index = 67308, .adv_w = 576, .box_w = 32, .box_h = 33, .ofs_x = 2, .ofs_y = -5},
    {.bitmap_index = 67610, .adv_w = 576, .box_w = 35, .box_h = 31, .ofs_x = 1, .ofs_y = -4},
    {.bitmap_index = 67781, .adv_w = 576, .box_w = 32, .box_h = 33, .ofs_x = 2, .ofs_y = -5},
    {.bitmap_index = 68029, .adv_w = 576, .box_w = 34, .box_h = 33, .ofs_x = 1, .ofs_y = -5},
    {.bitmap_index = 68293, .adv_w = 576, .box_w = 34, .box_h = 32, .ofs_x = 1, .ofs_y = -4},
    {.bitmap_index = 68688, .adv_w = 576, .box_w = 34, .box_h = 33, .ofs_x = 1, .ofs_y = -5},
    {.bitmap_index = 69037, .adv_w = 576, .box_w = 34, .box_h = 34, .ofs_x = 1, .ofs_y = -4},
    {.bitmap_index = 69421, .adv_w = 576, .box_w = 33, .box_h = 32, .ofs_x = 2, .ofs_y = -4},
    {.bitmap_index = 69752, .adv_w = 576, .box_w = 33, .box_h = 35, .ofs_x = 2, .ofs_y = -5},
    {.bitmap_index = 70074, .adv_w = 576, .box_w = 34, .box_h = 33, .ofs_x = 1, .ofs_y = -4},
    {.bitmap_index = 70349, .adv_w = 576, .box_w = 34, .box_h = 33, .ofs_x = 1, .ofs_y = -4},
    {.bitmap_index = 70679, .adv_w = 576, .box_w = 32, .box_h = 33, .ofs_x = 1, .ofs_y = -4},
    {.bitmap_index = 71017, .adv_w = 576, .box_w = 33, .box_h = 32, .ofs_x = 1, .ofs_y = -4},
    {.bitmap_index = 71471, .adv_w = 576, .box_w = 34, .box_h = 34, .ofs_x = 1, .ofs_y = -4},
    {.bitmap_index = 71801, .adv_w = 576, .box_w = 6, .box_h = 28, .ofs_x = 15, .ofs_y = -2},
    {.bitmap_index = 71871, .adv_w = 576, .box_w = 8, .box_h = 14, .ofs_x = 14, .ofs_y = 5}
};

/*---------------------
 *  CHARACTER MAPPING
 *--------------------*/

static const uint16_t unicode_list_1[] = {
    0x0, 0x8e, 0x90, 0xefe, 0x2cfd, 0x2d06, 0x2d07, 0x2d08,
    0x2d0a, 0x2d27, 0x2d2a, 0x2d38, 0x2d46, 0x2d83, 0x2d89, 0x2d91,
    0x2dc7, 0x2eda, 0x2f0f, 0x2f59, 0x3048, 0x3062, 0x3065, 0x3068,
    0x306a, 0x3074, 0x30ad, 0x30b4, 0x30b8, 0x30f7, 0x3103, 0x312d,
    0x3134, 0x3198, 0x319c, 0x319d, 0x31fd, 0x3202, 0x3216, 0x3240,
    0x3252, 0x3271, 0x3274, 0x3288, 0x3295, 0x32ce, 0x32d3, 0x32ec,
    0x32f0, 0x32f5, 0x330b, 0x3323, 0x3565, 0x35d8, 0x35db, 0x361c,
    0x3644, 0x3768, 0x37e8, 0x3813, 0x3817, 0x3824, 0x3826, 0x3844,
    0x3873, 0x38c8, 0x3a80, 0x3a89, 0x3a97, 0x3ab6, 0x3af6, 0x3b0c,
    0x3b3f, 0x3b52, 0x3ce3, 0x3ce4, 0x3cef, 0x3d6f, 0x3d71, 0x3d92,
    0x3df3, 0x3dfd, 0x3e0c, 0x3e37, 0x3eb4, 0x405f, 0x410d, 0x4187,
    0x41a8, 0x41b6, 0x41d1, 0x41fe, 0x4206, 0x421b, 0x429f, 0x42a2,
    0x42cf, 0x438f, 0x442c, 0x443b, 0x44b6, 0x44dd, 0x44e2, 0x44f3,
    0x450b, 0x451c, 0x452c, 0x457f, 0x45ef, 0x4605, 0x461c, 0x464d,
    0x465e, 0x4662, 0x466c, 0x467b, 0x4699, 0x4736, 0x491e, 0x4a62,
    0x4a87, 0x4ab2, 0x4acc, 0x4b11, 0x4b61, 0x4bb6, 0x4bde, 0x4bfe,
    0x4c3e, 0x4c74, 0x4c7f, 0x4c85, 0x4caf, 0x4d02, 0x4d26, 0x4dde,
    0x4fb5, 0x4fd5, 0x4fe1, 0x4fe4, 0x4fea, 0x4ff6, 0x5016, 0x5033,
    0x5064, 0x506b, 0x5176, 0x51b3, 0x5286, 0x5298, 0x5330, 0x535b,
    0x557a, 0x55ab, 0x55f1, 0x576b, 0x58f8, 0x5977, 0x5b70, 0x5b86,
    0x5bc7, 0x5bd2, 0x5bd3, 0x5da3, 0x5db5, 0x5df2, 0x5e4e, 0x5ffa,
    0x5fff, 0x60e7, 0x60f0, 0x616f, 0x617f, 0x6196, 0x62d9, 0x6325,
    0x64ac, 0x65c8, 0x687c, 0x687e, 0x68e0, 0x6aa1, 0x6aa6, 0x6ae2,
    0x6af4, 0x6b00, 0x6edc, 0x6fe5, 0x704a, 0x7062, 0x7072, 0x7385,
    0x739c, 0x73f7, 0x747c, 0x75c3, 0x75fd, 0x765f, 0x7772, 0x7773,
    0x777f, 0x7781, 0x779a, 0x77cb, 0x77dc, 0x7867, 0x7879, 0x7882,
    0x79a1, 0x7da3, 0xddfe, 0xde09
};

/*Collect the unicode lists and glyph_id offsets*/
static const lv_font_fmt_txt_cmap_t cmaps[] =
{
    {
        .range_start = 32, .range_length = 95, .glyph_id_start = 1,
        .unicode_list = NULL, .glyph_id_ofs_list = NULL, .list_length = 0, .type = LV_FONT_FMT_TXT_CMAP_FORMAT0_TINY
    },
    {
        .range_start = 8451, .range_length = 56842, .glyph_id_start = 96,
        .unicode_list = unicode_list_1, .glyph_id_ofs_list = NULL, .list_length = 212, .type = LV_FONT_FMT_TXT_CMAP_SPARSE_TINY
    }
};

/*-----------------
 *    KERNING
 *----------------*/


/*Map glyph_ids to kern left classes*/
static const uint8_t kern_left_class_mapping[] =
{
    0, 0, 0, 1, 0, 0, 0, 0,
    0, 2, 0, 0, 0, 3, 4, 3,
    5, 0, 0, 0, 0, 0, 0, 0,
    0, 0, 0, 6, 6, 0, 0, 0,
    0, 0, 7, 8, 9, 10, 11, 12,
    13, 0, 0, 14, 15, 16, 0, 0,
    10, 17, 10, 18, 19, 20, 21, 22,
    23, 24, 25, 26, 2, 27, 0, 0,
    0, 0, 28, 29, 30, 0, 31, 32,
    33, 34, 0, 0, 35, 36, 34, 34,
    29, 29, 37, 38, 39, 40, 37, 41,
    42, 43, 44, 45, 2, 0, 0, 0,
    0, 0, 0, 0, 0, 0, 0, 0,
    0, 0, 0, 0, 0, 0, 0, 0,
    0, 0, 0, 0, 0, 0, 0, 0,
    0, 0, 0, 0, 0, 0, 0, 0,
    0, 0, 0, 0, 0, 0, 0, 0,
    0, 0, 0, 0, 0, 0, 0, 0,
    0, 0, 0, 0, 0, 0, 0, 0,
    0, 0, 0, 0, 0, 0, 0, 0,
    0, 0, 0, 0, 0, 0, 0, 0,
    0, 0, 0, 0, 0, 0, 0, 0,
    0, 0, 0, 0, 0, 0, 0, 0,
    0, 0, 0, 0, 0, 0, 0, 0,
    0, 0, 0, 0, 0, 0, 0, 0,
    0, 0, 0, 0, 0, 0, 0, 0,
    0, 0, 0, 0, 0, 0, 0, 0,
    0, 0, 0, 0, 0, 0, 0, 0,
    0, 0, 0, 0, 0, 0, 0, 0,
    0, 0, 0, 0, 0, 0, 0, 0,
    0, 0, 0, 0, 0, 0, 0, 0,
    0, 0, 0, 0, 0, 0, 0, 0,
    0, 0, 0, 0, 0, 0, 0, 0,
    0, 0, 0, 0, 0, 0, 0, 0,
    0, 0, 0, 0, 0, 0, 0, 0,
    0, 0, 0, 0, 0, 0, 0, 0,
    0, 0, 0, 0, 0, 0, 0, 0,
    0, 0, 0, 0, 0, 0, 0, 0,
    0, 0, 0, 0
};

/*Map glyph_ids to kern right classes*/
static const uint8_t kern_right_class_mapping[] =
{
    0, 0, 1, 2, 0, 0, 0, 0,
    0, 0, 3, 4, 0, 5, 6, 5,
    7, 0, 0, 0, 0, 0, 0, 0,
    0, 0, 0, 8, 8, 0, 0, 0,
    9, 0, 10, 0, 11, 0, 0, 0,
    11, 0, 0, 12, 0, 0, 0, 0,
    11, 0, 11, 0, 13, 14, 15, 16,
    17, 18, 19, 20, 0, 21, 0, 0,
    0, 0, 22, 0, 23, 23, 23, 24,
    25, 0, 26, 27, 0, 0, 28, 28,
    29, 28, 23, 28, 30, 31, 32, 33,
    34, 35, 36, 37, 0, 0, 0, 0,
    0, 0, 0, 0, 0, 0, 0, 0,
    0, 0, 0, 0, 0, 0, 0, 0,
    0, 0, 0, 0, 0, 0, 0, 0,
    0, 0, 0, 0, 0, 0, 0, 0,
    0, 0, 0, 0, 0, 0, 0, 0,
    0, 0, 0, 0, 0, 0, 0, 0,
    0, 0, 0, 0, 0, 0, 0, 0,
    0, 0, 0, 0, 0, 0, 0, 0,
    0, 0, 0, 0, 0, 0, 0, 0,
    0, 0, 0, 0, 0, 0, 0, 0,
    0, 0, 0, 0, 0, 0, 0, 0,
    0, 0, 0, 0, 0, 0, 0, 0,
    0, 0, 0, 0, 0, 0, 0, 0,
    0, 0, 0, 0, 0, 0, 0, 0,
    0, 0, 0, 0, 0, 0, 0, 0,
    0, 0, 0, 0, 0, 0, 0, 0,
    0, 0, 0, 0, 0, 0, 0, 0,
    0, 0, 0, 0, 0, 0, 0, 0,
    0, 0, 0, 0, 0, 0, 0, 0,
    0, 0, 0, 0, 0, 0, 0, 0,
    0, 0, 0, 0, 0, 0, 0, 0,
    0, 0, 0, 0, 0, 0, 0, 0,
    0, 0, 0, 0, 0, 0, 0, 0,
    0, 0, 0, 0, 0, 0, 0, 0,
    0, 0, 0, 0, 0, 0, 0, 0,
    0, 0, 0, 0, 0, 0, 0, 0,
    0, 0, 0, 0
};

/*Kern values between classes*/
static const int8_t kern_class_values[] =
{
    0, 0, 0, 0, -74, 0, 0, 0,
    0, -35, 0, -61, -6, 0, 0, 0,
    0, -6, 0, 0, 0, 0, -19, 0,
    0, 0, 0, 0, -19, -13, 0, 0,
    0, 0, 0, 0, 0, 0, 0, 0,
    0, 0, 0, 0, 0, 0, 0, 0,
    -13, 0, 0, 0, 0, 0, 0, 0,
    0, 0, 0, 0, 0, 0, 0, 51,
    0, 0, 0, 0, 0, 0, 0, 0,
    0, 0, 0, -62, 0, -89, 0, 0,
    0, 0, 0, 0, 0, 0, 0, -64,
    -13, -42, -22, 0, -59, 0, 0, 0,
    -7, 0, 0, 0, 17, 0, -7, 0,
    -29, 0, -22, -15, 0, -13, 0, 0,
    0, 0, 0, 0, 0, 0, 0, 0,
    0, 0, -13, -11, -30, 0, -12, -6,
    -17, -43, -13, 0, 0, 0, 0, 0,
    0, 0, 0, 0, 0, -17, 0, -4,
    0, -8, 0, 0, 0, 0, 0, 0,
    0, 0, 0, 0, 0, -26, -6, -51,
    0, 0, 0, 0, 0, 0, 0, 0,
    0, -16, -20, 0, -6, 17, 17, 0,
    -20, 0, 6, -13, 0, 0, 0, 0,
    0, 0, 0, 0, -31, 0, 0, 0,
    0, 0, 0, 0, 0, 0, 0, 0,
    0, 0, 0, -17, 0, 0, 0, 0,
    0, 0, 0, 2, 0, 0, 0, 0,
    0, 0, 0, 0, 0, 0, 0, -35,
    0, -61, 0, 0, 0, 0, -17, -4,
    -6, 0, 0, -35, -10, -8, 0, 2,
    -8, -4, -26, 15, 0, -6, 0, 0,
    0, 0, 0, 15, -8, -4, -4, -2,
    -2, -4, 0, 0, 0, 0, -20, 0,
    0, 0, 0, 0, 0, 0, -10, -8,
    -16, 0, -3, -2, -2, -8, -2, 0,
    0, 0, 0, 0, 0, 0, 0, 0,
    0, -6, 0, -8, -6, -6, -8, 0,
    0, 0, 0, 0, 0, -17, 0, 0,
    0, 0, -19, -6, -16, -11, -8, -2,
    -2, -2, -4, -6, 0, 0, 0, 0,
    -13, 0, 0, 0, 0, 0, -17, -6,
    -8, -6, 0, -8, 0, 0, 0, 0,
    -22, 0, 0, -11, 0, 0, -6, 0,
    -25, 0, -16, 0, -6, -4, -11, -13,
    -13, 0, 0, 0, 0, 0, 0, 0,
    0, 0, 0, 0, 0, 0, 0, -8,
    0, -4, 0, 0, 0, 0, 0, 0,
    0, 0, 0, 0, 0, 0, 0, 0,
    0, 0, 0, 0, 0, 0, 0, 0,
    -6, 0, 0, 0, 0, 0, -6, 0,
    -16, 0, -6, 0, -20, -6, 0, 0,
    0, 0, 0, -47, 0, -45, 0, 0,
    -24, -6, -89, -13, 0, 0, 2, 2,
    -16, 0, -20, 0, -22, -8, 0, -16,
    0, 0, -13, -8, -13, -6, -10, -13,
    -10, -17, -10, -19, 0, 0, 0, -18,
    0, 0, 0, 0, 0, -2, 0, 0,
    0, -13, 0, -8, -2, 0, 0, 0,
    0, 0, 0, 0, 0, 0, 0, 0,
    0, 0, 0, 0, 0, 0, 0, 0,
    0, 0, 0, 0, 0, -16, 0, 0,
    0, 0, 0, 0, -26, 0, 0, 0,
    0, 0, 0, 0, 0, 0, 0, 0,
    0, 0, 0, 0, 0, 0, 0, 0,
    0, 0, 0, 0, 0, 0, 0, -13,
    0, -26, 0, -19, 0, 0, -4, -6,
    -13, 0, -6, -11, -8, -8, -6, 0,
    -10, 0, 0, 0, -4, 0, 0, 0,
    -6, 0, -4, 0, -21, -9, -13, -10,
    -10, -13, -8, 0, -57, 0, -98, 0,
    -34, 0, 0, -21, 2, -17, 0, -15,
    -77, -19, -49, -37, 0, -49, 0, -51,
    0, -7, -8, -2, 0, 0, 0, -7,
    0, -13, -6, -23, -22, 0, -23, 0,
    0, 0, 0, 0, -72, -21, -49, 0,
    0, -32, 0, -94, -6, -16, 0, 0,
    0, -16, -6, -50, 0, -28, -16, 0,
    -20, 0, 0, 0, -16, -6, 0, 0,
    0, 0, -8, 0, -13, 0, 0, 0,
    -6, 0, -20, 0, 0, 0, -2, 0,
    -11, -8, -8, 0, 3, 4, -2, 0,
    -6, 0, -2, -6, 0, -2, 0, 0,
    0, -6, 0, 0, 0, 0, 0, -4,
    0, -4, 0, 0, 0, -10, 0, 8,
    0, 0, 0, 0, 0, -8, -8, -13,
    0, 0, 0, 0, -8, 0, 0, 0,
    0, 0, 0, 0, 0, 0, 0, 0,
    -16, 0, 0, 0, 0, 0, 0, 0,
    0, 0, 0, -69, -47, -57, -13, 0,
    -26, -16, -81, -25, 0, 0, 0, 0,
    -13, -8, -34, 0, -47, -43, -11, -47,
    0, 0, -30, -43, -38, -11, -30, -21,
    -22, -25, -21, -48, 0, 0, 0, 0,
    -10, 0, -20, 0, 0, -10, 0, -30,
    -6, 0, 0, -2, 0, -6, -8, 0,
    0, -2, 0, 0, -6, 0, 0, 0,
    0, -2, 0, 0, 0, 0, -4, 0,
    0, 0, 0, 0, 0, -42, -12, -30,
    0, 0, -8, -6, -47, -6, 0, -6,
    6, 0, 0, 0, -12, 0, -15, -10,
    0, -14, 0, 0, -13, -10, -8, 0,
    -20, -6, -6, -10, -6, -16, 0, 0,
    0, 0, -22, -6, -19, 0, 0, 0,
    -4, -42, -4, 0, 0, 0, 0, 0,
    0, -4, 0, -10, 0, 0, -8, 0,
    0, 0, 0, 0, 0, 0, 0, 0,
    0, 0, -6, 0, -6, 0, -6, 0,
    -17, 0, 0, 0, 2, -11, 0, -8,
    -13, -6, 0, 0, 0, 0, 0, 0,
    -6, -4, -10, 0, 0, 0, 0, -4,
    0, -10, -6, -10, -8, -6, -10, -8,
    0, 0, 0, 0, -58, -43, -43, -16,
    -4, -8, -8, -65, -10, -8, -6, 0,
    0, 0, 0, -17, 0, -43, -26, 0,
    -39, 0, 0, -26, -26, -26, -18, -22,
    -8, -16, -22, -8, -30, 0, 0, 0,
    0, 0, -22, 0, 0, 0, -4, -13,
    -21, -20, 0, -6, -4, -4, 0, -8,
    -10, 0, -10, -14, -13, -9, 0, 0,
    0, -14, 0, -8, -15, -10, -10, -16,
    -10, 0, 0, 0, 0, 0, 0, 0,
    0, 0, 0, 0, 0, 0, 0, -55,
    -19, -34, -19, 0, -47, 0, 0, 0,
    0, 0, 21, 0, 47, 0, 0, 0,
    0, 0, -13, -6, 0, 8, 0, 0,
    0, 0, -34, 0, 0, 0, 0, -8,
    0, 0, 0, 0, -16, 0, -10, -2,
    0, -16, 0, 0, 0, 0, 0, 0,
    0, 0, 0, 0, 0, -8, 0, 0,
    0, 0, 0, 0, 0, -19, 0, -17,
    -6, 4, 0, 0, -8, 0, 0, 0,
    0, -37, 0, -12, 0, -2, -30, 0,
    -17, -9, 0, 0, 0, 0, 0, 0,
    0, 0, -11, 0, -2, -2, -11, -2,
    -3, 0, 0, 0, 0, 0, -13, 0,
    0, 0, 0, 0, 0, 0, -13, 0,
    -8, 0, 0, -16, 0, 0, -6, -14,
    0, -6, 0, 0, 0, -14, 0, -6,
    0, 4, 4, 5, 4, 0, 0, 0,
    0, -22, 0, 6, 0, 0, -4, 0,
    0, -13, -13, -16, 0, -10, -6, 0,
    -17, 0, -13, -9, 0, 0, -6, 0,
    0, 0, 0, 0, -6, 0, 3, 3,
    -4, 3, 0, 9, 26, 32, 0, -32,
    -8, -9, 0, 17, 0, 0, 0, 0,
    30, 0, 43, 30, 21, 38, 0, 41,
    -13, -6, 0, -9, 0, -6, 0, -6,
    -2, 0, 0, 8, 0, -2, 0, -8,
    0, 0, 9, -21, 0, 0, 30, 0,
    -23, 0, 0, 0, 0, -17, 0, 0,
    0, 0, -8, 0, 0, -10, -8, 0,
    0, 0, 24, 0, -8, 0, 0, 0,
    -2, -2, 0, 10, -8, 0, 0, 0,
    -22, 0, 0, 0, 0, -4, 0, 0,
    0, 0, -16, 0, -6, 0, 0, -10,
    0, 0, 0, 0, 0, 0, 0, 0,
    0, 0, 0, 0, 0, 0, 0, 0,
    0, 0, 0, 0, 0, -14, 8, -28,
    0, 8, -8, 0, 0, 0, 0, -22,
    0, 0, 0, 0, -7, 0, 0, -6,
    -11, 0, -6, 0, -6, 0, -11, 0,
    -13, -8, 0, 0, -4, 0, -4, 0,
    0, 0, 0, 0, 0, 0, 0, 0,
    0, 0, 0, 0, 0, 0, 0, 0,
    0, 0, 0, 0, 0, 0, 0, 0,
    0, 5, 0, 0, 0, 0, 0, 0,
    0, 0, 0, 0, 0, 0, 0, -16,
    0, 0, 0, 0, 0, 0, 0, 0,
    0, -13, 0, -8, 0, 0, -20, 0,
    0, 0, 0, 0, 0, 0, 0, 0,
    0, 0, 0, 0, 0, 0, 0, 0,
    0, 0, 0, 0, 0, -37, -16, -22,
    17, 0, -8, 0, -35, 0, 0, 0,
    0, 0, 0, 0, -6, 8, -16, -6,
    0, -6, 0, 0, 0, -6, -2, 0,
    0, 17, 12, 0, 17, -2, 0, 0,
    0, -31, 0, 6, 0, 0, -7, 0,
    0, 0, 0, -16, 0, -6, 0, 0,
    -13, 0, 0, 0, 0, 0, 0, 0,
    0, 0, 0, 0, -13, 0, 0, 0,
    0, 0, 0, 0, 0, 0, 0, 4,
    -17, 6, 9, -17, 0, 0, 0, 0,
    -8, 0, 0, 0, 0, -2, 0, 0,
    -14, -8, 0, -6, 0, 0, 0, -8,
    -6, -13, 0, 0, 0, -10, 0, 0,
    0, 0, 0, -7, -22, -4, -13, 0,
    0, -7, 0, -26, 0, -13, 0, -6,
    0, 0, -8, -6, 0, -13, -2, 0,
    0, 0, -6, 0, -2, 0, 0, 0,
    0, 0, 0, 0, -16, 0, 0, 0,
    -7, -26, 0, -4, 0, 0, -2, 0,
    -20, 0, -16, 0, -6, 0, -8, -16,
    0, 0, -6, -2, 0, 0, 0, -6,
    0, -2, 0, 0, 0, 0, 0, 0,
    0, -11, -8, 0, 0, -15, -4, -8,
    0, 0, 0, 0, -6, 0, -2, -21,
    0, -10, 0, -6, -22, 0, 0, -6,
    -11, 0, 0, 0, 0, 0, 5, 0,
    -16, 0, 0, 0, 0, 0, 0, 0,
    0, 0, 0, -22, 0, -9, 0, 0,
    0, 0, -26, 0, -13, 0, -2, 0,
    -2, -4, 0, 0, -13, -2, 0, 0,
    0, -6, 0, -2, 0, 0, 0, 0,
    0, -8, 0, -16, 0, 0, 0, 0,
    0, -10, 0, 0, 0, 0, 0, 0,
    0, -17, 0, 0, 0, 0, -19, 0,
    0, -15, -6, 0, -4, 0, 0, 0,
    -6, 0, 0, -6, -2, 0, 0, -2,
    0
};


/*Collect the kern class' data in one place*/
static const lv_font_fmt_txt_kern_classes_t kern_classes =
{
    .class_pair_values   = kern_class_values,
    .left_class_mapping  = kern_left_class_mapping,
    .right_class_mapping = kern_right_class_mapping,
    .left_class_cnt      = 45,
    .right_class_cnt     = 37,
};

/*--------------------
 *  ALL CUSTOM DATA
 *--------------------*/

#if LVGL_VERSION_MAJOR == 8
/*Store all the custom data of the font*/
static  lv_font_fmt_txt_glyph_cache_t cache;
#endif

#if LVGL_VERSION_MAJOR >= 8
static const lv_font_fmt_txt_dsc_t font_dsc = {
#else
static lv_font_fmt_txt_dsc_t font_dsc = {
#endif
    .glyph_bitmap = glyph_bitmap,
    .glyph_dsc = glyph_dsc,
    .cmaps = cmaps,
    .kern_dsc = &kern_classes,
    .kern_scale = 16,
    .cmap_num = 2,
    .bpp = 4,
    .kern_classes = 1,
    .bitmap_format = 1,
#if LVGL_VERSION_MAJOR == 8
    .cache = &cache
#endif
};



/*-----------------
 *  PUBLIC FONT
 *----------------*/

/*Initialize a public general font descriptor*/
#if LVGL_VERSION_MAJOR >= 8
const lv_font_t c_taiwanpearl_regular_36 = {
#else
lv_font_t c_taiwanpearl_regular_36 = {
#endif
    .get_glyph_dsc = lv_font_get_glyph_dsc_fmt_txt,    /*Function pointer to get glyph's data*/
    .get_glyph_bitmap = lv_font_get_bitmap_fmt_txt,    /*Function pointer to get glyph's bitmap*/
    .line_height = 41,          /*The maximum line height required by the font*/
    .base_line = 11,             /*Baseline measured from the bottom of the line*/
#if !(LVGL_VERSION_MAJOR == 6 && LVGL_VERSION_MINOR == 0)
    .subpx = LV_FONT_SUBPX_NONE,
#endif
#if LV_VERSION_CHECK(7, 4, 0) || LVGL_VERSION_MAJOR >= 8
    .underline_position = -3,
    .underline_thickness = 2,
#endif
    .dsc = &font_dsc,          /*The custom font data. Will be accessed by `get_glyph_bitmap/dsc` */
#if LV_VERSION_CHECK(8, 2, 0) || LVGL_VERSION_MAJOR >= 9
    .fallback = NULL,
#endif
    .user_data = NULL,
};



#endif /*#if C_TAIWANPEARL_REGULAR_36*/

