/*******************************************************************************
 * Size: 128 px
 * Bpp: 4
 * Opts: --font D:/My_STM32_Project/UIBUILDWER/first_ui_project/resources/font/TaiwanPearl_Regular.ttf --size 128 --bpp 4 -r 0x0020-0x007e --format lvgl -o D:/My_STM32_Project/UIBUILDWER/first_ui_project/ui_builder/font/c_taiwanpearl_regular_128.c
 ******************************************************************************/

#ifdef __has_include
    #if __has_include("lvgl.h")
        #ifndef LV_LVGL_H_INCLUDE_SIMPLE
            #define LV_LVGL_H_INCLUDE_SIMPLE
        #endif
    #endif
#endif

#ifdef LV_LVGL_H_INCLUDE_SIMPLE
    #include "lvgl.h"
#else
    #include "lvgl/lvgl.h"
#endif

#ifndef C_TAIWANPEARL_REGULAR_128
#define C_TAIWANPEARL_REGULAR_128 1
#endif

#if C_TAIWANPEARL_REGULAR_128

/*-----------------
 *    BITMAPS
 *----------------*/

/*Store the image of the glyphs*/
static LV_ATTRIBUTE_LARGE_CONST const uint8_t glyph_bitmap[] = {
    /* U+0020 " " */

    /* U+0021 "!" */
    0x0, 0xf8, 0x95, 0xdc, 0xc4, 0x1, 0xff, 0x2e,
    0xea, 0xa2, 0x13, 0xb6, 0x20, 0x1f, 0x9a, 0x88,
    0x3, 0xc9, 0x80, 0x1f, 0xa4, 0x3, 0xf8, 0x98,
    0x3, 0xca, 0x1, 0xff, 0x68, 0x7, 0x88, 0x3,
    0xfe, 0x60, 0xf, 0xff, 0x0, 0x80, 0x7f, 0xc2,
    0x1, 0xff, 0xd9, 0x70, 0xf, 0x18, 0x7, 0xff,
    0x64, 0x40, 0x3f, 0xe1, 0x0, 0xff, 0xe6, 0xb8,
    0x7, 0xfc, 0x60, 0x1f, 0xfc, 0xd1, 0x0, 0xff,
    0x84, 0x3, 0xff, 0xb3, 0xe0, 0x1e, 0x30, 0xf,
    0xfe, 0x90, 0x80, 0x78, 0x40, 0x3f, 0xfc, 0xa6,
    0x1, 0xff, 0xce, 0x10, 0xf, 0xf0, 0x80, 0x7f,
    0xf6, 0x5c, 0x3, 0xe3, 0x0, 0xff, 0xe8, 0x88,
    0x7, 0xc2, 0x1, 0xff, 0xd1, 0x30, 0xf, 0x9c,
    0x3, 0xff, 0xb2, 0x20, 0x1f, 0xe1, 0x0, 0xff,
    0xf0, 0x98, 0x7, 0xff, 0x40, 0x40, 0x3f, 0x8,
    0x7, 0xff, 0x40, 0xc0, 0x3f, 0x78, 0x7, 0xff,
    0x40, 0x40, 0x3f, 0x8, 0x7, 0xff, 0x64, 0xc0,
    0x3f, 0x9c, 0x3, 0xff, 0xb2, 0x20, 0x1f, 0x84,
    0x3, 0xff, 0xa0, 0x60, 0x1f, 0x9c, 0x3, 0xff,
    0xa0, 0x20, 0x1f, 0x84, 0x3, 0xff, 0xa1, 0xe0,
    0x1f, 0x8c, 0x3, 0xff, 0xc6, 0x20, 0x1f, 0x84,
    0x3, 0xff, 0xa0, 0x60, 0x1f, 0xfd, 0x91, 0x0,
    0xfe, 0x10, 0xf, 0xfe, 0x7b, 0x80, 0x7f, 0x18,
    0x7, 0xe2, 0x0, 0xff, 0xe2, 0x90, 0x80, 0x7f,
    0xf1, 0x68, 0x3, 0xfc, 0x20, 0x1e, 0x57, 0x0,
    0xff, 0x38, 0x4, 0x29, 0x54, 0x0, 0xff, 0xaf,
    0xfe, 0xeb, 0x50, 0xf, 0xff, 0xf8, 0x7, 0xff,
    0xfc, 0x3, 0xff, 0xd2, 0x2d, 0x35, 0x2e, 0x40,
    0x1f, 0xe1, 0x9e, 0x96, 0x56, 0x8d, 0xb2, 0x0,
    0xf8, 0xbd, 0x80, 0x3e, 0x4d, 0x40, 0xe, 0x2c,
    0x10, 0xf, 0xf5, 0x98, 0x6, 0xe1, 0x0, 0xff,
    0xe0, 0x68, 0x4, 0xa6, 0x1, 0xff, 0xc1, 0x17,
    0x0, 0x70, 0x7, 0xff, 0xe, 0x80, 0x8, 0x1,
    0xff, 0xc3, 0x21, 0x20, 0xf, 0xfe, 0x2a, 0x88,
    0x7, 0xff, 0x14, 0x44, 0x1, 0xff, 0xc6, 0x30,
    0xf, 0xfe, 0x2b, 0x9, 0x0, 0x7f, 0xf1, 0xc,
    0x14, 0x3, 0xff, 0x86, 0x80, 0x9, 0x0, 0xff,
    0xe1, 0xf8, 0x0, 0x64, 0x3, 0xff, 0x82, 0xa8,
    0x1, 0x33, 0x80, 0x7f, 0xc7, 0x40, 0x1d, 0x12,
    0x1, 0xfc, 0xd8, 0x1, 0xf3, 0x74, 0x20, 0x80,
    0x9b, 0xec, 0x80, 0x60,

    /* U+0022 "\"" */
    0x0, 0xc8, 0xf1, 0x7, 0x40, 0xf, 0xfe, 0x31,
    0x34, 0x44, 0xe8, 0x1, 0xcf, 0xd7, 0xe, 0xe8,
    0xbd, 0x20, 0xf, 0xfe, 0x1c, 0xec, 0xbb, 0xd1,
    0x7c, 0x80, 0x8, 0x80, 0x80, 0x78, 0xb0, 0x40,
    0x3f, 0xf8, 0x32, 0xc0, 0x1f, 0xd, 0x91, 0x1c,
    0x3, 0xf8, 0x58, 0x3, 0xff, 0x80, 0x2c, 0x1,
    0xfe, 0x85, 0x0, 0xff, 0xb0, 0x3, 0xff, 0x80,
    0xa0, 0x1f, 0xf2, 0x70, 0x7, 0xfc, 0xc0, 0x1f,
    0xfc, 0x1, 0x0, 0xff, 0x84, 0x3, 0xff, 0xb4,
    0x20, 0x1f, 0xf0, 0x80, 0x7f, 0xf0, 0x4, 0x3,
    0xfe, 0x1f, 0x0, 0xff, 0x9c, 0x3, 0xff, 0x80,
    0xc0, 0x1f, 0xf1, 0x10, 0x3, 0xfe, 0x10, 0xf,
    0xfe, 0x1, 0x80, 0x7f, 0xce, 0x20, 0x1f, 0xf1,
    0x0, 0x7f, 0xf0, 0x4, 0x3, 0xfe, 0x17, 0x0,
    0xff, 0xbc, 0x3, 0xff, 0x98, 0x62, 0x1, 0xff,
    0x8, 0x7, 0xff, 0x4, 0x40, 0x3f, 0xc2, 0x60,
    0x1f, 0xf1, 0x80, 0x7f, 0xf0, 0x4c, 0x3, 0xfd,
    0xe2, 0x1, 0xff, 0x8, 0x7, 0xff, 0x4, 0x40,
    0x3f, 0xc2, 0x2, 0x1, 0xfe, 0x70, 0xf, 0xfe,
    0xb, 0x80, 0x7f, 0x8c, 0xc, 0x3, 0xfc, 0x20,
    0x1f, 0xfc, 0x11, 0x0, 0xff, 0x30, 0x8, 0x7,
    0xf8, 0xc0, 0x3f, 0xf8, 0x24, 0x1, 0xfe, 0x10,
    0x70, 0xf, 0xf0, 0x80, 0x7f, 0xf0, 0x7c, 0x3,
    0xfc, 0x60, 0x40, 0x1f, 0xc2, 0x1, 0xff, 0xc2,
    0x10, 0xf, 0xf0, 0x80, 0x80, 0x7f, 0x18, 0x7,
    0xff, 0x8, 0xc0, 0x3f, 0xf8, 0x1e, 0x1, 0xfc,
    0x20, 0x1f, 0xfc, 0x21, 0x0, 0xfe, 0x10, 0x0,
    0x80, 0x7f, 0x38, 0x7, 0xff, 0x9, 0xc0, 0x3f,
    0x8c, 0x0, 0x60, 0x1f, 0xc2, 0x1, 0xff, 0xc2,
    0x10, 0xf, 0xe1, 0x0, 0x30, 0x7, 0xf1, 0x80,
    0x7f, 0xf0, 0x88, 0x3, 0xf9, 0x80, 0x2, 0x1,
    0xfd, 0xc0, 0x1f, 0xfc, 0xc3, 0x0, 0x18, 0x7,
    0xf0, 0x80, 0x7f, 0xf0, 0xc4, 0x3, 0xf0, 0x80,
    0x4, 0x3, 0xf8, 0xc0, 0x3f, 0xf8, 0x66, 0x1,
    0xfb, 0xc0, 0x3f, 0xf8, 0x2, 0x1, 0xff, 0xc3,
    0x10, 0xf, 0xc2, 0x1, 0x10, 0x7, 0xe7, 0x0,
    0xff, 0xe1, 0xb8, 0x7, 0xe3, 0x0, 0x84, 0x3,
    0xf0, 0x80, 0x7f, 0xf0, 0xc4, 0x3, 0xf0, 0x80,
    0x4e, 0x1, 0xf8, 0x80, 0x3f, 0xf8, 0x66, 0x1,
    0xf9, 0x80, 0x21, 0x0, 0xff, 0xe6, 0x70, 0x7,
    0xe3, 0x0, 0x8c, 0x3, 0xe2, 0x0, 0xff, 0xe2,
    0x8, 0x7, 0xe1, 0x0, 0xb8, 0x3, 0xe5, 0x0,
    0xff, 0xe2, 0x18, 0x7, 0xca, 0x1, 0x84, 0x3,
    0xe9, 0x0, 0xff, 0xe2, 0x8, 0x7, 0xd2, 0x1,
    0x8c, 0x3, 0xd4, 0x20, 0x1f, 0xfc, 0x47, 0x0,
    0xf4, 0x18, 0x6, 0x60, 0x8, 0x9b, 0x54, 0x3,
    0xff, 0x8a, 0x40, 0x10, 0xae, 0x38, 0x4,

    /* U+0023 "#" */
    0x0, 0xff, 0xe4, 0xb6, 0xff, 0x5a, 0x0, 0x7f,
    0xf2, 0x63, 0xbf, 0xa8, 0x80, 0x3f, 0xfa, 0x51,
    0x24, 0x2, 0x96, 0x60, 0x1f, 0xfc, 0x7c, 0x71,
    0x1, 0x5f, 0x0, 0xff, 0xe8, 0x93, 0x80, 0x7a,
    0x40, 0x3f, 0xf8, 0xca, 0x60, 0x1c, 0x4a, 0x1,
    0xff, 0xd0, 0x50, 0xf, 0x9c, 0x3, 0xff, 0x8d,
    0xc0, 0x1f, 0x10, 0x7, 0xff, 0x43, 0x80, 0x3f,
    0xf9, 0xcc, 0x1, 0xff, 0xd8, 0x20, 0xf, 0x98,
    0x3, 0xff, 0x8c, 0x40, 0x1f, 0x10, 0x7, 0xff,
    0x41, 0x80, 0x3e, 0x20, 0xf, 0xfe, 0x29, 0x0,
    0x7e, 0x60, 0xf, 0xfe, 0x81, 0x0, 0x7d, 0xc0,
    0x1f, 0xfc, 0x56, 0x0, 0xfc, 0x40, 0x1f, 0xfc,
    0xf1, 0x0, 0xfc, 0x40, 0x1f, 0xfc, 0x52, 0x0,
    0xfc, 0x20, 0x1f, 0xfc, 0xf2, 0x0, 0xfc, 0xc0,
    0x1f, 0xfc, 0x5e, 0x0, 0xf8, 0x80, 0x3f, 0xfa,
    0xc, 0x1, 0xf8, 0x80, 0x3f, 0xf8, 0xa4, 0x1,
    0xf3, 0x0, 0x7f, 0xf4, 0x8, 0x3, 0xf0, 0x80,
    0x7f, 0xf1, 0x58, 0x3, 0xe2, 0x0, 0xff, 0xe8,
    0x70, 0x7, 0xc4, 0x1, 0xff, 0xc6, 0x20, 0xf,
    0xb8, 0x3, 0xff, 0xa0, 0x40, 0x1f, 0x30, 0x7,
    0xff, 0x18, 0x40, 0x3e, 0x20, 0xf, 0xfe, 0x83,
    0x0, 0x7c, 0x40, 0x1f, 0xfc, 0x52, 0x0, 0xfc,
    0xc0, 0x1f, 0xfd, 0x2, 0x0, 0xfb, 0x80, 0x3f,
    0xf8, 0xac, 0x1, 0xf8, 0x80, 0x3f, 0xf9, 0xe2,
    0x1, 0xf8, 0x80, 0x3f, 0xf8, 0xa4, 0x1, 0xf8,
    0x40, 0x3f, 0xf9, 0xe4, 0x1, 0xf9, 0x80, 0x3f,
    0xf8, 0xbc, 0x1, 0xf1, 0x0, 0x7f, 0xf4, 0x18,
    0x3, 0xf1, 0x0, 0x7f, 0xf1, 0x48, 0x3, 0xe6,
    0x0, 0xff, 0xe8, 0x10, 0x7, 0xe1, 0x0, 0xff,
    0xe2, 0xb0, 0x7, 0xc4, 0x1, 0xff, 0xd0, 0xe0,
    0xf, 0x88, 0x3, 0xff, 0x8c, 0x40, 0x1f, 0x70,
    0x7, 0xff, 0x40, 0x80, 0x3e, 0x60, 0xf, 0xfe,
    0x30, 0x80, 0x7c, 0x40, 0x1f, 0xfd, 0x6, 0x0,
    0xf8, 0x80, 0x3f, 0xf8, 0xa4, 0x1, 0xf9, 0x80,
    0x3f, 0xfa, 0x4, 0x1, 0xf7, 0x0, 0x7f, 0xf1,
    0x58, 0x3, 0xf1, 0x0, 0x7f, 0xf3, 0xc4, 0x3,
    0xf1, 0x0, 0x7f, 0xf1, 0x48, 0x3, 0xf0, 0x80,
    0x7f, 0xf3, 0xc8, 0x3, 0xf3, 0x0, 0x7f, 0xf1,
    0x78, 0x3, 0xe2, 0x0, 0xff, 0xe8, 0x30, 0x7,
    0xe2, 0x0, 0xff, 0xe2, 0x98, 0x7, 0xcc, 0x1,
    0xff, 0xc5, 0x6c, 0xff, 0xfe, 0xa0, 0xf, 0xdd,
    0xff, 0xff, 0xc5, 0x40, 0xf, 0x93, 0xff, 0xee,
    0xb3, 0x0, 0xf4, 0x49, 0x80, 0x7f, 0xfa, 0x5,
    0x31, 0x0, 0x31, 0x38, 0x7, 0xff, 0xb6, 0x80,
    0x32, 0x0, 0x7f, 0xfb, 0x84, 0x80, 0x21, 0x0,
    0xff, 0xf7, 0x88, 0x4, 0x20, 0x1f, 0xfe, 0xf1,
    0x0, 0x90, 0x3, 0xff, 0xdc, 0x24, 0x1, 0x13,
    0x0, 0x7f, 0xfb, 0x6c, 0x3, 0xa6, 0x90, 0x84,
    0x7f, 0x0, 0x7e, 0x11, 0xff, 0xe3, 0x0, 0x7f,
    0x8, 0xfe, 0x25, 0xc5, 0x0, 0xf2, 0xde, 0xf7,
    0x7d, 0x60, 0x1f, 0xf, 0x77, 0xff, 0x19, 0x0,
    0x3e, 0x5e, 0xef, 0xdb, 0x46, 0x1, 0xff, 0xc5,
    0x20, 0xf, 0x88, 0x3, 0xff, 0x8c, 0xc0, 0x1f,
    0x10, 0x7, 0xff, 0x43, 0x80, 0x3e, 0x60, 0xf,
    0xfe, 0x31, 0x0, 0x7d, 0xc0, 0x1f, 0xfd, 0x2,
    0x0, 0xf8, 0x80, 0x3f, 0xf8, 0xa2, 0x1, 0xf8,
    0x80, 0x3f, 0xfa, 0xa, 0x1, 0xf7, 0x0, 0x7f,
    0xf1, 0x54, 0x3, 0xf3, 0x0, 0x7f, 0xf4, 0x4,
    0x3, 0xe2, 0x0, 0xff, 0xe2, 0x90, 0x7, 0xe2,
    0x0, 0xff, 0xe7, 0x90, 0x7, 0xe6, 0x0, 0xff,
    0xe2, 0xf0, 0x7, 0xc2, 0x1, 0xff, 0xd0, 0x60,
    0xf, 0xc4, 0x1, 0xff, 0xc5, 0x20, 0xf, 0x88,
    0x3, 0xff, 0xa0, 0x40, 0x1f, 0x8, 0x7, 0xff,
    0x19, 0x80, 0x3e, 0x50, 0xf, 0xfe, 0x87, 0x80,
    0x7c, 0x40, 0x1f, 0xfc, 0x63, 0x0, 0xfb, 0x80,
    0x3f, 0xfa, 0x4, 0x1, 0xf3, 0x0, 0x7f, 0xf1,
    0x44, 0x3, 0xf1, 0x0, 0x7f, 0xf4, 0x18, 0x3,
    0xe2, 0x0, 0xff, 0xe2, 0x90, 0x7, 0xe6, 0x0,
    0xff, 0xe8, 0x10, 0x7, 0xdc, 0x1, 0xff, 0xc5,
    0x60, 0xf, 0xc4, 0x1, 0xff, 0xcf, 0x10, 0xf,
    0xc4, 0x1, 0xff, 0xc5, 0x20, 0xf, 0xc2, 0x1,
    0xff, 0xcf, 0x50, 0xf, 0xcc, 0x1, 0xff, 0xc5,
    0xd0, 0xf, 0x88, 0x3, 0xff, 0xa0, 0x40, 0x1f,
    0x88, 0x3, 0xff, 0x8a, 0xc0, 0x1f, 0x30, 0x7,
    0xff, 0x43, 0x80, 0x3e, 0x10, 0xf, 0xfe, 0x31,
    0x0, 0x7c, 0x40, 0x1f, 0xfd, 0x2, 0x0, 0xf8,
    0x80, 0x3f, 0xf8, 0xc2, 0x1, 0xf7, 0x0, 0x7f,
    0xf4, 0x18, 0x3, 0xe6, 0x0, 0xff, 0xe2, 0x90,
    0x7, 0xe2, 0x0, 0xff, 0xe8, 0x10, 0x7, 0xc6,
    0x1, 0xff, 0xc5, 0x70, 0xf, 0xcc, 0x1, 0xff,
    0xc5, 0x4b, 0xff, 0xfe, 0x10, 0xf, 0x9b, 0xff,
    0xff, 0x8b, 0x40, 0x1f, 0xb3, 0xff, 0xf5, 0xa0,
    0x7, 0x96, 0xd0, 0x3, 0xff, 0xd2, 0x96, 0xa0,
    0x1d, 0x60, 0x1f, 0xfe, 0xdb, 0x0, 0xc4, 0x20,
    0x1f, 0xfe, 0xd1, 0x20, 0x8, 0x40, 0x3f, 0xfd,
    0xe2, 0x1, 0x8, 0x7, 0xff, 0xbc, 0x40, 0x22,
    0x10, 0xf, 0xff, 0x68, 0x90, 0x6, 0xa0, 0xf,
    0xff, 0x6d, 0x0, 0x72, 0x62, 0x8, 0x7, 0xff,
    0x9c, 0x53, 0x10, 0x3, 0xc7, 0x7d, 0xff, 0xee,
    0x0, 0xfd, 0x3f, 0xff, 0xfc, 0x58, 0x0, 0xfd,
    0xff, 0xfd, 0xd6, 0x60, 0x1f, 0xfc, 0x42, 0x0,
    0xfc, 0x40, 0x1f, 0xfc, 0x5e, 0x0, 0xf8, 0x40,
    0x3f, 0xfa, 0xc, 0x1, 0xf9, 0x80, 0x3f, 0xf8,
    0xa4, 0x1, 0xf1, 0x0, 0x7f, 0xf4, 0x8, 0x3,
    0xf1, 0x0, 0x7f, 0xf1, 0x58, 0x3, 0xe6, 0x0,
    0xff, 0xe8, 0x70, 0x7, 0xc2, 0x1, 0xff, 0xc6,
    0x20, 0xf, 0x88, 0x3, 0xff, 0xa0, 0x40, 0x1f,
    0x10, 0x7, 0xff, 0x14, 0x40, 0x3f, 0x70, 0x7,
    0xff, 0x41, 0x80, 0x3e, 0x60, 0xf, 0xfe, 0x29,
    0x0, 0x7e, 0x20, 0xf, 0xfe, 0x81, 0x0, 0x7c,
    0x40, 0x1f, 0xfc, 0x56, 0x0, 0xfc, 0xc0, 0x1f,
    0xfc, 0xf1, 0x0, 0xfd, 0xc0, 0x1f, 0xfc, 0x52,
    0x0, 0xfc, 0x40, 0x1f, 0xfc, 0xf2, 0x0, 0xfc,
    0x40, 0x1f, 0xfc, 0x5e, 0x0, 0xf8, 0x40, 0x3f,
    0xfa, 0xc, 0x1, 0xf9, 0x80, 0x3f, 0xf8, 0xa4,
    0x1, 0xf1, 0x0, 0x7f, 0xf4, 0x8, 0x3, 0xf1,
    0x0, 0x7f, 0xf1, 0x58, 0x3, 0xe6, 0x0, 0xff,
    0xe8, 0x70, 0x7, 0xc2, 0x1, 0xff, 0xc6, 0x20,
    0xf, 0x88, 0x3, 0xff, 0xa0, 0x40, 0x1f, 0x10,
    0x7, 0xff, 0x14, 0x40, 0x3f, 0x70, 0x7, 0xff,
    0x41, 0x80, 0x3e, 0x60, 0xf, 0xfe, 0x29, 0x0,
    0x7e, 0x20, 0xf, 0xfe, 0x81, 0x0, 0x7c, 0x40,
    0x1f, 0xfc, 0x56, 0x0, 0xfc, 0xc0, 0x1f, 0xfc,
    0xf1, 0x0, 0xfd, 0xc0, 0x1f, 0xfc, 0x52, 0x0,
    0xfc, 0x40, 0x1f, 0xfc, 0xf2, 0x0, 0xfc, 0x40,
    0x1f, 0xfc, 0x5e, 0x0, 0xf8, 0x40, 0x3f, 0xfa,
    0xc, 0x1, 0xf9, 0x80, 0x3f, 0xf8, 0xa4, 0x1,
    0xf1, 0x0, 0x7f, 0xf4, 0x8, 0x3, 0xf1, 0x0,
    0x7f, 0xf1, 0x58, 0x3, 0xe6, 0x0, 0xff, 0xe8,
    0x70, 0x7, 0xc2, 0x1, 0xff, 0xc6, 0x20, 0xf,
    0x88, 0x3, 0xff, 0xa0, 0x40, 0x1f, 0x10, 0x7,
    0xff, 0x14, 0x40, 0x3f, 0x70, 0x7, 0xff, 0x41,
    0x80, 0x3e, 0x60, 0xf, 0xfe, 0x29, 0x0, 0x7e,
    0x20, 0xf, 0xfe, 0x81, 0x0, 0x7c, 0x40, 0x1f,
    0xfc, 0x56, 0x0, 0xfc, 0xc0, 0x1f, 0xfc, 0xf1,
    0x0, 0xfd, 0xa0, 0x1f, 0xfc, 0x52, 0x0, 0xfc,
    0x40, 0x1f, 0xfd, 0x87, 0x0, 0xff, 0xe6, 0x90,
    0x7, 0xff, 0x40, 0x40, 0x3e, 0x32, 0x0, 0xff,
    0xe2, 0x98, 0x7, 0xca, 0x1, 0xff, 0xd1, 0x70,
    0xf, 0x70, 0x7, 0xff, 0x19, 0x8, 0x3, 0x8a,
    0x40, 0x3f, 0xfa, 0x31, 0x2, 0x1, 0x4c, 0x20,
    0xf, 0xfe, 0x3e, 0x31, 0x0, 0xb6, 0x8, 0x7,
    0xff, 0x20,

    /* U+0024 "$" */
    0x0, 0xff, 0xe6, 0x8b, 0xd5, 0x20, 0xc0, 0x3f,
    0xfc, 0x89, 0xd0, 0xaa, 0x7c, 0x70, 0xf, 0xff,
    0x1d, 0x0, 0x7a, 0xc, 0x3, 0xff, 0xc2, 0xa2,
    0x1, 0xf5, 0x0, 0x7f, 0xf8, 0x48, 0x3, 0xf1,
    0x0, 0x7f, 0xf8, 0x7c, 0x3, 0xf3, 0x80, 0x7f,
    0xff, 0xc0, 0x3f, 0xff, 0xe0, 0x1f, 0xff, 0xf0,
    0xf, 0xff, 0xf8, 0x7, 0xff, 0xfc, 0x3, 0xff,
    0xfe, 0x1, 0xff, 0xe1, 0x20, 0xf, 0xfe, 0xe1,
    0xbd, 0xfb, 0x80, 0x7e, 0x3d, 0xfd, 0xa7, 0x30,
    0xf, 0xfe, 0xa0, 0xc6, 0xe4, 0x20, 0x7, 0xff,
    0x4, 0x96, 0x33, 0xa4, 0x80, 0x3f, 0xf9, 0xe3,
    0x3c, 0xe4, 0x1, 0xff, 0xc8, 0x16, 0xdc, 0x40,
    0xf, 0xfe, 0x63, 0xf3, 0x0, 0x7f, 0xf3, 0x8e,
    0xec, 0x20, 0x1f, 0xfc, 0x81, 0xc8, 0x0, 0xff,
    0xe9, 0x27, 0x30, 0x7, 0xff, 0x18, 0xfc, 0xc0,
    0x3f, 0xfa, 0xb3, 0x20, 0xf, 0xfe, 0x22, 0x60,
    0x80, 0x7f, 0xf5, 0xda, 0x80, 0x3f, 0xf8, 0x47,
    0x60, 0x1f, 0xfd, 0xa5, 0x90, 0xf, 0xfe, 0x1,
    0x60, 0x7, 0xff, 0x71, 0xa0, 0x3, 0xfe, 0xf0,
    0xf, 0xfe, 0xf3, 0x88, 0x7, 0xf4, 0x90, 0x7,
    0xff, 0xc, 0xde, 0xf7, 0xbf, 0xdd, 0xb7, 0x8,
    0x20, 0x1f, 0xfc, 0x34, 0x0, 0xfc, 0x6c, 0x1,
    0xff, 0xc2, 0x4d, 0xc8, 0x42, 0x10, 0x0, 0x92,
    0x3d, 0xf5, 0xa0, 0x7, 0xff, 0x4, 0x40, 0x3f,
    0x78, 0x7, 0xff, 0x4, 0x6e, 0xc4, 0x1, 0xff,
    0xc1, 0x4b, 0xa1, 0x0, 0xff, 0xa, 0x0, 0x7c,
    0x86, 0x1, 0xff, 0xc0, 0x2c, 0x40, 0xf, 0xfe,
    0x2a, 0xf9, 0x80, 0x7f, 0x40, 0x7, 0xef, 0x0,
    0xff, 0xe0, 0x16, 0x10, 0x7, 0xff, 0x1c, 0x72,
    0x0, 0x3e, 0x76, 0x0, 0xf8, 0x50, 0x3, 0xfe,
    0x1f, 0x10, 0xf, 0xfe, 0x53, 0xe1, 0x0, 0x69,
    0x80, 0xf, 0xce, 0x1, 0xff, 0xc0, 0x82, 0x0,
    0xff, 0xe6, 0x1e, 0xdc, 0x4f, 0x30, 0x7, 0xf6,
    0x0, 0x7f, 0xc4, 0xc0, 0x1f, 0xfc, 0xf4, 0x76,
    0x10, 0xf, 0xf3, 0x80, 0x7f, 0xd4, 0x1, 0xff,
    0xde, 0x20, 0xf, 0xf9, 0x40, 0x3f, 0xfb, 0xa4,
    0x1, 0xff, 0xc0, 0x20, 0xf, 0xfe, 0xeb, 0x0,
    0x7f, 0xc4, 0x1, 0xff, 0xde, 0x10, 0xf, 0xf8,
    0x40, 0x3f, 0xff, 0xe0, 0x1f, 0xfd, 0x61, 0x0,
    0xff, 0xef, 0x8, 0x7, 0xfc, 0x40, 0x1f, 0xfd,
    0xe7, 0x0, 0xff, 0xe0, 0x10, 0x7, 0xff, 0x74,
    0x80, 0x3f, 0xf8, 0x8, 0x1, 0xff, 0xdd, 0x11,
    0x0, 0x7f, 0xda, 0x1, 0xff, 0xde, 0x50, 0xf,
    0xf9, 0xc, 0x3, 0xff, 0xbb, 0x80, 0x1f, 0xfc,
    0x8, 0x0, 0xff, 0xee, 0xa8, 0x7, 0xff, 0x1,
    0x1c, 0x3, 0xff, 0xb8, 0x44, 0x0, 0xff, 0xe0,
    0x42, 0x0, 0x7f, 0xf7, 0x2c, 0x3, 0xff, 0x83,
    0x68, 0x1, 0xff, 0xdb, 0x62, 0x0, 0xff, 0xe0,
    0xdb, 0x80, 0x7f, 0xf6, 0xe0, 0x3, 0xff, 0x85,
    0x16, 0x40, 0x1f, 0xfd, 0x95, 0x40, 0xf, 0xfe,
    0x12, 0x6b, 0x80, 0x7f, 0xf6, 0x68, 0x3, 0xff,
    0x89, 0x1a, 0xa0, 0x1f, 0xfd, 0x71, 0xb0, 0xf,
    0xfe, 0x21, 0x56, 0x18, 0x7, 0xff, 0x59, 0x20,
    0x3, 0xff, 0x8a, 0x79, 0x44, 0x1, 0xff, 0xd5,
    0x77, 0x0, 0x7f, 0xf1, 0x97, 0x68, 0x80, 0x3f,
    0xfa, 0x91, 0x0, 0xf, 0xfe, 0x3a, 0xed, 0x18,
    0x7, 0xff, 0x4d, 0xe8, 0x3, 0xff, 0x90, 0xb9,
    0x64, 0x1, 0xff, 0xd2, 0x5d, 0x30, 0xf, 0xfe,
    0x42, 0x6c, 0x88, 0x7, 0xff, 0x44, 0xb2, 0x84,
    0x3, 0xff, 0x90, 0xdd, 0x0, 0x1f, 0xfd, 0x25,
    0xe7, 0x0, 0xff, 0xe4, 0xbf, 0x28, 0x7, 0xff,
    0x4a, 0x35, 0x0, 0x3f, 0xf9, 0x3, 0x58, 0x40,
    0x1f, 0xfd, 0x12, 0xbb, 0x10, 0x7, 0xff, 0x20,
    0xf5, 0xc0, 0x3f, 0xfa, 0x49, 0xb0, 0x1, 0xff,
    0xc9, 0x8b, 0x10, 0xf, 0xfe, 0x93, 0xf3, 0x0,
    0x7f, 0xf2, 0x13, 0x8, 0x3, 0xff, 0xa4, 0x33,
    0xaa, 0x1, 0xff, 0xc7, 0x2c, 0x30, 0xf, 0xfe,
    0x99, 0x56, 0xa0, 0x7, 0xff, 0x18, 0x71, 0x0,
    0x3f, 0xfa, 0x85, 0x78, 0x60, 0x1f, 0xfc, 0x6b,
    0x30, 0xf, 0xfe, 0xa9, 0xe5, 0x98, 0x7, 0xff,
    0x17, 0x44, 0x3, 0xff, 0xac, 0x99, 0x44, 0x1,
    0xff, 0xc3, 0x1a, 0x0, 0xff, 0xec, 0x2e, 0xb8,
    0x7, 0xff, 0xd, 0x14, 0x3, 0xff, 0xb3, 0x16,
    0x20, 0x1f, 0xfc, 0x2b, 0x0, 0xff, 0xed, 0x26,
    0x8, 0x7, 0xff, 0x4, 0x5c, 0x3, 0xff, 0xb4,
    0x58, 0x20, 0x1f, 0xfc, 0x19, 0x0, 0xff, 0xed,
    0x96, 0x80, 0x7f, 0xf0, 0x45, 0x0, 0x3f, 0xfb,
    0x67, 0x20, 0x1f, 0xfc, 0x1e, 0x0, 0xff, 0xee,
    0x32, 0x0, 0x7f, 0xf0, 0x10, 0x3, 0xff, 0xbb,
    0x20, 0x1f, 0xfc, 0x1, 0x20, 0xf, 0xfe, 0xe1,
    0x28, 0x7, 0xff, 0x1, 0x0, 0x3f, 0xfb, 0xbc,
    0x1, 0xff, 0xc0, 0xe0, 0xf, 0xfe, 0xea, 0x8,
    0x7, 0xfc, 0x40, 0x1f, 0xfd, 0xe5, 0x0, 0xff,
    0x98, 0x3, 0xff, 0xbc, 0x60, 0x1f, 0xf0, 0x80,
    0x7f, 0xf7, 0xb8, 0x3, 0xff, 0xd4, 0x60, 0x1f,
    0xfe, 0xa1, 0x0, 0xff, 0x84, 0x3, 0xff, 0xbc,
    0x20, 0x1f, 0xf3, 0x80, 0x7f, 0xf7, 0x8c, 0x3,
    0xfe, 0x20, 0xf, 0xfe, 0xf7, 0x0, 0x7f, 0xc2,
    0x1, 0xff, 0xde, 0x40, 0xf, 0xfb, 0x40, 0x3f,
    0xfb, 0xa2, 0x60, 0x1f, 0xf3, 0x80, 0x61, 0x42,
    0x0, 0xff, 0xeb, 0x30, 0x7, 0xfc, 0x24, 0x1,
    0x4f, 0x5e, 0xe1, 0x80, 0x7f, 0xf5, 0x24, 0x3,
    0xfe, 0x70, 0xa, 0x98, 0x2, 0x3c, 0x60, 0xf,
    0xfe, 0x94, 0x8, 0x7, 0xfd, 0xa0, 0x6, 0x50,
    0xf, 0x4c, 0x80, 0x3f, 0xfa, 0xa, 0xe0, 0x1f,
    0xf0, 0xa0, 0x2, 0x0, 0x3f, 0x36, 0xa0, 0x7,
    0xff, 0x34, 0xe8, 0x3, 0xff, 0x80, 0xc0, 0x4,
    0x10, 0xf, 0xe2, 0xbb, 0x18, 0x7, 0xff, 0x29,
    0xb0, 0x3, 0xff, 0x83, 0x20, 0x3, 0x0, 0xff,
    0xe0, 0x26, 0x61, 0x84, 0x3, 0xff, 0x8a, 0x99,
    0x20, 0x1f, 0xfc, 0x17, 0x10, 0x0, 0x80, 0x7f,
    0xf0, 0x8e, 0x7b, 0x1d, 0x4, 0x3, 0xfc, 0x71,
    0xb6, 0x60, 0x1f, 0xfc, 0x12, 0x80, 0x9, 0x0,
    0x3f, 0xf8, 0xa7, 0x17, 0xdf, 0xb9, 0x75, 0x4b,
    0xce, 0xfc, 0x72, 0x0, 0xff, 0xe1, 0xc8, 0x6,
    0x28, 0x0, 0xff, 0xe4, 0x91, 0xa2, 0xa9, 0xc,
    0x40, 0x3f, 0xf8, 0xd0, 0x80, 0x1c, 0xee, 0x0,
    0xff, 0xf0, 0xab, 0x80, 0x7d, 0x12, 0x1, 0xff,
    0xdf, 0x4a, 0x0, 0xfe, 0x6c, 0x20, 0xf, 0xfe,
    0xe2, 0xd8, 0x7, 0xfc, 0x7a, 0xc0, 0x1f, 0xfd,
    0xa7, 0xa0, 0xf, 0xfe, 0x14, 0xea, 0x80, 0x7f,
    0xf5, 0x86, 0xe0, 0x3, 0xff, 0x88, 0x55, 0xac,
    0x1, 0xff, 0xd3, 0x6f, 0x40, 0xf, 0xfe, 0x39,
    0x4f, 0xd2, 0x80, 0x7f, 0xf3, 0x45, 0xba, 0x44,
    0x3, 0xff, 0x96, 0xb5, 0xf6, 0xe8, 0x1, 0xff,
    0xc5, 0x13, 0x7b, 0xe9, 0x10, 0xf, 0xfe, 0x82,
    0x45, 0xfe, 0xdc, 0x31, 0x0, 0x7f, 0x2e, 0xf6,
    0x42, 0x0, 0x7f, 0xf5, 0xc9, 0x1e, 0x54, 0x3,
    0xf0, 0xd1, 0x0, 0x7f, 0xfa, 0x8, 0x3, 0xff,
    0xfe, 0x1, 0xff, 0xff, 0x0, 0xff, 0xff, 0x80,
    0x7f, 0xff, 0xc0, 0x3f, 0xff, 0xe0, 0x1f, 0xfe,
    0xbf, 0x0, 0xfc, 0xe0, 0x1f, 0xfe, 0x11, 0x0,
    0xfc, 0x20, 0x1f, 0xfe, 0x14, 0x0, 0xfd, 0xe0,
    0x1f, 0xfe, 0x12, 0x70, 0xf, 0x1a, 0x80, 0x7f,
    0xf8, 0xa2, 0x4c, 0x0, 0x4f, 0x80, 0x1f, 0xfc,
    0xb0,

    /* U+0025 "%" */
    0x0, 0xff, 0xe2, 0x1b, 0xd6, 0xf7, 0xfb, 0xb9,
    0x72, 0xa2, 0x1, 0xff, 0xe4, 0x29, 0xdf, 0xf5,
    0x90, 0x7, 0xff, 0x6c, 0x63, 0xb2, 0x14, 0x84,
    0x0, 0x22, 0x46, 0xae, 0xc5, 0x0, 0xff, 0xf0,
    0xbe, 0xb1, 0x0, 0x12, 0x0, 0x3f, 0xfb, 0x51,
    0xce, 0x20, 0x1f, 0xfc, 0x13, 0xad, 0x40, 0xf,
    0xfe, 0xf3, 0xc0, 0x7, 0xff, 0x7c, 0xf9, 0xc0,
    0x3f, 0xf8, 0xc5, 0x74, 0x1, 0xff, 0xdc, 0x28,
    0x0, 0xfb, 0x0, 0x3f, 0xfa, 0xed, 0x82, 0x1,
    0xff, 0xc9, 0x5d, 0x10, 0xf, 0xfe, 0xd7, 0x0,
    0x7c, 0x2c, 0x1, 0xff, 0xd6, 0x79, 0x0, 0xff,
    0xe6, 0x16, 0x8, 0x7, 0xff, 0x61, 0xc, 0x3,
    0xe8, 0x0, 0xff, 0xeb, 0x2c, 0x0, 0x7f, 0xf3,
    0x8b, 0x4, 0x3, 0xff, 0xaf, 0x20, 0x1f, 0x13,
    0x0, 0x7f, 0xf5, 0x4e, 0x80, 0x3f, 0xf8, 0x24,
    0x62, 0x1, 0xff, 0xc0, 0x2a, 0x0, 0xff, 0xeb,
    0x29, 0x0, 0x7d, 0x0, 0x1f, 0xfd, 0x6e, 0x0,
    0xff, 0x9b, 0x3f, 0x73, 0xb9, 0x46, 0x1, 0xfe,
    0x47, 0x0, 0xff, 0xea, 0xc0, 0x7, 0xc6, 0xa0,
    0x1f, 0xfd, 0x59, 0x20, 0xf, 0xe3, 0xd9, 0x30,
    0xc, 0x2b, 0x92, 0x1, 0xfe, 0x82, 0x0, 0xff,
    0xe9, 0xb1, 0x0, 0x7d, 0x0, 0x1f, 0xfd, 0x52,
    0x60, 0xf, 0xe4, 0xc2, 0x0, 0xfe, 0x6c, 0x0,
    0xff, 0x48, 0x7, 0xff, 0x4e, 0x0, 0x3e, 0x44,
    0x0, 0x7f, 0xf5, 0x64, 0x3, 0xf8, 0xec, 0x3,
    0xff, 0x80, 0x76, 0x1, 0xfc, 0x88, 0x0, 0xff,
    0xe8, 0xb8, 0x80, 0x7d, 0x0, 0x1f, 0xfd, 0x53,
    0x40, 0xf, 0xed, 0x0, 0xff, 0xe1, 0x23, 0x80,
    0x7f, 0x40, 0x7, 0xff, 0x40, 0x60, 0x3, 0xe5,
    0x30, 0xf, 0xfe, 0xad, 0x0, 0x7f, 0x48, 0x80,
    0x7f, 0xf0, 0xe0, 0x80, 0x3f, 0x19, 0x80, 0x3f,
    0xf9, 0xf2, 0x1, 0xfa, 0x0, 0x3f, 0xfa, 0xcc,
    0x1, 0xf8, 0x98, 0x3, 0xff, 0x8b, 0x0, 0x1f,
    0xd4, 0x1, 0xff, 0xce, 0x17, 0x0, 0xf9, 0x88,
    0x3, 0xff, 0xaa, 0xa0, 0x1f, 0xd6, 0x1, 0xff,
    0xc6, 0x52, 0x0, 0xfc, 0xe0, 0x1f, 0xfc, 0xe8,
    0x0, 0xfd, 0x0, 0x1f, 0xfd, 0x6f, 0x0, 0xfe,
    0x60, 0xf, 0xfe, 0x3d, 0x0, 0x7e, 0x14, 0x0,
    0xff, 0xe6, 0x13, 0x0, 0x7c, 0xe2, 0x1, 0xff,
    0xd6, 0x40, 0xf, 0xca, 0x1, 0xff, 0xc8, 0x50,
    0xf, 0xec, 0x0, 0xff, 0xe6, 0x40, 0x7, 0xc3,
    0x20, 0x1f, 0xfd, 0x63, 0x10, 0xf, 0xd8, 0x1,
    0xff, 0xc8, 0x22, 0x0, 0x7e, 0x40, 0xf, 0xfe,
    0x59, 0xa8, 0x7, 0xd2, 0x20, 0x1f, 0xfd, 0x65,
    0x0, 0xfe, 0x40, 0xf, 0xfe, 0x4a, 0x0, 0x7e,
    0x30, 0xf, 0xfe, 0x5c, 0x0, 0x7c, 0x2e, 0x1,
    0xff, 0xd7, 0xf0, 0xf, 0xc2, 0x40, 0x1f, 0xfc,
    0x9c, 0x0, 0xfe, 0x30, 0xf, 0xfe, 0x4a, 0x20,
    0x3, 0xe8, 0x0, 0xff, 0xec, 0x28, 0x7, 0xe5,
    0x0, 0xff, 0xe5, 0x38, 0x7, 0xf3, 0x0, 0x7f,
    0xf2, 0x60, 0x3, 0xe2, 0x60, 0xf, 0xfe, 0xc1,
    0x0, 0x7e, 0x20, 0xf, 0xfe, 0x51, 0x0, 0x7f,
    0x68, 0x7, 0xff, 0x21, 0x4c, 0x3, 0xe8, 0x0,
    0xff, 0xec, 0x88, 0x7, 0xee, 0x0, 0xff, 0xe5,
    0x88, 0x7, 0xe2, 0x0, 0xff, 0xe4, 0x40, 0x7,
    0xc6, 0xa0, 0x1f, 0xfd, 0x81, 0x0, 0xfe, 0x20,
    0xf, 0xfe, 0x59, 0x0, 0x7e, 0x10, 0xf, 0xfe,
    0x3b, 0x10, 0x7, 0xd0, 0x1, 0xff, 0xd9, 0x20,
    0xf, 0xe1, 0x0, 0xff, 0xe5, 0xb8, 0x7, 0xe6,
    0x0, 0xff, 0xe3, 0xc0, 0x7, 0xc8, 0x80, 0xf,
    0xfe, 0xcb, 0x80, 0x7f, 0x38, 0x7, 0xff, 0x2c,
    0x80, 0x3f, 0x18, 0x7, 0xff, 0x19, 0xc4, 0x3,
    0xe8, 0x0, 0xff, 0xf2, 0x8, 0x7, 0xff, 0x98,
    0x60, 0x3, 0xe5, 0x30, 0xf, 0xfe, 0xd0, 0x80,
    0x7f, 0xf5, 0x44, 0x3, 0xf0, 0x80, 0x7f, 0xf1,
    0x64, 0x3, 0xf4, 0x0, 0x7f, 0xff, 0xc0, 0x3f,
    0xf9, 0x82, 0xe0, 0x1f, 0x31, 0x0, 0x7f, 0xff,
    0xc0, 0x3f, 0xf9, 0x90, 0x1, 0xfa, 0x0, 0x3f,
    0xff, 0xe0, 0x1f, 0xfc, 0xc2, 0x60, 0xf, 0x9c,
    0x40, 0x3f, 0xfb, 0x82, 0x1, 0xff, 0xde, 0x10,
    0xf, 0xfe, 0x1c, 0x0, 0x7c, 0x32, 0x1, 0xff,
    0xe7, 0x10, 0xf, 0xfe, 0x58, 0x80, 0x7f, 0xf2,
    0xcd, 0x40, 0x3e, 0x91, 0x0, 0xff, 0xee, 0xb0,
    0x7, 0xf3, 0x80, 0x7f, 0xf2, 0xcc, 0x3, 0xf1,
    0x0, 0x7f, 0xf0, 0xa0, 0x3, 0xe1, 0x70, 0xf,
    0xfe, 0xf1, 0x80, 0x7f, 0x10, 0x7, 0xff, 0x2d,
    0x80, 0x3f, 0x38, 0x7, 0xff, 0x5, 0x10, 0x1,
    0xf4, 0x0, 0x7f, 0xf7, 0xc4, 0x3, 0xfb, 0x80,
    0x3f, 0xf9, 0x64, 0x1, 0xf8, 0x40, 0x3f, 0xf8,
    0x30, 0x1, 0xf1, 0x30, 0x7, 0xff, 0x80, 0x80,
    0x3f, 0x10, 0x7, 0xff, 0x2c, 0x40, 0x3f, 0x10,
    0x7, 0xff, 0x1, 0x4c, 0x3, 0xe8, 0x0, 0xff,
    0xf0, 0xb0, 0x7, 0xe7, 0x0, 0xff, 0xe5, 0x18,
    0x7, 0xf6, 0x80, 0x7f, 0xf0, 0x20, 0x3, 0xe3,
    0x50, 0xf, 0xfe, 0x18, 0xac, 0xe7, 0x7f, 0xdd,
    0x94, 0xe4, 0x1, 0xff, 0xc5, 0x20, 0xf, 0xc4,
    0x1, 0xff, 0xca, 0x50, 0xf, 0xe6, 0x0, 0xff,
    0x98, 0x80, 0x3e, 0x80, 0xf, 0xfe, 0x12, 0xe7,
    0x53, 0x18, 0x80, 0x42, 0x6b, 0x1b, 0xa7, 0x10,
    0xf, 0xfe, 0x16, 0x0, 0x7f, 0x18, 0x7, 0xff,
    0x27, 0x0, 0x3f, 0x8c, 0x3, 0xfe, 0x80, 0xf,
    0x91, 0x0, 0x1f, 0xfc, 0x4, 0xda, 0x30, 0xf,
    0xfe, 0x9, 0x47, 0x38, 0x7, 0xff, 0x5, 0xc0,
    0x3f, 0x90, 0x3, 0xff, 0x92, 0x80, 0x1f, 0x8c,
    0x3, 0xfe, 0x71, 0x0, 0xfa, 0x0, 0x3f, 0xf8,
    0x15, 0x64, 0x1, 0xff, 0xc6, 0x8c, 0x20, 0xf,
    0xf8, 0x84, 0x3, 0xf5, 0x80, 0x7f, 0xf2, 0xc,
    0x40, 0x3f, 0x20, 0x7, 0xf8, 0x64, 0x3, 0xe5,
    0x30, 0xf, 0xf1, 0x6a, 0x80, 0x7f, 0xf2, 0x4f,
    0x10, 0x3, 0xfe, 0x70, 0xf, 0xc6, 0x40, 0x1f,
    0xfc, 0x7a, 0x0, 0xfe, 0xb0, 0xf, 0xf4, 0x88,
    0x7, 0xd0, 0x1, 0xfe, 0x2c, 0x20, 0xf, 0xfe,
    0x58, 0xda, 0x0, 0x7f, 0xb4, 0x3, 0xfa, 0x80,
    0x3f, 0xf8, 0xc2, 0xc0, 0x1f, 0x84, 0xc0, 0x3f,
    0x85, 0xc0, 0x3e, 0x62, 0x0, 0xfe, 0x1c, 0x10,
    0xf, 0xfe, 0x75, 0x98, 0x7, 0xf2, 0x8, 0x7,
    0xe6, 0x0, 0xff, 0xe3, 0x48, 0x7, 0xf3, 0x80,
    0x7f, 0xa0, 0x3, 0xf4, 0x0, 0x7f, 0xb0, 0x40,
    0x3f, 0xfa, 0x1a, 0x20, 0x1f, 0xce, 0x1, 0xf8,
    0x60, 0x3, 0xff, 0x88, 0x4e, 0x1, 0xfd, 0x40,
    0x1f, 0xc4, 0xc0, 0x1f, 0x38, 0x80, 0x7f, 0x49,
    0x0, 0x7f, 0x85, 0xef, 0xbf, 0xb1, 0xc4, 0x3,
    0xfc, 0x34, 0x1, 0xfd, 0x60, 0x1f, 0xce, 0x60,
    0x1f, 0xfc, 0x39, 0x0, 0xfe, 0x33, 0x0, 0x7f,
    0x40, 0x7, 0xc3, 0x20, 0x1f, 0xc8, 0xc0, 0x1f,
    0xe7, 0xe8, 0x41, 0x1, 0x38, 0xe8, 0x0, 0xff,
    0x22, 0x80, 0x7e, 0x25, 0x0, 0xfe, 0xd1, 0x0,
    0xff, 0xe0, 0xc2, 0x0, 0x7f, 0x40, 0x7, 0xf1,
    0xa8, 0x7, 0xd2, 0x20, 0x1f, 0xd2, 0x1, 0xfe,
    0xa8, 0x0, 0xfe, 0x7b, 0x0, 0xff, 0x58, 0x7,
    0xf4, 0x0, 0x7f, 0xe, 0x8, 0x7, 0xfc, 0xee,
    0x0, 0xfe, 0x34, 0x0, 0xfe, 0x80, 0xf, 0x85,
    0xc0, 0x3f, 0x98, 0x80, 0x3f, 0xa5, 0x40, 0x3f,
    0xe4, 0xb0, 0xf, 0xe1, 0x80, 0xf, 0xc4, 0xe0,
    0x1f, 0xc5, 0xea, 0x1, 0xf8, 0x6a, 0x0, 0x3f,
    0xde, 0x1, 0xfc, 0x88, 0x0, 0xfa, 0x0, 0x3f,
    0xd0, 0x1, 0xfc, 0xcc, 0x0, 0xff, 0xe0, 0xa4,
    0x0, 0x7f, 0x38, 0x80, 0x7e, 0x82, 0x0, 0xfe,
    0x1a, 0xc6, 0x31, 0x1, 0x49, 0xe5, 0x0, 0xff,
    0x39, 0x80, 0x7f, 0x40, 0x7, 0xc4, 0xc0, 0x1f,
    0xca, 0x20, 0x1f, 0x86, 0x0, 0x3f, 0xf8, 0x6e,
    0x40, 0x1f, 0xcc, 0x1, 0xfd, 0xc0, 0x1f, 0xf1,
    0xce, 0x77, 0xf5, 0xb0, 0x7, 0xfc, 0x70, 0x1,
    0xfc, 0xa6, 0x1, 0xf4, 0x0, 0x7f, 0xb8, 0x3,
    0xfa, 0x4, 0x3, 0xff, 0x89, 0x20, 0x1f, 0xd4,
    0x1, 0xfc, 0x74, 0x1, 0xff, 0xd0, 0x1d, 0x0,
    0xff, 0x40, 0x7, 0xc6, 0xa0, 0x1f, 0xc2, 0x80,
    0x1f, 0x85, 0x80, 0x3f, 0xf8, 0xa8, 0x60, 0x1f,
    0x88, 0xc0, 0x3f, 0x96, 0x0, 0x3f, 0xf9, 0xc3,
    0x82, 0x1, 0xfc, 0xc4, 0x1, 0xf4, 0x0, 0x7f,
    0x9c, 0x3, 0xf9, 0x80, 0x3f, 0xf8, 0xf2, 0x1,
    0xfd, 0x60, 0x1f, 0xe7, 0x90, 0xf, 0xfe, 0x61,
    0x61, 0x0, 0x7f, 0xa0, 0x3, 0xe4, 0x40, 0x7,
    0xfb, 0x0, 0x3f, 0xa8, 0x3, 0xff, 0x8e, 0xa2,
    0x1, 0xf9, 0x0, 0x3f, 0xe6, 0xc1, 0x0, 0xff,
    0xe4, 0xa6, 0x10, 0x7, 0xf9, 0xc4, 0x3, 0xe8,
    0x0, 0xff, 0x90, 0x3, 0xf1, 0x10, 0x3, 0xff,
    0x90, 0x80, 0x1f, 0x8c, 0x3, 0xff, 0x80, 0x7c,
    0xe0, 0x1f, 0xfc, 0x61, 0xab, 0x10, 0xf, 0xf0,
    0xc8, 0x7, 0xca, 0x60, 0x1f, 0xe2, 0x10, 0xf,
    0xc8, 0x1, 0xff, 0xc9, 0xf0, 0xf, 0xe4, 0x0,
    0xff, 0xe0, 0xc7, 0x38, 0x80, 0x7f, 0xf0, 0x4e,
    0xb9, 0x40, 0x3f, 0xf8, 0x12, 0x20, 0x1f, 0x40,
    0x7, 0xfc, 0xe0, 0x1f, 0xde, 0x1, 0xff, 0xc9,
    0x70, 0xf, 0xe3, 0x0, 0xff, 0xe1, 0xc, 0x76,
    0x42, 0x90, 0x80, 0x42, 0x6d, 0x3d, 0x8a, 0x1,
    0xff, 0xc1, 0x17, 0x0, 0xf9, 0x88, 0x3, 0xfe,
    0xd0, 0xf, 0xe5, 0x0, 0xff, 0xe4, 0x90, 0x7,
    0xf7, 0x0, 0x7f, 0xf1, 0x4d, 0xeb, 0x7b, 0xfe,
    0xec, 0x96, 0x10, 0xf, 0xfe, 0x1c, 0x0, 0x7e,
    0x80, 0xf, 0xfe, 0x1, 0x0, 0x7f, 0x18, 0x7,
    0xff, 0x28, 0xc0, 0x3f, 0x28, 0x7, 0xff, 0x80,
    0x98, 0x3, 0xe7, 0x10, 0xf, 0xfe, 0x3, 0x0,
    0x7e, 0x10, 0xf, 0xfe, 0x5b, 0x0, 0x7e, 0x20,
    0xf, 0xff, 0x4, 0x0, 0x7c, 0x30, 0x1, 0xff,
    0xc1, 0x10, 0xf, 0xc6, 0x1, 0xff, 0xcb, 0x20,
    0xf, 0xc2, 0x1, 0xff, 0xdf, 0x35, 0x0, 0xfa,
    0x40, 0x3f, 0xf8, 0x44, 0x1, 0xf8, 0x40, 0x3f,
    0xf9, 0x7c, 0x1, 0xfc, 0x20, 0x1f, 0xfd, 0xe8,
    0x0, 0xf8, 0x5c, 0x3, 0xff, 0x96, 0xe0, 0x1f,
    0xfc, 0xb3, 0x0, 0xfe, 0x30, 0xf, 0xfe, 0xea,
    0x20, 0x3, 0xe8, 0x0, 0xff, 0xe6, 0x8, 0x7,
    0xff, 0x2c, 0x40, 0x3f, 0xfc, 0xf0, 0x1, 0xf1,
    0x30, 0x7, 0xff, 0x8, 0x40, 0x3f, 0xfb, 0xe2,
    0x1, 0xff, 0xdc, 0x53, 0x0, 0xfa, 0x0, 0x3f,
    0xff, 0xe0, 0x1f, 0xfc, 0xd8, 0x0, 0xf8, 0xd4,
    0x3, 0xff, 0xfe, 0x1, 0xff, 0xcc, 0x62, 0x0,
    0xfa, 0x0, 0x3f, 0xff, 0xe0, 0x1f, 0xfc, 0xd8,
    0x0, 0xf9, 0x10, 0x1, 0xff, 0xc4, 0x10, 0xf,
    0xfe, 0xf8, 0x80, 0x7f, 0xf6, 0x9c, 0x40, 0x3e,
    0x80, 0xf, 0xfe, 0x78, 0x80, 0x7f, 0xf2, 0xc4,
    0x3, 0xff, 0xc9, 0x20, 0x1f, 0x29, 0x80, 0x7f,
    0xf3, 0xdc, 0x3, 0xff, 0x96, 0x60, 0x1f, 0xc6,
    0x1, 0xff, 0xd9, 0x81, 0x0, 0xfa, 0x0, 0x3f,
    0xf8, 0xe4, 0x1, 0xf8, 0x40, 0x3f, 0xf9, 0x7c,
    0x1, 0xfc, 0x20, 0x1f, 0xfd, 0x81, 0x70, 0xf,
    0x98, 0x80, 0x3f, 0xf8, 0xe2, 0x1, 0xf8, 0x80,
    0x3f, 0xf9, 0x64, 0x1, 0xf8, 0x40, 0x3f, 0xfb,
    0x30, 0x1, 0xfa, 0x0, 0x3f, 0xf9, 0xc, 0x1,
    0xfc, 0x20, 0x1f, 0xfc, 0xa6, 0x0, 0xfc, 0x40,
    0x1f, 0xfd, 0x82, 0x60, 0xf, 0x9c, 0x40, 0x3f,
    0xf9, 0x1a, 0x1, 0xfc, 0xa0, 0x1f, 0xfc, 0xa3,
    0x0, 0xfc, 0xa0, 0x1f, 0xfd, 0x88, 0x0, 0xf8,
    0x60, 0x3, 0xff, 0x92, 0x40, 0x1f, 0xc4, 0x1,
    0xff, 0xc9, 0x20, 0xf, 0xee, 0x0, 0xff, 0xeb,
    0x9a, 0x80, 0x7d, 0x20, 0x1f, 0xfc, 0xa4, 0x0,
    0xfe, 0xc0, 0xf, 0xfe, 0x4a, 0x0, 0x7f, 0x18,
    0x7, 0xff, 0x5e, 0x0, 0x3e, 0x17, 0x0, 0xff,
    0xe5, 0x8, 0x80, 0x3f, 0x20, 0x7, 0xff, 0x27,
    0x0, 0x3f, 0x94, 0x3, 0xff, 0xac, 0x68, 0x1,
    0xf4, 0x0, 0x7f, 0xf3, 0x10, 0x3, 0xf0, 0x98,
    0x7, 0xff, 0x21, 0x40, 0x3f, 0x18, 0x80, 0x7f,
    0xf5, 0xbc, 0x3, 0xe2, 0x60, 0xf, 0xfe, 0x67,
    0x80, 0x7f, 0x58, 0x7, 0xff, 0x1d, 0x40, 0x3f,
    0x90, 0x3, 0xff, 0xac, 0xa6, 0x1, 0xf4, 0x0,
    0x7f, 0xf3, 0x50, 0x3, 0xf9, 0x80, 0x3f, 0xf8,
    0xfc, 0x1, 0xfd, 0x60, 0x1f, 0xfd, 0x68, 0x0,
    0xf8, 0xd4, 0x3, 0xff, 0x9a, 0x28, 0x1, 0xf8,
    0x58, 0x3, 0xff, 0x8a, 0x68, 0x1, 0xf8, 0x8c,
    0x3, 0xff, 0xaa, 0xc4, 0x1, 0xf4, 0x0, 0x7f,
    0xf3, 0xf8, 0x3, 0xfa, 0xc0, 0x3f, 0xf8, 0xbe,
    0x1, 0xfd, 0x40, 0x1f, 0xfd, 0x68, 0x0, 0xf9,
    0x10, 0x1, 0xff, 0xcf, 0x51, 0x0, 0xfc, 0x50,
    0x1, 0xff, 0xc3, 0x63, 0x0, 0xfe, 0x60, 0xf,
    0xfe, 0xab, 0x88, 0x7, 0xd0, 0x1, 0xff, 0xd1,
    0x80, 0xf, 0xe7, 0x40, 0xf, 0xfe, 0x9, 0xc8,
    0x7, 0xf3, 0x8, 0x7, 0xff, 0x56, 0x40, 0x3e,
    0x53, 0x0, 0xff, 0xe8, 0xb1, 0x0, 0x7f, 0x59,
    0x80, 0x7f, 0xc5, 0xa0, 0x1f, 0xe8, 0x0, 0xff,
    0xea, 0xc0, 0x80, 0x7d, 0x0, 0x1f, 0xfd, 0x39,
    0x0, 0xff, 0x63, 0x80, 0x7f, 0x2e, 0x88, 0x7,
    0xf4, 0x8, 0x7, 0xff, 0x50, 0x5c, 0x3, 0xe6,
    0x20, 0xf, 0xfe, 0x9a, 0x28, 0x7, 0xfa, 0x35,
    0x88, 0x2, 0x15, 0xca, 0x0, 0xff, 0x1b, 0x80,
    0x7f, 0xf5, 0x60, 0x3, 0xf4, 0x0, 0x7f, 0xf5,
    0x6c, 0x80, 0x3f, 0xc5, 0x3b, 0xfd, 0xfd, 0x46,
    0x1, 0xff, 0x70, 0x7, 0xff, 0x54, 0x98, 0x3,
    0xe7, 0x10, 0xf, 0xfe, 0xa8, 0xf8, 0x80, 0x7f,
    0xf0, 0x44, 0x3, 0xff, 0x85, 0x64, 0x1, 0xff,
    0xd5, 0x80, 0xf, 0x86, 0x0, 0x3f, 0xfa, 0xe5,
    0xa2, 0x1, 0xff, 0xce, 0xa4, 0x0, 0xff, 0xea,
    0x92, 0x80, 0x7d, 0x20, 0x1f, 0xfd, 0x93, 0xc1,
    0x0, 0xff, 0xe6, 0x5a, 0x80, 0x7f, 0xf5, 0xa0,
    0x3, 0xe2, 0x70, 0xf, 0xfe, 0xd1, 0x7a, 0x0,
    0x7f, 0xf2, 0x4b, 0x50, 0x3, 0xff, 0xae, 0x80,
    0x1f, 0x70, 0x7, 0xff, 0x70, 0x6e, 0x88, 0x3,
    0xff, 0x8d, 0x1a, 0x40, 0x1f, 0xfd, 0xe1, 0xc3,
    0x0, 0xff, 0xef, 0x2e, 0xd1, 0x80, 0x7f, 0xf0,
    0x4a, 0x39, 0xc0, 0x3f, 0xfb, 0x54, 0x60, 0x27,
    0x1e, 0x60, 0x1f, 0xfe, 0x15, 0xce, 0x96, 0x31,
    0x0, 0x84, 0xd6, 0x33, 0x5c, 0x40, 0x3f, 0xf8,
    0x20,

    /* U+0026 "&" */
    0x0, 0xff, 0xff, 0x80, 0x7f, 0xf5, 0x45, 0x66,
    0xfb, 0xff, 0x76, 0x53, 0x98, 0x7, 0xff, 0xd5,
    0x6f, 0xa9, 0x90, 0x40, 0x30, 0x9a, 0xc6, 0x74,
    0x90, 0x7, 0xff, 0xc1, 0x7a, 0x90, 0x3, 0xff,
    0x84, 0x2d, 0xb2, 0x20, 0x1f, 0xfe, 0xc1, 0xca,
    0x10, 0xf, 0xfe, 0x3b, 0x7a, 0x80, 0x7f, 0xfa,
    0x93, 0xcc, 0x3, 0xff, 0x94, 0x34, 0xe0, 0x1f,
    0xfe, 0x85, 0xb1, 0x0, 0xff, 0xe6, 0xc3, 0x80,
    0x7f, 0xf9, 0x96, 0x80, 0x3f, 0xfa, 0x10, 0xa0,
    0x1f, 0xfe, 0x44, 0xa0, 0xf, 0xfe, 0x95, 0x10,
    0x7, 0xff, 0x88, 0x68, 0x3, 0xff, 0xa9, 0x20,
    0x1f, 0xfe, 0x2d, 0x10, 0xf, 0xfe, 0x1, 0xc6,
    0x77, 0xf6, 0x41, 0x0, 0x7f, 0xc8, 0x80, 0xf,
    0xff, 0x3, 0x18, 0x7, 0xfc, 0x57, 0x8e, 0x62,
    0x2, 0x6f, 0xb0, 0x1, 0xff, 0x40, 0x7, 0xff,
    0x82, 0x0, 0x3f, 0xe4, 0xd4, 0x0, 0xfe, 0x78,
    0x0, 0xff, 0x19, 0x0, 0x7f, 0xf7, 0x98, 0x40,
    0x3f, 0xc9, 0x60, 0x1f, 0xfc, 0x7, 0x40, 0xf,
    0xf2, 0x80, 0x7f, 0xf7, 0xac, 0x3, 0xfc, 0x34,
    0x1, 0xff, 0xc2, 0x90, 0xf, 0xf5, 0x80, 0x7f,
    0xf7, 0x4c, 0x80, 0x3f, 0xd6, 0x20, 0x1f, 0xfc,
    0x22, 0x40, 0xf, 0xe3, 0x0, 0xff, 0xee, 0xd8,
    0x7, 0xf8, 0x94, 0x3, 0xff, 0x89, 0xa0, 0x1f,
    0xe2, 0x0, 0xff, 0xee, 0x20, 0x7, 0xfa, 0xc0,
    0x3f, 0xf8, 0xaa, 0x1, 0xfe, 0x10, 0xf, 0xfe,
    0xe1, 0x80, 0x7f, 0x9c, 0x3, 0xff, 0x8a, 0x60,
    0x1f, 0xe6, 0x0, 0xff, 0xed, 0x90, 0x7, 0xf8,
    0x44, 0x1, 0xff, 0xf8, 0x70, 0xf, 0xf2, 0x0,
    0x7f, 0xf1, 0xc4, 0x3, 0xff, 0xca, 0x60, 0x1f,
    0xe2, 0x0, 0xff, 0xe3, 0x88, 0x7, 0xf0, 0x80,
    0x7f, 0xf6, 0xc4, 0x3, 0xfd, 0xe0, 0x1f, 0xfd,
    0x16, 0x0, 0xff, 0xf3, 0x8, 0x7, 0xff, 0x18,
    0xc0, 0x3f, 0xc4, 0x1, 0xff, 0xe6, 0x10, 0xf,
    0xfe, 0x35, 0x80, 0x7f, 0x18, 0x7, 0xff, 0x70,
    0x40, 0x3f, 0xd6, 0x1, 0xff, 0xc6, 0x50, 0xf,
    0xe4, 0x0, 0xff, 0xee, 0x18, 0x7, 0xf8, 0xc4,
    0x3, 0xff, 0x88, 0xc4, 0x1, 0xfd, 0x60, 0x1f,
    0xfd, 0xc1, 0x0, 0xff, 0x90, 0x3, 0xff, 0x89,
    0x0, 0x1f, 0xc4, 0x60, 0x1f, 0xfd, 0xc6, 0x0,
    0xff, 0xbc, 0x3, 0xff, 0x87, 0x42, 0x1, 0xfd,
    0x60, 0x1f, 0xfd, 0xd2, 0x0, 0xff, 0x90, 0x3,
    0xff, 0x84, 0xea, 0x1, 0xfc, 0x2c, 0x1, 0xff,
    0xde, 0x30, 0xf, 0xf0, 0x98, 0x7, 0xff, 0x1,
    0xa0, 0x3, 0xfd, 0x60, 0x1f, 0xfd, 0xf5, 0x0,
    0xff, 0xac, 0x3, 0xfe, 0x69, 0x0, 0xff, 0x1a,
    0x80, 0x7f, 0xf7, 0xf0, 0x3, 0xfe, 0x40, 0xf,
    0xf3, 0xc8, 0x7, 0xfd, 0xc0, 0x1f, 0xfe, 0x4,
    0x0, 0xff, 0x8c, 0x40, 0x3f, 0x4c, 0x0, 0x7f,
    0xd2, 0x40, 0x1f, 0xfe, 0x1, 0x20, 0xf, 0xf9,
    0x0, 0x3c, 0x36, 0xc0, 0x1f, 0xf2, 0xb0, 0x7,
    0xff, 0x89, 0x40, 0x3f, 0xef, 0x0, 0xe3, 0xc4,
    0x0, 0xff, 0x8e, 0x80, 0x3f, 0xfc, 0x76, 0x1,
    0xff, 0x20, 0x6, 0x6c, 0x20, 0xf, 0xf8, 0x74,
    0x3, 0xff, 0xc8, 0x64, 0x1, 0xfe, 0x13, 0x1,
    0xa9, 0x0, 0xff, 0xe0, 0xe, 0x8, 0x7, 0xff,
    0x96, 0x80, 0x3f, 0xeb, 0x4f, 0x50, 0xf, 0xfe,
    0x0, 0xe9, 0x0, 0x7f, 0xf9, 0x98, 0x3, 0xfe,
    0x7b, 0x10, 0xf, 0xfe, 0x0, 0xe1, 0x80, 0x7f,
    0xf9, 0xc5, 0x0, 0x3f, 0xf9, 0x87, 0xe4, 0x1,
    0xff, 0xe9, 0xf0, 0xf, 0xfe, 0x5b, 0x60, 0x80,
    0x7f, 0xfa, 0x90, 0x80, 0x3f, 0xf9, 0x33, 0x20,
    0xf, 0xff, 0x6c, 0x0, 0x7f, 0xf1, 0xc7, 0x18,
    0x3, 0xff, 0xdc, 0xa4, 0x1, 0xff, 0xc5, 0x4f,
    0x30, 0xf, 0xff, 0x78, 0x88, 0x3, 0xff, 0x89,
    0x16, 0x20, 0x1f, 0xfd, 0x71, 0x10, 0x7, 0xff,
    0x28, 0xfc, 0xc0, 0x3f, 0xf8, 0x45, 0x8e, 0x1,
    0xff, 0xd6, 0x6c, 0xfe, 0xe7, 0xe2, 0x80, 0x7f,
    0xf1, 0x9f, 0x4, 0x3, 0xff, 0x84, 0x98, 0x60,
    0x1f, 0xfd, 0x51, 0xc9, 0x30, 0xc, 0x74, 0xe0,
    0x1f, 0xfc, 0x4b, 0x80, 0xf, 0xfe, 0x23, 0x8,
    0x7, 0xff, 0x5b, 0x4c, 0x3, 0xf4, 0x80, 0x7f,
    0xf0, 0x87, 0x50, 0x3, 0xff, 0x8a, 0x50, 0x1,
    0xff, 0xd5, 0x63, 0x0, 0xfe, 0x10, 0xf, 0xfe,
    0x9, 0xf9, 0x0, 0x7f, 0xf1, 0xdc, 0xc0, 0x3f,
    0xfa, 0x96, 0x1, 0xfe, 0x40, 0xf, 0xfe, 0x2,
    0x60, 0x80, 0x7f, 0xf2, 0x78, 0x3, 0xff, 0xa6,
    0x24, 0x1, 0xfe, 0xd0, 0xf, 0xf9, 0x2c, 0x3,
    0xff, 0x96, 0x54, 0x1, 0xff, 0xd2, 0x70, 0xf,
    0xf9, 0xc0, 0x3f, 0xc9, 0x60, 0x1f, 0xfc, 0xd5,
    0x50, 0x7, 0xff, 0x47, 0x0, 0x3f, 0xc6, 0x20,
    0x1f, 0xc9, 0x60, 0x1f, 0xfc, 0x11, 0xa0, 0xf,
    0xfe, 0x5, 0x10, 0x7, 0xff, 0x41, 0x40, 0x3f,
    0xd6, 0x1, 0xfc, 0x56, 0x1, 0xff, 0xc1, 0x2f,
    0x59, 0x0, 0xff, 0xe0, 0x78, 0x7, 0xff, 0x3d,
    0x40, 0x3f, 0xe5, 0x0, 0xfc, 0x3e, 0x1, 0xff,
    0xc1, 0x3c, 0x10, 0x64, 0x0, 0xff, 0x8a, 0x80,
    0x3f, 0xf9, 0xdc, 0x1, 0xfe, 0x32, 0x0, 0xfd,
    0xa4, 0x1, 0xff, 0xc0, 0x3c, 0x10, 0xa, 0x84,
    0x3, 0xfe, 0x57, 0x0, 0xff, 0xe6, 0xa, 0x0,
    0x7f, 0xa8, 0x3, 0xf4, 0x18, 0x7, 0xff, 0x0,
    0xf0, 0x3, 0x86, 0x80, 0x3f, 0xf8, 0x10, 0x80,
    0x1f, 0xfc, 0xb9, 0x0, 0xff, 0x98, 0x3, 0xe3,
    0x70, 0xf, 0xfe, 0x1, 0x68, 0x7, 0xc8, 0xe0,
    0x1f, 0xfc, 0xb, 0x30, 0xf, 0xfe, 0x53, 0x0,
    0x7f, 0x98, 0x3, 0xf7, 0x80, 0x7f, 0xf0, 0x7,
    0xc4, 0x3, 0xf4, 0x18, 0x7, 0xff, 0x3, 0x44,
    0x3, 0xff, 0x90, 0xc2, 0x1, 0xfe, 0xb0, 0xf,
    0x90, 0xc0, 0x3f, 0xf8, 0x14, 0x40, 0x1f, 0xed,
    0x10, 0xf, 0xf8, 0x70, 0x40, 0x3f, 0xf8, 0xf6,
    0x1, 0xfe, 0x42, 0x0, 0xfa, 0x0, 0x3f, 0xf8,
    0xe, 0x80, 0x1f, 0xf0, 0xd0, 0x7, 0xff, 0x0,
    0xb4, 0x3, 0xff, 0x8c, 0xa4, 0x1, 0xfe, 0xf0,
    0xf, 0x88, 0xc0, 0x3f, 0xe2, 0x80, 0xf, 0xfe,
    0xa, 0x40, 0x7, 0xff, 0x0, 0xec, 0x3, 0xff,
    0x8b, 0x0, 0x1f, 0xe2, 0x40, 0xf, 0xa8, 0x3,
    0xff, 0x81, 0x20, 0x1f, 0xfc, 0x37, 0x50, 0xf,
    0xfe, 0x2, 0x58, 0x7, 0xff, 0xd, 0x88, 0x3,
    0xfd, 0x0, 0x1f, 0x90, 0x3, 0xfe, 0x34, 0x0,
    0xff, 0xe2, 0x51, 0x80, 0x7f, 0xf0, 0x12, 0xc0,
    0x3f, 0xf8, 0x23, 0x0, 0x1f, 0xe2, 0x50, 0xf,
    0x84, 0xc0, 0x3f, 0xe9, 0x0, 0xff, 0xe3, 0x68,
    0x80, 0x7f, 0xf0, 0x12, 0xc0, 0x3f, 0xf8, 0x10,
    0x20, 0x1f, 0xe8, 0x0, 0xfc, 0xa0, 0x1f, 0xfc,
    0x5, 0x0, 0xff, 0xe3, 0xe, 0x0, 0x7f, 0xf0,
    0x52, 0xc0, 0x3f, 0xc6, 0xc0, 0x1f, 0xe3, 0x50,
    0xf, 0xc6, 0x1, 0xff, 0x20, 0x7, 0xff, 0x20,
    0xac, 0x3, 0xff, 0x82, 0x98, 0x1, 0xfd, 0xe0,
    0x1f, 0xf7, 0x80, 0x7f, 0x70, 0x7, 0xfc, 0x60,
    0x1f, 0xfc, 0x94, 0xa0, 0xf, 0xfe, 0x9, 0xe0,
    0x80, 0x79, 0xcc, 0x3, 0xfc, 0x86, 0x1, 0xfc,
    0x60, 0x1f, 0xf7, 0x0, 0x7f, 0xf2, 0x96, 0x0,
    0x3f, 0xf8, 0x27, 0x84, 0x1, 0x8a, 0x0, 0x3f,
    0xe9, 0x0, 0xff, 0x8, 0x7, 0xff, 0x5d, 0xdc,
    0x1, 0xff, 0xc1, 0x2c, 0x30, 0xb, 0xc0, 0x3f,
    0xe8, 0x20, 0xf, 0xff, 0x1c, 0x30, 0x7, 0xff,
    0x4, 0x71, 0x42, 0x48, 0x3, 0xfc, 0x4e, 0x1,
    0xff, 0xcb, 0x10, 0xf, 0xfe, 0x6c, 0xb0, 0x7,
    0xff, 0xa, 0xa8, 0xc0, 0x1f, 0xf7, 0x0, 0x7f,
    0xf0, 0x4, 0x3, 0xfe, 0xe0, 0xf, 0xfe, 0x74,
    0xa8, 0x7, 0xff, 0x9, 0x40, 0x3f, 0xe6, 0x30,
    0xf, 0xfe, 0x1, 0x80, 0x7f, 0xca, 0x1, 0xff,
    0xcf, 0xa5, 0x0, 0xff, 0xe6, 0x14, 0x80, 0x7f,
    0xf0, 0x78, 0x3, 0xfe, 0x30, 0xf, 0xfe, 0x85,
    0x30, 0x7, 0xff, 0x2f, 0x80, 0x3f, 0xf8, 0x44,
    0x1, 0xff, 0xc0, 0x40, 0xf, 0xfe, 0x84, 0xb0,
    0x7, 0xff, 0x25, 0xcc, 0x3, 0xff, 0x84, 0xe0,
    0x1f, 0xfc, 0xe, 0x0, 0xff, 0xe8, 0xcb, 0x80,
    0x7f, 0xf1, 0xce, 0x0, 0x3f, 0xf8, 0x64, 0x20,
    0x1f, 0xf2, 0x88, 0x7, 0xff, 0x46, 0x20, 0x1,
    0xff, 0xc6, 0xe0, 0xf, 0xfe, 0x2a, 0x0, 0x7f,
    0xf0, 0x20, 0x3, 0xff, 0xa4, 0xf4, 0x1, 0xff,
    0xc5, 0xf2, 0x0, 0xff, 0xe2, 0x78, 0x7, 0xff,
    0x1, 0x8c, 0x3, 0xff, 0xa4, 0xb2, 0x1, 0xff,
    0xc4, 0x2d, 0x70, 0xf, 0xfe, 0x1a, 0x80, 0x7f,
    0xf0, 0x78, 0x3, 0xff, 0xa4, 0x90, 0x1, 0xff,
    0xc6, 0x8c, 0x20, 0xf, 0xfe, 0x13, 0x0, 0x7f,
    0xf0, 0xb, 0x0, 0x3f, 0xfa, 0xf, 0x62, 0x1,
    0xff, 0xc7, 0x3d, 0x80, 0xf, 0xfe, 0xd, 0x80,
    0x7f, 0xf0, 0x4f, 0x4, 0x3, 0xff, 0x98, 0x59,
    0x0, 0x1f, 0xfc, 0xb7, 0xe5, 0x0, 0xff, 0x89,
    0x80, 0x3f, 0xf8, 0x27, 0xe8, 0x1, 0xff, 0xca,
    0x8d, 0x30, 0xf, 0xfe, 0x68, 0xd6, 0x20, 0x7,
    0xfa, 0x4, 0x3, 0xff, 0x82, 0x37, 0x44, 0x1,
    0xff, 0xc6, 0x7e, 0x70, 0xf, 0xfe, 0x89, 0xde,
    0x28, 0x7, 0xe1, 0xb0, 0xf, 0xfe, 0x1a, 0xed,
    0xa8, 0x7, 0xff, 0x4, 0xe7, 0xa0, 0x40, 0x3f,
    0xfa, 0x87, 0x5f, 0x44, 0x1, 0xe5, 0x60, 0xf,
    0xfe, 0x22, 0x57, 0xe4, 0xb2, 0x19, 0x10, 0xd5,
    0xeb, 0xb1, 0x84, 0x3, 0xff, 0x86, 0xd2, 0x1,
    0xff, 0xc8, 0x5d, 0x40, 0xf, 0x4a, 0x0, 0x7f,
    0xf1, 0x8d, 0xa6, 0xf3, 0x75, 0x95, 0xa, 0x20,
    0x1f, 0xfc, 0x45, 0xd9, 0x6d, 0x30, 0xf, 0xfe,
    0x44, 0x80, 0x7d, 0x66, 0x1, 0xff, 0xdf, 0x4d,
    0xa2, 0x0, 0x16, 0x40, 0x7, 0xff, 0x1c, 0x80,
    0x3f, 0x62, 0x0, 0x7f, 0xf7, 0x13, 0x2c, 0x80,
    0x3c, 0xfa, 0x60, 0x1f, 0xfc, 0x61, 0x0, 0xfd,
    0x6a, 0x1, 0xff, 0xd9, 0x4c, 0xb3, 0x0, 0xfe,
    0x2c, 0x91, 0x0, 0xff, 0xe2, 0x8, 0x7, 0xf5,
    0x48, 0x7, 0xff, 0x59, 0x76, 0xcc, 0x3, 0xff,
    0x82, 0xde, 0xc0, 0x1f, 0xfc, 0x24, 0x0, 0xff,
    0x9b, 0x50, 0x3, 0xff, 0xa4, 0xdb, 0x44, 0x1,
    0xff, 0xc4, 0x19, 0xd4, 0x0, 0xff, 0xe0, 0x68,
    0x7, 0xff, 0x0, 0xae, 0x88, 0x3, 0xff, 0x9a,
    0x31, 0xd2, 0x40, 0x1f, 0xfc, 0x82, 0xbc, 0x40,
    0xf, 0xe1, 0x60, 0xf, 0xfe, 0x12, 0xed, 0xa0,
    0x7, 0xff, 0x25, 0x2b, 0x9c, 0x40, 0x3f, 0xf9,
    0x87, 0x7a, 0xc0, 0x1f, 0x50, 0x7, 0xff, 0x15,
    0x2f, 0xa0, 0xc0, 0x3f, 0xf8, 0x67, 0x1d, 0x6a,
    0x1, 0xff, 0xd1, 0x29, 0xfa, 0x62, 0x2, 0xb4,
    0x0, 0xff, 0xe3, 0x8b, 0xe7, 0xe4, 0xb2, 0x10,
    0x80, 0x62, 0x59, 0xdc, 0x71, 0x0, 0xff, 0xeb,
    0x2c, 0xef, 0xea, 0x0, 0x40,

    /* U+0027 "'" */
    0x0, 0xc8, 0xf1, 0x7, 0x40, 0xe, 0x7e, 0xb8,
    0x77, 0x45, 0xe9, 0x0, 0x22, 0x2, 0x1, 0xe2,
    0xc1, 0x27, 0x0, 0xfe, 0x16, 0x50, 0xf, 0xfb,
    0x38, 0x3, 0xfe, 0x60, 0xf, 0xfe, 0x8, 0x80,
    0x7f, 0xc3, 0xe0, 0x1f, 0xf3, 0x90, 0x7, 0xfc,
    0x22, 0x0, 0xff, 0x89, 0xc0, 0x3f, 0xef, 0x10,
    0xf, 0xf8, 0x4c, 0x3, 0xfe, 0x31, 0x0, 0xff,
    0x84, 0x4, 0x3, 0xfc, 0xe0, 0x60, 0x1f, 0xe1,
    0x1, 0x0, 0xff, 0x18, 0x38, 0x7, 0xf8, 0x40,
    0x80, 0x3f, 0x84, 0x0, 0x20, 0x1f, 0xc6, 0x0,
    0xf0, 0xf, 0xe1, 0x0, 0x8, 0x7, 0xf3, 0x80,
    0xc, 0x3, 0xf8, 0x40, 0xc, 0x1, 0xfc, 0x60,
    0x1, 0x0, 0xfe, 0xe0, 0x1, 0x80, 0x7f, 0x8,
    0x0, 0x40, 0x3f, 0x8c, 0x3, 0xff, 0x80, 0x20,
    0x11, 0x0, 0x7e, 0x70, 0x8, 0x40, 0x3f, 0x8,
    0x4, 0xe0, 0x1f, 0x88, 0x2, 0x10, 0xf, 0xfe,
    0x1, 0x80, 0x7c, 0x40, 0x1b, 0x80, 0x3e, 0x50,
    0xc, 0x20, 0x1f, 0x48, 0x6, 0x30, 0xf, 0x50,
    0x80, 0x66, 0x0, 0x89, 0xb5, 0x40, 0x20,

    /* U+0028 "(" */
    0x0, 0xff, 0xe3, 0x93, 0x39, 0x80, 0x7f, 0xf2,
    0x63, 0x66, 0x33, 0x50, 0x3, 0xff, 0x8d, 0xe,
    0x1, 0x8a, 0xd0, 0x3, 0xff, 0x88, 0x8e, 0x1,
    0xf7, 0x80, 0x7f, 0xf1, 0x24, 0x3, 0xf3, 0x0,
    0x7f, 0xf0, 0xdc, 0x80, 0x3f, 0x38, 0x7, 0xff,
    0x8, 0x60, 0x3, 0xfb, 0xc0, 0x3f, 0xf8, 0x50,
    0x1, 0xfc, 0x4a, 0x1, 0xff, 0xc1, 0x26, 0x0,
    0xfe, 0x90, 0xf, 0xfe, 0x14, 0x0, 0x7f, 0x22,
    0x0, 0x3f, 0xf8, 0x24, 0xa0, 0x1f, 0xd2, 0x1,
    0xff, 0xc2, 0x80, 0xf, 0xe6, 0x20, 0xf, 0xfe,
    0x9, 0x28, 0x7, 0xf4, 0x0, 0x7f, 0xf0, 0xa0,
    0x3, 0xf9, 0xc4, 0x3, 0xff, 0x82, 0x4a, 0x1,
    0xfd, 0x20, 0x1f, 0xfc, 0x2b, 0x0, 0xfe, 0x61,
    0x0, 0xff, 0xe0, 0x8b, 0x0, 0x7f, 0x58, 0x7,
    0xff, 0x9, 0x80, 0x3f, 0x90, 0x80, 0x3f, 0xf8,
    0x54, 0x1, 0xfd, 0xe0, 0x1f, 0xfc, 0x24, 0x20,
    0xf, 0xc4, 0x80, 0x1f, 0xfc, 0x2e, 0x0, 0xfe,
    0xa0, 0xf, 0xfe, 0x10, 0xa8, 0x7, 0xf3, 0x0,
    0x7f, 0xf0, 0x9c, 0x3, 0xf9, 0x4, 0x3, 0xff,
    0x85, 0x40, 0x1f, 0xdc, 0x1, 0xff, 0xc2, 0x23,
    0x0, 0xfe, 0x50, 0xf, 0xfe, 0x12, 0x80, 0x7f,
    0x30, 0x7, 0xff, 0xe, 0x80, 0x3f, 0xb4, 0x3,
    0xff, 0x84, 0x44, 0x0, 0xfe, 0x40, 0xf, 0xfe,
    0x12, 0x80, 0x7f, 0x20, 0x7, 0xff, 0xe, 0xc0,
    0x3f, 0xb4, 0x3, 0xff, 0x86, 0x60, 0x1f, 0xc8,
    0x1, 0xff, 0xc2, 0x50, 0xf, 0xe2, 0x20, 0x7,
    0xff, 0xb, 0x0, 0x3f, 0x90, 0x3, 0xff, 0x86,
    0x80, 0x1f, 0xd8, 0x1, 0xff, 0xc2, 0x12, 0x0,
    0xfe, 0x70, 0xf, 0xfe, 0x12, 0x0, 0x7f, 0x9,
    0x0, 0x7f, 0xf0, 0xb0, 0x3, 0xf9, 0x40, 0x3f,
    0xf8, 0x6a, 0x1, 0xfd, 0x80, 0x1f, 0xfc, 0x33,
    0x0, 0xfe, 0x30, 0xf, 0xfe, 0x11, 0x80, 0x7f,
    0x94, 0x3, 0xff, 0x84, 0xa0, 0x1f, 0xc2, 0x20,
    0xf, 0xfe, 0x17, 0x80, 0x7f, 0x28, 0x7, 0xff,
    0xd, 0x40, 0x3f, 0x88, 0x3, 0xff, 0x86, 0x60,
    0x1f, 0xdc, 0x1, 0xff, 0xc2, 0x10, 0xf, 0xf1,
    0x80, 0x7f, 0xf0, 0x88, 0x3, 0xfc, 0xc0, 0x1f,
    0xfc, 0x25, 0x0, 0xff, 0x10, 0x7, 0xff, 0xb,
    0x80, 0x3f, 0x88, 0x3, 0xff, 0x86, 0x40, 0x1f,
    0xcc, 0x1, 0xff, 0xc3, 0x60, 0xf, 0xe1, 0x0,
    0xff, 0xe1, 0x90, 0x7, 0xf1, 0x80, 0x7f, 0xf0,
    0xc4, 0x3, 0xfb, 0x80, 0x3f, 0xf8, 0x42, 0x1,
    0xfe, 0x10, 0xf, 0xfe, 0x11, 0x80, 0x7f, 0x8c,
    0x3, 0xff, 0x84, 0x20, 0x1f, 0xe6, 0x0, 0xff,
    0xe1, 0x30, 0x7, 0xf8, 0x40, 0x3f, 0xf8, 0x46,
    0x1, 0xfe, 0x30, 0xf, 0xfe, 0xe0, 0x80, 0x7f,
    0x84, 0x3, 0xff, 0x85, 0xe0, 0x1f, 0xfe, 0x71,
    0x0, 0xff, 0xeb, 0x88, 0x7, 0xff, 0xfc, 0x3,
    0xff, 0xd4, 0x20, 0x1f, 0xfd, 0xd1, 0x0, 0xff,
    0xe6, 0xf8, 0x7, 0xff, 0x9c, 0x40, 0x3f, 0xc2,
    0x1, 0xff, 0xc2, 0x30, 0xf, 0xfe, 0x68, 0x80,
    0x7f, 0x8c, 0x3, 0xff, 0x84, 0xe0, 0x1f, 0xe6,
    0x0, 0xff, 0xe1, 0x10, 0x7, 0xf8, 0x40, 0x3f,
    0xf8, 0x42, 0x1, 0xfe, 0x30, 0xf, 0xfe, 0x18,
    0x80, 0x7f, 0x70, 0x7, 0xff, 0xc, 0xc0, 0x3f,
    0x84, 0x3, 0xff, 0x86, 0xc0, 0x1f, 0xc6, 0x1,
    0xff, 0xc3, 0x20, 0xf, 0xe6, 0x0, 0xff, 0xe1,
    0xf0, 0x7, 0xf1, 0x0, 0x7f, 0xf0, 0xc8, 0x3,
    0xf8, 0x40, 0x3f, 0xf8, 0x6e, 0x1, 0xfe, 0x30,
    0xf, 0xfe, 0x11, 0x0, 0x7f, 0x98, 0x3, 0xff,
    0x86, 0x40, 0x1f, 0xc4, 0x1, 0xff, 0xc3, 0x70,
    0xf, 0xee, 0x0, 0xff, 0xe1, 0x90, 0x7, 0xf2,
    0x80, 0x7f, 0xf0, 0xf4, 0x3, 0xf8, 0x80, 0x3f,
    0xf8, 0x68, 0x1, 0xfc, 0x24, 0x1, 0xff, 0xc2,
    0x11, 0x0, 0x7f, 0x38, 0x7, 0xff, 0xd, 0x40,
    0x3f, 0xb4, 0x3, 0xff, 0x87, 0x80, 0x1f, 0xc8,
    0x1, 0xff, 0xc3, 0x40, 0xf, 0xe3, 0x0, 0xff,
    0xe1, 0x98, 0x7, 0xf8, 0xc0, 0x3f, 0xf8, 0x68,
    0x1, 0xfc, 0xa0, 0x1f, 0xfc, 0x3c, 0x0, 0xfe,
    0xc0, 0xf, 0xfe, 0x1a, 0x0, 0x7f, 0x28, 0x7,
    0xff, 0xc, 0xc4, 0x3, 0xf8, 0xc0, 0x3f, 0xf8,
    0x6e, 0x1, 0xfd, 0x60, 0x1f, 0xfc, 0x3c, 0x0,
    0xfe, 0x40, 0xf, 0xfe, 0x1a, 0x80, 0x7f, 0x18,
    0x80, 0x7f, 0xf0, 0xd4, 0x3, 0xf9, 0xc0, 0x3f,
    0xf8, 0x7e, 0x1, 0xfd, 0xa0, 0x1f, 0xfc, 0x35,
    0x0, 0xfe, 0x41, 0x0, 0xff, 0xe1, 0xb0, 0x7,
    0xf3, 0x0, 0x7f, 0xf0, 0xf4, 0x3, 0xfa, 0x80,
    0x3f, 0xf8, 0x68, 0x20, 0x1f, 0x88, 0xc0, 0x3f,
    0xf8, 0x72, 0x1, 0xfd, 0x40, 0x1f, 0xfc, 0x36,
    0x0, 0xfe, 0x70, 0xf, 0xfe, 0x18, 0xa8, 0x7,
    0xe1, 0x60, 0xf, 0xfe, 0x1f, 0x0, 0x7f, 0x58,
    0x7, 0xff, 0xd, 0xc, 0x3, 0xf1, 0x28, 0x7,
    0xff, 0xe, 0x40, 0x3f, 0xa4, 0x3, 0xff, 0x86,
    0xa2, 0x1, 0xf8, 0xd0, 0x3, 0xff, 0x87, 0x0,
    0x1f, 0xde, 0x1, 0xff, 0xc3, 0x61, 0x0, 0xfc,
    0x88, 0x0, 0xff, 0xe1, 0xc8, 0x7, 0xf4, 0x80,
    0x7f, 0xf0, 0xdc, 0x40, 0x3f, 0x13, 0x0, 0x7f,
    0xf0, 0xe0, 0x3, 0xfa, 0x4, 0x3, 0xff, 0x84,
    0xc4, 0x1, 0xf8, 0x64, 0x3, 0xff, 0x87, 0x0,
    0x1f, 0xce, 0x40, 0x1f, 0xfc, 0x25, 0x40, 0xf,
    0xea, 0x0, 0xff, 0xe1, 0xc8, 0x7, 0xf2, 0x0,
    0x7f, 0xf0, 0xc9, 0x80, 0x3f, 0x8, 0x7, 0xff,
    0x12, 0x48, 0x3, 0xe5, 0x0, 0xff, 0xe2, 0xf0,
    0x80, 0x72, 0x40, 0x7, 0xff, 0x14, 0xf1, 0x44,
    0x12, 0xac, 0x0,

    /* U+0029 ")" */
    0x0, 0x89, 0x98, 0x60, 0x1f, 0xfc, 0x81, 0xad,
    0x99, 0x64, 0x80, 0x7f, 0xf1, 0xf1, 0x40, 0x33,
    0x48, 0x7, 0xff, 0x15, 0xc8, 0x3, 0xcc, 0x80,
    0x1f, 0xfc, 0x4e, 0x0, 0xfd, 0x40, 0x1f, 0xfc,
    0x4e, 0x0, 0xfc, 0x30, 0x1, 0xff, 0xc3, 0x50,
    0xf, 0xe7, 0x20, 0xf, 0xfe, 0x11, 0x28, 0x7,
    0xf4, 0x80, 0x7f, 0xf0, 0xe0, 0x3, 0xf9, 0xc,
    0x3, 0xff, 0x84, 0x4e, 0x1, 0xfd, 0xe0, 0x1f,
    0xfc, 0x39, 0x10, 0xf, 0xc6, 0xa0, 0x1f, 0xfc,
    0x21, 0x90, 0xf, 0xe8, 0x0, 0xff, 0xe1, 0xb9,
    0x0, 0x7e, 0x25, 0x0, 0xff, 0xe1, 0xc0, 0x7,
    0xf4, 0x0, 0x7f, 0xf0, 0xd4, 0x40, 0x3f, 0x12,
    0x80, 0x7f, 0xf0, 0xe0, 0x3, 0xfa, 0x40, 0x3f,
    0xf8, 0x6c, 0x20, 0x1f, 0x8c, 0xc0, 0x1f, 0xfc,
    0x36, 0x0, 0xfe, 0x80, 0xf, 0xfe, 0x1c, 0x80,
    0x7f, 0x20, 0x80, 0x7f, 0xf0, 0x85, 0x80, 0x3f,
    0xa4, 0x3, 0xff, 0x87, 0x40, 0x1f, 0xcc, 0x1,
    0xff, 0xc3, 0x32, 0x0, 0xfc, 0x2a, 0x1, 0xff,
    0xc3, 0xa0, 0xf, 0xee, 0x0, 0xff, 0xe1, 0xa8,
    0x7, 0xf2, 0x8, 0x7, 0xff, 0x8, 0x8c, 0x3,
    0xf9, 0x80, 0x3f, 0xf8, 0x74, 0x1, 0xfd, 0x60,
    0x1f, 0xfc, 0x36, 0x0, 0xfe, 0x31, 0x0, 0xff,
    0xe1, 0x98, 0x7, 0xf3, 0x0, 0x7f, 0xf0, 0xec,
    0x3, 0xfa, 0xc0, 0x3f, 0xf8, 0x6a, 0x1, 0xfc,
    0x62, 0x1, 0xff, 0xc2, 0x21, 0x0, 0xfe, 0x40,
    0xf, 0xfe, 0x1b, 0x80, 0x7f, 0x78, 0x7, 0xff,
    0xf, 0x0, 0x3f, 0x90, 0x3, 0xff, 0x86, 0xa0,
    0x1f, 0xc2, 0x40, 0x1f, 0xfc, 0x32, 0x0, 0xfe,
    0x40, 0xf, 0xfe, 0x1a, 0x0, 0x7f, 0x68, 0x7,
    0xff, 0xf, 0xc0, 0x3f, 0x94, 0x3, 0xff, 0x86,
    0xa0, 0x1f, 0xc2, 0x40, 0x1f, 0xfc, 0x23, 0x0,
    0xff, 0x38, 0x7, 0xff, 0xc, 0xc0, 0x3f, 0xb0,
    0x3, 0xff, 0x86, 0xa0, 0x1f, 0xca, 0x1, 0xff,
    0xc3, 0xf0, 0xf, 0xe3, 0x0, 0xff, 0xe1, 0x90,
    0x7, 0xf8, 0x80, 0x3f, 0xf8, 0x4a, 0x1, 0xfe,
    0x60, 0xf, 0xfe, 0x10, 0x80, 0x7f, 0x8c, 0x3,
    0xff, 0x86, 0x40, 0x1f, 0xdc, 0x1, 0xff, 0xc3,
    0x70, 0xf, 0xe5, 0x0, 0xff, 0xe1, 0x90, 0x7,
    0xf1, 0x0, 0x7f, 0xf0, 0xf8, 0x3, 0xf8, 0x40,
    0x3f, 0xf8, 0x64, 0x1, 0xfe, 0x20, 0xf, 0xfe,
    0x13, 0x80, 0x7f, 0x84, 0x3, 0xff, 0x84, 0x20,
    0x1f, 0xe6, 0x0, 0xff, 0xe1, 0x10, 0x7, 0xf8,
    0x80, 0x3f, 0xf9, 0xbe, 0x1, 0xff, 0xc3, 0x10,
    0xf, 0xe1, 0x0, 0xff, 0xe1, 0x90, 0x7, 0xf1,
    0x80, 0x7f, 0xf0, 0xdc, 0x3, 0xf9, 0x80, 0x3f,
    0xfb, 0xa2, 0x1, 0xfc, 0x20, 0x1f, 0xfc, 0xd3,
    0x0, 0xff, 0xe1, 0x98, 0x7, 0xff, 0x5c, 0x40,
    0x3f, 0xfb, 0xa2, 0x1, 0xff, 0xff, 0x0, 0xff,
    0xe8, 0x8, 0x7, 0xff, 0x9c, 0xc0, 0x3f, 0x84,
    0x3, 0xff, 0x9a, 0x60, 0x1f, 0xfd, 0xd1, 0x0,
    0xfe, 0x10, 0xf, 0xfe, 0x6b, 0x80, 0x7f, 0xf0,
    0xd8, 0x3, 0xf8, 0x40, 0x3f, 0xf8, 0x66, 0x1,
    0xfc, 0x40, 0x1f, 0xfc, 0x31, 0x0, 0xfe, 0xf0,
    0xf, 0xfe, 0x10, 0x80, 0x7f, 0x84, 0x3, 0xff,
    0x84, 0x60, 0x1f, 0xe2, 0x0, 0xff, 0xe1, 0x8,
    0x7, 0xf9, 0x80, 0x3f, 0xf8, 0x4c, 0x1, 0xfe,
    0x30, 0xf, 0xfe, 0x11, 0x80, 0x7f, 0x84, 0x3,
    0xff, 0x85, 0xe0, 0x1f, 0xc4, 0x1, 0xff, 0xc3,
    0x20, 0xf, 0xe7, 0x0, 0xff, 0xe1, 0xb0, 0x7,
    0xf1, 0x0, 0x7f, 0xf0, 0xc8, 0x3, 0xfb, 0x80,
    0x3f, 0xf8, 0x44, 0x1, 0xfe, 0x50, 0xf, 0xfe,
    0x13, 0x0, 0x7f, 0x8c, 0x3, 0xff, 0x84, 0x60,
    0x1f, 0xc4, 0x1, 0xff, 0xc3, 0xe0, 0xf, 0xe7,
    0x0, 0xff, 0xe1, 0xa0, 0x7, 0xf6, 0x80, 0x7f,
    0xf0, 0xc8, 0x3, 0xf9, 0x0, 0x3f, 0xf8, 0x48,
    0x1, 0xfe, 0x30, 0xf, 0xfe, 0x11, 0x80, 0x7f,
    0x18, 0x7, 0xff, 0xf, 0x40, 0x3f, 0x90, 0x3,
    0xff, 0x86, 0x80, 0x1f, 0xd8, 0x1, 0xff, 0xc2,
    0x11, 0x0, 0x7f, 0x20, 0x7, 0xff, 0x9, 0xc0,
    0x3f, 0x8c, 0x3, 0xff, 0x87, 0xa0, 0x1f, 0xd6,
    0x1, 0xff, 0xc3, 0x40, 0xf, 0xe4, 0x0, 0xff,
    0xe1, 0x20, 0x7, 0xf0, 0x98, 0x7, 0xff, 0xb,
    0x0, 0x3f, 0x9c, 0x3, 0xff, 0x86, 0xa0, 0x1f,
    0xda, 0x1, 0xff, 0xc2, 0x22, 0x0, 0x7e, 0x14,
    0x0, 0xff, 0xe1, 0x50, 0x7, 0xf3, 0x80, 0x7f,
    0xf0, 0xd4, 0x3, 0xfb, 0x40, 0x3f, 0xf8, 0x48,
    0x40, 0x1f, 0x85, 0x0, 0x3f, 0xf8, 0x5a, 0x1,
    0xfc, 0xc0, 0x1f, 0xfc, 0x36, 0x0, 0xfe, 0xa0,
    0xf, 0xfe, 0x12, 0x80, 0x7f, 0x21, 0x0, 0x7f,
    0xf0, 0xa4, 0x3, 0xfb, 0x80, 0x3f, 0xf8, 0x46,
    0x60, 0xf, 0xc2, 0xa0, 0x1f, 0xfc, 0x28, 0x0,
    0xfe, 0x90, 0xf, 0xfe, 0x11, 0x20, 0x7, 0xf3,
    0x0, 0x7f, 0xf0, 0xac, 0x3, 0xf9, 0x84, 0x3,
    0xff, 0x82, 0x2c, 0x1, 0xfd, 0x60, 0x1f, 0xfc,
    0x28, 0x0, 0xfe, 0x52, 0x0, 0xff, 0xe0, 0x93,
    0x0, 0x7f, 0x40, 0x7, 0xff, 0xa, 0x0, 0x3f,
    0x94, 0x80, 0x3f, 0xf8, 0x28, 0xa0, 0x1f, 0xd0,
    0x1, 0xff, 0xc2, 0x80, 0xf, 0xe6, 0x20, 0xf,
    0xfe, 0xb, 0x18, 0x7, 0xf4, 0x0, 0x7f, 0xf0,
    0xa0, 0x3, 0xfa, 0x4, 0x3, 0xff, 0x82, 0x82,
    0x1, 0xf8, 0x9c, 0x3, 0xff, 0x85, 0x80, 0x1f,
    0xd2, 0x1, 0xff, 0xc3, 0x10, 0xf, 0xc8, 0x80,
    0xf, 0xfe, 0x1d, 0x0, 0x7e, 0x90, 0xf, 0xfe,
    0x21, 0xc8, 0x7, 0xa8, 0x80, 0x3f, 0xf8, 0xad,
    0xac, 0x20, 0x76, 0xa0, 0x1f, 0xfc, 0x50,

    /* U+002A "*" */
    0x0, 0xff, 0xe4, 0x36, 0x77, 0xfa, 0x40, 0x3f,
    0xfb, 0x17, 0x26, 0x20, 0x2, 0x0, 0xff, 0xeb,
    0xba, 0x0, 0x73, 0x80, 0x7f, 0xf5, 0xe4, 0x3,
    0xc4, 0x1, 0xff, 0xd6, 0x31, 0x0, 0xf0, 0x80,
    0x7f, 0xf5, 0x98, 0x3, 0xf0, 0x80, 0x7f, 0xf5,
    0x48, 0x3, 0xf1, 0x80, 0x7f, 0xf5, 0x78, 0x3,
    0xf0, 0x80, 0x7f, 0xf5, 0x4c, 0x3, 0xf3, 0x0,
    0x7f, 0xf5, 0x58, 0x3, 0xf1, 0x80, 0x7f, 0xf5,
    0x44, 0x3, 0xf7, 0x0, 0x7f, 0xf5, 0x48, 0x3,
    0xf0, 0x80, 0x7f, 0xf1, 0xc9, 0x54, 0x82, 0x1,
    0xff, 0xc6, 0x30, 0xf, 0xe2, 0x56, 0x40, 0xe,
    0x9d, 0xaa, 0x5f, 0x64, 0x18, 0x7, 0x10, 0x7,
    0xf3, 0x0, 0x71, 0x35, 0x76, 0xd4, 0xdf, 0x20,
    0x2, 0x18, 0x3, 0x8d, 0xf3, 0xe9, 0x88, 0x28,
    0x3, 0xf8, 0xd8, 0x96, 0xbb, 0x65, 0x44, 0x3,
    0xd, 0x88, 0x38, 0x7, 0xf9, 0x67, 0x7d, 0xc0,
    0x3f, 0xd3, 0xb4, 0xa2, 0x1, 0xfe, 0x63, 0x0,
    0xff, 0xee, 0xe8, 0x80, 0x7f, 0xf7, 0x88, 0xc0,
    0x3f, 0xfb, 0x9e, 0x1c, 0x40, 0x1f, 0xfd, 0xa7,
    0x50, 0x2d, 0x81, 0x0, 0xff, 0xeb, 0x25, 0xc0,
    0x6, 0x7e, 0xa4, 0x0, 0xff, 0xe8, 0x8b, 0x6d,
    0xa0, 0x7, 0xcb, 0x7a, 0xe2, 0x1, 0xff, 0xcc,
    0x3a, 0xe9, 0x20, 0xf, 0xf8, 0xa3, 0xa8, 0xc0,
    0x3f, 0xf9, 0xd, 0xb8, 0xa0, 0x1f, 0xfc, 0x55,
    0xc9, 0x0, 0xff, 0xe2, 0x9f, 0xc9, 0x0, 0x7f,
    0xf2, 0x58, 0x3, 0xff, 0x8a, 0xa0, 0x1f, 0xfc,
    0xc8, 0x0, 0xff, 0xe2, 0xb1, 0x0, 0x7f, 0xf2,
    0x89, 0xc0, 0x3f, 0xf8, 0xd2, 0x1, 0xff, 0xca,
    0x90, 0xf, 0xfe, 0x3a, 0x30, 0x7, 0xff, 0x21,
    0x90, 0x3, 0xff, 0x91, 0x2, 0x1, 0xff, 0xc6,
    0x18, 0x0, 0xff, 0xe4, 0x8d, 0x80, 0x7f, 0xf1,
    0xac, 0x40, 0x3f, 0x93, 0xb0, 0x3, 0xfc, 0xa8,
    0x1, 0xff, 0xc4, 0x45, 0x0, 0xfe, 0x2b, 0x13,
    0xb0, 0xf, 0xf4, 0x80, 0x7f, 0xf1, 0x24, 0x3,
    0xf8, 0x7c, 0x2, 0x48, 0x0, 0xfe, 0x28, 0x0,
    0xff, 0xe1, 0x29, 0x0, 0x7f, 0x69, 0x0, 0x67,
    0x60, 0xf, 0xe7, 0x0, 0xff, 0xe1, 0x70, 0x7,
    0xf4, 0x98, 0x7, 0xa4, 0xc0, 0x3f, 0x94, 0x3,
    0xff, 0x82, 0xa0, 0x1f, 0x99, 0x80, 0x1f, 0xb4,
    0x40, 0x3f, 0x68, 0x7, 0xff, 0x4, 0x40, 0x3e,
    0x49, 0x0, 0xfe, 0x1c, 0x0, 0xfc, 0x20, 0x1f,
    0xfc, 0x15, 0x0, 0xf1, 0x50, 0x7, 0xfc, 0x54,
    0x1, 0xf6, 0x80, 0x7f, 0xf0, 0x6c, 0x80, 0x30,
    0xf8, 0x80, 0x7f, 0xf0, 0x16, 0x40, 0x39, 0xd0,
    0x3, 0xff, 0x82, 0x38, 0xc2, 0xb, 0xe4, 0x1,
    0xff, 0xc2, 0x6b, 0x30, 0x3a, 0x80, 0xf, 0x80,

    /* U+002B "+" */
    0x0, 0xff, 0xe8, 0xb4, 0x4c, 0x28, 0x7, 0xff,
    0xb0, 0xfa, 0x5d, 0x9e, 0xb8, 0xc0, 0x3f, 0xfd,
    0x5a, 0x20, 0x1c, 0x3a, 0x20, 0x1f, 0xfe, 0x85,
    0x10, 0xf, 0x85, 0xc0, 0x3f, 0xfd, 0x4, 0x1,
    0xfd, 0xe0, 0x1f, 0xfe, 0x8f, 0x0, 0xff, 0xfe,
    0x18, 0x7, 0xff, 0xfc, 0x3, 0xff, 0xfe, 0x1,
    0xff, 0xff, 0x0, 0xff, 0xff, 0x80, 0x7f, 0xff,
    0xc0, 0x3f, 0xff, 0xe0, 0x1f, 0xff, 0xf0, 0xf,
    0xff, 0xf8, 0x7, 0xff, 0xfc, 0x3, 0xff, 0xfe,
    0x1, 0xff, 0xff, 0x0, 0xff, 0xff, 0x80, 0x7f,
    0xff, 0xc0, 0x3f, 0xff, 0xe0, 0x1f, 0xff, 0xf0,
    0xf, 0xff, 0xf8, 0x7, 0xff, 0xfc, 0x3, 0xff,
    0xfe, 0x0, 0x47, 0x88, 0xff, 0xe4, 0xa0, 0x7,
    0xf3, 0xc4, 0x7f, 0xf2, 0x5d, 0x40, 0x31, 0x6d,
    0xc3, 0xbf, 0xff, 0x24, 0xc0, 0x3f, 0x89, 0xdf,
    0xff, 0x93, 0x15, 0xc6, 0x0, 0xf2, 0x0, 0xff,
    0xf6, 0x8e, 0x8a, 0x10, 0x7, 0xff, 0xbc, 0x5c,
    0xc0, 0x3f, 0xfe, 0x3e, 0x1, 0xff, 0xf3, 0x10,
    0xf, 0xff, 0x8f, 0x20, 0x7, 0xff, 0xc5, 0x9,
    0xc0, 0x3f, 0xfd, 0xec, 0x61, 0x12, 0x60, 0x1f,
    0xfe, 0xb3, 0x99, 0x0, 0x4d, 0x9f, 0xff, 0xfc,
    0xa7, 0x0, 0xfe, 0x5f, 0xff, 0xfe, 0x56, 0x30,
    0x7, 0xff, 0xfc, 0x3, 0xff, 0xfe, 0x1, 0xff,
    0xff, 0x0, 0xff, 0xff, 0x80, 0x7f, 0xff, 0xc0,
    0x3f, 0xff, 0xe0, 0x1f, 0xff, 0xf0, 0xf, 0xff,
    0xf8, 0x7, 0xff, 0xfc, 0x3, 0xff, 0xfe, 0x1,
    0xff, 0xff, 0x0, 0xff, 0xff, 0x80, 0x7f, 0xff,
    0xc0, 0x3f, 0xff, 0xe0, 0x1f, 0xff, 0xf0, 0xf,
    0xff, 0xf8, 0x7, 0xff, 0xfc, 0x3, 0xff, 0xfe,
    0x1, 0xff, 0xf4, 0xf0, 0xf, 0xe3, 0x0, 0xff,
    0xf4, 0x8, 0x7, 0xf0, 0x80, 0x7f, 0xfa, 0x10,
    0x3, 0xfa, 0xc0, 0x3f, 0xfd, 0x4, 0xe0, 0x1f,
    0x39, 0x80, 0x7f, 0xfa, 0x62, 0x8c, 0x40, 0x52,
    0xa0, 0x3, 0xff, 0x9e,

    /* U+002C "," */
    0x0, 0xff, 0x9, 0x8, 0x7, 0xff, 0x11, 0x6b,
    0xb9, 0xbd, 0xf6, 0xa0, 0x1f, 0xf1, 0x6d, 0x28,
    0x80, 0x64, 0xab, 0x10, 0xf, 0xc9, 0xa4, 0x1,
    0xfc, 0x98, 0x1, 0xf1, 0x58, 0x7, 0xff, 0x0,
    0xa8, 0x3, 0xd2, 0x1, 0xff, 0xc2, 0x54, 0x0,
    0xc6, 0x80, 0x1f, 0xfc, 0x39, 0x0, 0xc8, 0x1,
    0xff, 0xc4, 0x24, 0x0, 0xb4, 0x3, 0xff, 0x8b,
    0xc0, 0x10, 0x80, 0x7f, 0xf1, 0x50, 0x2, 0x10,
    0xf, 0xfe, 0x28, 0x90, 0x0, 0xc0, 0x3f, 0xf8,
    0xcc, 0x0, 0xd0, 0xf, 0xfe, 0x31, 0x80, 0x10,
    0x40, 0x3f, 0xf8, 0xbe, 0x1, 0x58, 0x7, 0xff,
    0x25, 0x60, 0x3, 0xff, 0x88, 0x20, 0x19, 0xec,
    0x40, 0x3f, 0xf9, 0x9, 0xd4, 0xa4, 0x1, 0xff,
    0xc7, 0x5a, 0xdf, 0xd0, 0xf, 0xe1, 0x0, 0xff,
    0x90, 0x3, 0xfb, 0x80, 0x3f, 0xea, 0x0, 0xfe,
    0x20, 0xf, 0xf0, 0x98, 0x7, 0xf2, 0x80, 0x7f,
    0x9c, 0x3, 0xf8, 0x84, 0x3, 0xfd, 0x40, 0x1f,
    0xca, 0x1, 0xfe, 0x13, 0x0, 0xfe, 0xb0, 0xf,
    0xf3, 0x0, 0x7f, 0x11, 0x80, 0x7f, 0xac, 0x3,
    0xfa, 0xc0, 0x3f, 0xc4, 0x60, 0x1f, 0x85, 0x80,
    0x3f, 0xde, 0x1, 0xfd, 0x60, 0x1f, 0xea, 0x20,
    0xf, 0xc6, 0xa0, 0x1f, 0xd2, 0xa0, 0x1f, 0xdc,
    0x1, 0xfd, 0x4c, 0x1, 0xfd, 0x4, 0x1, 0xf3,
    0xf2, 0x80, 0x7f, 0x23, 0x80, 0x78, 0x72, 0x4,
    0x3, 0xf8, 0x68, 0x3, 0xec, 0x30, 0xf, 0xfb,
    0x44, 0x3, 0xca, 0x40, 0x1f, 0xf5, 0x98, 0x7,
    0xd8, 0x1, 0xff, 0x52, 0x0, 0x7e, 0x10, 0xf,
    0xf5, 0xa8, 0x7, 0xf5, 0x0, 0x7e, 0x3d, 0x40,
    0xf, 0xf1, 0x30, 0x7, 0xc, 0xe1, 0x0, 0x7f,
    0xf0, 0x25, 0x84, 0x49, 0x5c, 0xc0, 0x1f, 0xfc,
    0x10,

    /* U+002D "-" */
    0x0, 0x14, 0x5e, 0x67, 0xff, 0x36, 0x98, 0x2,
    0x5d, 0x74, 0x33, 0xff, 0xe6, 0xac, 0xe0, 0x2,
    0x80, 0x3f, 0xfa, 0x47, 0xa, 0x1, 0xff, 0xd4,
    0x52, 0x0, 0xff, 0xea, 0x10, 0x7, 0xff, 0x58,
    0x80, 0x3f, 0xfa, 0x84, 0x80, 0x1f, 0xfd, 0x44,
    0x17, 0x0, 0xff, 0xe9, 0xc, 0x4, 0x49, 0x80,
    0x7f, 0xf3, 0x85, 0xb0, 0x40,

    /* U+002E "." */
    0x0, 0xf2, 0xc5, 0x4b, 0x98, 0x7, 0xf9, 0xfe,
    0x9d, 0x5a, 0x33, 0x50, 0x3, 0xc3, 0x70, 0x1,
    0xf1, 0x5b, 0x80, 0x76, 0xa0, 0x7, 0xfa, 0x18,
    0x2, 0x93, 0x0, 0xff, 0xe0, 0x49, 0x80, 0xb0,
    0x7, 0xff, 0xa, 0x1, 0x80, 0x3f, 0xf8, 0x68,
    0x36, 0x1, 0xff, 0xc4, 0x72, 0x0, 0xff, 0xe2,
    0x70, 0x80, 0x7f, 0xf1, 0x4, 0x3, 0xff, 0x8a,
    0x24, 0x1, 0xff, 0xc4, 0xf4, 0x0, 0xff, 0xe2,
    0x26, 0x80, 0x7f, 0xf0, 0xc4, 0xd0, 0xc0, 0x3f,
    0xf8, 0x52, 0x0, 0xe0, 0xf, 0xfe, 0x9, 0xb8,
    0x0, 0xac, 0x3, 0xfe, 0x2d, 0x0, 0xc9, 0x84,
    0x1, 0xf9, 0x74, 0x40, 0x38, 0xf6, 0x94, 0x40,
    0x4, 0xd9, 0x40, 0x18,

    /* U+002F "/" */
    0x0, 0xff, 0xed, 0x8c, 0x6f, 0xfb, 0x5c, 0x3,
    0xff, 0xb6, 0x7e, 0xe4, 0x0, 0x28, 0x60, 0xf,
    0xfe, 0xd6, 0x88, 0x7, 0xb4, 0x3, 0xff, 0xb2,
    0xe2, 0x1, 0xf0, 0x80, 0x7f, 0xf6, 0x68, 0x3,
    0xf6, 0x80, 0x7f, 0xf6, 0x8, 0x80, 0x1f, 0x90,
    0x3, 0xff, 0xb0, 0xa0, 0x1f, 0x84, 0xc0, 0x3f,
    0xfb, 0x16, 0x1, 0xf9, 0xc0, 0x3f, 0xfb, 0x2,
    0x60, 0x1f, 0xb4, 0x3, 0xff, 0xb0, 0x80, 0x1f,
    0xc8, 0x1, 0xff, 0xd8, 0xf0, 0xf, 0xca, 0x1,
    0xff, 0xd9, 0x50, 0xf, 0xde, 0x1, 0xff, 0xd8,
    0x40, 0xf, 0xe5, 0x0, 0xff, 0xec, 0x68, 0x7,
    0xe4, 0x0, 0xff, 0xec, 0xb8, 0x7, 0xed, 0x0,
    0xff, 0xec, 0x18, 0x80, 0x7e, 0x70, 0xf, 0xfe,
    0xc5, 0x80, 0x7e, 0x31, 0x0, 0xff, 0xec, 0x28,
    0x7, 0xeb, 0x0, 0xff, 0xec, 0x11, 0x0, 0x3f,
    0x20, 0x7, 0xff, 0x61, 0x40, 0x3f, 0x9, 0x80,
    0x7f, 0xf6, 0x2c, 0x3, 0xf3, 0x80, 0x7f, 0xf6,
    0x4, 0xc0, 0x3f, 0x68, 0x7, 0xff, 0x61, 0xc0,
    0x3f, 0x90, 0x3, 0xff, 0xb1, 0xa0, 0x1f, 0x94,
    0x3, 0xff, 0xb2, 0x80, 0x1f, 0xbc, 0x3, 0xff,
    0xb0, 0xa0, 0x1f, 0xca, 0x1, 0xff, 0xd8, 0xf0,
    0xf, 0xc8, 0x1, 0xff, 0xd9, 0x40, 0xf, 0xda,
    0x1, 0xff, 0xd8, 0x31, 0x0, 0xfc, 0xe0, 0x1f,
    0xfd, 0x8b, 0x0, 0xfc, 0x62, 0x1, 0xff, 0xd8,
    0x50, 0xf, 0xd6, 0x1, 0xff, 0xd8, 0x22, 0x0,
    0x7e, 0x50, 0xf, 0xfe, 0xc2, 0x80, 0x7e, 0x12,
    0x0, 0xff, 0xec, 0x58, 0x7, 0xe7, 0x0, 0xff,
    0xec, 0x9, 0x80, 0x7e, 0xd0, 0xf, 0xfe, 0xc3,
    0x80, 0x7e, 0x14, 0x0, 0xff, 0xec, 0x68, 0x7,
    0xe4, 0x0, 0xff, 0xec, 0xa0, 0x7, 0xef, 0x0,
    0xff, 0xec, 0x28, 0x7, 0xf2, 0x80, 0x7f, 0xf6,
    0x3c, 0x3, 0xf2, 0x0, 0x7f, 0xf6, 0x50, 0x3,
    0xf6, 0x80, 0x7f, 0xf6, 0x10, 0x40, 0x3f, 0x38,
    0x7, 0xff, 0x63, 0x40, 0x3f, 0x18, 0x80, 0x7f,
    0xf6, 0x1c, 0x3, 0xf5, 0x80, 0x7f, 0xf6, 0xc,
    0x40, 0x3f, 0x28, 0x7, 0xff, 0x61, 0x0, 0x3f,
    0x11, 0x0, 0x3f, 0xfb, 0x16, 0x1, 0xf9, 0x0,
    0x3f, 0xfb, 0x2, 0x60, 0x1f, 0xb4, 0x3, 0xff,
    0xb0, 0xe0, 0x1f, 0x85, 0x0, 0x3f, 0xfb, 0x1a,
    0x1, 0xf9, 0x0, 0x3f, 0xfb, 0x2, 0x80, 0x1f,
    0xbc, 0x3, 0xff, 0xb0, 0x80, 0x1f, 0xca, 0x1,
    0xff, 0xd8, 0xf0, 0xf, 0xc8, 0x1, 0xff, 0xd9,
    0x50, 0xf, 0xda, 0x1, 0xff, 0xd8, 0x40, 0xf,
    0xe7, 0x0, 0xff, 0xec, 0x68, 0x7, 0xe3, 0x10,
    0xf, 0xfe, 0xc3, 0x80, 0x7e, 0xb0, 0xf, 0xfe,
    0xc1, 0x88, 0x7, 0xe5, 0x0, 0xff, 0xec, 0x58,
    0x7, 0xe2, 0x20, 0x7, 0xff, 0x61, 0x40, 0x3f,
    0x28, 0x7, 0xff, 0x60, 0x88, 0x1, 0xfb, 0x0,
    0x3f, 0xfb, 0xa, 0x1, 0xf8, 0x50, 0x3, 0xff,
    0xb1, 0x60, 0x1f, 0x90, 0x3, 0xff, 0xb0, 0x26,
    0x1, 0xfb, 0xc0, 0x3f, 0xfb, 0x8, 0x1, 0xfc,
    0xa0, 0x1f, 0xfd, 0x8f, 0x0, 0xfc, 0x80, 0x1f,
    0xfd, 0x95, 0x0, 0xfd, 0xa0, 0x1f, 0xfd, 0x84,
    0x0, 0xfe, 0x70, 0xf, 0xfe, 0xc6, 0x80, 0x7e,
    0x31, 0x0, 0xff, 0xec, 0x38, 0x7, 0xeb, 0x0,
    0xff, 0xec, 0x18, 0x80, 0x7e, 0x50, 0xf, 0xfe,
    0xc5, 0x80, 0x7e, 0x22, 0x0, 0x7f, 0xf6, 0x14,
    0x3, 0xf2, 0x80, 0x7f, 0xf6, 0x8, 0x80, 0x1f,
    0xac, 0x3, 0xff, 0xb0, 0xa0, 0x1f, 0x84, 0xc0,
    0x3f, 0xfb, 0x16, 0x1, 0xf9, 0x0, 0x3f, 0xfb,
    0x2, 0x60, 0x1f, 0xbc, 0x3, 0xff, 0xb0, 0xe0,
    0x1f, 0xca, 0x1, 0xff, 0xd8, 0xd0, 0xf, 0xc8,
    0x1, 0xff, 0xd9, 0x40, 0xf, 0xda, 0x1, 0xff,
    0xd8, 0x50, 0xf, 0xe7, 0x0, 0xff, 0xec, 0x78,
    0x7, 0xe3, 0x10, 0xf, 0xfe, 0xc2, 0x0, 0x7e,
    0xb0, 0xf, 0xfe, 0xc1, 0x88, 0x7, 0xe5, 0x0,
    0xff, 0xec, 0x58, 0x7, 0xe2, 0x20, 0x7, 0xff,
    0x61, 0x40, 0x3f, 0x28, 0x7, 0xff, 0x60, 0x88,
    0x1, 0xfa, 0xc0, 0x3f, 0xfb, 0xa, 0x1, 0xf8,
    0x4c, 0x3, 0xff, 0xb1, 0x60, 0x1f, 0x90, 0x3,
    0xff, 0xb0, 0x26, 0x1, 0xfb, 0xc0, 0x3f, 0xfb,
    0xe, 0x1, 0xfc, 0xa0, 0x1f, 0xfd, 0x8d, 0x0,
    0xfc, 0x80, 0x1f, 0xfd, 0x94, 0x0, 0xfd, 0xa0,
    0x1f, 0xfd, 0x85, 0x0, 0xfe, 0x70, 0xf, 0xfe,
    0xc7, 0x80, 0x7e, 0x31, 0x0, 0xff, 0xec, 0x20,
    0x7, 0xeb, 0x0, 0xff, 0xec, 0x20, 0x80, 0x7e,
    0x50, 0xf, 0xfe, 0xc6, 0x80, 0x7e, 0x22, 0x0,
    0x7f, 0xf6, 0x1c, 0x3, 0xf2, 0x80, 0x7f, 0xf6,
    0xc, 0x40, 0x3f, 0x58, 0x7, 0xff, 0x62, 0xc0,
    0x3f, 0x9, 0x80, 0x7f, 0xf6, 0x10, 0x3, 0xf3,
    0x80, 0x7f, 0xf6, 0x4, 0xc0, 0x3f, 0x60, 0x7,
    0xff, 0x61, 0xc0, 0x3f, 0x94, 0x3, 0xff, 0xb1,
    0xa0, 0x1f, 0x90, 0x3, 0xff, 0xb0, 0x28, 0x1,
    0xfb, 0x40, 0x3f, 0xfb, 0x8, 0x1, 0xfc, 0xe0,
    0x1f, 0xfd, 0x8f, 0x0, 0xfc, 0x62, 0x1, 0xff,
    0xd8, 0x50, 0xf, 0xd6, 0x1, 0xff, 0xd8, 0x40,
    0xf, 0xe5, 0x0, 0xff, 0xec, 0x68, 0x7, 0xe2,
    0x20, 0x7, 0xff, 0x61, 0xc0, 0x3f, 0x28, 0x7,
    0xff, 0x60, 0xc4, 0x3, 0xf5, 0x80, 0x7f, 0xf6,
    0x2c, 0x3, 0xf0, 0x98, 0x7, 0xff, 0x61, 0x40,
    0x3f, 0x38, 0x7, 0xff, 0x60, 0x88, 0x1, 0xfb,
    0x40, 0x3f, 0xfb, 0xa, 0x1, 0xfc, 0x80, 0x1f,
    0xfd, 0x8b, 0x0, 0xfc, 0x80, 0x1f, 0xfd, 0x81,
    0x30, 0xf, 0xda, 0x1, 0xff, 0xd8, 0x40, 0xf,
    0xe7, 0x0, 0xff, 0xec, 0x78, 0x7, 0xe3, 0x10,
    0xf, 0xfe, 0xc2, 0x0, 0x7e, 0xb0, 0xf, 0xfe,
    0xc0, 0x88, 0x3, 0xf3, 0x0, 0x7f, 0xf6, 0x4,
    0x3, 0xf4, 0x88, 0x7, 0xff, 0x66, 0x40, 0x38,
    0x69, 0x80, 0x3f, 0xfb, 0x4d, 0xb3, 0x10, 0xbe,
    0x50, 0xf, 0xfe, 0xd0,

    /* U+0030 "0" */
    0x0, 0xff, 0xe8, 0x89, 0x8, 0x7, 0xff, 0xa0,
    0xde, 0xb7, 0xfd, 0xdb, 0xdf, 0xed, 0xa7, 0x30,
    0xf, 0xfe, 0xf9, 0xcf, 0x64, 0x29, 0x0, 0x7c,
    0x4b, 0x19, 0xd2, 0x60, 0x1f, 0xfd, 0xa3, 0xbc,
    0x61, 0x0, 0xff, 0xe1, 0x8b, 0x65, 0x98, 0x7,
    0xff, 0x58, 0x6b, 0x10, 0x3, 0xff, 0x92, 0x99,
    0x42, 0x1, 0xff, 0xd3, 0x4f, 0x50, 0xf, 0xfe,
    0x6a, 0xfa, 0x80, 0x7f, 0xf4, 0x5e, 0xc4, 0x3,
    0xff, 0x9e, 0x34, 0xe0, 0x1f, 0xfc, 0xf9, 0x80,
    0xf, 0xfe, 0x9c, 0x48, 0x7, 0xff, 0x36, 0x58,
    0x3, 0xff, 0xaa, 0xd2, 0x1, 0xff, 0xcb, 0x86,
    0x0, 0xff, 0xeb, 0xb3, 0x80, 0x7f, 0xf2, 0x55,
    0xc0, 0x3f, 0xfb, 0x30, 0xa0, 0x1f, 0xfc, 0x72,
    0xa0, 0xf, 0xfe, 0x1a, 0xce, 0xf7, 0xf6, 0xca,
    0x80, 0x7f, 0xf0, 0xec, 0x40, 0x3f, 0xf8, 0xdc,
    0x1, 0xff, 0xc2, 0x6e, 0xa6, 0x21, 0x1, 0x26,
    0xae, 0x60, 0xf, 0xfe, 0x8, 0xd0, 0x7, 0xff,
    0x15, 0x8c, 0x3, 0xff, 0x80, 0x39, 0x22, 0x1,
    0xfc, 0x33, 0x82, 0x1, 0xff, 0xc0, 0x46, 0x0,
    0xff, 0xe1, 0x8c, 0x0, 0x7f, 0xf0, 0xb, 0xcc,
    0x3, 0xff, 0x82, 0x7e, 0x40, 0x1f, 0xfc, 0x8,
    0x0, 0xff, 0xe1, 0xc0, 0x80, 0x7f, 0xc5, 0x82,
    0x1, 0xff, 0xc3, 0x1c, 0x10, 0xf, 0xf8, 0x60,
    0x3, 0xff, 0x82, 0x2c, 0x1, 0xff, 0xc0, 0xf1,
    0x0, 0xff, 0xe2, 0x8e, 0x0, 0x7f, 0xf0, 0x1c,
    0x40, 0x3f, 0xf8, 0x10, 0x1, 0xff, 0xc0, 0x92,
    0x0, 0xff, 0xe3, 0x94, 0x0, 0x7f, 0xf0, 0x24,
    0x3, 0xff, 0x80, 0xc0, 0x1f, 0xf1, 0xb0, 0x7,
    0xff, 0x25, 0xcc, 0x3, 0xfe, 0x60, 0xf, 0xf9,
    0x80, 0x3f, 0xf8, 0x1e, 0x1, 0xff, 0xcb, 0xf0,
    0xf, 0xf8, 0x58, 0x3, 0xfd, 0x60, 0x1f, 0xf2,
    0x98, 0x7, 0xff, 0x2c, 0xd0, 0x3, 0xfe, 0xa0,
    0xf, 0xe2, 0x20, 0x7, 0xfd, 0x20, 0x1f, 0xfc,
    0xdf, 0x0, 0xff, 0x8c, 0x80, 0x3f, 0x50, 0x7,
    0xfc, 0x66, 0x0, 0xff, 0xe6, 0xa1, 0x0, 0x7f,
    0xca, 0x1, 0xf9, 0x40, 0x3f, 0xea, 0x0, 0xff,
    0xe7, 0xd0, 0x7, 0xfd, 0x60, 0x1f, 0x11, 0x0,
    0x3f, 0xe7, 0x0, 0xff, 0xe7, 0xb0, 0x7, 0xfc,
    0x62, 0x1, 0xe4, 0x0, 0xff, 0x90, 0x40, 0x3f,
    0xf9, 0xe2, 0x60, 0x1f, 0xf3, 0x80, 0x7b, 0x0,
    0x3f, 0xec, 0x0, 0xff, 0xe8, 0xd8, 0x7, 0xfd,
    0x80, 0x1e, 0x40, 0xf, 0xf9, 0x0, 0x3f, 0xfa,
    0x28, 0x1, 0xff, 0x20, 0x7, 0x10, 0x80, 0x7f,
    0xc6, 0x1, 0xff, 0xd1, 0x30, 0xf, 0xf8, 0x48,
    0x3, 0x38, 0x7, 0xfc, 0x80, 0x1f, 0xfd, 0x33,
    0x0, 0xff, 0x9c, 0x3, 0x68, 0x7, 0xfc, 0x60,
    0x1f, 0xfd, 0x35, 0x0, 0xff, 0xb4, 0x3, 0x18,
    0x7, 0xfd, 0xa0, 0x1f, 0xfd, 0x3f, 0x0, 0xff,
    0x88, 0x3, 0x28, 0x7, 0xfc, 0xe0, 0x1f, 0xfd,
    0x35, 0x0, 0xff, 0x9c, 0x3, 0x8, 0x7, 0xfc,
    0x40, 0x1f, 0xfd, 0x33, 0x0, 0xff, 0x88, 0x2,
    0x20, 0xf, 0xf8, 0x40, 0x3f, 0xfa, 0xa2, 0x1,
    0xff, 0x10, 0x1, 0xc0, 0x3f, 0xe2, 0x0, 0xff,
    0xea, 0x90, 0x7, 0xfc, 0xc0, 0x3, 0x0, 0xff,
    0x98, 0x3, 0xff, 0xaa, 0xc0, 0x1f, 0xf1, 0x0,
    0x38, 0x3, 0xfe, 0x20, 0xf, 0xfe, 0xa9, 0x80,
    0x7f, 0xdc, 0x0, 0x20, 0xf, 0xfb, 0xc0, 0x3f,
    0xfa, 0xbc, 0x1, 0xff, 0x10, 0x0, 0x40, 0x3f,
    0xe1, 0x0, 0xff, 0xea, 0x88, 0x7, 0xfc, 0x20,
    0x7, 0x0, 0xff, 0x88, 0x3, 0xff, 0xaa, 0x40,
    0x1f, 0xf3, 0x80, 0x4, 0x3, 0xfe, 0x70, 0xf,
    0xfe, 0xab, 0x80, 0x7f, 0xc2, 0x0, 0x30, 0xf,
    0xff, 0x69, 0x80, 0x4, 0x3, 0xfe, 0x10, 0xf,
    0xfe, 0xa8, 0x80, 0x7f, 0xc2, 0x1, 0xff, 0xc2,
    0x30, 0xf, 0xfe, 0xa9, 0x80, 0x7f, 0xf3, 0x84,
    0x3, 0xff, 0xc6, 0x20, 0x1f, 0xfe, 0x21, 0x0,
    0xff, 0xfe, 0x88, 0x7, 0xff, 0xfc, 0x3, 0xff,
    0xfe, 0x1, 0xff, 0xff, 0x0, 0xff, 0xff, 0x80,
    0x70, 0x80, 0x7f, 0xff, 0x44, 0x3, 0xff, 0xaa,
    0x20, 0x1f, 0xfc, 0x1, 0x0, 0xff, 0xff, 0x18,
    0x7, 0xff, 0x54, 0xc0, 0x3f, 0xf8, 0x44, 0x1,
    0xff, 0x8, 0x7, 0xff, 0x54, 0x40, 0x3f, 0xe1,
    0x0, 0x8, 0x7, 0xfc, 0xe0, 0x1f, 0xfd, 0x57,
    0x0, 0xff, 0x8c, 0x0, 0xe0, 0x1f, 0xf0, 0x80,
    0x7f, 0xf5, 0x44, 0x3, 0xfe, 0x10, 0x0, 0x80,
    0x7f, 0xc6, 0x1, 0xff, 0xd5, 0x30, 0xf, 0xf9,
    0x80, 0x6, 0x1, 0xff, 0x8, 0x7, 0xff, 0x57,
    0x80, 0x3f, 0xe3, 0x0, 0x70, 0x7, 0xfd, 0xc0,
    0x1f, 0xfd, 0x51, 0x0, 0xff, 0xb8, 0x0, 0x40,
    0x1f, 0xf1, 0x0, 0x7f, 0xf5, 0x48, 0x3, 0xfe,
    0x20, 0x3, 0x0, 0x7f, 0xcc, 0x1, 0xff, 0xd5,
    0x60, 0xf, 0xf9, 0x80, 0x4, 0x1, 0xff, 0x10,
    0x7, 0xff, 0x54, 0x80, 0x3f, 0xe2, 0x0, 0x8,
    0x7, 0xff, 0x0, 0x40, 0x3f, 0xfa, 0x62, 0x1,
    0xff, 0xc0, 0x10, 0x8, 0xc0, 0x3f, 0xe5, 0x0,
    0xff, 0xe9, 0xa8, 0x7, 0xfc, 0x60, 0x19, 0x40,
    0x3f, 0xe3, 0x0, 0xff, 0xe9, 0x98, 0x7, 0xfc,
    0xa0, 0x1b, 0xc0, 0x3f, 0xee, 0x0, 0xff, 0xe9,
    0xe8, 0x7, 0xfd, 0xc0, 0x19, 0x40, 0x3f, 0xe4,
    0x0, 0xff, 0xe9, 0xb8, 0x7, 0xfc, 0x80, 0x18,
    0xc0, 0x3f, 0xe2, 0x10, 0xf, 0xfe, 0x88, 0x90,
    0x7, 0xfc, 0x60, 0x1c, 0x60, 0x1f, 0xf2, 0x80,
    0x7f, 0xf4, 0x50, 0x3, 0xfe, 0x30, 0xf, 0x20,
    0x7, 0xfd, 0xa0, 0x1f, 0xfd, 0x1c, 0x0, 0xff,
    0x90, 0x3, 0xd8, 0x1, 0xff, 0x20, 0x7, 0xff,
    0x45, 0x0, 0x3f, 0xec, 0x0, 0xf2, 0x0, 0x7f,
    0xc4, 0x60, 0x1f, 0xfc, 0xf3, 0x20, 0xf, 0xf9,
    0x0, 0x3e, 0x50, 0xf, 0xfa, 0xc0, 0x3f, 0xf9,
    0xf6, 0x1, 0xff, 0x28, 0x7, 0xef, 0x0, 0xff,
    0x98, 0x3, 0xff, 0x9e, 0xc0, 0x1f, 0xf7, 0x80,
    0x7e, 0x50, 0xf, 0xf8, 0x54, 0x3, 0xff, 0x9a,
    0xa2, 0x1, 0xff, 0x28, 0x7, 0xf2, 0x80, 0x7f,
    0xd2, 0x1, 0xff, 0xcd, 0x90, 0xf, 0xf9, 0x40,
    0x3f, 0xd2, 0x1, 0xff, 0x1a, 0x80, 0x7f, 0xf2,
    0xd4, 0xc0, 0x3f, 0xe9, 0x0, 0xff, 0x19, 0x80,
    0x3f, 0xe8, 0x0, 0xff, 0xe5, 0xc0, 0x7, 0xfc,
    0x46, 0x1, 0xff, 0x48, 0x7, 0xfc, 0x50, 0x1,
    0xff, 0xc9, 0x82, 0x0, 0xff, 0xa0, 0x3, 0xff,
    0x80, 0xa4, 0x1, 0xff, 0x3a, 0x0, 0x7f, 0xf1,
    0xd1, 0xc0, 0x3f, 0xe2, 0x50, 0xf, 0xfe, 0xc,
    0x0, 0x7f, 0xf0, 0x28, 0x80, 0x3f, 0xf8, 0xa5,
    0x40, 0x1f, 0xfc, 0x8, 0x0, 0xff, 0xe1, 0x29,
    0x80, 0x7f, 0xc3, 0x84, 0x1, 0xff, 0xc3, 0x2c,
    0x10, 0xf, 0xf8, 0xd4, 0x3, 0xff, 0x87, 0xe0,
    0x1f, 0xfc, 0x1, 0xd4, 0x0, 0xff, 0xe0, 0xa6,
    0x8, 0x7, 0xff, 0x3, 0xc0, 0x3f, 0xf8, 0x87,
    0x0, 0x1f, 0xfc, 0x1b, 0xa2, 0x0, 0xfe, 0x2a,
    0xb1, 0x0, 0xff, 0xe0, 0x39, 0x80, 0x7f, 0xf1,
    0x5c, 0xc0, 0x3f, 0xf8, 0x2b, 0xb6, 0xc6, 0x40,
    0x26, 0xd7, 0xaa, 0x1, 0xff, 0xc1, 0x38, 0x0,
    0xff, 0xe3, 0xf0, 0x80, 0x7f, 0xf0, 0x92, 0x73,
    0x7f, 0xb2, 0x50, 0x3, 0xff, 0x84, 0x3c, 0x1,
    0xff, 0xc8, 0x2d, 0x0, 0xff, 0xec, 0xd1, 0x0,
    0x7f, 0xf2, 0x4e, 0x80, 0x3f, 0xfa, 0xf4, 0x80,
    0x1f, 0xfc, 0xb5, 0xa0, 0xf, 0xfe, 0xad, 0x28,
    0x7, 0xff, 0x35, 0x70, 0x40, 0x3f, 0xfa, 0x23,
    0x6a, 0x1, 0xff, 0xcf, 0x3c, 0x30, 0xf, 0xfe,
    0x79, 0xfa, 0x0, 0x7f, 0xf4, 0x4b, 0x20, 0x3,
    0xff, 0x9b, 0x18, 0x20, 0x1f, 0xfd, 0x47, 0xe7,
    0x0, 0xff, 0xe4, 0xb7, 0x38, 0x7, 0xff, 0x5c,
    0x63, 0xa5, 0x0, 0x3f, 0xf8, 0x67, 0x3d, 0x22,
    0x1, 0xff, 0xda, 0x16, 0xbe, 0xa7, 0x42, 0x10,
    0x8, 0x49, 0x1e, 0xbb, 0x18, 0x40, 0x3f, 0xf9,
    0x0,

    /* U+0031 "1" */
    0x0, 0xff, 0xe5, 0xa6, 0xff, 0xee, 0xc6, 0x0,
    0xff, 0xef, 0x9d, 0xd8, 0x80, 0x30, 0x9c, 0xe0,
    0x7, 0xff, 0x70, 0xeb, 0x10, 0x3, 0xf8, 0xe0,
    0x3, 0xff, 0xb2, 0xb9, 0x85, 0x0, 0xff, 0xe0,
    0x30, 0x7, 0xff, 0x59, 0x27, 0xa8, 0xc0, 0x3f,
    0xf8, 0x42, 0x40, 0x1f, 0xfd, 0x13, 0x7b, 0xeb,
    0x61, 0x0, 0xff, 0xe2, 0x88, 0x7, 0xff, 0x38,
    0xeb, 0xf2, 0x10, 0x40, 0x3f, 0xf9, 0xe, 0x1,
    0xff, 0xcd, 0x7c, 0x50, 0xf, 0xff, 0x32, 0x40,
    0x7, 0xff, 0xa3, 0xc0, 0x3f, 0xfd, 0x2c, 0x1,
    0xff, 0xff, 0x0, 0xff, 0xea, 0x20, 0x7, 0xff,
    0xa6, 0x4, 0x3, 0xff, 0xd0, 0x38, 0xa2, 0x1,
    0xff, 0xe7, 0x2a, 0xef, 0xff, 0xfb, 0x4c, 0x3,
    0xff, 0xd0, 0x52, 0x1, 0xff, 0xe9, 0x10, 0xf,
    0xff, 0xf8, 0x7, 0xff, 0xfc, 0x3, 0xff, 0xfe,
    0x1, 0xff, 0xff, 0x0, 0xff, 0xff, 0x80, 0x7f,
    0xff, 0xc0, 0x3f, 0xff, 0xe0, 0x1f, 0xff, 0xf0,
    0xf, 0xff, 0xf8, 0x7, 0xff, 0xfc, 0x3, 0xff,
    0xfe, 0x1, 0xff, 0xff, 0x0, 0xff, 0xff, 0x80,
    0x7f, 0xff, 0xc0, 0x3f, 0xff, 0xe0, 0x1f, 0xff,
    0xf0, 0xf, 0xff, 0xf8, 0x7, 0xff, 0xfc, 0x3,
    0xff, 0xfe, 0x1, 0xff, 0xff, 0x0, 0xff, 0xff,
    0x80, 0x7f, 0xff, 0xc0, 0x3f, 0xff, 0xe0, 0x1f,
    0xff, 0xf0, 0xf, 0xff, 0xf8, 0x7, 0xff, 0xfc,
    0x3, 0xff, 0xfe, 0x1, 0xff, 0xff, 0x0, 0xff,
    0xff, 0x80, 0x7f, 0xff, 0xc0, 0x3f, 0xff, 0xe0,
    0x1f, 0xff, 0xf0, 0xf, 0xff, 0xf8, 0x7, 0xff,
    0xfc, 0x3, 0xff, 0xfe, 0x1, 0xff, 0xff, 0x0,
    0xff, 0xff, 0x80, 0x7f, 0xff, 0xc0, 0x3f, 0xff,
    0xe0, 0x1f, 0xff, 0xf0, 0xf, 0xff, 0xf8, 0x7,
    0xff, 0xfc, 0x3, 0xff, 0xfe, 0x1, 0xff, 0xff,
    0x0, 0xff, 0xff, 0x80, 0x7f, 0xff, 0xc0, 0x3f,
    0xff, 0xe0, 0x1f, 0xff, 0xe2, 0x68, 0x8f, 0xfe,
    0x27, 0x0, 0x7f, 0xf0, 0x3a, 0x23, 0xff, 0x84,
    0xc4, 0x1, 0xd1, 0xb2, 0xef, 0xff, 0xc4, 0x50,
    0xf, 0xfe, 0x2, 0xbb, 0xff, 0xf0, 0xa7, 0x60,
    0x2, 0x67, 0x0, 0xff, 0xf2, 0x3b, 0x0, 0x2c,
    0x3, 0xff, 0xcd, 0x60, 0x2, 0x0, 0xff, 0xf3,
    0x10, 0x8, 0x7, 0xff, 0xa0, 0x40, 0x3f, 0xfd,
    0x42, 0x1, 0xff, 0xe8, 0x10, 0x50, 0xf, 0xff,
    0x32, 0x80, 0x20, 0x40, 0x3f, 0xfc, 0x83, 0x0,
    0x2, 0xf6, 0x10, 0xf, 0xff, 0x0, 0xb7, 0x90,
    0x0,

    /* U+0032 "2" */
    0x0, 0xff, 0xe5, 0x91, 0xa2, 0xae, 0x42, 0x0,
    0xff, 0xf1, 0xb, 0x56, 0x7e, 0xe5, 0xd5, 0x6b,
    0xdf, 0xeb, 0x84, 0x0, 0xff, 0xed, 0xb, 0xe7,
    0x4a, 0x98, 0x7, 0xfc, 0x28, 0xf7, 0xf4, 0x80,
    0x1f, 0xfd, 0x52, 0xae, 0x83, 0x0, 0xff, 0xe4,
    0x2d, 0xeb, 0x0, 0x7f, 0xf4, 0x46, 0xb5, 0x40,
    0x3f, 0xf9, 0xa5, 0x3a, 0x80, 0x1f, 0xfc, 0xe7,
    0xe5, 0x0, 0xff, 0xe8, 0x95, 0xc8, 0x7, 0xff,
    0x2c, 0xf6, 0x0, 0x3f, 0xfa, 0xad, 0xa2, 0x1,
    0xff, 0xc8, 0x8c, 0x20, 0xf, 0xfe, 0xb9, 0x79,
    0x0, 0x7f, 0xf1, 0x46, 0xdc, 0x3, 0xff, 0xb4,
    0x38, 0x40, 0x1f, 0xfc, 0x32, 0xc4, 0x0, 0xff,
    0xee, 0xe, 0x8, 0x7, 0xff, 0x4, 0xb0, 0x80,
    0x3f, 0xfb, 0xc3, 0xa0, 0x1f, 0xfc, 0x1, 0xc1,
    0x0, 0xff, 0xe1, 0xa4, 0x5e, 0xf7, 0xfd, 0xd9,
    0x4c, 0x40, 0x1f, 0xfc, 0x43, 0x80, 0xf, 0xfb,
    0x4, 0x3, 0xff, 0x82, 0x97, 0xf6, 0xe8, 0x42,
    0x1, 0x9, 0xac, 0xee, 0x28, 0x7, 0xff, 0xd,
    0xcc, 0x3, 0xf9, 0x48, 0x3, 0xff, 0x80, 0x9b,
    0x68, 0x1, 0xff, 0xc2, 0x3a, 0xc3, 0x0, 0xff,
    0xe1, 0x78, 0x7, 0xf6, 0x0, 0x7f, 0xf0, 0x2a,
    0xc8, 0x3, 0xff, 0x8c, 0x78, 0xa0, 0x1f, 0xfc,
    0x13, 0x40, 0xf, 0xc2, 0x1, 0xfe, 0x1d, 0x50,
    0xf, 0xfe, 0x55, 0x30, 0x7, 0xff, 0x6, 0x0,
    0x3f, 0x50, 0x7, 0xf1, 0x79, 0x0, 0x7f, 0xf3,
    0x25, 0x0, 0x3f, 0xf8, 0x6, 0x40, 0x1f, 0x13,
    0x80, 0x7c, 0x3e, 0x20, 0x1f, 0xfc, 0xeb, 0x10,
    0xf, 0xfe, 0x5, 0x80, 0x7e, 0x86, 0x0, 0xe1,
    0xd2, 0x0, 0xff, 0xe8, 0x50, 0x7, 0xff, 0x1,
    0x0, 0x3f, 0xa6, 0x88, 0x0, 0x9e, 0x60, 0x1f,
    0xfd, 0x14, 0x30, 0xf, 0xf8, 0x88, 0x1, 0xfc,
    0xbb, 0xdf, 0x62, 0x1, 0xff, 0xd3, 0x80, 0xf,
    0xfe, 0x2, 0x0, 0x7f, 0xc2, 0x1, 0xff, 0xd6,
    0x41, 0x0, 0xff, 0xb0, 0x3, 0xff, 0xc6, 0xe0,
    0x1f, 0xf3, 0x80, 0x7f, 0xf8, 0xf0, 0x3, 0xfe,
    0x20, 0xf, 0xff, 0x1b, 0x80, 0x7f, 0xf0, 0x4,
    0x3, 0xff, 0xc4, 0x40, 0x1f, 0xfc, 0x2, 0x0,
    0xff, 0xf1, 0x88, 0x7, 0xfc, 0xe0, 0x1f, 0xfe,
    0x32, 0x0, 0xff, 0x84, 0x3, 0xff, 0xfe, 0x1,
    0xff, 0xff, 0x0, 0xff, 0xe2, 0x88, 0x7, 0xfc,
    0x20, 0x1f, 0xfe, 0x33, 0x0, 0xff, 0xf7, 0x88,
    0x7, 0xfc, 0xe0, 0x1f, 0xfe, 0x21, 0x0, 0xff,
    0xe0, 0x10, 0x7, 0xff, 0x89, 0x40, 0x3f, 0xf8,
    0x2, 0x1, 0xff, 0xe2, 0x30, 0xf, 0xf8, 0xc0,
    0x3f, 0xfc, 0x78, 0x1, 0xff, 0x28, 0x7, 0xff,
    0x8d, 0x0, 0x3f, 0xef, 0x0, 0xff, 0xf1, 0x18,
    0x7, 0xff, 0x1, 0x0, 0x3f, 0xfc, 0x54, 0x1,
    0xff, 0x9, 0x0, 0x7f, 0xf8, 0x9c, 0x3, 0xfe,
    0x70, 0xf, 0xff, 0x12, 0x8, 0x7, 0xfd, 0xa0,
    0x1f, 0xfe, 0x2e, 0x0, 0xff, 0xe0, 0x20, 0x7,
    0xff, 0x84, 0x54, 0x3, 0xfe, 0x60, 0xf, 0xff,
    0x14, 0x80, 0x7f, 0xf0, 0x28, 0x3, 0xff, 0xc2,
    0x2e, 0x1, 0xff, 0x11, 0x80, 0x7f, 0xf8, 0x64,
    0x3, 0xff, 0x81, 0x60, 0x1f, 0xfe, 0x11, 0x70,
    0xf, 0xf8, 0x58, 0x3, 0xff, 0xc3, 0x0, 0x1f,
    0xfc, 0x9, 0x0, 0xff, 0xf0, 0x93, 0x0, 0x7f,
    0xc2, 0xe0, 0x1f, 0xfe, 0x19, 0x0, 0xff, 0xe0,
    0x40, 0x7, 0xff, 0x85, 0x50, 0x3, 0xfe, 0x26,
    0x0, 0xff, 0xf0, 0xd, 0x80, 0x7f, 0xf0, 0x20,
    0x3, 0xff, 0xc3, 0x62, 0x1, 0xff, 0x22, 0x80,
    0x7f, 0xf8, 0x15, 0x40, 0x1f, 0xfc, 0x9, 0x0,
    0xff, 0xf0, 0xd, 0x80, 0x7f, 0xf0, 0x20, 0x80,
    0x3f, 0xfc, 0x14, 0x20, 0x1f, 0xf1, 0x38, 0x7,
    0xff, 0x81, 0xd0, 0x3, 0xff, 0x81, 0xe0, 0x1f,
    0xfe, 0x3, 0x80, 0xf, 0xfe, 0x4, 0x10, 0x7,
    0xff, 0x7c, 0x74, 0x3, 0xff, 0x80, 0x6e, 0x1,
    0xff, 0xe0, 0xd1, 0x0, 0xff, 0x87, 0x40, 0x3f,
    0xfc, 0x12, 0x60, 0x1f, 0xfc, 0xb, 0x10, 0xf,
    0xfe, 0xfb, 0x30, 0x3, 0xff, 0x80, 0xca, 0x1,
    0xff, 0xdf, 0x49, 0x0, 0xff, 0xe0, 0x1c, 0x80,
    0x7f, 0xf7, 0xca, 0xc0, 0x3f, 0xf8, 0x3, 0xc0,
    0x1f, 0xfd, 0xf1, 0xf0, 0xf, 0xfe, 0xd, 0x10,
    0x7, 0xff, 0x7f, 0x48, 0x3, 0xff, 0x81, 0x8,
    0x1, 0xff, 0xdf, 0xb3, 0x0, 0xff, 0xe0, 0x2b,
    0x80, 0x7f, 0xf7, 0xe9, 0x0, 0x3f, 0xf8, 0x7,
    0x40, 0x1f, 0xfd, 0xf9, 0x50, 0xf, 0xfe, 0x0,
    0xe8, 0x7, 0xff, 0x7d, 0xd8, 0x3, 0xff, 0x83,
    0xa2, 0x1, 0xff, 0xde, 0x78, 0x0, 0xff, 0xe0,
    0xd1, 0x80, 0x7f, 0xf7, 0x9a, 0x0, 0x3f, 0xf8,
    0x32, 0xa0, 0x1f, 0xfd, 0xe6, 0x90, 0xf, 0xfe,
    0xb, 0xb0, 0x7, 0xff, 0x79, 0xa4, 0x3, 0xff,
    0x82, 0xb0, 0x1, 0xff, 0xde, 0x69, 0x0, 0xff,
    0xe0, 0xa5, 0x0, 0x7f, 0xf7, 0x9a, 0x40, 0x3f,
    0xf8, 0x27, 0x60, 0x1f, 0xfd, 0xe7, 0x90, 0xf,
    0xfe, 0x9, 0x68, 0x7, 0xff, 0x79, 0xe0, 0x3,
    0xff, 0x82, 0x58, 0x20, 0x1f, 0xfd, 0xd8, 0x80,
    0x7, 0xff, 0x4, 0xb0, 0x40, 0x3f, 0xfb, 0xb4,
    0xe0, 0x1f, 0xfc, 0x11, 0xf1, 0x0, 0xff, 0xee,
    0xd2, 0x80, 0x7f, 0xf0, 0x47, 0x8, 0x3, 0xff,
    0xb8, 0x36, 0xa0, 0x1f, 0xfc, 0x11, 0xc2, 0x0,
    0xff, 0xee, 0xe, 0x20, 0x7, 0xff, 0x4, 0x70,
    0x80, 0x3f, 0xfb, 0x85, 0xe4, 0x1, 0xff, 0xc1,
    0x1c, 0x20, 0xf, 0xfe, 0xe1, 0xe8, 0x80, 0x7f,
    0xf0, 0x4b, 0xc8, 0x3, 0xff, 0xb8, 0x98, 0x1,
    0xff, 0xc3, 0x49, 0x88, 0xff, 0xea, 0xbb, 0x8,
    0x6, 0x3b, 0x0, 0xff, 0xe2, 0x33, 0xbf, 0xff,
    0x5a, 0x27, 0x9c, 0x0, 0x3a, 0x1, 0xff, 0xeb,
    0x85, 0xb, 0x10, 0xf, 0xff, 0x67, 0x12, 0x80,
    0x7f, 0xfb, 0x55, 0x40, 0x1f, 0xfe, 0xe1, 0xd0,
    0xf, 0xff, 0x78, 0x80, 0x7f, 0xfb, 0x88, 0xc0,
    0x3f, 0xfd, 0xcb, 0x22, 0x1, 0xff, 0xec, 0x19,
    0x1c, 0x51, 0x0, 0xff, 0xf4, 0xb, 0x78, 0x80,

    /* U+0033 "3" */
    0x0, 0xff, 0xe4, 0x9b, 0xcd, 0xef, 0x73, 0xfe,
    0xee, 0x65, 0x42, 0x90, 0x7, 0xff, 0x70, 0xe3,
    0x3f, 0x21, 0x90, 0x84, 0x40, 0x10, 0x88, 0xd5,
    0xeb, 0x7a, 0x94, 0x3, 0xff, 0xac, 0x2f, 0xb8,
    0xe6, 0x1, 0xff, 0xc6, 0x15, 0xaf, 0x92, 0x0,
    0xff, 0xe8, 0x8c, 0x74, 0x10, 0x7, 0xff, 0x35,
    0xb6, 0x88, 0x3, 0xff, 0x9c, 0xfc, 0xe0, 0x1f,
    0xfd, 0x25, 0xd8, 0x0, 0xff, 0xe5, 0x96, 0x40,
    0x7, 0xff, 0x59, 0xf4, 0x80, 0x3f, 0xf9, 0xd,
    0xa6, 0x1, 0xff, 0xd8, 0x2d, 0x40, 0xf, 0xfe,
    0x34, 0x48, 0x7, 0xff, 0x72, 0xd8, 0x3, 0xff,
    0x89, 0x4e, 0x1, 0xff, 0xde, 0x96, 0x0, 0xff,
    0xe1, 0x52, 0x80, 0x7f, 0xf8, 0x25, 0x0, 0x3f,
    0xf8, 0x8, 0xa0, 0x1f, 0xfc, 0x52, 0x46, 0x88,
    0x4c, 0x3b, 0x20, 0x7, 0xff, 0x1e, 0x84, 0x3,
    0xfe, 0xc0, 0xf, 0xfe, 0x10, 0xb5, 0xfe, 0xdc,
    0xbb, 0x99, 0xe2, 0x6f, 0xf1, 0xc4, 0x3, 0xff,
    0x86, 0x34, 0x1, 0xff, 0xcc, 0x3a, 0xe9, 0x40,
    0xf, 0xfe, 0x1, 0xc7, 0x40, 0x7, 0xff, 0xd,
    0x10, 0x1, 0xfe, 0xc0, 0xf, 0xf0, 0xd6, 0x28,
    0x7, 0xff, 0x19, 0xf4, 0x80, 0x3f, 0xf8, 0x52,
    0x1, 0xfe, 0x43, 0x0, 0xfc, 0x7e, 0xa0, 0x1f,
    0xfc, 0x92, 0xd4, 0x0, 0xff, 0xe0, 0x92, 0x0,
    0x7f, 0xb8, 0x40, 0x3c, 0x98, 0x20, 0x1f, 0xfc,
    0xcb, 0x30, 0xf, 0xfe, 0xf, 0x0, 0x7f, 0x8b,
    0x44, 0x3, 0x35, 0x80, 0x7f, 0xf3, 0xf4, 0x40,
    0x3f, 0xf8, 0xa, 0x1, 0xff, 0x1f, 0x4a, 0xbe,
    0x48, 0x7, 0xff, 0x40, 0x6c, 0x3, 0xff, 0x82,
    0x80, 0x1f, 0xfc, 0x6, 0xa8, 0x30, 0xf, 0xfe,
    0x92, 0x90, 0x7, 0xff, 0x0, 0xc0, 0x3f, 0xfc,
    0x74, 0x1, 0xff, 0xc0, 0xd0, 0xf, 0xff, 0x1a,
    0x80, 0x7f, 0xf0, 0x18, 0x3, 0xff, 0xc6, 0x42,
    0x1, 0xff, 0x10, 0x7, 0xff, 0x90, 0x80, 0x3f,
    0xe1, 0x0, 0xff, 0xf2, 0x30, 0x7, 0xff, 0xfc,
    0x3, 0xff, 0xdc, 0x20, 0x1f, 0xff, 0x3, 0x0,
    0xff, 0xf2, 0x30, 0x7, 0xfc, 0xc0, 0x1f, 0xfe,
    0x42, 0x0, 0xff, 0x8c, 0x3, 0xff, 0xc6, 0x22,
    0x0, 0xff, 0xb4, 0x3, 0xff, 0xc6, 0xa0, 0x1f,
    0xfc, 0x4, 0x0, 0xff, 0xf1, 0xe8, 0x7, 0xfc,
    0x62, 0x1, 0xff, 0xe3, 0x70, 0xf, 0xfa, 0x80,
    0x3f, 0xfc, 0x6a, 0x20, 0x1f, 0xf3, 0x0, 0x7f,
    0xf8, 0xe0, 0x3, 0xfe, 0x70, 0xf, 0xff, 0x1c,
    0x10, 0x7, 0xf8, 0x64, 0x3, 0xff, 0xc4, 0x8e,
    0x1, 0xff, 0x58, 0x80, 0x7f, 0xf8, 0x52, 0xc0,
    0x3f, 0xe5, 0x50, 0x7, 0xff, 0x86, 0x2c, 0x3,
    0xfe, 0x2a, 0x0, 0xff, 0xf0, 0x2e, 0xb8, 0x7,
    0xfc, 0x38, 0x1, 0xff, 0xde, 0x27, 0xda, 0x20,
    0xf, 0xf8, 0xb0, 0x40, 0x3f, 0xfb, 0x2, 0x6a,
    0xf5, 0xdb, 0x4, 0x1, 0xff, 0xc0, 0x3c, 0x20,
    0xf, 0xfe, 0x92, 0xd6, 0xff, 0xee, 0xca, 0x85,
    0x10, 0xf, 0xfe, 0x13, 0x60, 0x80, 0x7f, 0xf4,
    0xaa, 0x8a, 0x40, 0x1f, 0xfc, 0xa1, 0xa9, 0x0,
    0xff, 0xe9, 0xa2, 0x80, 0x7f, 0xf3, 0x1f, 0x94,
    0x3, 0xff, 0xa9, 0xa0, 0x1f, 0xfc, 0xb6, 0xd8,
    0x0, 0xff, 0xf6, 0xa5, 0x10, 0x7, 0xff, 0x5f,
    0x80, 0x3f, 0xf9, 0x49, 0x9a, 0xe2, 0x1, 0xff,
    0xd5, 0x50, 0xf, 0xfe, 0x61, 0x47, 0xb8, 0x7,
    0xff, 0x50, 0x9c, 0x3, 0xff, 0x9a, 0x31, 0xca,
    0x1, 0xff, 0xd3, 0x88, 0x0, 0x7f, 0xf3, 0x86,
    0xa8, 0x1, 0xff, 0xd3, 0x7e, 0x95, 0x20, 0xf,
    0xfe, 0x62, 0xe9, 0x0, 0x7f, 0xf4, 0x85, 0xab,
    0x7f, 0xfb, 0xb6, 0xe5, 0x8c, 0x3, 0xff, 0x84,
    0x5a, 0x60, 0x1f, 0xfd, 0xa1, 0x24, 0x69, 0xce,
    0xa3, 0x0, 0xff, 0xe0, 0xe1, 0x80, 0x7f, 0xf7,
    0xc5, 0x73, 0x6, 0x1, 0xff, 0xc0, 0xc3, 0x0,
    0xff, 0xf0, 0x9e, 0x48, 0x7, 0xff, 0x3, 0x48,
    0x3, 0xff, 0xc4, 0xd8, 0x20, 0x1f, 0xe1, 0xf0,
    0xf, 0xff, 0x19, 0xe8, 0x7, 0xfc, 0x50, 0x1,
    0xff, 0xe3, 0x39, 0x0, 0xff, 0x9c, 0x80, 0x3f,
    0xfc, 0x6c, 0x60, 0x1f, 0xf4, 0x80, 0x7f, 0xf9,
    0x3c, 0x3, 0xfe, 0x43, 0x0, 0xff, 0xf1, 0x99,
    0x0, 0x7f, 0xd4, 0x1, 0xff, 0xe4, 0xa0, 0xf,
    0xf9, 0x80, 0x3f, 0xfc, 0x8a, 0x1, 0xff, 0xc0,
    0x40, 0xf, 0xff, 0x19, 0x8, 0x7, 0xfd, 0x80,
    0x1f, 0xfe, 0x45, 0x0, 0xff, 0x90, 0x3, 0xff,
    0xc8, 0x40, 0x1f, 0xf1, 0x0, 0x7f, 0xf9, 0x38,
    0x3, 0xfe, 0x10, 0xf, 0xff, 0x20, 0x80, 0x7f,
    0xf0, 0x8, 0x3, 0xff, 0xe0, 0x20, 0x1f, 0xff,
    0xf0, 0xf, 0xff, 0xf8, 0x7, 0xff, 0x1f, 0x80,
    0x3f, 0xf8, 0x2, 0x1, 0xff, 0xe3, 0x20, 0xf,
    0xfe, 0x1, 0x80, 0x7f, 0xf8, 0xdc, 0x3, 0xff,
    0x80, 0x20, 0x1f, 0xfe, 0x21, 0x20, 0xf, 0xf8,
    0x80, 0x3f, 0xfc, 0x6e, 0x1, 0xff, 0xc0, 0x60,
    0xf, 0xff, 0x1d, 0x0, 0x7f, 0xf0, 0x30, 0x3,
    0x92, 0x1c, 0x80, 0x3f, 0xfb, 0x28, 0x60, 0x1f,
    0xfc, 0x4, 0x0, 0xd3, 0x6f, 0x1a, 0xc0, 0x1f,
    0xfd, 0x88, 0x0, 0xff, 0xe0, 0x9, 0x80, 0x4e,
    0xc0, 0x1a, 0x5c, 0x3, 0xff, 0xac, 0xe6, 0x1,
    0xff, 0xc0, 0x70, 0x8, 0xe0, 0x3, 0xd1, 0x0,
    0xf, 0xfe, 0xa2, 0xc0, 0x7, 0xff, 0x6, 0x80,
    0x2f, 0x0, 0xfc, 0xf4, 0x1, 0xff, 0xd2, 0x4a,
    0x0, 0xff, 0xe0, 0x99, 0x80, 0x2, 0x60, 0x1f,
    0xcb, 0xa8, 0x1, 0xff, 0xcf, 0x6b, 0x0, 0xff,
    0xe1, 0x40, 0x4, 0x40, 0x1f, 0xf1, 0x5d, 0x8c,
    0x3, 0xff, 0x96, 0x37, 0x20, 0x1f, 0xfc, 0x24,
    0x40, 0x4, 0x20, 0x1f, 0xfc, 0x14, 0xcc, 0x28,
    0x7, 0xff, 0x1c, 0x63, 0x90, 0x3, 0xff, 0x87,
    0x40, 0x18, 0x8c, 0x3, 0xff, 0x84, 0x75, 0xf6,
    0xe6, 0x1, 0xff, 0xc0, 0x26, 0xbe, 0x70, 0xf,
    0xfe, 0x24, 0x88, 0x7, 0x78, 0x7, 0xff, 0x15,
    0x23, 0x3f, 0xb2, 0xa6, 0x51, 0x9, 0xac, 0xed,
    0x94, 0x0, 0xff, 0xe2, 0xb3, 0x0, 0x3c, 0x74,
    0x1, 0xff, 0xc8, 0x13, 0x56, 0x63, 0xb9, 0x94,
    0xc4, 0x3, 0xff, 0x8e, 0x92, 0x1, 0xf9, 0x6c,
    0x3, 0xff, 0xc8, 0x96, 0x1, 0xfe, 0x4b, 0x0,
    0xff, 0xf1, 0x2d, 0x80, 0x7f, 0xf0, 0x13, 0x4c,
    0x3, 0xff, 0xbf, 0x14, 0x1, 0xff, 0xc2, 0x2c,
    0x70, 0xf, 0xfe, 0xe1, 0x63, 0x80, 0x7f, 0xf1,
    0x63, 0x54, 0x3, 0xff, 0xb3, 0x1a, 0x60, 0x1f,
    0xfc, 0x72, 0xac, 0x50, 0xf, 0xfe, 0xab, 0x73,
    0x80, 0x7f, 0xf2, 0xce, 0xba, 0xc, 0x3, 0xff,
    0x9e, 0x51, 0xd2, 0x20, 0x1f, 0xfc, 0xe1, 0x7c,
    0xe9, 0x51, 0x0, 0xff, 0xe4, 0x1b, 0xe6, 0xb8,
    0x80, 0x7f, 0xf4, 0xc5, 0xab, 0xb9, 0x72, 0xea,
    0x64, 0x22, 0x0, 0xc2, 0x48, 0xd1, 0x7f, 0x90,
    0x60, 0x1f, 0xfc, 0x70,

    /* U+0034 "4" */
    0x0, 0xff, 0xee, 0x1c, 0xe7, 0x7f, 0xee, 0xa3,
    0x0, 0xff, 0xf4, 0x8d, 0xe3, 0x18, 0x80, 0x61,
    0x5c, 0x60, 0xf, 0xff, 0x38, 0xfa, 0x0, 0x7f,
    0xd2, 0x40, 0x1f, 0xfe, 0x6d, 0x10, 0xf, 0xfe,
    0xd, 0x80, 0x7f, 0xf9, 0x64, 0xc0, 0x3f, 0xf8,
    0x4a, 0x1, 0xff, 0xe4, 0x36, 0x0, 0xff, 0xe1,
    0x88, 0x7, 0xff, 0x93, 0x80, 0x3f, 0xf8, 0x86,
    0x1, 0xff, 0xe3, 0x82, 0x0, 0xff, 0xf9, 0x93,
    0x80, 0x7f, 0xfd, 0x38, 0x3, 0xff, 0xe8, 0xe6,
    0x1, 0xff, 0xf3, 0x28, 0x0, 0xff, 0xfa, 0x48,
    0x7, 0xff, 0xd1, 0x90, 0x3, 0xff, 0xe6, 0x30,
    0x1, 0xff, 0xf4, 0xb1, 0x0, 0xff, 0xf9, 0xaa,
    0x80, 0x3f, 0xe4, 0x0, 0xff, 0xf4, 0x58, 0x7,
    0xfd, 0x3e, 0x1, 0xff, 0xe7, 0x91, 0x0, 0xff,
    0x23, 0x0, 0x7f, 0xf9, 0xd1, 0x80, 0x3f, 0xe9,
    0x0, 0xff, 0xf4, 0x48, 0x7, 0xfc, 0xe4, 0x1,
    0xff, 0xe7, 0x82, 0x0, 0xff, 0xc, 0x0, 0x7f,
    0xf9, 0xcd, 0xc0, 0x3f, 0xeb, 0x0, 0x84, 0x3,
    0xff, 0xc9, 0xc0, 0x1f, 0xf1, 0xa8, 0x7, 0xff,
    0x9d, 0xc8, 0x3, 0xfe, 0xe0, 0xf, 0xff, 0x39,
    0x40, 0x7, 0xfc, 0xe4, 0x1, 0xff, 0xe7, 0xe0,
    0xf, 0xf8, 0x60, 0x3, 0x8c, 0x3, 0xff, 0xc2,
    0xc6, 0x1, 0xff, 0x50, 0x7, 0xff, 0x9c, 0x64,
    0x3, 0xfe, 0x54, 0x0, 0xff, 0xf3, 0xd0, 0x7,
    0xfc, 0x36, 0x1, 0xff, 0xe7, 0x54, 0x0, 0xff,
    0xa8, 0x40, 0x3e, 0x10, 0xf, 0xfe, 0xf0, 0xd8,
    0x7, 0xfc, 0xc8, 0x1, 0xff, 0xe7, 0xb1, 0x0,
    0xff, 0xc, 0x0, 0x7f, 0xf9, 0xd1, 0x40, 0x3f,
    0xea, 0x10, 0xf, 0xff, 0x3d, 0x0, 0x7f, 0xca,
    0x80, 0x1f, 0xef, 0x0, 0xff, 0xee, 0x48, 0x80,
    0x7f, 0x86, 0xc0, 0x3f, 0xfc, 0xe6, 0xc0, 0x1f,
    0xf5, 0x8, 0x7, 0xff, 0x9f, 0x80, 0x3f, 0xe5,
    0x40, 0xf, 0xff, 0x3c, 0x10, 0x7, 0xf8, 0x6c,
    0x3, 0xff, 0x82, 0x20, 0x1f, 0xfd, 0x93, 0x70,
    0xf, 0xfa, 0x84, 0x3, 0xff, 0xcf, 0xe0, 0x1f,
    0xf2, 0xa0, 0x7, 0xff, 0x9d, 0xcc, 0x3, 0xfc,
    0x36, 0x1, 0xff, 0xe7, 0x28, 0x0, 0xff, 0xa8,
    0x40, 0x3f, 0xf8, 0x66, 0x1, 0xff, 0xd7, 0x90,
    0xf, 0xf9, 0x50, 0x3, 0xff, 0xce, 0xc8, 0x1,
    0xfe, 0x1b, 0x0, 0xff, 0xf3, 0x8c, 0x80, 0x7f,
    0xd4, 0x20, 0x1f, 0xfe, 0x7a, 0x0, 0xff, 0x95,
    0x0, 0x3f, 0xf8, 0xc2, 0x1, 0xff, 0xd4, 0x54,
    0x0, 0xff, 0xd, 0x80, 0x7f, 0xf9, 0xc6, 0xc0,
    0x3f, 0xeb, 0x10, 0xf, 0xff, 0x3d, 0x88, 0x7,
    0xf9, 0x54, 0x1, 0xff, 0xe7, 0x45, 0x0, 0xff,
    0xd, 0x80, 0x7f, 0xf2, 0x5c, 0x3, 0xff, 0xa5,
    0x40, 0x1f, 0xf5, 0x88, 0x7, 0xff, 0x9e, 0x44,
    0x3, 0xfc, 0xaa, 0x0, 0xff, 0xf3, 0x9b, 0x0,
    0x7f, 0x86, 0xc0, 0x3f, 0xfd, 0x1c, 0x1, 0xff,
    0x58, 0x80, 0x7f, 0xf2, 0xc4, 0x3, 0xff, 0x9f,
    0x4, 0x1, 0xfe, 0x55, 0x0, 0x7f, 0xf9, 0xc9,
    0xc0, 0x3f, 0xc3, 0x60, 0x1f, 0xfe, 0x8e, 0x0,
    0xff, 0xac, 0x40, 0x3f, 0xfc, 0xe8, 0x60, 0x1f,
    0xf0, 0x91, 0x7f, 0xf3, 0x8c, 0x3, 0xfe, 0x22,
    0xfc, 0x20, 0x1d, 0x0, 0x1f, 0xfc, 0xb, 0xdd,
    0xff, 0xe7, 0x8, 0x7, 0xf8, 0x77, 0x7f, 0x76,
    0xa8, 0x0, 0x8c, 0x3, 0xff, 0xe0, 0x54, 0xc0,
    0xa0, 0x1f, 0xff, 0x38, 0xd, 0x0, 0xff, 0xf9,
    0x89, 0xb0, 0x7, 0xff, 0xd1, 0x84, 0x3, 0xff,
    0xea, 0x20, 0x1f, 0xff, 0x46, 0x50, 0xf, 0xff,
    0x98, 0x9c, 0x8, 0x7, 0xff, 0xca, 0x0, 0x71,
    0x44, 0x3, 0xff, 0xdc, 0x76, 0xc0, 0x2, 0xae,
    0xff, 0xff, 0xec, 0x88, 0x7, 0xf8, 0x7f, 0xff,
    0xb1, 0x0, 0x3f, 0xff, 0xe0, 0x1f, 0xff, 0xf0,
    0xf, 0xff, 0xf8, 0x7, 0xff, 0xfc, 0x3, 0xff,
    0xfe, 0x1, 0xff, 0xff, 0x0, 0xff, 0xff, 0x80,
    0x7f, 0xff, 0xc0, 0x3f, 0xff, 0xe0, 0x1f, 0xff,
    0xf0, 0xf, 0xff, 0xf8, 0x7, 0xff, 0xfc, 0x3,
    0xff, 0xfe, 0x1, 0xff, 0xff, 0x0, 0xff, 0xff,
    0x80, 0x7f, 0xff, 0xc0, 0x3f, 0xff, 0xe0, 0x1f,
    0xff, 0xf0, 0xf, 0xfe, 0x9, 0x80, 0x7f, 0x8c,
    0x3, 0xff, 0xd4, 0xc0, 0x1f, 0xe6, 0x0, 0xff,
    0xf5, 0x68, 0x7, 0xfb, 0x40, 0x3f, 0xfd, 0x4c,
    0xa0, 0x1f, 0x95, 0x80, 0x3f, 0xfd, 0x75, 0x44,
    0x10, 0x0, 0xa5, 0x50, 0x3, 0xff, 0x84,

    /* U+0035 "5" */
    0x0, 0xff, 0xe0, 0x35, 0xef, 0x77, 0xff, 0x67,
    0x1c, 0x3, 0xff, 0x8a, 0x3b, 0x28, 0x42, 0x3f,
    0xfd, 0x93, 0x8c, 0x0, 0xff, 0xe2, 0x69, 0x0,
    0x7f, 0xf7, 0x8d, 0xc0, 0x3f, 0xf8, 0x46, 0x60,
    0xf, 0xff, 0x5, 0x80, 0x7f, 0xf0, 0x90, 0x3,
    0xff, 0xc2, 0x40, 0x1f, 0xfc, 0x2e, 0x0, 0xff,
    0xf0, 0x88, 0x7, 0xff, 0x8, 0x80, 0x3f, 0xfe,
    0xe, 0x1, 0xff, 0xe1, 0x30, 0xf, 0xfe, 0x10,
    0x80, 0x7f, 0xf8, 0x50, 0x3, 0xff, 0x84, 0x60,
    0x1f, 0xfe, 0x2, 0x90, 0xf, 0xfe, 0x10, 0x80,
    0x7f, 0xf7, 0x85, 0xb0, 0x40, 0x3f, 0xf9, 0xd7,
    0xff, 0xff, 0xd2, 0xe9, 0x10, 0xf, 0xfe, 0x10,
    0x80, 0x7f, 0xcc, 0x80, 0x1f, 0xfe, 0x33, 0x0,
    0xff, 0xb8, 0x3, 0xff, 0xc8, 0xc0, 0x1f, 0xf1,
    0x0, 0x7f, 0xf9, 0x4, 0x3, 0xfe, 0x10, 0xf,
    0xff, 0x21, 0x80, 0x7f, 0xcc, 0x1, 0xff, 0xe4,
    0x10, 0xf, 0xf8, 0xc0, 0x3f, 0xfc, 0x9e, 0x1,
    0xff, 0x8, 0x7, 0xff, 0x90, 0x40, 0x3f, 0xc2,
    0x1, 0xff, 0xe5, 0x30, 0xf, 0xf1, 0x0, 0x7f,
    0xf9, 0x44, 0x3, 0xfc, 0xe0, 0x1f, 0xfe, 0x56,
    0x0, 0xff, 0x10, 0x7, 0xff, 0x94, 0xc0, 0x3f,
    0xc2, 0x1, 0xff, 0xe5, 0x10, 0xf, 0xf7, 0x0,
    0x7f, 0xfc, 0xc, 0x3, 0xff, 0xc8, 0x20, 0x1f,
    0xf3, 0x0, 0x7f, 0xf9, 0xc, 0x3, 0xfe, 0x10,
    0xf, 0xff, 0x20, 0x80, 0x7f, 0xc6, 0x1, 0xff,
    0xe4, 0x60, 0xf, 0xf8, 0x40, 0x3f, 0xfc, 0x86,
    0x1, 0xfe, 0x10, 0xf, 0xff, 0x28, 0x80, 0x7f,
    0x88, 0x3, 0xff, 0xcb, 0xe0, 0x1f, 0xe7, 0x0,
    0xff, 0xf2, 0x88, 0x7, 0xf8, 0x80, 0x3f, 0xfc,
    0xa6, 0x1, 0xfe, 0x10, 0xf, 0xe1, 0x5a, 0xef,
    0xee, 0x65, 0x43, 0x10, 0x7, 0xff, 0x40, 0x40,
    0x3f, 0xdc, 0x1, 0xe4, 0x8d, 0xea, 0x51, 0x1,
    0x11, 0xab, 0xce, 0xfd, 0x28, 0x7, 0xff, 0x35,
    0xc0, 0x3f, 0xc2, 0x0, 0x37, 0xcf, 0xb7, 0x20,
    0xf, 0xfe, 0xa, 0xd7, 0xc9, 0x0, 0x7f, 0xf2,
    0x84, 0x3, 0xfd, 0x19, 0xf9, 0x6, 0x1, 0xff,
    0xc8, 0x6d, 0xa1, 0x0, 0xff, 0xe4, 0x10, 0x7,
    0xfc, 0x60, 0x1f, 0xfc, 0xe5, 0xe7, 0x0, 0xff,
    0xf8, 0x46, 0x8, 0x7, 0xff, 0x10, 0x40, 0x3f,
    0xfb, 0xc7, 0xe6, 0x1, 0xff, 0xef, 0x1c, 0x50,
    0xf, 0xfe, 0x10, 0x80, 0x7f, 0xf8, 0x69, 0x0,
    0x3f, 0xf8, 0x46, 0x1, 0xff, 0xc5, 0x35, 0x53,
    0x3b, 0x99, 0x4, 0x3, 0xff, 0x8f, 0x66, 0x1,
    0xff, 0xc1, 0xa0, 0xf, 0xfe, 0xa, 0x56, 0xfe,
    0x55, 0x26, 0x21, 0x37, 0xdc, 0x94, 0x0, 0xff,
    0xe2, 0xe8, 0x7, 0xff, 0x5, 0x8c, 0x3, 0xfd,
    0x1d, 0x6a, 0x40, 0x1f, 0xe1, 0x6b, 0xd5, 0x0,
    0xff, 0xe1, 0x8d, 0x0, 0x7f, 0xf0, 0x74, 0xc0,
    0x3e, 0x4e, 0x71, 0x0, 0xff, 0xe2, 0x15, 0x58,
    0x80, 0x7f, 0xf0, 0x95, 0x0, 0x3f, 0xf8, 0x3,
    0x90, 0x60, 0x1, 0x5c, 0xb1, 0x0, 0xff, 0xe4,
    0x27, 0x98, 0x7, 0xff, 0xa, 0x0, 0x3f, 0xf8,
    0x4f, 0x9f, 0xee, 0xa3, 0x0, 0xff, 0xe5, 0x8e,
    0x18, 0x7, 0xff, 0x4, 0xd4, 0x3, 0xff, 0xc3,
    0x84, 0x1, 0xff, 0xc1, 0x90, 0xf, 0xff, 0x16,
    0x8, 0x7, 0xff, 0x0, 0xcc, 0x1, 0xff, 0xe1,
    0x1b, 0x0, 0xff, 0xe0, 0xd0, 0x7, 0xff, 0x89,
    0x50, 0x3, 0xff, 0x80, 0xe0, 0x1f, 0xfe, 0x38,
    0x0, 0xff, 0xe0, 0x9, 0x0, 0x7f, 0xf8, 0x8c,
    0xc0, 0x1f, 0xfc, 0x4, 0x0, 0xff, 0xf1, 0xd0,
    0x7, 0xff, 0x3, 0x0, 0x3f, 0xfc, 0x6e, 0x1,
    0xff, 0xc0, 0x70, 0xf, 0xff, 0x18, 0x98, 0x7,
    0xfc, 0x40, 0x1f, 0xfe, 0x45, 0x0, 0xff, 0xe0,
    0x10, 0x7, 0xff, 0x8f, 0xc0, 0x3f, 0xf8, 0x2,
    0x1, 0xff, 0xe3, 0x20, 0xf, 0xfe, 0x3, 0x0,
    0x7f, 0xf8, 0xd8, 0x3, 0xff, 0x80, 0x60, 0x1f,
    0xfe, 0x33, 0x0, 0xff, 0xf8, 0x8, 0x7, 0xff,
    0x0, 0x40, 0x3f, 0xff, 0xe0, 0x1f, 0xff, 0xf0,
    0xf, 0xfe, 0x38, 0x80, 0x7f, 0xf0, 0x4, 0x3,
    0xff, 0xc6, 0x60, 0x1f, 0xff, 0x6, 0x0, 0xff,
    0xe0, 0x10, 0x7, 0xff, 0x8c, 0x80, 0x3f, 0xf8,
    0xc, 0x1, 0xff, 0xe3, 0xf0, 0xf, 0xfe, 0x1,
    0x0, 0x7f, 0xf8, 0xd4, 0x3, 0xfe, 0x10, 0xf,
    0xff, 0x18, 0x98, 0x7, 0xfc, 0xa0, 0x1f, 0xfe,
    0x37, 0x0, 0xff, 0xe0, 0x60, 0x7, 0xff, 0x8e,
    0x80, 0x3f, 0xf8, 0x8, 0x1, 0xff, 0xe2, 0x33,
    0x0, 0x7f, 0xc2, 0x60, 0x1f, 0xfe, 0x28, 0x0,
    0xff, 0xe0, 0x38, 0x7, 0xc4, 0x20, 0x1f, 0xfd,
    0x94, 0x40, 0x7, 0xff, 0x3, 0x40, 0x39, 0x7b,
    0x7a, 0x84, 0x3, 0xff, 0xac, 0x34, 0x1, 0xff,
    0xc0, 0x24, 0x0, 0xcd, 0x42, 0x0, 0x5f, 0x20,
    0xf, 0xfe, 0xad, 0x8, 0x7, 0xff, 0x2, 0xc0,
    0x31, 0xc8, 0x7, 0xe, 0x18, 0x7, 0xff, 0x4e,
    0x50, 0x3, 0xff, 0x80, 0x2c, 0x1, 0xbc, 0x3,
    0xe1, 0xc6, 0x0, 0xff, 0xe8, 0xcb, 0x0, 0x7f,
    0xf0, 0x60, 0x3, 0x11, 0x80, 0x7f, 0x4d, 0x8,
    0x7, 0xff, 0x34, 0x6d, 0x80, 0x3f, 0xf8, 0x26,
    0xc0, 0x19, 0xc0, 0x3f, 0xe5, 0xe7, 0x0, 0xff,
    0xe5, 0xa7, 0xa0, 0x7, 0xff, 0xb, 0xc0, 0x38,
    0x40, 0x3f, 0xf8, 0x31, 0xf2, 0x60, 0x1f, 0xfc,
    0x63, 0xbb, 0x8, 0x7, 0xff, 0xa, 0x4c, 0x3,
    0x90, 0x3, 0xff, 0x86, 0xd9, 0xd2, 0xa4, 0x1,
    0xff, 0x13, 0xe6, 0x10, 0x3, 0xff, 0x86, 0xac,
    0x1, 0xf4, 0x80, 0x7f, 0xf1, 0x5, 0xab, 0x7f,
    0x6e, 0xa6, 0x21, 0x35, 0x9d, 0xb0, 0x60, 0x1f,
    0xfc, 0x43, 0xa0, 0xf, 0xcd, 0x0, 0x1f, 0xfc,
    0x82, 0x45, 0x67, 0x73, 0x29, 0x88, 0x7, 0xff,
    0x18, 0xf0, 0x3, 0xfc, 0xf2, 0x1, 0xff, 0xe2,
    0x3d, 0x0, 0xff, 0xe0, 0x35, 0x80, 0x7f, 0xf8,
    0x17, 0x4, 0x3, 0xff, 0x82, 0x9a, 0x60, 0x1f,
    0xfd, 0xd7, 0xa0, 0xf, 0xfe, 0x21, 0x63, 0x80,
    0x7f, 0xf6, 0x87, 0x20, 0x3, 0xff, 0x8f, 0x1a,
    0xa0, 0x1f, 0xfd, 0x76, 0xf3, 0x0, 0xff, 0xe4,
    0x95, 0x62, 0x80, 0x7f, 0xf4, 0xd3, 0x64, 0x40,
    0x3f, 0xf9, 0x87, 0x5d, 0x4, 0x1, 0xff, 0xce,
    0x5d, 0xb2, 0x0, 0xff, 0xe8, 0xb, 0xef, 0x4a,
    0x8, 0x7, 0xff, 0x1d, 0x2b, 0xe8, 0x80, 0x3f,
    0xfa, 0xa2, 0xd7, 0xdc, 0xb8, 0x65, 0x32, 0x10,
    0xc, 0x24, 0x8d, 0x39, 0xf6, 0xa0, 0x1f, 0xfc,
    0x90,

    /* U+0036 "6" */
    0x0, 0xff, 0xe8, 0x12, 0xc5, 0x6e, 0xbb, 0xfe,
    0xed, 0xba, 0x74, 0x10, 0xf, 0xfe, 0xe2, 0x4f,
    0x6d, 0x3a, 0x91, 0x4, 0x2, 0x12, 0x45, 0x8b,
    0xec, 0x82, 0x0, 0xff, 0xeb, 0xb, 0xf5, 0xb0,
    0x80, 0x7f, 0xf1, 0x4d, 0xf6, 0xd0, 0x3, 0xff,
    0xa7, 0x1d, 0x2, 0x1, 0xff, 0xcb, 0x4b, 0xb1,
    0x0, 0x7f, 0xf3, 0xd7, 0x9c, 0x3, 0xff, 0xa0,
    0x9a, 0xa0, 0x1f, 0xfc, 0xc1, 0xba, 0x10, 0xf,
    0xfe, 0x9d, 0x38, 0x7, 0xff, 0x28, 0xfd, 0x0,
    0x3f, 0xfa, 0xd0, 0xe0, 0x1f, 0xfc, 0x85, 0xc1,
    0x0, 0xff, 0xec, 0x43, 0x0, 0x7f, 0xf1, 0x9a,
    0x80, 0x3f, 0xfb, 0x72, 0x20, 0x1f, 0xfc, 0x47,
    0x90, 0xf, 0xfe, 0xeb, 0x80, 0x7f, 0xf0, 0xda,
    0x0, 0x3f, 0xf8, 0xc6, 0xac, 0xee, 0x65, 0x41,
    0x0, 0xff, 0xe1, 0x88, 0x7, 0xff, 0x9, 0x24,
    0x3, 0xff, 0x86, 0x2d, 0x9f, 0x95, 0x31, 0x9,
    0xab, 0xef, 0xb6, 0x10, 0xf, 0xf8, 0xc0, 0x3f,
    0xf8, 0x25, 0x60, 0x1f, 0xfc, 0x21, 0x8e, 0x93,
    0x0, 0xff, 0x92, 0x7a, 0x0, 0x3f, 0x85, 0x0,
    0x3f, 0xf8, 0x3e, 0x1, 0xff, 0xc2, 0x5f, 0x70,
    0xf, 0xfe, 0x2b, 0xe8, 0x80, 0x7d, 0x40, 0x1f,
    0xfc, 0x19, 0x20, 0xf, 0xfe, 0xd, 0x50, 0x40,
    0x3f, 0xf8, 0xe5, 0xa2, 0x1, 0xd2, 0x80, 0x1f,
    0xfc, 0x4, 0x60, 0xf, 0xfe, 0x0, 0xe2, 0x80,
    0x7f, 0xf2, 0x8f, 0x10, 0x0, 0x78, 0xc0, 0x1f,
    0xfc, 0x19, 0x0, 0xff, 0xe0, 0xe9, 0x80, 0x7f,
    0xf3, 0xa, 0xfb, 0x98, 0x60, 0x1f, 0xfc, 0x17,
    0x20, 0xf, 0xfe, 0x6, 0x18, 0x7, 0xff, 0x3c,
    0x44, 0x1, 0xff, 0xc3, 0x90, 0xf, 0xfe, 0x4,
    0x98, 0x7, 0xff, 0x82, 0x4, 0x3, 0xfe, 0x66,
    0x0, 0x7f, 0xf8, 0x58, 0x3, 0xfe, 0x19, 0x0,
    0xff, 0xf0, 0xb0, 0x80, 0x7f, 0xd4, 0x1, 0xff,
    0xe2, 0xb0, 0xf, 0xf9, 0x50, 0x3, 0xff, 0xc2,
    0x64, 0x1, 0xff, 0x40, 0x7, 0xff, 0x8a, 0x80,
    0x3f, 0xe5, 0x20, 0xf, 0xff, 0x13, 0x80, 0x7f,
    0xd0, 0x1, 0xff, 0xe2, 0x31, 0x0, 0xff, 0x19,
    0x0, 0x7f, 0xf8, 0xac, 0x3, 0xfe, 0x90, 0xf,
    0xff, 0x1a, 0x80, 0x7f, 0xca, 0x1, 0xff, 0xe3,
    0x20, 0xf, 0xf2, 0x0, 0x7f, 0xf8, 0xd0, 0x3,
    0xfe, 0xd0, 0xf, 0xff, 0x1e, 0x0, 0x7f, 0xc8,
    0x1, 0xff, 0xe3, 0x30, 0xf, 0xf0, 0x90, 0x7,
    0xff, 0x8d, 0x40, 0x3f, 0xc8, 0x1, 0xff, 0xe3,
    0x11, 0x0, 0x7f, 0xb4, 0x3, 0xff, 0xc6, 0x40,
    0x1f, 0xf1, 0x80, 0x7f, 0xf8, 0xd4, 0x3, 0xfe,
    0x50, 0xf, 0xff, 0x1f, 0x0, 0x7f, 0xc2, 0x1,
    0xff, 0xc2, 0x24, 0x67, 0x74, 0x3b, 0x29, 0x88,
    0x7, 0xff, 0x28, 0x80, 0x3f, 0xc2, 0x1, 0xff,
    0xc0, 0x19, 0xed, 0xb9, 0x88, 0x3c, 0x4d, 0x67,
    0x7d, 0xc1, 0x80, 0x7f, 0xf1, 0x84, 0x3, 0xfc,
    0x40, 0x1f, 0xe1, 0x8e, 0x61, 0x0, 0xff, 0xe0,
    0x23, 0xe6, 0xc0, 0x80, 0x7f, 0xf0, 0xd8, 0x3,
    0xfc, 0xc0, 0x1f, 0xcd, 0xee, 0x1, 0xff, 0xc6,
    0x27, 0xe9, 0x10, 0xf, 0xfe, 0x9, 0x80, 0x7f,
    0x8c, 0x3, 0xe1, 0xc9, 0x10, 0xf, 0xfe, 0x53,
    0x7b, 0x0, 0x7f, 0xf0, 0x4, 0x3, 0xff, 0x8a,
    0xbe, 0x60, 0x1f, 0xfc, 0xd1, 0x9a, 0x0, 0xff,
    0x8, 0x7, 0xfc, 0x20, 0x1d, 0x14, 0x20, 0x1f,
    0xfd, 0x5, 0xd1, 0x0, 0xff, 0xe6, 0xd, 0xb8,
    0x7, 0xff, 0x4c, 0xbc, 0x80, 0x3e, 0x30, 0xf,
    0xf8, 0x80, 0x9, 0xe8, 0x1, 0xff, 0xd5, 0x1c,
    0x10, 0xf, 0xfe, 0x32, 0xcd, 0xd8, 0x40, 0x3f,
    0xfa, 0xe3, 0xa0, 0x1e, 0x10, 0xf, 0xfe, 0x3,
    0x20, 0x7, 0xfc, 0x4f, 0x5b, 0xdf, 0xee, 0xc9,
    0x61, 0x0, 0xff, 0xe1, 0x9c, 0x0, 0x7f, 0xf4,
    0x5b, 0x36, 0x14, 0x84, 0x0, 0x26, 0xd3, 0xd6,
    0x60, 0x1f, 0xfc, 0x27, 0x30, 0xf, 0xfe, 0x73,
    0x74, 0x98, 0x7, 0xff, 0x1, 0x32, 0x84, 0x3,
    0xff, 0x83, 0xc0, 0x1f, 0xfc, 0xc3, 0xd9, 0x10,
    0xf, 0xfe, 0x22, 0xf9, 0x0, 0x7f, 0xf0, 0x9,
    0x40, 0x3f, 0xf9, 0x51, 0x84, 0x1, 0xff, 0xc7,
    0x1c, 0x20, 0xf, 0xfe, 0x4, 0x0, 0x42, 0x1,
    0xff, 0xc4, 0x1b, 0x70, 0xf, 0xfe, 0x50, 0xe0,
    0x80, 0x7f, 0xc4, 0x80, 0x1f, 0xfc, 0x61, 0xc4,
    0x0, 0xff, 0xe6, 0xd, 0x80, 0x7f, 0xf0, 0x38,
    0x3, 0xff, 0x8a, 0x38, 0x40, 0x1f, 0xfc, 0xe5,
    0x40, 0xf, 0xf9, 0x40, 0x6, 0x1, 0xff, 0xc2,
    0xd2, 0x0, 0xff, 0xe8, 0x48, 0x7, 0xff, 0x1,
    0x0, 0x40, 0x3f, 0xf8, 0x36, 0x60, 0x1f, 0xfd,
    0x12, 0x40, 0xf, 0xfb, 0x0, 0x3f, 0xf8, 0x4e,
    0x80, 0x1f, 0xfd, 0x3e, 0x0, 0xff, 0x90, 0x0,
    0x20, 0x1f, 0xe3, 0x80, 0xf, 0xfe, 0xa2, 0x80,
    0x7f, 0xc6, 0x0, 0x30, 0xf, 0xf3, 0x80, 0x7f,
    0xf5, 0x90, 0x3, 0xfe, 0x20, 0x60, 0xf, 0xf3,
    0x80, 0x7f, 0xf5, 0x8c, 0x3, 0xfe, 0x70, 0x10,
    0xf, 0xf1, 0x0, 0x7f, 0xf5, 0xb4, 0x3, 0xfe,
    0x20, 0x20, 0xf, 0xf0, 0x80, 0x7f, 0xf5, 0x9c,
    0x3, 0xfe, 0xf0, 0xd0, 0xf, 0xf8, 0x40, 0x3f,
    0xfa, 0xa6, 0x1, 0xff, 0x10, 0x30, 0x7, 0xfc,
    0xa0, 0x1f, 0xfd, 0x51, 0x0, 0xff, 0xe0, 0x90,
    0x7, 0xfc, 0x40, 0x1f, 0xfd, 0x61, 0x0, 0xff,
    0x8, 0x8, 0x80, 0x3f, 0xde, 0x1, 0xff, 0xe4,
    0x50, 0xf, 0xf2, 0x80, 0x7f, 0xf9, 0xc, 0x3,
    0xfc, 0x60, 0x1f, 0xfe, 0x11, 0x0, 0x68, 0x7,
    0xfc, 0x60, 0x1f, 0xfd, 0x51, 0x0, 0xff, 0xe0,
    0xb8, 0x7, 0xfc, 0x80, 0x1f, 0xfe, 0x3, 0x0,
    0x11, 0x0, 0x3f, 0xd8, 0x1, 0xff, 0xd4, 0x20,
    0xf, 0xfb, 0x80, 0x24, 0x0, 0xff, 0x20, 0x7,
    0xff, 0x51, 0x80, 0x3f, 0xe2, 0x0, 0xb4, 0x3,
    0xfe, 0x50, 0xf, 0xfe, 0x99, 0x80, 0x7f, 0xcc,
    0x1, 0x20, 0x7, 0xfd, 0xc0, 0x1f, 0xfd, 0x3c,
    0x0, 0xff, 0x8c, 0x3, 0x20, 0x7, 0xf9, 0x4,
    0x3, 0xff, 0xa4, 0xa0, 0x1f, 0xe2, 0x0, 0xee,
    0x0, 0xff, 0xa4, 0x3, 0xff, 0xa2, 0x82, 0x1,
    0xfe, 0x40, 0xe, 0x51, 0x0, 0xff, 0x30, 0x7,
    0xff, 0x47, 0x40, 0x3f, 0xec, 0x0, 0xf3, 0x80,
    0x7f, 0x86, 0x0, 0x3f, 0xf9, 0xe2, 0xc0, 0x1f,
    0xf2, 0x80, 0x7a, 0xc0, 0x3f, 0xe7, 0x10, 0xf,
    0xfe, 0x73, 0x0, 0x7f, 0xc8, 0x1, 0xf1, 0x28,
    0x7, 0xfd, 0x40, 0x1f, 0xfc, 0xd1, 0x80, 0xf,
    0xfb, 0x80, 0x3f, 0x40, 0x7, 0xfc, 0x8c, 0x1,
    0xff, 0xcc, 0xb0, 0xf, 0xf8, 0x54, 0x3, 0xf1,
    0x28, 0x7, 0xfd, 0x28, 0x1, 0xff, 0xca, 0x65,
    0x0, 0xff, 0xa4, 0x3, 0xfd, 0x0, 0x1f, 0xfc,
    0xb, 0x30, 0xf, 0xfe, 0x42, 0x48, 0x7, 0xfc,
    0x2e, 0x1, 0xfe, 0x28, 0x0, 0xff, 0xe0, 0x62,
    0x0, 0x7f, 0xf1, 0x92, 0xc0, 0x3f, 0xf8, 0x10,
    0x1, 0xff, 0xc0, 0x73, 0x0, 0xff, 0xe0, 0x5b,
    0x80, 0x7f, 0xf1, 0x1a, 0xc0, 0x3f, 0xf8, 0x6,
    0xc0, 0x1f, 0xfc, 0x1e, 0x0, 0xff, 0xe0, 0xc6,
    0xa0, 0x7, 0xff, 0x0, 0xae, 0x40, 0x3f, 0xf8,
    0x3c, 0x1, 0xff, 0xc2, 0x2b, 0x0, 0xff, 0xe0,
    0x95, 0xec, 0x18, 0x7, 0x85, 0x6f, 0x50, 0x3,
    0xff, 0x83, 0x24, 0x1, 0xff, 0xc3, 0x48, 0x0,
    0xff, 0xe1, 0x13, 0xe7, 0xf6, 0x63, 0x7b, 0x94,
    0x80, 0x1f, 0xfc, 0x26, 0x60, 0x7, 0xff, 0x15,
    0xdc, 0x1, 0xff, 0xc5, 0x13, 0x31, 0x8, 0x7,
    0xff, 0x11, 0x64, 0x3, 0xff, 0x8f, 0xc, 0x1,
    0xff, 0xd8, 0x4a, 0x0, 0xff, 0xe4, 0xcb, 0x80,
    0x7f, 0xf5, 0x96, 0xc0, 0x3f, 0xf9, 0x71, 0x60,
    0x1f, 0xfd, 0x48, 0xa0, 0xf, 0xfe, 0x6a, 0x6a,
    0x0, 0x7f, 0xf4, 0x6, 0xdc, 0x3, 0xff, 0x9e,
    0x57, 0x42, 0x1, 0xff, 0xcd, 0x7e, 0x40, 0xf,
    0xfe, 0x92, 0xf4, 0x90, 0x7, 0xff, 0x25, 0xb6,
    0x0, 0x3f, 0xfa, 0xcd, 0xb6, 0xc2, 0x1, 0xff,
    0xc3, 0x38, 0xe9, 0x20, 0xf, 0xfe, 0xca, 0x4f,
    0x64, 0xba, 0x10, 0x80, 0x42, 0x48, 0xf5, 0xd8,
    0xe2, 0x1, 0xff, 0xc5,

    /* U+0037 "7" */
    0x0, 0xc, 0x67, 0x77, 0xff, 0x9f, 0x6d, 0x40,
    0x21, 0xc7, 0x31, 0x1f, 0xff, 0x39, 0x25, 0x40,
    0x2, 0x8, 0x3, 0xff, 0xd8, 0xe2, 0xe, 0x1,
    0xff, 0xee, 0x41, 0x10, 0x7, 0xff, 0xfc, 0x3,
    0xff, 0xc0, 0xc0, 0x1f, 0xff, 0x3, 0x11, 0x0,
    0x7f, 0xfb, 0x50, 0x0, 0x80, 0x1f, 0xfe, 0xde,
    0x0, 0x40, 0x80, 0x7f, 0xfa, 0xc9, 0x40, 0x5,
    0xec, 0x20, 0x1f, 0xfe, 0x99, 0x0, 0xc3, 0x3d,
    0xff, 0xff, 0xdc, 0x40, 0xf, 0xf9, 0x90, 0x3,
    0xff, 0xc4, 0x28, 0x1, 0xfe, 0x29, 0x0, 0xff,
    0xf1, 0xd0, 0x7, 0xfd, 0xe0, 0x1f, 0xfe, 0x36,
    0x40, 0xf, 0xf4, 0x90, 0x7, 0xff, 0x88, 0xa4,
    0x3, 0xfc, 0xac, 0x1, 0xff, 0xe3, 0xe0, 0xf,
    0xf0, 0xd0, 0x7, 0xff, 0x8d, 0xcc, 0x3, 0xfd,
    0x40, 0x1f, 0xfe, 0x32, 0x80, 0xf, 0xf3, 0x20,
    0x7, 0xff, 0x8e, 0x40, 0x3f, 0xc5, 0x20, 0x1f,
    0xfe, 0x36, 0x40, 0xf, 0xf4, 0x80, 0x7f, 0xf8,
    0xc6, 0x0, 0x3f, 0xca, 0x80, 0x1f, 0xfe, 0x38,
    0x10, 0xf, 0xe1, 0xb0, 0xf, 0xff, 0x19, 0x30,
    0x7, 0xfa, 0x4, 0x3, 0xff, 0xc7, 0x20, 0x1f,
    0xe3, 0x60, 0xf, 0xff, 0x1a, 0xa0, 0x7, 0xfa,
    0x0, 0x3f, 0xfc, 0x90, 0x1, 0xfe, 0x44, 0x0,
    0x7f, 0xf8, 0xd8, 0x80, 0x3f, 0xd2, 0x1, 0xff,
    0xe4, 0x80, 0xf, 0xf3, 0x10, 0x7, 0xff, 0x8d,
    0xc4, 0x3, 0xfd, 0x60, 0x1f, 0xfe, 0x49, 0x0,
    0xff, 0x31, 0x0, 0x7f, 0xf8, 0xd8, 0x40, 0x3f,
    0xd6, 0x1, 0xff, 0xe4, 0x80, 0xf, 0xf2, 0x90,
    0x7, 0xff, 0x8d, 0x84, 0x3, 0xfd, 0x20, 0x1f,
    0xfe, 0x4b, 0x0, 0xff, 0x19, 0x80, 0x3f, 0xfc,
    0x68, 0x40, 0x1f, 0xe9, 0x0, 0xff, 0xf2, 0x78,
    0x7, 0xf8, 0x54, 0x3, 0xff, 0xc6, 0x48, 0x1,
    0xfe, 0x90, 0xf, 0xff, 0x25, 0x0, 0x7f, 0xcc,
    0x1, 0xff, 0xe4, 0x60, 0xf, 0xf2, 0x8, 0x7,
    0xff, 0x8d, 0x44, 0x3, 0xfd, 0xc0, 0x1f, 0xfe,
    0x4e, 0x0, 0xff, 0x94, 0x3, 0xff, 0xc6, 0x28,
    0x1, 0xfe, 0x50, 0xf, 0xff, 0x23, 0x0, 0x7f,
    0xde, 0x1, 0xff, 0xe4, 0xa0, 0xf, 0xf9, 0x40,
    0x3f, 0xfc, 0x64, 0x40, 0xf, 0xf2, 0x80, 0x7f,
    0xf9, 0x14, 0x3, 0xfe, 0xf0, 0xf, 0xff, 0x25,
    0x0, 0x7f, 0xc8, 0x1, 0xff, 0xe3, 0x22, 0x0,
    0x7f, 0x88, 0x40, 0x3f, 0xfc, 0x68, 0x1, 0xff,
    0x28, 0x7, 0xff, 0x93, 0x40, 0x3f, 0xec, 0x0,
    0xff, 0xf2, 0x20, 0x7, 0xfc, 0x80, 0x1f, 0xfe,
    0x34, 0x0, 0xff, 0x8c, 0x3, 0xff, 0xc9, 0x80,
    0x1f, 0xf2, 0x0, 0x7f, 0xf9, 0x10, 0x3, 0xfe,
    0xd0, 0xf, 0xff, 0x18, 0x98, 0x7, 0xfc, 0x80,
    0x1f, 0xfe, 0x35, 0x0, 0xff, 0x88, 0x40, 0x3f,
    0xfc, 0x78, 0x1, 0xff, 0x38, 0x7, 0xff, 0x91,
    0x0, 0x3f, 0xed, 0x0, 0xff, 0xf2, 0x18, 0x7,
    0xfc, 0x60, 0x1f, 0xfe, 0x33, 0x0, 0xff, 0xe0,
    0x28, 0x7, 0xff, 0x8d, 0x40, 0x3f, 0xe1, 0x10,
    0x7, 0xff, 0x8f, 0x0, 0x3f, 0xe5, 0x0, 0xff,
    0xf2, 0x38, 0x7, 0xfc, 0x40, 0x1f, 0xfe, 0x42,
    0x0, 0xff, 0xbc, 0x3, 0xff, 0xc6, 0x60, 0x1f,
    0xfc, 0x5, 0x0, 0xff, 0xf1, 0xa8, 0x7, 0xff,
    0x0, 0x80, 0x3f, 0xfc, 0x7e, 0x1, 0xff, 0xc0,
    0x10, 0xf, 0xff, 0x19, 0x0, 0x7f, 0xc4, 0x1,
    0xff, 0xe4, 0x50, 0xf, 0xf9, 0xc0, 0x3f, 0xfc,
    0x82, 0x1, 0xff, 0x10, 0x7, 0xff, 0x8c, 0x80,
    0x3f, 0xf8, 0x1c, 0x1, 0xff, 0xe3, 0x70, 0xf,
    0xfe, 0x1, 0x0, 0x7f, 0xf8, 0xc8, 0x3, 0xff,
    0x80, 0xe0, 0x1f, 0xfe, 0x3e, 0x0, 0xff, 0xe0,
    0x10, 0x7, 0xff, 0x8c, 0x80, 0x3f, 0xf8, 0x2,
    0x1, 0xff, 0xe3, 0x60, 0xf, 0xf8, 0x40, 0x3f,
    0xfc, 0x86, 0x1, 0xff, 0x10, 0x7, 0xff, 0x90,
    0x40, 0x3f, 0xe7, 0x0, 0xff, 0xf1, 0x90, 0x7,
    0xff, 0x0, 0x40, 0x3f, 0xfc, 0x62, 0x1, 0xff,
    0xc0, 0x20, 0xf, 0xff, 0x1b, 0x0, 0x7f, 0xf0,
    0x3c, 0x3, 0xff, 0xc6, 0x60, 0x1f, 0xfc, 0x1,
    0x0, 0xff, 0xf1, 0x88, 0x7, 0xff, 0x0, 0xc0,
    0x3f, 0xfc, 0x7c, 0x1, 0xff, 0xc0, 0x10, 0xf,
    0xff, 0x19, 0x80, 0x7f, 0xf0, 0x1c, 0x3, 0xff,
    0xe0, 0x20, 0x1f, 0xfe, 0x31, 0x0, 0xff, 0xe0,
    0x18, 0x7, 0xff, 0x8d, 0xc0, 0x3f, 0xf8, 0x2,
    0x1, 0xff, 0xe3, 0x10, 0xf, 0xff, 0xe0, 0x80,
    0x7f, 0xf9, 0x1c, 0x3, 0xfe, 0x50, 0xf, 0xff,
    0x27, 0x0, 0x7f, 0xde, 0x1, 0xff, 0xe4, 0x47,
    0x0, 0xfe, 0x84, 0x0, 0xff, 0xf2, 0xc6, 0x31,
    0x0, 0x44, 0xda, 0xe0, 0x1f, 0xfd, 0x10,

    /* U+0038 "8" */
    0x0, 0xff, 0xe5, 0x8a, 0x45, 0x67, 0x73, 0xfe,
    0xed, 0xb9, 0x63, 0x0, 0xff, 0xef, 0x14, 0x6f,
    0x5b, 0xa9, 0x88, 0x80, 0x21, 0x24, 0x69, 0xcf,
    0xa5, 0x0, 0xff, 0xec, 0xae, 0x6b, 0x90, 0x7,
    0xff, 0x15, 0x6b, 0xa0, 0x40, 0x3f, 0xfa, 0x89,
    0x94, 0x60, 0x1f, 0xfc, 0xa1, 0x7e, 0x70, 0xf,
    0xfe, 0x94, 0xd9, 0x80, 0x7f, 0xf3, 0xe3, 0x8,
    0x3, 0xff, 0x9c, 0x7c, 0xc0, 0x1f, 0xfd, 0x23,
    0xd5, 0x0, 0xff, 0xe6, 0x2e, 0x8, 0x7, 0xff,
    0x56, 0x98, 0x3, 0xff, 0x94, 0xb4, 0x1, 0xff,
    0xd8, 0x96, 0x0, 0xff, 0xe4, 0x25, 0x0, 0x7f,
    0xf6, 0xa5, 0x40, 0x3f, 0xf8, 0xc5, 0x60, 0x1f,
    0xfc, 0x43, 0x68, 0x99, 0x3b, 0x20, 0x7, 0xff,
    0x12, 0x8c, 0x3, 0xff, 0x8b, 0xe0, 0x1f, 0xfc,
    0x24, 0xaf, 0xc9, 0x76, 0x64, 0x4d, 0xfd, 0xa0,
    0x7, 0xff, 0xb, 0x80, 0x3f, 0xf8, 0x90, 0x40,
    0x1f, 0xfc, 0x2, 0xbb, 0x28, 0x7, 0xf9, 0x2f,
    0xc, 0x3, 0xff, 0x80, 0x52, 0x1, 0xff, 0xc2,
    0x27, 0x0, 0xff, 0xe0, 0x2e, 0xa0, 0x7, 0xff,
    0x8, 0xf1, 0x80, 0x3f, 0xf8, 0xc, 0x40, 0x1f,
    0xfc, 0x18, 0x0, 0xff, 0xe0, 0x3d, 0x0, 0x7f,
    0xf1, 0xa6, 0x0, 0x3f, 0xf8, 0x10, 0x1, 0xff,
    0xc0, 0x25, 0x0, 0xff, 0x96, 0x0, 0x3f, 0xf9,
    0xe, 0xe0, 0xf, 0xf9, 0x48, 0x3, 0xfe, 0x50,
    0xf, 0xf8, 0xa8, 0x3, 0xff, 0x95, 0x8, 0x1,
    0xff, 0x50, 0x7, 0xfd, 0x40, 0x1f, 0xf4, 0x80,
    0x7f, 0xf3, 0x28, 0x3, 0xfe, 0x50, 0xf, 0xf1,
    0x10, 0x3, 0xfc, 0x68, 0x1, 0xff, 0xcc, 0x18,
    0x0, 0xff, 0x11, 0x80, 0x7f, 0x38, 0x7, 0xfd,
    0x40, 0x1f, 0xfc, 0xe7, 0x10, 0xf, 0xf2, 0x80,
    0x7f, 0x60, 0x7, 0xfc, 0xe0, 0x1f, 0xfc, 0xf7,
    0x0, 0xff, 0x60, 0x7, 0xf1, 0x0, 0x7f, 0x8c,
    0x40, 0x3f, 0xf9, 0xf4, 0x1, 0xfe, 0x70, 0xf,
    0xe6, 0x0, 0xff, 0x28, 0x7, 0xff, 0x40, 0xc0,
    0x3f, 0xc4, 0x1, 0xfc, 0x60, 0x1f, 0xee, 0x0,
    0xff, 0xe8, 0x98, 0x7, 0xf8, 0x40, 0x3f, 0x8,
    0x7, 0xf8, 0x40, 0x3f, 0xfa, 0x2c, 0x1, 0xfe,
    0x30, 0xf, 0xff, 0x29, 0x0, 0x7f, 0x84, 0x3,
    0xf0, 0x80, 0x7f, 0xfc, 0xc, 0x3, 0xfc, 0x20,
    0x1f, 0xfd, 0xc1, 0x0, 0xfc, 0x20, 0x1f, 0xee,
    0x0, 0xff, 0xe8, 0x88, 0x7, 0xf8, 0xc0, 0x3f,
    0x28, 0x7, 0xf9, 0x0, 0x3f, 0xfa, 0x24, 0x1,
    0xfe, 0x10, 0xf, 0xde, 0x1, 0xfe, 0x21, 0x0,
    0xff, 0xe8, 0x30, 0x7, 0xf1, 0x0, 0x7f, 0x28,
    0x7, 0xfc, 0xc0, 0x1f, 0xfc, 0xf1, 0x20, 0xf,
    0xe4, 0x0, 0xfe, 0x31, 0x0, 0xff, 0x48, 0x7,
    0xff, 0x3d, 0x0, 0x3f, 0xde, 0x1, 0xfe, 0x70,
    0xf, 0xf0, 0xb8, 0x7, 0xff, 0x3b, 0xc0, 0x3f,
    0xce, 0x1, 0xfe, 0xa0, 0xf, 0xfa, 0xc, 0x3,
    0xff, 0x98, 0x2a, 0x1, 0xfc, 0x82, 0x1, 0xfe,
    0x33, 0x0, 0x7f, 0xda, 0x20, 0x1f, 0xfc, 0xb6,
    0x0, 0xff, 0x70, 0x7, 0xff, 0x2, 0x0, 0x3f,
    0xe1, 0xc2, 0x0, 0xff, 0xe5, 0x48, 0x7, 0xf1,
    0x28, 0x7, 0xff, 0x1, 0x10, 0x1, 0xff, 0x16,
    0x20, 0x7, 0xff, 0x21, 0xc4, 0x3, 0xfa, 0x0,
    0x3f, 0xf8, 0x54, 0x1, 0xff, 0xc0, 0x1b, 0x90,
    0xf, 0xfe, 0x30, 0xc0, 0x7, 0xf1, 0xa8, 0x7,
    0xff, 0x8, 0x64, 0x3, 0xff, 0x82, 0xdc, 0xa0,
    0x1f, 0xfc, 0x4d, 0x0, 0xff, 0x78, 0x7, 0xff,
    0x11, 0x94, 0x3, 0xff, 0x82, 0x35, 0x64, 0x1,
    0xff, 0xc1, 0x73, 0x0, 0xfe, 0x73, 0x0, 0xff,
    0xe2, 0xd1, 0x80, 0x7f, 0xf0, 0x93, 0x64, 0x40,
    0x3f, 0xcb, 0x0, 0x1f, 0xc7, 0x0, 0x1f, 0xfc,
    0x7d, 0x20, 0xf, 0xfe, 0x1b, 0x74, 0x90, 0x7,
    0xc7, 0x40, 0x1f, 0xee, 0x0, 0xff, 0xe4, 0xe,
    0x18, 0x7, 0xff, 0x11, 0xb6, 0x88, 0x3, 0x1e,
    0x80, 0x7f, 0xa8, 0x80, 0x3f, 0xf9, 0x23, 0x86,
    0x1, 0xff, 0xc5, 0x5d, 0xb4, 0x3, 0xd1, 0x0,
    0xfe, 0x75, 0x0, 0xff, 0xe6, 0x63, 0x0, 0x7f,
    0xf1, 0x92, 0xf7, 0x4, 0x3, 0xf9, 0x60, 0x3,
    0xff, 0x9d, 0x34, 0x1, 0xff, 0xc7, 0x20, 0xf,
    0xf2, 0x50, 0x7, 0xff, 0x44, 0x40, 0x3f, 0xfa,
    0x7, 0x60, 0x1f, 0xfd, 0x9, 0xa1, 0x0, 0xff,
    0xe7, 0x9e, 0x0, 0x7f, 0xf3, 0xcb, 0x58, 0x3,
    0xff, 0xa3, 0xe0, 0x1f, 0xfc, 0xf4, 0xd2, 0x0,
    0xff, 0xe9, 0x63, 0x80, 0x7f, 0xf3, 0x5e, 0xc0,
    0x3f, 0xe2, 0x0, 0xff, 0xe4, 0xc6, 0x10, 0x7,
    0xff, 0x2a, 0x20, 0x1, 0xfe, 0x3d, 0xd5, 0xa0,
    0x7, 0xff, 0x20, 0xf5, 0x40, 0x3f, 0xf9, 0x10,
    0xe0, 0x1f, 0xe6, 0xc2, 0x4, 0xbd, 0x60, 0xf,
    0xfe, 0x45, 0x38, 0x7, 0xff, 0x19, 0xdc, 0x1,
    0xfe, 0x99, 0x0, 0x71, 0x4f, 0x40, 0x80, 0x7f,
    0xf1, 0xa2, 0x80, 0x3f, 0xf8, 0x8d, 0x0, 0x1f,
    0xea, 0x60, 0xf, 0xc2, 0xfd, 0x46, 0x1, 0xff,
    0xc5, 0x5a, 0x0, 0xff, 0xe1, 0x1c, 0x80, 0x7f,
    0xad, 0x40, 0x3f, 0xf8, 0xb, 0x96, 0x60, 0x1f,
    0xfc, 0x45, 0x90, 0xf, 0xfe, 0x0, 0xe8, 0x7,
    0xfa, 0x50, 0x3, 0xff, 0x86, 0x99, 0x64, 0x1,
    0xff, 0xc3, 0x67, 0x0, 0xff, 0xb4, 0x40, 0x3f,
    0x9d, 0x80, 0x3f, 0xf8, 0xc9, 0xb2, 0x20, 0x1f,
    0xfc, 0x28, 0x40, 0xf, 0xe8, 0x30, 0xf, 0xe2,
    0x80, 0xf, 0xfe, 0x4b, 0x7a, 0x80, 0x7f, 0xf0,
    0xa8, 0x40, 0x3e, 0x27, 0x0, 0xff, 0x78, 0x7,
    0xff, 0x2c, 0x6a, 0x80, 0x1f, 0xfc, 0x11, 0xb0,
    0xf, 0xa4, 0x3, 0xfc, 0xc4, 0x1, 0xff, 0xcd,
    0x5d, 0x10, 0xf, 0xfe, 0x2, 0x98, 0x7, 0x1a,
    0x0, 0x7f, 0xa0, 0x3, 0xff, 0x9e, 0x58, 0x40,
    0x1f, 0xfc, 0x8, 0x0, 0xe9, 0x0, 0xff, 0x30,
    0x80, 0x7f, 0xf4, 0xb, 0xc0, 0x3f, 0xf8, 0x8,
    0x80, 0x8, 0x54, 0x3, 0xfd, 0x40, 0x1f, 0xfd,
    0x22, 0xa0, 0xf, 0xfe, 0x7, 0x0, 0x4e, 0x1,
    0xfe, 0x23, 0x0, 0xff, 0xe9, 0xaa, 0x80, 0x3f,
    0xe5, 0x0, 0xb0, 0x3, 0xfc, 0xa0, 0x1f, 0xfd,
    0x58, 0x0, 0xff, 0xe0, 0x28, 0x1, 0x40, 0x3f,
    0xda, 0x1, 0xff, 0xd5, 0x25, 0x0, 0xff, 0xbc,
    0x8, 0x3, 0xfe, 0x70, 0xf, 0xfe, 0xb7, 0x0,
    0x7f, 0xce, 0xe, 0x1, 0xff, 0x10, 0x7, 0xff,
    0x59, 0x0, 0x3f, 0xe2, 0x2, 0x0, 0xff, 0x8,
    0x7, 0xff, 0x61, 0x0, 0x3f, 0xe3, 0xf0, 0xf,
    0xf1, 0x80, 0x7f, 0xf6, 0x8, 0x3, 0xfe, 0x61,
    0x0, 0xff, 0x8, 0x7, 0xff, 0x63, 0x80, 0x3f,
    0xe3, 0x0, 0xff, 0xf2, 0x8, 0x7, 0xfc, 0x20,
    0x1f, 0xf0, 0x80, 0x7f, 0xf9, 0x44, 0x3, 0xfc,
    0x40, 0x1f, 0xfd, 0x81, 0x0, 0xff, 0x87, 0xc0,
    0x3f, 0xe2, 0x0, 0xff, 0xeb, 0xf8, 0x7, 0xff,
    0x0, 0x80, 0x3f, 0xe5, 0x0, 0xff, 0xeb, 0x98,
    0x7, 0xfc, 0x4e, 0x1, 0xff, 0x58, 0x7, 0xff,
    0x5d, 0x0, 0x3f, 0xe5, 0x21, 0x0, 0xff, 0x19,
    0x0, 0x7f, 0xf5, 0x50, 0x3, 0xfe, 0x11, 0x2,
    0x0, 0x7f, 0xd0, 0x1, 0xff, 0xd5, 0xf0, 0xf,
    0xf9, 0x0, 0x1e, 0x1, 0xff, 0x2a, 0x0, 0x7f,
    0xf4, 0xcd, 0x0, 0x3f, 0xec, 0x0, 0x28, 0x80,
    0x7f, 0xd4, 0x20, 0x1f, 0xfd, 0x2f, 0x0, 0xff,
    0xe0, 0x38, 0x4, 0xc0, 0x1f, 0xf0, 0xe8, 0x7,
    0xff, 0x46, 0xc, 0x3, 0xfe, 0x51, 0x0, 0xa4,
    0x3, 0xff, 0x80, 0x76, 0x1, 0xff, 0xcf, 0x67,
    0x0, 0xff, 0xe0, 0x40, 0x6, 0x18, 0x0, 0xff,
    0xe0, 0x26, 0x90, 0x7, 0xff, 0x31, 0xe4, 0x3,
    0xff, 0x80, 0xc4, 0x1, 0xce, 0x40, 0x1f, 0xfc,
    0x2, 0xd6, 0x0, 0xff, 0xe4, 0x8d, 0xc0, 0x7,
    0xff, 0x0, 0x60, 0x3, 0xef, 0x0, 0xff, 0xe1,
    0x4e, 0xa8, 0x7, 0xff, 0x19, 0xf9, 0x0, 0x3f,
    0xf8, 0x36, 0x20, 0x1f, 0x15, 0x0, 0x7f, 0xf0,
    0x8a, 0xba, 0xc, 0x3, 0xff, 0x80, 0x93, 0xf0,
    0x1, 0xff, 0xc2, 0x65, 0x0, 0xfe, 0x58, 0x0,
    0xff, 0xe1, 0x8b, 0xe7, 0xe4, 0xbb, 0x34, 0xf1,
    0x5b, 0xf6, 0xc0, 0x1f, 0xfc, 0x34, 0x90, 0xf,
    0xf9, 0xe0, 0x3, 0xff, 0x8c, 0x6d, 0x13, 0x34,
    0x3a, 0x90, 0x7, 0xff, 0x15, 0x2c, 0x3, 0xff,
    0x82, 0xf2, 0x1, 0xff, 0xdf, 0x5b, 0x0, 0xff,
    0xe1, 0xb6, 0x8, 0x7, 0xff, 0x72, 0x28, 0x3,
    0xff, 0x8a, 0x7e, 0xa0, 0x1f, 0xfd, 0x91, 0xb7,
    0x0, 0xff, 0xe3, 0x8d, 0x59, 0x0, 0x7f, 0xf5,
    0x9b, 0x90, 0x3, 0xff, 0x94, 0x9b, 0x24, 0x1,
    0xff, 0xd2, 0x5d, 0x90, 0xf, 0xfe, 0x73, 0x6d,
    0x20, 0x7, 0xff, 0x34, 0x5f, 0x68, 0x80, 0x3f,
    0xfa, 0x2b, 0x7d, 0x2a, 0x1, 0xff, 0xc7, 0x26,
    0xbe, 0x82, 0x0, 0xff, 0xea, 0x8b, 0x57, 0xed,
    0x3a, 0x99, 0x8, 0x6, 0x12, 0x46, 0x8b, 0xed,
    0x94, 0x0, 0xff, 0xe3, 0x0,

    /* U+0039 "9" */
    0x0, 0xff, 0xff, 0x80, 0x70, 0xac, 0x5e, 0xf7,
    0xfd, 0xdb, 0x72, 0xc6, 0x1, 0xff, 0xde, 0x17,
    0xce, 0xa7, 0x42, 0x10, 0x8, 0x49, 0x1a, 0x73,
    0xa9, 0x40, 0x3f, 0xfb, 0x25, 0x5d, 0x6, 0x1,
    0xff, 0xc3, 0x15, 0xae, 0x71, 0x0, 0xff, 0xea,
    0xce, 0xa8, 0x7, 0xff, 0x24, 0x63, 0x9c, 0x3,
    0xff, 0xa4, 0x9c, 0xc0, 0x1f, 0xfc, 0xe8, 0xd3,
    0x0, 0xff, 0xe7, 0xc5, 0x88, 0x7, 0xff, 0x40,
    0xb1, 0xc0, 0x3f, 0xf9, 0xb4, 0xe0, 0x1f, 0xfd,
    0x48, 0xb0, 0xf, 0xfe, 0x5d, 0xa8, 0x7, 0xff,
    0x59, 0x30, 0x3, 0xff, 0x93, 0x68, 0x1, 0xff,
    0xd8, 0x3c, 0x10, 0xf, 0xfe, 0x35, 0x20, 0x7,
    0xff, 0x68, 0xf4, 0x3, 0xff, 0x8a, 0xca, 0x1,
    0xff, 0xc2, 0x16, 0xad, 0xff, 0xbb, 0x25, 0x40,
    0x3f, 0xf8, 0x67, 0x40, 0x1f, 0xfc, 0x32, 0x90,
    0xf, 0xfe, 0x8, 0xcf, 0x4a, 0x90, 0x4, 0x26,
    0xd5, 0xf2, 0x40, 0x1f, 0xfc, 0x15, 0x70, 0xf,
    0xfe, 0x17, 0x80, 0x7f, 0xf0, 0x57, 0x98, 0x3,
    0xff, 0x80, 0xdb, 0x0, 0x1f, 0xfc, 0x18, 0x20,
    0xf, 0xfe, 0x3, 0x10, 0x7, 0xff, 0x2, 0x28,
    0x3, 0xff, 0x88, 0xfa, 0x40, 0x1f, 0xfc, 0xe,
    0x0, 0xff, 0x86, 0x0, 0x3f, 0xf8, 0x12, 0xe0,
    0x1f, 0xfc, 0x62, 0xc3, 0x0, 0xff, 0x8d, 0xc0,
    0x3f, 0xcc, 0x20, 0x1f, 0xf3, 0xb0, 0x7, 0xff,
    0x20, 0x74, 0x80, 0x3f, 0xe8, 0x10, 0xf, 0xe9,
    0x0, 0xff, 0x8e, 0x0, 0x3f, 0xf9, 0x43, 0xe2,
    0x1, 0xff, 0x40, 0x7, 0xe5, 0x10, 0xf, 0xfb,
    0x80, 0x3f, 0xf9, 0x85, 0x60, 0x1f, 0xf3, 0x10,
    0x7, 0xdc, 0x1, 0xff, 0x31, 0x0, 0x7f, 0xf3,
    0x55, 0x40, 0x1f, 0xf5, 0x80, 0x78, 0x50, 0x3,
    0xfe, 0xb0, 0xf, 0xfe, 0x7c, 0x0, 0x7f, 0xcc,
    0x1, 0xe4, 0x0, 0xff, 0x90, 0x80, 0x3f, 0xf9,
    0xe4, 0xc0, 0x1f, 0xf3, 0x0, 0x77, 0x80, 0x7f,
    0xdc, 0x1, 0xff, 0xd1, 0x80, 0xf, 0xfa, 0xc0,
    0x39, 0xc0, 0x3f, 0xe4, 0x0, 0xff, 0xe8, 0x8a,
    0x0, 0x7f, 0x88, 0x80, 0x18, 0x80, 0x3f, 0xc6,
    0x20, 0x1f, 0xfd, 0x2f, 0x0, 0xff, 0x94, 0x2,
    0x30, 0xf, 0xf9, 0x40, 0x3f, 0xfa, 0x68, 0x20,
    0x1f, 0xeb, 0x0, 0x98, 0x3, 0xfe, 0xf0, 0xf,
    0xfe, 0xa2, 0x0, 0x7f, 0x8c, 0x40, 0x4, 0x1,
    0xff, 0x10, 0x7, 0xff, 0x53, 0xc0, 0x3f, 0xe4,
    0x0, 0x70, 0x7, 0xfc, 0xc0, 0x1f, 0xfd, 0x45,
    0x0, 0xff, 0xb4, 0x0, 0x60, 0x1f, 0xf1, 0x80,
    0x7f, 0xf5, 0x48, 0x3, 0xfc, 0x80, 0x1, 0x0,
    0xff, 0x84, 0x3, 0xff, 0xaa, 0x80, 0x1f, 0xe3,
    0x0, 0xff, 0xf2, 0x78, 0x7, 0xfc, 0x60, 0x1f,
    0xfe, 0x35, 0x0, 0xff, 0x98, 0x3, 0xff, 0xc6,
    0x40, 0x1f, 0xf1, 0x0, 0x80, 0x7f, 0xc2, 0x1,
    0xff, 0xd5, 0x11, 0x0, 0x7f, 0xb4, 0x3, 0xff,
    0x82, 0x60, 0x1f, 0xfd, 0x62, 0x0, 0xff, 0x30,
    0x10, 0x7, 0xfc, 0xc0, 0x1f, 0xfd, 0x66, 0x0,
    0xff, 0x10, 0x78, 0x7, 0xfc, 0x60, 0x1f, 0xfd,
    0x63, 0x0, 0xff, 0x8, 0x10, 0x7, 0xfd, 0xc0,
    0x1f, 0xfd, 0x6e, 0x0, 0xff, 0xe0, 0x38, 0x7,
    0xfc, 0x80, 0x1f, 0xfd, 0x61, 0x0, 0xff, 0x88,
    0x80, 0x1f, 0xf1, 0x8, 0x7, 0xff, 0x50, 0x60,
    0x3, 0xfe, 0x10, 0x30, 0xf, 0xf9, 0xc0, 0x3f,
    0xfa, 0x94, 0x20, 0x1f, 0xf3, 0x82, 0x80, 0x7f,
    0xd4, 0x1, 0xff, 0xd3, 0x74, 0x0, 0xff, 0xe1,
    0x68, 0x7, 0xfc, 0x66, 0x0, 0xff, 0xe8, 0xac,
    0x0, 0x7f, 0xf0, 0xd0, 0x3, 0xff, 0x81, 0x0,
    0x1f, 0xfd, 0x4, 0xa0, 0xf, 0xfe, 0x10, 0x80,
    0x14, 0x3, 0xfe, 0x45, 0x0, 0xff, 0xe7, 0x25,
    0x80, 0x7f, 0xf1, 0xb8, 0x3, 0xff, 0x81, 0x62,
    0x1, 0xff, 0xcc, 0x5b, 0x0, 0xff, 0xe3, 0xa1,
    0x0, 0x7f, 0xc3, 0xa0, 0x1f, 0xfc, 0xb7, 0xa0,
    0xf, 0xfe, 0x4c, 0x0, 0x7f, 0xf0, 0xf, 0x4,
    0x3, 0xff, 0x8e, 0x37, 0x0, 0x1f, 0xfc, 0x61,
    0x0, 0x94, 0x80, 0x3f, 0xf8, 0x7, 0xe8, 0x1,
    0xff, 0xc5, 0x7e, 0x40, 0xf, 0xfe, 0x67, 0x0,
    0x7f, 0xf0, 0x46, 0xec, 0x80, 0x1f, 0xfc, 0x1,
    0x7e, 0x80, 0xf, 0xfe, 0x71, 0xb0, 0x7, 0xff,
    0x9, 0x2f, 0xa5, 0x4c, 0x40, 0x2, 0x49, 0x19,
    0xd0, 0x20, 0x1f, 0xc5, 0x20, 0x1f, 0xf3, 0x80,
    0x74, 0x98, 0x7, 0xff, 0xc, 0x5a, 0xb3, 0xbf,
    0xdd, 0xb6, 0xe6, 0x1, 0xff, 0xe, 0x18, 0x7,
    0xff, 0x1b, 0x44, 0x3, 0xff, 0xb0, 0x58, 0x26,
    0x1, 0xff, 0x10, 0x7, 0x87, 0x4, 0x3, 0xff,
    0xac, 0x78, 0x40, 0x20, 0x1f, 0xf0, 0x80, 0x7c,
    0x5e, 0x40, 0x1f, 0xfd, 0x45, 0xc1, 0x0, 0x78,
    0x7, 0xff, 0x20, 0x75, 0x40, 0x3f, 0xfa, 0x53,
    0x40, 0x18, 0x80, 0x3f, 0xc4, 0x1, 0xff, 0x55,
    0x4, 0x3, 0xff, 0x9c, 0x9a, 0xc0, 0x1c, 0x20,
    0x1f, 0xe1, 0x0, 0xff, 0xe0, 0x2f, 0x38, 0x80,
    0x7f, 0xf2, 0x8a, 0xec, 0x40, 0x1e, 0x60, 0xf,
    0xf3, 0x80, 0x7f, 0xf0, 0xa3, 0xa4, 0xc0, 0x3f,
    0xf8, 0xc9, 0x7a, 0x80, 0x1f, 0x88, 0x3, 0xfc,
    0x40, 0x1f, 0xfc, 0x46, 0xce, 0x95, 0x20, 0xf,
    0xf1, 0x2d, 0x75, 0xa0, 0x7, 0xf0, 0x80, 0x7f,
    0xde, 0x1, 0xff, 0xc6, 0x16, 0xad, 0xfd, 0xbb,
    0x54, 0xd5, 0xe7, 0xed, 0x28, 0x80, 0x7f, 0xc4,
    0x1, 0xff, 0x10, 0x7, 0xff, 0x2c, 0x91, 0xa,
    0xca, 0x86, 0x1, 0xff, 0xc4, 0x50, 0xf, 0xf9,
    0x40, 0x3f, 0xfc, 0x7c, 0x1, 0xff, 0x8, 0x7,
    0xff, 0x8c, 0xc0, 0x3f, 0xc6, 0x1, 0xff, 0xe4,
    0x50, 0xf, 0xf2, 0x80, 0x7f, 0xf8, 0xc8, 0x40,
    0x3f, 0xd8, 0x1, 0xff, 0xe3, 0x70, 0xf, 0xf9,
    0xc0, 0x3f, 0xfc, 0x78, 0x1, 0xfe, 0x12, 0x0,
    0xff, 0xf1, 0xb8, 0x7, 0xf9, 0x0, 0x3f, 0xfc,
    0x64, 0x20, 0x1f, 0xec, 0x0, 0xff, 0xf1, 0xa8,
    0x7, 0xfc, 0x80, 0x1f, 0xfe, 0x3a, 0x0, 0xff,
    0x11, 0x0, 0x3f, 0xfc, 0x46, 0x40, 0x1f, 0xe5,
    0x0, 0xff, 0xf1, 0xd0, 0x7, 0xfd, 0x40, 0x1f,
    0xfe, 0x21, 0x60, 0xf, 0xf1, 0x10, 0x3, 0xff,
    0xc5, 0x20, 0x1f, 0xf5, 0x0, 0x7f, 0xf8, 0x89,
    0xc0, 0x3f, 0xe6, 0x0, 0xff, 0xf1, 0x48, 0x7,
    0xfc, 0xa2, 0x1, 0xff, 0xe1, 0x54, 0x0, 0xff,
    0xa4, 0x3, 0xff, 0xc2, 0x54, 0x1, 0xff, 0x21,
    0x80, 0x7f, 0xf8, 0x7, 0xc0, 0x3f, 0xf8, 0x10,
    0x1, 0xff, 0xe1, 0xd2, 0x0, 0xff, 0x94, 0xc0,
    0x3f, 0xf8, 0x23, 0x3f, 0xec, 0x20, 0xf, 0xfe,
    0x60, 0xe1, 0x80, 0x7f, 0xf0, 0x20, 0x3, 0xff,
    0x82, 0x38, 0xc0, 0x3, 0xd3, 0x0, 0xff, 0xe5,
    0x16, 0x18, 0x7, 0xff, 0x2, 0x8, 0x3, 0xff,
    0x80, 0x38, 0x40, 0x1d, 0xa6, 0x1, 0xff, 0xc8,
    0x6d, 0x20, 0xf, 0xfe, 0x1, 0xb8, 0x7, 0xff,
    0x6, 0xc8, 0x3, 0xc3, 0x8e, 0x1, 0xff, 0xc5,
    0x4c, 0x90, 0xf, 0xfe, 0x17, 0x0, 0x7f, 0xf0,
    0x45, 0x40, 0x3f, 0xa3, 0xa0, 0xc0, 0x3f, 0xe1,
    0x6c, 0xb3, 0x0, 0xff, 0xe1, 0x59, 0x0, 0x7f,
    0xf0, 0x50, 0x3, 0xfe, 0x17, 0xcf, 0xca, 0x87,
    0x66, 0x3c, 0x56, 0xf4, 0x98, 0x7, 0xff, 0xe,
    0x50, 0x3, 0xff, 0x84, 0x20, 0x1f, 0xfc, 0x33,
    0x57, 0x89, 0x94, 0x3a, 0x90, 0x7, 0xff, 0x15,
    0xd8, 0x3, 0xff, 0x86, 0x82, 0x1, 0xff, 0xdc,
    0x78, 0x0, 0xff, 0xe2, 0xd8, 0x7, 0xff, 0x6e,
    0x60, 0x3, 0xff, 0x8c, 0xb0, 0x1, 0xff, 0xd9,
    0xa6, 0x0, 0xff, 0xe4, 0x3c, 0x80, 0x7f, 0xf5,
    0x8f, 0x54, 0x3, 0xff, 0x94, 0xd8, 0x20, 0x1f,
    0xfd, 0x37, 0xc2, 0x0, 0xff, 0xe6, 0x1f, 0xb0,
    0x7, 0xff, 0x41, 0x36, 0x0, 0x3f, 0xf9, 0xe3,
    0x3a, 0xc0, 0x1f, 0xfc, 0xc5, 0xcb, 0x20, 0xf,
    0xfe, 0x91, 0x4f, 0xd2, 0x88, 0x7, 0xff, 0x14,
    0xe3, 0xa8, 0xc0, 0x3f, 0xfa, 0xeb, 0x5d, 0xb4,
    0xea, 0x64, 0x20, 0x10, 0x88, 0xd6, 0x2b, 0xb1,
    0xc4, 0x3, 0xff, 0x98,

    /* U+003A ":" */
    0x0, 0xe5, 0xad, 0xfe, 0xc8, 0x20, 0xf, 0xc5,
    0x94, 0xa4, 0x2, 0x6f, 0xb2, 0x1, 0xe3, 0xc3,
    0x0, 0xfc, 0xd8, 0x1, 0x8b, 0x44, 0x3, 0xfc,
    0x74, 0x1, 0x48, 0x80, 0x7f, 0xf0, 0x15, 0x40,
    0x68, 0x1, 0xff, 0xc2, 0x80, 0xa0, 0xf, 0xfe,
    0x19, 0x1a, 0x0, 0x7f, 0xf1, 0x10, 0xc0, 0x3f,
    0xf8, 0x9e, 0x20, 0x1f, 0xfc, 0x41, 0x10, 0x7,
    0xff, 0x10, 0x48, 0x3, 0xff, 0x89, 0xc8, 0x1,
    0xff, 0xc4, 0x4a, 0x0, 0xff, 0xe1, 0x99, 0x11,
    0x40, 0x3f, 0xf8, 0x50, 0x0, 0xb2, 0x0, 0xff,
    0xe0, 0x3a, 0x0, 0x7, 0xc8, 0x3, 0xfc, 0xd0,
    0x1, 0x8b, 0x18, 0x3, 0xe1, 0xa9, 0x0, 0xf0,
    0xce, 0xc2, 0x9a, 0x35, 0x72, 0x80, 0x7f, 0x13,
    0xd6, 0x5c, 0xa8, 0x7, 0xff, 0xfc, 0x3, 0xff,
    0xfe, 0x1, 0xff, 0xff, 0x0, 0xff, 0xff, 0x80,
    0x7f, 0xff, 0xc0, 0x3f, 0xff, 0xe0, 0x1f, 0xff,
    0xf0, 0xf, 0xff, 0xa, 0xc5, 0x4b, 0x98, 0x7,
    0xf9, 0xfe, 0x9d, 0x5a, 0x33, 0x50, 0x3, 0xc3,
    0x70, 0x1, 0xf1, 0x5b, 0x80, 0x76, 0xa0, 0x7,
    0xfa, 0x18, 0x2, 0x93, 0x0, 0xff, 0xe0, 0x49,
    0x80, 0xb0, 0x7, 0xff, 0xa, 0x1, 0x80, 0x3f,
    0xf8, 0x68, 0x36, 0x1, 0xff, 0xc4, 0x72, 0x0,
    0xff, 0xe2, 0x70, 0x80, 0x7f, 0xf1, 0x4, 0x3,
    0xff, 0x8a, 0x24, 0x1, 0xff, 0xc4, 0xf4, 0x0,
    0xff, 0xe2, 0x26, 0x80, 0x7f, 0xf0, 0xc4, 0xd0,
    0xc0, 0x3f, 0xf8, 0x52, 0x0, 0xe0, 0xf, 0xfe,
    0x9, 0xb8, 0x0, 0xac, 0x3, 0xfe, 0x2d, 0x0,
    0xc9, 0x84, 0x1, 0xf9, 0x74, 0x40, 0x38, 0xf6,
    0x94, 0x40, 0x4, 0xd9, 0x40, 0x18,

    /* U+003B ";" */
    0x0, 0xf8, 0x9e, 0xb2, 0xe5, 0x40, 0x3f, 0xf8,
    0x53, 0xb0, 0xa6, 0x8d, 0x5c, 0xc0, 0x1f, 0xe2,
    0xd6, 0x0, 0xf8, 0x66, 0x40, 0x1f, 0x87, 0xc8,
    0x3, 0xfc, 0xd0, 0x1, 0xf5, 0x90, 0x7, 0xff,
    0x1, 0xd0, 0x3, 0x89, 0x40, 0x3f, 0xf8, 0x50,
    0x1, 0xd4, 0x1, 0xff, 0xc3, 0x32, 0x0, 0xc8,
    0x1, 0xff, 0xc4, 0x40, 0xc, 0x40, 0x1f, 0xfc,
    0x4e, 0x0, 0xc2, 0x1, 0xff, 0xc4, 0x10, 0xc,
    0x20, 0x1f, 0xfc, 0x41, 0x0, 0xc6, 0x1, 0xff,
    0xc4, 0xf0, 0xc, 0x80, 0x1f, 0xfc, 0x45, 0x0,
    0xda, 0x1, 0xff, 0xc3, 0x22, 0x0, 0x64, 0x30,
    0xf, 0xfe, 0x14, 0x0, 0x7b, 0xc0, 0x3f, 0xf8,
    0x2c, 0xa0, 0x1e, 0x3a, 0x0, 0xff, 0x96, 0x40,
    0x3f, 0x2e, 0x10, 0x7, 0xe7, 0xa0, 0xf, 0xf1,
    0xed, 0x28, 0x80, 0x93, 0xec, 0x0, 0x7f, 0xf0,
    0x56, 0xbb, 0xfb, 0x60, 0x80, 0x3f, 0xff, 0xe0,
    0x1f, 0xff, 0xf0, 0xf, 0xff, 0xf8, 0x7, 0xff,
    0xfc, 0x3, 0xff, 0xfe, 0x1, 0xff, 0xff, 0x0,
    0xff, 0xff, 0x80, 0x7f, 0xff, 0xc0, 0x3f, 0xff,
    0xe0, 0x1f, 0xfc, 0xc1, 0x21, 0x0, 0xff, 0xe2,
    0x2d, 0x77, 0x37, 0xbe, 0xd4, 0x3, 0xfe, 0x2d,
    0xa5, 0x10, 0xc, 0x95, 0x62, 0x1, 0xf9, 0x34,
    0x80, 0x3f, 0x93, 0x0, 0x3e, 0x2b, 0x0, 0xff,
    0xe0, 0x15, 0x0, 0x7a, 0x40, 0x3f, 0xf8, 0x4a,
    0x80, 0x18, 0xd0, 0x3, 0xff, 0x87, 0x20, 0x19,
    0x0, 0x3f, 0xf8, 0x84, 0x80, 0x16, 0x80, 0x7f,
    0xf1, 0x78, 0x2, 0x10, 0xf, 0xfe, 0x2a, 0x0,
    0x42, 0x1, 0xff, 0xc5, 0x12, 0x0, 0x18, 0x7,
    0xff, 0x19, 0x80, 0x1a, 0x1, 0xff, 0xc6, 0x30,
    0x2, 0x8, 0x7, 0xff, 0x17, 0xc0, 0x2b, 0x0,
    0xff, 0xe4, 0xac, 0x0, 0x7f, 0xf1, 0x4, 0x3,
    0x3d, 0x88, 0x7, 0xff, 0x21, 0x3a, 0x94, 0x80,
    0x3f, 0xf8, 0xeb, 0x5b, 0xfa, 0x1, 0xfc, 0x20,
    0x1f, 0xf2, 0x0, 0x7f, 0x70, 0x7, 0xfd, 0x40,
    0x1f, 0xc4, 0x1, 0xfe, 0x13, 0x0, 0xfe, 0x50,
    0xf, 0xf3, 0x80, 0x7f, 0x10, 0x80, 0x7f, 0xa8,
    0x3, 0xf9, 0x40, 0x3f, 0xc2, 0x60, 0x1f, 0xd6,
    0x1, 0xfe, 0x60, 0xf, 0xe2, 0x30, 0xf, 0xf5,
    0x80, 0x7f, 0x58, 0x7, 0xf8, 0x8c, 0x3, 0xf0,
    0xb0, 0x7, 0xfb, 0xc0, 0x3f, 0xac, 0x3, 0xfd,
    0x44, 0x1, 0xf8, 0xd4, 0x3, 0xfa, 0x54, 0x3,
    0xfb, 0x80, 0x3f, 0xa9, 0x80, 0x3f, 0xa0, 0x80,
    0x3e, 0x7e, 0x50, 0xf, 0xe4, 0x70, 0xf, 0xe,
    0x40, 0x80, 0x7f, 0xd, 0x0, 0x7d, 0x86, 0x1,
    0xff, 0x68, 0x80, 0x79, 0x48, 0x3, 0xfe, 0xb3,
    0x0, 0xfb, 0x0, 0x3f, 0xea, 0x40, 0xf, 0xc2,
    0x1, 0xfe, 0xb5, 0x0, 0xfe, 0xa0, 0xf, 0xc7,
    0xa8, 0x1, 0xfe, 0x26, 0x0, 0xe1, 0x9c, 0x20,
    0xf, 0xfe, 0x4, 0xb0, 0x89, 0x2b, 0x98, 0x3,
    0xff, 0x82,

    /* U+003C "<" */
    0x0, 0xff, 0xff, 0x80, 0x7f, 0xf8, 0x5, 0xb3,
    0xfc, 0xe0, 0x1f, 0xfe, 0xb3, 0xae, 0x93, 0x0,
    0x41, 0x0, 0x7f, 0xf9, 0xc5, 0xf7, 0x14, 0x3,
    0xca, 0x1, 0xff, 0xe5, 0x4a, 0xe8, 0x20, 0xf,
    0xdc, 0x1, 0xff, 0xe2, 0x17, 0xdb, 0x50, 0xf,
    0xff, 0x62, 0x5f, 0x41, 0x0, 0x7f, 0xf0, 0x44,
    0x3, 0xff, 0xba, 0x51, 0xd6, 0x80, 0x1f, 0xfc,
    0x4e, 0x0, 0xff, 0xed, 0xad, 0xeb, 0x88, 0x7,
    0xff, 0x19, 0xc0, 0x3f, 0xfb, 0x5, 0x1d, 0x48,
    0x1, 0xff, 0xc8, 0x51, 0x0, 0xff, 0xeb, 0x2e,
    0x6b, 0x88, 0x7, 0xff, 0x24, 0xac, 0x3, 0xff,
    0xa8, 0x73, 0xf4, 0x60, 0x1f, 0xfc, 0xb4, 0xc1,
    0x0, 0xff, 0xe9, 0x36, 0x61, 0x80, 0x3f, 0xf9,
    0x62, 0xfb, 0x62, 0x1, 0xff, 0xd0, 0x39, 0xf9,
    0x30, 0xf, 0xfe, 0x5a, 0xdf, 0x41, 0x0, 0x7f,
    0xf3, 0xc5, 0xb7, 0x18, 0x3, 0xff, 0x96, 0x73,
    0xd4, 0x80, 0x1f, 0xfd, 0x4, 0xae, 0x92, 0x0,
    0xff, 0xe5, 0xb, 0xee, 0x30, 0x80, 0x7f, 0xf3,
    0xc5, 0xf6, 0xd4, 0x3, 0xff, 0x96, 0xb7, 0xd0,
    0x40, 0x1f, 0xfd, 0x4, 0xae, 0x82, 0x0, 0xff,
    0xe5, 0x1c, 0xfd, 0x20, 0x7, 0xff, 0x40, 0x63,
    0xad, 0x40, 0x3f, 0xf9, 0x44, 0xfb, 0x8c, 0x1,
    0xff, 0xd1, 0x5b, 0xe7, 0x10, 0xf, 0xfe, 0x53,
    0x5e, 0xc1, 0x0, 0x7f, 0xf4, 0xa, 0x3a, 0x90,
    0x3, 0xff, 0x94, 0x95, 0xf2, 0x80, 0x1f, 0xfd,
    0x15, 0xbd, 0x71, 0x0, 0xff, 0xe4, 0x94, 0x75,
    0xa8, 0x7, 0xff, 0x44, 0x63, 0xa9, 0x0, 0x3f,
    0xf9, 0x4d, 0x9a, 0xe2, 0x1, 0xff, 0xd2, 0x3f,
    0x71, 0x0, 0xff, 0xe4, 0xa5, 0x7c, 0x98, 0x7,
    0xff, 0x50, 0xb0, 0x40, 0x3f, 0xf9, 0x5, 0x1d,
    0x6a, 0x1, 0xff, 0xd7, 0xe0, 0xf, 0xfe, 0x38,
    0xb6, 0x6b, 0x88, 0x7, 0xff, 0x60, 0x8c, 0x3,
    0xff, 0x8a, 0x95, 0xd2, 0x60, 0x1f, 0xfd, 0xb4,
    0x0, 0xff, 0xe1, 0x94, 0x75, 0xa8, 0x7, 0xff,
    0x78, 0x40, 0x3f, 0xf8, 0x27, 0x9a, 0xe2, 0x1,
    0xff, 0xee, 0x3f, 0x60, 0xf, 0xff, 0x11, 0x0,
    0x7f, 0xf0, 0x8e, 0x7e, 0x8c, 0x3, 0xff, 0xbe,
    0x80, 0x1f, 0xfc, 0x55, 0xcd, 0x71, 0x0, 0xff,
    0xee, 0xa, 0x0, 0x7f, 0xf1, 0x8a, 0x3a, 0xd4,
    0x3, 0xff, 0xb7, 0x22, 0x1, 0xff, 0xc8, 0x4a,
    0xe8, 0x20, 0xf, 0xfe, 0xc1, 0x61, 0x0, 0x7f,
    0xf2, 0x45, 0xf7, 0x18, 0x3, 0xff, 0xae, 0x5b,
    0x4, 0x1, 0xff, 0xca, 0x39, 0xfa, 0x30, 0xf,
    0xfe, 0xb3, 0xed, 0xa8, 0x7, 0xff, 0x2d, 0x73,
    0x5c, 0x40, 0x3f, 0xfa, 0xa9, 0x5d, 0x4, 0x1,
    0xff, 0xca, 0x28, 0xeb, 0x50, 0xf, 0xfe, 0xa8,
    0xbe, 0xe3, 0x0, 0x7f, 0xf2, 0xd2, 0xba, 0x8,
    0x3, 0xff, 0xaa, 0x73, 0xf2, 0x60, 0x1f, 0xfc,
    0xa1, 0x7d, 0xc6, 0x0, 0xff, 0xeb, 0x36, 0x61,
    0x80, 0x3f, 0xf9, 0x67, 0x3f, 0x48, 0x1, 0xff,
    0xd5, 0x39, 0xf9, 0x30, 0xf, 0xfe, 0x5a, 0xde,
    0xb8, 0x80, 0x7f, 0xf5, 0x5b, 0x35, 0xc4, 0x3,
    0xff, 0x94, 0x51, 0xd6, 0xa0, 0x1f, 0xfd, 0x52,
    0x8e, 0xa4, 0x0, 0xff, 0xe5, 0xa5, 0x74, 0x90,
    0x7, 0xff, 0x55, 0x6f, 0x5c, 0x40, 0x3f, 0xf9,
    0x42, 0xdb, 0x8c, 0x20, 0x1f, 0xfd, 0x42, 0x8e,
    0xa4, 0x0, 0xff, 0xe5, 0x9c, 0xf5, 0x18, 0x7,
    0xff, 0x55, 0x6f, 0xa0, 0x40, 0x3f, 0xf9, 0x6b,
    0x94, 0x20, 0x1f, 0xfd, 0x51, 0x7e, 0xb5, 0x0,
    0xff, 0xe5, 0xae, 0x80, 0x7f, 0xf6, 0x12, 0xba,
    0x8, 0x3, 0xff, 0x92, 0x70, 0x1, 0xff, 0xd9,
    0x17, 0xdc, 0x50, 0xf, 0xfe, 0x43, 0x0, 0x7f,
    0xf7, 0xe, 0xba, 0x48, 0x3, 0xff, 0x8a, 0x28,
    0x1, 0xff, 0xdd, 0x16, 0xdc, 0x60, 0xf, 0xfe,
    0x20, 0x80, 0x7f, 0xf8, 0xe, 0x7e, 0x4c, 0x3,
    0xff, 0x82, 0x40, 0x1f, 0xfe, 0x36, 0xcd, 0x61,
    0x0, 0xff, 0xf8, 0x14, 0xf5, 0x18, 0x7, 0xe2,
    0x0, 0xff, 0xf4, 0x2e, 0x6b, 0x88, 0x7, 0x20,
    0x7, 0xff, 0xa8, 0xa3, 0xa9, 0x0, 0x68, 0x40,

    /* U+003D "=" */
    0x0, 0x95, 0xe2, 0x3f, 0xfd, 0x2e, 0xa0, 0x18,
    0xba, 0xa1, 0xdf, 0xff, 0xd3, 0x15, 0xc8, 0x0,
    0xf1, 0x0, 0xff, 0xf6, 0x8d, 0x8a, 0x10, 0x7,
    0xff, 0xc1, 0xcc, 0x3, 0xff, 0xe3, 0xe0, 0x1f,
    0xff, 0x31, 0x0, 0xff, 0xf8, 0xf3, 0x80, 0x7f,
    0xfc, 0x50, 0x5c, 0x3, 0xff, 0xde, 0xc6, 0x11,
    0x26, 0x1, 0xff, 0xeb, 0x39, 0x90, 0x4, 0xd9,
    0xff, 0xff, 0xeb, 0xc6, 0x0, 0xff, 0xff, 0x80,
    0x7f, 0xff, 0xc0, 0x3f, 0xff, 0xe0, 0x1f, 0xff,
    0xf0, 0xf, 0xff, 0xf8, 0x7, 0xff, 0xfc, 0x3,
    0xff, 0xfe, 0x1, 0xff, 0xff, 0x0, 0xff, 0xff,
    0x80, 0x7f, 0xff, 0xc0, 0x3f, 0xff, 0xe0, 0x1f,
    0xff, 0xf0, 0xf, 0xff, 0xf8, 0x7, 0xff, 0xfc,
    0x3, 0xff, 0xfe, 0x1, 0xff, 0xff, 0x0, 0xff,
    0xfa, 0xa3, 0xc4, 0x7f, 0xfa, 0x5d, 0x40, 0x31,
    0x6d, 0xc3, 0xbf, 0xff, 0xa6, 0x2b, 0x90, 0x1,
    0xe4, 0x1, 0xff, 0xed, 0x1b, 0x14, 0x20, 0xf,
    0xff, 0x83, 0x98, 0x7, 0xff, 0xc7, 0xc0, 0x3f,
    0xfe, 0x62, 0x1, 0xff, 0xf1, 0xe4, 0x0, 0xff,
    0xf8, 0xa1, 0x38, 0x7, 0xff, 0xbd, 0x8c, 0x22,
    0x4c, 0x3, 0xff, 0xd6, 0x73, 0x20,

    /* U+003E ">" */
    0x0, 0xff, 0xfa, 0x37, 0xfb, 0x5c, 0x40, 0x3f,
    0xfd, 0x83, 0x20, 0x2, 0x8e, 0xa4, 0x0, 0xff,
    0xf5, 0x20, 0x7, 0x96, 0xfa, 0x4, 0x3, 0xff,
    0xce, 0x40, 0x1f, 0x85, 0xfa, 0xd4, 0x3, 0xff,
    0xe2, 0x95, 0xd0, 0x40, 0x1f, 0xfe, 0x21, 0x0,
    0xff, 0xe0, 0x8b, 0xed, 0xa8, 0x7, 0xff, 0x80,
    0x80, 0x3f, 0xf8, 0x89, 0x5d, 0x24, 0x1, 0xff,
    0xdd, 0x40, 0xf, 0xfe, 0x30, 0xb6, 0xe3, 0x0,
    0x7f, 0xf7, 0x1c, 0x3, 0xff, 0x90, 0x73, 0xf2,
    0x60, 0x1f, 0xfd, 0x98, 0x30, 0xf, 0xfe, 0x53,
    0x66, 0xb0, 0x80, 0x7f, 0xf5, 0xf1, 0x80, 0x3f,
    0xf9, 0x65, 0x3d, 0x46, 0x1, 0xff, 0xd6, 0x9e,
    0x71, 0x0, 0xff, 0xe5, 0xae, 0x6b, 0x88, 0x7,
    0xff, 0x50, 0x63, 0xad, 0x40, 0x3f, 0xf9, 0x65,
    0x1d, 0x48, 0x1, 0xff, 0xd5, 0x4a, 0xe9, 0x20,
    0xf, 0xfe, 0x5a, 0xde, 0xb8, 0x80, 0x7f, 0xf5,
    0x5, 0xb7, 0x18, 0x40, 0x3f, 0xf9, 0x45, 0x1d,
    0x68, 0x1, 0xff, 0xd5, 0x39, 0xea, 0x40, 0xf,
    0xfe, 0x5a, 0x5f, 0x41, 0x0, 0x7f, 0xf5, 0x56,
    0xf9, 0xc4, 0x3, 0xff, 0x94, 0x2f, 0xb6, 0xa0,
    0x1f, 0xfd, 0x51, 0x8e, 0xb5, 0x0, 0xff, 0xe5,
    0xa5, 0x74, 0x10, 0x7, 0xff, 0x55, 0x2b, 0xa4,
    0xc0, 0x3f, 0xf9, 0x42, 0xfb, 0x8a, 0x1, 0xff,
    0xd5, 0x16, 0xcc, 0x30, 0x80, 0x7f, 0xf2, 0x8e,
    0xba, 0x4c, 0x3, 0xff, 0xaa, 0x73, 0xd4, 0x80,
    0x1f, 0xfc, 0xa1, 0x6c, 0xc3, 0x0, 0x7f, 0xf5,
    0x96, 0xfa, 0x8, 0x3, 0xff, 0x94, 0x73, 0xf2,
    0x20, 0x1f, 0xfd, 0x51, 0x7d, 0xb5, 0x0, 0xff,
    0xe5, 0xb7, 0x28, 0x7, 0xff, 0x5d, 0x2b, 0xa4,
    0xc0, 0x3f, 0xf9, 0x54, 0x80, 0x1f, 0xfd, 0x81,
    0x6c, 0xd6, 0x10, 0xf, 0xfe, 0x45, 0x0, 0x7f,
    0xf6, 0xca, 0x7a, 0x90, 0x3, 0xff, 0x8c, 0x28,
    0x1, 0xff, 0xdd, 0x5b, 0xe8, 0x20, 0xf, 0xfe,
    0x26, 0x0, 0x7f, 0xf7, 0xc5, 0xf6, 0xd4, 0x3,
    0xff, 0x84, 0x20, 0x1f, 0xfe, 0x24, 0x94, 0x0,
    0xff, 0xf7, 0xb, 0xee, 0x20, 0x7, 0xff, 0x7,
    0x80, 0x3f, 0xfb, 0xcb, 0x7d, 0x4, 0x1, 0xff,
    0xc3, 0x40, 0xf, 0xfe, 0xda, 0x57, 0xd2, 0x0,
    0x7f, 0xf1, 0x4c, 0xc0, 0x1f, 0xfd, 0x82, 0x8e,
    0xb5, 0x0, 0xff, 0xe4, 0x78, 0x7, 0xff, 0x5d,
    0xb3, 0x5c, 0x40, 0x3f, 0xf9, 0x3, 0x86, 0x1,
    0xff, 0xd4, 0x4a, 0xf9, 0x30, 0xf, 0xfe, 0x48,
    0xc7, 0x18, 0x7, 0xff, 0x48, 0xa3, 0xad, 0x40,
    0x3f, 0xf9, 0x49, 0x7c, 0xe0, 0x1f, 0xfd, 0x11,
    0x6c, 0xd7, 0x10, 0xf, 0xfe, 0x49, 0x47, 0x5a,
    0x0, 0x7f, 0xf4, 0x52, 0xba, 0x4c, 0x3, 0xff,
    0x94, 0xb7, 0xae, 0x20, 0x1f, 0xfd, 0x2, 0x8e,
    0xb5, 0x0, 0xff, 0xe5, 0x14, 0x75, 0x20, 0x7,
    0xff, 0x40, 0x5b, 0x35, 0xc4, 0x3, 0xff, 0x94,
    0xb9, 0xae, 0x20, 0x1f, 0xfd, 0x5, 0xbe, 0x93,
    0x0, 0xff, 0xe5, 0x14, 0xf5, 0x18, 0x7, 0xff,
    0x40, 0xe7, 0xa9, 0x0, 0x3f, 0xf9, 0x6d, 0x9a,
    0xc2, 0x1, 0xff, 0xcf, 0x17, 0xdc, 0x61, 0x0,
    0xff, 0xe5, 0x1c, 0xfc, 0x98, 0x7, 0xff, 0x41,
    0x6f, 0xa0, 0x80, 0x3f, 0xf9, 0x42, 0xdb, 0x8c,
    0x1, 0xff, 0xd0, 0x39, 0xea, 0x40, 0xf, 0xfe,
    0x59, 0xd7, 0x49, 0x0, 0x7f, 0xf4, 0x6, 0xb1,
    0x84, 0x3, 0xff, 0x94, 0x2f, 0xb8, 0xa0, 0x1f,
    0xfd, 0x3c, 0x50, 0xf, 0xfe, 0x5a, 0x57, 0x41,
    0x0, 0x7f, 0xf5, 0x20, 0x80, 0x3f, 0xf9, 0x22,
    0xfd, 0x6a, 0x1, 0xff, 0xd7, 0x70, 0xf, 0xfe,
    0x42, 0x5f, 0x40, 0x80, 0x7f, 0xf6, 0x10, 0x3,
    0xff, 0x8c, 0x51, 0xd6, 0x80, 0x1f, 0xfd, 0xb2,
    0x0, 0xff, 0xe2, 0x2d, 0xeb, 0x88, 0x7, 0xff,
    0x74, 0x40, 0x3f, 0xf8, 0x25, 0x1d, 0x48, 0x1,
    0xff, 0xec, 0x5c, 0xd7, 0x10, 0xf, 0xff, 0x11,
    0x0, 0x7e, 0x39, 0xfa, 0x30, 0xf, 0xff, 0x2a,
    0x0, 0x79, 0xb3, 0xc, 0x1, 0xff, 0xe8, 0x1a,
    0x10, 0x49, 0xf9, 0x30, 0xf, 0xff, 0x50,

    /* U+003F "?" */
    0x0, 0xff, 0xe1, 0x92, 0xc5, 0x66, 0xf7, 0xfe,
    0xec, 0xa8, 0x51, 0x0, 0xff, 0xe8, 0xa4, 0xf6,
    0xd3, 0xa9, 0x90, 0x80, 0x61, 0x35, 0x7a, 0xed,
    0x82, 0x0, 0xff, 0xe5, 0x8b, 0xf5, 0xb0, 0x80,
    0x7f, 0xf1, 0x49, 0xf6, 0xd0, 0x3, 0xff, 0x91,
    0x1d, 0x2, 0x1, 0xff, 0xcb, 0x4b, 0xb1, 0x0,
    0x7f, 0xf1, 0xf, 0x5c, 0x3, 0xff, 0xa0, 0x9a,
    0xc0, 0x1f, 0xfc, 0x26, 0xc2, 0x0, 0xff, 0xe9,
    0xcd, 0x0, 0x7f, 0xf0, 0x26, 0x40, 0x1f, 0xfd,
    0x65, 0xc0, 0xf, 0xf4, 0x30, 0x7, 0xff, 0x60,
    0xec, 0x3, 0xf3, 0xb8, 0x3, 0xff, 0xb4, 0x92,
    0x1, 0xe5, 0x80, 0xf, 0xfe, 0xe3, 0x28, 0x7,
    0x58, 0x7, 0xff, 0x10, 0xd1, 0x9d, 0xe5, 0x41,
    0x0, 0xff, 0xe2, 0xd8, 0x80, 0x46, 0x20, 0x1f,
    0xfc, 0x2, 0x8c, 0xfc, 0xb9, 0x88, 0xaa, 0xfb,
    0x1c, 0x3, 0xff, 0x86, 0x30, 0x1, 0x8, 0x7,
    0xfc, 0x57, 0xae, 0x60, 0x1f, 0xe3, 0x8e, 0x60,
    0xf, 0xfe, 0x13, 0x8, 0x0, 0x88, 0x1, 0xfc,
    0xfa, 0x80, 0x1f, 0xfc, 0x31, 0x99, 0x0, 0x7f,
    0xf0, 0xa4, 0x2, 0x90, 0xf, 0xd1, 0x0, 0xf,
    0xfe, 0x3b, 0x50, 0x7, 0xff, 0x5, 0x80, 0x24,
    0x80, 0xf, 0x43, 0x80, 0x7f, 0xf2, 0x55, 0xc0,
    0x3f, 0xf8, 0x2, 0x60, 0x13, 0xd9, 0x0, 0xa,
    0xdc, 0x3, 0xff, 0x97, 0x4, 0x1, 0xff, 0xc0,
    0x40, 0xc, 0x9b, 0xdc, 0xd4, 0x0, 0xff, 0xe6,
    0xc0, 0x7, 0xff, 0x3, 0x40, 0x3c, 0x22, 0x0,
    0xff, 0xe7, 0xa8, 0x80, 0x7f, 0xc8, 0x1, 0xff,
    0xd8, 0x70, 0xf, 0xf8, 0x40, 0x3f, 0xfb, 0x18,
    0x1, 0xff, 0xc0, 0x10, 0xf, 0xfe, 0xba, 0x0,
    0x7f, 0xf0, 0xc, 0x3, 0xff, 0xae, 0x20, 0x1f,
    0xfc, 0x1, 0x0, 0xff, 0xff, 0x80, 0x7f, 0x84,
    0x3, 0xfe, 0x10, 0xf, 0xfe, 0xc0, 0x80, 0x7f,
    0xc6, 0x1, 0xff, 0xd7, 0x10, 0xf, 0xfe, 0x0,
    0x80, 0x7f, 0xf5, 0xd4, 0x3, 0xfe, 0x30, 0xf,
    0xfe, 0xc6, 0x0, 0x7f, 0xca, 0x1, 0xff, 0xd8,
    0x60, 0xf, 0xfb, 0x40, 0x3f, 0xfa, 0xe8, 0x20,
    0x1f, 0xf2, 0x0, 0x7f, 0xf5, 0xfc, 0x3, 0xfe,
    0x60, 0xf, 0xfe, 0xba, 0x20, 0x3, 0xfe, 0xa0,
    0xf, 0xfe, 0xbc, 0x0, 0x7f, 0xc6, 0x60, 0xf,
    0xfe, 0xb3, 0x18, 0x7, 0xfd, 0x0, 0x1f, 0xfd,
    0x61, 0x90, 0xf, 0xf9, 0x10, 0x1, 0xff, 0xd6,
    0xd0, 0xf, 0xfe, 0x4, 0x80, 0x7f, 0xf5, 0x9c,
    0xc0, 0x3f, 0xe7, 0x20, 0xf, 0xfe, 0xaa, 0x40,
    0x7, 0xfc, 0x50, 0x1, 0xff, 0xd5, 0x2a, 0x0,
    0xff, 0xe0, 0x78, 0x7, 0xff, 0x5b, 0x84, 0x3,
    0xfe, 0x92, 0x0, 0xff, 0xea, 0xd1, 0x80, 0x7f,
    0xcc, 0xc0, 0xf, 0xfe, 0xab, 0xa8, 0x7, 0xfc,
    0x92, 0x1, 0xff, 0xd5, 0x48, 0x0, 0xff, 0x86,
    0x80, 0x3f, 0xfa, 0xa3, 0x40, 0x1f, 0xfc, 0xc,
    0x10, 0xf, 0xfe, 0xae, 0x88, 0x7, 0xfd, 0x44,
    0x1, 0xff, 0xd5, 0xa3, 0x0, 0xff, 0x9d, 0x40,
    0x3f, 0xfa, 0xac, 0xa0, 0x1f, 0xf2, 0x40, 0x7,
    0xff, 0x54, 0xe4, 0x3, 0xfe, 0x2b, 0x0, 0xff,
    0xeb, 0x70, 0x7, 0xfc, 0x3e, 0x1, 0xff, 0xd6,
    0x72, 0x0, 0xff, 0xac, 0x80, 0x3f, 0xfa, 0xa5,
    0x0, 0x1f, 0xf3, 0x28, 0x7, 0xff, 0x5a, 0x0,
    0x3f, 0xe2, 0x90, 0xf, 0xfe, 0xb1, 0xa8, 0x7,
    0xfd, 0x20, 0x1f, 0xfd, 0x78, 0x0, 0xff, 0x99,
    0x0, 0x3f, 0xfa, 0xc4, 0x80, 0x1f, 0xf4, 0x0,
    0x7f, 0xf5, 0xec, 0x3, 0xfe, 0x71, 0x0, 0xff,
    0xeb, 0xb8, 0x7, 0xfd, 0x20, 0x1f, 0xfd, 0x74,
    0x10, 0xf, 0xf3, 0x8, 0x7, 0xff, 0x5f, 0x0,
    0x3f, 0xeb, 0x0, 0xff, 0xec, 0x18, 0x7, 0xf8,
    0x88, 0x1, 0xff, 0xd8, 0x50, 0xf, 0xf2, 0x0,
    0x7f, 0xf6, 0x44, 0x3, 0xfd, 0xe0, 0x1f, 0xfe,
    0x42, 0x0, 0xff, 0xec, 0x88, 0x7, 0xff, 0x90,
    0xc0, 0x3f, 0xc2, 0x1, 0xff, 0xd9, 0x60, 0xf,
    0xf0, 0x80, 0x7f, 0xf6, 0x78, 0x3, 0xfc, 0xa0,
    0x1f, 0xfd, 0x95, 0x50, 0x7, 0xe9, 0x10, 0xf,
    0xfe, 0xd5, 0x49, 0x80, 0x42, 0x98, 0xc0, 0x1f,
    0xfd, 0xc6, 0xcf, 0xfb, 0xac, 0xc0, 0x3f, 0xff,
    0xe0, 0x1f, 0xff, 0xf0, 0xf, 0xff, 0xf8, 0x7,
    0xff, 0xfc, 0x3, 0xff, 0xfe, 0x1, 0xff, 0xff,
    0x0, 0xff, 0xff, 0x80, 0x7c, 0x4f, 0x35, 0xa,
    0x20, 0x1f, 0xfd, 0xc2, 0xbd, 0x86, 0x57, 0xae,
    0x80, 0xf, 0xfe, 0xd2, 0xea, 0x0, 0x7c, 0xfa,
    0x20, 0x1f, 0xfd, 0x75, 0xa0, 0xf, 0xf1, 0x60,
    0x80, 0x7f, 0xf5, 0x46, 0x80, 0x3f, 0xf8, 0x5,
    0x40, 0x1f, 0xfd, 0x58, 0x0, 0xff, 0xe1, 0x21,
    0x80, 0x7f, 0xf5, 0x18, 0x3, 0xff, 0x87, 0x20,
    0x1f, 0xfd, 0x34, 0x0, 0xff, 0xe2, 0x20, 0x7,
    0xff, 0x4c, 0x80, 0x3f, 0xf8, 0x82, 0x20, 0xf,
    0xfe, 0x90, 0x80, 0x7f, 0xf1, 0x48, 0x3, 0xff,
    0xfe, 0x1, 0x88, 0x3, 0xff, 0x8a, 0x40, 0x1f,
    0xfd, 0x27, 0x0, 0xff, 0xe2, 0x10, 0x80, 0x7f,
    0xf4, 0x88, 0x80, 0x1f, 0xfc, 0x35, 0x0, 0xff,
    0xea, 0x58, 0x7, 0xff, 0xe, 0x40, 0x3f, 0xfa,
    0x8c, 0x60, 0x1f, 0xfc, 0x1a, 0x10, 0xf, 0xfe,
    0xae, 0x90, 0x7, 0xfd, 0xa, 0x1, 0xff, 0xd6,
    0x1d, 0x50, 0xf, 0xc3, 0x4e, 0x1, 0xff, 0xd9,
    0xad, 0x72, 0x10, 0x14, 0x9e, 0x50, 0xf, 0xfe,
    0x48,

    /* U+0040 "@" */
    0x0, 0xff, 0xf5, 0x12, 0x2b, 0x3b, 0xa1, 0xdc,
    0xca, 0xa4, 0x20, 0xf, 0xff, 0xf8, 0x7, 0xff,
    0x8, 0xde, 0x73, 0xbf, 0x6e, 0xa6, 0x20, 0xf1,
    0x9, 0xaa, 0x5e, 0xff, 0x64, 0xb1, 0x0, 0x7f,
    0xff, 0xc0, 0x31, 0xc6, 0x7e, 0x43, 0x18, 0x80,
    0x7f, 0xf1, 0x4, 0xda, 0x77, 0xed, 0xc8, 0x3,
    0xff, 0xf8, 0x95, 0xf8, 0xe6, 0x1, 0xff, 0xd0,
    0x48, 0xdc, 0x72, 0x0, 0xff, 0xfb, 0x14, 0xf5,
    0xa8, 0x7, 0xff, 0x5c, 0xe3, 0x68, 0xc0, 0x3f,
    0xfe, 0x49, 0x9a, 0xc2, 0x1, 0xff, 0xdc, 0x5c,
    0xc2, 0x80, 0x7f, 0xfb, 0x97, 0x2c, 0xc0, 0x3f,
    0xfc, 0x27, 0x58, 0x40, 0x1f, 0xfe, 0xa5, 0xda,
    0x30, 0xf, 0xff, 0x29, 0xec, 0x88, 0x7, 0xff,
    0x98, 0xf2, 0x88, 0x3, 0xff, 0xd2, 0xde, 0x60,
    0x1f, 0xfe, 0x31, 0x9c, 0x30, 0xf, 0xfe, 0x39,
    0x2b, 0xd6, 0x6e, 0xbb, 0xfe, 0xed, 0xcb, 0x97,
    0x52, 0x0, 0xff, 0xe3, 0xe, 0x38, 0x7, 0xff,
    0x85, 0x7d, 0x80, 0x3f, 0xf8, 0xa4, 0xf7, 0xfb,
    0x50, 0xa6, 0x44, 0x10, 0x8, 0x48, 0xd1, 0xa2,
    0xb7, 0xee, 0xc, 0x3, 0xff, 0x89, 0x16, 0x20,
    0x1f, 0xfd, 0xea, 0xa0, 0x80, 0x7f, 0xf0, 0xca,
    0x7b, 0x61, 0x0, 0x3f, 0xf9, 0x28, 0xf9, 0xd2,
    0x60, 0x1f, 0xfc, 0x24, 0xc1, 0x0, 0xff, 0xed,
    0x96, 0xa8, 0x7, 0xff, 0xd, 0xb3, 0x58, 0x40,
    0x3f, 0xf9, 0xe2, 0xd9, 0xac, 0x1, 0xff, 0xc1,
    0x2c, 0x20, 0xf, 0xfe, 0xcb, 0x69, 0x0, 0x7f,
    0xf0, 0x9f, 0xa4, 0xc0, 0x3f, 0xfa, 0xa5, 0x3c,
    0xc0, 0x1f, 0xfc, 0x2, 0xc2, 0x0, 0xff, 0xeb,
    0xcc, 0x80, 0x3f, 0xf8, 0x4f, 0xd0, 0x20, 0x1f,
    0xfd, 0x91, 0x9d, 0x40, 0xf, 0xf8, 0x70, 0x40,
    0x3f, 0xfa, 0xb4, 0xc0, 0x1f, 0xfc, 0x16, 0xe8,
    0x10, 0xf, 0xfe, 0xe9, 0x5c, 0x80, 0x7f, 0xc3,
    0x80, 0x1f, 0xfd, 0x31, 0xc5, 0x0, 0xff, 0xe0,
    0x16, 0x48, 0x80, 0x7f, 0xf8, 0x5b, 0x4c, 0x3,
    0xfc, 0x56, 0x1, 0xff, 0xd1, 0x1c, 0x30, 0xf,
    0xfe, 0x4, 0x69, 0x80, 0x7f, 0xf9, 0xb, 0x10,
    0x3, 0xfc, 0x92, 0x1, 0xff, 0xcf, 0x1c, 0x20,
    0xf, 0xf8, 0x71, 0xc0, 0x3f, 0xfd, 0x16, 0xc0,
    0x1f, 0xe6, 0x40, 0xf, 0xfe, 0x68, 0xe1, 0x0,
    0x7f, 0xc9, 0xe6, 0x1, 0xff, 0xea, 0x96, 0x0,
    0xff, 0x50, 0x80, 0x7f, 0xf3, 0x34, 0x80, 0x3f,
    0xe7, 0xb1, 0x0, 0xff, 0xf6, 0x4a, 0x80, 0x7f,
    0xd, 0x0, 0x7f, 0xf2, 0xe8, 0xc0, 0x3f, 0xe9,
    0x80, 0xf, 0xff, 0x7d, 0x20, 0x7, 0xf2, 0x20,
    0x3, 0xff, 0x92, 0xea, 0x1, 0xff, 0x53, 0x0,
    0x7f, 0xfc, 0x68, 0x40, 0x3f, 0xa4, 0x3, 0xff,
    0x90, 0x70, 0x1, 0xff, 0x5a, 0x80, 0x7f, 0xfc,
    0x87, 0x40, 0x3f, 0x89, 0x80, 0x3f, 0xf8, 0xc3,
    0xa0, 0x1f, 0xf6, 0x20, 0x7, 0xff, 0xd0, 0xdc,
    0x3, 0xfa, 0x0, 0x3f, 0xf8, 0xd6, 0x20, 0x1f,
    0xea, 0x30, 0xf, 0xff, 0xb4, 0x10, 0x7, 0xe1,
    0x60, 0xf, 0xfe, 0x22, 0xa8, 0x3, 0xfd, 0x2a,
    0x1, 0xff, 0xf8, 0x90, 0xf, 0xeb, 0x0, 0xff,
    0xe1, 0x8d, 0x80, 0x7f, 0x9d, 0x80, 0x3f, 0xff,
    0x28, 0x80, 0xf, 0xc4, 0x80, 0x1f, 0xfc, 0x28,
    0x10, 0xf, 0xe3, 0x80, 0xf, 0xff, 0xdc, 0x80,
    0x7f, 0x78, 0x7, 0xff, 0x4, 0xd8, 0x3, 0xfd,
    0xc0, 0x1f, 0xff, 0xc2, 0x40, 0xf, 0xc8, 0x20,
    0x1f, 0xfc, 0xf, 0x0, 0xff, 0x51, 0x0, 0x7f,
    0xff, 0x7c, 0x3, 0xf9, 0xc0, 0x3f, 0xe4, 0x30,
    0xf, 0xe5, 0x50, 0x7, 0xff, 0x44, 0x56, 0x2f,
    0x7b, 0xfd, 0xd9, 0x28, 0x1, 0xff, 0xd5, 0x42,
    0x0, 0xfd, 0xa0, 0x1f, 0xf4, 0x0, 0x7f, 0xac,
    0x3, 0xff, 0xa0, 0xf9, 0xd4, 0xe8, 0x42, 0x0,
    0x13, 0x6b, 0xe6, 0x0, 0xf9, 0x2b, 0x75, 0x68,
    0x1, 0xff, 0xc7, 0xb0, 0xf, 0xc8, 0x1, 0xfe,
    0x43, 0x0, 0xfe, 0x81, 0x0, 0xff, 0xe6, 0x8c,
    0x7c, 0x18, 0x7, 0xff, 0x0, 0x66, 0xc4, 0x3,
    0x45, 0xa9, 0x11, 0x2d, 0x0, 0x3f, 0xf8, 0xce,
    0x1, 0xfc, 0xa0, 0x1f, 0xd0, 0x1, 0xfc, 0x4e,
    0x1, 0xff, 0xcd, 0x6f, 0x70, 0xf, 0xfe, 0x2a,
    0x60, 0x80, 0x15, 0xc0, 0x3d, 0xe0, 0x1f, 0xfc,
    0x61, 0x30, 0xf, 0xda, 0x1, 0xf8, 0xcc, 0x1,
    0xfd, 0x20, 0x1f, 0xfc, 0xc1, 0xb9, 0x10, 0xf,
    0xfe, 0x39, 0x68, 0x2, 0xc0, 0x3e, 0x60, 0xf,
    0xfe, 0x3d, 0x80, 0x7e, 0x40, 0xf, 0xd2, 0x1,
    0xfc, 0x88, 0x0, 0xff, 0xe5, 0x96, 0x20, 0x7,
    0xff, 0x28, 0xe5, 0x4, 0x3, 0xe1, 0x0, 0xff,
    0xe3, 0xa0, 0x7, 0xe3, 0x0, 0xf8, 0x54, 0x3,
    0xfb, 0xc0, 0x3f, 0xf9, 0x67, 0xa4, 0x1, 0xff,
    0xcc, 0x68, 0x0, 0xfc, 0xa0, 0x1f, 0xfc, 0x73,
    0x0, 0xfe, 0x20, 0xf, 0x30, 0x7, 0xf1, 0x20,
    0x7, 0xff, 0x28, 0xf0, 0x3, 0xff, 0x9e, 0x60,
    0x1f, 0xbc, 0x3, 0xff, 0x90, 0x60, 0x1f, 0x9c,
    0x3, 0xd4, 0x1, 0xfd, 0x0, 0x1f, 0xfc, 0xa2,
    0xc0, 0xf, 0xfe, 0xca, 0x80, 0x7f, 0xf2, 0x14,
    0x3, 0xf1, 0x0, 0x71, 0x90, 0x7, 0xe1, 0x50,
    0xf, 0xfe, 0x57, 0x80, 0x7f, 0xf0, 0x49, 0xef,
    0x7f, 0xdb, 0x48, 0x1, 0xff, 0xc4, 0x30, 0xf,
    0xfe, 0x47, 0x80, 0x7e, 0xe0, 0xe, 0xa0, 0xf,
    0xe9, 0x0, 0xff, 0xe5, 0x59, 0x0, 0x7f, 0xc9,
    0x9b, 0x8, 0x40, 0x2, 0x5b, 0xc3, 0x0, 0xff,
    0xe0, 0x90, 0x7, 0xff, 0x24, 0x80, 0x3f, 0x10,
    0x7, 0x38, 0x7, 0xf3, 0x0, 0x7f, 0xf2, 0x59,
    0x0, 0x3f, 0xea, 0xb3, 0x0, 0xfe, 0x3c, 0x50,
    0xf, 0xfe, 0x2, 0x0, 0x7f, 0xf2, 0x58, 0x3,
    0xf3, 0x0, 0x63, 0x10, 0xf, 0xc8, 0x20, 0x1f,
    0xfc, 0x82, 0x90, 0xf, 0xf1, 0x6a, 0x80, 0x7f,
    0xf0, 0x69, 0x0, 0x3f, 0xef, 0x0, 0xff, 0xe4,
    0x90, 0x7, 0xe3, 0x0, 0xd6, 0x1, 0xfd, 0xc0,
    0x1f, 0xfc, 0x99, 0x0, 0xff, 0x16, 0x10, 0x7,
    0xff, 0xe, 0xc8, 0x3, 0xfc, 0xa0, 0x1f, 0xfc,
    0xa1, 0x0, 0xf8, 0x40, 0x32, 0x80, 0x7f, 0x28,
    0x7, 0xff, 0x21, 0x50, 0x3, 0xf8, 0x7c, 0x40,
    0x3f, 0xf8, 0xbc, 0x1, 0xfe, 0x30, 0xf, 0xfe,
    0xb0, 0x90, 0x7, 0xe4, 0x0, 0xff, 0xe4, 0xd8,
    0x7, 0xfa, 0x88, 0x3, 0xff, 0x8c, 0x40, 0x1f,
    0xc4, 0x1, 0xff, 0xcb, 0x30, 0xf, 0xf9, 0x0,
    0x3f, 0xb4, 0x3, 0xff, 0x90, 0xe2, 0x1, 0xfc,
    0xe8, 0x1, 0xff, 0xc7, 0x50, 0xf, 0xe7, 0x0,
    0xff, 0xe5, 0x88, 0x7, 0xe1, 0x0, 0x68, 0x7,
    0xf2, 0x0, 0x7f, 0xf2, 0x24, 0x3, 0xf8, 0xa0,
    0x3, 0xff, 0x90, 0x60, 0x1f, 0xda, 0x1, 0xff,
    0xd7, 0x40, 0xf, 0xc2, 0x40, 0x1f, 0xfc, 0x76,
    0x10, 0xf, 0xee, 0x0, 0xff, 0xe4, 0xe8, 0x7,
    0xf2, 0x0, 0x7f, 0xf5, 0xcc, 0x3, 0xf2, 0x0,
    0x7f, 0xf2, 0x2c, 0x3, 0xf9, 0x4c, 0x3, 0xff,
    0x92, 0xe0, 0x1f, 0xc6, 0x1, 0xff, 0xd4, 0x10,
    0x20, 0xf, 0xed, 0x0, 0xff, 0xe3, 0x99, 0x0,
    0x7f, 0x40, 0x7, 0xff, 0x28, 0x80, 0x3f, 0x10,
    0x7, 0xff, 0x30, 0x40, 0x3f, 0xce, 0x1, 0xfc,
    0x60, 0x1f, 0xfc, 0x79, 0x0, 0xfe, 0x52, 0x0,
    0xff, 0xe4, 0x90, 0x7, 0xf3, 0x80, 0x7f, 0xf3,
    0xc, 0x3, 0xfc, 0x40, 0x1f, 0xca, 0x1, 0xff,
    0xc7, 0x50, 0xf, 0xe9, 0x0, 0xff, 0xe5, 0x38,
    0x7, 0xf6, 0x80, 0x7f, 0xf3, 0x4, 0x3, 0xe1,
    0x0, 0x70, 0x7, 0xf0, 0x80, 0x7f, 0xf1, 0x90,
    0x3, 0xf8, 0x8c, 0x3, 0xff, 0x95, 0xa0, 0x1f,
    0xc6, 0x1, 0xff, 0xcb, 0x10, 0xf, 0xc4, 0x0,
    0x20, 0xf, 0xc6, 0x1, 0xff, 0xc7, 0xc0, 0xf,
    0xea, 0x0, 0xff, 0xe5, 0x98, 0x7, 0xf2, 0x80,
    0x7f, 0xf2, 0xcc, 0x3, 0xf3, 0x80, 0x18, 0x3,
    0xf3, 0x0, 0x7f, 0xf1, 0xd0, 0x3, 0xf9, 0x0,
    0x3f, 0xf9, 0x6c, 0x1, 0xf8, 0x84, 0x3, 0xff,
    0x96, 0xe0, 0x1f, 0x88, 0x0, 0x40, 0x1f, 0x8c,
    0x3, 0xff, 0x8e, 0x60, 0x1f, 0x84, 0xc0, 0x3f,
    0xf9, 0x64, 0x1, 0xf9, 0xc0, 0x3f, 0xf9, 0x9a,
    0x1, 0xfb, 0xc0, 0x3f, 0xee, 0x0, 0xff, 0xe3,
    0x18, 0x7, 0xf2, 0x80, 0x7f, 0xf2, 0xcc, 0x3,
    0xfb, 0x40, 0x3f, 0xf9, 0x86, 0x1, 0xf9, 0x40,
    0x40, 0x3f, 0x84, 0x3, 0xff, 0x8c, 0xc0, 0x1f,
    0xc6, 0x1, 0xff, 0xcb, 0x50, 0xf, 0xe3, 0x0,
    0xff, 0xe6, 0x28, 0x7, 0xe3, 0x3, 0x0, 0xfe,
    0x30, 0xf, 0xfe, 0x31, 0x0, 0x7f, 0x70, 0x7,
    0xff, 0x2f, 0xc0, 0x3f, 0x94, 0x3, 0xff, 0x96,
    0x42, 0x1, 0xf1, 0x0, 0x4, 0x3, 0xf8, 0x40,
    0x3f, 0xf8, 0xdc, 0x1, 0xfc, 0x60, 0x1f, 0xfc,
    0xb2, 0x0, 0xfc, 0x22, 0x0, 0xff, 0xe5, 0xa8,
    0x7, 0xe4, 0x0, 0xff, 0xe9, 0x98, 0x7, 0xf0,
    0x80, 0x7f, 0xf2, 0xd4, 0x3, 0xf2, 0x80, 0x7f,
    0xf3, 0x2c, 0x3, 0xf6, 0x0, 0x7f, 0xf4, 0xc4,
    0x3, 0xff, 0xa8, 0x22, 0x0, 0xfc, 0x60, 0x1f,
    0xfc, 0xb2, 0x30, 0xf, 0xc8, 0x1, 0xff, 0xdd,
    0x10, 0xf, 0xfe, 0x52, 0x80, 0x7f, 0x60, 0x7,
    0xff, 0x2e, 0x80, 0x3f, 0x18, 0x80, 0x7f, 0xfd,
    0xc, 0x3, 0xf9, 0x80, 0x3f, 0xf9, 0x6c, 0x1,
    0xfa, 0x80, 0x21, 0x0, 0xfe, 0x10, 0xf, 0xfe,
    0x81, 0x80, 0x7f, 0xf2, 0xb8, 0x3, 0xf8, 0x80,
    0x3f, 0xf9, 0x4e, 0x20, 0x1f, 0x98, 0x3, 0xff,
    0x82, 0x60, 0x1f, 0xfc, 0x61, 0x0, 0xfe, 0xf0,
    0xf, 0xfe, 0x52, 0x80, 0x7f, 0xf4, 0xc6, 0x40,
    0x3f, 0x28, 0x6, 0x30, 0xf, 0xfe, 0x81, 0x0,
    0x7f, 0x10, 0x7, 0xff, 0x28, 0xc0, 0x3f, 0x8,
    0x7, 0xff, 0x2a, 0x4, 0x3, 0xf4, 0x0, 0x61,
    0x0, 0xfe, 0xe0, 0xf, 0xfe, 0x37, 0x0, 0x7f,
    0x20, 0x7, 0xff, 0x26, 0xc0, 0x3f, 0xfa, 0x66,
    0xc0, 0x1f, 0x94, 0x80, 0x3f, 0xf8, 0x44, 0x1,
    0xff, 0xc6, 0x20, 0xf, 0xf2, 0x0, 0x7f, 0xf1,
    0xe9, 0x0, 0x3f, 0x84, 0x3, 0xff, 0x90, 0x3a,
    0x1, 0xfd, 0x20, 0x1e, 0x10, 0xf, 0xc2, 0x1,
    0xff, 0xc6, 0x50, 0xf, 0xf6, 0x80, 0x7f, 0xf1,
    0xa9, 0x40, 0x3f, 0xe1, 0x0, 0xff, 0xe3, 0xe8,
    0x80, 0x7e, 0x63, 0x0, 0xf1, 0x0, 0x7e, 0x60,
    0xf, 0xfe, 0x30, 0x90, 0x7, 0xf3, 0x10, 0x7,
    0xff, 0x12, 0x94, 0x3, 0xff, 0x80, 0xa0, 0x1f,
    0xfc, 0x6a, 0x30, 0xf, 0xc3, 0x0, 0x1f, 0x30,
    0x7, 0xe2, 0x0, 0xff, 0xe3, 0xa8, 0x7, 0xfa,
    0x40, 0x3f, 0xf8, 0x43, 0x8a, 0x1, 0xff, 0xc1,
    0xd0, 0xf, 0xfe, 0x2d, 0x28, 0x7, 0xf5, 0x88,
    0x7, 0xc4, 0x1, 0xfc, 0x40, 0x1f, 0xfc, 0x6a,
    0x0, 0xff, 0x24, 0x80, 0x7f, 0xf0, 0x13, 0xcc,
    0x3, 0xff, 0x84, 0xc2, 0x1, 0xff, 0xc2, 0x1b,
    0x50, 0xf, 0xe5, 0x50, 0x7, 0xee, 0x0, 0xfe,
    0x40, 0xf, 0xfe, 0x31, 0x18, 0x7, 0xf9, 0xa8,
    0x40, 0x3f, 0x15, 0xd8, 0x40, 0x3f, 0xf8, 0x94,
    0x1, 0xff, 0xc1, 0x4f, 0x40, 0xf, 0xe2, 0xa0,
    0xf, 0xe5, 0x0, 0xfe, 0xf0, 0xf, 0xfe, 0x3c,
    0x80, 0x7f, 0xcb, 0xd2, 0x84, 0x0, 0x26, 0xbd,
    0x40, 0xf, 0xe2, 0x0, 0xfc, 0x96, 0x20, 0x1f,
    0xc5, 0x56, 0x20, 0x1f, 0xc3, 0xe0, 0x1f, 0xe3,
    0x0, 0xfe, 0x50, 0xf, 0xfe, 0x3a, 0x98, 0x7,
    0xff, 0x1, 0xaf, 0x7f, 0xdb, 0x28, 0x1, 0xfe,
    0xba, 0x0, 0xfe, 0x4e, 0x95, 0x20, 0x0, 0x9b,
    0xe6, 0xa8, 0x7, 0xfd, 0xa4, 0x1, 0xff, 0x18,
    0x7, 0xe3, 0x10, 0xf, 0xfe, 0x3f, 0x0, 0x7f,
    0xf4, 0x69, 0x10, 0x1, 0xff, 0x35, 0x6f, 0xfb,
    0xb2, 0xc, 0x3, 0xff, 0x81, 0x66, 0x1, 0xff,
    0xc0, 0x50, 0xf, 0xe7, 0x0, 0xff, 0xe3, 0x94,
    0x80, 0x7f, 0xf3, 0xed, 0x40, 0xcc, 0x1, 0xff,
    0xd2, 0xb4, 0x0, 0xff, 0xe0, 0xe0, 0x7, 0xf6,
    0x80, 0x7f, 0xf2, 0x19, 0x80, 0x1f, 0xfc, 0xc1,
    0xc4, 0x0, 0xa0, 0x3, 0xff, 0xa0, 0x38, 0x80,
    0x1f, 0xfc, 0x24, 0x0, 0xfe, 0x40, 0xf, 0xfe,
    0x4c, 0xb0, 0x7, 0xff, 0x29, 0x3c, 0xc0, 0x32,
    0x38, 0x7, 0xff, 0x38, 0xfc, 0xc0, 0x3f, 0xf8,
    0x62, 0x60, 0x1f, 0xca, 0x1, 0xff, 0xc9, 0x99,
    0x0, 0x7f, 0xf1, 0xc6, 0x6c, 0x40, 0x3d, 0x8,
    0x1, 0xff, 0xcc, 0x7c, 0x10, 0xf, 0xfe, 0x2d,
    0x80, 0x7f, 0x48, 0x7, 0xff, 0x29, 0xb5, 0x0,
    0x3f, 0xf8, 0x8d, 0xec, 0x1, 0xfd, 0x6e, 0x1,
    0xff, 0xc9, 0x3c, 0x80, 0xf, 0xfe, 0x3a, 0x80,
    0x7f, 0x19, 0x80, 0x3f, 0xf9, 0x45, 0x78, 0xa0,
    0x1f, 0xf1, 0x47, 0x48, 0x80, 0x7f, 0xd1, 0x84,
    0x1, 0xff, 0xc5, 0x3a, 0xc3, 0x0, 0xff, 0xe4,
    0x11, 0x80, 0x7f, 0x48, 0x7, 0xff, 0x30, 0xeb,
    0xee, 0x15, 0xc, 0xca, 0xd3, 0xba, 0x71, 0x0,
    0xff, 0xe1, 0x1e, 0xd2, 0x0, 0x7f, 0xf0, 0x5,
    0x6f, 0x14, 0x3, 0xff, 0x97, 0x40, 0x1f, 0xca,
    0x40, 0x1f, 0xfc, 0xe4, 0x7a, 0xbc, 0xc5, 0x4b,
    0x10, 0x7, 0xff, 0x1d, 0x6f, 0xa9, 0xd0, 0xc8,
    0xa3, 0x58, 0xce, 0xa4, 0x0, 0xff, 0xe6, 0xb0,
    0x80, 0x7f, 0x48, 0x7, 0xff, 0xb4, 0x56, 0x2f,
    0x37, 0x6c, 0xa7, 0x30, 0xf, 0xfe, 0x8b, 0x0,
    0x7f, 0x22, 0x0, 0x3f, 0xff, 0xe0, 0x1f, 0xfc,
    0xa9, 0x0, 0xff, 0x48, 0x7, 0xff, 0xfc, 0x3,
    0xff, 0x94, 0x2a, 0x1, 0xfc, 0x50, 0x1, 0xff,
    0xff, 0x0, 0xff, 0xe5, 0x58, 0x7, 0xf9, 0xd0,
    0x3, 0xff, 0xfe, 0x1, 0xff, 0xc9, 0x17, 0x0,
    0xff, 0x50, 0x80, 0x7f, 0xff, 0xc0, 0x3f, 0xf9,
    0x30, 0x20, 0x1f, 0xc3, 0xa0, 0x1f, 0xff, 0xf0,
    0xf, 0xfe, 0x55, 0x80, 0x7f, 0x8e, 0xc0, 0x3f,
    0xff, 0xe0, 0x1f, 0xfc, 0x95, 0x50, 0x7, 0xf9,
    0x28, 0x3, 0xff, 0xfe, 0x1, 0xff, 0xc9, 0xa2,
    0x0, 0xff, 0x2d, 0x0, 0x7f, 0xff, 0xc0, 0x3f,
    0xf9, 0x3c, 0x1, 0xff, 0x2d, 0x80, 0x7f, 0xff,
    0xc0, 0x3f, 0xf9, 0x7, 0x20, 0x1f, 0xf2, 0x68,
    0x80, 0x7f, 0xff, 0xc0, 0x3f, 0xf8, 0xec, 0xe0,
    0x1f, 0xf1, 0x7a, 0x80, 0x7f, 0xff, 0xc0, 0x3f,
    0xf8, 0xf0, 0xc0, 0x1f, 0xf0, 0xd4, 0x80, 0x7f,
    0xff, 0xc0, 0x3f, 0xf8, 0xf2, 0xa0, 0x1f, 0xfc,
    0x6, 0xe5, 0x0, 0xff, 0xff, 0x80, 0x7f, 0xf1,
    0xa9, 0x40, 0x3f, 0xf8, 0x3, 0x58, 0x60, 0x1f,
    0xfd, 0xc3, 0x89, 0x60, 0xf, 0xff, 0x25, 0x38,
    0x7, 0xff, 0x4, 0xf2, 0xd0, 0x3, 0xff, 0xb0,
    0xbb, 0x8e, 0xd3, 0x60, 0x1f, 0xfe, 0x48, 0x90,
    0xf, 0xfe, 0x12, 0x5e, 0xb0, 0x80, 0x7f, 0xf4,
    0xd7, 0x28, 0x80, 0x32, 0x38, 0x7, 0xff, 0x91,
    0xac, 0x40, 0x3f, 0xf8, 0x45, 0x3d, 0x8c, 0x20,
    0x1f, 0xfc, 0xd3, 0x8e, 0xa3, 0x0, 0xfa, 0x80,
    0x3f, 0xfc, 0xa9, 0xea, 0x1, 0xff, 0xc4, 0x39,
    0xee, 0x53, 0x98, 0x80, 0x7f, 0xf0, 0xc5, 0x1e,
    0xbb, 0x1c, 0x40, 0x3f, 0x88, 0x3, 0xff, 0xcc,
    0x35, 0x20, 0x1f, 0xfc, 0x61, 0x58, 0xce, 0xfd,
    0xba, 0xa4, 0xc4, 0x53, 0x2a, 0xbd, 0xfe, 0xb8,
    0x51, 0x0, 0xff, 0xe0, 0x10, 0x7, 0xff, 0xa1,
    0xb5, 0x0, 0x3f, 0xf9, 0x44, 0x8a, 0xa6, 0x77,
    0x99, 0x8a, 0x84, 0x1, 0xff, 0xc6, 0xa0, 0xf,
    0xff, 0x49, 0x5e, 0x18, 0x7, 0xff, 0x99, 0x9c,
    0x3, 0xff, 0xd6, 0x79, 0x44, 0x1, 0xff, 0xe2,
    0x2b, 0x90, 0xf, 0xff, 0x72, 0xed, 0xa0, 0x7,
    0xff, 0x7e, 0x35, 0x0, 0x3f, 0xfe, 0x29, 0x7a,
    0xc2, 0x1, 0xff, 0xd9, 0x18, 0xe7, 0x0, 0xff,
    0xfa, 0x94, 0xf6, 0x39, 0x0, 0x7f, 0xf5, 0x16,
    0xf9, 0xc4, 0x3, 0xff, 0xf2, 0x71, 0xba, 0xa6,
    0x30, 0xf, 0xfe, 0x61, 0xbd, 0xfd, 0x20, 0x7,
    0xff, 0xfc, 0x96, 0x73, 0xf2, 0xa1, 0x90, 0xc8,
    0x44, 0x1, 0xc2, 0x46, 0xad, 0x15, 0xbf, 0x90,
    0x80, 0x1f, 0xfd, 0xe0,

    /* U+0041 "A" */
    0x0, 0xff, 0xea, 0x8a, 0xbb, 0xa2, 0xe, 0xe4,
    0x0, 0xff, 0xfa, 0x8d, 0x75, 0x44, 0x1d, 0xd1,
    0xb, 0xf7, 0x0, 0xff, 0xf9, 0xe, 0x28, 0x7,
    0xfa, 0x2c, 0x3, 0xff, 0xe3, 0x44, 0x1, 0xff,
    0xc0, 0x47, 0x0, 0xff, 0xf7, 0xa2, 0x0, 0x3f,
    0xf8, 0x50, 0x1, 0xff, 0xef, 0xe0, 0xf, 0xfe,
    0x23, 0x0, 0x7f, 0xfb, 0x94, 0x3, 0xff, 0x89,
    0xa0, 0x1f, 0xfe, 0xd5, 0x0, 0xff, 0xe2, 0xa0,
    0x80, 0x7f, 0xfb, 0x3c, 0x3, 0xff, 0x8c, 0xe0,
    0x1f, 0xfe, 0xc5, 0x0, 0xff, 0xe3, 0x50, 0x7,
    0xff, 0xad, 0x40, 0x3f, 0xf8, 0xe6, 0x20, 0x1f,
    0xfe, 0xae, 0x0, 0xff, 0xe4, 0x30, 0x7, 0xff,
    0xa4, 0x50, 0x3, 0xf8, 0xc0, 0x3f, 0xd6, 0x1,
    0xff, 0xe9, 0x70, 0xf, 0xf5, 0x20, 0x7, 0xf1,
    0x88, 0x7, 0xff, 0xa3, 0x40, 0x3f, 0xcf, 0x80,
    0x1f, 0xe6, 0x0, 0xff, 0xf3, 0x8a, 0x0, 0x7f,
    0x18, 0xa8, 0x7, 0xfa, 0xc0, 0x3f, 0xfc, 0xee,
    0x1, 0xfe, 0x40, 0x22, 0x0, 0x7f, 0x19, 0x0,
    0x7f, 0xf9, 0xb4, 0x3, 0xfd, 0x60, 0x4, 0x0,
    0xff, 0x28, 0x7, 0xff, 0x94, 0x50, 0x3, 0xf8,
    0x4c, 0x1, 0xa0, 0x1f, 0xea, 0x0, 0xff, 0xf2,
    0xb8, 0x7, 0xf9, 0xc0, 0x24, 0x0, 0xff, 0x11,
    0x0, 0x3f, 0xfc, 0x94, 0x1, 0xfe, 0xd0, 0xc,
    0x80, 0x1f, 0xe5, 0x0, 0xff, 0xf1, 0x89, 0x80,
    0x7f, 0xa, 0x0, 0x6c, 0x0, 0xff, 0x50, 0x7,
    0xff, 0x8d, 0x80, 0x3f, 0xc8, 0x1, 0xca, 0x1,
    0xfe, 0x22, 0x0, 0x7f, 0xf8, 0xac, 0x3, 0xfd,
    0xe0, 0x1c, 0x44, 0x0, 0xff, 0x50, 0x7, 0xff,
    0x84, 0x8c, 0x3, 0xfc, 0xa0, 0x1e, 0x40, 0xf,
    0xf2, 0x80, 0x7f, 0xf8, 0x54, 0x3, 0xfc, 0x80,
    0x1f, 0x68, 0x7, 0xf8, 0x88, 0x1, 0xff, 0xe0,
    0xb0, 0xf, 0xf6, 0x80, 0x7c, 0x80, 0x1f, 0xf5,
    0x0, 0x7f, 0xf7, 0xc8, 0xc0, 0x3f, 0xce, 0x1,
    0xf9, 0x0, 0x3f, 0xca, 0x1, 0xff, 0xdf, 0x50,
    0xf, 0xf1, 0x88, 0x7, 0xed, 0x0, 0xff, 0x11,
    0x80, 0x7f, 0xf7, 0xa8, 0x3, 0xfd, 0x60, 0x1f,
    0xce, 0x1, 0xff, 0x58, 0x7, 0xff, 0x74, 0x88,
    0x1, 0xfe, 0x50, 0xf, 0xe1, 0x20, 0xf, 0xf2,
    0x80, 0x7f, 0xf7, 0x68, 0x3, 0xfc, 0x44, 0x0,
    0xff, 0x28, 0x7, 0xf8, 0x8c, 0x3, 0xff, 0xb8,
    0xa0, 0x1f, 0xe5, 0x0, 0xff, 0xac, 0x3, 0xfe,
    0xb0, 0xf, 0xfe, 0xd9, 0x90, 0x7, 0xfa, 0xc0,
    0x3f, 0xe3, 0x10, 0xf, 0xf3, 0x0, 0x7f, 0xf6,
    0xec, 0x3, 0xfc, 0x26, 0x1, 0xff, 0xc0, 0x70,
    0xf, 0xf0, 0x98, 0x7, 0xff, 0x69, 0x40, 0x3f,
    0xce, 0x1, 0xff, 0xc1, 0xc0, 0xf, 0xfa, 0x80,
    0x3f, 0xfb, 0x26, 0x40, 0x1f, 0xed, 0x0, 0xff,
    0xe0, 0xa8, 0x7, 0xfc, 0xe0, 0x1f, 0xfd, 0x9b,
    0x0, 0xff, 0x90, 0x3, 0xff, 0x84, 0x80, 0x1f,
    0xe1, 0x30, 0xf, 0xfe, 0xc3, 0x0, 0x7f, 0x94,
    0x3, 0xff, 0x87, 0xa0, 0x1f, 0xf5, 0x0, 0x7f,
    0xf5, 0xcc, 0x40, 0x3f, 0xde, 0x1, 0xff, 0xc3,
    0x70, 0xf, 0xf9, 0xc0, 0x3f, 0xfa, 0xf4, 0x1,
    0xff, 0x20, 0x7, 0xff, 0xc, 0x4c, 0x3, 0xfc,
    0x28, 0x1, 0xff, 0xd6, 0x70, 0xf, 0xf2, 0x8,
    0x7, 0xff, 0x12, 0xc0, 0x3f, 0xed, 0x0, 0xff,
    0xea, 0x98, 0x80, 0x7f, 0xb4, 0x3, 0xff, 0x8a,
    0xa0, 0x1f, 0xf3, 0x80, 0x7f, 0xf5, 0x68, 0x3,
    0xfe, 0x70, 0xf, 0xfe, 0x29, 0x10, 0x3, 0xfc,
    0x28, 0x1, 0xff, 0xd4, 0x70, 0xf, 0xf1, 0x88,
    0x7, 0xff, 0x19, 0x40, 0x3f, 0xed, 0x0, 0xff,
    0xe9, 0xa0, 0x80, 0x7f, 0xac, 0x3, 0xff, 0x8f,
    0x60, 0x1f, 0xf3, 0x80, 0x7f, 0xf4, 0xf4, 0x3,
    0xfe, 0x50, 0xf, 0xfe, 0x39, 0x88, 0x7, 0xf8,
    0x50, 0x3, 0xff, 0xa4, 0xe0, 0x1f, 0xe2, 0x20,
    0x7, 0xff, 0x21, 0x0, 0x3f, 0xee, 0x0, 0xff,
    0xe8, 0xa0, 0x80, 0x7f, 0x94, 0x3, 0xff, 0x93,
    0xe0, 0x1f, 0xf2, 0x80, 0x7f, 0xf4, 0x78, 0x3,
    0xfe, 0xb0, 0xf, 0xfe, 0x4a, 0x80, 0x7f, 0xf0,
    0x14, 0x3, 0xff, 0xa0, 0xa0, 0x1f, 0xe1, 0x30,
    0xf, 0xfe, 0x51, 0x80, 0x7f, 0xde, 0x1, 0xff,
    0xcf, 0x40, 0xf, 0xf9, 0x0, 0x3f, 0xf9, 0x76,
    0x1, 0xff, 0x28, 0x7, 0xff, 0x3f, 0x80, 0x3f,
    0xef, 0x0, 0xff, 0xe5, 0xa0, 0x7, 0xff, 0x1,
    0x40, 0x3f, 0xf9, 0xca, 0x1, 0xff, 0x28, 0x7,
    0xff, 0x2c, 0x80, 0x3f, 0xf8, 0x1e, 0x1, 0xff,
    0xcd, 0x50, 0xf, 0xf9, 0x0, 0x3f, 0xf9, 0x82,
    0x1, 0xff, 0xc0, 0x50, 0xf, 0xfe, 0x6f, 0x80,
    0x7f, 0xda, 0x1, 0xff, 0xcc, 0x40, 0xf, 0xfe,
    0xa, 0x80, 0x7f, 0xf3, 0x14, 0x3, 0xfe, 0x34,
    0x4f, 0xfe, 0x5b, 0x50, 0x7, 0xff, 0x7, 0xc0,
    0x3f, 0xf9, 0x6a, 0x1, 0xff, 0xc0, 0xab, 0xbf,
    0xfe, 0x5c, 0x88, 0x7, 0xff, 0x5, 0x40, 0x3f,
    0xf9, 0x7c, 0x1, 0xff, 0xe8, 0x50, 0xf, 0xfe,
    0x52, 0x0, 0x7f, 0xfa, 0x38, 0x3, 0xff, 0x92,
    0xa0, 0x1f, 0xfe, 0x94, 0x10, 0xf, 0xfe, 0x47,
    0x0, 0x7f, 0xfa, 0x9c, 0x3, 0xff, 0x8e, 0x28,
    0x1, 0xff, 0xea, 0xd0, 0xf, 0xfe, 0x3b, 0x80,
    0x7f, 0xfa, 0xd0, 0x40, 0x3f, 0xf8, 0xda, 0x1,
    0xff, 0xec, 0x70, 0xf, 0xfe, 0x28, 0xa0, 0x7,
    0xff, 0xb3, 0x40, 0x3f, 0xf8, 0xae, 0x1, 0xff,
    0xed, 0x41, 0x0, 0xff, 0xe2, 0x50, 0x7, 0xfc,
    0xdf, 0xff, 0xfd, 0x5a, 0x0, 0xff, 0xe0, 0x38,
    0x7, 0xff, 0xc, 0x4c, 0x3, 0xfe, 0xd0, 0xf,
    0xfe, 0xaa, 0x80, 0x7f, 0xf0, 0x34, 0x3, 0xff,
    0x86, 0xe0, 0x1f, 0xfc, 0x4, 0x0, 0xff, 0xeb,
    0x20, 0x7, 0xfc, 0x82, 0x1, 0xff, 0xc2, 0xa0,
    0xf, 0xf9, 0x40, 0x3f, 0xfa, 0xfa, 0x1, 0xff,
    0xc0, 0x70, 0xf, 0xfe, 0x8, 0x98, 0x7, 0xfd,
    0xe0, 0x1f, 0xfd, 0x77, 0x0, 0xff, 0xe0, 0x50,
    0x7, 0xff, 0x5, 0x80, 0x3f, 0xf8, 0xa, 0x1,
    0xff, 0xd7, 0x14, 0x0, 0xff, 0x8c, 0x40, 0x3f,
    0xf8, 0x16, 0x1, 0xff, 0x20, 0x7, 0xff, 0x67,
    0x40, 0x3f, 0xf8, 0xc, 0x1, 0xff, 0x11, 0x80,
    0x7f, 0xda, 0x1, 0xff, 0xd9, 0x70, 0xf, 0xfe,
    0x5, 0x80, 0x7f, 0xca, 0x1, 0xff, 0xc0, 0x70,
    0xf, 0xfe, 0xc8, 0x98, 0x7, 0xfc, 0x62, 0x1,
    0xfe, 0xa0, 0xf, 0xf8, 0xc4, 0x3, 0xff, 0xb5,
    0x60, 0x1f, 0xfc, 0x6, 0x0, 0xfe, 0x22, 0x0,
    0x7f, 0xd6, 0x1, 0xff, 0xdb, 0x50, 0xf, 0xfe,
    0x5, 0x80, 0x7f, 0x28, 0x7, 0xff, 0x1, 0x40,
    0x3f, 0xfb, 0x64, 0x40, 0xf, 0xf8, 0xc8, 0x3,
    0xf5, 0x0, 0x7f, 0xc4, 0x40, 0xf, 0xfe, 0xe2,
    0x80, 0x7f, 0xf0, 0x14, 0x3, 0xe2, 0x20, 0x7,
    0xfc, 0xa0, 0x1f, 0xfd, 0xdb, 0x0, 0xff, 0xe0,
    0x58, 0x7, 0xd4, 0x1, 0xff, 0xc0, 0xb0, 0xf,
    0xfe, 0xe9, 0x90, 0x7, 0xfc, 0x64, 0x1, 0xe5,
    0x0, 0xff, 0x84, 0xc0, 0x3f, 0xfb, 0xca, 0x1,
    0xff, 0xc0, 0x50, 0xe, 0x32, 0x0, 0xff, 0x9c,
    0x3, 0xff, 0xbf, 0x60, 0x1f, 0xfc, 0xa, 0x0,
    0xeb, 0x0, 0xff, 0xe0, 0x68, 0x7, 0xff, 0x7c,
    0xc4, 0x3, 0xfe, 0x22, 0x0, 0x65, 0x0, 0xff,
    0x85, 0x0, 0x3f, 0xfc, 0xe, 0x1, 0xff, 0xc0,
    0xa0, 0x8, 0xc8, 0x3, 0xfe, 0x40, 0xf, 0xff,
    0xe, 0x80, 0x7f, 0xf0, 0x14, 0x2, 0xb0, 0xf,
    0xfe, 0x7, 0x0, 0x7f, 0xf8, 0x50, 0x40, 0x3f,
    0xe2, 0x20, 0x1, 0x80, 0x3f, 0xf8, 0x8, 0x1,
    0xff, 0xe2, 0x40, 0xf, 0xfe, 0x5, 0x1, 0x88,
    0x7, 0xfc, 0xa0, 0x1f, 0xfe, 0x3f, 0x0, 0xff,
    0xe0, 0x28, 0x50, 0x7, 0xff, 0x3, 0xc0, 0x3f,
    0xfc, 0x6a, 0x1, 0xff, 0xc0, 0x23, 0x40, 0xf,
    0xfe, 0x2, 0x0, 0x7f, 0xf9, 0x14, 0x3, 0xff,
    0x80, 0x84, 0x1, 0xff, 0x38, 0x80, 0x7f, 0xf9,
    0x24, 0x3, 0xff, 0x81, 0xc6, 0x1, 0xfe, 0x58,
    0x0, 0xff, 0xf2, 0x9c, 0x80, 0x7f, 0xd9, 0xc6,
    0x1, 0xf1, 0x4d, 0x0, 0x7f, 0xf9, 0xdb, 0x10,
    0x3, 0xf3, 0xa9, 0x66, 0xd4, 0x45, 0x5b, 0xa6,
    0x0, 0xff, 0xf4, 0x9d, 0xf5, 0xcc, 0x42, 0x6f,
    0xe0, 0x0,

    /* U+0042 "B" */
    0x0, 0xc, 0xef, 0xff, 0xff, 0x3b, 0xb9, 0xb9,
    0x52, 0xe8, 0x40, 0x1f, 0xfd, 0x3, 0xe6, 0x20,
    0xf, 0xfe, 0x70, 0x88, 0x8d, 0x5a, 0x2f, 0x7f,
    0x21, 0x0, 0x3f, 0xf9, 0x9a, 0x1, 0xff, 0xdb,
    0x37, 0xbf, 0xb5, 0x0, 0xff, 0xe4, 0x28, 0x80,
    0x7f, 0xf7, 0xd2, 0xba, 0x4, 0x3, 0xff, 0x8b,
    0xa0, 0x1f, 0xfe, 0x21, 0x7e, 0x91, 0x0, 0xff,
    0xe1, 0x88, 0x7, 0xff, 0x95, 0xbd, 0x80, 0x3f,
    0xf8, 0x46, 0x1, 0xff, 0xe6, 0x19, 0xb1, 0x0,
    0xff, 0xfa, 0xa7, 0x90, 0x7, 0xff, 0xd4, 0x70,
    0x80, 0x3f, 0xfe, 0xa3, 0xe2, 0x1, 0xff, 0xca,
    0x29, 0xbb, 0xff, 0xe1, 0x54, 0xc3, 0xa9, 0x88,
    0x7, 0xff, 0x20, 0xa8, 0x3, 0xff, 0x95, 0x2c,
    0x89, 0xff, 0xc2, 0x56, 0x78, 0xac, 0xee, 0x53,
    0x8, 0x7, 0xff, 0x15, 0x14, 0x3, 0xff, 0x92,
    0xc0, 0x1f, 0xfc, 0xa1, 0x59, 0xeb, 0x40, 0xf,
    0xfe, 0x25, 0x80, 0x7f, 0xf9, 0x12, 0xf0, 0xc0,
    0x3f, 0xf8, 0x42, 0xc0, 0x1f, 0xfe, 0x53, 0xc6,
    0x0, 0xff, 0xe1, 0x58, 0x7, 0xff, 0x9e, 0x60,
    0x3, 0xff, 0x82, 0x46, 0x1, 0xff, 0xe7, 0x76,
    0x0, 0xff, 0xe0, 0xa0, 0x7, 0xff, 0xa2, 0x44,
    0x3, 0xff, 0x81, 0x80, 0x1f, 0xfe, 0x98, 0x0,
    0xff, 0xe0, 0x28, 0x7, 0xff, 0xa5, 0x80, 0x3f,
    0xf8, 0x2, 0x20, 0xf, 0xff, 0x4a, 0x0, 0x7f,
    0xf0, 0x8, 0x3, 0xff, 0xd3, 0x80, 0x1f, 0xfc,
    0x7, 0x0, 0xff, 0xf4, 0x98, 0x7, 0xff, 0x0,
    0x40, 0x3f, 0xfd, 0x2e, 0x1, 0xff, 0xf6, 0x10,
    0xf, 0xfe, 0x0, 0x80, 0x7f, 0xfd, 0x9c, 0x3,
    0xff, 0xd2, 0x20, 0x1f, 0xfc, 0x1, 0x0, 0xff,
    0xf4, 0xb8, 0x7, 0xff, 0x0, 0x80, 0x3f, 0xfd,
    0x26, 0x1, 0xff, 0x10, 0x7, 0xff, 0xab, 0x0,
    0x3f, 0xe7, 0x0, 0xff, 0xf4, 0x8a, 0x0, 0x7f,
    0xd8, 0x1, 0xff, 0xe9, 0x60, 0xf, 0xfe, 0x3,
    0x80, 0x7f, 0xfa, 0x64, 0x3, 0xfe, 0x51, 0x0,
    0xff, 0xf4, 0x50, 0x80, 0x7f, 0xdc, 0x1, 0xff,
    0xe8, 0x75, 0x0, 0xff, 0x8d, 0x0, 0x3f, 0xfc,
    0xef, 0x0, 0x1f, 0xfc, 0xf, 0x0, 0xff, 0xf3,
    0xd, 0xc0, 0x7, 0xff, 0x1, 0x4c, 0x3, 0xff,
    0xc8, 0x31, 0xc8, 0x1, 0xff, 0xc0, 0x2a, 0x0,
    0xff, 0xf1, 0xa5, 0x73, 0x80, 0x7f, 0xf0, 0xbc,
    0x3, 0xff, 0xbc, 0x26, 0xb1, 0x9f, 0x6a, 0x1,
    0xff, 0xc3, 0xb2, 0x0, 0xff, 0xe5, 0xf6, 0x67,
    0xff, 0xf, 0x7b, 0xfb, 0x29, 0xcc, 0x3, 0xff,
    0x8b, 0x68, 0x1, 0xff, 0xcc, 0x33, 0xff, 0xe2,
    0x10, 0x80, 0x7f, 0xf2, 0x47, 0x10, 0x3, 0xff,
    0xe6, 0x9e, 0x60, 0x1f, 0xff, 0x21, 0xab, 0x10,
    0xf, 0xff, 0x90, 0xd2, 0x80, 0x7f, 0xfd, 0x6,
    0xfa, 0x90, 0x3, 0xff, 0xe8, 0x2b, 0x7a, 0xc0,
    0x1f, 0xff, 0x52, 0x9e, 0x40, 0xf, 0xff, 0xa8,
    0xdc, 0x80, 0x7f, 0xfd, 0x9b, 0x48, 0x3, 0xff,
    0x91, 0xbf, 0xff, 0xfc, 0x6e, 0xdc, 0xa8, 0x64,
    0x10, 0xf, 0xfe, 0x31, 0x61, 0x0, 0x7f, 0xf6,
    0x84, 0x8d, 0x5e, 0x6f, 0xb6, 0x54, 0x3, 0xff,
    0x88, 0x38, 0x40, 0x1f, 0xfe, 0x12, 0x6a, 0xfa,
    0x30, 0xf, 0xfe, 0x10, 0xe0, 0x80, 0x7f, 0xf9,
    0x17, 0x2c, 0x80, 0x3f, 0xf8, 0x23, 0xa0, 0x1f,
    0xfe, 0x64, 0xd8, 0x0, 0xff, 0xe0, 0x9b, 0x80,
    0x7f, 0xf9, 0xde, 0xc0, 0x3f, 0xf8, 0x30, 0x20,
    0x1f, 0xfe, 0x74, 0xc0, 0xf, 0xfe, 0xc, 0x80,
    0x7f, 0xfa, 0xe, 0x40, 0x3f, 0xf8, 0xe, 0x1,
    0xff, 0xe9, 0x64, 0x0, 0xff, 0xe0, 0x30, 0x7,
    0xff, 0xa6, 0x40, 0x3f, 0xf8, 0x1a, 0x1, 0xff,
    0xe9, 0x24, 0x0, 0xff, 0x90, 0x3, 0xff, 0xd5,
    0xa0, 0x1f, 0xfc, 0x3, 0x0, 0xff, 0xf4, 0xb8,
    0x7, 0xff, 0x1, 0x40, 0x3f, 0xfd, 0x22, 0x20,
    0xf, 0xfb, 0x80, 0x3f, 0xfd, 0x44, 0x1, 0xff,
    0x10, 0x7, 0xff, 0xa9, 0x80, 0x3f, 0xe1, 0x0,
    0xff, 0xff, 0x80, 0x7f, 0xff, 0xc0, 0x3f, 0xfb,
    0x42, 0x1, 0xff, 0x8, 0x7, 0xff, 0xa9, 0x80,
    0x3f, 0xfe, 0xc4, 0x1, 0xff, 0x18, 0x7, 0xff,
    0xa4, 0x80, 0x3f, 0xf8, 0x1e, 0x1, 0xff, 0xe9,
    0x40, 0xf, 0xfe, 0x1, 0x0, 0x7f, 0xfa, 0x68,
    0x3, 0xff, 0x80, 0xa0, 0x1f, 0xfe, 0x83, 0x30,
    0x7, 0xfc, 0x42, 0x1, 0xff, 0xe8, 0x80, 0xf,
    0xfe, 0x2, 0x0, 0x7f, 0xfa, 0x15, 0x0, 0x3f,
    0xf8, 0x18, 0x1, 0xff, 0xe7, 0x2b, 0x0, 0xff,
    0xe0, 0xa, 0x80, 0x7f, 0xf9, 0x87, 0xc4, 0x3,
    0xff, 0x80, 0xc0, 0x1f, 0xfe, 0x62, 0xc2, 0x0,
    0xff, 0xe0, 0xc8, 0x7, 0xff, 0x95, 0xb4, 0x80,
    0x3f, 0xf8, 0x2e, 0x20, 0x1f, 0xfe, 0x34, 0xc9,
    0x0, 0xff, 0xe1, 0xc, 0x0, 0x7f, 0xf8, 0x45,
    0xb2, 0xcc, 0x3, 0xff, 0x87, 0x40, 0x1f, 0xfc,
    0x56, 0x0, 0xff, 0xe6, 0xa3, 0xe7, 0x49, 0x80,
    0x7f, 0xf1, 0x1d, 0x0, 0x3f, 0xf8, 0xb2, 0xa8,
    0x9f, 0xfc, 0x45, 0x53, 0x44, 0xde, 0xfd, 0xc1,
    0x80, 0x7f, 0xf1, 0x96, 0x0, 0x3f, 0xf8, 0xc5,
    0x57, 0x7f, 0xfc, 0x4a, 0xa4, 0xbb, 0x21, 0x0,
    0x7f, 0xf2, 0x56, 0x80, 0x3f, 0xfe, 0x8f, 0x40,
    0x1f, 0xff, 0x4a, 0x80, 0xf, 0xff, 0x99, 0xea,
    0x80, 0x7f, 0x18, 0x7, 0xff, 0xa0, 0x67, 0x8,
    0x3, 0xfc, 0x20, 0x1f, 0xfe, 0x77, 0xe6, 0x0,
    0xff, 0xe0, 0x68, 0x7, 0xff, 0x90, 0xa3, 0xa0,
    0x3, 0xff, 0x84, 0xa2, 0x1, 0xff, 0xe0, 0x16,
    0xcd, 0x71, 0x0, 0xff, 0xe2, 0x68, 0x7, 0xff,
    0x70, 0x56, 0x33, 0xa4, 0xc0, 0x3f, 0xf8, 0xe7,
    0xac, 0x40, 0x1f, 0xfd, 0x1, 0x11, 0x22, 0xbc,
    0xdf, 0x72, 0x9c, 0xc0, 0x3f, 0xf9, 0x20,

    /* U+0043 "C" */
    0x0, 0xff, 0xff, 0x80, 0x7f, 0xf3, 0xcd, 0x62,
    0xb3, 0x7b, 0xff, 0x77, 0x32, 0xa1, 0x8c, 0x3,
    0xff, 0xc6, 0x6f, 0x7f, 0x94, 0xea, 0x64, 0x20,
    0x18, 0x44, 0x6a, 0xf3, 0x9f, 0x8e, 0x40, 0x1f,
    0xfd, 0xc1, 0x7d, 0xc8, 0x40, 0xf, 0xfe, 0x41,
    0xc6, 0xe9, 0x80, 0x3f, 0xfb, 0x7, 0x7d, 0x4,
    0x1, 0xff, 0xce, 0x29, 0xe6, 0x0, 0xff, 0xea,
    0x1d, 0xe2, 0x0, 0x7f, 0xf4, 0xc6, 0x70, 0xc0,
    0x3f, 0xfa, 0x3, 0x58, 0x80, 0x1f, 0xfd, 0x73,
    0xc6, 0x0, 0xff, 0xe7, 0x2f, 0xa8, 0x7, 0xff,
    0x6e, 0x64, 0x1, 0xff, 0xcc, 0xaa, 0x8, 0x7,
    0xff, 0x75, 0xa4, 0x3, 0xff, 0x92, 0x5a, 0xa0,
    0x1f, 0xfe, 0x6, 0x80, 0xf, 0xfe, 0x39, 0xe1,
    0x0, 0x7f, 0xf8, 0x9d, 0xc0, 0x1f, 0xfc, 0x55,
    0xc1, 0x0, 0xff, 0xf2, 0x40, 0x80, 0x7f, 0xf0,
    0xd2, 0x80, 0x3f, 0xf9, 0x8, 0xf3, 0x9b, 0xdf,
    0xf7, 0x6d, 0xc2, 0x88, 0x7, 0xff, 0x11, 0xc0,
    0x3f, 0xf8, 0x49, 0x60, 0x1f, 0xfc, 0x66, 0xbf,
    0xb8, 0x63, 0x21, 0x0, 0x84, 0x91, 0xeb, 0xb5,
    0xc4, 0x3, 0xff, 0x82, 0x20, 0x1f, 0xfc, 0x13,
    0xb0, 0xf, 0xfe, 0x20, 0xcf, 0xca, 0x0, 0x7f,
    0xf1, 0xa, 0x3a, 0x44, 0x3, 0xfe, 0x30, 0xf,
    0xfe, 0x0, 0xe8, 0x7, 0xff, 0x12, 0x39, 0x80,
    0x3f, 0xf9, 0x4d, 0xe8, 0x1, 0xfc, 0x28, 0x1,
    0xff, 0xc0, 0xd1, 0x0, 0xff, 0xe1, 0x1f, 0x38,
    0x7, 0xff, 0x34, 0x6d, 0xc0, 0x3f, 0x50, 0x7,
    0xff, 0x2, 0x8c, 0x3, 0xff, 0x84, 0xf8, 0x20,
    0x1f, 0xfd, 0x8, 0x70, 0xf, 0x4a, 0x0, 0x7f,
    0xca, 0xa0, 0xf, 0xfe, 0x14, 0xc0, 0x7, 0xff,
    0x4e, 0x28, 0x40, 0x3, 0x4c, 0x1, 0xff, 0xd,
    0x80, 0x7f, 0xf0, 0xa9, 0x80, 0x3f, 0xfa, 0xab,
    0xd9, 0x8e, 0x50, 0xf, 0xfe, 0x4, 0x8, 0x7,
    0xff, 0x6, 0x54, 0x3, 0xff, 0xb0, 0x66, 0x0,
    0xff, 0xe0, 0x9b, 0x0, 0x7f, 0xf0, 0x5d, 0x80,
    0x3f, 0xfd, 0x1e, 0x1, 0xff, 0xc1, 0x48, 0x0,
    0xff, 0xf4, 0x21, 0x80, 0x7f, 0xf0, 0x6, 0x80,
    0x3f, 0xfd, 0x30, 0x1, 0xff, 0xc1, 0xa1, 0x0,
    0xff, 0xf4, 0x21, 0x80, 0x7f, 0xf0, 0x15, 0x0,
    0x3f, 0xfd, 0x3e, 0x1, 0xff, 0xc1, 0x80, 0xf,
    0xff, 0x48, 0xa0, 0x7, 0xff, 0x1, 0x88, 0x3,
    0xff, 0xd2, 0xc0, 0x1f, 0xfc, 0x18, 0x0, 0xff,
    0xf5, 0x50, 0x7, 0xff, 0x1, 0x44, 0x3, 0xff,
    0xd2, 0x44, 0x0, 0xff, 0xe0, 0x48, 0x7, 0xff,
    0xa9, 0x40, 0x3f, 0xf8, 0x4, 0x60, 0x1f, 0xfe,
    0xac, 0x0, 0xff, 0xe0, 0x50, 0x7, 0xff, 0xad,
    0x0, 0x3f, 0xf8, 0xa, 0x1, 0xff, 0xea, 0x40,
    0xf, 0xfe, 0x1, 0x10, 0x3, 0xff, 0xd5, 0x80,
    0x1f, 0xfc, 0x4, 0x0, 0xff, 0xf5, 0x98, 0x7,
    0xff, 0x3, 0x0, 0x3f, 0xfd, 0x6a, 0x1, 0xff,
    0xc0, 0x70, 0xf, 0xff, 0x50, 0x88, 0x3, 0xff,
    0x80, 0x40, 0x1f, 0xfe, 0xa5, 0x0, 0xff, 0xe0,
    0x18, 0x7, 0xff, 0xac, 0x40, 0x3f, 0xf8, 0xa,
    0x1, 0xff, 0xeb, 0x20, 0xf, 0xfe, 0x7, 0x0,
    0x7f, 0xfa, 0xf8, 0x3, 0xff, 0x80, 0x20, 0x1f,
    0xfe, 0xb2, 0x0, 0xff, 0xe0, 0x10, 0x7, 0xff,
    0xad, 0xc0, 0x3f, 0xf8, 0xe, 0x1, 0xff, 0xeb,
    0x10, 0xf, 0xfe, 0x1, 0x0, 0x7f, 0xfa, 0xcc,
    0x3, 0xff, 0xfe, 0x1, 0xe1, 0x0, 0xff, 0xf5,
    0x88, 0x7, 0xff, 0xfc, 0x3, 0xff, 0xfe, 0x1,
    0xff, 0xff, 0x0, 0xff, 0xf3, 0x8, 0x7, 0xff,
    0x0, 0x40, 0x3f, 0xff, 0xe0, 0x1f, 0xfe, 0x53,
    0x0, 0xff, 0xe0, 0x18, 0x7, 0xff, 0xac, 0x40,
    0x3f, 0xf8, 0x2, 0x1, 0xff, 0xeb, 0x70, 0xf,
    0xfe, 0x3, 0x0, 0x7f, 0xfa, 0xc8, 0x3, 0xff,
    0x80, 0x60, 0x1f, 0xfe, 0xbe, 0x0, 0xff, 0xe0,
    0x70, 0x7, 0xff, 0xac, 0x40, 0x3f, 0xf8, 0x4,
    0x1, 0xff, 0xeb, 0x20, 0xf, 0xfe, 0x3, 0x80,
    0x7f, 0xfa, 0xd4, 0x3, 0xff, 0x80, 0x40, 0x1f,
    0xfe, 0xb1, 0x10, 0x7, 0xff, 0x0, 0xc0, 0x3f,
    0xfd, 0x6a, 0x1, 0xff, 0xc0, 0x50, 0xf, 0xff,
    0x59, 0x80, 0x7f, 0xf0, 0x30, 0x3, 0xff, 0xd7,
    0xa0, 0x1f, 0xfc, 0x4, 0x0, 0xff, 0xf5, 0xa0,
    0x7, 0xff, 0x0, 0x4c, 0x3, 0xff, 0xd4, 0x24,
    0x1, 0xff, 0xc0, 0xb0, 0xf, 0xff, 0x5a, 0x80,
    0x7f, 0xf0, 0x14, 0x3, 0xff, 0xd7, 0x80, 0x1f,
    0xfc, 0x2, 0x30, 0xf, 0xff, 0x52, 0x0, 0x7f,
    0xf0, 0x64, 0x3, 0xff, 0xd6, 0xc0, 0x1f, 0xfc,
    0x5, 0x10, 0xf, 0xff, 0x55, 0x0, 0x7f, 0xf0,
    0x64, 0x3, 0xff, 0xd4, 0x64, 0x1, 0xff, 0xc0,
    0x71, 0x0, 0xff, 0xf5, 0x50, 0x7, 0xff, 0x6,
    0x0, 0x3f, 0xfd, 0x4e, 0x20, 0x1f, 0xfc, 0x6,
    0x30, 0xf, 0xff, 0x53, 0x0, 0x7f, 0xf0, 0x78,
    0x3, 0xff, 0xd5, 0x20, 0x1f, 0xfc, 0x12, 0x90,
    0xf, 0xff, 0x48, 0xb8, 0x7, 0xff, 0x5, 0x98,
    0x1, 0xff, 0xe9, 0x82, 0x0, 0xff, 0xe0, 0xca,
    0x0, 0x7f, 0xf6, 0x9b, 0x3a, 0x8c, 0x3, 0xfd,
    0x20, 0x1f, 0xfc, 0x2b, 0x30, 0xf, 0xfe, 0xc5,
    0xc9, 0x8a, 0xe3, 0x0, 0x7f, 0x22, 0x80, 0x7f,
    0xf0, 0xb1, 0x0, 0x3f, 0xfa, 0xd6, 0x80, 0x1d,
    0x2a, 0x1, 0xfd, 0x62, 0x1, 0xff, 0xc2, 0xb6,
    0x0, 0xff, 0xe9, 0x8e, 0x20, 0x7, 0xd4, 0x20,
    0x1f, 0x87, 0x40, 0x3f, 0xf8, 0x73, 0x40, 0x1f,
    0xfd, 0x13, 0xf3, 0x0, 0xfe, 0x90, 0xf, 0xe3,
    0x90, 0xf, 0xfe, 0x1a, 0xf2, 0x80, 0x7f, 0xf3,
    0x46, 0x70, 0x40, 0x3f, 0xc8, 0x1, 0xfe, 0x65,
    0x0, 0xff, 0xe1, 0x8d, 0x62, 0x80, 0x7f, 0xf2,
    0x46, 0x39, 0x80, 0x3f, 0xf8, 0x2, 0x1, 0xff,
    0x52, 0x0, 0x7f, 0xf1, 0xe, 0xba, 0xc, 0x3,
    0xff, 0x86, 0x4d, 0x7c, 0xe0, 0x1f, 0xfc, 0x24,
    0x0, 0xff, 0xe0, 0x5a, 0x0, 0x7f, 0xf1, 0x45,
    0xf3, 0xae, 0x19, 0xc, 0x88, 0x66, 0x56, 0x8b,
    0xed, 0x94, 0x0, 0xff, 0xe2, 0x40, 0x7, 0xff,
    0x6, 0xcc, 0x3, 0xff, 0x8e, 0x28, 0xf3, 0x79,
    0xba, 0xcc, 0x54, 0xba, 0x8, 0x7, 0xff, 0x1a,
    0x84, 0x3, 0xff, 0x85, 0x8a, 0x1, 0xff, 0xe6,
    0x95, 0x0, 0xff, 0xe2, 0x53, 0x80, 0x7f, 0xf9,
    0x25, 0x80, 0x3f, 0xf8, 0xd1, 0x40, 0x1f, 0xfe,
    0x29, 0x60, 0xf, 0xfe, 0x42, 0xf2, 0x0, 0x7f,
    0xf7, 0x87, 0x18, 0x3, 0xff, 0x94, 0x37, 0x20,
    0x1f, 0xfd, 0xc5, 0xf3, 0x0, 0xff, 0xe6, 0xb7,
    0x38, 0x7, 0xff, 0x60, 0x6e, 0x84, 0x3, 0xff,
    0x9e, 0x31, 0xcc, 0x1, 0xff, 0xd4, 0x29, 0xe4,
    0x0, 0xff, 0xe9, 0x8c, 0xfc, 0x98, 0x7, 0xff,
    0x3d, 0x6f, 0x58, 0x3, 0xff, 0xb0, 0xd9, 0xb2,
    0xa2, 0x1, 0xff, 0xc7, 0x25, 0xaf, 0xa4, 0x0,
    0xff, 0xee, 0x13, 0x57, 0x6d, 0x42, 0x99, 0x8,
    0x6, 0x12, 0x35, 0x79, 0xbe, 0xda, 0x50, 0xf,
    0xfe, 0x18,

    /* U+0044 "D" */
    0x0, 0xc, 0xef, 0xff, 0xff, 0x27, 0xb9, 0xb9,
    0x72, 0xea, 0x60, 0x1f, 0xfd, 0x73, 0xe6, 0x20,
    0xf, 0xfe, 0x48, 0x88, 0x8d, 0x1a, 0x2b, 0x3f,
    0x25, 0x88, 0x3, 0xff, 0xa5, 0xa0, 0x1f, 0xfd,
    0x63, 0x69, 0xdd, 0x41, 0x80, 0x7f, 0xf3, 0x94,
    0x40, 0x3f, 0xfb, 0x44, 0xf9, 0xae, 0x1, 0xff,
    0xcc, 0xd0, 0xf, 0xfe, 0xf1, 0x47, 0xc1, 0x0,
    0x7f, 0xf2, 0x44, 0x3, 0xff, 0xc2, 0xfb, 0x0,
    0x1f, 0xfc, 0x83, 0x0, 0xff, 0xf1, 0xbf, 0x28,
    0x7, 0xff, 0xdc, 0x6a, 0xc4, 0x3, 0xff, 0xee,
    0x9e, 0x60, 0x1f, 0xff, 0x71, 0xc6, 0x0, 0xff,
    0xe8, 0x2b, 0xbf, 0xf3, 0x31, 0x50, 0x84, 0x3,
    0xff, 0x99, 0x2e, 0x1, 0xff, 0xce, 0x9a, 0x88,
    0xfe, 0x99, 0x55, 0xef, 0x7e, 0x42, 0x88, 0x7,
    0xff, 0x22, 0x20, 0x1, 0xff, 0xcd, 0x40, 0xf,
    0xfe, 0x29, 0xbd, 0x76, 0x39, 0x0, 0x7f, 0xf1,
    0x9e, 0x0, 0x3f, 0xfc, 0x47, 0x1b, 0x68, 0x1,
    0xff, 0xc5, 0x76, 0x0, 0xff, 0xf2, 0x25, 0xe1,
    0x80, 0x7f, 0xf1, 0x25, 0x0, 0x3f, 0xfc, 0xa7,
    0x92, 0x1, 0xff, 0xc4, 0xa2, 0x0, 0xff, 0xf3,
    0x36, 0x98, 0x7, 0xff, 0x8, 0x78, 0x3, 0xff,
    0xce, 0x58, 0xa0, 0x1f, 0xfc, 0x23, 0x70, 0xf,
    0xff, 0x45, 0x30, 0x7, 0xff, 0xa, 0x8, 0x3,
    0xff, 0xd1, 0x2a, 0x1, 0xff, 0xc2, 0x90, 0xf,
    0xff, 0x4d, 0x18, 0x7, 0xff, 0x5, 0xc, 0x3,
    0xff, 0xd3, 0xa2, 0x1, 0xff, 0xc1, 0x80, 0xf,
    0xff, 0x48, 0xd0, 0x7, 0xff, 0x5, 0x10, 0x1,
    0xff, 0xe9, 0x46, 0x0, 0xff, 0xe0, 0xf8, 0x7,
    0xff, 0xaa, 0x0, 0x3f, 0xf8, 0x28, 0x20, 0x1f,
    0xfe, 0x91, 0x80, 0xf, 0xfe, 0xb, 0x0, 0x7f,
    0xfa, 0x9c, 0x40, 0x3f, 0xf8, 0x14, 0x1, 0xff,
    0xeb, 0x60, 0xf, 0xfe, 0x1, 0x18, 0x7, 0xff,
    0xaa, 0x80, 0x3f, 0xf8, 0x28, 0x1, 0xff, 0xea,
    0x24, 0x0, 0xff, 0xe0, 0x58, 0x7, 0xff, 0xaf,
    0x80, 0x3f, 0xf8, 0x6, 0x20, 0x1f, 0xfe, 0xa4,
    0x0, 0xff, 0xe0, 0xa0, 0x7, 0xff, 0xa8, 0x4c,
    0x3, 0xff, 0x81, 0xa0, 0x1f, 0xfe, 0xb4, 0x0,
    0xff, 0xe0, 0x18, 0x7, 0xff, 0xaf, 0x0, 0x3f,
    0xf8, 0xa, 0x1, 0xff, 0xeb, 0x50, 0xf, 0xfe,
    0x0, 0x88, 0x3, 0xff, 0xd4, 0x22, 0x0, 0xff,
    0xe0, 0x28, 0x7, 0xff, 0xad, 0x40, 0x3f, 0xf8,
    0x4, 0x1, 0xff, 0xeb, 0x20, 0xf, 0xfe, 0x0,
    0x80, 0x7f, 0xfa, 0xf8, 0x3, 0xff, 0x81, 0xc0,
    0x1f, 0xfe, 0xb2, 0x0, 0xff, 0xe0, 0x10, 0x7,
    0xff, 0xac, 0x40, 0x3f, 0xf8, 0xe, 0x1, 0xff,
    0xeb, 0x60, 0xf, 0xfe, 0x0, 0x80, 0x7f, 0xfa,
    0xcc, 0x3, 0xff, 0x80, 0x60, 0x1f, 0xff, 0xf0,
    0xf, 0xff, 0x28, 0x80, 0x7f, 0xf0, 0x4, 0x3,
    0xff, 0xfe, 0x1, 0xff, 0xff, 0x0, 0xff, 0xff,
    0x80, 0x7f, 0xf6, 0x44, 0x3, 0xff, 0x80, 0x20,
    0x1f, 0xff, 0xf0, 0xf, 0xff, 0x29, 0x80, 0x7f,
    0xf0, 0xc, 0x3, 0xff, 0xd6, 0x20, 0x1f, 0xff,
    0x87, 0x0, 0xff, 0xe0, 0x30, 0x7, 0xff, 0xac,
    0x80, 0x3f, 0xf8, 0x2, 0x1, 0xff, 0xeb, 0x10,
    0xf, 0xfe, 0x1, 0x0, 0x7f, 0xfa, 0xf4, 0x3,
    0xff, 0x81, 0xc0, 0x1f, 0xfe, 0xb6, 0x0, 0xff,
    0xe0, 0x10, 0x7, 0xff, 0xac, 0xc0, 0x3f, 0xf8,
    0xc, 0x1, 0xff, 0xea, 0x20, 0xf, 0xfe, 0x9,
    0x0, 0x7f, 0xfa, 0x90, 0x3, 0xff, 0x80, 0x60,
    0x1f, 0xfe, 0xbc, 0x0, 0xff, 0xe0, 0x28, 0x7,
    0xff, 0xad, 0x0, 0x3f, 0xf8, 0x1e, 0x1, 0xff,
    0xea, 0x21, 0x0, 0xff, 0xe0, 0x28, 0x7, 0xff,
    0xaa, 0x80, 0x3f, 0xf8, 0x2, 0x60, 0x1f, 0xfe,
    0xa5, 0x0, 0xff, 0xe0, 0x20, 0x7, 0xff, 0xa8,
    0xc8, 0x3, 0xff, 0x81, 0xe0, 0x1f, 0xfe, 0xa9,
    0x0, 0xff, 0xe0, 0xa0, 0x7, 0xff, 0xa4, 0x54,
    0x3, 0xff, 0x80, 0x82, 0x1, 0xff, 0xe9, 0x80,
    0xf, 0xfe, 0xf, 0x0, 0x7f, 0xfa, 0x49, 0x80,
    0x3f, 0xf8, 0x2, 0xa0, 0x1f, 0xfe, 0x99, 0x0,
    0xff, 0xe0, 0xb0, 0x7, 0xff, 0xa5, 0x50, 0x3,
    0xff, 0x83, 0x40, 0x1f, 0xfe, 0x82, 0xa0, 0xf,
    0xfe, 0xb, 0x10, 0x7, 0xff, 0xa3, 0xc0, 0x3f,
    0xf8, 0x50, 0x1, 0xff, 0xe8, 0xb2, 0x0, 0xff,
    0xe0, 0xb8, 0x80, 0x7f, 0xf9, 0xed, 0x0, 0x3f,
    0xf8, 0x23, 0x20, 0x1f, 0xfe, 0x61, 0xb4, 0x0,
    0xff, 0xe1, 0x58, 0x80, 0x7f, 0xf9, 0x4b, 0x10,
    0x3, 0xff, 0x84, 0xaa, 0x0, 0xff, 0xf2, 0xbe,
    0x90, 0x7, 0xff, 0x8, 0x68, 0x3, 0xff, 0xc8,
    0x9b, 0x0, 0x1f, 0xfc, 0x4d, 0x0, 0xff, 0xf1,
    0xae, 0x59, 0x0, 0x7f, 0xf1, 0x28, 0xc0, 0x3f,
    0xfc, 0x7, 0x1b, 0x46, 0x1, 0xff, 0xc5, 0x85,
    0x0, 0xff, 0xe5, 0xb8, 0x7, 0xff, 0x14, 0xde,
    0xbb, 0x1c, 0x80, 0x3f, 0xf8, 0xce, 0xe0, 0xf,
    0xfe, 0x65, 0x4c, 0x47, 0xfa, 0x6a, 0xf3, 0xbf,
    0x21, 0x44, 0x3, 0xff, 0x90, 0xf0, 0x1, 0xff,
    0xce, 0x67, 0x7f, 0xf3, 0x2a, 0x18, 0x80, 0x7f,
    0xf3, 0x26, 0x0, 0x3f, 0xfe, 0xa3, 0x6c, 0x1,
    0xff, 0xf5, 0x4f, 0x40, 0xf, 0xff, 0xac, 0xd8,
    0x80, 0x7f, 0xf1, 0xc, 0x3, 0xff, 0xc6, 0xdc,
    0xc0, 0x1f, 0xfc, 0x61, 0x0, 0xff, 0xf0, 0xae,
    0xc8, 0x80, 0x7f, 0xf1, 0xf4, 0x3, 0xff, 0xbc,
    0x2f, 0xd4, 0x40, 0x1f, 0xfc, 0x95, 0x10, 0xf,
    0xfe, 0xd0, 0xb5, 0xf4, 0x8, 0x7, 0xff, 0x33,
    0x40, 0x3f, 0xfa, 0xc2, 0xb1, 0x9d, 0x28, 0x1,
    0xff, 0xcf, 0x3d, 0x62, 0x0, 0xff, 0xe5, 0x9,
    0x11, 0x15, 0xe6, 0xfb, 0x94, 0xe6, 0x1, 0xff,
    0xd1,

    /* U+0045 "E" */
    0x0, 0xb, 0xde, 0xf7, 0x7f, 0xf8, 0x76, 0x48,
    0x3, 0x17, 0xc2, 0x10, 0x8f, 0xff, 0x84, 0x9b,
    0x4c, 0x2, 0xf1, 0x0, 0xff, 0xf3, 0xf0, 0x1,
    0x8, 0x3, 0xff, 0xd0, 0x44, 0xc, 0x0, 0xff,
    0xf5, 0x30, 0x8, 0x7, 0xff, 0xa8, 0x40, 0xc0,
    0x3f, 0xff, 0xe0, 0x1f, 0xfd, 0x87, 0x0, 0xff,
    0xf5, 0x91, 0x0, 0x3f, 0xfd, 0x72, 0x1, 0xff,
    0xea, 0x4c, 0x40, 0xf, 0xfe, 0x1a, 0x77, 0xff,
    0xff, 0x66, 0xcc, 0x3, 0xff, 0x89, 0x2, 0x1,
    0xff, 0xeb, 0x10, 0xf, 0xff, 0xf8, 0x7, 0xff,
    0xfc, 0x3, 0xff, 0xfe, 0x1, 0xff, 0xff, 0x0,
    0xff, 0xff, 0x80, 0x7f, 0xff, 0xc0, 0x3f, 0xff,
    0xe0, 0x1f, 0xff, 0xf0, 0xf, 0xff, 0xf8, 0x7,
    0xff, 0xfc, 0x3, 0xff, 0xfe, 0x1, 0xff, 0xff,
    0x0, 0xff, 0xff, 0x80, 0x7f, 0xff, 0xc0, 0x3f,
    0xff, 0xe0, 0x1f, 0xff, 0xf0, 0xf, 0xff, 0xf8,
    0x7, 0xff, 0xfc, 0x3, 0xff, 0xfe, 0x1, 0xff,
    0xff, 0x0, 0xff, 0xed, 0x6f, 0xff, 0xff, 0x4f,
    0x18, 0x3, 0xff, 0xd6, 0x73, 0x0, 0x1f, 0xfe,
    0xc7, 0x20, 0xf, 0xff, 0x62, 0x80, 0x7f, 0xfb,
    0x38, 0x3, 0xff, 0xfe, 0x1, 0xff, 0xff, 0x0,
    0xff, 0xe4, 0x78, 0x7, 0xff, 0xb1, 0xc0, 0x3f,
    0xfd, 0x70, 0x20, 0x1f, 0xfc, 0x91, 0x1f, 0xfe,
    0x99, 0x25, 0xb8, 0x7, 0xff, 0x2b, 0x3b, 0xbf,
    0xfa, 0x5b, 0x68, 0x1, 0xff, 0xff, 0x0, 0xff,
    0xff, 0x80, 0x7f, 0xff, 0xc0, 0x3f, 0xff, 0xe0,
    0x1f, 0xff, 0xf0, 0xf, 0xff, 0xf8, 0x7, 0xff,
    0xfc, 0x3, 0xff, 0xfe, 0x1, 0xff, 0xff, 0x0,
    0xff, 0xff, 0x80, 0x7f, 0xff, 0xc0, 0x3f, 0xff,
    0xe0, 0x1f, 0xff, 0xf0, 0xf, 0xff, 0xf8, 0x7,
    0xff, 0xfc, 0x3, 0xff, 0xfe, 0x1, 0xff, 0xff,
    0x0, 0xff, 0xff, 0x80, 0x7f, 0xff, 0xc0, 0x3f,
    0xff, 0xe0, 0x1f, 0xff, 0xf0, 0xf, 0xff, 0xf8,
    0x7, 0xff, 0xfc, 0x3, 0xff, 0xeb, 0x60, 0x1f,
    0xfe, 0xc6, 0xfe, 0xef, 0xfe, 0xce, 0xda, 0x80,
    0x7f, 0xf1, 0x44, 0x7f, 0xfb, 0x24, 0x95, 0x20,
    0x1f, 0xfe, 0xc6, 0x30, 0xf, 0xff, 0x65, 0x80,
    0x7f, 0xfb, 0x8, 0xc0, 0x3f, 0xfd, 0x62, 0x20,
    0xf, 0xff, 0x66, 0x80, 0x7f, 0xfa, 0xcd, 0x44,
    0x3, 0xff, 0xd5, 0x81, 0xa0, 0x1f, 0xfe, 0x95,
    0x40, 0x3d, 0x62, 0x0, 0xff, 0xf2, 0x14, 0x50,
    0x0,

    /* U+0046 "F" */
    0x0, 0xb, 0xde, 0xf7, 0x7f, 0xf8, 0x76, 0x48,
    0x2, 0x2f, 0x84, 0x21, 0x1f, 0xff, 0x9, 0x36,
    0x98, 0x3, 0xc4, 0x3, 0xff, 0xcf, 0xc0, 0x84,
    0x1, 0xff, 0xe8, 0x22, 0x60, 0x7, 0xff, 0xa9,
    0x84, 0x3, 0xff, 0xd4, 0x26, 0x1, 0xff, 0xff,
    0x0, 0xff, 0xeb, 0xb8, 0x7, 0xff, 0xa8, 0x88,
    0x1, 0xff, 0xea, 0x90, 0xf, 0xff, 0x4a, 0x62,
    0x0, 0x7f, 0xf0, 0x93, 0xbf, 0xff, 0xfb, 0x36,
    0x60, 0x1f, 0xfc, 0x38, 0x10, 0xf, 0xff, 0x50,
    0x80, 0x7f, 0xff, 0xc0, 0x3f, 0xff, 0xe0, 0x1f,
    0xff, 0xf0, 0xf, 0xff, 0xf8, 0x7, 0xff, 0xfc,
    0x3, 0xff, 0xfe, 0x1, 0xff, 0xff, 0x0, 0xff,
    0xff, 0x80, 0x7f, 0xff, 0xc0, 0x3f, 0xff, 0xe0,
    0x1f, 0xff, 0xf0, 0xf, 0xff, 0xf8, 0x7, 0xff,
    0xfc, 0x3, 0xff, 0xfe, 0x1, 0xff, 0xff, 0x0,
    0xff, 0xff, 0x80, 0x7f, 0xff, 0xc0, 0x3f, 0xff,
    0xe0, 0x1f, 0xff, 0xf0, 0xf, 0xff, 0xf8, 0x7,
    0xff, 0xfc, 0x3, 0xff, 0xc9, 0xd9, 0x9f, 0xfd,
    0x3a, 0x50, 0xf, 0xfe, 0x51, 0x9f, 0xff, 0x51,
    0x6a, 0xc0, 0x3f, 0xfd, 0x68, 0xc0, 0x1f, 0xfe,
    0xba, 0x0, 0xff, 0xf5, 0x90, 0x7, 0xff, 0xac,
    0x40, 0x3f, 0xff, 0xe0, 0x1f, 0xfd, 0x83, 0x0,
    0xff, 0xf5, 0xd8, 0x7, 0xff, 0xa8, 0x9c, 0x3,
    0xff, 0xd0, 0x4f, 0xa0, 0x1f, 0xfc, 0x9d, 0xff,
    0xff, 0xe9, 0xec, 0x0, 0x7f, 0xff, 0xc0, 0x3f,
    0xff, 0xe0, 0x1f, 0xff, 0xf0, 0xf, 0xff, 0xf8,
    0x7, 0xff, 0xfc, 0x3, 0xff, 0xfe, 0x1, 0xff,
    0xff, 0x0, 0xff, 0xff, 0x80, 0x7f, 0xff, 0xc0,
    0x3f, 0xff, 0xe0, 0x1f, 0xff, 0xf0, 0xf, 0xff,
    0xf8, 0x7, 0xff, 0xfc, 0x3, 0xff, 0xfe, 0x1,
    0xff, 0xff, 0x0, 0xff, 0xff, 0x80, 0x7f, 0xff,
    0xc0, 0x3f, 0xff, 0xe0, 0x1f, 0xff, 0xf0, 0xf,
    0xff, 0xf8, 0x7, 0xff, 0xfc, 0x3, 0xff, 0xfe,
    0x1, 0xff, 0xff, 0x0, 0xff, 0xff, 0x80, 0x7f,
    0xff, 0xc0, 0x3f, 0xff, 0xe0, 0x1f, 0xff, 0xf3,
    0x0, 0xff, 0xe0, 0x18, 0x7, 0xff, 0x7b, 0x80,
    0x3f, 0xf8, 0x2, 0x1, 0xff, 0xde, 0x60, 0xf,
    0xf9, 0x40, 0x3f, 0xfb, 0xe3, 0x40, 0x1f, 0xc5,
    0x60, 0x1f, 0xfe, 0x5, 0xd7, 0x31, 0x0, 0xa,
    0x4e, 0x88, 0x7, 0xff, 0x7c,

    /* U+0047 "G" */
    0x0, 0xff, 0xef, 0x9, 0x8, 0x80, 0x3f, 0xfe,
    0x2, 0xaf, 0x59, 0xdf, 0xf7, 0x6f, 0x73, 0xfd,
    0xb9, 0x4e, 0x82, 0x1, 0xff, 0xe4, 0x16, 0xad,
    0xea, 0x85, 0x31, 0x0, 0xfe, 0x23, 0x58, 0xbe,
    0xd8, 0x40, 0xf, 0xfe, 0xfa, 0xdf, 0x4a, 0x90,
    0x7, 0xff, 0x24, 0x9e, 0xfa, 0x4, 0x3, 0xff,
    0xb2, 0x31, 0xd4, 0x80, 0x1f, 0xfd, 0x1, 0x7e,
    0xa1, 0x0, 0xff, 0xea, 0x8c, 0xf3, 0x88, 0x7,
    0xff, 0x55, 0x79, 0xc0, 0x3f, 0xfa, 0x6f, 0xcc,
    0x1, 0xff, 0xda, 0x8c, 0x10, 0xf, 0xfe, 0x79,
    0xec, 0x0, 0x7f, 0xf7, 0x4f, 0xd0, 0x3, 0xff,
    0x9a, 0xf8, 0x40, 0x1f, 0xfd, 0xf1, 0xb4, 0x0,
    0xff, 0xe5, 0xd, 0xc0, 0x7, 0xff, 0x8e, 0xd0,
    0x3, 0xff, 0x90, 0x58, 0x80, 0x1f, 0xfe, 0x5b,
    0x30, 0xf, 0xfe, 0x31, 0xe1, 0x0, 0x7f, 0xf9,
    0xfc, 0x3, 0xff, 0x8a, 0x98, 0x20, 0x1f, 0xfc,
    0x83, 0x69, 0xbd, 0xef, 0xfd, 0xd9, 0x70, 0xc4,
    0x1, 0xff, 0xc4, 0x32, 0x0, 0xff, 0xe1, 0x9d,
    0x80, 0x7f, 0xf1, 0xda, 0xff, 0x25, 0x90, 0x84,
    0x3, 0x9, 0xa3, 0xce, 0xf4, 0x98, 0x7, 0xff,
    0x8, 0x40, 0x3f, 0xf8, 0x45, 0xa0, 0x1f, 0xfc,
    0x52, 0xaf, 0x94, 0x0, 0xff, 0xe2, 0x8b, 0x66,
    0x10, 0x3, 0xff, 0x80, 0x60, 0x1f, 0xfc, 0x11,
    0xf1, 0x0, 0xff, 0xe1, 0x95, 0x6a, 0x80, 0x7f,
    0xf2, 0xce, 0xe8, 0x40, 0x3f, 0x98, 0x3, 0xff,
    0x85, 0xa4, 0x1, 0xff, 0xc3, 0x6d, 0x50, 0xf,
    0xfe, 0x7a, 0xe1, 0x0, 0x7c, 0x30, 0x1, 0xff,
    0xc1, 0x83, 0x0, 0xff, 0xe1, 0xd, 0xc8, 0x7,
    0xff, 0x48, 0xb0, 0x80, 0x38, 0x74, 0x40, 0x3f,
    0xf8, 0x6, 0xe0, 0x1f, 0xfc, 0x22, 0xf4, 0x0,
    0xff, 0xea, 0xe, 0xb0, 0x4, 0x78, 0x60, 0x1f,
    0xfc, 0x1, 0xd0, 0xf, 0xfe, 0x12, 0x68, 0x80,
    0x7f, 0xf5, 0xe7, 0xaf, 0x70, 0x80, 0x3f, 0xf8,
    0x30, 0x20, 0x1f, 0xfc, 0x13, 0xb0, 0xf, 0xfe,
    0xd0, 0xa1, 0x0, 0x7f, 0xf0, 0x89, 0x80, 0x3f,
    0xf8, 0x25, 0xa0, 0x1f, 0xfe, 0xc9, 0x0, 0xff,
    0xe0, 0x8e, 0x8, 0x7, 0xff, 0xad, 0x10, 0x1,
    0xff, 0xc1, 0xb1, 0x0, 0xff, 0xf6, 0x40, 0x7,
    0xff, 0x5, 0x94, 0x3, 0xff, 0xd8, 0x66, 0x0,
    0xff, 0xe0, 0xc, 0x80, 0x7f, 0xfb, 0x64, 0x3,
    0xff, 0x83, 0x60, 0x1f, 0xfe, 0xd1, 0x50, 0xf,
    0xfe, 0x1, 0xa8, 0x7, 0xff, 0xb5, 0x80, 0x3f,
    0xf8, 0x30, 0x1, 0xff, 0xee, 0xa0, 0xf, 0xfe,
    0x1, 0x20, 0x7, 0xff, 0xb4, 0x88, 0x1, 0xff,
    0xc0, 0xb0, 0xf, 0xff, 0x72, 0x80, 0x7f, 0xf0,
    0x58, 0x3, 0xff, 0xdd, 0x60, 0x1f, 0xfc, 0x5,
    0x0, 0xff, 0xf7, 0x9, 0x80, 0x7f, 0xf0, 0x38,
    0x3, 0xff, 0xdc, 0xa0, 0x1f, 0xfc, 0x14, 0x0,
    0xff, 0xf7, 0x18, 0x7, 0xff, 0x1, 0x0, 0x3f,
    0xfd, 0xf8, 0x1, 0xff, 0xc0, 0xc0, 0xf, 0xff,
    0x7a, 0x80, 0x7f, 0xf0, 0x10, 0x3, 0xff, 0xdc,
    0x22, 0x0, 0xff, 0xe0, 0x18, 0x7, 0xff, 0xb8,
    0x80, 0x3f, 0xf8, 0x4, 0x1, 0xff, 0xef, 0x60,
    0xf, 0xfe, 0x3, 0x0, 0x7f, 0xfb, 0xc8, 0x3,
    0xff, 0x80, 0x60, 0x1f, 0xfe, 0xfe, 0x0, 0xff,
    0xe0, 0x70, 0x7, 0xff, 0xbc, 0x80, 0x3f, 0xf8,
    0x6, 0x1, 0xff, 0xef, 0x70, 0xf, 0xfe, 0x3,
    0x0, 0x7f, 0xfb, 0xc4, 0x3, 0xff, 0x80, 0x20,
    0x1f, 0xfe, 0xf3, 0x0, 0xff, 0xe0, 0x18, 0x7,
    0xff, 0xfc, 0x3, 0xff, 0xda, 0x20, 0x1f, 0xfc,
    0x1, 0x0, 0xff, 0xe8, 0x1d, 0xf7, 0xff, 0xff,
    0x2b, 0xad, 0x40, 0x3f, 0xfc, 0x9, 0x88, 0x20,
    0x1f, 0xfc, 0xa1, 0x4a, 0xa0, 0x7, 0xff, 0x7e,
    0x80, 0x3f, 0xfa, 0xa, 0xc0, 0x1f, 0xfd, 0xd3,
    0x10, 0xf, 0xfe, 0x8d, 0x80, 0x80, 0x7f, 0xf0,
    0x4, 0x3, 0xff, 0x9c, 0xc0, 0x1f, 0xfd, 0x22,
    0x0, 0xff, 0xfe, 0x89, 0x80, 0x7f, 0xf0, 0xc,
    0x3, 0xff, 0x9c, 0x20, 0x1f, 0xfd, 0x33, 0x10,
    0xf, 0xfe, 0x0, 0x80, 0x7f, 0xf3, 0x94, 0x3,
    0xff, 0xa8, 0xe0, 0x1f, 0xfc, 0x6, 0x0, 0xff,
    0xe7, 0xa, 0x0, 0x7f, 0xf4, 0xc8, 0x3, 0xff,
    0x80, 0x60, 0x1f, 0xfc, 0xfa, 0x20, 0xf, 0xfe,
    0x97, 0x0, 0x7f, 0xf0, 0x38, 0x3, 0xff, 0x9e,
    0x3b, 0x4c, 0xab, 0xff, 0xc2, 0x20, 0xf, 0xfe,
    0x8, 0x80, 0x7f, 0xf0, 0xc, 0x3, 0xff, 0xa2,
    0xb3, 0x55, 0xff, 0xc2, 0xd3, 0x0, 0xff, 0xe0,
    0x10, 0x7, 0xff, 0x1, 0x80, 0x3f, 0xfc, 0x48,
    0x1, 0xff, 0xc0, 0x50, 0xf, 0xfe, 0x1, 0x0,
    0x7f, 0xfb, 0xc4, 0x40, 0x1f, 0xfc, 0x3, 0x0,
    0xff, 0xf7, 0xa8, 0x7, 0xff, 0x1, 0x0, 0x3f,
    0xfd, 0xe6, 0x1, 0xff, 0xc0, 0xc0, 0xf, 0xff,
    0x7e, 0x80, 0x7f, 0xf0, 0x10, 0x3, 0xff, 0xde,
    0x80, 0x1f, 0xfc, 0x14, 0x0, 0xff, 0xf7, 0x9,
    0x0, 0x7f, 0xf0, 0x38, 0x3, 0xff, 0xde, 0xa0,
    0x1f, 0xfc, 0x4, 0x0, 0xff, 0xf7, 0xe0, 0x7,
    0xff, 0x0, 0x54, 0x3, 0xff, 0xdc, 0x82, 0x1,
    0xff, 0xc0, 0x90, 0xf, 0xff, 0x7b, 0x80, 0x7f,
    0xf0, 0xc, 0xc0, 0x1f, 0xfe, 0xeb, 0x0, 0xff,
    0xe0, 0xc0, 0x7, 0xff, 0xb8, 0x8c, 0x3, 0xff,
    0x80, 0x88, 0x0, 0xff, 0xf7, 0x50, 0x7, 0xff,
    0x6, 0x40, 0x3f, 0xfd, 0xcc, 0x20, 0x1f, 0xfc,
    0x2, 0x70, 0xf, 0xff, 0x74, 0x0, 0x7f, 0xf0,
    0x60, 0x80, 0x3f, 0xfd, 0xac, 0x20, 0x1f, 0xfc,
    0x1f, 0x0, 0xff, 0xf7, 0x40, 0x7, 0xff, 0x4,
    0xac, 0x3, 0xff, 0xda, 0xc6, 0x1, 0xff, 0xc1,
    0x49, 0x0, 0xff, 0xf6, 0xf0, 0x7, 0xff, 0x9,
    0xa4, 0x3, 0xff, 0xd8, 0x4e, 0x1, 0xff, 0xc2,
    0x6b, 0x0, 0xff, 0xf6, 0x41, 0x80, 0x7f, 0xf0,
    0x93, 0x48, 0x3, 0xff, 0xaa, 0x20, 0x1f, 0xfc,
    0x9d, 0x10, 0xf, 0xfe, 0x11, 0x6b, 0x80, 0x7f,
    0xf4, 0xe5, 0x80, 0x3f, 0xf9, 0x23, 0xa0, 0x1f,
    0xfc, 0x48, 0xd5, 0x0, 0xff, 0xe7, 0x9e, 0xb0,
    0x7, 0xff, 0x2c, 0xe4, 0x3, 0xff, 0x88, 0x55,
    0xac, 0x20, 0x1f, 0xfc, 0xa3, 0xbc, 0x20, 0xf,
    0xfe, 0x6b, 0x40, 0x7, 0xff, 0x14, 0xa7, 0xad,
    0x88, 0x3, 0xff, 0x88, 0x6f, 0xb8, 0x80, 0x1f,
    0xfd, 0x7, 0x80, 0xf, 0xfe, 0x3a, 0x4e, 0xf5,
    0xcb, 0x2a, 0x19, 0x10, 0xcc, 0xad, 0x17, 0xd9,
    0x4, 0x1, 0xff, 0xc5, 0x30, 0xf, 0xfe, 0xb,
    0xc0, 0x7, 0xff, 0x24, 0x51, 0xa6, 0xaf, 0x37,
    0x59, 0x8a, 0x97, 0x41, 0x0, 0xff, 0xe3, 0xb8,
    0x80, 0x7f, 0xf0, 0x9e, 0x40, 0x3f, 0xfd, 0x51,
    0x0, 0xf, 0xfe, 0x23, 0x60, 0x80, 0x7f, 0xf9,
    0xe9, 0xc0, 0x3f, 0xf8, 0xc7, 0xe6, 0x1, 0xff,
    0xe4, 0x2c, 0x50, 0xf, 0xfe, 0x40, 0xe4, 0x80,
    0x7f, 0xf8, 0x9b, 0x4c, 0x3, 0xff, 0x96, 0xdc,
    0x80, 0x1f, 0xfd, 0xe3, 0xb9, 0x0, 0xff, 0xe7,
    0xd, 0xe2, 0x0, 0x7f, 0xf6, 0x86, 0xb1, 0x0,
    0x3f, 0xfa, 0x27, 0x78, 0x80, 0x1f, 0xfd, 0x63,
    0xae, 0x50, 0xf, 0xfe, 0xa9, 0xdf, 0x41, 0x0,
    0x7f, 0xf4, 0x9, 0xf7, 0x14, 0x3, 0xff, 0xb2,
    0x2f, 0xba, 0x95, 0x10, 0xf, 0xfe, 0x40, 0xac,
    0x6e, 0xa0, 0x80, 0x3f, 0xfb, 0xc4, 0xd5, 0xdb,
    0x50, 0xc8, 0x44, 0x10, 0x8, 0x44, 0x46, 0xaf,
    0x37, 0xdc, 0xa7, 0x20, 0xf, 0xfe, 0x20,

    /* U+0048 "H" */
    0x0, 0xb, 0xde, 0xf7, 0x32, 0x50, 0x3, 0xff,
    0xc6, 0x73, 0x9d, 0xcd, 0xb7, 0x10, 0x9, 0x7a,
    0x10, 0x84, 0x46, 0xd7, 0x60, 0xf, 0xff, 0xc,
    0x63, 0x18, 0x88, 0x92, 0x39, 0x40, 0xa8, 0x3,
    0xf9, 0x24, 0x3, 0xff, 0xbe, 0xae, 0x1, 0xfd,
    0x44, 0xa0, 0x1f, 0xf3, 0x0, 0x7f, 0xf7, 0xf8,
    0x3, 0xfe, 0x5e, 0x0, 0xff, 0xe0, 0x8, 0x7,
    0xff, 0x79, 0x80, 0x3f, 0xee, 0x30, 0xf, 0xfe,
    0x1, 0x80, 0x7f, 0xf7, 0x8c, 0x3, 0xfe, 0x30,
    0xf, 0xff, 0xf8, 0x7, 0xff, 0xfc, 0x3, 0xff,
    0xfe, 0x1, 0xff, 0xff, 0x0, 0xff, 0xff, 0x80,
    0x7f, 0xff, 0xc0, 0x3f, 0xff, 0xe0, 0x1f, 0xff,
    0xf0, 0xf, 0xff, 0xf8, 0x7, 0xff, 0xfc, 0x3,
    0xff, 0xfe, 0x1, 0xff, 0xff, 0x0, 0xff, 0xff,
    0x80, 0x7f, 0xff, 0xc0, 0x3f, 0xff, 0xe0, 0x1f,
    0xff, 0xf0, 0xf, 0xff, 0xf8, 0x7, 0xff, 0xfc,
    0x3, 0xff, 0xfe, 0x1, 0xff, 0xff, 0x0, 0xff,
    0xff, 0x80, 0x7f, 0xff, 0xc0, 0x3f, 0xff, 0xe0,
    0x1f, 0xff, 0xf0, 0xf, 0xff, 0xf8, 0x7, 0xff,
    0xfc, 0x3, 0xff, 0xfe, 0x1, 0xff, 0xff, 0x0,
    0xff, 0xff, 0x80, 0x7f, 0xff, 0xc0, 0x3f, 0xff,
    0xe0, 0x1f, 0xfd, 0x6d, 0xff, 0xff, 0xef, 0x8,
    0x7, 0xff, 0xfc, 0x3, 0xff, 0xfe, 0x1, 0xff,
    0xff, 0x0, 0xff, 0xff, 0x80, 0x7f, 0xff, 0xc0,
    0x3f, 0xff, 0xe0, 0x1f, 0xff, 0xf0, 0xf, 0xff,
    0xf8, 0x7, 0xff, 0xfc, 0x3, 0xff, 0xb9, 0xbf,
    0xff, 0xfd, 0xe1, 0x0, 0xff, 0xff, 0x80, 0x7f,
    0xff, 0xc0, 0x3f, 0xff, 0xe0, 0x1f, 0xff, 0xf0,
    0xf, 0xff, 0xf8, 0x7, 0xff, 0xfc, 0x3, 0xff,
    0xfe, 0x1, 0xff, 0xff, 0x0, 0xff, 0xff, 0x80,
    0x7f, 0xff, 0xc0, 0x3f, 0xff, 0xe0, 0x1f, 0xff,
    0xf0, 0xf, 0xff, 0xf8, 0x7, 0xff, 0xfc, 0x3,
    0xff, 0xfe, 0x1, 0xff, 0xff, 0x0, 0xff, 0xff,
    0x80, 0x7f, 0xff, 0xc0, 0x3f, 0xff, 0xe0, 0x1f,
    0xff, 0xf0, 0xf, 0xff, 0xf8, 0x7, 0xff, 0xfc,
    0x3, 0xff, 0xfe, 0x1, 0xff, 0xff, 0x0, 0xff,
    0xff, 0x80, 0x7f, 0xff, 0xc0, 0x3f, 0xff, 0xe0,
    0x1f, 0xff, 0xf0, 0xf, 0xff, 0xf8, 0x7, 0xff,
    0xfc, 0x3, 0xff, 0xfe, 0x1, 0xff, 0xff, 0x0,
    0xff, 0xff, 0x80, 0x7f, 0xff, 0xc0, 0x3f, 0xff,
    0xe0, 0x1f, 0xc6, 0x1, 0xff, 0xc0, 0x30, 0xf,
    0xfe, 0xf1, 0x80, 0x7f, 0xc7, 0xc0, 0x1f, 0xfc,
    0x1, 0x0, 0xff, 0xef, 0x30, 0x7, 0xfd, 0xcc,
    0x1, 0xff, 0x28, 0x7, 0xff, 0x7f, 0x40, 0x3f,
    0xe5, 0x1a, 0x0, 0xfe, 0x2b, 0x0, 0xff, 0xef,
    0xb2, 0x80, 0x7f, 0x49, 0x2, 0xeb, 0x98, 0x80,
    0x5, 0x27, 0x44, 0x3, 0xff, 0xc1, 0x56, 0xa4,
    0x1, 0x13, 0x6b, 0x0,

    /* U+0049 "I" */
    0x0, 0xb, 0xde, 0xf7, 0x32, 0x50, 0x3, 0x2f,
    0x42, 0x10, 0x88, 0xda, 0xec, 0x0, 0x2a, 0x0,
    0xfe, 0x49, 0x5, 0x0, 0xff, 0x98, 0x38, 0x3,
    0xff, 0x80, 0x26, 0x1, 0xff, 0xc0, 0x30, 0xf,
    0xff, 0xf8, 0x7, 0xff, 0xfc, 0x3, 0xff, 0xfe,
    0x1, 0xff, 0xff, 0x0, 0xff, 0xff, 0x80, 0x7f,
    0xff, 0xc0, 0x3f, 0xff, 0xe0, 0x1f, 0xff, 0xf0,
    0xf, 0xff, 0xf8, 0x7, 0xff, 0xfc, 0x3, 0xff,
    0xfe, 0x1, 0xff, 0xff, 0x0, 0xff, 0xff, 0x80,
    0x7f, 0xff, 0xc0, 0x3f, 0xff, 0xe0, 0x1f, 0xfe,
    0x73, 0x0, 0xff, 0xe0, 0x1f, 0x0, 0x7f, 0xf0,
    0x5, 0x80, 0x3f, 0xe5, 0x1, 0xa0, 0xf, 0xe3,
    0xb0, 0x2, 0xeb, 0x98, 0x80, 0x5, 0x27, 0x4,
    0x0,

    /* U+004A "J" */
    0x0, 0xff, 0xef, 0x1b, 0x3b, 0x99, 0x0, 0x3f,
    0xfc, 0xb, 0xd9, 0x31, 0x9, 0xbf, 0x90, 0xf,
    0xfe, 0xea, 0xd0, 0x80, 0x7c, 0xd6, 0x1, 0xff,
    0xdc, 0x80, 0xf, 0xf2, 0x18, 0x7, 0xff, 0x68,
    0x48, 0x3, 0xfe, 0x40, 0xf, 0xff, 0xf8, 0x7,
    0xff, 0xc, 0xc0, 0x3f, 0xf8, 0x1e, 0x1, 0xff,
    0xff, 0x0, 0xff, 0xff, 0x80, 0x7f, 0xff, 0xc0,
    0x3f, 0xff, 0xe0, 0x1f, 0xff, 0xf0, 0xf, 0xff,
    0xf8, 0x7, 0xff, 0xfc, 0x3, 0xff, 0xfe, 0x1,
    0xff, 0xff, 0x0, 0xff, 0xff, 0x80, 0x7f, 0xff,
    0xc0, 0x3f, 0xff, 0xe0, 0x1f, 0xff, 0xf0, 0xf,
    0xff, 0xf8, 0x7, 0xff, 0xfc, 0x3, 0xff, 0xfe,
    0x1, 0xff, 0xff, 0x0, 0xff, 0xff, 0x80, 0x7f,
    0xff, 0xc0, 0x3f, 0xff, 0xe0, 0x1f, 0xff, 0xf0,
    0xf, 0xff, 0xf8, 0x7, 0xff, 0xfc, 0x3, 0xff,
    0xfe, 0x1, 0xff, 0xff, 0x0, 0xff, 0xff, 0x80,
    0x7f, 0xff, 0xc0, 0x3f, 0xff, 0xe0, 0x1f, 0xff,
    0xf0, 0xf, 0xff, 0xf8, 0x7, 0xff, 0xfc, 0x3,
    0xff, 0xfe, 0x1, 0xff, 0xff, 0x0, 0xff, 0xff,
    0x80, 0x7f, 0xff, 0xc0, 0x3f, 0xff, 0xe0, 0x1f,
    0xff, 0xf0, 0xf, 0xff, 0xf8, 0x7, 0xff, 0xfc,
    0x3, 0xff, 0xfe, 0x1, 0xff, 0xff, 0x0, 0xff,
    0xff, 0x80, 0x7f, 0xf2, 0x7c, 0x3, 0xff, 0xfe,
    0x1, 0xff, 0xc3, 0x10, 0xf, 0xfe, 0x0, 0x80,
    0x7f, 0xf6, 0x9c, 0x3, 0xff, 0xce, 0x40, 0x1f,
    0xfc, 0x2, 0x0, 0xff, 0xed, 0x70, 0x7, 0xff,
    0x1, 0xc0, 0x3f, 0xfb, 0x44, 0x1, 0xff, 0xc0,
    0x20, 0xf, 0xfe, 0xd2, 0x0, 0x7f, 0xf0, 0x4,
    0x3, 0xff, 0xb2, 0x22, 0x0, 0xff, 0x8c, 0x3,
    0xff, 0xb4, 0xe0, 0x1f, 0xfc, 0x5, 0x0, 0xe2,
    0xae, 0xfb, 0x20, 0xf, 0xfe, 0x7e, 0x80, 0x7f,
    0xf0, 0x30, 0x3, 0x3e, 0xa8, 0x82, 0x69, 0x80,
    0x7f, 0xf3, 0x49, 0x0, 0x3f, 0xf8, 0x8, 0x1,
    0x54, 0x0, 0x7b, 0x44, 0x3, 0xff, 0x99, 0x60,
    0x1f, 0xfc, 0x3, 0x10, 0x4, 0x28, 0x7, 0xc3,
    0x60, 0x1f, 0xfc, 0xb3, 0x60, 0xf, 0xfe, 0x5,
    0x80, 0x4e, 0x1, 0xfc, 0xaa, 0x0, 0xff, 0xe4,
    0x8f, 0x0, 0x7f, 0xf0, 0x58, 0x0, 0x60, 0x1f,
    0xf5, 0x28, 0x7, 0xff, 0x1c, 0x74, 0x80, 0x3f,
    0xf8, 0xa, 0x20, 0x1, 0x0, 0xff, 0xe0, 0x54,
    0x0, 0x7f, 0xf1, 0x53, 0xcc, 0x3, 0xff, 0x83,
    0x20, 0x11, 0x8, 0x7, 0xff, 0x1, 0xf9, 0xc4,
    0x3, 0xff, 0x80, 0x97, 0x61, 0x0, 0xff, 0xe0,
    0xa1, 0x80, 0x66, 0x0, 0xff, 0xe0, 0x8c, 0x76,
    0x4b, 0x21, 0x91, 0xd, 0x1a, 0xba, 0xd0, 0x3,
    0xff, 0x87, 0x20, 0x1d, 0x22, 0x1, 0xff, 0xc3,
    0x36, 0x9b, 0xcd, 0xd6, 0x5c, 0xa8, 0x80, 0x7f,
    0xf1, 0x1c, 0x80, 0x38, 0x6c, 0x3, 0xff, 0xbc,
    0x50, 0x1, 0xf2, 0xa8, 0x3, 0xff, 0xbb, 0xe0,
    0x1f, 0xd4, 0x80, 0x1f, 0xfd, 0xba, 0x20, 0xf,
    0xf5, 0x98, 0x7, 0xff, 0x66, 0x54, 0x3, 0xff,
    0x81, 0x8a, 0x1, 0xff, 0xd7, 0xa6, 0x0, 0xff,
    0xe1, 0x54, 0x80, 0x7f, 0xf5, 0xb, 0x14, 0x3,
    0xff, 0x88, 0xdc, 0xa0, 0x1f, 0xfd, 0x16, 0xd3,
    0x0, 0xff, 0xe3, 0xd, 0x6b, 0x0, 0x7f, 0xf3,
    0x5b, 0x64, 0x3, 0xff, 0x94, 0x53, 0xf4, 0xa2,
    0x1, 0xff, 0xc6, 0x49, 0xe9, 0x20, 0xf, 0xfe,
    0x72, 0xd7, 0x6d, 0x42, 0x99, 0x8, 0x80, 0x21,
    0x24, 0x68, 0xcf, 0xb6, 0x10, 0xf, 0xfe, 0x18,

    /* U+004B "K" */
    0x0, 0xb, 0xde, 0xf7, 0x32, 0x50, 0x3, 0xff,
    0xbc, 0x4d, 0x39, 0xbd, 0xcd, 0xb8, 0x10, 0xf,
    0x2f, 0x42, 0x10, 0x88, 0xda, 0xec, 0x1, 0xff,
    0xdb, 0x4c, 0xd9, 0x63, 0x21, 0x11, 0x23, 0xf8,
    0x7, 0x15, 0x0, 0x7f, 0x24, 0x80, 0x7f, 0xf6,
    0x66, 0xcc, 0x3, 0xfc, 0x20, 0x1c, 0xa0, 0x1f,
    0xf3, 0x0, 0x7f, 0xf6, 0x2d, 0x80, 0x3f, 0xf8,
    0xe, 0x1, 0xdc, 0x1, 0xff, 0xc0, 0x10, 0xf,
    0xfe, 0xb4, 0x20, 0x7, 0xff, 0x0, 0xe0, 0x3,
    0x8c, 0x3, 0xff, 0x80, 0x60, 0x1f, 0xfd, 0x56,
    0x70, 0xf, 0xfe, 0x0, 0xe8, 0x7, 0xff, 0xa0,
    0xe4, 0x3, 0xff, 0x83, 0xa2, 0x1, 0xff, 0xe7,
    0x2d, 0x0, 0xff, 0xe0, 0xd1, 0x80, 0x7f, 0xfa,
    0x3c, 0x40, 0x3f, 0xf8, 0xe, 0xa0, 0x1f, 0xfe,
    0x8b, 0x20, 0xf, 0xfe, 0x2, 0x40, 0x7, 0xff,
    0xa2, 0x50, 0x3, 0xff, 0x80, 0x56, 0x1, 0xff,
    0xe8, 0x66, 0x0, 0x7f, 0xf0, 0x7, 0xc0, 0x3f,
    0xfd, 0x9, 0x20, 0x1f, 0xfc, 0x1a, 0x20, 0xf,
    0xff, 0x39, 0x50, 0x7, 0xff, 0x6, 0x10, 0x3,
    0xff, 0xce, 0x3e, 0x20, 0x1f, 0xfc, 0x5, 0x70,
    0xf, 0xff, 0x45, 0x10, 0x7, 0xff, 0x0, 0xe8,
    0x3, 0xff, 0xd1, 0x28, 0x1, 0xff, 0xc0, 0x1d,
    0x0, 0xff, 0xf4, 0x33, 0x0, 0x3f, 0xf8, 0x3a,
    0x20, 0x1f, 0xfe, 0x74, 0x90, 0xf, 0xfe, 0xd,
    0x18, 0x7, 0xff, 0x9c, 0xa8, 0x3, 0xff, 0x82,
    0xea, 0x1, 0xff, 0xe7, 0x1f, 0x10, 0xf, 0xfe,
    0x2, 0x40, 0x7, 0xff, 0xa2, 0x88, 0x3, 0xff,
    0x80, 0x54, 0x1, 0xff, 0xe8, 0x94, 0x0, 0xff,
    0xe0, 0xf8, 0x80, 0x7f, 0xf9, 0xd9, 0x80, 0x1f,
    0xfc, 0x1b, 0x20, 0xf, 0xff, 0x3a, 0x48, 0x7,
    0xff, 0x6, 0x10, 0x3, 0xff, 0xce, 0x56, 0x1,
    0xff, 0xc1, 0x57, 0x0, 0xff, 0xf3, 0x8f, 0x80,
    0x7f, 0xf0, 0x4e, 0x80, 0x3f, 0xfd, 0x1a, 0x40,
    0x1f, 0xfc, 0x1, 0xd0, 0xf, 0xff, 0x44, 0x98,
    0x7, 0xff, 0x7, 0x44, 0x3, 0xff, 0xce, 0xec,
    0x1, 0xff, 0xc1, 0x93, 0x0, 0xff, 0xf3, 0xa4,
    0x0, 0x7f, 0xf0, 0x5d, 0x80, 0x3f, 0xfc, 0xe5,
    0x60, 0x1f, 0xfc, 0x14, 0x80, 0xf, 0xff, 0x38,
    0xf8, 0x7, 0xff, 0x4, 0xa8, 0x3, 0xff, 0xd1,
    0xa4, 0x1, 0xff, 0xc1, 0xf1, 0x0, 0xff, 0xf3,
    0xc9, 0x80, 0x7f, 0xf0, 0x6c, 0x80, 0x3f, 0xfc,
    0xee, 0xc0, 0x1f, 0xfc, 0x18, 0x40, 0xf, 0xff,
    0x3a, 0x40, 0x7, 0xff, 0x4, 0x5c, 0x3, 0xff,
    0xce, 0x56, 0x1, 0xff, 0xc2, 0x16, 0x0, 0xff,
    0xf3, 0xf, 0x80, 0x7f, 0xf1, 0x20, 0x3, 0xff,
    0xcd, 0xa4, 0x1, 0xff, 0xc4, 0x18, 0x0, 0xff,
    0xf2, 0x51, 0x80, 0x7f, 0xf1, 0x9c, 0x80, 0x3f,
    0xfc, 0x4e, 0xa0, 0x1f, 0xfc, 0x89, 0x0, 0xff,
    0xf0, 0xa4, 0x0, 0x7f, 0xf2, 0x51, 0x0, 0x1f,
    0xfd, 0xf2, 0xb0, 0xf, 0xfe, 0x5c, 0x80, 0x7f,
    0xf7, 0x87, 0x0, 0x3f, 0xf9, 0x84, 0xe0, 0x1f,
    0xfd, 0xdd, 0x10, 0xf, 0xfe, 0x6c, 0x8, 0x7,
    0xff, 0x6e, 0x4c, 0x3, 0xff, 0x82, 0x82, 0x1,
    0xff, 0xc0, 0xb0, 0xf, 0xfe, 0xda, 0x0, 0x7f,
    0xf0, 0x4e, 0xe0, 0x3, 0xff, 0x80, 0xa6, 0x1,
    0xff, 0xe7, 0x1d, 0x6, 0x20, 0xf, 0xfe, 0x7,
    0x80, 0x7f, 0xf9, 0xf4, 0x40, 0x12, 0x1, 0xff,
    0xc0, 0x36, 0x0, 0xff, 0xf2, 0xd1, 0x80, 0x48,
    0x80, 0xf, 0xfe, 0x4, 0x0, 0x7f, 0xf9, 0x21,
    0x40, 0x3a, 0x40, 0x3f, 0xf8, 0x3, 0x0, 0x1f,
    0xfe, 0x25, 0x70, 0xf, 0x13, 0x80, 0x7f, 0xf0,
    0x1c, 0x80, 0x3f, 0xfc, 0x7, 0x40, 0x1f, 0xa4,
    0x40, 0x3f, 0xf8, 0x12, 0x1, 0xff, 0xdf, 0x2d,
    0x0, 0xfe, 0x18, 0x0, 0xff, 0xe0, 0x22, 0x0,
    0x3f, 0xfb, 0xde, 0x20, 0x1f, 0xe6, 0x20, 0xf,
    0xfe, 0x4, 0x80, 0x7f, 0xf7, 0x6c, 0x80, 0x3f,
    0xf8, 0x12, 0x1, 0xff, 0xc0, 0x27, 0x0, 0xff,
    0xed, 0xca, 0x0, 0x7f, 0xf0, 0x51, 0x40, 0x3f,
    0xf8, 0x10, 0x20, 0x1f, 0xfd, 0x96, 0x60, 0x7,
    0xff, 0xe, 0x0, 0x3f, 0xf8, 0x36, 0x1, 0xff,
    0xd8, 0x49, 0x0, 0xff, 0xe2, 0x13, 0x80, 0x7f,
    0xf0, 0x14, 0xc0, 0x3f, 0xfa, 0xc5, 0x60, 0x1f,
    0xfc, 0x68, 0x10, 0xf, 0xfe, 0x7, 0x80, 0x7f,
    0xf5, 0x47, 0x0, 0x3f, 0xf9, 0x10, 0x1, 0xff,
    0xc0, 0x36, 0x0, 0xff, 0xea, 0x68, 0x80, 0x7f,
    0xf2, 0x18, 0xc0, 0x3f, 0xf8, 0x10, 0x1, 0xff,
    0xd3, 0xa3, 0x0, 0xff, 0xe5, 0x78, 0x7, 0xff,
    0x0, 0x60, 0x3, 0xff, 0xa2, 0xea, 0x1, 0xff,
    0xcb, 0x35, 0x0, 0xff, 0xe0, 0x39, 0x0, 0x7f,
    0xf4, 0x28, 0x3, 0xff, 0x9b, 0x60, 0x1f, 0xfc,
    0x19, 0x0, 0xff, 0xf5, 0xb, 0x80, 0x7f, 0xf0,
    0x11, 0x0, 0x1f, 0xfe, 0xa8, 0x10, 0xf, 0xfe,
    0x4, 0x80, 0x7f, 0xfa, 0xec, 0x3, 0xff, 0x80,
    0x4e, 0x1, 0xff, 0xea, 0x53, 0x0, 0xff, 0xe0,
    0x40, 0x80, 0x7f, 0xfa, 0xbc, 0x3, 0xff, 0x83,
    0x60, 0x1f, 0xfe, 0xa3, 0x50, 0xf, 0xfe, 0x2,
    0x98, 0x7, 0xff, 0xaa, 0xc0, 0x3f, 0xf8, 0x3e,
    0x1, 0xff, 0xea, 0x18, 0x0, 0xff, 0xe0, 0x1a,
    0x80, 0x7f, 0xfa, 0x9c, 0x40, 0x3f, 0xf8, 0x16,
    0x1, 0xff, 0xeb, 0xb0, 0xf, 0xfe, 0x0, 0xc0,
    0x7, 0xff, 0xa9, 0x4c, 0x3, 0xff, 0x80, 0xe4,
    0x1, 0xff, 0xea, 0xf0, 0xf, 0xfe, 0xc, 0x80,
    0x7f, 0xfa, 0x8d, 0x40, 0x3f, 0xf8, 0x8, 0x80,
    0xf, 0xff, 0x55, 0x80, 0x7f, 0xf0, 0x64, 0x3,
    0xff, 0xd4, 0x30, 0x1, 0xff, 0xc0, 0x27, 0x0,
    0xff, 0xf5, 0x39, 0x0, 0x7f, 0xf0, 0x20, 0x40,
    0x3f, 0xfd, 0x50, 0x1, 0xff, 0xc1, 0x80, 0xf,
    0xff, 0x52, 0x98, 0x7, 0xff, 0x1, 0x8c, 0x3,
    0xff, 0xd5, 0xe0, 0x1f, 0xfc, 0x1f, 0x0, 0xff,
    0xf5, 0x1b, 0x0, 0x7f, 0xf0, 0xd, 0x40, 0x3f,
    0xfd, 0x50, 0x1, 0xff, 0xc1, 0xb0, 0xf, 0xff,
    0x50, 0xc0, 0x7, 0xff, 0x0, 0x60, 0x3, 0xff,
    0xd4, 0xe4, 0x1, 0xff, 0xc0, 0x72, 0x0, 0xff,
    0xf5, 0x48, 0x7, 0xff, 0x6, 0x40, 0xc0, 0x3f,
    0xf8, 0x6, 0x1, 0xff, 0xdb, 0x44, 0x0, 0x7f,
    0xf0, 0x11, 0x1c, 0x1, 0xff, 0xc0, 0x10, 0xf,
    0xfe, 0xe4, 0x80, 0x7f, 0xf0, 0x61, 0x80, 0x3f,
    0xe5, 0x0, 0xff, 0xee, 0x95, 0x0, 0x7f, 0xf0,
    0xc, 0x68, 0x3, 0xf8, 0xec, 0x3, 0xff, 0xbc,
    0xb8, 0x40, 0x1f, 0xe5, 0x5, 0xd7, 0x31, 0x0,
    0xa, 0x4e, 0x8, 0x7, 0xff, 0x7c, 0xf7, 0x1c,
    0xc4, 0x2, 0x14, 0x9a,

    /* U+004C "L" */
    0x0, 0x14, 0x67, 0x7f, 0xba, 0xd4, 0x3, 0xff,
    0xc0, 0xda, 0xe6, 0x20, 0x1, 0x4a, 0xc1, 0x0,
    0xff, 0xee, 0x94, 0x80, 0x7f, 0x1d, 0x80, 0x7f,
    0xf7, 0x54, 0x3, 0xfe, 0x50, 0xf, 0xfe, 0xef,
    0x0, 0x7f, 0xf0, 0x4, 0x3, 0xff, 0xb8, 0x60,
    0x1f, 0xfc, 0x3, 0x0, 0xff, 0xff, 0x80, 0x7f,
    0xff, 0xc0, 0x3f, 0xff, 0xe0, 0x1f, 0xff, 0xf0,
    0xf, 0xff, 0xf8, 0x7, 0xff, 0xfc, 0x3, 0xff,
    0xfe, 0x1, 0xff, 0xff, 0x0, 0xff, 0xff, 0x80,
    0x7f, 0xff, 0xc0, 0x3f, 0xff, 0xe0, 0x1f, 0xff,
    0xf0, 0xf, 0xff, 0xf8, 0x7, 0xff, 0xfc, 0x3,
    0xff, 0xfe, 0x1, 0xff, 0xff, 0x0, 0xff, 0xff,
    0x80, 0x7f, 0xff, 0xc0, 0x3f, 0xff, 0xe0, 0x1f,
    0xff, 0xf0, 0xf, 0xff, 0xf8, 0x7, 0xff, 0xfc,
    0x3, 0xff, 0xfe, 0x1, 0xff, 0xff, 0x0, 0xff,
    0xff, 0x80, 0x7f, 0xff, 0xc0, 0x3f, 0xff, 0xe0,
    0x1f, 0xff, 0xf0, 0xf, 0xff, 0xf8, 0x7, 0xff,
    0xfc, 0x3, 0xff, 0xfe, 0x1, 0xff, 0xff, 0x0,
    0xff, 0xff, 0x80, 0x7f, 0xff, 0xc0, 0x3f, 0xff,
    0xe0, 0x1f, 0xff, 0xf0, 0xf, 0xff, 0xf8, 0x7,
    0xff, 0xfc, 0x3, 0xff, 0xfe, 0x1, 0xff, 0xff,
    0x0, 0xff, 0xff, 0x80, 0x7f, 0xff, 0xc0, 0x3f,
    0xff, 0xe0, 0x1f, 0xff, 0xf0, 0xf, 0xff, 0xf8,
    0x7, 0xff, 0xfc, 0x3, 0xff, 0xfe, 0x1, 0xff,
    0xff, 0x0, 0xff, 0xff, 0x80, 0x7f, 0xff, 0xc0,
    0x3f, 0xff, 0xe0, 0x1f, 0xff, 0xf0, 0xf, 0xff,
    0xf8, 0x7, 0xff, 0xfc, 0x3, 0xff, 0xfe, 0x1,
    0xff, 0xff, 0x0, 0xff, 0xac, 0x3, 0xff, 0xd2,
    0xdf, 0xdd, 0xff, 0xd7, 0xc7, 0x0, 0xff, 0xe2,
    0x88, 0xff, 0xf5, 0xce, 0x30, 0x3, 0xff, 0xd2,
    0x6e, 0x1, 0xff, 0xe9, 0xb0, 0xf, 0xff, 0x49,
    0x98, 0x3, 0xff, 0xd2, 0x20, 0x1f, 0xfe, 0x9d,
    0x0, 0xff, 0xf4, 0x1a, 0x88, 0x7, 0xff, 0x9d,
    0x3, 0x40, 0x3f, 0xfc, 0xc5, 0x20, 0x7a, 0xc4,
    0x1, 0xff, 0xe1, 0x16, 0xc1,

    /* U+004D "M" */
    0x0, 0xb, 0xe7, 0x77, 0xb6, 0x50, 0x3, 0xff,
    0xd0, 0xb5, 0xbd, 0xdd, 0xb6, 0xe0, 0x18, 0xfe,
    0xc, 0x47, 0xc4, 0xd7, 0x60, 0xf, 0xff, 0x28,
    0xe5, 0x29, 0x8, 0xf1, 0x24, 0x68, 0x80, 0x38,
    0x40, 0x3f, 0xe4, 0xb0, 0xf, 0xff, 0x26, 0x18,
    0x7, 0xfc, 0x54, 0x8, 0x40, 0x1f, 0xfc, 0x14,
    0x60, 0xf, 0xff, 0x14, 0x10, 0x7, 0xff, 0x5,
    0xb, 0x0, 0x3f, 0xf8, 0x76, 0x1, 0xff, 0xe2,
    0x70, 0xf, 0xfe, 0x1a, 0x8, 0x7, 0xff, 0xc,
    0x8c, 0x3, 0xff, 0xc0, 0xa0, 0x1f, 0xfc, 0x41,
    0x30, 0xf, 0xfe, 0x25, 0x0, 0x7f, 0xf8, 0x38,
    0x3, 0xff, 0x89, 0xe0, 0x1f, 0xfc, 0x57, 0x0,
    0xff, 0xef, 0x8a, 0x0, 0x7f, 0xf5, 0x85, 0x40,
    0x3f, 0xfb, 0xce, 0x1, 0xff, 0xd8, 0xe0, 0xf,
    0xfe, 0xf6, 0x80, 0x7f, 0xf6, 0x10, 0x40, 0x3f,
    0xfb, 0x82, 0x80, 0x1f, 0xfd, 0x97, 0x0, 0xff,
    0xee, 0x30, 0x7, 0xff, 0x6a, 0x80, 0x3f, 0xfb,
    0x96, 0x1, 0xff, 0xda, 0x32, 0x0, 0xff, 0xed,
    0x11, 0x80, 0x7f, 0xf6, 0xe8, 0x3, 0xff, 0xb4,
    0xa0, 0x1f, 0xfd, 0xc6, 0x0, 0xff, 0xed, 0x50,
    0x7, 0xff, 0x70, 0x50, 0x3, 0xff, 0xb0, 0x44,
    0x0, 0xff, 0xe9, 0x88, 0x7, 0xf6, 0x80, 0x7f,
    0xf6, 0x28, 0x3, 0xff, 0xa8, 0xe0, 0x1f, 0xcc,
    0x1, 0xff, 0xd8, 0x50, 0xf, 0xe4, 0x0, 0xff,
    0xe5, 0x68, 0x7, 0xf9, 0x40, 0x3f, 0xfa, 0xc6,
    0x40, 0x1f, 0xda, 0x1, 0xff, 0xca, 0x74, 0x0,
    0xfe, 0xe0, 0xf, 0xfe, 0xb5, 0x0, 0x7f, 0x19,
    0x80, 0x3f, 0xf9, 0x4f, 0xc0, 0x1f, 0xc8, 0x20,
    0x1f, 0xfd, 0x57, 0x0, 0xfe, 0xa3, 0x0, 0xff,
    0xe5, 0xa, 0x80, 0x7f, 0x98, 0x3, 0xff, 0xa8,
    0x82, 0x1, 0xfc, 0xe2, 0x1, 0xff, 0xcc, 0x50,
    0xf, 0xeb, 0x0, 0xff, 0xea, 0x68, 0x7, 0xf2,
    0x8f, 0x80, 0x7f, 0xf2, 0x8c, 0x38, 0x3, 0xf8,
    0xc8, 0x3, 0xff, 0xa6, 0xe0, 0x1f, 0xde, 0x2,
    0x1, 0xff, 0xcc, 0x41, 0x0, 0xfe, 0xa0, 0xf,
    0xfe, 0x92, 0x8, 0x7, 0xe1, 0x50, 0x30, 0xf,
    0xfe, 0x50, 0x80, 0x18, 0x3, 0xf9, 0x80, 0x3f,
    0xfa, 0x5c, 0x1, 0xfc, 0xe0, 0x1, 0x0, 0xff,
    0xe6, 0xd8, 0x7, 0xf0, 0xa0, 0x7, 0xff, 0x45,
    0x40, 0x3f, 0xa8, 0x0, 0xe0, 0x1f, 0xfc, 0xaf,
    0x0, 0x19, 0x0, 0x7f, 0x70, 0x7, 0xff, 0x41,
    0x40, 0x3f, 0x88, 0xc0, 0x2, 0x1, 0xff, 0xce,
    0xa0, 0xf, 0xe5, 0x0, 0xff, 0xe8, 0x70, 0x7,
    0xf5, 0x0, 0x46, 0x1, 0xff, 0xca, 0x10, 0x9,
    0x80, 0x3f, 0xca, 0x1, 0xff, 0xce, 0x14, 0x0,
    0xfe, 0x50, 0x8, 0x40, 0x3f, 0xf9, 0xc2, 0x60,
    0x1f, 0xdc, 0x1, 0xff, 0xce, 0x70, 0xf, 0xe3,
    0x20, 0xf, 0xfe, 0x71, 0x80, 0x6a, 0x0, 0xfe,
    0x41, 0x0, 0xff, 0xe6, 0xe8, 0x7, 0xf5, 0x0,
    0x7f, 0xf5, 0x1c, 0x3, 0xfc, 0xc0, 0x1f, 0xfc,
    0xc1, 0x40, 0xf, 0xe6, 0x0, 0x84, 0x3, 0xff,
    0x96, 0x20, 0x18, 0x54, 0x3, 0xfa, 0x80, 0x3f,
    0xf9, 0x8e, 0x1, 0xfc, 0xa0, 0x18, 0xc0, 0x3f,
    0xfa, 0x3e, 0x1, 0xfc, 0x46, 0x1, 0xff, 0xcb,
    0xa0, 0xf, 0xee, 0x0, 0xc2, 0x1, 0xff, 0xcb,
    0x70, 0xe, 0x51, 0x0, 0xfe, 0xb0, 0xf, 0xfe,
    0x50, 0x98, 0x7, 0xe1, 0x40, 0xf, 0xfe, 0xbb,
    0x80, 0x7f, 0x30, 0x7, 0xff, 0x29, 0x80, 0x3f,
    0x9c, 0x3, 0x9c, 0x3, 0xff, 0x96, 0x20, 0x1e,
    0xa0, 0xf, 0xe1, 0x40, 0xf, 0xfe, 0x4d, 0x0,
    0x7f, 0x50, 0x7, 0xff, 0x60, 0xc4, 0x3, 0xfb,
    0x80, 0x3f, 0xf9, 0x4, 0x40, 0xf, 0xc4, 0x60,
    0x1c, 0x20, 0x1f, 0xfd, 0x36, 0x0, 0xfe, 0x50,
    0xf, 0xfe, 0x45, 0x0, 0x7f, 0x50, 0x7, 0xff,
    0x6a, 0x80, 0x3f, 0xcc, 0x1, 0xff, 0xc7, 0x50,
    0xf, 0xe6, 0x0, 0xff, 0xed, 0x11, 0x80, 0x7f,
    0x68, 0x7, 0xff, 0x18, 0xc8, 0x3, 0xf2, 0x8,
    0x7, 0xff, 0x48, 0xc0, 0x3f, 0x58, 0x7, 0xf2,
    0x8, 0x7, 0xff, 0x16, 0xc0, 0x3f, 0xb4, 0x3,
    0xe3, 0x0, 0xff, 0xea, 0x30, 0x7, 0xf9, 0x80,
    0x3f, 0xf8, 0xac, 0x1, 0xfc, 0xc0, 0x1f, 0xfd,
    0xc1, 0x40, 0xf, 0xea, 0x0, 0xff, 0xe2, 0x18,
    0x80, 0x7e, 0x50, 0xf, 0xfe, 0xf7, 0x0, 0x7f,
    0x11, 0x80, 0x7f, 0xf0, 0xe8, 0x3, 0xfb, 0x80,
    0x3f, 0xfb, 0xca, 0x1, 0xfe, 0xa0, 0xf, 0xfe,
    0x1b, 0x80, 0x7e, 0x14, 0x0, 0xff, 0xef, 0xa8,
    0x7, 0xf3, 0x80, 0x7f, 0xf0, 0x90, 0x40, 0x3f,
    0x30, 0x7, 0xff, 0x83, 0x80, 0x3f, 0x85, 0x0,
    0x3f, 0xf8, 0x3c, 0x1, 0xfd, 0x60, 0x1f, 0xfe,
    0x4, 0x10, 0xf, 0xee, 0x0, 0xff, 0xe0, 0xa8,
    0x7, 0xe2, 0x30, 0xf, 0xff, 0xb, 0x80, 0x7f,
    0x28, 0x7, 0xff, 0x1, 0x40, 0x3f, 0xa8, 0x3,
    0xff, 0xc5, 0x40, 0x1f, 0xe6, 0x0, 0xff, 0xbc,
    0x3, 0xf9, 0x80, 0x3f, 0xfc, 0x46, 0x40, 0x1f,
    0xd4, 0x1, 0xff, 0x28, 0x7, 0xe4, 0x10, 0xf,
    0xff, 0x1a, 0x80, 0x7f, 0x19, 0x0, 0x7f, 0x28,
    0x7, 0xf7, 0x0, 0x7f, 0xf9, 0x28, 0x3, 0xfc,
    0xa0, 0x1f, 0xdc, 0x1, 0xfc, 0xa0, 0x1f, 0xfe,
    0x42, 0x30, 0xf, 0xea, 0x0, 0xfc, 0x28, 0x1,
    0xf9, 0x40, 0x3f, 0xfc, 0xd4, 0x1, 0xfc, 0x46,
    0x1, 0xf3, 0x80, 0x7f, 0x70, 0x7, 0xff, 0x99,
    0xc0, 0x3f, 0xd4, 0x1, 0xf5, 0x0, 0x7e, 0x14,
    0x0, 0xff, 0xf3, 0xa, 0x0, 0x7f, 0x38, 0x7,
    0x84, 0xc0, 0x3f, 0x30, 0x7, 0xff, 0xa3, 0x80,
    0x3f, 0x85, 0x0, 0x39, 0x80, 0x3f, 0xa8, 0x3,
    0xff, 0xd0, 0xa0, 0x1f, 0xee, 0x0, 0xeb, 0x0,
    0xfc, 0x44, 0x0, 0xff, 0xf4, 0xa8, 0x7, 0xf2,
    0x88, 0x4, 0x46, 0x1, 0xfa, 0x80, 0x3f, 0xfd,
    0x5c, 0x1, 0xfe, 0x70, 0x9, 0x40, 0x3f, 0x98,
    0x3, 0xff, 0xd4, 0x82, 0x1, 0xfd, 0x40, 0x15,
    0x0, 0x7e, 0x41, 0x0, 0xff, 0xf5, 0xb0, 0x7,
    0xf1, 0x90, 0x19, 0x0, 0x7e, 0xe0, 0xf, 0xff,
    0x65, 0x80, 0x7f, 0xa8, 0x2c, 0x3, 0xf9, 0x40,
    0x3f, 0xfd, 0x86, 0x40, 0x1f, 0xca, 0xc, 0x1,
    0xf9, 0x80, 0x3f, 0xfd, 0xd4, 0x1, 0xfc, 0x50,
    0x20, 0x1f, 0xb4, 0x3, 0xff, 0xdc, 0xc0, 0x1f,
    0xe7, 0x0, 0xfc, 0x28, 0x1, 0xff, 0xee, 0x13,
    0x0, 0xff, 0xe3, 0x30, 0x7, 0xff, 0xc2, 0x80,
    0x3f, 0xf8, 0xd4, 0x1, 0xff, 0xf0, 0x70, 0xf,
    0xfe, 0x29, 0x90, 0x7, 0xff, 0xc0, 0x54, 0x3,
    0xff, 0x89, 0x40, 0x1f, 0xff, 0x2f, 0x0, 0xff,
    0xe2, 0x38, 0x7, 0xff, 0xc9, 0x44, 0x3, 0xff,
    0x84, 0x82, 0x1, 0xff, 0xf3, 0x70, 0xf, 0xfe,
    0x17, 0x0, 0x7f, 0xfd, 0x28, 0x3, 0xff, 0x84,
    0xa0, 0x1f, 0xff, 0x43, 0x10, 0xf, 0xfe, 0x3,
    0x0, 0x7f, 0xfd, 0x98, 0x3, 0xff, 0x81, 0x40,
    0x1f, 0xff, 0x6a, 0x0, 0xff, 0x84, 0xc0, 0x3f,
    0xfe, 0xc4, 0x60, 0x1f, 0xe9, 0x0, 0xff, 0xfc,
    0x50, 0x7, 0xf0, 0xb8, 0x7, 0xff, 0xe1, 0x88,
    0x3, 0xf6, 0x80, 0x7f, 0xfe, 0xb0, 0x80, 0x38,
    0xf4, 0xc0, 0x3f, 0xff, 0x43, 0xb9, 0x31, 0x5b,
    0x84, 0x1, 0xff, 0xfd, 0x36, 0x75, 0x20, 0xf,
    0xff, 0xf8, 0x7, 0xff, 0xfc, 0x3, 0xff, 0xfe,
    0x1, 0xff, 0xe9, 0x30, 0xf, 0xf1, 0x80, 0x7f,
    0xfa, 0xcc, 0x3, 0xfe, 0xf1, 0x0, 0xff, 0x8,
    0x7, 0xff, 0xac, 0x40, 0x3f, 0xe1, 0xb0, 0xf,
    0xf5, 0x80, 0x7f, 0xfa, 0xd0, 0x40, 0x3f, 0xce,
    0x6e, 0x1, 0xf8, 0xdc, 0x3, 0xff, 0xd9, 0x40,
    0x1f, 0xd4, 0x21, 0x16, 0xa4, 0x0, 0x14, 0x9c,
    0x0, 0xff, 0xf6, 0xa6, 0xb9, 0x0, 0x44, 0xda,
    0xa0,

    /* U+004E "N" */
    0x0, 0xb, 0xe7, 0x76, 0xdb, 0x60, 0xf, 0xff,
    0x12, 0x56, 0xf7, 0x36, 0x90, 0x2, 0x3f, 0x83,
    0x11, 0xc4, 0x93, 0xc8, 0x1, 0xff, 0xdf, 0xbb,
    0x29, 0x8, 0x89, 0x6e, 0xc0, 0xe, 0x10, 0xf,
    0xe1, 0xb5, 0x0, 0xff, 0xee, 0xc2, 0x0, 0x7e,
    0x48, 0x42, 0x0, 0xff, 0xe0, 0x51, 0x0, 0x7f,
    0xf7, 0x14, 0x3, 0xfc, 0xb8, 0x1, 0xff, 0xc2,
    0x90, 0xf, 0xfe, 0xe1, 0x0, 0x7f, 0x88, 0x40,
    0x3f, 0xf8, 0x48, 0x80, 0xf, 0xff, 0x39, 0x80,
    0x7f, 0xf0, 0xe4, 0x3, 0xff, 0xee, 0x4c, 0x1,
    0xff, 0xf7, 0x81, 0x0, 0xff, 0xfb, 0xc, 0x0,
    0x7f, 0xfd, 0xd8, 0x80, 0x3f, 0xfe, 0xf2, 0x1,
    0xff, 0xf7, 0x44, 0x0, 0x7f, 0xfd, 0xe4, 0x3,
    0xff, 0xee, 0x4c, 0x1, 0xff, 0xf7, 0x80, 0xf,
    0xff, 0xb8, 0xc0, 0x7, 0xff, 0xb0, 0x40, 0x3f,
    0xce, 0x40, 0x1f, 0xfe, 0xb6, 0x20, 0xf, 0xf4,
    0x80, 0x7f, 0xfa, 0xc6, 0x40, 0x3f, 0xc8, 0x80,
    0xf, 0xff, 0x5a, 0x20, 0x3, 0xfd, 0x20, 0x1f,
    0xfe, 0xa3, 0x9, 0x0, 0xff, 0x13, 0x0, 0x7f,
    0xfa, 0xc9, 0x80, 0x3f, 0xd0, 0x1, 0xff, 0xe9,
    0x10, 0x4, 0x0, 0x7f, 0x86, 0x0, 0x3f, 0xfd,
    0xe, 0x0, 0x18, 0x0, 0xff, 0x39, 0x0, 0x7f,
    0xfa, 0xdc, 0x40, 0x3f, 0xd0, 0x1, 0xff, 0xe7,
    0x10, 0xd, 0x60, 0x1f, 0xe5, 0x40, 0xf, 0xff,
    0x5a, 0x98, 0x7, 0xfa, 0x0, 0x3f, 0xfc, 0xc6,
    0x1, 0xde, 0x1, 0xfe, 0x36, 0x0, 0xff, 0xf5,
    0x9a, 0x80, 0x7f, 0xa0, 0x3, 0xff, 0xca, 0x20,
    0x1e, 0xb0, 0xf, 0xf0, 0xc0, 0x7, 0xff, 0xac,
    0x5c, 0x3, 0xfc, 0xe4, 0x1, 0xff, 0xeb, 0x81,
    0x0, 0xff, 0x40, 0x7, 0xff, 0x90, 0x40, 0x3e,
    0x80, 0xf, 0xf2, 0x98, 0x7, 0xff, 0xad, 0x88,
    0x3, 0xfd, 0xe0, 0x1f, 0xfe, 0x33, 0x0, 0xfd,
    0x20, 0x1f, 0xe3, 0x60, 0xf, 0xff, 0x5a, 0x20,
    0x3, 0xfd, 0x0, 0x1f, 0xfe, 0x21, 0x0, 0xfe,
    0x90, 0xf, 0xf0, 0xc0, 0x7, 0xff, 0x85, 0xc0,
    0x3f, 0x89, 0x80, 0x3f, 0xce, 0x20, 0x1f, 0xfe,
    0xb8, 0x0, 0xff, 0xac, 0x3, 0xff, 0xc0, 0x20,
    0x1f, 0xe1, 0x80, 0xf, 0xf2, 0x98, 0x7, 0xff,
    0xad, 0xc8, 0x3, 0xfd, 0xe0, 0x1f, 0xfd, 0xf3,
    0x0, 0xff, 0xe0, 0x40, 0x7, 0xf8, 0xd4, 0x3,
    0xff, 0xd6, 0xa6, 0x1, 0xfe, 0xb0, 0xf, 0xfe,
    0xf0, 0x80, 0x7f, 0xf0, 0x7c, 0x3, 0xfc, 0x30,
    0x1, 0xff, 0xeb, 0x35, 0x0, 0xff, 0x38, 0x80,
    0x7f, 0xf7, 0x3c, 0x3, 0xff, 0x85, 0x60, 0x1f,
    0xf5, 0x80, 0x7f, 0xfa, 0xc5, 0xc0, 0x3f, 0xca,
    0x60, 0x1f, 0xfe, 0xb8, 0x10, 0xf, 0xf7, 0x80,
    0x7f, 0xfb, 0x20, 0x3, 0xfc, 0x6a, 0x1, 0xff,
    0xeb, 0x63, 0x0, 0xff, 0x58, 0x7, 0xff, 0xb2,
    0x0, 0x3f, 0xc3, 0x0, 0x1f, 0xfe, 0xb4, 0x40,
    0x7, 0xf9, 0xc4, 0x3, 0xff, 0xd7, 0x20, 0x1f,
    0xf5, 0x80, 0x7f, 0xf0, 0x4, 0x3, 0xff, 0xbc,
    0x4c, 0x1, 0xfe, 0x53, 0x0, 0xff, 0xf5, 0xc0,
    0x80, 0x7f, 0xbc, 0x3, 0xfe, 0x30, 0xf, 0xfe,
    0xf8, 0xc0, 0x7, 0xf8, 0xd4, 0x3, 0xff, 0xd6,
    0xc4, 0x1, 0xfe, 0xb0, 0xf, 0xf0, 0x80, 0x7f,
    0xf8, 0x64, 0x3, 0xfc, 0x2e, 0x1, 0xfc, 0xe0,
    0x1f, 0xfe, 0x14, 0x40, 0x7, 0xfa, 0x4, 0x3,
    0xf0, 0x80, 0x7f, 0xf8, 0xa0, 0x3, 0xfe, 0xb0,
    0xf, 0xff, 0x59, 0xb0, 0x7, 0xf9, 0x4c, 0x3,
    0xe3, 0x0, 0xff, 0xf1, 0xc0, 0x7, 0xfd, 0xe0,
    0x1f, 0x8, 0x7, 0xff, 0x8c, 0x60, 0x3, 0xfc,
    0x6a, 0x1, 0xef, 0x0, 0xff, 0xf2, 0x38, 0x80,
    0x7f, 0xac, 0x3, 0xc2, 0x1, 0xff, 0xe5, 0xb0,
    0xf, 0xf0, 0xb8, 0x7, 0x18, 0x7, 0xff, 0x95,
    0x4c, 0x3, 0xfd, 0x2, 0x1, 0x84, 0x3, 0xff,
    0xcd, 0xe0, 0x1f, 0xf4, 0x0, 0x67, 0x0, 0xff,
    0xf3, 0x1a, 0x80, 0x7f, 0x98, 0xc0, 0x3f, 0xfd,
    0x70, 0x1, 0xff, 0x78, 0x4, 0x20, 0x1f, 0xfe,
    0x72, 0x70, 0xf, 0xf1, 0xa8, 0x0, 0xc0, 0x3f,
    0xfd, 0x10, 0x20, 0x1f, 0xe8, 0x0, 0x8, 0x7,
    0xff, 0xa6, 0x0, 0x3f, 0xc4, 0xe0, 0x1f, 0xfe,
    0xb6, 0x20, 0xf, 0xf4, 0x8, 0x8, 0x7, 0xff,
    0xa6, 0x40, 0x3f, 0xe8, 0x3, 0x0, 0xff, 0xf4,
    0xa2, 0x0, 0x3f, 0xcc, 0x62, 0x1, 0xff, 0xea,
    0x90, 0xf, 0xfa, 0x1c, 0x3, 0xff, 0xd4, 0x4c,
    0x1, 0xfe, 0x45, 0x0, 0xff, 0xf5, 0xc0, 0x7,
    0xfc, 0x20, 0x1f, 0xfe, 0xb1, 0x80, 0xf, 0xff,
    0xbb, 0x90, 0x7, 0xff, 0xde, 0x0, 0x3f, 0xfe,
    0xea, 0x60, 0x1f, 0xff, 0x7f, 0x0, 0xff, 0xfb,
    0x9a, 0x80, 0x7f, 0xfd, 0xec, 0x3, 0xff, 0xee,
    0x2e, 0x1, 0xff, 0xf7, 0x81, 0x0, 0xff, 0xfb,
    0xc0, 0x7, 0xff, 0xdd, 0x88, 0x3, 0xff, 0x86,
    0x60, 0x1f, 0xf7, 0x80, 0x7f, 0xf6, 0xe4, 0x3,
    0xff, 0x84, 0x22, 0x0, 0xff, 0x84, 0x3, 0xff,
    0xb6, 0x8a, 0x1, 0xff, 0xc1, 0x5a, 0x0, 0xff,
    0x9c, 0x3, 0xff, 0xb9, 0x46, 0x1, 0xff, 0xc0,
    0xf2, 0x80, 0xf, 0xea, 0x10, 0xf, 0xfe, 0xee,
    0x28, 0x7, 0xf9, 0xd0, 0x1f, 0x18, 0x80, 0x23,
    0x6d, 0x50, 0xf, 0xfe, 0xfd, 0x63, 0x10, 0x6,
    0x14, 0xb8, 0x0,

    /* U+004F "O" */
    0x0, 0xff, 0xed, 0x89, 0x8, 0x7, 0xff, 0xe8,
    0x9a, 0x6f, 0x7f, 0xee, 0xde, 0xff, 0xb6, 0xe1,
    0x8c, 0x3, 0xff, 0xdc, 0x2d, 0x7f, 0xb2, 0xc8,
    0x40, 0x1f, 0xc4, 0x8f, 0x39, 0xd4, 0xc2, 0x1,
    0xff, 0xe8, 0x6b, 0xe9, 0x40, 0xf, 0xfe, 0x40,
    0xac, 0xf5, 0xa8, 0x7, 0xff, 0x91, 0xfa, 0x50,
    0x3, 0xff, 0x9e, 0x95, 0xce, 0x1, 0xff, 0xe0,
    0x6f, 0x81, 0x0, 0xff, 0xe9, 0x8c, 0x73, 0x0,
    0x7f, 0xf7, 0xf, 0x64, 0x3, 0xff, 0xb0, 0x33,
    0xa6, 0x1, 0xff, 0xd9, 0x8c, 0x20, 0xf, 0xfe,
    0xd9, 0x64, 0x0, 0x7f, 0xf5, 0x8b, 0x1c, 0x3,
    0xff, 0xbe, 0xf8, 0x20, 0x1f, 0xfd, 0x33, 0xc3,
    0x0, 0xff, 0xf0, 0x9f, 0x90, 0x7, 0xff, 0x45,
    0x30, 0x40, 0x3f, 0xfc, 0x63, 0xa8, 0x1, 0xff,
    0xcf, 0x5b, 0x0, 0xff, 0xf3, 0xda, 0x0, 0x7f,
    0xf3, 0x52, 0x80, 0x3f, 0xf8, 0xe2, 0xb1, 0x5b,
    0xdf, 0xf7, 0x6d, 0x42, 0x8, 0x7, 0xff, 0x1e,
    0xd0, 0x3, 0xff, 0x96, 0x76, 0x1, 0xff, 0xc6,
    0x6c, 0xea, 0x75, 0x21, 0x0, 0x84, 0x95, 0xef,
    0xb1, 0x84, 0x3, 0xff, 0x8b, 0x66, 0x1, 0xff,
    0xc9, 0x2d, 0x0, 0xff, 0xe2, 0xc, 0xfc, 0x98,
    0x7, 0xff, 0xc, 0xe7, 0xa0, 0x40, 0x3f, 0xf8,
    0x9a, 0x20, 0x1f, 0xfc, 0x8f, 0x10, 0xf, 0xfe,
    0x1b, 0x7b, 0x0, 0x7f, 0xf2, 0x5f, 0x9c, 0x3,
    0xff, 0x86, 0x3a, 0x1, 0xff, 0xc7, 0x92, 0x0,
    0xff, 0xe1, 0xe, 0x48, 0x80, 0x7f, 0xf3, 0x23,
    0x4, 0x3, 0xff, 0x84, 0x70, 0x1, 0xff, 0xc5,
    0x46, 0x0, 0xff, 0xe1, 0x1f, 0x98, 0x7, 0xff,
    0x3c, 0xfd, 0x0, 0x3f, 0xf8, 0x4e, 0x80, 0x1f,
    0xfc, 0x31, 0xa0, 0xf, 0xfe, 0x12, 0x60, 0x80,
    0x7f, 0xf4, 0x46, 0xd4, 0x3, 0xff, 0x85, 0x20,
    0x1f, 0xfc, 0x3b, 0x10, 0xf, 0xfe, 0xa, 0x58,
    0x7, 0xff, 0x56, 0x90, 0x3, 0xff, 0x82, 0x50,
    0x1, 0xff, 0xc1, 0x35, 0x0, 0xff, 0xe0, 0x9d,
    0x80, 0x7f, 0xf5, 0xec, 0xc0, 0x3f, 0xf8, 0x2e,
    0x40, 0x1f, 0xfc, 0x8, 0x0, 0xff, 0xe0, 0x8e,
    0x80, 0x7f, 0xf6, 0x74, 0x40, 0x3f, 0xf8, 0x32,
    0x1, 0xff, 0x22, 0x0, 0x3f, 0xf8, 0x34, 0x20,
    0x1f, 0xfd, 0x91, 0xa0, 0xf, 0xfe, 0xa, 0x10,
    0x7, 0xfa, 0x0, 0x3f, 0xf8, 0x2c, 0x80, 0x1f,
    0xfd, 0xb4, 0x60, 0xf, 0xfe, 0xc, 0x0, 0x7f,
    0x19, 0x80, 0x3f, 0xf8, 0x3, 0x20, 0x1f, 0xfd,
    0xd9, 0x20, 0xf, 0xfe, 0x2, 0x90, 0x7, 0xe9,
    0x0, 0xff, 0xe0, 0xd8, 0x7, 0xff, 0x7e, 0x0,
    0x3f, 0xf8, 0x36, 0x1, 0xf0, 0xa8, 0x7, 0xff,
    0x0, 0x94, 0x3, 0xff, 0xbe, 0xa4, 0x1, 0xff,
    0xc0, 0x70, 0xf, 0x98, 0x3, 0xff, 0x83, 0x0,
    0x1f, 0xfe, 0x19, 0x0, 0xff, 0xe0, 0xa, 0x80,
    0x7a, 0xc0, 0x3f, 0xf8, 0x4, 0xa0, 0x1f, 0xfe,
    0x14, 0x20, 0xf, 0xfe, 0x7, 0x80, 0x70, 0x98,
    0x7, 0xff, 0x2, 0x80, 0x3f, 0xfc, 0x74, 0x1,
    0xff, 0xc0, 0x51, 0x0, 0xce, 0x1, 0xff, 0xc1,
    0x60, 0xf, 0xff, 0x1b, 0x0, 0x7f, 0xf0, 0x50,
    0x3, 0x68, 0x7, 0xff, 0x1, 0x4, 0x3, 0xff,
    0xc6, 0x2a, 0x1, 0xff, 0xc0, 0xc0, 0xc, 0x80,
    0x1f, 0xfc, 0xd, 0x0, 0xff, 0xf2, 0xf8, 0x7,
    0xff, 0x1, 0x0, 0x23, 0x0, 0xff, 0xe0, 0xb8,
    0x7, 0xff, 0x95, 0x0, 0x3f, 0xf8, 0x4, 0x20,
    0x4, 0x0, 0xff, 0xe0, 0x18, 0x80, 0x7f, 0xf9,
    0x44, 0xc0, 0x3f, 0xf8, 0x8, 0x0, 0xd0, 0xf,
    0xfe, 0x2, 0x0, 0x7f, 0xf9, 0xd0, 0x3, 0xff,
    0x81, 0xa0, 0x7, 0x0, 0xff, 0xe0, 0x68, 0x7,
    0xff, 0x9f, 0x0, 0x3f, 0xf8, 0x6, 0x0, 0x20,
    0xf, 0xfe, 0x2, 0x0, 0x7f, 0xf9, 0xd8, 0x3,
    0xff, 0x80, 0xa0, 0x60, 0x1f, 0xfc, 0x1, 0x10,
    0x7, 0xff, 0x9c, 0x84, 0x3, 0xfe, 0x11, 0x30,
    0x7, 0xff, 0x0, 0x80, 0x3f, 0xfd, 0x24, 0x1,
    0xff, 0xc0, 0x23, 0x0, 0xff, 0xe0, 0x28, 0x7,
    0xff, 0xa5, 0x40, 0x3f, 0xf8, 0xd, 0xc0, 0x1f,
    0xfc, 0xe, 0x0, 0xff, 0xf4, 0xf0, 0x7, 0xff,
    0x0, 0xc8, 0x3, 0xff, 0x80, 0x20, 0x1f, 0xfe,
    0x91, 0x0, 0xff, 0xe0, 0x73, 0x0, 0x7f, 0xf0,
    0x8, 0x3, 0xff, 0xd2, 0x40, 0x1f, 0xfc, 0x2,
    0x10, 0xf, 0xfe, 0x3, 0x80, 0x7f, 0xfa, 0x5c,
    0x3, 0xff, 0x80, 0x20, 0x1f, 0xfc, 0x12, 0x0,
    0xff, 0xf4, 0x88, 0x7, 0xff, 0x4, 0xc0, 0x3f,
    0xfe, 0xc6, 0x1, 0xff, 0xc0, 0x70, 0xf, 0xfe,
    0x8, 0x80, 0x7f, 0xfd, 0xc4, 0x3, 0xff, 0xec,
    0x20, 0x1f, 0xfc, 0x1, 0x0, 0xff, 0xff, 0x80,
    0x7f, 0xff, 0xc0, 0x3f, 0xff, 0xe0, 0x1f, 0xfc,
    0x61, 0x0, 0xff, 0xe0, 0x8, 0x7, 0xff, 0xa4,
    0x40, 0x3f, 0xf8, 0x2, 0x1, 0xff, 0xff, 0x0,
    0xf1, 0x80, 0x7f, 0xf0, 0xc, 0x3, 0xff, 0xd2,
    0x60, 0x1f, 0xfc, 0x7, 0x10, 0xf, 0xfe, 0x3,
    0x0, 0x7f, 0xfa, 0x58, 0x3, 0xff, 0x80, 0x2e,
    0x1, 0xff, 0xc0, 0x10, 0xf, 0xff, 0x48, 0x80,
    0x7f, 0xf0, 0xc, 0x80, 0x3f, 0xf8, 0x6, 0x1,
    0xff, 0xe9, 0x30, 0xf, 0xfe, 0x7, 0x70, 0x3,
    0xff, 0x81, 0xc0, 0x1f, 0xfe, 0x9f, 0x0, 0xff,
    0xe0, 0x10, 0x80, 0x7f, 0xf0, 0xc, 0x3, 0xff,
    0xd2, 0x40, 0x1f, 0xfc, 0x1, 0x20, 0xf, 0xfe,
    0x3, 0x0, 0x7f, 0xfa, 0x54, 0x3, 0xff, 0x80,
    0xca, 0x1, 0xff, 0xc0, 0x20, 0xf, 0xff, 0x48,
    0x80, 0x7f, 0xf0, 0x8, 0x44, 0x1, 0xff, 0xc0,
    0x30, 0xf, 0xff, 0x39, 0x80, 0x7f, 0xf0, 0xc,
    0x0, 0xa0, 0x1f, 0xfc, 0x4, 0x0, 0xff, 0xf3,
    0xa0, 0x7, 0xff, 0x1, 0x40, 0x6, 0x1, 0xff,
    0xc0, 0xd0, 0xf, 0xff, 0x3e, 0x0, 0x7f, 0xf0,
    0x3c, 0x1, 0xa0, 0x1f, 0xfc, 0x4, 0x0, 0xff,
    0xf3, 0xa8, 0x7, 0xff, 0x1, 0x40, 0x8, 0x1,
    0xff, 0xc0, 0x13, 0x0, 0xff, 0xf2, 0xa0, 0x80,
    0x7f, 0xf0, 0xc, 0x0, 0x24, 0x1, 0xff, 0xc0,
    0xb0, 0xf, 0xff, 0x2e, 0x80, 0x7f, 0xf0, 0x10,
    0x3, 0x28, 0x7, 0xff, 0x1, 0x40, 0x3f, 0xfc,
    0xae, 0x1, 0xff, 0xc0, 0xd0, 0xd, 0x80, 0x1f,
    0xfc, 0x2, 0x40, 0xf, 0xff, 0x1a, 0x8, 0x7,
    0xff, 0x1, 0x0, 0x32, 0x8, 0x7, 0xff, 0x3,
    0x80, 0x3f, 0xfc, 0x7e, 0x1, 0xff, 0xc0, 0x22,
    0x0, 0x73, 0x80, 0x7f, 0xf0, 0x14, 0x40, 0x3f,
    0xfc, 0x24, 0x80, 0x1f, 0xfc, 0xa, 0x0, 0xf5,
    0x0, 0x7f, 0xf0, 0x60, 0x3, 0xff, 0xc3, 0x60,
    0x1f, 0xfc, 0x15, 0x0, 0xf1, 0x90, 0x7, 0xff,
    0x1, 0x84, 0x3, 0xff, 0xbe, 0x4c, 0x1, 0xff,
    0xc0, 0x32, 0x0, 0xfa, 0x80, 0x3f, 0xf8, 0x30,
    0x1, 0xff, 0xdf, 0x80, 0xf, 0xfe, 0xc, 0x80,
    0x7e, 0x71, 0x0, 0xff, 0xe0, 0x31, 0x80, 0x7f,
    0xf7, 0x51, 0x40, 0x3f, 0xf8, 0x4, 0xa0, 0x1f,
    0xcc, 0x1, 0xff, 0xc1, 0xe0, 0xf, 0xfe, 0xed,
    0x0, 0x7f, 0xf0, 0x6c, 0x3, 0xfd, 0x20, 0x1f,
    0xfc, 0x12, 0x80, 0xf, 0xfe, 0xdc, 0x88, 0x7,
    0xff, 0x0, 0x58, 0x3, 0xfc, 0x2e, 0x1, 0xff,
    0xc1, 0x75, 0x0, 0xff, 0xec, 0xb3, 0x0, 0x3f,
    0xf8, 0x30, 0x1, 0xff, 0xc0, 0x81, 0x0, 0xff,
    0xe0, 0xd1, 0x80, 0x7f, 0xf5, 0xce, 0x40, 0x3f,
    0xf8, 0x24, 0xc0, 0x1f, 0xfc, 0x1b, 0x0, 0xff,
    0xe1, 0x69, 0x0, 0x7f, 0xf5, 0x4f, 0x40, 0x3f,
    0xf8, 0x5c, 0x1, 0xff, 0xc2, 0x54, 0x0, 0xff,
    0xe0, 0x8e, 0x10, 0x7, 0xff, 0x4c, 0xf4, 0x40,
    0x3f, 0xf8, 0x2a, 0x60, 0x1f, 0xfc, 0x3a, 0x10,
    0xf, 0xfe, 0x8, 0xea, 0x0, 0x7f, 0xf4, 0x57,
    0x4, 0x3, 0xff, 0x82, 0x36, 0x1, 0xff, 0xc4,
    0x1a, 0x0, 0xff, 0xe1, 0xdc, 0x0, 0x7f, 0xf3,
    0xe2, 0x80, 0x3f, 0xf8, 0x7a, 0x20, 0x1f, 0xfc,
    0x54, 0x70, 0xf, 0xfe, 0x1b, 0xe9, 0x80, 0x7f,
    0xf2, 0xd3, 0x5c, 0x3, 0xff, 0x87, 0x6, 0x1,
    0xff, 0xc7, 0x83, 0x0, 0xff, 0xe1, 0x96, 0x51,
    0x80, 0x7f, 0xf1, 0xce, 0xac, 0x80, 0x3f, 0xf8,
    0x68, 0xe0, 0x1f, 0xfc, 0x9c, 0x30, 0xf, 0xfe,
    0x22, 0xe6, 0x18, 0x80, 0x3f, 0xf8, 0x24, 0xd9,
    0x85, 0x0, 0xff, 0xe2, 0x1d, 0x80, 0x7f, 0xf2,
    0xf4, 0x80, 0x3f, 0xf8, 0xa7, 0x3b, 0xaa, 0x75,
    0x43, 0x23, 0x45, 0x7a, 0xdd, 0x49, 0x80, 0x7f,
    0xf1, 0x4b, 0x40, 0x3f, 0xf9, 0x83, 0xe2, 0x1,
    0xff, 0xc7, 0x25, 0x8a, 0xbc, 0xdc, 0xba, 0x85,
    0x20, 0xf, 0xfe, 0x39, 0x60, 0x80, 0x7f, 0xf3,
    0x4b, 0xc8, 0x3, 0xff, 0xca, 0x78, 0x20, 0x1f,
    0xfc, 0xf1, 0xd4, 0x0, 0xff, 0xf1, 0xa6, 0x8,
    0x7, 0xff, 0x4a, 0xd8, 0x3, 0xff, 0xc2, 0xf6,
    0x1, 0xff, 0xd5, 0x9b, 0x10, 0xf, 0xfe, 0xe8,
    0xdc, 0x0, 0x7f, 0xf5, 0xd3, 0xd4, 0x3, 0xff,
    0xb6, 0xdc, 0x80, 0x1f, 0xfd, 0x91, 0xac, 0x40,
    0xf, 0xfe, 0xba, 0x64, 0x80, 0x7f, 0xf7, 0x4e,
    0xec, 0x60, 0x1f, 0xfd, 0x33, 0xbb, 0x18, 0x7,
    0xff, 0x81, 0x33, 0x5c, 0x40, 0x3f, 0xf9, 0xa2,
    0xfb, 0x88, 0x1, 0xff, 0xe4, 0x28, 0xeb, 0x73,
    0x0, 0xff, 0xe3, 0x9b, 0xdf, 0x41, 0x0, 0x7f,
    0xfa, 0x52, 0x33, 0xee, 0x5d, 0xc, 0x84, 0x2,
    0x12, 0x34, 0x79, 0xcf, 0xc8, 0x40, 0xf, 0xfe,
    0x80,

    /* U+0050 "P" */
    0x0, 0x85, 0x5e, 0x23, 0xff, 0x96, 0xee, 0x66,
    0x21, 0x88, 0x7, 0xff, 0x4a, 0x7a, 0xa1, 0xdf,
    0xff, 0x97, 0x10, 0x99, 0x5e, 0x77, 0xed, 0xc2,
    0x90, 0x7, 0xff, 0x2e, 0x98, 0x3, 0xff, 0xac,
    0x48, 0xf5, 0xbd, 0x4a, 0x1, 0xff, 0xc7, 0x25,
    0x0, 0xff, 0xee, 0xa, 0xd7, 0xd2, 0x0, 0x7f,
    0xf1, 0x14, 0x3, 0xff, 0xc2, 0xb7, 0xac, 0x1,
    0xff, 0xc2, 0xe0, 0xf, 0xff, 0x19, 0x4e, 0xa8,
    0x7, 0xff, 0xc8, 0xaa, 0x82, 0x1, 0xfe, 0x30,
    0xf, 0xff, 0x3a, 0xf9, 0x80, 0x7f, 0xfc, 0x87,
    0x14, 0x3, 0xff, 0xe7, 0x4a, 0x1, 0xff, 0xf3,
    0xa4, 0x0, 0xff, 0xe3, 0xa7, 0x7f, 0xff, 0xf0,
    0xbb, 0x72, 0xe5, 0xd0, 0x40, 0x3f, 0xf9, 0x16,
    0x40, 0x1f, 0xfc, 0x68, 0x10, 0xf, 0xfe, 0x10,
    0x91, 0xa3, 0x45, 0xf7, 0x29, 0x84, 0x3, 0xff,
    0x8b, 0xc0, 0x1f, 0xfc, 0x61, 0x0, 0xff, 0xe5,
    0x8a, 0xcf, 0x59, 0x80, 0x7f, 0xf0, 0xcd, 0x80,
    0x3f, 0xfc, 0x29, 0x98, 0x20, 0xf, 0xfe, 0x14,
    0x0, 0x7f, 0xf8, 0xcf, 0x58, 0x3, 0xff, 0x82,
    0x2e, 0x1, 0xff, 0xe4, 0x98, 0x0, 0xff, 0xe0,
    0xc8, 0x7, 0xff, 0x95, 0xd8, 0x3, 0xff, 0x80,
    0x28, 0x1, 0xff, 0xe5, 0x92, 0x0, 0xff, 0xe0,
    0x70, 0x7, 0xff, 0x9a, 0x0, 0x3f, 0xf8, 0x8,
    0x1, 0xff, 0xe6, 0x52, 0x0, 0xff, 0x84, 0xc0,
    0x3f, 0xfc, 0xd4, 0x1, 0xff, 0xc0, 0x50, 0xf,
    0xff, 0x32, 0x80, 0x7f, 0xf0, 0x3c, 0x3, 0xff,
    0xcc, 0x42, 0x1, 0xff, 0x28, 0x7, 0xff, 0x9d,
    0x40, 0x3f, 0xe1, 0x0, 0xff, 0xf3, 0x90, 0x7,
    0xfc, 0x40, 0x1f, 0xfe, 0x7e, 0x0, 0xff, 0xf9,
    0x88, 0x7, 0xff, 0x0, 0x40, 0x3f, 0xff, 0xe0,
    0x1f, 0xff, 0xf0, 0xf, 0xfe, 0xe8, 0x80, 0x7f,
    0xf9, 0xb8, 0x3, 0xff, 0xe6, 0x40, 0x1f, 0xff,
    0x36, 0x0, 0xff, 0x88, 0x3, 0xff, 0xce, 0x60,
    0x1f, 0xf3, 0x80, 0x7f, 0xf9, 0x90, 0x3, 0xff,
    0x80, 0x40, 0x1f, 0xfe, 0x6d, 0x0, 0xff, 0xe0,
    0x68, 0x7, 0xff, 0x94, 0x58, 0x3, 0xff, 0x80,
    0x80, 0x1f, 0xfe, 0x59, 0x0, 0xff, 0xe0, 0x10,
    0x80, 0x7f, 0xf9, 0x9, 0xc0, 0x3f, 0xf8, 0x14,
    0x1, 0xff, 0xe5, 0xe0, 0xf, 0xfe, 0xb, 0x0,
    0x7f, 0xf9, 0x28, 0xc0, 0x3f, 0xf8, 0x8, 0x20,
    0x1f, 0xfe, 0x3b, 0x50, 0xf, 0xfe, 0xc, 0x0,
    0x7f, 0xf8, 0x8f, 0x50, 0x3, 0xff, 0x82, 0x86,
    0x1, 0xff, 0xe0, 0x19, 0xc2, 0x0, 0xff, 0xe1,
    0x48, 0x7, 0xff, 0x7d, 0x27, 0x98, 0x3, 0xff,
    0x87, 0x4, 0x1, 0xff, 0xdb, 0x26, 0xae, 0xb6,
    0x0, 0xff, 0xe2, 0x23, 0x80, 0x7f, 0xf1, 0x95,
    0x9b, 0xff, 0x84, 0xee, 0x89, 0xbd, 0xfd, 0x95,
    0x10, 0xf, 0xfe, 0x29, 0x50, 0x7, 0xff, 0x1e,
    0x26, 0x7f, 0xf8, 0x51, 0x7, 0x64, 0x20, 0xf,
    0xfe, 0x48, 0xe0, 0x80, 0x7f, 0xfc, 0xf, 0xc4,
    0x3, 0xff, 0xe0, 0x98, 0x20, 0x1f, 0xff, 0x9,
    0xb0, 0xf, 0xff, 0x82, 0x6b, 0x0, 0x7f, 0xfb,
    0xca, 0xec, 0x40, 0x1f, 0xfe, 0xe3, 0xbd, 0x40,
    0xf, 0xff, 0x69, 0x3e, 0xe2, 0x0, 0x7f, 0xfa,
    0xc5, 0x67, 0x75, 0x4, 0x1, 0xff, 0xe4, 0x11,
    0x11, 0xab, 0x4d, 0xf7, 0x29, 0x88, 0x3, 0xff,
    0xad, 0xbf, 0xff, 0xfc, 0x4e, 0xe6, 0xe5, 0x4b,
    0x20, 0x80, 0x7f, 0xff, 0xc0, 0x3f, 0xff, 0xe0,
    0x1f, 0xff, 0xf0, 0xf, 0xff, 0xf8, 0x7, 0xff,
    0xfc, 0x3, 0xff, 0xfe, 0x1, 0xff, 0xff, 0x0,
    0xff, 0xff, 0x80, 0x7f, 0xff, 0xc0, 0x3f, 0xff,
    0xe0, 0x1f, 0xff, 0xf0, 0xf, 0xff, 0xf8, 0x7,
    0xff, 0xfc, 0x3, 0xff, 0xfe, 0x1, 0xff, 0xff,
    0x0, 0xff, 0xff, 0x80, 0x7f, 0xff, 0xc0, 0x3f,
    0xff, 0xe0, 0x1f, 0xff, 0xf0, 0xf, 0xff, 0xf8,
    0x7, 0xff, 0xfc, 0x3, 0xff, 0xfe, 0x1, 0xff,
    0xff, 0x0, 0xff, 0xff, 0x80, 0x7f, 0xff, 0xc0,
    0x3f, 0xff, 0xe0, 0x1f, 0xfe, 0xf3, 0x0, 0xff,
    0xe0, 0x18, 0x7, 0xff, 0x98, 0x40, 0x3f, 0xfe,
    0x7a, 0x1, 0xff, 0x10, 0x80, 0x7f, 0xf9, 0x94,
    0xc0, 0x3f, 0xd0, 0x1, 0xff, 0xe8, 0xc6, 0x0,
    0xf8, 0x69, 0x40, 0x3f, 0xfd, 0x33, 0xf7, 0x31,
    0x9, 0xce, 0x50, 0xf, 0xff, 0x40,

    /* U+0051 "Q" */
    0x0, 0xff, 0xed, 0x89, 0x8, 0x7, 0xff, 0xf0,
    0xda, 0x2b, 0x7f, 0xee, 0xde, 0xff, 0xb6, 0xe1,
    0x8c, 0x3, 0xff, 0xe0, 0x2d, 0x5d, 0x92, 0xea,
    0x40, 0x1f, 0xc4, 0x8f, 0x39, 0xf6, 0xc4, 0x1,
    0xff, 0xea, 0x5b, 0xe9, 0x51, 0x0, 0xff, 0xe4,
    0x24, 0xed, 0xa8, 0x7, 0xff, 0x99, 0xfa, 0x90,
    0x3, 0xff, 0x9e, 0x95, 0xce, 0x1, 0xff, 0xe2,
    0x7e, 0x81, 0x0, 0xff, 0xe9, 0x8c, 0x73, 0x0,
    0x7f, 0xf7, 0x8f, 0x60, 0x40, 0x3f, 0xfa, 0xe3,
    0x3a, 0x60, 0x1f, 0xfd, 0xb8, 0xc2, 0x0, 0xff,
    0xed, 0x96, 0x38, 0x7, 0xff, 0x60, 0xb5, 0xc0,
    0x3f, 0xfb, 0xf1, 0x82, 0x1, 0xff, 0xd5, 0x3c,
    0x20, 0xf, 0xff, 0x9, 0xe1, 0x0, 0x7f, 0xf4,
    0xd7, 0x4, 0x3, 0xff, 0xc6, 0x58, 0x60, 0x1f,
    0xfd, 0x16, 0xa0, 0xf, 0xff, 0x30, 0xe1, 0x80,
    0x7f, 0xf3, 0xd6, 0x40, 0x3f, 0xf8, 0xe2, 0xb1,
    0x7b, 0xdf, 0xf7, 0x6d, 0x42, 0x80, 0x7f, 0xf2,
    0x34, 0x80, 0x3f, 0xf9, 0xa9, 0x40, 0x1f, 0xfc,
    0x67, 0xce, 0xa7, 0x42, 0x10, 0x8, 0x49, 0x5e,
    0xbe, 0xd8, 0x3, 0xff, 0x8a, 0x38, 0x40, 0x1f,
    0xfc, 0xb2, 0xb0, 0xf, 0xfe, 0x20, 0xcf, 0xc1,
    0x80, 0x7f, 0xf0, 0xd2, 0x7a, 0x4, 0x3, 0xff,
    0x86, 0x3e, 0x1, 0xff, 0xcb, 0xf0, 0xf, 0xfe,
    0x23, 0xf3, 0x0, 0x7f, 0xf2, 0x5, 0xfd, 0x80,
    0x3f, 0xf8, 0x65, 0x40, 0x1f, 0xfc, 0x9a, 0x20,
    0xf, 0xfe, 0x10, 0xe4, 0x0, 0x7f, 0xf3, 0x6,
    0x6c, 0x40, 0x3f, 0xf8, 0x4a, 0xe0, 0x1f, 0xfc,
    0x76, 0x50, 0xf, 0xfe, 0x11, 0xf9, 0x80, 0x7f,
    0xf3, 0xd3, 0xcc, 0x3, 0xff, 0x85, 0x6, 0x1,
    0xff, 0xc5, 0x19, 0x0, 0xff, 0xe1, 0x26, 0x8,
    0x7, 0xff, 0x44, 0x71, 0x0, 0x3f, 0xf8, 0x5c,
    0x1, 0xff, 0xc5, 0xb0, 0xf, 0xfe, 0x12, 0x58,
    0x7, 0xff, 0x56, 0xd0, 0x3, 0xff, 0x82, 0x4e,
    0x1, 0xff, 0xc3, 0x45, 0x0, 0xff, 0xe0, 0x95,
    0x80, 0x7f, 0xf5, 0xec, 0x80, 0x3f, 0xf8, 0x30,
    0x40, 0x1f, 0xfc, 0x29, 0x0, 0xff, 0xe0, 0x8e,
    0x0, 0x7f, 0xf6, 0x70, 0x40, 0x3f, 0xf8, 0x30,
    0x1, 0xff, 0xc1, 0x52, 0x0, 0xff, 0xe0, 0xd0,
    0x80, 0x7f, 0xf6, 0x46, 0x80, 0x3f, 0xf8, 0x2a,
    0x40, 0x1f, 0xfc, 0x8, 0x0, 0xff, 0xe0, 0xb2,
    0x0, 0x7f, 0xf6, 0xd1, 0x80, 0x3f, 0xf8, 0x30,
    0x1, 0xff, 0x29, 0x0, 0x7f, 0xf0, 0x6, 0x40,
    0x3f, 0xfb, 0xb2, 0x20, 0x1f, 0xfc, 0x5, 0x20,
    0xf, 0xf4, 0x80, 0x7f, 0xf0, 0x60, 0x3, 0xff,
    0xbf, 0x0, 0x1f, 0xfc, 0x1b, 0x0, 0xfe, 0x23,
    0x0, 0xff, 0xe0, 0x13, 0x0, 0x7f, 0xf7, 0xd8,
    0x80, 0x3f, 0xf8, 0xc, 0x1, 0xfd, 0x40, 0x1f,
    0xfc, 0x18, 0x0, 0xff, 0xf0, 0xc0, 0x7, 0xff,
    0x5, 0x40, 0x3f, 0x30, 0x7, 0xff, 0x0, 0x54,
    0x3, 0xff, 0xc2, 0xa2, 0x1, 0xff, 0xc0, 0xe0,
    0xf, 0x90, 0x40, 0x3f, 0xf8, 0x12, 0x1, 0xff,
    0xe3, 0x90, 0xf, 0xfe, 0x2, 0x8, 0x7, 0xb0,
    0x3, 0xff, 0x82, 0xc0, 0x1f, 0xfe, 0x36, 0x0,
    0xff, 0xe0, 0xb8, 0x7, 0x90, 0x3, 0xff, 0x80,
    0x82, 0x1, 0xff, 0xe3, 0x14, 0x0, 0xff, 0xe0,
    0x60, 0x7, 0x9, 0x80, 0x7f, 0xf0, 0x34, 0x3,
    0xff, 0xcb, 0xa0, 0x1f, 0xfc, 0x4, 0x0, 0xe4,
    0x0, 0xff, 0xe0, 0xb8, 0x7, 0xff, 0x95, 0xc0,
    0x3f, 0xf8, 0x2, 0x60, 0x1b, 0x0, 0x3f, 0xf8,
    0x6, 0x20, 0x1f, 0xfe, 0x51, 0x30, 0xf, 0xfe,
    0x2, 0x80, 0x62, 0x0, 0xff, 0xe0, 0x28, 0x7,
    0xff, 0x9d, 0x40, 0x3f, 0xf8, 0x1e, 0x1, 0x94,
    0x3, 0xff, 0x81, 0x80, 0x1f, 0xfe, 0x7c, 0x0,
    0xff, 0xe0, 0x28, 0x4, 0x22, 0x0, 0xff, 0xe0,
    0x20, 0x7, 0xff, 0x9d, 0x0, 0x3f, 0xf8, 0x6,
    0x1, 0x28, 0x7, 0xff, 0x4, 0x40, 0x3f, 0xfc,
    0xe2, 0x1, 0xff, 0xc1, 0x20, 0x1, 0x0, 0x7f,
    0xf0, 0xc, 0x3, 0xff, 0xd2, 0x60, 0x1f, 0xfc,
    0x6, 0x0, 0x70, 0x7, 0xff, 0x1, 0x80, 0x3f,
    0xfd, 0x2c, 0x1, 0xff, 0xc0, 0x20, 0x0, 0x80,
    0x7f, 0xf0, 0x34, 0x3, 0xff, 0xd3, 0xa0, 0x1f,
    0xfc, 0x1, 0x0, 0x10, 0x7, 0xff, 0x0, 0x40,
    0x3f, 0xfd, 0x22, 0x1, 0xff, 0xc0, 0xe0, 0x3,
    0x0, 0x7f, 0xf0, 0x8, 0x3, 0xff, 0xd2, 0x40,
    0x1f, 0xfc, 0x2, 0x0, 0xff, 0xe1, 0xb8, 0x7,
    0xff, 0xa5, 0xc0, 0x3f, 0xf8, 0x66, 0x1, 0xff,
    0xc0, 0x10, 0xf, 0xff, 0x48, 0x80, 0x7f, 0xf0,
    0x1c, 0x3, 0xff, 0x86, 0x60, 0x1f, 0xfe, 0x93,
    0x0, 0xff, 0xe1, 0x88, 0x7, 0xff, 0xfc, 0x3,
    0x8, 0x7, 0xff, 0xc, 0x40, 0x3f, 0xfd, 0x22,
    0x1, 0xff, 0xff, 0x0, 0xff, 0xff, 0x80, 0x7f,
    0xf4, 0x4, 0x0, 0x20, 0x1f, 0xff, 0xf0, 0xf,
    0x8c, 0x3, 0xff, 0x80, 0x20, 0x1f, 0xfe, 0x91,
    0x0, 0xff, 0xe0, 0x38, 0x7, 0xff, 0xfc, 0x3,
    0xfc, 0x20, 0x1f, 0xfc, 0x3, 0x0, 0xff, 0xf4,
    0x98, 0x7, 0xff, 0x0, 0x40, 0xe, 0x1, 0xff,
    0xc0, 0x10, 0xf, 0xff, 0x48, 0x80, 0x7f, 0xf0,
    0xc, 0x0, 0x20, 0x1f, 0xfc, 0x7, 0x0, 0xff,
    0xf4, 0xb0, 0x7, 0xff, 0x3, 0x80, 0x4, 0x1,
    0xff, 0xc0, 0x20, 0xf, 0xff, 0x49, 0x80, 0x7f,
    0xf0, 0x4, 0x1, 0xc0, 0x1f, 0xfc, 0x1, 0x0,
    0xff, 0xf4, 0xf0, 0x7, 0xff, 0x0, 0x80, 0x4,
    0x1, 0xff, 0xc0, 0xd0, 0xf, 0xff, 0x49, 0x0,
    0x7f, 0xf0, 0x18, 0x0, 0xc0, 0x1f, 0xfc, 0x6,
    0x0, 0xff, 0xf4, 0xb8, 0x7, 0xff, 0x0, 0x80,
    0x4, 0x1, 0xff, 0xc0, 0x30, 0xf, 0xff, 0x49,
    0x0, 0x7f, 0xc2, 0x1, 0x88, 0x3, 0xff, 0x80,
    0x20, 0x1f, 0xfe, 0x72, 0x0, 0xff, 0xe0, 0x28,
    0x6, 0x70, 0xf, 0xfe, 0x2, 0x0, 0x7f, 0xf9,
    0xd0, 0x3, 0xff, 0x80, 0x60, 0x1b, 0x40, 0x3f,
    0xf8, 0x18, 0x1, 0xff, 0xe7, 0xf0, 0xf, 0xfe,
    0x6, 0x80, 0x63, 0x0, 0xff, 0xe0, 0x28, 0x7,
    0xff, 0x9d, 0x0, 0x3f, 0xf8, 0xe, 0x1, 0x90,
    0x3, 0xff, 0x80, 0x62, 0x1, 0xff, 0xe5, 0x22,
    0x0, 0x7f, 0xc2, 0x40, 0x1c, 0x60, 0x1f, 0xfc,
    0x7, 0x0, 0xff, 0xf2, 0xa8, 0x7, 0xff, 0x1,
    0x0, 0x3d, 0x60, 0x1f, 0xfc, 0xc, 0x0, 0xff,
    0xf2, 0xd8, 0x7, 0xff, 0x3, 0xc0, 0x3c, 0xa0,
    0x1f, 0xfc, 0x5, 0x0, 0xff, 0xf2, 0x9, 0x80,
    0x7f, 0xf0, 0x10, 0x3, 0xc4, 0x20, 0x1f, 0xfc,
    0x6, 0x0, 0xff, 0xf1, 0xc8, 0x7, 0xff, 0x0,
    0xc4, 0x3, 0xe7, 0x0, 0xff, 0xe0, 0x58, 0x7,
    0xff, 0x8d, 0x80, 0x3f, 0xf8, 0x16, 0x1, 0xfa,
    0x80, 0x3f, 0xf8, 0x4, 0x60, 0x1f, 0xfe, 0x15,
    0x10, 0xf, 0xfe, 0x3, 0x0, 0x7e, 0x33, 0x0,
    0x7f, 0xf0, 0x20, 0x3, 0xff, 0xc3, 0x0, 0x1f,
    0xfc, 0x5, 0x10, 0xf, 0xea, 0x0, 0xff, 0xe0,
    0x21, 0x80, 0x7f, 0xf7, 0xd8, 0x80, 0x3f, 0xf8,
    0x1c, 0x1, 0xfe, 0x60, 0xf, 0xfe, 0xf, 0x80,
    0x7f, 0xf7, 0xe0, 0x3, 0xff, 0x80, 0x48, 0x1,
    0xff, 0x38, 0x7, 0xff, 0x0, 0xd8, 0x3, 0xff,
    0xbb, 0x22, 0x1, 0xff, 0xc0, 0xa0, 0xf, 0xfe,
    0x4, 0x80, 0x7f, 0xf0, 0x64, 0x40, 0x3f, 0xfb,
    0x66, 0xc0, 0x1f, 0xfc, 0x1, 0x70, 0xf, 0xfe,
    0x0, 0xc0, 0x7, 0xff, 0x6, 0x80, 0x3f, 0xfb,
    0x43, 0xc0, 0x1f, 0xfc, 0x18, 0x0, 0xff, 0xe1,
    0x38, 0x80, 0x7f, 0xf0, 0x12, 0x40, 0x3f, 0xfb,
    0x34, 0x40, 0x1f, 0xfc, 0x2, 0x60, 0xf, 0xfe,
    0x1c, 0x0, 0x7f, 0xf0, 0x59, 0x80, 0x1f, 0xfd,
    0x78, 0x40, 0xf, 0xfe, 0xc, 0x80, 0x7f, 0xf1,
    0x18, 0xc0, 0x3f, 0xf8, 0x32, 0xc0, 0x1f, 0xfd,
    0x58, 0x70, 0xf, 0xfe, 0xa, 0xa0, 0x7, 0xff,
    0x17, 0x80, 0x3f, 0xf8, 0x52, 0xc0, 0x1f, 0xfd,
    0x38, 0x70, 0xf, 0xfe, 0x8, 0xd8, 0x7, 0xff,
    0x18, 0xa4, 0x3, 0xff, 0x85, 0x32, 0x0, 0xff,
    0xe8, 0xd3, 0x80, 0x7f, 0xf0, 0xa8, 0x40, 0x3f,
    0xf8, 0xec, 0xa0, 0x1f, 0xfc, 0x26, 0xc2, 0x0,
    0xff, 0xe6, 0x9e, 0xa8, 0x7, 0xff, 0x9, 0x90,
    0x3, 0xff, 0x93, 0x46, 0x1, 0xff, 0xc2, 0x3d,
    0x80, 0xf, 0xfe, 0x50, 0xce, 0x10, 0x7, 0xff,
    0x9, 0x24, 0x3, 0xff, 0x97, 0xa4, 0x1, 0xff,
    0xc3, 0x7e, 0x81, 0x0, 0xff, 0xe2, 0x8c, 0x73,
    0x0, 0x7f, 0xf0, 0xce, 0xc0, 0x3f, 0xf9, 0x83,
    0xe2, 0x1, 0xff, 0xc3, 0x17, 0xeb, 0x72, 0x0,
    0xff, 0x89, 0xef, 0x9c, 0x3, 0xff, 0x88, 0x5a,
    0x1, 0xff, 0xce, 0x2d, 0x0, 0xff, 0xe3, 0x24,
    0x6f, 0xe5, 0x44, 0x1e, 0x21, 0x59, 0xfb, 0x8,
    0x1, 0xff, 0xc5, 0x1f, 0x10, 0xf, 0xfe, 0x79,
    0xe0, 0x80, 0x7f, 0xf2, 0xd, 0x5d, 0xd0, 0xee,
    0x53, 0x0, 0xff, 0xe4, 0x17, 0x90, 0x7, 0xff,
    0x44, 0xf0, 0x80, 0x3f, 0xfc, 0x67, 0x82, 0x1,
    0xff, 0xd3, 0x2c, 0x40, 0xf, 0xff, 0xb, 0x60,
    0x80, 0x7f, 0xf5, 0x46, 0xe0, 0x3, 0xff, 0xbc,
    0x35, 0x20, 0x1f, 0xfd, 0x97, 0xd3, 0x0, 0xff,
    0xed, 0xa7, 0xa8, 0x7, 0xff, 0x6c, 0xb2, 0x84,
    0x3, 0xff, 0xae, 0x57, 0x61, 0x0, 0xff, 0xef,
    0x2f, 0x49, 0x0, 0x7f, 0xf4, 0xce, 0xb5, 0x0,
    0x3f, 0xfc, 0x4d, 0xb6, 0xa0, 0x1f, 0xfc, 0xf6,
    0xcc, 0x28, 0x7, 0xff, 0x99, 0x2b, 0xe9, 0x44,
    0x3, 0xff, 0x8e, 0x2d, 0x5f, 0x26, 0x1, 0xff,
    0xeb, 0x5a, 0xed, 0xa7, 0x30, 0xf, 0xfe, 0xc,
    0xf7, 0x25, 0x40, 0x3f, 0xfe, 0x24, 0xb1, 0xc0,
    0x1f, 0xfc, 0x1c, 0x10, 0xf, 0xff, 0xb9, 0x28,
    0x7, 0xff, 0x1, 0x50, 0x3, 0xff, 0xf1, 0x20,
    0x1f, 0xfc, 0x19, 0x10, 0xf, 0xff, 0xb9, 0xa0,
    0x7, 0xff, 0x0, 0xb4, 0x3, 0xff, 0xf1, 0x20,
    0x1f, 0xfc, 0x13, 0xa0, 0xf, 0xff, 0xb9, 0x38,
    0x7, 0xff, 0x5, 0x6c, 0x3, 0xff, 0xef, 0x4,
    0x1, 0xff, 0xc1, 0x4d, 0x20, 0xf, 0xff, 0xb7,
    0x0, 0x7f, 0xf0, 0x8b, 0x5c, 0x3, 0xff, 0xea,
    0x70, 0x1, 0xff, 0xc3, 0x8d, 0x50, 0xf, 0xff,
    0xa3, 0xb0, 0x7, 0xff, 0xc, 0xab, 0x9c, 0x40,
    0x3f, 0xfe, 0x52, 0x80, 0x1f, 0xfc, 0x41, 0x8e,
    0xc6, 0x30, 0xf, 0xe2, 0x46, 0x87, 0x40, 0xf,
    0xff, 0xd, 0x98, 0x7, 0xff, 0x18, 0xe7, 0x3f,
    0x2a, 0x62, 0x6f, 0x7f, 0x6e, 0x5e, 0x2f, 0x44,
    0x3, 0xff, 0xc1, 0x88, 0x1, 0xff, 0xc9, 0x35,
    0x67, 0x64, 0x20, 0xf, 0x8b, 0x40, 0x3f, 0xfc,
    0x36, 0xa0, 0x1f, 0xfd, 0x73, 0x50, 0xf, 0xff,
    0xd, 0x48, 0x7, 0xff, 0x5f, 0x80, 0x3f, 0xfc,
    0x4d, 0x84, 0x1, 0xff, 0xd5, 0x40, 0xf, 0xff,
    0x19, 0xeb, 0x80, 0x7f, 0xf5, 0x44, 0x3, 0xff,
    0xc9, 0x1a, 0x80, 0x1f, 0xfd, 0x31, 0x0, 0xff,
    0xf2, 0x95, 0xe2, 0x80, 0x7f, 0xf4, 0x10, 0x3,
    0xff, 0xd0, 0x75, 0xd0, 0x40, 0x1f, 0xfc, 0xc3,
    0xa0, 0xf, 0xff, 0x50, 0xbe, 0xea, 0x10, 0x3,
    0xff, 0x8a, 0x4b, 0x19, 0x81, 0x0, 0xff, 0xf6,
    0x93, 0xdf, 0xed, 0x3a, 0x99, 0x8, 0x80, 0x6,
    0xd1, 0x7b, 0xfb, 0x4e, 0x60, 0x10,

    /* U+0052 "R" */
    0x0, 0xc, 0xef, 0xff, 0xff, 0x3f, 0xb9, 0xb9,
    0x73, 0xa, 0x40, 0x1f, 0xfc, 0xd3, 0xe6, 0x20,
    0xf, 0xfe, 0x78, 0x88, 0x8d, 0x19, 0xeb, 0x7f,
    0x65, 0x44, 0x3, 0xff, 0x91, 0xa0, 0x1f, 0xfd,
    0xc2, 0x6a, 0xec, 0x60, 0xf, 0xfe, 0x2a, 0x88,
    0x7, 0xff, 0x80, 0xe7, 0xe4, 0x80, 0x3f, 0xf8,
    0x5a, 0x1, 0xff, 0xe4, 0x6d, 0x91, 0x0, 0xff,
    0xe0, 0x8, 0x7, 0xff, 0x99, 0xbd, 0x40, 0x3f,
    0xe3, 0x0, 0xff, 0xf3, 0x8d, 0x50, 0x3, 0xff,
    0xe8, 0xb8, 0x20, 0x1f, 0xff, 0x33, 0xc1, 0x0,
    0xff, 0xf9, 0x96, 0x80, 0x7f, 0xf2, 0x55, 0xdf,
    0xff, 0x86, 0xcc, 0x53, 0x20, 0xf, 0xfe, 0x51,
    0xd0, 0x7, 0xff, 0x1e, 0x6a, 0x23, 0xff, 0x87,
    0x32, 0xac, 0xdf, 0xda, 0x73, 0x0, 0xff, 0xe3,
    0x2a, 0x80, 0x3f, 0xf8, 0xc8, 0x1, 0xff, 0xca,
    0x25, 0x8c, 0xe9, 0x20, 0xf, 0xfe, 0x25, 0x80,
    0x7f, 0xf8, 0x45, 0xb6, 0xc8, 0x3, 0xff, 0x84,
    0x30, 0x1, 0xff, 0xe3, 0x4d, 0x70, 0xf, 0xfe,
    0x13, 0x80, 0x7f, 0xf9, 0x62, 0xc0, 0x3f, 0xf8,
    0x4c, 0x1, 0xff, 0xe5, 0x4a, 0x0, 0xff, 0xe0,
    0xd0, 0x7, 0xff, 0x99, 0x58, 0x3, 0xff, 0x80,
    0x62, 0x1, 0xff, 0xe6, 0x91, 0x0, 0xff, 0xe0,
    0x38, 0x7, 0xff, 0x9e, 0x40, 0x3f, 0xf8, 0x1e,
    0x1, 0xff, 0xe7, 0x50, 0xf, 0xfe, 0x2, 0x0,
    0x7f, 0xf9, 0xc8, 0x80, 0x1f, 0xf1, 0x0, 0x7f,
    0xfa, 0x10, 0x3, 0xff, 0x80, 0x20, 0x1f, 0xfe,
    0x7f, 0x0, 0xff, 0xe0, 0x10, 0x7, 0xff, 0x9c,
    0x80, 0x3f, 0xf8, 0xe, 0x1, 0xff, 0xe7, 0x70,
    0xf, 0xfe, 0x0, 0x80, 0x7f, 0xf9, 0xc4, 0x3,
    0xff, 0xfe, 0x1, 0xff, 0xf7, 0x10, 0xf, 0xff,
    0x3b, 0x0, 0x7f, 0xfd, 0x8, 0x3, 0xff, 0x80,
    0xc0, 0x1f, 0xfe, 0x7e, 0x0, 0xff, 0xe0, 0x10,
    0x7, 0xff, 0x9d, 0x0, 0x3f, 0xe1, 0x0, 0xff,
    0xf3, 0x89, 0x80, 0x7f, 0xca, 0x1, 0xff, 0xe7,
    0x60, 0xf, 0xfe, 0x1, 0x80, 0x7f, 0xf9, 0xe4,
    0x3, 0xff, 0x81, 0x80, 0x1f, 0xfe, 0x67, 0x10,
    0xf, 0xf8, 0x50, 0x3, 0xff, 0xca, 0x50, 0x1,
    0xff, 0xc0, 0x40, 0xf, 0xff, 0x28, 0xf8, 0x7,
    0xff, 0x6, 0x40, 0x3f, 0xfc, 0x83, 0x84, 0x1,
    0xff, 0xc0, 0x33, 0x0, 0x7f, 0xf8, 0xd3, 0xc8,
    0x3, 0xff, 0x83, 0x0, 0x1f, 0xfe, 0x21, 0x9b,
    0x10, 0xf, 0xfe, 0xa, 0x20, 0x3, 0xff, 0xc0,
    0x73, 0xcc, 0x1, 0xff, 0xc3, 0x90, 0xf, 0xfe,
    0xe8, 0xac, 0xee, 0x30, 0x7, 0xff, 0x12, 0x48,
    0x3, 0xff, 0x8c, 0xac, 0xdf, 0xfc, 0x47, 0x74,
    0xd6, 0x77, 0x29, 0x88, 0x3, 0xff, 0x8a, 0xcc,
    0x0, 0xff, 0xe3, 0xc4, 0xcf, 0xff, 0x12, 0x20,
    0xca, 0x62, 0x1, 0xff, 0xc8, 0x49, 0x0, 0xff,
    0xf9, 0x2d, 0x80, 0x7f, 0xfc, 0x9e, 0x80, 0x3f,
    0xfe, 0x23, 0x50, 0x1, 0xff, 0xf1, 0x5f, 0x50,
    0xf, 0xff, 0x81, 0x5d, 0x8, 0x7, 0xff, 0xbd,
    0x2f, 0x50, 0x3, 0xff, 0xdc, 0x4f, 0xb6, 0x80,
    0x1f, 0xfe, 0xe4, 0xdd, 0x41, 0x0, 0x7f, 0xfc,
    0x14, 0x80, 0x3f, 0xfa, 0xdb, 0xff, 0xff, 0xc3,
    0xa0, 0xf, 0xfe, 0x0, 0xc0, 0x7, 0xff, 0x99,
    0x4c, 0x3, 0xff, 0x80, 0xe4, 0x1, 0xff, 0xe6,
    0xf0, 0xf, 0xfe, 0xc, 0x80, 0x7f, 0xf9, 0x8d,
    0x40, 0x3f, 0xf8, 0x8, 0x80, 0xf, 0xff, 0x35,
    0x80, 0x7f, 0xf0, 0x64, 0x3, 0xff, 0xcc, 0x30,
    0x1, 0xff, 0xc0, 0x27, 0x0, 0xff, 0xf3, 0x38,
    0x80, 0x7f, 0xf0, 0x20, 0x40, 0x3f, 0xfc, 0xd6,
    0x1, 0xff, 0xc1, 0x80, 0xf, 0xff, 0x32, 0x98,
    0x7, 0xff, 0x1, 0x8c, 0x3, 0xff, 0xcd, 0xe0,
    0x1f, 0xfc, 0x1f, 0x0, 0xff, 0xf3, 0x1a, 0x80,
    0x7f, 0xf0, 0xd, 0x40, 0x3f, 0xfc, 0xd6, 0x1,
    0xff, 0xc1, 0xb0, 0xf, 0xff, 0x30, 0xc0, 0x7,
    0xff, 0x0, 0x60, 0x3, 0xff, 0xcc, 0xe2, 0x1,
    0xff, 0xc0, 0x72, 0x0, 0xff, 0xf3, 0x58, 0x7,
    0xff, 0x6, 0x40, 0x3f, 0xfc, 0xca, 0x60, 0x1f,
    0xfc, 0x4, 0x40, 0x7, 0xff, 0x9b, 0xc0, 0x3f,
    0xf8, 0x32, 0x1, 0xff, 0xe6, 0x35, 0x0, 0xff,
    0xe0, 0x13, 0x0, 0x7f, 0xf9, 0xac, 0x3, 0xff,
    0x83, 0x2, 0x1, 0xff, 0xe5, 0x18, 0x0, 0xff,
    0xe0, 0xc, 0x0, 0x7f, 0xf9, 0x9c, 0x40, 0x3f,
    0xf8, 0xc, 0x60, 0x1f, 0xfe, 0x6b, 0x0, 0xff,
    0xe0, 0xf8, 0x7, 0xff, 0x99, 0x4c, 0x3, 0xff,
    0x80, 0x6a, 0x1, 0xff, 0xe6, 0xf0, 0xf, 0xfe,
    0xd, 0x80, 0x7f, 0xf9, 0x8d, 0x40, 0x3f, 0xf8,
    0x3, 0x0, 0x1f, 0xfe, 0x6b, 0x0, 0xff, 0xe0,
    0xb9, 0x0, 0x7f, 0xf9, 0x46, 0x0, 0x3f, 0xf8,
    0x30, 0x1, 0xff, 0xe6, 0x71, 0x0, 0xff, 0xe0,
    0x2a, 0x0, 0x7f, 0xf9, 0xac, 0x3, 0xff, 0x83,
    0x20, 0x1f, 0xfe, 0x65, 0x30, 0xf, 0xfe, 0x1,
    0x30, 0x7, 0xff, 0x9b, 0xc0, 0x3f, 0xf8, 0x30,
    0x20, 0x1f, 0xfe, 0x53, 0x50, 0xf, 0xfe, 0x0,
    0xc0, 0x7, 0xff, 0x9a, 0xc0, 0x3f, 0xf8, 0x2c,
    0x40, 0x1f, 0xfe, 0x51, 0x80, 0xf, 0xfe, 0xc,
    0x80, 0x7f, 0xf9, 0x9c, 0x40, 0x3f, 0xf8, 0x8,
    0xa0, 0x60, 0x1f, 0xfc, 0x3, 0x0, 0xff, 0xeb,
    0xd8, 0x7, 0xff, 0x6, 0xc3, 0x80, 0x3f, 0xf8,
    0x2, 0x1, 0xff, 0xd7, 0x54, 0x0, 0xff, 0xe0,
    0xb, 0x30, 0x3, 0xfe, 0x50, 0xf, 0xfe, 0xcd,
    0x10, 0x7, 0xff, 0x3, 0xc6, 0x80, 0x3f, 0x8e,
    0xc0, 0x3f, 0xfb, 0x23, 0xac, 0x1, 0xff, 0x68,
    0x2e, 0xb9, 0x88, 0x0, 0x52, 0x70, 0x40, 0x3f,
    0xfb, 0x73, 0xd0, 0xa4, 0x1, 0x89, 0xb1, 0x0,

    /* U+0053 "S" */
    0x0, 0xff, 0xe9, 0x88, 0x88, 0x40, 0x3f, 0xfd,
    0x46, 0xd3, 0x9b, 0xfe, 0xee, 0x6f, 0x7f, 0xdb,
    0x72, 0xe6, 0x1, 0xff, 0xde, 0x16, 0xbf, 0xc9,
    0x63, 0x20, 0xf, 0xe2, 0x46, 0x8c, 0xfd, 0x83,
    0x0, 0xff, 0xec, 0x1d, 0x74, 0xa0, 0x7, 0xff,
    0x24, 0x9f, 0x39, 0xc4, 0x3, 0xff, 0xa6, 0x99,
    0x85, 0x0, 0xff, 0xe7, 0x8c, 0x74, 0x88, 0x7,
    0xff, 0x3c, 0x6e, 0xc6, 0x1, 0xff, 0xd4, 0x6e,
    0x70, 0xf, 0xfe, 0x6b, 0x72, 0x0, 0x7f, 0xf6,
    0x23, 0x8, 0x3, 0xff, 0x95, 0x52, 0x1, 0xff,
    0xdb, 0x3d, 0x40, 0xf, 0xfe, 0x38, 0xea, 0x80,
    0x7f, 0xf7, 0xad, 0x40, 0x3f, 0xf8, 0xa3, 0x84,
    0x1, 0xff, 0xe0, 0xa6, 0x0, 0xff, 0xe1, 0x8e,
    0x10, 0x7, 0xff, 0x8a, 0x54, 0x3, 0xff, 0x85,
    0xa4, 0x1, 0xff, 0xe4, 0xa1, 0x0, 0xff, 0xe0,
    0x41, 0x80, 0x7f, 0xf1, 0x49, 0x63, 0x37, 0xbf,
    0xee, 0xdb, 0xa7, 0x41, 0x0, 0xff, 0xe2, 0xb8,
    0x7, 0xfc, 0x6e, 0x1, 0xff, 0xc3, 0x16, 0xdd,
    0x53, 0x99, 0x8, 0x4, 0x24, 0x8b, 0x17, 0xd8,
    0xe2, 0x1, 0xff, 0xc2, 0x10, 0xf, 0xfb, 0x80,
    0x3f, 0xf8, 0x6f, 0xd2, 0x40, 0x1f, 0xfc, 0x43,
    0x8e, 0xa2, 0x0, 0xff, 0xe0, 0x18, 0x7, 0xf9,
    0x88, 0x3, 0xff, 0x82, 0x7b, 0x0, 0x1f, 0xfc,
    0xa5, 0xd9, 0x0, 0xff, 0x12, 0x0, 0x7f, 0xac,
    0x3, 0xff, 0x82, 0xb8, 0x40, 0x1f, 0xfc, 0xd6,
    0xd2, 0x0, 0xfd, 0xc0, 0x1f, 0xe4, 0x20, 0xf,
    0xfe, 0x2, 0x50, 0x7, 0xff, 0x40, 0xb5, 0x0,
    0x3d, 0x46, 0x1, 0xfe, 0xe0, 0xf, 0xfe, 0x1,
    0x58, 0x7, 0xff, 0x4e, 0xdc, 0x2, 0x2b, 0x50,
    0xf, 0xf9, 0x0, 0x3f, 0xf8, 0x10, 0x1, 0xff,
    0xd5, 0x8f, 0xcc, 0x6a, 0x0, 0x7f, 0xc6, 0x20,
    0x1f, 0xf1, 0x28, 0x7, 0xff, 0x5c, 0xcc, 0x1,
    0xff, 0xc1, 0x50, 0xf, 0xfe, 0x5, 0x0, 0x7f,
    0xf9, 0xfc, 0x3, 0xff, 0x80, 0x80, 0x1f, 0xfe,
    0x72, 0x0, 0xff, 0xe0, 0x18, 0x7, 0xff, 0x9d,
    0xc0, 0x3f, 0xe1, 0x0, 0xff, 0xf4, 0x8, 0x7,
    0xff, 0xfc, 0x3, 0xff, 0xec, 0x20, 0x1f, 0xfe,
    0x81, 0x0, 0xff, 0xe0, 0x18, 0x7, 0xff, 0x9d,
    0x80, 0x3f, 0xf8, 0x16, 0x1, 0xff, 0xe7, 0x20,
    0xf, 0xfe, 0x3, 0x0, 0x7f, 0xf9, 0xf0, 0x3,
    0xff, 0x80, 0x2c, 0x1, 0xff, 0xe6, 0x50, 0xf,
    0xfe, 0xc, 0x8, 0x7, 0xff, 0x94, 0x4c, 0x3,
    0xff, 0x80, 0x3a, 0x1, 0xff, 0xe6, 0xa0, 0xf,
    0xfe, 0x9, 0xd8, 0x7, 0xff, 0x95, 0x80, 0x3f,
    0xf8, 0x49, 0xa4, 0x1, 0xff, 0xe4, 0x70, 0xf,
    0xfe, 0x11, 0x6b, 0x80, 0x7f, 0xf8, 0xe4, 0x40,
    0x3f, 0xf8, 0x71, 0xac, 0x1, 0xff, 0xe1, 0x1b,
    0x0, 0xff, 0xe2, 0x14, 0xeb, 0x0, 0x7f, 0xf8,
    0x15, 0x40, 0x1f, 0xfc, 0x52, 0x9e, 0x60, 0xf,
    0xfe, 0xfd, 0x90, 0x7, 0xff, 0x18, 0x67, 0x9c,
    0x40, 0x3f, 0xfb, 0x83, 0xe2, 0x1, 0xff, 0xc7,
    0x18, 0xe9, 0x30, 0xf, 0xfe, 0xd9, 0x68, 0x80,
    0x7f, 0xf2, 0x5b, 0x30, 0xa0, 0x1f, 0xfd, 0xa3,
    0xd1, 0x0, 0xff, 0xe5, 0x1d, 0x73, 0x88, 0x7,
    0xff, 0x60, 0xfc, 0x80, 0x3f, 0xf9, 0x63, 0x1d,
    0x26, 0x1, 0xff, 0xd7, 0x1d, 0x60, 0xf, 0xfe,
    0x6b, 0x66, 0x14, 0x3, 0xff, 0xaf, 0x34, 0x20,
    0x1f, 0xfc, 0xd3, 0xae, 0x71, 0x0, 0xff, 0xea,
    0xaf, 0xb0, 0x7, 0xff, 0x38, 0x63, 0xa0, 0x40,
    0x3f, 0xfa, 0x83, 0x38, 0x80, 0x1f, 0xfc, 0xf7,
    0xe8, 0x10, 0xf, 0xfe, 0xa1, 0xdd, 0x8c, 0x3,
    0xff, 0x9e, 0xfe, 0xc0, 0x1f, 0xfd, 0x54, 0xcc,
    0x28, 0x7, 0xff, 0x38, 0x67, 0x8, 0x3, 0xff,
    0xaa, 0x75, 0xce, 0x20, 0x1f, 0xfc, 0xd3, 0xd7,
    0x0, 0xff, 0xeb, 0xc, 0x74, 0x90, 0x7, 0xff,
    0x36, 0x2c, 0x40, 0x3f, 0xfa, 0xed, 0xb6, 0x80,
    0x1f, 0xfc, 0xc4, 0xf3, 0x0, 0xff, 0xec, 0x25,
    0xeb, 0x0, 0x7f, 0xf2, 0xc7, 0x10, 0x3, 0xff,
    0xb2, 0x53, 0xd0, 0x20, 0x1f, 0xfc, 0xab, 0x40,
    0xf, 0xfe, 0xd0, 0xbf, 0x51, 0x80, 0x7f, 0xf2,
    0x6c, 0xc0, 0x3f, 0xfb, 0x8b, 0x96, 0x60, 0x1f,
    0xfc, 0x8d, 0x10, 0xf, 0xfe, 0xea, 0x65, 0x90,
    0x7, 0xff, 0x18, 0x6c, 0x3, 0xff, 0xbe, 0x9b,
    0x22, 0x1, 0xff, 0xc5, 0x54, 0x0, 0xff, 0xf0,
    0x37, 0x38, 0x7, 0xff, 0x16, 0x0, 0x3f, 0xfc,
    0x51, 0xa6, 0x1, 0xff, 0xc3, 0x33, 0x0, 0x7f,
    0xf8, 0x8b, 0x1c, 0x3, 0xff, 0x87, 0x40, 0x1f,
    0xfe, 0x48, 0xa0, 0xf, 0xfe, 0x13, 0x80, 0x7f,
    0xf9, 0x56, 0x80, 0x3f, 0xf8, 0x22, 0x40, 0x1f,
    0xfe, 0x55, 0x60, 0xf, 0xfe, 0xa, 0x0, 0x7f,
    0xf9, 0xa0, 0x3, 0xff, 0x83, 0xe0, 0x1f, 0xfe,
    0x61, 0x60, 0xf, 0xfe, 0x2, 0x80, 0x7f, 0xf9,
    0xe8, 0x3, 0xff, 0x80, 0x40, 0x1f, 0xfe, 0x73,
    0x0, 0xff, 0xe0, 0x8, 0x7, 0xff, 0xa0, 0xc0,
    0x3f, 0xfe, 0x8e, 0x1, 0xff, 0xc0, 0x10, 0xf,
    0xff, 0x38, 0x80, 0x7f, 0xff, 0xc0, 0x3f, 0xfd,
    0x4c, 0x1, 0xff, 0xc0, 0x10, 0xf, 0xff, 0x38,
    0x80, 0x7f, 0xfc, 0xc4, 0x80, 0x3f, 0xe2, 0x0,
    0xff, 0xf3, 0xa0, 0x7, 0xff, 0x1, 0xc0, 0x39,
    0x73, 0xad, 0x0, 0x3f, 0xfb, 0xbc, 0x1, 0xff,
    0xc0, 0xc0, 0xd, 0x34, 0x62, 0x97, 0x0, 0x1f,
    0xfd, 0xb3, 0x40, 0xf, 0xfe, 0x2, 0x0, 0x52,
    0xc0, 0x1c, 0xf0, 0x1, 0xff, 0xda, 0x80, 0xf,
    0xfe, 0x1, 0x10, 0x0, 0xcc, 0x0, 0xf9, 0xe4,
    0x3, 0xff, 0xb1, 0x8, 0x1, 0xff, 0xc0, 0xb0,
    0x0, 0xc8, 0x7, 0xf3, 0x60, 0x80, 0x7f, 0xf5,
    0x55, 0xc0, 0x3f, 0xf8, 0x2e, 0x0, 0x70, 0xf,
    0xf8, 0xfd, 0x40, 0x3f, 0xfa, 0x6d, 0x40, 0x1f,
    0xfc, 0x17, 0x10, 0x7, 0x80, 0x7f, 0xf0, 0x6,
    0xb0, 0xc0, 0x3f, 0xf9, 0xe3, 0x52, 0x1, 0xff,
    0xc1, 0x18, 0x0, 0xb8, 0x3, 0xff, 0x84, 0x79,
    0x85, 0x0, 0xff, 0xe6, 0x3f, 0xa8, 0x7, 0xff,
    0xa, 0xc0, 0x32, 0x80, 0x7f, 0xf1, 0xe, 0xbe,
    0xd8, 0x80, 0x3f, 0xf8, 0xa9, 0x3f, 0x2, 0x1,
    0xff, 0xc2, 0x55, 0x0, 0x62, 0x70, 0xf, 0xfe,
    0x32, 0x4e, 0xf5, 0xcb, 0xaa, 0x19, 0x88, 0x86,
    0x65, 0x79, 0xcf, 0xb6, 0x0, 0xff, 0xe2, 0x15,
    0x80, 0x7a, 0x18, 0x3, 0xff, 0x90, 0x28, 0xd1,
    0x57, 0x98, 0xdd, 0x66, 0x2a, 0x18, 0xc0, 0x3f,
    0xf8, 0xc3, 0xe2, 0x1, 0xf4, 0xb8, 0x7, 0xff,
    0xa7, 0x48, 0x3, 0xfa, 0x20, 0x1, 0xff, 0xe6,
    0x1c, 0x30, 0xf, 0xf9, 0xec, 0x40, 0x3f, 0xfc,
    0x65, 0x86, 0x1, 0xff, 0xc1, 0x4f, 0x40, 0xf,
    0xff, 0xa, 0x61, 0x0, 0x7f, 0xf0, 0xc6, 0xe8,
    0x40, 0x3f, 0xfb, 0xd3, 0x62, 0x1, 0xff, 0xc6,
    0x5e, 0x81, 0x0, 0xff, 0xed, 0x2f, 0x30, 0x7,
    0xff, 0x29, 0xfa, 0x48, 0x3, 0xff, 0xac, 0xbb,
    0x42, 0x1, 0xff, 0xcd, 0x6d, 0xc6, 0x10, 0xf,
    0xfe, 0x80, 0xbe, 0xd1, 0x0, 0x7f, 0xf4, 0x4e,
    0x7b, 0x21, 0x4, 0x3, 0xff, 0x92, 0x6f, 0x9d,
    0x4, 0x1, 0xff, 0xd6, 0x37, 0xbe, 0xe5, 0xcb,
    0xa9, 0x90, 0x88, 0x3, 0x9, 0x1a, 0xbc, 0xe7,
    0xe4, 0x18, 0x7, 0xff, 0x20,

    /* U+0054 "T" */
    0x0, 0x14, 0xef, 0x77, 0xff, 0xc7, 0x20, 0x40,
    0x23, 0xd6, 0x21, 0x1f, 0xff, 0x89, 0xbe, 0x8,
    0x3, 0x80, 0x3f, 0xfe, 0xc5, 0x0, 0x44, 0x0,
    0xff, 0xfb, 0xb8, 0x38, 0x7, 0xff, 0xe0, 0x40,
    0x3f, 0xff, 0x62, 0x1, 0xff, 0xfb, 0x70, 0xf,
    0xff, 0xc0, 0x88, 0x88, 0x1, 0xff, 0xf7, 0x40,
    0x4, 0x80, 0x7f, 0xfd, 0x86, 0x0, 0x9, 0x88,
    0x1, 0xff, 0xf2, 0x16, 0xf2, 0x0, 0x8e, 0xff,
    0xff, 0xf9, 0xa0, 0x1f, 0xfc, 0x5, 0xff, 0xff,
    0xe6, 0x74, 0x88, 0x7, 0xff, 0xfc, 0x3, 0xff,
    0xfe, 0x1, 0xff, 0xff, 0x0, 0xff, 0xff, 0x80,
    0x7f, 0xff, 0xc0, 0x3f, 0xff, 0xe0, 0x1f, 0xff,
    0xf0, 0xf, 0xff, 0xf8, 0x7, 0xff, 0xfc, 0x3,
    0xff, 0xfe, 0x1, 0xff, 0xff, 0x0, 0xff, 0xff,
    0x80, 0x7f, 0xff, 0xc0, 0x3f, 0xff, 0xe0, 0x1f,
    0xff, 0xf0, 0xf, 0xff, 0xf8, 0x7, 0xff, 0xfc,
    0x3, 0xff, 0xfe, 0x1, 0xff, 0xff, 0x0, 0xff,
    0xff, 0x80, 0x7f, 0xff, 0xc0, 0x3f, 0xff, 0xe0,
    0x1f, 0xff, 0xf0, 0xf, 0xff, 0xf8, 0x7, 0xff,
    0xfc, 0x3, 0xff, 0xfe, 0x1, 0xff, 0xff, 0x0,
    0xff, 0xff, 0x80, 0x7f, 0xff, 0xc0, 0x3f, 0xff,
    0xe0, 0x1f, 0xff, 0xf0, 0xf, 0xff, 0xf8, 0x7,
    0xff, 0xfc, 0x3, 0xff, 0xfe, 0x1, 0xff, 0xff,
    0x0, 0xff, 0xff, 0x80, 0x7f, 0xff, 0xc0, 0x3f,
    0xff, 0xe0, 0x1f, 0xff, 0xf0, 0xf, 0xff, 0xf8,
    0x7, 0xff, 0xfc, 0x3, 0xff, 0xfe, 0x1, 0xff,
    0xff, 0x0, 0xff, 0xff, 0x80, 0x7f, 0xff, 0xc0,
    0x3f, 0xff, 0xe0, 0x1f, 0xff, 0xf0, 0xf, 0xff,
    0xf8, 0x7, 0xff, 0xfc, 0x3, 0xff, 0xfe, 0x1,
    0xff, 0xff, 0x0, 0xff, 0xff, 0x80, 0x7f, 0xff,
    0xc0, 0x3f, 0xff, 0xe0, 0x1f, 0xff, 0xf0, 0xf,
    0xff, 0xf8, 0x7, 0xff, 0xfc, 0x3, 0xff, 0xfe,
    0x1, 0xff, 0xff, 0x0, 0xff, 0xff, 0x80, 0x7f,
    0xff, 0xc0, 0x3f, 0xff, 0xe0, 0x1f, 0xff, 0xf0,
    0xf, 0xff, 0xf8, 0x7, 0xff, 0xfc, 0x3, 0xff,
    0xfe, 0x1, 0xff, 0xff, 0x0, 0xff, 0xff, 0x80,
    0x7f, 0xff, 0xc0, 0x3f, 0xff, 0xe0, 0x1f, 0xff,
    0xf0, 0xf, 0xff, 0xf8, 0x7, 0xff, 0xfc, 0x3,
    0xff, 0xfe, 0x1, 0xff, 0xd3, 0x30, 0xf, 0xff,
    0x71, 0x0, 0x7f, 0xdc, 0x1, 0xff, 0xee, 0x50,
    0xf, 0xf9, 0x40, 0x3f, 0xfd, 0xd0, 0x80, 0x1f,
    0xd2, 0x40, 0x1f, 0xfe, 0xfb, 0xa5, 0x20, 0x8,
    0xdb, 0x58, 0x3, 0xff, 0xa4,

    /* U+0055 "U" */
    0x0, 0x89, 0x5d, 0xe4, 0x10, 0xf, 0xff, 0x29,
    0x33, 0xb9, 0x90, 0x3, 0x93, 0x75, 0x51, 0x15,
    0xf5, 0x8, 0x7, 0xff, 0x84, 0xf7, 0x53, 0x10,
    0x9b, 0xe7, 0x0, 0x1d, 0x90, 0x7, 0xcb, 0x80,
    0x1f, 0xfe, 0x2, 0xc2, 0x0, 0xf0, 0xc3, 0x84,
    0x0, 0x7f, 0x89, 0x80, 0x3f, 0xfb, 0xf6, 0x1,
    0xfe, 0x80, 0x40, 0xf, 0xfb, 0x0, 0x3f, 0xfb,
    0xe8, 0x1, 0xff, 0x18, 0x7, 0xff, 0x0, 0x40,
    0x3f, 0xff, 0xe, 0x1, 0xff, 0xdf, 0x30, 0xf,
    0xf9, 0xc0, 0x3f, 0xff, 0xe0, 0x1f, 0xff, 0xf0,
    0xf, 0xff, 0xf8, 0x7, 0xff, 0xfc, 0x3, 0xff,
    0xfe, 0x1, 0xff, 0xff, 0x0, 0xff, 0xff, 0x80,
    0x7f, 0xff, 0xc0, 0x3f, 0xff, 0xe0, 0x1f, 0xff,
    0xf0, 0xf, 0xff, 0xf8, 0x7, 0xff, 0xfc, 0x3,
    0xff, 0xfe, 0x1, 0xff, 0xff, 0x0, 0xff, 0xff,
    0x80, 0x7f, 0xff, 0xc0, 0x3f, 0xff, 0xe0, 0x1f,
    0xff, 0xf0, 0xf, 0xff, 0xf8, 0x7, 0xff, 0xfc,
    0x3, 0xff, 0xfe, 0x1, 0xff, 0xff, 0x0, 0xff,
    0xff, 0x80, 0x7f, 0xff, 0xc0, 0x3f, 0xff, 0xe0,
    0x1f, 0xff, 0xf0, 0xf, 0xff, 0xf8, 0x7, 0xff,
    0xfc, 0x3, 0xff, 0xfe, 0x1, 0xff, 0xff, 0x0,
    0xff, 0xff, 0x80, 0x7f, 0xff, 0xc0, 0x3f, 0xff,
    0xe0, 0x1f, 0xff, 0xf0, 0xf, 0xff, 0xf8, 0x7,
    0xff, 0xfc, 0x3, 0xff, 0xfe, 0x1, 0xff, 0xff,
    0x0, 0xff, 0xff, 0x80, 0x7f, 0xff, 0xc0, 0x3f,
    0xff, 0xe0, 0x1f, 0xff, 0xf0, 0xf, 0xff, 0xf8,
    0x7, 0xff, 0xfc, 0x3, 0xff, 0xfe, 0x1, 0xff,
    0xfe, 0x70, 0xf, 0xff, 0xf8, 0x7, 0xff, 0xc8,
    0x44, 0x1, 0xff, 0x8, 0x7, 0xff, 0x7c, 0x40,
    0x3f, 0xff, 0xe0, 0x1e, 0x30, 0xf, 0xf8, 0xc0,
    0x3f, 0xfb, 0xc2, 0x1, 0xff, 0xc0, 0x31, 0x0,
    0xff, 0x84, 0x3, 0xff, 0xbc, 0x60, 0x1f, 0xfc,
    0x1, 0x60, 0xf, 0xfe, 0x0, 0x80, 0x7f, 0xf7,
    0x44, 0x3, 0xfe, 0x10, 0x30, 0xf, 0xfe, 0x1,
    0x0, 0x7f, 0xf7, 0x58, 0x3, 0xfe, 0x30, 0xe0,
    0xf, 0xfe, 0x3, 0x0, 0x7f, 0xf7, 0x74, 0x3,
    0xfe, 0x60, 0x10, 0xf, 0xfe, 0x6, 0x80, 0x7f,
    0xf7, 0x48, 0x3, 0xfe, 0x10, 0x50, 0xf, 0xfe,
    0x1, 0x0, 0x7f, 0xf7, 0x5c, 0x3, 0xfe, 0xd0,
    0x30, 0xf, 0xfe, 0x2, 0x0, 0x7f, 0xf7, 0x4,
    0x80, 0x3f, 0xe3, 0x0, 0x8, 0x7, 0xfc, 0x24,
    0x1, 0xff, 0xdb, 0x50, 0xf, 0xfe, 0x3, 0x0,
    0x14, 0x3, 0xff, 0x80, 0x80, 0x1f, 0xfd, 0xbc,
    0x0, 0xff, 0xe0, 0x10, 0x0, 0xc0, 0x3f, 0xf8,
    0x18, 0x1, 0xff, 0xdb, 0x50, 0xf, 0xf8, 0xc0,
    0x2c, 0x0, 0xff, 0xe0, 0x28, 0x7, 0xff, 0x68,
    0xc8, 0x3, 0xfe, 0x40, 0x9, 0x0, 0x3f, 0xf8,
    0x2a, 0x1, 0xff, 0xd9, 0xa0, 0xf, 0xfe, 0x6,
    0x0, 0x63, 0x0, 0xff, 0xe0, 0x48, 0x7, 0xff,
    0x60, 0x58, 0x3, 0xff, 0x80, 0x80, 0x1a, 0xc0,
    0x3f, 0xf8, 0x6, 0x80, 0x1f, 0xfd, 0x76, 0x0,
    0xff, 0xe0, 0x20, 0x7, 0x30, 0x7, 0xff, 0x6,
    0x0, 0x3f, 0xfa, 0xc3, 0x20, 0x1f, 0xfc, 0xe,
    0x0, 0xe1, 0x40, 0xf, 0xfe, 0x1, 0xa8, 0x7,
    0xff, 0x56, 0xc4, 0x3, 0xff, 0x80, 0xa0, 0x1e,
    0xd0, 0xf, 0xfe, 0xd, 0x88, 0x7, 0xff, 0x4d,
    0x54, 0x1, 0xff, 0xc0, 0x50, 0xf, 0x98, 0x40,
    0x3f, 0xf8, 0x3, 0xa0, 0x1f, 0xfd, 0x23, 0xa0,
    0xf, 0xfe, 0xc, 0x80, 0x7e, 0x90, 0xf, 0xfe,
    0x9, 0xd0, 0x7, 0xff, 0x40, 0xb4, 0x3, 0xff,
    0x82, 0x86, 0x1, 0xf9, 0xc4, 0x3, 0xff, 0x82,
    0xb6, 0x1, 0xff, 0xce, 0x3c, 0x10, 0xf, 0xfe,
    0xc, 0x0, 0x7f, 0xa0, 0x3, 0xff, 0x84, 0x9a,
    0x60, 0x1f, 0xfc, 0xb7, 0xc1, 0x0, 0xff, 0xe0,
    0xa1, 0x80, 0x7f, 0x98, 0xc0, 0x3f, 0xf8, 0x45,
    0x92, 0x20, 0x1f, 0xfc, 0x75, 0xd8, 0x0, 0xff,
    0xe1, 0xc8, 0x7, 0xff, 0x3, 0x80, 0x3f, 0xf8,
    0x8d, 0xd4, 0x80, 0x1f, 0xfc, 0x22, 0x7d, 0xa2,
    0x0, 0xff, 0xe1, 0xc9, 0x0, 0x7f, 0xf0, 0xa,
    0x40, 0x3f, 0xf8, 0xab, 0x7f, 0x70, 0xc8, 0x64,
    0x43, 0x45, 0x7a, 0xed, 0x82, 0x0, 0xff, 0xe2,
    0x23, 0x0, 0x7f, 0xf0, 0x99, 0x80, 0x1f, 0xfc,
    0x74, 0x79, 0xbc, 0xdd, 0x65, 0xd4, 0x28, 0x80,
    0x7f, 0xf1, 0x8a, 0xc0, 0x3f, 0xf8, 0x92, 0x80,
    0x1f, 0xfe, 0x41, 0xf0, 0xf, 0xfe, 0x35, 0xa8,
    0x7, 0xff, 0x88, 0x70, 0x80, 0x3f, 0xf8, 0xf4,
    0xe0, 0x1f, 0xfe, 0x2, 0xf2, 0x0, 0xff, 0xe4,
    0xc5, 0x0, 0x7f, 0xf7, 0x97, 0x44, 0x3, 0xff,
    0x96, 0xba, 0x60, 0x1f, 0xfd, 0xba, 0xa0, 0x7,
    0xff, 0x38, 0xb2, 0x84, 0x3, 0xff, 0xae, 0xdc,
    0xa0, 0x1f, 0xfd, 0x15, 0xe8, 0x10, 0xf, 0xfe,
    0x9a, 0xec, 0x88, 0x7, 0xff, 0x51, 0xfa, 0x8c,
    0x3, 0xff, 0x9c, 0x2f, 0xd4, 0x40, 0x1f, 0xfd,
    0x85, 0xce, 0x94, 0x10, 0xf, 0xfe, 0x39, 0x3e,
    0x74, 0x8, 0x7, 0xff, 0x70, 0x5a, 0xfb, 0x69,
    0xd4, 0xc8, 0x40, 0x30, 0x88, 0x91, 0xa2, 0xff,
    0x60, 0xc0, 0x3f, 0xf9, 0x40,

    /* U+0056 "V" */
    0x0, 0x35, 0xf7, 0xfd, 0xb4, 0xa0, 0x1f, 0xfe,
    0x85, 0xad, 0xff, 0xb6, 0x8c, 0x1, 0x52, 0x82,
    0x1, 0x12, 0xd6, 0x98, 0x7, 0xff, 0x90, 0xf6,
    0x94, 0x80, 0x22, 0x5c, 0x62, 0x50, 0xf, 0xe2,
    0xc3, 0x0, 0xff, 0xf1, 0x16, 0x10, 0x7, 0xf4,
    0x0, 0x7f, 0xf0, 0x7c, 0x3, 0xff, 0xc5, 0x20,
    0x1f, 0xf0, 0x90, 0x7, 0xff, 0x0, 0xcc, 0x1,
    0xff, 0xe0, 0x14, 0x0, 0xff, 0x88, 0x10, 0x3,
    0xff, 0x80, 0x80, 0x1f, 0xfe, 0x4, 0x0, 0xff,
    0xe0, 0x28, 0x70, 0x7, 0xff, 0x2, 0xc0, 0x3f,
    0xfc, 0x1e, 0x1, 0xff, 0xc0, 0xb0, 0x40, 0xf,
    0xfe, 0x1, 0x88, 0x7, 0xff, 0x7d, 0x0, 0x3f,
    0xe1, 0x30, 0x14, 0x0, 0xff, 0xe0, 0x38, 0x7,
    0xff, 0x78, 0xc4, 0x3, 0xfe, 0x70, 0xb, 0x40,
    0x3f, 0xf8, 0x18, 0x1, 0xff, 0xde, 0xb0, 0xf,
    0xfe, 0x6, 0x80, 0x4e, 0x1, 0xff, 0xc0, 0x50,
    0xf, 0xfe, 0xf2, 0x80, 0x7f, 0xf0, 0x10, 0x2,
    0x13, 0x0, 0xff, 0xe0, 0x20, 0x7, 0xff, 0x70,
    0x88, 0x1, 0xff, 0x28, 0x7, 0x58, 0x7, 0xff,
    0x3, 0x40, 0x3f, 0xfb, 0x88, 0x1, 0xff, 0xc0,
    0xf0, 0xe, 0x50, 0xf, 0xfe, 0x2, 0x0, 0x7f,
    0xf7, 0x34, 0x3, 0xff, 0x80, 0xa0, 0x1c, 0x44,
    0x0, 0xff, 0x88, 0x80, 0x1f, 0xfd, 0xb4, 0x0,
    0xff, 0x94, 0x3, 0xe5, 0x0, 0xff, 0xe0, 0x28,
    0x7, 0xff, 0x69, 0x0, 0x3f, 0xf8, 0x1e, 0x1,
    0xf5, 0x80, 0x7f, 0xf0, 0x2c, 0x3, 0xff, 0xb5,
    0xa0, 0x1f, 0xfc, 0x4, 0x0, 0xf8, 0xc8, 0x3,
    0xfe, 0x31, 0x0, 0xff, 0xec, 0xb8, 0x7, 0xfc,
    0x82, 0x1, 0xf9, 0x40, 0x3f, 0xf8, 0x8, 0x1,
    0xff, 0xd8, 0x31, 0x0, 0xff, 0xb4, 0x3, 0xfa,
    0xc0, 0x3f, 0xf8, 0x1e, 0x1, 0xff, 0xd8, 0x40,
    0xf, 0xfe, 0x3, 0x80, 0x7f, 0x18, 0x80, 0x7f,
    0xc8, 0x1, 0xff, 0xd8, 0xb0, 0xf, 0xf8, 0xc4,
    0x3, 0xfc, 0xe0, 0x1f, 0xf0, 0x98, 0x7, 0xff,
    0x58, 0x4c, 0x3, 0xfe, 0xb0, 0xf, 0xfb, 0x40,
    0x3f, 0xf8, 0x16, 0x1, 0xff, 0xd6, 0x40, 0xf,
    0xfe, 0x2, 0x80, 0x7f, 0xc8, 0x20, 0x1f, 0xf2,
    0x80, 0x7f, 0xf5, 0xbc, 0x3, 0xfe, 0x32, 0x0,
    0xff, 0xe0, 0x20, 0x7, 0xfc, 0x44, 0x0, 0xff,
    0xea, 0xa0, 0x7, 0xfd, 0x60, 0x1f, 0xfc, 0x1f,
    0x0, 0xff, 0xe0, 0x20, 0x7, 0xff, 0x50, 0xc4,
    0x3, 0xfe, 0x50, 0xf, 0xfe, 0xa, 0x80, 0x7f,
    0xf0, 0x34, 0x3, 0xff, 0xa9, 0x60, 0x1f, 0xf1,
    0x10, 0x3, 0xff, 0x84, 0xa0, 0x1f, 0xf2, 0x0,
    0x7f, 0xf5, 0x14, 0x3, 0xfe, 0x50, 0xf, 0xfe,
    0x1f, 0x80, 0x7f, 0xf0, 0x14, 0x3, 0xff, 0xa4,
    0x44, 0x0, 0xff, 0xac, 0x3, 0xff, 0x86, 0x80,
    0x1f, 0xfc, 0xc, 0x0, 0xff, 0xe9, 0x20, 0x7,
    0xfc, 0x26, 0x1, 0xff, 0xc3, 0x14, 0x0, 0xff,
    0x9c, 0x3, 0xff, 0xa5, 0xa0, 0x1f, 0xf3, 0x80,
    0x7f, 0xf1, 0x74, 0x3, 0xfe, 0x13, 0x0, 0xff,
    0xe8, 0xa0, 0x7, 0xfd, 0x40, 0x1f, 0xfc, 0x57,
    0x0, 0xff, 0xe0, 0x58, 0x7, 0xff, 0x41, 0x0,
    0x3f, 0xe1, 0x30, 0xf, 0xfe, 0x28, 0x98, 0x7,
    0xfc, 0x80, 0x1f, 0xfd, 0xd, 0x0, 0xff, 0x9c,
    0x3, 0xff, 0x8f, 0x60, 0x1f, 0xf1, 0x88, 0x7,
    0xff, 0x3d, 0xc0, 0x3f, 0xed, 0x0, 0xff, 0xe3,
    0xa8, 0x7, 0xff, 0x1, 0xc0, 0x3f, 0xf9, 0xc6,
    0x20, 0x1f, 0xf2, 0x0, 0x7f, 0xf1, 0xc8, 0x80,
    0x1f, 0xf6, 0x80, 0x7f, 0xf3, 0x90, 0x3, 0xfe,
    0x50, 0xf, 0xfe, 0x4a, 0x80, 0x7f, 0xc8, 0x1,
    0xff, 0xce, 0xb0, 0xf, 0xfb, 0xc0, 0x3f, 0xf9,
    0x34, 0x1, 0xff, 0xc0, 0x40, 0xf, 0xfe, 0x60,
    0x98, 0x7, 0xfc, 0xa0, 0x1f, 0xfc, 0x92, 0x20,
    0x7, 0xfd, 0xa0, 0x1f, 0xfc, 0xc4, 0x0, 0xff,
    0x94, 0x3, 0xff, 0x96, 0xa0, 0x1f, 0xf3, 0x80,
    0x7f, 0xf3, 0x3c, 0x3, 0xfe, 0xf0, 0xf, 0xfe,
    0x5d, 0x80, 0x7f, 0xc2, 0x40, 0x1f, 0xfc, 0xb4,
    0x0, 0xff, 0x90, 0x3, 0xff, 0x96, 0x62, 0x1,
    0xff, 0x28, 0x7, 0xff, 0x29, 0x4, 0x3, 0xfc,
    0x82, 0x1, 0xff, 0xcc, 0x70, 0xf, 0xfa, 0xc0,
    0x3f, 0xf9, 0x58, 0x1, 0xff, 0x68, 0x7, 0xff,
    0x37, 0x40, 0x3f, 0xe3, 0x10, 0xf, 0xfe, 0x4a,
    0x80, 0x7f, 0xce, 0x1, 0xff, 0xcd, 0x41, 0x0,
    0xff, 0x90, 0x3, 0xff, 0x90, 0x44, 0x0, 0xff,
    0x18, 0x80, 0x7f, 0xf3, 0x90, 0x3, 0xfe, 0xf0,
    0xf, 0xfe, 0x42, 0x0, 0x7f, 0xd6, 0x1, 0xff,
    0xcf, 0xf0, 0xf, 0xf9, 0x40, 0x3f, 0xf9, 0x1a,
    0x1, 0xff, 0x28, 0x7, 0xff, 0x3d, 0x40, 0x3f,
    0xf8, 0x8, 0x1, 0xff, 0xc7, 0x40, 0xf, 0xf1,
    0x90, 0x7, 0xff, 0x41, 0x40, 0x3f, 0xed, 0x0,
    0xff, 0xe3, 0x20, 0x7, 0xfd, 0x60, 0x1f, 0xfd,
    0x1f, 0x0, 0xff, 0x90, 0x3, 0xff, 0x8d, 0xa0,
    0x1f, 0xf2, 0x80, 0x7f, 0xf4, 0x50, 0x3, 0xfe,
    0x22, 0x0, 0x7f, 0xf1, 0x5c, 0x3, 0xfc, 0x44,
    0x0, 0xff, 0xe8, 0x8a, 0x0, 0x7f, 0xca, 0x1,
    0xff, 0xc4, 0x31, 0x0, 0xff, 0x28, 0x7, 0xff,
    0x4f, 0x40, 0x3f, 0xec, 0x0, 0xff, 0xe2, 0x20,
    0x7, 0xfd, 0x60, 0x1f, 0xfd, 0x37, 0x0, 0xff,
    0x90, 0x3, 0xff, 0x89, 0x60, 0x1f, 0xe1, 0x30,
    0xf, 0xfe, 0x98, 0x98, 0x7, 0xfc, 0x80, 0x1f,
    0xfc, 0x21, 0x30, 0xf, 0xf3, 0x80, 0x7f, 0xf5,
    0x6c, 0x3, 0xfe, 0xd0, 0xf, 0xfe, 0x12, 0x0,
    0x7f, 0xda, 0x1, 0xff, 0xd5, 0x50, 0xf, 0xf9,
    0xc0, 0x3f, 0xf8, 0x5e, 0x1, 0xfe, 0x14, 0x0,
    0xff, 0xea, 0x91, 0x0, 0x3f, 0xc2, 0x40, 0x1f,
    0xfc, 0x15, 0x0, 0xff, 0x38, 0x7, 0xff, 0x5d,
    0x40, 0x3f, 0xe5, 0x0, 0xff, 0xe0, 0x20, 0x7,
    0xfd, 0xa0, 0x1f, 0xfd, 0x7a, 0x0, 0xff, 0xb0,
    0x3, 0xff, 0x81, 0x80, 0x1f, 0xf2, 0x0, 0x7f,
    0xf5, 0xc8, 0x80, 0x1f, 0xe4, 0x0, 0xff, 0xe0,
    0x28, 0x7, 0xf9, 0x40, 0x3f, 0xfb, 0x2a, 0x1,
    0xff, 0x28, 0x7, 0xf8, 0x88, 0x1, 0xfe, 0xf0,
    0xf, 0xfe, 0xcd, 0x80, 0x7f, 0xd8, 0x1, 0xfe,
    0x40, 0xf, 0xf9, 0x40, 0x3f, 0xfb, 0x26, 0x20,
    0x1f, 0xe7, 0x0, 0xff, 0x68, 0x7, 0xf9, 0x0,
    0x3f, 0xfb, 0x6e, 0x1, 0xfe, 0x12, 0x0, 0xfe,
    0x40, 0xf, 0xf7, 0x0, 0x7f, 0xf6, 0xf4, 0x3,
    0xfe, 0x50, 0xf, 0xca, 0x1, 0xff, 0x20, 0x7,
    0xff, 0x6d, 0x4, 0x3, 0xfd, 0x60, 0x1f, 0xbc,
    0x3, 0xfc, 0x82, 0x1, 0xff, 0xdc, 0x40, 0xf,
    0xf1, 0x88, 0x7, 0xca, 0x1, 0xfe, 0xd0, 0xf,
    0xfe, 0xef, 0x80, 0x7f, 0xc8, 0x1, 0xe4, 0x0,
    0xff, 0x9c, 0x3, 0xff, 0xba, 0xa0, 0x1f, 0xf7,
    0x80, 0x7b, 0x40, 0x3f, 0xc6, 0x20, 0x1f, 0xfd,
    0xe5, 0x0, 0xff, 0x20, 0x7, 0x9c, 0x3, 0xfd,
    0x60, 0x1f, 0xfd, 0xff, 0x0, 0xff, 0x9, 0x80,
    0x64, 0x10, 0xf, 0xf2, 0x80, 0x7f, 0xf7, 0xd0,
    0x3, 0xfe, 0xb0, 0xd, 0xa0, 0x1f, 0xe2, 0x20,
    0x7, 0xff, 0x7c, 0x50, 0x3, 0xfc, 0x80, 0x19,
    0xc0, 0x3f, 0xd4, 0x1, 0xff, 0xe1, 0xd0, 0xf,
    0xf1, 0x88, 0x0, 0xc4, 0x3, 0xfc, 0xa0, 0x1f,
    0xfe, 0x17, 0x0, 0xff, 0x9c, 0x1, 0x60, 0x1f,
    0xe2, 0x20, 0x7, 0xff, 0x84, 0x4c, 0x3, 0xfd,
    0xa0, 0x5, 0x0, 0xff, 0x28, 0x7, 0xff, 0x8e,
    0xc0, 0x3f, 0xc8, 0x6, 0x40, 0x1f, 0xeb, 0x0,
    0xff, 0xf1, 0xa8, 0x7, 0xfc, 0x96, 0x1, 0xfe,
    0x13, 0x0, 0xff, 0xf1, 0x91, 0x0, 0x3f, 0xda,
    0xa0, 0x1f, 0xe7, 0x0, 0xff, 0xf2, 0xd0, 0x7,
    0xf9, 0x88, 0x3, 0xfd, 0xa0, 0x1f, 0xfe, 0x55,
    0x0, 0xff, 0xe4, 0x8a, 0x0, 0x7f, 0xf9, 0x48,
    0x80, 0x1f, 0xfc, 0x87, 0x0, 0xff, 0xf3, 0xa8,
    0x7, 0xff, 0x23, 0x40, 0x3f, 0xfc, 0xf6, 0x1,
    0xff, 0xc8, 0x40, 0xf, 0xff, 0x39, 0x88, 0x7,
    0xff, 0x19, 0x40, 0x3f, 0xfd, 0x2e, 0x1, 0xff,
    0xc6, 0xf0, 0xf, 0xff, 0x4e, 0x80, 0x7f, 0xf1,
    0x94, 0x3, 0xff, 0xd2, 0x82, 0x1, 0xff, 0xc4,
    0x40, 0xf, 0xff, 0x5b, 0x80, 0x7f, 0xf1, 0x38,
    0x3, 0xff, 0xd7, 0x60, 0x1f, 0xfc, 0x31, 0x50,
    0xf, 0xff, 0x59, 0x38, 0x7, 0xff, 0xa, 0xc0,
    0x3f, 0xfd, 0xb0, 0xe0, 0x1f, 0xfc, 0x9, 0x50,
    0xf, 0xff, 0x74, 0x62, 0x90, 0x7, 0x89, 0xb5,
    0x80, 0x3f, 0xfa, 0x20,

    /* U+0057 "W" */
    0x0, 0x25, 0x6f, 0xfd, 0xb4, 0xa0, 0x1f, 0xfd,
    0xa3, 0xae, 0xff, 0x75, 0xb0, 0x7, 0xff, 0x6d,
    0xaf, 0xbf, 0xdd, 0x8e, 0x1, 0x4d, 0xa9, 0x0,
    0x44, 0xb5, 0xa4, 0x1, 0xff, 0xd7, 0x8c, 0x51,
    0x0, 0xa, 0x4f, 0x20, 0x7, 0xff, 0x5c, 0xb6,
    0x50, 0x40, 0x2, 0x71, 0xa0, 0x4c, 0x1, 0xfc,
    0x5e, 0x1, 0xff, 0xd6, 0x77, 0x0, 0x7e, 0x1b,
    0x40, 0xf, 0xfe, 0xb7, 0x90, 0x7, 0xe2, 0x67,
    0x0, 0xff, 0x89, 0x40, 0x3f, 0xfa, 0xb0, 0x1,
    0xff, 0x50, 0x7, 0xff, 0x55, 0x88, 0x3, 0xfd,
    0xe2, 0x1, 0xff, 0xc0, 0xf0, 0xf, 0xfe, 0xa2,
    0x80, 0x7f, 0xf0, 0x5, 0x40, 0x3f, 0xfa, 0x98,
    0x1, 0xff, 0xa, 0x80, 0x7f, 0xf0, 0x1c, 0x3,
    0xff, 0xa9, 0xe0, 0x1f, 0xfc, 0x1f, 0x0, 0xff,
    0xea, 0x38, 0x7, 0xfd, 0xa2, 0x40, 0x1f, 0xf1,
    0x0, 0x7f, 0xf5, 0x10, 0x3, 0xff, 0x82, 0x80,
    0x1f, 0xfd, 0x42, 0x0, 0xff, 0x90, 0x1c, 0x3,
    0xff, 0x80, 0x60, 0x1f, 0xfd, 0x22, 0x10, 0xf,
    0xfe, 0x8, 0x90, 0x7, 0xff, 0x48, 0xc0, 0x3f,
    0xe1, 0x10, 0x68, 0x7, 0xff, 0x1, 0x40, 0x3f,
    0xfa, 0x48, 0x1, 0xff, 0xc3, 0x40, 0xf, 0xfe,
    0x92, 0x80, 0x7f, 0xca, 0x0, 0x40, 0xf, 0xfe,
    0x7, 0x80, 0x7f, 0xf4, 0xb0, 0x3, 0xff, 0x87,
    0x80, 0x1f, 0xfd, 0x2f, 0x0, 0xff, 0xb0, 0x0,
    0x60, 0x1f, 0xfc, 0x5, 0x0, 0xff, 0xe9, 0x20,
    0x7, 0xff, 0xd, 0x0, 0x3f, 0xfa, 0x4a, 0x1,
    0xff, 0x18, 0x4, 0x60, 0x1f, 0xf1, 0x80, 0x7f,
    0xf4, 0x48, 0x40, 0x3f, 0xf8, 0x62, 0x40, 0x1f,
    0xfd, 0x13, 0x0, 0xff, 0x94, 0x2, 0x50, 0xf,
    0xfe, 0x1, 0x80, 0x7f, 0xf4, 0x10, 0x3, 0xff,
    0x8a, 0x80, 0x1f, 0xfd, 0x3, 0x0, 0xff, 0x88,
    0x40, 0x2f, 0x0, 0xff, 0xe0, 0x28, 0x7, 0xff,
    0x43, 0x0, 0x3f, 0xf8, 0xb8, 0x1, 0xff, 0xd0,
    0x50, 0xf, 0xf9, 0xc0, 0x32, 0x0, 0x7f, 0xf0,
    0x3c, 0x3, 0xff, 0xa0, 0x80, 0x1f, 0xfc, 0x54,
    0x0, 0xff, 0xe8, 0x78, 0x7, 0xfd, 0xa0, 0x18,
    0x80, 0x3f, 0xf8, 0xa, 0x1, 0xff, 0xcf, 0x21,
    0x0, 0xff, 0xe2, 0x89, 0x80, 0x7f, 0xf3, 0xd4,
    0x3, 0xfe, 0x40, 0xe, 0x40, 0xf, 0xf8, 0xc0,
    0x3f, 0xf9, 0xe8, 0x1, 0xff, 0xc7, 0x40, 0xf,
    0xfe, 0x79, 0x80, 0x7f, 0xc6, 0x1, 0xc6, 0x1,
    0xff, 0xc0, 0x20, 0xf, 0xfe, 0x76, 0x0, 0x7f,
    0xf1, 0xf0, 0x3, 0xff, 0x9c, 0x40, 0x1f, 0xf1,
    0x0, 0x7b, 0x40, 0x3f, 0xf8, 0xe, 0x1, 0xff,
    0xce, 0x40, 0xf, 0xe3, 0x0, 0xfe, 0x40, 0xf,
    0xfe, 0x73, 0x80, 0x7f, 0xc8, 0x1, 0xe4, 0x0,
    0xff, 0xe0, 0x68, 0x7, 0xff, 0x34, 0x84, 0x3,
    0xfa, 0x0, 0x3f, 0xc6, 0x1, 0xff, 0xcd, 0xd0,
    0xf, 0xfb, 0xc0, 0x3c, 0x22, 0x0, 0xff, 0x8c,
    0x3, 0xff, 0x9a, 0x80, 0x1f, 0xc2, 0x82, 0x1,
    0xfc, 0x80, 0x1f, 0xfc, 0xd3, 0x0, 0xff, 0x94,
    0x3, 0xe5, 0x0, 0xff, 0x94, 0x3, 0xff, 0x9b,
    0x80, 0x1f, 0xc8, 0x8, 0x1, 0xfd, 0x80, 0x1f,
    0xfc, 0xd5, 0x0, 0xff, 0x8c, 0x3, 0xec, 0x0,
    0xff, 0x84, 0x40, 0x1f, 0xfc, 0xc4, 0x0, 0xfe,
    0xc0, 0xc0, 0xf, 0xe4, 0x0, 0xff, 0xe6, 0x10,
    0x80, 0x7f, 0x8c, 0x3, 0xf1, 0x80, 0x7f, 0xf0,
    0x10, 0x3, 0xff, 0x96, 0x42, 0x1, 0xfc, 0x80,
    0xa0, 0x1f, 0xe3, 0x0, 0xff, 0xe5, 0xb8, 0x7,
    0xfc, 0xa0, 0x1f, 0x94, 0x3, 0xff, 0x81, 0xa0,
    0x1f, 0xfc, 0xb4, 0x0, 0xfe, 0x12, 0x3, 0x0,
    0xff, 0x20, 0x7, 0xff, 0x2f, 0x40, 0x3f, 0xec,
    0x0, 0xfc, 0x24, 0x1, 0xff, 0x18, 0x7, 0xff,
    0x2f, 0x0, 0x3f, 0x90, 0x2, 0x40, 0xf, 0xec,
    0x0, 0xff, 0xe5, 0x98, 0x7, 0xfc, 0xe0, 0x1f,
    0xce, 0x1, 0xff, 0x28, 0x7, 0xff, 0x2d, 0x0,
    0x3f, 0xb0, 0x2, 0xc0, 0xf, 0xe4, 0x0, 0xff,
    0xe5, 0xa8, 0x7, 0xfc, 0x40, 0x1f, 0xd8, 0x1,
    0xff, 0x8, 0x80, 0x3f, 0xf9, 0x24, 0x20, 0x1f,
    0xc8, 0x1, 0x20, 0x7, 0xf8, 0xc0, 0x3f, 0xf9,
    0x22, 0x20, 0xf, 0xf2, 0x0, 0x7f, 0x94, 0x3,
    0xff, 0x80, 0xa0, 0x1f, 0xfc, 0x94, 0x0, 0xfe,
    0x12, 0x0, 0x8c, 0x3, 0xfc, 0x80, 0x1f, 0xfc,
    0x95, 0x0, 0xff, 0x8c, 0x3, 0xfc, 0x60, 0x1f,
    0xfc, 0x3, 0x0, 0xff, 0xe4, 0xe8, 0x7, 0xf2,
    0x0, 0x71, 0x80, 0x7f, 0x60, 0x7, 0xff, 0x24,
    0xc0, 0x3f, 0xed, 0x0, 0xff, 0x8c, 0x3, 0xfe,
    0xd0, 0xf, 0xfe, 0x4a, 0x80, 0x7f, 0x60, 0x7,
    0x20, 0x7, 0xf2, 0x0, 0x7f, 0xf2, 0x74, 0x3,
    0xfe, 0x40, 0xf, 0xf9, 0x40, 0x3f, 0xe7, 0x0,
    0xff, 0xe4, 0x18, 0x80, 0x7f, 0x20, 0x7, 0x60,
    0x7, 0xf9, 0x0, 0x3f, 0xf9, 0xe, 0x1, 0xfe,
    0x11, 0x0, 0x7f, 0xd8, 0x1, 0xff, 0x10, 0x7,
    0xff, 0x21, 0x0, 0x3f, 0x84, 0x80, 0x39, 0x0,
    0x3f, 0xd8, 0x1, 0xff, 0xc8, 0x20, 0xf, 0xf2,
    0x80, 0x7f, 0xf0, 0x1c, 0x3, 0xff, 0x80, 0x60,
    0x1f, 0xfc, 0x7c, 0x0, 0xfe, 0x40, 0xf, 0x8c,
    0x3, 0xf9, 0x0, 0x3f, 0xf8, 0xe6, 0x1, 0xff,
    0x60, 0x7, 0xff, 0x0, 0x80, 0x3f, 0xf8, 0x8,
    0x1, 0xff, 0xc7, 0x50, 0xf, 0xed, 0x0, 0xf9,
    0x0, 0x3f, 0x8c, 0x3, 0xff, 0x8e, 0x80, 0x1f,
    0xf1, 0x80, 0x7f, 0xf0, 0x50, 0x3, 0xfe, 0xd0,
    0xf, 0xfe, 0x31, 0x88, 0x7, 0xf2, 0x0, 0x7d,
    0xa0, 0x1f, 0xe4, 0x0, 0xff, 0xe3, 0x68, 0x7,
    0xfc, 0xa0, 0x1f, 0xfc, 0x13, 0x0, 0xff, 0x9c,
    0x3, 0xff, 0x8c, 0x80, 0x1f, 0xe3, 0x0, 0xf9,
    0x0, 0x3f, 0xd8, 0x1, 0xff, 0xc6, 0x70, 0xf,
    0xf1, 0x8, 0x7, 0xff, 0x7, 0x40, 0x3f, 0xe2,
    0x0, 0xff, 0xe3, 0x60, 0x7, 0xf2, 0x0, 0x7e,
    0x12, 0x0, 0xfe, 0x40, 0xf, 0xfe, 0x31, 0x0,
    0x7f, 0x9c, 0x3, 0xff, 0x84, 0x80, 0x1f, 0xfc,
    0x3, 0x0, 0xff, 0xe2, 0xa0, 0x7, 0xf6, 0x0,
    0x7f, 0x20, 0x7, 0xf1, 0x80, 0x7f, 0xf1, 0x4c,
    0x3, 0xfe, 0xd0, 0xf, 0xfe, 0x10, 0x88, 0x3,
    0xfe, 0x50, 0xf, 0xfe, 0x21, 0x80, 0x7f, 0x90,
    0x3, 0xfb, 0x0, 0x3f, 0xc8, 0x1, 0xff, 0xc4,
    0x50, 0xf, 0xf9, 0x0, 0x3f, 0xf8, 0x68, 0x1,
    0xff, 0x78, 0x7, 0xff, 0x11, 0x0, 0x3f, 0xc6,
    0x1, 0xfc, 0x80, 0x1f, 0xec, 0x0, 0xff, 0xe2,
    0x78, 0x7, 0xfc, 0x60, 0x1f, 0xfc, 0x3d, 0x0,
    0xff, 0x94, 0x3, 0xff, 0x89, 0x80, 0x1f, 0xc8,
    0x1, 0xfe, 0x11, 0x0, 0x7f, 0x20, 0x7, 0xff,
    0x11, 0x40, 0x3f, 0xc4, 0x1, 0xff, 0xc4, 0x30,
    0xf, 0xf8, 0xc0, 0x3f, 0xf8, 0x88, 0x1, 0xfd,
    0x80, 0x1f, 0xf2, 0x0, 0x7f, 0x18, 0x80, 0x7f,
    0xf0, 0xcc, 0x3, 0xfc, 0x80, 0x1f, 0xfc, 0x44,
    0x0, 0xff, 0xe0, 0x10, 0x7, 0xff, 0x8, 0xc0,
    0x3f, 0xc8, 0x1, 0xff, 0x60, 0x7, 0xf9, 0x40,
    0x3f, 0xf8, 0x44, 0x1, 0xff, 0x78, 0x7, 0xff,
    0x14, 0x80, 0x3f, 0xe7, 0x0, 0xff, 0xe1, 0x20,
    0x7, 0xf8, 0xc0, 0x3f, 0xe4, 0x0, 0xff, 0x60,
    0x7, 0xff, 0x9, 0xc0, 0x3f, 0xe5, 0x0, 0xff,
    0xe2, 0xb8, 0x7, 0xfd, 0x80, 0x1f, 0xfc, 0x2c,
    0x0, 0xfe, 0x40, 0xf, 0xfe, 0x1, 0x8, 0x7,
    0xf2, 0x80, 0x7f, 0xf0, 0xb0, 0x3, 0xfe, 0x30,
    0xf, 0xfe, 0x2e, 0x0, 0x7f, 0xca, 0x1, 0xff,
    0xc2, 0x40, 0xf, 0xec, 0x0, 0xff, 0xe0, 0xa0,
    0x7, 0xf1, 0x8, 0x7, 0xff, 0x5, 0x40, 0x3f,
    0xc6, 0x1, 0xff, 0xc6, 0x50, 0xf, 0xf8, 0xc0,
    0x3f, 0xf8, 0x26, 0x1, 0xfe, 0x40, 0xf, 0xfe,
    0xe, 0x80, 0x7f, 0x90, 0x3, 0xff, 0x82, 0x60,
    0x1f, 0xe5, 0x0, 0xff, 0xe3, 0x18, 0x7, 0xff,
    0x0, 0x80, 0x3f, 0xf8, 0x8, 0x1, 0xfe, 0x30,
    0xf, 0xfe, 0xa, 0x0, 0x7f, 0xb0, 0x3, 0xff,
    0x80, 0x40, 0x1f, 0xf6, 0x0, 0x7f, 0xf1, 0xcc,
    0x3, 0xfe, 0x70, 0xf, 0xfe, 0x6, 0x0, 0x7f,
    0x20, 0x7, 0xff, 0x8, 0xc0, 0x3f, 0xc8, 0x1,
    0xff, 0xc0, 0x70, 0xf, 0xf9, 0xc0, 0x3f, 0xf8,
    0xea, 0x1, 0xff, 0x68, 0x7, 0xff, 0x1, 0x0,
    0x3f, 0xb0, 0x3, 0xff, 0x86, 0x80, 0x1f, 0xc4,
    0x20, 0x1f, 0xf6, 0x80, 0x7f, 0xc4, 0x1, 0xff,
    0xc7, 0xc0, 0xf, 0xf8, 0xc0, 0x3f, 0xe3, 0x0,
    0xff, 0x20, 0x7, 0xff, 0xf, 0x0, 0x3f, 0xc8,
    0x1, 0xff, 0x18, 0x7, 0xf9, 0x0, 0x3f, 0xf9,
    0xe, 0x1, 0xff, 0x28, 0x7, 0xfc, 0x80, 0x1f,
    0xe3, 0x0, 0xff, 0xe1, 0xa0, 0x7, 0xfb, 0x0,
    0x3f, 0xe5, 0x0, 0xff, 0x18, 0x7, 0xff, 0x20,
    0x84, 0x3, 0xfc, 0x22, 0x0, 0xff, 0x68, 0x7,
    0xf1, 0x80, 0x7f, 0xf1, 0xc, 0x3, 0xfc, 0x80,
    0x1f, 0xe1, 0x10, 0x7, 0xfb, 0x40, 0x3f, 0xf9,
    0x2a, 0x1, 0xff, 0x10, 0x7, 0xf9, 0x0, 0x3f,
    0x90, 0x3, 0xff, 0x8a, 0x60, 0x1f, 0xc4, 0x20,
    0x1f, 0xca, 0x1, 0xff, 0x20, 0x7, 0xff, 0x24,
    0xc0, 0x3f, 0xe5, 0x0, 0xfe, 0x11, 0x0, 0x7f,
    0x60, 0x7, 0xff, 0x15, 0x0, 0x3f, 0xca, 0x1,
    0xfc, 0x40, 0x1f, 0xe1, 0x10, 0x7, 0xff, 0x27,
    0x0, 0x3f, 0xef, 0x0, 0xfe, 0x40, 0xf, 0xf2,
    0x0, 0x7f, 0xf1, 0x70, 0x3, 0xfd, 0x80, 0x1f,
    0xde, 0x1, 0xfe, 0x50, 0xf, 0xfe, 0x52, 0x80,
    0x7f, 0xca, 0x1, 0xfd, 0xa0, 0x1f, 0xc6, 0x1,
    0xff, 0xc6, 0x40, 0xf, 0xf2, 0x0, 0x7f, 0x28,
    0x7, 0xfb, 0x0, 0x3f, 0xf9, 0x42, 0x20, 0xf,
    0xf1, 0x0, 0x7f, 0x20, 0x7, 0xf2, 0x0, 0x7f,
    0xf1, 0xcc, 0x3, 0xf8, 0xc0, 0x3f, 0x8c, 0x3,
    0xfc, 0x60, 0x1f, 0xfc, 0xb4, 0x0, 0xff, 0x8,
    0x80, 0x3f, 0x18, 0x7, 0xf6, 0x0, 0x7f, 0xf1,
    0xd4, 0x3, 0xfc, 0x80, 0x1f, 0x8, 0x7, 0xfc,
    0xa0, 0x1f, 0xfc, 0xbd, 0x0, 0xff, 0x94, 0x3,
    0xe3, 0x0, 0xff, 0x20, 0x7, 0xff, 0x1f, 0x0,
    0x3f, 0xc6, 0x1, 0xf2, 0x80, 0x7f, 0x88, 0x40,
    0x3f, 0xf9, 0x68, 0x1, 0xff, 0x18, 0x7, 0xc8,
    0x1, 0xfc, 0x60, 0x1f, 0xfc, 0x84, 0x0, 0xff,
    0x60, 0x7, 0xc6, 0x1, 0xfe, 0x70, 0xf, 0xfe,
    0x61, 0x80, 0x7f, 0xda, 0x1, 0xf6, 0x0, 0x7f,
    0x20, 0x7, 0xff, 0x20, 0x48, 0x3, 0xf9, 0x0,
    0x3e, 0xd0, 0xf, 0xf6, 0x80, 0x7f, 0xf3, 0x48,
    0x3, 0xfc, 0xc0, 0x1f, 0x28, 0x7, 0xf6, 0x0,
    0x7f, 0xf2, 0x50, 0x3, 0xfc, 0x60, 0x1e, 0x70,
    0xf, 0xf2, 0x0, 0x7f, 0xf3, 0x50, 0x3, 0xfc,
    0x60, 0x1e, 0x21, 0x0, 0xfe, 0x40, 0xf, 0xfe,
    0x4e, 0x0, 0x7f, 0x90, 0x3, 0xc4, 0x1, 0xfe,
    0x30, 0xf, 0xfe, 0x6f, 0x80, 0x7f, 0xc4, 0x1,
    0xc8, 0x1, 0xfc, 0x60, 0x1f, 0xfc, 0xa7, 0x0,
    0xff, 0x60, 0x7, 0x10, 0x7, 0xf8, 0x80, 0x3f,
    0xf9, 0xca, 0x1, 0xff, 0x38, 0x7, 0x78, 0x7,
    0xf2, 0x0, 0x7f, 0xf2, 0x88, 0x40, 0x3f, 0x94,
    0x3, 0x9c, 0x3, 0xfc, 0x80, 0x1f, 0xfc, 0xe3,
    0x0, 0xff, 0xb4, 0x3, 0x90, 0x3, 0xfb, 0x0,
    0x3f, 0xf9, 0x68, 0x1, 0xfc, 0x24, 0x1, 0xb4,
    0x3, 0xfd, 0xe0, 0x1f, 0xfc, 0xf3, 0x0, 0xff,
    0x10, 0x6, 0x12, 0x0, 0xfe, 0x50, 0xf, 0xfe,
    0x5e, 0x0, 0x7f, 0x90, 0x3, 0x18, 0x7, 0xf9,
    0x40, 0x3f, 0xf9, 0xe8, 0x1, 0xfe, 0x70, 0xc,
    0x80, 0x1f, 0xc6, 0x20, 0x1f, 0xfc, 0xb4, 0x0,
    0xff, 0x60, 0x6, 0x60, 0xf, 0xf1, 0x80, 0x7f,
    0xf3, 0xf4, 0x3, 0xfc, 0x40, 0x1b, 0x0, 0x3f,
    0x90, 0x3, 0xff, 0x98, 0x42, 0x1, 0xfc, 0x80,
    0x18, 0x80, 0x3f, 0x8c, 0x3, 0xff, 0xa0, 0xe0,
    0x1f, 0xf1, 0x80, 0x4a, 0x1, 0xfd, 0x80, 0x1f,
    0xfc, 0xd5, 0x0, 0xfe, 0x12, 0x0, 0x18, 0x7,
    0xf9, 0x40, 0x3f, 0xfa, 0x4, 0x20, 0x1f, 0xe5,
    0x0, 0x9, 0x80, 0x7f, 0x28, 0x7, 0xff, 0x37,
    0x0, 0x3f, 0xce, 0x0, 0x50, 0xf, 0xf6, 0x0,
    0x7f, 0xf4, 0x54, 0x3, 0xfd, 0xe0, 0x5, 0x0,
    0xfe, 0x21, 0x0, 0xff, 0xe6, 0xa0, 0x7, 0xfb,
    0x0, 0x1c, 0x1, 0xfe, 0x70, 0xf, 0xfe, 0x89,
    0x80, 0x7f, 0x94, 0x1, 0x80, 0x1f, 0xc8, 0x1,
    0xff, 0xce, 0x30, 0xf, 0xf2, 0x0, 0xc, 0x3,
    0xfc, 0x40, 0x1f, 0xfd, 0x1c, 0x0, 0xff, 0x18,
    0x1, 0x0, 0x3f, 0xb0, 0x3, 0xff, 0x9e, 0x80,
    0x1f, 0xc4, 0x20, 0xa0, 0x1f, 0xc8, 0x1, 0xff,
    0xd2, 0x50, 0xf, 0xf8, 0x84, 0xc0, 0x3f, 0x90,
    0x3, 0xff, 0x9f, 0x80, 0x1f, 0xe4, 0x11, 0x0,
    0x7f, 0x18, 0x7, 0xff, 0x48, 0x48, 0x3, 0xfc,
    0xea, 0x1, 0xfc, 0x42, 0x1, 0xff, 0xcf, 0x40,
    0xf, 0xf6, 0x28, 0x7, 0xfb, 0x40, 0x3f, 0xfa,
    0x6e, 0x1, 0xfe, 0xdd, 0x0, 0x7f, 0x20, 0x7,
    0xff, 0x40, 0xc0, 0x3f, 0xca, 0x40, 0x1f, 0xe4,
    0x0, 0xff, 0xe9, 0xe8, 0x7, 0xf8, 0x90, 0x3,
    0xfb, 0x0, 0x3f, 0xfa, 0x26, 0x1, 0xfc, 0x78,
    0x1, 0xfc, 0x22, 0x0, 0xff, 0xe9, 0xa0, 0x7,
    0xf9, 0x8, 0x3, 0xf9, 0x0, 0x3f, 0xfa, 0x28,
    0x1, 0xfe, 0x50, 0xf, 0xe5, 0x0, 0xff, 0xea,
    0x18, 0x7, 0xf8, 0x40, 0x3f, 0x88, 0x40, 0x3f,
    0xfa, 0x38, 0x1, 0xff, 0xc8, 0xc0, 0xf, 0xfe,
    0xa9, 0x80, 0x7f, 0xf1, 0xd0, 0x3, 0xff, 0xa4,
    0x80, 0x1f, 0xfc, 0x83, 0x0, 0xff, 0xea, 0xa8,
    0x7, 0xff, 0x1f, 0x0, 0x3f, 0xfa, 0x66, 0x1,
    0xff, 0xc7, 0x50, 0xf, 0xfe, 0xaf, 0x80, 0x7f,
    0xf1, 0xd0, 0x3, 0xff, 0xa6, 0xa0, 0x1f, 0xfc,
    0x62, 0x10, 0xf, 0xfe, 0xaa, 0x0, 0x7f, 0xf1,
    0x88, 0x40, 0x3f, 0xfa, 0x78, 0x1, 0xff, 0xc6,
    0x70, 0xf, 0xfe, 0xb1, 0x0, 0x7f, 0xf1, 0x90,
    0x3, 0xff, 0xa8, 0x80, 0x1f, 0xfc, 0x6d, 0x0,
    0xff, 0xeb, 0x98, 0x7, 0xff, 0x17, 0x0, 0x3f,
    0xfa, 0x82, 0x40, 0x1f, 0xfc, 0x54, 0x0, 0xff,
    0xeb, 0xa0, 0x7, 0xff, 0x15, 0x0, 0x3f, 0xfa,
    0xa8, 0x1, 0xff, 0xc5, 0x30, 0xf, 0xfe, 0xbe,
    0x80, 0x7f, 0xf1, 0x8, 0x40, 0x3f, 0xfa, 0xb8,
    0x1, 0xff, 0xc4, 0x20, 0xf, 0xfe, 0xc2, 0x0,
    0x7f, 0xf1, 0x10, 0x3, 0xff, 0xac, 0x80, 0x1f,
    0xfc, 0x44, 0x0, 0xff, 0xec, 0xa, 0x0, 0x7f,
    0xf0, 0xe8, 0x3, 0xff, 0xac, 0x28, 0x1, 0xff,
    0xc3, 0xd0, 0xf, 0xfe, 0xcc, 0x0, 0x7f, 0xf0,
    0x94, 0xc0, 0x3f, 0xfa, 0xf2, 0x1, 0xff, 0xc2,
    0x34, 0x0, 0xff, 0xec, 0x9d, 0x0, 0x7f, 0xf0,
    0x12, 0x80, 0x3f, 0xfb, 0x5, 0x60, 0x1f, 0xfc,
    0x2, 0xd0, 0xf, 0xfe, 0xda, 0xeb, 0x10, 0x7,
    0x85, 0x2a, 0xc0, 0x3f, 0xfb, 0x49, 0xce, 0x40,
    0x1e, 0x13, 0x8d, 0x10, 0xf, 0xfe, 0x38,

    /* U+0058 "X" */
    0x0, 0x92, 0x73, 0xba, 0xca, 0x72, 0x0, 0xff,
    0xef, 0x1c, 0x5e, 0xf7, 0x36, 0xdc, 0x3, 0x9e,
    0xd8, 0xc4, 0x63, 0x58, 0xdb, 0x20, 0xf, 0xfe,
    0xd1, 0x66, 0x1d, 0x8, 0x44, 0x49, 0x1a, 0x1,
    0xa8, 0x3, 0xfc, 0x98, 0x60, 0x1f, 0xfd, 0x84,
    0xd3, 0x0, 0xfe, 0x23, 0x0, 0x9c, 0x3, 0xfe,
    0x1d, 0x10, 0xf, 0xfe, 0xb0, 0xd0, 0x7, 0xff,
    0x0, 0x80, 0x29, 0x0, 0xff, 0xe0, 0xc, 0x0,
    0x7f, 0xf5, 0xa0, 0x40, 0x3f, 0xe6, 0x10, 0x8,
    0xd4, 0x3, 0xff, 0x80, 0xc4, 0x1, 0xff, 0xd4,
    0x26, 0x0, 0xff, 0xe0, 0x40, 0x7, 0x58, 0x7,
    0xff, 0x6, 0x0, 0x3f, 0xfa, 0x90, 0x1, 0xff,
    0xc0, 0x81, 0x0, 0xe1, 0x70, 0xf, 0xfe, 0x2,
    0x98, 0x7, 0xff, 0x48, 0x94, 0x3, 0xfe, 0x17,
    0x0, 0xfa, 0x4, 0x3, 0xff, 0x81, 0x0, 0x1f,
    0xfd, 0x28, 0x0, 0xff, 0xe0, 0x58, 0x7, 0xf4,
    0x0, 0x7f, 0xf0, 0x11, 0x0, 0x1f, 0xfd, 0x3,
    0x50, 0xf, 0xf8, 0xd4, 0x3, 0xf9, 0x88, 0x3,
    0xff, 0x81, 0x0, 0x1f, 0xfd, 0x8, 0x0, 0xff,
    0xe0, 0x78, 0x7, 0xfd, 0x20, 0x1f, 0xfc, 0x3,
    0x50, 0xf, 0xfe, 0x71, 0xa0, 0x7, 0xfc, 0x86,
    0x1, 0xff, 0x22, 0x0, 0x3f, 0xf8, 0x10, 0x1,
    0xff, 0xce, 0x80, 0xf, 0xfe, 0x4, 0x80, 0x7f,
    0xf0, 0x64, 0x3, 0xff, 0x80, 0x4c, 0x1, 0xff,
    0xcc, 0x44, 0x0, 0x7f, 0xcc, 0x40, 0x1f, 0xfc,
    0x12, 0x60, 0xf, 0xfe, 0x4, 0x0, 0x7f, 0xf3,
    0x20, 0x3, 0xff, 0x81, 0x0, 0x1f, 0xfc, 0x38,
    0x10, 0xf, 0xf8, 0x5c, 0x3, 0xff, 0x94, 0x86,
    0x1, 0xff, 0x40, 0x80, 0x7f, 0xf0, 0xc6, 0x40,
    0x3f, 0xf8, 0x10, 0x20, 0x1f, 0xfc, 0x99, 0x0,
    0xff, 0x85, 0xc0, 0x3f, 0xf8, 0xae, 0x40, 0x1f,
    0xfc, 0x9, 0x0, 0xff, 0xe4, 0x29, 0x0, 0x7f,
    0xd6, 0x1, 0xff, 0xc7, 0x90, 0xf, 0xfe, 0x3,
    0x88, 0x7, 0xff, 0x1e, 0x0, 0x3f, 0xe3, 0x50,
    0xf, 0xfe, 0x3a, 0x20, 0x3, 0xff, 0x81, 0x0,
    0x1f, 0xfc, 0x66, 0x20, 0xf, 0xfb, 0xc0, 0x3f,
    0xf9, 0x32, 0x1, 0xff, 0xc0, 0x62, 0x0, 0xff,
    0xe2, 0xc0, 0x7, 0xfc, 0xa6, 0x1, 0xff, 0xc9,
    0x26, 0x0, 0xff, 0xe0, 0x40, 0x7, 0xff, 0x11,
    0x84, 0x3, 0xfe, 0x80, 0xf, 0xfe, 0x5c, 0x0,
    0x7f, 0xf0, 0x14, 0xc0, 0x3f, 0xf8, 0x70, 0x1,
    0xff, 0x31, 0x0, 0x7f, 0xf2, 0xc6, 0x0, 0x3f,
    0xf8, 0x1e, 0x1, 0xff, 0xc2, 0x71, 0x0, 0xff,
    0xc, 0x0, 0x7f, 0xf3, 0x5c, 0x40, 0x3f, 0xe3,
    0x40, 0xf, 0xfe, 0xc, 0x80, 0x7f, 0xd2, 0x20,
    0x1f, 0xfc, 0xeb, 0x0, 0xff, 0xe0, 0x48, 0x7,
    0xff, 0x2, 0x4, 0x3, 0xfc, 0x4e, 0x1, 0xff,
    0xcf, 0x53, 0x0, 0xff, 0x89, 0x40, 0x3f, 0xc2,
    0xe0, 0x1f, 0xf4, 0x0, 0x7f, 0xf4, 0x7c, 0x3,
    0xff, 0x81, 0x0, 0x1f, 0xe9, 0x0, 0xff, 0x8d,
    0x40, 0x3f, 0xfa, 0x26, 0xa0, 0x1f, 0xf1, 0x30,
    0x7, 0xe1, 0x70, 0xf, 0xfb, 0xc0, 0x3f, 0xfa,
    0x76, 0x1, 0xff, 0xc0, 0x80, 0xf, 0xd0, 0x1,
    0xff, 0x29, 0x80, 0x7f, 0xf4, 0xc5, 0xc0, 0x3f,
    0xe1, 0x70, 0xf, 0x13, 0x0, 0x7f, 0xd0, 0x1,
    0xff, 0xd5, 0x81, 0x0, 0xff, 0xa0, 0x40, 0x3a,
    0xc0, 0x3f, 0xe7, 0x20, 0xf, 0xfe, 0xb4, 0x0,
    0x7f, 0xf0, 0x20, 0x3, 0x13, 0x0, 0x7f, 0x86,
    0x40, 0x3f, 0xfa, 0xec, 0x40, 0x1f, 0xf3, 0x10,
    0x5, 0x0, 0x1f, 0xf4, 0x88, 0x7, 0xff, 0x62,
    0x40, 0x3f, 0xf8, 0x10, 0x0, 0x35, 0x0, 0xff,
    0x13, 0x80, 0x7f, 0xf6, 0x51, 0x0, 0x1f, 0xf2,
    0x90, 0x40, 0x7, 0xfd, 0x0, 0x1f, 0xfd, 0xb9,
    0x0, 0xff, 0xe0, 0x49, 0xa0, 0x7, 0xf8, 0xd4,
    0x3, 0xff, 0xb6, 0x4c, 0x1, 0xff, 0x27, 0x0,
    0x7f, 0xde, 0x1, 0xff, 0xdd, 0x81, 0x0, 0xff,
    0x88, 0x3, 0xfc, 0xa6, 0x1, 0xff, 0xdd, 0x19,
    0x0, 0xff, 0xe5, 0x40, 0x7, 0xff, 0x7d, 0xc8,
    0x3, 0xff, 0x90, 0xe4, 0x1, 0xff, 0xe0, 0x80,
    0xf, 0xfe, 0x38, 0xc8, 0x7, 0xff, 0x85, 0x50,
    0x3, 0xff, 0x8d, 0x2, 0x1, 0xff, 0xe2, 0x80,
    0xf, 0xfe, 0x29, 0x30, 0x7, 0xff, 0x8c, 0xd8,
    0x3, 0xff, 0x89, 0x0, 0x1f, 0xfe, 0x58, 0x0,
    0xff, 0xe1, 0x9a, 0x80, 0x7f, 0xf9, 0x84, 0x3,
    0xff, 0x85, 0x0, 0x1f, 0xfe, 0x68, 0x10, 0xf,
    0xfe, 0x16, 0x80, 0x7f, 0xf9, 0x49, 0x80, 0x3f,
    0xf8, 0x6c, 0x60, 0x1f, 0xfe, 0x49, 0x0, 0xff,
    0xe2, 0xf8, 0x7, 0xff, 0x8d, 0x10, 0x1, 0xff,
    0xc5, 0x35, 0x0, 0xff, 0xf1, 0x48, 0x7, 0xff,
    0x1e, 0x0, 0x3f, 0xfc, 0x2c, 0x40, 0x1f, 0xfc,
    0x72, 0x70, 0xf, 0xff, 0x4, 0x0, 0x7f, 0xf2,
    0x60, 0x40, 0x3f, 0xfb, 0xd0, 0x20, 0x1f, 0xfc,
    0xa8, 0x0, 0xff, 0xee, 0x93, 0x80, 0x7f, 0x8a,
    0x40, 0x3f, 0xe6, 0x30, 0xf, 0xfe, 0xe4, 0x0,
    0x7f, 0xd0, 0xc4, 0x1, 0xff, 0x78, 0x7, 0xff,
    0x6c, 0xd4, 0x3, 0xfc, 0x6a, 0x12, 0x1, 0xff,
    0x1a, 0x80, 0x7f, 0xf6, 0xbc, 0x3, 0xfe, 0x80,
    0x2, 0x20, 0x3, 0xfe, 0xb0, 0xf, 0xfe, 0xca,
    0x98, 0x7, 0xf9, 0x10, 0x1, 0x40, 0x7, 0xfc,
    0x2e, 0x1, 0xff, 0xd8, 0xb0, 0xf, 0xfa, 0x0,
    0x31, 0xa8, 0x7, 0xfd, 0x2, 0x1, 0xff, 0xd6,
    0x81, 0x0, 0xff, 0x29, 0x80, 0x74, 0x0, 0x7f,
    0xf0, 0x2c, 0x3, 0xff, 0xaa, 0x2e, 0x1, 0xff,
    0x40, 0x7, 0x89, 0x80, 0x3f, 0xe5, 0x30, 0xf,
    0xfe, 0xa5, 0x80, 0x7f, 0xcc, 0x40, 0x1f, 0x40,
    0x7, 0xff, 0x3, 0xc0, 0x3f, 0xfa, 0x66, 0xa0,
    0x1f, 0xf4, 0x0, 0x7e, 0x18, 0x0, 0xff, 0x8d,
    0x40, 0x3f, 0xfa, 0x5e, 0x1, 0xff, 0x38, 0x80,
    0x7f, 0x38, 0x80, 0x7f, 0xd6, 0x1, 0xff, 0xd1,
    0x53, 0x0, 0xff, 0xc, 0x0, 0x7f, 0xd0, 0x1,
    0xff, 0xc, 0x0, 0x7f, 0xf4, 0x20, 0x3, 0xfe,
    0x90, 0xf, 0xfe, 0x3, 0x10, 0x7, 0xfc, 0xe2,
    0x1, 0xff, 0xce, 0x72, 0x0, 0xff, 0xb, 0x80,
    0x7f, 0xf0, 0x60, 0x3, 0xff, 0x81, 0x60, 0x1f,
    0xfc, 0xd1, 0x80, 0xf, 0xfa, 0x0, 0x3f, 0xf8,
    0x4a, 0x60, 0x1f, 0xf2, 0x98, 0x7, 0xff, 0x32,
    0x0, 0x3f, 0xe2, 0x60, 0xf, 0xfe, 0x1f, 0x80,
    0x7f, 0xf0, 0x3c, 0x3, 0xff, 0x96, 0x4c, 0x1,
    0xff, 0x48, 0x7, 0xff, 0x10, 0xd0, 0x3, 0xfe,
    0x36, 0x0, 0xff, 0xe5, 0x48, 0x7, 0xfc, 0x68,
    0x1, 0xff, 0xc5, 0x90, 0xf, 0xfe, 0x4, 0x0,
    0x7f, 0xf2, 0x51, 0x0, 0x1f, 0xf7, 0x80, 0x7f,
    0xf1, 0x89, 0x80, 0x3f, 0xe1, 0x80, 0xf, 0xfe,
    0x44, 0x80, 0x7f, 0xc8, 0x60, 0x1f, 0xfc, 0x78,
    0x0, 0xff, 0xe0, 0x39, 0x0, 0x7f, 0xf1, 0x98,
    0x80, 0x3f, 0xe9, 0x0, 0xff, 0xe4, 0xb, 0x80,
    0x7f, 0xf0, 0x20, 0x3, 0xff, 0x8a, 0x30, 0x1,
    0xff, 0x29, 0x0, 0x7f, 0xf2, 0x60, 0x40, 0x3f,
    0xe5, 0x30, 0xf, 0xfe, 0x24, 0x88, 0x7, 0xfd,
    0x0, 0x1f, 0xfc, 0xb9, 0x0, 0xff, 0xe0, 0x78,
    0x7, 0xff, 0xc, 0x9c, 0x3, 0xfe, 0x62, 0x0,
    0xff, 0xe5, 0xb8, 0x80, 0x7f, 0xc6, 0xc0, 0x1f,
    0xfc, 0x29, 0x0, 0xff, 0xe0, 0x40, 0x7, 0xff,
    0x36, 0xc0, 0x3f, 0xf8, 0x10, 0x1, 0xff, 0xc1,
    0x44, 0x0, 0x7f, 0xd0, 0x20, 0x1f, 0xfc, 0xd5,
    0x30, 0xf, 0xf8, 0x60, 0x3, 0xff, 0x81, 0x0,
    0x1f, 0xf0, 0xb8, 0x7, 0xff, 0x3e, 0x0, 0x3f,
    0xf8, 0xe, 0x40, 0x1f, 0xe6, 0x30, 0xf, 0xfa,
    0x0, 0x3f, 0xfa, 0x8, 0x80, 0xf, 0xfe, 0x4,
    0x80, 0x7f, 0xa0, 0x3, 0xfe, 0x26, 0x0, 0xff,
    0xe8, 0xc0, 0x7, 0xff, 0x1, 0x10, 0x1, 0xfa,
    0x4, 0x3, 0xfe, 0x80, 0xf, 0xfe, 0x91, 0xa8,
    0x7, 0xff, 0x2, 0x40, 0x3e, 0x17, 0x0, 0xff,
    0x8d, 0x40, 0x3f, 0xfa, 0x70, 0x1, 0xff, 0xc0,
    0x26, 0x0, 0xf5, 0x80, 0x7f, 0xf0, 0x20, 0x3,
    0xff, 0xa8, 0x4c, 0x1, 0xff, 0xc0, 0x81, 0x0,
    0xc6, 0xa0, 0x1f, 0xf2, 0x20, 0x3, 0xff, 0xab,
    0x0, 0x1f, 0xfc, 0x1, 0x90, 0xd, 0xe0, 0x1f,
    0xfc, 0x8, 0x0, 0xff, 0xeb, 0xc, 0x0, 0x7f,
    0xf0, 0x1c, 0x80, 0xa, 0x60, 0x1f, 0xf2, 0x98,
    0x7, 0xff, 0x5d, 0xc4, 0x3, 0xff, 0x81, 0x20,
    0xb, 0x0, 0xff, 0xe0, 0x40, 0x7, 0xff, 0x66,
    0x0, 0x3f, 0xf8, 0x8, 0x86, 0x10, 0xf, 0xf9,
    0x88, 0x3, 0xff, 0xb2, 0xc6, 0x1, 0xff, 0xc0,
    0x8f, 0x0, 0xff, 0x8e, 0x40, 0x3f, 0xfb, 0x7c,
    0x20, 0x1f, 0xf1, 0xe0, 0x7, 0xf9, 0xb0, 0x3,
    0xff, 0xb8, 0x5e, 0xa0, 0x1f, 0xe5, 0x55, 0x20,
    0x80, 0x44, 0x91, 0xd2, 0x1, 0xff, 0xde, 0x1a,
    0xd8, 0x42, 0x0, 0x85, 0x26, 0x80,

    /* U+0059 "Y" */
    0x0, 0x3e, 0x77, 0xfb, 0xb6, 0x94, 0x3, 0xff,
    0xc4, 0xb3, 0x9d, 0xfe, 0xec, 0x70, 0xb, 0x20,
    0xc4, 0x0, 0x24, 0xb5, 0xca, 0x1, 0xff, 0xde,
    0x3d, 0xa6, 0x31, 0x0, 0x9, 0xc6, 0x0, 0x98,
    0x7, 0xf0, 0xd4, 0x0, 0x7f, 0xf7, 0x13, 0x8,
    0x3, 0xf8, 0xc4, 0x40, 0x1f, 0xfc, 0x7, 0x40,
    0xf, 0xfe, 0xdd, 0x0, 0x7f, 0xc2, 0x20, 0x50,
    0xf, 0xfe, 0x4, 0x0, 0x7f, 0xf6, 0x9c, 0x40,
    0x3f, 0xe6, 0x0, 0x40, 0x7, 0xff, 0x0, 0xcc,
    0x1, 0xff, 0xd9, 0x90, 0xf, 0xfe, 0x4, 0x80,
    0x9, 0x40, 0x3f, 0xf8, 0x12, 0x1, 0xff, 0xd8,
    0x61, 0x0, 0xff, 0x9c, 0x40, 0x28, 0x0, 0xff,
    0xe0, 0x29, 0x0, 0x7f, 0xf5, 0xec, 0x3, 0xff,
    0x81, 0x20, 0x18, 0x94, 0x3, 0xff, 0x81, 0x60,
    0x1f, 0xfd, 0x65, 0x20, 0xf, 0xf9, 0xc4, 0x3,
    0xa4, 0x3, 0xff, 0x80, 0xc2, 0x1, 0xff, 0xd5,
    0x80, 0xf, 0xfe, 0x4, 0x80, 0x78, 0xd0, 0x3,
    0xff, 0x80, 0xc0, 0x1f, 0xfd, 0x44, 0x20, 0xf,
    0xf9, 0x84, 0x3, 0xe8, 0x0, 0xff, 0xe0, 0x48,
    0x7, 0xff, 0x52, 0x0, 0x3f, 0xf8, 0x10, 0x1,
    0xf8, 0xd0, 0x3, 0xfe, 0x16, 0x0, 0xff, 0xe9,
    0x19, 0x80, 0x3f, 0xe6, 0x10, 0xf, 0xe8, 0x0,
    0xff, 0xe0, 0x58, 0x7, 0xff, 0x4a, 0x0, 0x3f,
    0xf8, 0x10, 0x1, 0xfe, 0x34, 0x0, 0xff, 0x89,
    0x0, 0x3f, 0xfa, 0x4, 0x80, 0x1f, 0xf3, 0x8,
    0x7, 0xfd, 0xe0, 0x1f, 0xfc, 0xf, 0x0, 0xff,
    0xe8, 0x40, 0x7, 0xff, 0x2, 0xc0, 0x3f, 0xf8,
    0x8, 0x60, 0x1f, 0xf2, 0x10, 0x7, 0xff, 0x38,
    0x54, 0x3, 0xfe, 0x52, 0x0, 0xff, 0xe0, 0xc0,
    0x7, 0xff, 0x2, 0xc0, 0x3f, 0xf9, 0xd0, 0x1,
    0xff, 0xc0, 0x80, 0xf, 0xfe, 0x12, 0x18, 0x7,
    0xfc, 0xc2, 0x1, 0xff, 0xcc, 0x16, 0x0, 0xff,
    0x94, 0x80, 0x3f, 0xf8, 0x70, 0x1, 0xff, 0xc0,
    0x90, 0xf, 0xfe, 0x64, 0x80, 0x7f, 0xf0, 0x20,
    0x3, 0xff, 0x88, 0x86, 0x1, 0xff, 0x30, 0x7,
    0xff, 0x31, 0x80, 0x3f, 0xe5, 0x20, 0xf, 0xfe,
    0x2c, 0x80, 0x7f, 0xc2, 0xc0, 0x1f, 0xfc, 0xa6,
    0x10, 0xf, 0xfa, 0x0, 0x3f, 0xf8, 0xca, 0x40,
    0x1f, 0xf5, 0x80, 0x7f, 0xf2, 0xa0, 0x3, 0xfe,
    0x42, 0x0, 0xff, 0xe3, 0xc0, 0x7, 0xfc, 0x4a,
    0x1, 0xff, 0xc8, 0x51, 0x0, 0xff, 0xa0, 0x3,
    0xff, 0x90, 0xa4, 0x1, 0xff, 0x48, 0x7, 0xff,
    0x22, 0x0, 0x3f, 0xe4, 0x30, 0xf, 0xfe, 0x4c,
    0x0, 0x7f, 0xc6, 0x60, 0xf, 0xfe, 0x32, 0x10,
    0x7, 0xfd, 0x0, 0x1f, 0xfc, 0xa5, 0x20, 0xf,
    0xfa, 0x40, 0x3f, 0xf8, 0xd0, 0x1, 0xff, 0x21,
    0x80, 0x7f, 0xf2, 0xec, 0x3, 0xfe, 0x51, 0x0,
    0xff, 0xe2, 0x19, 0x80, 0x3f, 0xe8, 0x0, 0xff,
    0xe6, 0x31, 0x0, 0x7f, 0xd2, 0x1, 0xff, 0xc4,
    0x80, 0xf, 0xf8, 0xcc, 0x1, 0xff, 0xcd, 0xb0,
    0xf, 0xf9, 0xc0, 0x3f, 0xf8, 0x64, 0x80, 0x1f,
    0xf4, 0x0, 0x7f, 0xf3, 0x98, 0x40, 0x3f, 0xe7,
    0x0, 0xff, 0xe1, 0x40, 0x7, 0xfc, 0x68, 0x1,
    0xff, 0xcf, 0x80, 0xf, 0xfa, 0x40, 0x3f, 0xf8,
    0x24, 0xa0, 0x1f, 0xf4, 0x0, 0x7f, 0xf4, 0x18,
    0x40, 0x3f, 0xc2, 0xa0, 0x1f, 0xfc, 0xb, 0x0,
    0xff, 0x8d, 0x0, 0x3f, 0xfa, 0x32, 0x1, 0xff,
    0x48, 0x7, 0xfc, 0x2c, 0x1, 0xff, 0x40, 0x7,
    0xff, 0x49, 0xc4, 0x3, 0xfc, 0x66, 0x0, 0xff,
    0x48, 0x7, 0xfc, 0x48, 0x1, 0xff, 0xd3, 0x90,
    0xf, 0xfa, 0x0, 0x3f, 0xcc, 0x1, 0xff, 0x40,
    0x7, 0xff, 0x51, 0xc4, 0x3, 0xfc, 0x84, 0x1,
    0xf9, 0xc4, 0x3, 0xfc, 0x4a, 0x1, 0xff, 0xd5,
    0x90, 0xf, 0xfa, 0xc0, 0x3f, 0x48, 0x7, 0xfd,
    0x0, 0x1f, 0xfd, 0x67, 0x0, 0xff, 0x98, 0x40,
    0x3c, 0xc2, 0x1, 0xfe, 0x25, 0x0, 0xff, 0xeb,
    0xb8, 0x7, 0xfc, 0xc0, 0x1e, 0xb0, 0xf, 0xfa,
    0xc0, 0x3f, 0xfb, 0x12, 0x1, 0xff, 0x48, 0x7,
    0x29, 0x0, 0x7f, 0x89, 0x80, 0x3f, 0xfb, 0x2,
    0xe0, 0x1f, 0xe1, 0x60, 0xd, 0x20, 0x1f, 0xf5,
    0x80, 0x7f, 0xf6, 0xa4, 0x3, 0xfe, 0xb0, 0x9,
    0xc, 0x3, 0xfc, 0x2c, 0x1, 0xff, 0xda, 0x17,
    0x0, 0xff, 0x12, 0x0, 0x3c, 0x3, 0xfe, 0x80,
    0xf, 0xfe, 0xe4, 0x80, 0x7f, 0xde, 0x6, 0x80,
    0x1f, 0xe1, 0x60, 0xf, 0xfe, 0xe0, 0xb0, 0x7,
    0xf9, 0xe, 0x40, 0x3f, 0xe9, 0x0, 0xff, 0xef,
    0x40, 0x7, 0xfd, 0xea, 0x1, 0xfe, 0x17, 0x0,
    0xff, 0xef, 0xb, 0x0, 0x7f, 0x8c, 0x3, 0xfe,
    0x90, 0xf, 0xff, 0x4, 0x0, 0x7f, 0xf2, 0x45,
    0xc0, 0x3f, 0xfc, 0x2, 0xc0, 0x1f, 0xfc, 0x89,
    0x0, 0xff, 0xf1, 0x58, 0x7, 0xff, 0x1c, 0x5c,
    0x3, 0xff, 0xc4, 0x4a, 0x1, 0xff, 0xc6, 0x60,
    0xf, 0xff, 0x24, 0x0, 0x7f, 0xf1, 0xa4, 0x3,
    0xff, 0xc8, 0x4a, 0x1, 0xff, 0xc4, 0x71, 0x0,
    0xff, 0xf2, 0xc0, 0x7, 0xff, 0x12, 0x40, 0x3f,
    0xfc, 0xc4, 0xa0, 0x1f, 0xfc, 0x27, 0x10, 0xf,
    0xff, 0x3c, 0x80, 0x7f, 0xf0, 0xa4, 0x3, 0xff,
    0xd0, 0x68, 0x1, 0xff, 0xc0, 0x61, 0x0, 0xff,
    0xf4, 0xe8, 0x7, 0xff, 0x3, 0x40, 0x3f, 0xff,
    0xe0, 0x1f, 0xff, 0xf0, 0xf, 0xff, 0xf8, 0x7,
    0xff, 0xfc, 0x3, 0xff, 0xfe, 0x1, 0xff, 0xff,
    0x0, 0xff, 0xff, 0x80, 0x7f, 0xff, 0xc0, 0x3f,
    0xff, 0xe0, 0x1f, 0xff, 0xf0, 0xf, 0xff, 0xf8,
    0x7, 0xff, 0xfc, 0x3, 0xff, 0xfe, 0x1, 0xff,
    0xff, 0x0, 0xff, 0xff, 0x80, 0x7f, 0xff, 0xc0,
    0x3f, 0xff, 0xe0, 0x1f, 0xff, 0xf0, 0xf, 0xff,
    0xf8, 0x7, 0xff, 0xfc, 0x3, 0xff, 0xfe, 0x1,
    0xff, 0xff, 0x0, 0xff, 0xff, 0x80, 0x7f, 0xff,
    0xc0, 0x3f, 0xff, 0xe0, 0x1f, 0xff, 0xf0, 0xf,
    0xff, 0xf8, 0x7, 0xff, 0xfc, 0x3, 0xff, 0xe4,
    0x60, 0x1f, 0xfc, 0x7, 0x0, 0xff, 0xf5, 0x30,
    0x7, 0xff, 0x0, 0x80, 0x3f, 0xfd, 0x46, 0x20,
    0x1f, 0xe3, 0x10, 0xf, 0xff, 0x5e, 0x88, 0x7,
    0xe1, 0xe0, 0xf, 0xff, 0x61, 0xfc, 0x18, 0x80,
    0x5, 0x23, 0x88, 0x3, 0xff, 0xa0,

    /* U+005A "Z" */
    0x0, 0xf1, 0xd6, 0xf7, 0x7f, 0xfa, 0x32, 0x44,
    0x3, 0xe5, 0xc5, 0x21, 0x1f, 0xff, 0x41, 0xb7,
    0x90, 0x7, 0xac, 0x3, 0xff, 0xda, 0x36, 0x1,
    0xc8, 0x20, 0x1f, 0xfe, 0xe4, 0x0, 0xe3, 0x0,
    0xff, 0xff, 0x80, 0x7f, 0xf9, 0x84, 0x3, 0xff,
    0xea, 0xa0, 0x1c, 0x60, 0x1f, 0xfe, 0xff, 0x0,
    0xe4, 0x0, 0xff, 0xf7, 0xb8, 0x7, 0xa4, 0x3,
    0xff, 0xda, 0xa2, 0x1, 0xe6, 0xb3, 0x0, 0xff,
    0xf5, 0xc0, 0x7, 0xe4, 0xcf, 0xff, 0xfe, 0xe3,
    0x80, 0x7f, 0xf0, 0x58, 0x80, 0x3f, 0xfc, 0xc6,
    0x1, 0xff, 0xc0, 0x19, 0x0, 0xff, 0xf3, 0x2a,
    0x0, 0x7f, 0xf0, 0x28, 0x3, 0xff, 0xcc, 0x36,
    0x1, 0xff, 0xc0, 0x54, 0x0, 0xff, 0xf3, 0x58,
    0x80, 0x7f, 0xc3, 0x60, 0x1f, 0xfe, 0x64, 0x50,
    0xf, 0xfe, 0x5, 0x88, 0x7, 0xff, 0x9a, 0x80,
    0x3f, 0xf8, 0x8, 0xa0, 0x1f, 0xfe, 0x69, 0x10,
    0xf, 0xfe, 0x5, 0x0, 0x7f, 0xf9, 0x8d, 0x80,
    0x3f, 0xf8, 0x12, 0x20, 0x1f, 0xfe, 0x6e, 0x0,
    0xff, 0xe0, 0x1b, 0x0, 0x7f, 0xf9, 0xa0, 0x80,
    0x3f, 0xf8, 0x1c, 0x1, 0xff, 0xe6, 0x27, 0x0,
    0xff, 0xe0, 0x41, 0x0, 0x7f, 0xf9, 0xb8, 0x3,
    0xff, 0x80, 0x4e, 0x1, 0xff, 0xe6, 0x73, 0x0,
    0xff, 0xe0, 0x70, 0x7, 0xff, 0x98, 0xa0, 0x3,
    0xff, 0x80, 0xe6, 0x1, 0xff, 0xe6, 0x90, 0xf,
    0xfe, 0x1, 0x40, 0x7, 0xff, 0x99, 0x90, 0x3,
    0xff, 0x81, 0x20, 0x1f, 0xfe, 0x61, 0x80, 0xf,
    0xfe, 0x3, 0x20, 0x7, 0xff, 0x9a, 0xc4, 0x3,
    0xfe, 0x18, 0x0, 0xff, 0xf3, 0x2a, 0x80, 0x3f,
    0xf8, 0x16, 0x20, 0x1f, 0xfe, 0x51, 0xb0, 0xf,
    0xfe, 0x2, 0xa8, 0x3, 0xff, 0xcd, 0x2, 0x1,
    0xff, 0xd, 0x80, 0x7f, 0xf9, 0x91, 0x80, 0x3f,
    0xf8, 0x10, 0x20, 0x1f, 0xfe, 0x69, 0x0, 0xff,
    0xe0, 0x23, 0x0, 0x7f, 0xf9, 0xa0, 0x80, 0x3f,
    0xf8, 0x12, 0x1, 0xff, 0xe6, 0x37, 0x0, 0xff,
    0xe0, 0x41, 0x0, 0x7f, 0xf9, 0xb8, 0x3, 0xff,
    0x80, 0x6e, 0x1, 0xff, 0xe6, 0x72, 0x0, 0xff,
    0xe0, 0x70, 0x7, 0xff, 0x98, 0xa0, 0x3, 0xff,
    0x80, 0xe4, 0x1, 0xff, 0xe6, 0xe0, 0xf, 0xfe,
    0x1, 0x40, 0x7, 0xff, 0x99, 0x8c, 0x3, 0xff,
    0x81, 0xc0, 0x1f, 0xfe, 0x61, 0x90, 0xf, 0xfe,
    0x3, 0x18, 0x7, 0xff, 0x9a, 0x80, 0x3f, 0xf8,
    0x3, 0x20, 0x1f, 0xfe, 0x65, 0x40, 0xf, 0xfe,
    0x5, 0x0, 0x7f, 0xf9, 0x86, 0xc0, 0x3f, 0xf8,
    0xa, 0x80, 0x1f, 0xfe, 0x6b, 0x10, 0xf, 0xf8,
    0x6c, 0x3, 0xff, 0xcc, 0x8a, 0x1, 0xff, 0xc0,
    0xb1, 0x0, 0xff, 0xf3, 0x50, 0x7, 0xff, 0x1,
    0x14, 0x3, 0xff, 0xcd, 0x22, 0x1, 0xff, 0xc0,
    0xa0, 0xf, 0xff, 0x31, 0xb0, 0x7, 0xff, 0x2,
    0x44, 0x3, 0xff, 0xcd, 0xc0, 0x1f, 0xfc, 0x4,
    0x60, 0xf, 0xff, 0x34, 0x10, 0x7, 0xff, 0x2,
    0x40, 0x3f, 0xfc, 0xc4, 0xe0, 0x1f, 0xfc, 0x8,
    0x20, 0xf, 0xff, 0x37, 0x0, 0x7f, 0xf0, 0xd,
    0xc0, 0x3f, 0xfc, 0xce, 0x60, 0x1f, 0xfc, 0xf,
    0x0, 0xff, 0xf3, 0x14, 0x0, 0x7f, 0xf0, 0x1c,
    0xc0, 0x3f, 0xfc, 0xd2, 0x1, 0xff, 0xc0, 0x28,
    0x0, 0xff, 0xf3, 0x32, 0x0, 0x7f, 0xf0, 0x38,
    0x3, 0xff, 0xcc, 0x30, 0x1, 0xff, 0xc0, 0x63,
    0x0, 0xff, 0xf3, 0x58, 0x80, 0x7f, 0xc3, 0x20,
    0x1f, 0xfe, 0x65, 0x50, 0x7, 0xff, 0x2, 0x80,
    0x3f, 0xfc, 0xc3, 0x60, 0x1f, 0xfc, 0x5, 0x40,
    0xf, 0xff, 0x34, 0x8, 0x7, 0xfc, 0x36, 0x1,
    0xff, 0xe6, 0x46, 0x0, 0xff, 0xe0, 0x58, 0x80,
    0x7f, 0xf9, 0xa4, 0x3, 0xff, 0x80, 0x8a, 0x1,
    0xff, 0xe6, 0x82, 0x0, 0xff, 0xe0, 0x50, 0x7,
    0xff, 0x98, 0xdc, 0x3, 0xff, 0x81, 0x22, 0x1,
    0xff, 0xe6, 0xe0, 0xf, 0xfe, 0x1, 0xb0, 0x7,
    0xff, 0x99, 0xc8, 0x3, 0xff, 0x81, 0xc0, 0x1f,
    0xfe, 0x62, 0x80, 0xf, 0xfe, 0x4, 0x10, 0x7,
    0xff, 0x9b, 0x80, 0x3f, 0xf8, 0x4, 0xe0, 0x1f,
    0xfe, 0x66, 0x30, 0xf, 0xfe, 0x7, 0x0, 0x7f,
    0xf9, 0x86, 0x40, 0x3f, 0xf8, 0xe, 0x60, 0x1f,
    0xfe, 0x6a, 0x0, 0xff, 0xe0, 0x14, 0x0, 0x7f,
    0xf9, 0x95, 0x0, 0x3f, 0xf8, 0x12, 0x1, 0xff,
    0xe6, 0x1b, 0x0, 0xff, 0xe0, 0x32, 0x0, 0x7f,
    0xf9, 0xac, 0x40, 0x3f, 0xe1, 0x90, 0xf, 0xff,
    0x32, 0x28, 0x7, 0xff, 0x2, 0xc0, 0x3f, 0xfc,
    0xf4, 0x1, 0xff, 0xc0, 0x55, 0x0, 0x7f, 0xf9,
    0xa4, 0x40, 0x3f, 0xe1, 0xb0, 0xf, 0xff, 0x31,
    0xb0, 0x7, 0xff, 0x2, 0x4, 0x3, 0xff, 0xcd,
    0xc0, 0x1f, 0xfc, 0x4, 0x60, 0xf, 0xff, 0x34,
    0x10, 0x7, 0xff, 0x3, 0x80, 0x3f, 0xfc, 0xc4,
    0xe0, 0x1f, 0xfc, 0x1a, 0xee, 0xff, 0xf0, 0x6c,
    0x90, 0x5, 0x0, 0x1f, 0xfc, 0x31, 0x1f, 0xff,
    0x1, 0x36, 0x98, 0xa, 0x80, 0x7f, 0xfc, 0xb8,
    0x18, 0x3, 0xff, 0xe6, 0x44, 0xd0, 0xf, 0xff,
    0xa3, 0xb8, 0x3, 0xff, 0xea, 0x40, 0x1f, 0xff,
    0xf0, 0xf, 0xff, 0x5b, 0x98, 0x7, 0xff, 0xcc,
    0x4a, 0x0, 0x3f, 0xfe, 0x74, 0x9, 0x68, 0x20,
    0x1f, 0xfe, 0xe4, 0xc4, 0x0,

    /* U+005B "[" */
    0x0, 0x1d, 0x77, 0xff, 0xff, 0x1b, 0x5c, 0x2,
    0x6c, 0x51, 0x0, 0xff, 0xe3, 0x14, 0x48, 0x14,
    0x80, 0x7f, 0xf2, 0xd8, 0x6c, 0x3, 0xff, 0x9a,
    0x4a, 0x1, 0xff, 0xcd, 0x11, 0x0, 0x7f, 0xf3,
    0xc, 0x8c, 0x3, 0xff, 0x96, 0x7a, 0x1, 0xff,
    0x35, 0xdf, 0xfd, 0x9d, 0x82, 0x1, 0xfe, 0x39,
    0x44, 0xff, 0x8c, 0x40, 0x3f, 0xf8, 0xc, 0x1,
    0xff, 0xff, 0x0, 0xff, 0xff, 0x80, 0x7f, 0xff,
    0xc0, 0x3f, 0xff, 0xe0, 0x1f, 0xff, 0xf0, 0xf,
    0xff, 0xf8, 0x7, 0xff, 0xfc, 0x3, 0xff, 0xfe,
    0x1, 0xff, 0xff, 0x0, 0xff, 0xff, 0x80, 0x7f,
    0xff, 0xc0, 0x3f, 0xff, 0xe0, 0x1f, 0xff, 0xf0,
    0xf, 0xff, 0xf8, 0x7, 0xff, 0xfc, 0x3, 0xff,
    0xfe, 0x1, 0xff, 0xff, 0x0, 0xff, 0xff, 0x80,
    0x7f, 0xff, 0xc0, 0x3f, 0xff, 0xe0, 0x1f, 0xff,
    0xf0, 0xf, 0xff, 0xf8, 0x7, 0xff, 0xfc, 0x3,
    0xff, 0xfe, 0x1, 0xff, 0xff, 0x0, 0xff, 0xff,
    0x80, 0x7f, 0xff, 0xc0, 0x3f, 0xff, 0xe0, 0x1f,
    0xff, 0xf0, 0xf, 0xff, 0xf8, 0x7, 0xff, 0xfc,
    0x3, 0xff, 0xfe, 0x1, 0xff, 0xff, 0x0, 0xff,
    0xff, 0x80, 0x7f, 0xff, 0xc0, 0x3f, 0xff, 0xe0,
    0x1f, 0xff, 0xf0, 0xf, 0xff, 0xf8, 0x7, 0xff,
    0x69, 0x9b, 0xff, 0x82, 0xa6, 0x1, 0xff, 0xc0,
    0x39, 0x9f, 0xfe, 0x5, 0x67, 0x18, 0x18, 0x7,
    0xff, 0x2c, 0x74, 0x4, 0x3, 0xff, 0x98, 0x28,
    0xa0, 0x1f, 0xfc, 0xd1, 0xb0, 0xf, 0xfe, 0x6b,
    0x94, 0x0, 0x7f, 0xf2, 0xd4, 0x81, 0xf1, 0x44,
    0x3, 0xff, 0x8c, 0x51, 0x40,

    /* U+005C "\\" */
    0x4, 0xcf, 0xf7, 0x51, 0x0, 0x7f, 0xf6, 0xca,
    0xcc, 0x0, 0x2b, 0xaa, 0x1, 0xff, 0xda, 0x50,
    0xf, 0xa8, 0x80, 0x3f, 0xfb, 0x22, 0x1, 0xfa,
    0xc0, 0x3f, 0xfb, 0x2a, 0x1, 0xf9, 0xc0, 0x3f,
    0xfb, 0x26, 0x20, 0x1f, 0xa, 0x0, 0x7f, 0xf6,
    0x50, 0x3, 0xf6, 0x0, 0x7f, 0xf6, 0x7c, 0x3,
    0xf2, 0x80, 0x7f, 0xf6, 0x54, 0x3, 0xf1, 0x10,
    0x3, 0xff, 0xb2, 0x80, 0x1f, 0x94, 0x3, 0xff,
    0xb3, 0xa0, 0x1f, 0xac, 0x3, 0xff, 0xb2, 0xe0,
    0x1f, 0x8c, 0x40, 0x3f, 0xfb, 0x2, 0x60, 0x1f,
    0x9c, 0x3, 0xff, 0xb3, 0x60, 0x1f, 0xb4, 0x3,
    0xff, 0xb2, 0xa0, 0x1f, 0x90, 0x3, 0xff, 0xb2,
    0x44, 0x0, 0xfc, 0xa0, 0x1f, 0xfd, 0x95, 0x0,
    0xfd, 0xe0, 0x1f, 0xfd, 0x9c, 0x0, 0xfc, 0x80,
    0x1f, 0xfd, 0x94, 0x10, 0xf, 0x85, 0x0, 0x3f,
    0xfb, 0x28, 0x1, 0xfb, 0x40, 0x3f, 0xfb, 0x3e,
    0x1, 0xf9, 0x0, 0x3f, 0xfb, 0x2a, 0x1, 0xf8,
    0x88, 0x1, 0xff, 0xd9, 0x40, 0xf, 0xca, 0x1,
    0xff, 0xd9, 0xd0, 0xf, 0xd6, 0x1, 0xff, 0xd9,
    0x70, 0xf, 0xc6, 0x20, 0x1f, 0xfd, 0x81, 0x30,
    0xf, 0xce, 0x1, 0xff, 0xd9, 0xb0, 0xf, 0xda,
    0x1, 0xff, 0xd9, 0x50, 0xf, 0xc8, 0x1, 0xff,
    0xd9, 0x22, 0x0, 0x7e, 0x50, 0xf, 0xfe, 0xca,
    0x80, 0x7e, 0xf0, 0xf, 0xfe, 0xcd, 0x80, 0x7e,
    0x40, 0xf, 0xfe, 0xc9, 0x88, 0x7, 0xc2, 0x80,
    0x1f, 0xfd, 0x94, 0x0, 0xfd, 0xa0, 0x1f, 0xfd,
    0x9f, 0x0, 0xfc, 0xe0, 0x1f, 0xfd, 0x95, 0x0,
    0xfc, 0x24, 0x1, 0xff, 0xd9, 0x40, 0xf, 0xca,
    0x1, 0xff, 0xd9, 0xd0, 0xf, 0xd6, 0x1, 0xff,
    0xd9, 0x70, 0xf, 0xc6, 0x20, 0x1f, 0xfd, 0x81,
    0x30, 0xf, 0xce, 0x1, 0xff, 0xd9, 0xb0, 0xf,
    0xda, 0x1, 0xff, 0xd9, 0x50, 0xf, 0xc8, 0x1,
    0xff, 0xd9, 0x22, 0x0, 0x7e, 0x50, 0xf, 0xfe,
    0xca, 0x80, 0x7e, 0xf0, 0xf, 0xfe, 0xcd, 0x80,
    0x7e, 0x50, 0xf, 0xfe, 0xc9, 0x88, 0x7, 0xe4,
    0x0, 0xff, 0xec, 0xa0, 0x7, 0xed, 0x0, 0xff,
    0xec, 0xf8, 0x7, 0xe7, 0x0, 0xff, 0xec, 0xa8,
    0x7, 0xe1, 0x30, 0xf, 0xfe, 0xca, 0x0, 0x7e,
    0xb0, 0xf, 0xfe, 0xce, 0x80, 0x7e, 0x40, 0xf,
    0xfe, 0xcb, 0x80, 0x7e, 0x31, 0x0, 0xff, 0xec,
    0x9, 0x80, 0x7e, 0x70, 0xf, 0xfe, 0xcd, 0x80,
    0x7e, 0xd0, 0xf, 0xfe, 0xca, 0x80, 0x7e, 0x40,
    0xf, 0xfe, 0xc9, 0x10, 0x3, 0xf2, 0x80, 0x7f,
    0xf6, 0x54, 0x3, 0xf7, 0x80, 0x7f, 0xf6, 0x6c,
    0x3, 0xf2, 0x80, 0x7f, 0xf6, 0x4c, 0x40, 0x3f,
    0x20, 0x7, 0xff, 0x65, 0xc0, 0x3f, 0x68, 0x7,
    0xff, 0x67, 0x0, 0x3f, 0x38, 0x7, 0xff, 0x65,
    0x40, 0x3f, 0x9, 0x80, 0x7f, 0xf6, 0x50, 0x3,
    0xf5, 0x80, 0x7f, 0xf6, 0x74, 0x3, 0xf2, 0x80,
    0x7f, 0xf6, 0x5c, 0x3, 0xf1, 0x8, 0x7, 0xff,
    0x60, 0x4c, 0x3, 0xf3, 0x80, 0x7f, 0xf6, 0x6c,
    0x3, 0xf6, 0x80, 0x7f, 0xf6, 0x54, 0x3, 0xf2,
    0x8, 0x7, 0xff, 0x60, 0x88, 0x1, 0xf9, 0x0,
    0x3f, 0xfb, 0x2a, 0x1, 0xfb, 0xc0, 0x3f, 0xfb,
    0x36, 0x1, 0xf9, 0x40, 0x3f, 0xfb, 0x26, 0x20,
    0x1f, 0x90, 0x3, 0xff, 0xb2, 0xe0, 0x1f, 0xb4,
    0x3, 0xff, 0xb3, 0xa0, 0x1f, 0x9c, 0x3, 0xff,
    0xb2, 0x80, 0x1f, 0x84, 0xc0, 0x3f, 0xfb, 0x28,
    0x1, 0xfa, 0xc0, 0x3f, 0xfb, 0x3a, 0x1, 0xf9,
    0x40, 0x3f, 0xfb, 0x2e, 0x1, 0xf8, 0x88, 0x1,
    0xff, 0xd8, 0x13, 0x0, 0xfc, 0x80, 0x1f, 0xfd,
    0x9b, 0x0, 0xfd, 0xa0, 0x1f, 0xfd, 0x95, 0x0,
    0xfc, 0x82, 0x1, 0xff, 0xd8, 0x22, 0x0, 0x7e,
    0x40, 0xf, 0xfe, 0xca, 0x80, 0x7e, 0xf0, 0xf,
    0xfe, 0xcd, 0x80, 0x7e, 0x50, 0xf, 0xfe, 0xc9,
    0x88, 0x7, 0xe4, 0x0, 0xff, 0xec, 0xb8, 0x7,
    0xed, 0x0, 0xff, 0xec, 0xe8, 0x7, 0xe7, 0x0,
    0xff, 0xec, 0xa0, 0x7, 0xe1, 0x30, 0xf, 0xfe,
    0xca, 0x0, 0x7e, 0xb0, 0xf, 0xfe, 0xce, 0x80,
    0x7e, 0x50, 0xf, 0xfe, 0xcb, 0x80, 0x7e, 0x22,
    0x0, 0x7f, 0xf6, 0x4, 0xc0, 0x3f, 0x28, 0x7,
    0xff, 0x66, 0xc0, 0x3f, 0x60, 0x7, 0xff, 0x65,
    0x40, 0x3f, 0x20, 0x80, 0x7f, 0xf6, 0x8, 0x80,
    0x1f, 0x90, 0x3, 0xff, 0xb2, 0xa0, 0x1f, 0xbc,
    0x3, 0xff, 0xb3, 0x60, 0x1f, 0x94, 0x3, 0xff,
    0xb2, 0x62, 0x1, 0xf9, 0x0, 0x3f, 0xfb, 0x2e,
    0x1, 0xfb, 0x40, 0x3f, 0xfb, 0x3a, 0x1, 0xf9,
    0xc0, 0x3f, 0xfb, 0x28, 0x1, 0xf8, 0x4c, 0x3,
    0xff, 0xb2, 0xa0, 0x1f, 0xac, 0x3, 0xff, 0xb3,
    0xe0, 0x1f, 0x94, 0x3, 0xff, 0xb2, 0x80, 0x1f,
    0x88, 0x80, 0x1f, 0xfd, 0x81, 0x30, 0xf, 0xca,
    0x1, 0xff, 0xd9, 0xb0, 0xf, 0xd6, 0x1, 0xff,
    0xd9, 0x50, 0xf, 0xc6, 0x20, 0x1f, 0xfd, 0x82,
    0x20, 0x7, 0xe4, 0x0, 0xff, 0xec, 0xa8, 0x7,
    0xef, 0x0, 0xff, 0xec, 0xd8, 0x7, 0xe5, 0x0,
    0xff, 0xec, 0x98, 0x80, 0x7e, 0x40, 0xf, 0xfe,
    0xcb, 0x80, 0x7e, 0xd0, 0xf, 0xfe, 0xce, 0x80,
    0x7e, 0x70, 0xf, 0xfe, 0xca, 0x0, 0x7e, 0x13,
    0x0, 0xff, 0xec, 0xa8, 0x7, 0xeb, 0x0, 0xff,
    0xec, 0xf8, 0x7, 0xe5, 0x0, 0xff, 0xec, 0xa0,
    0x7, 0xe2, 0x20, 0x7, 0xff, 0x60, 0x4c, 0x3,
    0xf2, 0x80, 0x7f, 0xf6, 0x6c, 0x3, 0xf5, 0x80,
    0x7f, 0xf6, 0x54, 0x3, 0xf1, 0x88, 0x7, 0xff,
    0x60, 0x88, 0x1, 0xf9, 0x0, 0x3f, 0xfb, 0x2a,
    0x1, 0xfb, 0xc0, 0x3f, 0xfb, 0x36, 0x1, 0xf9,
    0x0, 0x3f, 0xfb, 0x26, 0x60, 0xf, 0x84, 0x40,
    0x1f, 0xfd, 0x9e, 0x0, 0xfc, 0x20, 0x1f, 0xfd,
    0x92, 0xc2, 0x0, 0xe9, 0x0, 0xff, 0xed, 0x9e,
    0xdc, 0x42, 0x75, 0x80,

    /* U+005D "]" */
    0x3, 0xbe, 0xff, 0xff, 0xe2, 0xf6, 0x30, 0x4,
    0x98, 0x82, 0x1, 0xff, 0xc5, 0x13, 0x9c, 0x0,
    0x40, 0x7, 0xff, 0x2c, 0xe0, 0xc, 0x3, 0xff,
    0x98, 0xc0, 0x20, 0x1f, 0xfc, 0xc1, 0x27, 0x0,
    0xff, 0xe6, 0x8c, 0xb0, 0x7, 0xff, 0x31, 0xc2,
    0x7f, 0x2e, 0xff, 0xe8, 0x0, 0xff, 0xe1, 0x1a,
    0x27, 0xfc, 0xee, 0x0, 0xff, 0xe7, 0x70, 0x7,
    0xff, 0xfc, 0x3, 0xff, 0xfe, 0x1, 0xff, 0xff,
    0x0, 0xff, 0xff, 0x80, 0x7f, 0xff, 0xc0, 0x3f,
    0xff, 0xe0, 0x1f, 0xff, 0xf0, 0xf, 0xff, 0xf8,
    0x7, 0xff, 0xfc, 0x3, 0xff, 0xfe, 0x1, 0xff,
    0xff, 0x0, 0xff, 0xff, 0x80, 0x7f, 0xff, 0xc0,
    0x3f, 0xff, 0xe0, 0x1f, 0xff, 0xf0, 0xf, 0xff,
    0xf8, 0x7, 0xff, 0xfc, 0x3, 0xff, 0xfe, 0x1,
    0xff, 0xff, 0x0, 0xff, 0xff, 0x80, 0x7f, 0xff,
    0xc0, 0x3f, 0xff, 0xe0, 0x1f, 0xff, 0xf0, 0xf,
    0xff, 0xf8, 0x7, 0xff, 0xfc, 0x3, 0xff, 0xfe,
    0x1, 0xff, 0xff, 0x0, 0xff, 0xff, 0x80, 0x7f,
    0xff, 0xc0, 0x3f, 0xff, 0xe0, 0x1f, 0xff, 0xf0,
    0xf, 0xff, 0xf8, 0x7, 0xff, 0xfc, 0x3, 0xff,
    0xfe, 0x1, 0xff, 0xff, 0x0, 0xff, 0xff, 0x80,
    0x7f, 0xff, 0xc0, 0x3f, 0xff, 0xe0, 0x1f, 0xfc,
    0xc1, 0x46, 0x6f, 0xfe, 0x7, 0x80, 0x7f, 0xd5,
    0xd7, 0x33, 0xff, 0xc0, 0x60, 0xf, 0xf4, 0x28,
    0x7, 0xff, 0x31, 0xd8, 0x3, 0xff, 0x9a, 0x22,
    0x0, 0xff, 0xe6, 0x9, 0x18, 0x7, 0xff, 0x31,
    0x82, 0x0, 0x3f, 0xf9, 0x67, 0x0, 0x96, 0x82,
    0x1, 0xff, 0xc5, 0x13, 0x9c, 0x0, 0x0,

    /* U+005E "^" */
    0x0, 0xff, 0xe5, 0x1c, 0xef, 0xfb, 0xb1, 0xc4,
    0x3, 0xff, 0xbf, 0x38, 0xc4, 0x0, 0x13, 0x8e,
    0x70, 0xf, 0xfe, 0xec, 0x30, 0x7, 0xf4, 0x38,
    0x7, 0xff, 0x6c, 0xdc, 0x3, 0xfe, 0x83, 0x0,
    0xff, 0xed, 0x40, 0x7, 0xff, 0x6, 0x40, 0x3f,
    0xfb, 0x22, 0x80, 0x1f, 0xfc, 0x15, 0x10, 0xf,
    0xfe, 0xc3, 0x0, 0x7f, 0xf0, 0xd8, 0x3, 0xff,
    0xb1, 0x40, 0x1f, 0xfc, 0x3a, 0x0, 0xff, 0xeb,
    0xa1, 0x0, 0x7f, 0xf0, 0xc9, 0x0, 0x3f, 0xfa,
    0xdc, 0x1, 0xff, 0xc5, 0xe0, 0xf, 0xfe, 0xa8,
    0xa8, 0x7, 0xff, 0x15, 0x44, 0x3, 0xff, 0xa8,
    0xc0, 0x1f, 0xfc, 0x76, 0x0, 0xff, 0xea, 0x50,
    0x7, 0xf0, 0x80, 0x7f, 0x50, 0x7, 0xff, 0x4c,
    0xc8, 0x3, 0xf1, 0xd8, 0x7, 0xf1, 0x18, 0x7,
    0xff, 0x4a, 0x40, 0x3f, 0xa5, 0x40, 0x3f, 0xd2,
    0x1, 0xff, 0xd1, 0x15, 0x0, 0xfe, 0x50, 0x60,
    0xf, 0xe5, 0x10, 0xf, 0xfe, 0x83, 0x80, 0x7f,
    0x28, 0x2, 0x80, 0x3f, 0xce, 0x1, 0xff, 0xd0,
    0xb0, 0xf, 0xee, 0x0, 0x19, 0x80, 0x3f, 0xac,
    0x3, 0xff, 0x9e, 0x64, 0x1, 0xf8, 0x50, 0x2,
    0xa0, 0xf, 0xe2, 0x30, 0xf, 0xfe, 0x75, 0x0,
    0x7f, 0x30, 0x6, 0x70, 0xf, 0xf5, 0x0, 0x7f,
    0xf3, 0x98, 0x3, 0xfa, 0x80, 0x30, 0xa8, 0x7,
    0xf3, 0x0, 0x7f, 0xf3, 0x58, 0x3, 0xf8, 0xc8,
    0x3, 0xb8, 0x3, 0xfc, 0xc0, 0x1f, 0xfc, 0xca,
    0x0, 0xfe, 0xa0, 0xf, 0x21, 0x0, 0x7f, 0x50,
    0x7, 0xff, 0x2c, 0x8c, 0x3, 0xf9, 0xc0, 0x3e,
    0xa0, 0xf, 0xe3, 0x20, 0xf, 0xfe, 0x55, 0x80,
    0x7f, 0x20, 0x80, 0x7c, 0xc0, 0x1f, 0xeb, 0x0,
    0xff, 0xe5, 0x38, 0x7, 0xf7, 0x0, 0x7e, 0x14,
    0x0, 0xfe, 0x70, 0xf, 0xfe, 0x4a, 0x88, 0x7,
    0xe1, 0x50, 0xf, 0xee, 0x0, 0xfe, 0x15, 0x0,
    0xff, 0xe4, 0x48, 0x7, 0xf3, 0x80, 0x7f, 0x94,
    0x40, 0x3f, 0xa4, 0x3, 0xff, 0x8e, 0x46, 0x1,
    0xfd, 0x40, 0x1f, 0xf3, 0x0, 0x7f, 0x19, 0x0,
    0x7f, 0xf1, 0xa8, 0x3, 0xf8, 0x8c, 0x3, 0xfe,
    0xa0, 0xf, 0xf5, 0x0, 0x7f, 0xf1, 0x98, 0x3,
    0xfa, 0x80, 0x3f, 0xf8, 0x4, 0x60, 0x1f, 0xcc,
    0x1, 0xff, 0xc5, 0x51, 0x0, 0xfe, 0x60, 0xf,
    0xfe, 0xc, 0x80, 0x7f, 0xa, 0x80, 0x7f, 0xf1,
    0x38, 0x3, 0xf9, 0x4, 0x3, 0xff, 0x82, 0xa0,
    0x1f, 0xee, 0x0, 0xff, 0xe1, 0x92, 0x0, 0x7f,
    0x68, 0x7, 0xff, 0xd, 0x80, 0x3f, 0x90, 0x40,
    0x3f, 0xf8, 0x54, 0x1, 0xfe, 0x60, 0xf, 0xfe,
    0x1d, 0x0, 0x7f, 0xa4, 0x3, 0xff, 0x84, 0xc0,
    0x1f, 0xca, 0x1, 0xff, 0xc4, 0x32, 0x0, 0xfe,
    0x60, 0xf, 0xfe, 0xa, 0x8, 0x7, 0xf7, 0x0,
    0x7f, 0xf1, 0x6c, 0x3, 0xf8, 0x50, 0x3, 0xff,
    0x81, 0xe0, 0x1f, 0xc2, 0x80, 0x1f, 0xfc, 0x57,
    0x0, 0xff, 0x78, 0x7, 0xfc, 0x28, 0x1, 0xfc,
    0xc0, 0x1f, 0xfc, 0x61, 0x50, 0xf, 0xe4, 0x10,
    0xf, 0xf3, 0x0, 0x7f, 0xa8, 0x3, 0xff, 0x8f,
    0xc0, 0x1f, 0xe6, 0x0, 0xff, 0x50, 0x7, 0xf1,
    0x90, 0x7, 0xff, 0x1d, 0x8, 0x3, 0xfa, 0x80,
    0x3f, 0x90, 0x80, 0x3f, 0xa8, 0x3, 0xff, 0x93,
    0x40, 0x1f, 0xc4, 0x80, 0x1f, 0xb8, 0x3, 0xfc,
    0xe0, 0x1f, 0xfc, 0x96, 0x0, 0xff, 0x70, 0x7,
    0xc2, 0xa0, 0x1f, 0xc8, 0x20, 0x1f, 0xfc, 0x91,
    0x40, 0xf, 0xe5, 0x10, 0xf, 0x30, 0x7, 0xfb,
    0x80, 0x3f, 0xf9, 0x7c, 0x1, 0xfe, 0x60, 0xf,
    0x50, 0x7, 0xf0, 0xa8, 0x7, 0xff, 0x2d, 0x44,
    0x3, 0xfa, 0x80, 0x38, 0xc8, 0x3, 0xf9, 0xc0,
    0x3f, 0xf9, 0xac, 0x1, 0xfc, 0x46, 0x1, 0xa4,
    0x3, 0xfd, 0x40, 0x1f, 0xfc, 0xda, 0x0, 0xff,
    0x50, 0x6, 0x50, 0xf, 0xe2, 0x30, 0xf, 0xfe,
    0x69, 0x18, 0x7, 0xf3, 0x0, 0x4c, 0x1, 0xfe,
    0xa0, 0xf, 0xfe, 0x7d, 0x0, 0x7f, 0x98, 0x1,
    0x40, 0x1f, 0xe5, 0x0, 0xff, 0xe7, 0xb0, 0x7,
    0xfa, 0x80, 0xcc, 0x1, 0xfc, 0x64, 0x1, 0xff,
    0xd0, 0x60, 0xf, 0xe3, 0x35, 0x80, 0x7f, 0xa4,
    0x3, 0xff, 0xa3, 0x60, 0x1f, 0xe4, 0x10, 0xf,
    0xe4, 0x50, 0xf, 0xfe, 0x89, 0x38, 0x7, 0xf7,
    0x68, 0x7, 0xe4, 0xb0, 0xf, 0xfe, 0x9c, 0x30,
    0x7, 0xec, 0x4b, 0x41, 0x0, 0x12, 0xdd, 0x80,
    0x3f, 0xfa, 0xb3, 0x8c, 0x40, 0x11, 0xd2, 0x80,

    /* U+005F "_" */
    0x0, 0xb, 0x3c, 0x47, 0xff, 0xc1, 0xcc, 0x3,
    0x3f, 0x4c, 0x3b, 0xff, 0xfc, 0x23, 0x30, 0x0,
    0x38, 0x0, 0xff, 0xfa, 0x9c, 0x85, 0x0, 0x7f,
    0xfd, 0xd8, 0x8, 0x3, 0xff, 0xf0, 0x22, 0x0,
    0xff, 0xfc, 0xe8, 0x7, 0xff, 0xdc, 0x85, 0xc8,
    0x3, 0xff, 0xed, 0x0, 0xc, 0x62, 0x0, 0xff,
    0xf9, 0x25, 0xa8, 0x0,

    /* U+0060 "`" */
    0x0, 0xe5, 0xcf, 0xd5, 0x0, 0xff, 0xe4, 0xdd,
    0x18, 0x15, 0x30, 0x7, 0xff, 0x18, 0x71, 0x0,
    0x3a, 0x50, 0x3, 0xff, 0x8b, 0xa6, 0x1, 0xf5,
    0x90, 0x7, 0xff, 0xe, 0x4c, 0x3, 0xfb, 0x4,
    0x3, 0xff, 0x82, 0x2c, 0x1, 0xfe, 0x1d, 0x0,
    0xff, 0xe0, 0x90, 0x7, 0xff, 0x0, 0xe8, 0x3,
    0xff, 0x80, 0x40, 0x1f, 0xfc, 0x15, 0x80, 0xf,
    0xf8, 0x54, 0x3, 0xff, 0x82, 0xec, 0x1, 0xff,
    0x51, 0x80, 0x7f, 0xf0, 0x65, 0x0, 0x3f, 0xed,
    0x30, 0xf, 0xfe, 0xd, 0x90, 0x7, 0xf8, 0x70,
    0xc0, 0x3f, 0xf8, 0x38, 0x20, 0x1f, 0xf6, 0x20,
    0x7, 0xff, 0x0, 0x74, 0x3, 0xff, 0x81, 0x68,
    0x1, 0xff, 0xc0, 0x3b, 0x0, 0xff, 0xe0, 0x5a,
    0x0, 0x7f, 0xf0, 0x12, 0x40, 0x3f, 0xf8, 0x16,
    0xa0, 0x1f, 0xfc, 0x6, 0x60, 0x7, 0xff, 0x2,
    0x94, 0x3, 0xff, 0x81, 0x28, 0x1, 0xff, 0xc0,
    0xa6, 0x0, 0xff, 0xe0, 0x59, 0x80, 0x7f, 0xf0,
    0x25, 0xc0, 0x3f, 0xf8, 0x1a, 0x20, 0x1f, 0xfc,
    0x8, 0x70, 0xf, 0xf8, 0x74, 0x3, 0xff, 0x83,
    0x10, 0x0, 0xff, 0x8d, 0x40, 0x3f, 0xf8, 0x2f,
    0x20, 0x1f, 0xf7, 0x80, 0x7f, 0xf0, 0x9a, 0x40,
    0x3f, 0xc2, 0x1, 0xff, 0xc3, 0x6a, 0x0, 0xfe,
    0xd0, 0xf, 0xfe, 0x22, 0xd0, 0x7, 0xc6, 0xc0,
    0x1f, 0xfc, 0x55, 0xb0, 0xe, 0x3d, 0x0, 0xff,
    0xe3, 0xa6, 0xa0, 0xb, 0xe0, 0x80,

    /* U+0061 "a" */
    0x0, 0xff, 0xe4, 0x92, 0xbd, 0x5e, 0xf7, 0xfe,
    0xed, 0xb9, 0x73, 0x0, 0xff, 0xeb, 0x93, 0x57,
    0x6d, 0x42, 0xa1, 0x8, 0x6, 0x12, 0x46, 0x8c,
    0xfb, 0x61, 0x0, 0xff, 0xe8, 0xb, 0xe6, 0xca,
    0x88, 0x7, 0xff, 0x19, 0x27, 0xa4, 0x40, 0x3f,
    0xf9, 0x87, 0x5d, 0x6, 0x1, 0xff, 0xcd, 0x6e,
    0x70, 0xf, 0xfe, 0x49, 0xde, 0x28, 0x7, 0xff,
    0x4a, 0x30, 0x40, 0x3f, 0xf8, 0xa5, 0x78, 0x80,
    0x1f, 0xfd, 0x53, 0xf3, 0x0, 0xff, 0xe1, 0xbe,
    0xa0, 0x7, 0xff, 0x60, 0x70, 0x80, 0x3f, 0xf8,
    0x39, 0x0, 0x1f, 0xfd, 0xcc, 0x10, 0xf, 0xfa,
    0xcc, 0x3, 0xff, 0xba, 0x3a, 0x1, 0xfe, 0x34,
    0x0, 0xff, 0xef, 0x9b, 0x80, 0x7f, 0x20, 0x7,
    0xff, 0x18, 0xd5, 0xa2, 0x13, 0x28, 0x64, 0x10,
    0xf, 0xfe, 0x24, 0x8, 0x7, 0xe1, 0x0, 0xff,
    0xe1, 0x24, 0x67, 0xe5, 0x4b, 0xb9, 0x98, 0xf3,
    0x7d, 0xb0, 0x20, 0x1f, 0xfc, 0x28, 0x0, 0xfc,
    0xa0, 0x1f, 0xf1, 0x4f, 0x5b, 0x98, 0x7, 0xff,
    0x0, 0x9f, 0xa0, 0x3, 0xff, 0x82, 0xc2, 0x1,
    0xf1, 0x90, 0x7, 0xe2, 0xad, 0x61, 0x0, 0xff,
    0xe3, 0x3d, 0x88, 0x7, 0xff, 0x2, 0x40, 0x3f,
    0x70, 0x7, 0xd1, 0xaa, 0x1, 0xff, 0xca, 0x4a,
    0x0, 0xff, 0xe0, 0x30, 0x7, 0xe3, 0xb1, 0x0,
    0x93, 0x5c, 0x3, 0xff, 0x9a, 0x8e, 0x1, 0xff,
    0xa, 0x0, 0x7e, 0x4e, 0xcb, 0xeb, 0x20, 0xf,
    0xfe, 0x7c, 0x0, 0x7f, 0xf0, 0x34, 0x3, 0xfc,
    0x68, 0x20, 0x1f, 0xfd, 0x27, 0x0, 0xff, 0x9c,
    0x3, 0xff, 0xbf, 0x60, 0x1f, 0xf0, 0x90, 0x7,
    0xff, 0x78, 0xc0, 0x3f, 0xf8, 0xe, 0x1, 0xff,
    0xdf, 0x30, 0xf, 0xfb, 0x40, 0x3f, 0xfb, 0xec,
    0x1, 0xff, 0x18, 0x7, 0xff, 0x7c, 0xc0, 0x3f,
    0xe6, 0x0, 0xff, 0xef, 0x88, 0x7, 0xfc, 0x40,
    0x1f, 0xff, 0xf0, 0xf, 0xfe, 0x60, 0x80, 0x7f,
    0xf0, 0x8, 0x3, 0xff, 0xbc, 0x80, 0x1f, 0xfe,
    0x81, 0x4c, 0x20, 0xf, 0xfe, 0x0, 0x80, 0x7f,
    0xf5, 0x5, 0x1e, 0x6f, 0x7f, 0xac, 0xc0, 0x3f,
    0xfb, 0xa6, 0xd3, 0x9f, 0xd7, 0xc, 0x84, 0x1,
    0xff, 0xdd, 0x37, 0xbf, 0xc9, 0x63, 0x0, 0xff,
    0xe6, 0x38, 0x7, 0xff, 0x1c, 0x56, 0xbf, 0x21,
    0x0, 0x3f, 0xfc, 0x6b, 0x7d, 0x4a, 0x1, 0xff,
    0xe4, 0x28, 0xea, 0x40, 0xf, 0xff, 0x29, 0x56,
    0xb8, 0x80, 0x7f, 0xf9, 0x4a, 0xb5, 0x40, 0x3f,
    0xfa, 0x2, 0x1, 0xff, 0xca, 0x7d, 0x50, 0xf,
    0xfe, 0x58, 0xa3, 0xce, 0x77, 0xd0, 0x7, 0xff,
    0x20, 0x6e, 0x0, 0x3f, 0xf9, 0x2, 0xb1, 0x7d,
    0xcb, 0x86, 0x31, 0x0, 0xff, 0xe4, 0x97, 0xa0,
    0x7, 0xff, 0x19, 0x27, 0x7a, 0x9d, 0x4, 0x3,
    0xff, 0x9c, 0x78, 0x20, 0x1f, 0xfc, 0x45, 0xbf,
    0xb6, 0x20, 0xf, 0xfe, 0x91, 0x68, 0x80, 0x7f,
    0xf0, 0x86, 0x3e, 0x90, 0x3, 0xff, 0xaa, 0x38,
    0x20, 0x1f, 0xfc, 0x11, 0x9e, 0x70, 0xf, 0xfe,
    0xc5, 0x88, 0x7, 0xff, 0x5, 0xb9, 0x80, 0x3f,
    0xfb, 0x28, 0xa0, 0x1f, 0xfc, 0x1, 0xb9, 0x0,
    0xff, 0xed, 0xc8, 0x7, 0xff, 0x0, 0xb1, 0x0,
    0x3f, 0xfb, 0x68, 0x40, 0x1f, 0xf0, 0xe1, 0x0,
    0x7f, 0xf7, 0x3c, 0x3, 0xff, 0x81, 0xa2, 0x1,
    0xff, 0xdc, 0x14, 0x0, 0xff, 0x9c, 0xc0, 0x3f,
    0xfb, 0xa8, 0x1, 0xff, 0xc0, 0x90, 0xf, 0xfe,
    0xf6, 0x80, 0x7f, 0xc8, 0x20, 0x1f, 0xfd, 0xe3,
    0x0, 0xff, 0xb0, 0x3, 0xff, 0xbe, 0xc0, 0x1f,
    0xf1, 0x0, 0x7f, 0xf7, 0xcc, 0x3, 0xfe, 0x10,
    0xf, 0xfe, 0xf8, 0x80, 0x7f, 0xc2, 0x1, 0xff,
    0xeb, 0x30, 0xf, 0xff, 0x5f, 0x0, 0x7f, 0xf4,
    0x6, 0x40, 0x3f, 0xf8, 0x22, 0x1, 0xff, 0x18,
    0x7, 0xff, 0x3c, 0xfc, 0x80, 0x3f, 0xf8, 0x24,
    0x1, 0xff, 0x20, 0x7, 0xff, 0x39, 0xb0, 0x40,
    0x3f, 0xf8, 0x4c, 0x1, 0xff, 0xc0, 0x60, 0xf,
    0xfe, 0x65, 0x48, 0x7, 0xff, 0x13, 0x0, 0x3f,
    0xf8, 0x10, 0x1, 0xff, 0xca, 0x4e, 0x50, 0xf,
    0xfe, 0x2a, 0x0, 0x7f, 0xf0, 0x6, 0x80, 0x3f,
    0xf8, 0xe3, 0x56, 0x20, 0x1f, 0xfc, 0x62, 0x20,
    0x7, 0xff, 0x1, 0x68, 0x3, 0xff, 0x88, 0x31,
    0xca, 0x1, 0xff, 0xc9, 0xa0, 0xf, 0xfe, 0xa,
    0xea, 0x80, 0x7f, 0xf0, 0xe, 0xb9, 0xc0, 0x3f,
    0xf9, 0x6e, 0x1, 0xff, 0xc2, 0x2a, 0xe9, 0x63,
    0x21, 0x1, 0x36, 0x9e, 0xc5, 0x0, 0xff, 0xe7,
    0x40, 0x7, 0xff, 0xc, 0x5a, 0x73, 0x7b, 0xfb,
    0x25, 0x84, 0x3, 0xff, 0x82, 0xc0, 0x1f, 0xfc,
    0x27, 0x20, 0xf, 0xfe, 0xca, 0xec, 0x90, 0x7,
    0xff, 0xb, 0xc0, 0x3f, 0xfa, 0xeb, 0xb4, 0x40,
    0x20, 0x1f, 0xfc, 0x22, 0xb0, 0xf, 0xfe, 0xa2,
    0xed, 0x10, 0x4, 0xc0, 0x1f, 0xe7, 0x0, 0xc9,
    0x40, 0x1f, 0xfd, 0x15, 0xda, 0x20, 0xe, 0xd0,
    0xf, 0xf0, 0x80, 0x72, 0xe0, 0x80, 0x7f, 0xf3,
    0x5b, 0x68, 0x80, 0x3e, 0x50, 0xf, 0xe1, 0x20,
    0xf, 0x1f, 0xa0, 0x7, 0xff, 0x29, 0xfa, 0x48,
    0x3, 0xf8, 0x98, 0x3, 0xf4, 0x80, 0x7e, 0x1b,
    0xb1, 0x0, 0x7f, 0xf1, 0x4a, 0x7e, 0x4, 0x3,
    0xff, 0x81, 0x2e, 0x1, 0xe8, 0x70, 0xf, 0xf2,
    0x6d, 0xa8, 0x7, 0xff, 0x5, 0x6f, 0x58, 0x3,
    0xff, 0x89, 0x1f, 0x95, 0x4c, 0xf7, 0x0, 0xff,
    0xe0, 0xa5, 0x7d, 0xc2, 0x98, 0x80, 0x44, 0xb5,
    0xf4, 0x80, 0x1f, 0xfc, 0x83, 0x55, 0x18, 0x6,

    /* U+0062 "b" */
    0x0, 0x14, 0xef, 0xfd, 0xb4, 0x60, 0x1f, 0xfe,
    0x86, 0xd6, 0x20, 0x8, 0x97, 0x20, 0x3, 0xff,
    0xcc, 0x52, 0x1, 0xfc, 0xe8, 0x1, 0xff, 0xe5,
    0x50, 0xf, 0xfb, 0x40, 0x3f, 0xfc, 0xbc, 0x1,
    0xff, 0x10, 0x7, 0xff, 0x94, 0xc0, 0x3f, 0xff,
    0xe0, 0x1f, 0xff, 0xf0, 0xf, 0xff, 0xf8, 0x7,
    0xff, 0xfc, 0x3, 0xff, 0x92, 0x20, 0x1f, 0xff,
    0xf0, 0xf, 0xff, 0xf8, 0x7, 0xff, 0xfc, 0x3,
    0xff, 0xfe, 0x1, 0xff, 0xfb, 0x30, 0xf, 0xff,
    0xf8, 0x7, 0xff, 0xfc, 0x3, 0xff, 0xfe, 0x1,
    0xff, 0xff, 0x0, 0xff, 0xfd, 0x88, 0x7, 0xff,
    0xfc, 0x3, 0xff, 0xfe, 0x1, 0xff, 0xff, 0x0,
    0xff, 0xff, 0x80, 0x7f, 0xfe, 0xfc, 0x3, 0xff,
    0xfe, 0x1, 0xff, 0xf5, 0x24, 0x67, 0x87, 0x66,
    0x21, 0x0, 0x7f, 0xf9, 0x9, 0xaf, 0xf6, 0xe6,
    0x1e, 0x26, 0x57, 0xbf, 0x90, 0x80, 0x1f, 0xfd,
    0xe5, 0xbd, 0x94, 0x0, 0xff, 0xe0, 0x1b, 0xdf,
    0x41, 0x0, 0x7f, 0xf6, 0x5b, 0xa9, 0x0, 0x3f,
    0xf8, 0xc2, 0xfb, 0x22, 0x1, 0xff, 0xce, 0x10,
    0xf, 0x2f, 0x48, 0x80, 0x7f, 0xf2, 0xdb, 0x9c,
    0x3, 0xff, 0xa4, 0x57, 0x42, 0x1, 0xff, 0xcf,
    0x8b, 0x10, 0xf, 0xfe, 0x7b, 0x6a, 0x0, 0x7f,
    0xf4, 0x93, 0xc8, 0x3, 0xff, 0x98, 0x37, 0x20,
    0x1f, 0xfd, 0x51, 0xc3, 0x0, 0xff, 0xe5, 0x1e,
    0x20, 0x7, 0xff, 0x5c, 0x74, 0x80, 0x3f, 0xf9,
    0x1b, 0x84, 0x1, 0xff, 0xd9, 0x1f, 0x10, 0xf,
    0xfe, 0x3a, 0x0, 0x7f, 0xf7, 0xa, 0x80, 0x3f,
    0xfa, 0xa9, 0x17, 0xdf, 0xee, 0xdb, 0x84, 0x0,
    0xff, 0xe2, 0xa3, 0x0, 0x7f, 0xf4, 0x4a, 0x7a,
    0xdd, 0x4, 0x0, 0x24, 0x8f, 0x7f, 0x22, 0x1,
    0xff, 0xc3, 0x92, 0x0, 0xff, 0xe7, 0x15, 0x6b,
    0x8, 0x7, 0xff, 0x1, 0xba, 0x0, 0x3f, 0xf8,
    0x70, 0x1, 0xff, 0xcd, 0x8d, 0x50, 0xf, 0xfe,
    0x2b, 0xe0, 0x80, 0x7f, 0xf0, 0x54, 0xc0, 0x3f,
    0xf9, 0x47, 0xae, 0x1, 0xff, 0xc8, 0x3c, 0x10,
    0xf, 0xfe, 0xf, 0x80, 0x7f, 0xf2, 0x63, 0x8,
    0x3, 0xff, 0x94, 0x5a, 0x1, 0xff, 0xc1, 0x33,
    0x0, 0x7f, 0xf1, 0x86, 0xdc, 0x3, 0xff, 0x9a,
    0x72, 0x1, 0xff, 0xc1, 0x90, 0xf, 0xfe, 0x29,
    0x7a, 0x0, 0x7f, 0xf3, 0xd8, 0xc0, 0x3f, 0xf8,
    0xa, 0x20, 0x1f, 0xfc, 0x34, 0xc1, 0x0, 0xff,
    0xe8, 0xf8, 0x7, 0xff, 0x5, 0xc0, 0x3f, 0xf8,
    0x45, 0x62, 0x1, 0xff, 0xd2, 0x34, 0x0, 0xff,
    0xe0, 0x68, 0x7, 0xff, 0x8, 0x40, 0x3f, 0xfa,
    0xbc, 0x1, 0xff, 0xc0, 0x40, 0xf, 0xff, 0x22,
    0x88, 0x7, 0xff, 0x1, 0x0, 0x3f, 0xfc, 0x88,
    0x1, 0xff, 0xc0, 0xc0, 0xf, 0xff, 0x27, 0x80,
    0x7f, 0xf0, 0x10, 0x3, 0xff, 0xc8, 0x80, 0x1f,
    0xfc, 0x3, 0x0, 0xff, 0xf2, 0x8, 0x80, 0x3f,
    0xf8, 0x4, 0x1, 0xff, 0xe4, 0x50, 0xf, 0xfe,
    0x3, 0x0, 0x7f, 0xf9, 0xc, 0x3, 0xff, 0x80,
    0x60, 0x1f, 0xfe, 0x4e, 0x0, 0xff, 0xe0, 0x70,
    0x7, 0xff, 0x90, 0x80, 0x3f, 0xf8, 0x6, 0x1,
    0xff, 0xe4, 0x70, 0xf, 0xfe, 0x3, 0x0, 0x7f,
    0xf9, 0x4, 0x3, 0xff, 0x80, 0x20, 0x1f, 0xfe,
    0x43, 0x0, 0xff, 0xe0, 0x18, 0x7, 0xff, 0x90,
    0x40, 0x3f, 0xff, 0xc2, 0x1, 0xff, 0xff, 0x0,
    0xff, 0xff, 0x80, 0x7f, 0xff, 0xc0, 0x3f, 0x84,
    0x3, 0xff, 0x80, 0x20, 0x1f, 0xfe, 0x43, 0x0,
    0xff, 0xe0, 0x18, 0x7, 0xff, 0x91, 0x80, 0x3f,
    0xfe, 0x22, 0x1, 0xff, 0xc0, 0x60, 0xf, 0xff,
    0x21, 0x0, 0x7f, 0xf0, 0x8, 0x3, 0xff, 0xc9,
    0xa0, 0x1f, 0xfc, 0xe, 0x0, 0xff, 0xf2, 0x30,
    0x7, 0xff, 0x0, 0x80, 0x3f, 0xfc, 0x86, 0x1,
    0xff, 0xc0, 0x70, 0xf, 0xff, 0x1a, 0x0, 0x7f,
    0xf0, 0x48, 0x3, 0xff, 0xc7, 0x80, 0x1f, 0xfc,
    0x4, 0x0, 0xff, 0xf2, 0x28, 0x7, 0xff, 0x0,
    0xc0, 0x3f, 0xfc, 0x66, 0x40, 0x1f, 0xfc, 0xb,
    0x0, 0xff, 0xf1, 0xd0, 0x7, 0xff, 0x0, 0x4c,
    0x3, 0xff, 0xc4, 0x2c, 0x1, 0xff, 0xc0, 0x40,
    0xf, 0xff, 0x1c, 0x80, 0x7f, 0xf0, 0x78, 0x3,
    0xff, 0xc4, 0x2e, 0x1, 0xff, 0xc0, 0x14, 0x0,
    0xff, 0xf1, 0x50, 0x7, 0xff, 0x6, 0x40, 0x3f,
    0xfc, 0x4a, 0x80, 0x1f, 0xfc, 0x16, 0x0, 0xff,
    0xe1, 0x9c, 0x88, 0x7, 0xff, 0x3c, 0xa8, 0x3,
    0xff, 0x82, 0xe2, 0x1, 0xff, 0xc4, 0x6e, 0x70,
    0xf, 0xfe, 0x68, 0xe0, 0x7, 0xff, 0x4, 0x60,
    0x3, 0xff, 0x8f, 0x1c, 0xc0, 0x1f, 0xfc, 0xa1,
    0xc1, 0x0, 0xff, 0xe0, 0xc0, 0x7, 0xff, 0x24,
    0x67, 0x98, 0x3, 0xff, 0x8e, 0x7e, 0x40, 0x1f,
    0xfc, 0x13, 0x60, 0xf, 0xfe, 0x58, 0xcf, 0x38,
    0x80, 0x7f, 0xf0, 0xe3, 0x4, 0x3, 0xff, 0x85,
    0xc0, 0x1f, 0xfc, 0xe1, 0x8e, 0xa4, 0x0, 0xff,
    0xb, 0xf3, 0x80, 0x7f, 0xf0, 0xe4, 0x80, 0x3f,
    0xfa, 0x2b, 0x7d, 0x2a, 0x40, 0x1, 0x47, 0xbe,
    0x81, 0x0, 0xff, 0xe1, 0xb3, 0x0, 0x3f, 0xfa,
    0x82, 0xd5, 0xbf, 0xee, 0xb8, 0x40, 0xf, 0xfe,
    0x2a, 0x48, 0x7, 0xff, 0xbc, 0xec, 0x3, 0xff,
    0x90, 0x6a, 0x1, 0xff, 0xd9, 0x3c, 0x0, 0xff,
    0xe4, 0xa5, 0x40, 0x7, 0xff, 0x5d, 0x30, 0x3,
    0xfe, 0x30, 0xf, 0xf5, 0x83, 0xd8, 0x80, 0x7f,
    0xf5, 0x1e, 0xc0, 0x3f, 0xf8, 0x1c, 0x1, 0xfc,
    0x26, 0x0, 0x4f, 0x50, 0xf, 0xfe, 0x88, 0xdc,
    0x0, 0x7f, 0xf0, 0x54, 0x3, 0xfa, 0x40, 0x30,
    0xd5, 0x90, 0x7, 0xff, 0x39, 0xbd, 0x0, 0x3f,
    0xf8, 0x44, 0xe0, 0x1f, 0x33, 0x80, 0x79, 0x36,
    0x4, 0x3, 0xff, 0x94, 0x99, 0x22, 0x1, 0xff,
    0xc4, 0x8c, 0x63, 0x32, 0x3e, 0x48, 0x7, 0xf3,
    0xf4, 0x98, 0x7, 0xff, 0x19, 0x72, 0xcc, 0x3,
    0xff, 0x8e, 0x73, 0x98, 0xb8, 0x30, 0xf, 0xfe,
    0x3, 0x66, 0xb9, 0x80, 0x7f, 0xc4, 0xd5, 0xf4,
    0x60, 0x1f, 0xfd, 0xe2, 0x8c, 0xfd, 0xa9, 0x87,
    0x89, 0xac, 0xed, 0x95, 0x0, 0xff, 0xe5, 0x0,

    /* U+0063 "c" */
    0x0, 0xff, 0xe7, 0x13, 0x45, 0x67, 0x73, 0xfe,
    0xed, 0xb9, 0x74, 0x0, 0xff, 0xec, 0x2d, 0x76,
    0xcb, 0xa9, 0x88, 0x80, 0x21, 0x24, 0x68, 0xbf,
    0xb6, 0x0, 0xff, 0xe9, 0x1c, 0xfd, 0x28, 0x80,
    0x7f, 0xf1, 0x52, 0x7e, 0x4, 0x3, 0xff, 0x9a,
    0x77, 0x8c, 0x1, 0xff, 0xcc, 0x7e, 0x60, 0xf,
    0xfe, 0x50, 0xd6, 0x20, 0x7, 0xff, 0x42, 0x6c,
    0x40, 0x3f, 0xf8, 0xed, 0xca, 0x1, 0xff, 0xd3,
    0x4c, 0x20, 0xf, 0xfe, 0x2d, 0x48, 0x7, 0xff,
    0x58, 0xb0, 0x80, 0x3f, 0xf8, 0x45, 0xaa, 0x1,
    0xff, 0xd8, 0x1f, 0x0, 0xff, 0xe0, 0x9e, 0x90,
    0x7, 0xff, 0x68, 0x88, 0x1, 0xff, 0x26, 0x0,
    0x7f, 0xf7, 0x44, 0x3, 0xfc, 0x96, 0x1, 0xff,
    0xc7, 0x35, 0x78, 0x98, 0x76, 0x30, 0xf, 0xfe,
    0x11, 0x80, 0x7f, 0x1d, 0x80, 0x7f, 0xf1, 0x56,
    0xbf, 0x2a, 0x1d, 0x9e, 0x27, 0x3e, 0xcc, 0x3,
    0xfc, 0xe0, 0x1f, 0xc5, 0xa0, 0x1f, 0xfc, 0x46,
    0xea, 0x50, 0xf, 0xf9, 0x32, 0xc4, 0x3, 0xe3,
    0x80, 0xf, 0xee, 0x10, 0xf, 0xfe, 0x11, 0xec,
    0x88, 0x7, 0xff, 0xd, 0x30, 0xc0, 0x38, 0xf4,
    0x3, 0xfa, 0xc, 0x3, 0xff, 0x84, 0xf8, 0x40,
    0x1f, 0xfc, 0x62, 0xc9, 0x20, 0x17, 0xc1, 0x0,
    0xfc, 0x6e, 0x1, 0xff, 0xc2, 0x98, 0x0, 0xff,
    0xe5, 0x36, 0xff, 0x40, 0x7, 0xfb, 0xc0, 0x3f,
    0xf8, 0x52, 0xc0, 0x1f, 0xfd, 0x95, 0x30, 0xf,
    0xfe, 0xb, 0xb0, 0x7, 0xff, 0x6a, 0xc0, 0x3f,
    0xf8, 0x29, 0x0, 0x1f, 0xfd, 0xa5, 0x10, 0xf,
    0xfe, 0x0, 0xd0, 0x7, 0xff, 0x6e, 0x40, 0x3f,
    0xf8, 0x36, 0x20, 0x1f, 0xfd, 0xa3, 0x30, 0x7,
    0xff, 0x1, 0x14, 0x3, 0xff, 0xb7, 0x40, 0x1f,
    0xfc, 0x18, 0x0, 0xff, 0xee, 0x38, 0x7, 0xff,
    0x1, 0xc, 0x3, 0xff, 0xb6, 0x62, 0x1, 0xff,
    0xc0, 0xf0, 0xf, 0xfe, 0xe2, 0x0, 0x7f, 0xf0,
    0x5, 0x0, 0x3f, 0xfb, 0x98, 0x1, 0xff, 0xc0,
    0x70, 0xf, 0xfe, 0xea, 0x80, 0x7f, 0xf0, 0x30,
    0x3, 0xff, 0xb8, 0x42, 0x1, 0xff, 0xc0, 0x40,
    0xf, 0xfe, 0xe3, 0x0, 0x7f, 0xf0, 0x8, 0x40,
    0x3f, 0xfb, 0x84, 0x1, 0xff, 0xc0, 0x70, 0xf,
    0xfe, 0xef, 0x0, 0x7f, 0xf0, 0x8, 0x3, 0xff,
    0xba, 0x40, 0x1f, 0xfc, 0xe, 0x0, 0xff, 0xee,
    0x88, 0x7, 0xff, 0x0, 0x80, 0x3f, 0xfb, 0xae,
    0x1, 0xff, 0xc0, 0x70, 0xf, 0xfe, 0xe8, 0x80,
    0x7f, 0xf0, 0x4, 0x3, 0xff, 0xfe, 0x1, 0xff,
    0xff, 0x0, 0xff, 0xf6, 0x8, 0x7, 0xff, 0x0,
    0x40, 0x3f, 0xff, 0xe0, 0x1f, 0xfc, 0x97, 0x0,
    0xff, 0xe0, 0x30, 0x7, 0xff, 0x74, 0x80, 0x3f,
    0xf8, 0x4, 0x1, 0xff, 0xdd, 0xe0, 0xf, 0xfe,
    0x7, 0x0, 0x7f, 0xf7, 0x44, 0x3, 0xff, 0x80,
    0xa0, 0x1f, 0xfd, 0xd5, 0x0, 0xff, 0xe0, 0x18,
    0x7, 0xff, 0x74, 0xc0, 0x3f, 0xf8, 0x24, 0x1,
    0xff, 0xdd, 0x20, 0xf, 0xfe, 0x2, 0x80, 0x7f,
    0xf7, 0x5c, 0x3, 0xff, 0x81, 0x60, 0x1f, 0xfd,
    0xdc, 0x0, 0xff, 0xe0, 0x18, 0x80, 0x7f, 0xf7,
    0x1c, 0x3, 0xff, 0x83, 0x20, 0x1f, 0xfd, 0xc1,
    0x20, 0xf, 0xfe, 0x3, 0x0, 0x7f, 0xf7, 0x54,
    0x3, 0xff, 0x80, 0x2e, 0x1, 0xff, 0xdc, 0x90,
    0xf, 0xfe, 0xc, 0x80, 0x7f, 0xf7, 0x5, 0x0,
    0x3f, 0xf8, 0x3, 0x20, 0x1f, 0xfd, 0xcf, 0x0,
    0xff, 0xe0, 0xb2, 0x80, 0x7f, 0xf6, 0xd0, 0xc0,
    0x3f, 0xf8, 0x36, 0x40, 0x1f, 0xfd, 0xb8, 0x0,
    0xff, 0xe0, 0x8e, 0x8, 0x7, 0xff, 0x69, 0x10,
    0x1, 0xff, 0xc1, 0x1c, 0x20, 0xf, 0xfe, 0x73,
    0x54, 0x18, 0x7, 0xe9, 0x0, 0xff, 0xe1, 0x16,
    0x18, 0x7, 0xff, 0x2c, 0xf6, 0x55, 0xf1, 0xc0,
    0x3e, 0x29, 0x0, 0xff, 0xe1, 0xe, 0x40, 0x7,
    0xff, 0x25, 0x70, 0x80, 0x34, 0x28, 0x7, 0xcc,
    0x80, 0x1f, 0xfc, 0x37, 0xd5, 0x0, 0xff, 0xe2,
    0x9d, 0xd0, 0x7, 0xd0, 0x1, 0xfa, 0x88, 0x3,
    0xff, 0x86, 0x55, 0xd0, 0x60, 0x1f, 0xf1, 0xbe,
    0x61, 0x0, 0x3f, 0x11, 0x80, 0x7c, 0x3e, 0x20,
    0x1f, 0xfc, 0x41, 0x7c, 0xfc, 0xa9, 0x88, 0x4d,
    0x5e, 0xfe, 0x41, 0x80, 0x7f, 0xca, 0x1, 0xf8,
    0xb4, 0x40, 0x3f, 0xf8, 0xe6, 0xac, 0xee, 0x65,
    0x42, 0x0, 0xff, 0xe1, 0x88, 0x7, 0xf1, 0xe0,
    0x80, 0x7f, 0xf7, 0x90, 0x3, 0xfc, 0x58, 0x40,
    0x1f, 0xfd, 0xc5, 0x30, 0xf, 0xf8, 0xb5, 0x0,
    0x3f, 0xfb, 0x49, 0x40, 0x1f, 0xfc, 0x2b, 0x80,
    0xf, 0xfe, 0xc3, 0x58, 0x7, 0xff, 0x11, 0xf5,
    0x0, 0x3f, 0xfa, 0xb3, 0x20, 0xf, 0xfe, 0x31,
    0x5d, 0x10, 0x7, 0xff, 0x45, 0x79, 0x80, 0x3f,
    0xf9, 0x2b, 0xb6, 0x80, 0x1f, 0xfc, 0xd5, 0xda,
    0x10, 0xf, 0xfe, 0x62, 0x5f, 0x41, 0x80, 0x7f,
    0xf1, 0x85, 0x6b, 0xe8, 0x80, 0x3f, 0xfa, 0x2,
    0xf9, 0xf7, 0xc, 0x84, 0x20, 0x18, 0x48, 0xd5,
    0xeb, 0x7a, 0x94, 0x3, 0xfc,

    /* U+0064 "d" */
    0x0, 0xff, 0xf3, 0x94, 0x67, 0x7f, 0xb6, 0x90,
    0x3, 0xff, 0xd0, 0x9a, 0xe6, 0x20, 0x2, 0x5b,
    0xa0, 0xf, 0xff, 0x30, 0xd8, 0x7, 0xf2, 0xb0,
    0x7, 0xff, 0x95, 0x0, 0x3f, 0xed, 0x0, 0xff,
    0xf2, 0x90, 0x7, 0xfc, 0xc0, 0x1f, 0xff, 0x13,
    0x0, 0xff, 0xff, 0x80, 0x7f, 0xff, 0xc0, 0x3f,
    0xf9, 0x62, 0x1, 0xff, 0xff, 0x0, 0xff, 0xff,
    0x80, 0x7f, 0xff, 0xc0, 0x3f, 0xf9, 0x46, 0x1,
    0xff, 0xff, 0x0, 0xff, 0xff, 0x80, 0x7f, 0xf5,
    0xc4, 0x3, 0xff, 0xfe, 0x1, 0xff, 0xff, 0x0,
    0xff, 0xeb, 0xb8, 0x7, 0xff, 0xfc, 0x3, 0xff,
    0xfe, 0x1, 0xff, 0xff, 0x0, 0xff, 0xe5, 0x8,
    0x7, 0xff, 0xfc, 0x3, 0xff, 0xfe, 0x1, 0xff,
    0xd7, 0x30, 0xf, 0xff, 0xf8, 0x7, 0xff, 0xfc,
    0x3, 0xff, 0xfe, 0x1, 0xff, 0xca, 0x10, 0xf,
    0xff, 0xf8, 0x7, 0xff, 0x2d, 0x1e, 0xb3, 0x7b,
    0xfd, 0xdc, 0xc9, 0x73, 0x0, 0xff, 0xf0, 0xad,
    0xfd, 0xc2, 0x99, 0x8, 0x0, 0x44, 0x6d, 0x19,
    0xf2, 0x60, 0x1f, 0xfd, 0xb1, 0x8e, 0xa4, 0x0,
    0xff, 0xe2, 0x36, 0x60, 0x80, 0x3f, 0xfb, 0xf,
    0xce, 0x20, 0x1f, 0xfc, 0x83, 0xd7, 0x0, 0xff,
    0xea, 0x9e, 0xc0, 0x7, 0xff, 0x36, 0x34, 0xc0,
    0x30, 0x80, 0x7f, 0xf3, 0x63, 0x8, 0x3, 0xff,
    0x9e, 0x59, 0x0, 0x1f, 0xfd, 0xb, 0x70, 0xf,
    0xfe, 0x9b, 0xea, 0x0, 0x7f, 0xf3, 0x7, 0x50,
    0x3, 0xff, 0xaa, 0x57, 0x40, 0x1f, 0xfc, 0xa1,
    0xc2, 0x0, 0xff, 0xec, 0x28, 0x80, 0x7f, 0xf2,
    0x7, 0x8, 0x3, 0xff, 0xdf, 0xa4, 0x1, 0xff,
    0xc7, 0x34, 0x55, 0x21, 0x0, 0x7f, 0xf5, 0xa8,
    0xc0, 0x3f, 0xf8, 0x85, 0x19, 0xf9, 0x75, 0x4b,
    0xdf, 0xc8, 0x30, 0xf, 0xfe, 0x8b, 0xa8, 0x7,
    0xff, 0xc, 0xaf, 0x5c, 0xc0, 0x3f, 0x1b, 0xe6,
    0xb8, 0x7, 0xff, 0x38, 0xa0, 0x3, 0xff, 0x87,
    0x1a, 0x80, 0x1f, 0xfc, 0x22, 0x8f, 0x80, 0xf,
    0xfe, 0x67, 0x0, 0x7f, 0xf0, 0x87, 0x1c, 0x3,
    0xff, 0x8e, 0xfc, 0xa0, 0x1f, 0xfc, 0x97, 0x30,
    0xf, 0xfe, 0x9, 0x79, 0x80, 0x7f, 0xf2, 0x46,
    0xa8, 0x20, 0x1f, 0xfc, 0x79, 0x0, 0xff, 0xe0,
    0x8e, 0x8, 0x7, 0xff, 0x31, 0x7c, 0xc0, 0x3f,
    0xf8, 0xb0, 0x20, 0x1f, 0xfc, 0x1d, 0x10, 0xf,
    0xfe, 0x70, 0xe2, 0x0, 0x7f, 0xf1, 0x1c, 0x3,
    0xff, 0x83, 0x26, 0x1, 0xff, 0xd1, 0x30, 0xf,
    0xfe, 0x1b, 0x0, 0x7f, 0xf0, 0x51, 0x80, 0x3f,
    0xfc, 0x54, 0x1, 0xff, 0xc1, 0x90, 0xf, 0xff,
    0x11, 0x98, 0x3, 0xff, 0x80, 0xc4, 0x1, 0xff,
    0xe2, 0xb0, 0xf, 0xfe, 0xc, 0x0, 0x7f, 0xf8,
    0xd4, 0x3, 0xff, 0x80, 0xa2, 0x1, 0xff, 0xe2,
    0x12, 0x0, 0xff, 0xe0, 0x70, 0x7, 0xff, 0x8d,
    0x0, 0x3f, 0xf8, 0x2, 0x80, 0x1f, 0xfe, 0x3c,
    0x0, 0xff, 0xe0, 0x38, 0x7, 0xff, 0x91, 0x40,
    0x3f, 0xf8, 0x18, 0x1, 0xff, 0xe4, 0x30, 0xf,
    0xfe, 0x3, 0x80, 0x7f, 0xf8, 0xc4, 0x3, 0xff,
    0x80, 0x24, 0x1, 0xff, 0xe3, 0x20, 0xf, 0xfe,
    0x1, 0x0, 0x7f, 0xf9, 0x18, 0x3, 0xff, 0x80,
    0xa0, 0x1f, 0xfe, 0x43, 0x0, 0xff, 0xe0, 0x8,
    0x7, 0xff, 0x93, 0x80, 0x3f, 0xf8, 0x1c, 0x1,
    0xff, 0xf1, 0x30, 0xf, 0xff, 0x20, 0x80, 0x7f,
    0xf0, 0x4, 0x3, 0xff, 0xfe, 0x1, 0xff, 0xff,
    0x0, 0xff, 0xff, 0x80, 0x7f, 0x8, 0x7, 0xff,
    0xf8, 0x40, 0x3f, 0xfc, 0x9e, 0x1, 0xff, 0xc0,
    0x30, 0xf, 0xff, 0x20, 0x80, 0x7f, 0xf0, 0x38,
    0x3, 0xff, 0xc8, 0x40, 0x1f, 0xfc, 0x2, 0x0,
    0xff, 0xf2, 0x38, 0x7, 0xff, 0x1, 0x80, 0x3f,
    0xfc, 0x84, 0x1, 0xff, 0xc0, 0x20, 0xf, 0xff,
    0x20, 0x88, 0x3, 0xfe, 0x12, 0x0, 0xff, 0xf2,
    0x28, 0x7, 0xff, 0x1, 0xc0, 0x3f, 0xfc, 0x84,
    0x1, 0xff, 0xc0, 0xc0, 0xf, 0xff, 0x26, 0x0,
    0x7f, 0xf0, 0x1c, 0x3, 0xff, 0xc8, 0x80, 0x1f,
    0xfc, 0x1, 0x30, 0xf, 0xff, 0x18, 0x90, 0x7,
    0xff, 0x2, 0x80, 0x3f, 0xfc, 0x88, 0x1, 0xff,
    0xc0, 0x61, 0x0, 0xff, 0xf1, 0xd0, 0x7, 0xff,
    0x6, 0x40, 0x3f, 0xfc, 0x66, 0x20, 0x1f, 0xfc,
    0x7, 0x10, 0xf, 0xfe, 0x92, 0x38, 0x7, 0xff,
    0xd, 0x80, 0x3f, 0xf8, 0x34, 0x1, 0xff, 0xd1,
    0x4b, 0x0, 0xff, 0xe2, 0x50, 0x7, 0xff, 0x5,
    0x18, 0x3, 0xff, 0x9e, 0xb6, 0x1, 0xff, 0xc5,
    0x25, 0x0, 0xff, 0xe0, 0xc9, 0x80, 0x7f, 0xf3,
    0x5e, 0x80, 0x3f, 0xf8, 0xf2, 0x1, 0xff, 0xc2,
    0xd3, 0x0, 0xff, 0xe5, 0xd, 0xc0, 0x7, 0xff,
    0x20, 0xd4, 0x3, 0xff, 0x82, 0x38, 0xa0, 0x1f,
    0xfc, 0x84, 0xf4, 0x0, 0xff, 0xe5, 0x58, 0x7,
    0xff, 0xe, 0xa4, 0x40, 0x3f, 0xf8, 0x85, 0x76,
    0x10, 0xf, 0xfe, 0x58, 0xc0, 0x7, 0xff, 0xd,
    0xbe, 0x4, 0x3, 0xff, 0x80, 0x97, 0xa8, 0x1,
    0xff, 0xce, 0x73, 0x0, 0xff, 0xe1, 0x8b, 0xf6,
    0x3a, 0x10, 0x80, 0x4, 0xda, 0x7a, 0xd0, 0x3,
    0xff, 0xa3, 0xa2, 0x1, 0xff, 0xc5, 0x38, 0xbd,
    0xef, 0xf7, 0x64, 0xb0, 0x80, 0x7f, 0xf4, 0xc7,
    0x40, 0x3f, 0xfb, 0x83, 0x20, 0x1f, 0xfc, 0x73,
    0xb0, 0xf, 0xfe, 0xd1, 0x63, 0x80, 0x7f, 0xf2,
    0x12, 0x80, 0x3f, 0xfb, 0x9, 0x84, 0x20, 0x1f,
    0xfc, 0x95, 0xc1, 0x0, 0xff, 0xea, 0xc5, 0x88,
    0x0, 0xc0, 0x3f, 0x8c, 0x3, 0xfe, 0x3c, 0x30,
    0xf, 0xfe, 0x91, 0xe3, 0x80, 0x64, 0x0, 0xfe,
    0x60, 0xf, 0xfe, 0x1, 0x64, 0x0, 0x7f, 0xf4,
    0x27, 0xc, 0x3, 0xa8, 0x3, 0xfb, 0x80, 0x3f,
    0xf8, 0x4f, 0xcc, 0x1, 0xff, 0xcc, 0x7e, 0x60,
    0xf, 0x8a, 0x40, 0x3e, 0x65, 0x0, 0xff, 0xe1,
    0x8c, 0xf4, 0x10, 0x7, 0xff, 0x18, 0xa3, 0xa0,
    0x40, 0x3f, 0x9b, 0x5d, 0xc, 0xcd, 0x72, 0x1,
    0xff, 0xc6, 0x17, 0xdc, 0x83, 0x0, 0xff, 0xe0,
    0x1c, 0x66, 0xb8, 0x80, 0x7f, 0xf0, 0xa, 0x2f,
    0x31, 0x28, 0x1, 0xff, 0xca, 0x37, 0xcf, 0xdb,
    0x98, 0x83, 0xc4, 0xd6, 0xfe, 0x39, 0x80, 0x7f,
    0xf3, 0x0,

    /* U+0065 "e" */
    0x0, 0xff, 0xe6, 0xa3, 0xce, 0x6f, 0x7f, 0xbb,
    0x99, 0x50, 0xa2, 0x1, 0xff, 0xde, 0x6b, 0xfb,
    0x86, 0x32, 0x10, 0x0, 0x88, 0xd5, 0xeb, 0xb6,
    0x8, 0x3, 0xff, 0xb0, 0x53, 0xf2, 0x80, 0x1f,
    0xfc, 0x42, 0x7d, 0xc5, 0x0, 0xff, 0xea, 0xc,
    0xeb, 0x0, 0x7f, 0xf2, 0x8e, 0xb0, 0xc0, 0x3f,
    0xfa, 0x2d, 0xcc, 0x1, 0xff, 0xce, 0x3c, 0x90,
    0xf, 0xfe, 0x71, 0x5c, 0x80, 0x7f, 0xf4, 0x9b,
    0x48, 0x3, 0xff, 0x96, 0x98, 0x80, 0x1f, 0xfd,
    0x42, 0xc3, 0x0, 0xff, 0xe4, 0xb5, 0x88, 0x7,
    0xff, 0x58, 0x70, 0xc0, 0x3f, 0xf8, 0xef, 0x20,
    0x1f, 0xfd, 0xad, 0x20, 0xf, 0xfe, 0x2b, 0xc0,
    0x7, 0xff, 0x6c, 0x7c, 0x3, 0xff, 0x88, 0xd0,
    0x1, 0xff, 0xc3, 0x15, 0x9c, 0xef, 0xf7, 0x6d,
    0xc1, 0x80, 0x7f, 0xf0, 0x8a, 0x80, 0x3f, 0xf8,
    0x49, 0x20, 0x1f, 0xfc, 0x23, 0xae, 0xa6, 0x31,
    0x0, 0x9, 0x23, 0xe7, 0x38, 0x7, 0xff, 0x5,
    0x54, 0x1, 0xff, 0xc0, 0x2b, 0x0, 0xff, 0xe0,
    0x95, 0xe2, 0x80, 0x7f, 0xf0, 0x6, 0x39, 0x0,
    0x3f, 0xf8, 0x16, 0x1, 0xff, 0xc0, 0xf0, 0xf,
    0xfe, 0xb, 0x6a, 0x0, 0x7f, 0xf1, 0x6, 0xdc,
    0x3, 0xfe, 0x18, 0x0, 0xff, 0x41, 0x0, 0x7f,
    0xf0, 0x26, 0x40, 0x1f, 0xfc, 0x88, 0x80, 0x7,
    0xfc, 0xe2, 0x1, 0xf8, 0xdc, 0x3, 0xff, 0x81,
    0x4c, 0x1, 0xff, 0xca, 0x76, 0x0, 0xff, 0xa4,
    0x3, 0xf7, 0x80, 0x7f, 0xf0, 0x25, 0x40, 0x3f,
    0xf9, 0x92, 0x60, 0x1f, 0xe6, 0x0, 0xf9, 0x4c,
    0x3, 0xfe, 0x76, 0x0, 0xff, 0xe7, 0x78, 0x7,
    0xf8, 0x54, 0x3, 0xd0, 0x1, 0xff, 0x1c, 0x0,
    0x7f, 0xf3, 0xcd, 0x80, 0x3f, 0xde, 0x1, 0xca,
    0x40, 0x1f, 0xf7, 0x0, 0x7f, 0xf4, 0x60, 0x3,
    0xfc, 0xa0, 0x1d, 0x20, 0x1f, 0xf3, 0x90, 0x7,
    0xff, 0x44, 0x54, 0x3, 0xfc, 0x80, 0x11, 0x18,
    0x7, 0xfd, 0x20, 0x1f, 0xfd, 0x3e, 0x0, 0xff,
    0x60, 0x5, 0x40, 0x1f, 0xf3, 0x8, 0x7, 0xff,
    0x4d, 0x0, 0x3f, 0xc8, 0x1, 0x28, 0x7, 0xfd,
    0x60, 0x1f, 0xfd, 0x54, 0x0, 0xfe, 0x30, 0x1,
    0x10, 0x3, 0xfc, 0x64, 0x1, 0xff, 0xd5, 0x30,
    0xf, 0xf1, 0x2, 0x0, 0x7f, 0xd6, 0x1, 0xff,
    0xd6, 0xe0, 0xf, 0xf3, 0x86, 0x0, 0x7f, 0xc8,
    0x1, 0xff, 0xd6, 0x30, 0xf, 0xf1, 0x3, 0x80,
    0x7f, 0xc6, 0x1, 0xff, 0xd6, 0x10, 0xf, 0xf7,
    0x89, 0x0, 0x7f, 0x8c, 0x3, 0xff, 0xc4, 0x4a,
    0x1, 0xff, 0x28, 0x7, 0xff, 0x5c, 0x40, 0x3f,
    0xc2, 0x40, 0x1f, 0xf7, 0x0, 0x7f, 0xf5, 0x8a,
    0x40, 0x3f, 0xcf, 0xc0, 0x1f, 0xf4, 0x7f, 0xff,
    0xf5, 0xb4, 0xc0, 0x3f, 0xc2, 0x20, 0xf, 0xff,
    0x79, 0x0, 0x7f, 0xfb, 0xdc, 0x3, 0xff, 0xdc,
    0x20, 0x1f, 0xfe, 0xf5, 0x10, 0xf, 0xff, 0x76,
    0x0, 0x7f, 0xfb, 0x85, 0x40, 0x3f, 0xfd, 0xd6,
    0x2, 0x1, 0xff, 0xeb, 0x3b, 0x50, 0xf, 0xfe,
    0x12, 0xdd, 0xff, 0xf7, 0x33, 0xb1, 0x0, 0xe,
    0x1, 0xff, 0x15, 0x22, 0x7f, 0xf7, 0xc, 0x40,
    0x31, 0x0, 0x7f, 0xce, 0x1, 0xff, 0xe3, 0x10,
    0xf, 0xff, 0x7f, 0x0, 0x7f, 0xcc, 0x1, 0xff,
    0xe3, 0x20, 0xf, 0xf8, 0x80, 0x3f, 0xfc, 0x68,
    0x1, 0xff, 0x8, 0x80, 0x3f, 0xfc, 0x64, 0x1,
    0xff, 0x20, 0x7, 0xff, 0x8d, 0xc0, 0x3f, 0xef,
    0x0, 0xff, 0xf1, 0xe0, 0x7, 0xfc, 0xa0, 0x1f,
    0xfe, 0x37, 0x0, 0xff, 0xe0, 0x30, 0x7, 0xff,
    0x88, 0x4c, 0x3, 0xfe, 0xb0, 0xf, 0xff, 0x1d,
    0x80, 0x7f, 0xc4, 0xc0, 0x1f, 0xfe, 0x26, 0x0,
    0xff, 0xe0, 0x40, 0x80, 0x7f, 0xf8, 0x45, 0x80,
    0x3f, 0xe1, 0xa0, 0xf, 0xff, 0x15, 0x0, 0x7f,
    0xf0, 0x11, 0xc0, 0x3f, 0xfc, 0x26, 0x80, 0x1f,
    0xfc, 0x8, 0x40, 0xf, 0xff, 0xc, 0x80, 0x7f,
    0xf0, 0x6d, 0x0, 0x3f, 0xfc, 0x4, 0xc0, 0x1f,
    0xfc, 0x1b, 0x40, 0xf, 0xff, 0x4, 0x8, 0x7,
    0xff, 0x6, 0xdc, 0x3, 0xff, 0xa2, 0x40, 0x1f,
    0xfc, 0x11, 0xd0, 0xf, 0xfe, 0x14, 0x59, 0x0,
    0x7f, 0xf3, 0xe, 0xff, 0x7d, 0x80, 0x3f, 0xf8,
    0x6, 0xe0, 0x1f, 0xfc, 0x24, 0xd8, 0x10, 0xf,
    0xfe, 0x4c, 0x62, 0x0, 0x52, 0xa0, 0x1f, 0xfc,
    0x8, 0x40, 0xf, 0xfe, 0x1b, 0xf4, 0x98, 0x7,
    0xff, 0x10, 0xe7, 0x9c, 0x3, 0xd6, 0x1, 0xff,
    0xc1, 0xb3, 0x0, 0xff, 0xe2, 0x36, 0x75, 0x32,
    0x10, 0x80, 0x4, 0x44, 0x8d, 0x17, 0xd8, 0xc2,
    0x1, 0xf0, 0xb0, 0x7, 0xff, 0x7, 0x48, 0x3,
    0xff, 0x8a, 0x2b, 0x37, 0xbd, 0xfe, 0xee, 0x6d,
    0xcb, 0xa0, 0x80, 0x7f, 0xd8, 0x1, 0xff, 0xc1,
    0x1c, 0x30, 0xf, 0xfe, 0xf8, 0x80, 0x7f, 0xf0,
    0x87, 0x10, 0x3, 0xff, 0xbc, 0x60, 0x1f, 0xfc,
    0x4b, 0x80, 0xf, 0xfe, 0xe1, 0x48, 0x7, 0xff,
    0x15, 0xf0, 0x80, 0x3f, 0xfb, 0x27, 0xe2, 0x1,
    0xff, 0xc6, 0x3d, 0x80, 0xf, 0xfe, 0xbc, 0x61,
    0x0, 0x7f, 0xf2, 0x5f, 0x98, 0x3, 0xff, 0xa6,
    0xdc, 0xe0, 0x1f, 0xfc, 0xc1, 0x9e, 0x71, 0x0,
    0xff, 0xe6, 0x93, 0xf4, 0x88, 0x7, 0xff, 0x3c,
    0x63, 0xb1, 0x88, 0x3, 0xff, 0x8e, 0x6f, 0x9b,
    0x2, 0x1, 0xff, 0xd4, 0x39, 0xde, 0xb8, 0x63,
    0x21, 0x0, 0xc2, 0x46, 0xaf, 0x39, 0xf9, 0x6,
    0x1, 0xff, 0xc1,

    /* U+0066 "f" */
    0x0, 0xff, 0xfb, 0x23, 0xd6, 0x77, 0xfb, 0xae,
    0x14, 0x40, 0x3f, 0xf9, 0xe9, 0x5f, 0x70, 0xa6,
    0x20, 0x1, 0x47, 0xae, 0xe5, 0xc1, 0x80, 0x7f,
    0xf2, 0x53, 0x2d, 0x40, 0x3f, 0xf8, 0x22, 0x8f,
    0x98, 0x10, 0xf, 0xfe, 0x34, 0xd9, 0x80, 0x7f,
    0xf1, 0xce, 0x0, 0x3f, 0xf8, 0x83, 0x8c, 0x1,
    0xff, 0xca, 0x70, 0xf, 0xfe, 0x18, 0xe1, 0x80,
    0x7f, 0xf2, 0xc4, 0x3, 0xff, 0x87, 0xa4, 0x1,
    0xff, 0xcc, 0x30, 0xf, 0xfe, 0x14, 0x98, 0x7,
    0xff, 0x35, 0x0, 0x3f, 0xf8, 0x26, 0xc0, 0x1f,
    0xfc, 0xe9, 0x0, 0xff, 0xe0, 0xf8, 0x7, 0xff,
    0x3a, 0x4, 0x3, 0xff, 0x80, 0x86, 0x1, 0xff,
    0xc2, 0x49, 0xde, 0xfd, 0xa8, 0x42, 0x4a, 0x70,
    0xf, 0xfe, 0xf, 0x0, 0x7f, 0xf0, 0x4b, 0x2d,
    0x88, 0x40, 0x95, 0xef, 0x6d, 0x40, 0x3f, 0xf8,
    0x22, 0xa0, 0x1f, 0xfc, 0x3, 0xd3, 0x0, 0xff,
    0xe6, 0xa0, 0x7, 0xff, 0x7, 0x40, 0x3f, 0xf9,
    0xfe, 0x1, 0xff, 0xc0, 0x81, 0x0, 0xff, 0xe7,
    0xa0, 0x7, 0xff, 0x1, 0xc0, 0x3f, 0xf9, 0xe2,
    0x20, 0xf, 0xf9, 0x40, 0x3f, 0xfa, 0x4, 0x1,
    0xff, 0xc0, 0xf0, 0xf, 0xfe, 0x83, 0x0, 0x7f,
    0xf0, 0x1c, 0x3, 0xff, 0xa0, 0x40, 0x1f, 0xfc,
    0x2, 0x0, 0xff, 0xe8, 0x78, 0x7, 0xfc, 0x20,
    0x1f, 0xfd, 0x11, 0x0, 0xff, 0x8c, 0x3, 0xff,
    0xba, 0x20, 0x1f, 0xfd, 0x13, 0x0, 0xff, 0xff,
    0x80, 0x7f, 0xff, 0xc0, 0x3f, 0xff, 0xe0, 0x1f,
    0xff, 0xf0, 0xf, 0xff, 0xf8, 0x7, 0xff, 0x78,
    0x48, 0x40, 0x3f, 0xe1, 0x44, 0xff, 0x18, 0x7,
    0xfc, 0xd5, 0x9b, 0xfd, 0xa8, 0x1, 0xff, 0x15,
    0xdf, 0xfb, 0x3e, 0x40, 0x3f, 0x64, 0xa9, 0x90,
    0x7, 0xff, 0x41, 0xa8, 0x3, 0xd0, 0x60, 0x1f,
    0xfd, 0x55, 0x20, 0xe, 0x60, 0xf, 0xfe, 0xba,
    0x0, 0x61, 0x10, 0x7, 0xff, 0x5c, 0x40, 0x3f,
    0xfc, 0x42, 0x1, 0xff, 0xd8, 0x20, 0xe, 0x40,
    0xf, 0xfe, 0xba, 0x0, 0x74, 0x0, 0x7f, 0xf5,
    0xa4, 0x40, 0x38, 0xf5, 0x44, 0x3, 0xff, 0xa2,
    0x76, 0xc0, 0x1f, 0x15, 0x77, 0xff, 0x28, 0x7,
    0xfc, 0x7f, 0xff, 0xf6, 0x20, 0x7, 0xff, 0xfc,
    0x3, 0xff, 0xfe, 0x1, 0xff, 0xff, 0x0, 0xff,
    0xff, 0x80, 0x7f, 0xff, 0xc0, 0x3f, 0xff, 0xe0,
    0x1f, 0xff, 0xf0, 0xf, 0xff, 0xf8, 0x7, 0xff,
    0xfc, 0x3, 0xff, 0xfe, 0x1, 0xff, 0xff, 0x0,
    0xff, 0xff, 0x80, 0x7f, 0xff, 0xc0, 0x3f, 0xff,
    0xe0, 0x1f, 0xff, 0xf0, 0xf, 0xff, 0xf8, 0x7,
    0xff, 0xfc, 0x3, 0xff, 0xfe, 0x1, 0xff, 0xff,
    0x0, 0xff, 0xff, 0x80, 0x7f, 0xff, 0xc0, 0x3f,
    0xff, 0xe0, 0x1f, 0xff, 0xf0, 0xf, 0xff, 0xf8,
    0x7, 0xff, 0xfc, 0x3, 0xff, 0xfe, 0x1, 0xff,
    0xff, 0x0, 0xff, 0xff, 0x80, 0x7f, 0xff, 0xc0,
    0x3f, 0xff, 0xe0, 0x1f, 0xfd, 0x63, 0x0, 0xff,
    0x9c, 0x3, 0xff, 0xa3, 0xc0, 0x1f, 0xf1, 0x0,
    0x7f, 0xf4, 0x54, 0x3, 0xfe, 0xd0, 0xf, 0xfe,
    0x89, 0x40, 0x7, 0xf3, 0xa0, 0x7, 0xff, 0x49,
    0xf1, 0x88, 0x2, 0x25, 0xc8, 0x0, 0xff, 0xe4,
    0x0,

    /* U+0067 "g" */
    0x0, 0xff, 0xe7, 0x11, 0x99, 0xc, 0x84, 0x3,
    0xff, 0xd2, 0x91, 0x7d, 0xfb, 0x98, 0xbc, 0xde,
    0xfd, 0x96, 0x20, 0xf, 0xff, 0xa, 0xdf, 0xdb,
    0xa0, 0x80, 0x7f, 0x13, 0x4e, 0xf6, 0x67, 0xff,
    0x22, 0xe0, 0x80, 0x3f, 0xf8, 0xef, 0xd4, 0x80,
    0x1f, 0xfc, 0x61, 0x33, 0xff, 0xe4, 0x23, 0xea,
    0x80, 0x7f, 0xf1, 0x17, 0xa0, 0x40, 0x3f, 0xfc,
    0x14, 0x1, 0xff, 0xc2, 0x1b, 0xa1, 0x0, 0xff,
    0xf1, 0xa8, 0x7, 0xff, 0x0, 0xfd, 0x0, 0x3f,
    0xfc, 0xa4, 0x1, 0xff, 0x2e, 0x8, 0x7, 0xff,
    0xc5, 0xa8, 0x3, 0xff, 0xd0, 0x40, 0x1f, 0xcb,
    0x20, 0x1f, 0xfe, 0x94, 0x0, 0xfc, 0x74, 0x1,
    0xff, 0xc3, 0x38, 0xce, 0xff, 0x76, 0xd3, 0x0,
    0x7f, 0xf4, 0x1c, 0x40, 0x3e, 0x1d, 0x0, 0xff,
    0xe1, 0x36, 0xe3, 0x98, 0x80, 0x4, 0x96, 0x7e,
    0x44, 0x3, 0xff, 0x96, 0x73, 0x0, 0x1f, 0xa0,
    0x40, 0x3f, 0xf8, 0x5, 0x92, 0x40, 0x1f, 0xf3,
    0x7a, 0x80, 0x7f, 0xf0, 0x33, 0xff, 0xfb, 0x18,
    0x3, 0xf1, 0xb0, 0x7, 0xff, 0x0, 0xf0, 0xc0,
    0x3f, 0xf8, 0x43, 0x50, 0x1, 0xff, 0x68, 0x80,
    0x7f, 0xf1, 0xa0, 0x3, 0xff, 0x80, 0x78, 0x20,
    0x1f, 0xfc, 0x57, 0x80, 0xf, 0xf0, 0xd8, 0x7,
    0xff, 0x14, 0xd0, 0x3, 0xfe, 0x1d, 0x0, 0xff,
    0xe4, 0x3b, 0x0, 0x7f, 0x95, 0x0, 0x3f, 0xf8,
    0x94, 0x1, 0xff, 0xc0, 0xa1, 0x0, 0xff, 0xe4,
    0xc9, 0x0, 0x7f, 0xa0, 0x3, 0xff, 0x88, 0xe0,
    0x1f, 0xf2, 0xa0, 0x7, 0xff, 0x2e, 0x40, 0x3f,
    0xc6, 0x60, 0xf, 0xfe, 0x12, 0x8, 0x7, 0xfd,
    0x0, 0x1f, 0xfc, 0xc4, 0x30, 0xf, 0xf5, 0x0,
    0x7f, 0xf0, 0xb0, 0x3, 0xfe, 0x32, 0x0, 0xff,
    0xe6, 0xc8, 0x7, 0xf9, 0xc0, 0x3f, 0xf8, 0x46,
    0x1, 0xff, 0x58, 0x7, 0xff, 0x39, 0x40, 0x3f,
    0xc2, 0x40, 0x1f, 0xfc, 0x15, 0x0, 0xff, 0x90,
    0x3, 0xff, 0x9e, 0x60, 0x1f, 0xe7, 0x0, 0xff,
    0xe0, 0x88, 0x7, 0xfc, 0x60, 0x1f, 0xfc, 0xf5,
    0x0, 0xff, 0x68, 0x7, 0xff, 0x0, 0x80, 0x3f,
    0xe1, 0x0, 0xff, 0xe8, 0x78, 0x7, 0xf8, 0x80,
    0x3f, 0xf8, 0x2, 0x1, 0xff, 0x10, 0x7, 0xff,
    0x40, 0xc0, 0x3f, 0xcc, 0x1, 0xff, 0xe9, 0x10,
    0xf, 0xf0, 0x80, 0x7f, 0xff, 0xc0, 0x3f, 0xfe,
    0xe2, 0x1, 0xff, 0x10, 0x7, 0xff, 0x40, 0x80,
    0x3f, 0xc2, 0x1, 0xff, 0xc0, 0x20, 0xf, 0xf8,
    0x40, 0x3f, 0xfa, 0x1c, 0x1, 0xff, 0xcc, 0x10,
    0xf, 0xf8, 0xc0, 0x3f, 0xf9, 0xe6, 0x1, 0xfe,
    0x50, 0xf, 0xfe, 0x9, 0x0, 0x7f, 0xca, 0x1,
    0xff, 0xcf, 0x50, 0xf, 0xf7, 0x0, 0x7f, 0xf0,
    0x54, 0x3, 0xfe, 0xd0, 0xf, 0xfe, 0x71, 0x88,
    0x7, 0xf8, 0xc0, 0x3f, 0xf8, 0x38, 0x1, 0xff,
    0x20, 0x80, 0x7f, 0xf3, 0x68, 0x3, 0xfe, 0x40,
    0xf, 0xfe, 0xa, 0x80, 0x7f, 0xf0, 0x24, 0x3,
    0xff, 0x98, 0x2c, 0x1, 0xfe, 0x30, 0xf, 0xfe,
    0x1a, 0x0, 0x7f, 0xce, 0x20, 0x1f, 0xfc, 0xbb,
    0x0, 0xff, 0xa8, 0x3, 0xff, 0x87, 0xc0, 0x1f,
    0xfc, 0xa, 0x0, 0xff, 0xe5, 0x2a, 0x80, 0x3f,
    0xe6, 0x0, 0xff, 0xe1, 0xa9, 0x0, 0x7f, 0xc9,
    0x0, 0x1f, 0xfc, 0x82, 0xa0, 0xf, 0xf9, 0xc0,
    0x3f, 0xf8, 0xb0, 0x1, 0xff, 0xc0, 0x77, 0x0,
    0x7f, 0xf1, 0x8f, 0x0, 0x3f, 0xe1, 0x90, 0xf,
    0xfe, 0x2a, 0xa0, 0x7, 0xff, 0x2, 0x24, 0x3,
    0xff, 0x88, 0xb8, 0x20, 0x1f, 0xf4, 0x8, 0x7,
    0xff, 0x1a, 0x84, 0x3, 0xff, 0x80, 0xda, 0x80,
    0x1f, 0xfc, 0x2, 0xba, 0x0, 0xff, 0xe0, 0x23,
    0x0, 0x7f, 0xf1, 0xc6, 0x80, 0x3f, 0xf8, 0x25,
    0x78, 0xc4, 0x1, 0xe2, 0x6b, 0xd4, 0x0, 0xff,
    0xe0, 0x15, 0x0, 0x7f, 0xf2, 0x52, 0x80, 0x3f,
    0xf8, 0x47, 0x3b, 0xfb, 0x98, 0xdf, 0xd9, 0x40,
    0xf, 0xfe, 0x8, 0xf8, 0x80, 0x7f, 0xf2, 0x96,
    0x80, 0x3f, 0xf8, 0xa4, 0x66, 0x20, 0xf, 0xfe,
    0x2e, 0x90, 0x7, 0xff, 0x31, 0x58, 0x3, 0xff,
    0xae, 0x38, 0x60, 0x1f, 0xfc, 0xe1, 0x0, 0xff,
    0xeb, 0x1f, 0x98, 0x7, 0xff, 0x38, 0xdc, 0x3,
    0xff, 0xaa, 0xf8, 0x20, 0x1f, 0xfc, 0xe6, 0xc0,
    0xf, 0xfe, 0xa1, 0xe4, 0x0, 0x7f, 0xf3, 0xde,
    0x40, 0x3f, 0x84, 0x40, 0x1f, 0xfc, 0x83, 0xac,
    0x30, 0xf, 0xfe, 0x7a, 0xc0, 0x7, 0xf1, 0x7f,
    0x5a, 0x0, 0x7f, 0xf0, 0xc9, 0xf3, 0xa, 0x1,
    0xff, 0xd0, 0x1a, 0x0, 0xfe, 0x1c, 0x10, 0x4b,
    0xfb, 0x75, 0x21, 0x0, 0x84, 0x91, 0xab, 0x75,
    0x6, 0x1, 0xff, 0xd2, 0x80, 0xf, 0xf5, 0x8,
    0x7, 0x24, 0x56, 0xf7, 0xfd, 0xdb, 0x72, 0xa4,
    0x1, 0xff, 0xd5, 0x60, 0xf, 0xe4, 0x40, 0x7,
    0xff, 0xa1, 0x40, 0x3f, 0xde, 0x1, 0xff, 0xe9,
    0xc0, 0xf, 0xf2, 0x0, 0x7f, 0xfa, 0x54, 0x3,
    0xf8, 0xc0, 0x3f, 0xfd, 0x44, 0x1, 0xff, 0xf4,
    0x10, 0xf, 0xe2, 0x0, 0xff, 0xfa, 0x9, 0x0,
    0x7f, 0xfa, 0x44, 0x3, 0xfd, 0x60, 0x1f, 0xfe,
    0x93, 0x0, 0xff, 0x32, 0x80, 0x7f, 0xfa, 0x1c,
    0x3, 0xfe, 0xa8, 0x10, 0xf, 0xff, 0x36, 0x0,
    0x7f, 0xf0, 0x1f, 0xa5, 0x44, 0x3, 0xff, 0xc6,
    0xe0, 0x1f, 0xfc, 0x26, 0xae, 0xe6, 0x5d, 0xaa,
    0xbf, 0xf8, 0x93, 0xe, 0xca, 0x40, 0x1f, 0xfc,
    0x91, 0x50, 0xf, 0xfe, 0x20, 0x9a, 0x21, 0x57,
    0xff, 0x88, 0xcf, 0x13, 0x5b, 0xfb, 0x4e, 0x40,
    0x1f, 0xfc, 0x58, 0x0, 0xff, 0xef, 0x92, 0xc6,
    0xea, 0x4, 0x3, 0xff, 0x84, 0x52, 0x1, 0xff,
    0xe2, 0x27, 0xea, 0x20, 0xf, 0xfe, 0xb, 0x28,
    0x7, 0xff, 0x91, 0x75, 0xc0, 0x3f, 0xf8, 0x34,
    0xa0, 0x1f, 0xfe, 0x58, 0xb0, 0xf, 0xfe, 0xd,
    0x40, 0x7, 0xff, 0x95, 0x30, 0x3, 0xff, 0x83,
    0xe0, 0x1f, 0xfe, 0x63, 0xb0, 0xf, 0xf1, 0x63,
    0x80, 0x7f, 0xf9, 0xd1, 0xc0, 0x3f, 0x1e, 0x18,
    0x7, 0xff, 0xa6, 0x4, 0x3, 0xc9, 0x82, 0x1,
    0xf8, 0xb3, 0xf2, 0x59, 0x8, 0x40, 0x3f, 0xfb,
    0x4c, 0x1, 0xc7, 0x60, 0x1f, 0xc7, 0x86, 0x6,
    0xd3, 0x7b, 0xdf, 0xff, 0xfc, 0x3e, 0xe6, 0xdc,
    0xa8, 0x80, 0x7f, 0xf1, 0x28, 0x3, 0x16, 0x0,
    0x7f, 0x1e, 0x8, 0x7, 0xff, 0x2c, 0x44, 0x48,
    0xd5, 0xda, 0xc0, 0x1f, 0xfc, 0x22, 0x20, 0x5,
    0xc0, 0x1f, 0xc5, 0xa0, 0x1f, 0xfd, 0x42, 0x9d,
    0x20, 0xf, 0xfe, 0xa, 0x0, 0x20, 0xc0, 0x3f,
    0xb8, 0x40, 0x3f, 0xfa, 0xc5, 0x82, 0x1, 0xff,
    0xc0, 0xe0, 0x17, 0x0, 0xfe, 0x73, 0x0, 0xff,
    0xec, 0xd, 0x0, 0x7f, 0xf0, 0x8, 0x20, 0x3,
    0xfd, 0x20, 0x1f, 0xfd, 0xa4, 0x10, 0xf, 0xf8,
    0x41, 0xc0, 0x3f, 0x94, 0x40, 0x3f, 0xfb, 0x6e,
    0x1, 0xff, 0xc0, 0x41, 0x0, 0xfe, 0xc0, 0xf,
    0xfe, 0xe7, 0x0, 0x7f, 0xc3, 0x80, 0x1f, 0xe5,
    0x0, 0xff, 0xee, 0x8, 0x7, 0xfc, 0x66, 0x0,
    0xff, 0x8, 0x7, 0xff, 0xa3, 0x9c, 0x3, 0xff,
    0xcf, 0xe0, 0x1f, 0xf1, 0x88, 0x7, 0xf9, 0x80,
    0x3f, 0xfb, 0x88, 0x1, 0xff, 0x28, 0x7, 0xfc,
    0x60, 0x1f, 0xfd, 0xb4, 0x20, 0xf, 0xf2, 0x8,
    0x80, 0x3f, 0xd6, 0x1, 0xff, 0xdb, 0x90, 0xf,
    0xfb, 0x41, 0x80, 0x3f, 0xc6, 0x60, 0xf, 0xfe,
    0xcc, 0x90, 0x7, 0xf8, 0x58, 0x34, 0x3, 0xfe,
    0x80, 0xf, 0xfe, 0xc3, 0xb0, 0x7, 0xfd, 0x20,
    0x4, 0x0, 0xff, 0x91, 0xc0, 0x3f, 0xfa, 0xd1,
    0x0, 0xf, 0xf8, 0x9c, 0x0, 0x62, 0x1, 0xff,
    0x43, 0x0, 0x7f, 0xf5, 0x29, 0xc0, 0x3f, 0xf8,
    0x12, 0x1, 0xa4, 0x3, 0xff, 0x81, 0x32, 0x0,
    0xff, 0xe8, 0xa7, 0x28, 0x7, 0xff, 0x1, 0xd0,
    0x3, 0x30, 0x7, 0xff, 0x5, 0xb5, 0x40, 0x3f,
    0xf9, 0xa7, 0x76, 0x10, 0xf, 0xfe, 0x2, 0x40,
    0x7, 0xc, 0x80, 0x7f, 0xf0, 0x4a, 0xb5, 0x84,
    0x3, 0xff, 0x90, 0xb7, 0x88, 0x1, 0xff, 0xc1,
    0x4b, 0x0, 0xf9, 0x90, 0x3, 0xff, 0x84, 0x53,
    0xd9, 0x8, 0x20, 0x1f, 0xf0, 0x9b, 0xdf, 0xd2,
    0x0, 0x7f, 0xf0, 0x92, 0xc0, 0x3f, 0xa8, 0x80,
    0x3f, 0xf8, 0x86, 0xf7, 0xdf, 0xb9, 0x75, 0x5a,
    0xf7, 0xb9, 0x90, 0x80, 0x1f, 0xfc, 0x46, 0xb0,
    0xf, 0xf0, 0xe1, 0x0, 0x7f, 0xf2, 0x8, 0xd1,
    0x57, 0x21, 0x8, 0x7, 0xff, 0x1e, 0x64, 0x1,
    0xff, 0xc0, 0x1c, 0x30, 0xf, 0xff, 0x11, 0xeb,
    0x0, 0x7f, 0xf0, 0x87, 0x1c, 0x3, 0xff, 0xc1,
    0x18, 0x40, 0x1f, 0xfc, 0x58, 0xc3, 0x0, 0xff,
    0xee, 0x37, 0x38, 0x7, 0xff, 0x20, 0xf2, 0xd0,
    0x3, 0xff, 0xae, 0x2f, 0xd2, 0x20, 0x1f, 0xfc,
    0xb4, 0xbd, 0x72, 0x0, 0xff, 0xe9, 0x2d, 0x74,
    0x8, 0x7, 0xff, 0x3c, 0xa3, 0x75, 0x8, 0x20,
    0x1f, 0xfc, 0xa2, 0x6a, 0xfa, 0x50, 0xf, 0xfe,
    0xa9, 0x3d, 0xf7, 0x2e, 0x5d, 0x50, 0x84, 0x40,
    0x1c, 0x24, 0x6a, 0xf3, 0x9f, 0xb2, 0xa0, 0x1f,
    0xfc, 0x90,

    /* U+0068 "h" */
    0x0, 0x14, 0xef, 0xfd, 0xb2, 0x60, 0x1f, 0xfe,
    0x36, 0xd6, 0x20, 0x8, 0x9b, 0x20, 0x3, 0xff,
    0xc2, 0x52, 0x1, 0xfc, 0xe8, 0x1, 0xff, 0xe0,
    0x50, 0xf, 0xfb, 0x40, 0x3f, 0xfc, 0x1c, 0x1,
    0xff, 0x10, 0x7, 0xff, 0x80, 0xc0, 0x3f, 0xff,
    0xe0, 0x1f, 0xff, 0xf0, 0xf, 0xff, 0xf8, 0x7,
    0xff, 0xfc, 0x3, 0xff, 0xd2, 0x20, 0x1f, 0xff,
    0xf0, 0xf, 0xff, 0xf8, 0x7, 0xff, 0xfc, 0x3,
    0xff, 0xfe, 0x1, 0xff, 0xdd, 0x30, 0xf, 0xff,
    0xf8, 0x7, 0xff, 0xfc, 0x3, 0xff, 0xfe, 0x1,
    0xff, 0xff, 0x0, 0xff, 0xee, 0x88, 0x7, 0xff,
    0xfc, 0x3, 0xff, 0xfe, 0x1, 0xff, 0xff, 0x0,
    0xff, 0xff, 0x80, 0x7f, 0xff, 0xc0, 0x3f, 0xf9,
    0x7e, 0x1, 0xff, 0xfd, 0x47, 0xad, 0xef, 0xfb,
    0xb2, 0x9d, 0x0, 0x3f, 0xfb, 0xad, 0x7f, 0x70,
    0xa4, 0x20, 0x10, 0x9a, 0xc5, 0xfd, 0x20, 0x7,
    0xff, 0x5c, 0x63, 0xa5, 0x0, 0x3f, 0xf8, 0x6b,
    0x78, 0x60, 0x1f, 0xfd, 0x48, 0xe7, 0x10, 0xf,
    0xfe, 0x39, 0xe4, 0x80, 0x7f, 0xf4, 0x57, 0x9c,
    0x3, 0xff, 0x98, 0xda, 0x20, 0x1f, 0xfc, 0x71,
    0x0, 0xe1, 0xba, 0x10, 0xf, 0xfe, 0x71, 0x60,
    0x80, 0x7f, 0xf2, 0xd3, 0xd0, 0x3, 0xff, 0xa2,
    0x58, 0x1, 0xff, 0xca, 0x7b, 0x10, 0xf, 0xfe,
    0x99, 0x50, 0x7, 0xff, 0x22, 0xa0, 0x3, 0xff,
    0xac, 0xaa, 0x0, 0xff, 0xe2, 0x8e, 0x28, 0x7,
    0xff, 0x62, 0xc0, 0x3f, 0xf8, 0x83, 0x86, 0x1,
    0xff, 0xc5, 0x10, 0xf, 0xfe, 0x38, 0xb8, 0x7,
    0xff, 0xe, 0x8, 0x3, 0xff, 0x80, 0xb3, 0x9d,
    0xfe, 0xef, 0xf5, 0xb8, 0x80, 0x7f, 0xf0, 0xe4,
    0x3, 0xff, 0x9c, 0x55, 0xf4, 0xc6, 0x20, 0x1c,
    0x91, 0xce, 0x1, 0xff, 0xc2, 0x16, 0x0, 0xff,
    0xe5, 0x8d, 0x6a, 0x80, 0x7f, 0xf0, 0x62, 0x80,
    0x3f, 0xf8, 0x5a, 0x1, 0xff, 0xca, 0x6f, 0x50,
    0xf, 0xfe, 0x22, 0xd0, 0x7, 0xff, 0x5, 0x4,
    0x3, 0xff, 0x91, 0x52, 0x20, 0x1f, 0xfc, 0x65,
    0x60, 0xf, 0xfe, 0xa, 0x0, 0x7f, 0xf1, 0x8b,
    0x54, 0x3, 0xff, 0x93, 0x0, 0x1f, 0xfc, 0x1c,
    0x0, 0xff, 0xe2, 0x9e, 0x10, 0x7, 0xff, 0x28,
    0x5c, 0x3, 0xff, 0x80, 0x80, 0x1f, 0xfc, 0x45,
    0xc1, 0x0, 0xff, 0xe6, 0x50, 0x7, 0xff, 0x0,
    0x80, 0x3f, 0xf8, 0x6b, 0x40, 0x1f, 0xfc, 0xe2,
    0x20, 0x7, 0xff, 0x0, 0x80, 0x3f, 0xf8, 0x2d,
    0x40, 0x1f, 0xfd, 0x4, 0x0, 0xff, 0xe0, 0x38,
    0x7, 0xff, 0x0, 0xe4, 0x3, 0xff, 0xa3, 0xe0,
    0x1f, 0xfc, 0x3, 0x0, 0xff, 0xef, 0xa8, 0x7,
    0xff, 0x3, 0x80, 0x3f, 0xfb, 0xe4, 0x1, 0xff,
    0xc0, 0x10, 0xf, 0xfe, 0xf8, 0x80, 0x7f, 0xf0,
    0xc, 0x3, 0xff, 0xc0, 0x20, 0x1f, 0xf0, 0x80,
    0x7f, 0xf8, 0xc, 0x3, 0xff, 0xd8, 0x20, 0x1f,
    0xff, 0x87, 0x0, 0xff, 0xff, 0x80, 0x7f, 0xff,
    0xc0, 0x3f, 0xff, 0xe0, 0x1f, 0xff, 0xf0, 0xf,
    0xff, 0xf8, 0x7, 0xff, 0xfc, 0x3, 0xff, 0xfe,
    0x1, 0xff, 0xff, 0x0, 0xff, 0xff, 0x80, 0x7f,
    0xff, 0xc0, 0x3f, 0xff, 0xe0, 0x1f, 0xff, 0xf0,
    0xf, 0xff, 0xf8, 0x7, 0xff, 0xfc, 0x3, 0xff,
    0xfe, 0x1, 0xff, 0xff, 0x0, 0xff, 0xff, 0x80,
    0x7f, 0xff, 0xc0, 0x3f, 0xff, 0xe0, 0x1f, 0xff,
    0xf0, 0xf, 0xff, 0xf8, 0x7, 0xff, 0xfc, 0x3,
    0xff, 0xfe, 0x1, 0xff, 0xff, 0x0, 0xff, 0xff,
    0x80, 0x7f, 0xff, 0xc0, 0x3f, 0xff, 0xe0, 0x1f,
    0xff, 0xf0, 0xf, 0xff, 0xb1, 0x80, 0x7f, 0xce,
    0x1, 0xff, 0xd3, 0x70, 0xf, 0xf9, 0xf8, 0x3,
    0xfe, 0x20, 0xf, 0xfe, 0x99, 0x80, 0x7f, 0xc4,
    0xc0, 0x1f, 0xf5, 0x0, 0x7f, 0xf4, 0xe8, 0x3,
    0xfe, 0xa1, 0xb1, 0x0, 0xfd, 0x46, 0x1, 0xff,
    0xd3, 0x2a, 0x10, 0xf, 0xd4, 0x60, 0x9f, 0x2a,
    0x67, 0x2c, 0x72, 0x80, 0x7f, 0xf5, 0x57, 0xe5,
    0x4c, 0xe5, 0x8e, 0x50,

    /* U+0069 "i" */
    0x0, 0xfc, 0x42, 0x1, 0xff, 0x14, 0xf7, 0xef,
    0x7d, 0xa0, 0x7, 0xcd, 0xac, 0x20, 0x19, 0x2e,
    0x80, 0x39, 0xe4, 0x3, 0xf9, 0x6c, 0x2, 0x48,
    0x0, 0xff, 0x92, 0x40, 0x10, 0x1, 0xff, 0xc1,
    0x62, 0x21, 0x80, 0x7f, 0xf0, 0xa9, 0xc0, 0x3f,
    0xf8, 0x66, 0x40, 0x1f, 0xfc, 0x36, 0x0, 0xff,
    0xe2, 0x90, 0x7, 0xff, 0xd, 0x9c, 0x3, 0xff,
    0x87, 0x84, 0x60, 0x1f, 0xfc, 0x25, 0x8, 0x0,
    0xff, 0xe0, 0xb1, 0x2, 0x38, 0x7, 0xfc, 0x72,
    0x1, 0x44, 0x80, 0x7f, 0x36, 0x0, 0x73, 0x74,
    0x20, 0x80, 0x9, 0xb2, 0x40, 0x3e, 0x17, 0xbe,
    0xff, 0x6c, 0x98, 0x7, 0xff, 0xfc, 0x3, 0xff,
    0xfe, 0x1, 0xff, 0xf4, 0x35, 0x58, 0xc0, 0x3f,
    0xd1, 0xd9, 0x55, 0x67, 0xc8, 0x80, 0x7a, 0xdc,
    0x40, 0x3c, 0xd8, 0x1, 0xc8, 0x80, 0xf, 0xe2,
    0x60, 0xd, 0x80, 0x1f, 0xf6, 0x0, 0x61, 0x0,
    0xff, 0x84, 0x3, 0x18, 0x7, 0xfc, 0xe0, 0x1f,
    0xff, 0xf0, 0xf, 0xff, 0xf8, 0x7, 0xff, 0xfc,
    0x3, 0xff, 0xfe, 0x1, 0xff, 0xff, 0x0, 0xff,
    0xff, 0x80, 0x7f, 0xff, 0xc0, 0x3f, 0xff, 0xe0,
    0x1f, 0xff, 0xf0, 0xf, 0xff, 0xf8, 0x7, 0xff,
    0xfc, 0x3, 0xff, 0xfe, 0x1, 0xff, 0xff, 0x0,
    0xff, 0xea, 0x18, 0x7, 0xfc, 0xe0, 0x1b, 0x80,
    0x3f, 0xe2, 0x0, 0xca, 0x1, 0xff, 0x68, 0x6,
    0x29, 0x0, 0xfe, 0x74, 0x0, 0xe6, 0xc6, 0x20,
    0x8, 0x97, 0x20, 0x2,

    /* U+006A "j" */
    0x0, 0xff, 0xe3, 0xb5, 0xf7, 0xf6, 0x40, 0x80,
    0x7f, 0xf2, 0x53, 0xa5, 0x4, 0x4, 0xdf, 0x9c,
    0x3, 0xff, 0x8e, 0xb6, 0x20, 0x1f, 0xa2, 0x40,
    0x3f, 0xf8, 0xa5, 0x40, 0x1f, 0xf3, 0x30, 0x3,
    0xff, 0x89, 0x0, 0x1f, 0xfc, 0x18, 0x10, 0xf,
    0xfe, 0x1a, 0x80, 0x7f, 0xf0, 0x45, 0x0, 0x3f,
    0xf8, 0x46, 0x1, 0xff, 0xc3, 0xc0, 0xf, 0xfe,
    0x13, 0x0, 0x7f, 0xf0, 0xc8, 0x3, 0xff, 0xc2,
    0xc0, 0x1f, 0xfc, 0x31, 0x0, 0xff, 0xe1, 0x18,
    0x7, 0xff, 0xf, 0x0, 0x3f, 0xf8, 0x68, 0x1,
    0xff, 0xc2, 0x70, 0xf, 0xfe, 0x1c, 0x0, 0x7f,
    0xf0, 0x58, 0x40, 0x3f, 0xf8, 0x67, 0x0, 0x1f,
    0xf1, 0xc8, 0x7, 0xff, 0x15, 0xe4, 0x3, 0xf9,
    0x70, 0x3, 0xff, 0x8e, 0xdd, 0x6, 0x1, 0x13,
    0x65, 0x0, 0x7f, 0xf2, 0x45, 0xf3, 0xfe, 0xd9,
    0x30, 0xf, 0xff, 0xf8, 0x7, 0xff, 0xfc, 0x3,
    0xff, 0xfe, 0x1, 0xff, 0xff, 0x0, 0xff, 0xff,
    0x80, 0x7f, 0xf2, 0x44, 0xd1, 0x6, 0x1, 0xff,
    0xcc, 0x5c, 0xec, 0xbb, 0x67, 0xd1, 0x0, 0x7f,
    0xf2, 0x1e, 0x8c, 0x3, 0xcb, 0x84, 0x1, 0xff,
    0xc6, 0x18, 0x0, 0xfe, 0x18, 0x0, 0xff, 0xe3,
    0x28, 0x7, 0xfc, 0x80, 0x1f, 0xfc, 0x61, 0x0,
    0xff, 0x84, 0x3, 0xff, 0x8c, 0x60, 0x1f, 0xff,
    0xf0, 0xf, 0xff, 0xf8, 0x7, 0xff, 0xfc, 0x3,
    0xff, 0xfe, 0x1, 0xff, 0xff, 0x0, 0xff, 0xff,
    0x80, 0x7f, 0xff, 0xc0, 0x3f, 0xff, 0xe0, 0x1f,
    0xff, 0xf0, 0xf, 0xff, 0xf8, 0x7, 0xff, 0xfc,
    0x3, 0xff, 0xfe, 0x1, 0xff, 0xff, 0x0, 0xff,
    0xff, 0x80, 0x7f, 0xff, 0xc0, 0x3f, 0xff, 0xe0,
    0x1f, 0xff, 0xf0, 0xf, 0xff, 0xf8, 0x7, 0xff,
    0xfc, 0x3, 0xff, 0xfe, 0x1, 0xff, 0xff, 0x0,
    0xff, 0xff, 0x80, 0x7f, 0xff, 0xc0, 0x3f, 0xff,
    0xe0, 0x1f, 0xff, 0xf0, 0xf, 0xff, 0xf8, 0x7,
    0xff, 0xfc, 0x3, 0xff, 0xfe, 0x1, 0xff, 0xff,
    0x0, 0xff, 0xff, 0x80, 0x7f, 0xf7, 0xc4, 0x3,
    0xff, 0xe3, 0xc0, 0x1f, 0xf0, 0x80, 0x7f, 0xf1,
    0x88, 0x3, 0xfe, 0x30, 0xf, 0xfe, 0x33, 0x0,
    0x7f, 0xc2, 0x1, 0xff, 0xc5, 0x12, 0x0, 0xff,
    0x98, 0x3, 0xff, 0x8a, 0x80, 0x1f, 0xfc, 0x2,
    0x0, 0xff, 0xe2, 0xf8, 0x7, 0xff, 0x3, 0x80,
    0x3f, 0xf8, 0x82, 0xa0, 0x1f, 0xfc, 0x5, 0x0,
    0xff, 0xe2, 0x50, 0x7, 0xff, 0x4, 0x80, 0x3f,
    0xf8, 0x70, 0x80, 0x1f, 0xfc, 0x2, 0x10, 0xa,
    0xff, 0x69, 0xd0, 0x40, 0x2, 0xd8, 0xe0, 0x1f,
    0xfc, 0x15, 0x0, 0xc8, 0x4, 0xb1, 0x7d, 0xcf,
    0xe9, 0x30, 0xf, 0xfe, 0x15, 0x80, 0x46, 0x1,
    0xf0, 0x80, 0x7f, 0xf1, 0x44, 0xc0, 0x24, 0x0,
    0xff, 0xe6, 0xc8, 0x6, 0xb0, 0xf, 0xfe, 0x60,
    0xb8, 0x6, 0x20, 0xf, 0xfe, 0x64, 0x0, 0x70,
    0x80, 0x7f, 0xf2, 0xd1, 0x80, 0x38, 0xc0, 0x3f,
    0xf9, 0x45, 0x60, 0x1e, 0x80, 0xf, 0xfe, 0x4a,
    0x60, 0x7, 0xc9, 0x66, 0x1, 0xff, 0xc5, 0x19,
    0xb1, 0x0, 0xfc, 0x99, 0xb2, 0xc8, 0x42, 0x1,
    0xf0, 0x93, 0x57, 0x30, 0x7, 0xf0,

    /* U+006B "k" */
    0x0, 0x1c, 0xef, 0xfd, 0xb2, 0x60, 0x1f, 0xfe,
    0x46, 0xc6, 0x20, 0x8, 0x9b, 0x18, 0x3, 0xff,
    0xc4, 0x52, 0x1, 0xfd, 0x24, 0x1, 0xff, 0xe1,
    0x50, 0xf, 0xf9, 0x40, 0x3f, 0xfc, 0x3c, 0x1,
    0xff, 0x70, 0x7, 0xff, 0x84, 0xc0, 0x3f, 0xe3,
    0x0, 0xff, 0xff, 0x80, 0x7f, 0xff, 0xc0, 0x3f,
    0xff, 0xe0, 0x1f, 0xff, 0xf0, 0xf, 0xff, 0xf8,
    0x7, 0xff, 0xfc, 0x3, 0xff, 0xfe, 0x1, 0xff,
    0xff, 0x0, 0xff, 0xff, 0x80, 0x7f, 0xff, 0xc0,
    0x3f, 0xff, 0xe0, 0x1f, 0xff, 0xf0, 0xf, 0xff,
    0xf8, 0x7, 0xff, 0xfc, 0x3, 0xff, 0xfe, 0x1,
    0xff, 0xff, 0x0, 0xff, 0xff, 0x80, 0x7f, 0xff,
    0xc0, 0x3f, 0xff, 0xe0, 0x1f, 0xff, 0xf0, 0xf,
    0xff, 0xf8, 0x7, 0xff, 0x28, 0x51, 0x9e, 0x20,
    0xea, 0x20, 0x1f, 0xfe, 0x36, 0xce, 0xb9, 0x87,
    0x74, 0x57, 0x28, 0x7, 0xff, 0x80, 0xb6, 0x4c,
    0x3, 0xfb, 0x80, 0x3f, 0xfb, 0xe7, 0x84, 0x1,
    0xff, 0x68, 0x7, 0xff, 0x78, 0xb4, 0x40, 0x3f,
    0xe4, 0x60, 0xf, 0xfe, 0xf7, 0x88, 0x7, 0xfc,
    0x54, 0x1, 0xff, 0xde, 0xa2, 0x0, 0xff, 0x87,
    0xc4, 0x3, 0xff, 0xbb, 0xa, 0x1, 0xff, 0xc0,
    0xa2, 0x0, 0xff, 0xee, 0xab, 0x80, 0x7f, 0xf0,
    0x25, 0x0, 0x3f, 0xfb, 0xa7, 0x40, 0x1f, 0xfc,
    0x6, 0x60, 0x7, 0xff, 0x74, 0x74, 0x3, 0xff,
    0x80, 0x72, 0x1, 0xff, 0xde, 0xd1, 0x0, 0xff,
    0x8b, 0x40, 0x3f, 0xfb, 0xd2, 0x60, 0x1f, 0xfc,
    0xf, 0x10, 0xf, 0xfe, 0xeb, 0x30, 0x3, 0xff,
    0x81, 0x64, 0x1, 0xff, 0xdd, 0x49, 0x0, 0xff,
    0xe0, 0x42, 0x0, 0x7f, 0xf7, 0x4a, 0x80, 0x3f,
    0xf8, 0xa, 0xe0, 0x1f, 0xfd, 0xef, 0x10, 0xf,
    0xf8, 0xe8, 0x3, 0xff, 0xbd, 0x64, 0x1, 0xff,
    0xe, 0x80, 0x7f, 0xf7, 0xa1, 0x0, 0x3f, 0xf8,
    0x1a, 0x20, 0x1f, 0xfd, 0xd5, 0x70, 0xf, 0xfe,
    0x5, 0x18, 0x7, 0xff, 0x74, 0xe8, 0x3, 0xff,
    0x80, 0xea, 0x1, 0xff, 0xdd, 0x1d, 0x0, 0xff,
    0xe0, 0x24, 0x0, 0x7f, 0xf7, 0xb4, 0x40, 0x3f,
    0xe2, 0xb0, 0xf, 0xfe, 0xf4, 0x98, 0x7, 0xfc,
    0x3e, 0x1, 0xff, 0xde, 0x76, 0x0, 0xff, 0xe0,
    0x69, 0x0, 0x7f, 0xf7, 0x52, 0x0, 0x3f, 0xf8,
    0x12, 0x60, 0x1f, 0xfd, 0xd2, 0xa0, 0xf, 0xfe,
    0x3, 0x30, 0x3, 0xff, 0xbd, 0xe2, 0x1, 0xff,
    0x24, 0x80, 0x7f, 0xf7, 0xac, 0x80, 0x3f, 0xe2,
    0xa0, 0xf, 0xfe, 0xf4, 0x20, 0x7, 0xff, 0x0,
    0xc0, 0x3f, 0xfb, 0xca, 0xe0, 0x1f, 0xfc, 0x11,
    0xb0, 0xf, 0xfe, 0xe1, 0xd0, 0x7, 0xff, 0xd,
    0x50, 0x3, 0xff, 0xb4, 0x3a, 0x1, 0xff, 0xc5,
    0xa0, 0xf, 0xfe, 0xd6, 0x88, 0x7, 0xff, 0x14,
    0x64, 0x3, 0xff, 0xb1, 0x46, 0x1, 0xff, 0xc7,
    0x63, 0x0, 0xff, 0xeb, 0x3a, 0x80, 0x7f, 0xf2,
    0x78, 0x3, 0xff, 0xaa, 0xf0, 0x1, 0xff, 0xca,
    0x27, 0x0, 0xff, 0xea, 0x10, 0x7, 0xff, 0x0,
    0x80, 0x3f, 0xe8, 0x20, 0xf, 0xfe, 0xfb, 0xe0,
    0x7, 0xff, 0x2, 0x40, 0x3f, 0xfb, 0xcb, 0x3,
    0x20, 0x1f, 0xf2, 0x30, 0x7, 0xff, 0x70, 0xe8,
    0x0, 0xc4, 0x1, 0xff, 0x40, 0x80, 0x7f, 0xf6,
    0x8b, 0x40, 0x37, 0x0, 0x7f, 0xc3, 0x60, 0x1f,
    0xfd, 0x91, 0xf1, 0x0, 0xc6, 0xa0, 0x1f, 0xf2,
    0xa0, 0x7, 0xff, 0x63, 0x48, 0x3, 0xd6, 0x20,
    0x1f, 0xf4, 0x80, 0x7f, 0xf5, 0xe8, 0xc0, 0x3e,
    0x18, 0x0, 0xff, 0x8a, 0x0, 0x3f, 0xfa, 0xb0,
    0xa0, 0x1f, 0xcc, 0x60, 0x1f, 0xf3, 0x98, 0x7,
    0xff, 0x4d, 0x9c, 0x3, 0xfe, 0xf0, 0xf, 0xfe,
    0x7, 0x80, 0x7f, 0xf4, 0x92, 0x40, 0x3f, 0xf8,
    0x6, 0xc0, 0x1f, 0xf1, 0xb8, 0x7, 0xff, 0x40,
    0xac, 0x3, 0xff, 0x85, 0x2, 0x1, 0xff, 0x41,
    0x0, 0x7f, 0xf3, 0x87, 0x0, 0x3f, 0xf8, 0x63,
    0x0, 0x1f, 0xfc, 0x9, 0x0, 0xff, 0xe7, 0x68,
    0x80, 0x7f, 0xf1, 0x18, 0xc0, 0x3f, 0xe4, 0x50,
    0xf, 0xfe, 0x65, 0x98, 0x7, 0xff, 0x1b, 0xc0,
    0x3f, 0xf8, 0x16, 0x20, 0x1f, 0xfc, 0xa5, 0x40,
    0xf, 0xfe, 0x39, 0xb0, 0x7, 0xfc, 0x30, 0x1,
    0xff, 0xe0, 0x81, 0x0, 0xff, 0x99, 0x0, 0x3f,
    0xfb, 0xe3, 0x0, 0x1f, 0xfc, 0x9, 0x0, 0xff,
    0xf0, 0x31, 0x80, 0x7f, 0xc5, 0x0, 0x1f, 0xfe,
    0xf, 0x0, 0xff, 0xe0, 0x39, 0x0, 0x7f, 0xf7,
    0xcd, 0x80, 0x3f, 0xf8, 0x1c, 0x1, 0xff, 0xe0,
    0x81, 0x0, 0xff, 0x8d, 0x80, 0x3f, 0xfb, 0xe3,
    0x0, 0x1f, 0xfc, 0x9, 0x10, 0xf, 0xfe, 0xfb,
    0x18, 0x7, 0xff, 0x2, 0x80, 0x3f, 0xfc, 0x1e,
    0x1, 0xff, 0xc0, 0x45, 0x0, 0xff, 0xef, 0x9b,
    0x0, 0x7f, 0xf0, 0x2c, 0x40, 0x3f, 0xfb, 0xf0,
    0x20, 0x1f, 0xf0, 0xc0, 0x7, 0xff, 0x7c, 0x60,
    0x3, 0xff, 0x80, 0xc6, 0x1, 0xff, 0xdf, 0x63,
    0x0, 0xff, 0xe0, 0x70, 0x0, 0xc0, 0x3f, 0xe3,
    0x0, 0xff, 0xe8, 0xf8, 0x7, 0xff, 0x0, 0x9c,
    0x38, 0x3, 0xfe, 0xe0, 0xf, 0xfe, 0x89, 0xb8,
    0x7, 0xff, 0x2, 0x41, 0x80, 0x3f, 0xe6, 0x0,
    0xff, 0xe9, 0x43, 0x0, 0x7f, 0xc2, 0x35, 0x88,
    0x7, 0xc3, 0x62, 0x1, 0xff, 0xd3, 0x9a, 0x20,
    0xf, 0xe4, 0x10, 0x4f, 0x95, 0x33, 0x96, 0x7d,
    0x0, 0x3f, 0xfa, 0xab, 0xb9, 0xa, 0x86, 0x64,
    0x6a, 0xb0,

    /* U+006C "l" */
    0x0, 0x14, 0xef, 0xfd, 0xb2, 0x60, 0x1f, 0xe6,
    0xd6, 0x20, 0x8, 0x9b, 0x20, 0x3, 0xf1, 0x48,
    0x7, 0xf3, 0xa0, 0x7, 0xca, 0x1, 0xff, 0x68,
    0x7, 0xdc, 0x1, 0xff, 0x10, 0x7, 0xc6, 0x1,
    0xff, 0x38, 0x7, 0xff, 0xfc, 0x3, 0xff, 0xfe,
    0x1, 0xff, 0xff, 0x0, 0xff, 0xff, 0x80, 0x7f,
    0xff, 0xc0, 0x3f, 0xff, 0xe0, 0x1f, 0xff, 0xf0,
    0xf, 0xff, 0xf8, 0x7, 0xff, 0xfc, 0x3, 0xff,
    0xfe, 0x1, 0xff, 0xff, 0x0, 0xff, 0xff, 0x80,
    0x7f, 0xff, 0xc0, 0x3f, 0xff, 0xe0, 0x1f, 0xff,
    0xf0, 0xf, 0xff, 0xf8, 0x7, 0xff, 0xfc, 0x3,
    0xff, 0xfe, 0x1, 0xff, 0xff, 0x0, 0xff, 0xff,
    0x80, 0x7f, 0xff, 0xc0, 0x3f, 0xff, 0x86, 0x1,
    0xff, 0xdb, 0x10, 0xf, 0xfe, 0x99, 0x80, 0x7d,
    0xc0, 0x1f, 0xfc, 0x4, 0x0, 0xf1, 0x80, 0x7f,
    0xf0, 0x29, 0x0, 0x39, 0x80, 0x3f, 0xf8, 0x3,
    0x7f, 0xf4, 0x1, 0x80, 0x7f, 0xf1, 0x50, 0x0,
    0x40, 0x1f, 0xfc, 0x43, 0x0, 0x20, 0x7, 0xff,
    0x14, 0xc3, 0x40, 0x3f, 0xf8, 0xaa, 0x8, 0x40,
    0x1f, 0xfc, 0x4e, 0x0, 0x40, 0x7, 0xff, 0x10,
    0x40, 0xa, 0x80, 0x1f, 0xfc, 0x3e, 0x0, 0xad,
    0x40, 0x3f, 0xf8, 0x22, 0xc0, 0x1a, 0xb1, 0xd5,
    0x4, 0x3, 0xe5, 0xc1, 0x0, 0xe3, 0x8a, 0xbe,
    0xe6, 0xe5, 0xe6, 0xfd, 0x10, 0x0,

    /* U+006D "m" */
    0x0, 0xff, 0xff, 0x80, 0x7f, 0xf9, 0x49, 0xa7,
    0x3b, 0xfe, 0xed, 0xb8, 0x51, 0x0, 0xff, 0xe8,
    0xa4, 0x5e, 0xff, 0xed, 0xb9, 0x51, 0x0, 0xff,
    0xe2, 0x8a, 0x2a, 0x88, 0x3, 0xff, 0x88, 0x2f,
    0x9b, 0x2c, 0x62, 0x1, 0x9, 0x23, 0xd7, 0x5a,
    0x80, 0x7f, 0xf3, 0x12, 0xbe, 0xdd, 0x8, 0x3,
    0x12, 0x35, 0x76, 0x30, 0x7, 0xff, 0x4, 0x6f,
    0xae, 0xa9, 0xb8, 0x60, 0x1f, 0xfc, 0x2, 0x9e,
    0x83, 0x0, 0xff, 0xe1, 0x25, 0x6a, 0x80, 0x7f,
    0xf2, 0x17, 0x6d, 0x40, 0x3f, 0xf8, 0x47, 0x3e,
    0xe0, 0x1f, 0xf6, 0x20, 0x7, 0x1e, 0x10, 0x7,
    0xfa, 0x35, 0x80, 0x3f, 0xf8, 0xe5, 0x58, 0x20,
    0x1f, 0xfc, 0x43, 0xca, 0x20, 0xf, 0xfe, 0x3c,
    0x69, 0x80, 0x7e, 0x52, 0x0, 0xfd, 0x20, 0x1f,
    0x97, 0x9c, 0x3, 0xff, 0x96, 0x7e, 0x60, 0x1f,
    0xfc, 0x29, 0xc3, 0x0, 0xff, 0xe5, 0x16, 0x28,
    0x7, 0xda, 0x1, 0xfc, 0x80, 0x1f, 0x4d, 0x8,
    0x7, 0xff, 0x34, 0x70, 0xc0, 0x3f, 0xe3, 0xd6,
    0x0, 0xff, 0xe7, 0x52, 0x80, 0x78, 0x40, 0x3f,
    0xc4, 0x1, 0x8b, 0x58, 0x3, 0xff, 0xa3, 0xa4,
    0x1, 0xfc, 0xd8, 0x40, 0x1f, 0xfd, 0xa, 0x30,
    0xe, 0x30, 0xf, 0xf0, 0x80, 0x49, 0x84, 0x1,
    0xff, 0xd2, 0x1f, 0x0, 0xfd, 0x32, 0x0, 0xff,
    0xe9, 0xe8, 0x80, 0x7f, 0xf0, 0xd8, 0x0, 0xd6,
    0x20, 0x1f, 0xfd, 0x42, 0x80, 0xf, 0x5b, 0x0,
    0x7f, 0xf5, 0x6, 0xc0, 0x3f, 0xf8, 0x64, 0xf,
    0x20, 0x1f, 0xfd, 0x77, 0x30, 0x8, 0x71, 0x0,
    0x3f, 0xfa, 0xca, 0x80, 0x1f, 0xfc, 0x2f, 0x78,
    0x0, 0xff, 0xec, 0xc0, 0x0, 0x70, 0xc0, 0x3f,
    0xfb, 0x10, 0x1, 0xff, 0xc2, 0x68, 0x0, 0xff,
    0xe0, 0x13, 0xde, 0xff, 0xbb, 0x69, 0x80, 0x3f,
    0xf8, 0x88, 0x43, 0x84, 0x1, 0xff, 0x1c, 0x67,
    0x7f, 0xb7, 0x21, 0x0, 0x3f, 0xf8, 0x86, 0x60,
    0xf, 0xfe, 0x8, 0x80, 0x7f, 0xcb, 0x9b, 0x8,
    0x40, 0x1, 0x25, 0x9f, 0x80, 0xf, 0xfe, 0x1c,
    0x69, 0x0, 0x7f, 0x97, 0x71, 0xcc, 0x40, 0x4,
    0x6f, 0x7a, 0xc0, 0x1f, 0xfc, 0x39, 0x0, 0xff,
    0xe5, 0x9e, 0x51, 0x80, 0x7f, 0xcf, 0x82, 0x1,
    0xff, 0xc1, 0x53, 0x0, 0xfe, 0x3c, 0xa2, 0x0,
    0xff, 0x14, 0xd0, 0x7, 0xff, 0x9, 0x40, 0x3f,
    0xf9, 0x53, 0x86, 0x1, 0xff, 0xc2, 0x3c, 0x0,
    0xff, 0xe5, 0xbe, 0x18, 0x7, 0xff, 0x9, 0x70,
    0x3, 0xff, 0x84, 0xa0, 0x1f, 0xfc, 0x72, 0xd6,
    0x0, 0xff, 0xe2, 0x95, 0x0, 0x7f, 0xf2, 0x7,
    0x20, 0x3, 0xff, 0x8a, 0x72, 0x1, 0xff, 0xc1,
    0xc0, 0xf, 0xfe, 0x32, 0x69, 0x0, 0x7f, 0xf1,
    0xd4, 0xc0, 0x3f, 0xf8, 0xc7, 0xe6, 0x1, 0xff,
    0xc7, 0x63, 0x0, 0xff, 0xe0, 0x20, 0x7, 0xff,
    0x15, 0xac, 0x3, 0xff, 0x95, 0x20, 0x1f, 0xfc,
    0x54, 0xc1, 0x0, 0xff, 0xe4, 0xc8, 0x7, 0xff,
    0x0, 0x84, 0x3, 0xff, 0x86, 0xf2, 0x1, 0xff,
    0xcb, 0x51, 0x0, 0xff, 0xe1, 0xa5, 0x80, 0x7f,
    0xf2, 0xd4, 0x40, 0x3f, 0xf8, 0x4, 0x1, 0xff,
    0xc2, 0x78, 0x0, 0xff, 0xe6, 0xb8, 0x7, 0xff,
    0x9, 0x6c, 0x3, 0xff, 0x9a, 0xe0, 0x1f, 0xfc,
    0x5, 0x0, 0xff, 0xe0, 0xb4, 0x0, 0x7f, 0xf3,
    0xb0, 0x3, 0xff, 0x82, 0x94, 0x1, 0xff, 0xce,
    0xd0, 0xf, 0xfe, 0x7, 0x80, 0x7f, 0xf0, 0xe,
    0x40, 0x3f, 0xf9, 0xee, 0x1, 0xff, 0xc0, 0x1b,
    0x0, 0xff, 0xe7, 0xa8, 0x7, 0xff, 0x0, 0xc0,
    0x3f, 0xfb, 0xa4, 0x1, 0xff, 0xdd, 0x11, 0x0,
    0x7f, 0xcc, 0x1, 0xff, 0xde, 0x20, 0xf, 0xfe,
    0xea, 0x80, 0x7f, 0xc2, 0x1, 0xff, 0xde, 0x60,
    0xf, 0xfe, 0xe9, 0x0, 0x7f, 0xc6, 0x1, 0xff,
    0xde, 0x10, 0xf, 0xfe, 0xe8, 0x80, 0x7f, 0xfa,
    0x8c, 0x3, 0xff, 0xbb, 0xe0, 0x1f, 0xf0, 0x80,
    0x7f, 0xf7, 0x84, 0x3, 0xff, 0xba, 0x20, 0x1f,
    0xff, 0xf0, 0xf, 0xff, 0xf8, 0x7, 0xff, 0xfc,
    0x3, 0xff, 0xfe, 0x1, 0xff, 0xff, 0x0, 0xff,
    0xff, 0x80, 0x7f, 0xff, 0xc0, 0x3f, 0xff, 0xe0,
    0x1f, 0xff, 0xf0, 0xf, 0xff, 0xf8, 0x7, 0xff,
    0xfc, 0x3, 0xff, 0xfe, 0x1, 0xff, 0xff, 0x0,
    0xff, 0xff, 0x80, 0x7f, 0xff, 0xc0, 0x3f, 0xff,
    0xe0, 0x1f, 0xff, 0xf0, 0xf, 0xff, 0xf8, 0x7,
    0xff, 0xfc, 0x3, 0xff, 0xfe, 0x1, 0xff, 0xff,
    0x0, 0xff, 0xff, 0x80, 0x7f, 0xff, 0xc0, 0x3f,
    0xff, 0xe0, 0x1f, 0xff, 0xf0, 0xf, 0xff, 0xf8,
    0x7, 0xff, 0xfc, 0x3, 0xff, 0xfe, 0x1, 0xff,
    0xff, 0x0, 0xff, 0xff, 0x80, 0x7f, 0xff, 0xc0,
    0x3f, 0xff, 0xe0, 0x1f, 0xff, 0xf0, 0xf, 0xff,
    0xf8, 0x7, 0xff, 0xfc, 0x3, 0xff, 0xfe, 0x1,
    0xff, 0xff, 0x0, 0xff, 0xff, 0x80, 0x7f, 0xff,
    0xc0, 0x3f, 0xff, 0xe0, 0x1f, 0xff, 0xf0, 0xf,
    0xff, 0xf8, 0x7, 0xff, 0xfc, 0x3, 0xff, 0xfe,
    0x1, 0xff, 0xff, 0x0, 0xff, 0xff, 0x80, 0x7f,
    0xff, 0xc0, 0x3f, 0xff, 0xe0, 0x1f, 0xff, 0xf0,
    0xf, 0xff, 0xf8, 0x7, 0xff, 0x84, 0xc0, 0x3f,
    0xe7, 0x0, 0xff, 0xe8, 0xf8, 0x7, 0xfc, 0x60,
    0x1f, 0xfd, 0x13, 0x0, 0xff, 0xe0, 0x70, 0x7,
    0xfc, 0x40, 0x1f, 0xfd, 0x12, 0x0, 0xff, 0x98,
    0x3, 0xff, 0xa2, 0xc0, 0x1f, 0xf1, 0x28, 0x7,
    0xfd, 0xa0, 0x1f, 0xfd, 0x14, 0x0, 0xff, 0xb4,
    0x3, 0xff, 0xa2, 0x62, 0x1, 0xfe, 0x52, 0x90,
    0xf, 0xe7, 0x40, 0xf, 0xfe, 0x88, 0xd0, 0x7,
    0xf2, 0xb0, 0x7, 0xff, 0x4b, 0x40, 0x3f, 0x8e,
    0x1, 0xb1, 0x88, 0x2, 0x25, 0xc8, 0x0, 0xff,
    0xe9, 0xae, 0xb9, 0x80, 0x44, 0xb7, 0x40, 0x1f,
    0xfd, 0x33, 0xe7, 0x31, 0x0, 0xa, 0x56, 0x0,

    /* U+006E "n" */
    0x0, 0xff, 0xe8, 0xa3, 0xd6, 0xf7, 0xfd, 0xd9,
    0x4e, 0x80, 0x1f, 0xfc, 0x61, 0x45, 0x51, 0x0,
    0x7f, 0xf1, 0x96, 0xbe, 0xe1, 0x48, 0x40, 0x21,
    0x35, 0x8b, 0xfa, 0x40, 0xf, 0xfe, 0x8, 0xdf,
    0x5d, 0x53, 0x70, 0xc0, 0x3f, 0xf8, 0x23, 0x1d,
    0x4a, 0x1, 0xff, 0xc3, 0x5b, 0xc3, 0x0, 0xff,
    0xb1, 0x0, 0x38, 0xf0, 0x80, 0x3f, 0xc3, 0x1c,
    0xe2, 0x1, 0xff, 0xc7, 0x3c, 0x90, 0xf, 0xe5,
    0x20, 0xf, 0xd2, 0x1, 0xfc, 0xde, 0xe0, 0x1f,
    0xfc, 0xc6, 0xd1, 0x0, 0xfb, 0x40, 0x3f, 0x90,
    0x3, 0xe2, 0xc9, 0x10, 0xf, 0xfe, 0x71, 0x60,
    0x80, 0x78, 0x40, 0x3f, 0xc4, 0x1, 0xcf, 0xa6,
    0x1, 0xff, 0xd1, 0x2c, 0x0, 0xf1, 0x80, 0x7f,
    0x84, 0x3, 0x54, 0x0, 0x7f, 0xf5, 0xa, 0x80,
    0x3f, 0xf8, 0x8c, 0x0, 0x2d, 0x50, 0xf, 0xfe,
    0xb2, 0xa8, 0x3, 0xff, 0x86, 0x60, 0x9a, 0x40,
    0x1f, 0xfd, 0x8b, 0x0, 0xff, 0xe1, 0xf3, 0x58,
    0x7, 0xff, 0x18, 0x40, 0x3f, 0xf8, 0xe2, 0xe0,
    0x1f, 0xfc, 0x26, 0x90, 0xf, 0xfe, 0xa, 0xce,
    0x77, 0xfb, 0xbf, 0xd6, 0xe2, 0x1, 0xff, 0xc3,
    0x90, 0xf, 0xfe, 0x10, 0x80, 0x7f, 0xc5, 0x5f,
    0x4c, 0x62, 0x1, 0xc9, 0x1c, 0xe0, 0x1f, 0xfc,
    0x21, 0x50, 0xf, 0xfe, 0x58, 0xd6, 0xa8, 0x7,
    0xff, 0x6, 0x28, 0x3, 0xff, 0x85, 0xc0, 0x1f,
    0xfc, 0xa5, 0xf5, 0x0, 0xff, 0xe2, 0x2d, 0x0,
    0x7f, 0xf0, 0x50, 0x40, 0x3f, 0xf9, 0x15, 0x41,
    0x0, 0xff, 0xe3, 0x2b, 0x0, 0x7f, 0xf0, 0x50,
    0x3, 0xff, 0x8c, 0x5a, 0xa0, 0x1f, 0xfc, 0x98,
    0x0, 0xff, 0xe0, 0xe0, 0x7, 0xff, 0x14, 0xf0,
    0x80, 0x3f, 0xf9, 0x42, 0xe0, 0x1f, 0xfc, 0x4,
    0x0, 0xff, 0xe2, 0x26, 0x8, 0x7, 0xff, 0x32,
    0x80, 0x3f, 0xf8, 0x4, 0x1, 0xff, 0xc3, 0x5b,
    0x0, 0xff, 0xe7, 0x11, 0x0, 0x3f, 0xf8, 0x4,
    0x1, 0xff, 0xc1, 0x5a, 0x0, 0xff, 0xe8, 0x20,
    0x7, 0xff, 0x1, 0xc0, 0x3f, 0xf8, 0x5, 0x40,
    0x1f, 0xfd, 0x1f, 0x0, 0xff, 0xe0, 0x18, 0x7,
    0xff, 0x0, 0x40, 0x3f, 0xfa, 0x4a, 0x1, 0xff,
    0xc0, 0xe0, 0xf, 0xfe, 0xf9, 0x0, 0x7f, 0xf0,
    0x4, 0x3, 0xff, 0xbe, 0x20, 0x1f, 0xfc, 0x3,
    0x0, 0xff, 0xf0, 0x8, 0x7, 0xff, 0xb0, 0xc0,
    0x3f, 0xe1, 0x0, 0xff, 0xf0, 0x8, 0x7, 0xff,
    0xe1, 0xc0, 0x3f, 0xff, 0xe0, 0x1f, 0xff, 0xf0,
    0xf, 0xff, 0xf8, 0x7, 0xff, 0xfc, 0x3, 0xff,
    0xfe, 0x1, 0xff, 0xff, 0x0, 0xff, 0xff, 0x80,
    0x7f, 0xff, 0xc0, 0x3f, 0xff, 0xe0, 0x1f, 0xff,
    0xf0, 0xf, 0xff, 0xf8, 0x7, 0xff, 0xfc, 0x3,
    0xff, 0xfe, 0x1, 0xff, 0xff, 0x0, 0xff, 0xff,
    0x80, 0x7f, 0xff, 0xc0, 0x3f, 0xff, 0xe0, 0x1f,
    0xff, 0xf0, 0xf, 0xff, 0xf8, 0x7, 0xff, 0xfc,
    0x3, 0xff, 0xfe, 0x1, 0xff, 0xff, 0x0, 0xff,
    0xff, 0x80, 0x7f, 0xff, 0xc0, 0x3f, 0xff, 0xe0,
    0x1f, 0xff, 0xf0, 0xf, 0xff, 0xf8, 0x7, 0xff,
    0xfc, 0x3, 0xff, 0xec, 0x60, 0x1f, 0xf3, 0x80,
    0x7f, 0xf4, 0xdc, 0x3, 0xfe, 0x7e, 0x0, 0xff,
    0x88, 0x3, 0xff, 0xa6, 0x40, 0x1f, 0xf1, 0x28,
    0x7, 0xfd, 0xa0, 0x1f, 0xfd, 0x3a, 0x0, 0xff,
    0xb4, 0xa4, 0x3, 0xf9, 0xd0, 0x3, 0xff, 0xa6,
    0x70, 0x1, 0xfc, 0xe8, 0xd, 0x8c, 0x40, 0x11,
    0x2e, 0x40, 0x7, 0xff, 0x55, 0xf1, 0x88, 0x2,
    0x25, 0xc8, 0x0,

    /* U+006F "o" */
    0x0, 0xff, 0xe6, 0x93, 0x4d, 0xef, 0x7f, 0xdd,
    0xb9, 0x4e, 0xa2, 0x1, 0xff, 0xe3, 0x5a, 0xed,
    0x96, 0x42, 0x10, 0x8, 0x48, 0xd6, 0x2b, 0xb2,
    0x8, 0x3, 0xff, 0xba, 0x53, 0xf4, 0xa2, 0x1,
    0xff, 0xc4, 0x37, 0xdc, 0x60, 0xf, 0xfe, 0xc9,
    0x56, 0xb0, 0x7, 0xff, 0x2c, 0xe7, 0x98, 0x3,
    0xff, 0xad, 0x1a, 0xa0, 0x1f, 0xfc, 0xf1, 0x9d,
    0x30, 0xf, 0xfe, 0x91, 0xeb, 0x80, 0x7f, 0xf4,
    0xcb, 0x24, 0x3, 0xff, 0xa0, 0xd8, 0x40, 0x1f,
    0xfd, 0x66, 0xc1, 0x0, 0xff, 0xe6, 0xd4, 0x80,
    0x7f, 0xf6, 0x4f, 0xd0, 0x3, 0xff, 0x97, 0x6a,
    0x1, 0xff, 0xdb, 0x1b, 0x40, 0xf, 0xfe, 0x4e,
    0x20, 0x7, 0xff, 0x7a, 0xd4, 0x3, 0xff, 0x8f,
    0x66, 0x1, 0xff, 0xc5, 0x14, 0x78, 0x99, 0x43,
    0x18, 0x7, 0xff, 0x1a, 0x90, 0x3, 0xff, 0x8b,
    0x28, 0x1, 0xff, 0xc4, 0x7c, 0xeb, 0x87, 0x66,
    0x3c, 0xe7, 0xda, 0x80, 0x7f, 0xf1, 0x2c, 0x80,
    0x3f, 0xf8, 0x6c, 0xc0, 0xf, 0xfe, 0x1c, 0x7c,
    0x18, 0x7, 0xf9, 0x2b, 0x94, 0x3, 0xff, 0x87,
    0xe2, 0x1, 0xff, 0xc1, 0x29, 0x0, 0xff, 0xe1,
    0x1e, 0xb8, 0x7, 0xff, 0xc, 0x6b, 0x4, 0x3,
    0xff, 0x82, 0x56, 0x1, 0xff, 0xc1, 0xf0, 0xf,
    0xfe, 0x13, 0x61, 0x0, 0x7f, 0xf1, 0x8f, 0xcc,
    0x3, 0xff, 0x82, 0xaa, 0x0, 0xff, 0x9c, 0x80,
    0x3f, 0xf8, 0x2d, 0x20, 0x1f, 0xfc, 0x91, 0xc4,
    0x0, 0xff, 0xe0, 0xd8, 0x80, 0x7f, 0xc, 0x0,
    0x7f, 0xf0, 0x56, 0x40, 0x3f, 0xf9, 0x96, 0x40,
    0x1f, 0xfc, 0x1, 0x90, 0xf, 0xe8, 0x0, 0xff,
    0xe0, 0x9d, 0x0, 0x7f, 0xf3, 0xb0, 0x40, 0x3f,
    0xf8, 0xe, 0x20, 0x1f, 0xb, 0x0, 0x7f, 0xf0,
    0x78, 0x3, 0xff, 0x9e, 0x36, 0x1, 0xff, 0xc1,
    0x80, 0xf, 0xa4, 0x3, 0xff, 0x83, 0x4, 0x1,
    0xff, 0xd0, 0x55, 0x0, 0x7f, 0xf0, 0x18, 0x40,
    0x3c, 0xc0, 0x1f, 0xfc, 0x2, 0x70, 0xf, 0xfe,
    0x94, 0x0, 0x7f, 0xf0, 0x58, 0x3, 0x94, 0x40,
    0x3f, 0xf8, 0x10, 0x1, 0xff, 0xd3, 0x26, 0x0,
    0xff, 0xe0, 0x50, 0x7, 0x78, 0x7, 0xff, 0x0,
    0x94, 0x3, 0xff, 0xa9, 0x60, 0x1f, 0xfc, 0x2,
    0x30, 0xc, 0xa0, 0x1f, 0xfc, 0xa, 0x0, 0xff,
    0xea, 0x92, 0x0, 0x7f, 0xf0, 0x10, 0x2, 0x40,
    0xf, 0xfe, 0xb, 0x0, 0x7f, 0xf5, 0xb8, 0x3,
    0xff, 0x81, 0x60, 0x16, 0x0, 0x7f, 0xf0, 0xc,
    0x40, 0x3f, 0xfa, 0xca, 0x1, 0xff, 0xc0, 0x31,
    0x0, 0x20, 0x7, 0xff, 0x2, 0xc0, 0x3f, 0xfb,
    0x8, 0x1, 0xff, 0xc0, 0x50, 0x1, 0x80, 0x7f,
    0xf0, 0x10, 0x3, 0xff, 0xb1, 0x80, 0x1f, 0xfc,
    0x3, 0x2, 0x0, 0xff, 0xe0, 0x98, 0x7, 0xff,
    0x61, 0x0, 0x3f, 0xf8, 0x1a, 0xe, 0x1, 0xff,
    0xc0, 0x30, 0xf, 0xfe, 0xc9, 0x80, 0x7f, 0xf0,
    0x1c, 0x8, 0x3, 0xff, 0x80, 0xa0, 0x1f, 0xfd,
    0xa2, 0x0, 0xff, 0x88, 0x38, 0x3, 0xff, 0x81,
    0xc0, 0x1f, 0xfd, 0xa6, 0x0, 0xff, 0xe0, 0x98,
    0x7, 0xff, 0x0, 0x80, 0x3f, 0xfb, 0x44, 0x1,
    0xff, 0xc0, 0x21, 0x0, 0xff, 0xe0, 0x8, 0x7,
    0xff, 0x68, 0x40, 0x3f, 0xf8, 0x2, 0xe0, 0x1f,
    0xfc, 0x7, 0x0, 0xff, 0xed, 0x78, 0x7, 0xff,
    0x1, 0xc4, 0x3, 0xff, 0x80, 0x20, 0x1f, 0xfd,
    0xa1, 0x0, 0xff, 0xe0, 0x8, 0x7, 0xff, 0xfc,
    0x3, 0xff, 0xfe, 0x1, 0xff, 0xe4, 0x10, 0xf,
    0xfe, 0x0, 0x80, 0x7f, 0xf6, 0x84, 0x3, 0xff,
    0x80, 0x20, 0x1f, 0xfe, 0x8f, 0x0, 0xff, 0xe0,
    0x3b, 0x80, 0x3f, 0xf8, 0xc, 0x1, 0xff, 0xda,
    0x10, 0xf, 0xfe, 0x9, 0x0, 0x7f, 0xf0, 0xc,
    0x3, 0xff, 0xb4, 0x60, 0x1f, 0xfc, 0x2, 0xe0,
    0xf, 0xfe, 0x7, 0x80, 0x7f, 0xf6, 0x9c, 0x3,
    0xff, 0x80, 0x24, 0x1, 0xff, 0xc0, 0x20, 0xf,
    0xfe, 0xd1, 0x0, 0x7f, 0xc4, 0xc, 0x1, 0xff,
    0xc0, 0x50, 0xf, 0xfe, 0xc9, 0x0, 0x7f, 0xf0,
    0x18, 0xc, 0x3, 0xff, 0x80, 0x24, 0x1, 0xff,
    0xd8, 0x40, 0xf, 0xfe, 0x1, 0x80, 0xc, 0x3,
    0xff, 0x80, 0xe0, 0x1f, 0xfd, 0x8c, 0x0, 0xff,
    0xe0, 0x60, 0x1, 0x40, 0x3f, 0xf8, 0x1e, 0x1,
    0xff, 0xd8, 0x40, 0xf, 0xfe, 0x2, 0x80, 0x30,
    0x3, 0xff, 0x80, 0xa0, 0x1f, 0xfd, 0x74, 0x10,
    0xf, 0xf8, 0x84, 0x0, 0xa0, 0x1f, 0xfc, 0x15,
    0x0, 0xff, 0xeb, 0x68, 0x7, 0xff, 0x1, 0x40,
    0x32, 0x0, 0x7f, 0xf0, 0x24, 0x3, 0xff, 0xaa,
    0x2c, 0x1, 0xff, 0xc0, 0xb0, 0xd, 0xa0, 0x1f,
    0xfc, 0x3, 0x30, 0x7, 0xff, 0x51, 0x80, 0x3f,
    0xf8, 0x2, 0x60, 0x19, 0x80, 0x3f, 0xf8, 0x30,
    0x1, 0xff, 0xd3, 0x18, 0x0, 0xff, 0xe0, 0x48,
    0x7, 0x98, 0x3, 0xff, 0x80, 0x88, 0x0, 0xff,
    0xe9, 0x40, 0x7, 0xff, 0x5, 0x80, 0x3d, 0x60,
    0x1f, 0xfc, 0x1a, 0x0, 0xff, 0xe8, 0xa3, 0x0,
    0x7f, 0xf0, 0x14, 0x40, 0x3c, 0x4c, 0x1, 0xff,
    0xc0, 0x1a, 0x0, 0xff, 0xe7, 0x8d, 0x0, 0x7f,
    0xf0, 0x60, 0x3, 0xf4, 0x0, 0x7f, 0xf0, 0x55,
    0xc0, 0x3f, 0xf9, 0xda, 0x20, 0x1f, 0xfc, 0x6,
    0x20, 0xf, 0xc2, 0xe0, 0x1f, 0xfc, 0x18, 0x60,
    0xf, 0xfe, 0x65, 0x98, 0x7, 0xff, 0x6, 0x0,
    0x3f, 0xd0, 0x40, 0x1f, 0xfc, 0x19, 0x80, 0xf,
    0xfe, 0x48, 0xe2, 0x0, 0x7f, 0xf0, 0x64, 0x40,
    0x3f, 0xee, 0x0, 0xff, 0xe1, 0x3d, 0x88, 0x7,
    0xff, 0x19, 0x3c, 0xc0, 0x3f, 0xf8, 0x28, 0xc0,
    0x1f, 0xfc, 0x3, 0x80, 0xf, 0xfe, 0x12, 0x73,
    0x80, 0x7f, 0xf0, 0xca, 0xac, 0x40, 0x3f, 0xf8,
    0x23, 0x40, 0x1f, 0xfc, 0x27, 0x60, 0xf, 0xfe,
    0x1c, 0x7c, 0xa0, 0x7, 0xf0, 0xb5, 0xea, 0x80,
    0x7f, 0xf0, 0xf4, 0x40, 0x3f, 0xf8, 0x72, 0x80,
    0x1f, 0xfc, 0x46, 0xbf, 0xda, 0x98, 0x84, 0xdf,
    0x72, 0x50, 0x3, 0xff, 0x89, 0x46, 0x1, 0xff,
    0xc5, 0xb3, 0x0, 0xff, 0xe3, 0x12, 0xb3, 0xb9,
    0x90, 0x40, 0x3f, 0xf8, 0xd2, 0xa0, 0x1f, 0xfc,
    0x7c, 0x40, 0xf, 0xfe, 0xf5, 0x30, 0x7, 0xff,
    0x26, 0xd4, 0x3, 0xff, 0xb9, 0x6a, 0x1, 0xff,
    0xcb, 0xa9, 0x0, 0xff, 0xec, 0x96, 0xa0, 0x7,
    0xff, 0x35, 0xb0, 0x80, 0x3f, 0xfa, 0xcb, 0xa4,
    0x1, 0xff, 0xcf, 0x3d, 0x70, 0xf, 0xfe, 0x99,
    0x5d, 0x0, 0x7f, 0xf4, 0xe3, 0x58, 0x3, 0xff,
    0x9e, 0x31, 0xa8, 0x1, 0xff, 0xd5, 0x29, 0xd6,
    0x10, 0xf, 0xfe, 0x51, 0x47, 0x38, 0x7, 0xff,
    0x64, 0xa7, 0xa9, 0x44, 0x3, 0xff, 0x88, 0x4d,
    0x9a, 0xe0, 0x1f, 0xfd, 0xe5, 0xae, 0xd9, 0x75,
    0x21, 0x10, 0x0, 0x44, 0x6a, 0xf5, 0xdb, 0x26,
    0x1, 0xff, 0xca,

    /* U+0070 "p" */
    0x0, 0xff, 0xe8, 0x8a, 0x33, 0xc3, 0xb9, 0x90,
    0x80, 0x3f, 0xfc, 0x82, 0xd5, 0xdc, 0xb9, 0x87,
    0x88, 0x4d, 0xef, 0xe4, 0x20, 0x7, 0xff, 0x24,
    0x5a, 0x6a, 0x5c, 0x80, 0x3f, 0xf8, 0x4b, 0x7d,
    0x2a, 0x20, 0x1f, 0xf1, 0xbd, 0xf4, 0x10, 0x7,
    0xff, 0x15, 0x3a, 0x59, 0x5a, 0x35, 0xc0, 0x3f,
    0xe7, 0xea, 0x40, 0xf, 0xfe, 0x30, 0xbe, 0xd0,
    0x80, 0x7f, 0xf0, 0x86, 0xc0, 0x3e, 0x85, 0x0,
    0xfc, 0xfd, 0x2, 0x1, 0xff, 0xcb, 0x5e, 0x70,
    0xf, 0xfe, 0xb, 0x80, 0x7f, 0x40, 0x7, 0x93,
    0x60, 0x40, 0x3f, 0xf9, 0xf1, 0x62, 0x1, 0xff,
    0x78, 0x7, 0xf1, 0x10, 0x2, 0x1a, 0xb2, 0x0,
    0xff, 0xe9, 0x27, 0x90, 0x7, 0xf8, 0xc0, 0x3f,
    0xce, 0x0, 0x5f, 0x50, 0xf, 0xfe, 0xa8, 0xe1,
    0x80, 0x7f, 0xf2, 0x8, 0x26, 0x84, 0x3, 0xff,
    0xae, 0x3a, 0x40, 0x1f, 0xfc, 0x7c, 0xd6, 0x0,
    0xff, 0xed, 0xf, 0x88, 0x7, 0xff, 0x19, 0x8,
    0x3, 0xff, 0xb8, 0x54, 0x1, 0xff, 0xd5, 0x48,
    0xbe, 0xff, 0x76, 0xdc, 0x20, 0x7, 0xff, 0x15,
    0x18, 0x3, 0xff, 0xa2, 0x51, 0xd6, 0xe8, 0x20,
    0x1, 0x24, 0x7b, 0xf9, 0x10, 0xf, 0xfe, 0x1c,
    0x90, 0x7, 0xff, 0x38, 0x6b, 0x5c, 0x40, 0x3f,
    0xf8, 0xd, 0xd0, 0x1, 0xff, 0xc3, 0x80, 0xf,
    0xfe, 0x6c, 0x72, 0x80, 0x7f, 0xf1, 0x5f, 0x4,
    0x3, 0xff, 0x82, 0xa6, 0x1, 0xff, 0xca, 0x3d,
    0x70, 0xf, 0xfe, 0x41, 0xe0, 0x80, 0x7f, 0xf0,
    0x7c, 0x3, 0xff, 0x92, 0xf8, 0x40, 0x1f, 0xfc,
    0xa2, 0xd0, 0xf, 0xfe, 0x9, 0x98, 0x3, 0xff,
    0x8c, 0x37, 0x0, 0x1f, 0xfc, 0xd3, 0x90, 0xf,
    0xfe, 0xc, 0x80, 0x7f, 0xf1, 0x4b, 0x10, 0x3,
    0xff, 0x9e, 0xc6, 0x1, 0xff, 0xc0, 0x51, 0x0,
    0xff, 0xe1, 0x9e, 0x10, 0x7, 0xff, 0x47, 0xc0,
    0x3f, 0xf8, 0x2e, 0x1, 0xff, 0xc2, 0x2c, 0x10,
    0xf, 0xfe, 0x91, 0xa0, 0x7, 0xff, 0x3, 0x40,
    0x3f, 0xf8, 0x42, 0x1, 0xff, 0xd5, 0xe0, 0xf,
    0xfe, 0x2, 0x0, 0x7f, 0xf9, 0x14, 0x40, 0x3f,
    0xf8, 0x8, 0x1, 0xff, 0xe4, 0x40, 0xf, 0xfe,
    0x6, 0x0, 0x7f, 0xf9, 0x3c, 0x3, 0xff, 0x80,
    0x80, 0x1f, 0xfe, 0x44, 0x0, 0xff, 0xe0, 0x18,
    0x7, 0xff, 0x90, 0x44, 0x1, 0xff, 0xc0, 0x20,
    0xf, 0xff, 0x22, 0x80, 0x7f, 0xf0, 0x18, 0x3,
    0xff, 0xc8, 0x60, 0x1f, 0xfc, 0x3, 0x0, 0xff,
    0xf2, 0x70, 0x7, 0xff, 0x3, 0x80, 0x3f, 0xfc,
    0x84, 0x1, 0xff, 0xc0, 0x30, 0xf, 0xff, 0x23,
    0x80, 0x7f, 0xf0, 0x18, 0x3, 0xff, 0xc8, 0x20,
    0x1f, 0xfc, 0x1, 0x0, 0xff, 0xf2, 0x18, 0x7,
    0xff, 0x0, 0xc0, 0x3f, 0xfc, 0x82, 0x1, 0xff,
    0xfe, 0x10, 0xf, 0xff, 0xf8, 0x7, 0xff, 0xfc,
    0x3, 0xff, 0xfe, 0x1, 0xfc, 0x20, 0x1f, 0xfc,
    0x1, 0x0, 0xff, 0xf2, 0x18, 0x7, 0xff, 0x0,
    0xc0, 0x3f, 0xfc, 0x8c, 0x1, 0xff, 0xf1, 0x10,
    0xf, 0xfe, 0x3, 0x0, 0x7f, 0xf9, 0x8, 0x3,
    0xff, 0x80, 0x40, 0x1f, 0xfe, 0x4d, 0x0, 0xff,
    0xe0, 0x70, 0x7, 0xff, 0x91, 0x80, 0x3f, 0xf8,
    0x4, 0x1, 0xff, 0xe4, 0x30, 0xf, 0xfe, 0x3,
    0x80, 0x7f, 0xf8, 0xd0, 0x3, 0xff, 0x82, 0x40,
    0x1f, 0xfe, 0x3c, 0x0, 0xff, 0xe0, 0x20, 0x7,
    0xff, 0x91, 0x40, 0x3f, 0xf8, 0x6, 0x1, 0xff,
    0xe3, 0x32, 0x0, 0xff, 0xe0, 0x58, 0x7, 0xff,
    0x8e, 0x80, 0x3f, 0xf8, 0x2, 0x60, 0x1f, 0xfe,
    0x21, 0x60, 0xf, 0xfe, 0x2, 0x0, 0x7f, 0xf8,
    0xe4, 0x3, 0xff, 0x83, 0xc0, 0x1f, 0xfe, 0x21,
    0x70, 0xf, 0xfe, 0x0, 0xa0, 0x7, 0xff, 0x8a,
    0x80, 0x3f, 0xf8, 0x32, 0x1, 0xff, 0xe2, 0x54,
    0x0, 0xff, 0xe0, 0xb0, 0x7, 0xff, 0xc, 0xdc,
    0x3, 0xff, 0xa0, 0x54, 0x1, 0xff, 0xc1, 0x71,
    0x0, 0xff, 0xe2, 0x45, 0x8, 0x7, 0xff, 0x34,
    0x70, 0x3, 0xff, 0x82, 0x30, 0x1, 0xff, 0xc6,
    0x5f, 0x40, 0xf, 0xfe, 0x58, 0xe0, 0x80, 0x7f,
    0xf0, 0x60, 0x3, 0xff, 0x90, 0x37, 0x44, 0x1,
    0xff, 0xc8, 0x3f, 0x20, 0xf, 0xfe, 0x9, 0xb0,
    0x7, 0xff, 0x29, 0x76, 0x44, 0x3, 0xff, 0x8b,
    0x18, 0x20, 0x1f, 0xfc, 0x2e, 0x0, 0xff, 0xe6,
    0xb7, 0x52, 0x0, 0x7f, 0xf0, 0x5f, 0x9c, 0x3,
    0xff, 0x87, 0x24, 0x1, 0xff, 0xcf, 0x5b, 0xea,
    0x64, 0x10, 0x8, 0x51, 0xaf, 0xe0, 0x40, 0x3f,
    0xf8, 0x6c, 0xc0, 0xf, 0xfe, 0x90, 0xac, 0xdf,
    0x7f, 0xdd, 0x72, 0x80, 0x1f, 0xfc, 0x54, 0x90,
    0xf, 0xff, 0x79, 0xd8, 0x7, 0xff, 0xbc, 0xf0,
    0x3, 0xff, 0x94, 0xea, 0x1, 0xff, 0xd7, 0x4c,
    0x0, 0xff, 0xe6, 0x54, 0x80, 0x7f, 0xf5, 0x5e,
    0xc0, 0x3f, 0xf9, 0xcd, 0xc8, 0x1, 0xff, 0xd1,
    0x1b, 0x80, 0xf, 0xfe, 0x80, 0xdd, 0x8, 0x7,
    0xff, 0x39, 0xbd, 0x0, 0x3f, 0xfa, 0x6b, 0xd0,
    0x20, 0x1f, 0xfc, 0xa4, 0xc9, 0x10, 0xf, 0xfe,
    0xb3, 0xf4, 0x98, 0x7, 0xff, 0x19, 0x72, 0xcc,
    0x3, 0xff, 0xb4, 0xd9, 0xb0, 0x80, 0x1f, 0xf1,
    0x35, 0x7d, 0x18, 0x7, 0xff, 0x78, 0x9e, 0xff,
    0x6a, 0x20, 0xf1, 0x35, 0x9d, 0xb2, 0xa0, 0x1f,
    0xfd, 0x61, 0x0, 0xff, 0xe1, 0x12, 0xbb, 0xa1,
    0xd9, 0x4c, 0x40, 0x3f, 0xff, 0xe0, 0x1f, 0xff,
    0xf0, 0xf, 0xff, 0xf8, 0x7, 0xff, 0xfc, 0x3,
    0xff, 0xfe, 0x1, 0xff, 0xd6, 0x30, 0xf, 0xff,
    0xf8, 0x7, 0xff, 0xfc, 0x3, 0xff, 0xfe, 0x1,
    0xff, 0xff, 0x0, 0xff, 0xff, 0x80, 0x7f, 0xff,
    0xc0, 0x3f, 0xfc, 0x22, 0x1, 0xff, 0xff, 0x0,
    0xff, 0xff, 0x80, 0x7f, 0xff, 0xc0, 0x3f, 0xff,
    0xe0, 0x1f, 0xff, 0xf0, 0xf, 0xff, 0x11, 0x80,
    0x7f, 0xfc, 0x44, 0x3, 0xfe, 0x10, 0xf, 0xff,
    0x2d, 0x80, 0x7f, 0xde, 0x1, 0xff, 0xe5, 0x38,
    0x0, 0xfe, 0x65, 0x0, 0xff, 0xf3, 0x3e, 0x31,
    0x0, 0x44, 0xb7, 0x20, 0x1f, 0xfe, 0x60,

    /* U+0071 "q" */
    0x0, 0xff, 0xe6, 0x9b, 0x44, 0x26, 0x68, 0x64,
    0x10, 0xf, 0xff, 0x19, 0x3e, 0x7e, 0x4b, 0xb9,
    0x9a, 0x79, 0xbe, 0xe5, 0x30, 0x80, 0x7f, 0xf7,
    0x52, 0xf6, 0xc, 0x3, 0xff, 0x80, 0x2b, 0x3d,
    0x68, 0x1, 0xff, 0xc0, 0x59, 0xaa, 0x41, 0x80,
    0x7f, 0xf1, 0xcf, 0x2d, 0x0, 0x3f, 0xf8, 0xe9,
    0x7a, 0xa0, 0x1f, 0x8f, 0xa9, 0x95, 0x4f, 0x92,
    0x1, 0xff, 0xc5, 0x9c, 0x30, 0xf, 0xfe, 0x59,
    0x56, 0x20, 0x7, 0x16, 0x8, 0x7, 0x99, 0x40,
    0x3f, 0xf8, 0x47, 0xac, 0x1, 0xff, 0xcf, 0x3b,
    0x90, 0xd, 0x0, 0x1f, 0xdc, 0x1, 0xff, 0xc1,
    0x5c, 0x20, 0xf, 0xfe, 0x93, 0x69, 0x80, 0x14,
    0x3, 0xf9, 0x80, 0x3f, 0xf8, 0xf, 0x40, 0x1f,
    0xfd, 0x52, 0xc6, 0x30, 0xf, 0xf1, 0x80, 0x7f,
    0xd1, 0x0, 0xf, 0xfe, 0xc4, 0xf0, 0x7, 0xff,
    0x25, 0xdc, 0x1, 0xff, 0xda, 0x20, 0xf, 0xfe,
    0x43, 0x40, 0x7, 0xff, 0xbd, 0x24, 0x3, 0xff,
    0x8a, 0x4f, 0x5b, 0xdf, 0xee, 0xca, 0x72, 0x0,
    0xff, 0xe9, 0x15, 0x0, 0x7f, 0xf1, 0x17, 0x36,
    0x14, 0x84, 0x0, 0x26, 0xb1, 0xba, 0x71, 0x0,
    0xff, 0xe7, 0xf0, 0x80, 0x7f, 0xf0, 0x8f, 0x28,
    0xc0, 0x3f, 0xf8, 0x5, 0x1d, 0x24, 0x1, 0xff,
    0xcc, 0x73, 0x0, 0xff, 0xe1, 0x36, 0x18, 0x7,
    0xff, 0x15, 0xb6, 0x0, 0x3f, 0xf9, 0x45, 0x0,
    0x1f, 0xfc, 0x29, 0x90, 0x7, 0xff, 0x25, 0xf8,
    0xc0, 0x3f, 0xf9, 0x12, 0x1, 0xff, 0xc2, 0x96,
    0x0, 0xff, 0xe5, 0x8e, 0x40, 0x7, 0xff, 0x18,
    0xd0, 0x3, 0xff, 0x82, 0xec, 0x1, 0xff, 0xce,
    0x7b, 0x10, 0xf, 0xfe, 0x24, 0x0, 0x7f, 0xf0,
    0x52, 0x0, 0x3f, 0xfa, 0x8, 0xc0, 0x1f, 0xfc,
    0x33, 0x40, 0xf, 0xfe, 0x0, 0xd0, 0x7, 0xff,
    0x8a, 0x80, 0x3f, 0xf8, 0x30, 0x20, 0x1f, 0xfe,
    0x26, 0x0, 0xff, 0xe0, 0x13, 0x0, 0x7f, 0xf8,
    0x94, 0x3, 0xff, 0x83, 0x0, 0x1f, 0xfe, 0x3f,
    0x0, 0xff, 0xe0, 0xa, 0x80, 0x7f, 0xf8, 0xd0,
    0x3, 0xff, 0x81, 0x20, 0x1f, 0xfe, 0x33, 0x10,
    0xf, 0xfe, 0x3, 0x0, 0x7f, 0xf8, 0xd0, 0x3,
    0xff, 0x80, 0x62, 0x1, 0xff, 0xe3, 0xd0, 0xf,
    0xfe, 0x2, 0x0, 0x7f, 0xf9, 0x1c, 0x3, 0xff,
    0x81, 0x80, 0x1f, 0xfe, 0x42, 0x0, 0xff, 0xe0,
    0x20, 0x7, 0xff, 0x8c, 0x80, 0x3f, 0xf8, 0x4,
    0x1, 0xff, 0xe4, 0x60, 0xf, 0xfe, 0x3, 0x0,
    0x7f, 0xf9, 0x4, 0x3, 0xff, 0x80, 0x40, 0x1f,
    0xfe, 0x42, 0x0, 0xff, 0xe0, 0x70, 0x7, 0xff,
    0x93, 0xc0, 0x3f, 0xf8, 0x2, 0x1, 0xff, 0xf1,
    0x30, 0xf, 0xff, 0x20, 0x80, 0x7f, 0xf0, 0x4,
    0x3, 0xff, 0xfe, 0x1, 0xff, 0xff, 0x0, 0xff,
    0xff, 0x80, 0x7f, 0x8, 0x7, 0xff, 0x0, 0x40,
    0x3f, 0xff, 0xe0, 0x1f, 0xfd, 0x7f, 0x0, 0xff,
    0xe0, 0x10, 0x7, 0xff, 0x90, 0x80, 0x3f, 0xf8,
    0x1e, 0x1, 0xff, 0xe4, 0x10, 0xf, 0xfe, 0x1,
    0x0, 0x7f, 0xf9, 0x18, 0x3, 0xff, 0x80, 0xc0,
    0x1f, 0xfe, 0x42, 0x0, 0xff, 0xe0, 0x18, 0x7,
    0xff, 0x94, 0x40, 0x3f, 0xf8, 0x4, 0x1, 0xff,
    0xe4, 0x50, 0xf, 0xfe, 0x2, 0x0, 0x7f, 0xf9,
    0xc, 0x3, 0xff, 0x81, 0x80, 0x1f, 0xfe, 0x4d,
    0x0, 0xff, 0xe0, 0x28, 0x7, 0xff, 0x91, 0x0,
    0x3f, 0xf8, 0x28, 0x1, 0xff, 0xe3, 0x12, 0x0,
    0xff, 0xe0, 0x70, 0x7, 0xff, 0x91, 0x40, 0x3f,
    0xf8, 0xa, 0x20, 0x1f, 0xfe, 0x3b, 0x0, 0xff,
    0xe0, 0xc0, 0x7, 0xff, 0x8c, 0xc4, 0x3, 0xff,
    0x80, 0xc4, 0x1, 0xff, 0xd2, 0x57, 0x0, 0xff,
    0xe1, 0xb0, 0x7, 0xff, 0x6, 0x40, 0x3f, 0xfa,
    0x2b, 0x40, 0x1f, 0xfc, 0x49, 0x0, 0xff, 0xe0,
    0xa3, 0x80, 0x7f, 0xf3, 0xda, 0x80, 0x3f, 0xf8,
    0xa2, 0xa0, 0x1f, 0xfc, 0x18, 0x40, 0xf, 0xfe,
    0x6c, 0x48, 0x7, 0xff, 0x1e, 0x40, 0x3f, 0xf8,
    0x56, 0x60, 0x1f, 0xfc, 0xa1, 0xc7, 0x0, 0xff,
    0xe4, 0x1a, 0x80, 0x7f, 0xf0, 0xb1, 0x40, 0x3f,
    0xf9, 0xb, 0xe6, 0x1, 0xff, 0xca, 0xb0, 0xf,
    0xfe, 0x1d, 0x48, 0x80, 0x7f, 0xf1, 0xf, 0x28,
    0x40, 0x3f, 0xf9, 0x63, 0x0, 0x1f, 0xfc, 0x36,
    0xe8, 0x10, 0xf, 0xfe, 0x2, 0x5e, 0x18, 0x7,
    0xff, 0x39, 0xcc, 0x3, 0xff, 0x88, 0xfd, 0x8e,
    0x84, 0x20, 0x1, 0x36, 0xae, 0xb4, 0x0, 0xff,
    0xe8, 0xf0, 0x7, 0xff, 0x18, 0xe2, 0xf7, 0xbf,
    0xdd, 0x92, 0xa2, 0x1, 0xff, 0xd3, 0x2b, 0x0,
    0xff, 0xee, 0x30, 0x80, 0x7f, 0xf1, 0xd2, 0x80,
    0x3f, 0xfb, 0x27, 0x92, 0x1, 0xff, 0xc9, 0x5a,
    0x0, 0xff, 0xeb, 0xd, 0x61, 0x80, 0x7f, 0xf2,
    0xd6, 0xc0, 0x3f, 0xfa, 0x91, 0xca, 0x1, 0x8,
    0x7, 0xff, 0x29, 0x34, 0x80, 0x3f, 0xfa, 0xd,
    0xce, 0x1, 0xff, 0xd1, 0x2d, 0x70, 0xf, 0xfe,
    0x6a, 0xec, 0x88, 0x7, 0xff, 0x52, 0x35, 0x40,
    0x3f, 0xf9, 0x2b, 0xb4, 0x40, 0x1f, 0xfd, 0x72,
    0xac, 0x60, 0xf, 0xfe, 0x2b, 0x6d, 0x10, 0x7,
    0xff, 0x6c, 0xe7, 0xe9, 0x88, 0x3, 0xfc, 0x51,
    0xd2, 0x40, 0x1f, 0xfe, 0x5, 0x9d, 0xec, 0x97,
    0x66, 0x2b, 0x46, 0x6b, 0x88, 0x7, 0xff, 0x94,
    0x4d, 0xa2, 0x65, 0x52, 0xe6, 0x1, 0xff, 0xc4,
    0x10, 0xf, 0xff, 0xf8, 0x7, 0xff, 0xfc, 0x3,
    0xff, 0xae, 0x60, 0x1f, 0xff, 0xf0, 0xf, 0xff,
    0xf8, 0x7, 0xff, 0x5c, 0x40, 0x3f, 0xff, 0xe0,
    0x1f, 0xff, 0xf0, 0xf, 0xfe, 0xbb, 0x80, 0x7f,
    0xff, 0xc0, 0x3f, 0xff, 0xe0, 0x1f, 0xff, 0xf0,
    0xf, 0xfe, 0x50, 0x80, 0x7f, 0xff, 0xc0, 0x3f,
    0xff, 0xe0, 0x1f, 0xfd, 0x73, 0x0, 0xff, 0xff,
    0x80, 0x7f, 0xff, 0xc0, 0x3f, 0xfa, 0xe2, 0x1,
    0xff, 0xff, 0x0, 0xff, 0xff, 0x80, 0x7f, 0xf8,
    0xcc, 0x3, 0xff, 0xca, 0x20, 0x1f, 0xf0, 0x80,
    0x7f, 0xf9, 0x5c, 0x3, 0xfe, 0xa0, 0xf, 0xff,
    0x28, 0xd0, 0x7, 0xf2, 0x30, 0x7, 0xff, 0x99,
    0x75, 0xcc, 0x2, 0x25, 0xab, 0x0,

    /* U+0072 "r" */
    0x0, 0xff, 0xe7, 0x24, 0x66, 0xff, 0x5c, 0x28,
    0x80, 0x78, 0x51, 0x54, 0x40, 0x1f, 0xfc, 0x31,
    0x8e, 0xb7, 0x32, 0x1, 0x47, 0xae, 0xb1, 0x0,
    0xd, 0xf5, 0xd5, 0x37, 0x46, 0x1, 0xff, 0xc0,
    0x7e, 0x71, 0x0, 0xff, 0x25, 0x0, 0x31, 0x0,
    0x38, 0xb0, 0x80, 0x3f, 0x8b, 0x20, 0x3, 0xff,
    0x84, 0x84, 0xa4, 0x1, 0xfa, 0xc0, 0x3f, 0x2e,
    0x98, 0x7, 0xff, 0x11, 0xf4, 0x3, 0xf9, 0xc0,
    0x3e, 0x7a, 0x0, 0xff, 0xe3, 0x8, 0x80, 0x3f,
    0x84, 0x3, 0xd1, 0x0, 0xf, 0xfe, 0x3b, 0x98,
    0x7, 0xf8, 0x40, 0x34, 0x38, 0x7, 0xff, 0x20,
    0xc0, 0x3f, 0xe3, 0x0, 0x9d, 0xc0, 0x1f, 0xfc,
    0x84, 0x0, 0xff, 0xe0, 0x30, 0x1, 0x20, 0x3,
    0xff, 0x93, 0xe0, 0x1f, 0xfc, 0x1, 0x2, 0xb0,
    0xf, 0xfe, 0x4a, 0xa0, 0x7, 0xff, 0x0, 0x83,
    0xc0, 0x3f, 0xf8, 0x2, 0xcf, 0x2c, 0x82, 0x5,
    0x14, 0x1, 0xff, 0xc1, 0xf9, 0x20, 0xf, 0xf2,
    0xe7, 0x4c, 0x34, 0xdf, 0x7e, 0xb8, 0x7, 0xff,
    0x9, 0x58, 0x3, 0xf8, 0xf2, 0x8c, 0x3, 0xff,
    0x98, 0x40, 0x1f, 0xcf, 0x86, 0x1, 0xff, 0xd7,
    0xb8, 0x0, 0xff, 0xec, 0x62, 0x0, 0x7f, 0xf6,
    0x2c, 0xc0, 0x3f, 0xfb, 0x12, 0x80, 0x1f, 0xfd,
    0x84, 0x60, 0xf, 0xfe, 0xcd, 0x0, 0x7f, 0xf6,
    0x60, 0x40, 0x3f, 0xfb, 0x4, 0xe0, 0x1f, 0xfd,
    0x98, 0x0, 0xff, 0xec, 0x92, 0x80, 0x7f, 0xf6,
    0x6c, 0x3, 0xff, 0xb4, 0xc0, 0x1f, 0xfd, 0x93,
    0x0, 0xff, 0xff, 0x80, 0x7f, 0xff, 0xc0, 0x3f,
    0xff, 0xe0, 0x1f, 0xff, 0xf0, 0xf, 0xff, 0xf8,
    0x7, 0xff, 0xfc, 0x3, 0xff, 0xfe, 0x1, 0xff,
    0xff, 0x0, 0xff, 0xff, 0x80, 0x7f, 0xff, 0xc0,
    0x3f, 0xff, 0xe0, 0x1f, 0xff, 0xf0, 0xf, 0xff,
    0xf8, 0x7, 0xff, 0xfc, 0x3, 0xff, 0xfe, 0x1,
    0xff, 0xff, 0x0, 0xff, 0xff, 0x80, 0x7f, 0xff,
    0xc0, 0x3f, 0xff, 0xe0, 0x1f, 0xff, 0xf0, 0xf,
    0xff, 0x19, 0x80, 0x7f, 0xce, 0x1, 0xff, 0xce,
    0xe0, 0xf, 0xf8, 0x80, 0x3f, 0xf9, 0xca, 0x1,
    0xff, 0x68, 0x7, 0xff, 0x38, 0xa4, 0x3, 0xf9,
    0xd0, 0x3, 0xff, 0x9e, 0xd8, 0xc4, 0x1, 0x12,
    0xe4, 0x0, 0x7f, 0xf3, 0xc0,

    /* U+0073 "s" */
    0x0, 0xff, 0xe3, 0x92, 0x3c, 0xde, 0x6e, 0xbb,
    0x75, 0x75, 0xc, 0x60, 0x1f, 0xfd, 0x44, 0x9e,
    0xdb, 0x86, 0x43, 0x22, 0x9, 0x11, 0x15, 0xe7,
    0x3e, 0xdc, 0x40, 0x3f, 0xf9, 0xa3, 0x1d, 0x6c,
    0x20, 0x1f, 0xfc, 0x54, 0x8e, 0xb3, 0x0, 0xff,
    0xe5, 0x47, 0x38, 0x80, 0x7f, 0xf2, 0xd3, 0x2c,
    0x80, 0x3f, 0xf8, 0xc9, 0xce, 0x1, 0xff, 0xd0,
    0x4d, 0x70, 0xf, 0xfe, 0x24, 0x58, 0x80, 0x7f,
    0xf4, 0xe2, 0xc0, 0x3f, 0xf8, 0x54, 0xe0, 0x1f,
    0xfd, 0x64, 0xd1, 0x0, 0xff, 0xa9, 0x40, 0x3f,
    0xfb, 0x5, 0x60, 0x1f, 0xe8, 0x50, 0xf, 0xfe,
    0xd2, 0x80, 0x7f, 0x23, 0x80, 0x7f, 0xf7, 0x4,
    0x3, 0xe1, 0xa0, 0xf, 0xfe, 0x19, 0xb5, 0x66,
    0xf7, 0xfb, 0x72, 0x98, 0xc0, 0x3f, 0xf8, 0x4,
    0x20, 0x1f, 0x48, 0x80, 0x7f, 0xf0, 0x5b, 0x72,
    0x54, 0xc8, 0x40, 0x4, 0x6b, 0x39, 0x85, 0x0,
    0xff, 0x40, 0x7, 0xc2, 0xe0, 0x1f, 0xfc, 0x2,
    0xd9, 0x20, 0xf, 0xfe, 0x9, 0xd6, 0x90, 0x7,
    0xca, 0xa0, 0xf, 0x9c, 0x3, 0xff, 0x80, 0x7a,
    0x40, 0x1f, 0xfc, 0x52, 0xd7, 0x0, 0xe5, 0xa0,
    0xf, 0xd4, 0x1, 0xff, 0xe, 0x80, 0x7f, 0xf2,
    0x63, 0xa1, 0x5f, 0x28, 0x3, 0xf8, 0xc0, 0x3f,
    0xe9, 0x10, 0xf, 0xfe, 0x50, 0xbd, 0x41, 0x80,
    0x7f, 0x20, 0x7, 0xff, 0x1, 0xc0, 0x3f, 0xfb,
    0x24, 0x1, 0xff, 0x18, 0x7, 0xff, 0x6b, 0x80,
    0x3f, 0xe5, 0x0, 0xff, 0xed, 0x8, 0x7, 0xfc,
    0x20, 0x1f, 0xfe, 0x61, 0x0, 0xff, 0xed, 0x8,
    0x7, 0xfc, 0xa0, 0x1f, 0xfd, 0xaf, 0x0, 0xff,
    0x8c, 0x40, 0x3f, 0xfb, 0x24, 0x1, 0xff, 0xc0,
    0x80, 0xf, 0xfe, 0xca, 0x0, 0x7f, 0xf0, 0x19,
    0x0, 0x3f, 0xfb, 0x2, 0x40, 0x1f, 0xfc, 0xa,
    0x20, 0xf, 0xfe, 0xc2, 0x80, 0x7f, 0xf0, 0x7,
    0x14, 0x3, 0xff, 0xaf, 0x20, 0x1f, 0xfc, 0x11,
    0xab, 0x20, 0xf, 0xfe, 0xa8, 0xb0, 0x7, 0xff,
    0x9, 0x36, 0x88, 0x3, 0xff, 0xa9, 0x2, 0x1,
    0xff, 0xc3, 0x5d, 0xb4, 0x0, 0xff, 0xe9, 0xe,
    0x80, 0x7f, 0xf1, 0x52, 0xf5, 0xc8, 0x3, 0xff,
    0xa0, 0x74, 0x1, 0xff, 0xc6, 0x28, 0xdc, 0x71,
    0x0, 0xff, 0xe7, 0x2d, 0x0, 0x7f, 0xf2, 0xe,
    0x3a, 0xd8, 0x3, 0xff, 0x9a, 0xb8, 0x40, 0x1f,
    0xfc, 0x94, 0x9f, 0x92, 0x0, 0xff, 0xe5, 0x9e,
    0xa8, 0x7, 0xff, 0x2d, 0xb6, 0xcc, 0x3, 0xff,
    0x97, 0x54, 0x10, 0xf, 0xfe, 0x5a, 0x65, 0x90,
    0x7, 0xff, 0x29, 0x7d, 0x80, 0x3f, 0xf9, 0x89,
    0xb2, 0x20, 0x1f, 0xfc, 0x91, 0x9c, 0x40, 0xf,
    0xfe, 0x63, 0x7b, 0x0, 0x7f, 0xf2, 0x8e, 0xf5,
    0x80, 0x3f, 0xf9, 0x63, 0x36, 0x20, 0x1f, 0xfc,
    0xa2, 0x9e, 0x82, 0x0, 0xff, 0xe5, 0x26, 0x10,
    0x7, 0xff, 0x2c, 0x5f, 0x71, 0x80, 0x3f, 0xf9,
    0x25, 0x82, 0x1, 0xff, 0xcd, 0x39, 0xf9, 0x30,
    0xf, 0xfe, 0x38, 0xe8, 0x7, 0xff, 0x41, 0xb3,
    0xc, 0x1, 0xff, 0xc6, 0x38, 0x0, 0xff, 0xe8,
    0x9c, 0xf4, 0x8, 0x7, 0xff, 0x11, 0xcc, 0x3,
    0xff, 0xa4, 0x2f, 0xd0, 0x20, 0x1f, 0xfc, 0x38,
    0x0, 0xff, 0xea, 0xbf, 0xb0, 0x7, 0xff, 0x9,
    0xc, 0x3, 0xff, 0xaa, 0x33, 0x60, 0x1f, 0xfc,
    0x2a, 0x0, 0xff, 0xeb, 0xa6, 0x8, 0x7, 0xff,
    0x1, 0xc0, 0x3f, 0xfb, 0x7, 0xa0, 0x1f, 0xfc,
    0x1, 0x20, 0xf, 0xfe, 0xc1, 0xb8, 0x7, 0xff,
    0x1, 0xc0, 0x3f, 0xfb, 0x32, 0x1, 0xff, 0xc0,
    0xd0, 0xf, 0xfe, 0xc8, 0xa0, 0x7, 0xfc, 0x20,
    0x1f, 0xfd, 0xac, 0x0, 0xff, 0xf3, 0x8, 0x7,
    0xff, 0xc8, 0x40, 0x3f, 0xfb, 0x5c, 0x1, 0xff,
    0x78, 0x7, 0xff, 0x69, 0x0, 0x3f, 0xe3, 0x0,
    0xc8, 0xc6, 0x1, 0xff, 0xd2, 0x13, 0x0, 0xff,
    0x94, 0x0, 0x7b, 0x73, 0x98, 0x30, 0xf, 0xfe,
    0x84, 0x0, 0x7f, 0xc4, 0x20, 0x58, 0x40, 0x11,
    0xe3, 0x80, 0x7f, 0xf3, 0x8d, 0x80, 0x3f, 0xe5,
    0x0, 0x78, 0x7, 0xd1, 0x64, 0x1, 0xff, 0xcb,
    0x2d, 0x0, 0xff, 0xe0, 0x50, 0x31, 0x0, 0x7e,
    0x4d, 0x81, 0x0, 0xff, 0xe4, 0x26, 0x8, 0x7,
    0xfc, 0x84, 0x14, 0x1, 0xff, 0x3f, 0x4a, 0x0,
    0x7f, 0xf1, 0x6, 0x6c, 0x40, 0x3f, 0xf8, 0x10,
    0x0, 0x10, 0xf, 0xfe, 0xb, 0x5f, 0x53, 0x20,
    0x80, 0x7e, 0x26, 0xbe, 0x60, 0xf, 0xfe, 0xb,
    0x18, 0x1, 0xc0, 0x3f, 0xf8, 0x62, 0xb3, 0x7d,
    0xfd, 0xb9, 0x8d, 0xef, 0xd9, 0x40, 0xf, 0xfe,
    0x10, 0xc8, 0x5, 0x20, 0x1f, 0xfc, 0x91, 0x23,
    0x31, 0x8, 0x7, 0xff, 0x1b, 0x0, 0x31, 0xc8,
    0x7, 0xff, 0x7e, 0xc8, 0x3, 0x9a, 0xc4, 0x3,
    0xff, 0xb9, 0x68, 0x1, 0xf2, 0x79, 0x80, 0x7f,
    0xf6, 0x47, 0x10, 0x3, 0xf8, 0x72, 0x44, 0x3,
    0xff, 0xac, 0xbe, 0x60, 0x1f, 0xfc, 0x6, 0xe8,
    0x10, 0xf, 0xfe, 0x91, 0x55, 0x4, 0x3, 0xff,
    0x86, 0xfd, 0x48, 0x1, 0xff, 0xce, 0x29, 0xd5,
    0x0, 0xff, 0xe3, 0xad, 0xf4, 0xa8, 0x80, 0x7f,
    0xf1, 0xc9, 0xf3, 0x58, 0x3, 0xff, 0x96, 0x2d,
    0x5d, 0xcb, 0x86, 0x43, 0x11, 0x0, 0x61, 0x24,
    0x58, 0xbe, 0xd8, 0x30, 0xf, 0xfe, 0x10,

    /* U+0074 "t" */
    0x0, 0xff, 0xe1, 0xa3, 0x3b, 0x90, 0x3, 0xff,
    0xb0, 0x9d, 0x73, 0x10, 0xbe, 0x50, 0xf, 0xfe,
    0xa9, 0x58, 0x80, 0x70, 0xd1, 0x80, 0x7f, 0xf5,
    0x2c, 0x3, 0xfa, 0x40, 0x3f, 0xfa, 0x8a, 0x1,
    0xfc, 0xe0, 0x1f, 0xfd, 0x42, 0x0, 0xff, 0xef,
    0x8, 0x7, 0xf1, 0x80, 0x7f, 0xf4, 0xc4, 0x3,
    0xff, 0xbc, 0x60, 0x1f, 0xfd, 0xe1, 0x0, 0xff,
    0xef, 0x38, 0x7, 0xff, 0x78, 0x40, 0x3f, 0xfb,
    0xc4, 0x1, 0xff, 0xde, 0xf0, 0xf, 0xfe, 0xf0,
    0x80, 0x7f, 0xf7, 0x8c, 0x3, 0xff, 0xbc, 0x20,
    0x1f, 0xfd, 0xe6, 0x0, 0xff, 0xef, 0x18, 0x7,
    0xff, 0x74, 0x44, 0x1, 0xff, 0x22, 0x7f, 0xf0,
    0x8c, 0x40, 0x3c, 0x71, 0x57, 0x9b, 0xfe, 0xe0,
    0xf, 0xf8, 0x6e, 0xff, 0xf8, 0x59, 0xd6, 0x40,
    0x14, 0xe3, 0xaa, 0x19, 0x0, 0x7f, 0xf4, 0xd3,
    0x0, 0xa, 0xc0, 0x1f, 0xfd, 0xa1, 0x60, 0xf0,
    0xf, 0xfe, 0xe6, 0x3, 0x80, 0x7f, 0xf7, 0x4,
    0x3, 0xff, 0xc0, 0x20, 0x1f, 0xfd, 0xc2, 0x4,
    0x0, 0xff, 0xee, 0x68, 0x48, 0x80, 0x7f, 0xf6,
    0x95, 0x0, 0x71, 0x44, 0x3, 0xff, 0xac, 0x51,
    0x40, 0x11, 0x57, 0x7f, 0xf9, 0xc0, 0x3f, 0xe1,
    0xff, 0xff, 0xe1, 0xeb, 0x80, 0x7f, 0xff, 0xc0,
    0x3f, 0xff, 0xe0, 0x1f, 0xff, 0xf0, 0xf, 0xff,
    0xf8, 0x7, 0xff, 0xfc, 0x3, 0xff, 0xfe, 0x1,
    0xff, 0xff, 0x0, 0xff, 0xff, 0x80, 0x7f, 0xff,
    0xc0, 0x3f, 0xff, 0xe0, 0x1f, 0xff, 0xf0, 0xf,
    0xff, 0xf8, 0x7, 0xff, 0xfc, 0x3, 0xff, 0xfe,
    0x1, 0xff, 0xff, 0x0, 0xff, 0xff, 0x80, 0x7f,
    0xff, 0xc0, 0x3f, 0xff, 0xe0, 0x1f, 0xff, 0xf0,
    0xf, 0xff, 0xf8, 0x7, 0xff, 0xfc, 0x3, 0xff,
    0xa3, 0xe0, 0x1f, 0xff, 0xf0, 0xf, 0xff, 0x48,
    0x80, 0x7f, 0xc2, 0x1, 0xff, 0xd2, 0x30, 0xf,
    0xfe, 0x0, 0x80, 0x7f, 0xf4, 0x58, 0x3, 0xff,
    0x80, 0xa0, 0x1f, 0xfd, 0x11, 0x0, 0xff, 0xe0,
    0x18, 0x7, 0xff, 0x44, 0x80, 0x3f, 0xf8, 0x16,
    0x1, 0xff, 0xd2, 0x30, 0xf, 0xf8, 0xc8, 0x3,
    0xff, 0xa2, 0xa0, 0x1f, 0xfc, 0xb, 0x0, 0xff,
    0xe8, 0xe0, 0x7, 0xff, 0x1, 0x8c, 0x3, 0xff,
    0xa0, 0x80, 0x1f, 0xfc, 0x1d, 0x30, 0xf, 0xfe,
    0x78, 0xa0, 0x7, 0xff, 0x0, 0x71, 0xc0, 0x3f,
    0xf9, 0xfe, 0x1, 0xff, 0xc2, 0x8e, 0xa6, 0x43,
    0x32, 0xc5, 0x77, 0xf4, 0x0, 0x7f, 0xf0, 0x90,
    0x80, 0x3f, 0xf8, 0x42, 0xb3, 0x79, 0x8a, 0x75,
    0x10, 0x17, 0xa0, 0xf, 0xfe, 0x14, 0x0, 0x7f,
    0xf3, 0xd4, 0xc0, 0x3f, 0xf8, 0x2a, 0x80, 0x1f,
    0xfc, 0xfa, 0x0, 0xff, 0xe1, 0x50, 0x80, 0x7f,
    0xf3, 0x90, 0x3, 0xff, 0x84, 0x3a, 0x1, 0xff,
    0xce, 0x20, 0xf, 0xfe, 0x19, 0xe0, 0x80, 0x7f,
    0xf3, 0x8, 0x3, 0xff, 0x88, 0x78, 0x60, 0x1f,
    0xfc, 0xbb, 0x0, 0xff, 0xe2, 0x96, 0x48, 0x80,
    0x7f, 0xf1, 0xc6, 0x58, 0x3, 0xff, 0x8e, 0xdd,
    0x26, 0x1, 0xff, 0xc1, 0x25, 0x9c, 0xe6, 0x0,
    0xff, 0xe5, 0x36, 0x75, 0x3a, 0x10, 0x80, 0x9,
    0x67, 0x3f, 0x69, 0x8c, 0x2,

    /* U+0075 "u" */
    0x0, 0x14, 0x67, 0x7f, 0xb6, 0x90, 0x3, 0xff,
    0xae, 0xb7, 0xdf, 0xee, 0xc7, 0x10, 0x9, 0x75,
    0xcc, 0x40, 0x4, 0xb7, 0x40, 0x1f, 0xfd, 0x5b,
    0xa4, 0x10, 0x0, 0x9c, 0x79, 0x80, 0xd0, 0x7,
    0xf2, 0xb0, 0x7, 0xff, 0x4e, 0x10, 0x3, 0xf0,
    0xe8, 0x20, 0x7, 0xfd, 0xa0, 0x1f, 0xfd, 0x35,
    0x0, 0xff, 0x9, 0x90, 0x7, 0xfc, 0xc0, 0x1f,
    0xfd, 0x32, 0x0, 0xff, 0x9b, 0xc0, 0x3f, 0xe3,
    0x0, 0xff, 0xef, 0x98, 0x7, 0xff, 0xfc, 0x3,
    0xff, 0xfe, 0x1, 0xff, 0xff, 0x0, 0xff, 0xff,
    0x80, 0x7f, 0xff, 0xc0, 0x3f, 0xff, 0xe0, 0x1f,
    0xff, 0xf0, 0xf, 0xff, 0xf8, 0x7, 0xff, 0xfc,
    0x3, 0xff, 0xfe, 0x1, 0xff, 0xff, 0x0, 0xff,
    0xff, 0x80, 0x7f, 0xff, 0xc0, 0x3f, 0xff, 0xe0,
    0x1f, 0xff, 0xf0, 0xf, 0xff, 0xf8, 0x7, 0xff,
    0xfc, 0x3, 0xff, 0xfe, 0x1, 0xff, 0xff, 0x0,
    0xff, 0xff, 0x80, 0x7f, 0xff, 0xc0, 0x3f, 0xff,
    0xe0, 0x1f, 0xff, 0xf0, 0xf, 0xff, 0xf8, 0x7,
    0xff, 0xfc, 0x3, 0xff, 0xfe, 0x1, 0xff, 0xff,
    0x0, 0xff, 0xff, 0x80, 0x7f, 0xfd, 0xbc, 0x3,
    0xff, 0xfe, 0x1, 0xff, 0xe6, 0x10, 0xf, 0xff,
    0x0, 0x80, 0x7f, 0xf0, 0x4, 0x3, 0xff, 0xbe,
    0x60, 0x1f, 0xfc, 0x3, 0x0, 0xff, 0xef, 0x88,
    0x7, 0xff, 0x1, 0xc0, 0x3f, 0xfa, 0x22, 0x1,
    0xff, 0xc1, 0x60, 0xf, 0xfe, 0x1, 0x0, 0x7f,
    0xf4, 0x74, 0x3, 0xff, 0x82, 0x60, 0x1f, 0xfc,
    0xc, 0x0, 0xff, 0xe8, 0x49, 0x80, 0x7f, 0xf0,
    0x44, 0x40, 0x1f, 0xf2, 0x80, 0x7f, 0xf3, 0xdd,
    0x80, 0x3f, 0xf8, 0x64, 0x1, 0xff, 0xa, 0x0,
    0x7f, 0xf3, 0x5a, 0x0, 0x3f, 0xf8, 0x8a, 0x1,
    0xff, 0xc0, 0xe0, 0xf, 0xfe, 0x62, 0xc8, 0x7,
    0xff, 0x17, 0xc0, 0x3f, 0xf8, 0xa, 0x20, 0x1f,
    0xfc, 0xa6, 0xa0, 0xf, 0xfe, 0x33, 0x80, 0x7f,
    0xf0, 0x6c, 0x3, 0xff, 0x93, 0x12, 0x1, 0xff,
    0xc7, 0x12, 0x0, 0xff, 0xe0, 0x2b, 0x0, 0x7f,
    0xf1, 0x86, 0xdc, 0x3, 0xff, 0x92, 0xa0, 0x1f,
    0xfc, 0x19, 0x60, 0xf, 0xfe, 0x22, 0xfa, 0x0,
    0x7f, 0xf2, 0xa8, 0x3, 0xff, 0x85, 0x32, 0x10,
    0xf, 0xfe, 0x2, 0xe5, 0x8, 0x7, 0xff, 0x2c,
    0x8c, 0x3, 0xff, 0x84, 0xdd, 0x2a, 0x20, 0x18,
    0x4d, 0xab, 0xe8, 0xc0, 0x3f, 0xcc, 0x40, 0x1f,
    0xfc, 0x29, 0x0, 0xff, 0xe2, 0x35, 0x77, 0xf7,
    0xfb, 0xb2, 0x54, 0x3, 0xff, 0x80, 0xd2, 0xc0,
    0x1f, 0xfc, 0x25, 0x20, 0xf, 0xfe, 0x38, 0x80,
    0x7f, 0xf1, 0x5a, 0x40, 0x80, 0x3f, 0xf8, 0x7c,
    0x1, 0xff, 0xd8, 0x79, 0x0, 0x70, 0x7, 0xff,
    0xc, 0xd8, 0x3, 0xff, 0xad, 0x30, 0x1, 0x8,
    0x7, 0xff, 0x12, 0x4c, 0x3, 0xff, 0xa6, 0x38,
    0xc0, 0x18, 0x80, 0x3f, 0xc6, 0x1, 0xed, 0x20,
    0xf, 0xfe, 0x8a, 0x79, 0x80, 0x73, 0x0, 0x7f,
    0x84, 0x3, 0xc3, 0x86, 0x1, 0xff, 0xce, 0x19,
    0xb1, 0x0, 0xf1, 0x10, 0x3, 0xf9, 0x40, 0x3e,
    0x1c, 0x70, 0xf, 0xfe, 0x63, 0x7b, 0x0, 0x7f,
    0x40, 0x7, 0xe6, 0x10, 0xf, 0xe8, 0xc3, 0x0,
    0xff, 0xe4, 0x36, 0xc8, 0x80, 0x7f, 0x96, 0x44,
    0x3, 0x9a, 0x40, 0x3f, 0xe3, 0xcc, 0x28, 0x80,
    0x7f, 0xf0, 0x8e, 0x7a, 0x48, 0x3, 0xff, 0x82,
    0xdd, 0x95, 0x4b, 0xe9, 0x0, 0xff, 0xe1, 0x1d,
    0x76, 0x42, 0x98, 0x80, 0x42, 0x48, 0xf5, 0xd8,
    0xc2, 0x1, 0xff, 0xc5, 0x35, 0x52, 0x8, 0x4,

    /* U+0076 "v" */
    0x0, 0xa, 0xbb, 0xca, 0x60, 0x1f, 0xfe, 0x13,
    0x67, 0x73, 0x20, 0x6, 0x8e, 0xa8, 0x8a, 0xb3,
    0xa0, 0x3, 0xff, 0xba, 0xfd, 0x93, 0x10, 0x9b,
    0xe5, 0x4, 0x70, 0xf, 0x85, 0xf8, 0x80, 0x3f,
    0xfb, 0x57, 0x2, 0x1, 0xe1, 0xa1, 0x30, 0xf,
    0xf0, 0xf8, 0x7, 0xff, 0x66, 0x10, 0x3, 0xfc,
    0x44, 0x0, 0xff, 0x89, 0x40, 0x3f, 0xfb, 0xe,
    0x1, 0xff, 0x12, 0x0, 0x7f, 0xf0, 0x38, 0x3,
    0xff, 0xae, 0xc0, 0x1f, 0xf1, 0x8, 0x90, 0x3,
    0xfe, 0x41, 0x0, 0xff, 0xeb, 0x68, 0x7, 0xfd,
    0x40, 0xe, 0x0, 0xff, 0xe0, 0x38, 0x7, 0xff,
    0x54, 0x50, 0x3, 0xfe, 0x60, 0x2, 0x80, 0x7f,
    0xf0, 0x34, 0x3, 0xff, 0xaa, 0xe0, 0x1f, 0xf1,
    0x88, 0x4, 0xa0, 0x1f, 0xf2, 0x0, 0x7f, 0xf5,
    0x74, 0x3, 0xfe, 0xa0, 0xd, 0xc0, 0x1f, 0xfc,
    0x5, 0x0, 0xff, 0xe9, 0x8a, 0x0, 0x7f, 0xce,
    0x1, 0x90, 0x40, 0x3f, 0xef, 0x0, 0xff, 0xe9,
    0xb8, 0x7, 0xfc, 0x82, 0x1, 0xcc, 0x1, 0xff,
    0x28, 0x7, 0xff, 0x4f, 0x40, 0x3f, 0xee, 0x0,
    0xf5, 0x80, 0x7f, 0xf0, 0x14, 0x3, 0xff, 0xa2,
    0x28, 0x1, 0xff, 0x28, 0x7, 0x8c, 0x80, 0x3f,
    0xef, 0x0, 0xff, 0xe8, 0xb8, 0x7, 0xfc, 0xa0,
    0x1f, 0xa8, 0x3, 0xfe, 0x50, 0xf, 0xfe, 0x8e,
    0x80, 0x7f, 0xdc, 0x1, 0xf9, 0x80, 0x3f, 0xf8,
    0x8, 0x1, 0xff, 0xcf, 0x14, 0x0, 0xff, 0xa,
    0x0, 0x7e, 0x13, 0x0, 0xff, 0xb8, 0x3, 0xff,
    0x9e, 0xe0, 0x1f, 0xf3, 0x80, 0x7f, 0xa8, 0x3,
    0xfe, 0x40, 0xf, 0xfe, 0x7e, 0x80, 0x7f, 0xd4,
    0x1, 0xfe, 0x60, 0xf, 0xf8, 0x50, 0x3, 0xff,
    0x9a, 0x28, 0x1, 0xfe, 0x23, 0x0, 0xff, 0x94,
    0x3, 0xfe, 0xd0, 0xf, 0xfe, 0x6b, 0x80, 0x7f,
    0xca, 0x1, 0xff, 0xc0, 0xe0, 0xf, 0xf9, 0xc0,
    0x3f, 0xf9, 0xb4, 0x1, 0xff, 0x50, 0x7, 0xff,
    0x1, 0x4, 0x3, 0xfc, 0x28, 0x1, 0xff, 0xcb,
    0x13, 0x0, 0xff, 0x19, 0x0, 0x7f, 0xf0, 0x5c,
    0x3, 0xfe, 0xd0, 0xf, 0xfe, 0x5b, 0x80, 0x7f,
    0xd6, 0x1, 0xff, 0xc2, 0xa0, 0xf, 0xf9, 0xc0,
    0x3f, 0xf9, 0x74, 0x1, 0xff, 0x30, 0x7, 0xff,
    0x8, 0xc8, 0x3, 0xfc, 0x26, 0x1, 0xff, 0xc9,
    0x13, 0x0, 0xff, 0x20, 0x80, 0x7f, 0xf0, 0xd4,
    0x3, 0xfe, 0xb0, 0xf, 0xfe, 0x4b, 0x80, 0x7f,
    0xda, 0x1, 0xff, 0xc4, 0xa0, 0xf, 0xf9, 0x80,
    0x3f, 0xf9, 0x34, 0x1, 0xff, 0x30, 0x7, 0xff,
    0x10, 0x8c, 0x3, 0xfc, 0x26, 0x1, 0xff, 0xc7,
    0x13, 0x0, 0xff, 0x28, 0x7, 0xff, 0x1a, 0x80,
    0x3f, 0xeb, 0x0, 0xff, 0xe3, 0xb0, 0x7, 0xfd,
    0xe0, 0x1f, 0xfc, 0x67, 0x0, 0xff, 0x94, 0x3,
    0xff, 0x8f, 0x60, 0x1f, 0xe1, 0x50, 0xf, 0xfe,
    0x30, 0xa0, 0x7, 0xf8, 0x88, 0x1, 0xff, 0xc5,
    0x13, 0x0, 0xff, 0x38, 0x7, 0xff, 0x23, 0x80,
    0x3f, 0xea, 0x0, 0xff, 0xe2, 0xb0, 0x7, 0xfd,
    0xa0, 0x1f, 0xfc, 0x85, 0x0, 0xff, 0x94, 0x3,
    0xff, 0x8b, 0x60, 0x1f, 0xe1, 0x40, 0xf, 0xfe,
    0x4b, 0x0, 0x7f, 0x88, 0x80, 0x1f, 0xfc, 0x31,
    0x30, 0xf, 0xf3, 0x0, 0x7f, 0xf2, 0xb4, 0x3,
    0xfe, 0x50, 0xf, 0xfe, 0x1b, 0x0, 0x7f, 0xd6,
    0x1, 0xff, 0xca, 0x41, 0x0, 0xff, 0x58, 0x7,
    0xff, 0xe, 0xc0, 0x3f, 0xc4, 0x60, 0x1f, 0xfc,
    0xb6, 0x0, 0xff, 0x19, 0x0, 0x7f, 0xf0, 0x48,
    0xc0, 0x3f, 0xd4, 0x1, 0xff, 0xcc, 0xa0, 0xf,
    0xf9, 0x40, 0x3f, 0xf8, 0x2a, 0x1, 0xff, 0x28,
    0x7, 0xff, 0x30, 0x88, 0x1, 0xfe, 0xb0, 0xf,
    0xfe, 0xd, 0x80, 0x7f, 0x8c, 0x80, 0x3f, 0xf9,
    0xb4, 0x1, 0xfe, 0x31, 0x0, 0xff, 0x88, 0xc0,
    0x3f, 0xd4, 0x1, 0xff, 0xce, 0x60, 0xf, 0xf9,
    0xc0, 0x3f, 0xe5, 0x0, 0xff, 0x9c, 0x3, 0xff,
    0x9c, 0x28, 0x1, 0xfe, 0xd0, 0xf, 0xfa, 0xc0,
    0x3f, 0xc8, 0x20, 0x1f, 0xfc, 0xfe, 0x0, 0xff,
    0x20, 0x80, 0x7f, 0x11, 0x80, 0x7f, 0xb8, 0x3,
    0xff, 0xa0, 0xa0, 0x1f, 0xf3, 0x80, 0x7f, 0x28,
    0x7, 0xfc, 0xa0, 0x1f, 0xfd, 0x15, 0x0, 0xff,
    0x68, 0x7, 0xf5, 0x0, 0x7f, 0x94, 0x3, 0xff,
    0xa5, 0xc0, 0x1f, 0xe4, 0x10, 0xf, 0x88, 0x80,
    0x1f, 0xee, 0x0, 0xff, 0xe9, 0x20, 0x80, 0x7f,
    0x90, 0x3, 0xe5, 0x0, 0xff, 0xa, 0x0, 0x7f,
    0xf4, 0xdc, 0x3, 0xfd, 0xc0, 0x1f, 0x50, 0x7,
    0xf9, 0xc0, 0x3f, 0xfa, 0x94, 0x1, 0xfe, 0x40,
    0xf, 0x11, 0x0, 0x3f, 0xd4, 0x1, 0xff, 0xd4,
    0x32, 0x0, 0xff, 0x28, 0x7, 0x28, 0x7, 0xf8,
    0x8c, 0x3, 0xff, 0xab, 0x40, 0x1f, 0xef, 0x0,
    0xea, 0x0, 0xff, 0x28, 0x7, 0xff, 0x59, 0x40,
    0x3f, 0xca, 0x1, 0x88, 0x80, 0x1f, 0xea, 0x0,
    0xff, 0xeb, 0x11, 0x80, 0x7f, 0x94, 0x2, 0xa0,
    0xf, 0xf1, 0x90, 0x7, 0xff, 0x5e, 0x80, 0x3f,
    0xde, 0x1, 0x28, 0x7, 0xfa, 0xc0, 0x3f, 0xfb,
    0xe, 0x1, 0xfe, 0x50, 0x1, 0x10, 0x3, 0xfc,
    0xc0, 0x1f, 0xfd, 0x81, 0x50, 0xf, 0xf2, 0x5,
    0x0, 0x7f, 0x90, 0x40, 0x3f, 0xfb, 0x3e, 0x1,
    0xfe, 0xd0, 0x50, 0xf, 0xf6, 0x80, 0x7f, 0xf6,
    0x94, 0x40, 0x3f, 0x9c, 0xc8, 0x3, 0xfc, 0xe0,
    0x1f, 0xfd, 0xb7, 0x0, 0xfe, 0x1f, 0x0, 0xff,
    0x28, 0x80, 0x7f, 0xf6, 0xe8, 0x3, 0xfc, 0x60,
    0x1f, 0xef, 0x0, 0xff, 0xee, 0x19, 0x0, 0x7f,
    0xf2, 0x14, 0x3, 0xff, 0xba, 0xa0, 0x1f, 0xfc,
    0x76, 0x0, 0xff, 0xef, 0x50, 0x7, 0xff, 0x1f,
    0x40, 0x3f, 0xfb, 0xc4, 0x60, 0x1f, 0xfc, 0x51,
    0x40, 0xf, 0xfe, 0xfd, 0x80, 0x7f, 0xf1, 0x58,
    0x3, 0xff, 0xc0, 0xc0, 0x1f, 0xfc, 0x5a, 0x0,
    0xff, 0xf0, 0xb, 0x0, 0x7f, 0xf0, 0xd0, 0x80,
    0x3f, 0xfc, 0x30, 0x20, 0x1f, 0xfc, 0x29, 0x0,
    0xff, 0xf1, 0xe, 0x10, 0x7, 0xfc, 0x36, 0x40,
    0x1f, 0xfe, 0x32, 0xd8, 0x31, 0x0, 0xf1, 0xc7,
    0xa0, 0x7, 0xff, 0x30,

    /* U+0077 "w" */
    0x0, 0x12, 0xbb, 0xca, 0x20, 0x1f, 0xfd, 0x72,
    0x67, 0x87, 0x64, 0x0, 0xff, 0xec, 0x23, 0x3b,
    0x94, 0x80, 0x3, 0x7b, 0x51, 0x15, 0x76, 0x20,
    0x7, 0xff, 0x4c, 0xf3, 0x66, 0x1e, 0x26, 0xf9,
    0x40, 0x3f, 0xfa, 0x63, 0x3f, 0x73, 0x10, 0xad,
    0xa0, 0xa4, 0x0, 0xf8, 0xed, 0x80, 0x3f, 0xfa,
    0x27, 0x86, 0x1, 0xf0, 0xd3, 0x0, 0x7f, 0xf4,
    0x47, 0x18, 0x3, 0xe5, 0x84, 0x0, 0xff, 0x48,
    0x80, 0x7f, 0xf4, 0x38, 0x3, 0xfe, 0x92, 0x0,
    0xff, 0xe8, 0x59, 0x0, 0x7f, 0x18, 0x80, 0x7f,
    0xcc, 0x1, 0xff, 0xcf, 0x52, 0x0, 0xff, 0xe0,
    0x58, 0x7, 0xff, 0x3c, 0x54, 0x3, 0xfc, 0x4a,
    0x1, 0xff, 0x58, 0x7, 0xff, 0x3f, 0xc0, 0x3f,
    0xf8, 0x2e, 0x1, 0xff, 0xcf, 0x70, 0xf, 0xfb,
    0x30, 0x1, 0xff, 0x18, 0x7, 0xff, 0x3d, 0x0,
    0x3f, 0xf8, 0x22, 0x40, 0x1f, 0xfc, 0xec, 0x0,
    0xff, 0x91, 0x40, 0x3f, 0xf8, 0x8, 0x1, 0xff,
    0xcd, 0x21, 0x0, 0xff, 0xe1, 0x20, 0x7, 0xff,
    0x39, 0x0, 0x3f, 0xc4, 0x24, 0x20, 0x1f, 0xf6,
    0x0, 0x7f, 0xf3, 0x50, 0x3, 0xff, 0x87, 0xa0,
    0x1f, 0xfc, 0xd2, 0x10, 0xf, 0xf2, 0x80, 0x10,
    0x3, 0xfe, 0x40, 0xf, 0xfe, 0x6e, 0x80, 0x7f,
    0xf0, 0xd0, 0x3, 0xff, 0x9a, 0x80, 0x1f, 0xf6,
    0x0, 0x3c, 0x3, 0xfe, 0x31, 0x0, 0xff, 0xe6,
    0x28, 0x7, 0xff, 0x10, 0xc0, 0x3f, 0xf9, 0x98,
    0x1, 0xff, 0x20, 0x1, 0x0, 0x3f, 0xf8, 0xa,
    0x1, 0xff, 0xcb, 0x31, 0x0, 0xff, 0xe2, 0x20,
    0x7, 0xff, 0x31, 0x0, 0x3f, 0xc8, 0x1, 0x9,
    0x80, 0x7f, 0xda, 0x1, 0xff, 0xcb, 0x40, 0xf,
    0xfe, 0x2d, 0x80, 0x7f, 0xf2, 0xc8, 0x40, 0x3f,
    0xd8, 0x1, 0x90, 0x3, 0xfe, 0x40, 0xf, 0xfe,
    0x5e, 0x0, 0x7f, 0xf1, 0x4c, 0x3, 0xff, 0x96,
    0x80, 0x1f, 0xf2, 0x0, 0x6b, 0x0, 0xff, 0x88,
    0x40, 0x3f, 0xf9, 0x48, 0x1, 0xff, 0xc6, 0x40,
    0xf, 0xfe, 0x56, 0x0, 0x7f, 0x84, 0xc0, 0x31,
    0x80, 0x7f, 0xf0, 0x10, 0x3, 0xff, 0x92, 0x60,
    0x1f, 0x91, 0x0, 0x1f, 0xd8, 0x1, 0xff, 0xca,
    0x40, 0xf, 0xf2, 0x0, 0x79, 0x40, 0x3f, 0xec,
    0x0, 0xff, 0xe4, 0xa0, 0x7, 0xec, 0xc0, 0x7,
    0xf2, 0x80, 0x7f, 0xf2, 0x48, 0x40, 0x3f, 0xd8,
    0x1, 0xec, 0x0, 0xff, 0x90, 0x3, 0xff, 0x93,
    0x60, 0x1f, 0x91, 0x40, 0x3f, 0x88, 0x40, 0x3f,
    0xf9, 0x8, 0x1, 0xff, 0x20, 0x7, 0x90, 0x3,
    0xfe, 0x21, 0x0, 0xff, 0xe4, 0x18, 0x7, 0xe3,
    0x21, 0x0, 0xfe, 0x40, 0xf, 0xfe, 0x46, 0x0,
    0x7f, 0x88, 0x80, 0x1e, 0x22, 0x0, 0x7f, 0xc8,
    0x1, 0xff, 0xc7, 0x40, 0xf, 0xc8, 0x0, 0x40,
    0xf, 0xec, 0x0, 0xff, 0xe4, 0x20, 0x7, 0xf9,
    0x0, 0x3f, 0x20, 0x7, 0xfd, 0x80, 0x1f, 0xfc,
    0x7c, 0x0, 0xfd, 0x80, 0xf, 0x0, 0xfe, 0x70,
    0xf, 0xfe, 0x39, 0x8, 0x7, 0xfb, 0x0, 0x3f,
    0x68, 0x7, 0xfc, 0x80, 0x1f, 0xfc, 0x74, 0x0,
    0xfc, 0x80, 0x4, 0x0, 0xfe, 0x12, 0x0, 0xff,
    0xe3, 0x20, 0x7, 0xfc, 0xa0, 0x1f, 0x90, 0x3,
    0xfe, 0x21, 0x0, 0xff, 0xe3, 0x18, 0x7, 0xe3,
    0x0, 0x9, 0x0, 0x7f, 0x20, 0x7, 0xff, 0x1b,
    0x0, 0x3f, 0xc6, 0x1, 0xfe, 0x40, 0xf, 0xf9,
    0xc0, 0x3f, 0xf8, 0xa8, 0x1, 0xf9, 0x0, 0x32,
    0x0, 0x7f, 0x60, 0x7, 0xff, 0x19, 0x0, 0x3f,
    0xc8, 0x1, 0xfe, 0xc0, 0xf, 0xfb, 0x0, 0x3f,
    0xf8, 0xb8, 0x1, 0xfb, 0x0, 0x36, 0x80, 0x7f,
    0x20, 0x7, 0xff, 0x14, 0x84, 0x3, 0xfd, 0x60,
    0x1f, 0xe5, 0x0, 0xff, 0x90, 0x3, 0xff, 0x8a,
    0xa0, 0x1f, 0x90, 0x3, 0x20, 0x7, 0xf0, 0x98,
    0x7, 0xff, 0x11, 0x0, 0x3f, 0xe3, 0x0, 0xff,
    0x10, 0x80, 0x7f, 0x84, 0x80, 0x3f, 0xf8, 0x62,
    0x40, 0x1f, 0x8c, 0x3, 0x8c, 0x3, 0xf9, 0x0,
    0x3f, 0xf8, 0x98, 0x1, 0xfe, 0x40, 0xf, 0xfe,
    0x3, 0x80, 0x7f, 0xc8, 0x1, 0xff, 0xc3, 0x40,
    0xf, 0xc8, 0x1, 0xeb, 0x0, 0xfe, 0xc0, 0xf,
    0xfe, 0x22, 0x0, 0x7f, 0xb4, 0x3, 0xff, 0x81,
    0x80, 0x1f, 0xf6, 0x0, 0x7f, 0xf0, 0xf0, 0x3,
    0xf6, 0x0, 0x79, 0x0, 0x3f, 0x90, 0x3, 0xff,
    0x86, 0x42, 0x1, 0xfe, 0x40, 0xf, 0xfe, 0x2,
    0x0, 0x7f, 0xc8, 0x1, 0xff, 0xc3, 0x40, 0xf,
    0xc8, 0x1, 0xe3, 0x0, 0xff, 0x20, 0x7, 0xff,
    0x9, 0x0, 0x3f, 0xc2, 0x40, 0x1f, 0xfc, 0x1,
    0x30, 0xf, 0xf0, 0x90, 0x7, 0xff, 0x4, 0x48,
    0x3, 0xe1, 0x30, 0xf, 0x94, 0x3, 0xfb, 0x0,
    0x3f, 0xf8, 0x58, 0x1, 0xfe, 0x70, 0xf, 0xfe,
    0x12, 0x0, 0x7f, 0xc8, 0x1, 0xff, 0xc1, 0x40,
    0xf, 0xca, 0x1, 0xfb, 0x0, 0x3f, 0x90, 0x3,
    0xff, 0x84, 0x80, 0x1f, 0xec, 0x0, 0xff, 0xe1,
    0x58, 0x7, 0xfd, 0x80, 0x1f, 0xfc, 0x1c, 0x0,
    0xfd, 0x80, 0x1f, 0x90, 0x3, 0xf8, 0xc4, 0x3,
    0xff, 0x80, 0x42, 0x1, 0xfe, 0x40, 0xf, 0xfe,
    0x11, 0x88, 0x7, 0xf9, 0x0, 0x3f, 0xf8, 0x28,
    0x1, 0xf9, 0x0, 0x3f, 0x10, 0x80, 0x7f, 0x20,
    0x7, 0xff, 0x1, 0x0, 0x3f, 0xc6, 0x20, 0x1f,
    0xfc, 0x34, 0x0, 0xff, 0x9, 0x80, 0x7f, 0xc4,
    0x40, 0xf, 0x84, 0xc0, 0x3f, 0x9c, 0x3, 0xfb,
    0x0, 0x3f, 0xf8, 0x18, 0x1, 0xfe, 0x40, 0xf,
    0xfe, 0x26, 0x0, 0x7f, 0xc8, 0x1, 0xff, 0x20,
    0x7, 0xe4, 0x0, 0xff, 0x60, 0x7, 0xf2, 0x0,
    0x7f, 0xf0, 0x10, 0x3, 0xfd, 0x80, 0x1f, 0xfc,
    0x47, 0x0, 0xff, 0xb0, 0x3, 0xfe, 0xc0, 0xf,
    0xd8, 0x1, 0xfe, 0x40, 0xf, 0xe2, 0x10, 0xf,
    0xf1, 0x8, 0x7, 0xf9, 0x0, 0x3f, 0xf8, 0x82,
    0x40, 0x1f, 0xe4, 0x0, 0xff, 0x90, 0x3, 0xf2,
    0x0, 0x7f, 0x84, 0xc0, 0x3f, 0x9c, 0x3, 0xfc,
    0x80, 0x1f, 0xe4, 0x0, 0xff, 0xe3, 0x28, 0x7,
    0xfc, 0x60, 0x1f, 0xc4, 0x20, 0x1f, 0x9, 0x0,
    0x7f, 0xc8, 0x1, 0xfd, 0x80, 0x1f, 0xec, 0x0,
    0xff, 0x60, 0x7, 0xff, 0x1b, 0x0, 0x3f, 0xe4,
    0x0, 0xfe, 0x40, 0xf, 0xc8, 0x1, 0xff, 0xc0,
    0xc0, 0xf, 0xe4, 0x0, 0xff, 0x20, 0x7, 0xf9,
    0x40, 0x3f, 0xf8, 0xc8, 0x1, 0xff, 0x60, 0x7,
    0xf6, 0x0, 0x7e, 0xc0, 0xf, 0xfe, 0x2, 0x0,
    0x7f, 0x9, 0x0, 0x7e, 0x21, 0x0, 0xfe, 0x12,
    0x0, 0xff, 0xe3, 0xa0, 0x7, 0xf9, 0x0, 0x3f,
    0x90, 0x3, 0xf2, 0x0, 0x7f, 0xf0, 0x50, 0x3,
    0xf9, 0x0, 0x3f, 0x20, 0x7, 0xf9, 0x0, 0x3f,
    0xf9, 0x18, 0x1, 0xff, 0x18, 0x7, 0xc6, 0x20,
    0x1f, 0x9, 0x0, 0x7f, 0xf0, 0x70, 0x3, 0xfb,
    0x40, 0x3f, 0x68, 0x7, 0xfb, 0xc0, 0x3f, 0xf9,
    0xa, 0x1, 0xff, 0x20, 0x7, 0xc8, 0x1, 0xf9,
    0x0, 0x3f, 0xf8, 0x48, 0x1, 0xfc, 0x80, 0x1f,
    0x94, 0x3, 0xfc, 0x80, 0x1f, 0xfc, 0x82, 0x10,
    0xf, 0xf6, 0x0, 0x7d, 0x80, 0x1f, 0xb0, 0x3,
    0xff, 0x84, 0x62, 0x1, 0xfc, 0x60, 0x1e, 0x31,
    0x0, 0xfe, 0x21, 0x0, 0xff, 0xe4, 0xb8, 0x7,
    0xf9, 0x0, 0x3e, 0x40, 0xf, 0xc8, 0x1, 0xff,
    0xc3, 0x40, 0xf, 0xe4, 0x0, 0xf2, 0x0, 0x7f,
    0x90, 0x3, 0xff, 0x95, 0x80, 0x1f, 0xf2, 0x0,
    0x71, 0x80, 0x7e, 0x12, 0x0, 0xff, 0xe1, 0xe0,
    0x7, 0xf5, 0x80, 0x7b, 0x0, 0x3f, 0xda, 0x1,
    0xff, 0xca, 0x40, 0xf, 0xfb, 0x0, 0x39, 0x0,
    0x3f, 0x20, 0x7, 0xff, 0x11, 0xc0, 0x3f, 0x8c,
    0x3, 0xca, 0x1, 0xfe, 0x40, 0xf, 0xfe, 0x50,
    0x98, 0x7, 0xf9, 0x0, 0x3b, 0x0, 0x3f, 0x60,
    0x7, 0xff, 0x10, 0x48, 0x3, 0xf9, 0x0, 0x31,
    0x88, 0x7, 0xf1, 0x80, 0x7f, 0xf3, 0x2c, 0x3,
    0xfc, 0x60, 0x1c, 0x80, 0x1f, 0x90, 0x3, 0xff,
    0x8a, 0x80, 0x1f, 0xd8, 0x1, 0x90, 0x3, 0xfd,
    0x60, 0x1f, 0xfc, 0xc4, 0x0, 0xff, 0x90, 0x2,
    0x40, 0xf, 0xc2, 0x40, 0x1f, 0xfc, 0x5c, 0x0,
    0xfe, 0x50, 0xd, 0x80, 0x1f, 0xe4, 0x0, 0xff,
    0xe6, 0x18, 0x80, 0x7f, 0xb0, 0x2, 0xc0, 0xf,
    0xc8, 0x1, 0xff, 0xc6, 0x50, 0xf, 0xe2, 0x10,
    0x9, 0x40, 0x3f, 0x84, 0xc0, 0x3f, 0xf9, 0xa8,
    0x1, 0xfe, 0x40, 0x9, 0x0, 0x3f, 0x60, 0x7,
    0xff, 0x1c, 0xc0, 0x3f, 0x90, 0x0, 0x62, 0x1,
    0xfc, 0x80, 0x1f, 0xfc, 0xec, 0x0, 0xff, 0x18,
    0x4, 0x60, 0x1f, 0x90, 0x3, 0xff, 0x8e, 0x80,
    0x1f, 0xd8, 0x0, 0x40, 0xf, 0xf6, 0x0, 0x7f,
    0xf3, 0x9c, 0x3, 0xfe, 0x40, 0x40, 0xf, 0xc2,
    0x40, 0x1f, 0xfc, 0x7b, 0x0, 0xfe, 0x70, 0x6,
    0x0, 0x7f, 0x90, 0x3, 0xff, 0x9c, 0x24, 0x1,
    0xfe, 0xc0, 0xc0, 0xf, 0xc8, 0x1, 0xff, 0xc8,
    0x30, 0xf, 0xe1, 0x20, 0x50, 0xf, 0xe2, 0x20,
    0x7, 0xff, 0x3d, 0x40, 0x3f, 0xc8, 0x8, 0x1,
    0xfb, 0x0, 0x3f, 0xf9, 0x28, 0x1, 0xfc, 0x86,
    0x20, 0x1f, 0xc8, 0x1, 0xff, 0xd0, 0xc0, 0xf,
    0xf1, 0x91, 0x80, 0x7e, 0x40, 0xf, 0xfe, 0x4e,
    0x0, 0x7f, 0x62, 0x0, 0x7f, 0xb0, 0x3, 0xff,
    0xa0, 0x80, 0x1f, 0xf4, 0x0, 0x7e, 0x12, 0x0,
    0xff, 0xe4, 0xa8, 0x7, 0xf2, 0x60, 0x7, 0xf9,
    0x0, 0x3f, 0xfa, 0x28, 0x1, 0xfe, 0x50, 0xf,
    0xc8, 0x1, 0xff, 0xca, 0x21, 0x0, 0xfc, 0x28,
    0x1, 0xfc, 0x62, 0x1, 0xff, 0xd1, 0xc0, 0xf,
    0xfe, 0x3e, 0x0, 0x7f, 0xf2, 0xd0, 0x3, 0xff,
    0x8e, 0x80, 0x1f, 0xfd, 0x25, 0x0, 0xff, 0xe3,
    0xa0, 0x7, 0xff, 0x2f, 0xc0, 0x3f, 0xf8, 0xf6,
    0x1, 0xff, 0xd2, 0x21, 0x0, 0xff, 0xe2, 0x89,
    0x0, 0x7f, 0xf2, 0xd0, 0x3, 0xff, 0x8e, 0x60,
    0x1f, 0xfd, 0x37, 0x0, 0xff, 0xe2, 0xa0, 0x7,
    0xff, 0x30, 0x48, 0x3, 0xff, 0x8a, 0x80, 0x1f,
    0xfd, 0x4c, 0x0, 0xff, 0xe2, 0xf8, 0x7, 0xff,
    0x35, 0x40, 0x3f, 0xf8, 0xba, 0x1, 0xff, 0xd4,
    0x50, 0xf, 0xfe, 0x2a, 0x0, 0x7f, 0xf3, 0x70,
    0x3, 0xff, 0x8a, 0x80, 0x1f, 0xfd, 0x54, 0x0,
    0xff, 0xe1, 0x90, 0x80, 0x7f, 0xf3, 0x50, 0x3,
    0xff, 0x88, 0x44, 0x0, 0xff, 0xea, 0xf0, 0x7,
    0xff, 0xe, 0x80, 0x3f, 0xf9, 0xea, 0x1, 0xff,
    0xc3, 0xa0, 0xf, 0xfe, 0xb2, 0x98, 0x7, 0xff,
    0x4, 0x9c, 0x3, 0xff, 0x9f, 0x0, 0x1f, 0xfc,
    0x21, 0x70, 0xf, 0xfe, 0xbe, 0x98, 0x7, 0xfc,
    0x5e, 0x1, 0xff, 0xd0, 0x2b, 0x10, 0xf, 0xf8,
    0x70, 0x3, 0xff, 0xb0, 0x39, 0x28, 0x20, 0x1c,
    0x27, 0x1a, 0x40, 0x1f, 0xfd, 0x14, 0xf7, 0x20,
    0xf, 0x8e, 0x38, 0x80, 0x3f, 0xf8, 0xc0,

    /* U+0078 "x" */
    0x0, 0xc4, 0x8a, 0xa4, 0x30, 0xf, 0xfe, 0xd1,
    0xa2, 0xa9, 0x4, 0x3, 0xc7, 0xba, 0xba, 0xa5,
    0xe7, 0xe3, 0x0, 0x7f, 0xf5, 0x12, 0xff, 0x2e,
    0xa9, 0x7d, 0x82, 0x1, 0xb4, 0x80, 0x3e, 0x39,
    0xd2, 0x0, 0xff, 0xe8, 0xdd, 0x90, 0x3, 0xe3,
    0xb0, 0xf, 0xfe, 0x19, 0x61, 0x0, 0x7f, 0xf3,
    0xf1, 0x0, 0x3f, 0xf8, 0x6e, 0x1, 0xff, 0xf,
    0x0, 0x7f, 0xf3, 0x9c, 0xc0, 0x3f, 0xec, 0x0,
    0xd0, 0x20, 0x1f, 0xf1, 0xb0, 0x7, 0xff, 0x30,
    0x60, 0x3, 0xfe, 0x26, 0x0, 0xc3, 0x0, 0x1f,
    0xfc, 0x8, 0x10, 0xf, 0xfe, 0x5d, 0x80, 0x7f,
    0xf0, 0x24, 0x3, 0xcc, 0x60, 0x1f, 0xf0, 0xd8,
    0x7, 0xff, 0x28, 0xd4, 0x3, 0xfe, 0x54, 0x0,
    0xfb, 0x80, 0x3f, 0xf8, 0xa, 0x60, 0x1f, 0xfc,
    0x9f, 0x0, 0xff, 0x86, 0xc0, 0x3f, 0x14, 0x0,
    0x7f, 0xf0, 0x38, 0x3, 0xff, 0x90, 0xa6, 0x1,
    0xff, 0x40, 0x80, 0x7f, 0x39, 0x0, 0x7f, 0xc4,
    0xc0, 0x1f, 0xfc, 0x7b, 0x0, 0xff, 0x8d, 0x80,
    0x3f, 0xee, 0x0, 0xff, 0xe0, 0x48, 0x80, 0x7f,
    0xf1, 0x60, 0x40, 0x3f, 0xee, 0x0, 0xff, 0xe0,
    0x1b, 0x80, 0x7f, 0xf0, 0x2c, 0x3, 0xff, 0x88,
    0x2e, 0x1, 0xff, 0x39, 0x0, 0x7f, 0xf0, 0x60,
    0x40, 0x3f, 0xe5, 0x30, 0xf, 0xfe, 0x1d, 0x80,
    0x7f, 0xc3, 0x0, 0x1f, 0xfc, 0x3a, 0x0, 0xff,
    0xe0, 0x70, 0x7, 0xff, 0x8, 0xd4, 0x3, 0xfe,
    0xa0, 0xf, 0xfe, 0x22, 0x28, 0x7, 0xfc, 0x4e,
    0x1, 0xff, 0xc1, 0xf0, 0xf, 0xf9, 0x10, 0x1,
    0xff, 0xc5, 0xb1, 0x0, 0xff, 0xa0, 0x40, 0x3f,
    0xe6, 0x30, 0xf, 0xfa, 0x80, 0x3f, 0xf8, 0xc3,
    0x60, 0x1f, 0xfc, 0xb, 0x0, 0xff, 0xa0, 0x3,
    0xfe, 0x81, 0x0, 0xff, 0xe3, 0xaa, 0x0, 0x7f,
    0xca, 0x80, 0x1f, 0xd0, 0x20, 0x1f, 0xe2, 0x70,
    0xf, 0xfe, 0x4c, 0x80, 0x7f, 0xf0, 0x24, 0x3,
    0xf1, 0x38, 0x7, 0xfd, 0xc0, 0x1f, 0xfc, 0xa2,
    0x80, 0xf, 0xf8, 0x9c, 0x3, 0xe8, 0x0, 0xff,
    0x98, 0xc0, 0x3f, 0xf9, 0x6e, 0x60, 0x1f, 0xf4,
    0x8, 0x7, 0x1a, 0x80, 0x7f, 0x86, 0x0, 0x3f,
    0xf9, 0xbe, 0x1, 0xff, 0xc0, 0xb0, 0xe, 0xf0,
    0xf, 0xfa, 0xc4, 0x3, 0xff, 0x9a, 0x6e, 0x1,
    0xff, 0x2a, 0x0, 0x4c, 0x60, 0x1f, 0xe4, 0x50,
    0xf, 0xfe, 0x7c, 0x10, 0x7, 0xfd, 0x20, 0x14,
    0x0, 0x7f, 0xd2, 0x1, 0xff, 0xd1, 0x90, 0xf,
    0xf8, 0x9c, 0x20, 0x40, 0x3f, 0xce, 0x40, 0x1f,
    0xfd, 0x14, 0x60, 0xf, 0xfa, 0x11, 0xc0, 0x3f,
    0xc5, 0x0, 0x1f, 0xfd, 0x38, 0x10, 0xf, 0xfa,
    0xc0, 0x3f, 0xe9, 0x0, 0xff, 0xea, 0xd, 0x80,
    0x7f, 0xf2, 0x95, 0x0, 0x3f, 0xfa, 0xaa, 0x80,
    0x1f, 0xfc, 0x9b, 0x0, 0xff, 0xeb, 0xd0, 0x7,
    0xff, 0x22, 0x44, 0x3, 0xff, 0xae, 0x32, 0x1,
    0xff, 0xc6, 0x36, 0x0, 0xff, 0xec, 0xb1, 0x80,
    0x7f, 0xf1, 0x7c, 0x3, 0xff, 0xb7, 0xc0, 0x1f,
    0xfc, 0x46, 0x30, 0xf, 0xfe, 0xd9, 0x18, 0x7,
    0xff, 0x8, 0x64, 0x3, 0xff, 0xb8, 0xc6, 0x1,
    0xff, 0xc2, 0x60, 0xf, 0xfe, 0xe0, 0xc0, 0x7,
    0xff, 0xd, 0xc4, 0x3, 0xff, 0xb7, 0x62, 0x1,
    0xff, 0xc4, 0xa0, 0xf, 0xfe, 0xd2, 0x28, 0x7,
    0xff, 0x15, 0x14, 0x3, 0xff, 0xb3, 0x20, 0x1f,
    0xfc, 0x7b, 0x10, 0xf, 0xfe, 0xbc, 0x10, 0x7,
    0xff, 0x1c, 0x6c, 0x3, 0xff, 0xac, 0x6e, 0x1,
    0xff, 0xc9, 0x55, 0x0, 0x7f, 0xf5, 0x7c, 0x3,
    0xff, 0x97, 0x62, 0x1, 0xff, 0xd3, 0x73, 0x0,
    0xff, 0x5a, 0x0, 0x7f, 0xc3, 0x60, 0x1f, 0xfd,
    0x21, 0x80, 0xf, 0xf2, 0x22, 0x40, 0x3f, 0xf8,
    0xa, 0x80, 0x1f, 0xfd, 0x1a, 0x0, 0xff, 0xa4,
    0xa, 0x0, 0x3f, 0xf8, 0x14, 0x1, 0xff, 0xd0,
    0x54, 0x0, 0xff, 0x39, 0x0, 0x1c, 0xc0, 0x3f,
    0xe1, 0x90, 0xf, 0xfe, 0x70, 0xd8, 0x7, 0xf8,
    0x60, 0x3, 0x78, 0x7, 0xff, 0x1, 0x8c, 0x3,
    0xff, 0x9b, 0x2, 0x1, 0xfe, 0x80, 0xe, 0x37,
    0x0, 0xff, 0xe0, 0x70, 0x7, 0xff, 0x30, 0xd8,
    0x3, 0xfc, 0x6c, 0x1, 0xe8, 0x20, 0xf, 0xf8,
    0xa0, 0x3, 0xff, 0x97, 0xc0, 0x1f, 0xf7, 0x80,
    0x7e, 0x90, 0xf, 0xfe, 0x3, 0x98, 0x7, 0xff,
    0x26, 0x8, 0x3, 0xfc, 0xa6, 0x1, 0xf9, 0x18,
    0x3, 0xff, 0x81, 0xc0, 0x1f, 0xfc, 0x82, 0x70,
    0xf, 0xfa, 0xc0, 0x3f, 0xd0, 0x20, 0x1f, 0xf1,
    0x38, 0x7, 0xff, 0x1f, 0x80, 0x3f, 0xe7, 0x10,
    0xf, 0xf0, 0xd8, 0x7, 0xff, 0x2, 0x8, 0x3,
    0xff, 0x8a, 0xc6, 0x1, 0xfe, 0x18, 0x0, 0xff,
    0xe0, 0x2a, 0x80, 0x3f, 0xf8, 0x1c, 0x1, 0xff,
    0xc4, 0x19, 0x0, 0xff, 0xac, 0x3, 0xff, 0x85,
    0x60, 0x1f, 0xfc, 0x3, 0x70, 0xf, 0xfe, 0x1d,
    0x80, 0x7f, 0xc6, 0xa0, 0x1f, 0xfc, 0x21, 0x90,
    0xf, 0xfe, 0x4, 0x10, 0x7, 0xff, 0x5, 0x14,
    0x3, 0xfe, 0xf0, 0xf, 0xfe, 0x23, 0x18, 0x7,
    0xff, 0x3, 0x80, 0x3f, 0xf8, 0x34, 0x1, 0xff,
    0x31, 0x80, 0x7f, 0xf1, 0x78, 0x3, 0xff, 0x80,
    0x6c, 0x1, 0xff, 0x48, 0x80, 0x7f, 0xd0, 0x1,
    0xff, 0xc6, 0x28, 0x0, 0xff, 0xe0, 0x48, 0x80,
    0x7f, 0x1b, 0x0, 0x7f, 0xd0, 0x20, 0x1f, 0xfc,
    0x77, 0x20, 0xf, 0xfe, 0x5, 0x0, 0x7f, 0x70,
    0x7, 0xfc, 0x4e, 0x1, 0xff, 0xc9, 0xe0, 0xf,
    0xfe, 0x2, 0x28, 0x7, 0xce, 0x40, 0x1f, 0xf4,
    0x80, 0x7f, 0xf2, 0x8d, 0xc0, 0x3f, 0xf8, 0x16,
    0x20, 0x1c, 0x50, 0x1, 0xff, 0x22, 0x0, 0x3f,
    0xf9, 0x70, 0x40, 0x1f, 0xf0, 0xd8, 0x7, 0x48,
    0x7, 0xff, 0x2, 0x40, 0x3f, 0xf9, 0xb2, 0x1,
    0xff, 0xc0, 0x55, 0x0, 0x4c, 0x80, 0x1f, 0xf3,
    0x10, 0x7, 0xff, 0x35, 0x14, 0x3, 0xff, 0x81,
    0x62, 0x3, 0x0, 0x1f, 0xf0, 0xc0, 0x7, 0xff,
    0x3e, 0xc4, 0x3, 0xfe, 0x1b, 0x9, 0x10, 0xf,
    0xfa, 0xc4, 0x3, 0xff, 0x9e, 0x36, 0x1, 0xff,
    0xc0, 0x52, 0x50, 0xf, 0xf9, 0x94, 0x3, 0xff,
    0xa2, 0xb0, 0x1, 0xff, 0xc0, 0x57, 0x0, 0xfe,
    0x19, 0x90, 0x7, 0xff, 0x4d, 0xe8, 0x40, 0x3f,
    0xc7, 0x50, 0x62, 0x0, 0x12, 0x5a, 0xe6, 0x0,
    0xff, 0xea, 0xaf, 0x5b, 0x18, 0x80, 0x44, 0xb6,
    0x80,

    /* U+0079 "y" */
    0x1, 0x8d, 0xff, 0xba, 0xdc, 0x40, 0x3f, 0xfb,
    0xcd, 0x7d, 0xfe, 0xec, 0x70, 0xb, 0xdc, 0x80,
    0x21, 0x48, 0xe7, 0x0, 0xff, 0xed, 0x96, 0xca,
    0x8, 0x0, 0x4e, 0x30, 0x14, 0x40, 0x3f, 0xa2,
    0x40, 0x3f, 0xfb, 0x23, 0x84, 0x1, 0xf8, 0xd0,
    0x40, 0x3f, 0xe6, 0x40, 0xf, 0xfe, 0xc4, 0x8,
    0x7, 0xfc, 0xa0, 0x1f, 0xfc, 0xf, 0x0, 0xff,
    0xec, 0x38, 0x7, 0xfc, 0xa2, 0xa0, 0x1f, 0xf2,
    0x8, 0x7, 0xff, 0x59, 0x4, 0x3, 0xfc, 0x62,
    0x1c, 0x1, 0xff, 0xc0, 0x60, 0xf, 0xfe, 0xb6,
    0x80, 0x7f, 0xd4, 0x0, 0x42, 0x0, 0xff, 0xa8,
    0x3, 0xff, 0xac, 0xe0, 0x1f, 0xf3, 0x80, 0x54,
    0x1, 0xff, 0x11, 0x80, 0x7f, 0xf5, 0xc, 0x40,
    0x3f, 0xc8, 0x20, 0x13, 0x0, 0x7f, 0xf0, 0x28,
    0x3, 0xff, 0xa9, 0x60, 0x1f, 0xf7, 0x0, 0x61,
    0x50, 0xf, 0xf9, 0xc0, 0x3f, 0xfa, 0x8a, 0x1,
    0xff, 0x28, 0x7, 0x70, 0x7, 0xfc, 0x2a, 0x1,
    0xff, 0xd2, 0x22, 0x0, 0x7f, 0x94, 0x3, 0xc8,
    0x40, 0x1f, 0xf7, 0x0, 0x7f, 0xf4, 0x94, 0x3,
    0xfe, 0xf0, 0xf, 0xa8, 0x3, 0xfe, 0x41, 0x0,
    0xff, 0xe8, 0xd8, 0x7, 0xfc, 0xa0, 0x1f, 0x30,
    0x7, 0xff, 0x1, 0x80, 0x3f, 0xfa, 0x2, 0x60,
    0x1f, 0xe6, 0x0, 0xfc, 0x2a, 0x1, 0xff, 0x58,
    0x7, 0xff, 0x41, 0xc0, 0x3f, 0xed, 0x0, 0xfe,
    0xe0, 0xf, 0xf8, 0xc8, 0x3, 0xff, 0x9f, 0xa0,
    0x1f, 0xe1, 0x40, 0xf, 0xe4, 0x20, 0xf, 0xfa,
    0x80, 0x3f, 0xf9, 0xc2, 0x80, 0x1f, 0xe7, 0x0,
    0xff, 0xa8, 0x3, 0xfe, 0x60, 0xf, 0xfe, 0x73,
    0x80, 0x7f, 0xd4, 0x1, 0xff, 0x30, 0x7, 0xfc,
    0x28, 0x1, 0xff, 0xcd, 0xd0, 0xf, 0xf1, 0x18,
    0x7, 0xfc, 0x2a, 0x1, 0xff, 0x70, 0x7, 0xff,
    0x35, 0x0, 0x3f, 0xca, 0x1, 0xff, 0xc1, 0xe0,
    0xf, 0xf9, 0x44, 0x3, 0xff, 0x96, 0xa0, 0x1f,
    0xf5, 0x0, 0x7f, 0xf0, 0x50, 0x80, 0x3f, 0xe7,
    0x0, 0xff, 0xe5, 0xf8, 0x7, 0xf8, 0x88, 0x1,
    0xff, 0xc2, 0xa0, 0xf, 0xfa, 0x80, 0x3f, 0xf9,
    0x68, 0x1, 0xfe, 0xa0, 0xf, 0xfe, 0x1b, 0x0,
    0x7f, 0xc6, 0x40, 0x1f, 0xfc, 0x94, 0x10, 0xf,
    0xf3, 0x0, 0x7f, 0xf0, 0xc5, 0x40, 0x3f, 0xea,
    0x0, 0xff, 0xe4, 0xe8, 0x7, 0xf8, 0xc4, 0x3,
    0xff, 0x89, 0x20, 0x1f, 0xf3, 0x0, 0x7f, 0xf2,
    0x5c, 0x3, 0xfd, 0x40, 0x1f, 0xfc, 0x53, 0x20,
    0xf, 0xf0, 0xa0, 0x7, 0xff, 0x1c, 0xc4, 0x3,
    0xfc, 0xe0, 0x1f, 0xfc, 0x6a, 0x0, 0xff, 0xb8,
    0x3, 0xff, 0x8f, 0x60, 0x1f, 0xe4, 0x10, 0xf,
    0xfe, 0x33, 0x0, 0x7f, 0xca, 0x1, 0xff, 0xc7,
    0x50, 0xf, 0xf7, 0x0, 0x7f, 0xf1, 0xc5, 0x40,
    0x3f, 0xe6, 0x0, 0xff, 0xe2, 0x91, 0x0, 0x3f,
    0xca, 0x1, 0xff, 0xc8, 0x90, 0xf, 0xfa, 0x80,
    0x3f, 0xf8, 0xaa, 0x1, 0xfe, 0x50, 0xf, 0xfe,
    0x49, 0x90, 0x7, 0xf8, 0xc8, 0x3, 0xff, 0x89,
    0x60, 0x1f, 0xef, 0x0, 0xff, 0xe5, 0x58, 0x7,
    0xfd, 0x40, 0x1f, 0xfc, 0x31, 0x30, 0xf, 0xe1,
    0x50, 0xf, 0xfe, 0x53, 0x80, 0x7f, 0xcc, 0x1,
    0xff, 0xc3, 0x70, 0xf, 0xf3, 0x80, 0x7f, 0xf2,
    0xc5, 0x40, 0x3f, 0xc2, 0x80, 0x1f, 0xfc, 0x2d,
    0x0, 0xff, 0x68, 0x7, 0xff, 0x32, 0x40, 0x3f,
    0xee, 0x0, 0xff, 0xe0, 0x8a, 0x0, 0x7f, 0xa,
    0x0, 0x7f, 0xf3, 0xc, 0x80, 0x3f, 0xca, 0x1,
    0xff, 0xc1, 0x70, 0xf, 0xf3, 0x0, 0x7f, 0xf3,
    0xac, 0x3, 0xfe, 0x60, 0xf, 0xfe, 0x6, 0x80,
    0x7f, 0xac, 0x3, 0xff, 0x9c, 0xe0, 0x1f, 0xf6,
    0x80, 0x7f, 0xf0, 0x10, 0x3, 0xf8, 0x8c, 0x3,
    0xff, 0x9c, 0x2a, 0x1, 0xfe, 0x42, 0x0, 0xff,
    0x28, 0x7, 0xf9, 0x40, 0x3f, 0xfa, 0x12, 0x1,
    0xff, 0x28, 0x7, 0xfb, 0xc0, 0x3f, 0xd4, 0x1,
    0xff, 0xd0, 0x32, 0x0, 0xff, 0x50, 0x7, 0xf9,
    0x0, 0x3f, 0x8c, 0x80, 0x3f, 0xfa, 0x36, 0x1,
    0xfe, 0x23, 0x0, 0xfc, 0x82, 0x1, 0xfd, 0x60,
    0x1f, 0xfd, 0x26, 0x0, 0xff, 0xa8, 0x3, 0xf6,
    0x80, 0x7f, 0x98, 0x3, 0xff, 0xa6, 0xc0, 0x1f,
    0xe6, 0x0, 0xfc, 0xe0, 0x1f, 0xc6, 0x20, 0x1f,
    0xfd, 0x3a, 0x0, 0xff, 0x94, 0x3, 0xc6, 0x20,
    0x1f, 0xd4, 0x1, 0xff, 0xd4, 0x32, 0x0, 0xff,
    0x70, 0x7, 0xac, 0x3, 0xfc, 0xe0, 0x1f, 0xfd,
    0x5b, 0x0, 0xff, 0x20, 0x80, 0x72, 0x80, 0x7f,
    0x20, 0x80, 0x7f, 0xf5, 0x58, 0x3, 0xfe, 0x60,
    0xc, 0x44, 0x0, 0xfe, 0xe0, 0xf, 0xfe, 0xbb,
    0x0, 0x7f, 0xa8, 0x3, 0x28, 0x7, 0xf9, 0x40,
    0x3f, 0xfa, 0xf4, 0x1, 0xfe, 0x23, 0x0, 0xac,
    0x3, 0xf9, 0x40, 0x3f, 0xfb, 0x6, 0x60, 0xf,
    0xf5, 0x0, 0x4, 0xc0, 0x3f, 0xb8, 0x3, 0xff,
    0xb3, 0x40, 0x1f, 0xe7, 0x0, 0x38, 0x7, 0xf0,
    0xa0, 0x7, 0xff, 0x65, 0x80, 0x3f, 0xc2, 0xa1,
    0xa0, 0x1f, 0xce, 0x1, 0xff, 0xdb, 0x60, 0xf,
    0xf7, 0xa, 0x0, 0x7f, 0x68, 0x7, 0xff, 0x6e,
    0x80, 0x3f, 0xc8, 0xc0, 0x1f, 0xc2, 0x80, 0x1f,
    0xfd, 0xb3, 0x30, 0x7, 0xfa, 0x0, 0x3f, 0x98,
    0x3, 0xff, 0xbb, 0x40, 0x1f, 0xfc, 0x8b, 0x0,
    0xff, 0xee, 0xb0, 0x7, 0xff, 0x1c, 0x8c, 0x3,
    0xff, 0xbc, 0xc0, 0x1f, 0xfc, 0x65, 0x0, 0xff,
    0xef, 0xd0, 0x7, 0xff, 0x1a, 0x80, 0x3f, 0xfb,
    0xe6, 0x60, 0xf, 0xfe, 0x21, 0x90, 0x7, 0xff,
    0x82, 0x80, 0x3f, 0xf8, 0x96, 0x1, 0xff, 0xe1,
    0x60, 0xf, 0xfe, 0x23, 0x0, 0x7f, 0xf8, 0x98,
    0x3, 0xff, 0x84, 0x82, 0x1, 0xff, 0xe2, 0xa0,
    0xf, 0xfe, 0x16, 0x80, 0x7f, 0xf8, 0xcc, 0xc0,
    0x1f, 0xfc, 0x17, 0x0, 0xff, 0xf2, 0x50, 0x7,
    0xff, 0x1, 0x4, 0x3, 0xff, 0xc8, 0xc0, 0x1f,
    0xfc, 0xe, 0x0, 0xff, 0xf3, 0x8, 0x7, 0xfc,
    0xa0, 0x1f, 0xfe, 0x53, 0x10, 0xf, 0xf2, 0x80,
    0x7f, 0xf9, 0xac, 0x3, 0xfe, 0xe0, 0xf, 0xff,
    0x32, 0x80, 0x7f, 0x85, 0x0, 0x3f, 0xfc, 0xa4,
    0x40, 0xf, 0xf3, 0x80, 0x7f, 0xf9, 0x94, 0x3,
    0xfe, 0xa0, 0xf, 0xff, 0x35, 0x0, 0x7f, 0x84,
    0xc0, 0x3f, 0xfc, 0xa6, 0x40, 0x1f, 0xe6, 0x0,
    0xff, 0xf3, 0x50, 0x7, 0xfd, 0x40, 0x1f, 0xfe,
    0x51, 0x60, 0xf, 0xf1, 0x90, 0x7, 0xff, 0x96,
    0x40, 0x3f, 0xea, 0x0, 0xff, 0xf2, 0x8b, 0x80,
    0x7f, 0x85, 0x80, 0x3f, 0xfc, 0xb6, 0x1, 0xff,
    0x30, 0x7, 0xff, 0x95, 0x14, 0x3, 0xfe, 0x90,
    0xf, 0xff, 0x20, 0xd0, 0x7, 0xfc, 0xc2, 0x1,
    0xff, 0xe3, 0x1c, 0x10, 0xf, 0xfa, 0xc0, 0x3f,
    0xfc, 0x63, 0xa4, 0x1, 0xff, 0x31, 0x0, 0x7f,
    0xf8, 0x8f, 0xcc, 0x3, 0xff, 0x81, 0x0, 0x1f,
    0xfe, 0x11, 0x9c, 0x10, 0xf, 0xfe, 0x4, 0x8,
    0x7, 0xff, 0x60, 0x59, 0xd0, 0x8, 0xde, 0xf9,
    0x80, 0x3f, 0xf8, 0x24, 0xe0, 0x1f, 0xfd, 0x87,
    0xe9, 0x8b, 0xfd, 0xc8, 0x40, 0xf, 0xfe, 0x1f,
    0x0, 0x7f, 0xf6, 0x1a, 0x0, 0x3f, 0xf9, 0x70,
    0x60, 0x1f, 0xfd, 0x71, 0x90, 0xf, 0xfe, 0x5a,
    0x38, 0x7, 0xff, 0x61, 0x80, 0x3f, 0xf9, 0x65,
    0x40, 0x1f, 0xfd, 0x9b, 0x0, 0xff, 0xe5, 0xe,
    0x8, 0x7, 0xff, 0x64, 0x40, 0x3f, 0xf9, 0x25,
    0x82, 0x1, 0xff, 0xda, 0x10, 0xf, 0xfe, 0x42,
    0x61, 0x0, 0x7f, 0xf6, 0xe8, 0x3, 0xff, 0x8f,
    0x16, 0x20, 0x1f, 0xfd, 0xc6, 0x80, 0xf, 0xfe,
    0x23, 0x73, 0x80, 0x7f, 0xf7, 0xdf, 0xe9, 0xd0,
    0x84, 0x3, 0x84, 0xd6, 0xbe, 0x44, 0x3, 0xff,
    0xb8,

    /* U+007A "z" */
    0x0, 0xf8, 0x8d, 0x13, 0xff, 0xb6, 0x60, 0x1f,
    0xe3, 0xdd, 0x65, 0xdf, 0xff, 0x6f, 0x3e, 0x84,
    0x3, 0xc5, 0x84, 0x1, 0xff, 0xdf, 0x5b, 0x0,
    0xf5, 0x80, 0x7f, 0xf8, 0x94, 0x3, 0xc8, 0x1,
    0xff, 0xe3, 0x10, 0xe, 0x20, 0xf, 0xff, 0x18,
    0x80, 0x7f, 0xfa, 0x8, 0x3, 0xc4, 0x1, 0xff,
    0xe2, 0x50, 0xf, 0x20, 0x7, 0xff, 0x8a, 0x80,
    0x3d, 0x2, 0x1, 0xff, 0xe0, 0x42, 0x0, 0xf0,
    0xfb, 0x8, 0x7, 0xff, 0x7a, 0x40, 0x3f, 0xc,
    0xf7, 0xff, 0xff, 0x3e, 0x40, 0x3f, 0xf8, 0x30,
    0x40, 0x1f, 0xfd, 0xac, 0x0, 0xff, 0xe0, 0x1b,
    0x80, 0x7f, 0xf6, 0x95, 0x40, 0x1f, 0xfc, 0xe,
    0x0, 0xff, 0xed, 0xd, 0x80, 0x7f, 0xf0, 0x24,
    0x80, 0x3f, 0xfb, 0x54, 0x20, 0x1f, 0xf2, 0x30,
    0x7, 0xff, 0x69, 0x90, 0x3, 0xff, 0x81, 0x40,
    0x1f, 0xfd, 0xa1, 0x90, 0xf, 0xfe, 0x4, 0x88,
    0x7, 0xff, 0x6a, 0x80, 0x3f, 0xf8, 0x8, 0xc0,
    0x1f, 0xfd, 0xa7, 0x40, 0xf, 0xf8, 0x68, 0x3,
    0xff, 0xb4, 0x50, 0x1, 0xff, 0xc0, 0xb1, 0x0,
    0xff, 0xed, 0x70, 0x7, 0xff, 0x1, 0x54, 0x1,
    0xff, 0xda, 0x73, 0x0, 0xff, 0x86, 0xc0, 0x3f,
    0xfb, 0x47, 0x0, 0x1f, 0xfc, 0xa, 0x10, 0xf,
    0xfe, 0xd7, 0x0, 0x7f, 0xf0, 0x19, 0x0, 0x3f,
    0xfb, 0x50, 0x40, 0x1f, 0xf0, 0xc8, 0x7, 0xff,
    0x68, 0xdc, 0x3, 0xff, 0x81, 0x40, 0x1f, 0xfd,
    0xbe, 0x0, 0xff, 0xe0, 0x32, 0x0, 0x7f, 0xf6,
    0xa4, 0x80, 0x3f, 0xe2, 0x90, 0xf, 0xfe, 0xd2,
    0x30, 0x7, 0xff, 0x3, 0x80, 0x3f, 0xfb, 0x74,
    0x1, 0xff, 0xc0, 0x73, 0x0, 0xff, 0xed, 0x50,
    0x80, 0x7f, 0xc5, 0x0, 0x1f, 0xfd, 0xa4, 0x50,
    0xf, 0xfe, 0x7, 0x80, 0x7f, 0xf6, 0x86, 0x80,
    0x3f, 0xf8, 0x10, 0x40, 0x1f, 0xfd, 0xab, 0x10,
    0xf, 0xf8, 0xdc, 0x3, 0xff, 0xb4, 0xaa, 0x0,
    0xff, 0xe0, 0x70, 0x7, 0xff, 0x68, 0x6c, 0x3,
    0xff, 0x81, 0x24, 0x1, 0xff, 0xda, 0xa1, 0x0,
    0xff, 0x91, 0x80, 0x3f, 0xfb, 0x4c, 0x80, 0x1f,
    0xfc, 0xa, 0x0, 0xff, 0xed, 0x14, 0x80, 0x7f,
    0xf0, 0x24, 0x40, 0x3f, 0xfb, 0x5c, 0x1, 0xff,
    0xc0, 0x46, 0x0, 0xff, 0xed, 0x39, 0x80, 0x7f,
    0xc3, 0x40, 0x1f, 0xfd, 0xa2, 0x80, 0xf, 0xfe,
    0x5, 0x88, 0x7, 0xff, 0x6b, 0x80, 0x3f, 0xf8,
    0xa, 0xa0, 0xf, 0xfe, 0xd3, 0x98, 0x7, 0xfc,
    0x36, 0x1, 0xff, 0xda, 0x38, 0x0, 0xff, 0xe0,
    0x50, 0x80, 0x7f, 0xf6, 0xb8, 0x3, 0xff, 0x80,
    0xc8, 0x1, 0xff, 0xda, 0x82, 0x0, 0xff, 0x8a,
    0x40, 0x3f, 0xfb, 0x46, 0xe0, 0x1f, 0xfc, 0x9,
    0x0, 0xff, 0xed, 0xf0, 0x7, 0xff, 0x1, 0xd0,
    0x3, 0xff, 0xb5, 0x24, 0x1, 0xff, 0x14, 0x0,
    0x7f, 0xf6, 0x91, 0x80, 0x3f, 0xf8, 0x1c, 0x1,
    0xff, 0xda, 0x1a, 0x0, 0xff, 0xe0, 0x39, 0x80,
    0x7f, 0xf6, 0xac, 0x40, 0x3f, 0xe3, 0x80, 0xf,
    0xfe, 0xd2, 0xa8, 0x3, 0xff, 0x81, 0xc0, 0x1f,
    0xfd, 0xa1, 0xb0, 0xf, 0xfe, 0x4, 0x10, 0x7,
    0xff, 0x6a, 0xc4, 0x3, 0xfe, 0x37, 0x0, 0xff,
    0xed, 0x2a, 0x80, 0x3f, 0xf8, 0x1c, 0x1, 0xff,
    0xda, 0x1a, 0x0, 0xff, 0xe0, 0x49, 0x0, 0x7f,
    0xf6, 0xa8, 0x3, 0xff, 0x80, 0x8c, 0x1, 0xff,
    0xda, 0x64, 0x0, 0xff, 0xe0, 0xa, 0x27, 0xff,
    0x50, 0xc0, 0x38, 0x60, 0x3, 0xff, 0x82, 0xb7,
    0x7f, 0xfd, 0x4c, 0xf8, 0x0, 0xa0, 0x40, 0x3f,
    0xfc, 0x8f, 0x20, 0x2c, 0x1, 0xff, 0xe6, 0x62,
    0x70, 0xf, 0xff, 0x42, 0x60, 0x7, 0xff, 0xa0,
    0x58, 0x3, 0xff, 0xd2, 0x20, 0x1f, 0xfe, 0x82,
    0x60, 0xf, 0xff, 0x42, 0x78, 0x7, 0xff, 0x9e,
    0x45, 0x2d, 0x4, 0x3, 0xff, 0xc4, 0x76, 0xc0,

    /* U+007B "{" */
    0x0, 0xff, 0xe4, 0x8a, 0xc5, 0xef, 0x7f, 0xf6,
    0xb8, 0x7, 0xff, 0x25, 0x6f, 0xa9, 0xd0, 0x84,
    0x3, 0x8a, 0x24, 0x3, 0xff, 0x8c, 0x79, 0x48,
    0x1, 0xff, 0xc1, 0x61, 0x0, 0xff, 0xe2, 0x36,
    0x18, 0x7, 0xff, 0x10, 0x80, 0x3f, 0xf8, 0x6f,
    0x20, 0x1f, 0xfc, 0x62, 0x0, 0xff, 0xe1, 0x24,
    0x0, 0x7f, 0xf1, 0x8c, 0x40, 0x3f, 0xf8, 0x54,
    0x1, 0xff, 0xc6, 0x3e, 0x0, 0xff, 0xe1, 0x30,
    0x80, 0x7f, 0xf0, 0xd, 0xe6, 0xaf, 0x70, 0x80,
    0x3f, 0xf8, 0x56, 0x1, 0xff, 0x26, 0xe4, 0x32,
    0xa1, 0x0, 0x7f, 0xf0, 0xcc, 0x80, 0x3f, 0xcf,
    0x64, 0x1, 0xff, 0xc9, 0xb0, 0xf, 0xf2, 0x40,
    0x7, 0xff, 0x2c, 0xc0, 0x3f, 0xd0, 0x1, 0xff,
    0xcc, 0x40, 0xf, 0xe2, 0x30, 0xf, 0xfe, 0x58,
    0x80, 0x7f, 0x94, 0x3, 0xff, 0x98, 0x40, 0x1f,
    0xed, 0x0, 0xff, 0xe6, 0x30, 0x7, 0xf9, 0xc0,
    0x3f, 0xf9, 0x86, 0x1, 0xfe, 0x20, 0xf, 0xfe,
    0x60, 0x80, 0x7f, 0xf8, 0x44, 0x3, 0xff, 0xfe,
    0x1, 0xff, 0xca, 0x10, 0xf, 0xfe, 0xb9, 0x80,
    0x7f, 0x8, 0x7, 0xff, 0xc4, 0x40, 0x3f, 0xfa,
    0xee, 0x1, 0xff, 0xfb, 0x10, 0xf, 0xf0, 0x80,
    0x7f, 0xf3, 0xc, 0x3, 0xff, 0xae, 0x20, 0x1f,
    0xe3, 0x0, 0xff, 0xfd, 0x88, 0x7, 0xff, 0x34,
    0x40, 0x3f, 0xfa, 0xe6, 0x1, 0xfc, 0xe0, 0x1f,
    0xff, 0x11, 0x0, 0xfe, 0x10, 0xf, 0xfe, 0x6b,
    0x80, 0x7f, 0xfe, 0xc4, 0x3, 0xf8, 0xc0, 0x3f,
    0xf9, 0xa6, 0x1, 0xff, 0xd7, 0x10, 0xf, 0xe1,
    0x0, 0xff, 0xf8, 0xf8, 0x7, 0xf7, 0x80, 0x7f,
    0xf3, 0x44, 0x3, 0xff, 0xc2, 0x20, 0x1f, 0xfc,
    0xd3, 0x0, 0xff, 0xeb, 0x88, 0x7, 0xff, 0x87,
    0xc0, 0x3f, 0xf9, 0xa2, 0x1, 0xfc, 0xa0, 0x1f,
    0xfc, 0xd3, 0x0, 0xfe, 0x30, 0xf, 0xfe, 0x6f,
    0x0, 0x7e, 0x20, 0xf, 0xfe, 0x72, 0x0, 0x7e,
    0x70, 0xf, 0xfe, 0x68, 0x98, 0x7, 0xed, 0x0,
    0xff, 0xe6, 0xb0, 0x7, 0xf1, 0x80, 0x7f, 0xf3,
    0x6, 0x40, 0x3f, 0x94, 0x3, 0xff, 0x99, 0xa2,
    0x1, 0xf8, 0x44, 0x1, 0xff, 0xca, 0x3d, 0x30,
    0xf, 0xe5, 0x0, 0xff, 0xe3, 0x9, 0x23, 0xe6,
    0x8, 0x3, 0xfd, 0xe0, 0x1f, 0xfc, 0x48, 0xee,
    0x6d, 0xc1, 0x80, 0x7f, 0xca, 0x80, 0x1f, 0xfc,
    0x34, 0x71, 0x0, 0xff, 0xe1, 0x95, 0x0, 0x7f,
    0xf1, 0xc, 0x3, 0xff, 0x88, 0xba, 0x1, 0xff,
    0xc5, 0x10, 0xf, 0xfe, 0x13, 0x75, 0x0, 0x7f,
    0xf1, 0x90, 0x3, 0xff, 0x84, 0xa4, 0x1, 0xff,
    0xc7, 0x23, 0x0, 0xff, 0xe0, 0x9e, 0x50, 0x7,
    0xff, 0x1f, 0x80, 0x3f, 0xf8, 0x6b, 0x80, 0x1f,
    0xfc, 0x62, 0xd2, 0x0, 0xff, 0xe1, 0x1c, 0x80,
    0x7f, 0xf1, 0x8b, 0x64, 0xc0, 0x3f, 0xf8, 0x2c,
    0x60, 0x1f, 0xfc, 0x76, 0xce, 0xcd, 0x91, 0x0,
    0xfe, 0x80, 0xf, 0xfe, 0x48, 0x99, 0x37, 0x88,
    0x7, 0xe4, 0x20, 0xf, 0xfe, 0x60, 0xc0, 0x7,
    0xf5, 0x0, 0x7f, 0xf3, 0x58, 0x3, 0xf9, 0x0,
    0x3f, 0xf9, 0xc6, 0x1, 0xf8, 0xc4, 0x3, 0xff,
    0x9a, 0x80, 0x1f, 0xc4, 0x1, 0xff, 0xcd, 0xf0,
    0xf, 0xe6, 0x0, 0xff, 0xe6, 0x90, 0x7, 0xf1,
    0x0, 0x7f, 0xf3, 0x44, 0x3, 0xfb, 0xc0, 0x3f,
    0xfa, 0xe2, 0x1, 0xff, 0xf1, 0x10, 0xf, 0xff,
    0xd9, 0x80, 0x7f, 0x8, 0x7, 0xff, 0x34, 0x40,
    0x3f, 0xfa, 0xfe, 0x1, 0xfd, 0xe0, 0x1f, 0xff,
    0x11, 0x0, 0xfe, 0x10, 0xf, 0xfe, 0x69, 0x80,
    0x7f, 0xfe, 0xc4, 0x3, 0xf8, 0xc0, 0x3f, 0xf9,
    0xae, 0x1, 0xff, 0xd7, 0x10, 0xf, 0xe1, 0x0,
    0xff, 0xf8, 0x98, 0x7, 0xf3, 0x80, 0x7f, 0xf3,
    0x44, 0x3, 0xff, 0xc2, 0x20, 0x1f, 0xff, 0x1,
    0x0, 0xff, 0x18, 0x7, 0xff, 0x30, 0xc0, 0x3f,
    0xfc, 0x42, 0x1, 0xff, 0xcc, 0x10, 0xf, 0xfe,
    0xbb, 0x80, 0x7f, 0xf5, 0xc4, 0x3, 0xff, 0xf6,
    0x60, 0x1f, 0xc2, 0x1, 0xff, 0xcd, 0x10, 0xf,
    0xff, 0x8, 0x80, 0x7f, 0xf6, 0xc, 0x3, 0xff,
    0xae, 0xa0, 0x1f, 0xfc, 0xc1, 0x0, 0xff, 0x78,
    0x7, 0xff, 0x30, 0xc0, 0x3f, 0xca, 0x1, 0xff,
    0xcc, 0x60, 0xf, 0xf1, 0x80, 0x7f, 0xf3, 0x8,
    0x3, 0xfe, 0x30, 0xf, 0xfe, 0x58, 0x80, 0x7f,
    0xca, 0x1, 0xff, 0xcc, 0x30, 0xf, 0xf7, 0x80,
    0x7f, 0xf3, 0x10, 0x3, 0xfc, 0xa0, 0x1f, 0xfc,
    0xcb, 0x0, 0xff, 0x1b, 0x80, 0x7f, 0xf2, 0xcc,
    0x80, 0x3f, 0xd1, 0x64, 0x1, 0xff, 0xca, 0xa0,
    0xf, 0xf9, 0x37, 0x55, 0xe, 0xc8, 0x1, 0xff,
    0xc4, 0x71, 0x0, 0xff, 0xe0, 0x12, 0xbc, 0x4d,
    0xf2, 0x0, 0x7f, 0xf0, 0xe8, 0x3, 0xff, 0x8c,
    0x34, 0x1, 0xff, 0xc3, 0x48, 0x0, 0xff, 0xe3,
    0xa, 0x0, 0x7f, 0xf0, 0xde, 0x0, 0x3f, 0xf8,
    0xc2, 0x1, 0xff, 0xc4, 0x7c, 0x20, 0xf, 0xfe,
    0x23, 0x80, 0x7f, 0xf1, 0x4f, 0x68, 0xc0, 0x3f,
    0xf8, 0x2a, 0x40, 0x1f, 0xfc, 0x75, 0xce, 0xa7,
    0x42, 0x10, 0xe, 0x28, 0xa0,

    /* U+007C "|" */
    0x0, 0x1d, 0xff, 0xb6, 0x0, 0x24, 0xc4, 0x0,
    0x13, 0xe0, 0x2, 0x40, 0x3c, 0x6a, 0x44, 0x0,
    0xfb, 0xc4, 0x3, 0xf0, 0xb8, 0x7, 0xe7, 0x0,
    0xff, 0xff, 0x80, 0x7f, 0xff, 0xc0, 0x3f, 0xff,
    0xe0, 0x1f, 0xff, 0xf0, 0xf, 0xff, 0xf8, 0x7,
    0xff, 0xfc, 0x3, 0xff, 0xfe, 0x1, 0xff, 0xff,
    0x0, 0xff, 0xff, 0x80, 0x7f, 0xff, 0xc0, 0x3f,
    0xff, 0xe0, 0x1f, 0xff, 0xf0, 0xf, 0xff, 0xf8,
    0x7, 0xff, 0xfc, 0x3, 0xff, 0xfe, 0x1, 0xff,
    0xff, 0x0, 0xff, 0xff, 0x80, 0x7f, 0xfa, 0xdc,
    0x3, 0xf3, 0x88, 0x7, 0xe1, 0x22, 0x0, 0x7d,
    0xe1, 0x20, 0x1e, 0x35, 0x4, 0xc4, 0x0, 0x13,
    0xe0, 0x0,

    /* U+007D "}" */
    0x3, 0xbe, 0xff, 0xed, 0xc9, 0x62, 0x0, 0xff,
    0xe4, 0xa6, 0x20, 0x80, 0x71, 0x1b, 0x4e, 0xe9,
    0xc4, 0x3, 0xff, 0x8d, 0x0, 0x1f, 0xfc, 0x12,
    0x8f, 0x60, 0xf, 0xfe, 0x29, 0x80, 0x7f, 0xf0,
    0xc6, 0x68, 0x3, 0xff, 0x88, 0x20, 0x1f, 0xfc,
    0x55, 0xb0, 0xf, 0xfe, 0x1b, 0x80, 0x7f, 0xf1,
    0x92, 0x0, 0x3f, 0xf8, 0x52, 0x80, 0x1f, 0xfc,
    0x67, 0x20, 0xf, 0xfe, 0x15, 0xf6, 0x5d, 0x42,
    0x0, 0x7f, 0xf0, 0x60, 0x3, 0xff, 0x86, 0x26,
    0x8a, 0xf7, 0xf0, 0x1, 0xff, 0x28, 0x80, 0x7f,
    0xf2, 0x5e, 0xc0, 0x3f, 0xe6, 0x0, 0xff, 0xe5,
    0x23, 0x0, 0x7f, 0xac, 0x3, 0xff, 0x97, 0x80,
    0x1f, 0xe3, 0x0, 0xff, 0xe5, 0xb8, 0x7, 0xfc,
    0x60, 0x1f, 0xfc, 0xa2, 0x0, 0xff, 0x98, 0x3,
    0xff, 0x96, 0x60, 0x1f, 0xe2, 0x0, 0xff, 0xe5,
    0xa0, 0x7, 0xfb, 0x80, 0x3f, 0xf9, 0x7a, 0x1,
    0xfe, 0x30, 0xf, 0xfe, 0x5b, 0x80, 0x7f, 0x84,
    0x3, 0xff, 0x96, 0x40, 0x1f, 0xfd, 0x73, 0x0,
    0xff, 0xeb, 0x30, 0x7, 0xff, 0x80, 0x40, 0x3f,
    0xfd, 0xe2, 0x1, 0xfc, 0x60, 0x1f, 0xfd, 0x61,
    0x0, 0xff, 0xe6, 0x38, 0x7, 0xff, 0x83, 0xc0,
    0x3f, 0xfa, 0xc2, 0x1, 0xff, 0xcc, 0x10, 0xf,
    0xff, 0x1, 0x80, 0x7f, 0xf3, 0xc, 0x3, 0xf8,
    0x40, 0x3f, 0xff, 0x2e, 0x1, 0xff, 0xcc, 0x10,
    0xf, 0xe1, 0x0, 0xff, 0xfc, 0x98, 0x7, 0xff,
    0x58, 0x40, 0x3f, 0xfd, 0xc2, 0x1, 0xff, 0xff,
    0x0, 0xc2, 0x1, 0xff, 0xcc, 0x30, 0xf, 0xe3,
    0x0, 0xff, 0xf7, 0x88, 0x7, 0xf0, 0x80, 0x7f,
    0xf5, 0x9c, 0x3, 0xff, 0xf2, 0x20, 0x1f, 0xfe,
    0xf1, 0x0, 0xff, 0xeb, 0x18, 0x7, 0xf0, 0x80,
    0x7f, 0xf3, 0x4, 0x3, 0xf9, 0xc0, 0x3f, 0xf9,
    0xa2, 0x1, 0xf8, 0x80, 0x3f, 0xf9, 0xaa, 0x1,
    0xf8, 0x44, 0x1, 0xff, 0xcc, 0xc0, 0xf, 0xe4,
    0x0, 0xff, 0xe6, 0x20, 0x7, 0xf7, 0x0, 0x7f,
    0xf3, 0xc, 0x40, 0x3f, 0x21, 0x80, 0x7f, 0xf3,
    0x24, 0x3, 0xfb, 0x54, 0x4, 0x3, 0xff, 0x92,
    0xe2, 0x1, 0xf8, 0x6b, 0xfb, 0xed, 0x80, 0x3f,
    0xf8, 0xf4, 0x1, 0xff, 0xc1, 0x49, 0xe4, 0x0,
    0xff, 0xe2, 0xa3, 0x80, 0x7f, 0xf0, 0x86, 0xd4,
    0x3, 0xff, 0x8b, 0x10, 0x0, 0xff, 0xe1, 0xd0,
    0x80, 0x7f, 0xf1, 0x5f, 0x50, 0x3, 0xff, 0x84,
    0xe0, 0x1f, 0xfc, 0x62, 0x30, 0xf, 0xfe, 0x16,
    0x0, 0x7f, 0xf1, 0x5f, 0xdc, 0x3, 0xff, 0x84,
    0x20, 0x1f, 0xfc, 0x48, 0x80, 0x7, 0xff, 0x10,
    0xc0, 0x3f, 0xf8, 0x68, 0xe0, 0x1f, 0xfc, 0x44,
    0x80, 0xf, 0xfe, 0x1c, 0x80, 0x7f, 0xc2, 0xb3,
    0x59, 0xd6, 0x1, 0xff, 0xc3, 0x52, 0x0, 0xff,
    0x47, 0x53, 0x29, 0x88, 0x7, 0xff, 0x13, 0x40,
    0x3f, 0xd8, 0xe0, 0x1f, 0xfc, 0xa3, 0x0, 0xfe,
    0x93, 0x0, 0xff, 0xe5, 0xa8, 0x7, 0xe2, 0x60,
    0xf, 0xfe, 0x58, 0x88, 0x3, 0xf5, 0x80, 0x7f,
    0xf3, 0x8, 0x3, 0xf9, 0x0, 0x3f, 0xf9, 0x8a,
    0x1, 0xf8, 0x48, 0x3, 0xff, 0x99, 0xe0, 0x1f,
    0x88, 0x3, 0xff, 0x9a, 0xa0, 0x1f, 0x9c, 0x3,
    0xff, 0x9a, 0x60, 0x1f, 0x84, 0x3, 0xff, 0x98,
    0x40, 0x1f, 0xfd, 0x61, 0x0, 0xfe, 0x10, 0xf,
    0xff, 0xcb, 0x80, 0x7f, 0xf3, 0x4, 0x3, 0xff,
    0xc0, 0x20, 0x1f, 0xfc, 0xc3, 0x0, 0xfe, 0x30,
    0xf, 0xff, 0xc8, 0x80, 0x7f, 0xf3, 0x4, 0x3,
    0xff, 0xfe, 0x1, 0xc2, 0x1, 0xff, 0xd6, 0x30,
    0xf, 0xff, 0x78, 0x80, 0x7f, 0x8, 0x7, 0xff,
    0x59, 0xc0, 0x3f, 0xfd, 0xe6, 0x1, 0xfc, 0x20,
    0x1f, 0xfd, 0x63, 0x0, 0xff, 0xe6, 0x8, 0x7,
    0xff, 0x80, 0x40, 0x3f, 0xfa, 0xde, 0x1, 0xff,
    0xcc, 0x70, 0xf, 0xff, 0x0, 0x80, 0x7f, 0xf3,
    0x4, 0x3, 0xff, 0xc0, 0x60, 0x1f, 0xfd, 0x61,
    0x0, 0xff, 0xff, 0x80, 0x7f, 0xf1, 0xc4, 0x3,
    0xff, 0xac, 0xe0, 0x1f, 0xc2, 0x1, 0xff, 0xcc,
    0x20, 0xf, 0xe3, 0x0, 0xff, 0xe6, 0x8, 0x7,
    0xf7, 0x0, 0x7f, 0xf2, 0xd0, 0x3, 0xfc, 0x40,
    0x1f, 0xfc, 0xbc, 0x0, 0xff, 0x30, 0x7, 0xff,
    0x2d, 0x40, 0x3f, 0xc6, 0x1, 0xff, 0xca, 0x62,
    0x0, 0xfe, 0x30, 0xf, 0xfe, 0x52, 0x48, 0x7,
    0xfa, 0xc0, 0x3f, 0xf9, 0x3, 0x16, 0x1, 0xff,
    0x28, 0x7, 0xff, 0x8, 0x95, 0x9e, 0x73, 0x9c,
    0x3, 0xfe, 0x42, 0x0, 0xff, 0xe0, 0xde, 0xd4,
    0xc3, 0x18, 0x7, 0xff, 0x6, 0x0, 0x3f, 0xf8,
    0x32, 0x80, 0x1f, 0xfc, 0x67, 0x30, 0xf, 0xfe,
    0xb, 0x80, 0x7f, 0xf1, 0x92, 0x0, 0x3f, 0xf8,
    0x42, 0x1, 0xff, 0xc5, 0x5b, 0x0, 0xff, 0xe1,
    0x98, 0x7, 0xff, 0xc, 0x66, 0x80, 0x3f, 0xf8,
    0x90, 0x1, 0xff, 0xc1, 0x28, 0xe6, 0x0, 0xff,
    0xe2, 0xa5, 0xa0, 0x80, 0x71, 0x1b, 0x4e, 0xe9,
    0xc0, 0x3f, 0xf8, 0xe0,

    /* U+007E "~" */
    0x0, 0xff, 0xe0, 0x9a, 0xb3, 0xb9, 0x90, 0x40,
    0x3f, 0xfc, 0x62, 0xf9, 0xf9, 0x53, 0x10, 0x9b,
    0xed, 0x71, 0x0, 0xff, 0xef, 0x15, 0x74, 0x18,
    0x7, 0xf1, 0x47, 0x48, 0x80, 0x7f, 0xf6, 0xdb,
    0x54, 0x3, 0xff, 0x86, 0xdc, 0xe0, 0x1f, 0xfd,
    0x99, 0x90, 0x7, 0xff, 0x1e, 0x34, 0xc0, 0x3f,
    0xfa, 0xd4, 0xc0, 0x1f, 0xfc, 0x92, 0xc8, 0x0,
    0xff, 0xe5, 0xb, 0xcb, 0x0, 0x7a, 0x14, 0x3,
    0xff, 0x98, 0xfa, 0x40, 0x1f, 0xfc, 0x73, 0xf8,
    0x69, 0xd3, 0x0, 0x91, 0xc0, 0x3f, 0xf9, 0xc5,
    0xae, 0x1, 0xff, 0xc5, 0x2c, 0x10, 0x8, 0xb0,
    0x80, 0x12, 0x1, 0xff, 0xd1, 0x8b, 0x10, 0xf,
    0xfe, 0x1f, 0x80, 0x7d, 0x61, 0x4, 0x1, 0xff,
    0xd2, 0x4f, 0x50, 0xf, 0xfe, 0xb, 0x90, 0x7,
    0xc4, 0x2e, 0x1, 0xfe, 0x49, 0xce, 0xfe, 0xc7,
    0x10, 0xf, 0xfe, 0x8, 0xd5, 0x4, 0x3, 0xfc,
    0xb0, 0x1, 0xf8, 0x98, 0x3, 0xf8, 0xb2, 0xd8,
    0xc4, 0x4, 0xe3, 0xa4, 0x40, 0x3f, 0xf8, 0x2b,
    0xd0, 0x40, 0x1e, 0x4b, 0xa0, 0xf, 0xec, 0xc0,
    0x7, 0xe2, 0xc3, 0x0, 0xfe, 0x6f, 0x40, 0xf,
    0xfe, 0x13, 0xee, 0xae, 0xaf, 0x3e, 0xd0, 0x3,
    0xf8, 0x54, 0x40, 0x3f, 0x48, 0x80, 0x7f, 0xc3,
    0x72, 0x1, 0xff, 0xc3, 0x24, 0x54, 0x30, 0xf,
    0xfe, 0x5, 0x86, 0x0, 0x7c, 0x88, 0x0, 0xff,
    0xe1, 0x36, 0x10, 0x7, 0xff, 0x45, 0x14, 0x19,
    0x0, 0x38, 0xe8, 0x3, 0xff, 0x88, 0x7a, 0xa0,
    0x1f, 0xfd, 0xa, 0x0, 0xae, 0x4, 0x0, 0xd8,
    0x20, 0x1f, 0xfc, 0x6a, 0xa0, 0x80, 0x7f, 0xf3,
    0x6c, 0x40, 0x33, 0xf7, 0x3e, 0x40, 0x3f, 0xf9,
    0x2b, 0xe8, 0x1, 0xff, 0xcb, 0xa4, 0x0, 0xf8,
    0x40, 0x3f, 0xf9, 0x83, 0x72, 0x1, 0xff, 0xc9,
    0xb5, 0x0, 0xff, 0xeb, 0xb6, 0x20, 0x7, 0xff,
    0x15, 0x39, 0x0, 0x3f, 0xfb, 0x27, 0x78, 0xa0,
    0x1f, 0xfc, 0x15, 0xcb, 0x10, 0xf, 0xfe, 0xe1,
    0xd7, 0xd3, 0x18, 0x80, 0x4, 0x91, 0xab, 0xe8,
    0xc0, 0x3f, 0x0
};


/*---------------------
 *  GLYPH DESCRIPTION
 *--------------------*/

static const lv_font_fmt_txt_glyph_dsc_t glyph_dsc[] = {
    {.bitmap_index = 0, .adv_w = 0, .box_w = 0, .box_h = 0, .ofs_x = 0, .ofs_y = 0} /* id = 0 reserved */,
    {.bitmap_index = 0, .adv_w = 458, .box_w = 0, .box_h = 0, .ofs_x = 0, .ofs_y = 0},
    {.bitmap_index = 0, .adv_w = 660, .box_w = 19, .box_h = 99, .ofs_x = 11, .ofs_y = -6},
    {.bitmap_index = 324, .adv_w = 972, .box_w = 38, .box_h = 38, .ofs_x = 11, .ofs_y = 58},
    {.bitmap_index = 699, .adv_w = 1136, .box_w = 64, .box_h = 94, .ofs_x = 4, .ofs_y = -4},
    {.bitmap_index = 1757, .adv_w = 1136, .box_w = 55, .box_h = 124, .ofs_x = 8, .ofs_y = -20},
    {.bitmap_index = 2758, .adv_w = 1886, .box_w = 110, .box_h = 98, .ofs_x = 4, .ofs_y = -6},
    {.bitmap_index = 4687, .adv_w = 1392, .box_w = 81, .box_h = 99, .ofs_x = 4, .ofs_y = -6},
    {.bitmap_index = 6140, .adv_w = 568, .box_w = 13, .box_h = 38, .ofs_x = 11, .ofs_y = 58},
    {.bitmap_index = 6291, .adv_w = 692, .box_w = 26, .box_h = 129, .ofs_x = 11, .ofs_y = -28},
    {.bitmap_index = 7046, .adv_w = 692, .box_w = 26, .box_h = 129, .ofs_x = 6, .ofs_y = -28},
    {.bitmap_index = 7805, .adv_w = 956, .box_w = 43, .box_h = 41, .ofs_x = 8, .ofs_y = 58},
    {.bitmap_index = 8173, .adv_w = 1136, .box_w = 63, .box_h = 66, .ofs_x = 4, .ofs_y = 11},
    {.bitmap_index = 8441, .adv_w = 568, .box_w = 22, .box_h = 41, .ofs_x = 7, .ofs_y = -27},
    {.bitmap_index = 8682, .adv_w = 710, .box_w = 34, .box_h = 10, .ofs_x = 5, .ofs_y = 27},
    {.bitmap_index = 8735, .adv_w = 568, .box_w = 18, .box_h = 19, .ofs_x = 9, .ofs_y = -6},
    {.bitmap_index = 8835, .adv_w = 802, .box_w = 47, .box_h = 126, .ofs_x = 1, .ofs_y = -27},
    {.bitmap_index = 9631, .adv_w = 1136, .box_w = 61, .box_h = 99, .ofs_x = 5, .ofs_y = -6},
    {.bitmap_index = 10696, .adv_w = 1136, .box_w = 54, .box_h = 95, .ofs_x = 10, .ofs_y = -4},
    {.bitmap_index = 11033, .adv_w = 1136, .box_w = 60, .box_h = 97, .ofs_x = 5, .ofs_y = -4},
    {.bitmap_index = 11849, .adv_w = 1136, .box_w = 61, .box_h = 98, .ofs_x = 4, .ofs_y = -6},
    {.bitmap_index = 12773, .adv_w = 1136, .box_w = 66, .box_h = 95, .ofs_x = 2, .ofs_y = -4},
    {.bitmap_index = 13372, .adv_w = 1136, .box_w = 61, .box_h = 97, .ofs_x = 4, .ofs_y = -6},
    {.bitmap_index = 14245, .adv_w = 1136, .box_w = 60, .box_h = 98, .ofs_x = 6, .ofs_y = -6},
    {.bitmap_index = 15337, .adv_w = 1136, .box_w = 61, .box_h = 95, .ofs_x = 5, .ofs_y = -4},
    {.bitmap_index = 15968, .adv_w = 1136, .box_w = 61, .box_h = 98, .ofs_x = 5, .ofs_y = -6},
    {.bitmap_index = 17165, .adv_w = 1136, .box_w = 60, .box_h = 99, .ofs_x = 5, .ofs_y = -6},
    {.bitmap_index = 18249, .adv_w = 568, .box_w = 18, .box_h = 70, .ofs_x = 9, .ofs_y = -6},
    {.bitmap_index = 18479, .adv_w = 568, .box_w = 22, .box_h = 92, .ofs_x = 7, .ofs_y = -27},
    {.bitmap_index = 18873, .adv_w = 1136, .box_w = 63, .box_h = 57, .ofs_x = 4, .ofs_y = 16},
    {.bitmap_index = 19425, .adv_w = 1136, .box_w = 63, .box_h = 41, .ofs_x = 4, .ofs_y = 23},
    {.bitmap_index = 19591, .adv_w = 1136, .box_w = 63, .box_h = 57, .ofs_x = 4, .ofs_y = 16},
    {.bitmap_index = 20142, .adv_w = 970, .box_w = 49, .box_h = 100, .ofs_x = 6, .ofs_y = -6},
    {.bitmap_index = 20871, .adv_w = 1936, .box_w = 109, .box_h = 116, .ofs_x = 6, .ofs_y = -26},
    {.bitmap_index = 23011, .adv_w = 1242, .box_w = 76, .box_h = 96, .ofs_x = 1, .ofs_y = -4},
    {.bitmap_index = 24117, .adv_w = 1344, .box_w = 67, .box_h = 95, .ofs_x = 12, .ofs_y = -4},
    {.bitmap_index = 24892, .adv_w = 1306, .box_w = 69, .box_h = 99, .ofs_x = 7, .ofs_y = -6},
    {.bitmap_index = 25830, .adv_w = 1406, .box_w = 69, .box_h = 95, .ofs_x = 12, .ofs_y = -4},
    {.bitmap_index = 26599, .adv_w = 1204, .box_w = 57, .box_h = 95, .ofs_x = 12, .ofs_y = -4},
    {.bitmap_index = 26928, .adv_w = 1130, .box_w = 56, .box_h = 95, .ofs_x = 12, .ofs_y = -4},
    {.bitmap_index = 27245, .adv_w = 1410, .box_w = 73, .box_h = 99, .ofs_x = 7, .ofs_y = -6},
    {.bitmap_index = 28244, .adv_w = 1490, .box_w = 69, .box_h = 95, .ofs_x = 12, .ofs_y = -4},
    {.bitmap_index = 28624, .adv_w = 600, .box_w = 14, .box_h = 95, .ofs_x = 12, .ofs_y = -4},
    {.bitmap_index = 28729, .adv_w = 1096, .box_w = 52, .box_h = 97, .ofs_x = 5, .ofs_y = -6},
    {.bitmap_index = 29201, .adv_w = 1322, .box_w = 69, .box_h = 95, .ofs_x = 12, .ofs_y = -4},
    {.bitmap_index = 30093, .adv_w = 1112, .box_w = 54, .box_h = 95, .ofs_x = 12, .ofs_y = -4},
    {.bitmap_index = 30370, .adv_w = 1662, .box_w = 80, .box_h = 95, .ofs_x = 12, .ofs_y = -4},
    {.bitmap_index = 31411, .adv_w = 1478, .box_w = 68, .box_h = 95, .ofs_x = 12, .ofs_y = -4},
    {.bitmap_index = 32126, .adv_w = 1518, .box_w = 81, .box_h = 99, .ofs_x = 7, .ofs_y = -6},
    {.bitmap_index = 33391, .adv_w = 1294, .box_w = 64, .box_h = 96, .ofs_x = 12, .ofs_y = -5},
    {.bitmap_index = 33973, .adv_w = 1518, .box_w = 83, .box_h = 121, .ofs_x = 7, .ofs_y = -28},
    {.bitmap_index = 35483, .adv_w = 1302, .box_w = 65, .box_h = 95, .ofs_x = 12, .ofs_y = -4},
    {.bitmap_index = 36251, .adv_w = 1222, .box_w = 65, .box_h = 99, .ofs_x = 7, .ofs_y = -6},
    {.bitmap_index = 37232, .adv_w = 1226, .box_w = 71, .box_h = 95, .ofs_x = 3, .ofs_y = -4},
    {.bitmap_index = 37573, .adv_w = 1476, .box_w = 69, .box_h = 97, .ofs_x = 12, .ofs_y = -6},
    {.bitmap_index = 38266, .adv_w = 1176, .box_w = 73, .box_h = 95, .ofs_x = 0, .ofs_y = -4},
    {.bitmap_index = 39406, .adv_w = 1798, .box_w = 106, .box_h = 95, .ofs_x = 3, .ofs_y = -4},
    {.bitmap_index = 41405, .adv_w = 1172, .box_w = 67, .box_h = 95, .ofs_x = 3, .ofs_y = -4},
    {.bitmap_index = 42595, .adv_w = 1086, .box_w = 68, .box_h = 95, .ofs_x = 0, .ofs_y = -4},
    {.bitmap_index = 43433, .adv_w = 1234, .box_w = 66, .box_h = 95, .ofs_x = 6, .ofs_y = -4},
    {.bitmap_index = 44142, .adv_w = 692, .box_w = 27, .box_h = 124, .ofs_x = 13, .ofs_y = -26},
    {.bitmap_index = 44363, .adv_w = 802, .box_w = 47, .box_h = 126, .ofs_x = 2, .ofs_y = -27},
    {.bitmap_index = 45151, .adv_w = 692, .box_w = 27, .box_h = 124, .ofs_x = 4, .ofs_y = -26},
    {.bitmap_index = 45374, .adv_w = 1136, .box_w = 53, .box_h = 56, .ofs_x = 9, .ofs_y = 36},
    {.bitmap_index = 45974, .adv_w = 1144, .box_w = 70, .box_h = 9, .ofs_x = 1, .ofs_y = -22},
    {.bitmap_index = 46026, .adv_w = 1240, .box_w = 27, .box_h = 27, .ofs_x = 19, .ofs_y = 80},
    {.bitmap_index = 46224, .adv_w = 1154, .box_w = 56, .box_h = 74, .ofs_x = 7, .ofs_y = -6},
    {.bitmap_index = 46968, .adv_w = 1264, .box_w = 62, .box_h = 105, .ofs_x = 11, .ofs_y = -6},
    {.bitmap_index = 47792, .adv_w = 1042, .box_w = 55, .box_h = 74, .ofs_x = 6, .ofs_y = -6},
    {.bitmap_index = 48469, .adv_w = 1268, .box_w = 62, .box_h = 105, .ofs_x = 6, .ofs_y = -6},
    {.bitmap_index = 49303, .adv_w = 1134, .box_w = 60, .box_h = 74, .ofs_x = 6, .ofs_y = -6},
    {.bitmap_index = 50034, .adv_w = 664, .box_w = 42, .box_h = 105, .ofs_x = 3, .ofs_y = -4},
    {.bitmap_index = 50467, .adv_w = 1152, .box_w = 65, .box_h = 105, .ofs_x = 6, .ofs_y = -36},
    {.bitmap_index = 51685, .adv_w = 1242, .box_w = 57, .box_h = 103, .ofs_x = 11, .ofs_y = -4},
    {.bitmap_index = 52225, .adv_w = 562, .box_w = 17, .box_h = 101, .ofs_x = 9, .ofs_y = -4},
    {.bitmap_index = 52429, .adv_w = 564, .box_w = 31, .box_h = 131, .ofs_x = -5, .ofs_y = -35},
    {.bitmap_index = 52859, .adv_w = 1130, .box_w = 58, .box_h = 103, .ofs_x = 11, .ofs_y = -4},
    {.bitmap_index = 53589, .adv_w = 582, .box_w = 20, .box_h = 105, .ofs_x = 11, .ofs_y = -6},
    {.bitmap_index = 53779, .adv_w = 1896, .box_w = 97, .box_h = 73, .ofs_x = 11, .ofs_y = -4},
    {.bitmap_index = 54563, .adv_w = 1250, .box_w = 57, .box_h = 72, .ofs_x = 11, .ofs_y = -4},
    {.bitmap_index = 55038, .adv_w = 1240, .box_w = 66, .box_h = 74, .ofs_x = 6, .ofs_y = -6},
    {.bitmap_index = 55953, .adv_w = 1268, .box_w = 62, .box_h = 102, .ofs_x = 11, .ofs_y = -33},
    {.bitmap_index = 56768, .adv_w = 1268, .box_w = 62, .box_h = 102, .ofs_x = 6, .ofs_y = -33},
    {.bitmap_index = 57590, .adv_w = 794, .box_w = 39, .box_h = 72, .ofs_x = 11, .ofs_y = -4},
    {.bitmap_index = 57899, .adv_w = 958, .box_w = 51, .box_h = 74, .ofs_x = 5, .ofs_y = -6},
    {.bitmap_index = 58610, .adv_w = 772, .box_w = 43, .box_h = 92, .ofs_x = 3, .ofs_y = -6},
    {.bitmap_index = 59039, .adv_w = 1242, .box_w = 57, .box_h = 72, .ofs_x = 10, .ofs_y = -6},
    {.bitmap_index = 59519, .adv_w = 1066, .box_w = 63, .box_h = 71, .ofs_x = 2, .ofs_y = -4},
    {.bitmap_index = 60339, .adv_w = 1642, .box_w = 95, .box_h = 71, .ofs_x = 4, .ofs_y = -4},
    {.bitmap_index = 61786, .adv_w = 1018, .box_w = 58, .box_h = 71, .ofs_x = 3, .ofs_y = -4},
    {.bitmap_index = 62643, .adv_w = 1066, .box_w = 63, .box_h = 100, .ofs_x = 2, .ofs_y = -34},
    {.bitmap_index = 63676, .adv_w = 970, .box_w = 54, .box_h = 71, .ofs_x = 4, .ofs_y = -4},
    {.bitmap_index = 64196, .adv_w = 692, .box_w = 36, .box_h = 124, .ofs_x = 4, .ofs_y = -26},
    {.bitmap_index = 64881, .adv_w = 550, .box_w = 10, .box_h = 144, .ofs_x = 12, .ofs_y = -40},
    {.bitmap_index = 64979, .adv_w = 692, .box_w = 35, .box_h = 124, .ofs_x = 4, .ofs_y = -26},
    {.bitmap_index = 65647, .adv_w = 1136, .box_w = 59, .box_h = 22, .ofs_x = 6, .ofs_y = 33}
};

/*---------------------
 *  CHARACTER MAPPING
 *--------------------*/



/*Collect the unicode lists and glyph_id offsets*/
static const lv_font_fmt_txt_cmap_t cmaps[] =
{
    {
        .range_start = 32, .range_length = 95, .glyph_id_start = 1,
        .unicode_list = NULL, .glyph_id_ofs_list = NULL, .list_length = 0, .type = LV_FONT_FMT_TXT_CMAP_FORMAT0_TINY
    }
};

/*-----------------
 *    KERNING
 *----------------*/


/*Map glyph_ids to kern left classes*/
static const uint8_t kern_left_class_mapping[] =
{
    0, 0, 0, 1, 0, 0, 0, 0,
    0, 2, 0, 0, 0, 3, 4, 3,
    5, 0, 0, 0, 0, 0, 0, 0,
    0, 0, 0, 6, 6, 0, 0, 0,
    0, 0, 7, 8, 9, 10, 11, 12,
    13, 0, 0, 14, 15, 16, 0, 0,
    10, 17, 10, 18, 19, 20, 21, 22,
    23, 24, 25, 26, 2, 27, 0, 0,
    0, 0, 28, 29, 30, 0, 31, 32,
    33, 34, 0, 0, 35, 36, 34, 34,
    29, 29, 37, 38, 39, 40, 37, 41,
    42, 43, 44, 45, 2, 0, 0, 0
};

/*Map glyph_ids to kern right classes*/
static const uint8_t kern_right_class_mapping[] =
{
    0, 0, 1, 2, 0, 0, 0, 0,
    0, 0, 3, 4, 0, 5, 6, 5,
    7, 0, 0, 0, 0, 0, 0, 0,
    0, 0, 0, 8, 8, 0, 0, 0,
    9, 0, 10, 0, 11, 0, 0, 0,
    11, 0, 0, 12, 0, 0, 0, 0,
    11, 0, 11, 0, 13, 14, 15, 16,
    17, 18, 19, 20, 0, 21, 0, 0,
    0, 0, 22, 0, 23, 23, 23, 24,
    25, 0, 26, 27, 0, 0, 28, 28,
    29, 28, 23, 28, 30, 31, 32, 33,
    34, 35, 36, 37, 0, 0, 0, 0
};

/*Kern values between classes*/
static const int8_t kern_class_values[] =
{
    0, 0, 0, 0, -89, 0, 0, 0,
    0, -42, 0, -74, -7, 0, 0, 0,
    0, -7, 0, 0, 0, 0, -23, 0,
    0, 0, 0, 0, -23, -16, 0, 0,
    0, 0, 0, 0, 0, 0, 0, 0,
    0, 0, 0, 0, 0, 0, 0, 0,
    -16, 0, 0, 0, 0, 0, 0, 0,
    0, 0, 0, 0, 0, 0, 0, 62,
    0, 0, 0, 0, 0, 0, 0, 0,
    0, 0, 0, -75, 0, -108, 0, 0,
    0, 0, 0, 0, 0, 0, 0, -77,
    -16, -51, -27, 0, -71, 0, 0, 0,
    -9, 0, 0, 0, 20, 0, -9, 0,
    -35, 0, -27, -18, 0, -16, 0, 0,
    0, 0, 0, 0, 0, 0, 0, 0,
    0, 0, -16, -13, -37, 0, -15, -7,
    -21, -52, -16, 0, 0, 0, 0, 0,
    0, 0, 0, 0, 0, -20, 0, -5,
    0, -10, 0, 0, 0, 0, 0, 0,
    0, 0, 0, 0, 0, -31, -7, -62,
    0, 0, 0, 0, 0, 0, 0, 0,
    0, -19, -25, 0, -7, 20, 20, 0,
    -25, 0, 7, -16, 0, 0, 0, 0,
    0, 0, 0, 0, -38, 0, 0, 0,
    0, 0, 0, 0, 0, 0, 0, 0,
    0, 0, 0, -20, 0, 0, 0, 0,
    0, 0, 0, 3, 0, 0, 0, 0,
    0, 0, 0, 0, 0, 0, 0, -42,
    0, -74, 0, 0, 0, 0, -20, -5,
    -7, 0, 0, -42, -12, -10, 0, 3,
    -10, -5, -31, 18, 0, -7, 0, 0,
    0, 0, 0, 18, -10, -5, -5, -3,
    -3, -5, 0, 0, 0, 0, -24, 0,
    0, 0, 0, 0, 0, 0, -12, -10,
    -19, 0, -4, -3, -3, -10, -3, 0,
    0, 0, 0, 0, 0, 0, 0, 0,
    0, -7, 0, -10, -7, -7, -10, 0,
    0, 0, 0, 0, 0, -20, 0, 0,
    0, 0, -22, -7, -19, -14, -10, -3,
    -3, -3, -5, -7, 0, 0, 0, 0,
    -16, 0, 0, 0, 0, 0, -21, -7,
    -10, -7, 0, -10, 0, 0, 0, 0,
    -27, 0, 0, -14, 0, 0, -7, 0,
    -31, 0, -19, 0, -7, -5, -13, -16,
    -16, 0, 0, 0, 0, 0, 0, 0,
    0, 0, 0, 0, 0, 0, 0, -10,
    0, -5, 0, 0, 0, 0, 0, 0,
    0, 0, 0, 0, 0, 0, 0, 0,
    0, 0, 0, 0, 0, 0, 0, 0,
    -7, 0, 0, 0, 0, 0, -7, 0,
    -19, 0, -7, 0, -24, -7, 0, 0,
    0, 0, 0, -57, 0, -54, 0, 0,
    -29, -7, -108, -16, 0, 0, 3, 3,
    -19, 0, -24, 0, -27, -10, 0, -19,
    0, 0, -16, -10, -16, -7, -12, -16,
    -12, -20, -12, -23, 0, 0, 0, -22,
    0, 0, 0, 0, 0, -3, 0, 0,
    0, -16, 0, -10, -3, 0, 0, 0,
    0, 0, 0, 0, 0, 0, 0, 0,
    0, 0, 0, 0, 0, 0, 0, 0,
    0, 0, 0, 0, 0, -19, 0, 0,
    0, 0, 0, 0, -31, 0, 0, 0,
    0, 0, 0, 0, 0, 0, 0, 0,
    0, 0, 0, 0, 0, 0, 0, 0,
    0, 0, 0, 0, 0, 0, 0, -16,
    0, -31, 0, -23, 0, 0, -5, -7,
    -16, 0, -7, -13, -10, -10, -7, 0,
    -12, 0, 0, 0, -5, 0, 0, 0,
    -7, 0, -5, 0, -26, -11, -16, -12,
    -12, -16, -10, 0, -69, 0, -118, 0,
    -42, 0, 0, -25, 2, -20, 0, -18,
    -93, -22, -59, -44, 0, -59, 0, -62,
    0, -9, -10, -3, 0, 0, 0, -9,
    0, -16, -7, -28, -27, 0, -28, 0,
    0, 0, 0, 0, -87, -26, -59, 0,
    0, -39, 0, -114, -7, -19, 0, 0,
    0, -19, -7, -61, 0, -33, -19, 0,
    -24, 0, 0, 0, -19, -7, 0, 0,
    0, 0, -10, 0, -16, 0, 0, 0,
    -7, 0, -25, 0, 0, 0, -3, 0,
    -14, -10, -10, 0, 4, 5, -3, 0,
    -7, 0, -3, -7, 0, -3, 0, 0,
    0, -7, 0, 0, 0, 0, 0, -5,
    0, -5, 0, 0, 0, -12, 0, 10,
    0, 0, 0, 0, 0, -10, -10, -16,
    0, 0, 0, 0, -10, 0, 0, 0,
    0, 0, 0, 0, 0, 0, 0, 0,
    -19, 0, 0, 0, 0, 0, 0, 0,
    0, 0, 0, -83, -57, -69, -16, 0,
    -31, -19, -98, -31, 0, 0, 0, 0,
    -16, -10, -42, 0, -57, -52, -14, -57,
    0, 0, -36, -52, -46, -14, -36, -26,
    -27, -31, -26, -59, 0, 0, 0, 0,
    -12, 0, -25, 0, 0, -12, 0, -37,
    -7, 0, 0, -3, 0, -7, -10, 0,
    0, -3, 0, 0, -7, 0, 0, 0,
    0, -3, 0, 0, 0, 0, -5, 0,
    0, 0, 0, 0, 0, -51, -15, -36,
    0, 0, -10, -7, -57, -7, 0, -7,
    7, 0, 0, 0, -15, 0, -18, -12,
    0, -17, 0, 0, -16, -12, -10, 0,
    -24, -7, -7, -12, -7, -20, 0, 0,
    0, 0, -27, -7, -23, 0, 0, 0,
    -5, -51, -5, 0, 0, 0, 0, 0,
    0, -5, 0, -12, 0, 0, -10, 0,
    0, 0, 0, 0, 0, 0, 0, 0,
    0, 0, -7, 0, -7, 0, -7, 0,
    -21, 0, 0, 0, 2, -13, 0, -10,
    -16, -7, 0, 0, 0, 0, 0, 0,
    -7, -5, -12, 0, 0, 0, 0, -5,
    0, -12, -7, -12, -10, -7, -12, -10,
    0, 0, 0, 0, -70, -52, -52, -20,
    -5, -10, -10, -78, -12, -10, -7, 0,
    0, 0, 0, -20, 0, -52, -32, 0,
    -47, 0, 0, -31, -32, -32, -22, -27,
    -10, -19, -27, -10, -37, 0, 0, 0,
    0, 0, -27, 0, 0, 0, -5, -16,
    -26, -24, 0, -7, -5, -5, 0, -10,
    -12, 0, -12, -17, -16, -11, 0, 0,
    0, -17, 0, -10, -18, -12, -12, -19,
    -12, 0, 0, 0, 0, 0, 0, 0,
    0, 0, 0, 0, 0, 0, 0, -67,
    -23, -41, -23, 0, -57, 0, 0, 0,
    0, 0, 26, 0, 57, 0, 0, 0,
    0, 0, -16, -7, 0, 10, 0, 0,
    0, 0, -42, 0, 0, 0, 0, -10,
    0, 0, 0, 0, -19, 0, -12, -3,
    0, -19, 0, 0, 0, 0, 0, 0,
    0, 0, 0, 0, 0, -10, 0, 0,
    0, 0, 0, 0, 0, -23, 0, -20,
    -7, 5, 0, 0, -10, 0, 0, 0,
    0, -45, 0, -15, 0, -3, -36, 0,
    -20, -11, 0, 0, 0, 0, 0, 0,
    0, 0, -13, 0, -3, -3, -13, -3,
    -4, 0, 0, 0, 0, 0, -16, 0,
    0, 0, 0, 0, 0, 0, -16, 0,
    -10, 0, 0, -19, 0, 0, -7, -17,
    0, -7, 0, 0, 0, -17, 0, -7,
    0, 5, 5, 6, 5, 0, 0, 0,
    0, -27, 0, 7, 0, 0, -5, 0,
    0, -16, -16, -19, 0, -12, -7, 0,
    -20, 0, -16, -11, 0, 0, -7, 0,
    0, 0, 0, 0, -7, 0, 3, 3,
    -5, 3, 0, 11, 31, 38, 0, -39,
    -10, -11, 0, 20, 0, 0, 0, 0,
    36, 0, 52, 36, 26, 46, 0, 49,
    -16, -7, 0, -11, 0, -7, 0, -7,
    -3, 0, 0, 10, 0, -3, 0, -10,
    0, 0, 11, -26, 0, 0, 37, 0,
    -28, 0, 0, 0, 0, -20, 0, 0,
    0, 0, -10, 0, 0, -12, -10, 0,
    0, 0, 29, 0, -10, 0, 0, 0,
    -3, -3, 0, 12, -10, 0, 0, 0,
    -27, 0, 0, 0, 0, -5, 0, 0,
    0, 0, -19, 0, -7, 0, 0, -12,
    0, 0, 0, 0, 0, 0, 0, 0,
    0, 0, 0, 0, 0, 0, 0, 0,
    0, 0, 0, 0, 0, -17, 10, -34,
    0, 10, -10, 0, 0, 0, 0, -27,
    0, 0, 0, 0, -9, 0, 0, -7,
    -14, 0, -7, 0, -7, 0, -14, 0,
    -16, -10, 0, 0, -5, 0, -5, 0,
    0, 0, 0, 0, 0, 0, 0, 0,
    0, 0, 0, 0, 0, 0, 0, 0,
    0, 0, 0, 0, 0, 0, 0, 0,
    0, 6, 0, 0, 0, 0, 0, 0,
    0, 0, 0, 0, 0, 0, 0, -19,
    0, 0, 0, 0, 0, 0, 0, 0,
    0, -16, 0, -10, 0, 0, -24, 0,
    0, 0, 0, 0, 0, 0, 0, 0,
    0, 0, 0, 0, 0, 0, 0, 0,
    0, 0, 0, 0, 0, -44, -19, -27,
    20, 0, -10, 0, -42, 0, 0, 0,
    0, 0, 0, 0, -7, 10, -19, -7,
    0, -7, 0, 0, 0, -7, -3, 0,
    0, 20, 15, 0, 20, -3, 0, 0,
    0, -38, 0, 7, 0, 0, -8, 0,
    0, 0, 0, -19, 0, -7, 0, 0,
    -16, 0, 0, 0, 0, 0, 0, 0,
    0, 0, 0, 0, -16, 0, 0, 0,
    0, 0, 0, 0, 0, 0, 0, 5,
    -20, 7, 11, -20, 0, 0, 0, 0,
    -10, 0, 0, 0, 0, -3, 0, 0,
    -17, -10, 0, -7, 0, 0, 0, -10,
    -7, -16, 0, 0, 0, -12, 0, 0,
    0, 0, 0, -9, -27, -5, -16, 0,
    0, -9, 0, -31, 0, -16, 0, -7,
    0, 0, -10, -7, 0, -16, -3, 0,
    0, 0, -7, 0, -3, 0, 0, 0,
    0, 0, 0, 0, -19, 0, 0, 0,
    -9, -31, 0, -5, 0, 0, -3, 0,
    -24, 0, -19, 0, -7, 0, -10, -19,
    0, 0, -7, -3, 0, 0, 0, -7,
    0, -3, 0, 0, 0, 0, 0, 0,
    0, -13, -10, 0, 0, -18, -5, -10,
    0, 0, 0, 0, -7, 0, -3, -26,
    0, -12, 0, -7, -27, 0, 0, -7,
    -13, 0, 0, 0, 0, 0, 5, 0,
    -19, 0, 0, 0, 0, 0, 0, 0,
    0, 0, 0, -27, 0, -11, 0, 0,
    0, 0, -31, 0, -16, 0, -3, 0,
    -3, -5, 0, 0, -16, -3, 0, 0,
    0, -7, 0, -3, 0, 0, 0, 0,
    0, -10, 0, -19, 0, 0, 0, 0,
    0, -12, 0, 0, 0, 0, 0, 0,
    0, -20, 0, 0, 0, 0, -23, 0,
    0, -18, -7, 0, -5, 0, 0, 0,
    -7, 0, 0, -7, -3, 0, 0, -3,
    0
};


/*Collect the kern class' data in one place*/
static const lv_font_fmt_txt_kern_classes_t kern_classes =
{
    .class_pair_values   = kern_class_values,
    .left_class_mapping  = kern_left_class_mapping,
    .right_class_mapping = kern_right_class_mapping,
    .left_class_cnt      = 45,
    .right_class_cnt     = 37,
};

/*--------------------
 *  ALL CUSTOM DATA
 *--------------------*/

#if LVGL_VERSION_MAJOR == 8
/*Store all the custom data of the font*/
static  lv_font_fmt_txt_glyph_cache_t cache;
#endif

#if LVGL_VERSION_MAJOR >= 8
static const lv_font_fmt_txt_dsc_t font_dsc = {
#else
static lv_font_fmt_txt_dsc_t font_dsc = {
#endif
    .glyph_bitmap = glyph_bitmap,
    .glyph_dsc = glyph_dsc,
    .cmaps = cmaps,
    .kern_dsc = &kern_classes,
    .kern_scale = 47,
    .cmap_num = 1,
    .bpp = 4,
    .kern_classes = 1,
    .bitmap_format = 1,
#if LVGL_VERSION_MAJOR == 8
    .cache = &cache
#endif
};



/*-----------------
 *  PUBLIC FONT
 *----------------*/

/*Initialize a public general font descriptor*/
#if LVGL_VERSION_MAJOR >= 8
const lv_font_t c_taiwanpearl_regular_128 = {
#else
lv_font_t c_taiwanpearl_regular_128 = {
#endif
    .get_glyph_dsc = lv_font_get_glyph_dsc_fmt_txt,    /*Function pointer to get glyph's data*/
    .get_glyph_bitmap = lv_font_get_bitmap_fmt_txt,    /*Function pointer to get glyph's bitmap*/
    .line_height = 147,          /*The maximum line height required by the font*/
    .base_line = 40,             /*Baseline measured from the bottom of the line*/
#if !(LVGL_VERSION_MAJOR == 6 && LVGL_VERSION_MINOR == 0)
    .subpx = LV_FONT_SUBPX_NONE,
#endif
#if LV_VERSION_CHECK(7, 4, 0) || LVGL_VERSION_MAJOR >= 8
    .underline_position = -9,
    .underline_thickness = 6,
#endif
    .dsc = &font_dsc,          /*The custom font data. Will be accessed by `get_glyph_bitmap/dsc` */
#if LV_VERSION_CHECK(8, 2, 0) || LVGL_VERSION_MAJOR >= 9
    .fallback = NULL,
#endif
    .user_data = NULL,
};



#endif /*#if C_TAIWANPEARL_REGULAR_128*/

