/*******************************************************************************
 * Size: 60 px
 * Bpp: 4
 * Opts: --font D:/My_STM32_Project/UIBUILDWER/first_ui_project/resources/font/TaiwanPearl_Regular.ttf --size 60 --bpp 4 -r 0x0020-0x007e -r 0x6e05 -r 0x6d01 -r 0x4e2d -r 0x6682 -r 0x505c -r 0x5df2 -r 0x5b8c -r 0x6210 -r 0x70ed -r 0x89e3 -r 0x81ea -r 0x2014 -r 0x8282 -r 0x80fd -r 0x51b7 -r 0x5374 -r 0x2103 -r 0x9884 -r 0x70f9 -r 0x996a -r 0x989d -r 0x5916 -r 0x4e0a -r 0x8272 -r 0x4fdd -r 0x6e29 -r 0x9ad8 -r 0x7ea6 --format lvgl -o D:/My_STM32_Project/UIBUILDWER/first_ui_project/ui_builder/font/c_taiwanpearl_regular_60.c
 ******************************************************************************/

#ifdef __has_include
    #if __has_include("lvgl.h")
        #ifndef LV_LVGL_H_INCLUDE_SIMPLE
            #define LV_LVGL_H_INCLUDE_SIMPLE
        #endif
    #endif
#endif

#ifdef LV_LVGL_H_INCLUDE_SIMPLE
    #include "lvgl.h"
#else
    #include "lvgl/lvgl.h"
#endif

#ifndef C_TAIWANPEARL_REGULAR_60
#define C_TAIWANPEARL_REGULAR_60 1
#endif

#if C_TAIWANPEARL_REGULAR_60

/*-----------------
 *    BITMAPS
 *----------------*/

/*Store the image of the glyphs*/
static LV_ATTRIBUTE_LARGE_CONST const uint8_t glyph_bitmap[] = {
    /* U+0020 " " */

    /* U+0021 "!" */
    0x0, 0xc4, 0x40, 0xe, 0x6f, 0xdd, 0x60, 0x4,
    0x32, 0x1, 0x1b, 0x80, 0x8, 0x3, 0xb8, 0x0,
    0x20, 0x1c, 0x20, 0x1f, 0xf1, 0x80, 0x7f, 0xf0,
    0xbc, 0x3, 0xfe, 0x10, 0xe, 0x10, 0xf, 0xfe,
    0x29, 0x80, 0x7f, 0xf0, 0x4, 0x3, 0x8, 0x7,
    0xff, 0x0, 0xc0, 0x3f, 0xf8, 0x2e, 0x1, 0x8,
    0x7, 0xff, 0x4, 0x40, 0x3f, 0xf8, 0xe, 0x1,
    0x8c, 0x3, 0xff, 0x80, 0x20, 0x18, 0x40, 0x3f,
    0xf8, 0x6, 0x1, 0xff, 0xc5, 0x10, 0xf, 0xfe,
    0x0, 0x80, 0x7f, 0xf0, 0x7c, 0x2, 0x30, 0xf,
    0xc2, 0x1, 0x84, 0x2, 0x50, 0xf, 0x96, 0x0,
    0x33, 0x7f, 0xa8, 0x40, 0x3f, 0xfb, 0x85, 0x39,
    0x6a, 0x1, 0x26, 0xb1, 0xa5, 0x40, 0x2, 0x80,
    0x39, 0xd1, 0x44, 0x3, 0xda, 0x40, 0x1f, 0x10,
    0x80, 0x7c, 0x2e, 0x1, 0xf6, 0xb, 0x80, 0x71,
    0xb0, 0x44, 0x90, 0xb, 0x60, 0x0,

    /* U+0022 "\"" */
    0x3, 0x8a, 0x81, 0x0, 0xf9, 0xaa, 0x8e, 0x9,
    0x8e, 0xaf, 0x80, 0x1e, 0x89, 0x55, 0x45, 0x68,
    0x6, 0x22, 0x0, 0x72, 0x0, 0x64, 0x30, 0xf,
    0xfe, 0x29, 0x0, 0x71, 0x80, 0x73, 0x80, 0x63,
    0xf0, 0xe, 0x10, 0xe, 0x10, 0xc, 0x22, 0x0,
    0xff, 0x8c, 0x3, 0x39, 0x80, 0x62, 0x0, 0xf0,
    0x80, 0x61, 0x10, 0x6, 0x10, 0xf, 0x78, 0x6,
    0x36, 0x0, 0xce, 0x1, 0xe2, 0x0, 0xc2, 0x60,
    0x18, 0x40, 0x3c, 0x20, 0x1b, 0x84, 0x3, 0x18,
    0x7, 0x9c, 0x3, 0x18, 0x7, 0x8, 0x7, 0x84,
    0x3, 0x8, 0x8, 0x5, 0xe0, 0x1e, 0x30, 0xc,
    0xe0, 0x40, 0x11, 0x0, 0x78, 0x40, 0x30, 0x83,
    0x80, 0x42, 0x1, 0xff, 0x10, 0x8, 0x4, 0x80,
    0x1f, 0x8, 0x0, 0xc0, 0x4, 0x5, 0x60, 0x1f,
    0x88, 0xf, 0x80,

    /* U+0023 "#" */
    0x0, 0xff, 0x33, 0x4, 0x3, 0xf8, 0xdd, 0x0,
    0x3f, 0xf8, 0x57, 0x32, 0xd0, 0xf, 0xc5, 0x91,
    0x68, 0x1, 0xff, 0xc1, 0x40, 0x1, 0x0, 0x7e,
    0x50, 0x8, 0x80, 0x3f, 0xf8, 0x4, 0x1, 0x10,
    0x7, 0xed, 0x0, 0x88, 0x3, 0xff, 0x80, 0xc0,
    0x13, 0x0, 0x7e, 0x60, 0x9, 0x80, 0x3f, 0xf8,
    0x4, 0x1, 0x10, 0x7, 0xe2, 0x0, 0x88, 0x3,
    0xff, 0x81, 0xc0, 0x17, 0x0, 0x7e, 0x10, 0x0,
    0x80, 0x7f, 0xf0, 0x48, 0x2, 0x20, 0xf, 0x88,
    0x2, 0x20, 0xf, 0xfe, 0xb, 0x0, 0x4c, 0x1,
    0xf3, 0x0, 0x4c, 0x1, 0xff, 0xc1, 0x20, 0x8,
    0x80, 0x3e, 0x20, 0x8, 0x80, 0x3f, 0xf8, 0x22,
    0x0, 0x10, 0xf, 0xdc, 0x1, 0x70, 0x7, 0xff,
    0x0, 0x80, 0x22, 0x0, 0xfc, 0x40, 0x11, 0x0,
    0x7e, 0x22, 0xc8, 0x1, 0x39, 0x17, 0xe7, 0x0,
    0xc4, 0x50, 0x4, 0x3b, 0xbd, 0x20, 0x12, 0x6e,
    0xfe, 0x20, 0xa, 0xf7, 0x70, 0x83, 0x90, 0x7,
    0xff, 0x34, 0x98, 0x3, 0xff, 0xa6, 0xc8, 0x1,
    0xff, 0xcd, 0x46, 0x0, 0x5f, 0xfe, 0x30, 0xb,
    0xbf, 0xfe, 0xa0, 0x9, 0xbf, 0xf5, 0x88, 0x7,
    0xc4, 0x1, 0x8, 0x7, 0xc4, 0x1, 0x70, 0x7,
    0xff, 0x0, 0x44, 0x0, 0x20, 0xf, 0xdc, 0x1,
    0x10, 0x7, 0xff, 0x0, 0x80, 0x26, 0x0, 0xfc,
    0x40, 0x13, 0x0, 0x7f, 0xf0, 0x18, 0x2, 0x20,
    0xf, 0xcc, 0x1, 0x10, 0x7, 0xff, 0x0, 0x80,
    0x2e, 0x0, 0xfc, 0x40, 0x10, 0x80, 0x7f, 0xf0,
    0x38, 0x2, 0x20, 0xf, 0x84, 0x2, 0x20, 0xf,
    0xfe, 0x9, 0x0, 0x4c, 0x1, 0xf2, 0x80, 0x4c,
    0x1, 0xff, 0xc1, 0x60, 0x8, 0x80, 0x3e, 0x20,
    0x8, 0x80, 0x3f, 0x9, 0xa2, 0x44, 0x1, 0x2a,
    0x27, 0xde, 0x1, 0x91, 0x6, 0x40, 0x12, 0x76,
    0x5d, 0xc0, 0x1a, 0xef, 0xf3, 0x0, 0x4d, 0x76,
    0xcd, 0xa0, 0x7, 0x80, 0x7f, 0xf3, 0x94, 0x40,
    0x40, 0x3f, 0xf9, 0xe2, 0x10, 0x40, 0x1f, 0xfc,
    0xc1, 0x90, 0x1, 0x6f, 0xfc, 0xc0, 0x14, 0xff,
    0xfd, 0xc0, 0x10, 0xff, 0xee, 0x60, 0xf, 0x88,
    0x2, 0x20, 0xf, 0x88, 0x2, 0x20, 0xf, 0xfe,
    0xb, 0x0, 0x4c, 0x1, 0xf3, 0x0, 0x4c, 0x1,
    0xff, 0xc1, 0x20, 0x8, 0x80, 0x3e, 0x20, 0x8,
    0x80, 0x3f, 0xf8, 0x2, 0x1, 0x8, 0x7, 0xee,
    0x0, 0xb8, 0x3, 0xff, 0x80, 0x40, 0x11, 0x0,
    0x7e, 0x20, 0x8, 0x80, 0x3f, 0xf8, 0xc, 0x1,
    0x30, 0x7, 0xe6, 0x0, 0x98, 0x3, 0xff, 0x80,
    0x40, 0x11, 0x0, 0x7e, 0x20, 0x8, 0x80, 0x3f,
    0xf8, 0x1c, 0x1, 0x70, 0x7, 0xc2, 0x1, 0x10,
    0x7, 0xff, 0x4, 0x80, 0x22, 0x0, 0xf8, 0x80,
    0x26, 0x0, 0xff, 0xe0, 0xb0, 0x4, 0xc0, 0x1f,
    0x30, 0x4, 0x40, 0x1f, 0xfc, 0x12, 0x0, 0x88,
    0x3, 0xe2, 0x0, 0xb8, 0x3, 0xff, 0x82, 0x60,
    0x5, 0x0, 0xfc, 0x40, 0x12, 0x80, 0x7f, 0xf0,
    0x76, 0x26, 0x80, 0x3f, 0x2d, 0x46, 0x10, 0x7,
    0xf0,

    /* U+0024 "$" */
    0x0, 0xff, 0xe0, 0x47, 0x71, 0x80, 0x3f, 0xf9,
    0x42, 0xe2, 0x29, 0x0, 0xff, 0xe5, 0x10, 0x6,
    0x10, 0xf, 0xff, 0xf8, 0x7, 0xff, 0x3d, 0xc0,
    0x31, 0x0, 0x7f, 0xf1, 0x8a, 0x76, 0xc0, 0x36,
    0x7e, 0x38, 0x80, 0x7f, 0xf0, 0x6, 0xb5, 0x88,
    0x3, 0xe3, 0x8e, 0x91, 0x0, 0xfe, 0x3f, 0x50,
    0xf, 0xfe, 0xb, 0x61, 0x0, 0x7c, 0x78, 0x20,
    0x1f, 0xfc, 0x32, 0xc2, 0x0, 0xe1, 0xd0, 0xf,
    0x8d, 0x54, 0x84, 0x1, 0xe1, 0x80, 0xe, 0x81,
    0x0, 0xe6, 0xec, 0xaa, 0x5e, 0xf3, 0x80, 0x70,
    0x80, 0x62, 0x60, 0xe, 0x99, 0x8, 0x7, 0xc,
    0x61, 0x0, 0x52, 0x1, 0x94, 0x3, 0x9d, 0x80,
    0x3f, 0x8f, 0x61, 0xb4, 0x80, 0x36, 0x0, 0x74,
    0x80, 0x7f, 0xf0, 0x1e, 0x48, 0x3, 0x94, 0x3,
    0x18, 0x80, 0x7f, 0xf2, 0x4, 0x3, 0x38, 0x7,
    0xff, 0x39, 0xc0, 0x3f, 0xf9, 0x22, 0x1, 0x88,
    0x3, 0xff, 0x92, 0x40, 0x18, 0x50, 0x3, 0xff,
    0x90, 0x80, 0x1d, 0x0, 0x1f, 0xfc, 0x8a, 0x0,
    0xe3, 0xa0, 0xf, 0xfe, 0x39, 0x30, 0x7, 0x2e,
    0x10, 0x7, 0xff, 0x1a, 0x48, 0x3, 0x8f, 0x60,
    0x3, 0xff, 0x8d, 0xe2, 0x1, 0xe7, 0xe7, 0x0,
    0xff, 0xe2, 0x16, 0x10, 0x7, 0x86, 0x39, 0xc0,
    0x3f, 0xf8, 0x65, 0x8a, 0x1, 0xf0, 0xc7, 0x30,
    0x7, 0xff, 0x8, 0x6b, 0xc, 0x3, 0xe1, 0x9d,
    0x30, 0xf, 0xfe, 0x11, 0xe4, 0x88, 0x7, 0xc5,
    0x90, 0x1, 0xff, 0xc3, 0x6e, 0x70, 0xf, 0xcf,
    0x60, 0x1f, 0xfc, 0x48, 0xe7, 0x0, 0xf9, 0x2c,
    0x3, 0xff, 0x88, 0x31, 0xca, 0x1, 0xe4, 0x80,
    0xf, 0xfe, 0x28, 0xd5, 0x0, 0x3c, 0xe2, 0x1,
    0xff, 0xc6, 0x5a, 0x0, 0xf4, 0x0, 0x7f, 0xf1,
    0xd5, 0xc0, 0x39, 0xc0, 0x3f, 0xf9, 0x10, 0x20,
    0x18, 0x4c, 0x3, 0xff, 0x90, 0xc0, 0x1c, 0xc0,
    0x1f, 0xfc, 0x8d, 0x0, 0xe3, 0x0, 0xff, 0xe4,
    0x30, 0x7, 0xff, 0x39, 0xc0, 0x38, 0xc0, 0x3f,
    0xf9, 0x4, 0x1, 0xc2, 0x1, 0x8, 0x7, 0xff,
    0x13, 0x0, 0x39, 0x0, 0x77, 0xb0, 0x80, 0x3f,
    0xf8, 0x26, 0xa0, 0x18, 0xc0, 0x16, 0x40, 0x7a,
    0xc0, 0x1f, 0xf1, 0x68, 0x7, 0x50, 0x1, 0x40,
    0x34, 0xeb, 0x10, 0x7, 0xcd, 0x82, 0x1, 0x85,
    0x80, 0x6, 0x1, 0xc5, 0x3b, 0xd7, 0x55, 0x67,
    0xc8, 0x80, 0x75, 0x0, 0x5c, 0x40, 0x1f, 0xa,
    0x2a, 0xc6, 0x1, 0xf4, 0x20, 0x4, 0x5a, 0xa0,
    0x1f, 0xfc, 0x68, 0x70, 0xf, 0x56, 0x20, 0x7,
    0xff, 0x8, 0x6d, 0xc0, 0x3f, 0x1d, 0xf4, 0xa0,
    0x80, 0x7c, 0x2b, 0x5c, 0x80, 0x1f, 0xf0, 0xb5,
    0xf7, 0x24, 0x3, 0x57, 0x52, 0x80, 0x7f, 0xf1,
    0x45, 0x40, 0x32, 0x0, 0x7f, 0xff, 0xc0, 0x3f,
    0xf9, 0xe4, 0x1, 0x84, 0x3, 0xff, 0x92, 0x2e,
    0x22, 0x90, 0xf, 0xf8,

    /* U+0025 "%" */
    0x0, 0xf1, 0xce, 0xf7, 0xed, 0xb0, 0x80, 0x7f,
    0xf2, 0xa, 0xff, 0x40, 0x3f, 0xf8, 0xa3, 0x78,
    0xc4, 0x20, 0x49, 0x3c, 0xc0, 0x1f, 0xfc, 0x7c,
    0x40, 0x20, 0xf, 0xfe, 0x21, 0x7a, 0x0, 0x7f,
    0x4c, 0x80, 0x3f, 0xf8, 0xb0, 0x20, 0x7, 0x0,
    0xff, 0xe2, 0x70, 0x80, 0x63, 0x52, 0x0, 0xcd,
    0x0, 0x1f, 0xfc, 0x31, 0x70, 0xa, 0x40, 0x3f,
    0xf8, 0x72, 0x60, 0x12, 0x76, 0x56, 0xd8, 0x80,
    0x4e, 0x60, 0x1f, 0xfc, 0x28, 0x0, 0xa0, 0x40,
    0x3f, 0xf8, 0x42, 0xc0, 0x11, 0xd8, 0x80, 0x49,
    0xa0, 0x1b, 0xc0, 0x3f, 0xf8, 0x24, 0xc0, 0x1,
    0x70, 0xf, 0xfe, 0x1c, 0x80, 0x6d, 0x0, 0xf1,
    0xc0, 0x4, 0x66, 0x0, 0xff, 0xe0, 0x40, 0x5,
    0x0, 0x1f, 0xfc, 0x46, 0x0, 0x98, 0x40, 0x3e,
    0x60, 0xd, 0x40, 0x1f, 0xf1, 0xa8, 0x0, 0x98,
    0x3, 0xff, 0x86, 0x42, 0x1, 0x68, 0x7, 0xe1,
    0x50, 0x9, 0xc0, 0x3f, 0xe8, 0x0, 0xa0, 0x3,
    0xff, 0x88, 0x80, 0x19, 0x0, 0x3f, 0xb0, 0x2,
    0x11, 0x0, 0x7f, 0x22, 0x0, 0x6, 0xa0, 0x1f,
    0xfc, 0x4f, 0x0, 0x88, 0x3, 0xfc, 0xa0, 0x19,
    0x40, 0x3f, 0xa0, 0x2, 0x80, 0xf, 0xfe, 0x29,
    0x80, 0x4c, 0x1, 0xfe, 0x20, 0xc, 0x20, 0x1f,
    0x94, 0xc0, 0x8, 0x80, 0xf, 0xfe, 0x28, 0x80,
    0x42, 0x1, 0xfe, 0x10, 0xc, 0x60, 0x1f, 0xa0,
    0x2, 0x80, 0xf, 0xfe, 0x33, 0x80, 0x7f, 0xf1,
    0xc4, 0x3, 0xe6, 0x20, 0x2, 0x98, 0x7, 0xff,
    0x8a, 0x0, 0x28, 0x0, 0xff, 0xe3, 0xb8, 0x4,
    0x20, 0x1f, 0xfc, 0x31, 0x0, 0xf3, 0x88, 0x1,
    0x88, 0x3, 0xff, 0x96, 0xe0, 0x1f, 0xe1, 0x0,
    0xc6, 0x1, 0xe9, 0x0, 0xa0, 0x3, 0xff, 0x90,
    0x40, 0x11, 0x0, 0x7f, 0x88, 0x3, 0x8, 0x7,
    0x40, 0x80, 0x1c, 0x40, 0x3f, 0xf9, 0x1e, 0x1,
    0x8, 0x80, 0x3f, 0x94, 0x3, 0x28, 0x6, 0x17,
    0x0, 0xa4, 0x3, 0xcb, 0x5b, 0xfe, 0xda, 0x40,
    0xf, 0x94, 0x3, 0x20, 0x7, 0xf6, 0x80, 0x42,
    0x20, 0xd, 0x0, 0x14, 0x8, 0x6, 0x4d, 0xa5,
    0x20, 0x1, 0x2d, 0xe1, 0x0, 0x71, 0x88, 0x5,
    0xe0, 0x1f, 0x85, 0x0, 0x27, 0x0, 0xc4, 0xc0,
    0x1, 0x70, 0xc, 0xd6, 0x40, 0x1f, 0x8f, 0x4c,
    0x3, 0x98, 0x2, 0x52, 0x0, 0xfa, 0x40, 0x35,
    0x0, 0x68, 0x0, 0xa0, 0x3, 0x1c, 0x80, 0x71,
    0x10, 0x3, 0xb0, 0x80, 0x35, 0x0, 0x6e, 0x0,
    0xf2, 0x38, 0x4, 0x66, 0x0, 0x89, 0x40, 0x4,
    0xc0, 0x10, 0xe8, 0x6, 0x7e, 0xdd, 0x72, 0x80,
    0x6e, 0x0, 0xc4, 0xe0, 0x11, 0xe1, 0x80, 0x4d,
    0x60, 0x1b, 0xc0, 0x34, 0x80, 0x50, 0x1, 0xa4,
    0x40, 0x28, 0x80, 0x80, 0x6, 0x94, 0x2, 0x36,
    0x0, 0xd0, 0x40, 0x11, 0xe7, 0x6f, 0xc8, 0x6,
    0x73, 0x0, 0x8d, 0x0, 0x4, 0xa0, 0x19, 0x80,
    0x23, 0x70, 0xf, 0x50, 0x80, 0x56, 0x1, 0xd8,
    0x20, 0x18, 0x48, 0x3, 0x96, 0x0, 0x37, 0x80,
    0x52, 0x1, 0x94, 0x40, 0x28, 0x0, 0xfd, 0x20,
    0x11, 0x10, 0x3, 0xf, 0xa8, 0x7, 0xf4, 0x50,
    0x6, 0x43, 0x0, 0x1a, 0x0, 0x6c, 0x0, 0xc8,
    0x1, 0xf9, 0x80, 0x32, 0x80, 0x70, 0xd6, 0x39,
    0x88, 0x9, 0xc7, 0x38, 0x7, 0x48, 0x5, 0xe0,
    0x1c, 0x80, 0x12, 0x0, 0x7f, 0x9, 0x80, 0x5a,
    0x1, 0xf1, 0xc6, 0x77, 0xf6, 0x38, 0x80, 0x72,
    0x90, 0x1, 0xc, 0x3, 0x88, 0x2, 0x30, 0xf,
    0xf3, 0x0, 0x4e, 0x1, 0xff, 0xc9, 0x80, 0xa,
    0x40, 0x38, 0x40, 0x37, 0x0, 0x7f, 0xb4, 0x2,
    0x20, 0xf, 0xfe, 0x43, 0x10, 0x1, 0x48, 0x3,
    0x8c, 0x3, 0xff, 0x86, 0x20, 0x1f, 0xfc, 0xc8,
    0x0, 0xac, 0x3, 0xc2, 0x1, 0x8c, 0x3, 0xff,
    0x86, 0x20, 0x1f, 0xfc, 0x67, 0x10, 0x3, 0x88,
    0x7, 0xff, 0x84, 0x60, 0x2, 0x90, 0xf, 0x84,
    0x3, 0x18, 0x7, 0xff, 0xc, 0x40, 0x3f, 0xf8,
    0xb2, 0x1, 0x40, 0x80, 0x7c, 0x60, 0x18, 0x40,
    0x3f, 0xc2, 0x1, 0xff, 0xc9, 0x17, 0x0, 0xb,
    0x80, 0x7e, 0x10, 0xd, 0xc0, 0x1f, 0xed, 0x0,
    0x88, 0x3, 0xff, 0x8b, 0x0, 0x14, 0x0, 0x7f,
    0x88, 0x2, 0x20, 0xf, 0xf3, 0x0, 0x4c, 0x1,
    0xff, 0xc4, 0x26, 0x0, 0x13, 0x0, 0x7f, 0x90,
    0x2, 0x40, 0xf, 0xe1, 0x30, 0xb, 0x0, 0x3f,
    0xf8, 0x90, 0x1, 0x40, 0x7, 0xfd, 0x80, 0x19,
    0x40, 0x3f, 0x30, 0x6, 0x40, 0xf, 0xfe, 0x19,
    0xa8, 0x0, 0x94, 0x3, 0xfe, 0x50, 0xd, 0x20,
    0x1f, 0xa4, 0x2, 0x23, 0x0, 0xff, 0xe1, 0xc0,
    0x5, 0x20, 0x1f, 0xfc, 0x17, 0x0, 0x8d, 0xc0,
    0x3d, 0x22, 0x1, 0x58, 0x7, 0xff, 0xd, 0x10,
    0x0, 0x34, 0x0, 0xff, 0xe0, 0xc0, 0x80, 0x51,
    0x0, 0x8, 0x69, 0x80, 0x22, 0x60, 0xf, 0xfe,
    0x1c, 0x0, 0x5e, 0x1, 0xff, 0xc3, 0xa0, 0xc,
    0xff, 0x98, 0xe5, 0x0, 0xdc, 0x1, 0xff, 0xc3,
    0x53, 0x0, 0x21, 0x80, 0x7f, 0xf0, 0xd2, 0x80,
    0x38, 0xcc, 0x1, 0xd6, 0x60, 0x1f, 0xfc, 0x39,
    0x0, 0xa4, 0x3, 0xff, 0x8a, 0xb8, 0x40, 0x1f,
    0x8b, 0x10, 0x3, 0xff, 0x88, 0xe0, 0x76, 0x40,
    0x1f, 0xfc, 0x63, 0xda, 0x52, 0x0, 0x12, 0xd6,
    0x98, 0x7, 0x0,

    /* U+0026 "&" */
    0x0, 0xff, 0xe1, 0x11, 0x98, 0x40, 0x3f, 0xfa,
    0x69, 0x7f, 0xb9, 0x8e, 0xe5, 0x18, 0x7, 0xff,
    0x38, 0x6e, 0xc8, 0x1, 0xc2, 0xb9, 0x20, 0x1f,
    0xfc, 0xc2, 0xf4, 0x0, 0xff, 0x35, 0x80, 0x7f,
    0xf2, 0xfc, 0x40, 0x3f, 0xf8, 0x8, 0xe0, 0x1f,
    0xfc, 0x9a, 0x20, 0xc, 0x97, 0xfe, 0xc3, 0x0,
    0xd0, 0x1, 0xff, 0xc8, 0x25, 0x0, 0xcd, 0x68,
    0x0, 0x3c, 0x20, 0xc, 0xc0, 0x1f, 0xfc, 0x7b,
    0x0, 0xc7, 0x20, 0x1e, 0xb0, 0xd, 0x80, 0x1f,
    0xfc, 0x77, 0x0, 0xd2, 0x1, 0xf3, 0x80, 0x66,
    0x0, 0xff, 0xe3, 0x8, 0x80, 0x32, 0x0, 0x7c,
    0x20, 0x18, 0x40, 0x3f, 0xf8, 0xc4, 0x1, 0x84,
    0x40, 0x1f, 0xfd, 0x83, 0x0, 0xfc, 0x20, 0x19,
    0x80, 0x3f, 0xf9, 0x64, 0x20, 0x1f, 0x30, 0x6,
    0xc0, 0xf, 0xfe, 0x31, 0x0, 0x72, 0x0, 0x78,
    0x64, 0x3, 0x30, 0x7, 0xff, 0x18, 0x40, 0x3b,
    0xc0, 0x3d, 0xa2, 0x1, 0x30, 0x80, 0x7f, 0xf1,
    0xd0, 0x3, 0x20, 0x7, 0x61, 0x80, 0x43, 0x0,
    0x1f, 0xfc, 0x8c, 0x0, 0xc2, 0x60, 0x2, 0xd3,
    0x0, 0xd4, 0x20, 0x1f, 0xfc, 0x85, 0x0, 0xe4,
    0x4, 0xc2, 0x0, 0xd0, 0x80, 0x1f, 0xfc, 0x92,
    0x20, 0x6, 0xb8, 0xb1, 0x0, 0xce, 0xe0, 0xf,
    0xfe, 0x5d, 0x0, 0x63, 0x70, 0xe, 0x88, 0x0,
    0x7f, 0xf3, 0x1c, 0x3, 0xf8, 0x6d, 0xc0, 0x3f,
    0xf9, 0xcc, 0x1, 0xf1, 0xfa, 0x0, 0x7f, 0xf3,
    0xa1, 0x80, 0x3c, 0xf8, 0x20, 0x1f, 0xfc, 0x25,
    0xdf, 0xe5, 0x0, 0xfa, 0xdc, 0x3, 0xef, 0x0,
    0xff, 0xe1, 0xa5, 0x10, 0xc, 0x0, 0x70, 0xea,
    0x0, 0x7e, 0x83, 0x0, 0xff, 0xe1, 0x78, 0x6,
    0x70, 0xc, 0x38, 0x40, 0x1f, 0xee, 0x0, 0xff,
    0xe0, 0x8a, 0x0, 0x6f, 0x0, 0xd8, 0x40, 0x1d,
    0x6c, 0x1, 0x8a, 0x40, 0x3f, 0xf8, 0x8, 0x1,
    0xca, 0x1, 0x59, 0x0, 0x61, 0xc4, 0x92, 0x0,
    0xcc, 0xe0, 0x1f, 0xf7, 0x0, 0x65, 0x0, 0x95,
    0x0, 0x3b, 0x4c, 0x1, 0xc0, 0x1d, 0x8, 0x1,
    0xfc, 0x48, 0x1, 0xb8, 0x2, 0xb0, 0xe, 0x93,
    0x0, 0x8e, 0x0, 0x3a, 0xcc, 0x3, 0xf5, 0x80,
    0x63, 0x40, 0x2, 0x88, 0x6, 0x46, 0x0, 0xe7,
    0x60, 0xe, 0xd2, 0x0, 0xf1, 0x30, 0x6, 0x90,
    0xb, 0x0, 0x3a, 0x0, 0x3e, 0x93, 0x0, 0xc3,
    0x84, 0x1, 0xd2, 0x1, 0x89, 0x40, 0x24, 0x0,
    0xc2, 0x60, 0x1f, 0xb4, 0x40, 0x30, 0xe1, 0x0,
    0x48, 0x80, 0xd, 0x0, 0x18, 0xc0, 0x32, 0x80,
    0x7f, 0xe, 0x8, 0x6, 0x1d, 0x40, 0x1a, 0x0,
    0xc8, 0xa0, 0x18, 0x40, 0x3f, 0xf8, 0x65, 0xa0,
    0x1e, 0xb5, 0xb1, 0x0, 0xd2, 0x1, 0xc2, 0x1,
    0x9c, 0x3, 0xfe, 0x3c, 0x0, 0xf5, 0x28, 0x6,
    0x72, 0x0, 0xe3, 0x0, 0xc6, 0x1, 0xff, 0xc0,
    0x3c, 0x0, 0xff, 0x1c, 0x0, 0x79, 0xc0, 0x39,
    0x40, 0x3f, 0xf8, 0x7, 0x82, 0x1, 0xfb, 0x80,
    0x3e, 0xc0, 0xe, 0x80, 0xf, 0xfe, 0x9, 0xe0,
    0x80, 0x7d, 0x60, 0x1f, 0x38, 0x7, 0x14, 0x80,
    0x7f, 0xf0, 0x68, 0x40, 0x3e, 0x6d, 0x40, 0xe,
    0x17, 0x0, 0xe6, 0xa0, 0xf, 0xf1, 0xe3, 0x80,
    0x7f, 0x15, 0xd8, 0x80, 0x34, 0x88, 0x7, 0x2f,
    0x39, 0x0, 0x72, 0xde, 0x18, 0x7, 0xff, 0x1,
    0x36, 0xd0, 0x0, 0x3a, 0x1, 0xe1, 0x8d, 0xed,
    0xce, 0xfa, 0x40, 0xe, 0x2a, 0xd3, 0x0, 0xf9,
    0x2d, 0x0, 0x7, 0x62, 0x1, 0xf0, 0x91, 0x88,
    0x7, 0x8a, 0xb5, 0x4b, 0x20, 0x3, 0xf1, 0x0,
    0x49, 0x84, 0x1, 0xff, 0xc2, 0x2a, 0xd5, 0x0,
    0xcf, 0xca, 0x1, 0xe5, 0x0, 0xc5, 0xb4, 0x40,
    0x1f, 0xe4, 0xbd, 0x50, 0xf, 0x86, 0xb1, 0x40,
    0x23, 0x30, 0x7, 0x97, 0x72, 0x10, 0x84, 0x0,
    0x91, 0xd6, 0x80, 0x1f, 0xf1, 0xd7, 0x54, 0x68,
    0x0,

    /* U+0027 "'" */
    0x3, 0x8a, 0x81, 0x4, 0xc7, 0x57, 0xc0, 0xd0,
    0xc, 0x44, 0x30, 0xf, 0x10, 0x7, 0x1f, 0x80,
    0x70, 0x88, 0x3, 0xc6, 0x1, 0x88, 0x4, 0x3,
    0x8, 0x30, 0x6, 0x70, 0x30, 0xc, 0x20, 0x20,
    0x18, 0xc0, 0x3c, 0x20, 0x1, 0x0, 0xbc, 0x0,
    0x40, 0x11, 0x0, 0x1c, 0x2, 0x10, 0x0, 0x80,
    0x48, 0x0, 0x20, 0x2b, 0x0, 0x0,

    /* U+0028 "(" */
    0x0, 0xfe, 0x66, 0x8, 0x7, 0xf5, 0xcc, 0xbc,
    0x40, 0x3e, 0x54, 0x0, 0x9, 0x0, 0x7d, 0x0,
    0x10, 0x98, 0x7, 0x9c, 0x80, 0x28, 0x0, 0xfa,
    0x40, 0x22, 0x60, 0xf, 0x38, 0x80, 0x50, 0x1,
    0xf4, 0x80, 0x44, 0xa0, 0x1e, 0x51, 0x0, 0xac,
    0x3, 0xe9, 0x0, 0x85, 0x80, 0x3c, 0x46, 0x1,
    0x38, 0x7, 0xd4, 0x1, 0xa8, 0x3, 0xe5, 0x0,
    0x88, 0xc0, 0x3c, 0x44, 0x0, 0x90, 0x3, 0xe5,
    0x0, 0xda, 0x1, 0xf5, 0x80, 0x64, 0x0, 0xf8,
    0xc0, 0x23, 0x0, 0xf8, 0xc0, 0x32, 0x80, 0x7c,
    0x80, 0x1b, 0x0, 0x3e, 0xd0, 0xc, 0xe0, 0x1f,
    0x38, 0x6, 0x20, 0xf, 0x88, 0x2, 0x10, 0xf,
    0x88, 0x3, 0x28, 0x7, 0xcc, 0x1, 0x88, 0x3,
    0xe1, 0x0, 0xc2, 0x1, 0xf1, 0x0, 0x6f, 0x0,
    0xfb, 0xc0, 0x30, 0x80, 0x7c, 0x20, 0x18, 0xc0,
    0x3f, 0xf8, 0x2, 0x1, 0xf1, 0x80, 0x7f, 0xf6,
    0x8c, 0x3, 0xff, 0x8a, 0x20, 0x1f, 0x8, 0x7,
    0xff, 0x3, 0xc0, 0x31, 0x80, 0x7c, 0x20, 0x18,
    0x40, 0x3e, 0x20, 0xd, 0xc0, 0x1f, 0x38, 0x6,
    0x30, 0xf, 0x8c, 0x3, 0x30, 0x7, 0xe1, 0x0,
    0x88, 0x3, 0xf2, 0x80, 0x42, 0x20, 0xf, 0x88,
    0x3, 0x10, 0x7, 0xd8, 0x1, 0x90, 0x3, 0xe4,
    0x0, 0xda, 0x1, 0xf0, 0x88, 0x2, 0x70, 0xf,
    0xce, 0x1, 0x11, 0x0, 0x3e, 0xc0, 0xc, 0x80,
    0x1f, 0x28, 0x6, 0xd0, 0xf, 0xc8, 0x1, 0x20,
    0x7, 0xee, 0x0, 0xcc, 0x1, 0xf2, 0x88, 0x5,
    0xa0, 0x1f, 0x9c, 0x2, 0x42, 0x0, 0xfa, 0xc0,
    0x35, 0x80, 0x7c, 0x4a, 0x1, 0x30, 0x80, 0x7d,
    0x20, 0x1a, 0x40, 0x3e, 0x34, 0x0, 0x9c, 0x80,
    0x3e, 0x80, 0xd, 0x20, 0x1f, 0x1b, 0x0, 0x48,
    0x40, 0x1f, 0x40, 0x6, 0x10, 0xf, 0x86, 0xc4,
    0x50, 0x60,

    /* U+0029 ")" */
    0x0, 0x2b, 0x8, 0x7, 0xf5, 0xd4, 0xe0, 0x7,
    0xf2, 0x0, 0xa, 0x0, 0x3f, 0x20, 0x4, 0xe4,
    0x1, 0xf4, 0x80, 0x68, 0x0, 0xf8, 0x98, 0x2,
    0x53, 0x0, 0xfa, 0x0, 0x34, 0x80, 0x7c, 0x2c,
    0x1, 0x29, 0x0, 0x7d, 0x60, 0x1a, 0x0, 0x3e,
    0x24, 0x0, 0x94, 0x40, 0x3e, 0xe0, 0xc, 0xe0,
    0x1f, 0x28, 0x80, 0x56, 0x1, 0xf9, 0xc0, 0x22,
    0x20, 0x7, 0xda, 0x1, 0x94, 0x3, 0xe4, 0x0,
    0xd6, 0x1, 0xf9, 0x0, 0x23, 0x10, 0xf, 0xb0,
    0x3, 0x28, 0x7, 0xc6, 0x1, 0xb0, 0x3, 0xe5,
    0x0, 0xc8, 0x1, 0xf0, 0x90, 0x4, 0x60, 0x1f,
    0x98, 0x3, 0x10, 0x7, 0xc4, 0x1, 0x98, 0x3,
    0xef, 0x0, 0xc6, 0x1, 0xf1, 0x0, 0x6e, 0x0,
    0xf9, 0xc0, 0x31, 0x80, 0x7c, 0x20, 0x19, 0x80,
    0x3e, 0x20, 0xc, 0x20, 0x1f, 0xfc, 0x3, 0x0,
    0xff, 0xe6, 0x88, 0x7, 0xe1, 0x0, 0xff, 0xe0,
    0x8, 0x7, 0xff, 0x44, 0x40, 0x3f, 0xf9, 0x2,
    0x1, 0x88, 0x3, 0xe3, 0x0, 0xce, 0x1, 0xf3,
    0x0, 0x62, 0x0, 0xf8, 0x40, 0x30, 0x80, 0x7c,
    0x40, 0x1b, 0x40, 0x3e, 0xd0, 0xc, 0xc0, 0x1f,
    0x30, 0x6, 0x30, 0xf, 0x88, 0x2, 0x20, 0xf,
    0x88, 0x40, 0x27, 0x0, 0xf9, 0xc0, 0x36, 0x0,
    0x7d, 0x80, 0x19, 0x0, 0x3e, 0x40, 0x8, 0x48,
    0x3, 0xc4, 0x40, 0x9, 0xc0, 0x3e, 0x40, 0xd,
    0xa0, 0x1f, 0x50, 0x6, 0x40, 0xf, 0x11, 0x80,
    0x4c, 0x1, 0xf2, 0x80, 0x6a, 0x0, 0xfa, 0x40,
    0x22, 0x30, 0xf, 0x28, 0x80, 0x56, 0x1, 0xf4,
    0x0, 0x42, 0xc0, 0x1e, 0x52, 0x0, 0xa4, 0x3,
    0xe8, 0x0, 0x85, 0xc0, 0x3c, 0xe4, 0x1, 0x40,
    0x7, 0xd4, 0x1, 0x13, 0x0, 0x7c, 0x60, 0x14,
    0x80, 0x7e, 0xa3, 0x8, 0x40, 0xf, 0x80,

    /* U+002A "*" */
    0x0, 0xfc, 0x37, 0xf8, 0x1, 0xff, 0xc4, 0xa4,
    0x2, 0x0, 0xff, 0xe2, 0x20, 0x0, 0x40, 0x3f,
    0xf8, 0x62, 0x1, 0xff, 0xc7, 0x30, 0xc, 0x40,
    0x1f, 0xfc, 0x26, 0x0, 0xc2, 0x1, 0xf1, 0xf7,
    0xe4, 0x18, 0x10, 0x6, 0x50, 0x48, 0xcf, 0xd3,
    0xf1, 0x3, 0x7c, 0xf9, 0x0, 0xd3, 0xf6, 0xe6,
    0x5, 0x20, 0x1f, 0xfc, 0x71, 0xe3, 0x0, 0xff,
    0xe2, 0x25, 0x16, 0x61, 0x40, 0x3f, 0xf8, 0xd,
    0xb6, 0x20, 0x3, 0xae, 0x60, 0xf, 0xd1, 0xf2,
    0x40, 0x1e, 0x1c, 0x0, 0xfc, 0x60, 0x1f, 0xeb,
    0x0, 0xfd, 0x20, 0x1f, 0xd0, 0x20, 0x10, 0x80,
    0x62, 0x80, 0xf, 0x8d, 0xc0, 0x21, 0xcc, 0x0,
    0x67, 0x20, 0xf, 0x40, 0x6, 0xa2, 0x3b, 0x0,
    0xd0, 0x1, 0xe5, 0x0, 0xa5, 0x0, 0x9, 0x0,
    0x13, 0x80, 0x79, 0x0, 0xc, 0xc0, 0xc, 0xea,
    0x0, 0x40, 0xf, 0x54, 0xd4, 0x80, 0x7a, 0xa6,
    0xa4, 0x2,

    /* U+002B "+" */
    0x0, 0xff, 0xe0, 0xd, 0x6e, 0x18, 0x7, 0xff,
    0x36, 0x54, 0x8f, 0x80, 0x3f, 0xf9, 0xa6, 0x1,
    0x10, 0x7, 0xff, 0xfc, 0x3, 0xff, 0xfe, 0x1,
    0xff, 0xff, 0x0, 0xff, 0xff, 0x80, 0x7f, 0xf0,
    0x95, 0xdf, 0xfc, 0xc0, 0x1a, 0x1d, 0xff, 0x98,
    0x42, 0x6a, 0x23, 0xfc, 0x40, 0x19, 0xe2, 0x3f,
    0xa7, 0xc1, 0x0, 0x3f, 0xf9, 0xe2, 0x62, 0x1,
    0xff, 0xd0, 0x2f, 0x20, 0xf, 0xfe, 0x68, 0xc0,
    0x9e, 0xff, 0xff, 0x90, 0x3, 0x7f, 0xff, 0xb9,
    0xc0, 0x3f, 0xff, 0xe0, 0x1f, 0xff, 0xf0, 0xf,
    0xff, 0xf8, 0x7, 0xff, 0xfc, 0x3, 0xff, 0x82,
    0x40, 0x10, 0x80, 0x7f, 0xf3, 0x6c, 0xc0, 0xa8,
    0x3, 0xff, 0x82,

    /* U+002C "," */
    0x0, 0xff, 0xe1, 0x47, 0x7f, 0xa8, 0x40, 0x35,
    0xb8, 0x80, 0x17, 0x0, 0x25, 0x40, 0xe, 0x28,
    0x0, 0x60, 0x7, 0xcc, 0x1, 0xfe, 0x12, 0xf,
    0x0, 0xfc, 0xe0, 0xc4, 0x1, 0xf1, 0x80, 0x35,
    0xc4, 0x3, 0xfa, 0x3b, 0x0, 0x31, 0x80, 0x75,
    0x80, 0x66, 0x0, 0xe6, 0x0, 0x84, 0xc0, 0x31,
    0x88, 0x4, 0xe0, 0x1d, 0x40, 0x1a, 0xc0, 0x32,
    0x30, 0x4, 0xc4, 0x1, 0x35, 0x80, 0x43, 0x0,
    0x15, 0xc8, 0x6, 0xa1, 0x0, 0x3a, 0x0, 0x69,
    0x40, 0x8, 0x40, 0x35, 0x30, 0x6, 0x63, 0x6,
    0xd5, 0x0, 0xe0,

    /* U+002D "-" */
    0x4, 0x99, 0xff, 0xe0, 0x41, 0x81, 0x5b, 0x37,
    0xff, 0x1, 0xf0, 0x50, 0x3, 0xff, 0x86, 0x44,
    0x0, 0xff, 0xe1, 0x8a, 0x28, 0x7, 0xff, 0x5,
    0xc8,

    /* U+002E "." */
    0x0, 0x2d, 0x64, 0x90, 0x5, 0x14, 0xa6, 0xda,
    0x80, 0x8e, 0x1, 0xd4, 0x1c, 0x1, 0xe1, 0x56,
    0x0, 0xf8, 0x9c, 0x3, 0xe1, 0xd0, 0xf, 0x91,
    0x8c, 0x3, 0x9c, 0x83, 0x1c, 0x40, 0xa6, 0x0,

    /* U+002F "/" */
    0x0, 0xff, 0xe3, 0x16, 0x7e, 0x88, 0x7, 0xff,
    0x1b, 0xcc, 0x9, 0x0, 0x3f, 0xf8, 0xa6, 0x40,
    0x13, 0x80, 0x7f, 0xf1, 0x6c, 0x2, 0x22, 0x0,
    0x7f, 0xf1, 0x54, 0x2, 0x50, 0xf, 0xfe, 0x29,
    0x10, 0x2, 0xb0, 0xf, 0xfe, 0x2a, 0x80, 0x42,
    0x60, 0x1f, 0xfc, 0x5b, 0x0, 0x9c, 0x3, 0xff,
    0x8a, 0x26, 0x1, 0x68, 0x7, 0xff, 0x15, 0xc0,
    0x32, 0x0, 0x7f, 0xf1, 0x70, 0x2, 0x40, 0xf,
    0xfe, 0x32, 0x80, 0x5a, 0x1, 0xff, 0xc5, 0x40,
    0xc, 0xe0, 0x1f, 0xfc, 0x5d, 0x0, 0x8c, 0x40,
    0x3f, 0xf8, 0xae, 0x1, 0x58, 0x7, 0xff, 0x14,
    0xc4, 0x2, 0x50, 0xf, 0xfe, 0x2d, 0x80, 0x44,
    0x40, 0xf, 0xfe, 0x2a, 0x80, 0x4a, 0x1, 0xff,
    0xc5, 0x22, 0x0, 0x56, 0x1, 0xff, 0xc5, 0x50,
    0x8, 0x4c, 0x3, 0xff, 0x8b, 0x60, 0x13, 0x80,
    0x7f, 0xf1, 0x44, 0xc0, 0x2d, 0x0, 0xff, 0xe2,
    0xb8, 0x6, 0x40, 0xf, 0xfe, 0x2e, 0x80, 0x48,
    0x1, 0xff, 0xc6, 0x40, 0xb, 0x40, 0x3f, 0xf8,
    0xa8, 0x1, 0x9c, 0x3, 0xff, 0x8b, 0xa0, 0x11,
    0x88, 0x7, 0xff, 0x15, 0xc0, 0x2b, 0x0, 0xff,
    0xe2, 0x98, 0x80, 0x4a, 0x1, 0xff, 0xc5, 0xb0,
    0x8, 0x88, 0x1, 0xff, 0xc5, 0x50, 0x9, 0x40,
    0x3f, 0xf8, 0xa4, 0x40, 0xa, 0xc0, 0x3f, 0xf8,
    0xaa, 0x1, 0x9, 0x80, 0x7f, 0xf1, 0x6c, 0x2,
    0x70, 0xf, 0xfe, 0x28, 0x98, 0x5, 0x80, 0x1f,
    0xfc, 0x57, 0x0, 0xca, 0x1, 0xff, 0xc5, 0xd0,
    0x9, 0x0, 0x3f, 0xf8, 0xc8, 0x1, 0x68, 0x7,
    0xff, 0x15, 0x40, 0x33, 0x80, 0x7f, 0xf1, 0x7c,
    0x2, 0x31, 0x0, 0xff, 0xe2, 0xa0, 0x5, 0x60,
    0x1f, 0xfc, 0x53, 0x10, 0x9, 0x40, 0x3f, 0xf8,
    0xb6, 0x1, 0x11, 0x0, 0x3f, 0xf8, 0xaa, 0x1,
    0x28, 0x7, 0xff, 0x14, 0x88, 0x1, 0x58, 0x7,
    0xff, 0x15, 0x40, 0x21, 0x30, 0xf, 0xfe, 0x2d,
    0x80, 0x48, 0x1, 0xff, 0xc5, 0x13, 0x0, 0xbc,
    0x3, 0xff, 0x8a, 0xe0, 0x19, 0x40, 0x3f, 0xf8,
    0xba, 0x1, 0x20, 0x7, 0xff, 0x19, 0x0, 0x2d,
    0x0, 0xff, 0xe2, 0xa8, 0x6, 0x70, 0xf, 0xfe,
    0x2f, 0x80, 0x46, 0x20, 0x1f, 0xfc, 0x54, 0x0,
    0xac, 0x3, 0xff, 0x8a, 0x82, 0x1, 0x28, 0x7,
    0xff, 0x17, 0x0, 0x22, 0x20, 0x7, 0xff, 0x15,
    0x40, 0x25, 0x0, 0xff, 0xe2, 0x89, 0x0, 0x54,
    0x1, 0xff, 0xc5, 0x14, 0x2, 0x92, 0x0, 0xff,
    0xe2, 0x80,

    /* U+0030 "0" */
    0x0, 0xff, 0x24, 0xe7, 0x7f, 0xb6, 0x98, 0x3,
    0xff, 0x8c, 0x9b, 0x6c, 0x62, 0x0, 0x25, 0x9f,
    0x80, 0xf, 0xfe, 0x1c, 0xd9, 0x0, 0x7f, 0x9f,
    0x44, 0x3, 0xff, 0x81, 0x6c, 0x1, 0xff, 0xc1,
    0x2f, 0x20, 0xf, 0xf4, 0xa0, 0x7, 0x84, 0xc8,
    0x3, 0xc3, 0xe0, 0x1f, 0xca, 0xc0, 0x1c, 0x99,
    0xd9, 0xbc, 0xe0, 0x1c, 0x52, 0x1, 0xfa, 0xc0,
    0x39, 0xec, 0xc0, 0x21, 0x8b, 0x0, 0xe6, 0x30,
    0xf, 0x38, 0x80, 0x65, 0x80, 0xf, 0x92, 0x40,
    0x3b, 0xc0, 0x3d, 0x20, 0x18, 0x6c, 0x3, 0xf9,
    0x90, 0x3, 0x19, 0x80, 0x32, 0x88, 0x6, 0x91,
    0x0, 0xff, 0x40, 0x7, 0x50, 0x6, 0xf0, 0xe,
    0x60, 0xf, 0xf8, 0xc8, 0x3, 0x38, 0x6, 0x50,
    0xc, 0x82, 0x1, 0xff, 0xc0, 0xa0, 0xc, 0x26,
    0x0, 0x30, 0xe, 0xc0, 0xf, 0xfe, 0xa, 0x0,
    0x72, 0x0, 0x14, 0x3, 0x90, 0x3, 0xff, 0x82,
    0x60, 0x1d, 0x80, 0xf, 0x0, 0xe3, 0x0, 0xff,
    0xe1, 0x18, 0x6, 0x50, 0x2, 0x80, 0x61, 0x0,
    0xff, 0xe1, 0xa8, 0x6, 0x10, 0x1, 0x0, 0x62,
    0x0, 0xff, 0xe1, 0xf0, 0x7, 0x10, 0x8, 0x6,
    0x60, 0xf, 0xfe, 0x18, 0x80, 0x73, 0x8, 0x7,
    0x18, 0x7, 0xff, 0xc, 0x80, 0x38, 0x4c, 0x3,
    0x84, 0x3, 0xff, 0x92, 0x62, 0x1, 0xde, 0x1,
    0xff, 0xc3, 0x70, 0xe, 0x10, 0xf, 0xfe, 0x50,
    0x80, 0x7f, 0xf5, 0xbc, 0x3, 0xff, 0xdb, 0xe0,
    0x1f, 0xfc, 0xa1, 0x0, 0xf0, 0x80, 0x77, 0x80,
    0x7f, 0xf0, 0xdc, 0x3, 0x84, 0xc0, 0x38, 0x40,
    0x3f, 0xf8, 0x62, 0x1, 0xc6, 0x20, 0x1c, 0x60,
    0x1f, 0xfc, 0x33, 0x0, 0xe1, 0x2, 0x0, 0xcc,
    0x1, 0xff, 0xc3, 0xe0, 0xe, 0x60, 0x60, 0xc,
    0x40, 0x1f, 0xfc, 0x32, 0x0, 0xe2, 0x2, 0x0,
    0xc2, 0x20, 0xf, 0xfe, 0x13, 0x0, 0x62, 0x0,
    0x78, 0x7, 0x28, 0x7, 0xff, 0x8, 0xc0, 0x33,
    0x80, 0x10, 0x3, 0xb0, 0x3, 0xff, 0x82, 0x60,
    0x1d, 0x80, 0x2, 0x10, 0xc, 0x80, 0x1f, 0xfc,
    0x1b, 0x0, 0xe5, 0x0, 0x9c, 0x3, 0x19, 0x0,
    0x7f, 0xf0, 0x14, 0x3, 0x9, 0x80, 0x5a, 0x1,
    0xd4, 0x1, 0xff, 0x21, 0x0, 0x66, 0x0, 0xc8,
    0x40, 0x19, 0xc4, 0x3, 0xfd, 0x0, 0x1d, 0x40,
    0x1d, 0x40, 0x1d, 0x40, 0x1f, 0xcc, 0x60, 0x19,
    0x48, 0x3, 0x9c, 0x80, 0x32, 0x40, 0x7, 0xc9,
    0x20, 0x1d, 0x20, 0x1f, 0x48, 0x7, 0x3d, 0x90,
    0x4, 0x31, 0x60, 0x1c, 0xe6, 0x1, 0xf2, 0x30,
    0x7, 0x26, 0xea, 0xf3, 0x9c, 0x3, 0x8e, 0x0,
    0x3f, 0xa5, 0x40, 0x3c, 0x48, 0x60, 0x1e, 0x2d,
    0x0, 0xff, 0xa9, 0x80, 0x3f, 0xf8, 0x29, 0x82,
    0x1, 0xff, 0xc0, 0x9b, 0x20, 0xf, 0xe1, 0x8b,
    0x10, 0xf, 0xfe, 0x12, 0x6d, 0xb1, 0x88, 0x9,
    0x2d, 0x73, 0x80, 0x7e,

    /* U+0031 "1" */
    0x0, 0xff, 0xb, 0xc3, 0x10, 0x7, 0xff, 0x18,
    0x63, 0xa1, 0xe7, 0x50, 0x3, 0xff, 0x86, 0x95,
    0xce, 0x1, 0xdc, 0x1, 0xff, 0xc0, 0x6c, 0xfb,
    0x50, 0xf, 0x84, 0x3, 0xfe, 0x99, 0x18, 0x7,
    0xf9, 0xc0, 0x3f, 0xe4, 0x0, 0xff, 0xe6, 0x38,
    0x7, 0xff, 0x32, 0xa6, 0x1d, 0xf2, 0x0, 0x7f,
    0xf1, 0x99, 0xe2, 0x34, 0x80, 0x7f, 0xf3, 0xc,
    0x3, 0xff, 0xfe, 0x1, 0xff, 0xff, 0x0, 0xff,
    0xff, 0x80, 0x7f, 0xff, 0xc0, 0x3f, 0xff, 0xe0,
    0x1f, 0xff, 0xf0, 0xf, 0xff, 0xf8, 0x7, 0xff,
    0xfc, 0x3, 0xff, 0xfe, 0x1, 0xff, 0xff, 0x0,
    0xff, 0xe1, 0x96, 0x77, 0xff, 0xb8, 0x3, 0x8f,
    0xff, 0xdd, 0x41, 0x26, 0x20, 0x1f, 0xfc, 0x71,
    0x56, 0x60, 0x7, 0xff, 0x2f, 0x84, 0x3, 0xff,
    0x97, 0xfe, 0x20, 0xf, 0xfe, 0x4a, 0x38,

    /* U+0032 "2" */
    0x0, 0xfc, 0x71, 0x7d, 0xfe, 0xed, 0xa6, 0x20,
    0xf, 0xfe, 0x23, 0x6e, 0x3a, 0x8, 0x0, 0x49,
    0x67, 0x6c, 0x80, 0x3f, 0xf8, 0x7, 0xb2, 0x40,
    0x1f, 0xf2, 0x6b, 0x80, 0x7f, 0x9f, 0x8, 0x3,
    0xff, 0x87, 0x14, 0x1, 0xfa, 0xa0, 0x3, 0xf0,
    0x80, 0x7f, 0x2c, 0x0, 0x7a, 0x14, 0x3, 0x92,
    0x7b, 0xfb, 0xfd, 0x68, 0x1, 0xe7, 0x40, 0xe,
    0x70, 0xc, 0x37, 0x66, 0x10, 0xc, 0x97, 0x60,
    0xf, 0x40, 0x7, 0x20, 0x4, 0x5e, 0x80, 0x1f,
    0xc9, 0x60, 0x1c, 0x68, 0x1, 0xa8, 0xc0, 0xf0,
    0x40, 0x3f, 0xe4, 0x70, 0xe, 0xd0, 0xc, 0x39,
    0xd8, 0x20, 0x1f, 0xfc, 0x19, 0x0, 0xe4, 0x0,
    0xf0, 0x80, 0x7f, 0xf0, 0xc5, 0x0, 0x31, 0x8,
    0x7, 0xff, 0x28, 0xc0, 0x38, 0xc0, 0x3f, 0xf9,
    0x5e, 0x1, 0xc2, 0x1, 0xff, 0xca, 0x10, 0xe,
    0x70, 0xf, 0xfe, 0x50, 0x80, 0x73, 0x80, 0x7f,
    0xf2, 0xb8, 0x3, 0x84, 0x3, 0xff, 0x94, 0xa0,
    0x1c, 0x40, 0x1f, 0xfc, 0xa3, 0x0, 0xc6, 0x1,
    0xff, 0xca, 0x50, 0xe, 0xb0, 0xf, 0xfe, 0x57,
    0x0, 0x72, 0x80, 0x7f, 0xf2, 0x49, 0x0, 0x31,
    0x90, 0x7, 0xff, 0x26, 0x0, 0x3a, 0x80, 0x3f,
    0xf9, 0x24, 0xa0, 0x18, 0x58, 0x3, 0xff, 0x93,
    0xc0, 0x1d, 0x0, 0x1f, 0xfc, 0x96, 0x30, 0xc,
    0x6c, 0x1, 0xff, 0xc8, 0x29, 0x0, 0xef, 0x0,
    0xff, 0xe4, 0xf0, 0x7, 0x39, 0x80, 0x7f, 0xf2,
    0x24, 0xc0, 0x31, 0xc0, 0x7, 0xff, 0x21, 0x98,
    0x1, 0xdc, 0x1, 0xff, 0xc8, 0x39, 0x0, 0xea,
    0x20, 0xf, 0xfe, 0x39, 0x60, 0x7, 0x3a, 0x80,
    0x7f, 0xf1, 0xc7, 0x0, 0x39, 0x20, 0x3, 0xff,
    0x8e, 0x38, 0x20, 0x18, 0xac, 0x3, 0xff, 0x8e,
    0x3a, 0x40, 0x18, 0x7c, 0x3, 0xff, 0x8e, 0x3a,
    0x60, 0x1d, 0x84, 0x1, 0xff, 0xc6, 0x1d, 0x30,
    0xe, 0xc2, 0x0, 0xff, 0xe3, 0xe, 0x18, 0x7,
    0x59, 0x80, 0x7f, 0xf1, 0x8b, 0x8, 0x3, 0xad,
    0x0, 0x3f, 0xf8, 0xc7, 0x84, 0x1, 0xd6, 0x80,
    0x1f, 0xfc, 0x64, 0xc1, 0x0, 0xeb, 0x40, 0xf,
    0xfe, 0x32, 0x58, 0x7, 0xd7, 0xff, 0xff, 0xc3,
    0xe9, 0x1, 0xa0, 0xf, 0xfe, 0x60, 0xb2, 0x38,
    0x80, 0x7f, 0xf3, 0x88, 0x40, 0x3f, 0xf9, 0xe6,
    0xc6, 0x1, 0xff, 0xcd, 0x55, 0x0,

    /* U+0033 "3" */
    0x0, 0xfc, 0x6f, 0x7b, 0xdf, 0xdb, 0x90, 0x80,
    0x1f, 0xfc, 0x47, 0xec, 0x84, 0x21, 0x1, 0x23,
    0x7b, 0xe7, 0x0, 0xff, 0xe0, 0x27, 0x40, 0x80,
    0x7f, 0xc3, 0x1c, 0x60, 0x1f, 0xcf, 0x62, 0x1,
    0xff, 0xc3, 0x1c, 0x60, 0xf, 0xa2, 0x0, 0x1f,
    0xc2, 0x1, 0xfd, 0x28, 0x1, 0xe7, 0x0, 0xe2,
    0x8c, 0xff, 0x77, 0xec, 0x88, 0x7, 0xac, 0x40,
    0x38, 0x80, 0x34, 0xeb, 0x98, 0x6, 0x26, 0xe5,
    0x0, 0xf4, 0x0, 0x77, 0x0, 0x7, 0x18, 0x3,
    0xfd, 0x48, 0x1, 0xcc, 0x1, 0xc7, 0xd7, 0xe6,
    0x1, 0xff, 0xc0, 0xa0, 0xf, 0x20, 0x7, 0xa,
    0x8, 0x7, 0xff, 0x4, 0x54, 0x3, 0x8c, 0x3,
    0xff, 0x95, 0xa0, 0x1d, 0xe0, 0x1f, 0xfc, 0xa2,
    0x0, 0xe1, 0x0, 0xff, 0xe5, 0x18, 0x7, 0x70,
    0x7, 0xff, 0x28, 0x40, 0x38, 0x40, 0x3f, 0xf9,
    0x5a, 0x1, 0xc8, 0x1, 0xff, 0xca, 0x40, 0xc,
    0x44, 0x0, 0xff, 0xe4, 0xb8, 0x80, 0x68, 0x0,
    0xff, 0xe4, 0x9c, 0x0, 0x63, 0x50, 0xf, 0xfe,
    0x43, 0x60, 0x6, 0x1d, 0x0, 0xff, 0xe2, 0x9,
    0x2c, 0x74, 0x80, 0x62, 0xc1, 0x0, 0xff, 0xe0,
    0xd7, 0x7f, 0x6d, 0x38, 0x80, 0x64, 0xc2, 0x0,
    0xff, 0xe0, 0xb2, 0x88, 0x7, 0xe3, 0xbb, 0x8,
    0x7, 0xff, 0x8, 0x40, 0x3f, 0xc2, 0x62, 0x1,
    0xff, 0xc3, 0x61, 0x0, 0xfe, 0x28, 0xe7, 0x0,
    0xff, 0xe1, 0xf, 0xc2, 0xa2, 0xc, 0x40, 0x3d,
    0x18, 0x20, 0x1f, 0xfc, 0x11, 0x7a, 0xbb, 0x67,
    0x72, 0x48, 0x3, 0x1e, 0x8, 0x7, 0xff, 0x1c,
    0x5b, 0x60, 0x3, 0x16, 0x80, 0x7f, 0xf2, 0x9e,
    0x40, 0x31, 0xc0, 0x7, 0xff, 0x29, 0x8c, 0x3,
    0x38, 0x80, 0x7f, 0xf2, 0xa4, 0x3, 0x98, 0x3,
    0xff, 0x94, 0x80, 0x1d, 0x60, 0x1f, 0xfc, 0xa1,
    0x10, 0x6, 0x30, 0xf, 0xfe, 0x59, 0x80, 0x7f,
    0xf5, 0x84, 0x3, 0xff, 0x94, 0x60, 0x1f, 0xfc,
    0xf2, 0x10, 0xe, 0x10, 0x0, 0x80, 0x7f, 0xf1,
    0xa8, 0x3, 0x8c, 0x1, 0x3d, 0x82, 0x1, 0xff,
    0xc3, 0x17, 0x0, 0xeb, 0x5, 0x60, 0x3f, 0x30,
    0xf, 0xfe, 0x8, 0xe8, 0x7, 0x98, 0x38, 0x2,
    0x1c, 0x81, 0x0, 0xff, 0x1e, 0x18, 0x7, 0x30,
    0x81, 0x0, 0x73, 0xf5, 0x31, 0x88, 0x4, 0x4d,
    0x78, 0x40, 0x1c, 0x32, 0x0, 0x82, 0x0, 0xf2,
    0xce, 0x77, 0xfd, 0xb2, 0x80, 0x1f, 0x68, 0x4,
    0x38, 0x60, 0x1f, 0xfc, 0x81, 0xc3, 0x0, 0xc3,
    0x8e, 0x1, 0xff, 0xc6, 0x5f, 0x30, 0xf, 0xa3,
    0x9c, 0x40, 0x3f, 0xf8, 0x2b, 0x94, 0x20, 0x1f,
    0xc3, 0x1d, 0x90, 0xa6, 0x20, 0x10, 0x9b, 0x57,
    0x51, 0x80, 0x7c,

    /* U+0034 "4" */
    0x0, 0xff, 0xe3, 0xab, 0xc3, 0x10, 0x7, 0xff,
    0x30, 0xb6, 0xa1, 0xe7, 0x4c, 0x3, 0xff, 0x97,
    0xe4, 0x1, 0xd4, 0x1, 0xff, 0xca, 0x82, 0x0,
    0xf1, 0x0, 0x7f, 0xf2, 0x4d, 0xc0, 0x3f, 0xfa,
    0x3e, 0x1, 0xff, 0xd1, 0x73, 0x0, 0xff, 0xe8,
    0x14, 0x0, 0x7f, 0xf4, 0x78, 0x3, 0xa, 0x80,
    0x7f, 0xf2, 0xd8, 0xc0, 0x34, 0x68, 0x7, 0xff,
    0x28, 0x64, 0x3, 0x1b, 0x78, 0x7, 0xff, 0x2a,
    0x80, 0x3b, 0xc0, 0x3f, 0xf9, 0x6a, 0x80, 0x19,
    0x8c, 0x3, 0xff, 0x94, 0x36, 0x1, 0x86, 0x0,
    0x3f, 0xf9, 0x70, 0x20, 0x1a, 0xc4, 0x0, 0x20,
    0x1f, 0xfc, 0x74, 0x60, 0xc, 0xaa, 0x0, 0xff,
    0xe5, 0xc8, 0x6, 0x1b, 0x0, 0xff, 0xe5, 0xc1,
    0x0, 0x6b, 0x10, 0xf, 0xfe, 0x51, 0xb8, 0x6,
    0x55, 0x0, 0x71, 0x80, 0x7f, 0xf1, 0x78, 0x3,
    0xd, 0x80, 0x7f, 0xf2, 0xdc, 0x80, 0x35, 0x88,
    0x7, 0xff, 0x28, 0xa0, 0x3, 0x2a, 0x80, 0x3f,
    0xf9, 0x7c, 0x1, 0x86, 0xc0, 0x3f, 0x8, 0x7,
    0xff, 0x9, 0x8c, 0x3, 0x58, 0x80, 0x7f, 0xf2,
    0x86, 0x40, 0x32, 0x28, 0x7, 0xff, 0x2e, 0x80,
    0x30, 0xd0, 0x7, 0xff, 0x2d, 0x50, 0x3, 0x58,
    0x80, 0x7f, 0x9c, 0x3, 0xff, 0x81, 0x60, 0x19,
    0x14, 0x3, 0xff, 0x96, 0xe2, 0x1, 0x97, 0x33,
    0xff, 0x80, 0x60, 0x19, 0x33, 0x33, 0x85, 0x80,
    0x70, 0x99, 0xff, 0xf0, 0x0, 0x3c, 0x67, 0xa1,
    0x4c, 0x3, 0xff, 0xa3, 0xa2, 0x1, 0xff, 0xd1,
    0xfb, 0x10, 0xf, 0xfe, 0x7a, 0x3a, 0xf7, 0xff,
    0xff, 0x14, 0xc0, 0x32, 0x7f, 0xeb, 0x0, 0xff,
    0xff, 0x80, 0x7f, 0xff, 0xc0, 0x3f, 0xff, 0xe0,
    0x1f, 0xff, 0xe6, 0x0, 0xc4, 0x1, 0xff, 0xcd,
    0x84, 0x1, 0x48, 0x0, 0xf0,

    /* U+0035 "5" */
    0x0, 0xf8, 0x48, 0xbf, 0xf8, 0x62, 0x1, 0xfc,
    0x37, 0xfd, 0xbb, 0xff, 0xc3, 0xef, 0x70, 0xf,
    0xa5, 0x0, 0x3f, 0xf8, 0xf0, 0x1, 0xf1, 0x80,
    0x7f, 0xf2, 0x44, 0x3, 0xcc, 0x1, 0xff, 0xc9,
    0x10, 0xf, 0x18, 0x7, 0xff, 0x1c, 0x68, 0x3,
    0xe1, 0x0, 0xcb, 0xff, 0xff, 0xc2, 0xe5, 0x0,
    0xff, 0xe0, 0x60, 0x7, 0xff, 0x28, 0x40, 0x38,
    0xc0, 0x3f, 0xf9, 0x46, 0x1, 0xcc, 0x1, 0xff,
    0xca, 0x10, 0xe, 0x10, 0xf, 0xfe, 0x53, 0x0,
    0x71, 0x0, 0x7f, 0xf2, 0x8c, 0x3, 0xff, 0xa0,
    0x20, 0x18, 0x80, 0x3f, 0xf9, 0x7e, 0x1, 0x84,
    0x3, 0xff, 0x96, 0x20, 0x19, 0x80, 0x3f, 0xf9,
    0x66, 0x1, 0x8c, 0x3, 0x13, 0x31, 0x50, 0x3,
    0xff, 0x84, 0x20, 0x18, 0x44, 0xb3, 0xba, 0x99,
    0x55, 0xfe, 0x30, 0x7, 0xfc, 0xe0, 0x19, 0xfa,
    0x98, 0x80, 0x3c, 0x73, 0xcc, 0x1, 0xfc, 0x40,
    0x1f, 0xfc, 0x51, 0x9a, 0x0, 0xfc, 0x60, 0x1f,
    0xfc, 0x75, 0xc0, 0xf, 0x94, 0x3, 0x92, 0x77,
    0xbf, 0xb6, 0xc, 0x3, 0xc7, 0x20, 0x1e, 0x86,
    0x0, 0x26, 0x5b, 0x10, 0x80, 0x93, 0xe4, 0x80,
    0x79, 0x90, 0x3, 0xd3, 0xfe, 0xb3, 0x0, 0xfe,
    0x6c, 0x0, 0xf4, 0x0, 0x7f, 0xf2, 0x4e, 0x40,
    0x38, 0xcc, 0x1, 0xff, 0xc9, 0x63, 0x0, 0xeb,
    0x0, 0xff, 0xe5, 0x48, 0x7, 0x20, 0x7, 0xff,
    0x29, 0x40, 0x38, 0xc0, 0x3f, 0xf9, 0x64, 0x1,
    0xc2, 0x1, 0xff, 0xca, 0x60, 0xe, 0x30, 0xf,
    0xfe, 0x50, 0x80, 0x70, 0x80, 0x7f, 0xf9, 0xd8,
    0x3, 0x84, 0x3, 0xff, 0x94, 0x40, 0x1c, 0x40,
    0x1f, 0xfc, 0x92, 0x10, 0xc, 0x40, 0x1f, 0xfc,
    0xaa, 0x0, 0xe7, 0x0, 0xff, 0xe5, 0x30, 0x7,
    0x78, 0x2, 0x7e, 0x84, 0x3, 0xff, 0x87, 0x42,
    0x1, 0x85, 0x41, 0x98, 0xb, 0x84, 0x1, 0xff,
    0xc1, 0x85, 0x0, 0xe9, 0x0, 0x50, 0x4, 0x5a,
    0xe0, 0x1f, 0xe1, 0xa7, 0x0, 0xe2, 0x70, 0x3,
    0x0, 0x74, 0x75, 0x31, 0x8, 0x0, 0x52, 0x79,
    0x40, 0x3d, 0xe0, 0x15, 0x90, 0x7, 0xa, 0xce,
    0xf7, 0xfb, 0xad, 0x80, 0x3e, 0xb2, 0x0, 0x87,
    0xc, 0x3, 0xff, 0x8e, 0x38, 0x80, 0x1c, 0x39,
    0x0, 0x1f, 0xfc, 0x54, 0xf3, 0x0, 0xfc, 0xfc,
    0xe2, 0x1, 0xff, 0xc0, 0x3a, 0xb1, 0x0, 0xff,
    0xc, 0x76, 0x42, 0x98, 0x80, 0x42, 0x8f, 0x98,
    0x50, 0xf, 0xc0,

    /* U+0036 "6" */
    0x0, 0xff, 0x85, 0xab, 0x7f, 0xed, 0xc8, 0x40,
    0xf, 0xfe, 0x19, 0x57, 0x4a, 0x90, 0x4, 0x46,
    0xf7, 0xcc, 0x1, 0xff, 0xc0, 0x8d, 0x50, 0xf,
    0xf8, 0x66, 0x80, 0x3f, 0xd8, 0xe0, 0x1f, 0xfc,
    0x35, 0xb0, 0xf, 0x87, 0xc, 0x3, 0xff, 0x8a,
    0x86, 0x1, 0xea, 0x30, 0xe, 0x17, 0xcf, 0xfb,
    0xad, 0x80, 0x38, 0x40, 0x3a, 0x10, 0x3, 0x9b,
    0xa0, 0xc0, 0x21, 0x49, 0xd1, 0x0, 0x39, 0x0,
    0x63, 0x70, 0xe, 0x89, 0x0, 0xfe, 0x2f, 0x7a,
    0x80, 0xe, 0xf0, 0xe, 0x77, 0x0, 0x7f, 0xc3,
    0xa, 0x1, 0xc8, 0x60, 0x18, 0xe0, 0x3, 0xff,
    0x91, 0xe0, 0x1d, 0xe0, 0x1f, 0xfc, 0x81, 0x40,
    0xc, 0xc6, 0x1, 0xff, 0xc8, 0x70, 0xe, 0xa0,
    0xf, 0xfe, 0x4e, 0x80, 0x62, 0x30, 0xf, 0xfe,
    0x4a, 0x0, 0x65, 0x0, 0xff, 0xe4, 0x90, 0x7,
    0x60, 0x7, 0xff, 0x25, 0xc0, 0x39, 0x40, 0x3f,
    0xf9, 0x24, 0x1, 0x84, 0x40, 0x1c, 0x4a, 0xee,
    0x65, 0x20, 0xf, 0xee, 0x0, 0xc6, 0x1, 0x8a,
    0xb6, 0xa2, 0x13, 0x5b, 0xd2, 0x20, 0x1e, 0x30,
    0xc, 0x20, 0x13, 0x6a, 0x80, 0x7c, 0x2d, 0xd0,
    0x1, 0xcc, 0x1, 0x98, 0x1, 0x52, 0x1, 0xff,
    0xc0, 0x7b, 0x0, 0xfe, 0x75, 0xd5, 0x0, 0xff,
    0xe1, 0x26, 0x0, 0x7e, 0x2a, 0x20, 0x9, 0x6b,
    0xbf, 0xb2, 0x4, 0x3, 0x8e, 0x0, 0x2, 0x1,
    0xf9, 0x36, 0x94, 0x40, 0x4d, 0xf9, 0x40, 0x39,
    0xc8, 0x4, 0x3, 0xe8, 0xb2, 0x0, 0xfd, 0x48,
    0x1, 0xd6, 0x1, 0xfa, 0x5c, 0x3, 0xfe, 0xb1,
    0x0, 0xcc, 0xe, 0x1, 0xd0, 0xc0, 0x1f, 0xfc,
    0x16, 0x0, 0xe3, 0x10, 0xc, 0x4e, 0x1, 0xff,
    0xc2, 0xa0, 0xe, 0x43, 0x0, 0xff, 0xe4, 0x10,
    0x80, 0x6d, 0xe0, 0xc, 0x60, 0x1f, 0xfc, 0x42,
    0x0, 0xc2, 0x40, 0x18, 0x44, 0x1, 0xff, 0xc3,
    0x70, 0xc, 0xee, 0x0, 0xe2, 0x0, 0xff, 0xe1,
    0x88, 0x6, 0x12, 0x0, 0xe4, 0x0, 0xff, 0xe1,
    0x88, 0x6, 0x10, 0x40, 0xd, 0x80, 0x1f, 0xfc,
    0x37, 0x0, 0xce, 0x18, 0x1, 0x90, 0x3, 0xff,
    0x86, 0x40, 0x18, 0x81, 0x40, 0x39, 0x80, 0x3f,
    0xf8, 0x24, 0x20, 0x1b, 0x0, 0x8c, 0x3, 0x58,
    0x7, 0xff, 0x6, 0x80, 0x39, 0x0, 0x12, 0x1,
    0x89, 0x80, 0x3f, 0xe1, 0x60, 0xc, 0x62, 0x0,
    0x52, 0x0, 0xd2, 0x60, 0x1f, 0xe8, 0x10, 0xd,
    0x20, 0x1a, 0x40, 0x3b, 0x4c, 0x3, 0xf3, 0xb0,
    0x6, 0x25, 0x0, 0xc8, 0xc0, 0x18, 0x72, 0x4,
    0x3, 0x15, 0x40, 0x7, 0x70, 0x7, 0xa4, 0xc0,
    0x39, 0xfb, 0x2a, 0x99, 0xaa, 0x1, 0xd0, 0x60,
    0x1f, 0x69, 0x80, 0x78, 0xd5, 0x46, 0x1, 0xe7,
    0x70, 0x7, 0xe1, 0xc5, 0x0, 0xff, 0xe1, 0x4c,
    0x0, 0x7f, 0xd5, 0x64, 0x1, 0xfe, 0x5d, 0x60,
    0xf, 0xfe, 0xa, 0x6e, 0x39, 0x88, 0x0, 0x92,
    0x36, 0x88, 0x3, 0xc0,

    /* U+0037 "7" */
    0x0, 0x88, 0xbf, 0xf9, 0x62, 0x1, 0x4f, 0xee,
    0xff, 0xf2, 0xfb, 0x86, 0x2c, 0x1, 0xff, 0xcd,
    0x1a, 0x20, 0xf, 0xfe, 0x78, 0x90, 0x7, 0xff,
    0x3f, 0x6, 0x4, 0x3, 0xff, 0x98, 0x68, 0xf,
    0xdf, 0xff, 0xfc, 0x67, 0x0, 0xef, 0x0, 0xff,
    0xe4, 0x93, 0x80, 0x68, 0x30, 0xf, 0xfe, 0x4f,
    0x0, 0x64, 0x70, 0xf, 0xfe, 0x4b, 0x98, 0x4,
    0x34, 0x1, 0xff, 0xc9, 0x28, 0x0, 0xd6, 0x20,
    0x1f, 0xfc, 0x98, 0x0, 0xc6, 0xa0, 0x1f, 0xfc,
    0x93, 0x50, 0xd, 0xe0, 0x1f, 0xfc, 0xaf, 0x0,
    0xcc, 0x60, 0x1f, 0xfc, 0x95, 0x30, 0xd, 0x0,
    0x1f, 0xfc, 0xa8, 0x0, 0xcc, 0x20, 0x1f, 0xfc,
    0x94, 0x20, 0xd, 0x60, 0x1f, 0xfc, 0xaf, 0x0,
    0xca, 0x40, 0x1f, 0xfc, 0x92, 0x40, 0xd, 0x20,
    0x1f, 0xfc, 0xab, 0x0, 0xc2, 0x60, 0x1f, 0xfc,
    0xa7, 0x0, 0xcc, 0x1, 0xff, 0xca, 0x51, 0x0,
    0xd6, 0x1, 0xff, 0xca, 0xf0, 0xc, 0x46, 0x1,
    0xff, 0xca, 0x50, 0xc, 0x80, 0x1f, 0xfc, 0xa4,
    0x0, 0xec, 0x0, 0xff, 0xe5, 0x68, 0x7, 0x20,
    0x7, 0xff, 0x29, 0x0, 0x31, 0x8, 0x7, 0xff,
    0x24, 0x48, 0x3, 0x20, 0x7, 0xff, 0x29, 0x0,
    0x3b, 0xc0, 0x3f, 0xf9, 0x5a, 0x1, 0xc4, 0x1,
    0xff, 0xca, 0x30, 0xe, 0x50, 0xf, 0xfe, 0x52,
    0x80, 0x61, 0x10, 0x7, 0xff, 0x24, 0x44, 0x1,
    0x94, 0x3, 0xff, 0x94, 0xa0, 0x1c, 0x20, 0x1f,
    0xfc, 0xa2, 0x0, 0xe2, 0x0, 0xff, 0xe5, 0x70,
    0x7, 0x70, 0x7, 0xff, 0x28, 0x80, 0x38, 0x80,
    0x3f, 0xf9, 0x4c, 0x1, 0xcc, 0x1, 0xff, 0xca,
    0x20, 0xe, 0x30, 0xf, 0xfe, 0x50, 0x80, 0x70,
    0x80, 0x7f, 0xf9, 0x84, 0x3, 0x84, 0x3, 0xff,
    0x94, 0x60, 0x1c, 0x60, 0x1f, 0xfd, 0x6, 0x0,
    0xff, 0xe5, 0x11, 0x80, 0x6f, 0x0, 0xff, 0xe5,
    0xe5, 0x44, 0xea, 0x0, 0x7f, 0xf0, 0x40,

    /* U+0038 "8" */
    0x0, 0xff, 0x24, 0x67, 0x7f, 0xbb, 0x25, 0x0,
    0x3f, 0xf8, 0xaf, 0xd6, 0xe6, 0x20, 0x1, 0x36,
    0xbe, 0x60, 0xf, 0xfe, 0x9, 0x64, 0x8, 0x7,
    0xf8, 0x66, 0xc4, 0x3, 0xfc, 0x7a, 0x60, 0x1f,
    0xfc, 0x24, 0xc1, 0x0, 0xfc, 0x3a, 0x1, 0xe3,
    0x78, 0x83, 0x10, 0x7, 0x16, 0x80, 0x7e, 0xa1,
    0x0, 0xc5, 0x98, 0x87, 0x74, 0xed, 0x8, 0x6,
    0x37, 0x0, 0xf2, 0x20, 0x3, 0x1e, 0x18, 0x7,
    0x97, 0x4, 0x3, 0x40, 0x80, 0x77, 0x0, 0x76,
    0x88, 0x7, 0xe2, 0xa0, 0xe, 0x70, 0xe, 0x40,
    0xc, 0xc2, 0x1, 0xfe, 0x45, 0x0, 0xda, 0x1,
    0x88, 0x40, 0x36, 0x80, 0x7f, 0xf0, 0x38, 0x3,
    0x20, 0x6, 0x10, 0xe, 0x50, 0xf, 0xfe, 0x2,
    0x0, 0x7f, 0x38, 0x7, 0x8, 0x7, 0xff, 0x4,
    0x40, 0x31, 0x0, 0x4e, 0x1, 0xc2, 0x1, 0xff,
    0xca, 0x20, 0xe, 0x50, 0xf, 0xfe, 0x8, 0x80,
    0x62, 0x0, 0x84, 0x40, 0x1b, 0x40, 0x3f, 0xf8,
    0x4, 0x1, 0x88, 0x3, 0x98, 0x3, 0x31, 0x80,
    0x7f, 0xca, 0x1, 0x94, 0x3, 0xa8, 0x3, 0xb4,
    0x80, 0x3f, 0xd2, 0x1, 0xa8, 0x3, 0x89, 0xc0,
    0x30, 0xe2, 0x80, 0x7e, 0x71, 0x0, 0x98, 0x80,
    0x3d, 0x6, 0x1, 0x86, 0xac, 0x80, 0x38, 0xa0,
    0x2, 0x18, 0x0, 0xfd, 0xa4, 0x1, 0xc9, 0xb2,
    0x40, 0x1, 0xf0, 0xd, 0xa2, 0x1, 0xf8, 0x70,
    0xc0, 0x3c, 0xdb, 0x49, 0x84, 0x1, 0x41, 0x80,
    0x7f, 0x87, 0x8, 0x3, 0xe5, 0xb2, 0x0, 0x9d,
    0xc0, 0x1f, 0xfc, 0x9, 0x20, 0xf, 0xfe, 0x2,
    0xc0, 0x7, 0xfc, 0x58, 0xc0, 0x10, 0x80, 0x7f,
    0x2c, 0x0, 0x7f, 0x87, 0xc, 0x2, 0x6e, 0xe3,
    0x88, 0x7, 0xcf, 0x82, 0x1, 0xf0, 0xe0, 0x80,
    0x53, 0x20, 0x18, 0xe9, 0x20, 0xf, 0x1e, 0x8,
    0x7, 0xb4, 0x80, 0x28, 0x60, 0xe, 0x6d, 0x91,
    0x0, 0xe2, 0xc0, 0xe, 0x83, 0x0, 0x91, 0xc0,
    0x3f, 0x37, 0x30, 0x7, 0x14, 0x80, 0x44, 0xe0,
    0x1a, 0x40, 0x3f, 0xe9, 0x90, 0x7, 0x31, 0x80,
    0x2c, 0x3, 0x29, 0x0, 0x7f, 0xf0, 0x1a, 0x0,
    0x3a, 0x0, 0xc, 0x1, 0xb8, 0x3, 0xff, 0x84,
    0xe6, 0x1, 0x90, 0x4c, 0x3, 0x94, 0x3, 0xff,
    0x87, 0x40, 0x1c, 0x8c, 0x1, 0x84, 0x40, 0x1f,
    0xfc, 0x37, 0x0, 0xed, 0x20, 0xf, 0xfe, 0x48,
    0x80, 0x71, 0x0, 0x70, 0x80, 0x7f, 0xf1, 0x44,
    0x3, 0x88, 0x3, 0x84, 0x3, 0xff, 0x88, 0x20,
    0x18, 0xd8, 0x3, 0x9c, 0x3, 0xff, 0x86, 0x60,
    0x1d, 0xc6, 0x20, 0x1a, 0x0, 0x3f, 0xf8, 0x74,
    0x1, 0xc8, 0xe, 0x1, 0x86, 0x40, 0x3f, 0xf8,
    0x28, 0xc0, 0x18, 0x4c, 0x20, 0x3, 0x9a, 0x40,
    0x3f, 0xe3, 0xa0, 0xe, 0x80, 0x0, 0xc8, 0x7,
    0x36, 0xa8, 0x7, 0xc3, 0x18, 0x20, 0x18, 0xd8,
    0x2, 0x67, 0x0, 0xe2, 0xae, 0xa8, 0x77, 0x46,
    0x73, 0x80, 0x71, 0x68, 0x7, 0x43, 0x80, 0x78,
    0x55, 0xe2, 0xe, 0x60, 0x1e, 0x2c, 0x10, 0xf,
    0x45, 0x88, 0x7, 0xff, 0x11, 0xb4, 0x40, 0x3f,
    0x27, 0x41, 0x0, 0x7f, 0xf0, 0x17, 0x24, 0x3,
    0xff, 0x80, 0xfb, 0x90, 0x84, 0x20, 0x1, 0x36,
    0x9e, 0xa3, 0x0, 0xf0,

    /* U+0039 "9" */
    0x0, 0xfc, 0x2d, 0x5b, 0xdf, 0xd9, 0x2a, 0x1,
    0xff, 0xc5, 0x18, 0xe9, 0x52, 0x10, 0x13, 0x6a,
    0xe7, 0x0, 0xff, 0xe1, 0x1f, 0xb8, 0x7, 0xf8,
    0x63, 0x4c, 0x3, 0xfe, 0x4c, 0x10, 0xf, 0xfe,
    0x9, 0x62, 0x0, 0x7f, 0x1d, 0x80, 0x7c, 0x68,
    0x40, 0x1f, 0x5a, 0x0, 0x7c, 0x3a, 0x1, 0xc3,
    0x5f, 0x97, 0xbf, 0x22, 0x1, 0xd4, 0x20, 0x1e,
    0x81, 0x0, 0xc7, 0xea, 0x1, 0xcd, 0xca, 0x1,
    0x86, 0x80, 0x38, 0x58, 0x3, 0xe, 0x88, 0x7,
    0xea, 0x40, 0xc, 0x8a, 0x1, 0xa4, 0x3, 0xac,
    0x40, 0x3f, 0xd4, 0x20, 0x1a, 0x0, 0x32, 0x80,
    0x62, 0x50, 0xf, 0xf8, 0x60, 0x3, 0x12, 0x0,
    0x4, 0x80, 0x32, 0x80, 0x7f, 0xf0, 0x58, 0x40,
    0x37, 0x0, 0x14, 0x3, 0xb0, 0x3, 0xff, 0x84,
    0xc0, 0x19, 0x0, 0x4, 0x1, 0xca, 0x1, 0xff,
    0xc2, 0xb0, 0xc, 0x26, 0x2, 0x1, 0xc2, 0x1,
    0xff, 0xc2, 0x30, 0xe, 0x40, 0xf0, 0xf, 0xfe,
    0x49, 0x80, 0x6d, 0xf, 0x0, 0xff, 0xe4, 0xb0,
    0x6, 0x60, 0x10, 0xe, 0x10, 0xf, 0xfe, 0x1e,
    0x80, 0x62, 0x3, 0x0, 0xe5, 0x0, 0xff, 0xe1,
    0x88, 0x6, 0x10, 0x70, 0xe, 0x30, 0xf, 0xfe,
    0x1f, 0x0, 0x70, 0x90, 0x80, 0x6a, 0x0, 0xff,
    0xe1, 0x23, 0x80, 0x71, 0x82, 0x0, 0x62, 0x40,
    0xf, 0xfe, 0x1, 0xd8, 0x7, 0xee, 0x0, 0xea,
    0x10, 0xf, 0xf2, 0x60, 0x7, 0xf2, 0x10, 0x6,
    0x1c, 0x20, 0xf, 0xd1, 0x60, 0x1f, 0xf7, 0x0,
    0x71, 0x6c, 0xa0, 0x80, 0xe, 0x39, 0xc0, 0x22,
    0x0, 0xe3, 0x0, 0x1c, 0x0, 0x79, 0xaf, 0xbf,
    0xd8, 0xe2, 0x1, 0x2c, 0x0, 0x70, 0x80, 0x4f,
    0x0, 0x1f, 0xfc, 0x37, 0xa3, 0x0, 0xff, 0x3d,
    0x10, 0x7, 0xfc, 0x57, 0x0, 0x20, 0x18, 0x40,
    0x3c, 0xbb, 0x28, 0x1, 0xf1, 0xce, 0xa0, 0x3,
    0x80, 0x31, 0x0, 0x7e, 0x6b, 0xfc, 0xb9, 0xab,
    0xec, 0x60, 0xc, 0x40, 0x19, 0x80, 0x3f, 0xe3,
    0x46, 0x54, 0x10, 0xf, 0x28, 0x6, 0xd0, 0xf,
    0xfe, 0x50, 0x88, 0x3, 0x18, 0x7, 0xff, 0x29,
    0x0, 0x39, 0x40, 0x3f, 0xf9, 0x58, 0x1, 0x88,
    0x40, 0x3f, 0xf9, 0x4e, 0x1, 0x94, 0x3, 0xff,
    0x94, 0xa2, 0x1, 0xac, 0x3, 0xff, 0x95, 0x20,
    0x18, 0x8c, 0x3, 0xff, 0x92, 0xa6, 0x1, 0xac,
    0x3, 0xff, 0x92, 0x54, 0x1, 0x85, 0x80, 0x3c,
    0x2e, 0x60, 0x1f, 0xf1, 0x60, 0x7, 0x40, 0x7,
    0x8b, 0xe3, 0x18, 0x3, 0xf9, 0x30, 0x40, 0x31,
    0xb0, 0x7, 0xa4, 0x40, 0x13, 0x6a, 0x20, 0x10,
    0xad, 0xd8, 0x40, 0x30, 0xf0, 0x7, 0xca, 0x1,
    0x92, 0xbb, 0xfb, 0xfa, 0x90, 0x3, 0xda, 0x40,
    0x1f, 0x40, 0x7, 0xe1, 0x0, 0xfc, 0x38, 0x60,
    0x1f, 0x9a, 0x40, 0x3f, 0xf8, 0x67, 0xe6, 0x1,
    0xfe, 0x6c, 0x40, 0xf, 0xf8, 0xa7, 0x4, 0x3,
    0xff, 0x80, 0x77, 0xb2, 0xa4, 0x20, 0x1, 0x36,
    0xbd, 0x60, 0xf, 0xf0,

    /* U+003A ":" */
    0x0, 0x47, 0x7e, 0xa8, 0x5, 0x6e, 0x20, 0x54,
    0xe0, 0xc8, 0x1, 0xd0, 0x38, 0x1, 0xf3, 0xb0,
    0x7, 0xc2, 0xc0, 0x1f, 0x17, 0x0, 0x7c, 0x88,
    0x60, 0xe, 0xa1, 0x9, 0xa4, 0x35, 0xc5, 0x0,
    0x96, 0xf2, 0x8c, 0x3, 0xff, 0xfe, 0x1, 0xff,
    0xeb, 0x5a, 0xc9, 0x20, 0xa, 0x29, 0x4d, 0xb5,
    0x1, 0x1c, 0x3, 0xa8, 0x38, 0x3, 0xc2, 0xac,
    0x1, 0xf1, 0x38, 0x7, 0xc3, 0xa0, 0x1f, 0x23,
    0x18, 0x7, 0x39, 0x6, 0x38, 0x81, 0x4c, 0x0,

    /* U+003B ";" */
    0x0, 0xa3, 0xbf, 0x54, 0x3, 0xad, 0xc4, 0xa,
    0x9c, 0x2, 0x64, 0x0, 0xe8, 0x10, 0x6, 0x0,
    0x7c, 0xe0, 0x6, 0x0, 0xf8, 0x40, 0xc, 0x1,
    0xf1, 0x0, 0x3c, 0x3, 0xc2, 0xa0, 0x5, 0x50,
    0x7, 0x50, 0x6, 0xaa, 0x21, 0xae, 0xa0, 0x7,
    0x2d, 0xe5, 0x10, 0x7, 0xff, 0xfc, 0x3, 0xff,
    0xfe, 0x1, 0xfe, 0x8e, 0xff, 0x50, 0x80, 0x6b,
    0x71, 0x0, 0x2e, 0x0, 0x4a, 0x80, 0x1c, 0x50,
    0x0, 0xc0, 0xf, 0x98, 0x3, 0xfc, 0x24, 0x1e,
    0x1, 0xf9, 0xc1, 0x88, 0x3, 0xe3, 0x0, 0x6b,
    0x88, 0x7, 0xf4, 0x76, 0x0, 0x63, 0x0, 0xeb,
    0x0, 0xcc, 0x1, 0xcc, 0x1, 0x9, 0x80, 0x63,
    0x10, 0x9, 0xc0, 0x3a, 0x80, 0x35, 0x80, 0x64,
    0x60, 0x9, 0x88, 0x2, 0x6b, 0x0, 0x86, 0x0,
    0x2b, 0x90, 0xd, 0x42, 0x0, 0x74, 0x0, 0xd2,
    0x80, 0x10, 0x80, 0x6a, 0x60, 0xc, 0xc6, 0xd,
    0xaa, 0x1, 0xc0,

    /* U+003C "<" */
    0x0, 0xff, 0xe7, 0xa1, 0x80, 0x7f, 0xf3, 0x4a,
    0x7a, 0xf0, 0x40, 0x3f, 0xf9, 0x4d, 0x9a, 0xc2,
    0x0, 0x20, 0xf, 0xfe, 0x39, 0xcf, 0xc9, 0x80,
    0x70, 0x80, 0x7f, 0xf1, 0x5b, 0x30, 0xc0, 0x1f,
    0x11, 0x0, 0x3f, 0xf8, 0x47, 0x3f, 0x26, 0x1,
    0xf8, 0xfc, 0x3, 0xff, 0x80, 0x2d, 0xb8, 0xc0,
    0x1f, 0x85, 0xb3, 0x4, 0x1, 0xfe, 0x3a, 0xe9,
    0x20, 0xf, 0xc9, 0x5d, 0x26, 0x1, 0xfc, 0x2f,
    0xb8, 0xa0, 0x1f, 0x8a, 0x3a, 0xd4, 0x3, 0xfc,
    0x95, 0xd0, 0x40, 0x1f, 0xb, 0xee, 0x9c, 0x40,
    0x3f, 0xcf, 0xb6, 0xa0, 0x1f, 0x96, 0xfa, 0x8,
    0x3, 0xfe, 0x2e, 0x82, 0x0, 0xf8, 0xe7, 0xa9,
    0x0, 0x3f, 0xf8, 0x50, 0x20, 0x1e, 0x17, 0xdc,
    0x61, 0x0, 0xff, 0xe2, 0x38, 0x7, 0xd, 0x74,
    0x10, 0x7, 0xff, 0x1c, 0x40, 0x38, 0x6e, 0x8,
    0x3, 0xff, 0x91, 0x60, 0x1e, 0x17, 0xdc, 0x60,
    0xf, 0xfe, 0x33, 0xb8, 0x3, 0xf1, 0xcf, 0xc9,
    0x80, 0x7f, 0xf1, 0x23, 0xa0, 0x80, 0x3f, 0x36,
    0x6b, 0x88, 0x7, 0xff, 0x8, 0x5f, 0x71, 0x40,
    0x3f, 0x14, 0x75, 0xa8, 0x7, 0xff, 0xc, 0xeb,
    0xa4, 0x80, 0x3f, 0x25, 0x74, 0x10, 0x7, 0xff,
    0x8, 0x5b, 0x71, 0x80, 0x3f, 0xb, 0xee, 0x30,
    0x7, 0xff, 0xc, 0xe7, 0xe4, 0xc0, 0x3f, 0x1c,
    0xfc, 0x98, 0x7, 0xff, 0xd, 0xb3, 0xc, 0x1,
    0xfc, 0xd8, 0xa0, 0x1f, 0xfc, 0x43, 0x9f, 0x93,
    0x0, 0xfd, 0x60, 0x1f, 0xfc, 0x76, 0xcd, 0x61,
    0x0, 0xe1, 0x10, 0x7, 0xff, 0x20, 0xa7, 0xa8,
    0xc0, 0x3f, 0xfa, 0xb, 0x9a, 0xe2, 0x62,

    /* U+003D "=" */
    0x3d, 0xff, 0xff, 0xe6, 0xf3, 0x87, 0x90, 0x7,
    0xff, 0x34, 0x60, 0x44, 0x1, 0xff, 0xd0, 0x34,
    0x0, 0xff, 0xe7, 0x91, 0x26, 0xa2, 0x3f, 0xf9,
    0xb3, 0x80, 0x5, 0x77, 0xff, 0xe6, 0xb0, 0x80,
    0x7f, 0xff, 0xc0, 0x3f, 0xff, 0xe0, 0x1f, 0xff,
    0xf0, 0xf, 0xfe, 0x2a, 0xbb, 0xff, 0xf3, 0x58,
    0x42, 0x6a, 0x23, 0xff, 0x9b, 0x3e, 0x8, 0x1,
    0xff, 0xcf, 0x13, 0x10, 0xf, 0xfe, 0x81, 0x79,
    0x0, 0x7f, 0xf3, 0x46, 0x4,

    /* U+003E ">" */
    0x15, 0x10, 0xf, 0xfe, 0x7d, 0x53, 0xad, 0x0,
    0x3f, 0xf9, 0xac, 0x0, 0x4b, 0xe8, 0x20, 0xf,
    0xfe, 0x50, 0x80, 0x61, 0x7d, 0xb5, 0x0, 0xff,
    0xe4, 0x58, 0x7, 0xc9, 0x5d, 0x4, 0x1, 0xff,
    0xc5, 0x76, 0x0, 0xfc, 0x2f, 0xb6, 0xa0, 0x1f,
    0xfc, 0x49, 0xe8, 0x20, 0xf, 0xc9, 0x5d, 0x24,
    0x1, 0xff, 0xc2, 0x17, 0xdc, 0x60, 0xf, 0xc2,
    0xdb, 0x8c, 0x1, 0xff, 0xc3, 0x39, 0xf9, 0x30,
    0xf, 0xc7, 0x3f, 0x26, 0x1, 0xff, 0xc3, 0x6c,
    0xd7, 0x10, 0xf, 0xcd, 0x98, 0x60, 0xf, 0xfe,
    0x19, 0x47, 0x5a, 0x0, 0x7e, 0x39, 0xf9, 0x20,
    0xf, 0xfe, 0x1a, 0x5f, 0x41, 0x0, 0x7e, 0x6d,
    0x60, 0xf, 0xfe, 0x20, 0xbe, 0xe2, 0x80, 0x7e,
    0x90, 0xf, 0xfe, 0x39, 0xd7, 0xc9, 0x0, 0x78,
    0xc0, 0x3f, 0xf9, 0x7, 0xe6, 0x1, 0xe1, 0x0,
    0xff, 0xe2, 0x8b, 0xee, 0x30, 0x80, 0x71, 0x90,
    0x7, 0xff, 0xd, 0x6f, 0xa0, 0x80, 0x3e, 0x4d,
    0x0, 0xff, 0xe0, 0x9c, 0xf5, 0x20, 0x7, 0xe6,
    0xcb, 0x10, 0xf, 0xf0, 0xbe, 0xe3, 0x8, 0x7,
    0xc7, 0x3f, 0x26, 0x1, 0xfe, 0x5b, 0xe8, 0x20,
    0xf, 0x85, 0xb7, 0x18, 0x3, 0xfc, 0x73, 0xf4,
    0x80, 0x1f, 0x8e, 0xba, 0x48, 0x3, 0xf8, 0x5f,
    0x71, 0x80, 0x3f, 0xb, 0xee, 0x28, 0x7, 0xfc,
    0x5f, 0x4, 0x1, 0xf9, 0x2b, 0xa0, 0x80, 0x3f,
    0xf8, 0x30, 0x20, 0x1f, 0xb, 0xed, 0xa8, 0x7,
    0xff, 0x11, 0xc0, 0x3c, 0x97, 0xd0, 0x40, 0x1f,
    0xfc, 0xa1, 0x8e, 0xb4, 0x0, 0xff, 0xe4, 0xd0,
    0x2d, 0xf3, 0x88, 0x7, 0xff, 0x2c,

    /* U+003F "?" */
    0x0, 0xe1, 0x6a, 0xce, 0xff, 0x76, 0x42, 0x0,
    0x7f, 0x8a, 0xba, 0x54, 0xc4, 0x0, 0x26, 0xf7,
    0xac, 0x1, 0xf3, 0x6a, 0x80, 0x7f, 0xc5, 0x34,
    0x1, 0xcf, 0x20, 0x1f, 0xfc, 0x35, 0xc0, 0x9,
    0xa0, 0x3, 0xff, 0x8a, 0x72, 0x0, 0xa0, 0xe,
    0x5b, 0xef, 0xfb, 0x18, 0x3, 0xcc, 0x60, 0x80,
    0x10, 0xe5, 0x20, 0x80, 0x47, 0x36, 0x1, 0xe9,
    0x8, 0x60, 0x3c, 0x30, 0xf, 0xc9, 0x40, 0x1c,
    0xa0, 0x9, 0xfc, 0x20, 0xf, 0xf2, 0x90, 0x7,
    0x18, 0x7, 0xff, 0x11, 0x40, 0x39, 0x80, 0x3f,
    0xf8, 0x9a, 0x1, 0xc6, 0x1, 0xff, 0xc4, 0x10,
    0xe, 0x30, 0xf, 0xfe, 0x21, 0x0, 0x70, 0x80,
    0x7f, 0xf1, 0x30, 0x3, 0x94, 0x3, 0xff, 0x88,
    0xa0, 0x19, 0x4, 0x3, 0xff, 0x87, 0x0, 0x1d,
    0xc0, 0x1f, 0xfc, 0x32, 0x70, 0xc, 0x4a, 0x1,
    0xff, 0xc3, 0xe0, 0xe, 0x90, 0xf, 0xfe, 0x1c,
    0x98, 0x6, 0x74, 0x0, 0xff, 0xe1, 0x2b, 0x0,
    0x63, 0x80, 0xf, 0xfe, 0x11, 0xd0, 0x6, 0x1d,
    0x0, 0xff, 0xe1, 0xe, 0x80, 0x76, 0x88, 0x7,
    0xff, 0xa, 0x84, 0x3, 0x49, 0x80, 0x7f, 0xf0,
    0x99, 0x0, 0x33, 0x30, 0x3, 0xff, 0x84, 0x32,
    0x1, 0x8a, 0x40, 0x3f, 0xf8, 0x72, 0x1, 0xdc,
    0x1, 0xff, 0xc4, 0x70, 0xc, 0xa6, 0x1, 0xff,
    0xc3, 0x50, 0xe, 0x90, 0xf, 0xfe, 0x26, 0x80,
    0x62, 0x30, 0xf, 0xfe, 0x21, 0x0, 0x67, 0x0,
    0xff, 0xe5, 0x18, 0x7, 0xff, 0x17, 0x0, 0x30,
    0x80, 0x7f, 0xf1, 0x59, 0xc8, 0x8d, 0x0, 0x1f,
    0xfc, 0x68, 0xdd, 0x48, 0x7, 0xff, 0xfc, 0x3,
    0xff, 0xb0, 0xb7, 0x92, 0x40, 0x1f, 0xfc, 0x59,
    0xa4, 0x36, 0xd3, 0x0, 0xff, 0xe1, 0xab, 0x0,
    0x76, 0x80, 0x7f, 0xf0, 0xf8, 0x3, 0xc2, 0x80,
    0x1f, 0xfc, 0x26, 0x0, 0xf8, 0x80, 0x3f, 0xf8,
    0x42, 0x1, 0xff, 0xca, 0x40, 0xf, 0x9c, 0x3,
    0xff, 0x85, 0x24, 0x1, 0xd2, 0x20, 0x1f, 0xfc,
    0x21, 0xc6, 0x10, 0x3a, 0x60, 0xf, 0xe0,

    /* U+0040 "@" */
    0x0, 0xff, 0xfe, 0x13, 0x4d, 0xef, 0x7f, 0xdd,
    0xb7, 0xa, 0x20, 0x1f, 0xfd, 0x53, 0x9e, 0xd9,
    0x64, 0x21, 0x0, 0x84, 0x91, 0xeb, 0xb1, 0xc4,
    0x3, 0xff, 0xa0, 0xbb, 0x8c, 0x20, 0x1f, 0xfc,
    0x33, 0x8e, 0x81, 0x0, 0xff, 0xe6, 0x2f, 0x51,
    0x0, 0x7f, 0xf2, 0x5f, 0xd4, 0x3, 0xff, 0x92,
    0x57, 0x42, 0x1, 0xe4, 0x8b, 0xde, 0xff, 0xb6,
    0xe5, 0x84, 0x3, 0x86, 0xa4, 0x3, 0xff, 0x8e,
    0xda, 0x80, 0x1c, 0x73, 0xf6, 0xe8, 0x42, 0x1,
    0x12, 0x34, 0xf6, 0x30, 0x7, 0x35, 0x80, 0x7f,
    0xf1, 0x66, 0x40, 0x1c, 0x77, 0x8c, 0x1, 0xff,
    0xc2, 0x39, 0xe5, 0x0, 0xc9, 0x80, 0x1f, 0xfc,
    0x3b, 0x60, 0xc, 0x35, 0x88, 0x1, 0xff, 0xc6,
    0x1a, 0xa0, 0x6, 0x3a, 0x0, 0xff, 0xe0, 0xe2,
    0x0, 0x64, 0xf5, 0x0, 0xff, 0xe5, 0x2e, 0x8,
    0x4, 0xae, 0x1, 0xff, 0x51, 0x80, 0x67, 0xb1,
    0x0, 0xff, 0xe6, 0x1e, 0x80, 0x68, 0x20, 0xf,
    0xe8, 0x50, 0xd, 0x30, 0x1, 0xff, 0xcf, 0x3a,
    0x0, 0xd2, 0x1, 0xf9, 0x1c, 0x3, 0x4b, 0x0,
    0x7f, 0xf4, 0x55, 0x80, 0x24, 0x30, 0xf, 0xa8,
    0x3, 0x3b, 0x0, 0x7f, 0xf4, 0xe0, 0x3, 0x48,
    0x7, 0xa0, 0x40, 0x24, 0x80, 0xf, 0xfe, 0xa0,
    0xb8, 0x4, 0xa2, 0x1, 0x89, 0xc0, 0x21, 0xa0,
    0xf, 0xfe, 0x1, 0xce, 0x77, 0xf5, 0x20, 0x4,
    0x6c, 0x60, 0x1f, 0xa4, 0x3, 0x38, 0x6, 0xb0,
    0xd, 0x2, 0x1, 0xfe, 0x3c, 0xc3, 0x18, 0x80,
    0xad, 0xc0, 0x36, 0x4e, 0x10, 0x7, 0xc2, 0x80,
    0x16, 0x0, 0x42, 0xc0, 0x11, 0x30, 0x7, 0xf9,
    0xb0, 0xc0, 0x3f, 0x3b, 0x40, 0x4, 0xc0, 0x1f,
    0xb4, 0x2, 0x40, 0x9, 0x80, 0x34, 0x0, 0x7f,
    0x9e, 0x40, 0x3f, 0xe9, 0x10, 0x9, 0x40, 0x3f,
    0x20, 0x4, 0x22, 0x0, 0x50, 0x4, 0x2a, 0x1,
    0xfc, 0xb0, 0x1, 0xcb, 0x37, 0x26, 0x1, 0xe1,
    0x10, 0x7, 0xe2, 0x0, 0xc4, 0x6, 0x40, 0x14,
    0x80, 0x7f, 0xd, 0x80, 0x63, 0xea, 0x64, 0x6c,
    0x80, 0xe, 0x50, 0xf, 0xf1, 0x0, 0x4c, 0x16,
    0x1, 0x94, 0x3, 0xfa, 0xc4, 0x2, 0x4c, 0x10,
    0xe, 0x75, 0x0, 0xc6, 0x1, 0xfe, 0x60, 0x8,
    0xc1, 0x0, 0x23, 0x20, 0xf, 0xc8, 0xa0, 0x11,
    0x50, 0x7, 0xef, 0x0, 0xda, 0x1, 0xff, 0xc2,
    0x10, 0x30, 0x9, 0x0, 0x3f, 0xbc, 0x3, 0x48,
    0x80, 0x7e, 0xd0, 0xc, 0x80, 0x1f, 0xe1, 0x0,
    0xc6, 0x1, 0xb0, 0x3, 0xf1, 0x20, 0x4, 0x88,
    0x0, 0xfe, 0x20, 0x8, 0x44, 0x1, 0xfe, 0x10,
    0xc, 0xa0, 0x19, 0x40, 0x3f, 0x50, 0x6, 0x80,
    0xf, 0xf3, 0x80, 0x4a, 0x1, 0xff, 0x38, 0x4,
    0x3c, 0x1, 0x8, 0x80, 0x3f, 0x28, 0x4, 0x46,
    0x1, 0xfe, 0x20, 0x8, 0xc0, 0x3f, 0xe1, 0x0,
    0x88, 0x80, 0x11, 0x0, 0x7e, 0x12, 0x0, 0x90,
    0x3, 0xfc, 0x60, 0x1b, 0x40, 0x3f, 0xe2, 0x0,
    0x98, 0x40, 0x27, 0x0, 0xfc, 0xa0, 0x1b, 0x0,
    0x3f, 0xcc, 0x1, 0x9c, 0x3, 0xfc, 0x80, 0x18,
    0x9c, 0x2, 0x10, 0xf, 0xc2, 0x1, 0x84, 0x3,
    0xfd, 0xa0, 0x10, 0x90, 0x7, 0xfb, 0x0, 0x23,
    0x1, 0x0, 0xff, 0xe0, 0x18, 0x6, 0x70, 0xf,
    0xf1, 0x80, 0x4a, 0x1, 0xff, 0x30, 0x5, 0x60,
    0x20, 0x1f, 0xfc, 0x1, 0x0, 0xce, 0x1, 0xfe,
    0x50, 0x8, 0x80, 0x3f, 0xca, 0x20, 0x13, 0x0,
    0x70, 0x80, 0x7e, 0x10, 0xc, 0x40, 0x1f, 0xc2,
    0x20, 0x8, 0x40, 0x3f, 0xd6, 0x1, 0x20, 0x83,
    0x80, 0x4e, 0x1, 0xf8, 0x80, 0x37, 0x80, 0x7f,
    0x58, 0x7, 0xff, 0xa, 0x44, 0x2, 0x80, 0x1,
    0x0, 0x44, 0x1, 0xf9, 0x40, 0x33, 0x80, 0x7e,
    0xa5, 0x0, 0xc6, 0x1, 0xf9, 0xd8, 0x2, 0x63,
    0x0, 0x70, 0x4, 0x20, 0x1f, 0x84, 0xc0, 0x21,
    0x90, 0xe, 0x1c, 0x50, 0xe, 0x42, 0x0, 0xf4,
    0xc0, 0x4, 0x50, 0x1, 0x10, 0x6, 0x30, 0xf,
    0xd2, 0x1, 0x9a, 0xd0, 0x8e, 0x38, 0xc0, 0x2,
    0x1, 0xb1, 0x88, 0x9, 0xb5, 0x80, 0x37, 0x88,
    0x4, 0xe0, 0x19, 0x0, 0x3f, 0x29, 0x80, 0x64,
    0xbd, 0xc7, 0x0, 0x87, 0xc, 0x2, 0x19, 0xdf,
    0xd9, 0x20, 0xd, 0x84, 0x1, 0x88, 0x40, 0x2b,
    0x0, 0xfe, 0xe1, 0x0, 0xff, 0x16, 0x14, 0x0,
    0x7f, 0xf0, 0xb, 0x4c, 0x3, 0xce, 0x1, 0x19,
    0x0, 0x7e, 0x2f, 0x30, 0xf, 0xcd, 0xa4, 0x9,
    0x20, 0x1f, 0xe6, 0xd2, 0x0, 0xfb, 0x40, 0x35,
    0x80, 0x7f, 0xe, 0x52, 0x88, 0x0, 0xdf, 0x64,
    0x3, 0x36, 0xb0, 0x80, 0x62, 0x7d, 0x90, 0xf,
    0xe4, 0x10, 0x9, 0x84, 0x3, 0xfc, 0xb5, 0xdf,
    0xec, 0x82, 0x0, 0xf1, 0x4f, 0x73, 0x75, 0xfb,
    0x4, 0x1, 0xff, 0x48, 0x6, 0xb0, 0xf, 0xfe,
    0x78, 0x91, 0x0, 0x3f, 0xf8, 0x6e, 0x20, 0x12,
    0xa8, 0x3, 0xff, 0xc3, 0x0, 0x1a, 0x88, 0x3,
    0xff, 0xc0, 0xc8, 0x1, 0xb0, 0x80, 0x3f, 0xfc,
    0x14, 0x20, 0x10, 0xe1, 0x80, 0x7f, 0xf7, 0xc7,
    0x40, 0x30, 0xe3, 0x80, 0x7f, 0xf7, 0xcf, 0x0,
    0x3a, 0x30, 0xc0, 0x3f, 0xf8, 0xc4, 0xc4, 0x1,
    0xff, 0xc9, 0x3d, 0x10, 0xc, 0x79, 0x85, 0x0,
    0xff, 0xe1, 0x15, 0x6c, 0xe8, 0x80, 0x7f, 0xf2,
    0x4b, 0xd0, 0x3, 0x8e, 0xbe, 0xdd, 0x8, 0x40,
    0x21, 0x35, 0x8d, 0xd2, 0x80, 0x48, 0x1, 0xff,
    0xca, 0x1b, 0x91, 0x0, 0xf2, 0x45, 0xef, 0x7f,
    0xdd, 0x94, 0xe4, 0x1, 0xc8, 0x1, 0xff, 0xcc,
    0x6e, 0x81, 0x0, 0xff, 0xe4, 0x26, 0x88, 0x7,
    0xff, 0x39, 0xfa, 0x90, 0x3, 0xff, 0x88, 0xb9,
    0x64, 0x1, 0xff, 0xd1, 0x5b, 0xfb, 0x85, 0x31,
    0x0, 0x84, 0x44, 0xb1, 0x7f, 0x46, 0x1, 0xff,
    0xc5,

    /* U+0041 "A" */
    0x0, 0xff, 0xe1, 0xb6, 0xff, 0xd4, 0x20, 0x1f,
    0xfd, 0x5, 0x92, 0x0, 0x97, 0x40, 0x3f, 0xfa,
    0x10, 0x1, 0xe3, 0x40, 0xf, 0xfe, 0x71, 0x10,
    0x3, 0xed, 0x0, 0xff, 0xe7, 0x50, 0x7, 0xe7,
    0x0, 0xff, 0xe7, 0x28, 0x6, 0x10, 0x8, 0x50,
    0x3, 0xff, 0x98, 0x64, 0x1, 0x14, 0x80, 0x6e,
    0x0, 0xff, 0xe6, 0x58, 0x6, 0x55, 0x0, 0x65,
    0x0, 0xff, 0xe6, 0x30, 0x6, 0xb2, 0x10, 0xc,
    0x80, 0x1f, 0xfc, 0xa3, 0x10, 0x8, 0x4c, 0x1c,
    0x3, 0x70, 0x7, 0xff, 0x2a, 0x80, 0x33, 0x80,
    0x34, 0x3, 0x28, 0x7, 0xff, 0x29, 0xc0, 0x36,
    0x80, 0x10, 0x3, 0x94, 0x3, 0xff, 0x90, 0x62,
    0x1, 0x90, 0x2, 0x40, 0xd, 0xe0, 0x1f, 0xfc,
    0x8a, 0x0, 0xca, 0x1, 0xb4, 0x3, 0x28, 0x7,
    0xff, 0x21, 0xc0, 0x37, 0x80, 0x64, 0x0, 0xe5,
    0x0, 0xff, 0xe3, 0x20, 0x80, 0x64, 0x0, 0xc4,
    0x40, 0xd, 0xe0, 0x1f, 0xfc, 0x6d, 0x0, 0xc8,
    0x20, 0x1c, 0xa0, 0x19, 0x40, 0x3f, 0xf8, 0xce,
    0x1, 0xb4, 0x3, 0xd6, 0x1, 0xca, 0x1, 0xff,
    0xc4, 0x41, 0x0, 0xce, 0x1, 0xe3, 0x10, 0xd,
    0xc0, 0x1f, 0xfc, 0x4d, 0x0, 0xc6, 0x20, 0x1f,
    0x38, 0x6, 0x41, 0x0, 0xff, 0xe1, 0xb8, 0x6,
    0xb0, 0xf, 0xda, 0x1, 0xce, 0x1, 0xff, 0xc2,
    0x41, 0x0, 0xca, 0x1, 0xf9, 0x0, 0x3b, 0x40,
    0x3f, 0xf8, 0x5c, 0x1, 0x88, 0x80, 0x1f, 0xca,
    0x1, 0x90, 0x40, 0x3f, 0xf8, 0x2a, 0x1, 0x94,
    0x3, 0xfd, 0xe0, 0x1c, 0xe0, 0x1f, 0xfc, 0x5,
    0x0, 0xeb, 0x0, 0xff, 0x38, 0x7, 0x68, 0x7,
    0xff, 0x3, 0xc0, 0x30, 0x98, 0x7, 0xf8, 0x40,
    0x39, 0x4, 0x3, 0xfe, 0x50, 0xc, 0x3b, 0xbf,
    0xf6, 0x0, 0x79, 0xc0, 0x3f, 0xca, 0x1, 0xe2,
    0x2f, 0xf8, 0x3, 0xed, 0x0, 0xff, 0x78, 0x7,
    0xff, 0x31, 0x4, 0x3, 0xf9, 0x40, 0x3f, 0xf9,
    0xae, 0x1, 0xf9, 0x40, 0x3f, 0xf9, 0xd4, 0x1,
    0xfb, 0x80, 0x3b, 0xbf, 0xff, 0xf8, 0x64, 0x1,
    0x8c, 0x40, 0x3c, 0x28, 0x1, 0x90, 0x40, 0x3f,
    0xf8, 0x6a, 0x1, 0xcc, 0x1, 0xe7, 0x0, 0xed,
    0x0, 0xff, 0xe2, 0x58, 0x7, 0x58, 0x7, 0xb4,
    0x3, 0x9c, 0x3, 0xff, 0x88, 0x62, 0x1, 0x8c,
    0x40, 0x30, 0xa0, 0x6, 0x31, 0x0, 0xff, 0xe2,
    0xb0, 0x7, 0x30, 0x6, 0x70, 0xe, 0xb0, 0xf,
    0xfe, 0x35, 0x80, 0x75, 0x80, 0x6d, 0x0, 0xe5,
    0x0, 0xff, 0xe3, 0x18, 0x80, 0x63, 0x20, 0x0,
    0xa0, 0x6, 0x22, 0x0, 0x7f, 0xf1, 0xdc, 0x3,
    0x94, 0x0, 0xe0, 0x1c, 0xa0, 0x1f, 0xfc, 0x8d,
    0x0, 0xea, 0x0, 0x50, 0x7, 0x58, 0x7, 0xff,
    0x21, 0x0, 0x38, 0x88, 0x26, 0x1, 0x84, 0xc0,
    0x3f, 0xf9, 0x2a, 0x1, 0xca, 0xe0, 0x1c, 0xe0,
    0x1f, 0xfc, 0xaf, 0x0, 0xeb, 0x0, 0xe2, 0x80,
    0xf, 0xfe, 0x52, 0xa0, 0x7, 0x35, 0xc4, 0x2f,
    0x44, 0x3, 0xff, 0x97, 0x79, 0x31, 0x58,

    /* U+0042 "B" */
    0x2, 0xad, 0xdf, 0xfe, 0x6, 0x5d, 0x3a, 0x90,
    0x7, 0xff, 0x3, 0x14, 0x8b, 0xff, 0x80, 0x68,
    0xb1, 0x5b, 0xa8, 0x10, 0xf, 0xc4, 0x20, 0x1f,
    0xfc, 0x72, 0x7e, 0x91, 0x0, 0xf0, 0x80, 0x7f,
    0xf2, 0xdb, 0xcc, 0x3, 0xff, 0xa4, 0x38, 0x60,
    0x1f, 0xe1, 0xef, 0xff, 0xbb, 0x29, 0x84, 0x3,
    0xee, 0x0, 0xff, 0x10, 0x80, 0x7c, 0x26, 0xb3,
    0xd2, 0x1, 0xe2, 0x60, 0xf, 0xfe, 0x5b, 0x60,
    0x80, 0x75, 0x0, 0x7f, 0xf3, 0xe, 0xc0, 0x38,
    0xc4, 0x3, 0xff, 0x98, 0xa2, 0x1, 0xca, 0x1,
    0xff, 0xcd, 0x40, 0xe, 0x10, 0xf, 0xfe, 0x69,
    0x0, 0x71, 0x80, 0x7f, 0xf4, 0xcc, 0x3, 0xff,
    0x9a, 0x20, 0x1c, 0xc0, 0x1f, 0xfc, 0xd4, 0x0,
    0xe3, 0x0, 0xff, 0xe6, 0x21, 0x0, 0x65, 0x0,
    0xff, 0xe6, 0xc, 0x80, 0x77, 0x0, 0x7f, 0xf2,
    0xcf, 0x8, 0x3, 0x22, 0x0, 0x3f, 0xf9, 0x29,
    0x58, 0x40, 0x18, 0x68, 0x3, 0xfc, 0x53, 0x3f,
    0x55, 0xef, 0xda, 0x80, 0x70, 0xe0, 0x80, 0x7f,
    0x85, 0x9b, 0xe5, 0x42, 0x0, 0xf9, 0x3c, 0x80,
    0x3f, 0xfa, 0x5, 0xe2, 0x1, 0xff, 0xd1, 0x2b,
    0xe6, 0x0, 0xff, 0xe9, 0xc, 0xe1, 0x0, 0x7f,
    0x1f, 0xff, 0xf7, 0x65, 0x39, 0x80, 0x78, 0xf0,
    0x80, 0x3f, 0xf8, 0xc2, 0x6b, 0x19, 0xac, 0x1,
    0xc3, 0xe0, 0x1f, 0xfc, 0xb2, 0x9b, 0x10, 0xc,
    0x52, 0x1, 0xff, 0xcc, 0x4d, 0x0, 0xe6, 0x10,
    0xf, 0xfe, 0x61, 0xb0, 0x7, 0x38, 0x7, 0xff,
    0x36, 0x80, 0x3b, 0x0, 0x3f, 0xf9, 0xa6, 0x1,
    0xcc, 0x1, 0xff, 0xce, 0x10, 0xc, 0x40, 0x1f,
    0xfc, 0xe1, 0x0, 0xff, 0xe9, 0x8, 0x7, 0x18,
    0x7, 0xff, 0x35, 0x0, 0x39, 0x80, 0x3f, 0xf9,
    0xbc, 0x1, 0xd8, 0x1, 0xff, 0xcc, 0x44, 0x0,
    0x72, 0x0, 0x7f, 0xf2, 0xd2, 0xc0, 0x38, 0xcc,
    0x1, 0xff, 0xc9, 0x19, 0xb0, 0xf, 0x40, 0x7,
    0xc4, 0x1, 0xff, 0x1b, 0x5f, 0x30, 0x7, 0x9d,
    0x0, 0x3e, 0x1e, 0xdd, 0xfb, 0xb9, 0xf9, 0x28,
    0x1, 0xf2, 0xc0, 0x7, 0xf0, 0x91, 0x7c, 0x22,
    0x0, 0xff, 0x45, 0x0, 0x42, 0x1, 0xff, 0xcc,
    0x4d, 0x70, 0xc, 0x40, 0x1f, 0xfc, 0x91, 0x6c,
    0xb2, 0x0, 0xf5, 0x90, 0x7, 0xff, 0x4, 0x48,
    0xd6, 0x33, 0xa4, 0xc0, 0x3e,

    /* U+0043 "C" */
    0x0, 0xff, 0xe3, 0x9, 0x10, 0x40, 0x3f, 0xf9,
    0x82, 0xd7, 0xdf, 0xdb, 0xae, 0xfe, 0xa5, 0x10,
    0xf, 0xfe, 0x2a, 0x5f, 0x4a, 0x8, 0x7, 0x85,
    0x6b, 0xa0, 0x40, 0x3f, 0xf8, 0x25, 0x76, 0x40,
    0xf, 0xfe, 0x13, 0xf9, 0x80, 0x7f, 0xcb, 0xa8,
    0x1, 0xff, 0xc5, 0x1c, 0x40, 0xf, 0xe8, 0xa0,
    0xf, 0xfe, 0x4d, 0x88, 0x7, 0xd0, 0xe0, 0x1f,
    0x1c, 0x67, 0x7f, 0xbb, 0x20, 0xc0, 0x3c, 0xe0,
    0x1e, 0x77, 0x0, 0x79, 0x37, 0x1c, 0xc4, 0x0,
    0x26, 0xf9, 0x81, 0x0, 0xca, 0x1, 0xc9, 0x0,
    0x1e, 0x9b, 0x20, 0xf, 0xf1, 0xf9, 0x80, 0x1c,
    0xc0, 0x3a, 0x80, 0x3d, 0x6c, 0x1, 0xff, 0xc1,
    0x1c, 0xac, 0x80, 0xe, 0x81, 0x0, 0xea, 0x40,
    0xf, 0xfe, 0x22, 0x98, 0x7, 0xb, 0x80, 0x72,
    0xa8, 0x3, 0xff, 0x99, 0x0, 0x1c, 0x36, 0x1,
    0xff, 0xcd, 0x70, 0xe, 0x81, 0x0, 0xff, 0xe6,
    0x28, 0x80, 0x73, 0x80, 0x7f, 0xf3, 0x70, 0x3,
    0x94, 0x40, 0x3f, 0xf9, 0xae, 0x1, 0xdc, 0x1,
    0xff, 0xcd, 0x11, 0x0, 0x72, 0x80, 0x7f, 0xf3,
    0x54, 0x3, 0x88, 0x40, 0x3f, 0xf9, 0xa4, 0x1,
    0xce, 0x1, 0xff, 0xce, 0xe0, 0xe, 0x30, 0xf,
    0xfe, 0x71, 0x0, 0x70, 0x80, 0x7f, 0xf5, 0x3c,
    0x3, 0xff, 0x9c, 0x20, 0x1c, 0x20, 0x1f, 0xfe,
    0xf1, 0x0, 0xe1, 0x0, 0xff, 0xe7, 0x18, 0x7,
    0x78, 0x7, 0xff, 0x38, 0x40, 0x38, 0x40, 0x3f,
    0xf9, 0xdc, 0x1, 0xc4, 0x1, 0xff, 0xce, 0x20,
    0xe, 0x50, 0xf, 0xfe, 0x72, 0x80, 0x70, 0x90,
    0x7, 0xff, 0x34, 0x48, 0x3, 0x9c, 0x3, 0xff,
    0x9c, 0x80, 0x1d, 0xc0, 0x1f, 0xfc, 0xed, 0x0,
    0xe4, 0x10, 0xf, 0xfe, 0x6a, 0x8, 0x7, 0x48,
    0x7, 0xff, 0x39, 0x80, 0x39, 0xc8, 0x3, 0xff,
    0x9b, 0x20, 0x1e, 0x90, 0xf, 0xfe, 0x68, 0xb0,
    0x7, 0x23, 0x80, 0x7f, 0xf1, 0x8c, 0xc0, 0x1d,
    0x22, 0x1, 0xd0, 0xa0, 0x1f, 0xfc, 0x4a, 0xcc,
    0x48, 0x7, 0x50, 0x7, 0xaa, 0x0, 0x3f, 0xf8,
    0x23, 0x8a, 0x0, 0x64, 0x0, 0xc9, 0x0, 0x1e,
    0x7d, 0x40, 0xf, 0xf3, 0xf1, 0x80, 0x6c, 0x0,
    0xe7, 0x60, 0xf, 0x15, 0xf4, 0xb2, 0x21, 0x5a,
    0x33, 0xe0, 0x3, 0xd6, 0x1, 0xe9, 0x70, 0xf,
    0x85, 0xa6, 0xed, 0x52, 0xe6, 0x1, 0xf4, 0x98,
    0x7, 0xd1, 0x20, 0x1f, 0xfc, 0x99, 0x60, 0xf,
    0xe6, 0xd4, 0x0, 0xff, 0xe2, 0x96, 0x30, 0x7,
    0xfc, 0x57, 0x88, 0x1, 0xff, 0xc1, 0x29, 0xd3,
    0x0, 0xff, 0xe1, 0x1d, 0xf5, 0x31, 0x88, 0x4,
    0x26, 0xb1, 0xba, 0x60, 0xe,

    /* U+0044 "D" */
    0x3, 0xce, 0xff, 0xfd, 0xdc, 0xdb, 0x97, 0x30,
    0xf, 0xfe, 0x1e, 0x98, 0x80, 0x7e, 0x11, 0x12,
    0x34, 0x67, 0xd2, 0x0, 0x7f, 0xc4, 0x20, 0x1f,
    0xfc, 0x65, 0xbd, 0x40, 0xf, 0xe1, 0x0, 0xff,
    0xe4, 0x95, 0xd0, 0x80, 0x7f, 0xf4, 0xd7, 0xc8,
    0x3, 0xff, 0x80, 0x3d, 0xff, 0xbb, 0x72, 0x54,
    0x40, 0x3e, 0x1c, 0x30, 0xf, 0xf8, 0x84, 0x3,
    0x9, 0x1b, 0x57, 0x59, 0x80, 0x78, 0x74, 0x80,
    0x3f, 0xf9, 0x49, 0x96, 0x20, 0x1c, 0x3e, 0x1,
    0xff, 0xcc, 0x4c, 0x20, 0xe, 0x28, 0x0, 0xff,
    0xe6, 0x16, 0x10, 0x7, 0x39, 0x0, 0x7f, 0xf3,
    0x7, 0x80, 0x3d, 0x0, 0x1f, 0xfc, 0xd3, 0x70,
    0xe, 0x51, 0x0, 0xff, 0xe6, 0xc8, 0x7, 0x98,
    0x3, 0xff, 0x9a, 0x2c, 0x1, 0xd6, 0x1, 0xff,
    0xce, 0xa0, 0xe, 0x31, 0x0, 0xff, 0xe6, 0x98,
    0x80, 0x72, 0x80, 0x7f, 0xf3, 0x94, 0x3, 0x8c,
    0x3, 0xff, 0x9c, 0x60, 0x1d, 0xa0, 0x1f, 0xfc,
    0xed, 0x0, 0xe1, 0x0, 0xff, 0xe7, 0x8, 0x7,
    0x30, 0x7, 0xff, 0x39, 0xc0, 0x38, 0xc0, 0x3f,
    0xf9, 0xc2, 0x1, 0xc2, 0x1, 0xff, 0xef, 0x10,
    0xe, 0x10, 0xf, 0xfe, 0x73, 0x80, 0x7f, 0xf5,
    0x4, 0x3, 0x8c, 0x3, 0xff, 0x9c, 0x60, 0x1c,
    0xc0, 0x1f, 0xfc, 0xef, 0x0, 0xe2, 0x0, 0xff,
    0xe7, 0x28, 0x7, 0x70, 0x7, 0xff, 0x38, 0xc0,
    0x39, 0x0, 0x3f, 0xf9, 0xa8, 0x1, 0xe3, 0x0,
    0xff, 0xe6, 0xf8, 0x7, 0x20, 0x7, 0xff, 0x34,
    0x50, 0x3, 0xb4, 0x3, 0xff, 0x9b, 0x60, 0x1e,
    0x70, 0xf, 0xfe, 0x62, 0x28, 0x7, 0x30, 0x80,
    0x7f, 0xf2, 0xc6, 0x80, 0x3d, 0x0, 0x1f, 0xfc,
    0xb1, 0xc1, 0x0, 0xe7, 0x10, 0xf, 0xfe, 0x52,
    0x79, 0x0, 0x71, 0x40, 0x7, 0xff, 0x24, 0xea,
    0xc4, 0x3, 0x87, 0xc0, 0x3f, 0xc4, 0x1, 0xf1,
    0x24, 0x6e, 0x28, 0x7, 0xda, 0x40, 0x1f, 0xe1,
    0xff, 0xfb, 0x6d, 0xc8, 0x3, 0xe1, 0xc3, 0x0,
    0xff, 0xe8, 0xa7, 0x98, 0x7, 0x84, 0x3, 0xff,
    0x92, 0x35, 0x62, 0x1, 0xf1, 0x8, 0x7, 0xff,
    0x19, 0x2b, 0x94, 0x3, 0xfd, 0x44, 0x1, 0xff,
    0x9, 0x23, 0xd7, 0x5a, 0x80, 0x7f, 0xc0,

    /* U+0045 "E" */
    0x4, 0xdf, 0xff, 0xfe, 0x55, 0x80, 0x54, 0x40,
    0x1f, 0xfc, 0xa4, 0x60, 0x21, 0x0, 0xff, 0xe6,
    0x70, 0x8, 0x7, 0xff, 0x37, 0xc0, 0x3f, 0xf9,
    0xc4, 0xc0, 0x1f, 0xe, 0x6e, 0xff, 0xf1, 0x3b,
    0x44, 0x3, 0xe2, 0x32, 0x2f, 0xfe, 0x20, 0x80,
    0x7f, 0xff, 0xc0, 0x3f, 0xff, 0xe0, 0x1f, 0xff,
    0xf0, 0xf, 0xff, 0xf8, 0x7, 0xff, 0x84, 0xff,
    0xff, 0xf8, 0x72, 0x1, 0xff, 0xcf, 0x64, 0x0,
    0xff, 0xe7, 0x90, 0x7, 0xff, 0x3c, 0x80, 0x3f,
    0xf9, 0xc8, 0x80, 0xf, 0xf1, 0xee, 0xff, 0xf0,
    0xba, 0xc0, 0x3f, 0xf8, 0x4, 0x5f, 0xfc, 0x21,
    0x0, 0xff, 0xff, 0x80, 0x7f, 0xff, 0xc0, 0x3f,
    0xff, 0xe0, 0x1f, 0xff, 0xf0, 0xf, 0xff, 0xf8,
    0x19, 0x88, 0xbf, 0xf8, 0xa0, 0x1f, 0xec, 0xdd,
    0xff, 0xe2, 0xfc, 0x0, 0x7f, 0xf3, 0xdc, 0x44,
    0x1, 0xff, 0xce, 0x22, 0x8, 0x7, 0xff, 0x34,
    0x82, 0x88, 0x3, 0xff, 0x94, 0x30, 0x20,

    /* U+0046 "F" */
    0x4, 0xdf, 0xff, 0xfe, 0x55, 0x80, 0x28, 0x80,
    0x3f, 0xf9, 0x48, 0xc4, 0x20, 0x1f, 0xfc, 0xce,
    0x10, 0xf, 0xfe, 0x6f, 0x80, 0x7f, 0xf3, 0x49,
    0x80, 0x3c, 0x39, 0xbb, 0xff, 0xc4, 0xed, 0x10,
    0xf, 0x11, 0x91, 0x7f, 0xf1, 0x4, 0x3, 0xff,
    0xfe, 0x1, 0xff, 0xff, 0x0, 0xff, 0xff, 0x80,
    0x7f, 0xff, 0xc0, 0x3f, 0xfa, 0xa2, 0x3f, 0xfc,
    0x20, 0xf, 0xfe, 0x1, 0xf7, 0x7f, 0xf0, 0xbf,
    0x4, 0x3, 0xff, 0x9a, 0x6c, 0x1, 0xff, 0xce,
    0xf0, 0xf, 0xfe, 0x77, 0x0, 0x7f, 0xf3, 0x51,
    0x80, 0x3f, 0x8f, 0xff, 0xff, 0x87, 0x60, 0x1f,
    0xff, 0xf0, 0xf, 0xff, 0xf8, 0x7, 0xff, 0xfc,
    0x3, 0xff, 0xfe, 0x1, 0xff, 0xff, 0x0, 0xff,
    0xff, 0x80, 0x7f, 0xf0, 0x4c, 0x3, 0x98, 0x3,
    0xff, 0x93, 0x44, 0x2, 0x96, 0x1, 0xff, 0xc8,

    /* U+0047 "G" */
    0x0, 0xff, 0xe3, 0x11, 0x9c, 0x42, 0x1, 0xff,
    0xcc, 0x16, 0xad, 0xfd, 0xcc, 0xb7, 0xb9, 0x6e,
    0x20, 0x1f, 0xfc, 0x63, 0xae, 0x95, 0x20, 0xf,
    0x85, 0x23, 0xa8, 0x80, 0x3f, 0xf8, 0x43, 0x58,
    0xa0, 0x1f, 0xfc, 0x35, 0xd6, 0x0, 0xff, 0xe0,
    0x27, 0xa8, 0x7, 0xff, 0x1e, 0x5c, 0x3, 0xfc,
    0xf6, 0x20, 0x1f, 0xfc, 0x98, 0x50, 0xf, 0xd1,
    0x0, 0xf, 0x85, 0xab, 0x7b, 0xfd, 0xd9, 0x8,
    0x1, 0xee, 0x0, 0xf9, 0x9c, 0x3, 0xc3, 0x3d,
    0x2a, 0x42, 0x0, 0x13, 0x7b, 0xd3, 0x0, 0xc6,
    0x1, 0xe3, 0x90, 0xf, 0x2f, 0x30, 0x7, 0xfc,
    0x58, 0xc0, 0x3, 0x80, 0xf, 0x70, 0x7, 0xa2,
    0x80, 0x3f, 0xf8, 0x73, 0x75, 0x80, 0x1e, 0x82,
    0x0, 0xe7, 0x70, 0x7, 0xff, 0x15, 0x14, 0x3,
    0xc2, 0xe0, 0x1c, 0x70, 0x1, 0xff, 0xce, 0x90,
    0xf, 0x70, 0x7, 0xff, 0x3d, 0x80, 0x39, 0xc8,
    0x3, 0xff, 0x9c, 0xa2, 0x1, 0xd4, 0x1, 0xff,
    0xcf, 0xc0, 0xe, 0x42, 0x0, 0xff, 0xe7, 0xb8,
    0x7, 0x70, 0x7, 0xff, 0x3c, 0x44, 0x1, 0xc8,
    0x1, 0xff, 0xcf, 0x50, 0xe, 0x11, 0x0, 0x7f,
    0xf3, 0xc8, 0x3, 0x94, 0x3, 0xff, 0xa1, 0xc0,
    0x1c, 0x40, 0x1f, 0xfd, 0x2, 0x0, 0xe1, 0x0,
    0xff, 0xeb, 0x78, 0x7, 0xff, 0x40, 0x40, 0x38,
    0x40, 0x3f, 0xf8, 0x3, 0x7f, 0xff, 0xf6, 0x18,
    0x7, 0xff, 0x22, 0x50, 0x3, 0xfe, 0x3e, 0x1,
    0x0, 0xe1, 0x0, 0xff, 0xe0, 0x10, 0x7, 0xff,
    0x4, 0x80, 0xc0, 0x3b, 0xc0, 0x3f, 0xf8, 0x4,
    0x1, 0xff, 0xc2, 0x11, 0x0, 0x70, 0x80, 0x7f,
    0xf0, 0x24, 0xc0, 0x3f, 0xf8, 0x5c, 0x1, 0xca,
    0x1, 0xff, 0xc0, 0x1c, 0xff, 0xf9, 0xc0, 0x3c,
    0x40, 0x1c, 0x60, 0x1f, 0xfc, 0x9d, 0x0, 0xf2,
    0x80, 0x78, 0x80, 0x3f, 0xf9, 0xe2, 0x40, 0x1c,
    0x80, 0x1f, 0xfd, 0x4, 0x0, 0xea, 0x0, 0xff,
    0xe8, 0x68, 0x7, 0x19, 0x0, 0x7f, 0xf3, 0xd0,
    0x40, 0x3a, 0xc0, 0x3f, 0xfa, 0xc, 0x1, 0xcc,
    0x60, 0x1f, 0xfc, 0xf9, 0x0, 0xf7, 0x0, 0x7f,
    0xf3, 0xc5, 0xc0, 0x38, 0xa4, 0x3, 0xff, 0x9f,
    0x4, 0x1, 0xcd, 0x20, 0x1f, 0xfc, 0xfe, 0x0,
    0xf3, 0x58, 0x80, 0x7f, 0xf0, 0xbc, 0x3, 0xfc,
    0x72, 0x1, 0xe4, 0xe9, 0x20, 0xf, 0xf2, 0xea,
    0x80, 0x7f, 0xcd, 0x0, 0x1f, 0x36, 0xea, 0x59,
    0x51, 0xa, 0xf5, 0xd4, 0x40, 0x1f, 0xfc, 0x17,
    0x90, 0xf, 0xc4, 0xd3, 0x57, 0x6a, 0x85, 0x10,
    0xf, 0xa8, 0x40, 0x3e, 0x6b, 0x10, 0xf, 0xfe,
    0x48, 0xda, 0x80, 0x7f, 0x27, 0x30, 0x7, 0xff,
    0x1d, 0xbd, 0x0, 0x3f, 0xf8, 0x13, 0xce, 0x20,
    0x1f, 0xfc, 0x11, 0x7e, 0x91, 0x0, 0xff, 0xe1,
    0xc, 0x76, 0x42, 0x90, 0x80, 0x42, 0x6b, 0x19,
    0xd0, 0x20, 0x1c,

    /* U+0048 "H" */
    0x1, 0x7a, 0x95, 0x0, 0xff, 0xe4, 0x8b, 0xd4,
    0xa8, 0x3, 0xe1, 0x5a, 0x9c, 0x3, 0xff, 0x91,
    0xb0, 0xad, 0x50, 0x42, 0x1, 0xac, 0x3, 0xff,
    0x90, 0x60, 0x19, 0x4, 0x3, 0xff, 0x9a, 0x20,
    0x1f, 0xff, 0xf0, 0xf, 0xff, 0xf8, 0x7, 0xff,
    0xfc, 0x3, 0xff, 0xfe, 0x1, 0xff, 0xff, 0x0,
    0xff, 0xff, 0x80, 0x7f, 0xfb, 0x4f, 0xff, 0xff,
    0x8f, 0xc0, 0x1f, 0xff, 0xf0, 0xf, 0xff, 0xc9,
    0x66, 0x7f, 0xf2, 0x0, 0x3f, 0xf8, 0x2, 0x67,
    0xff, 0xc7, 0x20, 0xf, 0xff, 0xf8, 0x7, 0xff,
    0xfc, 0x3, 0xff, 0xfe, 0x1, 0xff, 0xff, 0x0,
    0xff, 0xff, 0x80, 0x7f, 0xff, 0xc0, 0x3f, 0xff,
    0xe0, 0x1f, 0xfd, 0x71, 0x0, 0xf1, 0x0, 0x73,
    0x0, 0x7f, 0xf2, 0x4, 0x3, 0x30, 0xd1, 0x0,
    0xa5, 0x80, 0x7f, 0xf2, 0x28, 0xc0, 0x52, 0xc0,

    /* U+0049 "I" */
    0x1, 0x7a, 0x95, 0x0, 0x7c, 0x2b, 0x53, 0x90,
    0x80, 0x6b, 0x10, 0xf, 0xff, 0xf8, 0x7, 0xff,
    0xfc, 0x3, 0xff, 0xfe, 0x1, 0xff, 0xea, 0x20,
    0xe, 0x61, 0xa2, 0x1, 0x4b,

    /* U+004A "J" */
    0x0, 0xff, 0xe3, 0x8b, 0x3b, 0x8, 0x7, 0xff,
    0x1c, 0x7e, 0x62, 0x78, 0x80, 0x3f, 0xf8, 0xce,
    0x20, 0x19, 0x0, 0x3f, 0xf8, 0xc2, 0x1, 0xc2,
    0x1, 0xff, 0xff, 0x0, 0xff, 0xff, 0x80, 0x7f,
    0xff, 0xc0, 0x3f, 0xff, 0xe0, 0x1f, 0xff, 0xf0,
    0xf, 0xff, 0xf8, 0x7, 0xff, 0xfc, 0x3, 0xff,
    0xfe, 0x1, 0xff, 0xff, 0x0, 0xff, 0xfc, 0x78,
    0x7, 0x8, 0x7, 0xff, 0x18, 0x80, 0x38, 0xc0,
    0x3f, 0xf8, 0xce, 0x1, 0xce, 0x0, 0x27, 0x40,
    0xf, 0xfe, 0x0, 0x90, 0x7, 0x10, 0x2e, 0xc5,
    0xa8, 0x7, 0xfd, 0x20, 0x1c, 0x80, 0x54, 0x1,
    0x51, 0x0, 0x7f, 0x13, 0x80, 0x77, 0x3, 0x0,
    0x77, 0x98, 0x7, 0xc7, 0x80, 0x1c, 0x2a, 0x8,
    0x20, 0x18, 0xb3, 0xe, 0xa8, 0xaf, 0x78, 0x20,
    0x1d, 0x20, 0x14, 0x0, 0x78, 0xe2, 0xae, 0xa1,
    0x0, 0x3c, 0x6e, 0x1, 0x33, 0x0, 0x3f, 0xf8,
    0xa3, 0xc0, 0x1d, 0x2e, 0x1, 0xff, 0xc3, 0x2c,
    0x20, 0xf, 0x46, 0x18, 0x7, 0xff, 0x1, 0xf4,
    0x80, 0x3f, 0x1e, 0x6c, 0x29, 0x8, 0x0, 0x4d,
    0x6b, 0xa0, 0x3, 0xc0,

    /* U+004B "K" */
    0x1, 0x7a, 0x95, 0x0, 0xff, 0xe3, 0x9c, 0x4d,
    0x49, 0x0, 0x5f, 0xa, 0xd4, 0xe0, 0x1f, 0xfc,
    0x5b, 0xc7, 0x65, 0x6b, 0x0, 0x10, 0x80, 0x6b,
    0x0, 0xff, 0xe2, 0x5a, 0x0, 0x61, 0x80, 0x0,
    0x80, 0x7f, 0xf2, 0x65, 0x0, 0x3b, 0x44, 0x3,
    0xff, 0x96, 0xcc, 0x0, 0xea, 0x30, 0xf, 0xfe,
    0x5a, 0x48, 0x7, 0x3a, 0x80, 0x7f, 0xf2, 0xca,
    0x80, 0x39, 0x20, 0x3, 0xff, 0x99, 0xe2, 0x1,
    0x8a, 0x80, 0x3f, 0xf9, 0x96, 0x40, 0x1d, 0xe2,
    0x1, 0xff, 0xcb, 0x94, 0x0, 0xeb, 0x20, 0xf,
    0xfe, 0x5b, 0x30, 0x3, 0xa1, 0x0, 0x3f, 0xf9,
    0x67, 0x20, 0x1c, 0xae, 0x1, 0xff, 0xcb, 0x2d,
    0x0, 0xe2, 0xa0, 0xf, 0xfe, 0x67, 0x88, 0x6,
    0x1f, 0x0, 0xff, 0xe6, 0x59, 0x0, 0x75, 0x10,
    0x7, 0xff, 0x2e, 0x10, 0x3, 0xa5, 0x0, 0x3f,
    0xf9, 0x6c, 0xe0, 0x1c, 0xcc, 0x0, 0xff, 0xe5,
    0x9c, 0x80, 0x7a, 0x40, 0x3f, 0xf9, 0x65, 0xa0,
    0x1f, 0x38, 0x7, 0xff, 0x2f, 0xc4, 0x3, 0xe8,
    0x10, 0xf, 0xfe, 0x4d, 0x90, 0x7, 0xf5, 0x80,
    0x7f, 0xf2, 0x21, 0x0, 0x3f, 0xca, 0x60, 0x1f,
    0xfc, 0x63, 0x70, 0xe, 0x35, 0x0, 0xef, 0x0,
    0xff, 0xe6, 0x16, 0xd8, 0x7, 0x1b, 0x0, 0x7f,
    0xf2, 0xfc, 0x45, 0x0, 0x1d, 0x0, 0x1f, 0xfc,
    0xab, 0x20, 0x3, 0x90, 0x6, 0x18, 0x0, 0xff,
    0xe4, 0x42, 0x0, 0x68, 0x0, 0xe7, 0x20, 0xf,
    0xfe, 0x33, 0x38, 0x7, 0x2a, 0x0, 0x74, 0x80,
    0x7f, 0xf1, 0x52, 0x40, 0x3e, 0x90, 0xe, 0x44,
    0x0, 0x7f, 0xf0, 0xca, 0x80, 0x3f, 0x13, 0x0,
    0x74, 0x80, 0x7f, 0xf0, 0xfc, 0x40, 0x3f, 0xa0,
    0x3, 0x89, 0xc0, 0x3f, 0xf8, 0x26, 0x40, 0x1f,
    0xe1, 0x80, 0xe, 0x81, 0x0, 0xff, 0xe6, 0xb9,
    0x0, 0x74, 0x0, 0x7f, 0xf3, 0xa4, 0x3, 0x98,
    0xc0, 0x3f, 0xf9, 0xa8, 0x80, 0xe, 0xf0, 0xf,
    0xfe, 0x74, 0x80, 0x71, 0xa8, 0x7, 0xff, 0x34,
    0x98, 0x3, 0xac, 0x3, 0xff, 0x9d, 0x0, 0x1c,
    0x30, 0x1, 0xff, 0xcd, 0x18, 0x0, 0xe7, 0x10,
    0xf, 0xfe, 0x6b, 0x90, 0x7, 0x58, 0x7, 0xff,
    0x3a, 0x40, 0x39, 0x4c, 0x3, 0xff, 0x9a, 0x88,
    0x0, 0xee, 0x0, 0xff, 0xe7, 0x48, 0x7, 0x13,
    0x10, 0x7, 0x30, 0x7, 0xff, 0x18, 0x9c, 0x3,
    0xac, 0x68, 0x80, 0x52, 0xc0, 0x3f, 0xf8, 0xf1,
    0x46, 0x20, 0x2a,

    /* U+004C "L" */
    0x0, 0x2b, 0xb1, 0x0, 0x7f, 0xf2, 0x72, 0xa2,
    0x75, 0x80, 0x3f, 0xf8, 0xe4, 0x60, 0x1b, 0x40,
    0x3f, 0xf8, 0xe2, 0x1, 0xce, 0x1, 0xff, 0xff,
    0x0, 0xff, 0xff, 0x80, 0x7f, 0xff, 0xc0, 0x3f,
    0xff, 0xe0, 0x1f, 0xff, 0xf0, 0xf, 0xff, 0xf8,
    0x7, 0xff, 0xfc, 0x3, 0xff, 0xfe, 0x1, 0xff,
    0xff, 0x0, 0xff, 0xff, 0x80, 0x7f, 0xff, 0xc0,
    0x3f, 0xff, 0xe0, 0x1f, 0xfd, 0x73, 0x31, 0x17,
    0xff, 0xc, 0x40, 0x3f, 0xb3, 0x77, 0xff, 0x87,
    0xde, 0x80, 0x1f, 0xfc, 0xd8, 0x10, 0xf, 0xfe,
    0x61, 0x10, 0x3, 0xff, 0x98, 0x41, 0x64, 0x1,
    0xff, 0xc9, 0x2f,

    /* U+004D "M" */
    0x1, 0x8a, 0xa9, 0xc4, 0x3, 0xff, 0x96, 0x73,
    0x55, 0x30, 0x3, 0x5d, 0x56, 0x8f, 0x10, 0xf,
    0xfe, 0x4a, 0x63, 0x2a, 0xd3, 0x4, 0x60, 0x1c,
    0x32, 0x1, 0xff, 0xc9, 0x90, 0xf, 0x28, 0x80,
    0x7c, 0xc0, 0x1f, 0xfc, 0x83, 0x20, 0xf, 0x18,
    0x7, 0xe1, 0x40, 0xf, 0xfe, 0x3d, 0x0, 0x7f,
    0xf1, 0x78, 0x3, 0xff, 0x8e, 0xe0, 0x1f, 0xfc,
    0x55, 0x0, 0xff, 0xe3, 0x20, 0x80, 0x7f, 0xf1,
    0x98, 0x3, 0xff, 0x8b, 0xa0, 0x1f, 0xfc, 0x7d,
    0x0, 0xff, 0xe2, 0xb8, 0x7, 0xff, 0x8, 0x4c,
    0x2, 0x41, 0x0, 0xff, 0xe1, 0xa0, 0x80, 0x48,
    0x1, 0xff, 0x50, 0x6, 0x60, 0xf, 0xfe, 0x1f,
    0x0, 0x6d, 0x0, 0xff, 0xb, 0x80, 0x6a, 0x0,
    0xff, 0xe1, 0xa8, 0x4, 0x44, 0x0, 0xff, 0x85,
    0x0, 0x22, 0x30, 0xf, 0xfe, 0xa, 0x80, 0x6a,
    0x10, 0xf, 0xfe, 0x7, 0x0, 0x6a, 0x0, 0xff,
    0xe0, 0xf8, 0x6, 0x63, 0x0, 0xff, 0xe0, 0x28,
    0x6, 0x70, 0xf, 0xfe, 0xa, 0x80, 0x48, 0x22,
    0x0, 0xff, 0x84, 0x18, 0x2, 0x14, 0x0, 0xff,
    0x98, 0x3, 0x70, 0x78, 0x7, 0xff, 0x7, 0x40,
    0x37, 0x0, 0x7f, 0xda, 0x1, 0x94, 0x4, 0x3,
    0xfe, 0x30, 0x41, 0x0, 0x94, 0x3, 0xfc, 0x28,
    0x1, 0x28, 0x7, 0xff, 0x15, 0x80, 0x33, 0x0,
    0x7f, 0x38, 0x6, 0xe0, 0x1, 0x80, 0x7f, 0xf0,
    0xac, 0x3, 0x68, 0x7, 0xf5, 0x0, 0x42, 0x80,
    0x1f, 0xfc, 0x53, 0x20, 0x9, 0x4, 0x3, 0xe1,
    0x30, 0x9, 0x80, 0x3f, 0xf8, 0x62, 0x1, 0x50,
    0x6, 0x60, 0xf, 0x98, 0x3, 0x58, 0x7, 0xff,
    0x1d, 0x40, 0x35, 0x0, 0x7d, 0x60, 0x11, 0x18,
    0x7, 0xff, 0x1c, 0x8c, 0x2, 0x23, 0x0, 0xe2,
    0x30, 0xa, 0x80, 0x3f, 0xf9, 0x34, 0x1, 0xa8,
    0x3, 0x94, 0x3, 0x30, 0x7, 0xff, 0x25, 0xc0,
    0x33, 0x80, 0x75, 0x0, 0x48, 0x20, 0x1f, 0xfc,
    0x91, 0x40, 0x8, 0x50, 0x2, 0x22, 0x0, 0x5a,
    0x1, 0xff, 0xcb, 0xe0, 0xd, 0xc0, 0x15, 0x0,
    0x66, 0x0, 0xff, 0xe5, 0xa8, 0x6, 0x50, 0x9,
    0x40, 0x25, 0x0, 0xff, 0xe6, 0xb0, 0x6, 0x60,
    0x32, 0x0, 0xb8, 0x3, 0xff, 0x9b, 0xa0, 0x1b,
    0x42, 0x80, 0x21, 0x40, 0xf, 0xfe, 0x6a, 0x8,
    0x4, 0x84, 0xe0, 0x13, 0x0, 0x7f, 0xf3, 0xd8,
    0x3, 0x48, 0x80, 0x56, 0x1, 0xff, 0xcf, 0xb0,
    0xc, 0x80, 0x11, 0x18, 0x7, 0xff, 0x3c, 0xc8,
    0x3, 0xea, 0x0, 0xff, 0xe8, 0xd0, 0x7, 0xcc,
    0x1, 0xff, 0xd1, 0x60, 0xf, 0x20, 0x80, 0x7f,
    0xf4, 0x44, 0xc0, 0x3b, 0x40, 0x3f, 0xfa, 0x74,
    0x1, 0x85, 0x80, 0x3f, 0xfa, 0x6c, 0x20, 0x14,
    0x0, 0x7f, 0xf5, 0x7e, 0x21, 0xac, 0x1, 0xff,
    0xd5, 0x17, 0x71, 0x0, 0x7f, 0xf2, 0xc4, 0x3,
    0xff, 0xa6, 0x40, 0x1c, 0x60, 0x1f, 0xfc, 0xd2,
    0x0, 0xc4, 0x32, 0x40, 0x52, 0x20, 0x1f, 0xfc,
    0xd9, 0x50, 0x2, 0x70,

    /* U+004E "N" */
    0x1, 0x8a, 0xa4, 0x18, 0x7, 0xff, 0x20, 0x5e,
    0xa4, 0xc0, 0x1a, 0xea, 0xa7, 0xc5, 0x0, 0xff,
    0xe3, 0xe4, 0x2b, 0x61, 0x91, 0x80, 0x75, 0x8,
    0x7, 0xff, 0x14, 0x48, 0x3, 0x20, 0x80, 0x7d,
    0x0, 0x1f, 0xfc, 0x53, 0x0, 0xef, 0x0, 0xfc,
    0xc6, 0x1, 0xff, 0xd4, 0xf0, 0xf, 0xfe, 0xa1,
    0xa8, 0x7, 0xff, 0x52, 0x0, 0x3f, 0xfa, 0x2,
    0x1, 0x13, 0x80, 0x7f, 0xf3, 0xe4, 0x3, 0x40,
    0x80, 0x7f, 0xf3, 0x98, 0x80, 0x34, 0x0, 0x7f,
    0xf3, 0xe4, 0x3, 0x31, 0x0, 0x7f, 0xf3, 0x4d,
    0x10, 0x1, 0xa4, 0x3, 0xff, 0x9a, 0x21, 0x20,
    0x19, 0x10, 0x1, 0xff, 0xce, 0x26, 0x0, 0xd2,
    0x1, 0xff, 0xcc, 0x70, 0x4, 0x0, 0x62, 0x60,
    0xf, 0xfe, 0x70, 0xc0, 0x6, 0x81, 0x0, 0xff,
    0xe5, 0x8, 0x4, 0xe2, 0x1, 0xc, 0x80, 0x7f,
    0xf3, 0xec, 0x3, 0x39, 0x0, 0x7f, 0xf2, 0x4c,
    0x3, 0x29, 0x80, 0x69, 0x0, 0xff, 0xe4, 0x88,
    0x7, 0x78, 0x6, 0x44, 0x0, 0x7f, 0xf3, 0x8d,
    0x40, 0x34, 0x80, 0x7f, 0xf3, 0xe0, 0x3, 0x13,
    0x0, 0x7f, 0xf3, 0x89, 0xc0, 0x34, 0x0, 0x7f,
    0xf3, 0xe0, 0x40, 0x21, 0x80, 0xe, 0x30, 0xf,
    0xfe, 0x4c, 0x0, 0x67, 0x20, 0xf, 0xfe, 0x73,
    0x10, 0x6, 0x80, 0xc, 0x20, 0x1f, 0xfc, 0xa9,
    0x0, 0xca, 0x60, 0x1f, 0xfc, 0xe4, 0x40, 0x6,
    0xf0, 0xf, 0xfe, 0x7c, 0x80, 0x63, 0x50, 0x8,
    0x40, 0x3f, 0xf9, 0x44, 0xc0, 0x1a, 0xc0, 0x23,
    0x0, 0xff, 0xe5, 0xc0, 0x6, 0x18, 0x0, 0x8,
    0x7, 0xff, 0x2c, 0x60, 0x3, 0x38, 0x80, 0x7f,
    0xf3, 0x9c, 0x40, 0x35, 0x83, 0x80, 0x7f, 0xf3,
    0x6c, 0x3, 0x29, 0x88, 0x7, 0xff, 0x35, 0x4c,
    0x3, 0x79, 0x80, 0x7f, 0xf3, 0xbc, 0x3, 0x1a,
    0x0, 0x7f, 0xf3, 0x8d, 0x40, 0x31, 0x0, 0x7f,
    0xf3, 0xe0, 0x3, 0xff, 0xa8, 0x4e, 0x1, 0xff,
    0xd4, 0x91, 0x0, 0xff, 0xe9, 0x8c, 0x80, 0x7f,
    0xf5, 0x1c, 0x80, 0x3d, 0xe4, 0x1, 0xc4, 0x1,
    0xff, 0xc6, 0xe0, 0xf, 0x18, 0xd1, 0x0, 0xba,
    0x80, 0x7f, 0xf1, 0x8e, 0xcc, 0x0, 0x2e, 0x80,

    /* U+004F "O" */
    0x0, 0xff, 0xe2, 0x91, 0x9c, 0x20, 0x1f, 0xfd,
    0x11, 0x6a, 0xef, 0xdc, 0xcb, 0xbf, 0x20, 0xc0,
    0x3f, 0xf9, 0x65, 0x3d, 0x2a, 0x20, 0x1f, 0x1b,
    0xe6, 0xa8, 0x7, 0xff, 0x22, 0x35, 0x80, 0x3f,
    0xf8, 0x45, 0x5a, 0x40, 0x1f, 0xfc, 0x41, 0xc7,
    0x0, 0xff, 0xe3, 0x16, 0xb0, 0x7, 0xff, 0x8,
    0xbc, 0xc0, 0x3f, 0xf9, 0x33, 0x0, 0x1f, 0xfc,
    0x1, 0xc1, 0x0, 0xf0, 0xb5, 0x6f, 0xfb, 0xb2,
    0xc, 0x3, 0xe7, 0x70, 0x7, 0xfd, 0x82, 0x1,
    0xe8, 0xe9, 0x52, 0x0, 0x9, 0xbe, 0x60, 0xc0,
    0x3d, 0xa, 0x1, 0xfd, 0x24, 0x1, 0xc5, 0xae,
    0x1, 0xfe, 0x3c, 0x70, 0xf, 0x51, 0x0, 0x7c,
    0x6c, 0x1, 0xc5, 0x84, 0x1, 0xff, 0xc1, 0x89,
    0x0, 0xf4, 0x80, 0x7d, 0xe0, 0x1e, 0xf1, 0x0,
    0xff, 0xe1, 0xb3, 0x0, 0x39, 0x10, 0x1, 0xc8,
    0x60, 0x1d, 0x4, 0x1, 0xff, 0xc5, 0x92, 0x0,
    0xe8, 0x0, 0xef, 0x0, 0xe2, 0x70, 0xf, 0xfe,
    0x3c, 0x80, 0x71, 0x98, 0x2, 0x24, 0x0, 0xe8,
    0x0, 0xff, 0xe4, 0x21, 0x80, 0x75, 0x0, 0x4a,
    0x1, 0xc2, 0xa0, 0x1f, 0xfc, 0x99, 0x0, 0xe7,
    0x0, 0xb0, 0x3, 0x9c, 0x3, 0xff, 0x94, 0xa0,
    0x1c, 0x26, 0x0, 0x40, 0xe, 0xd0, 0xf, 0xfe,
    0x5a, 0x0, 0x72, 0x1, 0x0, 0x79, 0x0, 0x3f,
    0xf9, 0x78, 0x1, 0xda, 0xe, 0x1, 0xc4, 0x1,
    0xff, 0xcc, 0x30, 0xe, 0x60, 0x20, 0xe, 0x70,
    0xf, 0xfe, 0x62, 0x80, 0x71, 0x7, 0x0, 0x71,
    0x0, 0x7f, 0xf3, 0x4, 0x3, 0x84, 0xc, 0x3,
    0xff, 0xa6, 0x20, 0x1c, 0x20, 0x1e, 0xf0, 0xf,
    0xfe, 0x99, 0x88, 0x7, 0x8, 0x7, 0xff, 0x34,
    0xc0, 0x3f, 0xfb, 0x46, 0x1, 0xe1, 0x0, 0xe1,
    0x0, 0xff, 0xe6, 0x88, 0x7, 0x8c, 0x3, 0xbc,
    0x3, 0xff, 0xa6, 0x62, 0x1, 0xc2, 0x1, 0xff,
    0xcc, 0x10, 0xf, 0xf, 0x0, 0x72, 0x80, 0x7f,
    0xf3, 0x8, 0x3, 0x84, 0x8, 0x3, 0x8c, 0x3,
    0xff, 0x98, 0xa0, 0x1c, 0xa0, 0xa0, 0x1e, 0x20,
    0xf, 0xfe, 0x5f, 0x80, 0x71, 0x80, 0x90, 0x7,
    0x20, 0x7, 0xff, 0x2d, 0x0, 0x3b, 0x40, 0x8,
    0x1, 0xda, 0x1, 0xff, 0xca, 0x32, 0x0, 0xe4,
    0x0, 0x60, 0x7, 0x20, 0x80, 0x7f, 0xf2, 0x68,
    0x3, 0x8c, 0x40, 0xa, 0x20, 0x1d, 0x20, 0x1f,
    0xfc, 0x81, 0x60, 0xe, 0xa0, 0xc, 0xe0, 0x1c,
    0xe4, 0x1, 0xff, 0xc7, 0x80, 0xf, 0x38, 0x6,
    0x80, 0xf, 0x40, 0x7, 0xff, 0x18, 0xd8, 0x3,
    0x98, 0x40, 0x30, 0xb0, 0x7, 0x2b, 0x0, 0x7f,
    0xf1, 0x78, 0x3, 0xd0, 0x1, 0xe8, 0x10, 0xe,
    0x95, 0x0, 0xff, 0xe1, 0xe1, 0x0, 0x74, 0x8,
    0x7, 0x86, 0xc0, 0x3d, 0x4e, 0x1, 0xff, 0xc0,
    0x2c, 0x30, 0xe, 0x37, 0x0, 0xfc, 0xae, 0x1,
    0xe8, 0xc4, 0x0, 0xfc, 0x2f, 0xa6, 0x1, 0xc3,
    0xa0, 0x1f, 0xe8, 0x50, 0xf, 0x1d, 0xec, 0xb2,
    0x21, 0x5e, 0xfa, 0x0, 0x3e, 0xd1, 0x0, 0xff,
    0xa9, 0x40, 0x3e, 0x26, 0x9b, 0xb5, 0x42, 0x0,
    0x7c, 0x38, 0x60, 0x1f, 0xfc, 0x1a, 0x70, 0xf,
    0xfe, 0x41, 0x61, 0x80, 0x7f, 0xf0, 0xe3, 0xc,
    0x3, 0xff, 0x8a, 0xfa, 0x40, 0x1f, 0xfc, 0x53,
    0xca, 0x30, 0xf, 0xfe, 0x0, 0xb7, 0x40, 0x7,
    0xff, 0x25, 0x73, 0x65, 0x4c, 0x40, 0x22, 0x47,
    0xbe, 0x91, 0x0, 0xff, 0x80,

    /* U+0050 "P" */
    0x4, 0xdf, 0xff, 0xfe, 0xe, 0xe5, 0x39, 0x80,
    0x7f, 0xd4, 0x40, 0x1f, 0xfc, 0x12, 0x35, 0x8c,
    0xf9, 0x30, 0xf, 0x88, 0x40, 0x3f, 0xf9, 0xd,
    0x96, 0x20, 0x1c, 0x20, 0x1f, 0xfc, 0xb4, 0xe4,
    0x0, 0xff, 0xe9, 0x5a, 0x0, 0x7f, 0xf, 0xff,
    0xee, 0xca, 0x72, 0x0, 0xfa, 0x84, 0x3, 0xf1,
    0x0, 0x7e, 0x13, 0x58, 0xdb, 0x30, 0xe, 0x1b,
    0x0, 0xff, 0xe5, 0x26, 0x28, 0x7, 0x29, 0x0,
    0x7f, 0xf2, 0xe8, 0x80, 0x3a, 0x80, 0x3f, 0xf9,
    0x90, 0x1, 0xc8, 0x1, 0xff, 0xcc, 0x50, 0xe,
    0x30, 0xf, 0xfe, 0x69, 0x80, 0x70, 0x80, 0x7f,
    0xf3, 0x1c, 0x3, 0x8c, 0x3, 0xff, 0x98, 0x20,
    0x1c, 0x20, 0x1f, 0xfc, 0xc1, 0x0, 0xe1, 0x0,
    0xff, 0xe6, 0x30, 0x7, 0x18, 0x7, 0xff, 0x2c,
    0x48, 0x3, 0x8, 0x80, 0x3f, 0xf9, 0x72, 0x1,
    0xca, 0x1, 0xff, 0xcb, 0x27, 0x0, 0xed, 0x0,
    0xff, 0xe5, 0x17, 0x80, 0x70, 0xb0, 0x7, 0xff,
    0x25, 0xb0, 0x80, 0x3a, 0x40, 0x3f, 0xf8, 0xc4,
    0xb3, 0xd2, 0x20, 0x1c, 0x6e, 0x1, 0xf8, 0xfb,
    0xbe, 0xff, 0x6d, 0x30, 0x80, 0x78, 0xb4, 0x3,
    0xfc, 0x23, 0xf0, 0x7, 0xfc, 0x98, 0x20, 0x1f,
    0xfc, 0xe1, 0xab, 0x10, 0xf, 0xfe, 0x69, 0xcf,
    0x28, 0x7, 0xff, 0x24, 0x48, 0xda, 0xb7, 0x18,
    0x3, 0xff, 0x84, 0x7f, 0xff, 0xbb, 0x72, 0x54,
    0x80, 0x3f, 0xff, 0xe0, 0x1f, 0xff, 0xf0, 0xf,
    0xff, 0xf8, 0x7, 0xff, 0xfc, 0x3, 0xff, 0xfe,
    0x1, 0xff, 0xf9, 0x10, 0xe, 0x70, 0xf, 0xfe,
    0x61, 0x18, 0x6, 0xd0, 0xf, 0xfe, 0x6e, 0x54,
    0x4e, 0x30, 0x7, 0xff, 0x30,

    /* U+0051 "Q" */
    0x0, 0xff, 0xe2, 0x91, 0x9c, 0x40, 0x1f, 0xfd,
    0x11, 0x6a, 0xef, 0xdc, 0xcb, 0x7f, 0x21, 0x0,
    0x3f, 0xf9, 0x65, 0x5d, 0x2a, 0x20, 0x1f, 0x1b,
    0xde, 0xb0, 0x7, 0xff, 0x22, 0x35, 0x40, 0x3f,
    0xf8, 0x45, 0x3a, 0x60, 0x1f, 0xfc, 0x41, 0xd7,
    0x0, 0xff, 0xe3, 0x16, 0x30, 0x7, 0xff, 0x8,
    0xbc, 0x80, 0x3f, 0xf9, 0x33, 0x0, 0x1f, 0xfc,
    0x2, 0xc1, 0x0, 0xf0, 0xb5, 0xef, 0xfb, 0xb2,
    0xc, 0x3, 0xe7, 0x70, 0x7, 0xfd, 0xe2, 0x1,
    0xe8, 0xe9, 0x42, 0x0, 0x9, 0xbe, 0x60, 0xc0,
    0x3d, 0xa, 0x1, 0xfd, 0x44, 0x1, 0xc5, 0xae,
    0x1, 0xfe, 0x3c, 0x80, 0xf, 0x51, 0x0, 0x7c,
    0x8a, 0x1, 0xc5, 0x84, 0x1, 0xff, 0xc1, 0x79,
    0x0, 0xf4, 0x80, 0x7d, 0x20, 0x1e, 0xf1, 0x0,
    0xff, 0xe1, 0xb3, 0x80, 0x72, 0x28, 0x7, 0x31,
    0x0, 0x74, 0x10, 0x7, 0xff, 0x16, 0x8, 0x3,
    0xa0, 0x3, 0xac, 0x3, 0x89, 0xc0, 0x3f, 0xf8,
    0xf0, 0x1, 0xc4, 0x80, 0x11, 0x90, 0x7, 0x48,
    0x7, 0xff, 0x21, 0x4c, 0x3, 0xb8, 0x2, 0xb0,
    0xe, 0x14, 0x0, 0xff, 0xe4, 0xd0, 0x7, 0x28,
    0x4, 0x80, 0x1c, 0xe0, 0x1f, 0xfc, 0xa7, 0x0,
    0xf2, 0x0, 0xc, 0x3, 0xa8, 0x3, 0xff, 0x94,
    0x28, 0x1, 0xd8, 0x6, 0x1, 0xe3, 0x0, 0xff,
    0xe5, 0x98, 0x7, 0x18, 0x28, 0x7, 0x10, 0x7,
    0xff, 0x33, 0x40, 0x39, 0x83, 0x80, 0x39, 0xc0,
    0x3f, 0xf9, 0x8e, 0x1, 0xc4, 0x2, 0x1, 0xc4,
    0x1, 0xff, 0xcc, 0x20, 0xf, 0x9, 0x80, 0x77,
    0x80, 0x7f, 0xf4, 0xcc, 0x40, 0x3f, 0xfa, 0x62,
    0x1, 0xff, 0xc0, 0x10, 0xf, 0xfe, 0x69, 0x80,
    0x78, 0x40, 0x3f, 0xfa, 0x66, 0x1, 0xff, 0xc0,
    0x10, 0xf, 0xfe, 0x68, 0x80, 0x71, 0x98, 0x3,
    0xbc, 0x3, 0xff, 0xa6, 0x3c, 0x1, 0xc2, 0x1,
    0xff, 0xcc, 0x10, 0xe, 0x10, 0x20, 0xe, 0x50,
    0xf, 0xfe, 0x61, 0x0, 0x71, 0x83, 0x0, 0x71,
    0x0, 0x7f, 0xf3, 0x14, 0x3, 0x9c, 0xc, 0x3,
    0x84, 0x40, 0x1f, 0xfc, 0xbf, 0x0, 0xed, 0x0,
    0x18, 0x7, 0x20, 0x7, 0xff, 0x2d, 0x0, 0x38,
    0xc0, 0x8, 0x1, 0xdc, 0x1, 0xff, 0xca, 0x32,
    0x0, 0xe4, 0x0, 0x58, 0x7, 0x20, 0x80, 0x7f,
    0xf2, 0x68, 0x3, 0x94, 0x2, 0x32, 0x0, 0xe6,
    0x0, 0xff, 0xe4, 0xb, 0x80, 0x77, 0x80, 0x6a,
    0x0, 0xe8, 0x10, 0xf, 0xfe, 0x3c, 0x8, 0x6,
    0x15, 0x0, 0xce, 0x20, 0x1d, 0x0, 0x1f, 0xfc,
    0x62, 0x60, 0xe, 0x90, 0xf, 0x48, 0x7, 0x32,
    0x80, 0x7f, 0xf1, 0x7c, 0x3, 0x85, 0xc0, 0x3c,
    0xe4, 0x1, 0xd4, 0x80, 0x1f, 0xfc, 0x3b, 0x20,
    0xe, 0xb0, 0xf, 0xdc, 0x1, 0xeb, 0x60, 0xf,
    0xfe, 0x0, 0xe2, 0x0, 0x72, 0xa8, 0x3, 0xf1,
    0xc8, 0x7, 0xa6, 0xcc, 0x3, 0xf9, 0xf8, 0xc0,
    0x38, 0xe8, 0x3, 0xfc, 0xd0, 0x1, 0xe4, 0xcc,
    0x42, 0x99, 0x91, 0xab, 0xe0, 0x3, 0xc5, 0xa0,
    0x1f, 0xfc, 0x7, 0x90, 0xf, 0x8d, 0xeb, 0x31,
    0x72, 0xa0, 0x1f, 0x1e, 0x8, 0x7, 0xff, 0x5,
    0xac, 0x40, 0x3f, 0xf8, 0xed, 0x82, 0x1, 0xff,
    0xc3, 0x4e, 0x60, 0xf, 0xfe, 0x21, 0xe4, 0x80,
    0x7f, 0xf1, 0xe7, 0xa0, 0x80, 0x3f, 0xe5, 0xbc,
    0x30, 0xf, 0xfe, 0x48, 0xbe, 0xea, 0x90, 0x3,
    0xd7, 0xf4, 0x80, 0x1f, 0xfc, 0xe2, 0x5a, 0x0,
    0xf1, 0x80, 0x7f, 0xf4, 0xc5, 0xc0, 0x3a, 0x10,
    0x3, 0xff, 0xa7, 0x22, 0x1, 0xd6, 0xa0, 0x1f,
    0xfd, 0x21, 0xd0, 0xf, 0x55, 0x8, 0x3, 0xff,
    0xa2, 0x72, 0x1, 0xe5, 0xdb, 0x62, 0x0, 0x9,
    0xab, 0x8, 0x7, 0xff, 0x21, 0x9c, 0x3, 0xe4,
    0x9d, 0xff, 0x76, 0x54, 0xf1, 0x0, 0x7f, 0xf2,
    0x22, 0x80, 0x3f, 0xf8, 0x96, 0x1, 0xff, 0xc9,
    0x5d, 0x40, 0xf, 0xfe, 0x11, 0x0, 0x7f, 0xf2,
    0x8a, 0xec, 0x80, 0x1f, 0xfc, 0xc, 0x0, 0xff,
    0xe6, 0x25, 0xf5, 0x31, 0x88, 0x0, 0x91, 0xe7,
    0x5c,

    /* U+0052 "R" */
    0x3, 0xce, 0xff, 0xff, 0xbb, 0x9b, 0x72, 0xc4,
    0x1, 0xfe, 0xd3, 0x10, 0xf, 0xf8, 0x44, 0x48,
    0xd3, 0xba, 0x71, 0x0, 0xf1, 0x8, 0x7, 0xff,
    0x20, 0xa3, 0x98, 0x3, 0x84, 0x3, 0xff, 0x99,
    0x36, 0x1, 0xff, 0xd2, 0x4a, 0x0, 0xfe, 0x1e,
    0xff, 0xfb, 0xb6, 0xe1, 0x0, 0x3e, 0x57, 0x0,
    0xfc, 0x42, 0x1, 0xf0, 0x92, 0x3d, 0xf3, 0x0,
    0x7a, 0x40, 0x3f, 0xf9, 0x43, 0x32, 0x0, 0xe1,
    0x70, 0xf, 0xfe, 0x5b, 0x30, 0x3, 0xac, 0x3,
    0xff, 0x99, 0x0, 0x1c, 0x60, 0x1f, 0xfc, 0xc1,
    0x30, 0xe, 0x20, 0xf, 0xfe, 0x63, 0x0, 0x70,
    0x80, 0x7f, 0xf3, 0xc, 0x3, 0x9c, 0x3, 0xff,
    0xd6, 0x60, 0x1c, 0xe0, 0x1f, 0xfc, 0xc4, 0x0,
    0xe2, 0x0, 0xff, 0xe5, 0xa0, 0x80, 0x62, 0x10,
    0xf, 0xfe, 0x5c, 0x0, 0x72, 0x0, 0x7f, 0xf2,
    0xe4, 0xc0, 0x3a, 0xc0, 0x3f, 0xf9, 0x25, 0x8c,
    0x1, 0xca, 0x40, 0x1f, 0xfc, 0x63, 0x6b, 0xd3,
    0x0, 0xe1, 0xb0, 0xf, 0xc7, 0xdd, 0xfb, 0xfd,
    0x92, 0x80, 0x1f, 0x68, 0x80, 0x7f, 0x8, 0xfe,
    0x0, 0xff, 0xe, 0x18, 0x7, 0xff, 0x3d, 0x7c,
    0xc0, 0x3f, 0xf9, 0xcb, 0x94, 0x20, 0x1f, 0xfc,
    0xd4, 0xfa, 0x30, 0xf, 0xfe, 0x9, 0xff, 0xfd,
    0x40, 0x1c, 0x86, 0x1, 0xff, 0xcb, 0x54, 0x0,
    0xef, 0x0, 0xff, 0xe6, 0x48, 0x7, 0x1a, 0x80,
    0x7f, 0xf2, 0xc9, 0x80, 0x3a, 0xc0, 0x3f, 0xf9,
    0x90, 0x20, 0x18, 0x60, 0x3, 0xff, 0x96, 0x30,
    0x1, 0xce, 0x40, 0x1f, 0xfc, 0xb6, 0x20, 0xe,
    0x90, 0xf, 0xfe, 0x64, 0x80, 0x72, 0x28, 0x7,
    0xff, 0x2d, 0x10, 0x1, 0xd6, 0x1, 0xff, 0xcc,
    0x90, 0xe, 0x18, 0x0, 0xff, 0xe5, 0x93, 0x80,
    0x73, 0x90, 0x7, 0xff, 0x2e, 0x4, 0x3, 0xa4,
    0x3, 0xff, 0x99, 0x60, 0x1c, 0x88, 0x0, 0xff,
    0xe5, 0xa9, 0x80, 0x74, 0x80, 0x7f, 0xf3, 0x3c,
    0x3, 0x89, 0xc0, 0x3f, 0xf9, 0x66, 0xa0, 0x1d,
    0x2, 0x20, 0xe, 0x70, 0xf, 0xfe, 0x25, 0x80,
    0x7a, 0x8, 0xc0, 0x36, 0x80, 0x7f, 0xf1, 0x6,
    0xc4, 0x3, 0x20, 0x65, 0x44, 0xe3, 0x0, 0x7f,
    0xf1, 0x53, 0xae, 0x21, 0x38,

    /* U+0053 "S" */
    0x0, 0xff, 0xe0, 0x89, 0x19, 0x88, 0x40, 0x3f,
    0xf9, 0x22, 0xf7, 0xdc, 0xdc, 0xc6, 0xf7, 0xe4,
    0x18, 0x7, 0xff, 0xc, 0xab, 0xa1, 0x4, 0x3,
    0xe3, 0x7c, 0xc2, 0x0, 0x7f, 0xf0, 0x1b, 0x54,
    0x3, 0xff, 0x84, 0x77, 0x40, 0x1f, 0xea, 0x90,
    0xf, 0xfe, 0x32, 0xe0, 0x80, 0x7d, 0x2a, 0x1,
    0xff, 0xc8, 0x3a, 0x0, 0xf2, 0xb0, 0x7, 0x8a,
    0x33, 0xbf, 0xdd, 0x92, 0xa0, 0x1e, 0x41, 0x0,
    0xeb, 0x0, 0xf4, 0xeb, 0x98, 0x80, 0x4, 0xda,
    0xb9, 0x80, 0x30, 0x88, 0x3, 0x30, 0x80, 0x76,
    0x30, 0x7, 0xf8, 0x66, 0x80, 0x2a, 0x0, 0xea,
    0x0, 0xe9, 0x30, 0xf, 0xfe, 0xa, 0xf5, 0x6a,
    0x0, 0x71, 0x80, 0x73, 0x0, 0x7f, 0xf0, 0xc5,
    0x48, 0x3, 0x88, 0x3, 0x8c, 0x3, 0xff, 0x98,
    0x20, 0x1c, 0xe0, 0x1f, 0xfd, 0x26, 0x0, 0xff,
    0xe6, 0x10, 0x7, 0x11, 0x0, 0x3f, 0xf9, 0x62,
    0x20, 0xe, 0x80, 0xf, 0xfe, 0x63, 0x80, 0x72,
    0xb8, 0x7, 0xff, 0x2e, 0xc0, 0x3d, 0x14, 0x20,
    0x1f, 0xfc, 0x92, 0x60, 0xf, 0x2f, 0x48, 0x80,
    0x7f, 0xf2, 0x24, 0xc0, 0x3e, 0x6e, 0x92, 0x0,
    0xff, 0xe3, 0xe9, 0x0, 0x7e, 0x6d, 0xb4, 0x0,
    0xff, 0xe2, 0x8e, 0x20, 0x7, 0xf2, 0x5e, 0xb8,
    0x80, 0x7f, 0xf0, 0xc6, 0xe4, 0x3, 0xfc, 0x51,
    0xd2, 0x20, 0x1f, 0xfc, 0x36, 0xe6, 0x0, 0xff,
    0x9b, 0xa0, 0x3, 0xff, 0x86, 0x33, 0xce, 0x20,
    0x1f, 0xe7, 0xe4, 0x0, 0xff, 0xe1, 0x8c, 0x74,
    0x90, 0x7, 0xf0, 0xdb, 0x80, 0x7f, 0xf1, 0x5b,
    0x6d, 0x0, 0x3f, 0xa2, 0x0, 0x1f, 0xfc, 0x64,
    0xbd, 0x50, 0xf, 0xce, 0xc0, 0x1f, 0xfc, 0x72,
    0xac, 0x30, 0xf, 0xa4, 0x40, 0x3f, 0xf9, 0x7,
    0x92, 0x1, 0xf3, 0x0, 0x7f, 0xf2, 0x9b, 0x0,
    0x3d, 0x40, 0x1f, 0xfc, 0xb3, 0x90, 0xe, 0x20,
    0xf, 0xfe, 0x63, 0x0, 0x78, 0xc0, 0x3f, 0xf9,
    0x86, 0x1, 0xce, 0x1, 0xff, 0xcc, 0x60, 0xe,
    0x10, 0xf, 0xfe, 0x60, 0x80, 0x70, 0x80, 0x7f,
    0xf3, 0x14, 0x3, 0x98, 0x1, 0x38, 0xa0, 0x1f,
    0xfc, 0x63, 0x10, 0xe, 0x20, 0xc6, 0x3a, 0x80,
    0xf, 0xfe, 0x2f, 0x80, 0x72, 0x83, 0x18, 0x4,
    0xf4, 0x20, 0x1f, 0xfc, 0x2a, 0x30, 0xe, 0x90,
    0x10, 0xe, 0x5e, 0x81, 0x0, 0xff, 0x26, 0xa8,
    0x7, 0x29, 0x83, 0x8, 0x7, 0x9f, 0xb6, 0x5d,
    0x51, 0xa, 0xd3, 0xb6, 0x40, 0x1c, 0x36, 0x0,
    0x1d, 0x10, 0xf, 0x89, 0xa2, 0xae, 0xd5, 0x2c,
    0x40, 0x1e, 0x1c, 0x10, 0x8, 0xf0, 0xc0, 0x3f,
    0xf9, 0x25, 0x84, 0x1, 0xc5, 0x90, 0x1, 0xff,
    0xc7, 0x6d, 0x20, 0xf, 0xcf, 0xd0, 0x40, 0x1f,
    0xfc, 0x26, 0xd9, 0x0, 0xff, 0x85, 0xf7, 0x52,
    0xc6, 0x40, 0x10, 0x91, 0xbd, 0xfc, 0x90, 0x7,
    0xc0,

    /* U+0054 "T" */
    0x0, 0x9, 0x17, 0xff, 0x40, 0x3, 0x4f, 0x6e,
    0xff, 0xf4, 0x3e, 0x40, 0x98, 0x3, 0xff, 0xa4,
    0xc4, 0xc0, 0x1f, 0xfd, 0x41, 0x60, 0xf, 0xfe,
    0xa1, 0x11, 0xc0, 0x3f, 0xfa, 0x23, 0x2, 0x11,
    0xff, 0xff, 0xc0, 0x0, 0xe1, 0xff, 0xff, 0xb9,
    0xc0, 0x3f, 0xff, 0xe0, 0x1f, 0xff, 0xf0, 0xf,
    0xff, 0xf8, 0x7, 0xff, 0xfc, 0x3, 0xff, 0xfe,
    0x1, 0xff, 0xff, 0x0, 0xff, 0xff, 0x80, 0x7f,
    0xff, 0xc0, 0x3f, 0xff, 0xe0, 0x1f, 0xff, 0xf0,
    0xf, 0xff, 0xf8, 0x7, 0xff, 0xfc, 0x3, 0xff,
    0xfe, 0x1, 0xff, 0xff, 0x0, 0xff, 0xff, 0x80,
    0x7f, 0xff, 0xc0, 0x3f, 0xff, 0xac, 0x1, 0x98,
    0x3, 0xff, 0xa1, 0x37, 0x10, 0xc8, 0x0, 0xff,
    0xe1, 0x0,

    /* U+0055 "U" */
    0x1, 0x57, 0x61, 0x0, 0xff, 0xe5, 0x23, 0xb1,
    0x0, 0xfd, 0x44, 0xf1, 0x80, 0x7f, 0xf2, 0x2e,
    0xd1, 0x3a, 0x88, 0x10, 0xd, 0x60, 0x1f, 0xfc,
    0x84, 0x0, 0xda, 0x60, 0x1c, 0x20, 0x1f, 0xfc,
    0x71, 0x0, 0xe3, 0x0, 0xff, 0xff, 0x80, 0x7f,
    0xff, 0xc0, 0x3f, 0xff, 0xe0, 0x1f, 0xff, 0xf0,
    0xf, 0xff, 0xf8, 0x7, 0xff, 0xfc, 0x3, 0xff,
    0xfe, 0x1, 0xff, 0xff, 0x0, 0xff, 0xff, 0x80,
    0x7f, 0xf9, 0xcc, 0x3, 0xff, 0xa6, 0x60, 0x1f,
    0xfd, 0xb3, 0x0, 0xff, 0xe7, 0x8, 0x7, 0x8,
    0x7, 0xff, 0x1c, 0xc0, 0x38, 0x5c, 0x3, 0x9c,
    0x3, 0xff, 0x8e, 0xc0, 0x1d, 0xe4, 0x1, 0xc6,
    0x1, 0xff, 0xc7, 0x20, 0xe, 0x21, 0x0, 0xf0,
    0x80, 0x7f, 0xf1, 0xbc, 0x3, 0x98, 0xc, 0x3,
    0x90, 0x3, 0xff, 0x8c, 0x80, 0x1c, 0x60, 0x80,
    0x1d, 0xe0, 0x1f, 0xfc, 0x52, 0x20, 0x6, 0x30,
    0x6, 0x0, 0x72, 0x88, 0x7, 0xff, 0x12, 0xc0,
    0x39, 0x0, 0x8, 0x20, 0x1d, 0x0, 0x1f, 0xfc,
    0x32, 0x60, 0xe, 0xb0, 0x9, 0xc0, 0x39, 0x90,
    0x3, 0xff, 0x85, 0xc0, 0x1c, 0x46, 0x1, 0x40,
    0x7, 0xa8, 0xc0, 0x3f, 0xf8, 0x16, 0x60, 0x1d,
    0x0, 0x18, 0x5c, 0x3, 0x87, 0x1c, 0x3, 0xf9,
    0x75, 0x0, 0x38, 0xd4, 0x3, 0xa0, 0x80, 0x3d,
    0x1f, 0x4c, 0xa8, 0xad, 0x3b, 0x44, 0x1, 0xee,
    0x0, 0xfb, 0xc4, 0x3, 0xe5, 0x9a, 0xba, 0x96,
    0x20, 0xf, 0xa8, 0x80, 0x3e, 0x2f, 0x20, 0xf,
    0xfe, 0x45, 0xa8, 0x7, 0xf0, 0xeb, 0x0, 0x7f,
    0xf1, 0x4f, 0x50, 0x3, 0xff, 0x81, 0x3a, 0xa0,
    0x1f, 0xfc, 0x13, 0xac, 0x20, 0xf, 0xfe, 0x11,
    0x57, 0xd3, 0x18, 0x80, 0x42, 0x4b, 0x1b, 0x8a,
    0x1, 0xf8,

    /* U+0056 "V" */
    0x4, 0x77, 0x20, 0x7, 0xff, 0x30, 0x59, 0xd8,
    0x81, 0xee, 0x21, 0x7a, 0x20, 0x1f, 0xfc, 0x94,
    0xe9, 0x89, 0xd1, 0xf0, 0xc, 0x50, 0x1, 0xff,
    0xc9, 0x90, 0xe, 0x3c, 0x0, 0xe7, 0x0, 0xff,
    0xe4, 0x11, 0x0, 0x31, 0x11, 0x4, 0x3, 0x9,
    0x80, 0x7f, 0xf1, 0xd4, 0x3, 0x94, 0x0, 0xe0,
    0x1d, 0x60, 0x1f, 0xfc, 0x7b, 0x0, 0xeb, 0x0,
    0x68, 0x7, 0x28, 0x7, 0xff, 0x18, 0x4c, 0x3,
    0x9, 0x80, 0x10, 0x3, 0x88, 0x40, 0x3f, 0xf8,
    0xa8, 0x1, 0xce, 0x1, 0x94, 0x3, 0x9c, 0x3,
    0xff, 0x8b, 0xe0, 0x1d, 0xa0, 0x1b, 0xc0, 0x3b,
    0x40, 0x3f, 0xf8, 0xa8, 0x1, 0x85, 0x0, 0x32,
    0x80, 0x72, 0x0, 0x7f, 0xf1, 0xc, 0x40, 0x32,
    0x0, 0x79, 0x0, 0x39, 0x0, 0x3f, 0xf8, 0x76,
    0x1, 0xde, 0x1, 0xed, 0x0, 0xed, 0x0, 0xff,
    0xe1, 0xa8, 0x7, 0x28, 0x7, 0x9c, 0x3, 0x9c,
    0x3, 0xff, 0x84, 0x24, 0x1, 0x94, 0x3, 0xe1,
    0x40, 0xc, 0x26, 0x1, 0xff, 0xc1, 0x70, 0xe,
    0xf0, 0xf, 0xda, 0x1, 0xc8, 0x1, 0xff, 0xc1,
    0xd0, 0xe, 0x50, 0xf, 0xce, 0x1, 0xd6, 0x1,
    0xff, 0xc1, 0x40, 0xc, 0x80, 0x1f, 0xc2, 0x60,
    0x18, 0xc4, 0x3, 0xfe, 0x40, 0xe, 0xd0, 0xf,
    0xf5, 0x80, 0x73, 0x80, 0x7f, 0xda, 0x1, 0xce,
    0x1, 0xfe, 0x50, 0xe, 0xc0, 0xf, 0xf9, 0xc0,
    0x31, 0x88, 0x7, 0xf8, 0x88, 0x1, 0x94, 0x3,
    0xfc, 0x42, 0x1, 0xa8, 0x3, 0xff, 0x80, 0xa0,
    0x1c, 0x80, 0x1f, 0xca, 0x1, 0xce, 0x1, 0xff,
    0xc0, 0xb0, 0xe, 0xd0, 0xf, 0xeb, 0x0, 0xc6,
    0x20, 0x1f, 0xfc, 0x3, 0x20, 0xc, 0x80, 0x1f,
    0x84, 0xc0, 0x35, 0x80, 0x7f, 0xf0, 0x94, 0x3,
    0x11, 0x0, 0x3e, 0x40, 0xe, 0x50, 0xf, 0xfe,
    0x15, 0x80, 0x72, 0x80, 0x7d, 0xe0, 0x18, 0x88,
    0x1, 0xff, 0xc2, 0x31, 0x0, 0xd8, 0x1, 0xf2,
    0x0, 0x65, 0x0, 0xff, 0xe2, 0x38, 0x6, 0x40,
    0xf, 0x18, 0x80, 0x6b, 0x0, 0xff, 0xe2, 0x68,
    0x7, 0x28, 0x7, 0x58, 0x6, 0x23, 0x0, 0xff,
    0xe2, 0x20, 0x7, 0x60, 0x7, 0x28, 0x6, 0x50,
    0xf, 0xfe, 0x32, 0x80, 0x67, 0x0, 0xc2, 0x40,
    0x1a, 0xc0, 0x3f, 0xf8, 0xde, 0x1, 0x84, 0x80,
    0x27, 0x0, 0xc2, 0x60, 0x1f, 0xfc, 0x65, 0x0,
    0xe5, 0x0, 0xb4, 0x3, 0x38, 0x7, 0xff, 0x21,
    0x0, 0x35, 0x80, 0x5, 0x0, 0x36, 0x80, 0x7f,
    0xf2, 0x38, 0x3, 0x18, 0x83, 0x80, 0x61, 0x40,
    0xf, 0xfe, 0x42, 0x0, 0x72, 0x6, 0x80, 0x64,
    0x0, 0xff, 0xe4, 0x8a, 0x0, 0x6f, 0x4, 0x0,
    0xde, 0x1, 0xff, 0xca, 0xd0, 0xc, 0x8a, 0x1,
    0xca, 0x1, 0xff, 0xca, 0x70, 0xc, 0x36, 0x1,
    0x94, 0x3, 0xff, 0x96, 0x26, 0x1, 0x84, 0x3,
    0x78, 0x7, 0xff, 0x32, 0xc0, 0x3f, 0x94, 0x3,
    0xff, 0x98, 0xa0, 0x1f, 0x90, 0x3, 0xff, 0x9a,
    0x44, 0x0, 0xfb, 0x40, 0x3f, 0xf9, 0xd0, 0x1,
    0xe1, 0x60, 0xf, 0xfe, 0x72, 0xc9, 0x0, 0x47,
    0x80, 0x1f, 0xfc, 0x20,

    /* U+0057 "W" */
    0x1, 0x67, 0x61, 0x0, 0xff, 0xe2, 0x8b, 0x3a,
    0x80, 0x7f, 0xf1, 0x89, 0x9d, 0x40, 0x7a, 0x62,
    0x79, 0x0, 0x3f, 0xf8, 0x65, 0xd3, 0x15, 0xa2,
    0x1, 0xff, 0xc3, 0x5d, 0x98, 0xab, 0x20, 0xe,
    0x80, 0xf, 0xfe, 0x1c, 0x0, 0x62, 0xb0, 0xf,
    0xfe, 0x1c, 0x80, 0x66, 0x20, 0xe, 0x30, 0xf,
    0xfe, 0x1a, 0x80, 0x72, 0x0, 0x7f, 0xf0, 0xcc,
    0x3, 0x38, 0x90, 0x7, 0x10, 0x7, 0xff, 0x4,
    0xc0, 0x3c, 0x26, 0x1, 0xff, 0xc1, 0x30, 0xe,
    0xd0, 0x70, 0xe, 0x70, 0xf, 0xfe, 0xa, 0x0,
    0x7c, 0x80, 0x1f, 0xfc, 0x15, 0x0, 0xe3, 0xc,
    0x0, 0xed, 0x0, 0xff, 0xe0, 0xe0, 0x7, 0xd8,
    0x1, 0xff, 0xc1, 0xf0, 0xe, 0x50, 0x50, 0xe,
    0x40, 0xf, 0xfe, 0xa, 0x0, 0x7c, 0x80, 0x1f,
    0xfc, 0x15, 0x0, 0xc4, 0x20, 0x60, 0x1c, 0x60,
    0x1f, 0xfc, 0x3, 0x0, 0xfe, 0x30, 0xf, 0xfe,
    0x1, 0x80, 0x67, 0x0, 0x8c, 0x3, 0x88, 0x3,
    0xfe, 0x40, 0xc, 0x80, 0x19, 0x0, 0x3f, 0xe2,
    0x0, 0xec, 0x0, 0x94, 0x3, 0x9c, 0x3, 0xfe,
    0xc0, 0xd, 0x0, 0x1b, 0x0, 0x3f, 0xe7, 0x0,
    0xe5, 0x0, 0xb0, 0x3, 0xb4, 0x3, 0xfe, 0x40,
    0x8, 0x8c, 0x40, 0x24, 0x0, 0xff, 0xb4, 0x3,
    0x8c, 0x2, 0x70, 0xe, 0x30, 0xf, 0xf1, 0x80,
    0x64, 0x4, 0x0, 0xc6, 0x1, 0xfe, 0x30, 0xc,
    0x60, 0x18, 0x80, 0x39, 0x40, 0x3f, 0xc8, 0x1,
    0xb0, 0x30, 0x3, 0x20, 0x7, 0xf9, 0x40, 0x32,
    0x80, 0x72, 0x0, 0x61, 0x10, 0x7, 0xf6, 0x0,
    0x64, 0x4, 0x0, 0xd8, 0x1, 0xfc, 0x42, 0x1,
    0xbc, 0x3, 0x8c, 0x3, 0x94, 0x3, 0xf9, 0x0,
    0x22, 0x10, 0x21, 0x0, 0x90, 0x3, 0xf9, 0xc0,
    0x39, 0x40, 0x3b, 0x40, 0x38, 0xc0, 0x3f, 0x18,
    0x6, 0x40, 0x9, 0x40, 0x31, 0x80, 0x7e, 0xd0,
    0xe, 0x30, 0xe, 0x40, 0xe, 0xd0, 0xf, 0xc8,
    0x1, 0xbc, 0x2, 0xc0, 0xd, 0x60, 0x1f, 0x8c,
    0x3, 0x18, 0x7, 0x84, 0x40, 0x19, 0x0, 0x3f,
    0x60, 0x6, 0x40, 0x9, 0x0, 0x32, 0x0, 0x7e,
    0x50, 0xc, 0xa0, 0x1f, 0x20, 0x6, 0x11, 0x0,
    0x7c, 0x80, 0x10, 0x90, 0x4, 0x60, 0x18, 0xc0,
    0x3e, 0x11, 0x0, 0x6c, 0x0, 0xfb, 0x40, 0x39,
    0x40, 0x3c, 0x60, 0x19, 0x0, 0x39, 0x0, 0x32,
    0x0, 0x79, 0x40, 0x39, 0xc0, 0x3e, 0x30, 0xe,
    0x30, 0xf, 0x20, 0x6, 0xc0, 0xe, 0x30, 0xd,
    0x80, 0x1e, 0x30, 0xc, 0x24, 0x1, 0xf2, 0x0,
    0x76, 0x80, 0x7a, 0xc0, 0x32, 0x0, 0x76, 0x0,
    0x64, 0x0, 0xf6, 0x80, 0x65, 0x0, 0xfe, 0x20,
    0xc, 0xe0, 0x1e, 0x30, 0x8, 0x48, 0x3, 0x90,
    0x3, 0x18, 0x7, 0x9c, 0x3, 0x18, 0x7, 0xf3,
    0x80, 0x62, 0x0, 0xe3, 0x0, 0xc8, 0x1, 0xf1,
    0x80, 0x64, 0x0, 0xe2, 0x0, 0xda, 0x1, 0xfd,
    0x80, 0x1c, 0x60, 0x19, 0x0, 0x36, 0x0, 0x7c,
    0x80, 0x1b, 0x0, 0x31, 0x80, 0x72, 0x0, 0x7f,
    0x28, 0x7, 0x28, 0x6, 0xc0, 0xc, 0x80, 0x1f,
    0x60, 0x6, 0x40, 0xc, 0xa0, 0x18, 0x44, 0x1,
    0xfc, 0x60, 0x1d, 0xc0, 0x19, 0x40, 0x21, 0x20,
    0xf, 0x94, 0x3, 0x18, 0x6, 0xf0, 0xc, 0xa0,
    0x1f, 0xf1, 0x80, 0x63, 0x0, 0x88, 0x40, 0x24,
    0x0, 0xfc, 0x24, 0x1, 0x8c, 0x2, 0x50, 0xd,
    0x80, 0x1f, 0xf2, 0x80, 0x65, 0x0, 0x90, 0x3,
    0x60, 0x7, 0xf2, 0x0, 0x64, 0x0, 0x88, 0x3,
    0x18, 0x7, 0xfd, 0x80, 0x18, 0x44, 0x0, 0xf0,
    0xc, 0x80, 0x1f, 0xd8, 0x1, 0xb0, 0x0, 0x22,
    0x0, 0xca, 0x1, 0xff, 0x38, 0x7, 0x10, 0x1,
    0x0, 0x21, 0x20, 0xf, 0xe4, 0x0, 0xc8, 0x0,
    0x50, 0xc, 0x42, 0x1, 0xff, 0x10, 0x80, 0x65,
    0x1, 0x20, 0x9, 0x0, 0x3f, 0xc2, 0x40, 0x18,
    0xc0, 0xc0, 0x33, 0x80, 0x7f, 0xf0, 0x54, 0x3,
    0x78, 0x20, 0x6, 0xc0, 0xf, 0xf9, 0xc0, 0x32,
    0x6, 0x80, 0x6d, 0x0, 0xff, 0xe0, 0x98, 0x6,
    0x50, 0xc0, 0xc, 0x80, 0x1f, 0xf6, 0x0, 0x6c,
    0x6, 0x0, 0xc8, 0x1, 0xff, 0xc1, 0xc0, 0xc,
    0x60, 0x80, 0x10, 0x90, 0x7, 0xfc, 0x80, 0x19,
    0x40, 0xc0, 0x31, 0x80, 0x7f, 0xf0, 0x54, 0x3,
    0x8c, 0x80, 0x25, 0x0, 0xff, 0xe0, 0x10, 0x80,
    0x42, 0xa0, 0x18, 0x80, 0x3f, 0xf8, 0x42, 0x20,
    0xd, 0x20, 0x1b, 0x0, 0x3f, 0xf8, 0x28, 0x1,
    0xb8, 0x3, 0x20, 0x7, 0xff, 0xd, 0x0, 0x32,
    0x80, 0x64, 0x0, 0xff, 0xe0, 0xe0, 0x6, 0x40,
    0xd, 0xe0, 0x1f, 0xfc, 0x3d, 0x0, 0xfe, 0x30,
    0xf, 0xfe, 0xa, 0x0, 0x7f, 0x28, 0x7, 0xff,
    0xd, 0x0, 0x3f, 0x20, 0x7, 0xff, 0x8, 0x84,
    0x3, 0xf1, 0x80, 0x7f, 0xf0, 0xcc, 0x3, 0xf6,
    0x0, 0x7f, 0xf0, 0xd4, 0x3, 0xe3, 0x0, 0xff,
    0xe2, 0x98, 0x7, 0xc8, 0x1, 0xff, 0xc3, 0xc0,
    0xf, 0x90, 0x3, 0xff, 0x8b, 0x60, 0x1e, 0x33,
    0x0, 0x7f, 0xf0, 0xd8, 0x3, 0xeb, 0x0, 0xff,
    0xe2, 0xbb, 0x84, 0x2, 0x4e, 0x0, 0xff, 0xe2,
    0xd, 0x98, 0x4, 0x52, 0x60, 0x1f, 0x80,

    /* U+0058 "X" */
    0x1, 0x8a, 0x97, 0x20, 0xf, 0xfe, 0x3a, 0xcd,
    0x4a, 0x0, 0x25, 0xd5, 0xa3, 0x5c, 0x3, 0xff,
    0x8b, 0x94, 0xca, 0xd4, 0x0, 0xb0, 0xe, 0x83,
    0x0, 0xff, 0xe1, 0xc1, 0x80, 0x64, 0x0, 0x1a,
    0x80, 0x77, 0x80, 0x7f, 0xf0, 0x85, 0xc0, 0x3a,
    0xc0, 0x28, 0x0, 0xe3, 0x40, 0xf, 0xfe, 0xc,
    0x0, 0x73, 0x88, 0x4, 0x4e, 0x1, 0xd2, 0x1,
    0xff, 0xc0, 0x16, 0x0, 0xc3, 0x0, 0x1d, 0x22,
    0x1, 0x89, 0x40, 0x3f, 0xe8, 0x0, 0xe8, 0x0,
    0xf0, 0xc0, 0x7, 0x40, 0x7, 0xf8, 0x98, 0x3,
    0x13, 0x0, 0x7c, 0xc4, 0x1, 0x89, 0x80, 0x3f,
    0xa0, 0x3, 0xa4, 0x3, 0xfa, 0x40, 0x3a, 0x0,
    0x3f, 0x12, 0x80, 0x63, 0x40, 0xf, 0xe4, 0x40,
    0x6, 0x17, 0x0, 0xfa, 0x0, 0x3b, 0xc0, 0x3f,
    0xe9, 0x0, 0xe8, 0x10, 0xe, 0x35, 0x0, 0xca,
    0x60, 0x1f, 0xf1, 0x30, 0x7, 0x48, 0x7, 0x40,
    0x7, 0x58, 0x7, 0xff, 0x6, 0x0, 0x39, 0xc4,
    0x2, 0x34, 0x0, 0xce, 0x20, 0x1f, 0xfc, 0x11,
    0x80, 0xe, 0xb0, 0xa, 0x0, 0x30, 0xc0, 0x7,
    0xff, 0xd, 0xc4, 0x3, 0x29, 0x2, 0x20, 0x3,
    0x40, 0x7, 0xff, 0x16, 0xc0, 0x3a, 0x42, 0x0,
    0x31, 0x30, 0x7, 0xff, 0x15, 0x4c, 0x3, 0x24,
    0x18, 0x6, 0x80, 0xf, 0xfe, 0x3f, 0x80, 0x73,
    0x80, 0x63, 0x50, 0xf, 0xfe, 0x39, 0xa8, 0x7,
    0xf7, 0x80, 0x7f, 0xf2, 0x60, 0x3, 0xf2, 0x98,
    0x7, 0xff, 0x24, 0x9c, 0x3, 0xe8, 0x0, 0xff,
    0xe5, 0x88, 0x7, 0x88, 0x80, 0x1f, 0xfc, 0xa2,
    0x60, 0xf, 0x13, 0x0, 0x7f, 0xf2, 0xa4, 0x3,
    0xf4, 0x0, 0x7f, 0xf2, 0x51, 0x0, 0x1f, 0x86,
    0x0, 0x3f, 0xf9, 0x12, 0x1, 0x8c, 0xc0, 0x19,
    0xc8, 0x3, 0xff, 0x8c, 0xc4, 0x1, 0xbf, 0xc0,
    0x1d, 0x0, 0x1f, 0xfc, 0x68, 0x0, 0xc8, 0x66,
    0x40, 0xc, 0xa8, 0x1, 0xff, 0xc4, 0x81, 0x0,
    0xd2, 0x0, 0x90, 0xe, 0x90, 0xf, 0xfe, 0x19,
    0x38, 0x6, 0x52, 0x0, 0x13, 0x0, 0x62, 0x60,
    0xf, 0xfe, 0x14, 0x0, 0x74, 0x0, 0x68, 0x0,
    0xe8, 0x0, 0xff, 0xe0, 0x9a, 0x80, 0x66, 0x20,
    0xc, 0x2e, 0x1, 0x86, 0x0, 0x3f, 0xf8, 0x1e,
    0x1, 0xd0, 0x1, 0xe9, 0x10, 0xc, 0xe4, 0x1,
    0xfe, 0x53, 0x0, 0xce, 0x20, 0x1e, 0x19, 0x0,
    0xe8, 0x0, 0xff, 0x58, 0x6, 0x18, 0x0, 0xfc,
    0xe2, 0x1, 0x95, 0x0, 0x3f, 0x38, 0x80, 0x69,
    0x0, 0xff, 0x40, 0x7, 0x48, 0x7, 0xc3, 0x0,
    0x18, 0x5c, 0x3, 0xfc, 0xc4, 0x1, 0x89, 0x80,
    0x3d, 0x0, 0x1d, 0x60, 0x1f, 0xfc, 0x9, 0x0,
    0xe8, 0x0, 0xe3, 0x60, 0xc, 0x4a, 0x1, 0xff,
    0xc0, 0x43, 0x0, 0xc3, 0x0, 0x1a, 0x0, 0x3a,
    0x40, 0x3f, 0xf8, 0x5e, 0x1, 0xce, 0x40, 0x5,
    0x40, 0xc, 0x68, 0x1, 0xff, 0xc2, 0x34, 0x0,
    0xe8, 0x0, 0x40, 0x7, 0x78, 0x7, 0xff, 0x12,
    0x40, 0x39, 0x51, 0x4, 0x1, 0x94, 0xc0, 0x3f,
    0xf8, 0x84, 0xe0, 0x1d, 0xec, 0x60, 0x2, 0x8a,
    0x0, 0xff, 0xe3, 0x44, 0x98, 0x80, 0xe8,

    /* U+0059 "Y" */
    0x5, 0x77, 0x20, 0x7, 0xff, 0x29, 0x5d, 0xc8,
    0xf, 0x51, 0xb, 0xe3, 0x0, 0xff, 0xe3, 0x1f,
    0x54, 0x42, 0xd4, 0x80, 0x30, 0xf0, 0x7, 0xff,
    0x1b, 0x84, 0x3, 0x32, 0x88, 0x6, 0x25, 0x0,
    0xff, 0xe2, 0x29, 0x0, 0x64, 0x30, 0x80, 0xe,
    0x90, 0xf, 0xfe, 0x24, 0x80, 0x77, 0x80, 0x18,
    0x40, 0x31, 0x98, 0x3, 0xff, 0x84, 0x86, 0x1,
    0x8d, 0x0, 0x29, 0x0, 0xe9, 0x0, 0xff, 0xe1,
    0x78, 0x7, 0x40, 0x6, 0x71, 0x0, 0xca, 0x40,
    0x1f, 0xfc, 0x3, 0x40, 0xc, 0x68, 0x1, 0xd2,
    0x1, 0xd6, 0x1, 0xff, 0xc0, 0x90, 0xe, 0x80,
    0xf, 0x38, 0x80, 0x66, 0x10, 0xf, 0xf1, 0x28,
    0x6, 0x34, 0x0, 0xfa, 0x40, 0x39, 0x80, 0x3f,
    0xd6, 0x1, 0xd2, 0x1, 0xf9, 0xc4, 0x3, 0x48,
    0x7, 0xf0, 0xb0, 0x6, 0x25, 0x0, 0xfe, 0x60,
    0xc, 0x2c, 0x1, 0xfa, 0x40, 0x3a, 0x0, 0x3f,
    0xd2, 0x1, 0xd6, 0x1, 0xf9, 0xc0, 0x31, 0x28,
    0x7, 0xf8, 0x5c, 0x3, 0x12, 0x0, 0x79, 0xc0,
    0x3a, 0x0, 0x3f, 0xf8, 0x12, 0x1, 0xde, 0x1,
    0xe9, 0x0, 0xc4, 0xa0, 0x1f, 0xfc, 0x1, 0x70,
    0xc, 0x84, 0x1, 0x98, 0x40, 0x35, 0x80, 0x7f,
    0xf0, 0xa4, 0x3, 0xa0, 0x3, 0x58, 0x6, 0x26,
    0x0, 0xff, 0xe1, 0xb, 0x0, 0x65, 0x10, 0x2,
    0x90, 0x6, 0xb0, 0xf, 0xfe, 0x24, 0x0, 0x74,
    0x80, 0x20, 0x3, 0xb, 0x0, 0x7f, 0xf1, 0x5,
    0x80, 0x33, 0x2, 0x10, 0x6, 0x80, 0xf, 0xfe,
    0x34, 0x0, 0x61, 0x68, 0x0, 0xc2, 0xc0, 0x1f,
    0xfc, 0x61, 0x60, 0xd, 0x6, 0x1, 0xa4, 0x3,
    0xff, 0x91, 0x60, 0x18, 0x40, 0x30, 0xb8, 0x7,
    0xff, 0x20, 0x94, 0x3, 0xf4, 0x80, 0x7f, 0xf2,
    0xa0, 0x3, 0xe1, 0x70, 0xf, 0xfe, 0x51, 0x28,
    0x7, 0xa4, 0x3, 0xff, 0x99, 0x0, 0x1e, 0x70,
    0xf, 0xfe, 0x61, 0x0, 0x70, 0x80, 0x7f, 0xff,
    0xc0, 0x3f, 0xff, 0xe0, 0x1f, 0xff, 0xf0, 0xf,
    0xff, 0xf8, 0x7, 0xff, 0xfc, 0x3, 0xff, 0xf8,
    0x60, 0x1f, 0xfc, 0xe1, 0x0, 0xcc, 0x1, 0xff,
    0xce, 0xa3, 0x0, 0x24, 0x80, 0x7f, 0xf0, 0x40,

    /* U+005A "Z" */
    0x0, 0x97, 0xbf, 0xff, 0xf9, 0xb2, 0x1, 0xac,
    0x40, 0x3f, 0xf9, 0xac, 0x40, 0x10, 0x80, 0x7f,
    0xfb, 0xc8, 0x2, 0x90, 0xf, 0xfe, 0x73, 0x0,
    0x66, 0xfe, 0xdd, 0xff, 0xe2, 0xb0, 0x7, 0xac,
    0x3, 0xc2, 0x45, 0xff, 0xc4, 0x37, 0x0, 0xe8,
    0x20, 0xf, 0xfe, 0x5c, 0x8, 0x6, 0x37, 0x0,
    0xff, 0xe5, 0xa3, 0x0, 0x77, 0x80, 0x7f, 0xf3,
    0x24, 0x3, 0x9c, 0xc0, 0x3f, 0xf9, 0x70, 0x40,
    0x18, 0xa0, 0x3, 0xff, 0x96, 0x4e, 0x1, 0xd2,
    0x1, 0xff, 0xcc, 0xe0, 0xe, 0x54, 0x0, 0xff,
    0xe5, 0xb1, 0x80, 0x61, 0xb0, 0xf, 0xfe, 0x58,
    0xc8, 0x7, 0x58, 0x80, 0x7f, 0xf2, 0xe8, 0x3,
    0x91, 0x40, 0x3f, 0xf9, 0x6a, 0x80, 0x1d, 0x20,
    0x1f, 0xfc, 0xb1, 0xb0, 0xe, 0x82, 0x0, 0xff,
    0xe5, 0xc0, 0x80, 0x63, 0x70, 0xf, 0xfe, 0x5a,
    0x30, 0x7, 0x78, 0x7, 0xff, 0x32, 0x40, 0x39,
    0xcc, 0x3, 0xff, 0x97, 0x4, 0x1, 0x8a, 0x0,
    0x3f, 0xf9, 0x64, 0xe0, 0x1d, 0x20, 0x1f, 0xfc,
    0xce, 0x0, 0xe6, 0x40, 0xf, 0xfe, 0x5b, 0x18,
    0x6, 0x18, 0x0, 0xff, 0xe5, 0x8c, 0x80, 0x75,
    0x88, 0x7, 0xff, 0x2e, 0x80, 0x39, 0x14, 0x3,
    0xff, 0x96, 0xa8, 0x1, 0xd4, 0x1, 0xff, 0xcb,
    0x1b, 0x0, 0xe9, 0x10, 0xf, 0xfe, 0x5c, 0x8,
    0x6, 0x36, 0x0, 0xff, 0xe5, 0xa3, 0x0, 0x77,
    0x0, 0x7f, 0xf3, 0x24, 0x3, 0x9c, 0x80, 0x3f,
    0xf9, 0x70, 0x40, 0x18, 0xa0, 0x3, 0xff, 0x96,
    0x4e, 0x1, 0xdc, 0x1, 0xff, 0xcc, 0xe0, 0xe,
    0x63, 0x0, 0xff, 0xe5, 0xb9, 0x80, 0x61, 0x80,
    0xf, 0xfe, 0x58, 0xc0, 0x7, 0x58, 0x80, 0x7f,
    0xf2, 0xe8, 0x3, 0x91, 0x40, 0x3f, 0xf9, 0x6a,
    0x80, 0x1d, 0x40, 0x1f, 0xfc, 0xb1, 0xb0, 0xe,
    0x63, 0x22, 0xff, 0xe3, 0x88, 0x5, 0x22, 0x1,
    0xcd, 0xbb, 0xff, 0xc8, 0xec, 0x0, 0x30, 0x7,
    0xff, 0x40, 0xd4, 0x84, 0x3, 0xff, 0xa2, 0x60,
    0x1f, 0xfd, 0x32, 0x23, 0x80, 0x7f, 0xf4, 0x15,
    0x0,

    /* U+005B "[" */
    0x1b, 0xff, 0xfe, 0xb0, 0x84, 0x0, 0xfe, 0x45,
    0x50, 0x7, 0xfc, 0xc2, 0x1, 0xc, 0x4c, 0xf6,
    0x98, 0x6, 0x77, 0x33, 0x71, 0x0, 0x7f, 0xff,
    0xc0, 0x3f, 0xff, 0xe0, 0x1f, 0xff, 0xf0, 0xf,
    0xff, 0xf8, 0x7, 0xff, 0xfc, 0x3, 0xff, 0xfe,
    0x1, 0xff, 0xff, 0x0, 0xff, 0xff, 0x80, 0x7f,
    0xfa, 0xdb, 0xff, 0xd6, 0x2c, 0x1, 0xfe, 0x47,
    0xe0, 0xf, 0xf9, 0x55, 0x93, 0x11, 0xfb, 0xc,

    /* U+005C "\\" */
    0x7f, 0xe8, 0x0, 0xff, 0xe3, 0x58, 0xb, 0xa8,
    0x7, 0xff, 0x15, 0x40, 0x2e, 0x0, 0xff, 0xe2,
    0xe8, 0x4, 0x80, 0x1f, 0xfc, 0x54, 0x0, 0xca,
    0x1, 0xff, 0xc5, 0x50, 0xb, 0xc0, 0x3f, 0xf8,
    0xbe, 0x1, 0x20, 0x7, 0xff, 0x15, 0x0, 0x21,
    0x40, 0xf, 0xfe, 0x20, 0xa0, 0x5, 0x80, 0x1f,
    0xfc, 0x5c, 0x0, 0x94, 0x3, 0xff, 0x8a, 0xa0,
    0x11, 0x10, 0x3, 0xff, 0x88, 0x44, 0x0, 0x94,
    0x3, 0xff, 0x8a, 0xa0, 0x15, 0x80, 0x7f, 0xf1,
    0x6c, 0x2, 0x31, 0x0, 0xff, 0xe2, 0x18, 0x80,
    0x4e, 0x1, 0xff, 0xc5, 0x70, 0xb, 0x40, 0x3f,
    0xf8, 0xba, 0x1, 0x20, 0x7, 0xff, 0x15, 0x0,
    0x32, 0x80, 0x7f, 0xf1, 0x54, 0x2, 0xf0, 0xf,
    0xfe, 0x2f, 0x80, 0x48, 0x1, 0xff, 0xc5, 0x40,
    0x8, 0x4c, 0x3, 0xff, 0x88, 0x26, 0x1, 0x58,
    0x7, 0xff, 0x16, 0xc0, 0x25, 0x0, 0xff, 0xe2,
    0xa8, 0x4, 0x44, 0x0, 0xff, 0xe2, 0x11, 0x0,
    0x25, 0x0, 0xff, 0xe2, 0xa8, 0x5, 0x60, 0x1f,
    0xfc, 0x5b, 0x0, 0x8c, 0x40, 0x3f, 0xf8, 0x86,
    0x20, 0x13, 0x80, 0x7f, 0xf1, 0x5c, 0x2, 0xd0,
    0xf, 0xfe, 0x2e, 0x80, 0x48, 0x1, 0xff, 0xc5,
    0x40, 0xc, 0xa0, 0x1f, 0xfc, 0x55, 0x0, 0xb0,
    0x3, 0xff, 0x8b, 0xe0, 0x13, 0x80, 0x7f, 0xf1,
    0x50, 0x2, 0x13, 0x0, 0xff, 0xe2, 0x9, 0x80,
    0x56, 0x1, 0xff, 0xc5, 0xb0, 0x9, 0x40, 0x3f,
    0xf8, 0xaa, 0x1, 0x11, 0x0, 0x3f, 0xf8, 0x84,
    0x40, 0x9, 0x40, 0x3f, 0xf8, 0xaa, 0x1, 0x58,
    0x7, 0xff, 0x16, 0xc0, 0x23, 0x10, 0xf, 0xfe,
    0x21, 0x88, 0x4, 0xe0, 0x1f, 0xfc, 0x57, 0x0,
    0xb4, 0x3, 0xff, 0x8b, 0xa0, 0x12, 0x0, 0x7f,
    0xf1, 0x50, 0x3, 0x20, 0x7, 0xff, 0x15, 0x40,
    0x2d, 0x0, 0xff, 0xe2, 0xe0, 0x4, 0xe0, 0x1f,
    0xfc, 0x57, 0x0, 0x84, 0xc0, 0x3f, 0xf8, 0x82,
    0x60, 0x15, 0x80, 0x7f, 0xf1, 0x6c, 0x2, 0x50,
    0xf, 0xfe, 0x2a, 0x80, 0x44, 0x40, 0xf, 0xfe,
    0x21, 0x10, 0x2, 0x50, 0xf, 0xfe, 0x2a, 0x80,
    0x56, 0x1, 0xff, 0xc5, 0xb0, 0x8, 0xc4, 0x3,
    0xff, 0x88, 0x62, 0x1, 0x38, 0x7, 0xff, 0x15,
    0xc0, 0x2d, 0x0, 0xff, 0xe2, 0xe8, 0x4, 0x80,
    0x1f, 0xfc, 0x54, 0x0, 0xc8, 0x1, 0xff, 0xc5,
    0x50, 0xb, 0x0, 0x3f, 0xf8, 0xb6, 0xa0, 0x36,

    /* U+005D "]" */
    0x7, 0xef, 0xff, 0xda, 0x80, 0x30, 0x20, 0x1f,
    0x8a, 0x80, 0x44, 0x1, 0xfe, 0x12, 0xf, 0xa9,
    0x9e, 0x30, 0xc, 0x20, 0x2a, 0xcd, 0xd2, 0x1,
    0xff, 0xff, 0x0, 0xff, 0xff, 0x80, 0x7f, 0xff,
    0xc0, 0x3f, 0xff, 0xe0, 0x1f, 0xff, 0xf0, 0xf,
    0xff, 0xf8, 0x7, 0xff, 0xfc, 0x3, 0xff, 0xfe,
    0x1, 0xff, 0xff, 0x0, 0xff, 0xe9, 0xc7, 0x7f,
    0xf5, 0x0, 0x61, 0x13, 0x88, 0x7, 0xf8, 0xc4,
    0x40, 0x1f, 0xe5, 0x10, 0xf9, 0x88, 0xfd, 0x54,
    0x0,

    /* U+005E "^" */
    0x0, 0xff, 0x95, 0xd8, 0x40, 0x3f, 0xf8, 0xe3,
    0xd5, 0x13, 0xc8, 0x1, 0xff, 0xc6, 0xb1, 0x0,
    0xd4, 0x1, 0xff, 0xc5, 0x15, 0x0, 0xe1, 0x50,
    0xf, 0xfe, 0x23, 0x0, 0x7d, 0x20, 0x1f, 0xfc,
    0x4a, 0x0, 0xf8, 0xc8, 0x3, 0xff, 0x84, 0x64,
    0x1, 0x10, 0x6, 0xa0, 0xf, 0xfe, 0x14, 0x80,
    0x6f, 0x0, 0xcc, 0x1, 0xff, 0xc2, 0x50, 0x9,
    0x9, 0x40, 0x21, 0x50, 0xf, 0xfe, 0x3, 0x0,
    0x6e, 0xe, 0x0, 0xdc, 0x1, 0xff, 0xc0, 0xa0,
    0xc, 0xa0, 0x82, 0x1, 0x20, 0x80, 0x7f, 0x8c,
    0xc0, 0x13, 0x0, 0x4c, 0x1, 0x98, 0x3, 0xfd,
    0x40, 0x1a, 0x80, 0x2a, 0x0, 0xd4, 0x1, 0xfe,
    0x70, 0x8, 0x4c, 0x2, 0x23, 0x0, 0x89, 0x0,
    0x3f, 0x28, 0x80, 0x4c, 0x1, 0xd2, 0x1, 0xb8,
    0x3, 0xf7, 0x0, 0x6a, 0x0, 0xe5, 0x0, 0xca,
    0x20, 0x1e, 0x24, 0x0, 0x8c, 0x80, 0x3c, 0xc0,
    0x19, 0xc0, 0x3d, 0x40, 0x1a, 0x80, 0x3e, 0xa0,
    0xd, 0x60, 0x1e, 0x60, 0xc, 0xe0, 0x1f, 0x19,
    0x0, 0x44, 0x60, 0x19, 0x4, 0x2, 0x41, 0x0,
    0xfd, 0x40, 0x1a, 0x80, 0x37, 0x80, 0x6e, 0x0,
    0xfe, 0x60, 0xc, 0xc0, 0x10, 0xa0, 0x4, 0x2a,
    0x1, 0xfc, 0x2a, 0x1, 0x98, 0x0, 0xc0, 0x19,
    0xc0, 0x3f, 0xee, 0x0, 0xd4, 0x0, 0xa0, 0xd,
    0x40, 0x1f, 0xf2, 0x8, 0x4, 0x64, 0x84, 0x1,
    0x11, 0x80, 0x7f, 0xf0, 0x18, 0x3, 0x56, 0x0,
    0x6b, 0x0, 0xff, 0xe0, 0xc8, 0x6, 0x5c, 0x20,
    0x28, 0x60, 0xf, 0xfe, 0x8, 0xe1, 0x80, 0x14,

    /* U+005F "_" */
    0x0, 0xff, 0xeb, 0x5f, 0xff, 0xff, 0x47, 0x91,
    0x50, 0x3, 0xff, 0xa2, 0x30, 0x1, 0xff, 0xd5,
    0x55, 0x0, 0x7f, 0xf4, 0x46, 0x0,

    /* U+0060 "`" */
    0x1, 0xaf, 0x80, 0xf, 0xc3, 0x8a, 0xe, 0xc0,
    0x1f, 0x41, 0x0, 0x52, 0x80, 0x1e, 0x30, 0xe,
    0xb2, 0x0, 0xe8, 0x0, 0xf7, 0x88, 0x6, 0x2c,
    0x0, 0xe2, 0xd0, 0xe, 0x3c, 0x0, 0xe3, 0x90,
    0xe, 0x3c, 0x0, 0xe6, 0x70, 0xe, 0x3c, 0x10,
    0xd, 0x8, 0x1, 0xc7, 0xa2, 0x1, 0xac, 0x40,
    0x38, 0xf4, 0x40, 0x33, 0x80, 0x78, 0xf0, 0x40,
    0x24, 0x0, 0xf8, 0xb0, 0xc6, 0x88,

    /* U+0061 "a" */
    0x0, 0xfe, 0x47, 0xac, 0xdd, 0x65, 0xca, 0x80,
    0x7f, 0xf0, 0x92, 0xbe, 0xe1, 0x4c, 0x88, 0x68,
    0xd5, 0xf0, 0x1, 0xfe, 0x3c, 0xb5, 0x0, 0xff,
    0xe0, 0x3f, 0x10, 0x7, 0xd3, 0x86, 0x1, 0xff,
    0xc3, 0x1c, 0x20, 0xe, 0x66, 0x0, 0x7f, 0xf1,
    0x87, 0xc0, 0x3b, 0xc0, 0x3c, 0xd3, 0xbd, 0xfe,
    0xd9, 0x30, 0xe, 0x27, 0x0, 0xda, 0x1, 0xc,
    0xfc, 0xb1, 0x8, 0x0, 0x9b, 0x1c, 0x3, 0xa4,
    0x3, 0x24, 0xa3, 0xfb, 0x0, 0x7f, 0xa1, 0x0,
    0x30, 0xa0, 0x6, 0x6b, 0x81, 0x0, 0xff, 0xe0,
    0x40, 0x7, 0x68, 0x7, 0xff, 0x20, 0xc0, 0x39,
    0x40, 0x3f, 0xf9, 0x24, 0x1, 0x8c, 0x3, 0xff,
    0x92, 0x20, 0x1f, 0xfc, 0xe2, 0x0, 0xe1, 0x0,
    0xff, 0xe1, 0xa, 0x3c, 0xdf, 0x8, 0x7, 0x18,
    0x7, 0xf8, 0x9e, 0xfb, 0x97, 0xc, 0x82, 0x1,
    0xe1, 0x0, 0xf8, 0xa3, 0x75, 0x8, 0x20, 0x1f,
    0xfc, 0x62, 0xad, 0x72, 0x0, 0xff, 0xe4, 0xbe,
    0xa8, 0x7, 0xe3, 0x69, 0xce, 0x50, 0xf, 0xeb,
    0x80, 0xf, 0xb, 0xe7, 0xe4, 0xb1, 0x88, 0x7,
    0xf5, 0x20, 0x7, 0x15, 0x74, 0x18, 0x7, 0xff,
    0x9, 0x54, 0x1, 0xcf, 0xaa, 0x1, 0xff, 0xc5,
    0x80, 0xe, 0x98, 0x0, 0xff, 0xe3, 0x19, 0x0,
    0x65, 0x60, 0xf, 0xfe, 0x3a, 0x0, 0x77, 0x0,
    0x7f, 0xf2, 0x38, 0x3, 0x94, 0x3, 0xff, 0x90,
    0x40, 0x1f, 0xfc, 0xe1, 0x0, 0xe2, 0x0, 0xff,
    0xe0, 0x22, 0x80, 0x78, 0x80, 0x39, 0x0, 0x3f,
    0xe8, 0xb0, 0xf, 0xb4, 0x3, 0xa4, 0x40, 0x3f,
    0x1e, 0x38, 0x7, 0xe5, 0x0, 0xe1, 0xf5, 0x0,
    0xe4, 0xac, 0x30, 0xf, 0xf3, 0x80, 0x70, 0xd7,
    0xe5, 0xe7, 0xda, 0x80, 0x64, 0x0, 0xfa, 0xc,
    0x3, 0xe3, 0x43, 0x0, 0xe4, 0xcb, 0x0, 0xfd,
    0xa6, 0x1, 0xff, 0xc0, 0x4c, 0xb3, 0x3, 0x0,
    0xc4, 0x0, 0x1c, 0x70, 0xf, 0xe6, 0xdb, 0x30,
    0xa, 0x0, 0x26, 0x10, 0xd, 0x1d, 0x8, 0x20,
    0x3, 0x8e, 0x92, 0x0, 0xe4, 0xfd, 0xe9, 0x0,

    /* U+0062 "b" */
    0xa, 0xef, 0xd5, 0x0, 0xff, 0xe6, 0x42, 0x88,
    0x15, 0x0, 0x7f, 0xf3, 0x8, 0x3, 0x88, 0x3,
    0xff, 0xa2, 0x60, 0x1f, 0xff, 0xf0, 0xf, 0xff,
    0xf8, 0x7, 0xff, 0x44, 0x40, 0x3f, 0xff, 0xe0,
    0x1f, 0xff, 0xf0, 0xc, 0x2d, 0x5b, 0xdc, 0xdb,
    0x83, 0x0, 0xff, 0xe3, 0x14, 0xf4, 0xa9, 0x8,
    0x89, 0x1f, 0x30, 0x80, 0x1f, 0xfc, 0x37, 0xd6,
    0x0, 0xff, 0x1d, 0xc8, 0x7, 0xff, 0x0, 0x72,
    0x0, 0x3f, 0xf8, 0x4d, 0x60, 0x1f, 0xf7, 0x98,
    0x7, 0xff, 0x11, 0x24, 0x3, 0xfc, 0x20, 0x19,
    0x2b, 0x7f, 0xb6, 0x8, 0x3, 0xcc, 0x60, 0x1f,
    0xfc, 0x3, 0xcb, 0x52, 0x1, 0x27, 0xd8, 0x0,
    0xf7, 0x0, 0x7f, 0xd1, 0x86, 0x1, 0xf9, 0xe4,
    0x3, 0x89, 0x40, 0x3f, 0xad, 0xc0, 0x3f, 0xe6,
    0x40, 0xe, 0xe0, 0xf, 0xd6, 0x80, 0x1f, 0xfc,
    0x19, 0x0, 0xe4, 0x20, 0xf, 0x98, 0x3, 0xff,
    0x84, 0x46, 0x1, 0xc8, 0x1, 0xff, 0xcb, 0xb0,
    0xe, 0xf0, 0xf, 0xfe, 0x59, 0x80, 0x72, 0x80,
    0x7f, 0xf2, 0xd8, 0x3, 0x8c, 0x3, 0xff, 0x96,
    0x40, 0x1f, 0xfd, 0x81, 0x0, 0xff, 0xe5, 0x88,
    0x7, 0x18, 0x7, 0xff, 0x44, 0x40, 0x3f, 0xf9,
    0x62, 0x1, 0xc2, 0x1, 0xff, 0xd1, 0x30, 0xf,
    0xfe, 0x51, 0x0, 0x78, 0x40, 0x3f, 0xf9, 0x4e,
    0x1, 0xc4, 0x1, 0xff, 0xcb, 0xd0, 0xe, 0x70,
    0xf, 0xfe, 0x5b, 0x0, 0x76, 0x80, 0x7f, 0xf2,
    0x90, 0x40, 0x39, 0x40, 0x3f, 0xf9, 0x50, 0x1,
    0xc6, 0x40, 0x1f, 0x8, 0x7, 0xff, 0x5, 0x8c,
    0x3, 0xa4, 0x3, 0xf6, 0x40, 0x7, 0xfc, 0x92,
    0x1, 0xc6, 0xa0, 0x1f, 0xcf, 0xce, 0x20, 0x1f,
    0x35, 0x80, 0x7b, 0xc0, 0x3f, 0xe1, 0x8e, 0xa4,
    0x0, 0xb, 0x64, 0x80, 0x7a, 0xc, 0x3, 0xff,
    0x84, 0xb7, 0xfe, 0xe9, 0x30, 0xf, 0x2b, 0x80,
    0x7f, 0x2a, 0x80, 0x3f, 0xf8, 0x8d, 0x40, 0x1f,
    0xef, 0xa8, 0x0, 0xff, 0xe1, 0x4c, 0x80, 0x3d,
    0xc0, 0x11, 0xa8, 0x3f, 0x28, 0x7, 0xf9, 0x79,
    0x80, 0x3e, 0x4d, 0xab, 0xc0, 0x8, 0x6b, 0xa5,
    0x8, 0x0, 0x49, 0x3d, 0x42, 0x1, 0xf8,

    /* U+0063 "c" */
    0x0, 0xff, 0xe0, 0x24, 0x5e, 0xed, 0x94, 0xe4,
    0x1, 0xff, 0xc2, 0x29, 0xfb, 0x74, 0x22, 0x8d,
    0x63, 0x6c, 0xc0, 0x3f, 0xe8, 0xd6, 0x0, 0xff,
    0x93, 0x1c, 0x3, 0xf0, 0xe3, 0x80, 0x7f, 0xf0,
    0xe1, 0xc0, 0x3c, 0x5e, 0x60, 0x1f, 0xfc, 0x5c,
    0x0, 0xe1, 0xc1, 0x0, 0xf2, 0x56, 0xff, 0xba,
    0x8c, 0x3, 0x68, 0x7, 0x68, 0x80, 0x71, 0x65,
    0xa9, 0x0, 0x5, 0x72, 0x0, 0xc, 0xc0, 0xd,
    0x6, 0x1, 0xc7, 0xa6, 0x1, 0xf9, 0xff, 0xa4,
    0x3, 0xb, 0x80, 0x71, 0x60, 0x7, 0xff, 0x0,
    0x40, 0x3a, 0x0, 0x3d, 0xe0, 0x1f, 0xfc, 0x76,
    0x0, 0xe7, 0x20, 0xf, 0xfe, 0x32, 0x0, 0x7a,
    0x40, 0x3f, 0xf8, 0xf8, 0x1, 0xc8, 0x20, 0x1f,
    0xfc, 0x74, 0x0, 0xec, 0x0, 0xff, 0xe4, 0x10,
    0x7, 0x20, 0x7, 0xff, 0x20, 0x40, 0x38, 0x80,
    0x3f, 0xf8, 0xe2, 0x1, 0xe1, 0x0, 0xff, 0xfe,
    0x88, 0x7, 0x84, 0x3, 0xff, 0x9c, 0x60, 0x1f,
    0xfc, 0x82, 0x0, 0xe4, 0x0, 0xff, 0xe4, 0x38,
    0x7, 0x60, 0x7, 0xff, 0x23, 0x0, 0x39, 0x0,
    0x3f, 0xf9, 0x8, 0x1, 0xc2, 0xc0, 0x1f, 0xfc,
    0x72, 0x30, 0xe, 0xb0, 0xf, 0xfe, 0x44, 0x80,
    0x71, 0x50, 0x7, 0xff, 0x1d, 0x4c, 0x3, 0x95,
    0xc0, 0x3f, 0xf8, 0x6, 0x80, 0x1d, 0xe0, 0x1e,
    0x89, 0x10, 0xf, 0xe9, 0xcb, 0xa0, 0xc, 0x70,
    0x1, 0xe6, 0xf8, 0x30, 0x8, 0x4e, 0x39, 0x80,
    0xa, 0x60, 0x19, 0xdc, 0x1, 0xe1, 0x7c, 0xff,
    0xbb, 0x1c, 0x40, 0x33, 0x80, 0x74, 0x38, 0x7,
    0xff, 0x18, 0x90, 0x3, 0xd1, 0x62, 0x1, 0xff,
    0xc3, 0x4c, 0x0, 0xfc, 0x9c, 0xe2, 0x1, 0xff,
    0x14, 0xd8, 0x80, 0x7f, 0xa3, 0xa9, 0x8c, 0x40,
    0x2, 0x48, 0xf7, 0xac, 0x1, 0x0,

    /* U+0064 "d" */
    0x0, 0xff, 0xe6, 0x1e, 0x7f, 0x58, 0x80, 0x7f,
    0xf3, 0x38, 0xc0, 0x52, 0xc0, 0x3f, 0xf9, 0x84,
    0x1, 0x98, 0x3, 0xff, 0xa2, 0x20, 0x1f, 0xfe,
    0xa1, 0x0, 0xff, 0xff, 0x80, 0x7f, 0xf0, 0x8c,
    0x3, 0xff, 0xfe, 0x1, 0xff, 0xc2, 0x10, 0xf,
    0xff, 0xf8, 0xb5, 0xef, 0xfb, 0xb2, 0x4c, 0x3,
    0x38, 0x7, 0xff, 0x4, 0x67, 0xa5, 0x8, 0x0,
    0x26, 0xd9, 0x82, 0x0, 0xff, 0xe1, 0xa7, 0xb0,
    0x7, 0xf8, 0xf6, 0x0, 0x3f, 0xf8, 0x2f, 0x62,
    0x1, 0xff, 0xc1, 0x7d, 0x60, 0xf, 0xf3, 0xc0,
    0x7, 0xff, 0x10, 0x88, 0x1, 0xfc, 0x90, 0x1,
    0xe1, 0x7c, 0xef, 0xda, 0x50, 0xf, 0xfe, 0x8,
    0xd0, 0x7, 0x9b, 0xa0, 0xc4, 0x9, 0x6b, 0x98,
    0x3, 0xfe, 0xb1, 0x0, 0xe7, 0x90, 0xf, 0xc3,
    0x38, 0x20, 0x1f, 0x89, 0x40, 0x39, 0x60, 0x3,
    0xfe, 0x3f, 0x0, 0xfd, 0x60, 0x1c, 0x36, 0x1,
    0xff, 0xc1, 0x10, 0xf, 0xcc, 0x1, 0xd2, 0x20,
    0x1f, 0xfc, 0x94, 0x0, 0xf3, 0x0, 0x7f, 0xf2,
    0xb0, 0x3, 0x90, 0x40, 0x3f, 0xf9, 0x46, 0x1,
    0xd8, 0x1, 0xff, 0xcb, 0x60, 0xe, 0x30, 0xf,
    0xfe, 0x59, 0x80, 0x73, 0x0, 0x7f, 0xf2, 0xc4,
    0x3, 0x8c, 0x3, 0xff, 0xa2, 0x20, 0x1f, 0xfd,
    0x11, 0x0, 0xff, 0xe5, 0x88, 0x7, 0xff, 0x44,
    0xc0, 0x38, 0x80, 0x3f, 0xf9, 0x62, 0x1, 0xcc,
    0x1, 0xff, 0xcb, 0x50, 0xe, 0xd0, 0xf, 0xfe,
    0x5f, 0x80, 0x72, 0x0, 0x7f, 0xf2, 0xd0, 0x3,
    0x8c, 0x80, 0x3f, 0xf9, 0x44, 0x40, 0xe, 0xb0,
    0xf, 0xfe, 0x5d, 0x0, 0x73, 0x10, 0x7, 0xff,
    0x7, 0x0, 0x3f, 0x30, 0x7, 0xbc, 0x40, 0x3f,
    0xc5, 0xa6, 0x1, 0xf8, 0x5c, 0x3, 0x8b, 0x8,
    0x3, 0xf3, 0x69, 0x0, 0x7f, 0xa0, 0x80, 0x38,
    0xb6, 0x50, 0x40, 0x4, 0xfb, 0x20, 0x1f, 0xfc,
    0x1e, 0x0, 0xf9, 0xaf, 0xbf, 0xdb, 0x4, 0x1,
    0x88, 0x3, 0xf8, 0xe8, 0x3, 0xff, 0x8b, 0x12,
    0x1, 0xfe, 0x5b, 0x10, 0xf, 0xfe, 0x9, 0x63,
    0xb0, 0x6, 0x10, 0xf, 0x27, 0xb0, 0x7, 0xf8,
    0x63, 0x4c, 0x9, 0x40, 0x2a, 0x0, 0xf8, 0x67,
    0xa5, 0x48, 0x2, 0x25, 0xae, 0x70, 0xd, 0x59,
    0x5a, 0xc0,

    /* U+0065 "e" */
    0x0, 0xff, 0xe0, 0x24, 0x55, 0xd4, 0xba, 0x0,
    0x7f, 0xf1, 0x8a, 0x7e, 0xdd, 0x51, 0x5a, 0x2f,
    0xa0, 0x40, 0x3f, 0xf8, 0x51, 0xac, 0x1, 0xfc,
    0x2f, 0xea, 0x1, 0xff, 0xe, 0x38, 0x7, 0xff,
    0x4, 0x6a, 0x0, 0x3f, 0x8b, 0xcc, 0x3, 0xff,
    0x88, 0xec, 0x1, 0xf0, 0xf8, 0x80, 0x72, 0x4e,
    0xff, 0xb6, 0x4c, 0x3, 0xa4, 0x80, 0x3d, 0x44,
    0x1, 0x86, 0xec, 0xc4, 0x0, 0x26, 0xc8, 0x0,
    0xee, 0x0, 0xe6, 0x40, 0xc, 0x5e, 0x80, 0x1f,
    0x9e, 0x40, 0x31, 0xa0, 0x4, 0x30, 0x1, 0x87,
    0x4, 0x3, 0xfc, 0xc8, 0x1, 0xb8, 0x2, 0x61,
    0x0, 0xd4, 0x20, 0x1f, 0xfc, 0x9, 0x0, 0xca,
    0x1, 0x48, 0x6, 0x34, 0x0, 0xff, 0xe0, 0x91,
    0x80, 0x64, 0x3, 0x10, 0xd, 0x20, 0x1f, 0xfc,
    0x34, 0x0, 0xc6, 0x16, 0x1, 0xca, 0x1, 0xff,
    0xc3, 0xe0, 0xd, 0xa0, 0x60, 0x18, 0x80, 0x3f,
    0xf8, 0x86, 0x1, 0x84, 0x14, 0x3, 0xa, 0xaf,
    0xff, 0x13, 0x80, 0x33, 0x80, 0x80, 0x63, 0xaa,
    0xff, 0xe2, 0x20, 0x6, 0x11, 0x0, 0x7f, 0xf3,
    0xc4, 0x3, 0xff, 0xa0, 0x80, 0x1f, 0xfc, 0xe1,
    0x58, 0x0, 0xf0, 0xf7, 0xff, 0xff, 0x1b, 0xa8,
    0x4, 0x3, 0x88, 0x40, 0x3f, 0xf9, 0x44, 0x1,
    0x88, 0x3, 0xff, 0x96, 0xe0, 0x18, 0x44, 0x1,
    0xff, 0xca, 0xc0, 0xe, 0x60, 0xf, 0xfe, 0x53,
    0x80, 0x75, 0x0, 0x7f, 0xf2, 0x85, 0x0, 0x31,
    0x38, 0x7, 0xff, 0x2b, 0xc0, 0x3a, 0x10, 0x3,
    0xff, 0x92, 0x86, 0x1, 0xd4, 0x60, 0x1f, 0xfc,
    0x9e, 0x0, 0xe1, 0xc6, 0x0, 0xff, 0x8e, 0x60,
    0x3, 0xc5, 0x20, 0x1e, 0x9d, 0x61, 0x0, 0xf2,
    0x56, 0x33, 0xc0, 0x7, 0x9a, 0x0, 0x3c, 0x53,
    0xdb, 0x97, 0x9b, 0xf6, 0xa0, 0x13, 0x0, 0x7c,
    0xf2, 0x1, 0xf8, 0x8d, 0xc, 0x80, 0x3c, 0x40,
    0x1f, 0x9b, 0x8, 0x3, 0xff, 0x88, 0x7c, 0x1,
    0xfc, 0x7b, 0x24, 0x1, 0xff, 0xc0, 0x3a, 0xc2,
    0x0, 0xff, 0x9b, 0x71, 0xd0, 0x80, 0x21, 0x25,
    0x8d, 0xc5, 0x0, 0xc0,

    /* U+0066 "f" */
    0x0, 0xff, 0x13, 0xe7, 0x7f, 0x53, 0xa0, 0x7,
    0xfd, 0x3b, 0x6, 0x20, 0x2b, 0x17, 0x80, 0x1f,
    0x87, 0x18, 0x3, 0xf8, 0xc0, 0x3f, 0x51, 0x80,
    0x7f, 0x88, 0x3, 0xe5, 0x40, 0xf, 0x12, 0x10,
    0x2, 0x40, 0x3e, 0x90, 0xe, 0x2c, 0xdb, 0xdf,
    0xf2, 0x0, 0x78, 0x8c, 0x3, 0xbc, 0xc0, 0x3f,
    0xf8, 0xe, 0x1, 0xcc, 0x40, 0x1f, 0xfc, 0x1d,
    0x0, 0xec, 0x0, 0xff, 0xe1, 0x10, 0x7, 0x38,
    0x7, 0xff, 0x8, 0x40, 0x38, 0xc0, 0x3f, 0xff,
    0xe0, 0x1f, 0xfd, 0xc1, 0x8a, 0xb4, 0x0, 0xec,
    0xdd, 0xd6, 0x40, 0x1b, 0x1d, 0x50, 0x3, 0xc4,
    0x5c, 0x9c, 0x1, 0x11, 0x0, 0x3f, 0xf8, 0x66,
    0x1, 0x18, 0x7, 0xff, 0x10, 0x80, 0x21, 0x81,
    0x0, 0xff, 0xe0, 0x94, 0x80, 0x67, 0xef, 0xf2,
    0x0, 0x77, 0x7f, 0xed, 0x40, 0xf, 0xff, 0xf8,
    0x7, 0xff, 0xfc, 0x3, 0xff, 0xfe, 0x1, 0xff,
    0xff, 0x0, 0xff, 0xff, 0x80, 0x7f, 0xff, 0xc0,
    0x3f, 0xff, 0xe0, 0x1f, 0xfc, 0x21, 0x0, 0xff,
    0xe1, 0x70, 0x6, 0x40, 0xf, 0xfe, 0x1a, 0xec,
    0xc5, 0xd8, 0x3, 0xfc,

    /* U+0067 "g" */
    0x0, 0xfe, 0x16, 0xad, 0xef, 0xec, 0x83, 0x0,
    0xff, 0xe4, 0x14, 0xf4, 0xa9, 0x8, 0x9, 0xbe,
    0x7f, 0xff, 0xac, 0x40, 0x3e, 0x5d, 0x60, 0xf,
    0xfe, 0x42, 0x30, 0x7, 0xa2, 0x80, 0x3f, 0xf9,
    0x7e, 0x1, 0xce, 0xe0, 0xf, 0x2c, 0x4c, 0x28,
    0x7, 0xff, 0x7, 0x0, 0x31, 0xc0, 0x7, 0x2f,
    0x53, 0xb3, 0xd7, 0x28, 0x7, 0x23, 0x36, 0xa4,
    0x0, 0xd0, 0x1, 0xcd, 0x42, 0x1, 0xc3, 0x4c,
    0x1, 0x9e, 0x67, 0x28, 0x6, 0x24, 0x0, 0xc7,
    0x20, 0x1f, 0xd2, 0x60, 0x11, 0xb8, 0x7, 0xe5,
    0x0, 0xe8, 0x0, 0xff, 0xa0, 0x3, 0x48, 0x7,
    0xec, 0x0, 0xe4, 0x0, 0xff, 0x90, 0x3, 0x9,
    0x0, 0x7c, 0xe0, 0x18, 0x80, 0x3f, 0xf8, 0x26,
    0x1, 0x90, 0x3, 0xe1, 0x0, 0xc2, 0x1, 0xff,
    0xc1, 0x70, 0xc, 0x20, 0x1f, 0xfd, 0x3f, 0x0,
    0xf8, 0x40, 0x31, 0x0, 0x7f, 0xf0, 0x58, 0x3,
    0x70, 0x7, 0xca, 0x1, 0x84, 0x80, 0x3f, 0xe2,
    0x20, 0x6, 0x20, 0xf, 0xb0, 0x3, 0xac, 0x3,
    0xfe, 0xb0, 0xe, 0x40, 0xf, 0x94, 0x40, 0x33,
    0x20, 0x7, 0xf2, 0x30, 0x6, 0x50, 0xf, 0xe6,
    0x0, 0xea, 0x40, 0xf, 0x92, 0xc0, 0x3a, 0x0,
    0x3f, 0xa0, 0xc0, 0x30, 0xdd, 0x20, 0x80, 0xa5,
    0xd8, 0x3, 0xa0, 0x80, 0x3f, 0xda, 0x40, 0x1c,
    0xb7, 0xdf, 0xd6, 0x80, 0x1c, 0xce, 0x1, 0xff,
    0xc, 0x80, 0x7f, 0xf1, 0x22, 0x40, 0x3f, 0xf8,
    0x3, 0x0, 0x1f, 0xfc, 0x23, 0xc7, 0x0, 0xff,
    0xe0, 0xe1, 0x80, 0x59, 0x48, 0x20, 0x18, 0xdf,
    0x30, 0x60, 0x1f, 0xfc, 0x19, 0x20, 0xa, 0x4d,
    0x6f, 0xba, 0xff, 0x64, 0x18, 0x7, 0xff, 0xd,
    0x80, 0x21, 0x60, 0xc, 0x22, 0x0, 0xff, 0xe3,
    0x98, 0x6, 0x20, 0xf, 0xfe, 0x73, 0x80, 0x61,
    0x0, 0xff, 0xe7, 0x38, 0x6, 0x26, 0x0, 0xff,
    0xe6, 0x90, 0x7, 0x4d, 0x20, 0x80, 0x7f, 0xf2,
    0x85, 0x40, 0x39, 0x6f, 0xbf, 0xff, 0xbb, 0x6a,
    0xc, 0x3, 0xfa, 0xc0, 0x3f, 0xf8, 0xa2, 0x4a,
    0xf9, 0xcc, 0x1, 0xf0, 0xe0, 0x80, 0x7f, 0xf2,
    0x6, 0x70, 0x3, 0xe1, 0x30, 0xf, 0xfe, 0x51,
    0xe0, 0x7, 0x1e, 0x10, 0x0, 0x5d, 0x4, 0x3,
    0xff, 0x8a, 0x6c, 0x1, 0x16, 0x8, 0x0, 0x72,
    0x2f, 0xbf, 0xff, 0x76, 0xc9, 0x80, 0x7a, 0x80,
    0x2f, 0x0, 0xda, 0x40, 0x1f, 0xf0, 0x93, 0x64,
    0x0, 0x71, 0x80, 0x18, 0x80, 0x26, 0x30, 0xf,
    0xfe, 0x23, 0x90, 0x7, 0x8, 0x50, 0x6, 0xa0,
    0xf, 0xfe, 0x32, 0x0, 0x71, 0x81, 0x80, 0x62,
    0x0, 0xff, 0xe3, 0x8, 0x7, 0x18, 0x80, 0x7f,
    0xf3, 0xc, 0x3, 0x10, 0x88, 0x3, 0x90, 0x3,
    0xff, 0x8a, 0x68, 0x1, 0x94, 0x0, 0x20, 0x1a,
    0x40, 0x3f, 0xf8, 0x83, 0xc0, 0x1d, 0x40, 0x7,
    0x0, 0xc7, 0x0, 0x1f, 0xfc, 0x22, 0xc2, 0x0,
    0xce, 0x40, 0xa, 0x0, 0xe7, 0xb2, 0x0, 0xff,
    0x9f, 0x48, 0x3, 0x24, 0x0, 0x46, 0xe0, 0x1c,
    0x9b, 0x8e, 0x84, 0x22, 0x23, 0x6a, 0xf8, 0x0,
    0xe3, 0xb0, 0xe, 0x85, 0x0, 0xf1, 0xc5, 0xef,
    0x73, 0x72, 0x54, 0x3, 0xcd, 0x80, 0x1f, 0x54,
    0x0, 0x7f, 0xf1, 0xcb, 0x24, 0x3, 0xf9, 0xf9,
    0xc4, 0x3, 0xff, 0x84, 0x95, 0xa6, 0x1, 0xff,
    0xc, 0x76, 0x43, 0x18, 0x88, 0x0, 0x24, 0x6f,
    0x5d, 0x6a, 0x1, 0xf8,

    /* U+0068 "h" */
    0xa, 0xef, 0xd5, 0x0, 0xff, 0xe4, 0xc2, 0x88,
    0x15, 0x0, 0x7f, 0xf2, 0x48, 0x3, 0x88, 0x3,
    0xff, 0x9c, 0x60, 0x1f, 0xff, 0xf0, 0xf, 0xff,
    0xf8, 0x7, 0xfc, 0x20, 0x1f, 0xff, 0xf0, 0xf,
    0xff, 0xa9, 0xc6, 0x77, 0xf6, 0xd2, 0x80, 0x7f,
    0xf1, 0xf, 0x30, 0xe6, 0x20, 0x24, 0xb5, 0xa8,
    0x1, 0xff, 0xc0, 0x1a, 0xc3, 0x0, 0xfe, 0x2b,
    0x60, 0xf, 0xf1, 0xe2, 0x80, 0x7f, 0xf0, 0x65,
    0x40, 0x3f, 0x26, 0x10, 0x7, 0xff, 0xe, 0xc0,
    0x3f, 0x58, 0x6, 0x17, 0xbd, 0xd5, 0xb0, 0x7,
    0x85, 0xc0, 0x3f, 0xe8, 0xe8, 0x42, 0x22, 0x4e,
    0x0, 0x7a, 0x80, 0x3f, 0x8b, 0x5c, 0x3, 0xe3,
    0xa0, 0xe, 0x21, 0x0, 0xf8, 0xf0, 0x80, 0x3f,
    0x94, 0x80, 0x39, 0x0, 0x3c, 0x78, 0x20, 0x1f,
    0xf2, 0x0, 0x76, 0x80, 0x7b, 0x80, 0x3f, 0xf8,
    0x38, 0x1, 0xc4, 0x1, 0xff, 0xc8, 0x60, 0xe,
    0x10, 0xf, 0xfe, 0x40, 0x80, 0x7f, 0xf3, 0x8c,
    0x3, 0x9c, 0x3, 0xff, 0xfe, 0x1, 0xff, 0xff,
    0x0, 0xff, 0xff, 0x80, 0x7f, 0xff, 0xc0, 0x3f,
    0xff, 0xe0, 0x1f, 0xff, 0xf0, 0xf, 0xfe, 0xc1,
    0x80, 0x71, 0x80, 0x7f, 0xf0, 0x44, 0x3, 0x9e,
    0x80, 0x32, 0x88, 0x7, 0xff, 0x9, 0x80, 0x37,
    0x9f, 0x5d, 0x65, 0x0, 0x7f, 0xf0, 0xe7, 0x6a,
    0xf9, 0x0,

    /* U+0069 "i" */
    0x0, 0x4f, 0x7e, 0x28, 0x5, 0x8c, 0x20, 0x74,
    0xa0, 0xa6, 0x1, 0xd6, 0x1a, 0x1, 0xe1, 0x17,
    0x80, 0x7c, 0x28, 0x1, 0xe3, 0x3, 0x70, 0xc,
    0x5c, 0x0, 0x8d, 0x87, 0x9d, 0x20, 0x8, 0x9e,
    0x18, 0x3, 0xff, 0xbe, 0x20, 0x1c, 0x39, 0xfd,
    0xc6, 0x0, 0xa4, 0xc0, 0x3, 0x20, 0x11, 0x0,
    0x71, 0x0, 0x7f, 0xff, 0xc0, 0x3f, 0xff, 0xe0,
    0x1f, 0xff, 0xf0, 0xf, 0xfe, 0x89, 0x0, 0x71,
    0x0, 0x21, 0x44, 0xa, 0xc0, 0x0,

    /* U+006A "j" */
    0x0, 0xfe, 0x27, 0x85, 0x0, 0xff, 0x9b, 0x61,
    0xeb, 0x44, 0x3, 0xf1, 0x48, 0x6, 0x2b, 0x0,
    0xfc, 0x80, 0x1e, 0x50, 0xf, 0xc2, 0x1, 0xff,
    0xc3, 0x30, 0xf, 0x8, 0x7, 0xe4, 0x30, 0xe,
    0x80, 0xf, 0xec, 0x62, 0x3, 0xa6, 0x0, 0xff,
    0x4e, 0xfe, 0x28, 0x7, 0xff, 0xfc, 0x3, 0xff,
    0x88, 0x4f, 0xc, 0x20, 0x1f, 0xe3, 0xd8, 0x79,
    0xc0, 0xf, 0xf5, 0x80, 0x62, 0x30, 0xf, 0xfe,
    0x1b, 0x80, 0x7f, 0xff, 0xc0, 0x3f, 0xff, 0xe0,
    0x1f, 0xff, 0xf0, 0xf, 0xff, 0xf8, 0x7, 0xff,
    0xfc, 0x3, 0xff, 0xfe, 0x1, 0xff, 0xff, 0x0,
    0xff, 0xe0, 0x8, 0x7, 0x38, 0x7, 0xff, 0x34,
    0x80, 0x38, 0x40, 0x3f, 0x94, 0x3, 0x88, 0x3,
    0xf2, 0x8, 0x6, 0x10, 0x8, 0x80, 0x31, 0x48,
    0x7, 0x28, 0x5, 0xfe, 0xdb, 0xcd, 0x20, 0xe,
    0xd0, 0x0, 0x90, 0x12, 0x18, 0x7, 0xce, 0x0,
    0x50, 0xf, 0xfa, 0x4, 0x0, 0xc0, 0x1f, 0xe5,
    0x70, 0x8, 0xb1, 0x48, 0x40, 0x21, 0x3a, 0xa0,
    0x6,

    /* U+006B "k" */
    0xa, 0xef, 0xc4, 0x0, 0xff, 0xe4, 0xc2, 0x88,
    0x1d, 0x0, 0x7f, 0xf2, 0x48, 0x3, 0x8, 0x80,
    0x3f, 0xff, 0xe0, 0x1f, 0xff, 0xf0, 0xf, 0xff,
    0xf8, 0x7, 0xff, 0xfc, 0x3, 0xff, 0xe8, 0xb3,
    0x76, 0x81, 0x0, 0xff, 0xe3, 0x8e, 0xd3, 0x22,
    0x1c, 0x80, 0x3f, 0xf8, 0xf8, 0x40, 0x19, 0x8c,
    0x3, 0xff, 0x8d, 0x44, 0x1, 0x8e, 0x40, 0x3f,
    0xf8, 0xce, 0xa0, 0x18, 0xb4, 0x3, 0xff, 0x8c,
    0xb0, 0x1, 0xde, 0x20, 0x1f, 0xfc, 0x52, 0xa0,
    0xe, 0xa2, 0x0, 0xff, 0xe2, 0x8f, 0x80, 0x74,
    0x28, 0x7, 0xff, 0x1a, 0x88, 0x3, 0x2b, 0x80,
    0x7f, 0xf1, 0xa5, 0x0, 0x31, 0xd0, 0x7, 0xff,
    0x19, 0x98, 0x1, 0x87, 0x40, 0x3f, 0xf8, 0xc7,
    0x20, 0x1d, 0xa2, 0x1, 0xff, 0xc5, 0x1d, 0x0,
    0xe9, 0x30, 0xf, 0xfe, 0x36, 0x88, 0x6, 0x56,
    0x0, 0xff, 0xe3, 0x51, 0x80, 0x72, 0x8, 0x7,
    0xff, 0x15, 0xd4, 0x3, 0xc3, 0x60, 0x1f, 0xfc,
    0x44, 0x80, 0xf, 0xca, 0x80, 0x1f, 0xfc, 0x3a,
    0x0, 0xff, 0x48, 0x7, 0xff, 0x22, 0xa0, 0x3,
    0x14, 0x0, 0x7f, 0xf1, 0x9d, 0x5c, 0x80, 0x33,
    0x90, 0x7, 0xff, 0x11, 0x60, 0x1, 0x20, 0x1d,
    0xc0, 0x1f, 0xfc, 0x33, 0xa0, 0x9, 0x14, 0x3,
    0x1b, 0x0, 0x7f, 0xf0, 0x4b, 0x40, 0x3a, 0xc0,
    0x3a, 0x44, 0x3, 0xfe, 0x1f, 0x10, 0xe, 0x18,
    0x0, 0xeb, 0x0, 0xff, 0xa8, 0x80, 0x3e, 0x72,
    0x0, 0xca, 0xa0, 0xf, 0xf2, 0x80, 0x7f, 0x48,
    0x7, 0x58, 0x7, 0xff, 0x21, 0x14, 0x3, 0xc,
    0x80, 0x7f, 0xf2, 0x2c, 0x3, 0x98, 0xc0, 0x3f,
    0xf8, 0xe3, 0x0, 0x1d, 0xc0, 0x1f, 0xfc, 0x87,
    0x20, 0xc, 0x4e, 0x1, 0xff, 0xc8, 0x90, 0xe,
    0x82, 0x30, 0xe, 0x10, 0xf, 0xfe, 0x2, 0x28,
    0x7, 0x45, 0x0, 0x66, 0x0, 0xff, 0xe1, 0x52,
    0x80, 0x67, 0x3e, 0xba, 0xd9, 0x0, 0xff, 0xe1,
    0xd7, 0x5d, 0x5e, 0x80,

    /* U+006C "l" */
    0xa, 0xef, 0xd4, 0x0, 0xd0, 0xa2, 0x5, 0x60,
    0x18, 0x80, 0x38, 0x80, 0x3f, 0xff, 0xe0, 0x1f,
    0xff, 0xf0, 0xf, 0xff, 0xf8, 0x7, 0xff, 0xfc,
    0x3, 0xff, 0xfe, 0x1, 0xff, 0xd0, 0x30, 0xe,
    0x50, 0xb, 0x80, 0x3a, 0x36, 0xc0, 0xc0, 0x3c,
    0x48, 0x28, 0x20, 0x1f, 0x28, 0x48, 0x7, 0xf3,
    0xc9, 0x90, 0x0, 0x55, 0x0,

    /* U+006D "m" */
    0x0, 0x8, 0x7, 0xe1, 0x6b, 0xef, 0xf7, 0x5b,
    0x8, 0x7, 0xf8, 0x5a, 0xfb, 0xfb, 0x65, 0x40,
    0x3c, 0x5b, 0xdf, 0x20, 0x1d, 0x1d, 0x28, 0x20,
    0x1, 0x49, 0xe7, 0x0, 0xfd, 0x1d, 0x28, 0x20,
    0x24, 0xd5, 0xa8, 0x1, 0xac, 0x80, 0xc, 0x60,
    0x3, 0xd7, 0x0, 0xff, 0x45, 0x0, 0x71, 0xf3,
    0x80, 0x7f, 0x15, 0xb0, 0x4, 0x60, 0x19, 0x41,
    0xb0, 0x80, 0x3f, 0xf8, 0xb, 0x0, 0x13, 0x60,
    0x80, 0x7f, 0xf0, 0x24, 0xc0, 0x3e, 0xe8, 0x90,
    0xf, 0xfe, 0x1b, 0x90, 0x44, 0x80, 0x7f, 0xf0,
    0xf8, 0x3, 0xe6, 0x70, 0xc, 0x51, 0x79, 0x6e,
    0x1, 0xf4, 0x41, 0xc0, 0x32, 0xd6, 0x62, 0x50,
    0x3, 0xc4, 0x80, 0x1e, 0x10, 0x8, 0x6b, 0x5d,
    0xd, 0x23, 0x88, 0x3, 0x95, 0xc0, 0x23, 0xda,
    0x53, 0x33, 0x5d, 0x0, 0x7b, 0xc0, 0x3f, 0x8f,
    0xd4, 0x3, 0xc3, 0xc0, 0x1f, 0xcd, 0x84, 0x1,
    0xe5, 0x70, 0xe, 0x40, 0xf, 0xcb, 0x82, 0x1,
    0xf8, 0xd0, 0x3, 0xe8, 0x90, 0xf, 0xe8, 0x0,
    0xf1, 0x0, 0x79, 0x68, 0x3, 0xfe, 0xd0, 0xf,
    0x43, 0x80, 0x7f, 0xca, 0x1, 0xc8, 0x1, 0xe8,
    0x0, 0xff, 0xe0, 0x28, 0x7, 0xb, 0x80, 0x7f,
    0xf0, 0x34, 0x3, 0x84, 0x3, 0xff, 0x8e, 0x60,
    0x1f, 0xfc, 0x73, 0x0, 0xef, 0x0, 0xff, 0xed,
    0xb8, 0x7, 0x8, 0x7, 0xff, 0x20, 0x40, 0x3f,
    0xfe, 0x82, 0x1, 0xc6, 0x1, 0xff, 0xff, 0x0,
    0xff, 0xff, 0x80, 0x7f, 0xff, 0xc0, 0x3f, 0xff,
    0xe0, 0x1f, 0xff, 0xf0, 0xf, 0xff, 0xf8, 0x7,
    0xff, 0xfc, 0x3, 0xff, 0xfe, 0x1, 0xff, 0xff,
    0x0, 0xff, 0xff, 0x80, 0x7f, 0xc6, 0x1, 0xff,
    0xc7, 0x32, 0x0, 0xe2, 0x0, 0xff, 0xe0, 0x90,
    0x6, 0x60, 0xf, 0xfe, 0x9, 0x0, 0x77, 0x42,
    0x88, 0x15, 0x80, 0x7f, 0xf0, 0xb8, 0xc0, 0x9,
    0x20, 0x1f, 0xfc, 0x2a, 0x20, 0x15, 0x70,

    /* U+006E "n" */
    0x0, 0x8, 0x7, 0xf1, 0xc6, 0x77, 0xf6, 0xd2,
    0x80, 0x78, 0xb7, 0xbe, 0x40, 0x39, 0x33, 0xe,
    0x62, 0x2, 0x4b, 0x5c, 0x80, 0x1a, 0xc8, 0x0,
    0xc6, 0x0, 0x1a, 0xb3, 0x0, 0xfe, 0x1b, 0x70,
    0x8, 0xc0, 0x32, 0x82, 0x7a, 0x80, 0x7f, 0xf0,
    0x61, 0x40, 0x3e, 0xe6, 0xb1, 0x0, 0xff, 0xe1,
    0xd8, 0x7, 0xcd, 0x20, 0x18, 0x9e, 0xf7, 0x56,
    0xe0, 0x1e, 0x17, 0x0, 0xf0, 0x80, 0x69, 0xd8,
    0x42, 0x22, 0x46, 0x8, 0x7, 0x50, 0x7, 0xf1,
    0x6b, 0x0, 0x7c, 0x76, 0x1, 0xc4, 0x40, 0xf,
    0x93, 0x48, 0x3, 0xf9, 0x48, 0x3, 0x9c, 0x3,
    0xc9, 0x60, 0x1f, 0xfc, 0x5, 0x0, 0xed, 0x0,
    0xf4, 0x80, 0x7f, 0xf0, 0x74, 0x3, 0x88, 0x3,
    0xff, 0x90, 0xc0, 0x1c, 0x20, 0x1f, 0xfc, 0x81,
    0x0, 0xff, 0xe7, 0x18, 0x7, 0x38, 0x7, 0xff,
    0xfc, 0x3, 0xff, 0xfe, 0x1, 0xff, 0xff, 0x0,
    0xff, 0xff, 0x80, 0x7f, 0xff, 0xc0, 0x3f, 0xff,
    0xe0, 0x1f, 0xfd, 0x82, 0x0, 0xe2, 0x0, 0xff,
    0xe0, 0x88, 0x80, 0x32, 0xc2, 0x88, 0x15, 0x80,
    0x7f, 0xf0, 0xe8, 0xc0, 0x52, 0x0,

    /* U+006F "o" */
    0x0, 0xff, 0x89, 0xeb, 0x37, 0x6b, 0x84, 0x0,
    0xff, 0xe4, 0x2e, 0x6c, 0x29, 0x91, 0x48, 0xf7,
    0xce, 0x1, 0xff, 0xc4, 0x2b, 0xa3, 0x0, 0xff,
    0xc, 0x72, 0x80, 0x7f, 0xf0, 0x53, 0x10, 0x3,
    0xff, 0x84, 0x35, 0x0, 0x1f, 0xf2, 0xd8, 0x80,
    0x7f, 0xf1, 0x5e, 0x80, 0x3f, 0x8e, 0x80, 0x3c,
    0x2f, 0x9d, 0xfb, 0x48, 0x1, 0xe5, 0x80, 0xf,
    0x87, 0x40, 0x3c, 0xfd, 0x6, 0x20, 0x4b, 0x76,
    0x10, 0xe, 0x75, 0x0, 0xf5, 0x88, 0x7, 0x4c,
    0x0, 0x7e, 0x4f, 0x20, 0xe, 0xb0, 0xe, 0x35,
    0x0, 0xe7, 0x60, 0xf, 0xf0, 0xf8, 0x7, 0xc,
    0x0, 0x69, 0x0, 0xe1, 0x80, 0xf, 0xfe, 0x1,
    0x40, 0x7, 0x30, 0x6, 0x50, 0xe, 0xb0, 0xf,
    0xfe, 0x13, 0x88, 0x6, 0x15, 0x0, 0x28, 0x7,
    0x94, 0x3, 0xff, 0x86, 0xc0, 0x1d, 0xe0, 0xc,
    0x0, 0xe5, 0x0, 0xff, 0xe2, 0x50, 0x7, 0x20,
    0x1, 0x40, 0x3b, 0x0, 0x3f, 0xf8, 0x84, 0x1,
    0xc2, 0x20, 0x20, 0xe, 0x50, 0xf, 0xfe, 0x29,
    0x80, 0x72, 0x80, 0x80, 0x71, 0x0, 0x7f, 0xf1,
    0x58, 0x3, 0x84, 0x40, 0x1e, 0x10, 0xf, 0xfe,
    0x29, 0x80, 0x71, 0x80, 0x7f, 0xf3, 0x44, 0x3,
    0x84, 0x3, 0xff, 0x9a, 0x20, 0x1c, 0x22, 0x0,
    0xf0, 0x80, 0x7f, 0xf1, 0x4c, 0x3, 0x8c, 0x3,
    0xe3, 0x0, 0xff, 0xe2, 0x88, 0x7, 0x8, 0x10,
    0x7, 0x38, 0x7, 0xff, 0x15, 0x40, 0x39, 0x81,
    0xc0, 0x3b, 0x0, 0x3f, 0xf8, 0x82, 0x20, 0xe,
    0x20, 0xc0, 0xe, 0x70, 0xf, 0xfe, 0x23, 0x0,
    0x72, 0x0, 0x1c, 0x3, 0x85, 0x0, 0x3f, 0xf8,
    0x74, 0x1, 0xda, 0x0, 0x14, 0x0, 0xe8, 0x0,
    0xff, 0xe1, 0x29, 0x0, 0x73, 0x80, 0x5e, 0x1,
    0xc6, 0xc0, 0x1f, 0xfc, 0x1, 0xb0, 0xe, 0x61,
    0x0, 0x91, 0x0, 0x1d, 0x28, 0x1, 0xff, 0x68,
    0x80, 0x74, 0x0, 0x74, 0x80, 0x7a, 0xd8, 0x3,
    0xf1, 0x61, 0x80, 0x74, 0x88, 0x7, 0x15, 0x0,
    0x7a, 0x71, 0x88, 0x0, 0x29, 0x3a, 0x60, 0x1c,
    0xac, 0x1, 0xf2, 0xc8, 0x7, 0x8e, 0x77, 0xfd,
    0xd6, 0xc0, 0x1e, 0x4a, 0x0, 0xfe, 0x69, 0x0,
    0xff, 0xe3, 0x2d, 0x80, 0x7f, 0xcd, 0x84, 0x1,
    0xff, 0xc3, 0x8a, 0x0, 0xff, 0xe0, 0x9e, 0xc9,
    0x0, 0x7f, 0xcd, 0xae, 0x1, 0xff, 0xc4, 0x6d,
    0xb7, 0x31, 0x0, 0x89, 0x67, 0xa4, 0x80, 0x3f,
    0x0,

    /* U+0070 "p" */
    0x0, 0xff, 0x85, 0xab, 0x7b, 0x9b, 0x70, 0x60,
    0x1f, 0xc3, 0x5b, 0x8c, 0x1, 0x8a, 0xba, 0x54,
    0x84, 0x44, 0x8f, 0x9a, 0x80, 0x1f, 0x4a, 0x91,
    0xc9, 0x80, 0x27, 0x54, 0x3, 0xfc, 0x57, 0x20,
    0x1e, 0x20, 0xc, 0x87, 0xcc, 0x1, 0xff, 0xc2,
    0x6b, 0x0, 0xff, 0x56, 0x8, 0x7, 0xff, 0x11,
    0x24, 0x3, 0xf8, 0x80, 0x39, 0x27, 0x7f, 0xb6,
    0x8, 0x3, 0xcc, 0x60, 0x1f, 0xfc, 0x3, 0xcb,
    0x62, 0x1, 0x27, 0xd8, 0x0, 0xf7, 0x0, 0x7f,
    0xcf, 0x86, 0x1, 0xf9, 0xe4, 0x3, 0x89, 0x40,
    0x3f, 0xae, 0x0, 0x3f, 0xe6, 0x40, 0xe, 0xe0,
    0xf, 0xd6, 0x80, 0x1f, 0xfc, 0x19, 0x0, 0xe4,
    0x20, 0xf, 0x98, 0x3, 0xff, 0x84, 0x46, 0x1,
    0xc8, 0x1, 0xff, 0xcb, 0xb0, 0xe, 0xf0, 0xf,
    0xfe, 0x59, 0x80, 0x72, 0x80, 0x7f, 0xf2, 0xd8,
    0x3, 0x8c, 0x3, 0xff, 0x96, 0x40, 0x1f, 0xfd,
    0x81, 0x0, 0xff, 0xe5, 0x88, 0x7, 0x18, 0x7,
    0xff, 0x44, 0x40, 0x3f, 0xf9, 0x62, 0x1, 0xc2,
    0x1, 0xff, 0xd1, 0x30, 0xf, 0xfe, 0x51, 0x0,
    0x78, 0x40, 0x3f, 0xf9, 0x4e, 0x1, 0xc4, 0x1,
    0xff, 0xcb, 0xd0, 0xe, 0x70, 0xf, 0xfe, 0x5b,
    0x0, 0x76, 0x80, 0x7f, 0xf2, 0x90, 0x40, 0x39,
    0x40, 0x3f, 0xf9, 0x50, 0x1, 0xc6, 0x40, 0x1f,
    0x8, 0x7, 0xff, 0x5, 0x8c, 0x3, 0xa4, 0x3,
    0xf6, 0xa0, 0x7, 0xfc, 0x92, 0x1, 0xc6, 0xa0,
    0x1f, 0x86, 0xe8, 0x80, 0x3f, 0x35, 0x80, 0x7b,
    0xc0, 0x3f, 0xe5, 0xda, 0x51, 0x0, 0xb, 0x64,
    0x80, 0x7a, 0xc, 0x3, 0xff, 0x82, 0xb5, 0xdf,
    0xee, 0x93, 0x0, 0xf2, 0xb8, 0x7, 0xf8, 0xc0,
    0x3f, 0xf8, 0x8d, 0x40, 0x1f, 0xf6, 0x40, 0x7,
    0xff, 0xa, 0x64, 0x1, 0xff, 0xc1, 0x7e, 0x60,
    0xf, 0xf2, 0xf3, 0x0, 0x7f, 0xf0, 0xc6, 0x7a,
    0x50, 0x80, 0x4, 0x93, 0xd4, 0x20, 0x1f, 0xfc,
    0x61, 0x6b, 0xdf, 0xf6, 0xdb, 0x8, 0x7, 0xff,
    0x88, 0x40, 0x3f, 0xff, 0xe0, 0x1f, 0xff, 0xf0,
    0xf, 0xff, 0x79, 0x80, 0x7f, 0xfa, 0x48, 0x3,
    0x88, 0x3, 0xff, 0x97, 0x2a, 0x20, 0x54, 0x1,
    0xff, 0xcc,

    /* U+0071 "q" */
    0x0, 0xff, 0x13, 0xdf, 0x7f, 0x6d, 0xb9, 0x0,
    0x7f, 0xf1, 0x86, 0xb6, 0x10, 0x40, 0x49, 0x23,
    0x6c, 0xc0, 0x24, 0xcd, 0xb2, 0x0, 0xf9, 0x79,
    0x40, 0x3f, 0xc9, 0x94, 0x3, 0x66, 0x49, 0x0,
    0x1e, 0x7a, 0x0, 0xff, 0xe1, 0x2e, 0xc0, 0x6,
    0x60, 0xe, 0x78, 0x0, 0xff, 0xe2, 0x13, 0x0,
    0x61, 0x0, 0xc9, 0x0, 0x1e, 0x17, 0xce, 0xfd,
    0xa5, 0x0, 0xff, 0xe0, 0x8d, 0x0, 0x79, 0xba,
    0xc, 0x40, 0x96, 0xb9, 0x80, 0x3f, 0xeb, 0x10,
    0xe, 0x79, 0x0, 0xfc, 0x33, 0x82, 0x1, 0xf8,
    0x94, 0x3, 0x96, 0x0, 0x3f, 0xe3, 0xf0, 0xf,
    0xd6, 0x1, 0xc3, 0x60, 0x1f, 0xfc, 0x11, 0x0,
    0xfc, 0xc0, 0x1d, 0x22, 0x1, 0xff, 0xc9, 0x40,
    0xf, 0x30, 0x7, 0xff, 0x2b, 0x0, 0x39, 0x4,
    0x3, 0xff, 0x94, 0x60, 0x1d, 0x80, 0x1f, 0xfc,
    0xb6, 0x0, 0xe3, 0x0, 0xff, 0xe5, 0x98, 0x7,
    0x30, 0x7, 0xff, 0x2c, 0x40, 0x38, 0xc0, 0x3f,
    0xfa, 0x22, 0x1, 0xff, 0xd1, 0x10, 0xf, 0xfe,
    0x58, 0x80, 0x7f, 0xf4, 0x4c, 0x3, 0x88, 0x3,
    0xff, 0x96, 0x20, 0x1c, 0xc0, 0x1f, 0xfc, 0xb5,
    0x0, 0xed, 0x0, 0xff, 0xe5, 0xf8, 0x7, 0x28,
    0x7, 0xff, 0x2d, 0x0, 0x38, 0x88, 0x1, 0xff,
    0xca, 0x22, 0x0, 0x74, 0x0, 0x7f, 0xf0, 0x84,
    0x3, 0xf5, 0x0, 0x72, 0x98, 0x7, 0xff, 0x0,
    0x74, 0x3, 0xf3, 0x0, 0x7b, 0x44, 0x3, 0xfc,
    0x58, 0x60, 0x1f, 0x85, 0xc0, 0x38, 0x70, 0xc0,
    0x3f, 0x3e, 0x90, 0x7, 0xfa, 0x8, 0x3, 0x8b,
    0x29, 0x48, 0x0, 0x6f, 0xd0, 0x1, 0xff, 0xc1,
    0xe0, 0xf, 0x96, 0xb7, 0xfd, 0x90, 0x20, 0x18,
    0x40, 0x3f, 0x8e, 0x80, 0x3f, 0xf8, 0x8b, 0xca,
    0x1, 0xfe, 0x5b, 0x10, 0xf, 0xfe, 0x1, 0xe5,
    0x8, 0x7, 0xff, 0x1, 0x3d, 0x80, 0x3f, 0x8e,
    0xf0, 0xc0, 0x3f, 0xf8, 0x63, 0x3d, 0x2a, 0x40,
    0x1, 0x5c, 0xc2, 0x0, 0x67, 0x0, 0xff, 0xe1,
    0xb, 0x56, 0xff, 0xba, 0x8c, 0x3, 0xff, 0xec,
    0x20, 0x1f, 0xff, 0xf0, 0xf, 0xfe, 0x11, 0x80,
    0x7f, 0xff, 0xc0, 0x3f, 0xf8, 0x42, 0x1, 0xff,
    0xf4, 0x10, 0xf, 0xfe, 0x61, 0x0, 0x66, 0x0,
    0xff, 0xe6, 0x71, 0x80, 0x12, 0x0,

    /* U+0072 "r" */
    0x0, 0x8, 0x7, 0xe3, 0xae, 0xfd, 0xa3, 0x2,
    0xde, 0xf9, 0x0, 0xc3, 0x58, 0xa2, 0x4, 0xba,
    0x16, 0x40, 0x6, 0x30, 0x1, 0x7a, 0x80, 0x78,
    0x44, 0x60, 0x19, 0x80, 0xb0, 0x40, 0x3f, 0x8,
    0x7, 0x10, 0xe0, 0x80, 0x7e, 0x60, 0xf, 0x7d,
    0x8, 0x6, 0x59, 0x86, 0x89, 0x0, 0xf3, 0x20,
    0x4, 0xbd, 0x4c, 0xf2, 0xe0, 0x1f, 0x8, 0x5,
    0x14, 0x20, 0x1f, 0xfc, 0x37, 0x70, 0x7, 0xff,
    0x10, 0xe0, 0x3, 0xff, 0x8b, 0xe0, 0x1f, 0xfc,
    0x54, 0x30, 0xf, 0xfe, 0x2f, 0x80, 0x7f, 0xf1,
    0x98, 0x3, 0xff, 0xfe, 0x1, 0xff, 0xff, 0x0,
    0xff, 0xff, 0x80, 0x7f, 0xff, 0xc0, 0x3f, 0xfd,
    0x44, 0x1, 0xc4, 0x1, 0xff, 0xc0, 0x85, 0x10,
    0x2b, 0x0, 0xff, 0xe0, 0x80,

    /* U+0073 "s" */
    0x0, 0xfe, 0x47, 0x89, 0xa9, 0x74, 0x10, 0xf,
    0xfe, 0x9, 0xd7, 0xdc, 0x3b, 0x2b, 0x45, 0xf5,
    0xa0, 0x7, 0xfa, 0x71, 0x40, 0x3f, 0xc9, 0x76,
    0x10, 0xf, 0xe, 0x30, 0x7, 0xff, 0x9, 0x3c,
    0x40, 0x3b, 0x4c, 0x3, 0xff, 0x88, 0x2e, 0x1,
    0x98, 0xc0, 0x39, 0x2b, 0x7f, 0xdd, 0x6e, 0x1,
    0xc8, 0x1, 0xa0, 0x3, 0xa6, 0xd4, 0x80, 0x2,
    0x91, 0xc8, 0x0, 0x92, 0x0, 0x8c, 0x40, 0x32,
    0xb0, 0x7, 0xe1, 0xbe, 0xe3, 0x0, 0x65, 0x0,
    0xee, 0x0, 0xff, 0x84, 0x40, 0x1d, 0xc0, 0x1c,
    0xc0, 0x1f, 0xfc, 0x6f, 0x0, 0xe6, 0x0, 0xff,
    0xe3, 0x10, 0x7, 0x40, 0x7, 0xff, 0x19, 0x0,
    0x38, 0xe8, 0x3, 0xff, 0x8a, 0x2a, 0x1, 0xcb,
    0xaa, 0x1, 0xff, 0xc4, 0xb1, 0x0, 0xe2, 0xae,
    0x72, 0x0, 0xff, 0xe0, 0x8e, 0x10, 0x7, 0x86,
    0x37, 0x18, 0x40, 0x3f, 0xe2, 0xc5, 0x0, 0xfc,
    0x73, 0xd2, 0x20, 0x1f, 0xe1, 0xaa, 0x8, 0x7,
    0xf3, 0x74, 0x0, 0x7f, 0xcb, 0xd4, 0x60, 0x1f,
    0xcf, 0xa4, 0x1, 0xff, 0x2e, 0x6b, 0x8, 0x7,
    0xc5, 0x84, 0x1, 0xff, 0xc0, 0x29, 0xe9, 0x20,
    0xf, 0xf, 0x0, 0x7f, 0xf0, 0xdb, 0x68, 0x40,
    0x38, 0xd4, 0x3, 0xff, 0x88, 0xbe, 0x40, 0x1d,
    0xc0, 0x1f, 0xfc, 0x51, 0xf0, 0xe, 0x40, 0xf,
    0xfe, 0x31, 0x20, 0x7, 0xff, 0x30, 0x80, 0x3f,
    0xf9, 0x86, 0x1, 0xf1, 0x54, 0x88, 0x7, 0xff,
    0x0, 0x54, 0x3, 0x18, 0xe, 0x2b, 0x7a, 0x80,
    0x7f, 0xd6, 0x1, 0xd4, 0xc, 0x20, 0x1, 0xac,
    0x51, 0x0, 0xf1, 0xda, 0x80, 0x61, 0x60, 0xf,
    0x8e, 0xbb, 0x6e, 0xa9, 0x7b, 0x88, 0x1, 0xd6,
    0x0, 0x73, 0x0, 0xf8, 0x91, 0x54, 0x84, 0x1,
    0xe8, 0x50, 0xb, 0x20, 0x3, 0xff, 0x8b, 0x2e,
    0x1, 0xcf, 0xac, 0x1, 0xff, 0xc1, 0x5d, 0x60,
    0xf, 0x8a, 0x7e, 0xdd, 0x8, 0x40, 0x2, 0x4b,
    0x3d, 0x44, 0x1, 0xc0,

    /* U+0074 "t" */
    0x0, 0xf1, 0x67, 0xea, 0x80, 0x7f, 0xf1, 0x24,
    0xc0, 0xa8, 0x3, 0xff, 0x88, 0xa0, 0x18, 0x40,
    0x3f, 0xf8, 0x62, 0x1, 0x8c, 0x3, 0xff, 0x84,
    0x20, 0x1f, 0xfc, 0x83, 0x0, 0xff, 0xe4, 0x8,
    0x7, 0xff, 0x21, 0xc0, 0x3f, 0xf9, 0x4, 0x1,
    0xff, 0xc4, 0x48, 0x9b, 0xb0, 0x7, 0x7e, 0xef,
    0xac, 0x80, 0xed, 0xd9, 0x8, 0x3, 0x88, 0xbe,
    0x4e, 0x4, 0x0, 0xff, 0xe3, 0x18, 0x8, 0x7,
    0xff, 0x18, 0x81, 0xcc, 0x3, 0xff, 0x88, 0x52,
    0x3, 0x9f, 0xf2, 0x80, 0x76, 0xff, 0xfb, 0x50,
    0x3, 0xff, 0xfe, 0x1, 0xff, 0xff, 0x0, 0xff,
    0xff, 0x80, 0x7f, 0xff, 0xc0, 0x3f, 0xff, 0xe0,
    0x1f, 0xc6, 0x1, 0xc2, 0x1, 0xff, 0xc2, 0x10,
    0xe, 0x60, 0xf, 0xfe, 0x16, 0x80, 0x77, 0x80,
    0x7f, 0xf0, 0x9c, 0x3, 0x94, 0x80, 0x3f, 0xf8,
    0x24, 0x40, 0xe, 0xc4, 0x0, 0xc4, 0x1, 0xfa,
    0xc0, 0x38, 0x6f, 0xf3, 0x7f, 0x74, 0x1, 0xf3,
    0x18, 0x7, 0xc6, 0x40, 0x2, 0x50, 0xf, 0xb8,
    0x40, 0x3f, 0xed, 0x0, 0xf8, 0xbd, 0x0, 0x3f,
    0x86, 0xc0, 0x3f, 0xd, 0xe3, 0x18, 0x81, 0x2c,
    0x5f, 0x18,

    /* U+0075 "u" */
    0x4, 0xcf, 0xea, 0x10, 0xf, 0xfe, 0x10, 0xd7,
    0x7e, 0x20, 0x2, 0x8c, 0x5, 0x60, 0x3, 0xff,
    0x85, 0x2a, 0x20, 0x76, 0x2, 0x20, 0xc, 0x40,
    0x1f, 0xfc, 0x22, 0x0, 0xe1, 0x0, 0xff, 0xe4,
    0x88, 0x7, 0xff, 0xfc, 0x3, 0xff, 0xfe, 0x1,
    0xff, 0xff, 0x0, 0xff, 0xff, 0x80, 0x7f, 0xff,
    0xc0, 0x3f, 0xff, 0xe0, 0x1f, 0xfd, 0x41, 0x0,
    0xe7, 0x0, 0xff, 0xe7, 0x88, 0x7, 0xff, 0x28,
    0x40, 0x31, 0x0, 0x7f, 0xf0, 0x9c, 0x3, 0xe3,
    0x0, 0xe2, 0x0, 0xff, 0xe0, 0x49, 0x80, 0x7c,
    0xe0, 0x1c, 0xa0, 0x1f, 0xf3, 0xb0, 0x7, 0xed,
    0x0, 0xe9, 0x0, 0xff, 0x44, 0x0, 0x3f, 0x94,
    0x3, 0x86, 0x80, 0x3e, 0x1b, 0x70, 0xf, 0xf1,
    0x18, 0x7, 0x2e, 0xb1, 0x91, 0xb5, 0x72, 0x0,
    0x48, 0x1, 0xfa, 0x40, 0x3c, 0x53, 0x9b, 0x92,
    0xa0, 0x19, 0xac, 0x3, 0xf2, 0xa8, 0x3, 0xff,
    0x86, 0xf2, 0x2, 0x1, 0xfa, 0x8c, 0x3, 0xff,
    0x80, 0x37, 0x0, 0x2, 0x0, 0xc2, 0x1, 0xb1,
    0x80, 0x3f, 0xcd, 0xe8, 0x1, 0x78, 0x80, 0x20,
    0x3, 0xd3, 0xd0, 0x82, 0x0, 0x14, 0x9e, 0x91,
    0x0, 0xc7, 0xdc, 0xf7, 0x0,

    /* U+0076 "v" */
    0x5d, 0xfe, 0xa2, 0x0, 0xff, 0xe3, 0x36, 0xff,
    0x48, 0x49, 0x0, 0xae, 0x0, 0x7f, 0xf1, 0x5a,
    0x48, 0x5, 0x85, 0x0, 0x30, 0xb0, 0x7, 0xff,
    0x12, 0xc0, 0x31, 0xd, 0x80, 0x75, 0x0, 0x7f,
    0xf0, 0xcc, 0x80, 0x32, 0x81, 0x90, 0x6, 0x31,
    0x0, 0xff, 0xe1, 0x58, 0x7, 0x50, 0x2, 0x80,
    0x39, 0xc0, 0x3f, 0xf8, 0x4a, 0x1, 0x8c, 0x80,
    0xa, 0x1, 0xda, 0x1, 0xff, 0xc1, 0x32, 0x0,
    0xd6, 0x1, 0x11, 0x80, 0x64, 0x10, 0xf, 0xfe,
    0x5, 0x80, 0x73, 0x0, 0x6a, 0x0, 0xe7, 0x0,
    0xff, 0xe0, 0x28, 0x6, 0x41, 0x0, 0xce, 0x1,
    0xda, 0x1, 0xff, 0x19, 0x0, 0x6d, 0x0, 0xe1,
    0x50, 0xc, 0x80, 0x1f, 0xf5, 0x80, 0x73, 0x0,
    0x7b, 0xc0, 0x39, 0x40, 0x3f, 0xcc, 0x1, 0x94,
    0x3, 0xe5, 0x10, 0xd, 0xe0, 0x1f, 0xc6, 0x20,
    0x1b, 0xc0, 0x3f, 0x38, 0x6, 0x50, 0xf, 0xeb,
    0x0, 0xc2, 0xa0, 0x1f, 0xa8, 0x3, 0x94, 0x3,
    0xf3, 0x0, 0x67, 0x0, 0xfe, 0x32, 0x0, 0xde,
    0x1, 0xf1, 0x88, 0x6, 0xa0, 0xf, 0xf2, 0x80,
    0x65, 0x0, 0xfa, 0x80, 0x30, 0x98, 0x7, 0xfa,
    0x80, 0x39, 0x0, 0x3c, 0xe0, 0x19, 0x80, 0x3f,
    0xe2, 0x30, 0xd, 0xa0, 0x1c, 0x62, 0x1, 0xa8,
    0x3, 0xff, 0x81, 0x40, 0x19, 0xc0, 0x3a, 0x80,
    0x31, 0x10, 0x3, 0xff, 0x80, 0xe0, 0x18, 0x50,
    0x3, 0x38, 0x6, 0xa0, 0xf, 0xfe, 0x8, 0xa0,
    0x6, 0xd0, 0x9, 0x4, 0x3, 0x28, 0x7, 0xff,
    0xb, 0x80, 0x33, 0x80, 0x5a, 0x1, 0x8c, 0x80,
    0x3f, 0xf8, 0x4a, 0x1, 0x84, 0xc0, 0xe, 0x1,
    0xa8, 0x3, 0xff, 0x88, 0xa0, 0x1a, 0x81, 0x4,
    0x3, 0x38, 0x7, 0xff, 0x13, 0x80, 0x33, 0x86,
    0x80, 0x64, 0x10, 0xf, 0xfe, 0x22, 0x8, 0x4,
    0x26, 0xe0, 0x1b, 0x80, 0x3f, 0xf8, 0xcc, 0x1,
    0xbc, 0x40, 0x32, 0x80, 0x7f, 0xf1, 0xa8, 0x3,
    0x18, 0x6, 0x50, 0xf, 0xfe, 0x39, 0x10, 0x3,
    0xf7, 0x0, 0x7f, 0xf2, 0x28, 0x3, 0xe1, 0x40,
    0xf, 0xfe, 0x43, 0x8, 0x7, 0xa4, 0x3, 0xff,
    0x92, 0x3a, 0x60, 0x10, 0xc3, 0x80, 0x7f, 0xc0,

    /* U+0077 "w" */
    0x8, 0xef, 0xe8, 0x0, 0xff, 0xe1, 0x15, 0xff,
    0xb5, 0x80, 0x3f, 0xf8, 0x49, 0x9f, 0xea, 0x1,
    0x71, 0x1, 0x78, 0x0, 0xff, 0xe0, 0xfa, 0x0,
    0xa, 0x50, 0x3, 0xff, 0x80, 0x36, 0x60, 0x5,
    0x31, 0x0, 0xe6, 0x0, 0xff, 0xe0, 0x19, 0x0,
    0x77, 0x0, 0x7f, 0xf0, 0x18, 0x3, 0x88, 0x14,
    0x3, 0x9, 0x0, 0x7f, 0xd6, 0x1, 0xe4, 0x0,
    0xff, 0xe0, 0x60, 0x6, 0x31, 0xc, 0x0, 0xe4,
    0x0, 0xff, 0x90, 0x3, 0xc2, 0x40, 0x1f, 0xf2,
    0x80, 0x64, 0x0, 0x38, 0x7, 0x60, 0x7, 0xfc,
    0x60, 0x1f, 0x28, 0x7, 0xf8, 0xc4, 0x3, 0x60,
    0x0, 0x48, 0x3, 0x20, 0x7, 0xf9, 0x0, 0x3f,
    0x60, 0x7, 0xf9, 0x0, 0x39, 0x0, 0x24, 0x0,
    0xc2, 0x40, 0x1f, 0xd8, 0x1, 0x29, 0x0, 0x48,
    0x1, 0xfe, 0xc0, 0xc, 0x80, 0x1b, 0x40, 0x39,
    0x40, 0x3f, 0x90, 0x2, 0xc4, 0x0, 0xc6, 0x1,
    0xfc, 0xa0, 0x1b, 0x0, 0x32, 0x0, 0x76, 0x0,
    0x7e, 0x13, 0x0, 0x93, 0x40, 0x35, 0x80, 0x7e,
    0x31, 0x0, 0xca, 0x1, 0xc8, 0x1, 0x90, 0x3,
    0xf2, 0x0, 0x42, 0x48, 0x1, 0x90, 0x3, 0xf2,
    0x0, 0x61, 0x20, 0xe, 0xc0, 0xe, 0x30, 0xf,
    0xb0, 0x2, 0x40, 0x1, 0x80, 0x46, 0x1, 0xfb,
    0x0, 0x32, 0x0, 0x79, 0x40, 0x39, 0x0, 0x3e,
    0x40, 0xb, 0x0, 0x16, 0x1, 0x90, 0x3, 0xe4,
    0x0, 0xde, 0x1, 0xe2, 0x10, 0xd, 0x80, 0x1e,
    0x12, 0x0, 0x90, 0x0, 0x80, 0x1b, 0x40, 0x3c,
    0x60, 0x1c, 0x80, 0x1f, 0x38, 0x6, 0x40, 0xf,
    0x20, 0x4, 0x24, 0x0, 0x31, 0x0, 0x90, 0x3,
    0xc8, 0x1, 0x88, 0x40, 0x3e, 0xc0, 0xe, 0x30,
    0xe, 0xc0, 0x9, 0x0, 0x32, 0x0, 0x44, 0x20,
    0x1d, 0x80, 0x19, 0x40, 0x3f, 0x20, 0x7, 0x20,
    0x7, 0x20, 0x5, 0x80, 0x1b, 0x0, 0x32, 0x0,
    0x72, 0x0, 0x6c, 0x0, 0xfc, 0x26, 0x1, 0xb0,
    0x3, 0x11, 0x0, 0x24, 0x0, 0xc8, 0x1, 0xbc,
    0x3, 0x18, 0x7, 0x20, 0x7, 0xf5, 0x80, 0x64,
    0x0, 0xc8, 0x1, 0x9, 0x0, 0x62, 0x10, 0x9,
    0x0, 0x32, 0x0, 0x64, 0x0, 0xff, 0x20, 0x7,
    0x20, 0x5, 0x80, 0x12, 0x0, 0x79, 0xc0, 0x21,
    0x20, 0xb, 0x0, 0x36, 0x0, 0x7f, 0x8c, 0x40,
    0x36, 0x0, 0x48, 0x1, 0x60, 0x7, 0xb0, 0x3,
    0x20, 0x4, 0x80, 0x19, 0x0, 0x3f, 0xe4, 0x0,
    0xc8, 0x0, 0x21, 0x0, 0x90, 0x3, 0xc8, 0x1,
    0xb4, 0x0, 0x60, 0x18, 0x4c, 0x3, 0xfe, 0xc0,
    0xc, 0x60, 0x4, 0x0, 0x88, 0x80, 0x1e, 0x13,
    0x0, 0x90, 0x0, 0x80, 0x19, 0x0, 0x3f, 0xf8,
    0xe, 0x1, 0xc8, 0x18, 0x1, 0x20, 0x7, 0xe4,
    0x0, 0xc6, 0x18, 0x1, 0xb0, 0x3, 0xff, 0x80,
    0x24, 0x1, 0xb0, 0x10, 0x2, 0xc0, 0xf, 0xd8,
    0x1, 0x90, 0x10, 0x3, 0x38, 0x7, 0xff, 0x5,
    0x40, 0x32, 0x18, 0x80, 0x48, 0x1, 0xf9, 0x0,
    0x35, 0x98, 0x6, 0x21, 0x0, 0xff, 0xe0, 0xe0,
    0x6, 0x3b, 0x0, 0x88, 0x40, 0x3f, 0x90, 0x2,
    0x3b, 0x0, 0xc8, 0x1, 0xff, 0xc2, 0x40, 0xe,
    0x70, 0x9, 0x0, 0x3f, 0xd8, 0x1, 0x9c, 0x3,
    0x68, 0x7, 0xff, 0xd, 0x0, 0x3f, 0x60, 0x7,
    0xf9, 0x0, 0x3f, 0x90, 0x3, 0xff, 0x87, 0xa0,
    0x1f, 0x90, 0x3, 0xfc, 0x62, 0x1, 0xf1, 0x80,
    0x7f, 0xf1, 0x10, 0x3, 0xe2, 0x10, 0xf, 0xf9,
    0x0, 0x3e, 0xb0, 0xf, 0xfe, 0x21, 0x20, 0x7,
    0xa8, 0x3, 0xff, 0x81, 0xc0, 0x1f, 0x28, 0x7,
    0xff, 0x16, 0x94, 0x2, 0x17, 0x70, 0x7, 0xff,
    0x1, 0x24, 0x80, 0x22, 0xb2, 0x0, 0xfc,

    /* U+0078 "x" */
    0x0, 0x84, 0x3, 0xff, 0x90, 0x20, 0x19, 0xbf,
    0xbf, 0xa0, 0x3, 0xff, 0x84, 0xfb, 0xfd, 0xe8,
    0x0, 0xe0, 0x8, 0x5e, 0x80, 0x3f, 0xf8, 0x11,
    0x2, 0x0, 0x88, 0x1, 0x22, 0x1, 0x95, 0x0,
    0x3f, 0xc4, 0xe0, 0x18, 0x58, 0x0, 0x36, 0x1,
    0xd2, 0x1, 0xfe, 0x90, 0xe, 0xb0, 0xc, 0xa8,
    0x1, 0x8a, 0x0, 0x3f, 0x22, 0x0, 0x32, 0x28,
    0x7, 0x48, 0x7, 0x39, 0x0, 0x7d, 0x20, 0x1d,
    0x20, 0x1e, 0x28, 0x0, 0xe9, 0x0, 0xf3, 0x10,
    0x6, 0x82, 0x0, 0xf9, 0xcc, 0x3, 0x22, 0x0,
    0x30, 0xc0, 0x6, 0x27, 0x0, 0xfe, 0xf0, 0xe,
    0x90, 0xd, 0x22, 0x1, 0xb8, 0x3, 0xfc, 0x6e,
    0x1, 0x8a, 0x0, 0x4, 0xe0, 0x19, 0x4c, 0x3,
    0xfe, 0x82, 0x0, 0xce, 0x41, 0x20, 0x18, 0x6c,
    0x3, 0xff, 0x83, 0x20, 0x1d, 0x28, 0x80, 0xd,
    0x2, 0x1, 0xff, 0xc1, 0x45, 0x0, 0xc9, 0x40,
    0x18, 0xd8, 0x3, 0xff, 0x87, 0x62, 0x1, 0x84,
    0x3, 0x70, 0x7, 0xff, 0x10, 0x6c, 0x3, 0xf3,
    0x90, 0x7, 0xff, 0x15, 0x4c, 0x3, 0xc3, 0x0,
    0x1f, 0xfc, 0x61, 0x30, 0xf, 0x20, 0x7, 0xff,
    0x1e, 0x80, 0x3e, 0x54, 0x0, 0xff, 0xe2, 0xaa,
    0x0, 0x7e, 0x90, 0xf, 0xfe, 0x2d, 0x80, 0x7f,
    0x14, 0x0, 0x7f, 0xf0, 0xe4, 0x40, 0x21, 0xd0,
    0xe, 0x73, 0x0, 0xff, 0xe0, 0x9b, 0x0, 0x68,
    0x29, 0x0, 0xee, 0x0, 0xff, 0xe0, 0xf0, 0x6,
    0x36, 0x6, 0x30, 0xc, 0x50, 0x1, 0xff, 0x39,
    0x0, 0x6f, 0x0, 0xb8, 0x3, 0x9c, 0x80, 0x3f,
    0x8a, 0x0, 0x32, 0x98, 0x4, 0x4e, 0x1, 0xdc,
    0x1, 0xfd, 0x20, 0x1d, 0x60, 0x1d, 0x4, 0x1,
    0x8d, 0xc0, 0x3e, 0x54, 0x0, 0xd0, 0x20, 0x1e,
    0xe0, 0xe, 0x82, 0x0, 0xe1, 0xb0, 0xc, 0x2e,
    0x1, 0xf1, 0xb0, 0x7, 0x48, 0x7, 0x58, 0x80,
    0x6b, 0x0, 0xfe, 0x91, 0x0, 0xc8, 0xc0, 0x12,
    0x28, 0x6, 0x35, 0x0, 0xff, 0x58, 0x7, 0x48,
    0x80, 0x24, 0x3, 0xbc, 0x3, 0xfe, 0x55, 0x0,
    0x75, 0x3, 0x10, 0x6, 0x73, 0x0, 0xff, 0xe0,
    0x58, 0x80, 0x64, 0x35, 0x20, 0x1, 0xcc, 0x0,
    0x7f, 0xf0, 0x47, 0xd8, 0x80, 0x6, 0x20,

    /* U+0079 "y" */
    0x5d, 0xfe, 0xa2, 0x0, 0xff, 0xe3, 0x36, 0xff,
    0x48, 0x71, 0x0, 0xae, 0x8, 0x7, 0xff, 0x11,
    0x64, 0x80, 0x58, 0x70, 0x3, 0xc, 0x80, 0x7f,
    0xf1, 0x38, 0x3, 0x8, 0x98, 0x3, 0x98, 0x3,
    0xff, 0x88, 0x80, 0x19, 0xc0, 0x54, 0x3, 0xa,
    0x0, 0x7f, 0xf0, 0x94, 0x3, 0xa8, 0x1, 0xc0,
    0x1d, 0xa0, 0x1f, 0xfc, 0x2f, 0x0, 0xc4, 0x60,
    0x4, 0x20, 0xc, 0xc0, 0x1f, 0xfc, 0x25, 0x0,
    0xca, 0x1, 0xa8, 0x3, 0x94, 0x3, 0xff, 0x80,
    0x80, 0x1d, 0x40, 0x19, 0x80, 0x3b, 0x80, 0x3f,
    0xf8, 0x1a, 0x1, 0x88, 0x80, 0x18, 0x54, 0x3,
    0x20, 0x80, 0x7f, 0xce, 0x1, 0xa8, 0x3, 0xdc,
    0x1, 0xcc, 0x1, 0xfe, 0x31, 0x0, 0xca, 0x1,
    0xe4, 0x20, 0xd, 0x40, 0x1f, 0xeb, 0x0, 0xc6,
    0x40, 0x1f, 0x50, 0x6, 0x23, 0x0, 0xfe, 0x50,
    0xd, 0x40, 0x1f, 0x98, 0x3, 0xa8, 0x3, 0xf1,
    0x10, 0x3, 0x38, 0x7, 0xe1, 0x50, 0xc, 0xe0,
    0x1f, 0x94, 0x3, 0x20, 0x80, 0x7f, 0x70, 0x6,
    0x15, 0x0, 0xfa, 0xc0, 0x36, 0x80, 0x7f, 0x90,
    0x80, 0x37, 0x0, 0x78, 0x4c, 0x3, 0x30, 0x7,
    0xfd, 0x40, 0x19, 0x4, 0x3, 0x98, 0x3, 0x28,
    0x7, 0xff, 0x1, 0x80, 0x39, 0xc0, 0x3a, 0xc0,
    0x37, 0x80, 0x7f, 0xf0, 0x5, 0x40, 0x35, 0x0,
    0x61, 0x30, 0xc, 0xa0, 0x1f, 0xfc, 0x19, 0x0,
    0xc6, 0x40, 0x13, 0x80, 0x65, 0x0, 0xff, 0xe1,
    0x19, 0x0, 0x6a, 0x0, 0xb4, 0x3, 0x70, 0x7,
    0xff, 0xe, 0x80, 0x33, 0x0, 0x48, 0x1, 0xa,
    0x0, 0x7f, 0xf0, 0xd8, 0x3, 0xa, 0x2, 0x80,
    0x67, 0x0, 0xff, 0xe2, 0xa, 0x80, 0x6e, 0xf,
    0x0, 0xd4, 0x1, 0xff, 0xc5, 0x90, 0xc, 0xa2,
    0x80, 0x10, 0x98, 0x7, 0xff, 0x14, 0xc8, 0x3,
    0x58, 0x80, 0x4c, 0x1, 0xff, 0xc7, 0xb0, 0xc,
    0xa0, 0x1a, 0xc0, 0x3f, 0xf8, 0xee, 0x1, 0xf8,
    0x8c, 0x3, 0xff, 0x8e, 0x2a, 0x1, 0xf5, 0x0,
    0x7f, 0xf2, 0x64, 0x3, 0xe5, 0x0, 0xff, 0xe4,
    0x99, 0x0, 0x71, 0x90, 0x7, 0xff, 0x2a, 0xc0,
    0x3a, 0xc0, 0x3f, 0xf9, 0x62, 0x1, 0xcc, 0x1,
    0xff, 0xcb, 0xb0, 0xc, 0x82, 0x1, 0xff, 0xca,
    0x23, 0x0, 0xda, 0x1, 0xff, 0xcb, 0xa0, 0xe,
    0x60, 0xf, 0xfe, 0x5b, 0x0, 0x65, 0x0, 0xff,
    0xe5, 0xb8, 0x80, 0x69, 0x0, 0xff, 0xe5, 0x1c,
    0x0, 0x63, 0x30, 0x7, 0xff, 0x24, 0xb4, 0x3,
    0xa0, 0x3, 0xff, 0x90, 0x2f, 0xa2, 0x1, 0x91,
    0x0, 0x1f, 0xfc, 0x44, 0xcd, 0xee, 0x40, 0x7,
    0xa4, 0x3, 0xff, 0x88, 0x56, 0x64, 0x20, 0x1f,
    0x51, 0x0, 0x7f, 0xf1, 0x28, 0x3, 0xfd, 0xa,
    0x1, 0xff, 0xc5, 0xf0, 0xf, 0xe9, 0x70, 0xf,
    0xfe, 0x33, 0xb8, 0xc4, 0x2, 0x27, 0xe6, 0x0,
    0xff, 0xe3, 0x0,

    /* U+007A "z" */
    0x0, 0x9f, 0xbf, 0xff, 0xf8, 0xf6, 0x1, 0xc,
    0x8, 0x7, 0xff, 0x1d, 0x10, 0x0, 0x20, 0xf,
    0xfe, 0x53, 0x80, 0x8, 0x3, 0xff, 0x92, 0x26,
    0x0, 0x1a, 0x32, 0x2f, 0xfe, 0x0, 0x80, 0x7a,
    0x0, 0x32, 0xe6, 0xef, 0xff, 0x1, 0xc0, 0x38,
    0xd8, 0x3, 0xff, 0x8a, 0x6c, 0x1, 0xdc, 0x1,
    0xff, 0xc6, 0xe0, 0xe, 0x92, 0x0, 0xff, 0xe2,
    0xc9, 0x0, 0x64, 0x60, 0xf, 0xfe, 0x2a, 0x30,
    0x7, 0x50, 0x7, 0xff, 0x1a, 0x80, 0x3a, 0x84,
    0x3, 0xff, 0x8b, 0x42, 0x1, 0x91, 0x40, 0x3f,
    0xf8, 0xa8, 0xa0, 0x18, 0x68, 0x3, 0xff, 0x8a,
    0x34, 0x1, 0xd6, 0x20, 0x1f, 0xfc, 0x5b, 0x10,
    0xc, 0xaa, 0x0, 0xff, 0xe2, 0xaa, 0x80, 0x30,
    0xd8, 0x7, 0xff, 0x14, 0x6c, 0x3, 0xa8, 0x40,
    0x3f, 0xf8, 0xb4, 0x20, 0x19, 0x90, 0x3, 0xff,
    0x8a, 0xc8, 0x1, 0x8a, 0x40, 0x3f, 0xf8, 0xa5,
    0x20, 0x1d, 0xc0, 0x1f, 0xfc, 0x6e, 0x0, 0xe7,
    0x30, 0xf, 0xfe, 0x2b, 0x98, 0x6, 0x28, 0x0,
    0xff, 0xe2, 0x94, 0x0, 0x77, 0x0, 0x7f, 0xf1,
    0xb8, 0x3, 0x9c, 0xc0, 0x3f, 0xf8, 0xae, 0x60,
    0x18, 0xe0, 0x3, 0xff, 0x8a, 0x50, 0x1, 0xdc,
    0x1, 0xff, 0xc6, 0xf0, 0xe, 0x82, 0x0, 0xff,
    0xe2, 0xc1, 0x0, 0x63, 0x70, 0xf, 0xfe, 0x29,
    0x38, 0x7, 0x1e, 0xef, 0xff, 0xe, 0x88, 0x20,
    0x3, 0xe2, 0x2f, 0xfe, 0x1a, 0xc8, 0x28, 0x7,
    0xff, 0x2d, 0x40, 0x3f, 0xf9, 0xa4, 0xe, 0x20,
    0x1f, 0xfc, 0x92, 0xf0,

    /* U+007B "{" */
    0x0, 0xfe, 0x6a, 0xdf, 0xfa, 0xc0, 0x3f, 0x1f,
    0x4a, 0x90, 0x4, 0x8a, 0x1, 0xe2, 0xc1, 0x0,
    0xf9, 0x80, 0x3d, 0x20, 0x1c, 0x6f, 0x38, 0x60,
    0x1c, 0x28, 0x1, 0xa7, 0x21, 0x8c, 0x3, 0xc8,
    0x1, 0x91, 0x80, 0x3f, 0xda, 0x1, 0xb4, 0x3,
    0xfe, 0x20, 0xc, 0xa0, 0x1f, 0xf0, 0x80, 0x61,
    0x0, 0xff, 0xe8, 0x8, 0x7, 0xff, 0x54, 0xc0,
    0x30, 0x80, 0x7f, 0xc2, 0x1, 0xff, 0xc4, 0xf0,
    0xc, 0xe0, 0x1f, 0xfd, 0x1, 0x0, 0xc2, 0x1,
    0xff, 0x18, 0x7, 0xff, 0x24, 0xc0, 0x3f, 0xe1,
    0x0, 0xff, 0xe2, 0x38, 0x6, 0x10, 0xf, 0xf8,
    0x40, 0x3f, 0xf9, 0x24, 0x1, 0xff, 0x8, 0x6,
    0x70, 0xf, 0xf9, 0x0, 0x31, 0x0, 0x7f, 0xd4,
    0x1, 0x18, 0x7, 0xf8, 0x6c, 0x80, 0x25, 0x0,
    0xf9, 0x6f, 0x39, 0x0, 0x35, 0x80, 0x7d, 0x8,
    0x60, 0x18, 0xac, 0x80, 0x3e, 0x60, 0xf, 0x52,
    0x0, 0x7e, 0x91, 0x0, 0xe8, 0xb0, 0xf, 0xc5,
    0xf0, 0xa4, 0x1, 0x23, 0x0, 0x7e, 0x17, 0xad,
    0x20, 0xa, 0xc0, 0x3f, 0xf8, 0x14, 0x1, 0x11,
    0x0, 0x3f, 0xe3, 0x0, 0xce, 0x1, 0xff, 0x30,
    0x6, 0x30, 0xf, 0xfe, 0x20, 0x80, 0x7f, 0xc2,
    0x1, 0xff, 0xc9, 0x10, 0xf, 0xf9, 0xc0, 0x3f,
    0xf8, 0x82, 0x1, 0x8c, 0x3, 0xfe, 0x30, 0xf,
    0xfe, 0xa8, 0x80, 0x61, 0x0, 0xff, 0xbc, 0x3,
    0xff, 0x88, 0x20, 0x19, 0xc0, 0x3f, 0xfa, 0x6,
    0x1, 0x84, 0x3, 0xfe, 0x10, 0xf, 0xfe, 0x48,
    0x80, 0x7f, 0xc2, 0x1, 0x94, 0x3, 0xfe, 0x30,
    0xd, 0xe0, 0x1f, 0xf7, 0x0, 0x64, 0x0, 0xff,
    0x8c, 0x3, 0x10, 0x80, 0x7f, 0x90, 0x40, 0x36,
    0x20, 0x80, 0x7f, 0x48, 0x6, 0x2b, 0xef, 0xc1,
    0x0, 0xf3, 0xa8, 0x7, 0xc6, 0xe0, 0x1f, 0x54,
    0x90, 0x7, 0x94, 0x3, 0xf3, 0x6e, 0xaa, 0x62,
    0x18, 0x60,

    /* U+007C "|" */
    0x5, 0xee, 0x38, 0x2, 0xc4, 0x50, 0x20, 0x20,
    0x11, 0x0, 0x7f, 0xff, 0xc0, 0x3f, 0xff, 0xe0,
    0x1f, 0xff, 0xf0, 0xf, 0xff, 0xf8, 0x7, 0xff,
    0xfc, 0x3, 0x8, 0x4, 0x41, 0x62, 0x28, 0x10,

    /* U+007D "}" */
    0x7, 0xef, 0xf7, 0x64, 0x8, 0x7, 0xf0, 0xc0,
    0x80, 0x4, 0xdf, 0x98, 0x3, 0xf0, 0x88, 0x3,
    0xe9, 0x60, 0xf, 0xdf, 0x30, 0xa0, 0x1d, 0x20,
    0x1f, 0x85, 0x9e, 0xb4, 0x40, 0x33, 0x0, 0x7f,
    0xc4, 0x80, 0x1b, 0x0, 0x3f, 0xf8, 0x1a, 0x1,
    0x9c, 0x3, 0xff, 0x80, 0x60, 0x18, 0xc0, 0x3f,
    0xf8, 0xa, 0x1, 0x84, 0x3, 0xff, 0x80, 0x22,
    0x0, 0xff, 0xed, 0x88, 0x7, 0xff, 0x4c, 0x40,
    0x23, 0x0, 0xff, 0xe2, 0x88, 0x7, 0xff, 0x5d,
    0xc0, 0x3f, 0xf8, 0xa2, 0x1, 0xff, 0xc0, 0x10,
    0xf, 0xfe, 0x51, 0x80, 0x7f, 0xf1, 0x44, 0x3,
    0xff, 0x80, 0x60, 0x1f, 0xfc, 0x53, 0x0, 0xde,
    0x1, 0xff, 0xc0, 0x10, 0xd, 0xe0, 0x1f, 0xfc,
    0x11, 0x0, 0x88, 0x3, 0xff, 0x82, 0xa0, 0x12,
    0x0, 0x7f, 0xf0, 0x78, 0x2, 0x19, 0x20, 0xf,
    0xf9, 0x4c, 0x2, 0x6d, 0xfa, 0x10, 0xf, 0xed,
    0x30, 0xe, 0x5d, 0x0, 0xfe, 0x18, 0x0, 0xf1,
    0x88, 0x7, 0xe7, 0xb0, 0xf, 0x8, 0x7, 0xe1,
    0x80, 0xc, 0x73, 0x7e, 0x20, 0x1f, 0x20, 0x6,
    0x7c, 0x64, 0x10, 0xf, 0xda, 0x1, 0xc, 0x0,
    0x7f, 0xf0, 0xc, 0x2, 0x40, 0xf, 0xfe, 0xa,
    0x80, 0x44, 0x1, 0xff, 0xc0, 0x11, 0x0, 0x5e,
    0x1, 0xff, 0xc0, 0x30, 0xd, 0xe0, 0x1f, 0xfc,
    0x3, 0x0, 0xc2, 0x1, 0xff, 0xd2, 0x10, 0xc,
    0x60, 0x1f, 0xfc, 0x51, 0x0, 0xff, 0xeb, 0xb8,
    0x7, 0xff, 0x14, 0x40, 0x3f, 0xfa, 0x62, 0x1,
    0x18, 0x7, 0xff, 0x14, 0x40, 0x3f, 0xf8, 0x26,
    0x1, 0xff, 0xc5, 0x30, 0xf, 0xfe, 0xb8, 0x80,
    0x42, 0x1, 0xff, 0xc0, 0x40, 0xc, 0xa0, 0x1f,
    0xfc, 0xf, 0x0, 0xc6, 0x1, 0xfe, 0x3a, 0x40,
    0xd, 0x60, 0x1f, 0x47, 0xfb, 0x14, 0x3, 0x21,
    0x80, 0x78, 0x5c, 0x3, 0xe2, 0xa0, 0xf, 0x84,
    0x40, 0x1e, 0x7d, 0x10, 0xf, 0xdf, 0x31, 0x9,
    0xcf, 0x80, 0xf, 0xe0,

    /* U+007E "~" */
    0x0, 0xe5, 0xbd, 0xff, 0x63, 0x88, 0x7, 0xff,
    0x1c, 0xfa, 0x90, 0x80, 0x7, 0x1c, 0xe0, 0x1f,
    0xfc, 0x54, 0xc1, 0x0, 0xfd, 0x18, 0x40, 0x1f,
    0xcd, 0x46, 0x0, 0x1a, 0x0, 0xff, 0x8f, 0x58,
    0x3, 0xe8, 0x95, 0xc2, 0xb, 0x10, 0x8, 0x59,
    0xd8, 0x40, 0x3a, 0x6c, 0x80, 0x32, 0xb8, 0x4,
    0xc0, 0xa0, 0x12, 0xf4, 0xc4, 0xf3, 0x80, 0x72,
    0x6d, 0xc4, 0xe5, 0x0, 0x42, 0x80, 0x40, 0x2,
    0xa0, 0xe, 0x8c, 0x10, 0xe, 0x47, 0x63, 0x0,
    0xd0, 0x0, 0xc6, 0x66, 0x0, 0x7c, 0x7c, 0xa0,
    0x1f, 0xf2, 0xb0, 0x0, 0x66, 0x42, 0x1, 0xfd,
    0x54, 0x10, 0xf, 0xcf, 0x40, 0x1f, 0xfc, 0x55,
    0xe9, 0x41, 0x1, 0x37, 0xd8, 0x0, 0x80,

    /* U+2014 "—" */
    0x0, 0x1a, 0x27, 0xff, 0x7c, 0xc8, 0x0, 0x3b,
    0x97, 0x7f, 0xfd, 0xfc, 0xda, 0x4, 0x20, 0xf,
    0xff, 0x12, 0x80, 0x7f, 0xf9, 0xd5, 0x40, 0x1f,
    0xfe, 0x11, 0x90,

    /* U+2103 "℃" */
    0x0, 0xfc, 0x24, 0x20, 0x1f, 0xfe, 0x54, 0xbf,
    0xed, 0xee, 0x49, 0x0, 0x7f, 0xf3, 0xc4, 0x40,
    0x1f, 0xfc, 0x4b, 0xb2, 0x0, 0x61, 0x6d, 0x70,
    0xf, 0xfe, 0x49, 0xbd, 0xf7, 0xf7, 0x3f, 0xdd,
    0x6e, 0x40, 0x1f, 0x87, 0x50, 0x3, 0xfa, 0x24,
    0x3, 0xff, 0x8c, 0xfb, 0x90, 0x82, 0x1, 0xc2,
    0x91, 0xb6, 0x60, 0x1e, 0xa2, 0x0, 0x96, 0x6e,
    0x4c, 0x2, 0x67, 0x0, 0xff, 0xe1, 0xb7, 0x41,
    0x0, 0x7f, 0xf0, 0x53, 0x20, 0x3, 0x2a, 0x0,
    0x7, 0x29, 0x91, 0xb2, 0x0, 0x28, 0x10, 0xf,
    0xfe, 0x0, 0xdc, 0x88, 0x7, 0xff, 0x15, 0xe8,
    0x2, 0xe0, 0xa, 0xcc, 0x3, 0x9d, 0x80, 0x26,
    0x0, 0xff, 0x8b, 0xd0, 0x3, 0xff, 0x90, 0xb2,
    0x0, 0x40, 0x1, 0x28, 0x7, 0xd0, 0x1, 0x58,
    0x7, 0xf8, 0xf0, 0x40, 0x3e, 0x16, 0x8a, 0xba,
    0x96, 0x20, 0xf, 0x38, 0x10, 0x4, 0x80, 0x1f,
    0x84, 0xc0, 0x4, 0x1, 0xfc, 0x3a, 0x20, 0x1e,
    0x3b, 0xe9, 0x75, 0x45, 0x69, 0xdc, 0x30, 0xc,
    0x80, 0x20, 0x10, 0x80, 0x7f, 0x38, 0x0, 0x40,
    0x3f, 0xb4, 0x40, 0x3d, 0x38, 0x80, 0x1f, 0xc7,
    0x8c, 0x0, 0x2b, 0x1, 0x0, 0x84, 0x3, 0xf9,
    0xc0, 0x2, 0x1, 0xfa, 0xc, 0x3, 0x87, 0x18,
    0x3, 0xff, 0x83, 0x39, 0x5a, 0x20, 0x40, 0x12,
    0x80, 0x7f, 0x18, 0x0, 0x80, 0x3e, 0x27, 0x0,
    0xf6, 0x98, 0x7, 0xff, 0xc, 0xd4, 0x3, 0x18,
    0x0, 0xcc, 0x1, 0xf3, 0x80, 0x48, 0x1, 0xf4,
    0x0, 0x7a, 0x4c, 0x3, 0xff, 0x95, 0x40, 0x17,
    0x8, 0x7, 0x1c, 0x0, 0x54, 0x1, 0xe2, 0x50,
    0xe, 0x36, 0x0, 0xff, 0xe5, 0xb1, 0x0, 0xb,
    0xdc, 0xc9, 0x27, 0x0, 0x26, 0x20, 0xf, 0x50,
    0x7, 0xbc, 0x3, 0xff, 0x9b, 0xe2, 0x0, 0x18,
    0xcd, 0xb6, 0x0, 0x8e, 0x40, 0x3e, 0x60, 0xe,
    0x33, 0x0, 0x7f, 0xf3, 0x4b, 0x8, 0x3, 0xf9,
    0x30, 0x3, 0xe2, 0x10, 0xe, 0xa0, 0xf, 0xfe,
    0x79, 0x6c, 0x8, 0x7, 0x15, 0x58, 0x7, 0xe5,
    0x0, 0xf3, 0x0, 0x7f, 0xf4, 0x5f, 0xb6, 0xea,
    0xfb, 0x54, 0x3, 0xfb, 0x40, 0x38, 0xc0, 0x3f,
    0xfa, 0x84, 0x8a, 0x82, 0x1, 0xff, 0x38, 0x7,
    0x28, 0x7, 0xff, 0x90, 0x80, 0x3b, 0x0, 0x3f,
    0xfc, 0x62, 0x1, 0xe6, 0x0, 0xff, 0xf1, 0x98,
    0x7, 0x84, 0x3, 0xff, 0xc6, 0x20, 0x1e, 0x30,
    0xf, 0xff, 0x1b, 0x80, 0x78, 0x40, 0x3f, 0xff,
    0xe0, 0x1f, 0xfc, 0xf7, 0x0, 0xff, 0xf5, 0x8,
    0x7, 0x84, 0x3, 0xff, 0xc6, 0x60, 0x1e, 0x20,
    0xf, 0xff, 0x18, 0x80, 0x79, 0x80, 0x3f, 0xfc,
    0x84, 0x1, 0xda, 0x1, 0xff, 0xe4, 0x70, 0xe,
    0x30, 0xf, 0xff, 0x26, 0x80, 0x72, 0x0, 0x7f,
    0xf9, 0x14, 0x3, 0xca, 0x1, 0xff, 0xe3, 0x21,
    0x0, 0xe9, 0x0, 0xff, 0xf2, 0x30, 0x7, 0x19,
    0x80, 0x3f, 0xfc, 0x74, 0x1, 0xef, 0x0, 0xff,
    0xf1, 0x92, 0x80, 0x71, 0xb8, 0x7, 0xff, 0x8e,
    0x0, 0x3d, 0x8, 0x1, 0xff, 0xc5, 0x57, 0x10,
    0xf, 0xfe, 0x71, 0x40, 0x7, 0xad, 0x40, 0x3f,
    0xf8, 0x73, 0x51, 0x82, 0x1, 0xff, 0xce, 0x73,
    0x0, 0xf5, 0x40, 0x7, 0xff, 0x0, 0x69, 0x80,
    0x5, 0x40, 0x1f, 0xfc, 0xfd, 0x10, 0xf, 0x3f,
    0x30, 0x80, 0x7c, 0x51, 0xca, 0x1, 0x94, 0x3,
    0xff, 0x9e, 0x38, 0x20, 0x1e, 0x19, 0xed, 0xa9,
    0x95, 0x5f, 0x6b, 0x80, 0x79, 0xc0, 0x3f, 0xfa,
    0x5, 0x84, 0x1, 0xf8, 0x95, 0x98, 0xa8, 0x20,
    0x1f, 0x24, 0x80, 0x7f, 0xf4, 0x4b, 0x14, 0x3,
    0xff, 0x90, 0xb6, 0x1, 0xff, 0xd3, 0x1a, 0xa1,
    0x0, 0x7f, 0xf1, 0x66, 0x80, 0x3f, 0xfa, 0xcb,
    0xb4, 0x60, 0x1f, 0xfc, 0x2, 0x8e, 0x60, 0xf,
    0xfe, 0xca, 0xe7, 0x53, 0xa1, 0x91, 0xd, 0x1a,
    0x77, 0x4e, 0x20, 0x18,

    /* U+4E0A "上" */
    0x0, 0xff, 0xe5, 0x93, 0x30, 0x80, 0x3f, 0xfc,
    0xa7, 0xb3, 0x2d, 0x30, 0xf, 0xff, 0x22, 0x0,
    0x64, 0x0, 0xff, 0xf2, 0x78, 0x6, 0xf0, 0xf,
    0xff, 0xf8, 0x7, 0xff, 0xfc, 0x3, 0xff, 0xfe,
    0x1, 0xff, 0xff, 0x0, 0xff, 0xff, 0x80, 0x7f,
    0xff, 0xc0, 0x3f, 0xff, 0xe0, 0x1f, 0xff, 0xf0,
    0xf, 0xff, 0xf8, 0x7, 0xff, 0xfc, 0x3, 0xff,
    0xde, 0x23, 0xff, 0xc9, 0x0, 0xff, 0xea, 0xb7,
    0x77, 0xff, 0x24, 0xc0, 0x3f, 0xfd, 0x3, 0x0,
    0x1f, 0xfe, 0x96, 0x0, 0xff, 0xf4, 0xa0, 0x7,
    0xff, 0x4c, 0x95, 0x7f, 0xf9, 0xf, 0x20, 0x1f,
    0xfd, 0x35, 0xaa, 0xff, 0xe4, 0x40, 0x7, 0xff,
    0xfc, 0x3, 0xff, 0xfe, 0x1, 0xff, 0xff, 0x0,
    0xff, 0xff, 0x80, 0x7f, 0xff, 0xc0, 0x3f, 0xff,
    0xe0, 0x1f, 0xff, 0xf0, 0xf, 0xff, 0xf8, 0x7,
    0xff, 0xfc, 0x3, 0xff, 0xfe, 0x1, 0xff, 0xff,
    0x0, 0xff, 0xff, 0x80, 0x7f, 0xff, 0xc0, 0x3f,
    0xff, 0xe0, 0x1f, 0xff, 0xf0, 0xf, 0xff, 0xc1,
    0xf7, 0xff, 0xff, 0x21, 0xc0, 0x33, 0xff, 0xff,
    0xf3, 0x39, 0x3c, 0x40, 0x3f, 0xfc, 0xc3, 0x22,
    0x1, 0xff, 0xe8, 0x37, 0x0, 0xff, 0xf4, 0x2d,
    0xb2, 0x19, 0xff, 0xf9, 0x11, 0xa8,

    /* U+4E2D "中" */
    0x0, 0xff, 0xe6, 0x8, 0x7, 0xff, 0x8c, 0xb7,
    0xbe, 0x0, 0x3f, 0xfc, 0x30, 0x40, 0x7, 0x20,
    0xf, 0xff, 0x0, 0x80, 0x61, 0x0, 0xff, 0xf2,
    0xb8, 0x7, 0xff, 0xfc, 0x3, 0xff, 0xfe, 0x1,
    0xff, 0xff, 0x0, 0xff, 0xff, 0x80, 0x7f, 0xff,
    0x4f, 0x3f, 0xff, 0xf8, 0xe8, 0x1, 0xaf, 0xff,
    0xff, 0x8f, 0x86, 0x0, 0xe3, 0x0, 0xff, 0xf0,
    0x1f, 0x0, 0x8, 0x3, 0xff, 0xc4, 0x40, 0x20,
    0x1f, 0xfe, 0x41, 0x0, 0xf1, 0x19, 0xff, 0xf0,
    0xc0, 0x38, 0x8c, 0xff, 0xf8, 0x64, 0x1, 0xff,
    0x1e, 0xe6, 0x7f, 0xf0, 0xd0, 0x3, 0x4e, 0x67,
    0xff, 0xf, 0x44, 0x3, 0xfc, 0xc0, 0x1f, 0xfd,
    0xa3, 0x0, 0xff, 0xff, 0x80, 0x7f, 0xff, 0xc0,
    0x3f, 0xff, 0xe0, 0x1f, 0xff, 0xf0, 0xf, 0xff,
    0xf8, 0x7, 0xff, 0xfc, 0x3, 0xff, 0xfe, 0x1,
    0xff, 0xff, 0x0, 0xff, 0x8, 0x7, 0xff, 0x68,
    0xc0, 0x3f, 0xc9, 0x77, 0xff, 0xc4, 0x50, 0xd,
    0x17, 0x7f, 0xfc, 0x3d, 0x10, 0xf, 0xf9, 0x13,
    0xff, 0x88, 0x20, 0x18, 0xd1, 0x3f, 0xf8, 0x64,
    0x1, 0xe1, 0x0, 0xff, 0xf2, 0x8, 0x10, 0x7,
    0xff, 0x88, 0x80, 0x1c, 0x40, 0x1f, 0xfe, 0x2,
    0xe0, 0x1, 0xef, 0xff, 0xff, 0x1d, 0x0, 0x35,
    0xff, 0xff, 0xf1, 0xf4, 0xc0, 0x3f, 0xff, 0xe0,
    0x1f, 0xff, 0xf0, 0xf, 0xff, 0xf8, 0x7, 0xff,
    0xfc, 0x3, 0xff, 0xfe, 0x1, 0xff, 0xff, 0x0,
    0xff, 0xff, 0x80, 0x7f, 0xff, 0xc0, 0x3f, 0xff,
    0xe0, 0x1f, 0xff, 0xf0, 0xf, 0xfe, 0x83, 0x80,
    0x7f, 0xf8, 0x8, 0x3, 0x8, 0x7, 0xff, 0x82,
    0xcc, 0x6, 0x8, 0x3, 0xff, 0x94,

    /* U+4FDD "保" */
    0x0, 0xff, 0xe2, 0x8, 0x7, 0xff, 0xae, 0xbb,
    0xe8, 0x3, 0xff, 0xd0, 0xaa, 0x0, 0x2b, 0x0,
    0x7f, 0xf9, 0xe4, 0x3, 0x10, 0x1, 0x77, 0xff,
    0xff, 0x9d, 0xd4, 0x20, 0x1f, 0xfc, 0x52, 0x30,
    0x8, 0x50, 0xa, 0x88, 0x3, 0xff, 0x9c, 0x2b,
    0x60, 0x1f, 0xfc, 0x58, 0x0, 0xd2, 0x0, 0x70,
    0xf, 0xfe, 0x93, 0x80, 0x7f, 0xf1, 0x9, 0x40,
    0x33, 0x0, 0xc, 0x3, 0xff, 0xa4, 0x60, 0x1f,
    0xfc, 0x48, 0x0, 0xcc, 0x20, 0x1f, 0x24, 0x47,
    0xff, 0x21, 0x80, 0x3f, 0xf9, 0x6, 0xa0, 0x1a,
    0x0, 0x3f, 0x43, 0xbf, 0xff, 0x22, 0x44, 0x3,
    0xff, 0x8f, 0x0, 0x19, 0x84, 0x3, 0xff, 0xca,
    0xa8, 0x1, 0xa0, 0x3, 0xff, 0xcd, 0x60, 0x19,
    0xc4, 0x3, 0xff, 0xcb, 0x22, 0x1, 0xc, 0x0,
    0x7f, 0xf9, 0x4d, 0x80, 0x34, 0x0, 0x7f, 0xf9,
    0xb8, 0x3, 0x13, 0x0, 0x7f, 0xf9, 0x60, 0x80,
    0x33, 0x0, 0x7f, 0xf9, 0x4d, 0xc0, 0x3f, 0xfd,
    0x7c, 0x1, 0xff, 0xc7, 0x60, 0xf, 0xfe, 0x41,
    0x8, 0x7, 0xff, 0x6, 0x48, 0x3, 0xff, 0x8f,
    0x5f, 0xff, 0xfc, 0x8d, 0x0, 0xff, 0xe0, 0xb3,
    0x0, 0x3f, 0xfd, 0x47, 0x20, 0x1f, 0xfc, 0x42,
    0x0, 0xff, 0xe9, 0x10, 0x7, 0x8b, 0x40, 0x3f,
    0xf8, 0xa8, 0x60, 0x1f, 0xfd, 0x18, 0x0, 0xe2,
    0xc1, 0x0, 0xd2, 0x20, 0x1f, 0xfc, 0xc, 0xb9,
    0x9f, 0xf2, 0x80, 0x66, 0x99, 0xff, 0x57, 0x20,
    0x7, 0x70, 0x80, 0x65, 0x60, 0xf, 0xfe, 0x12,
    0x33, 0x7f, 0xb4, 0x3, 0x7b, 0x37, 0xf9, 0x44,
    0x3, 0xc6, 0x1, 0x8a, 0x80, 0x3f, 0xfc, 0xc6,
    0x1, 0xe, 0x0, 0x7f, 0xf9, 0xe4, 0x2, 0xd1,
    0x0, 0xff, 0xf3, 0xac, 0x1e, 0x18, 0x7, 0xff,
    0xa5, 0xf0, 0xc0, 0x3f, 0xff, 0x25, 0x9f, 0xff,
    0xfc, 0x38, 0x0, 0xd3, 0xff, 0xff, 0xc2, 0xe8,
    0x0, 0xff, 0xe3, 0x41, 0x80, 0x7f, 0xf5, 0xc5,
    0xcc, 0x3, 0xff, 0x8a, 0x20, 0x1f, 0xfd, 0xa6,
    0x0, 0xff, 0xe2, 0xe0, 0x7, 0xff, 0x69, 0x0,
    0x3f, 0xf8, 0xaf, 0x50, 0xef, 0xff, 0xc2, 0x40,
    0xc, 0x8e, 0xff, 0xfc, 0x28, 0xd1, 0x0, 0xff,
    0xe3, 0x2b, 0xc4, 0x7f, 0xf0, 0xb0, 0x3, 0x6c,
    0x47, 0xff, 0x9, 0xc8, 0x3, 0xff, 0xfe, 0x1,
    0xfc, 0x2c, 0x80, 0x1f, 0xfc, 0x32, 0x40, 0xf,
    0xfe, 0xc1, 0xf4, 0xdd, 0x80, 0x3f, 0xf8, 0x2d,
    0xb7, 0xc8, 0x1, 0xff, 0xd6, 0xe0, 0x9, 0x0,
    0x3f, 0xf8, 0x3a, 0x0, 0x1b, 0x30, 0xf, 0xfe,
    0xa3, 0x90, 0x4, 0xc0, 0x1f, 0xfc, 0x1e, 0x0,
    0xda, 0x40, 0x1f, 0xfd, 0x21, 0x80, 0xd, 0x0,
    0x1f, 0xfc, 0x15, 0x70, 0x8, 0x7c, 0x40, 0x3f,
    0xfa, 0x36, 0x1, 0xa0, 0x40, 0x3f, 0xf8, 0x50,
    0xa0, 0x11, 0x68, 0x7, 0xff, 0x41, 0x54, 0x1,
    0x13, 0x80, 0x7f, 0xf1, 0x28, 0xc0, 0x23, 0xa0,
    0xf, 0xfe, 0x70, 0xd8, 0x6, 0x90, 0xf, 0xfe,
    0x36, 0x88, 0x4, 0xae, 0x1, 0xff, 0xcd, 0xd1,
    0x0, 0x99, 0x0, 0x3f, 0xf8, 0xc3, 0x40, 0x1a,
    0xc, 0x3, 0xff, 0x97, 0x26, 0x1, 0xc, 0x80,
    0x7f, 0xf2, 0x12, 0x0, 0x36, 0x80, 0x7f, 0xf2,
    0x99, 0x80, 0x1b, 0x40, 0x3f, 0xf9, 0x4e, 0x60,
    0x10, 0xc0, 0x7, 0xff, 0x21, 0x64, 0x3, 0x41,
    0x80, 0x7f, 0xf2, 0xf8, 0x3, 0x38, 0x80, 0x7f,
    0xf1, 0x8e, 0x80, 0x32, 0x38, 0x7, 0xff, 0x30,
    0xa4, 0x3, 0x28, 0x7, 0xff, 0x19, 0x0, 0x31,
    0x58, 0x7, 0xff, 0x39, 0x88, 0x2, 0x50, 0xf,
    0xfe, 0x33, 0x10, 0x0, 0x7c, 0x3, 0xff, 0xa1,
    0xc2, 0x98, 0x20, 0x1f, 0xfc, 0x61, 0xd7, 0x5c,
    0x20, 0xf, 0xfe, 0x81, 0xf5, 0x98, 0x7, 0xff,
    0x26, 0x28, 0x80, 0x3f, 0xfc, 0x6, 0x1, 0x10,
    0x7, 0xff, 0x20, 0x80, 0x31, 0x0, 0x7f, 0xf3,
    0xa4, 0x80, 0xec, 0x3, 0xff, 0x90, 0xa6, 0x0,
    0x44, 0x0, 0x7f, 0xf3, 0x93, 0x7f, 0x8, 0x3,
    0xff, 0x93, 0x9d, 0xcb, 0x0, 0xff, 0xe3, 0x0,

    /* U+505C "停" */
    0x0, 0xff, 0xea, 0x9b, 0x20, 0x7, 0xff, 0x54,
    0xfb, 0xe8, 0x40, 0x3f, 0xf8, 0x51, 0x93, 0x6e,
    0x1, 0xff, 0xd4, 0xe1, 0x5, 0xa0, 0xf, 0xfe,
    0x12, 0x0, 0x50, 0x20, 0x1f, 0xfd, 0x23, 0x20,
    0x8, 0x40, 0x3f, 0xf8, 0x56, 0x1, 0xa0, 0x3,
    0xff, 0xa5, 0x40, 0x1b, 0xc0, 0x3f, 0xf8, 0x4e,
    0x20, 0x13, 0x18, 0x7, 0xff, 0x45, 0x80, 0x21,
    0x50, 0x23, 0x3f, 0xfe, 0xb, 0x80, 0x6f, 0x33,
    0xff, 0xe1, 0x8, 0x7, 0xff, 0x5, 0xc0, 0x33,
    0x6, 0xeb, 0x33, 0xff, 0x82, 0xc0, 0x18, 0xf3,
    0x3f, 0xf8, 0x5d, 0x0, 0x1f, 0xfc, 0xa, 0x0,
    0xd4, 0xa4, 0x1, 0xff, 0xd7, 0x70, 0xf, 0xf9,
    0x48, 0x2, 0x52, 0x0, 0xff, 0xf2, 0xc0, 0x6,
    0x90, 0x55, 0x8, 0x7, 0xff, 0x54, 0xa8, 0x3,
    0xfc, 0xc4, 0x1, 0x21, 0x80, 0x2b, 0xbf, 0xff,
    0xfa, 0xba, 0xa0, 0x1f, 0xe8, 0x0, 0xde, 0x1,
    0xff, 0xe5, 0x71, 0x0, 0x8d, 0x0, 0x3f, 0xfc,
    0x83, 0x0, 0x1b, 0xc0, 0x3f, 0x26, 0xff, 0xff,
    0xf3, 0x34, 0xc0, 0x3f, 0xf8, 0x36, 0x1, 0x90,
    0xc0, 0x3f, 0x51, 0x0, 0x7f, 0xf3, 0xb, 0x80,
    0x3f, 0xf8, 0x6, 0xa0, 0x1a, 0x40, 0x3f, 0x10,
    0x80, 0x7f, 0xf3, 0x88, 0x3, 0xff, 0x81, 0xc0,
    0x1c, 0x40, 0x1f, 0xfc, 0x13, 0x77, 0xff, 0xe2,
    0xb0, 0x7, 0x8, 0x7, 0xfa, 0x8, 0x3, 0xff,
    0x8f, 0xb1, 0x1f, 0xfc, 0x59, 0x50, 0xf, 0xfe,
    0x11, 0x38, 0x7, 0xff, 0x6c, 0xc0, 0x3f, 0xf8,
    0x5e, 0x1, 0xff, 0xea, 0x92, 0x0, 0xff, 0xe4,
    0xa8, 0x7, 0xff, 0x14, 0x54, 0x3, 0xff, 0x80,
    0xcc, 0x0, 0xff, 0xe5, 0x5f, 0xff, 0xff, 0x17,
    0x8c, 0x3, 0xfe, 0x49, 0x0, 0xff, 0xe3, 0x18,
    0x7, 0xff, 0x40, 0x40, 0x38, 0x68, 0x3, 0x94,
    0x3, 0xff, 0x82, 0x28, 0x1, 0xff, 0xce, 0x50,
    0xf, 0x28, 0x80, 0x6a, 0x20, 0xf, 0xfe, 0x15,
    0xcb, 0xb3, 0x7f, 0xf2, 0x9e, 0x68, 0x3, 0xce,
    0x1, 0x99, 0x40, 0x3f, 0xf8, 0x8d, 0x13, 0x3f,
    0xfc, 0xa8, 0x60, 0xf, 0x8c, 0x80, 0x9, 0x20,
    0x1f, 0xfe, 0x79, 0x2, 0xa0, 0xf, 0xff, 0x42,
    0x76, 0x88, 0x7, 0xff, 0x1, 0xbb, 0xff, 0xff,
    0xad, 0x86, 0x1, 0x8, 0x7, 0xff, 0x4, 0xa4,
    0x40, 0x3f, 0xfa, 0xc7, 0xe0, 0x1f, 0xfc, 0x57,
    0x0, 0xff, 0xec, 0x98, 0x7, 0xff, 0xfc, 0x2,
    0xdf, 0xff, 0xfe, 0x83, 0x0, 0x7f, 0xf3, 0x44,
    0x80, 0x3f, 0xfa, 0x1e, 0x1, 0xff, 0xff, 0x0,
    0xff, 0xf7, 0x8, 0x4, 0x40, 0xfd, 0xff, 0xff,
    0xcb, 0xeb, 0x12, 0x0, 0x84, 0x3, 0xff, 0x8a,
    0x8a, 0x5, 0x3, 0x2, 0x1, 0xff, 0xcb, 0x14,
    0x64, 0x50, 0x2a, 0x0, 0xff, 0xe3, 0x57, 0xea,
    0x0, 0x7f, 0xf4, 0xab, 0xf5, 0x0, 0x3f, 0xf9,
    0x42, 0xa0, 0x1f, 0xfc, 0xd2, 0x60, 0xf, 0xfe,
    0x85, 0x7f, 0x77, 0xf2, 0x0, 0x6d, 0xee, 0xfe,
    0xd1, 0x0, 0xff, 0xe9, 0x8, 0xff, 0x80, 0x31,
    0x88, 0xff, 0x0, 0x7f, 0xff, 0xc0, 0x3f, 0xff,
    0xe0, 0x1f, 0xff, 0xf0, 0xf, 0xff, 0xf8, 0x7,
    0xff, 0xfc, 0x3, 0xff, 0xfe, 0x1, 0xff, 0xd4,
    0x12, 0x11, 0xc4, 0xe0, 0x18, 0x40, 0x3f, 0xfb,
    0xdb, 0xdb, 0xdd, 0xb4, 0x80, 0x3f, 0xfa, 0x3e,
    0x1, 0xff, 0xc4, 0x12, 0x0, 0xff, 0x90, 0x3,
    0xff, 0x9a, 0x20, 0x10, 0x80, 0x7f, 0xf0, 0x5,
    0x40, 0x3f, 0xc3, 0x0, 0x1f, 0xfc, 0xd6, 0x40,
    0x1b, 0x0, 0xff, 0xe0, 0xd3, 0x90, 0x6, 0x12,
    0x49, 0xe3, 0x0, 0xff, 0xe3, 0x0,

    /* U+51B7 "冷" */
    0x0, 0xff, 0xe9, 0x91, 0x80, 0x7f, 0xf9, 0xdf,
    0x73, 0xd0, 0x3, 0xff, 0xc8, 0x50, 0x1, 0x70,
    0x7, 0xff, 0x20, 0xa6, 0x8c, 0x3, 0xff, 0x99,
    0x20, 0x1b, 0x40, 0x3f, 0xf8, 0xe3, 0xac, 0xb8,
    0x60, 0x1f, 0xfc, 0xa4, 0x40, 0x6, 0xa0, 0xf,
    0xfe, 0x39, 0x0, 0x6d, 0x10, 0xf, 0xfe, 0x40,
    0xd0, 0x7, 0x15, 0x0, 0x7f, 0xf1, 0x8c, 0xc0,
    0x10, 0xd0, 0x7, 0xff, 0x22, 0xc4, 0x3, 0xca,
    0xe0, 0x1f, 0xfc, 0x6f, 0x0, 0xc8, 0xc0, 0x1f,
    0xfc, 0x67, 0x50, 0x8, 0x40, 0x34, 0x28, 0x7,
    0xff, 0x14, 0xe0, 0x3, 0x49, 0x0, 0x7f, 0xf1,
    0x12, 0x0, 0x35, 0x50, 0x3, 0x52, 0x0, 0x7f,
    0xf1, 0x5c, 0xc0, 0x34, 0x80, 0x7f, 0xf0, 0xca,
    0x80, 0x33, 0x22, 0xc0, 0x6, 0xb4, 0x0, 0xff,
    0xe2, 0xf0, 0x6, 0x45, 0x0, 0xff, 0xe0, 0x8e,
    0x8, 0x4, 0x72, 0x0, 0x75, 0x0, 0xd6, 0x80,
    0x1f, 0xfc, 0x42, 0x70, 0xd, 0x0, 0x1f, 0xfc,
    0x1, 0xc1, 0x0, 0x87, 0x80, 0x35, 0x20, 0x6,
    0xb5, 0x0, 0xff, 0xe2, 0x40, 0x80, 0x44, 0xc0,
    0x1f, 0xe1, 0xd2, 0x0, 0xd4, 0x40, 0x1d, 0x66,
    0x1, 0xa9, 0xc0, 0x3f, 0xf8, 0x90, 0x1, 0xac,
    0x3, 0xf8, 0x74, 0xc0, 0x34, 0xa0, 0x7, 0xd8,
    0x60, 0x1a, 0x24, 0x3, 0xff, 0x86, 0xc2, 0x1,
    0x10, 0x7, 0xe1, 0xd3, 0x0, 0xce, 0xc0, 0x1f,
    0xd8, 0x60, 0x19, 0xb0, 0x40, 0x3f, 0xf8, 0x52,
    0x1, 0x20, 0x7, 0xc5, 0x86, 0x1, 0x9a, 0x0,
    0x3f, 0xec, 0x30, 0xc, 0x7e, 0x60, 0x1f, 0xfc,
    0x17, 0x30, 0x6b, 0x0, 0xf1, 0xe1, 0x0, 0x65,
    0x90, 0xf, 0xfe, 0xe, 0x20, 0x6, 0x1c, 0x70,
    0xf, 0xfe, 0xe, 0x7c, 0x80, 0x79, 0xb0, 0x40,
    0x33, 0x50, 0x7, 0xff, 0xe, 0xd8, 0x3, 0xa2,
    0xc8, 0x3, 0xff, 0x8f, 0x32, 0x0, 0xe6, 0xc8,
    0x99, 0xff, 0xe1, 0xc7, 0xb8, 0x7, 0x26, 0xb8,
    0x7, 0xff, 0x11, 0x35, 0x80, 0x3a, 0x7a, 0x9d,
    0x9b, 0xff, 0x86, 0xf2, 0x54, 0x1, 0xe8, 0xd4,
    0x0, 0xff, 0xe0, 0xc5, 0x90, 0x6, 0x1b, 0x6d,
    0x0, 0xff, 0xe3, 0xba, 0xe9, 0x0, 0x71, 0x59,
    0x80, 0x7f, 0xc2, 0xe0, 0x1c, 0x7e, 0x80, 0x40,
    0x1f, 0xfc, 0x76, 0x2, 0xd5, 0x0, 0xf1, 0x0,
    0x7f, 0xc2, 0x60, 0x1a, 0x30, 0x40, 0x10, 0xe8,
    0x9f, 0xfc, 0x56, 0xa0, 0xa, 0xa8, 0x20, 0x15,
    0x88, 0x7, 0xff, 0x3, 0x18, 0x97, 0x5c, 0x3,
    0xa2, 0xef, 0xff, 0x8b, 0x22, 0x1, 0x97, 0xdd,
    0xb5, 0x0, 0x3f, 0xf8, 0x53, 0xb4, 0x40, 0x1f,
    0xfd, 0x31, 0x89, 0x20, 0xf, 0xff, 0xf8, 0x7,
    0xff, 0xfc, 0x3, 0xff, 0xa8, 0x73, 0x55, 0xd7,
    0x7e, 0xcc, 0xfb, 0x77, 0xd9, 0x48, 0x1, 0xff,
    0xcd, 0xc6, 0x55, 0xe4, 0x4f, 0x19, 0xfc, 0x45,
    0xe3, 0x5b, 0xc0, 0xf, 0xfe, 0x59, 0x80, 0x7f,
    0xf4, 0x4d, 0x40, 0x3f, 0xf8, 0x2f, 0xae, 0x1,
    0xe3, 0x10, 0xf, 0xfe, 0x8a, 0x0, 0x7f, 0xf0,
    0xa, 0xa, 0x1c, 0x3, 0xd8, 0xea, 0xbf, 0xfc,
    0x94, 0x0, 0xe7, 0x10, 0xf, 0xfe, 0x5, 0x80,
    0x56, 0x1, 0xe2, 0x8a, 0xaf, 0xfe, 0x48, 0x80,
    0x62, 0x80, 0xf, 0xfe, 0xb, 0x0, 0x4c, 0x1,
    0xff, 0xd0, 0x65, 0x0, 0xdc, 0x1, 0xff, 0xc1,
    0x50, 0xd, 0x80, 0x1f, 0xfc, 0xf3, 0x90, 0xd,
    0x6, 0x1, 0xff, 0xc1, 0x90, 0xc, 0xc0, 0x1f,
    0xfc, 0xe1, 0xe0, 0xc, 0x8e, 0x1, 0xff, 0xc1,
    0x23, 0x0, 0x98, 0x3, 0xff, 0x9f, 0xa4, 0x1,
    0x15, 0x0, 0x7f, 0xf0, 0xac, 0x3, 0x50, 0x7,
    0xff, 0x3a, 0x8c, 0x3, 0x78, 0x80, 0x7f, 0xf0,
    0x45, 0x80, 0x22, 0x30, 0xf, 0xfe, 0x6c, 0xa8,
    0x6, 0xb2, 0x0, 0xff, 0xe1, 0x30, 0x6, 0xb0,
    0xf, 0xfe, 0xb, 0x7f, 0xa4, 0x3, 0xf4, 0x30,
    0x6, 0x94, 0x0, 0xff, 0xe1, 0xd0, 0x6, 0x60,
    0xf, 0xfe, 0x2, 0x48, 0x1, 0xb0, 0x40, 0x39,
    0xdc, 0x1, 0x9d, 0x80, 0x3f, 0xf8, 0x6a, 0x40,
    0x13, 0x0, 0x7f, 0xf0, 0x58, 0x3, 0x1f, 0x90,
    0x4, 0xf0, 0x1, 0x96, 0x0, 0x3f, 0xf8, 0x90,
    0x1, 0xac, 0x3, 0xff, 0x82, 0x58, 0x20, 0x10,
    0xe1, 0x83, 0xc0, 0x6, 0x4a, 0x0, 0xff, 0xe2,
    0x21, 0x0, 0x48, 0x40, 0x1f, 0xfc, 0x23, 0xc2,
    0x0, 0x87, 0x26, 0x0, 0x32, 0x58, 0x7, 0xff,
    0x16, 0x0, 0x37, 0x80, 0x7f, 0xf1, 0xb, 0x8,
    0x3, 0x30, 0x6, 0x3b, 0x0, 0xff, 0xe2, 0xa1,
    0x80, 0x44, 0x80, 0x1f, 0xfc, 0x51, 0xc3, 0x0,
    0xf8, 0xf0, 0x3, 0xff, 0x8d, 0x0, 0x1a, 0xc0,
    0x3f, 0xf8, 0xe3, 0xa6, 0x1, 0xc5, 0x80, 0x1f,
    0xfc, 0x64, 0x30, 0x8, 0x58, 0x3, 0xff, 0x90,
    0x3a, 0x60, 0x18, 0x98, 0x3, 0xff, 0x8d, 0xa0,
    0x1a, 0x40, 0x3f, 0xf9, 0x43, 0x86, 0x1, 0xa5,
    0x80, 0x3f, 0xf8, 0xbe, 0x1, 0xb, 0x80, 0x7f,
    0xf3, 0x30, 0xc0, 0x34, 0xb0, 0x7, 0xff, 0x11,
    0xa0, 0x1, 0x0, 0x1f, 0xfc, 0xec, 0x30, 0xd,
    0x28, 0x1, 0xff, 0xc4, 0x7f, 0xe6, 0x0, 0xff,
    0xe7, 0xe1, 0x80, 0x6f, 0x0, 0xff, 0xe3, 0x8,
    0x7, 0xff, 0x47, 0x48, 0x2, 0xc0, 0xf, 0xff,
    0x20, 0xf9, 0xc, 0xb8, 0x7, 0xff, 0xc,

    /* U+5374 "却" */
    0x0, 0xff, 0xe0, 0x8c, 0x4a, 0x80, 0x7f, 0xf9,
    0x75, 0xda, 0x98, 0x3, 0xff, 0xc8, 0x60, 0x17,
    0x80, 0x7f, 0xfa, 0xc, 0x3, 0xff, 0xf1, 0x5f,
    0xff, 0xfc, 0x4d, 0x30, 0xf, 0xfe, 0xab, 0xa8,
    0x7, 0xff, 0x10, 0xb8, 0x3, 0xff, 0xab, 0xa0,
    0x1f, 0xfc, 0x62, 0x0, 0xff, 0xea, 0x88, 0x7,
    0xff, 0x1c, 0x40, 0x3f, 0xfb, 0x2a, 0xef, 0xf9,
    0x84, 0x3, 0xf1, 0x33, 0xbf, 0xe0, 0xc, 0xce,
    0xff, 0x30, 0x80, 0x7f, 0xaa, 0x23, 0xf4, 0xb8,
    0x7, 0xc5, 0xb3, 0x11, 0xf8, 0x3, 0x1c, 0x47,
    0xd3, 0x80, 0x1f, 0xc2, 0x1, 0xfe, 0x10, 0xf,
    0x94, 0x3, 0xff, 0x96, 0x44, 0x0, 0xff, 0xe3,
    0x88, 0x7, 0xc2, 0x1, 0xff, 0xcc, 0x30, 0xf,
    0xfe, 0x7b, 0x20, 0x7, 0xff, 0x29, 0xc4, 0x3,
    0xff, 0xa1, 0x7f, 0xff, 0xb8, 0x3, 0x2f, 0xff,
    0xe8, 0x0, 0xff, 0xed, 0x8, 0x7, 0xff, 0xfc,
    0x3, 0xff, 0xea, 0x60, 0x1f, 0xff, 0xf0, 0xf,
    0xff, 0xf8, 0x7, 0xff, 0xfc, 0x3, 0xff, 0xc4,
    0x91, 0x33, 0xfe, 0x0, 0xcf, 0x33, 0xfc, 0xc0,
    0x1f, 0xfc, 0xd3, 0xb7, 0x66, 0xff, 0x0, 0x62,
    0x66, 0xfe, 0x97, 0x0, 0xff, 0xe3, 0x8, 0x7,
    0x20, 0x7, 0xff, 0x3f, 0x0, 0x3f, 0xf9, 0x84,
    0x1, 0xff, 0xcf, 0x10, 0xf, 0xfe, 0x62, 0xa0,
    0x7, 0xff, 0x34, 0xa0, 0x3, 0xff, 0x9b, 0x7f,
    0xff, 0xca, 0x1, 0x9b, 0xff, 0xfd, 0xa4, 0x1,
    0xff, 0xd7, 0x50, 0xd, 0x40, 0x1f, 0xfe, 0x26,
    0x0, 0xc6, 0x60, 0xf, 0xff, 0x15, 0x0, 0x6a,
    0x0, 0xff, 0xe9, 0xb8, 0x7, 0xff, 0x8, 0xcc,
    0x1, 0x98, 0x3, 0xff, 0xc5, 0x20, 0x19, 0xc0,
    0x30, 0xdf, 0xe9, 0x0, 0x7f, 0xf6, 0x45, 0x40,
    0x34, 0x80, 0x69, 0x40, 0x2e, 0x0, 0xff, 0xec,
    0xc8, 0x6, 0x51, 0x0, 0xdc, 0x1, 0x1a, 0x80,
    0x7f, 0xf5, 0xc5, 0xc0, 0x34, 0x80, 0x73, 0x80,
    0x68, 0x0, 0xff, 0xeb, 0xc8, 0x6, 0x53, 0x0,
    0xe1, 0x60, 0x8, 0x98, 0x3, 0xff, 0xaa, 0x2c,
    0x1, 0xa0, 0x3, 0xeb, 0x0, 0xd6, 0x1, 0xff,
    0xc9, 0x10, 0xf, 0xfa, 0x44, 0x2, 0x52, 0x0,
    0xf8, 0x94, 0x2, 0x25, 0x0, 0xff, 0xe9, 0x8b,
    0x80, 0x68, 0x0, 0xfe, 0x90, 0xd, 0x20, 0x1f,
    0xfd, 0x3b, 0x0, 0xce, 0x40, 0x1f, 0xc6, 0x80,
    0x11, 0xa0, 0x7, 0xff, 0x5, 0xea, 0xb5, 0x90,
    0x6, 0x10, 0xc, 0x6a, 0x1, 0xc, 0x0, 0x78,
    0x95, 0xeb, 0x50, 0x3, 0x70, 0x7, 0xff, 0x2,
    0x61, 0x57, 0x20, 0x6, 0x20, 0xe, 0xe0, 0xd,
    0x60, 0x6b, 0x15, 0xbf, 0xb5, 0xa, 0x40, 0x1c,
    0xa2, 0x1, 0xff, 0x8, 0x7, 0xfa, 0x80, 0x34,
    0x90, 0x6, 0xbf, 0xca, 0x75, 0x20, 0xf, 0xfe,
    0x3, 0x0, 0x7f, 0xd4, 0x1, 0xfc, 0x8e, 0x1,
    0x33, 0x0, 0x38, 0x40, 0x3f, 0xf8, 0xd6, 0x1,
    0xff, 0x15, 0x90, 0x6, 0x25, 0xab, 0x0, 0xd8,
    0x1, 0xff, 0xc3, 0x25, 0x7a, 0xdf, 0x40, 0x8,
    0xc4, 0x3, 0xfe, 0x4d, 0xfe, 0xe7, 0xed, 0x28,
    0x7, 0x10, 0x7, 0xf0, 0xa3, 0xce, 0x7e, 0xd4,
    0x29, 0x7, 0x0, 0x64, 0x0, 0xff, 0xe1, 0x8,
    0x80, 0x3f, 0xb0, 0x3, 0xa, 0x45, 0xf7, 0x2e,
    0x18, 0xc0, 0x3e, 0x40, 0xc, 0xc0, 0x1f, 0xfc,
    0xd4, 0x55, 0x57, 0x72, 0xdd, 0x4, 0x3, 0xff,
    0x80, 0x2e, 0x5, 0x66, 0x1, 0xff, 0xce, 0xaa,
    0x28, 0x80, 0x7f, 0xf1, 0xa3, 0xf5, 0x0, 0x3f,
    0xff, 0xe0, 0x1f, 0xff, 0xf0, 0xf, 0xfe, 0x1,
    0x0, 0x46, 0x1, 0xff, 0xe4, 0xb3, 0x2, 0x90,
    0xf, 0xfe, 0x20,

    /* U+5916 "外" */
    0x0, 0xff, 0xfb, 0x8a, 0x8, 0x7, 0xff, 0x1c,
    0xb7, 0xfc, 0xc0, 0x1f, 0xfc, 0xf4, 0xeb, 0xe7,
    0x0, 0xff, 0xe3, 0x59, 0x0, 0x24, 0x3, 0xff,
    0x9f, 0x0, 0x14, 0x80, 0x7f, 0xf1, 0x88, 0x3,
    0x10, 0x7, 0xff, 0x34, 0x4c, 0x2, 0x30, 0xf,
    0xff, 0x2a, 0x80, 0x64, 0x0, 0xff, 0xf2, 0xe0,
    0x6, 0xc0, 0xf, 0xff, 0x2a, 0x0, 0x64, 0x0,
    0xff, 0xf2, 0x98, 0x4, 0x42, 0x1, 0xff, 0xe4,
    0x40, 0xc, 0x80, 0x1f, 0xfe, 0x5c, 0x0, 0xc7,
    0x10, 0x99, 0xaa, 0x97, 0x75, 0x41, 0x80, 0x7f,
    0xf6, 0x14, 0x3, 0x2b, 0xb9, 0x9a, 0x55, 0x22,
    0x4a, 0xf9, 0x40, 0x1f, 0xfd, 0x62, 0x20, 0x7,
    0xff, 0x19, 0x44, 0x3, 0xff, 0xaa, 0xa0, 0x1f,
    0xfe, 0xaa, 0x0, 0xff, 0xe4, 0x8, 0x7, 0xff,
    0x50, 0xc8, 0x2, 0x6f, 0xff, 0xf4, 0x0, 0x63,
    0x0, 0xff, 0xea, 0xd0, 0x6, 0xb0, 0xf, 0xfe,
    0x1b, 0x0, 0x7f, 0xf5, 0x58, 0x2, 0x32, 0x0,
    0xff, 0x68, 0x6, 0x20, 0xf, 0xfe, 0xa3, 0x80,
    0x69, 0x0, 0xff, 0x9c, 0x3, 0x68, 0x7, 0xf9,
    0x80, 0x3f, 0xf9, 0x32, 0x1, 0xa, 0x80, 0x7f,
    0xc4, 0x1, 0x9c, 0x3, 0xfd, 0xc0, 0x1f, 0xfc,
    0x87, 0x10, 0xa, 0x40, 0x3f, 0xe4, 0x0, 0xe2,
    0x0, 0xff, 0x2d, 0x20, 0x80, 0x7f, 0xf1, 0x6,
    0x40, 0x32, 0x80, 0x7f, 0xd8, 0x1, 0x8c, 0x3,
    0xff, 0x80, 0xb7, 0xe8, 0x1, 0xff, 0xc3, 0x81,
    0x0, 0xdc, 0x20, 0x1f, 0xe4, 0x0, 0xc8, 0x1,
    0xff, 0xc2, 0x1b, 0x70, 0xf, 0xfe, 0x9, 0xb0,
    0x7, 0x1f, 0x90, 0x7, 0xf1, 0x80, 0x6d, 0x0,
    0xff, 0xe2, 0x45, 0x0, 0x7f, 0xf0, 0x38, 0x3,
    0xe1, 0xc3, 0x0, 0xf9, 0x0, 0x39, 0x0, 0x3f,
    0xe6, 0x0, 0xe5, 0xc1, 0x0, 0xfe, 0xa2, 0x0,
    0x84, 0x3, 0xe, 0x20, 0x7, 0xb4, 0x3, 0x10,
    0x80, 0x7f, 0xd7, 0x40, 0x1c, 0x78, 0x40, 0x1f,
    0x3a, 0x80, 0x68, 0xc0, 0xe, 0xb5, 0x0, 0xe7,
    0x0, 0xc8, 0x1, 0xff, 0xc1, 0x5c, 0x10, 0xc,
    0x58, 0x60, 0x1e, 0x80, 0xc, 0x6c, 0x78, 0x20,
    0x1a, 0x94, 0x2, 0x31, 0x0, 0xda, 0x1, 0xff,
    0xc2, 0x3c, 0x20, 0xc, 0x38, 0x80, 0x1c, 0x20,
    0x1b, 0x80, 0x7, 0x82, 0x1, 0xa9, 0x80, 0x14,
    0x1, 0xc8, 0x1, 0xff, 0xc3, 0x2c, 0x30, 0xe,
    0xb4, 0x0, 0xd8, 0x20, 0xa, 0x20, 0x8, 0xb0,
    0x40, 0x34, 0xa8, 0x38, 0x6, 0x40, 0xf, 0xfe,
    0x28, 0xe1, 0x80, 0x75, 0xa0, 0x4, 0x5d, 0x58,
    0xa0, 0x1c, 0x58, 0x20, 0x1a, 0xa4, 0x40, 0x37,
    0x0, 0x7f, 0xf1, 0xf1, 0x0, 0x3a, 0xcc, 0x3,
    0x29, 0x80, 0x7c, 0x5a, 0x1, 0xcc, 0x1, 0xca,
    0x1, 0xff, 0xc8, 0xb4, 0x0, 0xed, 0x20, 0xf,
    0xfe, 0x9, 0xe0, 0x7, 0xf2, 0x80, 0x7f, 0xf2,
    0xad, 0x0, 0x30, 0xf0, 0x7, 0xff, 0x8, 0xe8,
    0x3, 0xf7, 0x0, 0x7f, 0xf2, 0xed, 0x0, 0x30,
    0x80, 0x7f, 0xf0, 0xd6, 0x0, 0x3c, 0x48, 0x1,
    0xff, 0xcc, 0xb2, 0x0, 0xb8, 0x3, 0xff, 0x88,
    0xe0, 0x1e, 0xb0, 0xf, 0xfe, 0x77, 0x9a, 0x69,
    0x80, 0x7f, 0xf1, 0x8, 0x3, 0x85, 0x80, 0x3f,
    0xf9, 0xc5, 0x96, 0x40, 0x1f, 0xfc, 0x59, 0x0,
    0xe6, 0x0, 0xff, 0xf1, 0xa2, 0x0, 0x30, 0xc8,
    0x7, 0xff, 0x8e, 0x40, 0x3a, 0x44, 0x3, 0xff,
    0xc5, 0x4, 0x1, 0x85, 0xc0, 0x3f, 0xfc, 0x46,
    0xe0, 0x1d, 0x60, 0x1f, 0xfe, 0x21, 0xd0, 0xe,
    0x45, 0x0, 0xff, 0xf1, 0x50, 0x80, 0x61, 0xa0,
    0xf, 0xff, 0x15, 0x20, 0x7, 0x58, 0x80, 0x7f,
    0xf8, 0x61, 0x40, 0x39, 0x94, 0x3, 0xff, 0xc3,
    0x2e, 0x1, 0xc7, 0x20, 0x1f, 0xfe, 0x1a, 0x60,
    0xe, 0x2d, 0x0, 0xff, 0xf0, 0xe, 0x28, 0x7,
    0xf, 0x88, 0x7, 0xff, 0x7d, 0x7c, 0xc0, 0x38,
    0x70, 0x80, 0x3f, 0xfb, 0xc3, 0x54, 0x10, 0xe,
    0x2c, 0x20, 0xf, 0xfe, 0xf4, 0x72, 0x80, 0x78,
    0xf0, 0x80, 0x3f, 0xfb, 0xd2, 0xe0, 0x1f, 0x36,
    0x8, 0x7, 0xff, 0x98, 0x6a, 0x40, 0x3f, 0xfc,
    0x30, 0x40, 0x19, 0x7d, 0x40, 0x3f, 0xf9, 0x84,
    0x1, 0x88, 0x3, 0xff, 0x88, 0x38, 0xa0, 0x77,
    0x42, 0x1, 0xff, 0xcd, 0x83, 0x1, 0x90, 0xf,
    0xfe, 0x20,

    /* U+5B8C "完" */
    0x0, 0xff, 0xe6, 0x2c, 0x38, 0x80, 0x7f, 0xf9,
    0xb2, 0x9e, 0x30, 0x3, 0xff, 0xcc, 0x60, 0x11,
    0x30, 0x7, 0xff, 0x95, 0x0, 0x34, 0x0, 0x7f,
    0xf9, 0x60, 0x3, 0xb, 0x0, 0x7f, 0xf9, 0xd,
    0x0, 0x34, 0x0, 0x7f, 0xf9, 0x7c, 0x3, 0xb,
    0x0, 0x7f, 0xf3, 0xda, 0x6a, 0xbf, 0xf8, 0xfc,
    0x1, 0xd1, 0x55, 0xff, 0xc7, 0x70, 0xf, 0x3c,
    0xb2, 0xaf, 0xff, 0x20, 0x3, 0x85, 0x57, 0xff,
    0x8f, 0x14, 0x1, 0xd6, 0x1, 0xff, 0xe4, 0x50,
    0xe, 0x10, 0xf, 0xff, 0x80, 0x8f, 0xff, 0x68,
    0x3, 0xc2, 0x1, 0xfd, 0xfd, 0xdf, 0xfd, 0xb0,
    0xf, 0xfe, 0x10, 0x80, 0x7f, 0xf6, 0xc4, 0x80,
    0x3f, 0xff, 0xe0, 0x1f, 0xff, 0xf0, 0xf, 0xff,
    0xf8, 0x7, 0xff, 0x6, 0x7f, 0xff, 0xfa, 0x56,
    0x1, 0xfc, 0x20, 0x19, 0x80, 0x25, 0x0, 0x8d,
    0x80, 0x3f, 0xfa, 0x48, 0xa0, 0x13, 0x80, 0x44,
    0x1, 0xd4, 0xa6, 0xd4, 0x1, 0x38, 0x7, 0xff,
    0x50, 0xc0, 0x2b, 0x63, 0x5f, 0x0, 0xe1, 0xac,
    0x91, 0x0, 0x90, 0x40, 0x3f, 0xfa, 0x68, 0x1,
    0xc, 0xe5, 0x10, 0x7, 0xff, 0xb, 0xe6, 0x23,
    0xff, 0xa1, 0x3a, 0x40, 0x1f, 0xfc, 0xa1, 0x67,
    0x7f, 0xfe, 0x83, 0x10, 0x7, 0xff, 0xfc, 0x3,
    0xff, 0xfe, 0x1, 0xff, 0xff, 0x0, 0xff, 0xf9,
    0xd7, 0xff, 0xff, 0x9b, 0x48, 0x11, 0x40, 0x3f,
    0xfc, 0xc5, 0x0, 0x20, 0x1f, 0xfe, 0x81, 0x7,
    0x0, 0xff, 0xf4, 0x60, 0x16, 0x3b, 0x37, 0xff,
    0x4, 0xc0, 0x31, 0xb3, 0x7f, 0x20, 0x6, 0x36,
    0x6f, 0xfe, 0x1c, 0xb8, 0x0, 0xe2, 0x67, 0xff,
    0x83, 0x60, 0x1a, 0xa6, 0x7f, 0xb8, 0x3, 0x5c,
    0xcf, 0xff, 0xd, 0x80, 0x3f, 0xf8, 0xdc, 0x1,
    0x88, 0x3, 0xff, 0xca, 0x40, 0x19, 0x80, 0x3f,
    0xfc, 0xac, 0x1, 0x88, 0x3, 0xff, 0xca, 0x40,
    0x10, 0x80, 0x7f, 0xf9, 0x4c, 0x3, 0x28, 0x7,
    0xff, 0x95, 0x0, 0x36, 0x0, 0x7f, 0xf9, 0x6c,
    0x3, 0x20, 0x7, 0xff, 0x90, 0xcc, 0x1, 0x9,
    0x80, 0x7f, 0xf9, 0x20, 0x3, 0x38, 0x7, 0xff,
    0x49, 0x29, 0x80, 0x3f, 0xf8, 0x6c, 0x80, 0x1a,
    0xc0, 0x3f, 0xfa, 0x52, 0xb3, 0x60, 0x1f, 0xfc,
    0x13, 0x90, 0xc, 0xa4, 0x1, 0xff, 0xd2, 0x20,
    0x2, 0x10, 0x7, 0xfc, 0x7a, 0x1, 0xd6, 0x1,
    0xff, 0xd2, 0x10, 0xc, 0xe0, 0x1f, 0xe5, 0xc1,
    0x0, 0xd2, 0x20, 0x1f, 0xfd, 0x23, 0x0, 0xc2,
    0x1, 0xf8, 0xee, 0x80, 0x39, 0x98, 0x1, 0xff,
    0xd3, 0x40, 0xc, 0xc0, 0x1e, 0x5c, 0xc2, 0x0,
    0x72, 0xc8, 0x7, 0xff, 0x8, 0x40, 0x37, 0x0,
    0x7f, 0xf0, 0x34, 0x3, 0x10, 0x0, 0x9a, 0xbe,
    0x8c, 0x3, 0xcf, 0x40, 0x1f, 0xfc, 0x37, 0x0,
    0xcd, 0x97, 0x6a, 0xa4, 0xca, 0x20, 0xee, 0xb4,
    0x0, 0x88, 0x7, 0x75, 0x2a, 0x1, 0xf1, 0x5c,
    0x0, 0x7f, 0xf1, 0xc, 0x3, 0x8d, 0x10, 0xaa,
    0x66, 0x3b, 0xa2, 0x8, 0x1, 0x94, 0x14, 0x80,
    0x3f, 0xc, 0x6a, 0x0, 0x7f, 0xf1, 0x94, 0x3,
    0xff, 0x91, 0x20, 0x82, 0x1, 0xe3, 0x9e, 0x70,
    0xf, 0xfe, 0x45, 0x90, 0x7, 0xff, 0x1a, 0x84,
    0x1, 0x86, 0x2, 0xb3, 0xd8, 0xc0, 0x1f, 0xfc,
    0xa1, 0xd9, 0x42, 0x0, 0xff, 0xe0, 0x13, 0x6a,
    0x80, 0x0,

    /* U+5DF2 "已" */
    0x7, 0xef, 0xff, 0xfe, 0xdf, 0x50, 0x80, 0x7c,
    0x50, 0x20, 0x1f, 0xfd, 0xb1, 0x58, 0x0, 0xf9,
    0x80, 0x3f, 0xfb, 0xe8, 0x1, 0xf3, 0x0, 0x7f,
    0xf9, 0xca, 0x90, 0xcf, 0xff, 0xb0, 0x20, 0x1f,
    0xfc, 0x15, 0xbc, 0xcf, 0xfe, 0xc8, 0x7, 0xff,
    0x9c, 0xc0, 0x3f, 0xff, 0xe0, 0x1f, 0xff, 0xf0,
    0xf, 0xfe, 0x50, 0xc4, 0xa8, 0x7, 0xff, 0x93,
    0x1d, 0xa9, 0xc0, 0x3f, 0xfc, 0x64, 0x1, 0x60,
    0x7, 0xff, 0x88, 0x40, 0x3f, 0xff, 0xe0, 0x1f,
    0xff, 0xf0, 0xf, 0xff, 0xf8, 0x7, 0xff, 0xfc,
    0x3, 0xff, 0xc6, 0x60, 0x1f, 0xfc, 0x84, 0xcc,
    0xff, 0xe9, 0x68, 0x7, 0xff, 0x24, 0xcf, 0xff,
    0xa4, 0x1, 0xff, 0xff, 0x0, 0xff, 0xeb, 0x20,
    0x7, 0xff, 0x94, 0x56, 0x0, 0x3f, 0xf8, 0x69,
    0xff, 0xff, 0xd5, 0xea, 0x10, 0xf, 0xff, 0xf8,
    0x7, 0xff, 0xfc, 0x3, 0xff, 0xfe, 0x1, 0xff,
    0xff, 0x0, 0xff, 0xff, 0x80, 0x7f, 0xff, 0xc0,
    0x3f, 0xf9, 0x7, 0xb6, 0x60, 0x1f, 0xfe, 0x4f,
    0x24, 0xc5, 0x0, 0xff, 0xf1, 0x98, 0x5, 0x0,
    0x1f, 0xfe, 0x22, 0x0, 0xc6, 0x1, 0xff, 0xe2,
    0x10, 0xc, 0x40, 0x1f, 0xfe, 0x25, 0x0, 0xcc,
    0x1, 0xff, 0xe2, 0xc0, 0xd, 0xa0, 0x10, 0x80,
    0x67, 0x0, 0xff, 0xec, 0xa8, 0x6, 0x40, 0xf,
    0xc6, 0x1, 0xff, 0xd8, 0x60, 0xe, 0x30, 0xc,
    0x40, 0x19, 0xc0, 0x3f, 0xfa, 0xc7, 0x20, 0x19,
    0x80, 0x39, 0x0, 0x34, 0x52, 0x90, 0x7, 0xff,
    0x40, 0x56, 0xb0, 0x3, 0xa8, 0x3, 0xb4, 0x3,
    0x96, 0xb7, 0xff, 0xff, 0xa1, 0xd4, 0xa0, 0x1c,
    0xa6, 0x1, 0xc8, 0x80, 0xf, 0xfe, 0xf0, 0xd8,
    0x7, 0xd4, 0x60, 0x1f, 0xfd, 0xc1, 0xd1, 0x0,
    0xf8, 0x72, 0x8, 0x3, 0xff, 0xb2, 0xde, 0x60,
    0x1f, 0xe7, 0xdd, 0x54, 0x32, 0x20, 0xcf, 0xff,
    0x9c, 0x8d, 0x17, 0xf2, 0x20, 0x18,

    /* U+6210 "成" */
    0x0, 0xff, 0xe9, 0x1d, 0x5b, 0x80, 0x7f, 0xf9,
    0xf1, 0x52, 0x20, 0x1, 0xd, 0x75, 0x18, 0x7,
    0xff, 0x74, 0x80, 0x31, 0x80, 0x54, 0xa2, 0xb9,
    0x66, 0x1, 0xff, 0xe0, 0x70, 0xf, 0xc9, 0x92,
    0x20, 0x1f, 0xfd, 0x93, 0x0, 0xfd, 0x48, 0x1,
    0xcd, 0xea, 0x1, 0xff, 0xdd, 0x10, 0x8, 0x6e,
    0xc4, 0x1, 0x86, 0xa4, 0x3, 0xff, 0xae, 0x20,
    0x1f, 0xe4, 0xd8, 0x0, 0xe6, 0xb0, 0xf, 0xfe,
    0xd9, 0x80, 0x7c, 0xfa, 0x40, 0x19, 0x8, 0x3,
    0xff, 0xc6, 0x5a, 0xa0, 0x11, 0x10, 0x3, 0xff,
    0xb4, 0x20, 0x1f, 0xea, 0x70, 0x3f, 0x0, 0xff,
    0x9e, 0xab, 0xff, 0x96, 0x1, 0xd5, 0x5f, 0xf1,
    0x2b, 0x45, 0x52, 0x8, 0x3, 0xd5, 0xa, 0xbf,
    0xfc, 0xb0, 0xe, 0x55, 0xff, 0xe2, 0xbf, 0x80,
    0x79, 0x40, 0x3f, 0xfc, 0x64, 0x20, 0x18, 0x40,
    0x3f, 0xfc, 0xa2, 0x1, 0xff, 0xe9, 0x80, 0xf,
    0xfb, 0x3b, 0xbf, 0xf8, 0xea, 0x1, 0xab, 0xbb,
    0xff, 0x89, 0xee, 0x1, 0xfe, 0x23, 0x11, 0xff,
    0xe3, 0x90, 0x7, 0x8, 0xff, 0xf1, 0x0, 0x3f,
    0xfa, 0xbe, 0x1, 0x88, 0x3, 0xff, 0xca, 0x40,
    0x1b, 0xc0, 0x3f, 0xfc, 0xac, 0x1, 0x88, 0x3,
    0xff, 0xca, 0x20, 0x18, 0x40, 0x3f, 0x8f, 0x75,
    0x22, 0x1, 0xff, 0xd7, 0x20, 0xc, 0xc0, 0x1f,
    0xdc, 0x44, 0x6d, 0x0, 0xff, 0xec, 0x8, 0x4,
    0x40, 0x1f, 0x8c, 0x80, 0x22, 0x0, 0xff, 0xe1,
    0x17, 0xff, 0xff, 0x7, 0x50, 0x3, 0xc4, 0x1,
    0x84, 0x3, 0xea, 0x0, 0xc8, 0x1, 0xff, 0xd0,
    0x2a, 0x0, 0xf3, 0x0, 0x62, 0x0, 0xf9, 0xc0,
    0x37, 0x0, 0x7f, 0xf4, 0x44, 0x40, 0x1d, 0xa0,
    0x19, 0x80, 0x3c, 0x82, 0x1, 0xa, 0x0, 0x7f,
    0xf4, 0x8c, 0x3, 0x88, 0x3, 0x68, 0x7, 0xbc,
    0x3, 0x30, 0x7, 0xff, 0x10, 0x48, 0xcc, 0x8a,
    0xcc, 0x77, 0x0, 0x71, 0x80, 0x73, 0x80, 0x62,
    0x0, 0xe2, 0x40, 0xd, 0x40, 0x1f, 0xfc, 0x32,
    0xed, 0xcc, 0x5d, 0x4c, 0xa2, 0x8, 0x1, 0xfe,
    0x20, 0xc, 0xe0, 0x1d, 0x60, 0x19, 0x8, 0x3,
    0xff, 0x9c, 0x20, 0x18, 0x40, 0x3c, 0x40, 0x11,
    0x0, 0x62, 0x60, 0xd, 0x0, 0x1f, 0xf1, 0x80,
    0x61, 0x0, 0xff, 0x8, 0x7, 0xfc, 0xe0, 0x18,
    0xc0, 0x28, 0x0, 0xc6, 0x60, 0xf, 0xfe, 0xde,
    0x80, 0x65, 0x0, 0x1a, 0x80, 0x68, 0x0, 0xff,
    0xe0, 0x8, 0x7, 0xff, 0xd, 0xc0, 0x21, 0x0,
    0xf8, 0xc0, 0x36, 0x0, 0x3c, 0x3, 0x1a, 0x0,
    0x7f, 0xf0, 0x1c, 0x3, 0x38, 0x7, 0xff, 0x29,
    0x0, 0x33, 0x83, 0x18, 0x6, 0xf0, 0xf, 0xfe,
    0x8, 0x80, 0x61, 0x0, 0xff, 0x8, 0x4, 0x60,
    0x1f, 0x88, 0x2, 0x22, 0x40, 0x6, 0x63, 0x0,
    0xff, 0xe0, 0x98, 0x6, 0x30, 0xf, 0xf1, 0x80,
    0x42, 0x1, 0xf9, 0x0, 0x36, 0x8, 0x4, 0x30,
    0x1, 0xff, 0xc2, 0x10, 0xc, 0x20, 0x1f, 0xe1,
    0x0, 0x9c, 0x3, 0xf6, 0x0, 0x61, 0x0, 0xd0,
    0x20, 0x1f, 0xfc, 0x2e, 0x0, 0xdc, 0x1, 0xff,
    0xc2, 0x10, 0xf, 0xc8, 0x1, 0xf9, 0x18, 0x3,
    0xff, 0x86, 0x60, 0x18, 0x80, 0x3f, 0x84, 0x3,
    0x18, 0x7, 0xe1, 0x30, 0xf, 0xd, 0x0, 0x7f,
    0xf1, 0x1c, 0x3, 0x38, 0x7, 0xf1, 0x0, 0x61,
    0x0, 0xfe, 0xb0, 0xf, 0x58, 0x80, 0x7e, 0x10,
    0xf, 0x88, 0x3, 0x10, 0x7, 0xf2, 0x80, 0x6e,
    0x0, 0xfe, 0xf0, 0xe, 0x65, 0x0, 0xfc, 0xdd,
    0x62, 0x1, 0x88, 0x3, 0x8, 0x80, 0x3f, 0xb0,
    0x3, 0x10, 0x7, 0xe5, 0x70, 0xe, 0xa0, 0xf,
    0xed, 0x4, 0xd0, 0xc, 0xe0, 0x19, 0x40, 0x26,
    0x62, 0xae, 0x95, 0x0, 0xca, 0x1, 0xf2, 0x50,
    0x7, 0xa8, 0x3, 0xf9, 0x80, 0x6, 0x60, 0xb,
    0x40, 0x31, 0x0, 0x22, 0x65, 0x55, 0x98, 0x3,
    0x8, 0x80, 0x3c, 0x76, 0x1, 0xf3, 0x8, 0x7,
    0xe3, 0x0, 0x94, 0x2, 0x40, 0xd, 0xe0, 0x1f,
    0xfc, 0x26, 0x0, 0xf2, 0x60, 0x7, 0xf4, 0x80,
    0x7e, 0x10, 0x8, 0xc0, 0x2, 0x60, 0x19, 0x0,
    0x14, 0x1, 0xfe, 0x28, 0x0, 0xe4, 0xb0, 0xe,
    0x30, 0xc, 0xe2, 0x1, 0xe1, 0x0, 0xcc, 0x0,
    0x70, 0xc, 0x24, 0x0, 0x2c, 0x30, 0xe, 0x14,
    0x9d, 0x0, 0xe6, 0xb0, 0xe, 0x5c, 0x20, 0xd,
    0x60, 0x1e, 0x50, 0xc, 0x20, 0xd, 0x0, 0xc8,
    0x1, 0x8f, 0x3f, 0xfb, 0xad, 0x80, 0x3a, 0x64,
    0x1, 0xcb, 0x41, 0x0, 0x19, 0x58, 0x3, 0x8c,
    0x3, 0x10, 0x12, 0x0, 0x6e, 0x0, 0xff, 0xe2,
    0x96, 0x30, 0x7, 0x25, 0x0, 0x14, 0xc0, 0x34,
    0xa0, 0x6, 0xc0, 0x8, 0x80, 0x16, 0x1, 0xc8,
    0x1, 0xff, 0xc4, 0x7d, 0x30, 0xe, 0x6b, 0x0,
    0xde, 0x1, 0xd7, 0x2, 0x4, 0x80, 0x12, 0x1,
    0x30, 0x6, 0x60, 0xf, 0xfe, 0x19, 0xec, 0x0,
    0x79, 0xe4, 0x3, 0x8e, 0x40, 0x39, 0xfb, 0x74,
    0x1, 0xb4, 0x20, 0x3, 0xac, 0x3, 0xff, 0x84,
    0x78, 0x40, 0x1e, 0xa8, 0x0, 0xf9, 0x98, 0x1,
    0xe2, 0x0, 0xc4, 0x80, 0xa0, 0x19, 0x48, 0x3,
    0xff, 0x84, 0xc0, 0x1e, 0x2c, 0x50, 0xf, 0xe9,
    0x60, 0xf, 0xf4, 0x0, 0x14, 0x3, 0x40, 0x7,
    0xff, 0xd, 0x4c, 0x3, 0x36, 0x98, 0x7, 0xfd,
    0x34, 0x20, 0x1f, 0x3a, 0x80, 0x29, 0x40, 0x10,
    0x40, 0x1f, 0xfc, 0x4c, 0x50, 0x3c, 0x90, 0xf,
    0xfe, 0x12, 0xf4, 0xa0, 0x80, 0xad, 0xc0, 0x6,
    0xab, 0xa7, 0x0, 0xff, 0xe3, 0x57, 0xe1, 0x80,
    0x7f, 0xf1, 0x5a, 0xfb, 0xfa, 0x90, 0x3, 0xc8,
    0xa0, 0x1f, 0xfe, 0x70,

    /* U+6682 "暂" */
    0x0, 0xff, 0xfc, 0x57, 0xf5, 0x8, 0x7, 0xff,
    0x58, 0x44, 0x1, 0xff, 0xc3, 0x75, 0x1, 0x5b,
    0x0, 0xff, 0xe9, 0x9b, 0xe7, 0x72, 0x0, 0x3f,
    0xf8, 0x52, 0x1, 0x88, 0x3, 0xff, 0x9a, 0x48,
    0xf3, 0x9f, 0x90, 0x60, 0x7, 0x50, 0xe, 0x22,
    0xfa, 0x4, 0x3, 0x59, 0x17, 0xfc, 0x20, 0x1c,
    0x2b, 0x13, 0x79, 0xdf, 0xb7, 0xc, 0x60, 0x1f,
    0x40, 0x4, 0xbf, 0xbb, 0xf3, 0x80, 0x76, 0x6e,
    0xff, 0xdd, 0x60, 0x12, 0x75, 0x3b, 0x21, 0x88,
    0x7, 0xff, 0x0, 0x68, 0x2, 0x90, 0xf, 0xfe,
    0x7a, 0x10, 0x2, 0x40, 0x3f, 0xf8, 0x64, 0xb1,
    0x9c, 0xe0, 0x13, 0x80, 0x7f, 0xf4, 0xc, 0x0,
    0x40, 0x1f, 0x9, 0x23, 0x45, 0x67, 0xed, 0x39,
    0x80, 0x74, 0xa9, 0x9f, 0x0, 0x71, 0x9f, 0xff,
    0xd, 0x28, 0x40, 0x3c, 0x79, 0xdf, 0xdb, 0x72,
    0xea, 0x60, 0x1f, 0xe2, 0xac, 0xcd, 0x60, 0x19,
    0xb3, 0x3f, 0xf8, 0x76, 0xa0, 0x1f, 0x59, 0x88,
    0x7, 0xff, 0x2c, 0xa0, 0x2, 0x39, 0x0, 0xff,
    0xf3, 0x48, 0x4, 0x3a, 0x1, 0x9f, 0xbe, 0xc4,
    0x3, 0xff, 0xba, 0xc8, 0x1, 0x68, 0x80, 0x68,
    0x10, 0x49, 0x0, 0xff, 0xee, 0x1c, 0x80, 0x52,
    0x60, 0x18, 0x40, 0x30, 0x80, 0x7f, 0xf6, 0xcf,
    0x40, 0x23, 0x71, 0x1e, 0x20, 0xc, 0x62, 0x3f,
    0x0, 0x7f, 0x5c, 0x47, 0xff, 0x15, 0xcc, 0x0,
    0xd8, 0x20, 0x11, 0xf7, 0x7b, 0x0, 0x32, 0xf7,
    0x7d, 0xf6, 0x1, 0xf1, 0xbb, 0xff, 0xf1, 0x63,
    0x4, 0x3c, 0x3, 0xff, 0x9c, 0x88, 0x1, 0x0,
    0xff, 0xe6, 0x28, 0x78, 0x7, 0xff, 0x44, 0xc0,
    0x3f, 0xf9, 0x8c, 0xe, 0x1, 0xff, 0xcd, 0x16,
    0x40, 0x10, 0xc, 0xae, 0xff, 0x18, 0x6, 0x67,
    0x7e, 0xc2, 0x1, 0xc8, 0xef, 0xff, 0xed, 0x0,
    0xcb, 0xff, 0xf7, 0x48, 0x1, 0x80, 0x34, 0x47,
    0xe4, 0x0, 0xd1, 0x1e, 0x30, 0x8, 0xdc, 0x40,
    0x3f, 0xf9, 0xc4, 0x1, 0x88, 0x3, 0xff, 0xcf,
    0xc0, 0x10, 0x80, 0x7f, 0xf8, 0x9, 0x1a, 0x20,
    0x40, 0x5, 0x0, 0x88, 0x3, 0xff, 0xaa, 0x24,
    0xe0, 0x19, 0x37, 0xfd, 0xb7, 0x2e, 0xef, 0x0,
    0x18, 0x4, 0xa0, 0x1f, 0xfc, 0xb1, 0x34, 0x68,
    0x9b, 0xce, 0xfe, 0xda, 0x0, 0xc2, 0x40, 0x1f,
    0x18, 0x20, 0x6, 0xf0, 0xf, 0xfe, 0x4b, 0xff,
    0x65, 0xcb, 0xb2, 0x18, 0x80, 0x7f, 0xf1, 0x64,
    0x34, 0x3, 0x20, 0x7, 0xff, 0x27, 0x40, 0x3f,
    0xf9, 0x24, 0x8d, 0x15, 0xae, 0xc, 0x1, 0x9,
    0x0, 0x7f, 0xf2, 0x74, 0x3, 0xff, 0x80, 0x46,
    0x1, 0x93, 0xbf, 0x6e, 0x5d, 0x48, 0x1c, 0x3,
    0x30, 0x7, 0xff, 0x29, 0x8c, 0x4, 0x91, 0xa2,
    0x6f, 0x7f, 0xdb, 0xc0, 0x18, 0x44, 0x1, 0xf1,
    0x40, 0x6, 0xa0, 0xf, 0xfe, 0x50, 0xe7, 0xf6,
    0xdc, 0xbb, 0x21, 0x0, 0x7f, 0xf1, 0x78, 0x3,
    0x21, 0x0, 0x7f, 0xf9, 0x88, 0x3, 0x48, 0x7,
    0xff, 0x64, 0xc0, 0x31, 0x0, 0x7e, 0xb0, 0xa,
    0x8, 0x3, 0xfd, 0xe0, 0x18, 0x40, 0x3f, 0xf9,
    0x22, 0xa0, 0x1, 0xa0, 0xf, 0xcb, 0xaf, 0x2e,
    0x1, 0xff, 0x31, 0x0, 0x1c, 0x3, 0xff, 0x97,
    0x5b, 0x9c, 0x40, 0x1f, 0xc5, 0xc, 0x1, 0xff,
    0xc0, 0x1d, 0xef, 0x80, 0xf, 0xfe, 0x22, 0x67,
    0xff, 0xb7, 0x3f, 0xff, 0xfa, 0x32, 0x1, 0xff,
    0xc4, 0x1b, 0x30, 0xf, 0xfe, 0xc0, 0xb3, 0x80,
    0x7f, 0xf0, 0xc8, 0x3, 0xff, 0xb9, 0x80, 0x1f,
    0xfc, 0x37, 0x0, 0xff, 0xf8, 0xa6, 0xef, 0xff,
    0x49, 0xc0, 0x3f, 0xf9, 0xb8, 0x45, 0xff, 0xd2,
    0xb0, 0xf, 0xff, 0xf8, 0x7, 0xff, 0xfc, 0x3,
    0xff, 0xc5, 0x1f, 0xff, 0xfd, 0x2c, 0x0, 0xff,
    0xff, 0x80, 0x7f, 0xfd, 0xd, 0x57, 0xff, 0xa4,
    0x80, 0x1f, 0xfc, 0xdb, 0xaa, 0xff, 0xe9, 0x40,
    0x7, 0xff, 0xfc, 0x3, 0xff, 0xe9, 0xa2, 0x1,
    0xff, 0xd1, 0x50, 0xf, 0xfe, 0x6a, 0xf7, 0xff,
    0xff, 0x46, 0x40, 0x3f, 0xf9, 0xe, 0x1, 0xff,
    0xec, 0x20, 0xf, 0xfe, 0xe1, 0x80, 0x7f, 0xf0,
    0xc6, 0x88, 0x3, 0xff, 0xb0, 0x2b, 0x0, 0x1f,
    0x80,

    /* U+6D01 "洁" */
    0x0, 0xff, 0xeb, 0x1a, 0x98, 0x7, 0xff, 0xa2,
    0x72, 0xb2, 0x0, 0x3f, 0xf9, 0x45, 0x32, 0x30,
    0xf, 0xfe, 0x6b, 0x0, 0x4c, 0x1, 0xff, 0xc9,
    0x2d, 0x66, 0x65, 0x8, 0x7, 0xff, 0x3c, 0x40,
    0x3f, 0xf9, 0x2a, 0x1, 0x97, 0xcc, 0x3, 0xff,
    0xc8, 0xa2, 0x1, 0x87, 0x1c, 0x3, 0xff, 0xc6,
    0x5e, 0x80, 0x1d, 0x16, 0x1, 0xff, 0xe3, 0x1b,
    0xa1, 0x0, 0xc9, 0xa2, 0x1, 0xff, 0xe3, 0x5f,
    0x40, 0xc, 0x5a, 0x1, 0xff, 0xe4, 0x1b, 0x60,
    0xc, 0x62, 0x7, 0x33, 0xff, 0xc3, 0x0, 0xe9,
    0x9f, 0xfe, 0x1c, 0x8, 0x7, 0xfa, 0x58, 0x2,
    0x31, 0x16, 0x33, 0x7f, 0xf0, 0xc0, 0x39, 0x9b,
    0xff, 0x86, 0xf8, 0x1, 0xff, 0x4b, 0x2, 0x68,
    0x28, 0x7, 0xff, 0x64, 0x80, 0x3f, 0xf8, 0x13,
    0xf6, 0x20, 0xe0, 0x1f, 0xfe, 0xb3, 0x71, 0x0,
    0xff, 0xeb, 0x15, 0x0, 0x7f, 0xf1, 0xa3, 0xbf,
    0xff, 0xf8, 0x40, 0x1d, 0xff, 0xff, 0xc3, 0xd5,
    0x0, 0xff, 0xff, 0x80, 0x7f, 0xff, 0xc0, 0x3f,
    0xf9, 0x26, 0xe8, 0x1, 0xff, 0xe8, 0x6c, 0x8b,
    0xd4, 0x0, 0xff, 0xf3, 0x48, 0x4, 0x57, 0x61,
    0x0, 0xff, 0xf2, 0x8, 0x7, 0x27, 0x30, 0x7,
    0xff, 0x8f, 0x10, 0x3, 0xd3, 0x62, 0x1, 0xff,
    0xe1, 0x2b, 0xc4, 0x0, 0xe4, 0xf3, 0x0, 0xf5,
    0xff, 0xff, 0xf0, 0x40, 0x3b, 0xff, 0xff, 0x83,
    0xa4, 0x1, 0xe3, 0xba, 0x10, 0xc, 0x3a, 0x1,
    0xcc, 0x80, 0x1f, 0xfd, 0x32, 0xa0, 0xf, 0xcb,
    0xca, 0x1, 0x84, 0x3, 0x84, 0x3, 0xff, 0xaa,
    0x40, 0x1f, 0xea, 0x70, 0xa, 0x0, 0x39, 0x0,
    0x3f, 0xfa, 0xb8, 0x1, 0xff, 0x44, 0x9b, 0xb8,
    0x3, 0x8e, 0xdd, 0x9b, 0xff, 0xa2, 0xf4, 0xc0,
    0x1f, 0xfc, 0x6, 0xc8, 0x0, 0xf9, 0x22, 0x67,
    0xff, 0xa3, 0xa, 0x1, 0xff, 0xff, 0x0, 0xff,
    0xff, 0x80, 0x7f, 0xff, 0xc0, 0x3f, 0xf9, 0x82,
    0xd1, 0x1f, 0xfc, 0xd7, 0x30, 0xf, 0xfe, 0x34,
    0x38, 0x7, 0x87, 0xe5, 0xdf, 0xff, 0x9b, 0x18,
    0xc0, 0x1f, 0xfc, 0x48, 0x78, 0xb0, 0xe, 0x71,
    0x0, 0xff, 0xe8, 0x50, 0x7, 0xff, 0xc, 0x5c,
    0x0, 0x8a, 0x1, 0x84, 0x3, 0xff, 0xa2, 0x20,
    0x1f, 0xfc, 0x39, 0x0, 0xc6, 0x1, 0xbc, 0x3,
    0xff, 0xc0, 0x2e, 0x1, 0x90, 0x3, 0xf9, 0xff,
    0xff, 0xf8, 0xf4, 0x1, 0xff, 0xc7, 0x90, 0xc,
    0xa4, 0x1, 0xfd, 0xa0, 0x1f, 0xfc, 0x77, 0x0,
    0xff, 0xe3, 0xb, 0x80, 0x68, 0x0, 0xff, 0xf2,
    0xc0, 0x6, 0x52, 0x0, 0xff, 0xf2, 0x13, 0x0,
    0x68, 0x0, 0xff, 0xf2, 0xc0, 0x6, 0x52, 0x0,
    0xff, 0xf2, 0x22, 0x80, 0x68, 0x0, 0xff, 0xf2,
    0xc8, 0x6, 0x52, 0x0, 0xff, 0xf2, 0x31, 0x0,
    0x68, 0x0, 0xff, 0xf2, 0xc, 0x0, 0x67, 0x20,
    0xf, 0xff, 0x25, 0x88, 0x4, 0x32, 0x1, 0xff,
    0xc2, 0xd0, 0xf, 0xfe, 0x3b, 0x0, 0x7f, 0xf0,
    0x51, 0x40, 0x34, 0x8, 0x7, 0xff, 0x9, 0xff,
    0xff, 0xf8, 0xf6, 0x1, 0xff, 0xc1, 0x90, 0xc,
    0x4c, 0x1, 0xfe, 0xf0, 0xf, 0xfe, 0xcb, 0x90,
    0x6, 0x90, 0xf, 0xf8, 0x40, 0x3f, 0xfa, 0x22,
    0x1, 0xf7, 0x0, 0x64, 0x40, 0x7, 0xfc, 0xe2,
    0x1, 0xff, 0xd0, 0x90, 0xf, 0xa8, 0x3, 0x48,
    0x7, 0xff, 0x0, 0x7e, 0x61, 0xdf, 0xff, 0x99,
    0x18, 0xa0, 0x1f, 0x1e, 0x18, 0x49, 0x0, 0x7f,
    0xf0, 0x45, 0x9e, 0x23, 0xff, 0x98, 0xe6, 0x1,
    0xe0,

    /* U+6E05 "清" */
    0x0, 0xff, 0xeb, 0x3c, 0xb8, 0x7, 0xff, 0xa2,
    0x61, 0xa2, 0x40, 0x3f, 0xf9, 0x43, 0x7f, 0x42,
    0x1, 0xff, 0xcc, 0x40, 0x9, 0x0, 0x3f, 0xf9,
    0x56, 0x80, 0xbe, 0x80, 0x1f, 0xfe, 0x64, 0x0,
    0x86, 0xe0, 0x3, 0xcf, 0x79, 0x9f, 0xfc, 0x22,
    0x0, 0x8b, 0x33, 0xff, 0x85, 0x72, 0x1, 0xeb,
    0x0, 0xe7, 0xc2, 0x0, 0x92, 0x10, 0xcf, 0xff,
    0x84, 0x1, 0xc6, 0x7f, 0xfc, 0x24, 0x68, 0x0,
    0xe5, 0xc1, 0x0, 0xc7, 0xac, 0x0, 0x10, 0xf,
    0xfe, 0xc8, 0x80, 0x78, 0xfd, 0x0, 0x3a, 0x60,
    0x15, 0x42, 0x1, 0xff, 0xd6, 0x3b, 0x0, 0xf8,
    0x6d, 0xc0, 0x39, 0xc0, 0x15, 0xdf, 0xff, 0xfc,
    0x22, 0x0, 0x8b, 0xff, 0xff, 0x87, 0x84, 0x1,
    0xfd, 0x16, 0x20, 0x12, 0x0, 0x7f, 0xf9, 0x93,
    0xcc, 0xa, 0x80, 0x3f, 0xfc, 0xe3, 0x9b, 0xa1,
    0x0, 0xc8, 0xcd, 0xff, 0xc1, 0x30, 0x8, 0xd9,
    0xbf, 0xf8, 0x26, 0x1, 0xff, 0xc4, 0x20, 0xe,
    0x9b, 0x99, 0xff, 0xe0, 0x88, 0x4, 0x33, 0x3f,
    0xfc, 0x1c, 0x70, 0xf, 0xfe, 0x4a, 0x0, 0x7f,
    0xf5, 0x70, 0x3, 0xff, 0x92, 0xa0, 0x1f, 0xfd,
    0x5d, 0x0, 0xff, 0xe4, 0xc6, 0xdd, 0xff, 0xf0,
    0x44, 0x2, 0x1b, 0xbf, 0xfe, 0xf, 0x30, 0x7,
    0xff, 0x28, 0x91, 0x3f, 0xf8, 0x26, 0x1, 0x1a,
    0x27, 0xff, 0x4, 0x40, 0x3f, 0xfe, 0x25, 0xbf,
    0x64, 0x1, 0xff, 0xe7, 0xe2, 0x4, 0xd8, 0x0,
    0xfc, 0x93, 0x55, 0xff, 0xc4, 0x20, 0x8, 0xaa,
    0xbf, 0xf8, 0x8e, 0x20, 0x60, 0x19, 0xf9, 0x80,
    0x38, 0x6d, 0x95, 0x7f, 0xf8, 0x80, 0x1c, 0xab,
    0xff, 0xc4, 0x88, 0x3, 0x80, 0x70, 0xce, 0x18,
    0x4, 0x40, 0x1f, 0xfd, 0xc2, 0x8, 0xa1, 0x0,
    0xe3, 0xc7, 0x0, 0x1a, 0x0, 0x7f, 0xf6, 0xfc,
    0x0, 0xbc, 0xc0, 0x1e, 0x80, 0xa, 0xff, 0xbb,
    0xff, 0xb3, 0xe8, 0x1, 0xa7, 0xc, 0x3, 0x10,
    0x7, 0x8, 0xff, 0xf6, 0x40, 0x3e, 0x3c, 0x80,
    0xa, 0x0, 0x3f, 0xfc, 0xef, 0xd3, 0x6a, 0x1,
    0xfc, 0x73, 0x57, 0x7f, 0xfc, 0xca, 0x60, 0xf,
    0xfe, 0x10, 0xb2, 0x0, 0x7f, 0x16, 0x32, 0xa2,
    0x7f, 0xf3, 0x16, 0x64, 0x1, 0xff, 0xcd, 0x50,
    0xf, 0xfe, 0x8b, 0x80, 0x7f, 0xf3, 0x7c, 0x3,
    0xff, 0xa2, 0x20, 0x1f, 0xfd, 0x29, 0xff, 0xff,
    0xe3, 0xe0, 0x7, 0xff, 0x5d, 0x0, 0x3f, 0xf8,
    0xe6, 0x1, 0xff, 0xff, 0x0, 0x5f, 0x30, 0x7,
    0xff, 0xa1, 0x90, 0x64, 0xc0, 0x3f, 0xd3, 0x55,
    0xff, 0xc8, 0x0, 0xff, 0xe4, 0x58, 0x5, 0x60,
    0x1f, 0xe4, 0x55, 0xff, 0xe4, 0x0, 0x7f, 0xf1,
    0xd0, 0x80, 0x2e, 0x0, 0xff, 0xf3, 0x78, 0x6,
    0x70, 0xf, 0xf1, 0x17, 0xff, 0x24, 0x3, 0xff,
    0x8c, 0x48, 0x1, 0x30, 0x80, 0x70, 0x80, 0x6f,
    0xdd, 0xff, 0xe4, 0x0, 0x7f, 0xf1, 0xac, 0x3,
    0x58, 0x7, 0xff, 0x94, 0x58, 0x2, 0x52, 0x0,
    0xf1, 0x80, 0x7f, 0xf7, 0xa0, 0x3, 0x48, 0x7,
    0xff, 0x94, 0x58, 0x2, 0x33, 0x0, 0x7c, 0xc0,
    0x1b, 0x37, 0x7f, 0xf9, 0x0, 0x1f, 0xfc, 0x48,
    0x0, 0xd0, 0x1, 0xf8, 0x40, 0x30, 0x91, 0x7f,
    0xf2, 0x0, 0x3f, 0xf8, 0x64, 0xc0, 0x11, 0xa0,
    0x7, 0xe2, 0x0, 0xff, 0xee, 0x40, 0x6, 0x90,
    0xf, 0xc4, 0x1, 0x89, 0x13, 0xff, 0x92, 0x1,
    0xff, 0xc2, 0x25, 0x0, 0x89, 0x40, 0x3f, 0x38,
    0x6, 0x8b, 0xbf, 0xfe, 0x48, 0x7, 0xff, 0xa,
    0x40, 0x34, 0x0, 0x7f, 0x60, 0x6, 0x40, 0xf,
    0xfe, 0xb2, 0xa0, 0x4, 0x6a, 0x1, 0xfc, 0xe0,
    0x10, 0x88, 0x3, 0xff, 0xad, 0x60, 0x1a, 0x0,
    0x3f, 0x94, 0x40, 0x24, 0x0, 0xff, 0xeb, 0x38,
    0x80, 0x46, 0x80, 0x1f, 0xd0, 0x1, 0xbc, 0x3,
    0xff, 0x92, 0x20, 0x1f, 0xfc, 0xd, 0x0, 0xde,
    0x1, 0xfc, 0xe4, 0x1, 0xa, 0x80, 0x7f, 0xf0,
    0xe7, 0xfd, 0xdd, 0x80, 0x30, 0x80, 0x7d, 0x20,
    0x12, 0x98, 0x7, 0xff, 0x9, 0x80, 0x3f, 0xf8,
    0x8e, 0x0, 0x11, 0x80, 0x39, 0x40, 0x3e, 0x3d,
    0x44, 0x58, 0x7, 0xf9, 0x84, 0x0, 0x30, 0x1,
    0xff, 0xc4, 0x70, 0xf, 0xe1, 0x90, 0xf, 0xc5,
    0x76, 0x10, 0xf, 0xf0, 0xe2, 0xe, 0x80, 0x7f,
    0xf1, 0x65, 0x40, 0x3c, 0x4d, 0xe4, 0x1, 0xff,
    0xcb, 0x2b, 0xe3, 0x0, 0xff, 0xe3, 0x57, 0xee,
    0xdd, 0xfb, 0x22, 0x1, 0xe0,

    /* U+6E29 "温" */
    0x0, 0xf0, 0x90, 0x7, 0xff, 0xa6, 0x3b, 0x74,
    0xe0, 0x1f, 0xfe, 0x63, 0x70, 0x1, 0x47, 0x38,
    0x7, 0xf4, 0x6f, 0x77, 0xff, 0x33, 0x1c, 0x3,
    0xfe, 0x50, 0xe, 0x18, 0xe5, 0x0, 0xf3, 0xb8,
    0x84, 0x7f, 0xf9, 0x87, 0xa, 0x1, 0xfe, 0x64,
    0x0, 0xf0, 0xd6, 0x10, 0x6, 0xc0, 0xf, 0xfe,
    0x86, 0x0, 0x7f, 0xd7, 0x42, 0x1, 0xe3, 0xd4,
    0x0, 0xff, 0xea, 0x18, 0x7, 0xff, 0x1, 0x79,
    0xc0, 0x3e, 0x80, 0xf, 0xd5, 0x99, 0xff, 0xc6,
    0x70, 0xf, 0xfe, 0x3c, 0x6a, 0x0, 0x73, 0x0,
    0x7c, 0x4a, 0x67, 0xff, 0xc6, 0xa0, 0xf, 0xfe,
    0x41, 0x5d, 0x8, 0x0, 0x60, 0x3, 0xff, 0xcc,
    0xbd, 0xf, 0x84, 0x1, 0xff, 0xe8, 0x78, 0x20,
    0xf, 0xff, 0xa1, 0xa2, 0x7f, 0xf1, 0xdc, 0x3,
    0xff, 0xae, 0x37, 0x7f, 0xfc, 0x7a, 0x0, 0xff,
    0xff, 0x80, 0x7f, 0xff, 0x55, 0x7f, 0xf8, 0xe8,
    0x1, 0xff, 0xd7, 0x2a, 0xaf, 0xfe, 0x3c, 0x80,
    0x7f, 0xf0, 0x7, 0x3f, 0x18, 0x3, 0xff, 0xcf,
    0xa6, 0x7, 0x3f, 0x22, 0x1, 0xff, 0xe4, 0x30,
    0xe, 0x6e, 0x80, 0xf, 0xff, 0x1d, 0x88, 0x7,
    0x9f, 0x90, 0x3, 0xff, 0x80, 0x60, 0x1f, 0xfc,
    0x71, 0x0, 0xff, 0xe0, 0x27, 0x49, 0x0, 0x70,
    0xdb, 0x80, 0x7f, 0xc3, 0xd9, 0x9f, 0xfc, 0x70,
    0xf, 0xfe, 0x13, 0x6c, 0x88, 0x7, 0x41, 0x0,
    0x7f, 0xc2, 0x67, 0xff, 0xc6, 0x0, 0xe3, 0x0,
    0xff, 0x9b, 0x9c, 0x3, 0x98, 0x3, 0xc4, 0x1,
    0xff, 0xd0, 0xe0, 0xf, 0xfe, 0xc, 0x60, 0x80,
    0x9, 0x0, 0x3d, 0x62, 0x1, 0xff, 0xce, 0x26,
    0x0, 0xff, 0xe1, 0x1f, 0xb2, 0x78, 0x7, 0xc5,
    0xd9, 0x55, 0xff, 0xcb, 0xbc, 0xd1, 0x0, 0xff,
    0xe1, 0x8c, 0xd9, 0x0, 0x7f, 0x1a, 0xaf, 0xff,
    0x2d, 0xc, 0x3, 0xff, 0xfe, 0x1, 0xff, 0xff,
    0x0, 0xff, 0xf0, 0xc6, 0xf7, 0xff, 0xff, 0x3b,
    0xb5, 0xc0, 0x3f, 0xf9, 0x6c, 0xe4, 0x20, 0x1f,
    0xfc, 0xe1, 0x28, 0x40, 0xf, 0xfe, 0x24, 0xd9,
    0x80, 0x58, 0x1, 0xff, 0xd4, 0xc0, 0xf, 0xfe,
    0x1b, 0xb2, 0x61, 0x0, 0x7f, 0xf9, 0xe4, 0x2,
    0xa0, 0xf, 0xd, 0x5d, 0xe1, 0x0, 0xaa, 0xef,
    0x30, 0x4, 0xd7, 0x7a, 0x0, 0x3f, 0xf8, 0xee,
    0x20, 0x17, 0x80, 0x79, 0x54, 0x89, 0x8c, 0x2,
    0x54, 0x4d, 0xc0, 0x17, 0xa2, 0x67, 0x0, 0xff,
    0xe3, 0xc8, 0x6, 0x60, 0xf, 0xff, 0x2b, 0x88,
    0x4, 0xc2, 0x1, 0xff, 0xe5, 0x90, 0xd, 0x60,
    0x1f, 0xfe, 0x58, 0x10, 0x9, 0x48, 0x3, 0xff,
    0xc8, 0x2e, 0x1, 0xa0, 0x3, 0xff, 0xcb, 0x0,
    0x19, 0x88, 0x3, 0xff, 0xc8, 0x4c, 0x1, 0xac,
    0x3, 0xff, 0xcb, 0xc0, 0x19, 0x88, 0x3, 0xff,
    0xc8, 0xa6, 0x1, 0xa0, 0x3, 0xff, 0xcb, 0x60,
    0x19, 0xc4, 0x3, 0xff, 0xc9, 0x22, 0x1, 0xc,
    0x0, 0x7f, 0xf9, 0xd, 0x80, 0x34, 0x0, 0x7f,
    0xf9, 0x78, 0x3, 0x13, 0x0, 0x63, 0x66, 0xc0,
    0x13, 0x37, 0x8c, 0x2, 0x76, 0x6d, 0xa0, 0x16,
    0x33, 0x70, 0x6, 0x36, 0x61, 0x0, 0x4c, 0x40,
    0x1b, 0x80, 0x33, 0x64, 0xcc, 0x60, 0x11, 0x4c,
    0xf0, 0x80, 0x51, 0x33, 0x94, 0x2, 0x59, 0x9e,
    0x0, 0xc9, 0x32, 0xd4, 0x0, 0x70, 0x6, 0x53,
    0x0, 0xda, 0x1, 0xff, 0xdd, 0xc0, 0x4, 0x88,
    0x5, 0x60, 0x1c, 0x40, 0x1f, 0xfd, 0xdf, 0x0,
    0xf, 0xb1, 0xd0, 0x80, 0x74, 0x29, 0x17, 0xff,
    0x6d, 0x9c,

    /* U+70ED "热" */
    0x0, 0xff, 0x1d, 0x5b, 0x80, 0x7f, 0xf1, 0x63,
    0x71, 0x40, 0x3f, 0xfa, 0x5c, 0xa9, 0x8, 0x1,
    0xff, 0xc3, 0x37, 0x23, 0xa1, 0x0, 0xff, 0xe8,
    0x90, 0x4, 0x60, 0x1f, 0xfc, 0x35, 0x0, 0xc4,
    0x1, 0xff, 0xea, 0x10, 0xf, 0xff, 0xf8, 0x7,
    0xff, 0x58, 0xc0, 0x3f, 0xfc, 0xa2, 0x1, 0xff,
    0xef, 0x10, 0xf, 0xfe, 0x4b, 0x44, 0x7c, 0x1,
    0xb2, 0x23, 0x39, 0x80, 0x46, 0x7e, 0xe0, 0xc,
    0x67, 0xfe, 0x0, 0xff, 0xae, 0x5d, 0xfe, 0x0,
    0xc8, 0xef, 0xa3, 0x8, 0x7b, 0x33, 0xcc, 0x1,
    0xb3, 0x3f, 0xdc, 0x60, 0x1f, 0xc8, 0x1, 0xff,
    0xc7, 0x46, 0x10, 0xf, 0xfe, 0x48, 0xc0, 0x7,
    0xf0, 0x80, 0x7f, 0xf1, 0xcc, 0x40, 0x3f, 0xf9,
    0x6a, 0x1, 0xfd, 0x60, 0x1f, 0xfc, 0x64, 0x56,
    0x40, 0xf, 0xfe, 0x50, 0x80, 0x7f, 0x2f, 0xff,
    0xdc, 0x1, 0xa3, 0xff, 0xac, 0x1, 0x7f, 0xfe,
    0x40, 0x8, 0xbf, 0xfe, 0x40, 0xf, 0xfe, 0x48,
    0x80, 0x7f, 0xf2, 0x18, 0x2, 0x10, 0xf, 0x88,
    0x3, 0xff, 0xbc, 0x40, 0x13, 0x80, 0x7f, 0xfa,
    0x84, 0x3, 0xff, 0xca, 0x40, 0x18, 0x80, 0x3f,
    0xfc, 0xac, 0x1, 0xbc, 0x3, 0xe1, 0x0, 0xff,
    0xe9, 0xa2, 0x80, 0x7e, 0x20, 0xc, 0x40, 0x1f,
    0xfd, 0x73, 0x7c, 0xfb, 0xa8, 0x0, 0xf8, 0x40,
    0x33, 0x0, 0x7f, 0xf5, 0xa3, 0x20, 0xc0, 0x23,
    0x4, 0xee, 0x40, 0x3, 0x80, 0x31, 0x80, 0x7f,
    0xf3, 0xc5, 0x64, 0x3, 0xfe, 0x10, 0xa1, 0x13,
    0xf2, 0x10, 0x4, 0x20, 0x1f, 0xfc, 0xc1, 0x59,
    0xde, 0xa6, 0x0, 0xff, 0x14, 0x8, 0x80, 0x21,
    0xb4, 0x0, 0x94, 0x3, 0xf7, 0x80, 0x7f, 0xf0,
    0x6, 0x77, 0xa9, 0x88, 0x3, 0xfc, 0x71, 0x9a,
    0x43, 0x20, 0x1f, 0xd8, 0x1, 0xff, 0xc9, 0xb6,
    0x20, 0xf, 0xf8, 0xeb, 0xb1, 0xcc, 0x2, 0x6c,
    0x30, 0xf, 0x88, 0x3, 0xf0, 0x80, 0x7f, 0xf0,
    0x18, 0x3, 0xff, 0x83, 0x4a, 0x20, 0x1f, 0x1e,
    0x50, 0x80, 0x75, 0x30, 0x7, 0xff, 0x21, 0x40,
    0x38, 0x9e, 0xf8, 0x3, 0xff, 0x88, 0xbe, 0x1,
    0xe9, 0xb2, 0x0, 0xe3, 0x0, 0xff, 0xe0, 0x41,
    0x8a, 0x4e, 0xea, 0x10, 0x40, 0x31, 0x80, 0x7f,
    0xf0, 0x1c, 0x3, 0xe4, 0xd6, 0x0, 0xc2, 0x1,
    0xff, 0xc0, 0x1c, 0xeb, 0x62, 0x0, 0xff, 0xe4,
    0xd8, 0x7, 0xf4, 0xd8, 0x80, 0x1c, 0x3, 0x8,
    0x7, 0xff, 0x24, 0x40, 0x3f, 0xe6, 0x20, 0x9,
    0x68, 0x40, 0x32, 0x79, 0x80, 0x80, 0x63, 0x0,
    0xff, 0xea, 0xc, 0x0, 0x69, 0x5f, 0x40, 0xc,
    0x30, 0x4, 0x1, 0x84, 0x2, 0x9e, 0x70, 0xf,
    0xfe, 0x1b, 0x80, 0x7f, 0xa8, 0x40, 0x25, 0x30,
    0x1b, 0x80, 0xc, 0x60, 0x1, 0x0, 0x98, 0x2,
    0x71, 0x85, 0x0, 0xff, 0xe1, 0x8, 0x7, 0xf4,
    0x20, 0x6, 0x80, 0xc, 0xf6, 0x20, 0x32, 0x0,
    0x20, 0x8, 0x80, 0x21, 0x0, 0x70, 0x7, 0xff,
    0x2e, 0x1c, 0x3, 0x41, 0x0, 0x72, 0x7c, 0x60,
    0x80, 0x14, 0x2, 0xc0, 0x1, 0x0, 0x4e, 0x1,
    0xfc, 0x20, 0x18, 0xc0, 0x3c, 0x36, 0xe0, 0x19,
    0x1c, 0x3, 0xe1, 0x72, 0x0, 0xbc, 0x2, 0x41,
    0x1, 0x0, 0x9c, 0x2, 0x17, 0x88, 0xd4, 0x1,
    0xfe, 0x6e, 0x40, 0xc, 0x54, 0x1, 0xff, 0xc2,
    0x70, 0xd, 0x45, 0x20, 0x11, 0x0, 0x53, 0xe,
    0xf9, 0x0, 0x30, 0x80, 0x62, 0x90, 0xe, 0x2f,
    0x10, 0xf, 0xfe, 0x10, 0xa8, 0x4, 0x9a, 0xa0,
    0x16, 0x0, 0x5e, 0x1, 0xfc, 0x20, 0x1c, 0x60,
    0x1c, 0x78, 0x40, 0x1f, 0xfc, 0x49, 0x0, 0xfc,
    0x2a, 0x1, 0x30, 0x80, 0x7c, 0x58, 0x1, 0xc3,
    0x20, 0x14, 0x60, 0x80, 0x7f, 0xf1, 0x4e, 0x0,
    0x3e, 0xb0, 0xc, 0x3e, 0xe8, 0x66, 0x57, 0xbd,
    0x20, 0xf, 0x36, 0xdf, 0x38, 0x7, 0xff, 0x21,
    0xe8, 0x80, 0x21, 0x95, 0x0, 0xe1, 0x8b, 0xcc,
    0x54, 0x20, 0x7, 0xf1, 0x20, 0x80, 0x7f, 0xf2,
    0x97, 0x75, 0x9b, 0xcc, 0x1, 0xfe, 0x31, 0x0,
    0xff, 0xeb, 0x33, 0x90, 0x11, 0x90, 0x7, 0xf8,
    0x77, 0x3a, 0xc0, 0x3f, 0x9, 0x0, 0x7f, 0x8d,
    0x48, 0x3, 0xfb, 0x66, 0x35, 0x40, 0x3f, 0xf8,
    0x30, 0x40, 0x4, 0x30, 0xf, 0x5f, 0x6d, 0x0,
    0x7e, 0x8c, 0xad, 0x50, 0xf, 0x88, 0x80, 0x15,
    0x18, 0x7, 0xfc, 0x4c, 0x1, 0x9, 0x80, 0x71,
    0xa0, 0x1, 0x44, 0x3, 0xe4, 0x0, 0xa0, 0x3,
    0xe2, 0x40, 0xd, 0xa2, 0x1, 0xfe, 0x80, 0xd,
    0x0, 0x1e, 0x70, 0xc, 0xa0, 0x1f, 0x28, 0x4,
    0x46, 0x1, 0xf5, 0x8, 0x4, 0x3a, 0x1, 0xfc,
    0x8a, 0x1, 0x13, 0x0, 0x79, 0x80, 0x31, 0x80,
    0x7d, 0xa0, 0x1a, 0x80, 0x3e, 0x1d, 0x0, 0xc7,
    0x20, 0x1f, 0xd, 0x0, 0x69, 0x0, 0xf8, 0x80,
    0x37, 0x0, 0x7c, 0x82, 0x1, 0x38, 0x7, 0xe3,
    0x80, 0xc, 0xca, 0x1, 0xeb, 0x10, 0x9, 0x50,
    0x3, 0xf0, 0x80, 0x44, 0x1, 0xf9, 0x0, 0x21,
    0x40, 0xf, 0xce, 0x60, 0x1a, 0xc4, 0x3, 0x3a,
    0x80, 0x43, 0x60, 0x1f, 0xc4, 0x1, 0x30, 0x7,
    0xee, 0x0, 0xdc, 0x1, 0xfd, 0xc0, 0x18, 0x64,
    0x2, 0x68, 0x0, 0xd6, 0x20, 0x1f, 0xcc, 0x1,
    0x10, 0x7, 0xe4, 0x0, 0xca, 0x1, 0xfc, 0x50,
    0x1, 0x9c, 0x0, 0x72, 0x1, 0x99, 0x40, 0x3f,
    0xc4, 0x1, 0x88, 0x3, 0xf2, 0x80, 0x65, 0x0,
    0xfe, 0x71, 0x0, 0xf2, 0x0, 0x64, 0x90, 0xf,
    0xfb, 0x80, 0x31, 0x80, 0x7e, 0xe0, 0xc, 0x40,
    0x1f, 0xe8, 0x0, 0x8c, 0x0, 0xee, 0x10, 0x6b,
    0x0, 0xff, 0xe0, 0x39, 0x81, 0x48, 0x80, 0x7e,
    0x47, 0x1, 0x67, 0x0, 0xff, 0x31, 0x82, 0x70,
    0x5, 0x1d, 0xf2, 0x1, 0xff, 0xc1, 0x1c, 0xfd,
    0x60, 0xf, 0xf4, 0x7f, 0x48, 0x7, 0xff, 0x3,
    0x3e, 0xc8, 0x0,

    /* U+70F9 "烹" */
    0x0, 0xff, 0xe6, 0x2c, 0x38, 0x80, 0x7f, 0xf9,
    0x2a, 0x8f, 0x18, 0x1, 0xff, 0xe4, 0x10, 0x8,
    0xa0, 0x3, 0xff, 0xc7, 0xc0, 0x19, 0xc8, 0x3,
    0xff, 0xc4, 0xa4, 0x1, 0xa4, 0x3, 0xff, 0x96,
    0x5b, 0xff, 0xff, 0xca, 0x20, 0xc, 0x9f, 0xff,
    0xfc, 0x97, 0xb, 0x20, 0xf, 0xff, 0x2c, 0x0,
    0x80, 0x7f, 0xfa, 0x25, 0x48, 0x47, 0xff, 0xc4,
    0x47, 0x40, 0x35, 0xbd, 0xdf, 0xfe, 0x2d, 0xc5,
    0x0, 0xff, 0xfa, 0x1a, 0xb3, 0x7f, 0xf4, 0x54,
    0x40, 0x3f, 0xf8, 0xf5, 0x95, 0x33, 0xff, 0xd1,
    0xae, 0x30, 0xf, 0xfe, 0x28, 0xa8, 0x7, 0xff,
    0x56, 0x40, 0x3f, 0xf8, 0xa4, 0x1, 0xff, 0xd6,
    0x10, 0xf, 0xfe, 0x53, 0xff, 0xff, 0xf3, 0x34,
    0x3, 0x38, 0x7, 0xff, 0x2b, 0x40, 0x3f, 0xf9,
    0x84, 0x1, 0xff, 0xff, 0x0, 0xee, 0x44, 0xff,
    0xe6, 0x38, 0x7, 0xff, 0x28, 0x40, 0x32, 0x5d,
    0xff, 0xf3, 0x20, 0x3, 0x38, 0x7, 0xff, 0x14,
    0x80, 0x3f, 0xfa, 0xc6, 0x1, 0xff, 0xc6, 0xb3,
    0x0, 0xff, 0xe9, 0xb, 0x40, 0x7, 0xff, 0x19,
    0x33, 0xff, 0xff, 0xa5, 0xd2, 0x1, 0xff, 0xff,
    0x0, 0xff, 0x84, 0x7f, 0xf8, 0x24, 0x5f, 0x8,
    0x7, 0xff, 0x1, 0xfb, 0xff, 0xff, 0x8d, 0xdd,
    0xff, 0xc1, 0xdd, 0xfb, 0xb9, 0x0, 0x1f, 0xe8,
    0x10, 0xf, 0xfe, 0xd8, 0xbe, 0x0, 0x7f, 0x8,
    0x7, 0xff, 0x78, 0xc8, 0x3, 0xf6, 0xb2, 0xaf,
    0xff, 0x48, 0x80, 0x3f, 0x8a, 0x88, 0x3, 0xf1,
    0xcd, 0x57, 0xff, 0x3f, 0xcd, 0x8, 0x3, 0xe4,
    0xad, 0x50, 0xf, 0xfe, 0xa8, 0xa4, 0x67, 0xd3,
    0x8, 0x7, 0x13, 0xed, 0xa8, 0x7, 0xff, 0x56,
    0x37, 0xad, 0xcc, 0x3, 0xc4, 0xf9, 0xb0, 0x40,
    0x1f, 0xfd, 0x69, 0x72, 0x0, 0xf9, 0x23, 0x75,
    0x6, 0x1, 0xff, 0xd9, 0x60, 0xe, 0x37, 0xbf,
    0xb7, 0x20, 0xf, 0xff, 0x1, 0xf6, 0x42, 0x0,
    0x7f, 0xf9, 0x14, 0x40, 0x3f, 0xff, 0xe0, 0x1f,
    0xff, 0xf0, 0x0, 0x80, 0x7f, 0xf7, 0x8a, 0x6e,
    0xd5, 0x49, 0x9a, 0xbc, 0x3, 0x70, 0x7, 0xff,
    0x66, 0xd9, 0x10, 0xaa, 0x66, 0x94, 0x40, 0x31,
    0x80, 0x7f, 0xf6, 0x70, 0x3, 0xff, 0x82, 0xa8,
    0x1, 0xff, 0xd9, 0x5a, 0x20, 0xf, 0xc4, 0xb7,
    0x40, 0x1f, 0xfd, 0xb5, 0xdf, 0xdd, 0xbb, 0x9f,
    0xed, 0xa4, 0x0, 0xff, 0xe2, 0x23, 0x8, 0x7,
    0xff, 0x6, 0x3b, 0x90, 0x1, 0xf3, 0x44, 0x8,
    0x40, 0x3f, 0x2c, 0x30, 0x7, 0xf6, 0xdc, 0xf2,
    0x80, 0x7f, 0xd0, 0xe2, 0x27, 0x30, 0xe, 0x1b,
    0x55, 0x60, 0x7, 0xe6, 0xa7, 0x9a, 0x0, 0xf8,
    0x48, 0x2, 0xa4, 0x0, 0xfe, 0x17, 0x0, 0x84,
    0xc0, 0x38, 0x80, 0x32, 0x0, 0x7c, 0x20, 0x12,
    0x90, 0x7, 0x86, 0x0, 0x35, 0x98, 0x7, 0xe8,
    0x0, 0xd2, 0x1, 0xe1, 0x0, 0xc4, 0x1, 0xf2,
    0x80, 0x6a, 0x0, 0xf9, 0xd4, 0x3, 0x68, 0x80,
    0x78, 0xd8, 0x2, 0x17, 0x0, 0xf1, 0x0, 0x6f,
    0x0, 0xf8, 0x90, 0x2, 0x60, 0xf, 0xd4, 0x20,
    0x10, 0xe8, 0x7, 0xbc, 0x3, 0x58, 0x7, 0xe1,
    0x0, 0x88, 0x3, 0xf7, 0x80, 0x42, 0x80, 0x1f,
    0xa8, 0x3, 0x1c, 0x0, 0x68, 0x30, 0x9, 0x14,
    0x3, 0xf1, 0x0, 0x4c, 0x1, 0xf9, 0x4, 0x2,
    0xe0, 0xf, 0xc8, 0xc0, 0x19, 0xc8, 0x0, 0x8e,
    0x1, 0xa8, 0x3, 0xf9, 0x80, 0x22, 0x0, 0xfe,
    0x70, 0x9, 0x44, 0x3, 0xf4, 0x90, 0x6, 0xb0,
    0x2b, 0x0, 0xd4, 0x20, 0x1f, 0xc4, 0x1, 0x88,
    0x3, 0xf6, 0x0, 0x67, 0x0, 0xfe, 0x90, 0xc,
    0x41, 0xc0, 0x1a, 0x14, 0x3, 0xfd, 0xc0, 0x18,
    0xc0, 0x3f, 0x20, 0x6, 0xe0, 0xf, 0xe4, 0x50,
    0xb, 0x2, 0xc8, 0x6, 0x1c, 0x3, 0xfe, 0x66,
    0x1a, 0x58, 0x80, 0x7e, 0x18, 0x1, 0x59, 0x0,
    0xff, 0x59, 0x9a, 0x5c, 0x0,

    /* U+7EA6 "约" */
    0x0, 0xff, 0xfb, 0x15, 0x41, 0x0, 0x7f, 0xf0,
    0xc7, 0x7f, 0x94, 0x3, 0xff, 0xa5, 0x8a, 0xfa,
    0x60, 0x1f, 0xfc, 0x2b, 0x20, 0x18, 0x0, 0xff,
    0xe8, 0xa8, 0x80, 0x54, 0x1, 0xff, 0xc2, 0x50,
    0x8, 0x40, 0x3f, 0xfa, 0x32, 0x1, 0xbc, 0x3,
    0xff, 0x82, 0x60, 0x1a, 0xc0, 0x3f, 0xfa, 0x8,
    0x60, 0x10, 0xb0, 0x7, 0xff, 0x6, 0xc0, 0x32,
    0x80, 0x7f, 0xf4, 0x20, 0x3, 0x40, 0x7, 0xff,
    0x9, 0x0, 0x23, 0x20, 0xf, 0xfe, 0x7a, 0x18,
    0x4, 0x2c, 0x1, 0xff, 0xc1, 0x13, 0x0, 0xac,
    0x3, 0xff, 0xa1, 0x20, 0x1a, 0x40, 0x3f, 0xf8,
    0x4e, 0x1, 0x94, 0x3, 0xff, 0x9e, 0xc4, 0x1,
    0xb, 0x80, 0x7f, 0xf0, 0xb4, 0x2, 0x22, 0x0,
    0x7f, 0xf3, 0xe0, 0x3, 0x58, 0x7, 0xff, 0x8,
    0x50, 0x2, 0x50, 0xf, 0xfe, 0x7c, 0x8, 0x4,
    0x6a, 0x1, 0xff, 0xc2, 0x60, 0xc, 0x51, 0x1f,
    0xfc, 0x57, 0x40, 0xf, 0x85, 0xc0, 0x34, 0x0,
    0x7f, 0xf0, 0xe8, 0x3, 0x2b, 0xbf, 0xff, 0x16,
    0x2d, 0x40, 0x3d, 0x60, 0x19, 0x50, 0x3, 0xc2,
    0x1, 0xf2, 0x10, 0x7, 0xff, 0x30, 0xc0, 0x38,
    0xd4, 0x2, 0x1b, 0x0, 0xe1, 0xde, 0xc2, 0x0,
    0xe8, 0x0, 0xff, 0xe9, 0xf0, 0x6, 0x81, 0x0,
    0xea, 0x20, 0x3f, 0x0, 0xc8, 0x60, 0x1f, 0xfd,
    0x27, 0x20, 0x8, 0xd8, 0x3, 0x91, 0x0, 0x11,
    0x80, 0x68, 0x0, 0xdb, 0xff, 0xff, 0xc4, 0x80,
    0xc, 0x60, 0x11, 0x40, 0x6, 0xd0, 0xf, 0x50,
    0x6, 0x60, 0x9, 0x4c, 0x2, 0x52, 0x0, 0xff,
    0xe2, 0x18, 0x7, 0xee, 0x0, 0xd4, 0x20, 0x1d,
    0x2, 0x1, 0x14, 0x0, 0x6, 0xc0, 0x34, 0x0,
    0x7f, 0xf1, 0x44, 0x3, 0x8, 0x2, 0x4c, 0x2,
    0x55, 0x0, 0x61, 0x47, 0x0, 0xdc, 0x1, 0x58,
    0x80, 0x4c, 0x40, 0x1f, 0xfc, 0xb1, 0xa6, 0x0,
    0xc3, 0x59, 0xbf, 0xee, 0xb0, 0xc, 0xe6, 0x0,
    0x65, 0x0, 0xd0, 0x1, 0xff, 0xc6, 0x30, 0xc,
    0xec, 0xa0, 0x1c, 0x8a, 0x64, 0x1, 0xf1, 0x40,
    0x5, 0x60, 0x1a, 0x4, 0x3, 0xff, 0x98, 0x40,
    0x1f, 0xfc, 0x5f, 0x0, 0xc8, 0x1, 0x1b, 0x80,
    0x7f, 0xf1, 0xc4, 0x3, 0x90, 0x3, 0xff, 0x89,
    0x24, 0x1, 0xa6, 0x4, 0xb8, 0x3, 0xff, 0x9a,
    0x22, 0x70, 0x1, 0xab, 0xcd, 0xef, 0x20, 0x6,
    0x56, 0x0, 0xf3, 0xf6, 0x90, 0x47, 0xf3, 0x0,
    0x7f, 0xf0, 0xfc, 0x3, 0xd1, 0xbf, 0x95, 0xc,
    0x84, 0xc8, 0x1, 0x15, 0x0, 0x7f, 0xcc, 0xe0,
    0x33, 0x20, 0xf, 0xfe, 0x39, 0x80, 0x8, 0x3,
    0xc9, 0x0, 0x1b, 0xc0, 0x3f, 0xf8, 0xad, 0x60,
    0x1f, 0xfc, 0x11, 0x0, 0xff, 0xe0, 0x95, 0x0,
    0x6a, 0x20, 0xf, 0xfe, 0x3, 0x38, 0x6, 0x4c,
    0x10, 0xf, 0xf8, 0xc0, 0x30, 0x80, 0x7e, 0xf1,
    0x0, 0xa1, 0x40, 0x3f, 0xf8, 0x51, 0x0, 0xc,
    0x78, 0x20, 0x1f, 0xfc, 0xba, 0x20, 0x9, 0x5c,
    0x3, 0xff, 0x88, 0xf2, 0x1, 0x8b, 0x4, 0x3,
    0xf8, 0x40, 0x3f, 0xe8, 0x50, 0x8, 0xe8, 0x3,
    0xff, 0x8c, 0xd0, 0x1, 0x8b, 0x0, 0x3f, 0x9c,
    0x2, 0x10, 0xf, 0x33, 0x80, 0x45, 0xa0, 0x1f,
    0x88, 0x80, 0x1f, 0xe7, 0x70, 0x6, 0x2b, 0x0,
    0xfc, 0x20, 0x11, 0x80, 0x72, 0xc8, 0x4, 0x38,
    0x20, 0x48, 0xd3, 0x7b, 0xfb, 0xa8, 0x0, 0xff,
    0x43, 0x0, 0x64, 0x90, 0xf, 0xf8, 0x40, 0x32,
    0xd0, 0x6, 0x5b, 0xdf, 0xdb, 0x96, 0x42, 0x0,
    0x90, 0x3, 0xfe, 0x94, 0x0, 0xcc, 0x80, 0x1e,
    0x30, 0x9, 0xc0, 0x28, 0xa0, 0xe, 0x45, 0x20,
    0xf, 0xf2, 0x80, 0x7f, 0xf0, 0x2c, 0x80, 0x35,
    0x0, 0x78, 0x40, 0x3d, 0xae, 0x1, 0xff, 0xc5,
    0x17, 0x90, 0xf, 0xfe, 0xe, 0x8, 0x4, 0x26,
    0x1, 0xfc, 0x40, 0x3, 0x0, 0xff, 0xe0, 0x92,
    0xc5, 0x6f, 0x40, 0x7, 0xff, 0x8, 0x68, 0x2,
    0x13, 0x0, 0xc2, 0x1, 0x84, 0x0, 0x80, 0x1f,
    0x12, 0x3d, 0x6f, 0xed, 0x3a, 0x90, 0x7, 0xff,
    0x15, 0x18, 0xb, 0x0, 0x38, 0x80, 0x37, 0x80,
    0x20, 0x40, 0x9, 0x19, 0xfb, 0x70, 0xa4, 0x1,
    0xff, 0xcc, 0x9d, 0xd1, 0x0, 0x73, 0x80, 0x61,
    0x0, 0x17, 0x6f, 0xdb, 0x98, 0x7, 0xff, 0x4c,
    0x80, 0x3e, 0x10, 0xc, 0x60, 0x18, 0x80, 0x3f,
    0xfb, 0xe4, 0x1, 0x98, 0x3, 0xff, 0xc9, 0xc0,
    0x18, 0x40, 0x3f, 0xfc, 0x86, 0x1, 0x88, 0x3,
    0xff, 0x8e, 0x4a, 0xf2, 0xe0, 0x1f, 0xfc, 0xc6,
    0x0, 0x84, 0x3, 0xff, 0x86, 0x6d, 0x39, 0xfb,
    0x50, 0xd0, 0xe0, 0x1f, 0xfc, 0xb3, 0x0, 0x88,
    0x3, 0xf8, 0x51, 0xeb, 0x7f, 0x25, 0x8c, 0x3,
    0xdc, 0x1, 0xff, 0xca, 0x10, 0xc, 0xa0, 0x19,
    0x1a, 0x73, 0xfa, 0xe1, 0x48, 0x3, 0xfe, 0xc0,
    0xf, 0xfe, 0x52, 0x0, 0x6e, 0x0, 0xf, 0x5c,
    0xb1, 0x80, 0x7f, 0xf0, 0x8d, 0xf1, 0x40, 0x3f,
    0xf9, 0x58, 0x1, 0x8c, 0x0, 0xa2, 0x1, 0xff,
    0xc1, 0x36, 0xad, 0xfc, 0x83, 0x0, 0xff, 0xe5,
    0xb8, 0x6, 0x50, 0x3, 0x80, 0x7f, 0x1b, 0x4e,
    0xfe, 0x4a, 0x90, 0x7, 0xff, 0x3a, 0x4, 0x2,
    0x31, 0x0, 0x19, 0x80, 0x23, 0x69, 0xcf, 0xc9,
    0x62, 0x0, 0xff, 0xe4, 0xcd, 0xd5, 0x26, 0x7b,
    0x1c, 0x3, 0x20, 0x6, 0xcb, 0xcf, 0xc9, 0x63,
    0x0, 0xff, 0xe6, 0x8b, 0x22, 0xa9, 0x9b, 0x8c,
    0x3, 0xa8, 0x3, 0x90, 0xc0, 0x3f, 0xfa, 0x42,
    0x20, 0xf, 0xfe, 0xc, 0x10, 0x7, 0xff, 0x6a,
    0x0, 0x3f, 0xf8, 0x10, 0xe0, 0x1f, 0xfd, 0xb6,
    0xb4, 0x21, 0x0, 0xc4, 0x91, 0xce, 0x1, 0xc0,

    /* U+80FD "能" */
    0x0, 0xff, 0xe0, 0x88, 0x7, 0xff, 0x10, 0x5e,
    0x10, 0x3, 0xff, 0xa8, 0x5b, 0xdc, 0x70, 0xf,
    0xfe, 0x16, 0x43, 0xda, 0x80, 0x7f, 0xf4, 0xf8,
    0x80, 0x60, 0xc0, 0x3f, 0xf8, 0x24, 0x1, 0x78,
    0x7, 0xff, 0x49, 0x4c, 0x3, 0x10, 0x7, 0xff,
    0x0, 0x40, 0x3f, 0xfa, 0xf6, 0x1, 0xa0, 0x40,
    0x3f, 0xfc, 0x72, 0x20, 0x11, 0xb8, 0x1, 0x6a,
    0x44, 0x3, 0xff, 0xba, 0x8c, 0x1, 0xb8, 0x0,
    0x94, 0xad, 0x82, 0x1, 0xff, 0xdb, 0x2a, 0x0,
    0xd2, 0x40, 0x1e, 0x2a, 0x0, 0xff, 0xed, 0xf0,
    0x80, 0x4a, 0xc0, 0x12, 0x18, 0x4, 0x8c, 0x1,
    0xfe, 0x65, 0x5f, 0xfe, 0xa, 0x10, 0x7, 0xfd,
    0x46, 0x1, 0x15, 0x0, 0x77, 0x0, 0x69, 0x20,
    0xf, 0xe3, 0xaa, 0xff, 0xe0, 0xde, 0xb0, 0x7,
    0xf4, 0x28, 0x4, 0x3e, 0x1, 0xe2, 0x80, 0xd,
    0xc0, 0x1f, 0xfc, 0xdd, 0x0, 0xfc, 0xce, 0x1,
    0xb4, 0x80, 0x3e, 0x73, 0x0, 0x8d, 0xc0, 0x3f,
    0xf9, 0x82, 0x1, 0xf3, 0xc8, 0x6, 0x70, 0x45,
    0x67, 0x9a, 0xbc, 0xd3, 0x0, 0xd0, 0x20, 0x1f,
    0xfc, 0xa2, 0x90, 0xf, 0x4c, 0x0, 0x73, 0xe5,
    0xd4, 0xc3, 0x2a, 0x19, 0x0, 0x7a, 0x0, 0x3e,
    0x5f, 0xff, 0xfe, 0x16, 0x98, 0x7, 0x98, 0x3,
    0xff, 0x96, 0xc4, 0x1, 0xff, 0xd1, 0x20, 0xf,
    0xfe, 0x65, 0x80, 0x7f, 0xf4, 0x68, 0x3, 0xf0,
    0x92, 0x2b, 0xc4, 0xde, 0x6f, 0x70, 0x3, 0x30,
    0x80, 0x7f, 0xf4, 0x1d, 0x89, 0x1e, 0xb3, 0xbf,
    0xb6, 0xea, 0x1d, 0x90, 0xc8, 0x44, 0xc0, 0x18,
    0x80, 0x3f, 0xfa, 0x33, 0xb7, 0xa, 0x62, 0x1,
    0xff, 0xc1, 0x81, 0x0, 0x29, 0x80, 0x7f, 0xf9,
    0x47, 0xe7, 0x28, 0x3, 0xff, 0xce, 0x2c, 0x60,
    0x1, 0x0, 0xc2, 0x1, 0xff, 0xcc, 0x16, 0x88,
    0xff, 0xe2, 0x39, 0x0, 0x78, 0x40, 0x24, 0x20,
    0xf, 0xfe, 0x8, 0x88, 0x3, 0xf6, 0x4b, 0xbf,
    0xff, 0x12, 0x35, 0x0, 0x39, 0x40, 0x36, 0xeb,
    0x31, 0xba, 0xee, 0xbf, 0xfb, 0xb9, 0xf2, 0x1,
    0xc8, 0x40, 0x1f, 0xfc, 0x7d, 0x0, 0xed, 0x0,
    0xe2, 0x33, 0x11, 0x4, 0x60, 0xf, 0xcc, 0x20,
    0x18, 0x40, 0x3f, 0xf9, 0x4, 0x1, 0xcc, 0x40,
    0x1f, 0xfc, 0x92, 0x0, 0xc6, 0x1, 0x89, 0x57,
    0xfc, 0x60, 0x1f, 0xf6, 0x28, 0x7, 0xff, 0x1c,
    0xcc, 0x1, 0xfd, 0xf5, 0x5f, 0xec, 0x0, 0xff,
    0x86, 0xba, 0xe6, 0x51, 0x32, 0xaa, 0xae, 0xd9,
    0x96, 0xeb, 0xb9, 0x80, 0x1f, 0xe3, 0x0, 0xff,
    0x84, 0x3, 0xff, 0x80, 0x28, 0xcc, 0x76, 0x62,
    0xac, 0x88, 0x33, 0x88, 0x82, 0x20, 0xf, 0xfe,
    0xaa, 0x5e, 0xc8, 0x7, 0xff, 0x48, 0x61, 0x84,
    0x3, 0xff, 0x8b, 0x48, 0x4c, 0xe0, 0x1f, 0xfd,
    0x3, 0xf7, 0x9f, 0x50, 0xf, 0xfe, 0x18, 0x88,
    0x2, 0xd0, 0xf, 0xfe, 0x80, 0x88, 0x0, 0x35,
    0x64, 0x1, 0xff, 0xe3, 0x2b, 0x10, 0x9, 0x35,
    0xc0, 0x3f, 0xfc, 0x69, 0xea, 0x1, 0xa3, 0xc,
    0x3, 0xff, 0xc4, 0x35, 0x41, 0x0, 0x8f, 0x10,
    0x3, 0xff, 0xc6, 0xbe, 0xa0, 0x1b, 0xc0, 0x3f,
    0xf8, 0x49, 0x55, 0xff, 0xc2, 0x95, 0x0, 0xff,
    0xe2, 0x8d, 0x50, 0x40, 0x1e, 0x1, 0xff, 0xc2,
    0x15, 0x5f, 0xfe, 0x13, 0x51, 0x80, 0x7f, 0xc2,
    0x1, 0xe5, 0xeb, 0xd5, 0x10, 0xf, 0xfe, 0x92,
    0x80, 0x7f, 0xf2, 0x16, 0xf8, 0x3, 0xff, 0xa6,
    0x40, 0x1e, 0x10, 0xf, 0xf8, 0xa7, 0x98, 0x3,
    0xff, 0x86, 0x28, 0x9f, 0xfc, 0x39, 0x40, 0xf,
    0x78, 0x7, 0xf1, 0x4e, 0xb0, 0x7, 0xff, 0x15,
    0x2e, 0xff, 0xf8, 0x6c, 0x1, 0xf0, 0x80, 0x44,
    0x1, 0x15, 0x6b, 0x0, 0x62, 0x0, 0xff, 0xed,
    0x18, 0x4, 0x20, 0x55, 0xaa, 0x1, 0xd1, 0xa2,
    0x1, 0xff, 0xd9, 0x60, 0x8, 0x6f, 0x54, 0x3,
    0x97, 0x9c, 0x3, 0xff, 0xa8, 0x24, 0x1, 0xc6,
    0x1, 0x12, 0x0, 0x71, 0x5d, 0x8, 0x7, 0xff,
    0x50, 0xbb, 0x68, 0x2, 0x10, 0xc, 0xc0, 0x1d,
    0x1a, 0x80, 0x1f, 0xfd, 0x65, 0x0, 0x2b, 0x80,
    0x10, 0x3, 0x5b, 0x0, 0x1b, 0x9c, 0x3, 0xff,
    0xb1, 0xc0, 0x16, 0x0, 0x30, 0x2, 0x12, 0x9e,
    0xf9, 0x10, 0xf, 0xfe, 0xc9, 0x80, 0x79, 0xc0,
    0x25, 0x0, 0x8, 0x7, 0xff, 0x71, 0xc0, 0x21,
    0x6, 0x10, 0xb, 0x40, 0x3f, 0xf9, 0x42, 0x1,
    0x98, 0x3, 0xff, 0x84, 0x44, 0x0, 0x88, 0x60,
    0x3, 0x38, 0x7, 0xff, 0x4, 0x40, 0x3f, 0x84,
    0x2, 0x39, 0x65, 0x5f, 0xf9, 0xf0, 0x3, 0x64,
    0x88, 0x4, 0x82, 0x1, 0xe7, 0xff, 0xf0, 0x6,
    0x20, 0xe, 0x50, 0xc, 0xd3, 0x55, 0xff, 0x40,
    0x80, 0x42, 0x80, 0x1d, 0x0, 0x1f, 0xfc, 0x6c,
    0x0, 0xef, 0x0, 0xff, 0xe5, 0x40, 0x48, 0x80,
    0x14, 0xc0, 0x3e, 0x60, 0xf, 0xe4, 0x50, 0xe,
    0x47, 0x0, 0xff, 0xe4, 0x2b, 0x0, 0xe1, 0xa5,
    0x0, 0x7e, 0x1d, 0x41, 0x0, 0x89, 0x2a, 0xc0,
    0x3e, 0x8c, 0x63, 0x10, 0xf, 0xfe, 0x8, 0xad,
    0xd0, 0x4, 0x59, 0x60, 0x1f, 0xe2, 0xbe, 0xff,
    0xb6, 0xd4, 0x3, 0xf8, 0xe7, 0x3b, 0xff, 0xff,
    0x83, 0xd4, 0x80, 0x10,

    /* U+81EA "自" */
    0x0, 0xff, 0xe3, 0x92, 0xa8, 0x80, 0x3f, 0xfb,
    0x89, 0xb5, 0x4d, 0xa0, 0xf, 0xfe, 0xdf, 0x80,
    0x65, 0x0, 0xff, 0xed, 0xa0, 0x6, 0x50, 0xf,
    0xfe, 0xd2, 0x0, 0x77, 0x0, 0x7f, 0xf6, 0xb4,
    0x3, 0x12, 0x0, 0x7f, 0xf6, 0x9c, 0x3, 0x50,
    0x7, 0xff, 0x68, 0x84, 0x3, 0x30, 0x7, 0xff,
    0x69, 0x40, 0x32, 0x88, 0x7, 0xff, 0x28, 0x6b,
    0xbf, 0xff, 0xf8, 0x30, 0x1, 0x97, 0xff, 0xff,
    0x91, 0xaa, 0x12, 0xa2, 0x1, 0xff, 0xdb, 0x2a,
    0x13, 0x0, 0xff, 0xef, 0xab, 0x80, 0x7f, 0xf7,
    0xc4, 0x3, 0xc2, 0x3f, 0xfd, 0x40, 0xf, 0xfe,
    0x4, 0x77, 0x7f, 0xf5, 0x40, 0x3f, 0xe2, 0x0,
    0xff, 0xea, 0x8, 0x7, 0xff, 0xfc, 0x3, 0xff,
    0xfe, 0x1, 0xff, 0xff, 0x0, 0xff, 0xff, 0x80,
    0x7f, 0xf3, 0xaf, 0xbb, 0xff, 0xaa, 0x1, 0xff,
    0x8, 0xff, 0xf5, 0x80, 0x3f, 0xff, 0xe0, 0x1f,
    0xff, 0xba, 0xff, 0xff, 0xea, 0x80, 0x7f, 0xff,
    0xc0, 0x3f, 0xff, 0xe0, 0x1f, 0xff, 0xf0, 0xf,
    0xff, 0xf8, 0x7, 0xff, 0xee, 0xbf, 0xff, 0xfa,
    0xa0, 0x1f, 0xff, 0xf0, 0xf, 0xff, 0xd9, 0x19,
    0xff, 0xf5, 0x40, 0x3f, 0xe8, 0xcc, 0xff, 0xea,
    0x80, 0x7f, 0xff, 0xc0, 0x3f, 0xff, 0xe0, 0x1f,
    0xff, 0xf0, 0xf, 0xff, 0x61, 0x80, 0x7f, 0xf8,
    0x27, 0x33, 0xff, 0xa9, 0xc0, 0x1f, 0xfc, 0x3,
    0x3f, 0xfe, 0xa0, 0x80, 0x7f, 0xf9, 0x85, 0x0,
    0x3f, 0xfb, 0xed, 0x2a, 0x1, 0xff, 0xdc, 0x19,
    0x20,

    /* U+8272 "色" */
    0x0, 0xff, 0xe3, 0x11, 0x80, 0x7f, 0xfa, 0x1f,
    0x73, 0x90, 0x3, 0xff, 0xca, 0x50, 0x0, 0x1f,
    0x0, 0xff, 0xf2, 0xc8, 0x6, 0x30, 0xf, 0xff,
    0x22, 0x20, 0x2, 0x18, 0x0, 0xff, 0xf1, 0x8d,
    0x0, 0x65, 0x77, 0xd1, 0x1a, 0x67, 0x55, 0x25,
    0x84, 0x3, 0xff, 0xa7, 0x42, 0x1, 0x92, 0x23,
    0x3b, 0xe6, 0x6c, 0xaa, 0x69, 0xf5, 0x0, 0xff,
    0xe8, 0xc2, 0x0, 0x7f, 0xf2, 0x86, 0x84, 0x3,
    0xff, 0x9e, 0xae, 0x1, 0xff, 0xe8, 0x3a, 0x0,
    0xff, 0xe6, 0xc8, 0x80, 0x7f, 0xf3, 0x4b, 0x0,
    0x32, 0x7f, 0xff, 0xf0, 0xb8, 0x40, 0x33, 0x30,
    0x3, 0xff, 0x9a, 0x58, 0x1, 0x8a, 0xc0, 0x3f,
    0xf8, 0x5a, 0x20, 0x11, 0xc8, 0x7, 0xff, 0x34,
    0xb0, 0x40, 0x21, 0xc0, 0xf, 0xfe, 0x15, 0x18,
    0x4, 0x3a, 0x1, 0xff, 0xcd, 0x2c, 0x10, 0xd,
    0x82, 0x1, 0xff, 0xc1, 0x85, 0x0, 0xd8, 0x20,
    0x1f, 0xfc, 0xc3, 0xc1, 0x0, 0xd6, 0x40, 0x1f,
    0xfc, 0x15, 0x70, 0xd, 0x44, 0x1, 0xff, 0xcc,
    0x4c, 0x10, 0xd, 0x48, 0x1, 0xff, 0xc1, 0x3a,
    0x0, 0xce, 0xa0, 0x1f, 0xfc, 0xc7, 0xb0, 0xe,
    0x75, 0x0, 0xff, 0xe0, 0x96, 0x80, 0x64, 0x80,
    0xf, 0xfe, 0x58, 0xdc, 0x0, 0x79, 0xff, 0xff,
    0xf8, 0x5a, 0x20, 0x19, 0x3f, 0xff, 0xf8, 0x56,
    0x1, 0xf9, 0x7d, 0x0, 0x3f, 0xfb, 0xe9, 0x0,
    0x1e, 0x7a, 0x10, 0xf, 0xff, 0x9, 0x80, 0x7a,
    0x40, 0x38, 0x40, 0x3f, 0xfc, 0x84, 0x1, 0x8f,
    0xc4, 0x2, 0x29, 0x9f, 0xfe, 0x9, 0x0, 0x69,
    0x9f, 0xfe, 0xb, 0x0, 0x7f, 0xd0, 0x1, 0x36,
    0x8, 0x6, 0x16, 0x6f, 0xfe, 0x8, 0x80, 0x42,
    0xcd, 0xff, 0xc1, 0x90, 0xf, 0xf9, 0x25, 0x6a,
    0x40, 0x3f, 0xfc, 0xed, 0x4a, 0x1, 0xff, 0xff,
    0x0, 0xff, 0xff, 0x80, 0x7f, 0xff, 0xc0, 0x3f,
    0xff, 0xe0, 0x1f, 0xff, 0x91, 0x0, 0xff, 0xe5,
    0x14, 0xcf, 0xff, 0x4, 0x80, 0x21, 0x99, 0xff,
    0xe0, 0xe8, 0x7, 0xff, 0x28, 0x59, 0xbf, 0xf8,
    0x22, 0x1, 0x99, 0xbf, 0xf8, 0x26, 0x1, 0xff,
    0xff, 0x0, 0xff, 0xed, 0x98, 0x7, 0xff, 0xa5,
    0x20, 0x3, 0xff, 0x8a, 0x7f, 0xff, 0xfd, 0x7b,
    0x0, 0xff, 0xff, 0x80, 0x7f, 0xff, 0xc0, 0x3f,
    0xff, 0xe0, 0x1f, 0xfe, 0x83, 0x96, 0x0, 0xff,
    0xf4, 0x6b, 0x4e, 0x0, 0x7f, 0xf9, 0x88, 0x40,
    0x6, 0x60, 0xf, 0xff, 0x2b, 0x0, 0x65, 0x0,
    0xff, 0xf2, 0x90, 0x6, 0x30, 0xf, 0xff, 0x2e,
    0x0, 0x66, 0x0, 0xf8, 0xc0, 0x22, 0x0, 0xff,
    0xec, 0xa8, 0x6, 0x20, 0xf, 0x98, 0x2, 0x12,
    0x0, 0xff, 0xeb, 0xb8, 0x6, 0x31, 0x0, 0xf8,
    0xc0, 0x37, 0x10, 0x7, 0xff, 0x55, 0xe0, 0x3,
    0x20, 0x7, 0xeb, 0x0, 0xc7, 0xba, 0xa8, 0x76,
    0x6f, 0xfe, 0x6b, 0xc5, 0x74, 0x0, 0x74, 0x80,
    0x7e, 0x33, 0x0, 0x71, 0x2b, 0xc4, 0xcf, 0xff,
    0x36, 0x1d, 0x44, 0x3, 0xa0, 0x40, 0x3f, 0xb8,
    0x40, 0x3f, 0xfb, 0xa8, 0xe0, 0x1f, 0xe2, 0xf5,
    0x0, 0xff, 0xed, 0xc, 0x58, 0x7, 0xff, 0x0,
    0x6b, 0xa9, 0xd0, 0x84, 0x3, 0xff, 0xa0, 0x48,
    0xd5, 0xce, 0x1, 0x80,

    /* U+8282 "节" */
    0x0, 0xff, 0xe1, 0x8a, 0x98, 0x7, 0xff, 0x19,
    0x14, 0x80, 0x3f, 0xfa, 0x29, 0xd5, 0x96, 0x1,
    0xff, 0xc4, 0xcb, 0xad, 0x50, 0xf, 0xfe, 0x87,
    0x0, 0x48, 0x20, 0x1f, 0xfc, 0x22, 0x30, 0xb,
    0x80, 0x3f, 0xfa, 0x2, 0x1, 0x8c, 0x3, 0xff,
    0x84, 0x20, 0x19, 0xc0, 0x3f, 0xff, 0xe0, 0x1f,
    0xff, 0xf0, 0xf, 0xfe, 0x7a, 0x44, 0xcf, 0xfc,
    0xc0, 0x1a, 0x26, 0x7f, 0xf8, 0x60, 0x18, 0xa6,
    0x7f, 0xe8, 0x50, 0x5b, 0x76, 0x6f, 0xf8, 0x80,
    0x32, 0xb3, 0x7f, 0xf0, 0x94, 0x3, 0xb, 0x37,
    0xfc, 0xf4, 0xf8, 0x1, 0xff, 0xe8, 0xce, 0x0,
    0xff, 0xf4, 0xb, 0x18, 0x7, 0xff, 0x98, 0xa0,
    0x73, 0xff, 0xff, 0x80, 0x80, 0x1b, 0x7f, 0xff,
    0xf8, 0x58, 0x1, 0x8f, 0xff, 0xff, 0x81, 0xa4,
    0x1, 0xff, 0xff, 0x0, 0xff, 0xff, 0x80, 0x7f,
    0xf3, 0x84, 0x3, 0xff, 0xd2, 0x40, 0x18, 0x80,
    0x3f, 0xf8, 0x46, 0x1, 0x94, 0x3, 0xff, 0xa1,
    0xe, 0x69, 0x60, 0x1f, 0xfc, 0x4b, 0x43, 0x68,
    0x0, 0xff, 0xe8, 0xc6, 0x5a, 0x0, 0x7f, 0xf1,
    0x12, 0xf2, 0x44, 0x3, 0xff, 0xf6, 0x53, 0x57,
    0x7f, 0xfd, 0xba, 0x60, 0xf, 0xf7, 0xb2, 0xa2,
    0x7f, 0xf6, 0xd6, 0x64, 0x1, 0xfc, 0x40, 0x1f,
    0xfd, 0xf7, 0x0, 0xff, 0xf4, 0x88, 0x7, 0xf4,
    0x88, 0x7, 0xff, 0xa1, 0xbb, 0xff, 0xff, 0x83,
    0x20, 0x19, 0xbf, 0xff, 0xf8, 0xd8, 0x1, 0xff,
    0xe9, 0x30, 0xf, 0xff, 0xf8, 0x7, 0xff, 0xfc,
    0x3, 0xff, 0xfe, 0x1, 0xff, 0xff, 0x0, 0xff,
    0xff, 0x80, 0x7f, 0xff, 0xc0, 0x3f, 0xff, 0xe0,
    0x1f, 0xff, 0xf0, 0xf, 0xff, 0xf8, 0x7, 0xff,
    0xfc, 0x3, 0xff, 0xcd, 0x17, 0x6a, 0xad, 0x79,
    0xc0, 0x18, 0x40, 0x3f, 0xfb, 0x4e, 0xe4, 0x42,
    0xae, 0x43, 0x10, 0xc, 0xa0, 0x1f, 0xfe, 0x9d,
    0x0, 0xff, 0xed, 0x30, 0x80, 0x7f, 0xf0, 0x19,
    0x80, 0x1f, 0xfd, 0xa1, 0xc4, 0x0, 0xf8, 0x4d,
    0xb2, 0x40, 0x3f, 0xfb, 0x85, 0x7f, 0xdb, 0xdc,
    0xff, 0x76, 0x49, 0x80, 0x7f, 0xf8, 0x4, 0x84,
    0x40, 0x1f, 0xff, 0xf0, 0xf, 0xff, 0xf8, 0x7,
    0xff, 0x94, 0x40, 0x3f, 0xfc, 0x84, 0x1, 0xb8,
    0x3, 0xff, 0xc8, 0x8c, 0x20, 0xac, 0x1, 0xff,
    0xd2,

    /* U+89E3 "解" */
    0x0, 0xfe, 0x4e, 0xfb, 0x10, 0xf, 0xff, 0x3d,
    0x8, 0x24, 0x80, 0x7f, 0xf9, 0x8c, 0x40, 0x2f,
    0x0, 0xff, 0xe1, 0x9a, 0xb3, 0x7f, 0xf2, 0x14,
    0xc0, 0x3f, 0xeb, 0x0, 0xc8, 0x1, 0xff, 0xc2,
    0x6c, 0xa9, 0x9f, 0xfe, 0x45, 0x65, 0x0, 0x7f,
    0x90, 0x2, 0x12, 0x28, 0xce, 0x10, 0xf, 0xda,
    0x1, 0xff, 0xcc, 0x52, 0x0, 0xfc, 0x26, 0x1,
    0xf, 0x6e, 0xb3, 0x2e, 0xe3, 0x80, 0x78, 0x80,
    0x3f, 0xf9, 0xa2, 0x1, 0xf9, 0x80, 0x3f, 0xf8,
    0x3, 0xe, 0x1, 0xd0, 0xa6, 0x7e, 0x0, 0xc2,
    0x67, 0xf8, 0x3, 0x84, 0x3, 0xf5, 0x0, 0x7f,
    0xf0, 0xb4, 0x3, 0x86, 0xb3, 0x3b, 0x40, 0x34,
    0x66, 0x7e, 0x90, 0xc, 0x60, 0x1f, 0x19, 0x0,
    0x44, 0x67, 0xc0, 0x1d, 0xe0, 0x1f, 0xfc, 0x5,
    0x0, 0xc8, 0x1, 0xf8, 0x80, 0x30, 0x80, 0x7d,
    0x20, 0x11, 0x6e, 0x67, 0x18, 0x4, 0x4a, 0x1,
    0xff, 0xc0, 0xd0, 0x8, 0x48, 0x3, 0xf0, 0x80,
    0x7f, 0xc4, 0xa0, 0x15, 0x80, 0x71, 0x18, 0x5,
    0x0, 0x1f, 0xfc, 0x16, 0x0, 0x9c, 0x3, 0xf8,
    0xc0, 0x21, 0x0, 0xfa, 0x0, 0x21, 0x60, 0xe,
    0xb0, 0x8, 0x94, 0x3, 0xff, 0x80, 0xc0, 0x1b,
    0x40, 0x3f, 0x84, 0x2, 0x30, 0xf, 0x1a, 0x80,
    0x50, 0x1, 0xc2, 0xc0, 0x14, 0x0, 0x7f, 0xf0,
    0x6c, 0x2, 0x14, 0x0, 0xfe, 0xe0, 0x9, 0x80,
    0x3d, 0xc0, 0x10, 0xb0, 0x7, 0x30, 0x4, 0x4a,
    0x1, 0xff, 0xc0, 0x72, 0x0, 0xa4, 0x3, 0xfc,
    0x40, 0x11, 0x0, 0x74, 0x10, 0x4, 0x6e, 0xfe,
    0x90, 0x9, 0x9d, 0xf3, 0x10, 0x7, 0x8a, 0x0,
    0x21, 0x70, 0xf, 0xf2, 0x80, 0x5c, 0x1, 0x91,
    0xc0, 0x31, 0x44, 0x78, 0x40, 0x24, 0x88, 0xd3,
    0xaa, 0x1, 0xdc, 0x1, 0xac, 0x3, 0xfc, 0x42,
    0x1, 0x10, 0x4, 0x76, 0x1, 0xff, 0xcb, 0x90,
    0xd, 0x66, 0x1, 0x22, 0x80, 0x7f, 0xac, 0x3,
    0x20, 0x5, 0xc0, 0x1f, 0xfc, 0xc1, 0x0, 0x16,
    0x20, 0x4, 0x34, 0x1, 0x8b, 0x37, 0x32, 0xd6,
    0x0, 0x88, 0x40, 0x2, 0x40, 0x1e, 0x1a, 0xae,
    0x0, 0x92, 0xab, 0x20, 0x7, 0x4e, 0x98, 0x6,
    0xd1, 0x0, 0xc8, 0x64, 0x67, 0x10, 0x6, 0x50,
    0x8, 0x5c, 0x3, 0xc6, 0xab, 0x90, 0x2, 0x25,
    0x5d, 0xe0, 0x1a, 0x58, 0x3, 0xe, 0x18, 0x7,
    0x20, 0x7, 0xf1, 0x40, 0x6, 0x8a, 0x68, 0x0,
    0xff, 0xe5, 0x8, 0x6, 0x3c, 0x30, 0xf, 0x15,
    0x8, 0x7, 0x97, 0x0, 0x3c, 0xb2, 0x80, 0x1f,
    0xfc, 0xa8, 0x61, 0x29, 0xc2, 0x0, 0xf1, 0x57,
    0x4e, 0xe6, 0x5b, 0xf4, 0x20, 0x1f, 0xfd, 0x49,
    0xed, 0x63, 0xcb, 0x30, 0xd, 0xea, 0x90, 0xc6,
    0x71, 0x0, 0x7f, 0xf6, 0xf4, 0xd3, 0x40, 0x31,
    0x0, 0x58, 0x1, 0xff, 0xc7, 0x36, 0x6e, 0x0,
    0x89, 0x9b, 0x60, 0x7, 0xe4, 0x10, 0x0, 0x80,
    0x42, 0x1, 0xff, 0xcc, 0x19, 0x9d, 0x0, 0x12,
    0x4c, 0xe7, 0x0, 0xfd, 0x80, 0x11, 0x80, 0x7f,
    0xf9, 0xd0, 0x2, 0x40, 0xf, 0xff, 0x39, 0x80,
    0x5e, 0x89, 0x28, 0x6, 0x24, 0x4f, 0xc4, 0x1,
    0xfe, 0x17, 0x7e, 0x0, 0x8d, 0xdf, 0x28, 0x7,
    0xca, 0x1, 0xa2, 0xef, 0x0, 0x65, 0xbb, 0xfd,
    0xae, 0x1, 0xfc, 0x71, 0x1a, 0x40, 0x25, 0x88,
    0xdc, 0x1, 0xf7, 0x80, 0x7f, 0xf2, 0xe4, 0x3,
    0xff, 0xa4, 0x2a, 0x1, 0xff, 0xcb, 0x30, 0xf,
    0xfe, 0x94, 0x80, 0x7f, 0xf2, 0xcb, 0x80, 0x39,
    0xc0, 0x3f, 0xf9, 0x62, 0xe0, 0x14, 0xff, 0xf7,
    0x0, 0x67, 0xff, 0xfd, 0xa6, 0x1, 0xff, 0xd1,
    0xb0, 0x8, 0x58, 0x3, 0xff, 0x9c, 0x20, 0x1f,
    0xfc, 0xa4, 0x50, 0xa, 0x40, 0x3f, 0xf9, 0xe6,
    0x1, 0x17, 0x76, 0xf0, 0x9, 0xbb, 0xb5, 0x0,
    0x63, 0x0, 0x89, 0xc0, 0x3f, 0xf9, 0xe2, 0x1,
    0x84, 0x78, 0x3, 0x8, 0xf0, 0x6, 0x75, 0x1,
    0xe0, 0xf, 0xfe, 0x87, 0x80, 0x7f, 0xf2, 0xeb,
    0xf8, 0xc0, 0x3f, 0xfa, 0x2, 0x1, 0x9, 0x17,
    0xff, 0x4, 0x40, 0x3c, 0x46, 0x7f, 0xca, 0x1,
    0x84, 0xcf, 0xf8, 0x40, 0x38, 0x80, 0x28, 0xdd,
    0xff, 0xe0, 0xd0, 0x6, 0x1e, 0xdc, 0xcf, 0xeb,
    0x0, 0xcd, 0x99, 0xfd, 0xce, 0x1, 0x98, 0x2,
    0x20, 0xf, 0xfe, 0x33, 0x88, 0x7, 0xff, 0x3a,
    0x40, 0x31, 0x0, 0x4c, 0x1, 0xff, 0xc6, 0x30,
    0xf, 0xfe, 0x79, 0x80, 0x44, 0x1, 0x88, 0x3,
    0xff, 0x8c, 0xaa, 0x10, 0xf, 0xfe, 0x61, 0x48,
    0x4, 0xe0, 0x11, 0x0, 0x7f, 0xf2, 0x2b, 0xbf,
    0xff, 0xb8, 0x3, 0x3f, 0xff, 0xf6, 0xa0, 0x5,
    0xa0, 0x13, 0x80, 0x7f, 0xf9, 0xd0, 0x2, 0xd0,
    0xf, 0xff, 0x30, 0x98, 0x4, 0x60, 0x1f, 0xfe,
    0x67, 0x0, 0xc8, 0x1, 0xff, 0xe6, 0xb0, 0x9,
    0x0, 0x3f, 0xfc, 0xc8, 0x40, 0x17, 0x0, 0x7f,
    0xf0, 0x84, 0xc0, 0x3f, 0xfa, 0xd2, 0x1, 0x94,
    0x3, 0xf1, 0x6f, 0xfe, 0xe8, 0x0, 0x98, 0x3,
    0xff, 0xa2, 0x44, 0x0, 0x9c, 0x3, 0xf9, 0x8,
    0x3, 0xfb, 0x40, 0x3f, 0xf8, 0x2, 0x1, 0xff,
    0xc4, 0x22, 0x0, 0x6, 0x0, 0x3f, 0x9c, 0x40,
    0x3f, 0x1b, 0x0, 0x7f, 0xf1, 0x78, 0x3, 0xff,
    0x81, 0x8c, 0x9a, 0x1, 0xfe, 0x1c, 0x41, 0x0,
    0x89, 0x27, 0x0, 0x3f, 0xf8, 0x54, 0x20, 0x8c,
    0x1, 0xff, 0x0,

    /* U+9884 "预" */
    0x0, 0xff, 0xe8, 0x8, 0xff, 0xf3, 0x40, 0x39,
    0xf3, 0x76, 0xee, 0xdf, 0xff, 0xec, 0x60, 0xa,
    0xff, 0xbb, 0xff, 0x9b, 0xf6, 0x0, 0x48, 0x32,
    0x28, 0x47, 0x0, 0x7f, 0x8e, 0x5c, 0x11, 0x0,
    0x1f, 0xfc, 0xf4, 0x60, 0x20, 0xf, 0xfe, 0x4e,
    0x0, 0x80, 0x7f, 0xf4, 0xd0, 0x3, 0xff, 0x93,
    0xa0, 0x84, 0x1, 0xff, 0xcf, 0x17, 0x2, 0xc8,
    0x77, 0xff, 0xe0, 0x90, 0x6, 0x26, 0x1, 0xdc,
    0xbb, 0xff, 0x8, 0x6, 0x7b, 0xbf, 0xec, 0xe1,
    0x0, 0x1b, 0xc4, 0x7f, 0xf0, 0x28, 0x80, 0x37,
    0x0, 0x63, 0x44, 0xfe, 0x51, 0x0, 0xd2, 0x89,
    0xfc, 0x60, 0x1f, 0xfc, 0x6e, 0x0, 0xce, 0x60,
    0x1f, 0xfc, 0x25, 0x0, 0xc8, 0x20, 0x1f, 0xfc,
    0xf9, 0x30, 0x8, 0xe0, 0x3, 0xff, 0x87, 0x80,
    0x1b, 0x80, 0x3f, 0xf9, 0xee, 0xc0, 0x10, 0xe8,
    0x7, 0xff, 0x11, 0x0, 0x32, 0x80, 0x7f, 0xf1,
    0x46, 0x71, 0xc0, 0x39, 0x60, 0x3, 0x68, 0x80,
    0x7f, 0xf1, 0xc, 0x2, 0x50, 0xf, 0xfe, 0x35,
    0x31, 0xc6, 0xa0, 0x1, 0x68, 0x3, 0x51, 0x80,
    0x7e, 0x3c, 0xef, 0xff, 0x0, 0x65, 0xff, 0xfd,
    0xd6, 0x40, 0x1f, 0x28, 0x4, 0x57, 0x4d, 0x40,
    0x1a, 0x54, 0x3, 0xfb, 0x8c, 0x40, 0x3f, 0xf8,
    0xe2, 0x9e, 0x1, 0xf5, 0x80, 0x72, 0xc8, 0x6,
    0x96, 0x0, 0xff, 0x10, 0x7, 0xff, 0x2c, 0x80,
    0x3e, 0x5d, 0x30, 0xf, 0xd2, 0xc0, 0x1f, 0xe1,
    0x0, 0xff, 0xe6, 0x88, 0x7, 0xc5, 0x90, 0x1,
    0xf1, 0x80, 0x7f, 0xf1, 0x5, 0xdf, 0xff, 0x86,
    0x1, 0xff, 0xc3, 0x7d, 0x20, 0xe, 0xa9, 0x0,
    0xff, 0xe1, 0xcc, 0x47, 0xff, 0xd, 0x40, 0x3f,
    0xf8, 0x65, 0xac, 0x1, 0xcd, 0xa4, 0x1, 0xff,
    0xd1, 0x30, 0xf, 0xfe, 0x2c, 0xd8, 0x80, 0x62,
    0xd3, 0x0, 0xff, 0xf1, 0xa7, 0x98, 0x7, 0x58,
    0x7, 0xff, 0x19, 0x33, 0x64, 0x3, 0xff, 0x86,
    0x6c, 0xdf, 0xe7, 0xa2, 0x0, 0xe7, 0x79, 0x88,
    0x3, 0xff, 0x83, 0x46, 0x4c, 0xa0, 0x1f, 0xfc,
    0x16, 0xc9, 0x9f, 0xfe, 0x1, 0x0, 0x67, 0x88,
    0xa7, 0x58, 0x3, 0xfe, 0x11, 0x0, 0x44, 0x1,
    0xff, 0xc1, 0xd0, 0xf, 0xfe, 0x67, 0x80, 0x7f,
    0xf4, 0x84, 0x3, 0xff, 0x99, 0xe0, 0x1f, 0xfd,
    0x28, 0x30, 0xf, 0xfe, 0x5b, 0x80, 0x7f, 0xf4,
    0x8b, 0x3f, 0xff, 0x10, 0x4, 0x5f, 0xfc, 0xe0,
    0x11, 0x88, 0x7, 0xff, 0x99, 0x0, 0x2a, 0x0,
    0xff, 0xf3, 0x11, 0x80, 0x4e, 0x1, 0xff, 0xe1,
    0x10, 0xd, 0x40, 0x12, 0x8, 0x7, 0xff, 0x99,
    0x80, 0x2e, 0x0, 0xff, 0xf3, 0x20, 0x80, 0x5,
    0x40, 0x3f, 0xfc, 0x4e, 0x1, 0x70, 0x4, 0xc0,
    0x1f, 0xfe, 0x77, 0x0, 0xa8, 0x3, 0xff, 0x8e,
    0x20, 0x1f, 0xfd, 0x34, 0x0, 0x31, 0x0, 0x7f,
    0xf0, 0x8c, 0x3, 0x18, 0x7, 0xff, 0x3c, 0x40,
    0x29, 0xdc, 0x90, 0xf, 0xfe, 0x1b, 0x0, 0x61,
    0x0, 0xff, 0xea, 0x11, 0x80, 0x7f, 0xf1, 0x8,
    0x3, 0x30, 0x7, 0xff, 0x9b, 0x0, 0x31, 0x0,
    0x7f, 0xf3, 0xcc, 0x3, 0xff, 0x80, 0x20, 0x18,
    0x40, 0x32, 0x80, 0x46, 0x1, 0xff, 0x8, 0x7,
    0xff, 0x48, 0x80, 0x25, 0x0, 0x94, 0x3, 0x20,
    0x7, 0xb0, 0x2, 0x30, 0xf, 0xfe, 0x9f, 0xbb,
    0x59, 0x80, 0x5c, 0x1, 0xac, 0x3, 0xcb, 0x6f,
    0x1a, 0x1, 0xff, 0xc5, 0x10, 0xf, 0xfe, 0x9,
    0x44, 0xa0, 0x4, 0x68, 0x1, 0x11, 0x80, 0x7c,
    0x90, 0xe2, 0x1, 0xff, 0xda, 0xf0, 0xd, 0x40,
    0x57, 0xb0, 0x1, 0xff, 0xe0, 0x83, 0x0, 0x85,
    0xc3, 0x90, 0x9f, 0x4, 0x3, 0xff, 0xba, 0xae,
    0x1, 0xa4, 0x0, 0x40, 0x11, 0xf9, 0x80, 0x7f,
    0xf2, 0x7c, 0x3, 0xff, 0x8a, 0xb4, 0x1, 0x89,
    0xc0, 0x10, 0x1, 0x87, 0x18, 0x3, 0xff, 0xb3,
    0x14, 0x1, 0xde, 0x1, 0x34, 0x80, 0x74, 0xc0,
    0x7, 0xff, 0x58, 0xf5, 0xc0, 0x3a, 0x88, 0x3,
    0x35, 0x80, 0x73, 0xd0, 0x7, 0xff, 0x18, 0x40,
    0x3f, 0xf8, 0x3, 0x38, 0x40, 0x1d, 0x2a, 0x1,
    0xe4, 0xc1, 0x0, 0xcb, 0x60, 0x1e, 0x17, 0x88,
    0xd4, 0x40, 0x1f, 0xfc, 0x21, 0x7f, 0x60, 0xf,
    0x5b, 0x0, 0x7e, 0x3c, 0x20, 0xc, 0x96, 0x1,
    0xd9, 0xe, 0xf9, 0x40, 0x3f, 0xf8, 0x23, 0x7d,
    0x2, 0x1, 0xc7, 0xa8, 0x1, 0xfe, 0x2c, 0x20,
    0xc, 0x90, 0x1, 0x88, 0x3, 0xfc, 0x40, 0x1f,
    0xa1, 0x0, 0x3e, 0x8c, 0x20, 0xf, 0xfe, 0x0,
    0xe1, 0x0, 0x63, 0x0, 0xca, 0x1, 0xfc, 0xc8,
    0x1, 0xfb, 0x0, 0x38, 0x5f, 0x9c, 0x3, 0xff,
    0x86, 0x38, 0x40, 0x17, 0x0, 0x6a, 0x72, 0x0,
    0x89, 0x1f, 0x24, 0x3, 0xf9, 0x64, 0x41, 0x2b,
    0xa0, 0x40, 0x3f, 0xf8, 0xa3, 0xe2, 0x10, 0xa0,
    0x1d, 0x1b, 0xff, 0x6d, 0xc1, 0x80, 0x7f, 0xcd,
    0xdf, 0x6a, 0x1, 0xff, 0xc9, 0x2e, 0xe3, 0x80,
    0x0,

    /* U+989D "额" */
    0x0, 0xff, 0xfb, 0x96, 0x7f, 0x98, 0x3, 0xff,
    0xce, 0xa6, 0x0, 0x93, 0x0, 0xff, 0xf3, 0x20,
    0x6, 0x80, 0xf, 0xfe, 0x8, 0x91, 0x7f, 0xf2,
    0x80, 0x3f, 0xf8, 0x46, 0x80, 0x12, 0x20, 0x3,
    0xfe, 0xbe, 0xdd, 0xff, 0xe5, 0x7c, 0x80, 0x7f,
    0xf0, 0x60, 0x3, 0x48, 0x7, 0xf9, 0x10, 0x1,
    0xff, 0xcc, 0x61, 0x0, 0x26, 0x7f, 0xfe, 0xc0,
    0xc, 0x5f, 0xff, 0x75, 0x90, 0x7, 0xff, 0x3c,
    0xc0, 0x16, 0x60, 0x1f, 0xfc, 0x91, 0x4e, 0x43,
    0x0, 0xff, 0xe6, 0x29, 0x1, 0x80, 0x7f, 0xf3,
    0x4c, 0x33, 0x73, 0x3f, 0x30, 0x4, 0x39, 0x9f,
    0xdb, 0x40, 0x7, 0x0, 0xff, 0xe8, 0x11, 0x9f,
    0xe5, 0x0, 0x98, 0xcf, 0xf8, 0x80, 0x3f, 0x56,
    0xef, 0xff, 0x11, 0x0, 0x3f, 0xf8, 0x44, 0x60,
    0x15, 0x0, 0x7f, 0xf1, 0x94, 0x8b, 0xff, 0x89,
    0x80, 0x1f, 0xfc, 0x25, 0x0, 0x8c, 0x80, 0x3f,
    0xf9, 0x45, 0x7b, 0x42, 0x1, 0xff, 0xcb, 0xa0,
    0xa, 0x80, 0x3f, 0xf8, 0x4e, 0x1, 0x8, 0x6,
    0xf4, 0x25, 0x70, 0xf, 0xc2, 0x1, 0xff, 0xc1,
    0x22, 0x0, 0x4c, 0x1, 0xff, 0xc2, 0x31, 0x0,
    0x20, 0x4, 0xe4, 0x1, 0x20, 0x7, 0xe4, 0x0,
    0x90, 0x0, 0x99, 0xdd, 0xda, 0x1, 0xbb, 0xbf,
    0xa8, 0x40, 0x3b, 0x26, 0xa8, 0x1, 0x48, 0x4,
    0xa4, 0x0, 0x11, 0x88, 0x40, 0xb6, 0x2a, 0xc0,
    0x6c, 0xc4, 0x78, 0x3, 0x84, 0x7f, 0x96, 0x80,
    0x38, 0x99, 0x40, 0x28, 0x10, 0x9, 0x7f, 0xee,
    0xeb, 0x7b, 0xec, 0x5d, 0x40, 0xa, 0x1, 0xff,
    0xca, 0x50, 0xf, 0xf1, 0xb8, 0x7, 0xff, 0x9,
    0x30, 0x3, 0xff, 0x9e, 0x20, 0x1f, 0xee, 0x0,
    0xff, 0xe7, 0x66, 0xef, 0xff, 0x5, 0x40, 0x3f,
    0xf8, 0x36, 0x40, 0x10, 0x8f, 0xe0, 0xe, 0x40,
    0xf, 0xc4, 0x64, 0x5f, 0xfc, 0x1f, 0x0, 0xff,
    0xe0, 0x5a, 0x0, 0x55, 0xdd, 0xf8, 0x40, 0x34,
    0x0, 0x7f, 0xf5, 0x87, 0x10, 0x2, 0x75, 0x0,
    0xfa, 0x44, 0x2, 0x53, 0x0, 0xff, 0xe1, 0xce,
    0xc0, 0x7, 0xff, 0xd, 0x3c, 0xc0, 0x24, 0x80,
    0xf, 0x95, 0x80, 0x21, 0xb0, 0xf, 0xfe, 0x1b,
    0x30, 0x9d, 0x0, 0x3f, 0xf8, 0x2b, 0x62, 0x1,
    0x1d, 0x9b, 0x10, 0x6, 0x3a, 0x0, 0xd4, 0x20,
    0x1f, 0xfc, 0x3f, 0x0, 0x8c, 0x3, 0xff, 0x83,
    0x20, 0x19, 0x32, 0x72, 0x76, 0x88, 0xf, 0x40,
    0x34, 0x20, 0x7, 0xff, 0x10, 0xc0, 0x2f, 0x0,
    0xff, 0xe0, 0xc8, 0x4, 0xd6, 0x8c, 0x1, 0x2e,
    0xd6, 0x8, 0x4, 0xae, 0x1, 0xff, 0xc5, 0x10,
    0xf, 0xfe, 0x2a, 0xdb, 0x5c, 0x82, 0x18, 0x7,
    0x28, 0x6, 0x4a, 0x0, 0xff, 0xe5, 0x78, 0x7,
    0xff, 0x9, 0x25, 0x0, 0x2c, 0x91, 0x0, 0xf8,
    0x68, 0x3, 0xff, 0x8e, 0xe0, 0x1f, 0xfc, 0xd6,
    0xa0, 0xf, 0x87, 0xd4, 0x3, 0xff, 0x94, 0x20,
    0x1f, 0xfc, 0x98, 0xb0, 0xf, 0xc3, 0x58, 0x60,
    0x1f, 0xfc, 0x41, 0x0, 0xff, 0xe5, 0xa6, 0xb8,
    0x7, 0x10, 0x7, 0x1e, 0x51, 0x0, 0x7f, 0xf0,
    0x8c, 0x2, 0x30, 0xf, 0xfe, 0x29, 0xdd, 0x88,
    0x3, 0xd, 0xed, 0x8, 0x7, 0x2e, 0xc0, 0x7,
    0xff, 0x4, 0x40, 0x21, 0x0, 0xff, 0xe1, 0xae,
    0x61, 0x0, 0x38, 0xf1, 0x1, 0x79, 0xc0, 0x3c,
    0xfa, 0x40, 0x1f, 0xfc, 0x37, 0x0, 0xff, 0xe0,
    0xaf, 0x51, 0x80, 0x7a, 0x30, 0x80, 0x34, 0x6a,
    0x0, 0x71, 0x50, 0x7, 0xf8, 0x40, 0x31, 0x0,
    0x7f, 0xf0, 0x68, 0x40, 0x3c, 0x7a, 0xe0, 0x1f,
    0x15, 0xd0, 0x80, 0x6a, 0x0, 0xff, 0x10, 0x6,
    0x10, 0xf, 0xfe, 0x8, 0x80, 0x71, 0x56, 0x10,
    0x7, 0xf9, 0x7d, 0x40, 0x70, 0x80, 0x3f, 0xcc,
    0x1, 0x8, 0x7, 0xff, 0xa, 0x40, 0x23, 0xaf,
    0x14, 0x4f, 0xfe, 0x9, 0xd7, 0x70, 0xc0, 0x3f,
    0xe2, 0x0, 0x88, 0x3, 0xff, 0x84, 0xf7, 0x19,
    0x8e, 0xdb, 0xbf, 0xfe, 0x16, 0xe0, 0x80, 0x7f,
    0xf0, 0x74, 0x2, 0x50, 0xf, 0xfe, 0x1a, 0x39,
    0xa2, 0x0, 0x3f, 0xf8, 0x86, 0xa0, 0x1f, 0xfc,
    0x14, 0x0, 0xb8, 0x3, 0xff, 0x8c, 0x40, 0x1f,
    0xfc, 0x62, 0x0, 0xff, 0xe0, 0x10, 0x80, 0x48,
    0x1, 0xff, 0xc6, 0x10, 0xc, 0x48, 0x9f, 0x88,
    0x3, 0xff, 0x82, 0x20, 0x12, 0x80, 0x63, 0x0,
    0xff, 0xe5, 0xed, 0xdf, 0xed, 0x0, 0xfe, 0x60,
    0x9, 0x40, 0x2a, 0x0, 0x90, 0x3, 0xce, 0x1,
    0x20, 0x7, 0xff, 0x0, 0x40, 0x3f, 0xf8, 0xe5,
    0x4a, 0xf2, 0x0, 0x32, 0x0, 0xb0, 0x3, 0xc5,
    0x8f, 0x14, 0x1, 0xff, 0xd5, 0x5a, 0x80, 0xa,
    0x0, 0x33, 0x0, 0xb2, 0x0, 0x47, 0xe, 0x20,
    0x1f, 0xfd, 0xa3, 0x40, 0x9, 0x84, 0x3e, 0x6f,
    0x8, 0x3, 0xff, 0xbf, 0xe0, 0x1a, 0x0, 0xc4,
    0x0, 0x78, 0xa0, 0x1f, 0xfd, 0xd9, 0x30, 0x9,
    0xc4, 0xc, 0x80, 0x21, 0xa8, 0x0, 0xff, 0xed,
    0xc3, 0x0, 0x45, 0x0, 0x16, 0x20, 0x6, 0x7c,
    0x10, 0xf, 0xfe, 0x8, 0x88, 0x3, 0xf1, 0x0,
    0x7f, 0xc3, 0x6e, 0x1, 0xb8, 0x3, 0xd, 0xb8,
    0x6, 0x3f, 0x30, 0xf, 0xfe, 0xf, 0x7f, 0xfe,
    0xd0, 0xf, 0xf2, 0x7a, 0x0, 0x69, 0x30, 0xf,
    0x45, 0x88, 0x4, 0x38, 0xc0, 0x1f, 0x8, 0x7,
    0xff, 0x28, 0xee, 0xc2, 0x1, 0xa1, 0x80, 0x3f,
    0x26, 0x10, 0x6, 0x98, 0x0, 0xf1, 0x0, 0x7f,
    0xf1, 0x8c, 0x13, 0x71, 0x0, 0x3a, 0x5c, 0x3,
    0xfc, 0x5a, 0x80, 0x19, 0xdc, 0x1, 0xc8, 0xc0,
    0x1f, 0xfc, 0x46, 0x40, 0xa2, 0x0, 0xe2, 0xc6,
    0x0, 0xff, 0xe0, 0xdb, 0x0, 0x6c, 0x0, 0xf4,
    0xff, 0x77, 0xff, 0xb, 0xe4, 0x0, 0xa0, 0x1d,
    0x1a, 0x60, 0x1f, 0xfc, 0x39, 0x70, 0xb, 0xc0,
    0x3f, 0x8, 0xff, 0xf0, 0x80, 0x35, 0x20, 0x14,
    0x73, 0x80, 0x7f, 0xf1, 0xa2, 0x46, 0x10,

    /* U+996A "饪" */
    0x0, 0xfe, 0x10, 0xf, 0xff, 0x55, 0xf7, 0xc8,
    0x7, 0xff, 0x9d, 0x50, 0x0, 0xc8, 0x1, 0xff,
    0xd7, 0x59, 0x70, 0xf, 0xfe, 0x7, 0x80, 0x67,
    0x0, 0xff, 0xe9, 0x93, 0x5f, 0xd3, 0x46, 0x0,
    0x7f, 0xce, 0x1, 0x8c, 0x3, 0xff, 0x9c, 0x48,
    0xf7, 0xdb, 0x28, 0x1, 0x8e, 0x0, 0x3f, 0xc4,
    0x1, 0x18, 0x7, 0xff, 0x20, 0x4d, 0x62, 0xb3,
    0xf6, 0xe1, 0x4, 0x3, 0xf2, 0x0, 0x7f, 0x18,
    0x6, 0x40, 0xf, 0xfe, 0xa, 0x3c, 0xd6, 0x77,
    0xf6, 0x53, 0xa9, 0x80, 0x7f, 0xf0, 0x57, 0x80,
    0x3f, 0x90, 0x3, 0x60, 0x7, 0xff, 0x2, 0xed,
    0xc, 0xa6, 0x20, 0x1f, 0xfc, 0x42, 0x6a, 0xfa,
    0x20, 0xf, 0xec, 0x0, 0xca, 0x1, 0xff, 0xc0,
    0x50, 0xf, 0xfe, 0x29, 0xac, 0x5f, 0x6c, 0xa8,
    0x7, 0xff, 0x1, 0x40, 0x21, 0x46, 0x69, 0xdf,
    0x44, 0x4e, 0xc, 0x1, 0xfe, 0x11, 0x0, 0x6d,
    0xca, 0x74, 0x10, 0xf, 0xfe, 0x11, 0x88, 0x4,
    0x35, 0x33, 0x44, 0x67, 0x7a, 0x32, 0x1c, 0xcc,
    0x8d, 0x13, 0x7b, 0xfc, 0x80, 0x1f, 0xfc, 0xc4,
    0x0, 0xff, 0xe2, 0x9a, 0x46, 0x62, 0xe5, 0xd9,
    0x8, 0x3, 0xff, 0x9f, 0x60, 0x1f, 0xfe, 0xa1,
    0x30, 0xf, 0xfe, 0x32, 0x80, 0x7f, 0xf5, 0xdc,
    0x3, 0x67, 0xff, 0xee, 0x20, 0x8, 0x84, 0x3,
    0xff, 0xaf, 0x40, 0x11, 0x18, 0x7, 0xf1, 0x0,
    0x4a, 0x1, 0xff, 0xd7, 0x33, 0x0, 0x4a, 0x1,
    0xfc, 0xc0, 0x1a, 0xc0, 0x3f, 0xfa, 0xf2, 0x1,
    0xa8, 0x3, 0xfa, 0x80, 0x22, 0x30, 0xf, 0xfe,
    0xb0, 0xa8, 0x4, 0x64, 0x1, 0xf8, 0xc8, 0x2,
    0xa0, 0xf, 0xfe, 0xbc, 0x0, 0x6a, 0x0, 0xfe,
    0x90, 0xc, 0xc0, 0x1f, 0xfd, 0x62, 0x60, 0xc,
    0xc0, 0x1f, 0xca, 0x1, 0x28, 0x80, 0x7f, 0xf5,
    0xb8, 0x3, 0x38, 0x4, 0xbb, 0xf6, 0x20, 0x20,
    0x1a, 0x0, 0x3f, 0xfa, 0xce, 0x60, 0x1a, 0x40,
    0x2b, 0x20, 0x49, 0x1, 0xa2, 0x8, 0x20, 0xf,
    0xfe, 0xb6, 0x0, 0x66, 0x10, 0x8, 0x40, 0x22,
    0x0, 0x2e, 0xfb, 0x80, 0x7f, 0xf5, 0xf8, 0x2,
    0x18, 0x0, 0xff, 0xf3, 0x2c, 0x80, 0x2c, 0x40,
    0x3f, 0xf8, 0xa5, 0x13, 0x3f, 0xf3, 0x80, 0x68,
    0x99, 0xff, 0xa1, 0x40, 0xd, 0xda, 0xa0, 0x1f,
    0xfc, 0x51, 0xd7, 0x66, 0xff, 0x88, 0x3, 0x2b,
    0x37, 0xfc, 0xf4, 0xe0, 0x1, 0x20, 0xf, 0xfe,
    0x32, 0x80, 0x7f, 0xf5, 0x30, 0x3, 0xff, 0x94,
    0xe0, 0x1f, 0xfd, 0x41, 0x0, 0xff, 0xe5, 0x1b,
    0x0, 0x7f, 0xf4, 0x8a, 0x0, 0x3f, 0xf9, 0x73,
    0xff, 0xff, 0xc0, 0x50, 0xd, 0xbf, 0xff, 0xfc,
    0xd, 0x20, 0xf, 0xff, 0xf8, 0x7, 0xff, 0xfc,
    0x3, 0xff, 0xfe, 0x1, 0xff, 0xff, 0x0, 0xff,
    0xff, 0x80, 0x7f, 0xff, 0xc0, 0x3f, 0xff, 0xe6,
    0x80, 0x1f, 0xfe, 0x81, 0xac, 0xb6, 0x0, 0xff,
    0xf3, 0x37, 0x28, 0x3, 0x40, 0x3f, 0xfc, 0x85,
    0x92, 0x1, 0x88, 0x3, 0xff, 0xc4, 0x2f, 0xa6,
    0x1, 0x86, 0xc0, 0x3f, 0xfc, 0x49, 0x0, 0x1c,
    0x58, 0x40, 0x1f, 0xfd, 0xd2, 0x0, 0xff, 0x3e,
    0x90, 0x7, 0xff, 0x7a, 0x80, 0x3f, 0x16, 0x40,
    0x7, 0xff, 0x7c, 0x5c, 0x3, 0xe8, 0xd3, 0x0,
    0xcb, 0x33, 0xff, 0x38, 0x6, 0x89, 0x9f, 0xf9,
    0x40, 0x3f, 0x87, 0x0, 0x3c, 0x7a, 0xe0, 0x1c,
    0xb4, 0xcd, 0xff, 0x10, 0x6, 0x56, 0x6f, 0xfa,
    0x94, 0x3, 0xf5, 0x90, 0x7, 0x46, 0x10, 0x7,
    0xb0, 0x3, 0xff, 0xa5, 0x80, 0x1f, 0x98, 0x3,
    0x1e, 0xb8, 0x7, 0xee, 0x0, 0xff, 0xe9, 0x70,
    0x7, 0xea, 0x0, 0x9b, 0x8, 0x3, 0xf9, 0x8c,
    0x3, 0xff, 0xa0, 0x6c, 0x1, 0xf9, 0x9c, 0xe6,
    0x40, 0x1f, 0xf0, 0xe7, 0xff, 0xff, 0x43, 0x4,
    0x0,

    /* U+9AD8 "高" */
    0x0, 0xff, 0xe6, 0x92, 0x8, 0x7, 0xff, 0x9a,
    0xf6, 0xf8, 0xc0, 0x3f, 0xfc, 0x86, 0x80, 0x14,
    0x0, 0x7f, 0xf9, 0x8, 0x3, 0x20, 0x80, 0x7f,
    0xf8, 0xc5, 0x0, 0x33, 0x0, 0x7f, 0xf9, 0x34,
    0x3, 0x50, 0x7, 0xff, 0x38, 0xd1, 0x3f, 0xf9,
    0x26, 0x1, 0x89, 0x51, 0x3f, 0xf9, 0x6, 0x0,
    0x1e, 0xcb, 0xbf, 0xfe, 0x4d, 0x0, 0x75, 0x5d,
    0xff, 0xf2, 0x33, 0x0, 0xe2, 0x1, 0xff, 0xe6,
    0x32, 0x30, 0xf, 0xff, 0x41, 0xaa, 0x84, 0x3,
    0xff, 0xc8, 0x30, 0x21, 0x5d, 0xff, 0xff, 0xe4,
    0xe7, 0x0, 0xff, 0xff, 0x80, 0x7f, 0xf8, 0x1f,
    0xbf, 0xff, 0xfa, 0x76, 0x20, 0x1f, 0xfc, 0x62,
    0x81, 0x0, 0xff, 0xe9, 0xa4, 0x0, 0x7f, 0xf1,
    0x9c, 0x3, 0xff, 0xac, 0xa0, 0x1f, 0xfc, 0xb1,
    0x55, 0xff, 0xe6, 0x10, 0x7, 0xff, 0x42, 0x6a,
    0xbf, 0xf9, 0x9e, 0x1, 0xff, 0xd0, 0x10, 0xf,
    0xff, 0xf8, 0x7, 0xff, 0x50, 0x40, 0x3f, 0xfd,
    0x33, 0x3f, 0xfc, 0xde, 0x0, 0xff, 0xe8, 0xb,
    0x37, 0xff, 0x30, 0xc0, 0x3f, 0xf9, 0x6e, 0x1,
    0xff, 0xd6, 0x50, 0xf, 0xfe, 0x31, 0x40, 0x80,
    0x7f, 0xf4, 0xd2, 0x0, 0x3f, 0xf8, 0xef, 0xdf,
    0xff, 0xfd, 0x3b, 0x10, 0xf, 0xff, 0xf8, 0x7,
    0xff, 0x85, 0x33, 0xff, 0xff, 0xc1, 0xaa, 0x1,
    0xc3, 0x66, 0x1, 0xff, 0xe0, 0x2a, 0x10, 0xc,
    0x40, 0x1f, 0xfe, 0x45, 0x0, 0xce, 0x1, 0xff,
    0xee, 0x4c, 0xcf, 0xfe, 0xd1, 0x80, 0x7f, 0xf0,
    0xb4, 0xcf, 0xff, 0xb4, 0x80, 0x1f, 0xff, 0xf1,
    0x8a, 0xbb, 0xff, 0xe4, 0x49, 0x0, 0x7f, 0xf4,
    0x71, 0xd5, 0x13, 0xff, 0x90, 0xda, 0x20, 0x1f,
    0xfc, 0xf2, 0x20, 0x7, 0xff, 0x31, 0x0, 0x3f,
    0xf9, 0xe2, 0x1, 0xff, 0xcd, 0x30, 0xf, 0xfe,
    0xa3, 0xff, 0xff, 0xf0, 0xec, 0x3, 0xff, 0xb3,
    0x80, 0x1f, 0xfc, 0x34, 0x0, 0xff, 0xff, 0x80,
    0x7f, 0xff, 0xc0, 0x3f, 0xfc, 0xa6, 0x1, 0xff,
    0xc3, 0x40, 0xf, 0xfe, 0xcc, 0x7f, 0xff, 0xf0,
    0xec, 0x3, 0xff, 0xa8, 0x20, 0x1f, 0xfc, 0xd3,
    0x0, 0xff, 0xe7, 0x91, 0x80, 0x7f, 0xf2, 0xc5,
    0x0, 0x3f, 0xfa, 0x1b, 0xc, 0xab, 0xff, 0xc8,
    0x7c, 0x10, 0xf, 0xfe, 0x80, 0xbc, 0xd5, 0x7f,
    0xf2, 0x20, 0x80, 0x3f, 0xfd, 0x73, 0x55, 0xcc,
    0x1, 0x9c, 0x3, 0xff, 0xbc, 0xca, 0xbc, 0x20,
    0x18, 0xc0, 0x33, 0x0, 0x63, 0x0, 0xff, 0xea,
    0x28, 0x7, 0xf5, 0x0, 0x71, 0x38, 0x82, 0xa8,
    0x3, 0xff, 0xa9, 0x4e, 0x40, 0x10, 0x9b, 0xf2,
    0x80, 0x40
};


/*---------------------
 *  GLYPH DESCRIPTION
 *--------------------*/

static const lv_font_fmt_txt_glyph_dsc_t glyph_dsc[] = {
    {.bitmap_index = 0, .adv_w = 0, .box_w = 0, .box_h = 0, .ofs_x = 0, .ofs_y = 0} /* id = 0 reserved */,
    {.bitmap_index = 0, .adv_w = 215, .box_w = 0, .box_h = 0, .ofs_x = 0, .ofs_y = 0},
    {.bitmap_index = 0, .adv_w = 309, .box_w = 9, .box_h = 47, .ofs_x = 5, .ofs_y = -3},
    {.bitmap_index = 126, .adv_w = 456, .box_w = 18, .box_h = 18, .ofs_x = 5, .ofs_y = 27},
    {.bitmap_index = 241, .adv_w = 533, .box_w = 30, .box_h = 45, .ofs_x = 2, .ofs_y = -2},
    {.bitmap_index = 650, .adv_w = 533, .box_w = 27, .box_h = 58, .ofs_x = 3, .ofs_y = -9},
    {.bitmap_index = 1038, .adv_w = 884, .box_w = 52, .box_h = 46, .ofs_x = 2, .ofs_y = -3},
    {.bitmap_index = 1753, .adv_w = 653, .box_w = 38, .box_h = 47, .ofs_x = 2, .ofs_y = -3},
    {.bitmap_index = 2274, .adv_w = 266, .box_w = 7, .box_h = 18, .ofs_x = 5, .ofs_y = 27},
    {.bitmap_index = 2328, .adv_w = 324, .box_w = 13, .box_h = 61, .ofs_x = 5, .ofs_y = -13},
    {.bitmap_index = 2578, .adv_w = 324, .box_w = 13, .box_h = 61, .ofs_x = 2, .ofs_y = -13},
    {.bitmap_index = 2825, .adv_w = 448, .box_w = 20, .box_h = 20, .ofs_x = 4, .ofs_y = 26},
    {.bitmap_index = 2955, .adv_w = 533, .box_w = 30, .box_h = 31, .ofs_x = 2, .ofs_y = 5},
    {.bitmap_index = 3054, .adv_w = 266, .box_w = 11, .box_h = 20, .ofs_x = 3, .ofs_y = -13},
    {.bitmap_index = 3137, .adv_w = 333, .box_w = 17, .box_h = 5, .ofs_x = 2, .ofs_y = 13},
    {.bitmap_index = 3162, .adv_w = 266, .box_w = 9, .box_h = 9, .ofs_x = 4, .ofs_y = -3},
    {.bitmap_index = 3194, .adv_w = 376, .box_w = 23, .box_h = 59, .ofs_x = 0, .ofs_y = -13},
    {.bitmap_index = 3532, .adv_w = 533, .box_w = 29, .box_h = 46, .ofs_x = 2, .ofs_y = -3},
    {.bitmap_index = 3920, .adv_w = 533, .box_w = 25, .box_h = 45, .ofs_x = 5, .ofs_y = -2},
    {.bitmap_index = 4039, .adv_w = 533, .box_w = 29, .box_h = 45, .ofs_x = 2, .ofs_y = -2},
    {.bitmap_index = 4357, .adv_w = 533, .box_w = 29, .box_h = 46, .ofs_x = 2, .ofs_y = -3},
    {.bitmap_index = 4720, .adv_w = 533, .box_w = 31, .box_h = 45, .ofs_x = 1, .ofs_y = -2},
    {.bitmap_index = 4965, .adv_w = 533, .box_w = 29, .box_h = 46, .ofs_x = 2, .ofs_y = -3},
    {.bitmap_index = 5296, .adv_w = 533, .box_w = 28, .box_h = 46, .ofs_x = 3, .ofs_y = -3},
    {.bitmap_index = 5692, .adv_w = 533, .box_w = 29, .box_h = 46, .ofs_x = 2, .ofs_y = -2},
    {.bitmap_index = 5955, .adv_w = 533, .box_w = 29, .box_h = 46, .ofs_x = 2, .ofs_y = -3},
    {.bitmap_index = 6391, .adv_w = 533, .box_w = 29, .box_h = 46, .ofs_x = 2, .ofs_y = -3},
    {.bitmap_index = 6795, .adv_w = 266, .box_w = 9, .box_h = 33, .ofs_x = 4, .ofs_y = -3},
    {.bitmap_index = 6867, .adv_w = 266, .box_w = 11, .box_h = 43, .ofs_x = 3, .ofs_y = -13},
    {.bitmap_index = 6998, .adv_w = 533, .box_w = 30, .box_h = 27, .ofs_x = 2, .ofs_y = 7},
    {.bitmap_index = 7221, .adv_w = 533, .box_w = 30, .box_h = 19, .ofs_x = 2, .ofs_y = 11},
    {.bitmap_index = 7290, .adv_w = 533, .box_w = 30, .box_h = 27, .ofs_x = 2, .ofs_y = 7},
    {.bitmap_index = 7512, .adv_w = 455, .box_w = 23, .box_h = 47, .ofs_x = 3, .ofs_y = -3},
    {.bitmap_index = 7791, .adv_w = 908, .box_w = 51, .box_h = 55, .ofs_x = 3, .ofs_y = -12},
    {.bitmap_index = 8568, .adv_w = 582, .box_w = 36, .box_h = 45, .ofs_x = 0, .ofs_y = -2},
    {.bitmap_index = 8975, .adv_w = 630, .box_w = 32, .box_h = 45, .ofs_x = 5, .ofs_y = -2},
    {.bitmap_index = 9292, .adv_w = 612, .box_w = 33, .box_h = 47, .ofs_x = 3, .ofs_y = -3},
    {.bitmap_index = 9649, .adv_w = 659, .box_w = 33, .box_h = 45, .ofs_x = 5, .ofs_y = -2},
    {.bitmap_index = 9952, .adv_w = 564, .box_w = 28, .box_h = 45, .ofs_x = 5, .ofs_y = -2},
    {.bitmap_index = 10087, .adv_w = 530, .box_w = 27, .box_h = 45, .ofs_x = 5, .ofs_y = -2},
    {.bitmap_index = 10207, .adv_w = 661, .box_w = 35, .box_h = 47, .ofs_x = 3, .ofs_y = -3},
    {.bitmap_index = 10594, .adv_w = 698, .box_w = 33, .box_h = 45, .ofs_x = 5, .ofs_y = -2},
    {.bitmap_index = 10714, .adv_w = 281, .box_w = 7, .box_h = 45, .ofs_x = 5, .ofs_y = -2},
    {.bitmap_index = 10743, .adv_w = 514, .box_w = 25, .box_h = 46, .ofs_x = 2, .ofs_y = -3},
    {.bitmap_index = 10899, .adv_w = 620, .box_w = 33, .box_h = 45, .ofs_x = 5, .ofs_y = -2},
    {.bitmap_index = 11230, .adv_w = 521, .box_w = 26, .box_h = 45, .ofs_x = 5, .ofs_y = -2},
    {.bitmap_index = 11321, .adv_w = 779, .box_w = 38, .box_h = 45, .ofs_x = 5, .ofs_y = -2},
    {.bitmap_index = 11725, .adv_w = 693, .box_w = 33, .box_h = 45, .ofs_x = 5, .ofs_y = -2},
    {.bitmap_index = 12021, .adv_w = 712, .box_w = 39, .box_h = 47, .ofs_x = 3, .ofs_y = -3},
    {.bitmap_index = 12482, .adv_w = 607, .box_w = 31, .box_h = 45, .ofs_x = 5, .ofs_y = -2},
    {.bitmap_index = 12711, .adv_w = 712, .box_w = 39, .box_h = 57, .ofs_x = 3, .ofs_y = -13},
    {.bitmap_index = 13256, .adv_w = 610, .box_w = 31, .box_h = 45, .ofs_x = 5, .ofs_y = -2},
    {.bitmap_index = 13557, .adv_w = 573, .box_w = 31, .box_h = 47, .ofs_x = 3, .ofs_y = -3},
    {.bitmap_index = 13942, .adv_w = 575, .box_w = 34, .box_h = 46, .ofs_x = 1, .ofs_y = -2},
    {.bitmap_index = 14048, .adv_w = 692, .box_w = 33, .box_h = 46, .ofs_x = 5, .ofs_y = -3},
    {.bitmap_index = 14290, .adv_w = 551, .box_w = 35, .box_h = 45, .ofs_x = 0, .ofs_y = -2},
    {.bitmap_index = 14710, .adv_w = 843, .box_w = 50, .box_h = 45, .ofs_x = 1, .ofs_y = -2},
    {.bitmap_index = 15405, .adv_w = 549, .box_w = 32, .box_h = 45, .ofs_x = 1, .ofs_y = -2},
    {.bitmap_index = 15828, .adv_w = 509, .box_w = 32, .box_h = 45, .ofs_x = 0, .ofs_y = -2},
    {.bitmap_index = 16124, .adv_w = 578, .box_w = 32, .box_h = 45, .ofs_x = 2, .ofs_y = -2},
    {.bitmap_index = 16405, .adv_w = 324, .box_w = 13, .box_h = 59, .ofs_x = 6, .ofs_y = -13},
    {.bitmap_index = 16469, .adv_w = 376, .box_w = 22, .box_h = 59, .ofs_x = 1, .ofs_y = -13},
    {.bitmap_index = 16797, .adv_w = 324, .box_w = 14, .box_h = 59, .ofs_x = 1, .ofs_y = -13},
    {.bitmap_index = 16870, .adv_w = 533, .box_w = 25, .box_h = 27, .ofs_x = 4, .ofs_y = 17},
    {.bitmap_index = 17086, .adv_w = 536, .box_w = 33, .box_h = 5, .ofs_x = 0, .ofs_y = -10},
    {.bitmap_index = 17108, .adv_w = 581, .box_w = 13, .box_h = 13, .ofs_x = 9, .ofs_y = 37},
    {.bitmap_index = 17170, .adv_w = 541, .box_w = 27, .box_h = 35, .ofs_x = 3, .ofs_y = -3},
    {.bitmap_index = 17450, .adv_w = 593, .box_w = 30, .box_h = 49, .ofs_x = 5, .ofs_y = -3},
    {.bitmap_index = 17745, .adv_w = 488, .box_w = 27, .box_h = 35, .ofs_x = 2, .ofs_y = -3},
    {.bitmap_index = 17991, .adv_w = 594, .box_w = 30, .box_h = 49, .ofs_x = 2, .ofs_y = -3},
    {.bitmap_index = 18297, .adv_w = 532, .box_w = 29, .box_h = 35, .ofs_x = 2, .ofs_y = -3},
    {.bitmap_index = 18581, .adv_w = 311, .box_w = 21, .box_h = 50, .ofs_x = 1, .ofs_y = -3},
    {.bitmap_index = 18737, .adv_w = 540, .box_w = 32, .box_h = 49, .ofs_x = 2, .ofs_y = -17},
    {.bitmap_index = 19197, .adv_w = 582, .box_w = 27, .box_h = 49, .ofs_x = 5, .ofs_y = -3},
    {.bitmap_index = 19383, .adv_w = 263, .box_w = 9, .box_h = 47, .ofs_x = 4, .ofs_y = -2},
    {.bitmap_index = 19453, .adv_w = 264, .box_w = 16, .box_h = 62, .ofs_x = -3, .ofs_y = -16},
    {.bitmap_index = 19598, .adv_w = 530, .box_w = 27, .box_h = 49, .ofs_x = 5, .ofs_y = -3},
    {.bitmap_index = 19866, .adv_w = 273, .box_w = 10, .box_h = 49, .ofs_x = 5, .ofs_y = -3},
    {.bitmap_index = 19919, .adv_w = 889, .box_w = 46, .box_h = 34, .ofs_x = 5, .ofs_y = -2},
    {.bitmap_index = 20182, .adv_w = 586, .box_w = 27, .box_h = 34, .ofs_x = 5, .ofs_y = -2},
    {.bitmap_index = 20340, .adv_w = 581, .box_w = 32, .box_h = 35, .ofs_x = 2, .ofs_y = -3},
    {.bitmap_index = 20669, .adv_w = 594, .box_w = 30, .box_h = 48, .ofs_x = 5, .ofs_y = -16},
    {.bitmap_index = 20967, .adv_w = 594, .box_w = 30, .box_h = 48, .ofs_x = 2, .ofs_y = -16},
    {.bitmap_index = 21277, .adv_w = 372, .box_w = 19, .box_h = 34, .ofs_x = 5, .ofs_y = -2},
    {.bitmap_index = 21386, .adv_w = 449, .box_w = 25, .box_h = 35, .ofs_x = 2, .ofs_y = -3},
    {.bitmap_index = 21654, .adv_w = 362, .box_w = 21, .box_h = 43, .ofs_x = 1, .ofs_y = -3},
    {.bitmap_index = 21816, .adv_w = 582, .box_w = 28, .box_h = 34, .ofs_x = 4, .ofs_y = -3},
    {.bitmap_index = 21981, .adv_w = 500, .box_w = 30, .box_h = 33, .ofs_x = 1, .ofs_y = -2},
    {.bitmap_index = 22277, .adv_w = 770, .box_w = 46, .box_h = 33, .ofs_x = 1, .ofs_y = -2},
    {.bitmap_index = 22772, .adv_w = 477, .box_w = 28, .box_h = 34, .ofs_x = 1, .ofs_y = -2},
    {.bitmap_index = 23075, .adv_w = 500, .box_w = 30, .box_h = 47, .ofs_x = 1, .ofs_y = -16},
    {.bitmap_index = 23462, .adv_w = 455, .box_w = 26, .box_h = 33, .ofs_x = 1, .ofs_y = -2},
    {.bitmap_index = 23674, .adv_w = 324, .box_w = 17, .box_h = 59, .ofs_x = 2, .ofs_y = -13},
    {.bitmap_index = 23932, .adv_w = 258, .box_w = 6, .box_h = 68, .ofs_x = 5, .ofs_y = -19},
    {.bitmap_index = 23964, .adv_w = 324, .box_w = 18, .box_h = 59, .ofs_x = 1, .ofs_y = -13},
    {.bitmap_index = 24232, .adv_w = 533, .box_w = 29, .box_h = 10, .ofs_x = 2, .ofs_y = 15},
    {.bitmap_index = 24335, .adv_w = 858, .box_w = 50, .box_h = 5, .ofs_x = 2, .ofs_y = 13},
    {.bitmap_index = 24362, .adv_w = 960, .box_w = 55, .box_h = 48, .ofs_x = 2, .ofs_y = -3},
    {.bitmap_index = 24886, .adv_w = 960, .box_w = 54, .box_h = 52, .ofs_x = 3, .ofs_y = -4},
    {.bitmap_index = 25060, .adv_w = 960, .box_w = 50, .box_h = 56, .ofs_x = 5, .ofs_y = -6},
    {.bitmap_index = 25290, .adv_w = 960, .box_w = 57, .box_h = 56, .ofs_x = 1, .ofs_y = -7},
    {.bitmap_index = 25834, .adv_w = 960, .box_w = 56, .box_h = 55, .ofs_x = 2, .ofs_y = -6},
    {.bitmap_index = 26320, .adv_w = 960, .box_w = 54, .box_h = 55, .ofs_x = 4, .ofs_y = -6},
    {.bitmap_index = 27031, .adv_w = 960, .box_w = 53, .box_h = 55, .ofs_x = 3, .ofs_y = -6},
    {.bitmap_index = 27522, .adv_w = 960, .box_w = 55, .box_h = 56, .ofs_x = 2, .ofs_y = -6},
    {.bitmap_index = 28100, .adv_w = 960, .box_w = 55, .box_h = 55, .ofs_x = 3, .ofs_y = -6},
    {.bitmap_index = 28550, .adv_w = 960, .box_w = 52, .box_h = 50, .ofs_x = 5, .ofs_y = -5},
    {.bitmap_index = 28812, .adv_w = 960, .box_w = 55, .box_h = 57, .ofs_x = 3, .ofs_y = -8},
    {.bitmap_index = 29568, .adv_w = 960, .box_w = 57, .box_h = 55, .ofs_x = 2, .ofs_y = -6},
    {.bitmap_index = 30129, .adv_w = 960, .box_w = 56, .box_h = 55, .ofs_x = 2, .ofs_y = -6},
    {.bitmap_index = 30602, .adv_w = 960, .box_w = 56, .box_h = 56, .ofs_x = 2, .ofs_y = -7},
    {.bitmap_index = 31199, .adv_w = 960, .box_w = 56, .box_h = 53, .ofs_x = 2, .ofs_y = -5},
    {.bitmap_index = 31673, .adv_w = 960, .box_w = 55, .box_h = 56, .ofs_x = 3, .ofs_y = -7},
    {.bitmap_index = 32460, .adv_w = 960, .box_w = 53, .box_h = 55, .ofs_x = 4, .ofs_y = -6},
    {.bitmap_index = 32985, .adv_w = 960, .box_w = 54, .box_h = 55, .ofs_x = 2, .ofs_y = -6},
    {.bitmap_index = 33745, .adv_w = 960, .box_w = 55, .box_h = 56, .ofs_x = 3, .ofs_y = -7},
    {.bitmap_index = 34445, .adv_w = 960, .box_w = 45, .box_h = 55, .ofs_x = 8, .ofs_y = -6},
    {.bitmap_index = 34654, .adv_w = 960, .box_w = 55, .box_h = 55, .ofs_x = 3, .ofs_y = -6},
    {.bitmap_index = 35090, .adv_w = 960, .box_w = 54, .box_h = 55, .ofs_x = 3, .ofs_y = -6},
    {.bitmap_index = 35403, .adv_w = 960, .box_w = 56, .box_h = 54, .ofs_x = 2, .ofs_y = -6},
    {.bitmap_index = 36126, .adv_w = 960, .box_w = 56, .box_h = 54, .ofs_x = 2, .ofs_y = -7},
    {.bitmap_index = 36791, .adv_w = 960, .box_w = 56, .box_h = 55, .ofs_x = 2, .ofs_y = -6},
    {.bitmap_index = 37582, .adv_w = 960, .box_w = 56, .box_h = 54, .ofs_x = 2, .ofs_y = -5},
    {.bitmap_index = 38095, .adv_w = 960, .box_w = 54, .box_h = 55, .ofs_x = 3, .ofs_y = -6}
};

/*---------------------
 *  CHARACTER MAPPING
 *--------------------*/

static const uint16_t unicode_list_1[] = {
    0x0, 0xef, 0x2df6, 0x2e19, 0x2fc9, 0x3048, 0x31a3, 0x3360,
    0x3902, 0x3b78, 0x3dde, 0x41fc, 0x466e, 0x4ced, 0x4df1, 0x4e15,
    0x50d9, 0x50e5, 0x5e92, 0x60e9, 0x61d6, 0x625e, 0x626e, 0x69cf,
    0x7870, 0x7889, 0x7956, 0x7ac4
};

/*Collect the unicode lists and glyph_id offsets*/
static const lv_font_fmt_txt_cmap_t cmaps[] =
{
    {
        .range_start = 32, .range_length = 95, .glyph_id_start = 1,
        .unicode_list = NULL, .glyph_id_ofs_list = NULL, .list_length = 0, .type = LV_FONT_FMT_TXT_CMAP_FORMAT0_TINY
    },
    {
        .range_start = 8212, .range_length = 31429, .glyph_id_start = 96,
        .unicode_list = unicode_list_1, .glyph_id_ofs_list = NULL, .list_length = 28, .type = LV_FONT_FMT_TXT_CMAP_SPARSE_TINY
    }
};

/*-----------------
 *    KERNING
 *----------------*/


/*Map glyph_ids to kern left classes*/
static const uint8_t kern_left_class_mapping[] =
{
    0, 0, 0, 1, 0, 0, 0, 0,
    0, 2, 0, 0, 0, 3, 4, 3,
    5, 0, 0, 0, 0, 0, 0, 0,
    0, 0, 0, 6, 6, 0, 0, 0,
    0, 0, 7, 8, 9, 10, 11, 12,
    13, 0, 0, 14, 15, 16, 0, 0,
    10, 17, 10, 18, 19, 20, 21, 22,
    23, 24, 25, 26, 2, 27, 0, 0,
    0, 0, 28, 29, 30, 0, 31, 32,
    33, 34, 0, 0, 35, 36, 34, 34,
    29, 29, 37, 38, 39, 40, 37, 41,
    42, 43, 44, 45, 2, 0, 0, 0,
    4, 0, 0, 0, 0, 0, 0, 0,
    0, 0, 0, 0, 0, 0, 0, 0,
    0, 0, 0, 0, 0, 0, 0, 0,
    0, 0, 0, 0
};

/*Map glyph_ids to kern right classes*/
static const uint8_t kern_right_class_mapping[] =
{
    0, 0, 1, 2, 0, 0, 0, 0,
    0, 0, 3, 4, 0, 5, 6, 5,
    7, 0, 0, 0, 0, 0, 0, 0,
    0, 0, 0, 8, 8, 0, 0, 0,
    9, 0, 10, 0, 11, 0, 0, 0,
    11, 0, 0, 12, 0, 0, 0, 0,
    11, 0, 11, 0, 13, 14, 15, 16,
    17, 18, 19, 20, 0, 21, 0, 0,
    0, 0, 22, 0, 23, 23, 23, 24,
    25, 0, 26, 27, 0, 0, 28, 28,
    29, 28, 23, 28, 30, 31, 32, 33,
    34, 35, 36, 37, 0, 0, 0, 0,
    38, 0, 0, 0, 0, 0, 0, 0,
    0, 0, 0, 0, 0, 0, 0, 0,
    0, 0, 0, 0, 0, 0, 0, 0,
    0, 0, 0, 0
};

/*Kern values between classes*/
static const int8_t kern_class_values[] =
{
    0, 0, 0, 0, -89, 0, 0, 0,
    0, -42, 0, -74, -7, 0, 0, 0,
    0, -7, 0, 0, 0, 0, -23, 0,
    0, 0, 0, 0, -23, -16, 0, 0,
    0, 0, 0, 0, 0, 0, 0, 0,
    0, 0, 0, 0, 0, 0, 0, 0,
    0, -16, 0, 0, 0, 0, 0, 0,
    0, 0, 0, 0, 0, 0, 0, 0,
    62, 0, 0, 0, 0, 0, 0, 0,
    0, 0, 0, 0, 0, -75, 0, -108,
    0, 0, 0, 0, 0, 0, 0, 0,
    0, -77, -16, -51, -27, 0, -72, 0,
    0, 0, -9, 0, 0, 0, 20, 0,
    -9, 0, -35, 0, -27, -18, 0, -16,
    0, 0, 0, 0, 0, 0, 0, 0,
    0, 0, 0, 0, 0, -16, -13, -37,
    0, -15, -7, -21, -52, -16, 0, 0,
    0, 0, 0, 0, 0, 0, 0, 0,
    -20, 0, -5, 0, -10, 0, 0, 0,
    0, 0, 0, 0, 0, 0, 0, 0,
    0, -31, -7, -62, 0, 0, 0, 0,
    0, 0, 0, 0, 0, -19, -25, 0,
    -7, 20, 20, 0, -25, 0, 7, -16,
    0, 0, 0, 0, 0, 0, 0, 0,
    0, -38, 0, 0, 0, 0, 0, 0,
    0, 0, 0, 0, 0, 0, 0, 0,
    -20, 0, 0, 0, 0, 0, 0, 0,
    3, 0, 0, 0, 0, 0, 0, 0,
    0, 0, 0, 0, 0, -42, 0, -74,
    0, 0, 0, 0, -20, -5, -7, 0,
    0, -42, -12, -10, 0, 3, -10, -5,
    -31, 18, 0, -7, 0, 0, 0, 0,
    0, 18, -10, -5, -5, -3, -3, -5,
    0, 0, 0, 0, 0, -24, 0, 0,
    0, 0, 0, 0, 0, -12, -10, -19,
    0, -4, -3, -3, -10, -3, 0, 0,
    0, 0, 0, 0, 0, 0, 0, 0,
    -7, 0, -10, -7, -7, -10, 0, 0,
    0, 0, 0, 0, 0, -20, 0, 0,
    0, 0, -22, -7, -19, -14, -10, -3,
    -3, -3, -5, -7, 0, 0, 0, 0,
    -16, 0, 0, 0, 0, 0, -21, -7,
    -10, -7, 0, -10, 0, -20, 0, 0,
    0, -27, 0, 0, -14, 0, 0, -7,
    0, -31, 0, -19, 0, -7, -5, -13,
    -16, -16, 0, 0, 0, 0, 0, 0,
    0, 0, 0, 0, 0, 0, 0, 0,
    -10, 0, -5, 0, 0, 0, 0, 0,
    0, 0, 0, 0, 0, 0, 0, 0,
    0, 0, 0, 0, 0, 0, 0, 0,
    0, 0, -7, 0, 0, 0, 0, 0,
    -7, 0, -19, 0, -7, 0, -24, -7,
    0, 0, 0, 0, 0, 0, -57, 0,
    -55, 0, 0, -29, -7, -108, -16, 0,
    0, 3, 3, -19, 0, -24, 0, -27,
    -10, 0, -19, 0, 0, -16, -10, -16,
    -7, -12, -16, -12, -20, -12, -23, 0,
    0, 0, 0, -22, 0, 0, 0, 0,
    0, -3, 0, 0, 0, -16, 0, -10,
    -3, 0, 0, 0, 0, 0, 0, 0,
    0, 0, 0, 0, 0, 0, 0, 0,
    0, 0, 0, 0, 0, 0, 0, 0,
    0, 0, -19, 0, 0, 0, 0, 0,
    0, -31, 0, 0, 0, 0, 0, 0,
    0, 0, 0, 0, 0, 0, 0, 0,
    0, 0, 0, 0, 0, 0, 0, 0,
    0, 0, 0, 0, 0, -16, 0, -31,
    0, -23, 0, 0, -5, -7, -16, 0,
    -7, -13, -10, -10, -7, 0, -12, 0,
    0, 0, -5, 0, 0, 0, -7, 0,
    -5, 0, -26, -11, -16, -12, -12, -16,
    -10, -23, 0, -69, 0, -119, 0, -42,
    0, 0, -25, 2, -20, 0, -18, -93,
    -22, -59, -44, 0, -59, 0, -62, 0,
    -9, -10, -3, 0, 0, 0, -9, 0,
    -16, -7, -28, -27, 0, -28, 0, -42,
    0, 0, 0, 0, -87, -26, -59, 0,
    0, -39, 0, -115, -7, -19, 0, 0,
    0, -19, -7, -61, 0, -33, -19, 0,
    -24, 0, 0, 0, -19, -7, 0, 0,
    0, 0, -10, 0, -16, -26, 0, 0,
    0, -7, 0, -25, 0, 0, 0, -3,
    0, -14, -10, -10, 0, 4, 5, -3,
    0, -7, 0, -3, -7, 0, -3, 0,
    0, 0, -7, 0, 0, 0, 0, 0,
    -5, 0, -5, -25, 0, 0, 0, -12,
    0, 10, 0, 0, 0, 0, 0, -10,
    -10, -16, 0, 0, 0, 0, -10, 0,
    0, 0, 0, 0, 0, 0, 0, 0,
    0, 0, -19, 0, 0, 0, 0, 0,
    0, 10, 0, 0, 0, 0, -83, -57,
    -70, -16, 0, -31, -19, -98, -31, 0,
    0, 0, 0, -16, -10, -42, 0, -57,
    -52, -14, -57, 0, 0, -36, -52, -46,
    -14, -36, -26, -27, -31, -26, -59, -57,
    0, 0, 0, 0, -12, 0, -25, 0,
    0, -12, 0, -37, -7, 0, 0, -3,
    0, -7, -10, 0, 0, -3, 0, 0,
    -7, 0, 0, 0, 0, -3, 0, 0,
    0, 0, -5, 0, 0, 0, 0, 0,
    0, 0, -51, -15, -36, 0, 0, -10,
    -7, -57, -7, 0, -7, 8, 0, 0,
    0, -15, 0, -18, -12, 0, -17, 0,
    0, -16, -12, -10, 0, -24, -7, -7,
    -12, -7, -20, 10, 0, 0, 0, 0,
    -27, -7, -23, 0, 0, 0, -5, -51,
    -5, 0, 0, 0, 0, 0, 0, -5,
    0, -12, 0, 0, -10, 0, 0, 0,
    0, 0, 0, 0, 0, 0, 0, 0,
    -7, -7, 0, -7, 0, -7, 0, -21,
    0, 0, 0, 2, -13, 0, -10, -16,
    -7, 0, 0, 0, 0, 0, 0, -7,
    -5, -12, 0, 0, 0, 0, -5, 0,
    -12, -7, -12, -10, -7, -12, -10, -21,
    0, 0, 0, 0, -70, -52, -52, -20,
    -5, -10, -10, -78, -12, -10, -7, 0,
    0, 0, 0, -20, 0, -52, -32, 0,
    -47, 0, 0, -31, -32, -32, -22, -27,
    -10, -19, -27, -10, -37, -52, 0, 0,
    0, 0, 0, -27, 0, 0, 0, -5,
    -16, -26, -24, 0, -7, -5, -5, 0,
    -10, -12, 0, -12, -17, -16, -11, 0,
    0, 0, -17, 0, -10, -18, -12, -12,
    -19, -12, 0, -27, 0, 0, 0, 0,
    0, 0, 0, 0, 0, 0, 0, 0,
    0, -67, -23, -41, -23, 0, -57, 0,
    0, 0, 0, 0, 26, 0, 57, 0,
    0, 0, 0, 0, -16, -7, 0, 10,
    0, 0, 0, 0, 0, -42, 0, 0,
    0, 0, -10, 0, 0, 0, 0, -19,
    0, -12, -3, 0, -19, 0, 0, 0,
    0, 0, 0, 0, 0, 0, 0, 0,
    -10, 0, 0, 0, 0, 0, 0, 0,
    0, -23, 0, -20, -7, 5, 0, 0,
    -10, 0, 0, 0, 0, -45, 0, -15,
    0, -3, -36, 0, -20, -11, 0, 0,
    0, 0, 0, 0, 0, 0, -13, 0,
    -3, -3, -13, -3, -4, 5, 0, 0,
    0, 0, 0, -16, 0, 0, 0, 0,
    0, 0, 0, -16, 0, -10, 0, 0,
    -19, 0, 0, -7, -17, 0, -7, 0,
    0, 0, -17, 0, -7, 0, 5, 5,
    6, 5, 0, -16, 0, 0, 0, -27,
    0, 8, 0, 0, -5, 0, 0, -16,
    -16, -19, 0, -12, -7, 0, -20, 0,
    -16, -11, 0, 0, -7, 0, 0, 0,
    0, 0, -7, 0, 3, 3, -5, 3,
    0, 8, 11, 31, 38, 0, -39, -10,
    -11, 0, 20, 0, 0, 0, 0, 36,
    0, 52, 36, 26, 46, 0, 49, -16,
    -7, 0, -11, 0, -7, 0, -7, -3,
    0, 0, 10, 0, -3, 0, -10, -10,
    0, 0, 11, -26, 0, 0, 37, 0,
    -28, 0, 0, 0, 0, -20, 0, 0,
    0, 0, -10, 0, 0, -12, -10, 0,
    0, 0, 29, 0, -10, 0, 0, 0,
    -3, -3, 0, 12, -10, 0, 0, 0,
    0, -27, 0, 0, 0, 0, -5, 0,
    0, 0, 0, -19, 0, -7, 0, 0,
    -12, 0, 0, 0, 0, 0, 0, 0,
    0, 0, 0, 0, 0, 0, 0, 0,
    0, 0, 0, 0, 0, 0, 0, -17,
    10, -34, 0, 10, -10, 0, 0, 0,
    0, -27, 0, 0, 0, 0, -9, 0,
    0, -7, -14, 0, -7, 0, -7, 0,
    -14, 0, -16, -10, 0, 0, -5, 0,
    -5, -34, 0, 0, 0, 0, 0, 0,
    0, 0, 0, 0, 0, 0, 0, 0,
    0, 0, 0, 0, 0, 0, 0, 0,
    0, 0, 0, 0, 6, 0, 0, 0,
    0, 0, 0, 0, 0, 0, 0, 0,
    0, 0, 0, -19, 0, 0, 0, 0,
    0, 0, 0, 0, 0, -16, 0, -10,
    0, 0, -24, 0, 0, 0, 0, 0,
    0, 0, 0, 0, 0, 0, 0, 0,
    0, 0, 0, 0, 0, 0, 0, 0,
    0, 0, -44, -19, -27, 20, 0, -10,
    0, -42, 0, 0, 0, 0, 0, 0,
    0, -7, 10, -19, -7, 0, -7, 0,
    0, 0, -7, -3, 0, 0, 20, 15,
    0, 20, -3, -19, 0, 0, 0, -38,
    0, 8, 0, 0, -8, 0, 0, 0,
    0, -19, 0, -7, 0, 0, -16, 0,
    0, 0, 0, 0, 0, 0, 0, 0,
    0, 0, -16, 0, 0, 0, 0, 0,
    0, 8, 0, 0, 0, 0, 5, -20,
    8, 11, -20, 0, 0, 0, 0, -10,
    0, 0, 0, 0, -3, 0, 0, -17,
    -10, 0, -7, 0, 0, 0, -10, -7,
    -16, 0, 0, 0, -12, 0, 0, -20,
    0, 0, 0, -9, -27, -5, -16, 0,
    0, -9, 0, -31, 0, -16, 0, -7,
    0, 0, -10, -7, 0, -16, -3, 0,
    0, 0, -7, 0, -3, 0, 0, 0,
    0, 0, 0, 0, -19, -5, 0, 0,
    0, -9, -31, 0, -5, 0, 0, -3,
    0, -24, 0, -19, 0, -7, 0, -10,
    -19, 0, 0, -7, -3, 0, 0, 0,
    -7, 0, -3, 0, 0, 0, 0, 0,
    0, 0, -13, 0, -10, 0, 0, -18,
    -5, -10, 0, 0, 0, 0, -7, 0,
    -3, -26, 0, -12, 0, -7, -27, 0,
    0, -7, -13, 0, 0, 0, 0, 0,
    5, 0, -19, 0, 0, 0, 0, 0,
    0, -10, 0, 0, 0, 0, -27, 0,
    -11, 0, 0, 0, 0, -31, 0, -16,
    0, -3, 0, -3, -5, 0, 0, -16,
    -3, 0, 0, 0, -7, 0, -3, 0,
    0, 0, 0, 0, -10, 0, -19, 0,
    0, 0, 0, 0, 0, -12, 0, 0,
    0, 0, 0, 0, 0, -20, 0, 0,
    0, 0, -23, 0, 0, -18, -7, 0,
    -5, 0, 0, 0, -7, 0, 0, -7,
    -3, 0, 0, -3, 0, -12
};


/*Collect the kern class' data in one place*/
static const lv_font_fmt_txt_kern_classes_t kern_classes =
{
    .class_pair_values   = kern_class_values,
    .left_class_mapping  = kern_left_class_mapping,
    .right_class_mapping = kern_right_class_mapping,
    .left_class_cnt      = 45,
    .right_class_cnt     = 38,
};

/*--------------------
 *  ALL CUSTOM DATA
 *--------------------*/

#if LVGL_VERSION_MAJOR == 8
/*Store all the custom data of the font*/
static  lv_font_fmt_txt_glyph_cache_t cache;
#endif

#if LVGL_VERSION_MAJOR >= 8
static const lv_font_fmt_txt_dsc_t font_dsc = {
#else
static lv_font_fmt_txt_dsc_t font_dsc = {
#endif
    .glyph_bitmap = glyph_bitmap,
    .glyph_dsc = glyph_dsc,
    .cmaps = cmaps,
    .kern_dsc = &kern_classes,
    .kern_scale = 22,
    .cmap_num = 2,
    .bpp = 4,
    .kern_classes = 1,
    .bitmap_format = 1,
#if LVGL_VERSION_MAJOR == 8
    .cache = &cache
#endif
};



/*-----------------
 *  PUBLIC FONT
 *----------------*/

/*Initialize a public general font descriptor*/
#if LVGL_VERSION_MAJOR >= 8
const lv_font_t c_taiwanpearl_regular_60 = {
#else
lv_font_t c_taiwanpearl_regular_60 = {
#endif
    .get_glyph_dsc = lv_font_get_glyph_dsc_fmt_txt,    /*Function pointer to get glyph's data*/
    .get_glyph_bitmap = lv_font_get_bitmap_fmt_txt,    /*Function pointer to get glyph's bitmap*/
    .line_height = 69,          /*The maximum line height required by the font*/
    .base_line = 19,             /*Baseline measured from the bottom of the line*/
#if !(LVGL_VERSION_MAJOR == 6 && LVGL_VERSION_MINOR == 0)
    .subpx = LV_FONT_SUBPX_NONE,
#endif
#if LV_VERSION_CHECK(7, 4, 0) || LVGL_VERSION_MAJOR >= 8
    .underline_position = -4,
    .underline_thickness = 3,
#endif
    .dsc = &font_dsc,          /*The custom font data. Will be accessed by `get_glyph_bitmap/dsc` */
#if LV_VERSION_CHECK(8, 2, 0) || LVGL_VERSION_MAJOR >= 9
    .fallback = NULL,
#endif
    .user_data = NULL,
};



#endif /*#if C_TAIWANPEARL_REGULAR_60*/

